run_id,model_hash,seed,engine,replication,section,dataset,details_truncated,detail_total,detail_retained,id,kind,rule,part,iid,parent,asset,station,method,status,due_at,started_at,ended_at,age_before,age_after,lifetime_hours,overrun_hours
lifecycle,e70960269eec88da76c7fc94e6e135d06a464be3b3c58017f568e3e26a79d27a,20260916,0.11.0,1,service,jobs,False,13,13,J000001,PREVENTIVE,POWER_PREVENTIVE,POWER#3,POWER,AIRCRAFT,AIRCRAFT@FLEET-001,BASE,REPLACE,completed,14.5,16.5,17.050000000000004,5.0,,3.0,0.0
lifecycle,e70960269eec88da76c7fc94e6e135d06a464be3b3c58017f568e3e26a79d27a,20260916,0.11.0,1,service,jobs,False,13,13,J000002,PREVENTIVE,POWER_PREVENTIVE,POWER#4,POWER,AIRCRAFT,AIRCRAFT@FLEET-002,BASE,REPLACE,completed,14.5,16.5,16.950000000000003,5.0,,3.0,0.0
lifecycle,e70960269eec88da76c7fc94e6e135d06a464be3b3c58017f568e3e26a79d27a,20260916,0.11.0,1,service,jobs,False,13,13,J000003,PREVENTIVE,OFF_ITEM,POWER#4,POWER,AIRCRAFT,,CENTER,OFF_ITEM,completed,16.700000000000003,16.700000000000003,19.000000000000007,5.0,0.0,5.0,2.0
lifecycle,e70960269eec88da76c7fc94e6e135d06a464be3b3c58017f568e3e26a79d27a,20260916,0.11.0,1,service,jobs,False,13,13,J000004,PREVENTIVE,OFF_ITEM,POWER#3,POWER,AIRCRAFT,,CENTER,OFF_ITEM,completed,16.800000000000004,16.800000000000004,19.10000000000001,5.0,0.0,5.0,2.0
lifecycle,e70960269eec88da76c7fc94e6e135d06a464be3b3c58017f568e3e26a79d27a,20260916,0.11.0,1,service,jobs,False,13,13,J000005,PREVENTIVE,POWER_PREVENTIVE,POWER#5,POWER,AIRCRAFT,AIRCRAFT@FLEET-003,BASE,REPLACE,covered_by_corrective,30.5,,34.1295285943712,3.0,0.0,3.0,0.0
lifecycle,e70960269eec88da76c7fc94e6e135d06a464be3b3c58017f568e3e26a79d27a,20260916,0.11.0,1,service,jobs,False,13,13,J000006,PREVENTIVE,POWER_PREVENTIVE,POWER#6,POWER,AIRCRAFT,AIRCRAFT@FLEET-004,BASE,IN_PLACE,completed,30.5,31.729528594371196,34.0295285943712,4.229528594371196,0.0,4.229528594371196,1.229528594371196
lifecycle,e70960269eec88da76c7fc94e6e135d06a464be3b3c58017f568e3e26a79d27a,20260916,0.11.0,1,service,jobs,False,13,13,J000007,CORRECTIVE,POWER_CORRECTIVE,POWER#5,POWER,AIRCRAFT,AIRCRAFT@FLEET-003,BASE,IN_PLACE,completed,31.229528594371196,31.729528594371196,34.1295285943712,3.729528594371196,0.0,4.229528594371196,0.729528594371196
lifecycle,e70960269eec88da76c7fc94e6e135d06a464be3b3c58017f568e3e26a79d27a,20260916,0.11.0,1,service,jobs,False,13,13,J000008,RETIREMENT,POWER_CORRECTIVE,POWER#5,POWER,AIRCRAFT,AIRCRAFT@FLEET-003,BASE,REPLACE,completed,39.770471405628804,40.5,40.95,2.5,,6.0,0.0
lifecycle,e70960269eec88da76c7fc94e6e135d06a464be3b3c58017f568e3e26a79d27a,20260916,0.11.0,1,service,jobs,False,13,13,J000009,RETIREMENT,POWER_CORRECTIVE,POWER#6,POWER,AIRCRAFT,AIRCRAFT@FLEET-004,BASE,REPLACE,completed,39.770471405628804,40.5,40.85,2.5,,6.0,0.0
lifecycle,e70960269eec88da76c7fc94e6e135d06a464be3b3c58017f568e3e26a79d27a,20260916,0.11.0,1,service,jobs,False,13,13,J000010,PREVENTIVE,POWER_PREVENTIVE,POWER#1,POWER,AIRCRAFT,AIRCRAFT@FLEET-002,BASE,IN_PLACE,completed,54.5,56.5,57.900000000000006,5.0,0.0,5.0,2.0
lifecycle,e70960269eec88da76c7fc94e6e135d06a464be3b3c58017f568e3e26a79d27a,20260916,0.11.0,1,service,jobs,False,13,13,J000011,PREVENTIVE,POWER_PREVENTIVE,POWER#2,POWER,AIRCRAFT,AIRCRAFT@FLEET-001,BASE,IN_PLACE,completed,54.5,56.5,57.800000000000004,5.0,0.0,5.0,2.0
lifecycle,e70960269eec88da76c7fc94e6e135d06a464be3b3c58017f568e3e26a79d27a,20260916,0.11.0,1,service,jobs,False,13,13,J000012,RETIREMENT,POWER_CORRECTIVE,POWER#1,POWER,AIRCRAFT,AIRCRAFT@FLEET-002,BASE,REPLACE,completed,63.0,64.5,64.94999999999999,2.5,,6.0,0.0
lifecycle,e70960269eec88da76c7fc94e6e135d06a464be3b3c58017f568e3e26a79d27a,20260916,0.11.0,1,service,jobs,False,13,13,J000013,RETIREMENT,POWER_CORRECTIVE,POWER#2,POWER,AIRCRAFT,AIRCRAFT@FLEET-001,BASE,REPLACE,completed,63.0,64.5,64.85,2.5,,6.0,0.0
lifecycle,e70960269eec88da76c7fc94e6e135d06a464be3b3c58017f568e3e26a79d27a,20260916,0.11.0,2,service,jobs,False,12,12,J000001,PREVENTIVE,POWER_PREVENTIVE,POWER#3,POWER,AIRCRAFT,AIRCRAFT@FLEET-001,BASE,IN_PLACE,completed,14.5,16.5,17.400000000000006,5.0,0.0,5.0,2.0
lifecycle,e70960269eec88da76c7fc94e6e135d06a464be3b3c58017f568e3e26a79d27a,20260916,0.11.0,2,service,jobs,False,12,12,J000002,PREVENTIVE,POWER_PREVENTIVE,POWER#4,POWER,AIRCRAFT,AIRCRAFT@FLEET-002,BASE,REPLACE,completed,14.5,16.5,17.300000000000004,5.0,,3.0,0.0
lifecycle,e70960269eec88da76c7fc94e6e135d06a464be3b3c58017f568e3e26a79d27a,20260916,0.11.0,2,service,jobs,False,12,12,J000003,PREVENTIVE,OFF_ITEM,POWER#4,POWER,AIRCRAFT,,CENTER,OFF_ITEM,completed,16.700000000000003,16.700000000000003,18.400000000000006,5.0,0.0,5.0,2.0
lifecycle,e70960269eec88da76c7fc94e6e135d06a464be3b3c58017f568e3e26a79d27a,20260916,0.11.0,2,service,jobs,False,12,12,J000004,PREVENTIVE,POWER_PREVENTIVE,POWER#5,POWER,AIRCRAFT,AIRCRAFT@FLEET-003,BASE,REPLACE,completed,30.5,32.5,33.300000000000004,5.0,,3.0,0.0
lifecycle,e70960269eec88da76c7fc94e6e135d06a464be3b3c58017f568e3e26a79d27a,20260916,0.11.0,2,service,jobs,False,12,12,J000005,PREVENTIVE,POWER_PREVENTIVE,POWER#6,POWER,AIRCRAFT,AIRCRAFT@FLEET-004,BASE,IN_PLACE,completed,30.5,32.5,33.400000000000006,5.0,0.0,5.0,2.0
lifecycle,e70960269eec88da76c7fc94e6e135d06a464be3b3c58017f568e3e26a79d27a,20260916,0.11.0,2,service,jobs,False,12,12,J000006,PREVENTIVE,OFF_ITEM,POWER#5,POWER,AIRCRAFT,,CENTER,OFF_ITEM,completed,32.800000000000004,32.800000000000004,34.50000000000001,5.0,0.0,5.0,2.0
lifecycle,e70960269eec88da76c7fc94e6e135d06a464be3b3c58017f568e3e26a79d27a,20260916,0.11.0,2,service,jobs,False,12,12,J000007,RETIREMENT,POWER_CORRECTIVE,POWER#3,POWER,AIRCRAFT,AIRCRAFT@FLEET-001,BASE,REPLACE,completed,35.0,36.5,36.85,2.5,,6.0,0.0
lifecycle,e70960269eec88da76c7fc94e6e135d06a464be3b3c58017f568e3e26a79d27a,20260916,0.11.0,2,service,jobs,False,12,12,J000008,RETIREMENT,POWER_CORRECTIVE,POWER#6,POWER,AIRCRAFT,AIRCRAFT@FLEET-004,BASE,REPLACE,completed,39.0,40.5,40.85,2.5,,6.0,0.0
lifecycle,e70960269eec88da76c7fc94e6e135d06a464be3b3c58017f568e3e26a79d27a,20260916,0.11.0,2,service,jobs,False,12,12,J000009,PREVENTIVE,POWER_PREVENTIVE,POWER#1,POWER,AIRCRAFT,AIRCRAFT@FLEET-002,BASE,REPLACE,completed,54.5,56.5,56.95,5.0,,3.0,0.0
lifecycle,e70960269eec88da76c7fc94e6e135d06a464be3b3c58017f568e3e26a79d27a,20260916,0.11.0,2,service,jobs,False,12,12,J000010,PREVENTIVE,OFF_ITEM,POWER#1,POWER,AIRCRAFT,,CENTER,OFF_ITEM,completed,56.7,56.7,58.400000000000006,5.0,0.0,5.0,2.0
lifecycle,e70960269eec88da76c7fc94e6e135d06a464be3b3c58017f568e3e26a79d27a,20260916,0.11.0,2,service,jobs,False,12,12,J000011,PREVENTIVE,POWER_PREVENTIVE,POWER#2,POWER,AIRCRAFT,AIRCRAFT@FLEET-003,BASE,IN_PLACE,completed,58.5,60.5,61.2,5.0,0.0,5.0,2.0
lifecycle,e70960269eec88da76c7fc94e6e135d06a464be3b3c58017f568e3e26a79d27a,20260916,0.11.0,2,service,jobs,False,12,12,J000012,PREVENTIVE,POWER_PREVENTIVE,POWER#7,POWER,AIRCRAFT,AIRCRAFT@FLEET-001,BASE,IN_PLACE,completed,62.5,64.5,65.19999999999999,5.0,0.0,5.0,2.0
lifecycle,e70960269eec88da76c7fc94e6e135d06a464be3b3c58017f568e3e26a79d27a,20260916,0.11.0,3,service,jobs,False,12,12,J000001,PREVENTIVE,POWER_PREVENTIVE,POWER#3,POWER,AIRCRAFT,AIRCRAFT@FLEET-001,BASE,REPLACE,completed,14.5,16.5,17.300000000000004,5.0,,3.0,0.0
lifecycle,e70960269eec88da76c7fc94e6e135d06a464be3b3c58017f568e3e26a79d27a,20260916,0.11.0,3,service,jobs,False,12,12,J000002,PREVENTIVE,POWER_PREVENTIVE,POWER#4,POWER,AIRCRAFT,AIRCRAFT@FLEET-002,BASE,IN_PLACE,completed,14.5,16.5,17.400000000000006,5.0,0.0,5.0,2.0
lifecycle,e70960269eec88da76c7fc94e6e135d06a464be3b3c58017f568e3e26a79d27a,20260916,0.11.0,3,service,jobs,False,12,12,J000003,PREVENTIVE,OFF_ITEM,POWER#3,POWER,AIRCRAFT,,CENTER,OFF_ITEM,completed,16.800000000000004,16.800000000000004,18.500000000000007,5.0,0.0,5.0,2.0
lifecycle,e70960269eec88da76c7fc94e6e135d06a464be3b3c58017f568e3e26a79d27a,20260916,0.11.0,3,service,jobs,False,12,12,J000004,PREVENTIVE,POWER_PREVENTIVE,POWER#5,POWER,AIRCRAFT,AIRCRAFT@FLEET-003,BASE,IN_PLACE,completed,30.5,31.320145924272847,33.620145924272855,3.820145924272847,0.0,3.820145924272847,0.8201459242728468
lifecycle,e70960269eec88da76c7fc94e6e135d06a464be3b3c58017f568e3e26a79d27a,20260916,0.11.0,3,service,jobs,False,12,12,J000005,PREVENTIVE,POWER_PREVENTIVE,POWER#6,POWER,AIRCRAFT,AIRCRAFT@FLEET-004,BASE,IN_PLACE,covered_by_corrective,30.5,,33.720145924272856,3.0,0.0,3.0,0.0
lifecycle,e70960269eec88da76c7fc94e6e135d06a464be3b3c58017f568e3e26a79d27a,20260916,0.11.0,3,service,jobs,False,12,12,J000006,CORRECTIVE,POWER_CORRECTIVE,POWER#6,POWER,AIRCRAFT,AIRCRAFT@FLEET-004,BASE,IN_PLACE,completed,30.820145924272847,31.320145924272847,33.720145924272856,3.320145924272847,0.0,3.820145924272847,0.3201459242728468
lifecycle,e70960269eec88da76c7fc94e6e135d06a464be3b3c58017f568e3e26a79d27a,20260916,0.11.0,3,service,jobs,False,12,12,J000007,RETIREMENT,POWER_CORRECTIVE,POWER#4,POWER,AIRCRAFT,AIRCRAFT@FLEET-002,BASE,REPLACE,completed,35.0,36.5,36.85,2.5,,6.0,0.0
lifecycle,e70960269eec88da76c7fc94e6e135d06a464be3b3c58017f568e3e26a79d27a,20260916,0.11.0,3,service,jobs,False,12,12,J000008,RETIREMENT,POWER_CORRECTIVE,POWER#5,POWER,AIRCRAFT,AIRCRAFT@FLEET-003,BASE,REPLACE,completed,40.17985407572715,40.5,40.95,2.5,,5.9999999999999964,0.0
lifecycle,e70960269eec88da76c7fc94e6e135d06a464be3b3c58017f568e3e26a79d27a,20260916,0.11.0,3,service,jobs,False,12,12,J000009,RETIREMENT,POWER_CORRECTIVE,POWER#6,POWER,AIRCRAFT,AIRCRAFT@FLEET-004,BASE,REPLACE,completed,40.17985407572715,40.5,40.85,2.5,,5.9999999999999964,0.0
lifecycle,e70960269eec88da76c7fc94e6e135d06a464be3b3c58017f568e3e26a79d27a,20260916,0.11.0,3,service,jobs,False,12,12,J000010,PREVENTIVE,POWER_PREVENTIVE,POWER#1,POWER,AIRCRAFT,AIRCRAFT@FLEET-001,BASE,IN_PLACE,completed,54.5,56.5,57.2,5.0,0.0,5.0,2.0
lifecycle,e70960269eec88da76c7fc94e6e135d06a464be3b3c58017f568e3e26a79d27a,20260916,0.11.0,3,service,jobs,False,12,12,J000011,PREVENTIVE,POWER_PREVENTIVE,POWER#2,POWER,AIRCRAFT,AIRCRAFT@FLEET-002,BASE,IN_PLACE,completed,62.5,64.5,65.29999999999998,5.0,0.0,5.0,2.0
lifecycle,e70960269eec88da76c7fc94e6e135d06a464be3b3c58017f568e3e26a79d27a,20260916,0.11.0,3,service,jobs,False,12,12,J000012,RETIREMENT,POWER_CORRECTIVE,POWER#1,POWER,AIRCRAFT,AIRCRAFT@FLEET-001,BASE,REPLACE,completed,63.0,64.5,65.19999999999999,2.5,,6.0,0.0
lifecycle,e70960269eec88da76c7fc94e6e135d06a464be3b3c58017f568e3e26a79d27a,20260916,0.11.0,4,service,jobs,False,14,14,J000001,PREVENTIVE,POWER_PREVENTIVE,POWER#3,POWER,AIRCRAFT,AIRCRAFT@FLEET-001,BASE,REPLACE,completed,14.5,16.5,17.050000000000004,5.0,,3.0,0.0
lifecycle,e70960269eec88da76c7fc94e6e135d06a464be3b3c58017f568e3e26a79d27a,20260916,0.11.0,4,service,jobs,False,14,14,J000002,PREVENTIVE,POWER_PREVENTIVE,POWER#4,POWER,AIRCRAFT,AIRCRAFT@FLEET-002,BASE,REPLACE,completed,14.5,16.5,16.950000000000003,5.0,,3.0,0.0
lifecycle,e70960269eec88da76c7fc94e6e135d06a464be3b3c58017f568e3e26a79d27a,20260916,0.11.0,4,service,jobs,False,14,14,J000003,PREVENTIVE,OFF_ITEM,POWER#4,POWER,AIRCRAFT,,CENTER,OFF_ITEM,completed,16.700000000000003,16.700000000000003,19.000000000000007,5.0,0.0,5.0,2.0
lifecycle,e70960269eec88da76c7fc94e6e135d06a464be3b3c58017f568e3e26a79d27a,20260916,0.11.0,4,service,jobs,False,14,14,J000004,PREVENTIVE,OFF_ITEM,POWER#3,POWER,AIRCRAFT,,CENTER,OFF_ITEM,completed,16.800000000000004,16.800000000000004,19.10000000000001,5.0,0.0,5.0,2.0
lifecycle,e70960269eec88da76c7fc94e6e135d06a464be3b3c58017f568e3e26a79d27a,20260916,0.11.0,4,service,jobs,False,14,14,J000005,PREVENTIVE,POWER_PREVENTIVE,POWER#5,POWER,AIRCRAFT,AIRCRAFT@FLEET-003,BASE,REPLACE,completed,30.5,32.5,33.300000000000004,5.0,,3.0,0.0
lifecycle,e70960269eec88da76c7fc94e6e135d06a464be3b3c58017f568e3e26a79d27a,20260916,0.11.0,4,service,jobs,False,14,14,J000006,PREVENTIVE,POWER_PREVENTIVE,POWER#6,POWER,AIRCRAFT,AIRCRAFT@FLEET-004,BASE,IN_PLACE,completed,30.5,32.5,33.400000000000006,5.0,0.0,5.0,2.0
lifecycle,e70960269eec88da76c7fc94e6e135d06a464be3b3c58017f568e3e26a79d27a,20260916,0.11.0,4,service,jobs,False,14,14,J000007,PREVENTIVE,OFF_ITEM,POWER#5,POWER,AIRCRAFT,,CENTER,OFF_ITEM,completed,32.800000000000004,32.800000000000004,34.50000000000001,5.0,0.0,5.0,2.0
lifecycle,e70960269eec88da76c7fc94e6e135d06a464be3b3c58017f568e3e26a79d27a,20260916,0.11.0,4,service,jobs,False,14,14,J000008,RETIREMENT,POWER_CORRECTIVE,POWER#6,POWER,AIRCRAFT,AIRCRAFT@FLEET-004,BASE,REPLACE,completed,39.0,40.5,40.85,2.5,,6.0,0.0
lifecycle,e70960269eec88da76c7fc94e6e135d06a464be3b3c58017f568e3e26a79d27a,20260916,0.11.0,4,service,jobs,False,14,14,J000009,PREVENTIVE,POWER_PREVENTIVE,POWER#1,POWER,AIRCRAFT,AIRCRAFT@FLEET-002,BASE,REPLACE,completed,54.5,56.5,57.050000000000004,5.0,,3.0,0.0
lifecycle,e70960269eec88da76c7fc94e6e135d06a464be3b3c58017f568e3e26a79d27a,20260916,0.11.0,4,service,jobs,False,14,14,J000010,PREVENTIVE,POWER_PREVENTIVE,POWER#2,POWER,AIRCRAFT,AIRCRAFT@FLEET-001,BASE,REPLACE,completed,54.5,56.5,56.95,5.0,,3.0,0.0
lifecycle,e70960269eec88da76c7fc94e6e135d06a464be3b3c58017f568e3e26a79d27a,20260916,0.11.0,4,service,jobs,False,14,14,J000011,PREVENTIVE,OFF_ITEM,POWER#2,POWER,AIRCRAFT,,CENTER,OFF_ITEM,completed,56.7,56.7,59.00000000000001,5.0,0.0,5.0,2.0
lifecycle,e70960269eec88da76c7fc94e6e135d06a464be3b3c58017f568e3e26a79d27a,20260916,0.11.0,4,service,jobs,False,14,14,J000012,PREVENTIVE,OFF_ITEM,POWER#1,POWER,AIRCRAFT,,CENTER,OFF_ITEM,completed,56.800000000000004,56.800000000000004,59.10000000000001,5.0,0.0,5.0,2.0
lifecycle,e70960269eec88da76c7fc94e6e135d06a464be3b3c58017f568e3e26a79d27a,20260916,0.11.0,4,service,jobs,False,14,14,J000013,PREVENTIVE,POWER_PREVENTIVE,POWER#7,POWER,AIRCRAFT,AIRCRAFT@FLEET-003,BASE,REPLACE,completed,58.5,60.5,60.95,5.0,,3.0,0.0
lifecycle,e70960269eec88da76c7fc94e6e135d06a464be3b3c58017f568e3e26a79d27a,20260916,0.11.0,4,service,jobs,False,14,14,J000014,PREVENTIVE,OFF_ITEM,POWER#7,POWER,AIRCRAFT,,CENTER,OFF_ITEM,completed,60.7,60.7,62.400000000000006,5.0,0.0,5.0,2.0
lifecycle,e70960269eec88da76c7fc94e6e135d06a464be3b3c58017f568e3e26a79d27a,20260916,0.11.0,5,service,jobs,False,14,14,J000001,CORRECTIVE,POWER_CORRECTIVE,POWER#4,POWER,AIRCRAFT,AIRCRAFT@FLEET-002,BASE,IN_PLACE,completed,6.135730382057278,6.271460764114556,7.971460764114555,0.13573038205727794,0.0,0.2714607641145559,0.0
lifecycle,e70960269eec88da76c7fc94e6e135d06a464be3b3c58017f568e3e26a79d27a,20260916,0.11.0,5,service,jobs,False,14,14,J000002,PREVENTIVE,POWER_PREVENTIVE,POWER#5,POWER,AIRCRAFT,AIRCRAFT@FLEET-003,BASE,REPLACE,completed,30.5,32.5,33.050000000000004,5.0,,3.0,0.0
lifecycle,e70960269eec88da76c7fc94e6e135d06a464be3b3c58017f568e3e26a79d27a,20260916,0.11.0,5,service,jobs,False,14,14,J000003,PREVENTIVE,POWER_PREVENTIVE,POWER#6,POWER,AIRCRAFT,AIRCRAFT@FLEET-004,BASE,REPLACE,completed,30.5,32.5,32.95,5.0,,3.0,0.0
lifecycle,e70960269eec88da76c7fc94e6e135d06a464be3b3c58017f568e3e26a79d27a,20260916,0.11.0,5,service,jobs,False,14,14,J000004,PREVENTIVE,OFF_ITEM,POWER#6,POWER,AIRCRAFT,,CENTER,OFF_ITEM,completed,32.7,32.7,35.00000000000001,5.0,0.0,5.0,2.0
lifecycle,e70960269eec88da76c7fc94e6e135d06a464be3b3c58017f568e3e26a79d27a,20260916,0.11.0,5,service,jobs,False,14,14,J000005,PREVENTIVE,OFF_ITEM,POWER#5,POWER,AIRCRAFT,,CENTER,OFF_ITEM,completed,32.800000000000004,32.800000000000004,35.10000000000001,5.0,0.0,5.0,2.0
lifecycle,e70960269eec88da76c7fc94e6e135d06a464be3b3c58017f568e3e26a79d27a,20260916,0.11.0,5,service,jobs,False,14,14,J000006,PREVENTIVE,POWER_PREVENTIVE,POWER#3,POWER,AIRCRAFT,AIRCRAFT@FLEET-001,BASE,REPLACE,completed,34.22853923588544,36.5,37.300000000000004,5.271460764114556,,2.9999999999999982,0.0
lifecycle,e70960269eec88da76c7fc94e6e135d06a464be3b3c58017f568e3e26a79d27a,20260916,0.11.0,5,service,jobs,False,14,14,J000007,PREVENTIVE,POWER_PREVENTIVE,POWER#4,POWER,AIRCRAFT,AIRCRAFT@FLEET-002,BASE,IN_PLACE,completed,34.5,36.5,37.400000000000006,5.0,0.0,5.271460764114556,2.0
lifecycle,e70960269eec88da76c7fc94e6e135d06a464be3b3c58017f568e3e26a79d27a,20260916,0.11.0,5,service,jobs,False,14,14,J000008,PREVENTIVE,OFF_ITEM,POWER#3,POWER,AIRCRAFT,,CENTER,OFF_ITEM,completed,36.800000000000004,36.800000000000004,38.50000000000001,5.271460764114556,0.0,5.271460764114556,2.271460764114556
lifecycle,e70960269eec88da76c7fc94e6e135d06a464be3b3c58017f568e3e26a79d27a,20260916,0.11.0,5,service,jobs,False,14,14,J000009,RETIREMENT,POWER_CORRECTIVE,POWER#4,POWER,AIRCRAFT,AIRCRAFT@FLEET-002,BASE,REPLACE,completed,54.72853923588544,56.5,56.85,2.5,,5.999999999999998,0.0
lifecycle,e70960269eec88da76c7fc94e6e135d06a464be3b3c58017f568e3e26a79d27a,20260916,0.11.0,5,service,jobs,False,14,14,J000010,PREVENTIVE,POWER_PREVENTIVE,POWER#1,POWER,AIRCRAFT,AIRCRAFT@FLEET-004,BASE,REPLACE,completed,58.5,60.5,61.300000000000004,5.0,,3.0,0.0
lifecycle,e70960269eec88da76c7fc94e6e135d06a464be3b3c58017f568e3e26a79d27a,20260916,0.11.0,5,service,jobs,False,14,14,J000011,PREVENTIVE,POWER_PREVENTIVE,POWER#2,POWER,AIRCRAFT,AIRCRAFT@FLEET-003,BASE,IN_PLACE,completed,58.5,60.5,61.400000000000006,5.0,0.0,5.0,2.0
lifecycle,e70960269eec88da76c7fc94e6e135d06a464be3b3c58017f568e3e26a79d27a,20260916,0.11.0,5,service,jobs,False,14,14,J000012,PREVENTIVE,OFF_ITEM,POWER#1,POWER,AIRCRAFT,,CENTER,OFF_ITEM,completed,60.800000000000004,60.800000000000004,62.50000000000001,5.0,0.0,5.0,2.0
lifecycle,e70960269eec88da76c7fc94e6e135d06a464be3b3c58017f568e3e26a79d27a,20260916,0.11.0,5,service,jobs,False,14,14,J000013,PREVENTIVE,POWER_PREVENTIVE,POWER#7,POWER,AIRCRAFT,AIRCRAFT@FLEET-001,BASE,IN_PLACE,covered_by_corrective,62.5,,65.04231541645414,3.0,0.0,3.0,0.0
lifecycle,e70960269eec88da76c7fc94e6e135d06a464be3b3c58017f568e3e26a79d27a,20260916,0.11.0,5,service,jobs,False,14,14,J000014,CORRECTIVE,POWER_CORRECTIVE,POWER#7,POWER,AIRCRAFT,AIRCRAFT@FLEET-001,BASE,IN_PLACE,completed,62.84231541645415,63.34231541645415,65.04231541645414,3.3423154164541486,0.0,3.8423154164541486,0.34231541645414865
lifecycle,e70960269eec88da76c7fc94e6e135d06a464be3b3c58017f568e3e26a79d27a,20260916,0.11.0,6,service,jobs,False,16,16,J000001,PREVENTIVE,POWER_PREVENTIVE,POWER#3,POWER,AIRCRAFT,AIRCRAFT@FLEET-001,BASE,REPLACE,covered_by_corrective,14.5,,17.48563949129309,3.0,0.0,3.0,0.0
lifecycle,e70960269eec88da76c7fc94e6e135d06a464be3b3c58017f568e3e26a79d27a,20260916,0.11.0,6,service,jobs,False,16,16,J000002,PREVENTIVE,POWER_PREVENTIVE,POWER#4,POWER,AIRCRAFT,AIRCRAFT@FLEET-002,BASE,REPLACE,completed,14.5,15.585639491293087,17.385639491293087,4.085639491293087,,3.0,0.0
lifecycle,e70960269eec88da76c7fc94e6e135d06a464be3b3c58017f568e3e26a79d27a,20260916,0.11.0,6,service,jobs,False,16,16,J000003,CORRECTIVE,POWER_CORRECTIVE,POWER#3,POWER,AIRCRAFT,AIRCRAFT@FLEET-001,BASE,IN_PLACE,completed,15.085639491293087,15.585639491293087,17.48563949129309,3.5856394912930867,0.0,4.085639491293087,0.5856394912930867
lifecycle,e70960269eec88da76c7fc94e6e135d06a464be3b3c58017f568e3e26a79d27a,20260916,0.11.0,6,service,jobs,False,16,16,J000004,PREVENTIVE,OFF_ITEM,POWER#4,POWER,AIRCRAFT,,CENTER,OFF_ITEM,completed,15.785639491293086,15.785639491293086,17.48563949129309,4.085639491293087,0.0,4.085639491293087,1.0856394912930867
lifecycle,e70960269eec88da76c7fc94e6e135d06a464be3b3c58017f568e3e26a79d27a,20260916,0.11.0,6,service,jobs,False,16,16,J000005,PREVENTIVE,POWER_PREVENTIVE,POWER#5,POWER,AIRCRAFT,AIRCRAFT@FLEET-003,BASE,REPLACE,completed,30.5,32.5,33.050000000000004,5.0,,3.0,0.0
lifecycle,e70960269eec88da76c7fc94e6e135d06a464be3b3c58017f568e3e26a79d27a,20260916,0.11.0,6,service,jobs,False,16,16,J000006,PREVENTIVE,POWER_PREVENTIVE,POWER#6,POWER,AIRCRAFT,AIRCRAFT@FLEET-004,BASE,REPLACE,completed,30.5,32.5,32.95,5.0,,3.0,0.0
lifecycle,e70960269eec88da76c7fc94e6e135d06a464be3b3c58017f568e3e26a79d27a,20260916,0.11.0,6,service,jobs,False,16,16,J000007,PREVENTIVE,OFF_ITEM,POWER#6,POWER,AIRCRAFT,,CENTER,OFF_ITEM,completed,32.7,32.7,35.00000000000001,5.0,0.0,5.0,2.0
lifecycle,e70960269eec88da76c7fc94e6e135d06a464be3b3c58017f568e3e26a79d27a,20260916,0.11.0,6,service,jobs,False,16,16,J000008,PREVENTIVE,OFF_ITEM,POWER#5,POWER,AIRCRAFT,,CENTER,OFF_ITEM,completed,32.800000000000004,32.800000000000004,35.10000000000001,5.0,0.0,5.0,2.0
lifecycle,e70960269eec88da76c7fc94e6e135d06a464be3b3c58017f568e3e26a79d27a,20260916,0.11.0,6,service,jobs,False,16,16,J000009,RETIREMENT,POWER_CORRECTIVE,POWER#3,POWER,AIRCRAFT,AIRCRAFT@FLEET-001,BASE,REPLACE,completed,35.91436050870691,36.5,36.85,2.5,,6.0,0.0
lifecycle,e70960269eec88da76c7fc94e6e135d06a464be3b3c58017f568e3e26a79d27a,20260916,0.11.0,6,service,jobs,False,16,16,J000010,PREVENTIVE,POWER_PREVENTIVE,POWER#1,POWER,AIRCRAFT,AIRCRAFT@FLEET-002,BASE,REPLACE,completed,54.5,56.5,56.95,5.0,,3.0,0.0
lifecycle,e70960269eec88da76c7fc94e6e135d06a464be3b3c58017f568e3e26a79d27a,20260916,0.11.0,6,service,jobs,False,16,16,J000011,PREVENTIVE,OFF_ITEM,POWER#1,POWER,AIRCRAFT,,CENTER,OFF_ITEM,completed,56.7,56.7,58.400000000000006,5.0,0.0,5.0,2.0
lifecycle,e70960269eec88da76c7fc94e6e135d06a464be3b3c58017f568e3e26a79d27a,20260916,0.11.0,6,service,jobs,False,16,16,J000012,PREVENTIVE,POWER_PREVENTIVE,POWER#2,POWER,AIRCRAFT,AIRCRAFT@FLEET-004,BASE,IN_PLACE,completed,58.5,60.5,61.400000000000006,5.0,0.0,5.0,2.0
lifecycle,e70960269eec88da76c7fc94e6e135d06a464be3b3c58017f568e3e26a79d27a,20260916,0.11.0,6,service,jobs,False,16,16,J000013,PREVENTIVE,POWER_PREVENTIVE,POWER#7,POWER,AIRCRAFT,AIRCRAFT@FLEET-003,BASE,REPLACE,completed,58.5,60.5,61.300000000000004,5.0,,3.0,0.0
lifecycle,e70960269eec88da76c7fc94e6e135d06a464be3b3c58017f568e3e26a79d27a,20260916,0.11.0,6,service,jobs,False,16,16,J000014,PREVENTIVE,OFF_ITEM,POWER#7,POWER,AIRCRAFT,,CENTER,OFF_ITEM,completed,60.7,60.7,62.400000000000006,5.0,0.0,5.0,2.0
lifecycle,e70960269eec88da76c7fc94e6e135d06a464be3b3c58017f568e3e26a79d27a,20260916,0.11.0,6,service,jobs,False,16,16,J000015,PREVENTIVE,POWER_PREVENTIVE,POWER#8,POWER,AIRCRAFT,AIRCRAFT@FLEET-001,BASE,REPLACE,completed,62.5,64.5,64.94999999999999,5.0,,3.0,0.0
lifecycle,e70960269eec88da76c7fc94e6e135d06a464be3b3c58017f568e3e26a79d27a,20260916,0.11.0,6,service,jobs,False,16,16,J000016,PREVENTIVE,OFF_ITEM,POWER#8,POWER,AIRCRAFT,,CENTER,OFF_ITEM,completed,64.69999999999999,64.69999999999999,66.39999999999998,5.0,0.0,5.0,2.0
lifecycle,e70960269eec88da76c7fc94e6e135d06a464be3b3c58017f568e3e26a79d27a,20260916,0.11.0,7,service,jobs,False,14,14,J000001,PREVENTIVE,POWER_PREVENTIVE,POWER#3,POWER,AIRCRAFT,AIRCRAFT@FLEET-001,BASE,REPLACE,completed,14.5,16.5,17.050000000000004,5.0,,3.0,0.0
lifecycle,e70960269eec88da76c7fc94e6e135d06a464be3b3c58017f568e3e26a79d27a,20260916,0.11.0,7,service,jobs,False,14,14,J000002,PREVENTIVE,POWER_PREVENTIVE,POWER#4,POWER,AIRCRAFT,AIRCRAFT@FLEET-002,BASE,REPLACE,completed,14.5,16.5,16.950000000000003,5.0,,3.0,0.0
lifecycle,e70960269eec88da76c7fc94e6e135d06a464be3b3c58017f568e3e26a79d27a,20260916,0.11.0,7,service,jobs,False,14,14,J000003,PREVENTIVE,OFF_ITEM,POWER#4,POWER,AIRCRAFT,,CENTER,OFF_ITEM,completed,16.700000000000003,16.700000000000003,19.000000000000007,5.0,0.0,5.0,2.0
lifecycle,e70960269eec88da76c7fc94e6e135d06a464be3b3c58017f568e3e26a79d27a,20260916,0.11.0,7,service,jobs,False,14,14,J000004,PREVENTIVE,OFF_ITEM,POWER#3,POWER,AIRCRAFT,,CENTER,OFF_ITEM,completed,16.800000000000004,16.800000000000004,19.10000000000001,5.0,0.0,5.0,2.0
lifecycle,e70960269eec88da76c7fc94e6e135d06a464be3b3c58017f568e3e26a79d27a,20260916,0.11.0,7,service,jobs,False,14,14,J000005,PREVENTIVE,POWER_PREVENTIVE,POWER#5,POWER,AIRCRAFT,AIRCRAFT@FLEET-003,BASE,IN_PLACE,completed,30.5,32.5,33.400000000000006,5.0,0.0,5.0,2.0
lifecycle,e70960269eec88da76c7fc94e6e135d06a464be3b3c58017f568e3e26a79d27a,20260916,0.11.0,7,service,jobs,False,14,14,J000006,PREVENTIVE,POWER_PREVENTIVE,POWER#6,POWER,AIRCRAFT,AIRCRAFT@FLEET-004,BASE,REPLACE,completed,30.5,32.5,33.300000000000004,5.0,,3.0,0.0
lifecycle,e70960269eec88da76c7fc94e6e135d06a464be3b3c58017f568e3e26a79d27a,20260916,0.11.0,7,service,jobs,False,14,14,J000007,PREVENTIVE,OFF_ITEM,POWER#6,POWER,AIRCRAFT,,CENTER,OFF_ITEM,completed,32.7,32.7,34.400000000000006,5.0,0.0,5.0,2.0
lifecycle,e70960269eec88da76c7fc94e6e135d06a464be3b3c58017f568e3e26a79d27a,20260916,0.11.0,7,service,jobs,False,14,14,J000008,RETIREMENT,POWER_CORRECTIVE,POWER#5,POWER,AIRCRAFT,AIRCRAFT@FLEET-003,BASE,REPLACE,completed,39.0,40.5,40.85,2.5,,6.0,0.0
lifecycle,e70960269eec88da76c7fc94e6e135d06a464be3b3c58017f568e3e26a79d27a,20260916,0.11.0,7,service,jobs,False,14,14,J000009,PREVENTIVE,POWER_PREVENTIVE,POWER#1,POWER,AIRCRAFT,AIRCRAFT@FLEET-002,BASE,IN_PLACE,completed,54.5,56.482783065182,58.782783065182,4.982783065181998,0.0,4.982783065181998,1.982783065181998
lifecycle,e70960269eec88da76c7fc94e6e135d06a464be3b3c58017f568e3e26a79d27a,20260916,0.11.0,7,service,jobs,False,14,14,J000010,PREVENTIVE,POWER_PREVENTIVE,POWER#2,POWER,AIRCRAFT,AIRCRAFT@FLEET-001,BASE,REPLACE,covered_by_corrective,54.5,,58.882783065182004,3.0,0.0,3.0,0.0
lifecycle,e70960269eec88da76c7fc94e6e135d06a464be3b3c58017f568e3e26a79d27a,20260916,0.11.0,7,service,jobs,False,14,14,J000011,CORRECTIVE,POWER_CORRECTIVE,POWER#2,POWER,AIRCRAFT,AIRCRAFT@FLEET-001,BASE,IN_PLACE,completed,55.982783065182,56.482783065182,58.882783065182004,4.482783065181998,0.0,4.982783065181998,1.482783065181998
lifecycle,e70960269eec88da76c7fc94e6e135d06a464be3b3c58017f568e3e26a79d27a,20260916,0.11.0,7,service,jobs,False,14,14,J000012,PREVENTIVE,POWER_PREVENTIVE,POWER#7,POWER,AIRCRAFT,AIRCRAFT@FLEET-004,BASE,IN_PLACE,completed,58.5,60.5,61.2,5.0,0.0,5.0,2.0
lifecycle,e70960269eec88da76c7fc94e6e135d06a464be3b3c58017f568e3e26a79d27a,20260916,0.11.0,7,service,jobs,False,14,14,J000013,CORRECTIVE,POWER_CORRECTIVE,POWER#2,POWER,AIRCRAFT,AIRCRAFT@FLEET-001,BASE,IN_PLACE,completed,62.482205523152864,62.96441104630573,64.66441104630573,0.4822055231528637,0.0,5.947194111487725,0.0
lifecycle,e70960269eec88da76c7fc94e6e135d06a464be3b3c58017f568e3e26a79d27a,20260916,0.11.0,7,service,jobs,False,14,14,J000014,RETIREMENT,POWER_CORRECTIVE,POWER#2,POWER,AIRCRAFT,AIRCRAFT@FLEET-001,BASE,REPLACE,completed,64.66441104630573,64.66441104630573,65.01441104630572,0.0,,5.947194111487725,0.0
lifecycle,e70960269eec88da76c7fc94e6e135d06a464be3b3c58017f568e3e26a79d27a,20260916,0.11.0,8,service,jobs,False,14,14,J000001,PREVENTIVE,POWER_PREVENTIVE,POWER#3,POWER,AIRCRAFT,AIRCRAFT@FLEET-001,BASE,REPLACE,completed,14.5,16.5,17.050000000000004,5.0,,3.0,0.0
lifecycle,e70960269eec88da76c7fc94e6e135d06a464be3b3c58017f568e3e26a79d27a,20260916,0.11.0,8,service,jobs,False,14,14,J000002,PREVENTIVE,POWER_PREVENTIVE,POWER#4,POWER,AIRCRAFT,AIRCRAFT@FLEET-002,BASE,REPLACE,completed,14.5,16.5,16.950000000000003,5.0,,3.0,0.0
lifecycle,e70960269eec88da76c7fc94e6e135d06a464be3b3c58017f568e3e26a79d27a,20260916,0.11.0,8,service,jobs,False,14,14,J000003,PREVENTIVE,OFF_ITEM,POWER#4,POWER,AIRCRAFT,,CENTER,OFF_ITEM,completed,16.700000000000003,16.700000000000003,19.000000000000007,5.0,0.0,5.0,2.0
lifecycle,e70960269eec88da76c7fc94e6e135d06a464be3b3c58017f568e3e26a79d27a,20260916,0.11.0,8,service,jobs,False,14,14,J000004,PREVENTIVE,OFF_ITEM,POWER#3,POWER,AIRCRAFT,,CENTER,OFF_ITEM,completed,16.800000000000004,16.800000000000004,19.10000000000001,5.0,0.0,5.0,2.0
lifecycle,e70960269eec88da76c7fc94e6e135d06a464be3b3c58017f568e3e26a79d27a,20260916,0.11.0,8,service,jobs,False,14,14,J000005,PREVENTIVE,POWER_PREVENTIVE,POWER#5,POWER,AIRCRAFT,AIRCRAFT@FLEET-003,BASE,IN_PLACE,completed,30.5,32.5,33.400000000000006,5.0,0.0,5.0,2.0
lifecycle,e70960269eec88da76c7fc94e6e135d06a464be3b3c58017f568e3e26a79d27a,20260916,0.11.0,8,service,jobs,False,14,14,J000006,PREVENTIVE,POWER_PREVENTIVE,POWER#6,POWER,AIRCRAFT,AIRCRAFT@FLEET-004,BASE,REPLACE,completed,30.5,32.5,33.300000000000004,5.0,,3.0,0.0
lifecycle,e70960269eec88da76c7fc94e6e135d06a464be3b3c58017f568e3e26a79d27a,20260916,0.11.0,8,service,jobs,False,14,14,J000007,PREVENTIVE,OFF_ITEM,POWER#6,POWER,AIRCRAFT,,CENTER,OFF_ITEM,completed,32.7,32.7,34.400000000000006,5.0,0.0,5.0,2.0
lifecycle,e70960269eec88da76c7fc94e6e135d06a464be3b3c58017f568e3e26a79d27a,20260916,0.11.0,8,service,jobs,False,14,14,J000008,RETIREMENT,POWER_CORRECTIVE,POWER#5,POWER,AIRCRAFT,AIRCRAFT@FLEET-003,BASE,REPLACE,completed,39.0,40.5,40.85,2.5,,6.0,0.0
lifecycle,e70960269eec88da76c7fc94e6e135d06a464be3b3c58017f568e3e26a79d27a,20260916,0.11.0,8,service,jobs,False,14,14,J000009,PREVENTIVE,POWER_PREVENTIVE,POWER#1,POWER,AIRCRAFT,AIRCRAFT@FLEET-002,BASE,IN_PLACE,completed,54.5,55.13624584992435,57.436245849924354,3.63624584992435,0.0,3.63624584992435,0.6362458499243502
lifecycle,e70960269eec88da76c7fc94e6e135d06a464be3b3c58017f568e3e26a79d27a,20260916,0.11.0,8,service,jobs,False,14,14,J000010,PREVENTIVE,POWER_PREVENTIVE,POWER#2,POWER,AIRCRAFT,AIRCRAFT@FLEET-001,BASE,IN_PLACE,covered_by_corrective,54.5,,57.536245849924356,3.0,0.0,3.0,0.0
lifecycle,e70960269eec88da76c7fc94e6e135d06a464be3b3c58017f568e3e26a79d27a,20260916,0.11.0,8,service,jobs,False,14,14,J000011,CORRECTIVE,POWER_CORRECTIVE,POWER#2,POWER,AIRCRAFT,AIRCRAFT@FLEET-001,BASE,IN_PLACE,completed,54.63624584992435,55.13624584992435,57.536245849924356,3.13624584992435,0.0,3.63624584992435,0.13624584992435018
lifecycle,e70960269eec88da76c7fc94e6e135d06a464be3b3c58017f568e3e26a79d27a,20260916,0.11.0,8,service,jobs,False,14,14,J000012,PREVENTIVE,POWER_PREVENTIVE,POWER#7,POWER,AIRCRAFT,AIRCRAFT@FLEET-004,BASE,IN_PLACE,completed,58.5,60.5,61.2,5.0,0.0,5.0,2.0
lifecycle,e70960269eec88da76c7fc94e6e135d06a464be3b3c58017f568e3e26a79d27a,20260916,0.11.0,8,service,jobs,False,14,14,J000013,RETIREMENT,POWER_CORRECTIVE,POWER#1,POWER,AIRCRAFT,AIRCRAFT@FLEET-002,BASE,REPLACE,completed,64.36375415007565,64.5,64.94999999999999,2.5,,6.0,0.0
lifecycle,e70960269eec88da76c7fc94e6e135d06a464be3b3c58017f568e3e26a79d27a,20260916,0.11.0,8,service,jobs,False,14,14,J000014,RETIREMENT,POWER_CORRECTIVE,POWER#2,POWER,AIRCRAFT,AIRCRAFT@FLEET-001,BASE,REPLACE,completed,64.36375415007565,64.5,64.85,2.5,,6.0,0.0
lifecycle,e70960269eec88da76c7fc94e6e135d06a464be3b3c58017f568e3e26a79d27a,20260916,0.11.0,9,service,jobs,False,14,14,J000001,PREVENTIVE,POWER_PREVENTIVE,POWER#3,POWER,AIRCRAFT,AIRCRAFT@FLEET-001,BASE,REPLACE,completed,14.5,16.5,17.050000000000004,5.0,,3.0,0.0
lifecycle,e70960269eec88da76c7fc94e6e135d06a464be3b3c58017f568e3e26a79d27a,20260916,0.11.0,9,service,jobs,False,14,14,J000002,PREVENTIVE,POWER_PREVENTIVE,POWER#4,POWER,AIRCRAFT,AIRCRAFT@FLEET-002,BASE,REPLACE,completed,14.5,16.5,16.950000000000003,5.0,,3.0,0.0
lifecycle,e70960269eec88da76c7fc94e6e135d06a464be3b3c58017f568e3e26a79d27a,20260916,0.11.0,9,service,jobs,False,14,14,J000003,PREVENTIVE,OFF_ITEM,POWER#4,POWER,AIRCRAFT,,CENTER,OFF_ITEM,completed,16.700000000000003,16.700000000000003,19.000000000000007,5.0,0.0,5.0,2.0
lifecycle,e70960269eec88da76c7fc94e6e135d06a464be3b3c58017f568e3e26a79d27a,20260916,0.11.0,9,service,jobs,False,14,14,J000004,PREVENTIVE,OFF_ITEM,POWER#3,POWER,AIRCRAFT,,CENTER,OFF_ITEM,completed,16.800000000000004,16.800000000000004,19.10000000000001,5.0,0.0,5.0,2.0
lifecycle,e70960269eec88da76c7fc94e6e135d06a464be3b3c58017f568e3e26a79d27a,20260916,0.11.0,9,service,jobs,False,14,14,J000005,PREVENTIVE,POWER_PREVENTIVE,POWER#5,POWER,AIRCRAFT,AIRCRAFT@FLEET-003,BASE,IN_PLACE,completed,30.5,32.5,33.400000000000006,5.0,0.0,5.0,2.0
lifecycle,e70960269eec88da76c7fc94e6e135d06a464be3b3c58017f568e3e26a79d27a,20260916,0.11.0,9,service,jobs,False,14,14,J000006,PREVENTIVE,POWER_PREVENTIVE,POWER#6,POWER,AIRCRAFT,AIRCRAFT@FLEET-004,BASE,REPLACE,completed,30.5,32.5,33.300000000000004,5.0,,3.0,0.0
lifecycle,e70960269eec88da76c7fc94e6e135d06a464be3b3c58017f568e3e26a79d27a,20260916,0.11.0,9,service,jobs,False,14,14,J000007,PREVENTIVE,OFF_ITEM,POWER#6,POWER,AIRCRAFT,,CENTER,OFF_ITEM,completed,32.7,32.7,34.400000000000006,5.0,0.0,5.0,2.0
lifecycle,e70960269eec88da76c7fc94e6e135d06a464be3b3c58017f568e3e26a79d27a,20260916,0.11.0,9,service,jobs,False,14,14,J000008,CORRECTIVE,POWER_CORRECTIVE,POWER#2,POWER,AIRCRAFT,AIRCRAFT@FLEET-001,BASE,REPLACE,completed,35.080965928306185,35.580965928306185,36.03096592830619,1.0809659283061848,,1.0809659283061848,0.0
lifecycle,e70960269eec88da76c7fc94e6e135d06a464be3b3c58017f568e3e26a79d27a,20260916,0.11.0,9,service,jobs,False,14,14,J000009,CORRECTIVE,OFF_ITEM,POWER#2,POWER,AIRCRAFT,,CENTER,OFF_ITEM,completed,35.78096592830619,35.78096592830619,38.48096592830619,1.0809659283061848,0.0,1.5809659283061848,0.0
lifecycle,e70960269eec88da76c7fc94e6e135d06a464be3b3c58017f568e3e26a79d27a,20260916,0.11.0,9,service,jobs,False,14,14,J000010,RETIREMENT,POWER_CORRECTIVE,POWER#5,POWER,AIRCRAFT,AIRCRAFT@FLEET-003,BASE,REPLACE,completed,39.0,40.5,40.85,2.5,,6.0,0.0
lifecycle,e70960269eec88da76c7fc94e6e135d06a464be3b3c58017f568e3e26a79d27a,20260916,0.11.0,9,service,jobs,False,14,14,J000011,PREVENTIVE,POWER_PREVENTIVE,POWER#1,POWER,AIRCRAFT,AIRCRAFT@FLEET-002,BASE,REPLACE,completed,55.419034071693815,56.5,56.95,4.080965928306185,,3.0,0.0
lifecycle,e70960269eec88da76c7fc94e6e135d06a464be3b3c58017f568e3e26a79d27a,20260916,0.11.0,9,service,jobs,False,14,14,J000012,PREVENTIVE,OFF_ITEM,POWER#1,POWER,AIRCRAFT,,CENTER,OFF_ITEM,completed,56.7,56.7,58.400000000000006,4.080965928306185,0.0,4.080965928306185,1.0809659283061848
lifecycle,e70960269eec88da76c7fc94e6e135d06a464be3b3c58017f568e3e26a79d27a,20260916,0.11.0,9,service,jobs,False,14,14,J000013,PREVENTIVE,POWER_PREVENTIVE,POWER#7,POWER,AIRCRAFT,AIRCRAFT@FLEET-004,BASE,IN_PLACE,completed,58.5,60.5,61.2,5.0,0.0,5.0,2.0
lifecycle,e70960269eec88da76c7fc94e6e135d06a464be3b3c58017f568e3e26a79d27a,20260916,0.11.0,9,service,jobs,False,14,14,J000014,PREVENTIVE,POWER_PREVENTIVE,POWER#8,POWER,AIRCRAFT,AIRCRAFT@FLEET-001,BASE,IN_PLACE,completed,62.5,64.5,65.19999999999999,5.0,0.0,5.0,2.0
lifecycle,e70960269eec88da76c7fc94e6e135d06a464be3b3c58017f568e3e26a79d27a,20260916,0.11.0,10,service,jobs,False,14,14,J000001,PREVENTIVE,POWER_PREVENTIVE,POWER#3,POWER,AIRCRAFT,AIRCRAFT@FLEET-001,BASE,REPLACE,completed,14.5,16.5,17.300000000000004,5.0,,3.0,0.0
lifecycle,e70960269eec88da76c7fc94e6e135d06a464be3b3c58017f568e3e26a79d27a,20260916,0.11.0,10,service,jobs,False,14,14,J000002,PREVENTIVE,POWER_PREVENTIVE,POWER#4,POWER,AIRCRAFT,AIRCRAFT@FLEET-002,BASE,IN_PLACE,completed,14.5,16.5,17.400000000000006,5.0,0.0,5.0,2.0
lifecycle,e70960269eec88da76c7fc94e6e135d06a464be3b3c58017f568e3e26a79d27a,20260916,0.11.0,10,service,jobs,False,14,14,J000003,PREVENTIVE,OFF_ITEM,POWER#3,POWER,AIRCRAFT,,CENTER,OFF_ITEM,completed,16.800000000000004,16.800000000000004,18.500000000000007,5.0,0.0,5.0,2.0
lifecycle,e70960269eec88da76c7fc94e6e135d06a464be3b3c58017f568e3e26a79d27a,20260916,0.11.0,10,service,jobs,False,14,14,J000004,PREVENTIVE,POWER_PREVENTIVE,POWER#5,POWER,AIRCRAFT,AIRCRAFT@FLEET-003,BASE,REPLACE,completed,30.5,32.5,33.050000000000004,5.0,,3.0,0.0
lifecycle,e70960269eec88da76c7fc94e6e135d06a464be3b3c58017f568e3e26a79d27a,20260916,0.11.0,10,service,jobs,False,14,14,J000005,PREVENTIVE,POWER_PREVENTIVE,POWER#6,POWER,AIRCRAFT,AIRCRAFT@FLEET-004,BASE,REPLACE,completed,30.5,32.5,32.95,5.0,,3.0,0.0
lifecycle,e70960269eec88da76c7fc94e6e135d06a464be3b3c58017f568e3e26a79d27a,20260916,0.11.0,10,service,jobs,False,14,14,J000006,PREVENTIVE,OFF_ITEM,POWER#6,POWER,AIRCRAFT,,CENTER,OFF_ITEM,completed,32.7,32.7,35.00000000000001,5.0,0.0,5.0,2.0
lifecycle,e70960269eec88da76c7fc94e6e135d06a464be3b3c58017f568e3e26a79d27a,20260916,0.11.0,10,service,jobs,False,14,14,J000007,PREVENTIVE,OFF_ITEM,POWER#5,POWER,AIRCRAFT,,CENTER,OFF_ITEM,completed,32.800000000000004,32.800000000000004,35.10000000000001,5.0,0.0,5.0,2.0
lifecycle,e70960269eec88da76c7fc94e6e135d06a464be3b3c58017f568e3e26a79d27a,20260916,0.11.0,10,service,jobs,False,14,14,J000008,RETIREMENT,POWER_CORRECTIVE,POWER#4,POWER,AIRCRAFT,AIRCRAFT@FLEET-002,BASE,REPLACE,completed,35.0,36.5,36.85,2.5,,6.0,0.0
lifecycle,e70960269eec88da76c7fc94e6e135d06a464be3b3c58017f568e3e26a79d27a,20260916,0.11.0,10,service,jobs,False,14,14,J000009,CORRECTIVE,POWER_CORRECTIVE,POWER#2,POWER,AIRCRAFT,AIRCRAFT@FLEET-004,BASE,IN_PLACE,completed,39.5226882444364,40.0226882444364,41.722688244436405,1.5226882444364023,0.0,2.0226882444364023,0.0
lifecycle,e70960269eec88da76c7fc94e6e135d06a464be3b3c58017f568e3e26a79d27a,20260916,0.11.0,10,service,jobs,False,14,14,J000010,PREVENTIVE,POWER_PREVENTIVE,POWER#1,POWER,AIRCRAFT,AIRCRAFT@FLEET-001,BASE,REPLACE,completed,54.5,56.5,56.95,5.0,,3.0,0.0
lifecycle,e70960269eec88da76c7fc94e6e135d06a464be3b3c58017f568e3e26a79d27a,20260916,0.11.0,10,service,jobs,False,14,14,J000011,PREVENTIVE,OFF_ITEM,POWER#1,POWER,AIRCRAFT,,CENTER,OFF_ITEM,completed,56.7,56.7,58.400000000000006,5.0,0.0,5.0,2.0
lifecycle,e70960269eec88da76c7fc94e6e135d06a464be3b3c58017f568e3e26a79d27a,20260916,0.11.0,10,service,jobs,False,14,14,J000012,PREVENTIVE,POWER_PREVENTIVE,POWER#7,POWER,AIRCRAFT,AIRCRAFT@FLEET-003,BASE,IN_PLACE,completed,58.9773117555636,60.5,61.2,4.522688244436402,0.0,4.522688244436402,1.5226882444364023
lifecycle,e70960269eec88da76c7fc94e6e135d06a464be3b3c58017f568e3e26a79d27a,20260916,0.11.0,10,service,jobs,False,14,14,J000013,PREVENTIVE,POWER_PREVENTIVE,POWER#8,POWER,AIRCRAFT,AIRCRAFT@FLEET-002,BASE,REPLACE,completed,62.5,64.5,64.94999999999999,5.0,,3.0,0.0
lifecycle,e70960269eec88da76c7fc94e6e135d06a464be3b3c58017f568e3e26a79d27a,20260916,0.11.0,10,service,jobs,False,14,14,J000014,PREVENTIVE,OFF_ITEM,POWER#8,POWER,AIRCRAFT,,CENTER,OFF_ITEM,completed,64.69999999999999,64.69999999999999,66.39999999999998,5.0,0.0,5.0,2.0
lifecycle,e70960269eec88da76c7fc94e6e135d06a464be3b3c58017f568e3e26a79d27a,20260916,0.11.0,11,service,jobs,False,16,16,J000001,PREVENTIVE,POWER_PREVENTIVE,POWER#3,POWER,AIRCRAFT,AIRCRAFT@FLEET-001,BASE,IN_PLACE,completed,14.5,16.5,17.400000000000006,5.0,0.0,5.0,2.0
lifecycle,e70960269eec88da76c7fc94e6e135d06a464be3b3c58017f568e3e26a79d27a,20260916,0.11.0,11,service,jobs,False,16,16,J000002,PREVENTIVE,POWER_PREVENTIVE,POWER#4,POWER,AIRCRAFT,AIRCRAFT@FLEET-002,BASE,REPLACE,completed,14.5,16.5,17.300000000000004,5.0,,3.0,0.0
lifecycle,e70960269eec88da76c7fc94e6e135d06a464be3b3c58017f568e3e26a79d27a,20260916,0.11.0,11,service,jobs,False,16,16,J000003,PREVENTIVE,OFF_ITEM,POWER#4,POWER,AIRCRAFT,,CENTER,OFF_ITEM,completed,16.700000000000003,16.700000000000003,18.400000000000006,5.0,0.0,5.0,2.0
lifecycle,e70960269eec88da76c7fc94e6e135d06a464be3b3c58017f568e3e26a79d27a,20260916,0.11.0,11,service,jobs,False,16,16,J000004,PREVENTIVE,POWER_PREVENTIVE,POWER#5,POWER,AIRCRAFT,AIRCRAFT@FLEET-003,BASE,IN_PLACE,completed,30.5,32.5,33.400000000000006,5.0,0.0,5.0,2.0
lifecycle,e70960269eec88da76c7fc94e6e135d06a464be3b3c58017f568e3e26a79d27a,20260916,0.11.0,11,service,jobs,False,16,16,J000005,PREVENTIVE,POWER_PREVENTIVE,POWER#6,POWER,AIRCRAFT,AIRCRAFT@FLEET-004,BASE,REPLACE,completed,30.5,32.5,33.300000000000004,5.0,,3.0,0.0
lifecycle,e70960269eec88da76c7fc94e6e135d06a464be3b3c58017f568e3e26a79d27a,20260916,0.11.0,11,service,jobs,False,16,16,J000006,PREVENTIVE,OFF_ITEM,POWER#6,POWER,AIRCRAFT,,CENTER,OFF_ITEM,completed,32.7,32.7,34.400000000000006,5.0,0.0,5.0,2.0
lifecycle,e70960269eec88da76c7fc94e6e135d06a464be3b3c58017f568e3e26a79d27a,20260916,0.11.0,11,service,jobs,False,16,16,J000007,RETIREMENT,POWER_CORRECTIVE,POWER#3,POWER,AIRCRAFT,AIRCRAFT@FLEET-001,BASE,REPLACE,completed,35.0,36.5,36.85,2.5,,6.0,0.0
lifecycle,e70960269eec88da76c7fc94e6e135d06a464be3b3c58017f568e3e26a79d27a,20260916,0.11.0,11,service,jobs,False,16,16,J000008,RETIREMENT,POWER_CORRECTIVE,POWER#5,POWER,AIRCRAFT,AIRCRAFT@FLEET-003,BASE,REPLACE,completed,39.0,40.5,40.85,2.5,,6.0,0.0
lifecycle,e70960269eec88da76c7fc94e6e135d06a464be3b3c58017f568e3e26a79d27a,20260916,0.11.0,11,service,jobs,False,16,16,J000009,PREVENTIVE,POWER_PREVENTIVE,POWER#1,POWER,AIRCRAFT,AIRCRAFT@FLEET-002,BASE,REPLACE,completed,54.5,56.5,56.95,5.0,,3.0,0.0
lifecycle,e70960269eec88da76c7fc94e6e135d06a464be3b3c58017f568e3e26a79d27a,20260916,0.11.0,11,service,jobs,False,16,16,J000010,PREVENTIVE,OFF_ITEM,POWER#1,POWER,AIRCRAFT,,CENTER,OFF_ITEM,completed,56.7,56.7,58.400000000000006,5.0,0.0,5.0,2.0
lifecycle,e70960269eec88da76c7fc94e6e135d06a464be3b3c58017f568e3e26a79d27a,20260916,0.11.0,11,service,jobs,False,16,16,J000011,PREVENTIVE,POWER_PREVENTIVE,POWER#2,POWER,AIRCRAFT,,CENTER,OFF_ITEM,covered_by_corrective,58.5,,62.167157424424055,3.0,0.0,3.0,0.0
lifecycle,e70960269eec88da76c7fc94e6e135d06a464be3b3c58017f568e3e26a79d27a,20260916,0.11.0,11,service,jobs,False,16,16,J000012,CORRECTIVE,POWER_CORRECTIVE,POWER#2,POWER,AIRCRAFT,AIRCRAFT@FLEET-004,BASE,REPLACE,completed,58.76715742442405,59.26715742442405,59.71715742442405,3.267157424424049,,3.267157424424049,0.0
lifecycle,e70960269eec88da76c7fc94e6e135d06a464be3b3c58017f568e3e26a79d27a,20260916,0.11.0,11,service,jobs,False,16,16,J000013,CORRECTIVE,OFF_ITEM,POWER#2,POWER,AIRCRAFT,,CENTER,OFF_ITEM,completed,59.46715742442405,59.46715742442405,62.167157424424055,3.267157424424049,0.0,3.767157424424049,0.2671574244240489
lifecycle,e70960269eec88da76c7fc94e6e135d06a464be3b3c58017f568e3e26a79d27a,20260916,0.11.0,11,service,jobs,False,16,16,J000014,PREVENTIVE,POWER_PREVENTIVE,POWER#7,POWER,AIRCRAFT,AIRCRAFT@FLEET-001,BASE,IN_PLACE,completed,62.5,63.68836320755469,64.58836320755468,4.188363207554687,0.0,4.188363207554687,1.188363207554687
lifecycle,e70960269eec88da76c7fc94e6e135d06a464be3b3c58017f568e3e26a79d27a,20260916,0.11.0,11,service,jobs,False,16,16,J000015,CORRECTIVE,POWER_CORRECTIVE,POWER#9,POWER,AIRCRAFT,AIRCRAFT@FLEET-002,BASE,REPLACE,completed,63.18836320755469,63.68836320755469,64.48836320755468,1.188363207554687,,1.188363207554687,0.0
lifecycle,e70960269eec88da76c7fc94e6e135d06a464be3b3c58017f568e3e26a79d27a,20260916,0.11.0,11,service,jobs,False,16,16,J000016,CORRECTIVE,OFF_ITEM,POWER#9,POWER,AIRCRAFT,,CENTER,OFF_ITEM,completed,63.98836320755469,63.98836320755469,66.68836320755469,1.188363207554687,0.0,1.688363207554687,0.0
lifecycle,e70960269eec88da76c7fc94e6e135d06a464be3b3c58017f568e3e26a79d27a,20260916,0.11.0,12,service,jobs,False,14,14,J000001,CORRECTIVE,POWER_CORRECTIVE,POWER#5,POWER,AIRCRAFT,AIRCRAFT@FLEET-003,BASE,REPLACE,completed,11.547915383224957,12.047915383224957,12.497915383224957,1.5479153832249573,,1.5479153832249573,0.0
lifecycle,e70960269eec88da76c7fc94e6e135d06a464be3b3c58017f568e3e26a79d27a,20260916,0.11.0,12,service,jobs,False,14,14,J000002,CORRECTIVE,OFF_ITEM,POWER#5,POWER,AIRCRAFT,,CENTER,OFF_ITEM,completed,12.247915383224957,12.247915383224957,14.947915383224956,1.5479153832249573,0.0,2.0479153832249573,0.0
lifecycle,e70960269eec88da76c7fc94e6e135d06a464be3b3c58017f568e3e26a79d27a,20260916,0.11.0,12,service,jobs,False,14,14,J000003,PREVENTIVE,POWER_PREVENTIVE,POWER#3,POWER,AIRCRAFT,AIRCRAFT@FLEET-001,BASE,IN_PLACE,completed,14.5,16.5,17.400000000000006,5.0,0.0,5.0,2.0
lifecycle,e70960269eec88da76c7fc94e6e135d06a464be3b3c58017f568e3e26a79d27a,20260916,0.11.0,12,service,jobs,False,14,14,J000004,PREVENTIVE,POWER_PREVENTIVE,POWER#4,POWER,AIRCRAFT,,CENTER,OFF_ITEM,covered_by_corrective,14.5,,19.500000000000007,3.0,0.0,3.0,0.0
lifecycle,e70960269eec88da76c7fc94e6e135d06a464be3b3c58017f568e3e26a79d27a,20260916,0.11.0,12,service,jobs,False,14,14,J000005,CORRECTIVE,POWER_CORRECTIVE,POWER#4,POWER,AIRCRAFT,AIRCRAFT@FLEET-002,BASE,REPLACE,completed,16.02279023326058,16.5,17.300000000000004,4.522790233260579,,4.522790233260579,0.0
lifecycle,e70960269eec88da76c7fc94e6e135d06a464be3b3c58017f568e3e26a79d27a,20260916,0.11.0,12,service,jobs,False,14,14,J000006,CORRECTIVE,OFF_ITEM,POWER#4,POWER,AIRCRAFT,,CENTER,OFF_ITEM,completed,16.800000000000004,16.800000000000004,19.500000000000007,4.522790233260579,0.0,5.0,1.5227902332605794
lifecycle,e70960269eec88da76c7fc94e6e135d06a464be3b3c58017f568e3e26a79d27a,20260916,0.11.0,12,service,jobs,False,14,14,J000007,CORRECTIVE,POWER_CORRECTIVE,POWER#6,POWER,AIRCRAFT,AIRCRAFT@FLEET-004,BASE,IN_PLACE,completed,30.83786442473447,31.33786442473447,33.03786442473447,2.885779807959427,0.0,3.385779807959427,0.0
lifecycle,e70960269eec88da76c7fc94e6e135d06a464be3b3c58017f568e3e26a79d27a,20260916,0.11.0,12,service,jobs,False,14,14,J000008,RETIREMENT,POWER_CORRECTIVE,POWER#3,POWER,AIRCRAFT,AIRCRAFT@FLEET-001,BASE,REPLACE,completed,35.0,36.5,36.85,2.5,,6.0,0.0
lifecycle,e70960269eec88da76c7fc94e6e135d06a464be3b3c58017f568e3e26a79d27a,20260916,0.11.0,12,service,jobs,False,14,14,J000009,PREVENTIVE,POWER_PREVENTIVE,POWER#1,POWER,AIRCRAFT,AIRCRAFT@FLEET-003,BASE,REPLACE,completed,39.66213557526553,40.5,40.95,3.8378644247344695,,3.0,0.0
lifecycle,e70960269eec88da76c7fc94e6e135d06a464be3b3c58017f568e3e26a79d27a,20260916,0.11.0,12,service,jobs,False,14,14,J000010,PREVENTIVE,OFF_ITEM,POWER#1,POWER,AIRCRAFT,,CENTER,OFF_ITEM,completed,40.7,40.7,42.400000000000006,3.8378644247344695,0.0,3.8378644247344695,0.8378644247344695
lifecycle,e70960269eec88da76c7fc94e6e135d06a464be3b3c58017f568e3e26a79d27a,20260916,0.11.0,12,service,jobs,False,14,14,J000011,PREVENTIVE,POWER_PREVENTIVE,POWER#2,POWER,AIRCRAFT,AIRCRAFT@FLEET-002,BASE,IN_PLACE,completed,54.5,56.5,57.2,5.0,0.0,5.0,2.0
lifecycle,e70960269eec88da76c7fc94e6e135d06a464be3b3c58017f568e3e26a79d27a,20260916,0.11.0,12,service,jobs,False,14,14,J000012,RETIREMENT,POWER_CORRECTIVE,POWER#6,POWER,AIRCRAFT,AIRCRAFT@FLEET-004,BASE,REPLACE,completed,58.11422019204058,60.5,60.85,5.0,,6.0000000000000036,0.0
lifecycle,e70960269eec88da76c7fc94e6e135d06a464be3b3c58017f568e3e26a79d27a,20260916,0.11.0,12,service,jobs,False,14,14,J000013,PREVENTIVE,POWER_PREVENTIVE,POWER#7,POWER,AIRCRAFT,AIRCRAFT@FLEET-001,BASE,IN_PLACE,completed,62.5,64.5,65.29999999999998,5.0,0.0,5.0,2.0
lifecycle,e70960269eec88da76c7fc94e6e135d06a464be3b3c58017f568e3e26a79d27a,20260916,0.11.0,12,service,jobs,False,14,14,J000014,RETIREMENT,POWER_CORRECTIVE,POWER#2,POWER,AIRCRAFT,AIRCRAFT@FLEET-002,BASE,REPLACE,completed,63.0,64.5,65.19999999999999,2.5,,6.0,0.0
lifecycle,e70960269eec88da76c7fc94e6e135d06a464be3b3c58017f568e3e26a79d27a,20260916,0.11.0,13,service,jobs,False,14,14,J000001,PREVENTIVE,POWER_PREVENTIVE,POWER#3,POWER,AIRCRAFT,AIRCRAFT@FLEET-001,BASE,IN_PLACE,completed,14.5,16.5,17.400000000000006,5.0,0.0,5.0,2.0
lifecycle,e70960269eec88da76c7fc94e6e135d06a464be3b3c58017f568e3e26a79d27a,20260916,0.11.0,13,service,jobs,False,14,14,J000002,PREVENTIVE,POWER_PREVENTIVE,POWER#4,POWER,AIRCRAFT,AIRCRAFT@FLEET-002,BASE,REPLACE,completed,14.5,16.5,17.300000000000004,5.0,,3.0,0.0
lifecycle,e70960269eec88da76c7fc94e6e135d06a464be3b3c58017f568e3e26a79d27a,20260916,0.11.0,13,service,jobs,False,14,14,J000003,PREVENTIVE,OFF_ITEM,POWER#4,POWER,AIRCRAFT,,CENTER,OFF_ITEM,completed,16.700000000000003,16.700000000000003,18.400000000000006,5.0,0.0,5.0,2.0
lifecycle,e70960269eec88da76c7fc94e6e135d06a464be3b3c58017f568e3e26a79d27a,20260916,0.11.0,13,service,jobs,False,14,14,J000004,PREVENTIVE,POWER_PREVENTIVE,POWER#5,POWER,AIRCRAFT,AIRCRAFT@FLEET-003,BASE,REPLACE,completed,30.5,32.5,33.300000000000004,5.0,,3.0,0.0
lifecycle,e70960269eec88da76c7fc94e6e135d06a464be3b3c58017f568e3e26a79d27a,20260916,0.11.0,13,service,jobs,False,14,14,J000005,PREVENTIVE,POWER_PREVENTIVE,POWER#6,POWER,AIRCRAFT,AIRCRAFT@FLEET-004,BASE,IN_PLACE,completed,30.5,32.5,33.400000000000006,5.0,0.0,5.0,2.0
lifecycle,e70960269eec88da76c7fc94e6e135d06a464be3b3c58017f568e3e26a79d27a,20260916,0.11.0,13,service,jobs,False,14,14,J000006,PREVENTIVE,OFF_ITEM,POWER#5,POWER,AIRCRAFT,,CENTER,OFF_ITEM,completed,32.800000000000004,32.800000000000004,34.50000000000001,5.0,0.0,5.0,2.0
lifecycle,e70960269eec88da76c7fc94e6e135d06a464be3b3c58017f568e3e26a79d27a,20260916,0.11.0,13,service,jobs,False,14,14,J000007,RETIREMENT,POWER_CORRECTIVE,POWER#3,POWER,AIRCRAFT,AIRCRAFT@FLEET-001,BASE,REPLACE,completed,35.0,36.5,36.85,2.5,,6.0,0.0
lifecycle,e70960269eec88da76c7fc94e6e135d06a464be3b3c58017f568e3e26a79d27a,20260916,0.11.0,13,service,jobs,False,14,14,J000008,RETIREMENT,POWER_CORRECTIVE,POWER#6,POWER,AIRCRAFT,AIRCRAFT@FLEET-004,BASE,REPLACE,completed,39.0,40.5,40.85,2.5,,6.0,0.0
lifecycle,e70960269eec88da76c7fc94e6e135d06a464be3b3c58017f568e3e26a79d27a,20260916,0.11.0,13,service,jobs,False,14,14,J000009,PREVENTIVE,POWER_PREVENTIVE,POWER#1,POWER,AIRCRAFT,AIRCRAFT@FLEET-002,BASE,IN_PLACE,completed,54.5,56.5,57.2,5.0,0.0,5.0,2.0
lifecycle,e70960269eec88da76c7fc94e6e135d06a464be3b3c58017f568e3e26a79d27a,20260916,0.11.0,13,service,jobs,False,14,14,J000010,PREVENTIVE,POWER_PREVENTIVE,POWER#2,POWER,AIRCRAFT,AIRCRAFT@FLEET-003,BASE,IN_PLACE,completed,58.5,60.5,61.2,5.0,0.0,5.0,2.0
lifecycle,e70960269eec88da76c7fc94e6e135d06a464be3b3c58017f568e3e26a79d27a,20260916,0.11.0,13,service,jobs,False,14,14,J000011,CORRECTIVE,POWER_CORRECTIVE,POWER#1,POWER,AIRCRAFT,AIRCRAFT@FLEET-002,BASE,REPLACE,completed,62.472774088579406,62.94554817715881,63.49554817715882,0.4727740885794063,,5.472774088579406,0.0
lifecycle,e70960269eec88da76c7fc94e6e135d06a464be3b3c58017f568e3e26a79d27a,20260916,0.11.0,13,service,jobs,False,14,14,J000012,PREVENTIVE,POWER_PREVENTIVE,POWER#7,POWER,AIRCRAFT,AIRCRAFT@FLEET-001,BASE,REPLACE,completed,62.5,62.94554817715881,63.395548177158815,3.4455481771588126,,3.0,0.0
lifecycle,e70960269eec88da76c7fc94e6e135d06a464be3b3c58017f568e3e26a79d27a,20260916,0.11.0,13,service,jobs,False,14,14,J000013,PREVENTIVE,OFF_ITEM,POWER#7,POWER,AIRCRAFT,,CENTER,OFF_ITEM,completed,63.145548177158815,63.145548177158815,66.4455481771588,3.4455481771588126,0.0,3.4455481771588126,0.44554817715881256
lifecycle,e70960269eec88da76c7fc94e6e135d06a464be3b3c58017f568e3e26a79d27a,20260916,0.11.0,13,service,jobs,False,14,14,J000014,CORRECTIVE,OFF_ITEM,POWER#1,POWER,AIRCRAFT,,CENTER,OFF_ITEM,completed,63.24554817715882,63.24554817715882,66.54554817715879,0.4727740885794063,0.0,5.945548177158813,0.0
lifecycle,e70960269eec88da76c7fc94e6e135d06a464be3b3c58017f568e3e26a79d27a,20260916,0.11.0,14,service,jobs,False,13,13,J000001,PREVENTIVE,POWER_PREVENTIVE,POWER#3,POWER,AIRCRAFT,AIRCRAFT@FLEET-001,BASE,IN_PLACE,completed,14.5,16.5,17.400000000000006,5.0,0.0,5.0,2.0
lifecycle,e70960269eec88da76c7fc94e6e135d06a464be3b3c58017f568e3e26a79d27a,20260916,0.11.0,14,service,jobs,False,13,13,J000002,PREVENTIVE,POWER_PREVENTIVE,POWER#4,POWER,AIRCRAFT,AIRCRAFT@FLEET-002,BASE,REPLACE,completed,14.5,16.5,17.300000000000004,5.0,,3.0,0.0
lifecycle,e70960269eec88da76c7fc94e6e135d06a464be3b3c58017f568e3e26a79d27a,20260916,0.11.0,14,service,jobs,False,13,13,J000003,PREVENTIVE,OFF_ITEM,POWER#4,POWER,AIRCRAFT,,CENTER,OFF_ITEM,completed,16.700000000000003,16.700000000000003,18.400000000000006,5.0,0.0,5.0,2.0
lifecycle,e70960269eec88da76c7fc94e6e135d06a464be3b3c58017f568e3e26a79d27a,20260916,0.11.0,14,service,jobs,False,13,13,J000004,PREVENTIVE,POWER_PREVENTIVE,POWER#5,POWER,AIRCRAFT,AIRCRAFT@FLEET-003,BASE,IN_PLACE,completed,30.5,32.5,33.400000000000006,5.0,0.0,5.0,2.0
lifecycle,e70960269eec88da76c7fc94e6e135d06a464be3b3c58017f568e3e26a79d27a,20260916,0.11.0,14,service,jobs,False,13,13,J000005,PREVENTIVE,POWER_PREVENTIVE,POWER#6,POWER,AIRCRAFT,AIRCRAFT@FLEET-004,BASE,REPLACE,completed,30.5,32.5,33.300000000000004,5.0,,3.0,0.0
lifecycle,e70960269eec88da76c7fc94e6e135d06a464be3b3c58017f568e3e26a79d27a,20260916,0.11.0,14,service,jobs,False,13,13,J000006,PREVENTIVE,OFF_ITEM,POWER#6,POWER,AIRCRAFT,,CENTER,OFF_ITEM,completed,32.7,32.7,34.400000000000006,5.0,0.0,5.0,2.0
lifecycle,e70960269eec88da76c7fc94e6e135d06a464be3b3c58017f568e3e26a79d27a,20260916,0.11.0,14,service,jobs,False,13,13,J000007,RETIREMENT,POWER_CORRECTIVE,POWER#3,POWER,AIRCRAFT,AIRCRAFT@FLEET-001,BASE,REPLACE,completed,35.0,36.5,36.85,2.5,,6.0,0.0
lifecycle,e70960269eec88da76c7fc94e6e135d06a464be3b3c58017f568e3e26a79d27a,20260916,0.11.0,14,service,jobs,False,13,13,J000008,RETIREMENT,POWER_CORRECTIVE,POWER#5,POWER,AIRCRAFT,AIRCRAFT@FLEET-003,BASE,REPLACE,completed,39.0,40.5,40.85,2.5,,6.0,0.0
lifecycle,e70960269eec88da76c7fc94e6e135d06a464be3b3c58017f568e3e26a79d27a,20260916,0.11.0,14,service,jobs,False,13,13,J000009,PREVENTIVE,POWER_PREVENTIVE,POWER#1,POWER,AIRCRAFT,AIRCRAFT@FLEET-002,BASE,REPLACE,completed,54.5,56.5,56.95,5.0,,3.0,0.0
lifecycle,e70960269eec88da76c7fc94e6e135d06a464be3b3c58017f568e3e26a79d27a,20260916,0.11.0,14,service,jobs,False,13,13,J000010,PREVENTIVE,OFF_ITEM,POWER#1,POWER,AIRCRAFT,,CENTER,OFF_ITEM,completed,56.7,56.7,58.400000000000006,5.0,0.0,5.0,2.0
lifecycle,e70960269eec88da76c7fc94e6e135d06a464be3b3c58017f568e3e26a79d27a,20260916,0.11.0,14,service,jobs,False,13,13,J000011,PREVENTIVE,POWER_PREVENTIVE,POWER#2,POWER,AIRCRAFT,AIRCRAFT@FLEET-004,BASE,IN_PLACE,completed,58.5,59.528411970613234,61.82841197061324,4.028411970613234,0.0,4.028411970613234,1.0284119706132344
lifecycle,e70960269eec88da76c7fc94e6e135d06a464be3b3c58017f568e3e26a79d27a,20260916,0.11.0,14,service,jobs,False,13,13,J000012,CORRECTIVE,POWER_CORRECTIVE,POWER#8,POWER,AIRCRAFT,AIRCRAFT@FLEET-003,BASE,IN_PLACE,completed,59.028411970613234,59.528411970613234,61.92841197061324,1.0284119706132344,0.0,1.5284119706132344,0.0
lifecycle,e70960269eec88da76c7fc94e6e135d06a464be3b3c58017f568e3e26a79d27a,20260916,0.11.0,14,service,jobs,False,13,13,J000013,PREVENTIVE,POWER_PREVENTIVE,POWER#7,POWER,AIRCRAFT,AIRCRAFT@FLEET-001,BASE,IN_PLACE,completed,62.5,64.5,65.19999999999999,5.0,0.0,5.0,2.0
lifecycle,e70960269eec88da76c7fc94e6e135d06a464be3b3c58017f568e3e26a79d27a,20260916,0.11.0,15,service,jobs,False,14,14,J000001,PREVENTIVE,POWER_PREVENTIVE,POWER#3,POWER,AIRCRAFT,AIRCRAFT@FLEET-001,BASE,REPLACE,completed,14.5,16.5,17.300000000000004,5.0,,3.0,0.0
lifecycle,e70960269eec88da76c7fc94e6e135d06a464be3b3c58017f568e3e26a79d27a,20260916,0.11.0,15,service,jobs,False,14,14,J000002,PREVENTIVE,POWER_PREVENTIVE,POWER#4,POWER,AIRCRAFT,AIRCRAFT@FLEET-002,BASE,IN_PLACE,completed,14.5,16.5,17.400000000000006,5.0,0.0,5.0,2.0
lifecycle,e70960269eec88da76c7fc94e6e135d06a464be3b3c58017f568e3e26a79d27a,20260916,0.11.0,15,service,jobs,False,14,14,J000003,PREVENTIVE,OFF_ITEM,POWER#3,POWER,AIRCRAFT,,CENTER,OFF_ITEM,completed,16.800000000000004,16.800000000000004,18.500000000000007,5.0,0.0,5.0,2.0
lifecycle,e70960269eec88da76c7fc94e6e135d06a464be3b3c58017f568e3e26a79d27a,20260916,0.11.0,15,service,jobs,False,14,14,J000004,PREVENTIVE,POWER_PREVENTIVE,POWER#5,POWER,AIRCRAFT,AIRCRAFT@FLEET-003,BASE,IN_PLACE,completed,30.5,32.5,33.400000000000006,5.0,0.0,5.0,2.0
lifecycle,e70960269eec88da76c7fc94e6e135d06a464be3b3c58017f568e3e26a79d27a,20260916,0.11.0,15,service,jobs,False,14,14,J000005,PREVENTIVE,POWER_PREVENTIVE,POWER#6,POWER,AIRCRAFT,AIRCRAFT@FLEET-004,BASE,REPLACE,completed,30.5,32.5,33.300000000000004,5.0,,3.0,0.0
lifecycle,e70960269eec88da76c7fc94e6e135d06a464be3b3c58017f568e3e26a79d27a,20260916,0.11.0,15,service,jobs,False,14,14,J000006,PREVENTIVE,OFF_ITEM,POWER#6,POWER,AIRCRAFT,,CENTER,OFF_ITEM,completed,32.7,32.7,34.400000000000006,5.0,0.0,5.0,2.0
lifecycle,e70960269eec88da76c7fc94e6e135d06a464be3b3c58017f568e3e26a79d27a,20260916,0.11.0,15,service,jobs,False,14,14,J000007,RETIREMENT,POWER_CORRECTIVE,POWER#4,POWER,AIRCRAFT,AIRCRAFT@FLEET-002,BASE,REPLACE,completed,35.0,36.5,36.85,2.5,,6.0,0.0
lifecycle,e70960269eec88da76c7fc94e6e135d06a464be3b3c58017f568e3e26a79d27a,20260916,0.11.0,15,service,jobs,False,14,14,J000008,RETIREMENT,POWER_CORRECTIVE,POWER#5,POWER,AIRCRAFT,AIRCRAFT@FLEET-003,BASE,REPLACE,completed,39.0,40.5,40.85,2.5,,6.0,0.0
lifecycle,e70960269eec88da76c7fc94e6e135d06a464be3b3c58017f568e3e26a79d27a,20260916,0.11.0,15,service,jobs,False,14,14,J000009,PREVENTIVE,POWER_PREVENTIVE,POWER#1,POWER,AIRCRAFT,AIRCRAFT@FLEET-001,BASE,REPLACE,completed,54.5,56.5,56.95,5.0,,3.0,0.0
lifecycle,e70960269eec88da76c7fc94e6e135d06a464be3b3c58017f568e3e26a79d27a,20260916,0.11.0,15,service,jobs,False,14,14,J000010,PREVENTIVE,OFF_ITEM,POWER#1,POWER,AIRCRAFT,,CENTER,OFF_ITEM,completed,56.7,56.7,58.400000000000006,5.0,0.0,5.0,2.0
lifecycle,e70960269eec88da76c7fc94e6e135d06a464be3b3c58017f568e3e26a79d27a,20260916,0.11.0,15,service,jobs,False,14,14,J000011,PREVENTIVE,POWER_PREVENTIVE,POWER#2,POWER,AIRCRAFT,AIRCRAFT@FLEET-004,BASE,REPLACE,completed,58.5,60.5,60.95,5.0,,3.0,0.0
lifecycle,e70960269eec88da76c7fc94e6e135d06a464be3b3c58017f568e3e26a79d27a,20260916,0.11.0,15,service,jobs,False,14,14,J000012,PREVENTIVE,OFF_ITEM,POWER#2,POWER,AIRCRAFT,,CENTER,OFF_ITEM,completed,60.7,60.7,62.400000000000006,5.0,0.0,5.0,2.0
lifecycle,e70960269eec88da76c7fc94e6e135d06a464be3b3c58017f568e3e26a79d27a,20260916,0.11.0,15,service,jobs,False,14,14,J000013,PREVENTIVE,POWER_PREVENTIVE,POWER#7,POWER,AIRCRAFT,AIRCRAFT@FLEET-002,BASE,REPLACE,completed,62.5,64.5,64.94999999999999,5.0,,3.0,0.0
lifecycle,e70960269eec88da76c7fc94e6e135d06a464be3b3c58017f568e3e26a79d27a,20260916,0.11.0,15,service,jobs,False,14,14,J000014,PREVENTIVE,OFF_ITEM,POWER#7,POWER,AIRCRAFT,,CENTER,OFF_ITEM,completed,64.69999999999999,64.69999999999999,66.39999999999998,5.0,0.0,5.0,2.0
lifecycle,e70960269eec88da76c7fc94e6e135d06a464be3b3c58017f568e3e26a79d27a,20260916,0.11.0,16,service,jobs,False,15,15,J000001,PREVENTIVE,POWER_PREVENTIVE,POWER#3,POWER,AIRCRAFT,AIRCRAFT@FLEET-001,BASE,REPLACE,completed,14.5,16.42930392013777,16.879303920137772,4.9293039201377695,,3.0,0.0
lifecycle,e70960269eec88da76c7fc94e6e135d06a464be3b3c58017f568e3e26a79d27a,20260916,0.11.0,16,service,jobs,False,15,15,J000002,PREVENTIVE,POWER_PREVENTIVE,POWER#4,POWER,AIRCRAFT,,CENTER,OFF_ITEM,covered_by_corrective,14.5,,20.029303920137778,3.0,0.0,3.0,0.0
lifecycle,e70960269eec88da76c7fc94e6e135d06a464be3b3c58017f568e3e26a79d27a,20260916,0.11.0,16,service,jobs,False,15,15,J000003,CORRECTIVE,POWER_CORRECTIVE,POWER#4,POWER,AIRCRAFT,AIRCRAFT@FLEET-002,BASE,REPLACE,completed,15.929303920137771,16.42930392013777,16.979303920137774,4.429303920137771,,4.429303920137771,0.0
lifecycle,e70960269eec88da76c7fc94e6e135d06a464be3b3c58017f568e3e26a79d27a,20260916,0.11.0,16,service,jobs,False,15,15,J000004,PREVENTIVE,OFF_ITEM,POWER#3,POWER,AIRCRAFT,,CENTER,OFF_ITEM,completed,16.629303920137772,16.629303920137772,19.929303920137777,4.9293039201377695,0.0,4.9293039201377695,1.9293039201377695
lifecycle,e70960269eec88da76c7fc94e6e135d06a464be3b3c58017f568e3e26a79d27a,20260916,0.11.0,16,service,jobs,False,15,15,J000005,CORRECTIVE,OFF_ITEM,POWER#4,POWER,AIRCRAFT,,CENTER,OFF_ITEM,completed,16.729303920137774,16.729303920137774,20.029303920137778,4.429303920137771,0.0,4.9293039201377695,1.4293039201377713
lifecycle,e70960269eec88da76c7fc94e6e135d06a464be3b3c58017f568e3e26a79d27a,20260916,0.11.0,16,service,jobs,False,15,15,J000006,PREVENTIVE,POWER_PREVENTIVE,POWER#5,POWER,AIRCRAFT,AIRCRAFT@FLEET-003,BASE,REPLACE,completed,30.5,32.5,33.300000000000004,5.0,,3.0,0.0
lifecycle,e70960269eec88da76c7fc94e6e135d06a464be3b3c58017f568e3e26a79d27a,20260916,0.11.0,16,service,jobs,False,15,15,J000007,PREVENTIVE,POWER_PREVENTIVE,POWER#6,POWER,AIRCRAFT,AIRCRAFT@FLEET-004,BASE,IN_PLACE,completed,30.5,32.5,33.400000000000006,5.0,0.0,5.0,2.0
lifecycle,e70960269eec88da76c7fc94e6e135d06a464be3b3c58017f568e3e26a79d27a,20260916,0.11.0,16,service,jobs,False,15,15,J000008,PREVENTIVE,OFF_ITEM,POWER#5,POWER,AIRCRAFT,,CENTER,OFF_ITEM,completed,32.800000000000004,32.800000000000004,34.50000000000001,5.0,0.0,5.0,2.0
lifecycle,e70960269eec88da76c7fc94e6e135d06a464be3b3c58017f568e3e26a79d27a,20260916,0.11.0,16,service,jobs,False,15,15,J000009,RETIREMENT,POWER_CORRECTIVE,POWER#6,POWER,AIRCRAFT,AIRCRAFT@FLEET-004,BASE,REPLACE,completed,39.0,40.5,40.85,2.5,,6.0,0.0
lifecycle,e70960269eec88da76c7fc94e6e135d06a464be3b3c58017f568e3e26a79d27a,20260916,0.11.0,16,service,jobs,False,15,15,J000010,PREVENTIVE,POWER_PREVENTIVE,POWER#1,POWER,AIRCRAFT,AIRCRAFT@FLEET-001,BASE,REPLACE,completed,54.5,56.5,57.300000000000004,5.0,,3.0,0.0
lifecycle,e70960269eec88da76c7fc94e6e135d06a464be3b3c58017f568e3e26a79d27a,20260916,0.11.0,16,service,jobs,False,15,15,J000011,PREVENTIVE,POWER_PREVENTIVE,POWER#2,POWER,AIRCRAFT,AIRCRAFT@FLEET-002,BASE,IN_PLACE,completed,54.5,56.5,57.400000000000006,5.0,0.0,5.0,2.0
lifecycle,e70960269eec88da76c7fc94e6e135d06a464be3b3c58017f568e3e26a79d27a,20260916,0.11.0,16,service,jobs,False,15,15,J000012,PREVENTIVE,OFF_ITEM,POWER#1,POWER,AIRCRAFT,,CENTER,OFF_ITEM,completed,56.800000000000004,56.800000000000004,58.50000000000001,5.0,0.0,5.0,2.0
lifecycle,e70960269eec88da76c7fc94e6e135d06a464be3b3c58017f568e3e26a79d27a,20260916,0.11.0,16,service,jobs,False,15,15,J000013,PREVENTIVE,POWER_PREVENTIVE,POWER#7,POWER,AIRCRAFT,AIRCRAFT@FLEET-003,BASE,REPLACE,completed,58.5,60.5,60.95,5.0,,3.0,0.0
lifecycle,e70960269eec88da76c7fc94e6e135d06a464be3b3c58017f568e3e26a79d27a,20260916,0.11.0,16,service,jobs,False,15,15,J000014,PREVENTIVE,OFF_ITEM,POWER#7,POWER,AIRCRAFT,,CENTER,OFF_ITEM,completed,60.7,60.7,62.400000000000006,5.0,0.0,5.0,2.0
lifecycle,e70960269eec88da76c7fc94e6e135d06a464be3b3c58017f568e3e26a79d27a,20260916,0.11.0,16,service,jobs,False,15,15,J000015,RETIREMENT,POWER_CORRECTIVE,POWER#2,POWER,AIRCRAFT,AIRCRAFT@FLEET-002,BASE,REPLACE,completed,63.0,64.5,64.85,2.5,,6.0,0.0
lifecycle,e70960269eec88da76c7fc94e6e135d06a464be3b3c58017f568e3e26a79d27a,20260916,0.11.0,17,service,jobs,False,14,14,J000001,PREVENTIVE,POWER_PREVENTIVE,POWER#3,POWER,AIRCRAFT,AIRCRAFT@FLEET-001,BASE,REPLACE,completed,14.5,16.5,17.050000000000004,5.0,,3.0,0.0
lifecycle,e70960269eec88da76c7fc94e6e135d06a464be3b3c58017f568e3e26a79d27a,20260916,0.11.0,17,service,jobs,False,14,14,J000002,PREVENTIVE,POWER_PREVENTIVE,POWER#4,POWER,AIRCRAFT,AIRCRAFT@FLEET-002,BASE,REPLACE,completed,14.5,16.5,16.950000000000003,5.0,,3.0,0.0
lifecycle,e70960269eec88da76c7fc94e6e135d06a464be3b3c58017f568e3e26a79d27a,20260916,0.11.0,17,service,jobs,False,14,14,J000003,PREVENTIVE,OFF_ITEM,POWER#4,POWER,AIRCRAFT,,CENTER,OFF_ITEM,completed,16.700000000000003,16.700000000000003,19.000000000000007,5.0,0.0,5.0,2.0
lifecycle,e70960269eec88da76c7fc94e6e135d06a464be3b3c58017f568e3e26a79d27a,20260916,0.11.0,17,service,jobs,False,14,14,J000004,PREVENTIVE,OFF_ITEM,POWER#3,POWER,AIRCRAFT,,CENTER,OFF_ITEM,completed,16.800000000000004,16.800000000000004,19.10000000000001,5.0,0.0,5.0,2.0
lifecycle,e70960269eec88da76c7fc94e6e135d06a464be3b3c58017f568e3e26a79d27a,20260916,0.11.0,17,service,jobs,False,14,14,J000005,PREVENTIVE,POWER_PREVENTIVE,POWER#5,POWER,AIRCRAFT,AIRCRAFT@FLEET-003,BASE,IN_PLACE,completed,30.5,32.5,33.400000000000006,5.0,0.0,5.0,2.0
lifecycle,e70960269eec88da76c7fc94e6e135d06a464be3b3c58017f568e3e26a79d27a,20260916,0.11.0,17,service,jobs,False,14,14,J000006,PREVENTIVE,POWER_PREVENTIVE,POWER#6,POWER,AIRCRAFT,AIRCRAFT@FLEET-004,BASE,REPLACE,completed,30.5,32.5,33.300000000000004,5.0,,3.0,0.0
lifecycle,e70960269eec88da76c7fc94e6e135d06a464be3b3c58017f568e3e26a79d27a,20260916,0.11.0,17,service,jobs,False,14,14,J000007,PREVENTIVE,OFF_ITEM,POWER#6,POWER,AIRCRAFT,,CENTER,OFF_ITEM,completed,32.7,32.7,34.400000000000006,5.0,0.0,5.0,2.0
lifecycle,e70960269eec88da76c7fc94e6e135d06a464be3b3c58017f568e3e26a79d27a,20260916,0.11.0,17,service,jobs,False,14,14,J000008,RETIREMENT,POWER_CORRECTIVE,POWER#5,POWER,AIRCRAFT,AIRCRAFT@FLEET-003,BASE,REPLACE,completed,39.0,40.5,40.85,2.5,,6.0,0.0
lifecycle,e70960269eec88da76c7fc94e6e135d06a464be3b3c58017f568e3e26a79d27a,20260916,0.11.0,17,service,jobs,False,14,14,J000009,PREVENTIVE,POWER_PREVENTIVE,POWER#1,POWER,AIRCRAFT,AIRCRAFT@FLEET-002,BASE,IN_PLACE,completed,54.5,56.5,57.900000000000006,5.0,0.0,5.0,2.0
lifecycle,e70960269eec88da76c7fc94e6e135d06a464be3b3c58017f568e3e26a79d27a,20260916,0.11.0,17,service,jobs,False,14,14,J000010,PREVENTIVE,POWER_PREVENTIVE,POWER#2,POWER,AIRCRAFT,AIRCRAFT@FLEET-001,BASE,IN_PLACE,completed,54.5,56.5,57.800000000000004,5.0,0.0,5.0,2.0
lifecycle,e70960269eec88da76c7fc94e6e135d06a464be3b3c58017f568e3e26a79d27a,20260916,0.11.0,17,service,jobs,False,14,14,J000011,PREVENTIVE,POWER_PREVENTIVE,POWER#7,POWER,AIRCRAFT,AIRCRAFT@FLEET-004,BASE,REPLACE,completed,58.5,60.5,60.95,5.0,,3.0,0.0
lifecycle,e70960269eec88da76c7fc94e6e135d06a464be3b3c58017f568e3e26a79d27a,20260916,0.11.0,17,service,jobs,False,14,14,J000012,PREVENTIVE,OFF_ITEM,POWER#7,POWER,AIRCRAFT,,CENTER,OFF_ITEM,completed,60.7,60.7,62.400000000000006,5.0,0.0,5.0,2.0
lifecycle,e70960269eec88da76c7fc94e6e135d06a464be3b3c58017f568e3e26a79d27a,20260916,0.11.0,17,service,jobs,False,14,14,J000013,RETIREMENT,POWER_CORRECTIVE,POWER#1,POWER,AIRCRAFT,AIRCRAFT@FLEET-002,BASE,REPLACE,completed,63.0,64.5,64.94999999999999,2.5,,6.0,0.0
lifecycle,e70960269eec88da76c7fc94e6e135d06a464be3b3c58017f568e3e26a79d27a,20260916,0.11.0,17,service,jobs,False,14,14,J000014,RETIREMENT,POWER_CORRECTIVE,POWER#2,POWER,AIRCRAFT,AIRCRAFT@FLEET-001,BASE,REPLACE,completed,63.0,64.5,64.85,2.5,,6.0,0.0
lifecycle,e70960269eec88da76c7fc94e6e135d06a464be3b3c58017f568e3e26a79d27a,20260916,0.11.0,18,service,jobs,False,15,15,J000001,PREVENTIVE,POWER_PREVENTIVE,POWER#3,POWER,AIRCRAFT,AIRCRAFT@FLEET-001,BASE,REPLACE,completed,14.5,16.5,17.300000000000004,5.0,,3.0,0.0
lifecycle,e70960269eec88da76c7fc94e6e135d06a464be3b3c58017f568e3e26a79d27a,20260916,0.11.0,18,service,jobs,False,15,15,J000002,PREVENTIVE,POWER_PREVENTIVE,POWER#4,POWER,AIRCRAFT,AIRCRAFT@FLEET-002,BASE,IN_PLACE,completed,14.5,16.5,17.400000000000006,5.0,0.0,5.0,2.0
lifecycle,e70960269eec88da76c7fc94e6e135d06a464be3b3c58017f568e3e26a79d27a,20260916,0.11.0,18,service,jobs,False,15,15,J000003,PREVENTIVE,OFF_ITEM,POWER#3,POWER,AIRCRAFT,,CENTER,OFF_ITEM,completed,16.800000000000004,16.800000000000004,18.500000000000007,5.0,0.0,5.0,2.0
lifecycle,e70960269eec88da76c7fc94e6e135d06a464be3b3c58017f568e3e26a79d27a,20260916,0.11.0,18,service,jobs,False,15,15,J000004,PREVENTIVE,POWER_PREVENTIVE,POWER#5,POWER,AIRCRAFT,AIRCRAFT@FLEET-003,BASE,REPLACE,completed,30.5,32.5,33.050000000000004,5.0,,3.0,0.0
lifecycle,e70960269eec88da76c7fc94e6e135d06a464be3b3c58017f568e3e26a79d27a,20260916,0.11.0,18,service,jobs,False,15,15,J000005,PREVENTIVE,POWER_PREVENTIVE,POWER#6,POWER,AIRCRAFT,AIRCRAFT@FLEET-004,BASE,REPLACE,completed,30.5,32.5,32.95,5.0,,3.0,0.0
lifecycle,e70960269eec88da76c7fc94e6e135d06a464be3b3c58017f568e3e26a79d27a,20260916,0.11.0,18,service,jobs,False,15,15,J000006,PREVENTIVE,OFF_ITEM,POWER#6,POWER,AIRCRAFT,,CENTER,OFF_ITEM,completed,32.7,32.7,35.00000000000001,5.0,0.0,5.0,2.0
lifecycle,e70960269eec88da76c7fc94e6e135d06a464be3b3c58017f568e3e26a79d27a,20260916,0.11.0,18,service,jobs,False,15,15,J000007,PREVENTIVE,OFF_ITEM,POWER#5,POWER,AIRCRAFT,,CENTER,OFF_ITEM,completed,32.800000000000004,32.800000000000004,35.10000000000001,5.0,0.0,5.0,2.0
lifecycle,e70960269eec88da76c7fc94e6e135d06a464be3b3c58017f568e3e26a79d27a,20260916,0.11.0,18,service,jobs,False,15,15,J000008,RETIREMENT,POWER_CORRECTIVE,POWER#4,POWER,AIRCRAFT,AIRCRAFT@FLEET-002,BASE,REPLACE,completed,35.0,36.5,36.85,2.5,,6.0,0.0
lifecycle,e70960269eec88da76c7fc94e6e135d06a464be3b3c58017f568e3e26a79d27a,20260916,0.11.0,18,service,jobs,False,15,15,J000009,PREVENTIVE,POWER_PREVENTIVE,POWER#1,POWER,AIRCRAFT,AIRCRAFT@FLEET-001,BASE,REPLACE,completed,54.5,56.5,56.95,5.0,,3.0,0.0
lifecycle,e70960269eec88da76c7fc94e6e135d06a464be3b3c58017f568e3e26a79d27a,20260916,0.11.0,18,service,jobs,False,15,15,J000010,PREVENTIVE,OFF_ITEM,POWER#1,POWER,AIRCRAFT,,CENTER,OFF_ITEM,completed,56.7,56.7,58.400000000000006,5.0,0.0,5.0,2.0
lifecycle,e70960269eec88da76c7fc94e6e135d06a464be3b3c58017f568e3e26a79d27a,20260916,0.11.0,18,service,jobs,False,15,15,J000011,PREVENTIVE,POWER_PREVENTIVE,POWER#2,POWER,AIRCRAFT,AIRCRAFT@FLEET-004,BASE,REPLACE,covered_by_corrective,58.5,,62.400000000000006,3.0,0.0,3.0,0.0
lifecycle,e70960269eec88da76c7fc94e6e135d06a464be3b3c58017f568e3e26a79d27a,20260916,0.11.0,18,service,jobs,False,15,15,J000012,PREVENTIVE,POWER_PREVENTIVE,POWER#7,POWER,AIRCRAFT,AIRCRAFT@FLEET-003,BASE,REPLACE,completed,58.5,60.5,62.300000000000004,5.0,,3.0,0.0
lifecycle,e70960269eec88da76c7fc94e6e135d06a464be3b3c58017f568e3e26a79d27a,20260916,0.11.0,18,service,jobs,False,15,15,J000013,CORRECTIVE,POWER_CORRECTIVE,POWER#2,POWER,AIRCRAFT,AIRCRAFT@FLEET-004,BASE,IN_PLACE,completed,60.36122651418901,60.5,62.400000000000006,4.861226514189013,0.0,5.0,1.8612265141890134
lifecycle,e70960269eec88da76c7fc94e6e135d06a464be3b3c58017f568e3e26a79d27a,20260916,0.11.0,18,service,jobs,False,15,15,J000014,PREVENTIVE,OFF_ITEM,POWER#7,POWER,AIRCRAFT,,CENTER,OFF_ITEM,completed,60.7,60.7,62.400000000000006,5.0,0.0,5.0,2.0
lifecycle,e70960269eec88da76c7fc94e6e135d06a464be3b3c58017f568e3e26a79d27a,20260916,0.11.0,18,service,jobs,False,15,15,J000015,PREVENTIVE,POWER_PREVENTIVE,POWER#8,POWER,AIRCRAFT,AIRCRAFT@FLEET-002,BASE,IN_PLACE,completed,62.5,64.5,65.19999999999999,5.0,0.0,5.0,2.0
lifecycle,e70960269eec88da76c7fc94e6e135d06a464be3b3c58017f568e3e26a79d27a,20260916,0.11.0,19,service,jobs,False,12,12,J000001,PREVENTIVE,POWER_PREVENTIVE,POWER#3,POWER,AIRCRAFT,AIRCRAFT@FLEET-001,BASE,IN_PLACE,completed,14.5,16.5,17.900000000000006,5.0,0.0,5.0,2.0
lifecycle,e70960269eec88da76c7fc94e6e135d06a464be3b3c58017f568e3e26a79d27a,20260916,0.11.0,19,service,jobs,False,12,12,J000002,PREVENTIVE,POWER_PREVENTIVE,POWER#4,POWER,AIRCRAFT,AIRCRAFT@FLEET-002,BASE,IN_PLACE,completed,14.5,16.5,17.800000000000004,5.0,0.0,5.0,2.0
lifecycle,e70960269eec88da76c7fc94e6e135d06a464be3b3c58017f568e3e26a79d27a,20260916,0.11.0,19,service,jobs,False,12,12,J000003,PREVENTIVE,POWER_PREVENTIVE,POWER#5,POWER,AIRCRAFT,AIRCRAFT@FLEET-003,BASE,REPLACE,completed,30.5,32.5,33.300000000000004,5.0,,3.0,0.0
lifecycle,e70960269eec88da76c7fc94e6e135d06a464be3b3c58017f568e3e26a79d27a,20260916,0.11.0,19,service,jobs,False,12,12,J000004,PREVENTIVE,POWER_PREVENTIVE,POWER#6,POWER,AIRCRAFT,AIRCRAFT@FLEET-004,BASE,IN_PLACE,completed,30.5,32.5,33.400000000000006,5.0,0.0,5.0,2.0
lifecycle,e70960269eec88da76c7fc94e6e135d06a464be3b3c58017f568e3e26a79d27a,20260916,0.11.0,19,service,jobs,False,12,12,J000005,PREVENTIVE,OFF_ITEM,POWER#5,POWER,AIRCRAFT,,CENTER,OFF_ITEM,completed,32.800000000000004,32.800000000000004,34.50000000000001,5.0,0.0,5.0,2.0
lifecycle,e70960269eec88da76c7fc94e6e135d06a464be3b3c58017f568e3e26a79d27a,20260916,0.11.0,19,service,jobs,False,12,12,J000006,RETIREMENT,POWER_CORRECTIVE,POWER#3,POWER,AIRCRAFT,AIRCRAFT@FLEET-001,BASE,REPLACE,completed,35.0,36.5,36.95,2.5,,6.0,0.0
lifecycle,e70960269eec88da76c7fc94e6e135d06a464be3b3c58017f568e3e26a79d27a,20260916,0.11.0,19,service,jobs,False,12,12,J000007,RETIREMENT,POWER_CORRECTIVE,POWER#4,POWER,AIRCRAFT,AIRCRAFT@FLEET-002,BASE,REPLACE,completed,35.0,36.5,36.85,2.5,,6.0,0.0
lifecycle,e70960269eec88da76c7fc94e6e135d06a464be3b3c58017f568e3e26a79d27a,20260916,0.11.0,19,service,jobs,False,12,12,J000008,RETIREMENT,POWER_CORRECTIVE,POWER#6,POWER,AIRCRAFT,AIRCRAFT@FLEET-004,BASE,REPLACE,completed,39.0,40.5,40.85,2.5,,6.0,0.0
lifecycle,e70960269eec88da76c7fc94e6e135d06a464be3b3c58017f568e3e26a79d27a,20260916,0.11.0,19,service,jobs,False,12,12,J000009,PREVENTIVE,POWER_PREVENTIVE,POWER#1,POWER,AIRCRAFT,AIRCRAFT@FLEET-003,BASE,IN_PLACE,completed,58.5,60.5,61.2,5.0,0.0,5.0,2.0
lifecycle,e70960269eec88da76c7fc94e6e135d06a464be3b3c58017f568e3e26a79d27a,20260916,0.11.0,19,service,jobs,False,12,12,J000010,CORRECTIVE,POWER_CORRECTIVE,POWER#7,POWER,AIRCRAFT,AIRCRAFT@FLEET-001,BASE,REPLACE,completed,62.40625379051377,62.812507581027546,63.61250758102755,2.906253790513773,,2.906253790513773,0.0
lifecycle,e70960269eec88da76c7fc94e6e135d06a464be3b3c58017f568e3e26a79d27a,20260916,0.11.0,19,service,jobs,False,12,12,J000011,PREVENTIVE,POWER_PREVENTIVE,POWER#2,POWER,AIRCRAFT,AIRCRAFT@FLEET-002,BASE,IN_PLACE,completed,62.5,62.812507581027546,63.71250758102755,3.312507581027546,0.0,3.312507581027546,0.31250758102754617
lifecycle,e70960269eec88da76c7fc94e6e135d06a464be3b3c58017f568e3e26a79d27a,20260916,0.11.0,19,service,jobs,False,12,12,J000012,CORRECTIVE,OFF_ITEM,POWER#7,POWER,AIRCRAFT,,CENTER,OFF_ITEM,completed,63.11250758102755,63.11250758102755,65.81250758102755,2.906253790513773,0.0,3.312507581027546,0.0
lifecycle,e70960269eec88da76c7fc94e6e135d06a464be3b3c58017f568e3e26a79d27a,20260916,0.11.0,20,service,jobs,False,17,17,J000001,CORRECTIVE,POWER_CORRECTIVE,POWER#4,POWER,AIRCRAFT,AIRCRAFT@FLEET-002,BASE,REPLACE,completed,6.223875569974187,6.447751139948373,6.897751139948372,0.22387556997418656,,0.22387556997418656,0.0
lifecycle,e70960269eec88da76c7fc94e6e135d06a464be3b3c58017f568e3e26a79d27a,20260916,0.11.0,20,service,jobs,False,17,17,J000002,CORRECTIVE,OFF_ITEM,POWER#4,POWER,AIRCRAFT,,CENTER,OFF_ITEM,completed,6.647751139948372,6.647751139948372,9.347751139948372,0.22387556997418656,0.0,0.4477511399483731,0.0
lifecycle,e70960269eec88da76c7fc94e6e135d06a464be3b3c58017f568e3e26a79d27a,20260916,0.11.0,20,service,jobs,False,17,17,J000003,PREVENTIVE,POWER_PREVENTIVE,POWER#5,POWER,AIRCRAFT,AIRCRAFT@FLEET-003,BASE,IN_PLACE,completed,30.5,32.5,33.400000000000006,5.0,0.0,5.0,2.0
lifecycle,e70960269eec88da76c7fc94e6e135d06a464be3b3c58017f568e3e26a79d27a,20260916,0.11.0,20,service,jobs,False,17,17,J000004,PREVENTIVE,POWER_PREVENTIVE,POWER#6,POWER,AIRCRAFT,AIRCRAFT@FLEET-004,BASE,REPLACE,completed,30.5,32.5,33.300000000000004,5.0,,3.0,0.0
lifecycle,e70960269eec88da76c7fc94e6e135d06a464be3b3c58017f568e3e26a79d27a,20260916,0.11.0,20,service,jobs,False,17,17,J000005,PREVENTIVE,OFF_ITEM,POWER#6,POWER,AIRCRAFT,,CENTER,OFF_ITEM,completed,32.7,32.7,34.400000000000006,5.0,0.0,5.0,2.0
lifecycle,e70960269eec88da76c7fc94e6e135d06a464be3b3c58017f568e3e26a79d27a,20260916,0.11.0,20,service,jobs,False,17,17,J000006,PREVENTIVE,POWER_PREVENTIVE,POWER#3,POWER,AIRCRAFT,AIRCRAFT@FLEET-001,BASE,REPLACE,completed,34.05224886005163,36.5,37.050000000000004,5.447751139948373,,3.0,0.0
lifecycle,e70960269eec88da76c7fc94e6e135d06a464be3b3c58017f568e3e26a79d27a,20260916,0.11.0,20,service,jobs,False,17,17,J000007,PREVENTIVE,POWER_PREVENTIVE,POWER#1,POWER,AIRCRAFT,AIRCRAFT@FLEET-002,BASE,REPLACE,completed,34.5,36.5,36.95,5.0,,3.0,0.0
lifecycle,e70960269eec88da76c7fc94e6e135d06a464be3b3c58017f568e3e26a79d27a,20260916,0.11.0,20,service,jobs,False,17,17,J000008,PREVENTIVE,OFF_ITEM,POWER#1,POWER,AIRCRAFT,,CENTER,OFF_ITEM,completed,36.7,36.7,39.00000000000001,5.0,0.0,5.0,2.0
lifecycle,e70960269eec88da76c7fc94e6e135d06a464be3b3c58017f568e3e26a79d27a,20260916,0.11.0,20,service,jobs,False,17,17,J000009,PREVENTIVE,OFF_ITEM,POWER#3,POWER,AIRCRAFT,,CENTER,OFF_ITEM,completed,36.800000000000004,36.800000000000004,39.10000000000001,5.447751139948373,0.0,5.447751139948373,2.447751139948373
lifecycle,e70960269eec88da76c7fc94e6e135d06a464be3b3c58017f568e3e26a79d27a,20260916,0.11.0,20,service,jobs,False,17,17,J000010,RETIREMENT,POWER_CORRECTIVE,POWER#5,POWER,AIRCRAFT,AIRCRAFT@FLEET-003,BASE,REPLACE,completed,39.0,40.5,40.85,2.5,,6.0,0.0
lifecycle,e70960269eec88da76c7fc94e6e135d06a464be3b3c58017f568e3e26a79d27a,20260916,0.11.0,20,service,jobs,False,17,17,J000011,CORRECTIVE,POWER_CORRECTIVE,POWER#7,POWER,AIRCRAFT,AIRCRAFT@FLEET-002,BASE,REPLACE,completed,55.72996406409169,56.22996406409169,56.67996406409169,1.7299640640916891,,1.7299640640916891,0.0
lifecycle,e70960269eec88da76c7fc94e6e135d06a464be3b3c58017f568e3e26a79d27a,20260916,0.11.0,20,service,jobs,False,17,17,J000012,CORRECTIVE,OFF_ITEM,POWER#7,POWER,AIRCRAFT,,CENTER,OFF_ITEM,completed,56.42996406409169,56.42996406409169,59.129964064091695,1.7299640640916891,0.0,2.229964064091689,0.0
lifecycle,e70960269eec88da76c7fc94e6e135d06a464be3b3c58017f568e3e26a79d27a,20260916,0.11.0,20,service,jobs,False,17,17,J000013,PREVENTIVE,POWER_PREVENTIVE,POWER#2,POWER,AIRCRAFT,,CENTER,OFF_ITEM,covered_by_corrective,58.5,,63.400000000000006,3.0,0.0,3.0,0.0
lifecycle,e70960269eec88da76c7fc94e6e135d06a464be3b3c58017f568e3e26a79d27a,20260916,0.11.0,20,service,jobs,False,17,17,J000014,CORRECTIVE,POWER_CORRECTIVE,POWER#2,POWER,AIRCRAFT,AIRCRAFT@FLEET-004,BASE,REPLACE,completed,60.45376558623654,60.5,60.95,4.953765586236543,,4.953765586236543,0.0
lifecycle,e70960269eec88da76c7fc94e6e135d06a464be3b3c58017f568e3e26a79d27a,20260916,0.11.0,20,service,jobs,False,17,17,J000015,CORRECTIVE,OFF_ITEM,POWER#2,POWER,AIRCRAFT,,CENTER,OFF_ITEM,completed,60.7,60.7,63.400000000000006,4.953765586236543,0.0,5.0,1.9537655862365426
lifecycle,e70960269eec88da76c7fc94e6e135d06a464be3b3c58017f568e3e26a79d27a,20260916,0.11.0,20,service,jobs,False,17,17,J000016,PREVENTIVE,POWER_PREVENTIVE,POWER#8,POWER,AIRCRAFT,AIRCRAFT@FLEET-001,BASE,REPLACE,completed,62.77003593590831,64.5,64.94999999999999,4.729964064091689,,3.0,0.0
lifecycle,e70960269eec88da76c7fc94e6e135d06a464be3b3c58017f568e3e26a79d27a,20260916,0.11.0,20,service,jobs,False,17,17,J000017,PREVENTIVE,OFF_ITEM,POWER#8,POWER,AIRCRAFT,,CENTER,OFF_ITEM,completed,64.69999999999999,64.69999999999999,66.39999999999998,4.729964064091689,0.0,4.729964064091689,1.7299640640916891
lifecycle,e70960269eec88da76c7fc94e6e135d06a464be3b3c58017f568e3e26a79d27a,20260916,0.11.0,21,service,jobs,False,14,14,J000001,PREVENTIVE,POWER_PREVENTIVE,POWER#3,POWER,AIRCRAFT,AIRCRAFT@FLEET-001,BASE,REPLACE,completed,14.5,16.5,17.300000000000004,5.0,,3.0,0.0
lifecycle,e70960269eec88da76c7fc94e6e135d06a464be3b3c58017f568e3e26a79d27a,20260916,0.11.0,21,service,jobs,False,14,14,J000002,PREVENTIVE,POWER_PREVENTIVE,POWER#4,POWER,AIRCRAFT,AIRCRAFT@FLEET-002,BASE,IN_PLACE,completed,14.5,16.5,17.400000000000006,5.0,0.0,5.0,2.0
lifecycle,e70960269eec88da76c7fc94e6e135d06a464be3b3c58017f568e3e26a79d27a,20260916,0.11.0,21,service,jobs,False,14,14,J000003,PREVENTIVE,OFF_ITEM,POWER#3,POWER,AIRCRAFT,,CENTER,OFF_ITEM,completed,16.800000000000004,16.800000000000004,18.500000000000007,5.0,0.0,5.0,2.0
lifecycle,e70960269eec88da76c7fc94e6e135d06a464be3b3c58017f568e3e26a79d27a,20260916,0.11.0,21,service,jobs,False,14,14,J000004,PREVENTIVE,POWER_PREVENTIVE,POWER#5,POWER,AIRCRAFT,AIRCRAFT@FLEET-003,BASE,REPLACE,completed,30.5,32.5,33.050000000000004,5.0,,3.0,0.0
lifecycle,e70960269eec88da76c7fc94e6e135d06a464be3b3c58017f568e3e26a79d27a,20260916,0.11.0,21,service,jobs,False,14,14,J000005,PREVENTIVE,POWER_PREVENTIVE,POWER#6,POWER,AIRCRAFT,AIRCRAFT@FLEET-004,BASE,REPLACE,completed,30.5,32.5,32.95,5.0,,3.0,0.0
lifecycle,e70960269eec88da76c7fc94e6e135d06a464be3b3c58017f568e3e26a79d27a,20260916,0.11.0,21,service,jobs,False,14,14,J000006,PREVENTIVE,OFF_ITEM,POWER#6,POWER,AIRCRAFT,,CENTER,OFF_ITEM,completed,32.7,32.7,35.00000000000001,5.0,0.0,5.0,2.0
lifecycle,e70960269eec88da76c7fc94e6e135d06a464be3b3c58017f568e3e26a79d27a,20260916,0.11.0,21,service,jobs,False,14,14,J000007,PREVENTIVE,OFF_ITEM,POWER#5,POWER,AIRCRAFT,,CENTER,OFF_ITEM,completed,32.800000000000004,32.800000000000004,35.10000000000001,5.0,0.0,5.0,2.0
lifecycle,e70960269eec88da76c7fc94e6e135d06a464be3b3c58017f568e3e26a79d27a,20260916,0.11.0,21,service,jobs,False,14,14,J000008,RETIREMENT,POWER_CORRECTIVE,POWER#4,POWER,AIRCRAFT,AIRCRAFT@FLEET-002,BASE,REPLACE,completed,35.0,36.5,36.85,2.5,,6.0,0.0
lifecycle,e70960269eec88da76c7fc94e6e135d06a464be3b3c58017f568e3e26a79d27a,20260916,0.11.0,21,service,jobs,False,14,14,J000009,PREVENTIVE,POWER_PREVENTIVE,POWER#1,POWER,AIRCRAFT,AIRCRAFT@FLEET-001,BASE,REPLACE,completed,54.5,56.5,56.95,5.0,,3.0,0.0
lifecycle,e70960269eec88da76c7fc94e6e135d06a464be3b3c58017f568e3e26a79d27a,20260916,0.11.0,21,service,jobs,False,14,14,J000010,PREVENTIVE,OFF_ITEM,POWER#1,POWER,AIRCRAFT,,CENTER,OFF_ITEM,completed,56.7,56.7,58.400000000000006,5.0,0.0,5.0,2.0
lifecycle,e70960269eec88da76c7fc94e6e135d06a464be3b3c58017f568e3e26a79d27a,20260916,0.11.0,21,service,jobs,False,14,14,J000011,PREVENTIVE,POWER_PREVENTIVE,POWER#2,POWER,AIRCRAFT,AIRCRAFT@FLEET-004,BASE,IN_PLACE,completed,58.5,60.5,61.900000000000006,5.0,0.0,5.0,2.0
lifecycle,e70960269eec88da76c7fc94e6e135d06a464be3b3c58017f568e3e26a79d27a,20260916,0.11.0,21,service,jobs,False,14,14,J000012,PREVENTIVE,POWER_PREVENTIVE,POWER#7,POWER,AIRCRAFT,AIRCRAFT@FLEET-003,BASE,IN_PLACE,completed,58.5,60.5,61.800000000000004,5.0,0.0,5.0,2.0
lifecycle,e70960269eec88da76c7fc94e6e135d06a464be3b3c58017f568e3e26a79d27a,20260916,0.11.0,21,service,jobs,False,14,14,J000013,PREVENTIVE,POWER_PREVENTIVE,POWER#8,POWER,AIRCRAFT,AIRCRAFT@FLEET-002,BASE,REPLACE,completed,62.5,64.5,64.94999999999999,5.0,,3.0,0.0
lifecycle,e70960269eec88da76c7fc94e6e135d06a464be3b3c58017f568e3e26a79d27a,20260916,0.11.0,21,service,jobs,False,14,14,J000014,PREVENTIVE,OFF_ITEM,POWER#8,POWER,AIRCRAFT,,CENTER,OFF_ITEM,completed,64.69999999999999,64.69999999999999,66.39999999999998,5.0,0.0,5.0,2.0
lifecycle,e70960269eec88da76c7fc94e6e135d06a464be3b3c58017f568e3e26a79d27a,20260916,0.11.0,22,service,jobs,False,13,13,J000001,CORRECTIVE,POWER_CORRECTIVE,POWER#3,POWER,AIRCRAFT,AIRCRAFT@FLEET-001,BASE,IN_PLACE,completed,8.126833196596275,8.5,10.2,2.126833196596275,0.0,2.5,0.0
lifecycle,e70960269eec88da76c7fc94e6e135d06a464be3b3c58017f568e3e26a79d27a,20260916,0.11.0,22,service,jobs,False,13,13,J000002,PREVENTIVE,POWER_PREVENTIVE,POWER#4,POWER,AIRCRAFT,AIRCRAFT@FLEET-002,BASE,REPLACE,completed,14.5,16.5,16.950000000000003,5.0,,3.0,0.0
lifecycle,e70960269eec88da76c7fc94e6e135d06a464be3b3c58017f568e3e26a79d27a,20260916,0.11.0,22,service,jobs,False,13,13,J000003,PREVENTIVE,OFF_ITEM,POWER#4,POWER,AIRCRAFT,,CENTER,OFF_ITEM,completed,16.700000000000003,16.700000000000003,18.400000000000006,5.0,0.0,5.0,2.0
lifecycle,e70960269eec88da76c7fc94e6e135d06a464be3b3c58017f568e3e26a79d27a,20260916,0.11.0,22,service,jobs,False,13,13,J000004,CORRECTIVE,POWER_CORRECTIVE,POWER#5,POWER,AIRCRAFT,AIRCRAFT@FLEET-003,BASE,REPLACE,completed,30.41682020037097,30.833640400741942,31.633640400741946,2.916820200370971,,2.916820200370971,0.0
lifecycle,e70960269eec88da76c7fc94e6e135d06a464be3b3c58017f568e3e26a79d27a,20260916,0.11.0,22,service,jobs,False,13,13,J000005,PREVENTIVE,POWER_PREVENTIVE,POWER#6,POWER,AIRCRAFT,AIRCRAFT@FLEET-004,BASE,IN_PLACE,completed,30.5,30.833640400741942,31.733640400741947,3.333640400741942,0.0,3.333640400741942,0.3336404007419418
lifecycle,e70960269eec88da76c7fc94e6e135d06a464be3b3c58017f568e3e26a79d27a,20260916,0.11.0,22,service,jobs,False,13,13,J000006,CORRECTIVE,OFF_ITEM,POWER#5,POWER,AIRCRAFT,,CENTER,OFF_ITEM,completed,31.133640400741946,31.133640400741946,33.83364040074195,2.916820200370971,0.0,3.333640400741942,0.0
lifecycle,e70960269eec88da76c7fc94e6e135d06a464be3b3c58017f568e3e26a79d27a,20260916,0.11.0,22,service,jobs,False,13,13,J000007,PREVENTIVE,POWER_PREVENTIVE,POWER#3,POWER,AIRCRAFT,AIRCRAFT@FLEET-001,BASE,REPLACE,cancelled_retirement,34.5,,35.0,3.0,,5.5,0.0
lifecycle,e70960269eec88da76c7fc94e6e135d06a464be3b3c58017f568e3e26a79d27a,20260916,0.11.0,22,service,jobs,False,13,13,J000008,RETIREMENT,POWER_CORRECTIVE,POWER#3,POWER,AIRCRAFT,AIRCRAFT@FLEET-001,BASE,REPLACE,completed,35.0,36.5,36.85,5.0,,6.0,0.0
lifecycle,e70960269eec88da76c7fc94e6e135d06a464be3b3c58017f568e3e26a79d27a,20260916,0.11.0,22,service,jobs,False,13,13,J000009,PREVENTIVE,POWER_PREVENTIVE,POWER#1,POWER,AIRCRAFT,AIRCRAFT@FLEET-002,BASE,REPLACE,completed,54.5,56.5,56.95,5.0,,3.0,0.0
lifecycle,e70960269eec88da76c7fc94e6e135d06a464be3b3c58017f568e3e26a79d27a,20260916,0.11.0,22,service,jobs,False,13,13,J000010,PREVENTIVE,OFF_ITEM,POWER#1,POWER,AIRCRAFT,,CENTER,OFF_ITEM,completed,56.7,56.7,58.400000000000006,5.0,0.0,5.0,2.0
lifecycle,e70960269eec88da76c7fc94e6e135d06a464be3b3c58017f568e3e26a79d27a,20260916,0.11.0,22,service,jobs,False,13,13,J000011,RETIREMENT,POWER_CORRECTIVE,POWER#6,POWER,AIRCRAFT,AIRCRAFT@FLEET-004,BASE,REPLACE,completed,58.16635959925806,60.5,61.2,5.0,,6.0,0.0
lifecycle,e70960269eec88da76c7fc94e6e135d06a464be3b3c58017f568e3e26a79d27a,20260916,0.11.0,22,service,jobs,False,13,13,J000012,PREVENTIVE,POWER_PREVENTIVE,POWER#2,POWER,AIRCRAFT,AIRCRAFT@FLEET-003,BASE,IN_PLACE,completed,58.5,60.5,61.300000000000004,5.0,0.0,5.0,2.0
lifecycle,e70960269eec88da76c7fc94e6e135d06a464be3b3c58017f568e3e26a79d27a,20260916,0.11.0,22,service,jobs,False,13,13,J000013,PREVENTIVE,POWER_PREVENTIVE,POWER#7,POWER,AIRCRAFT,AIRCRAFT@FLEET-001,BASE,IN_PLACE,completed,62.5,64.5,65.19999999999999,5.0,0.0,5.0,2.0
lifecycle,e70960269eec88da76c7fc94e6e135d06a464be3b3c58017f568e3e26a79d27a,20260916,0.11.0,23,service,jobs,False,15,15,J000001,PREVENTIVE,POWER_PREVENTIVE,POWER#3,POWER,AIRCRAFT,AIRCRAFT@FLEET-001,BASE,IN_PLACE,completed,14.5,16.5,17.900000000000006,5.0,0.0,5.0,2.0
lifecycle,e70960269eec88da76c7fc94e6e135d06a464be3b3c58017f568e3e26a79d27a,20260916,0.11.0,23,service,jobs,False,15,15,J000002,PREVENTIVE,POWER_PREVENTIVE,POWER#4,POWER,AIRCRAFT,AIRCRAFT@FLEET-002,BASE,IN_PLACE,completed,14.5,16.5,17.800000000000004,5.0,0.0,5.0,2.0
lifecycle,e70960269eec88da76c7fc94e6e135d06a464be3b3c58017f568e3e26a79d27a,20260916,0.11.0,23,service,jobs,False,15,15,J000003,PREVENTIVE,POWER_PREVENTIVE,POWER#5,POWER,AIRCRAFT,AIRCRAFT@FLEET-003,BASE,REPLACE,completed,30.5,32.5,33.300000000000004,5.0,,3.0,0.0
lifecycle,e70960269eec88da76c7fc94e6e135d06a464be3b3c58017f568e3e26a79d27a,20260916,0.11.0,23,service,jobs,False,15,15,J000004,PREVENTIVE,POWER_PREVENTIVE,POWER#6,POWER,AIRCRAFT,AIRCRAFT@FLEET-004,BASE,IN_PLACE,completed,30.5,32.5,33.400000000000006,5.0,0.0,5.0,2.0
lifecycle,e70960269eec88da76c7fc94e6e135d06a464be3b3c58017f568e3e26a79d27a,20260916,0.11.0,23,service,jobs,False,15,15,J000005,PREVENTIVE,OFF_ITEM,POWER#5,POWER,AIRCRAFT,,CENTER,OFF_ITEM,completed,32.800000000000004,32.800000000000004,34.50000000000001,5.0,0.0,5.0,2.0
lifecycle,e70960269eec88da76c7fc94e6e135d06a464be3b3c58017f568e3e26a79d27a,20260916,0.11.0,23,service,jobs,False,15,15,J000006,RETIREMENT,POWER_CORRECTIVE,POWER#3,POWER,AIRCRAFT,AIRCRAFT@FLEET-001,BASE,REPLACE,completed,35.0,36.5,36.95,2.5,,6.0,0.0
lifecycle,e70960269eec88da76c7fc94e6e135d06a464be3b3c58017f568e3e26a79d27a,20260916,0.11.0,23,service,jobs,False,15,15,J000007,RETIREMENT,POWER_CORRECTIVE,POWER#4,POWER,AIRCRAFT,AIRCRAFT@FLEET-002,BASE,REPLACE,completed,35.0,36.5,36.85,2.5,,6.0,0.0
lifecycle,e70960269eec88da76c7fc94e6e135d06a464be3b3c58017f568e3e26a79d27a,20260916,0.11.0,23,service,jobs,False,15,15,J000008,RETIREMENT,POWER_CORRECTIVE,POWER#6,POWER,AIRCRAFT,AIRCRAFT@FLEET-004,BASE,REPLACE,completed,39.0,40.43752630928575,40.78752630928575,2.437526309285751,,6.0,0.0
lifecycle,e70960269eec88da76c7fc94e6e135d06a464be3b3c58017f568e3e26a79d27a,20260916,0.11.0,23,service,jobs,False,15,15,J000009,CORRECTIVE,POWER_CORRECTIVE,POWER#1,POWER,AIRCRAFT,AIRCRAFT@FLEET-003,BASE,REPLACE,completed,39.93752630928575,40.43752630928575,40.887526309285754,1.9375263092857509,,1.9375263092857509,0.0
lifecycle,e70960269eec88da76c7fc94e6e135d06a464be3b3c58017f568e3e26a79d27a,20260916,0.11.0,23,service,jobs,False,15,15,J000010,CORRECTIVE,OFF_ITEM,POWER#1,POWER,AIRCRAFT,,CENTER,OFF_ITEM,completed,40.637526309285754,40.637526309285754,43.33752630928576,1.9375263092857509,0.0,2.437526309285751,0.0
lifecycle,e70960269eec88da76c7fc94e6e135d06a464be3b3c58017f568e3e26a79d27a,20260916,0.11.0,23,service,jobs,False,15,15,J000011,CORRECTIVE,POWER_CORRECTIVE,POWER#9,POWER,AIRCRAFT,AIRCRAFT@FLEET-003,BASE,REPLACE,completed,58.731747802344394,59.231747802344394,59.6817478023444,0.731747802344394,,0.731747802344394,0.0
lifecycle,e70960269eec88da76c7fc94e6e135d06a464be3b3c58017f568e3e26a79d27a,20260916,0.11.0,23,service,jobs,False,15,15,J000012,CORRECTIVE,OFF_ITEM,POWER#9,POWER,AIRCRAFT,,CENTER,OFF_ITEM,completed,59.4317478023444,59.4317478023444,62.1317478023444,0.731747802344394,0.0,1.231747802344394,0.0
lifecycle,e70960269eec88da76c7fc94e6e135d06a464be3b3c58017f568e3e26a79d27a,20260916,0.11.0,23,service,jobs,False,15,15,J000013,PREVENTIVE,POWER_PREVENTIVE,POWER#2,POWER,AIRCRAFT,AIRCRAFT@FLEET-002,BASE,REPLACE,completed,62.5,64.5,65.29999999999998,5.0,,3.0,0.0
lifecycle,e70960269eec88da76c7fc94e6e135d06a464be3b3c58017f568e3e26a79d27a,20260916,0.11.0,23,service,jobs,False,15,15,J000014,PREVENTIVE,POWER_PREVENTIVE,POWER#7,POWER,AIRCRAFT,AIRCRAFT@FLEET-001,BASE,IN_PLACE,completed,62.5,64.5,65.39999999999998,5.0,0.0,5.0,2.0
lifecycle,e70960269eec88da76c7fc94e6e135d06a464be3b3c58017f568e3e26a79d27a,20260916,0.11.0,23,service,jobs,False,15,15,J000015,PREVENTIVE,OFF_ITEM,POWER#2,POWER,AIRCRAFT,,CENTER,OFF_ITEM,completed,64.79999999999998,64.79999999999998,66.49999999999997,5.0,0.0,5.0,2.0
lifecycle,e70960269eec88da76c7fc94e6e135d06a464be3b3c58017f568e3e26a79d27a,20260916,0.11.0,24,service,jobs,False,12,12,J000001,PREVENTIVE,POWER_PREVENTIVE,POWER#3,POWER,AIRCRAFT,AIRCRAFT@FLEET-001,BASE,REPLACE,completed,14.5,16.5,17.300000000000004,5.0,,3.0,0.0
lifecycle,e70960269eec88da76c7fc94e6e135d06a464be3b3c58017f568e3e26a79d27a,20260916,0.11.0,24,service,jobs,False,12,12,J000002,PREVENTIVE,POWER_PREVENTIVE,POWER#4,POWER,AIRCRAFT,AIRCRAFT@FLEET-002,BASE,IN_PLACE,completed,14.5,16.5,17.400000000000006,5.0,0.0,5.0,2.0
lifecycle,e70960269eec88da76c7fc94e6e135d06a464be3b3c58017f568e3e26a79d27a,20260916,0.11.0,24,service,jobs,False,12,12,J000003,PREVENTIVE,OFF_ITEM,POWER#3,POWER,AIRCRAFT,,CENTER,OFF_ITEM,completed,16.800000000000004,16.800000000000004,18.500000000000007,5.0,0.0,5.0,2.0
lifecycle,e70960269eec88da76c7fc94e6e135d06a464be3b3c58017f568e3e26a79d27a,20260916,0.11.0,24,service,jobs,False,12,12,J000004,PREVENTIVE,POWER_PREVENTIVE,POWER#5,POWER,AIRCRAFT,AIRCRAFT@FLEET-003,BASE,IN_PLACE,completed,30.5,32.5,33.400000000000006,5.0,0.0,5.0,2.0
lifecycle,e70960269eec88da76c7fc94e6e135d06a464be3b3c58017f568e3e26a79d27a,20260916,0.11.0,24,service,jobs,False,12,12,J000005,PREVENTIVE,POWER_PREVENTIVE,POWER#6,POWER,AIRCRAFT,AIRCRAFT@FLEET-004,BASE,REPLACE,completed,30.5,32.5,33.300000000000004,5.0,,3.0,0.0
lifecycle,e70960269eec88da76c7fc94e6e135d06a464be3b3c58017f568e3e26a79d27a,20260916,0.11.0,24,service,jobs,False,12,12,J000006,PREVENTIVE,OFF_ITEM,POWER#6,POWER,AIRCRAFT,,CENTER,OFF_ITEM,completed,32.7,32.7,34.400000000000006,5.0,0.0,5.0,2.0
lifecycle,e70960269eec88da76c7fc94e6e135d06a464be3b3c58017f568e3e26a79d27a,20260916,0.11.0,24,service,jobs,False,12,12,J000007,RETIREMENT,POWER_CORRECTIVE,POWER#4,POWER,AIRCRAFT,AIRCRAFT@FLEET-002,BASE,REPLACE,completed,35.0,36.5,36.85,2.5,,6.0,0.0
lifecycle,e70960269eec88da76c7fc94e6e135d06a464be3b3c58017f568e3e26a79d27a,20260916,0.11.0,24,service,jobs,False,12,12,J000008,RETIREMENT,POWER_CORRECTIVE,POWER#5,POWER,AIRCRAFT,AIRCRAFT@FLEET-003,BASE,REPLACE,completed,39.0,40.5,40.85,2.5,,6.0,0.0
lifecycle,e70960269eec88da76c7fc94e6e135d06a464be3b3c58017f568e3e26a79d27a,20260916,0.11.0,24,service,jobs,False,12,12,J000009,PREVENTIVE,POWER_PREVENTIVE,POWER#1,POWER,AIRCRAFT,AIRCRAFT@FLEET-001,BASE,IN_PLACE,completed,54.5,56.5,57.2,5.0,0.0,5.0,2.0
lifecycle,e70960269eec88da76c7fc94e6e135d06a464be3b3c58017f568e3e26a79d27a,20260916,0.11.0,24,service,jobs,False,12,12,J000010,PREVENTIVE,POWER_PREVENTIVE,POWER#2,POWER,AIRCRAFT,AIRCRAFT@FLEET-004,BASE,IN_PLACE,completed,58.5,60.5,61.2,5.0,0.0,5.0,2.0
lifecycle,e70960269eec88da76c7fc94e6e135d06a464be3b3c58017f568e3e26a79d27a,20260916,0.11.0,24,service,jobs,False,12,12,J000011,PREVENTIVE,POWER_PREVENTIVE,POWER#7,POWER,AIRCRAFT,AIRCRAFT@FLEET-002,BASE,IN_PLACE,completed,62.5,64.5,65.29999999999998,5.0,0.0,5.0,2.0
lifecycle,e70960269eec88da76c7fc94e6e135d06a464be3b3c58017f568e3e26a79d27a,20260916,0.11.0,24,service,jobs,False,12,12,J000012,RETIREMENT,POWER_CORRECTIVE,POWER#1,POWER,AIRCRAFT,AIRCRAFT@FLEET-001,BASE,REPLACE,completed,63.0,64.5,65.19999999999999,2.5,,6.0,0.0
lifecycle,e70960269eec88da76c7fc94e6e135d06a464be3b3c58017f568e3e26a79d27a,20260916,0.11.0,25,service,jobs,False,14,14,J000001,PREVENTIVE,POWER_PREVENTIVE,POWER#3,POWER,AIRCRAFT,AIRCRAFT@FLEET-001,BASE,REPLACE,completed,14.5,16.5,17.050000000000004,5.0,,3.0,0.0
lifecycle,e70960269eec88da76c7fc94e6e135d06a464be3b3c58017f568e3e26a79d27a,20260916,0.11.0,25,service,jobs,False,14,14,J000002,PREVENTIVE,POWER_PREVENTIVE,POWER#4,POWER,AIRCRAFT,AIRCRAFT@FLEET-002,BASE,REPLACE,completed,14.5,16.5,16.950000000000003,5.0,,3.0,0.0
lifecycle,e70960269eec88da76c7fc94e6e135d06a464be3b3c58017f568e3e26a79d27a,20260916,0.11.0,25,service,jobs,False,14,14,J000003,PREVENTIVE,OFF_ITEM,POWER#4,POWER,AIRCRAFT,,CENTER,OFF_ITEM,completed,16.700000000000003,16.700000000000003,19.000000000000007,5.0,0.0,5.0,2.0
lifecycle,e70960269eec88da76c7fc94e6e135d06a464be3b3c58017f568e3e26a79d27a,20260916,0.11.0,25,service,jobs,False,14,14,J000004,PREVENTIVE,OFF_ITEM,POWER#3,POWER,AIRCRAFT,,CENTER,OFF_ITEM,completed,16.800000000000004,16.800000000000004,19.10000000000001,5.0,0.0,5.0,2.0
lifecycle,e70960269eec88da76c7fc94e6e135d06a464be3b3c58017f568e3e26a79d27a,20260916,0.11.0,25,service,jobs,False,14,14,J000005,PREVENTIVE,POWER_PREVENTIVE,POWER#5,POWER,AIRCRAFT,AIRCRAFT@FLEET-003,BASE,REPLACE,completed,30.5,32.5,33.300000000000004,5.0,,3.0,0.0
lifecycle,e70960269eec88da76c7fc94e6e135d06a464be3b3c58017f568e3e26a79d27a,20260916,0.11.0,25,service,jobs,False,14,14,J000006,PREVENTIVE,POWER_PREVENTIVE,POWER#6,POWER,AIRCRAFT,AIRCRAFT@FLEET-004,BASE,IN_PLACE,completed,30.5,32.5,33.400000000000006,5.0,0.0,5.0,2.0
lifecycle,e70960269eec88da76c7fc94e6e135d06a464be3b3c58017f568e3e26a79d27a,20260916,0.11.0,25,service,jobs,False,14,14,J000007,PREVENTIVE,OFF_ITEM,POWER#5,POWER,AIRCRAFT,,CENTER,OFF_ITEM,completed,32.800000000000004,32.800000000000004,34.50000000000001,5.0,0.0,5.0,2.0
lifecycle,e70960269eec88da76c7fc94e6e135d06a464be3b3c58017f568e3e26a79d27a,20260916,0.11.0,25,service,jobs,False,14,14,J000008,RETIREMENT,POWER_CORRECTIVE,POWER#6,POWER,AIRCRAFT,AIRCRAFT@FLEET-004,BASE,REPLACE,completed,39.0,40.5,40.85,2.5,,6.0,0.0
lifecycle,e70960269eec88da76c7fc94e6e135d06a464be3b3c58017f568e3e26a79d27a,20260916,0.11.0,25,service,jobs,False,14,14,J000009,PREVENTIVE,POWER_PREVENTIVE,POWER#1,POWER,AIRCRAFT,AIRCRAFT@FLEET-002,BASE,REPLACE,completed,54.5,56.5,57.300000000000004,5.0,,3.0,0.0
lifecycle,e70960269eec88da76c7fc94e6e135d06a464be3b3c58017f568e3e26a79d27a,20260916,0.11.0,25,service,jobs,False,14,14,J000010,PREVENTIVE,POWER_PREVENTIVE,POWER#2,POWER,AIRCRAFT,AIRCRAFT@FLEET-001,BASE,IN_PLACE,completed,54.5,56.5,57.400000000000006,5.0,0.0,5.0,2.0
lifecycle,e70960269eec88da76c7fc94e6e135d06a464be3b3c58017f568e3e26a79d27a,20260916,0.11.0,25,service,jobs,False,14,14,J000011,PREVENTIVE,OFF_ITEM,POWER#1,POWER,AIRCRAFT,,CENTER,OFF_ITEM,completed,56.800000000000004,56.800000000000004,58.50000000000001,5.0,0.0,5.0,2.0
lifecycle,e70960269eec88da76c7fc94e6e135d06a464be3b3c58017f568e3e26a79d27a,20260916,0.11.0,25,service,jobs,False,14,14,J000012,PREVENTIVE,POWER_PREVENTIVE,POWER#7,POWER,AIRCRAFT,AIRCRAFT@FLEET-003,BASE,REPLACE,completed,58.5,60.5,60.95,5.0,,3.0,0.0
lifecycle,e70960269eec88da76c7fc94e6e135d06a464be3b3c58017f568e3e26a79d27a,20260916,0.11.0,25,service,jobs,False,14,14,J000013,PREVENTIVE,OFF_ITEM,POWER#7,POWER,AIRCRAFT,,CENTER,OFF_ITEM,completed,60.7,60.7,62.400000000000006,5.0,0.0,5.0,2.0
lifecycle,e70960269eec88da76c7fc94e6e135d06a464be3b3c58017f568e3e26a79d27a,20260916,0.11.0,25,service,jobs,False,14,14,J000014,RETIREMENT,POWER_CORRECTIVE,POWER#2,POWER,AIRCRAFT,AIRCRAFT@FLEET-001,BASE,REPLACE,completed,63.0,64.5,64.85,2.5,,6.0,0.0
lifecycle,e70960269eec88da76c7fc94e6e135d06a464be3b3c58017f568e3e26a79d27a,20260916,0.11.0,26,service,jobs,False,12,12,J000001,PREVENTIVE,POWER_PREVENTIVE,POWER#3,POWER,AIRCRAFT,AIRCRAFT@FLEET-001,BASE,IN_PLACE,completed,14.5,16.5,17.900000000000006,5.0,0.0,5.0,2.0
lifecycle,e70960269eec88da76c7fc94e6e135d06a464be3b3c58017f568e3e26a79d27a,20260916,0.11.0,26,service,jobs,False,12,12,J000002,PREVENTIVE,POWER_PREVENTIVE,POWER#4,POWER,AIRCRAFT,AIRCRAFT@FLEET-002,BASE,IN_PLACE,completed,14.5,16.5,17.800000000000004,5.0,0.0,5.0,2.0
lifecycle,e70960269eec88da76c7fc94e6e135d06a464be3b3c58017f568e3e26a79d27a,20260916,0.11.0,26,service,jobs,False,12,12,J000003,PREVENTIVE,POWER_PREVENTIVE,POWER#5,POWER,AIRCRAFT,AIRCRAFT@FLEET-003,BASE,REPLACE,completed,30.5,32.5,33.300000000000004,5.0,,3.0,0.0
lifecycle,e70960269eec88da76c7fc94e6e135d06a464be3b3c58017f568e3e26a79d27a,20260916,0.11.0,26,service,jobs,False,12,12,J000004,PREVENTIVE,POWER_PREVENTIVE,POWER#6,POWER,AIRCRAFT,AIRCRAFT@FLEET-004,BASE,IN_PLACE,completed,30.5,32.5,33.400000000000006,5.0,0.0,5.0,2.0
lifecycle,e70960269eec88da76c7fc94e6e135d06a464be3b3c58017f568e3e26a79d27a,20260916,0.11.0,26,service,jobs,False,12,12,J000005,PREVENTIVE,OFF_ITEM,POWER#5,POWER,AIRCRAFT,,CENTER,OFF_ITEM,completed,32.800000000000004,32.800000000000004,34.50000000000001,5.0,0.0,5.0,2.0
lifecycle,e70960269eec88da76c7fc94e6e135d06a464be3b3c58017f568e3e26a79d27a,20260916,0.11.0,26,service,jobs,False,12,12,J000006,RETIREMENT,POWER_CORRECTIVE,POWER#3,POWER,AIRCRAFT,AIRCRAFT@FLEET-001,BASE,REPLACE,completed,35.0,36.5,36.95,2.5,,6.0,0.0
lifecycle,e70960269eec88da76c7fc94e6e135d06a464be3b3c58017f568e3e26a79d27a,20260916,0.11.0,26,service,jobs,False,12,12,J000007,RETIREMENT,POWER_CORRECTIVE,POWER#4,POWER,AIRCRAFT,AIRCRAFT@FLEET-002,BASE,REPLACE,completed,35.0,36.5,36.85,2.5,,6.0,0.0
lifecycle,e70960269eec88da76c7fc94e6e135d06a464be3b3c58017f568e3e26a79d27a,20260916,0.11.0,26,service,jobs,False,12,12,J000008,RETIREMENT,POWER_CORRECTIVE,POWER#6,POWER,AIRCRAFT,AIRCRAFT@FLEET-004,BASE,REPLACE,completed,39.0,40.5,40.85,2.5,,6.0,0.0
lifecycle,e70960269eec88da76c7fc94e6e135d06a464be3b3c58017f568e3e26a79d27a,20260916,0.11.0,26,service,jobs,False,12,12,J000009,PREVENTIVE,POWER_PREVENTIVE,POWER#1,POWER,AIRCRAFT,AIRCRAFT@FLEET-003,BASE,REPLACE,completed,58.5,60.5,60.95,5.0,,3.0,0.0
lifecycle,e70960269eec88da76c7fc94e6e135d06a464be3b3c58017f568e3e26a79d27a,20260916,0.11.0,26,service,jobs,False,12,12,J000010,PREVENTIVE,OFF_ITEM,POWER#1,POWER,AIRCRAFT,,CENTER,OFF_ITEM,completed,60.7,60.7,62.400000000000006,5.0,0.0,5.0,2.0
lifecycle,e70960269eec88da76c7fc94e6e135d06a464be3b3c58017f568e3e26a79d27a,20260916,0.11.0,26,service,jobs,False,12,12,J000011,PREVENTIVE,POWER_PREVENTIVE,POWER#2,POWER,AIRCRAFT,AIRCRAFT@FLEET-002,BASE,IN_PLACE,completed,62.5,64.5,65.89999999999998,5.0,0.0,5.0,2.0
lifecycle,e70960269eec88da76c7fc94e6e135d06a464be3b3c58017f568e3e26a79d27a,20260916,0.11.0,26,service,jobs,False,12,12,J000012,PREVENTIVE,POWER_PREVENTIVE,POWER#7,POWER,AIRCRAFT,AIRCRAFT@FLEET-001,BASE,IN_PLACE,completed,62.5,64.5,65.79999999999998,5.0,0.0,5.0,2.0
lifecycle,e70960269eec88da76c7fc94e6e135d06a464be3b3c58017f568e3e26a79d27a,20260916,0.11.0,27,service,jobs,False,12,12,J000001,PREVENTIVE,POWER_PREVENTIVE,POWER#3,POWER,AIRCRAFT,AIRCRAFT@FLEET-001,BASE,REPLACE,completed,14.5,16.5,17.050000000000004,5.0,,3.0,0.0
lifecycle,e70960269eec88da76c7fc94e6e135d06a464be3b3c58017f568e3e26a79d27a,20260916,0.11.0,27,service,jobs,False,12,12,J000002,PREVENTIVE,POWER_PREVENTIVE,POWER#4,POWER,AIRCRAFT,AIRCRAFT@FLEET-002,BASE,REPLACE,completed,14.5,16.5,16.950000000000003,5.0,,3.0,0.0
lifecycle,e70960269eec88da76c7fc94e6e135d06a464be3b3c58017f568e3e26a79d27a,20260916,0.11.0,27,service,jobs,False,12,12,J000003,PREVENTIVE,OFF_ITEM,POWER#4,POWER,AIRCRAFT,,CENTER,OFF_ITEM,completed,16.700000000000003,16.700000000000003,19.000000000000007,5.0,0.0,5.0,2.0
lifecycle,e70960269eec88da76c7fc94e6e135d06a464be3b3c58017f568e3e26a79d27a,20260916,0.11.0,27,service,jobs,False,12,12,J000004,PREVENTIVE,OFF_ITEM,POWER#3,POWER,AIRCRAFT,,CENTER,OFF_ITEM,completed,16.800000000000004,16.800000000000004,19.10000000000001,5.0,0.0,5.0,2.0
lifecycle,e70960269eec88da76c7fc94e6e135d06a464be3b3c58017f568e3e26a79d27a,20260916,0.11.0,27,service,jobs,False,12,12,J000005,PREVENTIVE,POWER_PREVENTIVE,POWER#5,POWER,AIRCRAFT,AIRCRAFT@FLEET-003,BASE,IN_PLACE,completed,30.5,32.5,33.900000000000006,5.0,0.0,5.0,2.0
lifecycle,e70960269eec88da76c7fc94e6e135d06a464be3b3c58017f568e3e26a79d27a,20260916,0.11.0,27,service,jobs,False,12,12,J000006,PREVENTIVE,POWER_PREVENTIVE,POWER#6,POWER,AIRCRAFT,AIRCRAFT@FLEET-004,BASE,IN_PLACE,completed,30.5,32.5,33.800000000000004,5.0,0.0,5.0,2.0
lifecycle,e70960269eec88da76c7fc94e6e135d06a464be3b3c58017f568e3e26a79d27a,20260916,0.11.0,27,service,jobs,False,12,12,J000007,RETIREMENT,POWER_CORRECTIVE,POWER#5,POWER,AIRCRAFT,AIRCRAFT@FLEET-003,BASE,REPLACE,completed,39.0,40.5,40.95,2.5,,6.0,0.0
lifecycle,e70960269eec88da76c7fc94e6e135d06a464be3b3c58017f568e3e26a79d27a,20260916,0.11.0,27,service,jobs,False,12,12,J000008,RETIREMENT,POWER_CORRECTIVE,POWER#6,POWER,AIRCRAFT,AIRCRAFT@FLEET-004,BASE,REPLACE,completed,39.0,40.5,40.85,2.5,,6.0,0.0
lifecycle,e70960269eec88da76c7fc94e6e135d06a464be3b3c58017f568e3e26a79d27a,20260916,0.11.0,27,service,jobs,False,12,12,J000009,PREVENTIVE,POWER_PREVENTIVE,POWER#1,POWER,AIRCRAFT,AIRCRAFT@FLEET-002,BASE,IN_PLACE,completed,54.5,56.5,57.900000000000006,5.0,0.0,5.0,2.0
lifecycle,e70960269eec88da76c7fc94e6e135d06a464be3b3c58017f568e3e26a79d27a,20260916,0.11.0,27,service,jobs,False,12,12,J000010,PREVENTIVE,POWER_PREVENTIVE,POWER#2,POWER,AIRCRAFT,AIRCRAFT@FLEET-001,BASE,IN_PLACE,completed,54.5,56.5,57.800000000000004,5.0,0.0,5.0,2.0
lifecycle,e70960269eec88da76c7fc94e6e135d06a464be3b3c58017f568e3e26a79d27a,20260916,0.11.0,27,service,jobs,False,12,12,J000011,RETIREMENT,POWER_CORRECTIVE,POWER#1,POWER,AIRCRAFT,AIRCRAFT@FLEET-002,BASE,REPLACE,completed,63.0,64.5,64.94999999999999,2.5,,6.0,0.0
lifecycle,e70960269eec88da76c7fc94e6e135d06a464be3b3c58017f568e3e26a79d27a,20260916,0.11.0,27,service,jobs,False,12,12,J000012,RETIREMENT,POWER_CORRECTIVE,POWER#2,POWER,AIRCRAFT,AIRCRAFT@FLEET-001,BASE,REPLACE,completed,63.0,64.5,64.85,2.5,,6.0,0.0
lifecycle,e70960269eec88da76c7fc94e6e135d06a464be3b3c58017f568e3e26a79d27a,20260916,0.11.0,28,service,jobs,False,16,16,J000001,PREVENTIVE,POWER_PREVENTIVE,POWER#3,POWER,AIRCRAFT,AIRCRAFT@FLEET-001,BASE,REPLACE,completed,14.5,16.5,17.050000000000004,5.0,,3.0,0.0
lifecycle,e70960269eec88da76c7fc94e6e135d06a464be3b3c58017f568e3e26a79d27a,20260916,0.11.0,28,service,jobs,False,16,16,J000002,PREVENTIVE,POWER_PREVENTIVE,POWER#4,POWER,AIRCRAFT,AIRCRAFT@FLEET-002,BASE,REPLACE,completed,14.5,16.5,16.950000000000003,5.0,,3.0,0.0
lifecycle,e70960269eec88da76c7fc94e6e135d06a464be3b3c58017f568e3e26a79d27a,20260916,0.11.0,28,service,jobs,False,16,16,J000003,PREVENTIVE,OFF_ITEM,POWER#4,POWER,AIRCRAFT,,CENTER,OFF_ITEM,completed,16.700000000000003,16.700000000000003,19.000000000000007,5.0,0.0,5.0,2.0
lifecycle,e70960269eec88da76c7fc94e6e135d06a464be3b3c58017f568e3e26a79d27a,20260916,0.11.0,28,service,jobs,False,16,16,J000004,PREVENTIVE,OFF_ITEM,POWER#3,POWER,AIRCRAFT,,CENTER,OFF_ITEM,completed,16.800000000000004,16.800000000000004,19.10000000000001,5.0,0.0,5.0,2.0
lifecycle,e70960269eec88da76c7fc94e6e135d06a464be3b3c58017f568e3e26a79d27a,20260916,0.11.0,28,service,jobs,False,16,16,J000005,PREVENTIVE,POWER_PREVENTIVE,POWER#5,POWER,AIRCRAFT,AIRCRAFT@FLEET-003,BASE,REPLACE,completed,30.5,32.5,33.050000000000004,5.0,,3.0,0.0
lifecycle,e70960269eec88da76c7fc94e6e135d06a464be3b3c58017f568e3e26a79d27a,20260916,0.11.0,28,service,jobs,False,16,16,J000006,PREVENTIVE,POWER_PREVENTIVE,POWER#6,POWER,AIRCRAFT,AIRCRAFT@FLEET-004,BASE,REPLACE,completed,30.5,32.5,32.95,5.0,,3.0,0.0
lifecycle,e70960269eec88da76c7fc94e6e135d06a464be3b3c58017f568e3e26a79d27a,20260916,0.11.0,28,service,jobs,False,16,16,J000007,PREVENTIVE,OFF_ITEM,POWER#6,POWER,AIRCRAFT,,CENTER,OFF_ITEM,completed,32.7,32.7,35.00000000000001,5.0,0.0,5.0,2.0
lifecycle,e70960269eec88da76c7fc94e6e135d06a464be3b3c58017f568e3e26a79d27a,20260916,0.11.0,28,service,jobs,False,16,16,J000008,PREVENTIVE,OFF_ITEM,POWER#5,POWER,AIRCRAFT,,CENTER,OFF_ITEM,completed,32.800000000000004,32.800000000000004,35.10000000000001,5.0,0.0,5.0,2.0
lifecycle,e70960269eec88da76c7fc94e6e135d06a464be3b3c58017f568e3e26a79d27a,20260916,0.11.0,28,service,jobs,False,16,16,J000009,PREVENTIVE,POWER_PREVENTIVE,POWER#1,POWER,AIRCRAFT,AIRCRAFT@FLEET-002,BASE,IN_PLACE,completed,54.5,56.5,57.400000000000006,5.0,0.0,5.0,2.0
lifecycle,e70960269eec88da76c7fc94e6e135d06a464be3b3c58017f568e3e26a79d27a,20260916,0.11.0,28,service,jobs,False,16,16,J000010,PREVENTIVE,POWER_PREVENTIVE,POWER#2,POWER,AIRCRAFT,AIRCRAFT@FLEET-001,BASE,REPLACE,completed,54.5,56.5,57.300000000000004,5.0,,3.0,0.0
lifecycle,e70960269eec88da76c7fc94e6e135d06a464be3b3c58017f568e3e26a79d27a,20260916,0.11.0,28,service,jobs,False,16,16,J000011,PREVENTIVE,OFF_ITEM,POWER#2,POWER,AIRCRAFT,,CENTER,OFF_ITEM,completed,56.7,56.7,58.400000000000006,5.0,0.0,5.0,2.0
lifecycle,e70960269eec88da76c7fc94e6e135d06a464be3b3c58017f568e3e26a79d27a,20260916,0.11.0,28,service,jobs,False,16,16,J000012,PREVENTIVE,POWER_PREVENTIVE,POWER#7,POWER,AIRCRAFT,AIRCRAFT@FLEET-004,BASE,REPLACE,completed,58.5,60.5,61.050000000000004,5.0,,3.0,0.0
lifecycle,e70960269eec88da76c7fc94e6e135d06a464be3b3c58017f568e3e26a79d27a,20260916,0.11.0,28,service,jobs,False,16,16,J000013,PREVENTIVE,POWER_PREVENTIVE,POWER#8,POWER,AIRCRAFT,AIRCRAFT@FLEET-003,BASE,REPLACE,completed,58.5,60.5,60.95,5.0,,3.0,0.0
lifecycle,e70960269eec88da76c7fc94e6e135d06a464be3b3c58017f568e3e26a79d27a,20260916,0.11.0,28,service,jobs,False,16,16,J000014,PREVENTIVE,OFF_ITEM,POWER#8,POWER,AIRCRAFT,,CENTER,OFF_ITEM,completed,60.7,60.7,63.00000000000001,5.0,0.0,5.0,2.0
lifecycle,e70960269eec88da76c7fc94e6e135d06a464be3b3c58017f568e3e26a79d27a,20260916,0.11.0,28,service,jobs,False,16,16,J000015,PREVENTIVE,OFF_ITEM,POWER#7,POWER,AIRCRAFT,,CENTER,OFF_ITEM,completed,60.800000000000004,60.800000000000004,63.10000000000001,5.0,0.0,5.0,2.0
lifecycle,e70960269eec88da76c7fc94e6e135d06a464be3b3c58017f568e3e26a79d27a,20260916,0.11.0,28,service,jobs,False,16,16,J000016,RETIREMENT,POWER_CORRECTIVE,POWER#1,POWER,AIRCRAFT,AIRCRAFT@FLEET-002,BASE,REPLACE,completed,63.0,64.5,64.85,2.5,,6.0,0.0
lifecycle,e70960269eec88da76c7fc94e6e135d06a464be3b3c58017f568e3e26a79d27a,20260916,0.11.0,29,service,jobs,False,13,13,J000001,CORRECTIVE,POWER_CORRECTIVE,POWER#4,POWER,AIRCRAFT,AIRCRAFT@FLEET-002,BASE,REPLACE,completed,14.26705760833725,14.5341152166745,15.3341152166745,2.7670576083372502,,2.7670576083372502,0.0
lifecycle,e70960269eec88da76c7fc94e6e135d06a464be3b3c58017f568e3e26a79d27a,20260916,0.11.0,29,service,jobs,False,13,13,J000002,PREVENTIVE,POWER_PREVENTIVE,POWER#3,POWER,AIRCRAFT,AIRCRAFT@FLEET-001,BASE,IN_PLACE,completed,14.5,14.5341152166745,15.434115216674499,3.0341152166745005,0.0,3.0341152166745005,0.03411521667450046
lifecycle,e70960269eec88da76c7fc94e6e135d06a464be3b3c58017f568e3e26a79d27a,20260916,0.11.0,29,service,jobs,False,13,13,J000003,CORRECTIVE,OFF_ITEM,POWER#4,POWER,AIRCRAFT,,CENTER,OFF_ITEM,completed,14.8341152166745,14.8341152166745,17.5341152166745,2.7670576083372502,0.0,3.0341152166745005,0.0
lifecycle,e70960269eec88da76c7fc94e6e135d06a464be3b3c58017f568e3e26a79d27a,20260916,0.11.0,29,service,jobs,False,13,13,J000004,PREVENTIVE,POWER_PREVENTIVE,POWER#5,POWER,AIRCRAFT,AIRCRAFT@FLEET-003,BASE,REPLACE,completed,30.5,32.5,33.300000000000004,5.0,,3.0,0.0
lifecycle,e70960269eec88da76c7fc94e6e135d06a464be3b3c58017f568e3e26a79d27a,20260916,0.11.0,29,service,jobs,False,13,13,J000005,PREVENTIVE,POWER_PREVENTIVE,POWER#6,POWER,AIRCRAFT,AIRCRAFT@FLEET-004,BASE,IN_PLACE,completed,30.5,32.5,33.400000000000006,5.0,0.0,5.0,2.0
lifecycle,e70960269eec88da76c7fc94e6e135d06a464be3b3c58017f568e3e26a79d27a,20260916,0.11.0,29,service,jobs,False,13,13,J000006,PREVENTIVE,OFF_ITEM,POWER#5,POWER,AIRCRAFT,,CENTER,OFF_ITEM,completed,32.800000000000004,32.800000000000004,34.50000000000001,5.0,0.0,5.0,2.0
lifecycle,e70960269eec88da76c7fc94e6e135d06a464be3b3c58017f568e3e26a79d27a,20260916,0.11.0,29,service,jobs,False,13,13,J000007,RETIREMENT,POWER_CORRECTIVE,POWER#6,POWER,AIRCRAFT,AIRCRAFT@FLEET-004,BASE,REPLACE,completed,39.0,40.5,40.85,2.5,,6.0,0.0
lifecycle,e70960269eec88da76c7fc94e6e135d06a464be3b3c58017f568e3e26a79d27a,20260916,0.11.0,29,service,jobs,False,13,13,J000008,RETIREMENT,POWER_CORRECTIVE,POWER#3,POWER,AIRCRAFT,AIRCRAFT@FLEET-001,BASE,REPLACE,completed,54.4658847833255,56.5,57.2,5.0,,6.0,0.0
lifecycle,e70960269eec88da76c7fc94e6e135d06a464be3b3c58017f568e3e26a79d27a,20260916,0.11.0,29,service,jobs,False,13,13,J000009,PREVENTIVE,POWER_PREVENTIVE,POWER#1,POWER,AIRCRAFT,AIRCRAFT@FLEET-002,BASE,IN_PLACE,completed,54.5,56.5,57.300000000000004,5.0,0.0,5.0,2.0
lifecycle,e70960269eec88da76c7fc94e6e135d06a464be3b3c58017f568e3e26a79d27a,20260916,0.11.0,29,service,jobs,False,13,13,J000010,CORRECTIVE,POWER_CORRECTIVE,POWER#7,POWER,AIRCRAFT,AIRCRAFT@FLEET-004,BASE,IN_PLACE,completed,58.378413438851155,58.75682687770231,60.656826877702315,0.37841343885115464,0.0,0.7568268777023093,0.0
lifecycle,e70960269eec88da76c7fc94e6e135d06a464be3b3c58017f568e3e26a79d27a,20260916,0.11.0,29,service,jobs,False,13,13,J000011,PREVENTIVE,POWER_PREVENTIVE,POWER#2,POWER,AIRCRAFT,AIRCRAFT@FLEET-003,BASE,REPLACE,completed,58.5,58.75682687770231,60.55682687770231,3.2568268777023093,,3.0,0.0
lifecycle,e70960269eec88da76c7fc94e6e135d06a464be3b3c58017f568e3e26a79d27a,20260916,0.11.0,29,service,jobs,False,13,13,J000012,PREVENTIVE,OFF_ITEM,POWER#2,POWER,AIRCRAFT,,CENTER,OFF_ITEM,completed,58.95682687770231,58.95682687770231,60.656826877702315,3.2568268777023093,0.0,3.2568268777023093,0.2568268777023093
lifecycle,e70960269eec88da76c7fc94e6e135d06a464be3b3c58017f568e3e26a79d27a,20260916,0.11.0,29,service,jobs,False,13,13,J000013,RETIREMENT,POWER_CORRECTIVE,POWER#1,POWER,AIRCRAFT,AIRCRAFT@FLEET-002,BASE,REPLACE,completed,63.0,64.5,64.85,2.5,,6.0,0.0
lifecycle,e70960269eec88da76c7fc94e6e135d06a464be3b3c58017f568e3e26a79d27a,20260916,0.11.0,30,service,jobs,False,16,16,J000001,PREVENTIVE,POWER_PREVENTIVE,POWER#3,POWER,AIRCRAFT,AIRCRAFT@FLEET-001,BASE,IN_PLACE,completed,14.5,16.5,17.400000000000006,5.0,0.0,5.0,2.0
lifecycle,e70960269eec88da76c7fc94e6e135d06a464be3b3c58017f568e3e26a79d27a,20260916,0.11.0,30,service,jobs,False,16,16,J000002,PREVENTIVE,POWER_PREVENTIVE,POWER#4,POWER,AIRCRAFT,AIRCRAFT@FLEET-002,BASE,REPLACE,completed,14.5,16.5,17.300000000000004,5.0,,3.0,0.0
lifecycle,e70960269eec88da76c7fc94e6e135d06a464be3b3c58017f568e3e26a79d27a,20260916,0.11.0,30,service,jobs,False,16,16,J000003,PREVENTIVE,OFF_ITEM,POWER#4,POWER,AIRCRAFT,,CENTER,OFF_ITEM,completed,16.700000000000003,16.700000000000003,18.400000000000006,5.0,0.0,5.0,2.0
lifecycle,e70960269eec88da76c7fc94e6e135d06a464be3b3c58017f568e3e26a79d27a,20260916,0.11.0,30,service,jobs,False,16,16,J000004,PREVENTIVE,POWER_PREVENTIVE,POWER#5,POWER,AIRCRAFT,AIRCRAFT@FLEET-003,BASE,REPLACE,completed,30.5,31.125270775541225,31.575270775541227,3.6252707755412246,,3.0,0.0
lifecycle,e70960269eec88da76c7fc94e6e135d06a464be3b3c58017f568e3e26a79d27a,20260916,0.11.0,30,service,jobs,False,16,16,J000005,PREVENTIVE,POWER_PREVENTIVE,POWER#6,POWER,AIRCRAFT,,CENTER,OFF_ITEM,covered_by_corrective,30.5,,34.72527077554123,3.0,0.0,3.0,0.0
lifecycle,e70960269eec88da76c7fc94e6e135d06a464be3b3c58017f568e3e26a79d27a,20260916,0.11.0,30,service,jobs,False,16,16,J000006,CORRECTIVE,POWER_CORRECTIVE,POWER#6,POWER,AIRCRAFT,AIRCRAFT@FLEET-004,BASE,REPLACE,completed,30.625270775541225,31.125270775541225,31.67527077554123,3.1252707755412246,,3.1252707755412246,0.0
lifecycle,e70960269eec88da76c7fc94e6e135d06a464be3b3c58017f568e3e26a79d27a,20260916,0.11.0,30,service,jobs,False,16,16,J000007,PREVENTIVE,OFF_ITEM,POWER#5,POWER,AIRCRAFT,,CENTER,OFF_ITEM,completed,31.325270775541227,31.325270775541227,34.62527077554123,3.6252707755412246,0.0,3.6252707755412246,0.6252707755412246
lifecycle,e70960269eec88da76c7fc94e6e135d06a464be3b3c58017f568e3e26a79d27a,20260916,0.11.0,30,service,jobs,False,16,16,J000008,CORRECTIVE,OFF_ITEM,POWER#6,POWER,AIRCRAFT,,CENTER,OFF_ITEM,completed,31.42527077554123,31.42527077554123,34.72527077554123,3.1252707755412246,0.0,3.6252707755412246,0.12527077554122457
lifecycle,e70960269eec88da76c7fc94e6e135d06a464be3b3c58017f568e3e26a79d27a,20260916,0.11.0,30,service,jobs,False,16,16,J000009,RETIREMENT,POWER_CORRECTIVE,POWER#3,POWER,AIRCRAFT,AIRCRAFT@FLEET-001,BASE,REPLACE,completed,35.0,36.5,36.85,2.5,,6.0,0.0
lifecycle,e70960269eec88da76c7fc94e6e135d06a464be3b3c58017f568e3e26a79d27a,20260916,0.11.0,30,service,jobs,False,16,16,J000010,PREVENTIVE,POWER_PREVENTIVE,POWER#1,POWER,AIRCRAFT,AIRCRAFT@FLEET-002,BASE,IN_PLACE,completed,54.5,55.09192600881802,57.391926008818025,3.591926008818021,0.0,3.591926008818021,0.5919260088180209
lifecycle,e70960269eec88da76c7fc94e6e135d06a464be3b3c58017f568e3e26a79d27a,20260916,0.11.0,30,service,jobs,False,16,16,J000011,CORRECTIVE,POWER_CORRECTIVE,POWER#8,POWER,AIRCRAFT,AIRCRAFT@FLEET-001,BASE,IN_PLACE,completed,54.59192600881802,55.09192600881802,57.49192600881803,0.5919260088180209,0.0,1.091926008818021,0.0
lifecycle,e70960269eec88da76c7fc94e6e135d06a464be3b3c58017f568e3e26a79d27a,20260916,0.11.0,30,service,jobs,False,16,16,J000012,PREVENTIVE,POWER_PREVENTIVE,POWER#2,POWER,AIRCRAFT,AIRCRAFT@FLEET-003,BASE,REPLACE,completed,58.5,60.5,61.050000000000004,5.0,,3.0,0.0
lifecycle,e70960269eec88da76c7fc94e6e135d06a464be3b3c58017f568e3e26a79d27a,20260916,0.11.0,30,service,jobs,False,16,16,J000013,PREVENTIVE,POWER_PREVENTIVE,POWER#7,POWER,AIRCRAFT,AIRCRAFT@FLEET-004,BASE,REPLACE,completed,58.5,60.5,60.95,5.0,,3.0,0.0
lifecycle,e70960269eec88da76c7fc94e6e135d06a464be3b3c58017f568e3e26a79d27a,20260916,0.11.0,30,service,jobs,False,16,16,J000014,PREVENTIVE,OFF_ITEM,POWER#7,POWER,AIRCRAFT,,CENTER,OFF_ITEM,completed,60.7,60.7,63.00000000000001,5.0,0.0,5.0,2.0
lifecycle,e70960269eec88da76c7fc94e6e135d06a464be3b3c58017f568e3e26a79d27a,20260916,0.11.0,30,service,jobs,False,16,16,J000015,PREVENTIVE,OFF_ITEM,POWER#2,POWER,AIRCRAFT,,CENTER,OFF_ITEM,completed,60.800000000000004,60.800000000000004,63.10000000000001,5.0,0.0,5.0,2.0
lifecycle,e70960269eec88da76c7fc94e6e135d06a464be3b3c58017f568e3e26a79d27a,20260916,0.11.0,30,service,jobs,False,16,16,J000016,RETIREMENT,POWER_CORRECTIVE,POWER#1,POWER,AIRCRAFT,AIRCRAFT@FLEET-002,BASE,REPLACE,completed,64.40807399118198,64.5,64.85,2.5,,6.0,0.0
lifecycle,e70960269eec88da76c7fc94e6e135d06a464be3b3c58017f568e3e26a79d27a,20260916,0.11.0,31,service,jobs,False,14,14,J000001,PREVENTIVE,POWER_PREVENTIVE,POWER#3,POWER,AIRCRAFT,AIRCRAFT@FLEET-001,BASE,REPLACE,completed,14.5,16.5,17.050000000000004,5.0,,3.0,0.0
lifecycle,e70960269eec88da76c7fc94e6e135d06a464be3b3c58017f568e3e26a79d27a,20260916,0.11.0,31,service,jobs,False,14,14,J000002,PREVENTIVE,POWER_PREVENTIVE,POWER#4,POWER,AIRCRAFT,AIRCRAFT@FLEET-002,BASE,REPLACE,completed,14.5,16.5,16.950000000000003,5.0,,3.0,0.0
lifecycle,e70960269eec88da76c7fc94e6e135d06a464be3b3c58017f568e3e26a79d27a,20260916,0.11.0,31,service,jobs,False,14,14,J000003,PREVENTIVE,OFF_ITEM,POWER#4,POWER,AIRCRAFT,,CENTER,OFF_ITEM,completed,16.700000000000003,16.700000000000003,19.000000000000007,5.0,0.0,5.0,2.0
lifecycle,e70960269eec88da76c7fc94e6e135d06a464be3b3c58017f568e3e26a79d27a,20260916,0.11.0,31,service,jobs,False,14,14,J000004,PREVENTIVE,OFF_ITEM,POWER#3,POWER,AIRCRAFT,,CENTER,OFF_ITEM,completed,16.800000000000004,16.800000000000004,19.10000000000001,5.0,0.0,5.0,2.0
lifecycle,e70960269eec88da76c7fc94e6e135d06a464be3b3c58017f568e3e26a79d27a,20260916,0.11.0,31,service,jobs,False,14,14,J000005,PREVENTIVE,POWER_PREVENTIVE,POWER#5,POWER,AIRCRAFT,AIRCRAFT@FLEET-003,BASE,REPLACE,completed,30.5,32.5,33.050000000000004,5.0,,3.0,0.0
lifecycle,e70960269eec88da76c7fc94e6e135d06a464be3b3c58017f568e3e26a79d27a,20260916,0.11.0,31,service,jobs,False,14,14,J000006,PREVENTIVE,POWER_PREVENTIVE,POWER#6,POWER,AIRCRAFT,AIRCRAFT@FLEET-004,BASE,REPLACE,completed,30.5,32.5,32.95,5.0,,3.0,0.0
lifecycle,e70960269eec88da76c7fc94e6e135d06a464be3b3c58017f568e3e26a79d27a,20260916,0.11.0,31,service,jobs,False,14,14,J000007,PREVENTIVE,OFF_ITEM,POWER#6,POWER,AIRCRAFT,,CENTER,OFF_ITEM,completed,32.7,32.7,35.00000000000001,5.0,0.0,5.0,2.0
lifecycle,e70960269eec88da76c7fc94e6e135d06a464be3b3c58017f568e3e26a79d27a,20260916,0.11.0,31,service,jobs,False,14,14,J000008,PREVENTIVE,OFF_ITEM,POWER#5,POWER,AIRCRAFT,,CENTER,OFF_ITEM,completed,32.800000000000004,32.800000000000004,35.10000000000001,5.0,0.0,5.0,2.0
lifecycle,e70960269eec88da76c7fc94e6e135d06a464be3b3c58017f568e3e26a79d27a,20260916,0.11.0,31,service,jobs,False,14,14,J000009,PREVENTIVE,POWER_PREVENTIVE,POWER#1,POWER,AIRCRAFT,AIRCRAFT@FLEET-002,BASE,REPLACE,completed,54.5,56.5,57.300000000000004,5.0,,3.0,0.0
lifecycle,e70960269eec88da76c7fc94e6e135d06a464be3b3c58017f568e3e26a79d27a,20260916,0.11.0,31,service,jobs,False,14,14,J000010,PREVENTIVE,POWER_PREVENTIVE,POWER#2,POWER,AIRCRAFT,AIRCRAFT@FLEET-001,BASE,IN_PLACE,completed,54.5,56.5,57.400000000000006,5.0,0.0,5.0,2.0
lifecycle,e70960269eec88da76c7fc94e6e135d06a464be3b3c58017f568e3e26a79d27a,20260916,0.11.0,31,service,jobs,False,14,14,J000011,PREVENTIVE,OFF_ITEM,POWER#1,POWER,AIRCRAFT,,CENTER,OFF_ITEM,completed,56.800000000000004,56.800000000000004,58.50000000000001,5.0,0.0,5.0,2.0
lifecycle,e70960269eec88da76c7fc94e6e135d06a464be3b3c58017f568e3e26a79d27a,20260916,0.11.0,31,service,jobs,False,14,14,J000012,PREVENTIVE,POWER_PREVENTIVE,POWER#7,POWER,AIRCRAFT,AIRCRAFT@FLEET-004,BASE,IN_PLACE,completed,58.5,60.5,61.900000000000006,5.0,0.0,5.0,2.0
lifecycle,e70960269eec88da76c7fc94e6e135d06a464be3b3c58017f568e3e26a79d27a,20260916,0.11.0,31,service,jobs,False,14,14,J000013,PREVENTIVE,POWER_PREVENTIVE,POWER#8,POWER,AIRCRAFT,AIRCRAFT@FLEET-003,BASE,IN_PLACE,completed,58.5,60.5,61.800000000000004,5.0,0.0,5.0,2.0
lifecycle,e70960269eec88da76c7fc94e6e135d06a464be3b3c58017f568e3e26a79d27a,20260916,0.11.0,31,service,jobs,False,14,14,J000014,RETIREMENT,POWER_CORRECTIVE,POWER#2,POWER,AIRCRAFT,AIRCRAFT@FLEET-001,BASE,REPLACE,completed,63.0,64.5,64.85,2.5,,6.0,0.0
lifecycle,e70960269eec88da76c7fc94e6e135d06a464be3b3c58017f568e3e26a79d27a,20260916,0.11.0,32,service,jobs,False,16,16,J000001,PREVENTIVE,POWER_PREVENTIVE,POWER#3,POWER,AIRCRAFT,AIRCRAFT@FLEET-001,BASE,IN_PLACE,completed,14.5,16.5,17.900000000000006,5.0,0.0,5.0,2.0
lifecycle,e70960269eec88da76c7fc94e6e135d06a464be3b3c58017f568e3e26a79d27a,20260916,0.11.0,32,service,jobs,False,16,16,J000002,PREVENTIVE,POWER_PREVENTIVE,POWER#4,POWER,AIRCRAFT,AIRCRAFT@FLEET-002,BASE,IN_PLACE,completed,14.5,16.5,17.800000000000004,5.0,0.0,5.0,2.0
lifecycle,e70960269eec88da76c7fc94e6e135d06a464be3b3c58017f568e3e26a79d27a,20260916,0.11.0,32,service,jobs,False,16,16,J000003,PREVENTIVE,POWER_PREVENTIVE,POWER#5,POWER,AIRCRAFT,AIRCRAFT@FLEET-003,BASE,REPLACE,completed,30.5,32.5,33.050000000000004,5.0,,3.0,0.0
lifecycle,e70960269eec88da76c7fc94e6e135d06a464be3b3c58017f568e3e26a79d27a,20260916,0.11.0,32,service,jobs,False,16,16,J000004,PREVENTIVE,POWER_PREVENTIVE,POWER#6,POWER,AIRCRAFT,AIRCRAFT@FLEET-004,BASE,REPLACE,completed,30.5,32.5,32.95,5.0,,3.0,0.0
lifecycle,e70960269eec88da76c7fc94e6e135d06a464be3b3c58017f568e3e26a79d27a,20260916,0.11.0,32,service,jobs,False,16,16,J000005,PREVENTIVE,OFF_ITEM,POWER#6,POWER,AIRCRAFT,,CENTER,OFF_ITEM,completed,32.7,32.7,35.00000000000001,5.0,0.0,5.0,2.0
lifecycle,e70960269eec88da76c7fc94e6e135d06a464be3b3c58017f568e3e26a79d27a,20260916,0.11.0,32,service,jobs,False,16,16,J000006,PREVENTIVE,OFF_ITEM,POWER#5,POWER,AIRCRAFT,,CENTER,OFF_ITEM,completed,32.800000000000004,32.800000000000004,35.10000000000001,5.0,0.0,5.0,2.0
lifecycle,e70960269eec88da76c7fc94e6e135d06a464be3b3c58017f568e3e26a79d27a,20260916,0.11.0,32,service,jobs,False,16,16,J000007,RETIREMENT,POWER_CORRECTIVE,POWER#3,POWER,AIRCRAFT,AIRCRAFT@FLEET-001,BASE,REPLACE,completed,35.0,36.5,36.95,2.5,,6.0,0.0
lifecycle,e70960269eec88da76c7fc94e6e135d06a464be3b3c58017f568e3e26a79d27a,20260916,0.11.0,32,service,jobs,False,16,16,J000008,RETIREMENT,POWER_CORRECTIVE,POWER#4,POWER,AIRCRAFT,AIRCRAFT@FLEET-002,BASE,REPLACE,completed,35.0,36.5,36.85,2.5,,6.0,0.0
lifecycle,e70960269eec88da76c7fc94e6e135d06a464be3b3c58017f568e3e26a79d27a,20260916,0.11.0,32,service,jobs,False,16,16,J000009,PREVENTIVE,POWER_PREVENTIVE,POWER#1,POWER,AIRCRAFT,AIRCRAFT@FLEET-004,BASE,REPLACE,completed,58.5,60.5,61.050000000000004,5.0,,3.0,0.0
lifecycle,e70960269eec88da76c7fc94e6e135d06a464be3b3c58017f568e3e26a79d27a,20260916,0.11.0,32,service,jobs,False,16,16,J000010,PREVENTIVE,POWER_PREVENTIVE,POWER#2,POWER,AIRCRAFT,AIRCRAFT@FLEET-003,BASE,REPLACE,completed,58.5,60.5,60.95,5.0,,3.0,0.0
lifecycle,e70960269eec88da76c7fc94e6e135d06a464be3b3c58017f568e3e26a79d27a,20260916,0.11.0,32,service,jobs,False,16,16,J000011,PREVENTIVE,OFF_ITEM,POWER#2,POWER,AIRCRAFT,,CENTER,OFF_ITEM,completed,60.7,60.7,63.00000000000001,5.0,0.0,5.0,2.0
lifecycle,e70960269eec88da76c7fc94e6e135d06a464be3b3c58017f568e3e26a79d27a,20260916,0.11.0,32,service,jobs,False,16,16,J000012,PREVENTIVE,OFF_ITEM,POWER#1,POWER,AIRCRAFT,,CENTER,OFF_ITEM,completed,60.800000000000004,60.800000000000004,63.10000000000001,5.0,0.0,5.0,2.0
lifecycle,e70960269eec88da76c7fc94e6e135d06a464be3b3c58017f568e3e26a79d27a,20260916,0.11.0,32,service,jobs,False,16,16,J000013,PREVENTIVE,POWER_PREVENTIVE,POWER#7,POWER,AIRCRAFT,AIRCRAFT@FLEET-002,BASE,REPLACE,completed,62.5,64.5,65.04999999999998,5.0,,3.0,0.0
lifecycle,e70960269eec88da76c7fc94e6e135d06a464be3b3c58017f568e3e26a79d27a,20260916,0.11.0,32,service,jobs,False,16,16,J000014,PREVENTIVE,POWER_PREVENTIVE,POWER#8,POWER,AIRCRAFT,AIRCRAFT@FLEET-001,BASE,REPLACE,completed,62.5,64.5,64.94999999999999,5.0,,3.0,0.0
lifecycle,e70960269eec88da76c7fc94e6e135d06a464be3b3c58017f568e3e26a79d27a,20260916,0.11.0,32,service,jobs,False,16,16,J000015,PREVENTIVE,OFF_ITEM,POWER#8,POWER,AIRCRAFT,,CENTER,OFF_ITEM,completed,64.69999999999999,64.69999999999999,66.99999999999997,5.0,0.0,5.0,2.0
lifecycle,e70960269eec88da76c7fc94e6e135d06a464be3b3c58017f568e3e26a79d27a,20260916,0.11.0,32,service,jobs,False,16,16,J000016,PREVENTIVE,OFF_ITEM,POWER#7,POWER,AIRCRAFT,,CENTER,OFF_ITEM,completed,64.79999999999998,64.79999999999998,67.09999999999997,5.0,0.0,5.0,2.0
lifecycle,e70960269eec88da76c7fc94e6e135d06a464be3b3c58017f568e3e26a79d27a,20260916,0.11.0,33,service,jobs,False,16,16,J000001,PREVENTIVE,POWER_PREVENTIVE,POWER#3,POWER,AIRCRAFT,AIRCRAFT@FLEET-001,BASE,IN_PLACE,completed,14.5,16.5,17.400000000000006,5.0,0.0,5.0,2.0
lifecycle,e70960269eec88da76c7fc94e6e135d06a464be3b3c58017f568e3e26a79d27a,20260916,0.11.0,33,service,jobs,False,16,16,J000002,PREVENTIVE,POWER_PREVENTIVE,POWER#4,POWER,AIRCRAFT,AIRCRAFT@FLEET-002,BASE,REPLACE,completed,14.5,16.5,17.300000000000004,5.0,,3.0,0.0
lifecycle,e70960269eec88da76c7fc94e6e135d06a464be3b3c58017f568e3e26a79d27a,20260916,0.11.0,33,service,jobs,False,16,16,J000003,PREVENTIVE,OFF_ITEM,POWER#4,POWER,AIRCRAFT,,CENTER,OFF_ITEM,completed,16.700000000000003,16.700000000000003,18.400000000000006,5.0,0.0,5.0,2.0
lifecycle,e70960269eec88da76c7fc94e6e135d06a464be3b3c58017f568e3e26a79d27a,20260916,0.11.0,33,service,jobs,False,16,16,J000004,PREVENTIVE,POWER_PREVENTIVE,POWER#5,POWER,AIRCRAFT,AIRCRAFT@FLEET-003,BASE,REPLACE,completed,30.5,32.5,33.050000000000004,5.0,,3.0,0.0
lifecycle,e70960269eec88da76c7fc94e6e135d06a464be3b3c58017f568e3e26a79d27a,20260916,0.11.0,33,service,jobs,False,16,16,J000005,PREVENTIVE,POWER_PREVENTIVE,POWER#6,POWER,AIRCRAFT,AIRCRAFT@FLEET-004,BASE,REPLACE,completed,30.5,32.5,32.95,5.0,,3.0,0.0
lifecycle,e70960269eec88da76c7fc94e6e135d06a464be3b3c58017f568e3e26a79d27a,20260916,0.11.0,33,service,jobs,False,16,16,J000006,PREVENTIVE,OFF_ITEM,POWER#6,POWER,AIRCRAFT,,CENTER,OFF_ITEM,completed,32.7,32.7,35.00000000000001,5.0,0.0,5.0,2.0
lifecycle,e70960269eec88da76c7fc94e6e135d06a464be3b3c58017f568e3e26a79d27a,20260916,0.11.0,33,service,jobs,False,16,16,J000007,PREVENTIVE,OFF_ITEM,POWER#5,POWER,AIRCRAFT,,CENTER,OFF_ITEM,completed,32.800000000000004,32.800000000000004,35.10000000000001,5.0,0.0,5.0,2.0
lifecycle,e70960269eec88da76c7fc94e6e135d06a464be3b3c58017f568e3e26a79d27a,20260916,0.11.0,33,service,jobs,False,16,16,J000008,CORRECTIVE,POWER_CORRECTIVE,POWER#3,POWER,AIRCRAFT,AIRCRAFT@FLEET-001,BASE,IN_PLACE,cancelled_retirement,34.772598013353516,,35.0,0.772598013353516,,5.772598013353516,0.0
lifecycle,e70960269eec88da76c7fc94e6e135d06a464be3b3c58017f568e3e26a79d27a,20260916,0.11.0,33,service,jobs,False,16,16,J000009,RETIREMENT,POWER_CORRECTIVE,POWER#3,POWER,AIRCRAFT,AIRCRAFT@FLEET-001,BASE,REPLACE,completed,35.0,35.272598013353516,35.62259801335352,0.772598013353516,,6.0,0.0
lifecycle,e70960269eec88da76c7fc94e6e135d06a464be3b3c58017f568e3e26a79d27a,20260916,0.11.0,33,service,jobs,False,16,16,J000010,PREVENTIVE,POWER_PREVENTIVE,POWER#1,POWER,AIRCRAFT,AIRCRAFT@FLEET-002,BASE,REPLACE,completed,55.727401986646484,56.5,56.95,3.772598013353516,,3.0,0.0
lifecycle,e70960269eec88da76c7fc94e6e135d06a464be3b3c58017f568e3e26a79d27a,20260916,0.11.0,33,service,jobs,False,16,16,J000011,PREVENTIVE,OFF_ITEM,POWER#1,POWER,AIRCRAFT,,CENTER,OFF_ITEM,completed,56.7,56.7,58.400000000000006,3.772598013353516,0.0,3.772598013353516,0.772598013353516
lifecycle,e70960269eec88da76c7fc94e6e135d06a464be3b3c58017f568e3e26a79d27a,20260916,0.11.0,33,service,jobs,False,16,16,J000012,PREVENTIVE,POWER_PREVENTIVE,POWER#2,POWER,AIRCRAFT,AIRCRAFT@FLEET-004,BASE,IN_PLACE,completed,58.5,60.5,61.400000000000006,5.0,0.0,5.0,2.0
lifecycle,e70960269eec88da76c7fc94e6e135d06a464be3b3c58017f568e3e26a79d27a,20260916,0.11.0,33,service,jobs,False,16,16,J000013,PREVENTIVE,POWER_PREVENTIVE,POWER#7,POWER,AIRCRAFT,AIRCRAFT@FLEET-003,BASE,REPLACE,completed,58.5,60.5,61.300000000000004,5.0,,3.0,0.0
lifecycle,e70960269eec88da76c7fc94e6e135d06a464be3b3c58017f568e3e26a79d27a,20260916,0.11.0,33,service,jobs,False,16,16,J000014,PREVENTIVE,OFF_ITEM,POWER#7,POWER,AIRCRAFT,,CENTER,OFF_ITEM,completed,60.7,60.7,62.400000000000006,5.0,0.0,5.0,2.0
lifecycle,e70960269eec88da76c7fc94e6e135d06a464be3b3c58017f568e3e26a79d27a,20260916,0.11.0,33,service,jobs,False,16,16,J000015,PREVENTIVE,POWER_PREVENTIVE,POWER#8,POWER,AIRCRAFT,AIRCRAFT@FLEET-001,BASE,REPLACE,completed,62.5,64.5,64.94999999999999,5.0,,3.0,0.0
lifecycle,e70960269eec88da76c7fc94e6e135d06a464be3b3c58017f568e3e26a79d27a,20260916,0.11.0,33,service,jobs,False,16,16,J000016,PREVENTIVE,OFF_ITEM,POWER#8,POWER,AIRCRAFT,,CENTER,OFF_ITEM,completed,64.69999999999999,64.69999999999999,66.39999999999998,5.0,0.0,5.0,2.0
lifecycle,e70960269eec88da76c7fc94e6e135d06a464be3b3c58017f568e3e26a79d27a,20260916,0.11.0,34,service,jobs,False,14,14,J000001,PREVENTIVE,POWER_PREVENTIVE,POWER#3,POWER,AIRCRAFT,AIRCRAFT@FLEET-001,BASE,IN_PLACE,completed,14.5,16.5,17.400000000000006,5.0,0.0,5.0,2.0
lifecycle,e70960269eec88da76c7fc94e6e135d06a464be3b3c58017f568e3e26a79d27a,20260916,0.11.0,34,service,jobs,False,14,14,J000002,PREVENTIVE,POWER_PREVENTIVE,POWER#4,POWER,AIRCRAFT,AIRCRAFT@FLEET-002,BASE,REPLACE,completed,14.5,16.5,17.300000000000004,5.0,,3.0,0.0
lifecycle,e70960269eec88da76c7fc94e6e135d06a464be3b3c58017f568e3e26a79d27a,20260916,0.11.0,34,service,jobs,False,14,14,J000003,PREVENTIVE,OFF_ITEM,POWER#4,POWER,AIRCRAFT,,CENTER,OFF_ITEM,completed,16.700000000000003,16.700000000000003,18.400000000000006,5.0,0.0,5.0,2.0
lifecycle,e70960269eec88da76c7fc94e6e135d06a464be3b3c58017f568e3e26a79d27a,20260916,0.11.0,34,service,jobs,False,14,14,J000004,PREVENTIVE,POWER_PREVENTIVE,POWER#5,POWER,AIRCRAFT,AIRCRAFT@FLEET-003,BASE,REPLACE,completed,30.5,32.5,33.300000000000004,5.0,,3.0,0.0
lifecycle,e70960269eec88da76c7fc94e6e135d06a464be3b3c58017f568e3e26a79d27a,20260916,0.11.0,34,service,jobs,False,14,14,J000005,PREVENTIVE,POWER_PREVENTIVE,POWER#6,POWER,AIRCRAFT,AIRCRAFT@FLEET-004,BASE,IN_PLACE,completed,30.5,32.5,33.400000000000006,5.0,0.0,5.0,2.0
lifecycle,e70960269eec88da76c7fc94e6e135d06a464be3b3c58017f568e3e26a79d27a,20260916,0.11.0,34,service,jobs,False,14,14,J000006,PREVENTIVE,OFF_ITEM,POWER#5,POWER,AIRCRAFT,,CENTER,OFF_ITEM,completed,32.800000000000004,32.800000000000004,34.50000000000001,5.0,0.0,5.0,2.0
lifecycle,e70960269eec88da76c7fc94e6e135d06a464be3b3c58017f568e3e26a79d27a,20260916,0.11.0,34,service,jobs,False,14,14,J000007,RETIREMENT,POWER_CORRECTIVE,POWER#3,POWER,AIRCRAFT,AIRCRAFT@FLEET-001,BASE,REPLACE,completed,35.0,35.6473774741992,35.997377474199205,1.647377474199203,,6.0,0.0
lifecycle,e70960269eec88da76c7fc94e6e135d06a464be3b3c58017f568e3e26a79d27a,20260916,0.11.0,34,service,jobs,False,14,14,J000008,CORRECTIVE,POWER_CORRECTIVE,POWER#1,POWER,AIRCRAFT,AIRCRAFT@FLEET-002,BASE,REPLACE,completed,35.1473774741992,35.6473774741992,36.097377474199206,1.147377474199203,,1.147377474199203,0.0
lifecycle,e70960269eec88da76c7fc94e6e135d06a464be3b3c58017f568e3e26a79d27a,20260916,0.11.0,34,service,jobs,False,14,14,J000009,CORRECTIVE,OFF_ITEM,POWER#1,POWER,AIRCRAFT,,CENTER,OFF_ITEM,completed,35.847377474199206,35.847377474199206,38.54737747419921,1.147377474199203,0.0,1.647377474199203,0.0
lifecycle,e70960269eec88da76c7fc94e6e135d06a464be3b3c58017f568e3e26a79d27a,20260916,0.11.0,34,service,jobs,False,14,14,J000010,RETIREMENT,POWER_CORRECTIVE,POWER#6,POWER,AIRCRAFT,AIRCRAFT@FLEET-004,BASE,REPLACE,completed,39.0,40.5,40.85,2.5,,6.0,0.0
lifecycle,e70960269eec88da76c7fc94e6e135d06a464be3b3c58017f568e3e26a79d27a,20260916,0.11.0,34,service,jobs,False,14,14,J000011,PREVENTIVE,POWER_PREVENTIVE,POWER#2,POWER,AIRCRAFT,AIRCRAFT@FLEET-003,BASE,REPLACE,completed,58.5,60.5,60.95,5.0,,3.0,0.0
lifecycle,e70960269eec88da76c7fc94e6e135d06a464be3b3c58017f568e3e26a79d27a,20260916,0.11.0,34,service,jobs,False,14,14,J000012,PREVENTIVE,OFF_ITEM,POWER#2,POWER,AIRCRAFT,,CENTER,OFF_ITEM,completed,60.7,60.7,62.400000000000006,5.0,0.0,5.0,2.0
lifecycle,e70960269eec88da76c7fc94e6e135d06a464be3b3c58017f568e3e26a79d27a,20260916,0.11.0,34,service,jobs,False,14,14,J000013,PREVENTIVE,POWER_PREVENTIVE,POWER#7,POWER,AIRCRAFT,AIRCRAFT@FLEET-001,BASE,IN_PLACE,completed,62.5,64.5,65.89999999999998,5.0,0.0,5.0,2.0
lifecycle,e70960269eec88da76c7fc94e6e135d06a464be3b3c58017f568e3e26a79d27a,20260916,0.11.0,34,service,jobs,False,14,14,J000014,PREVENTIVE,POWER_PREVENTIVE,POWER#8,POWER,AIRCRAFT,AIRCRAFT@FLEET-002,BASE,IN_PLACE,completed,62.5,64.5,65.79999999999998,5.0,0.0,5.0,2.0
lifecycle,e70960269eec88da76c7fc94e6e135d06a464be3b3c58017f568e3e26a79d27a,20260916,0.11.0,35,service,jobs,False,14,14,J000001,PREVENTIVE,POWER_PREVENTIVE,POWER#3,POWER,AIRCRAFT,AIRCRAFT@FLEET-001,BASE,REPLACE,completed,14.5,16.5,17.300000000000004,5.0,,3.0,0.0
lifecycle,e70960269eec88da76c7fc94e6e135d06a464be3b3c58017f568e3e26a79d27a,20260916,0.11.0,35,service,jobs,False,14,14,J000002,PREVENTIVE,POWER_PREVENTIVE,POWER#4,POWER,AIRCRAFT,AIRCRAFT@FLEET-002,BASE,IN_PLACE,completed,14.5,16.5,17.400000000000006,5.0,0.0,5.0,2.0
lifecycle,e70960269eec88da76c7fc94e6e135d06a464be3b3c58017f568e3e26a79d27a,20260916,0.11.0,35,service,jobs,False,14,14,J000003,PREVENTIVE,OFF_ITEM,POWER#3,POWER,AIRCRAFT,,CENTER,OFF_ITEM,completed,16.800000000000004,16.800000000000004,18.500000000000007,5.0,0.0,5.0,2.0
lifecycle,e70960269eec88da76c7fc94e6e135d06a464be3b3c58017f568e3e26a79d27a,20260916,0.11.0,35,service,jobs,False,14,14,J000004,PREVENTIVE,POWER_PREVENTIVE,POWER#5,POWER,AIRCRAFT,AIRCRAFT@FLEET-003,BASE,IN_PLACE,completed,30.5,32.5,33.400000000000006,5.0,0.0,5.0,2.0
lifecycle,e70960269eec88da76c7fc94e6e135d06a464be3b3c58017f568e3e26a79d27a,20260916,0.11.0,35,service,jobs,False,14,14,J000005,PREVENTIVE,POWER_PREVENTIVE,POWER#6,POWER,AIRCRAFT,AIRCRAFT@FLEET-004,BASE,REPLACE,completed,30.5,32.5,33.300000000000004,5.0,,3.0,0.0
lifecycle,e70960269eec88da76c7fc94e6e135d06a464be3b3c58017f568e3e26a79d27a,20260916,0.11.0,35,service,jobs,False,14,14,J000006,PREVENTIVE,OFF_ITEM,POWER#6,POWER,AIRCRAFT,,CENTER,OFF_ITEM,completed,32.7,32.7,34.400000000000006,5.0,0.0,5.0,2.0
lifecycle,e70960269eec88da76c7fc94e6e135d06a464be3b3c58017f568e3e26a79d27a,20260916,0.11.0,35,service,jobs,False,14,14,J000007,RETIREMENT,POWER_CORRECTIVE,POWER#4,POWER,AIRCRAFT,AIRCRAFT@FLEET-002,BASE,REPLACE,completed,35.0,36.5,36.85,2.5,,6.0,0.0
lifecycle,e70960269eec88da76c7fc94e6e135d06a464be3b3c58017f568e3e26a79d27a,20260916,0.11.0,35,service,jobs,False,14,14,J000008,RETIREMENT,POWER_CORRECTIVE,POWER#5,POWER,AIRCRAFT,AIRCRAFT@FLEET-003,BASE,REPLACE,completed,39.0,40.5,40.85,2.5,,6.0,0.0
lifecycle,e70960269eec88da76c7fc94e6e135d06a464be3b3c58017f568e3e26a79d27a,20260916,0.11.0,35,service,jobs,False,14,14,J000009,PREVENTIVE,POWER_PREVENTIVE,POWER#1,POWER,AIRCRAFT,AIRCRAFT@FLEET-001,BASE,REPLACE,completed,54.5,56.5,56.95,5.0,,3.0,0.0
lifecycle,e70960269eec88da76c7fc94e6e135d06a464be3b3c58017f568e3e26a79d27a,20260916,0.11.0,35,service,jobs,False,14,14,J000010,PREVENTIVE,OFF_ITEM,POWER#1,POWER,AIRCRAFT,,CENTER,OFF_ITEM,completed,56.7,56.7,58.400000000000006,5.0,0.0,5.0,2.0
lifecycle,e70960269eec88da76c7fc94e6e135d06a464be3b3c58017f568e3e26a79d27a,20260916,0.11.0,35,service,jobs,False,14,14,J000011,PREVENTIVE,POWER_PREVENTIVE,POWER#2,POWER,AIRCRAFT,AIRCRAFT@FLEET-004,BASE,REPLACE,completed,58.5,60.5,60.95,5.0,,3.0,0.0
lifecycle,e70960269eec88da76c7fc94e6e135d06a464be3b3c58017f568e3e26a79d27a,20260916,0.11.0,35,service,jobs,False,14,14,J000012,PREVENTIVE,OFF_ITEM,POWER#2,POWER,AIRCRAFT,,CENTER,OFF_ITEM,completed,60.7,60.7,62.400000000000006,5.0,0.0,5.0,2.0
lifecycle,e70960269eec88da76c7fc94e6e135d06a464be3b3c58017f568e3e26a79d27a,20260916,0.11.0,35,service,jobs,False,14,14,J000013,PREVENTIVE,POWER_PREVENTIVE,POWER#7,POWER,AIRCRAFT,AIRCRAFT@FLEET-002,BASE,REPLACE,completed,62.5,64.5,64.94999999999999,5.0,,3.0,0.0
lifecycle,e70960269eec88da76c7fc94e6e135d06a464be3b3c58017f568e3e26a79d27a,20260916,0.11.0,35,service,jobs,False,14,14,J000014,PREVENTIVE,OFF_ITEM,POWER#7,POWER,AIRCRAFT,,CENTER,OFF_ITEM,completed,64.69999999999999,64.69999999999999,66.39999999999998,5.0,0.0,5.0,2.0
lifecycle,e70960269eec88da76c7fc94e6e135d06a464be3b3c58017f568e3e26a79d27a,20260916,0.11.0,36,service,jobs,False,16,16,J000001,PREVENTIVE,POWER_PREVENTIVE,POWER#3,POWER,AIRCRAFT,AIRCRAFT@FLEET-001,BASE,REPLACE,completed,14.5,16.5,17.300000000000004,5.0,,3.0,0.0
lifecycle,e70960269eec88da76c7fc94e6e135d06a464be3b3c58017f568e3e26a79d27a,20260916,0.11.0,36,service,jobs,False,16,16,J000002,PREVENTIVE,POWER_PREVENTIVE,POWER#4,POWER,AIRCRAFT,AIRCRAFT@FLEET-002,BASE,IN_PLACE,completed,14.5,16.5,17.400000000000006,5.0,0.0,5.0,2.0
lifecycle,e70960269eec88da76c7fc94e6e135d06a464be3b3c58017f568e3e26a79d27a,20260916,0.11.0,36,service,jobs,False,16,16,J000003,PREVENTIVE,OFF_ITEM,POWER#3,POWER,AIRCRAFT,,CENTER,OFF_ITEM,completed,16.800000000000004,16.800000000000004,18.500000000000007,5.0,0.0,5.0,2.0
lifecycle,e70960269eec88da76c7fc94e6e135d06a464be3b3c58017f568e3e26a79d27a,20260916,0.11.0,36,service,jobs,False,16,16,J000004,PREVENTIVE,POWER_PREVENTIVE,POWER#5,POWER,AIRCRAFT,AIRCRAFT@FLEET-003,BASE,REPLACE,completed,30.5,32.5,33.050000000000004,5.0,,3.0,0.0
lifecycle,e70960269eec88da76c7fc94e6e135d06a464be3b3c58017f568e3e26a79d27a,20260916,0.11.0,36,service,jobs,False,16,16,J000005,PREVENTIVE,POWER_PREVENTIVE,POWER#6,POWER,AIRCRAFT,AIRCRAFT@FLEET-004,BASE,REPLACE,completed,30.5,32.5,32.95,5.0,,3.0,0.0
lifecycle,e70960269eec88da76c7fc94e6e135d06a464be3b3c58017f568e3e26a79d27a,20260916,0.11.0,36,service,jobs,False,16,16,J000006,PREVENTIVE,OFF_ITEM,POWER#6,POWER,AIRCRAFT,,CENTER,OFF_ITEM,completed,32.7,32.7,35.00000000000001,5.0,0.0,5.0,2.0
lifecycle,e70960269eec88da76c7fc94e6e135d06a464be3b3c58017f568e3e26a79d27a,20260916,0.11.0,36,service,jobs,False,16,16,J000007,PREVENTIVE,OFF_ITEM,POWER#5,POWER,AIRCRAFT,,CENTER,OFF_ITEM,completed,32.800000000000004,32.800000000000004,35.10000000000001,5.0,0.0,5.0,2.0
lifecycle,e70960269eec88da76c7fc94e6e135d06a464be3b3c58017f568e3e26a79d27a,20260916,0.11.0,36,service,jobs,False,16,16,J000008,RETIREMENT,POWER_CORRECTIVE,POWER#4,POWER,AIRCRAFT,AIRCRAFT@FLEET-002,BASE,REPLACE,completed,35.0,36.5,36.85,2.5,,6.0,0.0
lifecycle,e70960269eec88da76c7fc94e6e135d06a464be3b3c58017f568e3e26a79d27a,20260916,0.11.0,36,service,jobs,False,16,16,J000009,PREVENTIVE,POWER_PREVENTIVE,POWER#1,POWER,AIRCRAFT,AIRCRAFT@FLEET-001,BASE,IN_PLACE,completed,54.5,56.5,57.2,5.0,0.0,5.0,2.0
lifecycle,e70960269eec88da76c7fc94e6e135d06a464be3b3c58017f568e3e26a79d27a,20260916,0.11.0,36,service,jobs,False,16,16,J000010,PREVENTIVE,POWER_PREVENTIVE,POWER#2,POWER,AIRCRAFT,AIRCRAFT@FLEET-004,BASE,REPLACE,completed,58.5,60.5,61.050000000000004,5.0,,3.0,0.0
lifecycle,e70960269eec88da76c7fc94e6e135d06a464be3b3c58017f568e3e26a79d27a,20260916,0.11.0,36,service,jobs,False,16,16,J000011,PREVENTIVE,POWER_PREVENTIVE,POWER#7,POWER,AIRCRAFT,AIRCRAFT@FLEET-003,BASE,REPLACE,completed,58.5,60.5,60.95,5.0,,3.0,0.0
lifecycle,e70960269eec88da76c7fc94e6e135d06a464be3b3c58017f568e3e26a79d27a,20260916,0.11.0,36,service,jobs,False,16,16,J000012,PREVENTIVE,OFF_ITEM,POWER#7,POWER,AIRCRAFT,,CENTER,OFF_ITEM,completed,60.7,60.7,63.00000000000001,5.0,0.0,5.0,2.0
lifecycle,e70960269eec88da76c7fc94e6e135d06a464be3b3c58017f568e3e26a79d27a,20260916,0.11.0,36,service,jobs,False,16,16,J000013,PREVENTIVE,OFF_ITEM,POWER#2,POWER,AIRCRAFT,,CENTER,OFF_ITEM,completed,60.800000000000004,60.800000000000004,63.10000000000001,5.0,0.0,5.0,2.0
lifecycle,e70960269eec88da76c7fc94e6e135d06a464be3b3c58017f568e3e26a79d27a,20260916,0.11.0,36,service,jobs,False,16,16,J000014,PREVENTIVE,POWER_PREVENTIVE,POWER#8,POWER,AIRCRAFT,AIRCRAFT@FLEET-002,BASE,REPLACE,completed,62.5,64.5,64.94999999999999,5.0,,3.0,0.0
lifecycle,e70960269eec88da76c7fc94e6e135d06a464be3b3c58017f568e3e26a79d27a,20260916,0.11.0,36,service,jobs,False,16,16,J000015,RETIREMENT,POWER_CORRECTIVE,POWER#1,POWER,AIRCRAFT,AIRCRAFT@FLEET-001,BASE,REPLACE,completed,63.0,64.5,64.85,2.5,,6.0,0.0
lifecycle,e70960269eec88da76c7fc94e6e135d06a464be3b3c58017f568e3e26a79d27a,20260916,0.11.0,36,service,jobs,False,16,16,J000016,PREVENTIVE,OFF_ITEM,POWER#8,POWER,AIRCRAFT,,CENTER,OFF_ITEM,completed,64.69999999999999,64.69999999999999,66.39999999999998,5.0,0.0,5.0,2.0
lifecycle,e70960269eec88da76c7fc94e6e135d06a464be3b3c58017f568e3e26a79d27a,20260916,0.11.0,37,service,jobs,False,14,14,J000001,PREVENTIVE,POWER_PREVENTIVE,POWER#3,POWER,AIRCRAFT,AIRCRAFT@FLEET-001,BASE,IN_PLACE,completed,14.5,16.5,17.400000000000006,5.0,0.0,5.0,2.0
lifecycle,e70960269eec88da76c7fc94e6e135d06a464be3b3c58017f568e3e26a79d27a,20260916,0.11.0,37,service,jobs,False,14,14,J000002,PREVENTIVE,POWER_PREVENTIVE,POWER#4,POWER,AIRCRAFT,AIRCRAFT@FLEET-002,BASE,REPLACE,completed,14.5,16.5,17.300000000000004,5.0,,3.0,0.0
lifecycle,e70960269eec88da76c7fc94e6e135d06a464be3b3c58017f568e3e26a79d27a,20260916,0.11.0,37,service,jobs,False,14,14,J000003,PREVENTIVE,OFF_ITEM,POWER#4,POWER,AIRCRAFT,,CENTER,OFF_ITEM,completed,16.700000000000003,16.700000000000003,18.400000000000006,5.0,0.0,5.0,2.0
lifecycle,e70960269eec88da76c7fc94e6e135d06a464be3b3c58017f568e3e26a79d27a,20260916,0.11.0,37,service,jobs,False,14,14,J000004,CORRECTIVE,POWER_CORRECTIVE,POWER#6,POWER,AIRCRAFT,AIRCRAFT@FLEET-004,BASE,IN_PLACE,completed,30.28052358073429,30.56104716146858,32.461047161468585,2.7805235807342896,0.0,3.0610471614685792,0.0
lifecycle,e70960269eec88da76c7fc94e6e135d06a464be3b3c58017f568e3e26a79d27a,20260916,0.11.0,37,service,jobs,False,14,14,J000005,PREVENTIVE,POWER_PREVENTIVE,POWER#5,POWER,AIRCRAFT,AIRCRAFT@FLEET-003,BASE,REPLACE,completed,30.5,30.56104716146858,32.36104716146858,3.0610471614685792,,3.0,0.0
lifecycle,e70960269eec88da76c7fc94e6e135d06a464be3b3c58017f568e3e26a79d27a,20260916,0.11.0,37,service,jobs,False,14,14,J000006,PREVENTIVE,OFF_ITEM,POWER#5,POWER,AIRCRAFT,,CENTER,OFF_ITEM,completed,30.761047161468582,30.761047161468582,32.461047161468585,3.0610471614685792,0.0,3.0610471614685792,0.06104716146857925
lifecycle,e70960269eec88da76c7fc94e6e135d06a464be3b3c58017f568e3e26a79d27a,20260916,0.11.0,37,service,jobs,False,14,14,J000007,RETIREMENT,POWER_CORRECTIVE,POWER#3,POWER,AIRCRAFT,AIRCRAFT@FLEET-001,BASE,REPLACE,completed,35.0,36.5,36.85,2.5,,6.0,0.0
lifecycle,e70960269eec88da76c7fc94e6e135d06a464be3b3c58017f568e3e26a79d27a,20260916,0.11.0,37,service,jobs,False,14,14,J000008,PREVENTIVE,POWER_PREVENTIVE,POWER#1,POWER,AIRCRAFT,AIRCRAFT@FLEET-002,BASE,IN_PLACE,completed,54.5,56.5,57.2,5.0,0.0,5.0,2.0
lifecycle,e70960269eec88da76c7fc94e6e135d06a464be3b3c58017f568e3e26a79d27a,20260916,0.11.0,37,service,jobs,False,14,14,J000009,RETIREMENT,POWER_CORRECTIVE,POWER#6,POWER,AIRCRAFT,AIRCRAFT@FLEET-004,BASE,REPLACE,completed,58.43895283853142,60.5,60.85,5.0,,6.0,0.0
lifecycle,e70960269eec88da76c7fc94e6e135d06a464be3b3c58017f568e3e26a79d27a,20260916,0.11.0,37,service,jobs,False,14,14,J000010,PREVENTIVE,POWER_PREVENTIVE,POWER#2,POWER,AIRCRAFT,AIRCRAFT@FLEET-003,BASE,REPLACE,completed,58.5,60.5,60.95,5.0,,3.0,0.0
lifecycle,e70960269eec88da76c7fc94e6e135d06a464be3b3c58017f568e3e26a79d27a,20260916,0.11.0,37,service,jobs,False,14,14,J000011,PREVENTIVE,OFF_ITEM,POWER#2,POWER,AIRCRAFT,,CENTER,OFF_ITEM,completed,60.7,60.7,62.400000000000006,5.0,0.0,5.0,2.0
lifecycle,e70960269eec88da76c7fc94e6e135d06a464be3b3c58017f568e3e26a79d27a,20260916,0.11.0,37,service,jobs,False,14,14,J000012,PREVENTIVE,POWER_PREVENTIVE,POWER#7,POWER,AIRCRAFT,AIRCRAFT@FLEET-001,BASE,REPLACE,completed,62.5,64.5,64.94999999999999,5.0,,3.0,0.0
lifecycle,e70960269eec88da76c7fc94e6e135d06a464be3b3c58017f568e3e26a79d27a,20260916,0.11.0,37,service,jobs,False,14,14,J000013,RETIREMENT,POWER_CORRECTIVE,POWER#1,POWER,AIRCRAFT,AIRCRAFT@FLEET-002,BASE,REPLACE,completed,63.0,64.5,64.85,2.5,,6.0,0.0
lifecycle,e70960269eec88da76c7fc94e6e135d06a464be3b3c58017f568e3e26a79d27a,20260916,0.11.0,37,service,jobs,False,14,14,J000014,PREVENTIVE,OFF_ITEM,POWER#7,POWER,AIRCRAFT,,CENTER,OFF_ITEM,completed,64.69999999999999,64.69999999999999,66.39999999999998,5.0,0.0,5.0,2.0
lifecycle,e70960269eec88da76c7fc94e6e135d06a464be3b3c58017f568e3e26a79d27a,20260916,0.11.0,38,service,jobs,False,14,14,J000001,PREVENTIVE,POWER_PREVENTIVE,POWER#3,POWER,AIRCRAFT,AIRCRAFT@FLEET-001,BASE,REPLACE,completed,14.5,16.5,17.300000000000004,5.0,,3.0,0.0
lifecycle,e70960269eec88da76c7fc94e6e135d06a464be3b3c58017f568e3e26a79d27a,20260916,0.11.0,38,service,jobs,False,14,14,J000002,PREVENTIVE,POWER_PREVENTIVE,POWER#4,POWER,AIRCRAFT,AIRCRAFT@FLEET-002,BASE,IN_PLACE,completed,14.5,16.5,17.400000000000006,5.0,0.0,5.0,2.0
lifecycle,e70960269eec88da76c7fc94e6e135d06a464be3b3c58017f568e3e26a79d27a,20260916,0.11.0,38,service,jobs,False,14,14,J000003,PREVENTIVE,OFF_ITEM,POWER#3,POWER,AIRCRAFT,,CENTER,OFF_ITEM,completed,16.800000000000004,16.800000000000004,18.500000000000007,5.0,0.0,5.0,2.0
lifecycle,e70960269eec88da76c7fc94e6e135d06a464be3b3c58017f568e3e26a79d27a,20260916,0.11.0,38,service,jobs,False,14,14,J000004,PREVENTIVE,POWER_PREVENTIVE,POWER#5,POWER,AIRCRAFT,AIRCRAFT@FLEET-003,BASE,REPLACE,completed,30.5,32.5,33.300000000000004,5.0,,3.0,0.0
lifecycle,e70960269eec88da76c7fc94e6e135d06a464be3b3c58017f568e3e26a79d27a,20260916,0.11.0,38,service,jobs,False,14,14,J000005,PREVENTIVE,POWER_PREVENTIVE,POWER#6,POWER,AIRCRAFT,AIRCRAFT@FLEET-004,BASE,IN_PLACE,completed,30.5,32.5,33.400000000000006,5.0,0.0,5.0,2.0
lifecycle,e70960269eec88da76c7fc94e6e135d06a464be3b3c58017f568e3e26a79d27a,20260916,0.11.0,38,service,jobs,False,14,14,J000006,PREVENTIVE,OFF_ITEM,POWER#5,POWER,AIRCRAFT,,CENTER,OFF_ITEM,completed,32.800000000000004,32.800000000000004,34.50000000000001,5.0,0.0,5.0,2.0
lifecycle,e70960269eec88da76c7fc94e6e135d06a464be3b3c58017f568e3e26a79d27a,20260916,0.11.0,38,service,jobs,False,14,14,J000007,RETIREMENT,POWER_CORRECTIVE,POWER#4,POWER,AIRCRAFT,AIRCRAFT@FLEET-002,BASE,REPLACE,completed,35.0,36.5,36.85,2.5,,6.0,0.0
lifecycle,e70960269eec88da76c7fc94e6e135d06a464be3b3c58017f568e3e26a79d27a,20260916,0.11.0,38,service,jobs,False,14,14,J000008,RETIREMENT,POWER_CORRECTIVE,POWER#6,POWER,AIRCRAFT,AIRCRAFT@FLEET-004,BASE,REPLACE,completed,39.0,40.5,40.85,2.5,,6.0,0.0
lifecycle,e70960269eec88da76c7fc94e6e135d06a464be3b3c58017f568e3e26a79d27a,20260916,0.11.0,38,service,jobs,False,14,14,J000009,PREVENTIVE,POWER_PREVENTIVE,POWER#1,POWER,AIRCRAFT,AIRCRAFT@FLEET-001,BASE,IN_PLACE,completed,54.5,56.5,57.2,5.0,0.0,5.0,2.0
lifecycle,e70960269eec88da76c7fc94e6e135d06a464be3b3c58017f568e3e26a79d27a,20260916,0.11.0,38,service,jobs,False,14,14,J000010,PREVENTIVE,POWER_PREVENTIVE,POWER#2,POWER,AIRCRAFT,AIRCRAFT@FLEET-003,BASE,REPLACE,completed,58.5,60.5,60.95,5.0,,3.0,0.0
lifecycle,e70960269eec88da76c7fc94e6e135d06a464be3b3c58017f568e3e26a79d27a,20260916,0.11.0,38,service,jobs,False,14,14,J000011,PREVENTIVE,OFF_ITEM,POWER#2,POWER,AIRCRAFT,,CENTER,OFF_ITEM,completed,60.7,60.7,62.400000000000006,5.0,0.0,5.0,2.0
lifecycle,e70960269eec88da76c7fc94e6e135d06a464be3b3c58017f568e3e26a79d27a,20260916,0.11.0,38,service,jobs,False,14,14,J000012,PREVENTIVE,POWER_PREVENTIVE,POWER#7,POWER,AIRCRAFT,AIRCRAFT@FLEET-002,BASE,REPLACE,completed,62.5,64.5,64.94999999999999,5.0,,3.0,0.0
lifecycle,e70960269eec88da76c7fc94e6e135d06a464be3b3c58017f568e3e26a79d27a,20260916,0.11.0,38,service,jobs,False,14,14,J000013,RETIREMENT,POWER_CORRECTIVE,POWER#1,POWER,AIRCRAFT,AIRCRAFT@FLEET-001,BASE,REPLACE,completed,63.0,64.5,64.85,2.5,,6.0,0.0
lifecycle,e70960269eec88da76c7fc94e6e135d06a464be3b3c58017f568e3e26a79d27a,20260916,0.11.0,38,service,jobs,False,14,14,J000014,PREVENTIVE,OFF_ITEM,POWER#7,POWER,AIRCRAFT,,CENTER,OFF_ITEM,completed,64.69999999999999,64.69999999999999,66.39999999999998,5.0,0.0,5.0,2.0
lifecycle,e70960269eec88da76c7fc94e6e135d06a464be3b3c58017f568e3e26a79d27a,20260916,0.11.0,39,service,jobs,False,12,12,J000001,PREVENTIVE,POWER_PREVENTIVE,POWER#3,POWER,AIRCRAFT,AIRCRAFT@FLEET-001,BASE,IN_PLACE,completed,14.5,16.5,17.400000000000006,5.0,0.0,5.0,2.0
lifecycle,e70960269eec88da76c7fc94e6e135d06a464be3b3c58017f568e3e26a79d27a,20260916,0.11.0,39,service,jobs,False,12,12,J000002,PREVENTIVE,POWER_PREVENTIVE,POWER#4,POWER,AIRCRAFT,AIRCRAFT@FLEET-002,BASE,REPLACE,completed,14.5,16.5,17.300000000000004,5.0,,3.0,0.0
lifecycle,e70960269eec88da76c7fc94e6e135d06a464be3b3c58017f568e3e26a79d27a,20260916,0.11.0,39,service,jobs,False,12,12,J000003,PREVENTIVE,OFF_ITEM,POWER#4,POWER,AIRCRAFT,,CENTER,OFF_ITEM,completed,16.700000000000003,16.700000000000003,18.400000000000006,5.0,0.0,5.0,2.0
lifecycle,e70960269eec88da76c7fc94e6e135d06a464be3b3c58017f568e3e26a79d27a,20260916,0.11.0,39,service,jobs,False,12,12,J000004,PREVENTIVE,POWER_PREVENTIVE,POWER#5,POWER,AIRCRAFT,AIRCRAFT@FLEET-003,BASE,REPLACE,completed,30.5,32.5,33.300000000000004,5.0,,3.0,0.0
lifecycle,e70960269eec88da76c7fc94e6e135d06a464be3b3c58017f568e3e26a79d27a,20260916,0.11.0,39,service,jobs,False,12,12,J000005,PREVENTIVE,POWER_PREVENTIVE,POWER#6,POWER,AIRCRAFT,AIRCRAFT@FLEET-004,BASE,IN_PLACE,completed,30.5,32.5,33.400000000000006,5.0,0.0,5.0,2.0
lifecycle,e70960269eec88da76c7fc94e6e135d06a464be3b3c58017f568e3e26a79d27a,20260916,0.11.0,39,service,jobs,False,12,12,J000006,PREVENTIVE,OFF_ITEM,POWER#5,POWER,AIRCRAFT,,CENTER,OFF_ITEM,completed,32.800000000000004,32.800000000000004,34.50000000000001,5.0,0.0,5.0,2.0
lifecycle,e70960269eec88da76c7fc94e6e135d06a464be3b3c58017f568e3e26a79d27a,20260916,0.11.0,39,service,jobs,False,12,12,J000007,RETIREMENT,POWER_CORRECTIVE,POWER#3,POWER,AIRCRAFT,AIRCRAFT@FLEET-001,BASE,REPLACE,completed,35.0,36.5,36.85,2.5,,6.0,0.0
lifecycle,e70960269eec88da76c7fc94e6e135d06a464be3b3c58017f568e3e26a79d27a,20260916,0.11.0,39,service,jobs,False,12,12,J000008,RETIREMENT,POWER_CORRECTIVE,POWER#6,POWER,AIRCRAFT,AIRCRAFT@FLEET-004,BASE,REPLACE,completed,39.0,40.5,40.85,2.5,,6.0,0.0
lifecycle,e70960269eec88da76c7fc94e6e135d06a464be3b3c58017f568e3e26a79d27a,20260916,0.11.0,39,service,jobs,False,12,12,J000009,PREVENTIVE,POWER_PREVENTIVE,POWER#1,POWER,AIRCRAFT,AIRCRAFT@FLEET-002,BASE,REPLACE,completed,54.5,56.5,56.95,5.0,,3.0,0.0
lifecycle,e70960269eec88da76c7fc94e6e135d06a464be3b3c58017f568e3e26a79d27a,20260916,0.11.0,39,service,jobs,False,12,12,J000010,PREVENTIVE,OFF_ITEM,POWER#1,POWER,AIRCRAFT,,CENTER,OFF_ITEM,completed,56.7,56.7,58.400000000000006,5.0,0.0,5.0,2.0
lifecycle,e70960269eec88da76c7fc94e6e135d06a464be3b3c58017f568e3e26a79d27a,20260916,0.11.0,39,service,jobs,False,12,12,J000011,PREVENTIVE,POWER_PREVENTIVE,POWER#2,POWER,AIRCRAFT,AIRCRAFT@FLEET-003,BASE,IN_PLACE,completed,58.5,60.5,61.2,5.0,0.0,5.0,2.0
lifecycle,e70960269eec88da76c7fc94e6e135d06a464be3b3c58017f568e3e26a79d27a,20260916,0.11.0,39,service,jobs,False,12,12,J000012,PREVENTIVE,POWER_PREVENTIVE,POWER#7,POWER,AIRCRAFT,AIRCRAFT@FLEET-001,BASE,IN_PLACE,completed,62.5,64.5,65.19999999999999,5.0,0.0,5.0,2.0
lifecycle,e70960269eec88da76c7fc94e6e135d06a464be3b3c58017f568e3e26a79d27a,20260916,0.11.0,40,service,jobs,False,15,15,J000001,CORRECTIVE,POWER_CORRECTIVE,POWER#6,POWER,AIRCRAFT,AIRCRAFT@FLEET-004,BASE,REPLACE,completed,12.147559142880228,12.5,12.95,2.147559142880228,,2.147559142880228,0.0
lifecycle,e70960269eec88da76c7fc94e6e135d06a464be3b3c58017f568e3e26a79d27a,20260916,0.11.0,40,service,jobs,False,15,15,J000002,CORRECTIVE,OFF_ITEM,POWER#6,POWER,AIRCRAFT,,CENTER,OFF_ITEM,completed,12.7,12.7,15.399999999999999,2.147559142880228,0.0,2.5,0.0
lifecycle,e70960269eec88da76c7fc94e6e135d06a464be3b3c58017f568e3e26a79d27a,20260916,0.11.0,40,service,jobs,False,15,15,J000003,PREVENTIVE,POWER_PREVENTIVE,POWER#3,POWER,AIRCRAFT,AIRCRAFT@FLEET-001,BASE,IN_PLACE,completed,14.5,16.5,17.400000000000006,5.0,0.0,5.0,2.0
lifecycle,e70960269eec88da76c7fc94e6e135d06a464be3b3c58017f568e3e26a79d27a,20260916,0.11.0,40,service,jobs,False,15,15,J000004,PREVENTIVE,POWER_PREVENTIVE,POWER#4,POWER,AIRCRAFT,AIRCRAFT@FLEET-002,BASE,REPLACE,completed,14.5,16.5,17.300000000000004,5.0,,3.0,0.0
lifecycle,e70960269eec88da76c7fc94e6e135d06a464be3b3c58017f568e3e26a79d27a,20260916,0.11.0,40,service,jobs,False,15,15,J000005,PREVENTIVE,OFF_ITEM,POWER#4,POWER,AIRCRAFT,,CENTER,OFF_ITEM,completed,16.700000000000003,16.700000000000003,18.400000000000006,5.0,0.0,5.0,2.0
lifecycle,e70960269eec88da76c7fc94e6e135d06a464be3b3c58017f568e3e26a79d27a,20260916,0.11.0,40,service,jobs,False,15,15,J000006,PREVENTIVE,POWER_PREVENTIVE,POWER#5,POWER,AIRCRAFT,AIRCRAFT@FLEET-003,BASE,REPLACE,completed,30.5,32.5,32.95,5.0,,3.0,0.0
lifecycle,e70960269eec88da76c7fc94e6e135d06a464be3b3c58017f568e3e26a79d27a,20260916,0.11.0,40,service,jobs,False,15,15,J000007,PREVENTIVE,OFF_ITEM,POWER#5,POWER,AIRCRAFT,,CENTER,OFF_ITEM,completed,32.7,32.7,34.400000000000006,5.0,0.0,5.0,2.0
lifecycle,e70960269eec88da76c7fc94e6e135d06a464be3b3c58017f568e3e26a79d27a,20260916,0.11.0,40,service,jobs,False,15,15,J000008,RETIREMENT,POWER_CORRECTIVE,POWER#3,POWER,AIRCRAFT,AIRCRAFT@FLEET-001,BASE,REPLACE,completed,35.0,36.5,36.85,2.5,,6.0,0.0
lifecycle,e70960269eec88da76c7fc94e6e135d06a464be3b3c58017f568e3e26a79d27a,20260916,0.11.0,40,service,jobs,False,15,15,J000009,PREVENTIVE,POWER_PREVENTIVE,POWER#1,POWER,AIRCRAFT,AIRCRAFT@FLEET-004,BASE,REPLACE,completed,38.5,40.5,40.95,5.0,,3.0,0.0
lifecycle,e70960269eec88da76c7fc94e6e135d06a464be3b3c58017f568e3e26a79d27a,20260916,0.11.0,40,service,jobs,False,15,15,J000010,PREVENTIVE,OFF_ITEM,POWER#1,POWER,AIRCRAFT,,CENTER,OFF_ITEM,completed,40.7,40.7,42.400000000000006,5.0,0.0,5.0,2.0
lifecycle,e70960269eec88da76c7fc94e6e135d06a464be3b3c58017f568e3e26a79d27a,20260916,0.11.0,40,service,jobs,False,15,15,J000011,PREVENTIVE,POWER_PREVENTIVE,POWER#2,POWER,AIRCRAFT,AIRCRAFT@FLEET-002,BASE,REPLACE,completed,54.5,56.5,56.95,5.0,,3.0,0.0
lifecycle,e70960269eec88da76c7fc94e6e135d06a464be3b3c58017f568e3e26a79d27a,20260916,0.11.0,40,service,jobs,False,15,15,J000012,PREVENTIVE,OFF_ITEM,POWER#2,POWER,AIRCRAFT,,CENTER,OFF_ITEM,completed,56.7,56.7,58.400000000000006,5.0,0.0,5.0,2.0
lifecycle,e70960269eec88da76c7fc94e6e135d06a464be3b3c58017f568e3e26a79d27a,20260916,0.11.0,40,service,jobs,False,15,15,J000013,PREVENTIVE,POWER_PREVENTIVE,POWER#7,POWER,AIRCRAFT,AIRCRAFT@FLEET-003,BASE,REPLACE,completed,58.5,60.5,60.95,5.0,,3.0,0.0
lifecycle,e70960269eec88da76c7fc94e6e135d06a464be3b3c58017f568e3e26a79d27a,20260916,0.11.0,40,service,jobs,False,15,15,J000014,PREVENTIVE,OFF_ITEM,POWER#7,POWER,AIRCRAFT,,CENTER,OFF_ITEM,completed,60.7,60.7,62.400000000000006,5.0,0.0,5.0,2.0
lifecycle,e70960269eec88da76c7fc94e6e135d06a464be3b3c58017f568e3e26a79d27a,20260916,0.11.0,40,service,jobs,False,15,15,J000015,PREVENTIVE,POWER_PREVENTIVE,POWER#8,POWER,AIRCRAFT,AIRCRAFT@FLEET-001,BASE,IN_PLACE,completed,62.5,64.5,65.19999999999999,5.0,0.0,5.0,2.0
lifecycle,e70960269eec88da76c7fc94e6e135d06a464be3b3c58017f568e3e26a79d27a,20260916,0.11.0,41,service,jobs,False,12,12,J000001,PREVENTIVE,POWER_PREVENTIVE,POWER#3,POWER,AIRCRAFT,AIRCRAFT@FLEET-001,BASE,IN_PLACE,completed,14.5,16.5,17.400000000000006,5.0,0.0,5.0,2.0
lifecycle,e70960269eec88da76c7fc94e6e135d06a464be3b3c58017f568e3e26a79d27a,20260916,0.11.0,41,service,jobs,False,12,12,J000002,PREVENTIVE,POWER_PREVENTIVE,POWER#4,POWER,AIRCRAFT,AIRCRAFT@FLEET-002,BASE,REPLACE,completed,14.5,16.5,17.300000000000004,5.0,,3.0,0.0
lifecycle,e70960269eec88da76c7fc94e6e135d06a464be3b3c58017f568e3e26a79d27a,20260916,0.11.0,41,service,jobs,False,12,12,J000003,PREVENTIVE,OFF_ITEM,POWER#4,POWER,AIRCRAFT,,CENTER,OFF_ITEM,completed,16.700000000000003,16.700000000000003,18.400000000000006,5.0,0.0,5.0,2.0
lifecycle,e70960269eec88da76c7fc94e6e135d06a464be3b3c58017f568e3e26a79d27a,20260916,0.11.0,41,service,jobs,False,12,12,J000004,PREVENTIVE,POWER_PREVENTIVE,POWER#5,POWER,AIRCRAFT,AIRCRAFT@FLEET-003,BASE,REPLACE,completed,30.5,32.5,33.300000000000004,5.0,,3.0,0.0
lifecycle,e70960269eec88da76c7fc94e6e135d06a464be3b3c58017f568e3e26a79d27a,20260916,0.11.0,41,service,jobs,False,12,12,J000005,PREVENTIVE,POWER_PREVENTIVE,POWER#6,POWER,AIRCRAFT,AIRCRAFT@FLEET-004,BASE,IN_PLACE,completed,30.5,32.5,33.400000000000006,5.0,0.0,5.0,2.0
lifecycle,e70960269eec88da76c7fc94e6e135d06a464be3b3c58017f568e3e26a79d27a,20260916,0.11.0,41,service,jobs,False,12,12,J000006,PREVENTIVE,OFF_ITEM,POWER#5,POWER,AIRCRAFT,,CENTER,OFF_ITEM,completed,32.800000000000004,32.800000000000004,34.50000000000001,5.0,0.0,5.0,2.0
lifecycle,e70960269eec88da76c7fc94e6e135d06a464be3b3c58017f568e3e26a79d27a,20260916,0.11.0,41,service,jobs,False,12,12,J000007,RETIREMENT,POWER_CORRECTIVE,POWER#3,POWER,AIRCRAFT,AIRCRAFT@FLEET-001,BASE,REPLACE,completed,35.0,36.5,36.85,2.5,,6.0,0.0
lifecycle,e70960269eec88da76c7fc94e6e135d06a464be3b3c58017f568e3e26a79d27a,20260916,0.11.0,41,service,jobs,False,12,12,J000008,RETIREMENT,POWER_CORRECTIVE,POWER#6,POWER,AIRCRAFT,AIRCRAFT@FLEET-004,BASE,REPLACE,completed,39.0,40.5,40.85,2.5,,6.0,0.0
lifecycle,e70960269eec88da76c7fc94e6e135d06a464be3b3c58017f568e3e26a79d27a,20260916,0.11.0,41,service,jobs,False,12,12,J000009,PREVENTIVE,POWER_PREVENTIVE,POWER#1,POWER,AIRCRAFT,AIRCRAFT@FLEET-002,BASE,IN_PLACE,completed,54.5,56.5,57.2,5.0,0.0,5.0,2.0
lifecycle,e70960269eec88da76c7fc94e6e135d06a464be3b3c58017f568e3e26a79d27a,20260916,0.11.0,41,service,jobs,False,12,12,J000010,PREVENTIVE,POWER_PREVENTIVE,POWER#2,POWER,AIRCRAFT,AIRCRAFT@FLEET-003,BASE,IN_PLACE,completed,58.5,60.5,61.2,5.0,0.0,5.0,2.0
lifecycle,e70960269eec88da76c7fc94e6e135d06a464be3b3c58017f568e3e26a79d27a,20260916,0.11.0,41,service,jobs,False,12,12,J000011,PREVENTIVE,POWER_PREVENTIVE,POWER#7,POWER,AIRCRAFT,AIRCRAFT@FLEET-001,BASE,IN_PLACE,completed,62.5,64.5,65.29999999999998,5.0,0.0,5.0,2.0
lifecycle,e70960269eec88da76c7fc94e6e135d06a464be3b3c58017f568e3e26a79d27a,20260916,0.11.0,41,service,jobs,False,12,12,J000012,RETIREMENT,POWER_CORRECTIVE,POWER#1,POWER,AIRCRAFT,AIRCRAFT@FLEET-002,BASE,REPLACE,completed,63.0,64.5,65.19999999999999,2.5,,6.0,0.0
lifecycle,e70960269eec88da76c7fc94e6e135d06a464be3b3c58017f568e3e26a79d27a,20260916,0.11.0,42,service,jobs,False,15,15,J000001,PREVENTIVE,POWER_PREVENTIVE,POWER#3,POWER,AIRCRAFT,AIRCRAFT@FLEET-001,BASE,REPLACE,completed,14.5,16.5,17.050000000000004,5.0,,3.0,0.0
lifecycle,e70960269eec88da76c7fc94e6e135d06a464be3b3c58017f568e3e26a79d27a,20260916,0.11.0,42,service,jobs,False,15,15,J000002,PREVENTIVE,POWER_PREVENTIVE,POWER#4,POWER,AIRCRAFT,AIRCRAFT@FLEET-002,BASE,REPLACE,completed,14.5,16.5,16.950000000000003,5.0,,3.0,0.0
lifecycle,e70960269eec88da76c7fc94e6e135d06a464be3b3c58017f568e3e26a79d27a,20260916,0.11.0,42,service,jobs,False,15,15,J000003,PREVENTIVE,OFF_ITEM,POWER#4,POWER,AIRCRAFT,,CENTER,OFF_ITEM,completed,16.700000000000003,16.700000000000003,19.000000000000007,5.0,0.0,5.0,2.0
lifecycle,e70960269eec88da76c7fc94e6e135d06a464be3b3c58017f568e3e26a79d27a,20260916,0.11.0,42,service,jobs,False,15,15,J000004,PREVENTIVE,OFF_ITEM,POWER#3,POWER,AIRCRAFT,,CENTER,OFF_ITEM,completed,16.800000000000004,16.800000000000004,19.10000000000001,5.0,0.0,5.0,2.0
lifecycle,e70960269eec88da76c7fc94e6e135d06a464be3b3c58017f568e3e26a79d27a,20260916,0.11.0,42,service,jobs,False,15,15,J000005,PREVENTIVE,POWER_PREVENTIVE,POWER#5,POWER,AIRCRAFT,AIRCRAFT@FLEET-003,BASE,REPLACE,completed,30.5,32.5,33.050000000000004,5.0,,3.0,0.0
lifecycle,e70960269eec88da76c7fc94e6e135d06a464be3b3c58017f568e3e26a79d27a,20260916,0.11.0,42,service,jobs,False,15,15,J000006,PREVENTIVE,POWER_PREVENTIVE,POWER#6,POWER,AIRCRAFT,AIRCRAFT@FLEET-004,BASE,REPLACE,completed,30.5,32.5,32.95,5.0,,3.0,0.0
lifecycle,e70960269eec88da76c7fc94e6e135d06a464be3b3c58017f568e3e26a79d27a,20260916,0.11.0,42,service,jobs,False,15,15,J000007,PREVENTIVE,OFF_ITEM,POWER#6,POWER,AIRCRAFT,,CENTER,OFF_ITEM,completed,32.7,32.7,35.00000000000001,5.0,0.0,5.0,2.0
lifecycle,e70960269eec88da76c7fc94e6e135d06a464be3b3c58017f568e3e26a79d27a,20260916,0.11.0,42,service,jobs,False,15,15,J000008,PREVENTIVE,OFF_ITEM,POWER#5,POWER,AIRCRAFT,,CENTER,OFF_ITEM,completed,32.800000000000004,32.800000000000004,35.10000000000001,5.0,0.0,5.0,2.0
lifecycle,e70960269eec88da76c7fc94e6e135d06a464be3b3c58017f568e3e26a79d27a,20260916,0.11.0,42,service,jobs,False,15,15,J000009,CORRECTIVE,POWER_CORRECTIVE,POWER#7,POWER,AIRCRAFT,AIRCRAFT@FLEET-004,BASE,IN_PLACE,completed,40.4528559266166,40.5,42.2,2.4528559266166,0.0,2.5,0.0
lifecycle,e70960269eec88da76c7fc94e6e135d06a464be3b3c58017f568e3e26a79d27a,20260916,0.11.0,42,service,jobs,False,15,15,J000010,PREVENTIVE,POWER_PREVENTIVE,POWER#1,POWER,AIRCRAFT,AIRCRAFT@FLEET-002,BASE,IN_PLACE,completed,54.5,56.5,57.900000000000006,5.0,0.0,5.0,2.0
lifecycle,e70960269eec88da76c7fc94e6e135d06a464be3b3c58017f568e3e26a79d27a,20260916,0.11.0,42,service,jobs,False,15,15,J000011,PREVENTIVE,POWER_PREVENTIVE,POWER#2,POWER,AIRCRAFT,AIRCRAFT@FLEET-001,BASE,IN_PLACE,completed,54.5,56.5,57.800000000000004,5.0,0.0,5.0,2.0
lifecycle,e70960269eec88da76c7fc94e6e135d06a464be3b3c58017f568e3e26a79d27a,20260916,0.11.0,42,service,jobs,False,15,15,J000012,PREVENTIVE,POWER_PREVENTIVE,POWER#8,POWER,AIRCRAFT,AIRCRAFT@FLEET-003,BASE,REPLACE,completed,58.5,60.5,60.95,5.0,,3.0,0.0
lifecycle,e70960269eec88da76c7fc94e6e135d06a464be3b3c58017f568e3e26a79d27a,20260916,0.11.0,42,service,jobs,False,15,15,J000013,PREVENTIVE,OFF_ITEM,POWER#8,POWER,AIRCRAFT,,CENTER,OFF_ITEM,completed,60.7,60.7,62.400000000000006,5.0,0.0,5.0,2.0
lifecycle,e70960269eec88da76c7fc94e6e135d06a464be3b3c58017f568e3e26a79d27a,20260916,0.11.0,42,service,jobs,False,15,15,J000014,RETIREMENT,POWER_CORRECTIVE,POWER#1,POWER,AIRCRAFT,AIRCRAFT@FLEET-002,BASE,REPLACE,completed,63.0,64.5,64.94999999999999,2.5,,6.0,0.0
lifecycle,e70960269eec88da76c7fc94e6e135d06a464be3b3c58017f568e3e26a79d27a,20260916,0.11.0,42,service,jobs,False,15,15,J000015,RETIREMENT,POWER_CORRECTIVE,POWER#2,POWER,AIRCRAFT,AIRCRAFT@FLEET-001,BASE,REPLACE,completed,63.0,64.5,64.85,2.5,,6.0,0.0
lifecycle,e70960269eec88da76c7fc94e6e135d06a464be3b3c58017f568e3e26a79d27a,20260916,0.11.0,43,service,jobs,False,15,15,J000001,PREVENTIVE,POWER_PREVENTIVE,POWER#3,POWER,AIRCRAFT,AIRCRAFT@FLEET-001,BASE,IN_PLACE,completed,14.5,16.155270600912083,18.455270600912087,4.655270600912083,0.0,4.655270600912083,1.6552706009120826
lifecycle,e70960269eec88da76c7fc94e6e135d06a464be3b3c58017f568e3e26a79d27a,20260916,0.11.0,43,service,jobs,False,15,15,J000002,PREVENTIVE,POWER_PREVENTIVE,POWER#4,POWER,AIRCRAFT,AIRCRAFT@FLEET-002,BASE,IN_PLACE,covered_by_corrective,14.5,,18.55527060091209,3.0,0.0,3.0,0.0
lifecycle,e70960269eec88da76c7fc94e6e135d06a464be3b3c58017f568e3e26a79d27a,20260916,0.11.0,43,service,jobs,False,15,15,J000003,CORRECTIVE,POWER_CORRECTIVE,POWER#4,POWER,AIRCRAFT,AIRCRAFT@FLEET-002,BASE,IN_PLACE,completed,15.65527060091208,16.155270600912083,18.55527060091209,4.155270600912081,0.0,4.655270600912083,1.1552706009120808
lifecycle,e70960269eec88da76c7fc94e6e135d06a464be3b3c58017f568e3e26a79d27a,20260916,0.11.0,43,service,jobs,False,15,15,J000004,PREVENTIVE,POWER_PREVENTIVE,POWER#5,POWER,AIRCRAFT,AIRCRAFT@FLEET-003,BASE,REPLACE,completed,30.5,32.5,33.300000000000004,5.0,,3.0,0.0
lifecycle,e70960269eec88da76c7fc94e6e135d06a464be3b3c58017f568e3e26a79d27a,20260916,0.11.0,43,service,jobs,False,15,15,J000005,PREVENTIVE,POWER_PREVENTIVE,POWER#6,POWER,AIRCRAFT,AIRCRAFT@FLEET-004,BASE,IN_PLACE,completed,30.5,32.5,33.400000000000006,5.0,0.0,5.0,2.0
lifecycle,e70960269eec88da76c7fc94e6e135d06a464be3b3c58017f568e3e26a79d27a,20260916,0.11.0,43,service,jobs,False,15,15,J000006,PREVENTIVE,OFF_ITEM,POWER#5,POWER,AIRCRAFT,,CENTER,OFF_ITEM,completed,32.800000000000004,32.800000000000004,34.50000000000001,5.0,0.0,5.0,2.0
lifecycle,e70960269eec88da76c7fc94e6e135d06a464be3b3c58017f568e3e26a79d27a,20260916,0.11.0,43,service,jobs,False,15,15,J000007,RETIREMENT,POWER_CORRECTIVE,POWER#3,POWER,AIRCRAFT,AIRCRAFT@FLEET-001,BASE,REPLACE,completed,35.34472939908792,36.5,36.95,2.5,,6.0,0.0
lifecycle,e70960269eec88da76c7fc94e6e135d06a464be3b3c58017f568e3e26a79d27a,20260916,0.11.0,43,service,jobs,False,15,15,J000008,RETIREMENT,POWER_CORRECTIVE,POWER#4,POWER,AIRCRAFT,AIRCRAFT@FLEET-002,BASE,REPLACE,completed,35.34472939908792,36.5,36.85,2.5,,6.0,0.0
lifecycle,e70960269eec88da76c7fc94e6e135d06a464be3b3c58017f568e3e26a79d27a,20260916,0.11.0,43,service,jobs,False,15,15,J000009,RETIREMENT,POWER_CORRECTIVE,POWER#6,POWER,AIRCRAFT,AIRCRAFT@FLEET-004,BASE,REPLACE,completed,39.0,40.5,40.85,2.5,,6.0,0.0
lifecycle,e70960269eec88da76c7fc94e6e135d06a464be3b3c58017f568e3e26a79d27a,20260916,0.11.0,43,service,jobs,False,15,15,J000010,PREVENTIVE,POWER_PREVENTIVE,POWER#1,POWER,AIRCRAFT,AIRCRAFT@FLEET-003,BASE,REPLACE,completed,58.5,60.5,60.95,5.0,,3.0,0.0
lifecycle,e70960269eec88da76c7fc94e6e135d06a464be3b3c58017f568e3e26a79d27a,20260916,0.11.0,43,service,jobs,False,15,15,J000011,PREVENTIVE,OFF_ITEM,POWER#1,POWER,AIRCRAFT,,CENTER,OFF_ITEM,completed,60.7,60.7,62.400000000000006,5.0,0.0,5.0,2.0
lifecycle,e70960269eec88da76c7fc94e6e135d06a464be3b3c58017f568e3e26a79d27a,20260916,0.11.0,43,service,jobs,False,15,15,J000012,PREVENTIVE,POWER_PREVENTIVE,POWER#2,POWER,AIRCRAFT,AIRCRAFT@FLEET-002,BASE,REPLACE,completed,62.5,64.5,65.04999999999998,5.0,,3.0,0.0
lifecycle,e70960269eec88da76c7fc94e6e135d06a464be3b3c58017f568e3e26a79d27a,20260916,0.11.0,43,service,jobs,False,15,15,J000013,PREVENTIVE,POWER_PREVENTIVE,POWER#7,POWER,AIRCRAFT,AIRCRAFT@FLEET-001,BASE,REPLACE,completed,62.5,64.5,64.94999999999999,5.0,,3.0,0.0
lifecycle,e70960269eec88da76c7fc94e6e135d06a464be3b3c58017f568e3e26a79d27a,20260916,0.11.0,43,service,jobs,False,15,15,J000014,PREVENTIVE,OFF_ITEM,POWER#7,POWER,AIRCRAFT,,CENTER,OFF_ITEM,completed,64.69999999999999,64.69999999999999,66.99999999999997,5.0,0.0,5.0,2.0
lifecycle,e70960269eec88da76c7fc94e6e135d06a464be3b3c58017f568e3e26a79d27a,20260916,0.11.0,43,service,jobs,False,15,15,J000015,PREVENTIVE,OFF_ITEM,POWER#2,POWER,AIRCRAFT,,CENTER,OFF_ITEM,completed,64.79999999999998,64.79999999999998,67.09999999999997,5.0,0.0,5.0,2.0
lifecycle,e70960269eec88da76c7fc94e6e135d06a464be3b3c58017f568e3e26a79d27a,20260916,0.11.0,44,service,jobs,False,14,14,J000001,PREVENTIVE,POWER_PREVENTIVE,POWER#3,POWER,AIRCRAFT,AIRCRAFT@FLEET-001,BASE,REPLACE,completed,14.5,16.5,17.050000000000004,5.0,,3.0,0.0
lifecycle,e70960269eec88da76c7fc94e6e135d06a464be3b3c58017f568e3e26a79d27a,20260916,0.11.0,44,service,jobs,False,14,14,J000002,PREVENTIVE,POWER_PREVENTIVE,POWER#4,POWER,AIRCRAFT,AIRCRAFT@FLEET-002,BASE,REPLACE,completed,14.5,16.5,16.950000000000003,5.0,,3.0,0.0
lifecycle,e70960269eec88da76c7fc94e6e135d06a464be3b3c58017f568e3e26a79d27a,20260916,0.11.0,44,service,jobs,False,14,14,J000003,PREVENTIVE,OFF_ITEM,POWER#4,POWER,AIRCRAFT,,CENTER,OFF_ITEM,completed,16.700000000000003,16.700000000000003,19.000000000000007,5.0,0.0,5.0,2.0
lifecycle,e70960269eec88da76c7fc94e6e135d06a464be3b3c58017f568e3e26a79d27a,20260916,0.11.0,44,service,jobs,False,14,14,J000004,PREVENTIVE,OFF_ITEM,POWER#3,POWER,AIRCRAFT,,CENTER,OFF_ITEM,completed,16.800000000000004,16.800000000000004,19.10000000000001,5.0,0.0,5.0,2.0
lifecycle,e70960269eec88da76c7fc94e6e135d06a464be3b3c58017f568e3e26a79d27a,20260916,0.11.0,44,service,jobs,False,14,14,J000005,PREVENTIVE,POWER_PREVENTIVE,POWER#5,POWER,AIRCRAFT,AIRCRAFT@FLEET-003,BASE,IN_PLACE,completed,30.5,32.5,33.400000000000006,5.0,0.0,5.0,2.0
lifecycle,e70960269eec88da76c7fc94e6e135d06a464be3b3c58017f568e3e26a79d27a,20260916,0.11.0,44,service,jobs,False,14,14,J000006,PREVENTIVE,POWER_PREVENTIVE,POWER#6,POWER,AIRCRAFT,AIRCRAFT@FLEET-004,BASE,REPLACE,completed,30.5,32.5,33.300000000000004,5.0,,3.0,0.0
lifecycle,e70960269eec88da76c7fc94e6e135d06a464be3b3c58017f568e3e26a79d27a,20260916,0.11.0,44,service,jobs,False,14,14,J000007,PREVENTIVE,OFF_ITEM,POWER#6,POWER,AIRCRAFT,,CENTER,OFF_ITEM,completed,32.7,32.7,34.400000000000006,5.0,0.0,5.0,2.0
lifecycle,e70960269eec88da76c7fc94e6e135d06a464be3b3c58017f568e3e26a79d27a,20260916,0.11.0,44,service,jobs,False,14,14,J000008,RETIREMENT,POWER_CORRECTIVE,POWER#5,POWER,AIRCRAFT,AIRCRAFT@FLEET-003,BASE,REPLACE,completed,39.0,40.5,40.85,2.5,,6.0,0.0
lifecycle,e70960269eec88da76c7fc94e6e135d06a464be3b3c58017f568e3e26a79d27a,20260916,0.11.0,44,service,jobs,False,14,14,J000009,PREVENTIVE,POWER_PREVENTIVE,POWER#1,POWER,AIRCRAFT,AIRCRAFT@FLEET-002,BASE,REPLACE,completed,54.5,56.5,57.050000000000004,5.0,,3.0,0.0
lifecycle,e70960269eec88da76c7fc94e6e135d06a464be3b3c58017f568e3e26a79d27a,20260916,0.11.0,44,service,jobs,False,14,14,J000010,PREVENTIVE,POWER_PREVENTIVE,POWER#2,POWER,AIRCRAFT,AIRCRAFT@FLEET-001,BASE,REPLACE,completed,54.5,56.5,56.95,5.0,,3.0,0.0
lifecycle,e70960269eec88da76c7fc94e6e135d06a464be3b3c58017f568e3e26a79d27a,20260916,0.11.0,44,service,jobs,False,14,14,J000011,PREVENTIVE,OFF_ITEM,POWER#2,POWER,AIRCRAFT,,CENTER,OFF_ITEM,completed,56.7,56.7,59.00000000000001,5.0,0.0,5.0,2.0
lifecycle,e70960269eec88da76c7fc94e6e135d06a464be3b3c58017f568e3e26a79d27a,20260916,0.11.0,44,service,jobs,False,14,14,J000012,PREVENTIVE,OFF_ITEM,POWER#1,POWER,AIRCRAFT,,CENTER,OFF_ITEM,completed,56.800000000000004,56.800000000000004,59.10000000000001,5.0,0.0,5.0,2.0
lifecycle,e70960269eec88da76c7fc94e6e135d06a464be3b3c58017f568e3e26a79d27a,20260916,0.11.0,44,service,jobs,False,14,14,J000013,PREVENTIVE,POWER_PREVENTIVE,POWER#7,POWER,AIRCRAFT,AIRCRAFT@FLEET-004,BASE,REPLACE,completed,58.5,60.5,60.95,5.0,,3.0,0.0
lifecycle,e70960269eec88da76c7fc94e6e135d06a464be3b3c58017f568e3e26a79d27a,20260916,0.11.0,44,service,jobs,False,14,14,J000014,PREVENTIVE,OFF_ITEM,POWER#7,POWER,AIRCRAFT,,CENTER,OFF_ITEM,completed,60.7,60.7,62.400000000000006,5.0,0.0,5.0,2.0
lifecycle,e70960269eec88da76c7fc94e6e135d06a464be3b3c58017f568e3e26a79d27a,20260916,0.11.0,45,service,jobs,False,13,13,J000001,PREVENTIVE,POWER_PREVENTIVE,POWER#3,POWER,AIRCRAFT,AIRCRAFT@FLEET-001,BASE,REPLACE,completed,14.5,16.5,17.050000000000004,5.0,,3.0,0.0
lifecycle,e70960269eec88da76c7fc94e6e135d06a464be3b3c58017f568e3e26a79d27a,20260916,0.11.0,45,service,jobs,False,13,13,J000002,PREVENTIVE,POWER_PREVENTIVE,POWER#4,POWER,AIRCRAFT,AIRCRAFT@FLEET-002,BASE,REPLACE,completed,14.5,16.5,16.950000000000003,5.0,,3.0,0.0
lifecycle,e70960269eec88da76c7fc94e6e135d06a464be3b3c58017f568e3e26a79d27a,20260916,0.11.0,45,service,jobs,False,13,13,J000003,PREVENTIVE,OFF_ITEM,POWER#4,POWER,AIRCRAFT,,CENTER,OFF_ITEM,completed,16.700000000000003,16.700000000000003,19.000000000000007,5.0,0.0,5.0,2.0
lifecycle,e70960269eec88da76c7fc94e6e135d06a464be3b3c58017f568e3e26a79d27a,20260916,0.11.0,45,service,jobs,False,13,13,J000004,PREVENTIVE,OFF_ITEM,POWER#3,POWER,AIRCRAFT,,CENTER,OFF_ITEM,completed,16.800000000000004,16.800000000000004,19.10000000000001,5.0,0.0,5.0,2.0
lifecycle,e70960269eec88da76c7fc94e6e135d06a464be3b3c58017f568e3e26a79d27a,20260916,0.11.0,45,service,jobs,False,13,13,J000005,PREVENTIVE,POWER_PREVENTIVE,POWER#5,POWER,AIRCRAFT,AIRCRAFT@FLEET-003,BASE,IN_PLACE,covered_by_corrective,30.5,,34.2190084664761,3.0,0.0,3.0,0.0
lifecycle,e70960269eec88da76c7fc94e6e135d06a464be3b3c58017f568e3e26a79d27a,20260916,0.11.0,45,service,jobs,False,13,13,J000006,PREVENTIVE,POWER_PREVENTIVE,POWER#6,POWER,AIRCRAFT,AIRCRAFT@FLEET-004,BASE,IN_PLACE,completed,30.5,31.81900846647609,34.119008466476096,4.319008466476092,0.0,4.319008466476092,1.3190084664760917
lifecycle,e70960269eec88da76c7fc94e6e135d06a464be3b3c58017f568e3e26a79d27a,20260916,0.11.0,45,service,jobs,False,13,13,J000007,CORRECTIVE,POWER_CORRECTIVE,POWER#5,POWER,AIRCRAFT,AIRCRAFT@FLEET-003,BASE,IN_PLACE,completed,31.31900846647609,31.81900846647609,34.2190084664761,3.8190084664760917,0.0,4.319008466476092,0.8190084664760917
lifecycle,e70960269eec88da76c7fc94e6e135d06a464be3b3c58017f568e3e26a79d27a,20260916,0.11.0,45,service,jobs,False,13,13,J000008,RETIREMENT,POWER_CORRECTIVE,POWER#5,POWER,AIRCRAFT,AIRCRAFT@FLEET-003,BASE,REPLACE,completed,39.68099153352391,40.5,40.95,2.5,,6.0,0.0
lifecycle,e70960269eec88da76c7fc94e6e135d06a464be3b3c58017f568e3e26a79d27a,20260916,0.11.0,45,service,jobs,False,13,13,J000009,RETIREMENT,POWER_CORRECTIVE,POWER#6,POWER,AIRCRAFT,AIRCRAFT@FLEET-004,BASE,REPLACE,completed,39.68099153352391,40.5,40.85,2.5,,6.0,0.0
lifecycle,e70960269eec88da76c7fc94e6e135d06a464be3b3c58017f568e3e26a79d27a,20260916,0.11.0,45,service,jobs,False,13,13,J000010,PREVENTIVE,POWER_PREVENTIVE,POWER#1,POWER,AIRCRAFT,AIRCRAFT@FLEET-002,BASE,REPLACE,completed,54.5,56.5,57.050000000000004,5.0,,3.0,0.0
lifecycle,e70960269eec88da76c7fc94e6e135d06a464be3b3c58017f568e3e26a79d27a,20260916,0.11.0,45,service,jobs,False,13,13,J000011,PREVENTIVE,POWER_PREVENTIVE,POWER#2,POWER,AIRCRAFT,AIRCRAFT@FLEET-001,BASE,REPLACE,completed,54.5,56.5,56.95,5.0,,3.0,0.0
lifecycle,e70960269eec88da76c7fc94e6e135d06a464be3b3c58017f568e3e26a79d27a,20260916,0.11.0,45,service,jobs,False,13,13,J000012,PREVENTIVE,OFF_ITEM,POWER#2,POWER,AIRCRAFT,,CENTER,OFF_ITEM,completed,56.7,56.7,59.00000000000001,5.0,0.0,5.0,2.0
lifecycle,e70960269eec88da76c7fc94e6e135d06a464be3b3c58017f568e3e26a79d27a,20260916,0.11.0,45,service,jobs,False,13,13,J000013,PREVENTIVE,OFF_ITEM,POWER#1,POWER,AIRCRAFT,,CENTER,OFF_ITEM,completed,56.800000000000004,56.800000000000004,59.10000000000001,5.0,0.0,5.0,2.0
lifecycle,e70960269eec88da76c7fc94e6e135d06a464be3b3c58017f568e3e26a79d27a,20260916,0.11.0,46,service,jobs,False,14,14,J000001,PREVENTIVE,POWER_PREVENTIVE,POWER#3,POWER,AIRCRAFT,AIRCRAFT@FLEET-001,BASE,IN_PLACE,completed,14.5,16.5,17.400000000000006,5.0,0.0,5.0,2.0
lifecycle,e70960269eec88da76c7fc94e6e135d06a464be3b3c58017f568e3e26a79d27a,20260916,0.11.0,46,service,jobs,False,14,14,J000002,PREVENTIVE,POWER_PREVENTIVE,POWER#4,POWER,AIRCRAFT,AIRCRAFT@FLEET-002,BASE,REPLACE,completed,14.5,16.5,17.300000000000004,5.0,,3.0,0.0
lifecycle,e70960269eec88da76c7fc94e6e135d06a464be3b3c58017f568e3e26a79d27a,20260916,0.11.0,46,service,jobs,False,14,14,J000003,PREVENTIVE,OFF_ITEM,POWER#4,POWER,AIRCRAFT,,CENTER,OFF_ITEM,completed,16.700000000000003,16.700000000000003,18.400000000000006,5.0,0.0,5.0,2.0
lifecycle,e70960269eec88da76c7fc94e6e135d06a464be3b3c58017f568e3e26a79d27a,20260916,0.11.0,46,service,jobs,False,14,14,J000004,PREVENTIVE,POWER_PREVENTIVE,POWER#5,POWER,AIRCRAFT,AIRCRAFT@FLEET-003,BASE,REPLACE,completed,30.5,32.5,33.300000000000004,5.0,,3.0,0.0
lifecycle,e70960269eec88da76c7fc94e6e135d06a464be3b3c58017f568e3e26a79d27a,20260916,0.11.0,46,service,jobs,False,14,14,J000005,PREVENTIVE,POWER_PREVENTIVE,POWER#6,POWER,AIRCRAFT,AIRCRAFT@FLEET-004,BASE,IN_PLACE,completed,30.5,32.5,33.400000000000006,5.0,0.0,5.0,2.0
lifecycle,e70960269eec88da76c7fc94e6e135d06a464be3b3c58017f568e3e26a79d27a,20260916,0.11.0,46,service,jobs,False,14,14,J000006,PREVENTIVE,OFF_ITEM,POWER#5,POWER,AIRCRAFT,,CENTER,OFF_ITEM,completed,32.800000000000004,32.800000000000004,34.50000000000001,5.0,0.0,5.0,2.0
lifecycle,e70960269eec88da76c7fc94e6e135d06a464be3b3c58017f568e3e26a79d27a,20260916,0.11.0,46,service,jobs,False,14,14,J000007,RETIREMENT,POWER_CORRECTIVE,POWER#3,POWER,AIRCRAFT,AIRCRAFT@FLEET-001,BASE,REPLACE,completed,35.0,36.5,36.85,2.5,,6.0,0.0
lifecycle,e70960269eec88da76c7fc94e6e135d06a464be3b3c58017f568e3e26a79d27a,20260916,0.11.0,46,service,jobs,False,14,14,J000008,RETIREMENT,POWER_CORRECTIVE,POWER#6,POWER,AIRCRAFT,AIRCRAFT@FLEET-004,BASE,REPLACE,completed,39.0,40.5,40.85,2.5,,6.0,0.0
lifecycle,e70960269eec88da76c7fc94e6e135d06a464be3b3c58017f568e3e26a79d27a,20260916,0.11.0,46,service,jobs,False,14,14,J000009,PREVENTIVE,POWER_PREVENTIVE,POWER#1,POWER,AIRCRAFT,AIRCRAFT@FLEET-002,BASE,IN_PLACE,completed,54.5,56.5,57.2,5.0,0.0,5.0,2.0
lifecycle,e70960269eec88da76c7fc94e6e135d06a464be3b3c58017f568e3e26a79d27a,20260916,0.11.0,46,service,jobs,False,14,14,J000010,PREVENTIVE,POWER_PREVENTIVE,POWER#2,POWER,AIRCRAFT,AIRCRAFT@FLEET-003,BASE,IN_PLACE,completed,58.5,60.17599621173403,61.07599621173404,4.675996211734031,0.0,4.675996211734031,1.6759962117340308
lifecycle,e70960269eec88da76c7fc94e6e135d06a464be3b3c58017f568e3e26a79d27a,20260916,0.11.0,46,service,jobs,False,14,14,J000011,CORRECTIVE,POWER_CORRECTIVE,POWER#8,POWER,AIRCRAFT,AIRCRAFT@FLEET-004,BASE,REPLACE,completed,59.67599621173403,60.17599621173403,60.975996211734035,1.6759962117340308,,1.6759962117340308,0.0
lifecycle,e70960269eec88da76c7fc94e6e135d06a464be3b3c58017f568e3e26a79d27a,20260916,0.11.0,46,service,jobs,False,14,14,J000012,CORRECTIVE,OFF_ITEM,POWER#8,POWER,AIRCRAFT,,CENTER,OFF_ITEM,completed,60.475996211734035,60.475996211734035,63.17599621173404,1.6759962117340308,0.0,2.175996211734031,0.0
lifecycle,e70960269eec88da76c7fc94e6e135d06a464be3b3c58017f568e3e26a79d27a,20260916,0.11.0,46,service,jobs,False,14,14,J000013,PREVENTIVE,POWER_PREVENTIVE,POWER#7,POWER,AIRCRAFT,AIRCRAFT@FLEET-001,BASE,IN_PLACE,completed,62.5,64.5,65.29999999999998,5.0,0.0,5.0,2.0
lifecycle,e70960269eec88da76c7fc94e6e135d06a464be3b3c58017f568e3e26a79d27a,20260916,0.11.0,46,service,jobs,False,14,14,J000014,RETIREMENT,POWER_CORRECTIVE,POWER#1,POWER,AIRCRAFT,AIRCRAFT@FLEET-002,BASE,REPLACE,completed,63.0,64.5,65.19999999999999,2.5,,6.0,0.0
lifecycle,e70960269eec88da76c7fc94e6e135d06a464be3b3c58017f568e3e26a79d27a,20260916,0.11.0,47,service,jobs,False,15,15,J000001,PREVENTIVE,POWER_PREVENTIVE,POWER#3,POWER,AIRCRAFT,AIRCRAFT@FLEET-001,BASE,IN_PLACE,completed,14.5,16.5,17.400000000000006,5.0,0.0,5.0,2.0
lifecycle,e70960269eec88da76c7fc94e6e135d06a464be3b3c58017f568e3e26a79d27a,20260916,0.11.0,47,service,jobs,False,15,15,J000002,PREVENTIVE,POWER_PREVENTIVE,POWER#4,POWER,AIRCRAFT,AIRCRAFT@FLEET-002,BASE,REPLACE,completed,14.5,16.5,17.300000000000004,5.0,,3.0,0.0
lifecycle,e70960269eec88da76c7fc94e6e135d06a464be3b3c58017f568e3e26a79d27a,20260916,0.11.0,47,service,jobs,False,15,15,J000003,PREVENTIVE,OFF_ITEM,POWER#4,POWER,AIRCRAFT,,CENTER,OFF_ITEM,completed,16.700000000000003,16.700000000000003,18.400000000000006,5.0,0.0,5.0,2.0
lifecycle,e70960269eec88da76c7fc94e6e135d06a464be3b3c58017f568e3e26a79d27a,20260916,0.11.0,47,service,jobs,False,15,15,J000004,PREVENTIVE,POWER_PREVENTIVE,POWER#5,POWER,AIRCRAFT,AIRCRAFT@FLEET-003,BASE,REPLACE,completed,30.5,32.5,33.300000000000004,5.0,,3.0,0.0
lifecycle,e70960269eec88da76c7fc94e6e135d06a464be3b3c58017f568e3e26a79d27a,20260916,0.11.0,47,service,jobs,False,15,15,J000005,PREVENTIVE,POWER_PREVENTIVE,POWER#6,POWER,AIRCRAFT,AIRCRAFT@FLEET-004,BASE,IN_PLACE,completed,30.5,32.5,33.400000000000006,5.0,0.0,5.0,2.0
lifecycle,e70960269eec88da76c7fc94e6e135d06a464be3b3c58017f568e3e26a79d27a,20260916,0.11.0,47,service,jobs,False,15,15,J000006,PREVENTIVE,OFF_ITEM,POWER#5,POWER,AIRCRAFT,,CENTER,OFF_ITEM,completed,32.800000000000004,32.800000000000004,34.50000000000001,5.0,0.0,5.0,2.0
lifecycle,e70960269eec88da76c7fc94e6e135d06a464be3b3c58017f568e3e26a79d27a,20260916,0.11.0,47,service,jobs,False,15,15,J000007,RETIREMENT,POWER_CORRECTIVE,POWER#3,POWER,AIRCRAFT,AIRCRAFT@FLEET-001,BASE,REPLACE,completed,35.0,36.5,36.85,2.393500258280156,,6.0,0.0
lifecycle,e70960269eec88da76c7fc94e6e135d06a464be3b3c58017f568e3e26a79d27a,20260916,0.11.0,47,service,jobs,False,15,15,J000008,RETIREMENT,POWER_CORRECTIVE,POWER#6,POWER,AIRCRAFT,AIRCRAFT@FLEET-004,BASE,REPLACE,completed,39.0,40.5,40.85,2.5,,6.0,0.0
lifecycle,e70960269eec88da76c7fc94e6e135d06a464be3b3c58017f568e3e26a79d27a,20260916,0.11.0,47,service,jobs,False,15,15,J000009,PREVENTIVE,POWER_PREVENTIVE,POWER#1,POWER,AIRCRAFT,AIRCRAFT@FLEET-002,BASE,REPLACE,completed,54.5,56.5,56.95,5.0,,3.0,0.0
lifecycle,e70960269eec88da76c7fc94e6e135d06a464be3b3c58017f568e3e26a79d27a,20260916,0.11.0,47,service,jobs,False,15,15,J000010,PREVENTIVE,OFF_ITEM,POWER#1,POWER,AIRCRAFT,,CENTER,OFF_ITEM,completed,56.7,56.7,58.400000000000006,5.0,0.0,5.0,2.0
lifecycle,e70960269eec88da76c7fc94e6e135d06a464be3b3c58017f568e3e26a79d27a,20260916,0.11.0,47,service,jobs,False,15,15,J000011,PREVENTIVE,POWER_PREVENTIVE,POWER#2,POWER,AIRCRAFT,AIRCRAFT@FLEET-003,BASE,REPLACE,completed,58.5,59.59000037258674,60.040000372586746,4.0900003725867435,,3.0,0.0
lifecycle,e70960269eec88da76c7fc94e6e135d06a464be3b3c58017f568e3e26a79d27a,20260916,0.11.0,47,service,jobs,False,15,15,J000012,CORRECTIVE,POWER_CORRECTIVE,POWER#8,POWER,AIRCRAFT,AIRCRAFT@FLEET-004,BASE,REPLACE,completed,59.09000037258674,59.59000037258674,60.14000037258675,1.0900003725867435,,1.0900003725867435,0.0
lifecycle,e70960269eec88da76c7fc94e6e135d06a464be3b3c58017f568e3e26a79d27a,20260916,0.11.0,47,service,jobs,False,15,15,J000013,PREVENTIVE,OFF_ITEM,POWER#2,POWER,AIRCRAFT,,CENTER,OFF_ITEM,completed,59.790000372586746,59.790000372586746,63.09000037258675,4.0900003725867435,0.0,4.0900003725867435,1.0900003725867435
lifecycle,e70960269eec88da76c7fc94e6e135d06a464be3b3c58017f568e3e26a79d27a,20260916,0.11.0,47,service,jobs,False,15,15,J000014,CORRECTIVE,OFF_ITEM,POWER#8,POWER,AIRCRAFT,,CENTER,OFF_ITEM,completed,59.89000037258675,59.89000037258675,63.19000037258675,1.0900003725867435,0.0,1.5900003725867435,0.0
lifecycle,e70960269eec88da76c7fc94e6e135d06a464be3b3c58017f568e3e26a79d27a,20260916,0.11.0,47,service,jobs,False,15,15,J000015,PREVENTIVE,POWER_PREVENTIVE,POWER#7,POWER,AIRCRAFT,AIRCRAFT@FLEET-001,BASE,IN_PLACE,completed,62.5,64.5,65.19999999999999,5.0,0.0,5.0,2.0
lifecycle,e70960269eec88da76c7fc94e6e135d06a464be3b3c58017f568e3e26a79d27a,20260916,0.11.0,48,service,jobs,False,13,13,J000001,PREVENTIVE,POWER_PREVENTIVE,POWER#3,POWER,AIRCRAFT,AIRCRAFT@FLEET-001,BASE,REPLACE,completed,14.5,16.5,17.300000000000004,5.0,,3.0,0.0
lifecycle,e70960269eec88da76c7fc94e6e135d06a464be3b3c58017f568e3e26a79d27a,20260916,0.11.0,48,service,jobs,False,13,13,J000002,PREVENTIVE,POWER_PREVENTIVE,POWER#4,POWER,AIRCRAFT,AIRCRAFT@FLEET-002,BASE,IN_PLACE,completed,14.5,16.5,17.400000000000006,5.0,0.0,5.0,2.0
lifecycle,e70960269eec88da76c7fc94e6e135d06a464be3b3c58017f568e3e26a79d27a,20260916,0.11.0,48,service,jobs,False,13,13,J000003,PREVENTIVE,OFF_ITEM,POWER#3,POWER,AIRCRAFT,,CENTER,OFF_ITEM,completed,16.800000000000004,16.800000000000004,18.500000000000007,5.0,0.0,5.0,2.0
lifecycle,e70960269eec88da76c7fc94e6e135d06a464be3b3c58017f568e3e26a79d27a,20260916,0.11.0,48,service,jobs,False,13,13,J000004,PREVENTIVE,POWER_PREVENTIVE,POWER#5,POWER,AIRCRAFT,AIRCRAFT@FLEET-003,BASE,IN_PLACE,completed,30.5,32.5,33.900000000000006,5.0,0.0,5.0,2.0
lifecycle,e70960269eec88da76c7fc94e6e135d06a464be3b3c58017f568e3e26a79d27a,20260916,0.11.0,48,service,jobs,False,13,13,J000005,PREVENTIVE,POWER_PREVENTIVE,POWER#6,POWER,AIRCRAFT,AIRCRAFT@FLEET-004,BASE,IN_PLACE,completed,30.5,32.5,33.800000000000004,5.0,0.0,5.0,2.0
lifecycle,e70960269eec88da76c7fc94e6e135d06a464be3b3c58017f568e3e26a79d27a,20260916,0.11.0,48,service,jobs,False,13,13,J000006,CORRECTIVE,POWER_CORRECTIVE,POWER#4,POWER,AIRCRAFT,AIRCRAFT@FLEET-002,BASE,IN_PLACE,cancelled_retirement,34.61669297349546,,35.0,0.6166929734954607,,5.616692973495461,0.0
lifecycle,e70960269eec88da76c7fc94e6e135d06a464be3b3c58017f568e3e26a79d27a,20260916,0.11.0,48,service,jobs,False,13,13,J000007,RETIREMENT,POWER_CORRECTIVE,POWER#4,POWER,AIRCRAFT,AIRCRAFT@FLEET-002,BASE,REPLACE,completed,35.0,35.11669297349546,35.46669297349546,0.6166929734954607,,6.0,0.0
lifecycle,e70960269eec88da76c7fc94e6e135d06a464be3b3c58017f568e3e26a79d27a,20260916,0.11.0,48,service,jobs,False,13,13,J000008,RETIREMENT,POWER_CORRECTIVE,POWER#5,POWER,AIRCRAFT,AIRCRAFT@FLEET-003,BASE,REPLACE,completed,39.0,40.5,40.95,2.5,,6.0,0.0
lifecycle,e70960269eec88da76c7fc94e6e135d06a464be3b3c58017f568e3e26a79d27a,20260916,0.11.0,48,service,jobs,False,13,13,J000009,RETIREMENT,POWER_CORRECTIVE,POWER#6,POWER,AIRCRAFT,AIRCRAFT@FLEET-004,BASE,REPLACE,completed,39.0,40.5,40.85,2.5,,6.0,0.0
lifecycle,e70960269eec88da76c7fc94e6e135d06a464be3b3c58017f568e3e26a79d27a,20260916,0.11.0,48,service,jobs,False,13,13,J000010,PREVENTIVE,POWER_PREVENTIVE,POWER#1,POWER,AIRCRAFT,AIRCRAFT@FLEET-001,BASE,IN_PLACE,completed,55.88330702650454,56.5,57.2,3.6166929734954607,0.0,3.6166929734954607,0.6166929734954607
lifecycle,e70960269eec88da76c7fc94e6e135d06a464be3b3c58017f568e3e26a79d27a,20260916,0.11.0,48,service,jobs,False,13,13,J000011,PREVENTIVE,POWER_PREVENTIVE,POWER#2,POWER,AIRCRAFT,AIRCRAFT@FLEET-002,BASE,REPLACE,completed,62.5,64.5,64.94999999999999,5.0,,3.0,0.0
lifecycle,e70960269eec88da76c7fc94e6e135d06a464be3b3c58017f568e3e26a79d27a,20260916,0.11.0,48,service,jobs,False,13,13,J000012,RETIREMENT,POWER_CORRECTIVE,POWER#1,POWER,AIRCRAFT,AIRCRAFT@FLEET-001,BASE,REPLACE,completed,64.38330702650454,64.5,64.85,2.5,,6.0,0.0
lifecycle,e70960269eec88da76c7fc94e6e135d06a464be3b3c58017f568e3e26a79d27a,20260916,0.11.0,48,service,jobs,False,13,13,J000013,PREVENTIVE,OFF_ITEM,POWER#2,POWER,AIRCRAFT,,CENTER,OFF_ITEM,completed,64.69999999999999,64.69999999999999,66.39999999999998,5.0,0.0,5.0,2.0
lifecycle,e70960269eec88da76c7fc94e6e135d06a464be3b3c58017f568e3e26a79d27a,20260916,0.11.0,49,service,jobs,False,12,12,J000001,PREVENTIVE,POWER_PREVENTIVE,POWER#3,POWER,AIRCRAFT,AIRCRAFT@FLEET-001,BASE,IN_PLACE,completed,14.5,16.5,17.400000000000006,5.0,0.0,5.0,2.0
lifecycle,e70960269eec88da76c7fc94e6e135d06a464be3b3c58017f568e3e26a79d27a,20260916,0.11.0,49,service,jobs,False,12,12,J000002,PREVENTIVE,POWER_PREVENTIVE,POWER#4,POWER,AIRCRAFT,AIRCRAFT@FLEET-002,BASE,REPLACE,completed,14.5,16.5,17.300000000000004,5.0,,3.0,0.0
lifecycle,e70960269eec88da76c7fc94e6e135d06a464be3b3c58017f568e3e26a79d27a,20260916,0.11.0,49,service,jobs,False,12,12,J000003,PREVENTIVE,OFF_ITEM,POWER#4,POWER,AIRCRAFT,,CENTER,OFF_ITEM,completed,16.700000000000003,16.700000000000003,18.400000000000006,5.0,0.0,5.0,2.0
lifecycle,e70960269eec88da76c7fc94e6e135d06a464be3b3c58017f568e3e26a79d27a,20260916,0.11.0,49,service,jobs,False,12,12,J000004,PREVENTIVE,POWER_PREVENTIVE,POWER#5,POWER,AIRCRAFT,AIRCRAFT@FLEET-003,BASE,IN_PLACE,completed,30.5,32.5,33.900000000000006,5.0,0.0,5.0,2.0
lifecycle,e70960269eec88da76c7fc94e6e135d06a464be3b3c58017f568e3e26a79d27a,20260916,0.11.0,49,service,jobs,False,12,12,J000005,PREVENTIVE,POWER_PREVENTIVE,POWER#6,POWER,AIRCRAFT,AIRCRAFT@FLEET-004,BASE,IN_PLACE,completed,30.5,32.5,33.800000000000004,5.0,0.0,5.0,2.0
lifecycle,e70960269eec88da76c7fc94e6e135d06a464be3b3c58017f568e3e26a79d27a,20260916,0.11.0,49,service,jobs,False,12,12,J000006,RETIREMENT,POWER_CORRECTIVE,POWER#3,POWER,AIRCRAFT,AIRCRAFT@FLEET-001,BASE,REPLACE,completed,35.0,36.5,36.85,2.5,,6.0,0.0
lifecycle,e70960269eec88da76c7fc94e6e135d06a464be3b3c58017f568e3e26a79d27a,20260916,0.11.0,49,service,jobs,False,12,12,J000007,RETIREMENT,POWER_CORRECTIVE,POWER#5,POWER,AIRCRAFT,AIRCRAFT@FLEET-003,BASE,REPLACE,completed,39.0,40.5,40.95,2.5,,6.0,0.0
lifecycle,e70960269eec88da76c7fc94e6e135d06a464be3b3c58017f568e3e26a79d27a,20260916,0.11.0,49,service,jobs,False,12,12,J000008,RETIREMENT,POWER_CORRECTIVE,POWER#6,POWER,AIRCRAFT,AIRCRAFT@FLEET-004,BASE,REPLACE,completed,39.0,40.5,40.85,2.5,,6.0,0.0
lifecycle,e70960269eec88da76c7fc94e6e135d06a464be3b3c58017f568e3e26a79d27a,20260916,0.11.0,49,service,jobs,False,12,12,J000009,PREVENTIVE,POWER_PREVENTIVE,POWER#1,POWER,AIRCRAFT,AIRCRAFT@FLEET-002,BASE,REPLACE,completed,54.5,56.5,56.95,5.0,,3.0,0.0
lifecycle,e70960269eec88da76c7fc94e6e135d06a464be3b3c58017f568e3e26a79d27a,20260916,0.11.0,49,service,jobs,False,12,12,J000010,PREVENTIVE,OFF_ITEM,POWER#1,POWER,AIRCRAFT,,CENTER,OFF_ITEM,completed,56.7,56.7,58.400000000000006,5.0,0.0,5.0,2.0
lifecycle,e70960269eec88da76c7fc94e6e135d06a464be3b3c58017f568e3e26a79d27a,20260916,0.11.0,49,service,jobs,False,12,12,J000011,PREVENTIVE,POWER_PREVENTIVE,POWER#2,POWER,AIRCRAFT,AIRCRAFT@FLEET-001,BASE,REPLACE,completed,62.5,64.5,64.94999999999999,5.0,,3.0,0.0
lifecycle,e70960269eec88da76c7fc94e6e135d06a464be3b3c58017f568e3e26a79d27a,20260916,0.11.0,49,service,jobs,False,12,12,J000012,PREVENTIVE,OFF_ITEM,POWER#2,POWER,AIRCRAFT,,CENTER,OFF_ITEM,completed,64.69999999999999,64.69999999999999,66.39999999999998,5.0,0.0,5.0,2.0
lifecycle,e70960269eec88da76c7fc94e6e135d06a464be3b3c58017f568e3e26a79d27a,20260916,0.11.0,50,service,jobs,False,17,17,J000001,PREVENTIVE,POWER_PREVENTIVE,POWER#3,POWER,AIRCRAFT,AIRCRAFT@FLEET-001,BASE,REPLACE,completed,14.5,16.5,17.050000000000004,5.0,,3.0,0.0
lifecycle,e70960269eec88da76c7fc94e6e135d06a464be3b3c58017f568e3e26a79d27a,20260916,0.11.0,50,service,jobs,False,17,17,J000002,PREVENTIVE,POWER_PREVENTIVE,POWER#4,POWER,AIRCRAFT,AIRCRAFT@FLEET-002,BASE,REPLACE,completed,14.5,16.5,16.950000000000003,5.0,,3.0,0.0
lifecycle,e70960269eec88da76c7fc94e6e135d06a464be3b3c58017f568e3e26a79d27a,20260916,0.11.0,50,service,jobs,False,17,17,J000003,PREVENTIVE,OFF_ITEM,POWER#4,POWER,AIRCRAFT,,CENTER,OFF_ITEM,completed,16.700000000000003,16.700000000000003,19.000000000000007,5.0,0.0,5.0,2.0
lifecycle,e70960269eec88da76c7fc94e6e135d06a464be3b3c58017f568e3e26a79d27a,20260916,0.11.0,50,service,jobs,False,17,17,J000004,PREVENTIVE,OFF_ITEM,POWER#3,POWER,AIRCRAFT,,CENTER,OFF_ITEM,completed,16.800000000000004,16.800000000000004,19.10000000000001,5.0,0.0,5.0,2.0
lifecycle,e70960269eec88da76c7fc94e6e135d06a464be3b3c58017f568e3e26a79d27a,20260916,0.11.0,50,service,jobs,False,17,17,J000005,PREVENTIVE,POWER_PREVENTIVE,POWER#5,POWER,AIRCRAFT,AIRCRAFT@FLEET-003,BASE,REPLACE,completed,30.5,32.5,33.300000000000004,5.0,,3.0,0.0
lifecycle,e70960269eec88da76c7fc94e6e135d06a464be3b3c58017f568e3e26a79d27a,20260916,0.11.0,50,service,jobs,False,17,17,J000006,PREVENTIVE,POWER_PREVENTIVE,POWER#6,POWER,AIRCRAFT,AIRCRAFT@FLEET-004,BASE,IN_PLACE,completed,30.5,32.5,33.400000000000006,5.0,0.0,5.0,2.0
lifecycle,e70960269eec88da76c7fc94e6e135d06a464be3b3c58017f568e3e26a79d27a,20260916,0.11.0,50,service,jobs,False,17,17,J000007,PREVENTIVE,OFF_ITEM,POWER#5,POWER,AIRCRAFT,,CENTER,OFF_ITEM,completed,32.800000000000004,32.800000000000004,34.50000000000001,5.0,0.0,5.0,2.0
lifecycle,e70960269eec88da76c7fc94e6e135d06a464be3b3c58017f568e3e26a79d27a,20260916,0.11.0,50,service,jobs,False,17,17,J000008,RETIREMENT,POWER_CORRECTIVE,POWER#6,POWER,AIRCRAFT,AIRCRAFT@FLEET-004,BASE,REPLACE,completed,39.0,40.5,40.85,2.5,,6.0,0.0
lifecycle,e70960269eec88da76c7fc94e6e135d06a464be3b3c58017f568e3e26a79d27a,20260916,0.11.0,50,service,jobs,False,17,17,J000009,PREVENTIVE,POWER_PREVENTIVE,POWER#1,POWER,AIRCRAFT,AIRCRAFT@FLEET-002,BASE,IN_PLACE,completed,54.5,56.5,57.400000000000006,5.0,0.0,5.0,2.0
lifecycle,e70960269eec88da76c7fc94e6e135d06a464be3b3c58017f568e3e26a79d27a,20260916,0.11.0,50,service,jobs,False,17,17,J000010,PREVENTIVE,POWER_PREVENTIVE,POWER#2,POWER,AIRCRAFT,AIRCRAFT@FLEET-001,BASE,REPLACE,completed,54.5,56.5,57.300000000000004,5.0,,3.0,0.0
lifecycle,e70960269eec88da76c7fc94e6e135d06a464be3b3c58017f568e3e26a79d27a,20260916,0.11.0,50,service,jobs,False,17,17,J000011,PREVENTIVE,OFF_ITEM,POWER#2,POWER,AIRCRAFT,,CENTER,OFF_ITEM,completed,56.7,56.7,58.400000000000006,5.0,0.0,5.0,2.0
lifecycle,e70960269eec88da76c7fc94e6e135d06a464be3b3c58017f568e3e26a79d27a,20260916,0.11.0,50,service,jobs,False,17,17,J000012,PREVENTIVE,POWER_PREVENTIVE,POWER#7,POWER,AIRCRAFT,,CENTER,OFF_ITEM,covered_by_corrective,58.5,,62.795932160502886,3.0,0.0,3.0,0.0
lifecycle,e70960269eec88da76c7fc94e6e135d06a464be3b3c58017f568e3e26a79d27a,20260916,0.11.0,50,service,jobs,False,17,17,J000013,CORRECTIVE,POWER_CORRECTIVE,POWER#7,POWER,AIRCRAFT,AIRCRAFT@FLEET-003,BASE,REPLACE,completed,59.39593216050288,59.89593216050288,60.34593216050288,3.8959321605028805,,3.8959321605028805,0.0
lifecycle,e70960269eec88da76c7fc94e6e135d06a464be3b3c58017f568e3e26a79d27a,20260916,0.11.0,50,service,jobs,False,17,17,J000014,CORRECTIVE,OFF_ITEM,POWER#7,POWER,AIRCRAFT,,CENTER,OFF_ITEM,completed,60.09593216050288,60.09593216050288,62.795932160502886,3.8959321605028805,0.0,4.3959321605028805,0.8959321605028805
lifecycle,e70960269eec88da76c7fc94e6e135d06a464be3b3c58017f568e3e26a79d27a,20260916,0.11.0,50,service,jobs,False,17,17,J000015,CORRECTIVE,POWER_CORRECTIVE,POWER#9,POWER,AIRCRAFT,AIRCRAFT@FLEET-001,BASE,REPLACE,completed,62.635613368305464,63.135613368305464,63.58561336830547,0.6356133683054637,,0.6356133683054637,0.0
lifecycle,e70960269eec88da76c7fc94e6e135d06a464be3b3c58017f568e3e26a79d27a,20260916,0.11.0,50,service,jobs,False,17,17,J000016,RETIREMENT,POWER_CORRECTIVE,POWER#1,POWER,AIRCRAFT,AIRCRAFT@FLEET-002,BASE,REPLACE,completed,63.0,63.135613368305464,63.485613368305465,1.1356133683054637,,6.0,0.0
lifecycle,e70960269eec88da76c7fc94e6e135d06a464be3b3c58017f568e3e26a79d27a,20260916,0.11.0,50,service,jobs,False,17,17,J000017,CORRECTIVE,OFF_ITEM,POWER#9,POWER,AIRCRAFT,,CENTER,OFF_ITEM,completed,63.33561336830547,63.33561336830547,66.03561336830546,0.6356133683054637,0.0,1.1356133683054637,0.0
lifecycle,e70960269eec88da76c7fc94e6e135d06a464be3b3c58017f568e3e26a79d27a,20260916,0.11.0,51,service,jobs,False,13,13,J000001,PREVENTIVE,POWER_PREVENTIVE,POWER#3,POWER,AIRCRAFT,AIRCRAFT@FLEET-001,BASE,IN_PLACE,completed,14.5,16.5,17.900000000000006,5.0,0.0,5.0,2.0
lifecycle,e70960269eec88da76c7fc94e6e135d06a464be3b3c58017f568e3e26a79d27a,20260916,0.11.0,51,service,jobs,False,13,13,J000002,PREVENTIVE,POWER_PREVENTIVE,POWER#4,POWER,AIRCRAFT,AIRCRAFT@FLEET-002,BASE,IN_PLACE,completed,14.5,16.5,17.800000000000004,5.0,0.0,5.0,2.0
lifecycle,e70960269eec88da76c7fc94e6e135d06a464be3b3c58017f568e3e26a79d27a,20260916,0.11.0,51,service,jobs,False,13,13,J000003,PREVENTIVE,POWER_PREVENTIVE,POWER#5,POWER,AIRCRAFT,AIRCRAFT@FLEET-003,BASE,REPLACE,completed,30.5,32.5,33.050000000000004,5.0,,3.0,0.0
lifecycle,e70960269eec88da76c7fc94e6e135d06a464be3b3c58017f568e3e26a79d27a,20260916,0.11.0,51,service,jobs,False,13,13,J000004,PREVENTIVE,POWER_PREVENTIVE,POWER#6,POWER,AIRCRAFT,AIRCRAFT@FLEET-004,BASE,REPLACE,completed,30.5,32.5,32.95,5.0,,3.0,0.0
lifecycle,e70960269eec88da76c7fc94e6e135d06a464be3b3c58017f568e3e26a79d27a,20260916,0.11.0,51,service,jobs,False,13,13,J000005,PREVENTIVE,OFF_ITEM,POWER#6,POWER,AIRCRAFT,,CENTER,OFF_ITEM,completed,32.7,32.7,35.00000000000001,5.0,0.0,5.0,2.0
lifecycle,e70960269eec88da76c7fc94e6e135d06a464be3b3c58017f568e3e26a79d27a,20260916,0.11.0,51,service,jobs,False,13,13,J000006,PREVENTIVE,OFF_ITEM,POWER#5,POWER,AIRCRAFT,,CENTER,OFF_ITEM,completed,32.800000000000004,32.800000000000004,35.10000000000001,5.0,0.0,5.0,2.0
lifecycle,e70960269eec88da76c7fc94e6e135d06a464be3b3c58017f568e3e26a79d27a,20260916,0.11.0,51,service,jobs,False,13,13,J000007,RETIREMENT,POWER_CORRECTIVE,POWER#3,POWER,AIRCRAFT,AIRCRAFT@FLEET-001,BASE,REPLACE,completed,35.0,36.5,36.95,2.5,,6.0,0.0
lifecycle,e70960269eec88da76c7fc94e6e135d06a464be3b3c58017f568e3e26a79d27a,20260916,0.11.0,51,service,jobs,False,13,13,J000008,RETIREMENT,POWER_CORRECTIVE,POWER#4,POWER,AIRCRAFT,AIRCRAFT@FLEET-002,BASE,REPLACE,completed,35.0,36.5,36.85,2.5,,6.0,0.0
lifecycle,e70960269eec88da76c7fc94e6e135d06a464be3b3c58017f568e3e26a79d27a,20260916,0.11.0,51,service,jobs,False,13,13,J000009,PREVENTIVE,POWER_PREVENTIVE,POWER#1,POWER,AIRCRAFT,AIRCRAFT@FLEET-004,BASE,REPLACE,completed,58.5,60.5,61.300000000000004,5.0,,3.0,0.0
lifecycle,e70960269eec88da76c7fc94e6e135d06a464be3b3c58017f568e3e26a79d27a,20260916,0.11.0,51,service,jobs,False,13,13,J000010,PREVENTIVE,POWER_PREVENTIVE,POWER#2,POWER,AIRCRAFT,AIRCRAFT@FLEET-003,BASE,IN_PLACE,completed,58.5,60.5,61.400000000000006,5.0,0.0,5.0,2.0
lifecycle,e70960269eec88da76c7fc94e6e135d06a464be3b3c58017f568e3e26a79d27a,20260916,0.11.0,51,service,jobs,False,13,13,J000011,PREVENTIVE,OFF_ITEM,POWER#1,POWER,AIRCRAFT,,CENTER,OFF_ITEM,completed,60.800000000000004,60.800000000000004,62.50000000000001,5.0,0.0,5.0,2.0
lifecycle,e70960269eec88da76c7fc94e6e135d06a464be3b3c58017f568e3e26a79d27a,20260916,0.11.0,51,service,jobs,False,13,13,J000012,PREVENTIVE,POWER_PREVENTIVE,POWER#7,POWER,AIRCRAFT,AIRCRAFT@FLEET-002,BASE,IN_PLACE,completed,62.5,64.5,65.89999999999998,5.0,0.0,5.0,2.0
lifecycle,e70960269eec88da76c7fc94e6e135d06a464be3b3c58017f568e3e26a79d27a,20260916,0.11.0,51,service,jobs,False,13,13,J000013,PREVENTIVE,POWER_PREVENTIVE,POWER#8,POWER,AIRCRAFT,AIRCRAFT@FLEET-001,BASE,IN_PLACE,completed,62.5,64.5,65.79999999999998,5.0,0.0,5.0,2.0
lifecycle,e70960269eec88da76c7fc94e6e135d06a464be3b3c58017f568e3e26a79d27a,20260916,0.11.0,52,service,jobs,False,14,14,J000001,PREVENTIVE,POWER_PREVENTIVE,POWER#3,POWER,AIRCRAFT,AIRCRAFT@FLEET-001,BASE,REPLACE,completed,14.5,16.5,17.050000000000004,5.0,,3.0,0.0
lifecycle,e70960269eec88da76c7fc94e6e135d06a464be3b3c58017f568e3e26a79d27a,20260916,0.11.0,52,service,jobs,False,14,14,J000002,PREVENTIVE,POWER_PREVENTIVE,POWER#4,POWER,AIRCRAFT,AIRCRAFT@FLEET-002,BASE,REPLACE,completed,14.5,16.5,16.950000000000003,5.0,,3.0,0.0
lifecycle,e70960269eec88da76c7fc94e6e135d06a464be3b3c58017f568e3e26a79d27a,20260916,0.11.0,52,service,jobs,False,14,14,J000003,PREVENTIVE,OFF_ITEM,POWER#4,POWER,AIRCRAFT,,CENTER,OFF_ITEM,completed,16.700000000000003,16.700000000000003,19.000000000000007,5.0,0.0,5.0,2.0
lifecycle,e70960269eec88da76c7fc94e6e135d06a464be3b3c58017f568e3e26a79d27a,20260916,0.11.0,52,service,jobs,False,14,14,J000004,PREVENTIVE,OFF_ITEM,POWER#3,POWER,AIRCRAFT,,CENTER,OFF_ITEM,completed,16.800000000000004,16.800000000000004,19.10000000000001,5.0,0.0,5.0,2.0
lifecycle,e70960269eec88da76c7fc94e6e135d06a464be3b3c58017f568e3e26a79d27a,20260916,0.11.0,52,service,jobs,False,14,14,J000005,PREVENTIVE,POWER_PREVENTIVE,POWER#5,POWER,AIRCRAFT,AIRCRAFT@FLEET-003,BASE,REPLACE,completed,30.5,32.5,33.300000000000004,5.0,,3.0,0.0
lifecycle,e70960269eec88da76c7fc94e6e135d06a464be3b3c58017f568e3e26a79d27a,20260916,0.11.0,52,service,jobs,False,14,14,J000006,PREVENTIVE,POWER_PREVENTIVE,POWER#6,POWER,AIRCRAFT,AIRCRAFT@FLEET-004,BASE,IN_PLACE,completed,30.5,32.5,33.400000000000006,5.0,0.0,5.0,2.0
lifecycle,e70960269eec88da76c7fc94e6e135d06a464be3b3c58017f568e3e26a79d27a,20260916,0.11.0,52,service,jobs,False,14,14,J000007,PREVENTIVE,OFF_ITEM,POWER#5,POWER,AIRCRAFT,,CENTER,OFF_ITEM,completed,32.800000000000004,32.800000000000004,34.50000000000001,5.0,0.0,5.0,2.0
lifecycle,e70960269eec88da76c7fc94e6e135d06a464be3b3c58017f568e3e26a79d27a,20260916,0.11.0,52,service,jobs,False,14,14,J000008,RETIREMENT,POWER_CORRECTIVE,POWER#6,POWER,AIRCRAFT,AIRCRAFT@FLEET-004,BASE,REPLACE,completed,39.0,40.5,40.85,2.5,,6.0,0.0
lifecycle,e70960269eec88da76c7fc94e6e135d06a464be3b3c58017f568e3e26a79d27a,20260916,0.11.0,52,service,jobs,False,14,14,J000009,PREVENTIVE,POWER_PREVENTIVE,POWER#1,POWER,AIRCRAFT,AIRCRAFT@FLEET-002,BASE,IN_PLACE,completed,54.5,56.5,57.900000000000006,5.0,0.0,5.0,2.0
lifecycle,e70960269eec88da76c7fc94e6e135d06a464be3b3c58017f568e3e26a79d27a,20260916,0.11.0,52,service,jobs,False,14,14,J000010,PREVENTIVE,POWER_PREVENTIVE,POWER#2,POWER,AIRCRAFT,AIRCRAFT@FLEET-001,BASE,IN_PLACE,completed,54.5,56.5,57.800000000000004,5.0,0.0,5.0,2.0
lifecycle,e70960269eec88da76c7fc94e6e135d06a464be3b3c58017f568e3e26a79d27a,20260916,0.11.0,52,service,jobs,False,14,14,J000011,PREVENTIVE,POWER_PREVENTIVE,POWER#7,POWER,AIRCRAFT,AIRCRAFT@FLEET-003,BASE,REPLACE,completed,58.5,60.5,60.95,5.0,,3.0,0.0
lifecycle,e70960269eec88da76c7fc94e6e135d06a464be3b3c58017f568e3e26a79d27a,20260916,0.11.0,52,service,jobs,False,14,14,J000012,PREVENTIVE,OFF_ITEM,POWER#7,POWER,AIRCRAFT,,CENTER,OFF_ITEM,completed,60.7,60.7,62.400000000000006,5.0,0.0,5.0,2.0
lifecycle,e70960269eec88da76c7fc94e6e135d06a464be3b3c58017f568e3e26a79d27a,20260916,0.11.0,52,service,jobs,False,14,14,J000013,RETIREMENT,POWER_CORRECTIVE,POWER#1,POWER,AIRCRAFT,AIRCRAFT@FLEET-002,BASE,REPLACE,completed,63.0,64.5,64.94999999999999,2.5,,6.0,0.0
lifecycle,e70960269eec88da76c7fc94e6e135d06a464be3b3c58017f568e3e26a79d27a,20260916,0.11.0,52,service,jobs,False,14,14,J000014,RETIREMENT,POWER_CORRECTIVE,POWER#2,POWER,AIRCRAFT,AIRCRAFT@FLEET-001,BASE,REPLACE,completed,63.0,64.5,64.85,2.5,,6.0,0.0
lifecycle,e70960269eec88da76c7fc94e6e135d06a464be3b3c58017f568e3e26a79d27a,20260916,0.11.0,53,service,jobs,False,14,14,J000001,PREVENTIVE,POWER_PREVENTIVE,POWER#3,POWER,AIRCRAFT,AIRCRAFT@FLEET-001,BASE,REPLACE,completed,14.5,16.5,17.300000000000004,5.0,,3.0,0.0
lifecycle,e70960269eec88da76c7fc94e6e135d06a464be3b3c58017f568e3e26a79d27a,20260916,0.11.0,53,service,jobs,False,14,14,J000002,PREVENTIVE,POWER_PREVENTIVE,POWER#4,POWER,AIRCRAFT,AIRCRAFT@FLEET-002,BASE,IN_PLACE,completed,14.5,16.5,17.400000000000006,5.0,0.0,5.0,2.0
lifecycle,e70960269eec88da76c7fc94e6e135d06a464be3b3c58017f568e3e26a79d27a,20260916,0.11.0,53,service,jobs,False,14,14,J000003,PREVENTIVE,OFF_ITEM,POWER#3,POWER,AIRCRAFT,,CENTER,OFF_ITEM,completed,16.800000000000004,16.800000000000004,18.500000000000007,5.0,0.0,5.0,2.0
lifecycle,e70960269eec88da76c7fc94e6e135d06a464be3b3c58017f568e3e26a79d27a,20260916,0.11.0,53,service,jobs,False,14,14,J000004,PREVENTIVE,POWER_PREVENTIVE,POWER#5,POWER,AIRCRAFT,AIRCRAFT@FLEET-003,BASE,REPLACE,completed,30.5,32.5,33.050000000000004,5.0,,3.0,0.0
lifecycle,e70960269eec88da76c7fc94e6e135d06a464be3b3c58017f568e3e26a79d27a,20260916,0.11.0,53,service,jobs,False,14,14,J000005,PREVENTIVE,POWER_PREVENTIVE,POWER#6,POWER,AIRCRAFT,AIRCRAFT@FLEET-004,BASE,REPLACE,completed,30.5,32.5,32.95,5.0,,3.0,0.0
lifecycle,e70960269eec88da76c7fc94e6e135d06a464be3b3c58017f568e3e26a79d27a,20260916,0.11.0,53,service,jobs,False,14,14,J000006,PREVENTIVE,OFF_ITEM,POWER#6,POWER,AIRCRAFT,,CENTER,OFF_ITEM,completed,32.7,32.7,35.00000000000001,5.0,0.0,5.0,2.0
lifecycle,e70960269eec88da76c7fc94e6e135d06a464be3b3c58017f568e3e26a79d27a,20260916,0.11.0,53,service,jobs,False,14,14,J000007,PREVENTIVE,OFF_ITEM,POWER#5,POWER,AIRCRAFT,,CENTER,OFF_ITEM,completed,32.800000000000004,32.800000000000004,35.10000000000001,5.0,0.0,5.0,2.0
lifecycle,e70960269eec88da76c7fc94e6e135d06a464be3b3c58017f568e3e26a79d27a,20260916,0.11.0,53,service,jobs,False,14,14,J000008,RETIREMENT,POWER_CORRECTIVE,POWER#4,POWER,AIRCRAFT,AIRCRAFT@FLEET-002,BASE,REPLACE,completed,35.0,36.5,36.85,2.5,,6.0,0.0
lifecycle,e70960269eec88da76c7fc94e6e135d06a464be3b3c58017f568e3e26a79d27a,20260916,0.11.0,53,service,jobs,False,14,14,J000009,PREVENTIVE,POWER_PREVENTIVE,POWER#1,POWER,AIRCRAFT,AIRCRAFT@FLEET-001,BASE,REPLACE,completed,54.5,56.5,56.95,5.0,,3.0,0.0
lifecycle,e70960269eec88da76c7fc94e6e135d06a464be3b3c58017f568e3e26a79d27a,20260916,0.11.0,53,service,jobs,False,14,14,J000010,PREVENTIVE,OFF_ITEM,POWER#1,POWER,AIRCRAFT,,CENTER,OFF_ITEM,completed,56.7,56.7,58.400000000000006,5.0,0.0,5.0,2.0
lifecycle,e70960269eec88da76c7fc94e6e135d06a464be3b3c58017f568e3e26a79d27a,20260916,0.11.0,53,service,jobs,False,14,14,J000011,PREVENTIVE,POWER_PREVENTIVE,POWER#2,POWER,AIRCRAFT,AIRCRAFT@FLEET-004,BASE,IN_PLACE,completed,58.5,60.5,61.900000000000006,5.0,0.0,5.0,2.0
lifecycle,e70960269eec88da76c7fc94e6e135d06a464be3b3c58017f568e3e26a79d27a,20260916,0.11.0,53,service,jobs,False,14,14,J000012,PREVENTIVE,POWER_PREVENTIVE,POWER#7,POWER,AIRCRAFT,AIRCRAFT@FLEET-003,BASE,IN_PLACE,completed,58.5,60.5,61.800000000000004,5.0,0.0,5.0,2.0
lifecycle,e70960269eec88da76c7fc94e6e135d06a464be3b3c58017f568e3e26a79d27a,20260916,0.11.0,53,service,jobs,False,14,14,J000013,PREVENTIVE,POWER_PREVENTIVE,POWER#8,POWER,AIRCRAFT,AIRCRAFT@FLEET-002,BASE,REPLACE,completed,62.5,64.5,64.94999999999999,5.0,,3.0,0.0
lifecycle,e70960269eec88da76c7fc94e6e135d06a464be3b3c58017f568e3e26a79d27a,20260916,0.11.0,53,service,jobs,False,14,14,J000014,PREVENTIVE,OFF_ITEM,POWER#8,POWER,AIRCRAFT,,CENTER,OFF_ITEM,completed,64.69999999999999,64.69999999999999,66.39999999999998,5.0,0.0,5.0,2.0
lifecycle,e70960269eec88da76c7fc94e6e135d06a464be3b3c58017f568e3e26a79d27a,20260916,0.11.0,54,service,jobs,False,13,13,J000001,PREVENTIVE,POWER_PREVENTIVE,POWER#3,POWER,AIRCRAFT,AIRCRAFT@FLEET-001,BASE,REPLACE,completed,14.5,16.5,17.050000000000004,5.0,,3.0,0.0
lifecycle,e70960269eec88da76c7fc94e6e135d06a464be3b3c58017f568e3e26a79d27a,20260916,0.11.0,54,service,jobs,False,13,13,J000002,PREVENTIVE,POWER_PREVENTIVE,POWER#4,POWER,AIRCRAFT,AIRCRAFT@FLEET-002,BASE,REPLACE,completed,14.5,16.5,16.950000000000003,5.0,,3.0,0.0
lifecycle,e70960269eec88da76c7fc94e6e135d06a464be3b3c58017f568e3e26a79d27a,20260916,0.11.0,54,service,jobs,False,13,13,J000003,PREVENTIVE,OFF_ITEM,POWER#4,POWER,AIRCRAFT,,CENTER,OFF_ITEM,completed,16.700000000000003,16.700000000000003,19.000000000000007,5.0,0.0,5.0,2.0
lifecycle,e70960269eec88da76c7fc94e6e135d06a464be3b3c58017f568e3e26a79d27a,20260916,0.11.0,54,service,jobs,False,13,13,J000004,PREVENTIVE,OFF_ITEM,POWER#3,POWER,AIRCRAFT,,CENTER,OFF_ITEM,completed,16.800000000000004,16.800000000000004,19.10000000000001,5.0,0.0,5.0,2.0
lifecycle,e70960269eec88da76c7fc94e6e135d06a464be3b3c58017f568e3e26a79d27a,20260916,0.11.0,54,service,jobs,False,13,13,J000005,PREVENTIVE,POWER_PREVENTIVE,POWER#5,POWER,AIRCRAFT,AIRCRAFT@FLEET-003,BASE,IN_PLACE,completed,30.5,32.5,33.400000000000006,5.0,0.0,5.0,2.0
lifecycle,e70960269eec88da76c7fc94e6e135d06a464be3b3c58017f568e3e26a79d27a,20260916,0.11.0,54,service,jobs,False,13,13,J000006,PREVENTIVE,POWER_PREVENTIVE,POWER#6,POWER,AIRCRAFT,AIRCRAFT@FLEET-004,BASE,REPLACE,completed,30.5,32.5,33.300000000000004,5.0,,3.0,0.0
lifecycle,e70960269eec88da76c7fc94e6e135d06a464be3b3c58017f568e3e26a79d27a,20260916,0.11.0,54,service,jobs,False,13,13,J000007,PREVENTIVE,OFF_ITEM,POWER#6,POWER,AIRCRAFT,,CENTER,OFF_ITEM,completed,32.7,32.7,34.400000000000006,5.0,0.0,5.0,2.0
lifecycle,e70960269eec88da76c7fc94e6e135d06a464be3b3c58017f568e3e26a79d27a,20260916,0.11.0,54,service,jobs,False,13,13,J000008,RETIREMENT,POWER_CORRECTIVE,POWER#5,POWER,AIRCRAFT,AIRCRAFT@FLEET-003,BASE,REPLACE,completed,39.0,40.5,40.85,2.5,,6.0,0.0
lifecycle,e70960269eec88da76c7fc94e6e135d06a464be3b3c58017f568e3e26a79d27a,20260916,0.11.0,54,service,jobs,False,13,13,J000009,PREVENTIVE,POWER_PREVENTIVE,POWER#1,POWER,AIRCRAFT,AIRCRAFT@FLEET-002,BASE,REPLACE,completed,54.5,56.5,57.050000000000004,5.0,,3.0,0.0
lifecycle,e70960269eec88da76c7fc94e6e135d06a464be3b3c58017f568e3e26a79d27a,20260916,0.11.0,54,service,jobs,False,13,13,J000010,PREVENTIVE,POWER_PREVENTIVE,POWER#2,POWER,AIRCRAFT,AIRCRAFT@FLEET-001,BASE,REPLACE,completed,54.5,56.5,56.95,5.0,,3.0,0.0
lifecycle,e70960269eec88da76c7fc94e6e135d06a464be3b3c58017f568e3e26a79d27a,20260916,0.11.0,54,service,jobs,False,13,13,J000011,PREVENTIVE,OFF_ITEM,POWER#2,POWER,AIRCRAFT,,CENTER,OFF_ITEM,completed,56.7,56.7,59.00000000000001,5.0,0.0,5.0,2.0
lifecycle,e70960269eec88da76c7fc94e6e135d06a464be3b3c58017f568e3e26a79d27a,20260916,0.11.0,54,service,jobs,False,13,13,J000012,PREVENTIVE,OFF_ITEM,POWER#1,POWER,AIRCRAFT,,CENTER,OFF_ITEM,completed,56.800000000000004,56.800000000000004,59.10000000000001,5.0,0.0,5.0,2.0
lifecycle,e70960269eec88da76c7fc94e6e135d06a464be3b3c58017f568e3e26a79d27a,20260916,0.11.0,54,service,jobs,False,13,13,J000013,PREVENTIVE,POWER_PREVENTIVE,POWER#7,POWER,AIRCRAFT,AIRCRAFT@FLEET-004,BASE,IN_PLACE,completed,58.5,60.5,61.2,5.0,0.0,5.0,2.0
lifecycle,e70960269eec88da76c7fc94e6e135d06a464be3b3c58017f568e3e26a79d27a,20260916,0.11.0,55,service,jobs,False,13,13,J000001,CORRECTIVE,POWER_CORRECTIVE,POWER#6,POWER,AIRCRAFT,AIRCRAFT@FLEET-004,BASE,REPLACE,completed,12.223805166184848,12.5,12.95,2.2238051661848477,,2.2238051661848477,0.0
lifecycle,e70960269eec88da76c7fc94e6e135d06a464be3b3c58017f568e3e26a79d27a,20260916,0.11.0,55,service,jobs,False,13,13,J000002,CORRECTIVE,OFF_ITEM,POWER#6,POWER,AIRCRAFT,,CENTER,OFF_ITEM,completed,12.7,12.7,15.399999999999999,2.2238051661848477,0.0,2.5,0.0
lifecycle,e70960269eec88da76c7fc94e6e135d06a464be3b3c58017f568e3e26a79d27a,20260916,0.11.0,55,service,jobs,False,13,13,J000003,PREVENTIVE,POWER_PREVENTIVE,POWER#3,POWER,AIRCRAFT,AIRCRAFT@FLEET-001,BASE,IN_PLACE,completed,14.5,16.5,17.400000000000006,5.0,0.0,5.0,2.0
lifecycle,e70960269eec88da76c7fc94e6e135d06a464be3b3c58017f568e3e26a79d27a,20260916,0.11.0,55,service,jobs,False,13,13,J000004,PREVENTIVE,POWER_PREVENTIVE,POWER#4,POWER,AIRCRAFT,AIRCRAFT@FLEET-002,BASE,REPLACE,completed,14.5,16.5,17.300000000000004,5.0,,3.0,0.0
lifecycle,e70960269eec88da76c7fc94e6e135d06a464be3b3c58017f568e3e26a79d27a,20260916,0.11.0,55,service,jobs,False,13,13,J000005,PREVENTIVE,OFF_ITEM,POWER#4,POWER,AIRCRAFT,,CENTER,OFF_ITEM,completed,16.700000000000003,16.700000000000003,18.400000000000006,5.0,0.0,5.0,2.0
lifecycle,e70960269eec88da76c7fc94e6e135d06a464be3b3c58017f568e3e26a79d27a,20260916,0.11.0,55,service,jobs,False,13,13,J000006,PREVENTIVE,POWER_PREVENTIVE,POWER#5,POWER,AIRCRAFT,AIRCRAFT@FLEET-003,BASE,IN_PLACE,completed,30.5,32.5,33.2,5.0,0.0,5.0,2.0
lifecycle,e70960269eec88da76c7fc94e6e135d06a464be3b3c58017f568e3e26a79d27a,20260916,0.11.0,55,service,jobs,False,13,13,J000007,RETIREMENT,POWER_CORRECTIVE,POWER#3,POWER,AIRCRAFT,AIRCRAFT@FLEET-001,BASE,REPLACE,completed,35.0,36.5,36.85,2.5,,6.0,0.0
lifecycle,e70960269eec88da76c7fc94e6e135d06a464be3b3c58017f568e3e26a79d27a,20260916,0.11.0,55,service,jobs,False,13,13,J000008,PREVENTIVE,POWER_PREVENTIVE,POWER#1,POWER,AIRCRAFT,AIRCRAFT@FLEET-004,BASE,IN_PLACE,completed,38.5,40.5,41.300000000000004,5.0,0.0,5.0,2.0
lifecycle,e70960269eec88da76c7fc94e6e135d06a464be3b3c58017f568e3e26a79d27a,20260916,0.11.0,55,service,jobs,False,13,13,J000009,RETIREMENT,POWER_CORRECTIVE,POWER#5,POWER,AIRCRAFT,AIRCRAFT@FLEET-003,BASE,REPLACE,completed,39.0,40.5,41.2,2.5,,6.0,0.0
lifecycle,e70960269eec88da76c7fc94e6e135d06a464be3b3c58017f568e3e26a79d27a,20260916,0.11.0,55,service,jobs,False,13,13,J000010,PREVENTIVE,POWER_PREVENTIVE,POWER#2,POWER,AIRCRAFT,AIRCRAFT@FLEET-002,BASE,REPLACE,completed,54.5,56.5,56.95,5.0,,3.0,0.0
lifecycle,e70960269eec88da76c7fc94e6e135d06a464be3b3c58017f568e3e26a79d27a,20260916,0.11.0,55,service,jobs,False,13,13,J000011,PREVENTIVE,OFF_ITEM,POWER#2,POWER,AIRCRAFT,,CENTER,OFF_ITEM,completed,56.7,56.7,58.400000000000006,5.0,0.0,5.0,2.0
lifecycle,e70960269eec88da76c7fc94e6e135d06a464be3b3c58017f568e3e26a79d27a,20260916,0.11.0,55,service,jobs,False,13,13,J000012,RETIREMENT,POWER_CORRECTIVE,POWER#1,POWER,AIRCRAFT,AIRCRAFT@FLEET-004,BASE,REPLACE,completed,59.0,60.5,60.85,2.5,,6.0,0.0
lifecycle,e70960269eec88da76c7fc94e6e135d06a464be3b3c58017f568e3e26a79d27a,20260916,0.11.0,55,service,jobs,False,13,13,J000013,PREVENTIVE,POWER_PREVENTIVE,POWER#7,POWER,AIRCRAFT,AIRCRAFT@FLEET-001,BASE,IN_PLACE,completed,62.5,64.5,65.19999999999999,5.0,0.0,5.0,2.0
lifecycle,e70960269eec88da76c7fc94e6e135d06a464be3b3c58017f568e3e26a79d27a,20260916,0.11.0,56,service,jobs,False,13,13,J000001,PREVENTIVE,POWER_PREVENTIVE,POWER#3,POWER,AIRCRAFT,AIRCRAFT@FLEET-001,BASE,IN_PLACE,completed,14.5,16.5,17.400000000000006,5.0,0.0,5.0,2.0
lifecycle,e70960269eec88da76c7fc94e6e135d06a464be3b3c58017f568e3e26a79d27a,20260916,0.11.0,56,service,jobs,False,13,13,J000002,PREVENTIVE,POWER_PREVENTIVE,POWER#4,POWER,AIRCRAFT,AIRCRAFT@FLEET-002,BASE,REPLACE,completed,14.5,16.5,17.300000000000004,5.0,,3.0,0.0
lifecycle,e70960269eec88da76c7fc94e6e135d06a464be3b3c58017f568e3e26a79d27a,20260916,0.11.0,56,service,jobs,False,13,13,J000003,PREVENTIVE,OFF_ITEM,POWER#4,POWER,AIRCRAFT,,CENTER,OFF_ITEM,completed,16.700000000000003,16.700000000000003,18.400000000000006,5.0,0.0,5.0,2.0
lifecycle,e70960269eec88da76c7fc94e6e135d06a464be3b3c58017f568e3e26a79d27a,20260916,0.11.0,56,service,jobs,False,13,13,J000004,PREVENTIVE,POWER_PREVENTIVE,POWER#5,POWER,AIRCRAFT,AIRCRAFT@FLEET-003,BASE,IN_PLACE,completed,30.5,32.5,33.400000000000006,5.0,0.0,5.0,2.0
lifecycle,e70960269eec88da76c7fc94e6e135d06a464be3b3c58017f568e3e26a79d27a,20260916,0.11.0,56,service,jobs,False,13,13,J000005,PREVENTIVE,POWER_PREVENTIVE,POWER#6,POWER,AIRCRAFT,AIRCRAFT@FLEET-004,BASE,REPLACE,completed,30.5,32.5,33.300000000000004,5.0,,3.0,0.0
lifecycle,e70960269eec88da76c7fc94e6e135d06a464be3b3c58017f568e3e26a79d27a,20260916,0.11.0,56,service,jobs,False,13,13,J000006,PREVENTIVE,OFF_ITEM,POWER#6,POWER,AIRCRAFT,,CENTER,OFF_ITEM,completed,32.7,32.7,34.400000000000006,5.0,0.0,5.0,2.0
lifecycle,e70960269eec88da76c7fc94e6e135d06a464be3b3c58017f568e3e26a79d27a,20260916,0.11.0,56,service,jobs,False,13,13,J000007,RETIREMENT,POWER_CORRECTIVE,POWER#3,POWER,AIRCRAFT,AIRCRAFT@FLEET-001,BASE,REPLACE,completed,35.0,36.5,36.85,2.5,,6.0,0.0
lifecycle,e70960269eec88da76c7fc94e6e135d06a464be3b3c58017f568e3e26a79d27a,20260916,0.11.0,56,service,jobs,False,13,13,J000008,RETIREMENT,POWER_CORRECTIVE,POWER#5,POWER,AIRCRAFT,AIRCRAFT@FLEET-003,BASE,REPLACE,completed,39.0,40.5,40.85,2.5,,6.0,0.0
lifecycle,e70960269eec88da76c7fc94e6e135d06a464be3b3c58017f568e3e26a79d27a,20260916,0.11.0,56,service,jobs,False,13,13,J000009,PREVENTIVE,POWER_PREVENTIVE,POWER#1,POWER,AIRCRAFT,AIRCRAFT@FLEET-002,BASE,IN_PLACE,completed,54.5,56.5,57.2,5.0,0.0,5.0,2.0
lifecycle,e70960269eec88da76c7fc94e6e135d06a464be3b3c58017f568e3e26a79d27a,20260916,0.11.0,56,service,jobs,False,13,13,J000010,PREVENTIVE,POWER_PREVENTIVE,POWER#2,POWER,AIRCRAFT,AIRCRAFT@FLEET-004,BASE,IN_PLACE,completed,58.5,60.5,61.2,5.0,0.0,5.0,2.0
lifecycle,e70960269eec88da76c7fc94e6e135d06a464be3b3c58017f568e3e26a79d27a,20260916,0.11.0,56,service,jobs,False,13,13,J000011,PREVENTIVE,POWER_PREVENTIVE,POWER#7,POWER,AIRCRAFT,AIRCRAFT@FLEET-001,BASE,REPLACE,completed,62.5,64.5,64.94999999999999,5.0,,3.0,0.0
lifecycle,e70960269eec88da76c7fc94e6e135d06a464be3b3c58017f568e3e26a79d27a,20260916,0.11.0,56,service,jobs,False,13,13,J000012,RETIREMENT,POWER_CORRECTIVE,POWER#1,POWER,AIRCRAFT,AIRCRAFT@FLEET-002,BASE,REPLACE,completed,63.0,64.5,64.85,2.5,,6.0,0.0
lifecycle,e70960269eec88da76c7fc94e6e135d06a464be3b3c58017f568e3e26a79d27a,20260916,0.11.0,56,service,jobs,False,13,13,J000013,PREVENTIVE,OFF_ITEM,POWER#7,POWER,AIRCRAFT,,CENTER,OFF_ITEM,completed,64.69999999999999,64.69999999999999,66.39999999999998,5.0,0.0,5.0,2.0
lifecycle,e70960269eec88da76c7fc94e6e135d06a464be3b3c58017f568e3e26a79d27a,20260916,0.11.0,57,service,jobs,False,14,14,J000001,PREVENTIVE,POWER_PREVENTIVE,POWER#3,POWER,AIRCRAFT,AIRCRAFT@FLEET-001,BASE,IN_PLACE,completed,14.5,16.5,17.400000000000006,5.0,0.0,5.0,2.0
lifecycle,e70960269eec88da76c7fc94e6e135d06a464be3b3c58017f568e3e26a79d27a,20260916,0.11.0,57,service,jobs,False,14,14,J000002,PREVENTIVE,POWER_PREVENTIVE,POWER#4,POWER,AIRCRAFT,AIRCRAFT@FLEET-002,BASE,REPLACE,completed,14.5,16.5,17.300000000000004,5.0,,3.0,0.0
lifecycle,e70960269eec88da76c7fc94e6e135d06a464be3b3c58017f568e3e26a79d27a,20260916,0.11.0,57,service,jobs,False,14,14,J000003,PREVENTIVE,OFF_ITEM,POWER#4,POWER,AIRCRAFT,,CENTER,OFF_ITEM,completed,16.700000000000003,16.700000000000003,18.400000000000006,5.0,0.0,5.0,2.0
lifecycle,e70960269eec88da76c7fc94e6e135d06a464be3b3c58017f568e3e26a79d27a,20260916,0.11.0,57,service,jobs,False,14,14,J000004,CORRECTIVE,POWER_CORRECTIVE,POWER#6,POWER,AIRCRAFT,AIRCRAFT@FLEET-004,BASE,IN_PLACE,completed,30.408181924876107,30.816363849752214,32.71636384975222,2.908181924876107,0.0,3.3163638497522143,0.0
lifecycle,e70960269eec88da76c7fc94e6e135d06a464be3b3c58017f568e3e26a79d27a,20260916,0.11.0,57,service,jobs,False,14,14,J000005,PREVENTIVE,POWER_PREVENTIVE,POWER#5,POWER,AIRCRAFT,AIRCRAFT@FLEET-003,BASE,REPLACE,completed,30.5,30.816363849752214,32.61636384975222,3.3163638497522143,,3.0,0.0
lifecycle,e70960269eec88da76c7fc94e6e135d06a464be3b3c58017f568e3e26a79d27a,20260916,0.11.0,57,service,jobs,False,14,14,J000006,PREVENTIVE,OFF_ITEM,POWER#5,POWER,AIRCRAFT,,CENTER,OFF_ITEM,completed,31.016363849752217,31.016363849752217,32.71636384975222,3.3163638497522143,0.0,3.3163638497522143,0.3163638497522143
lifecycle,e70960269eec88da76c7fc94e6e135d06a464be3b3c58017f568e3e26a79d27a,20260916,0.11.0,57,service,jobs,False,14,14,J000007,RETIREMENT,POWER_CORRECTIVE,POWER#3,POWER,AIRCRAFT,AIRCRAFT@FLEET-001,BASE,REPLACE,completed,35.0,36.5,36.85,2.5,,6.0,0.0
lifecycle,e70960269eec88da76c7fc94e6e135d06a464be3b3c58017f568e3e26a79d27a,20260916,0.11.0,57,service,jobs,False,14,14,J000008,CORRECTIVE,POWER_CORRECTIVE,POWER#2,POWER,AIRCRAFT,AIRCRAFT@FLEET-003,BASE,REPLACE,completed,39.35369109673531,39.85369109673531,40.303691096735314,1.3536910967353109,,1.3536910967353109,0.0
lifecycle,e70960269eec88da76c7fc94e6e135d06a464be3b3c58017f568e3e26a79d27a,20260916,0.11.0,57,service,jobs,False,14,14,J000009,CORRECTIVE,OFF_ITEM,POWER#2,POWER,AIRCRAFT,,CENTER,OFF_ITEM,completed,40.053691096735314,40.053691096735314,42.75369109673532,1.3536910967353109,0.0,1.8536910967353109,0.0
lifecycle,e70960269eec88da76c7fc94e6e135d06a464be3b3c58017f568e3e26a79d27a,20260916,0.11.0,57,service,jobs,False,14,14,J000010,PREVENTIVE,POWER_PREVENTIVE,POWER#1,POWER,AIRCRAFT,AIRCRAFT@FLEET-002,BASE,REPLACE,completed,54.5,56.5,56.95,5.0,,3.0,0.0
lifecycle,e70960269eec88da76c7fc94e6e135d06a464be3b3c58017f568e3e26a79d27a,20260916,0.11.0,57,service,jobs,False,14,14,J000011,PREVENTIVE,OFF_ITEM,POWER#1,POWER,AIRCRAFT,,CENTER,OFF_ITEM,completed,56.7,56.7,58.400000000000006,5.0,0.0,5.0,2.0
lifecycle,e70960269eec88da76c7fc94e6e135d06a464be3b3c58017f568e3e26a79d27a,20260916,0.11.0,57,service,jobs,False,14,14,J000012,RETIREMENT,POWER_CORRECTIVE,POWER#6,POWER,AIRCRAFT,AIRCRAFT@FLEET-004,BASE,REPLACE,completed,58.829945053512475,60.5,60.85,4.353691096735311,,6.0,0.0
lifecycle,e70960269eec88da76c7fc94e6e135d06a464be3b3c58017f568e3e26a79d27a,20260916,0.11.0,57,service,jobs,False,14,14,J000013,PREVENTIVE,POWER_PREVENTIVE,POWER#7,POWER,AIRCRAFT,AIRCRAFT@FLEET-001,BASE,REPLACE,completed,62.5,64.5,64.94999999999999,5.0,,3.0,0.0
lifecycle,e70960269eec88da76c7fc94e6e135d06a464be3b3c58017f568e3e26a79d27a,20260916,0.11.0,57,service,jobs,False,14,14,J000014,PREVENTIVE,OFF_ITEM,POWER#7,POWER,AIRCRAFT,,CENTER,OFF_ITEM,completed,64.69999999999999,64.69999999999999,66.39999999999998,5.0,0.0,5.0,2.0
lifecycle,e70960269eec88da76c7fc94e6e135d06a464be3b3c58017f568e3e26a79d27a,20260916,0.11.0,58,service,jobs,False,15,15,J000001,PREVENTIVE,POWER_PREVENTIVE,POWER#3,POWER,AIRCRAFT,AIRCRAFT@FLEET-001,BASE,REPLACE,completed,14.5,16.5,17.050000000000004,5.0,,3.0,0.0
lifecycle,e70960269eec88da76c7fc94e6e135d06a464be3b3c58017f568e3e26a79d27a,20260916,0.11.0,58,service,jobs,False,15,15,J000002,PREVENTIVE,POWER_PREVENTIVE,POWER#4,POWER,AIRCRAFT,AIRCRAFT@FLEET-002,BASE,REPLACE,completed,14.5,16.5,16.950000000000003,5.0,,3.0,0.0
lifecycle,e70960269eec88da76c7fc94e6e135d06a464be3b3c58017f568e3e26a79d27a,20260916,0.11.0,58,service,jobs,False,15,15,J000003,PREVENTIVE,OFF_ITEM,POWER#4,POWER,AIRCRAFT,,CENTER,OFF_ITEM,completed,16.700000000000003,16.700000000000003,19.000000000000007,5.0,0.0,5.0,2.0
lifecycle,e70960269eec88da76c7fc94e6e135d06a464be3b3c58017f568e3e26a79d27a,20260916,0.11.0,58,service,jobs,False,15,15,J000004,PREVENTIVE,OFF_ITEM,POWER#3,POWER,AIRCRAFT,,CENTER,OFF_ITEM,completed,16.800000000000004,16.800000000000004,19.10000000000001,5.0,0.0,5.0,2.0
lifecycle,e70960269eec88da76c7fc94e6e135d06a464be3b3c58017f568e3e26a79d27a,20260916,0.11.0,58,service,jobs,False,15,15,J000005,PREVENTIVE,POWER_PREVENTIVE,POWER#5,POWER,AIRCRAFT,AIRCRAFT@FLEET-003,BASE,IN_PLACE,completed,30.5,32.5,33.400000000000006,5.0,0.0,5.0,2.0
lifecycle,e70960269eec88da76c7fc94e6e135d06a464be3b3c58017f568e3e26a79d27a,20260916,0.11.0,58,service,jobs,False,15,15,J000006,PREVENTIVE,POWER_PREVENTIVE,POWER#6,POWER,AIRCRAFT,AIRCRAFT@FLEET-004,BASE,REPLACE,completed,30.5,32.5,33.300000000000004,5.0,,3.0,0.0
lifecycle,e70960269eec88da76c7fc94e6e135d06a464be3b3c58017f568e3e26a79d27a,20260916,0.11.0,58,service,jobs,False,15,15,J000007,PREVENTIVE,OFF_ITEM,POWER#6,POWER,AIRCRAFT,,CENTER,OFF_ITEM,completed,32.7,32.7,34.400000000000006,5.0,0.0,5.0,2.0
lifecycle,e70960269eec88da76c7fc94e6e135d06a464be3b3c58017f568e3e26a79d27a,20260916,0.11.0,58,service,jobs,False,15,15,J000008,CORRECTIVE,POWER_CORRECTIVE,POWER#1,POWER,AIRCRAFT,AIRCRAFT@FLEET-002,BASE,IN_PLACE,completed,35.75906984282832,36.25906984282832,37.95906984282832,1.7590698428283176,0.0,2.2590698428283176,0.0
lifecycle,e70960269eec88da76c7fc94e6e135d06a464be3b3c58017f568e3e26a79d27a,20260916,0.11.0,58,service,jobs,False,15,15,J000009,RETIREMENT,POWER_CORRECTIVE,POWER#5,POWER,AIRCRAFT,AIRCRAFT@FLEET-003,BASE,REPLACE,completed,39.0,40.5,40.85,2.5,,6.0,0.0
lifecycle,e70960269eec88da76c7fc94e6e135d06a464be3b3c58017f568e3e26a79d27a,20260916,0.11.0,58,service,jobs,False,15,15,J000010,PREVENTIVE,POWER_PREVENTIVE,POWER#2,POWER,AIRCRAFT,AIRCRAFT@FLEET-001,BASE,REPLACE,completed,54.74093015717168,56.5,56.95,4.759069842828318,,3.0,0.0
lifecycle,e70960269eec88da76c7fc94e6e135d06a464be3b3c58017f568e3e26a79d27a,20260916,0.11.0,58,service,jobs,False,15,15,J000011,PREVENTIVE,OFF_ITEM,POWER#2,POWER,AIRCRAFT,,CENTER,OFF_ITEM,completed,56.7,56.7,58.400000000000006,4.759069842828318,0.0,4.759069842828318,1.7590698428283176
lifecycle,e70960269eec88da76c7fc94e6e135d06a464be3b3c58017f568e3e26a79d27a,20260916,0.11.0,58,service,jobs,False,15,15,J000012,PREVENTIVE,POWER_PREVENTIVE,POWER#7,POWER,AIRCRAFT,AIRCRAFT@FLEET-004,BASE,REPLACE,completed,58.5,60.5,60.95,5.0,,3.0,0.0
lifecycle,e70960269eec88da76c7fc94e6e135d06a464be3b3c58017f568e3e26a79d27a,20260916,0.11.0,58,service,jobs,False,15,15,J000013,PREVENTIVE,OFF_ITEM,POWER#7,POWER,AIRCRAFT,,CENTER,OFF_ITEM,completed,60.7,60.7,62.400000000000006,5.0,0.0,5.0,2.0
lifecycle,e70960269eec88da76c7fc94e6e135d06a464be3b3c58017f568e3e26a79d27a,20260916,0.11.0,58,service,jobs,False,15,15,J000014,PREVENTIVE,POWER_PREVENTIVE,POWER#1,POWER,AIRCRAFT,AIRCRAFT@FLEET-002,BASE,REPLACE,cancelled_retirement,62.5,,63.24093015717168,3.0,,5.259069842828318,0.0
lifecycle,e70960269eec88da76c7fc94e6e135d06a464be3b3c58017f568e3e26a79d27a,20260916,0.11.0,58,service,jobs,False,15,15,J000015,RETIREMENT,POWER_CORRECTIVE,POWER#1,POWER,AIRCRAFT,AIRCRAFT@FLEET-002,BASE,REPLACE,completed,63.24093015717168,64.5,64.85,5.0,,6.0,0.0
lifecycle,e70960269eec88da76c7fc94e6e135d06a464be3b3c58017f568e3e26a79d27a,20260916,0.11.0,59,service,jobs,False,13,13,J000001,PREVENTIVE,POWER_PREVENTIVE,POWER#3,POWER,AIRCRAFT,AIRCRAFT@FLEET-001,BASE,IN_PLACE,completed,14.5,16.5,17.900000000000006,5.0,0.0,5.0,2.0
lifecycle,e70960269eec88da76c7fc94e6e135d06a464be3b3c58017f568e3e26a79d27a,20260916,0.11.0,59,service,jobs,False,13,13,J000002,PREVENTIVE,POWER_PREVENTIVE,POWER#4,POWER,AIRCRAFT,AIRCRAFT@FLEET-002,BASE,IN_PLACE,completed,14.5,16.5,17.800000000000004,5.0,0.0,5.0,2.0
lifecycle,e70960269eec88da76c7fc94e6e135d06a464be3b3c58017f568e3e26a79d27a,20260916,0.11.0,59,service,jobs,False,13,13,J000003,PREVENTIVE,POWER_PREVENTIVE,POWER#5,POWER,AIRCRAFT,AIRCRAFT@FLEET-003,BASE,REPLACE,covered_by_corrective,30.5,,33.8372063542669,3.0,0.0,3.0,0.0
lifecycle,e70960269eec88da76c7fc94e6e135d06a464be3b3c58017f568e3e26a79d27a,20260916,0.11.0,59,service,jobs,False,13,13,J000004,PREVENTIVE,POWER_PREVENTIVE,POWER#6,POWER,AIRCRAFT,AIRCRAFT@FLEET-004,BASE,REPLACE,completed,30.5,31.93720635426689,33.737206354266895,4.437206354266891,,3.0,0.0
lifecycle,e70960269eec88da76c7fc94e6e135d06a464be3b3c58017f568e3e26a79d27a,20260916,0.11.0,59,service,jobs,False,13,13,J000005,CORRECTIVE,POWER_CORRECTIVE,POWER#5,POWER,AIRCRAFT,AIRCRAFT@FLEET-003,BASE,IN_PLACE,completed,31.43720635426689,31.93720635426689,33.8372063542669,3.937206354266891,0.0,4.437206354266891,0.9372063542668911
lifecycle,e70960269eec88da76c7fc94e6e135d06a464be3b3c58017f568e3e26a79d27a,20260916,0.11.0,59,service,jobs,False,13,13,J000006,PREVENTIVE,OFF_ITEM,POWER#6,POWER,AIRCRAFT,,CENTER,OFF_ITEM,completed,32.137206354266894,32.137206354266894,33.8372063542669,4.437206354266891,0.0,4.437206354266891,1.4372063542668911
lifecycle,e70960269eec88da76c7fc94e6e135d06a464be3b3c58017f568e3e26a79d27a,20260916,0.11.0,59,service,jobs,False,13,13,J000007,RETIREMENT,POWER_CORRECTIVE,POWER#3,POWER,AIRCRAFT,AIRCRAFT@FLEET-001,BASE,REPLACE,completed,35.0,36.5,36.95,2.5,,6.0,0.0
lifecycle,e70960269eec88da76c7fc94e6e135d06a464be3b3c58017f568e3e26a79d27a,20260916,0.11.0,59,service,jobs,False,13,13,J000008,RETIREMENT,POWER_CORRECTIVE,POWER#4,POWER,AIRCRAFT,AIRCRAFT@FLEET-002,BASE,REPLACE,completed,35.0,36.5,36.85,2.5,,6.0,0.0
lifecycle,e70960269eec88da76c7fc94e6e135d06a464be3b3c58017f568e3e26a79d27a,20260916,0.11.0,59,service,jobs,False,13,13,J000009,RETIREMENT,POWER_CORRECTIVE,POWER#5,POWER,AIRCRAFT,AIRCRAFT@FLEET-003,BASE,REPLACE,completed,39.56279364573311,40.5,40.85,2.5,,6.0,0.0
lifecycle,e70960269eec88da76c7fc94e6e135d06a464be3b3c58017f568e3e26a79d27a,20260916,0.11.0,59,service,jobs,False,13,13,J000010,CORRECTIVE,POWER_CORRECTIVE,POWER#8,POWER,AIRCRAFT,AIRCRAFT@FLEET-003,BASE,IN_PLACE,completed,58.2420781212906,58.48415624258119,60.184156242581196,0.24207812129059647,0.0,0.48415624258119294,0.0
lifecycle,e70960269eec88da76c7fc94e6e135d06a464be3b3c58017f568e3e26a79d27a,20260916,0.11.0,59,service,jobs,False,13,13,J000011,PREVENTIVE,POWER_PREVENTIVE,POWER#2,POWER,AIRCRAFT,AIRCRAFT@FLEET-002,BASE,IN_PLACE,completed,62.5,64.5,65.39999999999998,5.0,0.0,5.0,2.0
lifecycle,e70960269eec88da76c7fc94e6e135d06a464be3b3c58017f568e3e26a79d27a,20260916,0.11.0,59,service,jobs,False,13,13,J000012,PREVENTIVE,POWER_PREVENTIVE,POWER#7,POWER,AIRCRAFT,AIRCRAFT@FLEET-001,BASE,REPLACE,completed,62.5,64.5,65.29999999999998,5.0,,3.0,0.0
lifecycle,e70960269eec88da76c7fc94e6e135d06a464be3b3c58017f568e3e26a79d27a,20260916,0.11.0,59,service,jobs,False,13,13,J000013,PREVENTIVE,OFF_ITEM,POWER#7,POWER,AIRCRAFT,,CENTER,OFF_ITEM,completed,64.69999999999999,64.69999999999999,66.39999999999998,5.0,0.0,5.0,2.0
lifecycle,e70960269eec88da76c7fc94e6e135d06a464be3b3c58017f568e3e26a79d27a,20260916,0.11.0,60,service,jobs,False,13,13,J000001,CORRECTIVE,POWER_CORRECTIVE,POWER#6,POWER,AIRCRAFT,AIRCRAFT@FLEET-004,BASE,IN_PLACE,completed,12.01040480670856,12.5,14.2,2.0104048067085607,0.0,2.5,0.0
lifecycle,e70960269eec88da76c7fc94e6e135d06a464be3b3c58017f568e3e26a79d27a,20260916,0.11.0,60,service,jobs,False,13,13,J000002,PREVENTIVE,POWER_PREVENTIVE,POWER#3,POWER,AIRCRAFT,AIRCRAFT@FLEET-001,BASE,REPLACE,completed,14.5,16.5,17.300000000000004,5.0,,3.0,0.0
lifecycle,e70960269eec88da76c7fc94e6e135d06a464be3b3c58017f568e3e26a79d27a,20260916,0.11.0,60,service,jobs,False,13,13,J000003,PREVENTIVE,POWER_PREVENTIVE,POWER#4,POWER,AIRCRAFT,AIRCRAFT@FLEET-002,BASE,IN_PLACE,completed,14.5,16.5,17.400000000000006,5.0,0.0,5.0,2.0
lifecycle,e70960269eec88da76c7fc94e6e135d06a464be3b3c58017f568e3e26a79d27a,20260916,0.11.0,60,service,jobs,False,13,13,J000004,PREVENTIVE,OFF_ITEM,POWER#3,POWER,AIRCRAFT,,CENTER,OFF_ITEM,completed,16.800000000000004,16.800000000000004,18.500000000000007,5.0,0.0,5.0,2.0
lifecycle,e70960269eec88da76c7fc94e6e135d06a464be3b3c58017f568e3e26a79d27a,20260916,0.11.0,60,service,jobs,False,13,13,J000005,PREVENTIVE,POWER_PREVENTIVE,POWER#5,POWER,AIRCRAFT,AIRCRAFT@FLEET-003,BASE,IN_PLACE,completed,30.5,32.5,33.2,5.0,0.0,5.0,2.0
lifecycle,e70960269eec88da76c7fc94e6e135d06a464be3b3c58017f568e3e26a79d27a,20260916,0.11.0,60,service,jobs,False,13,13,J000006,RETIREMENT,POWER_CORRECTIVE,POWER#4,POWER,AIRCRAFT,AIRCRAFT@FLEET-002,BASE,REPLACE,completed,35.0,36.5,36.85,2.5,,6.0,0.0
lifecycle,e70960269eec88da76c7fc94e6e135d06a464be3b3c58017f568e3e26a79d27a,20260916,0.11.0,60,service,jobs,False,13,13,J000007,PREVENTIVE,POWER_PREVENTIVE,POWER#6,POWER,AIRCRAFT,AIRCRAFT@FLEET-004,BASE,IN_PLACE,cancelled_retirement,38.5,,39.0,3.0,,5.5,0.0
lifecycle,e70960269eec88da76c7fc94e6e135d06a464be3b3c58017f568e3e26a79d27a,20260916,0.11.0,60,service,jobs,False,13,13,J000008,RETIREMENT,POWER_CORRECTIVE,POWER#5,POWER,AIRCRAFT,AIRCRAFT@FLEET-003,BASE,REPLACE,completed,39.0,40.5,40.95,2.5,,6.0,0.0
lifecycle,e70960269eec88da76c7fc94e6e135d06a464be3b3c58017f568e3e26a79d27a,20260916,0.11.0,60,service,jobs,False,13,13,J000009,RETIREMENT,POWER_CORRECTIVE,POWER#6,POWER,AIRCRAFT,AIRCRAFT@FLEET-004,BASE,REPLACE,completed,39.0,40.5,40.85,5.0,,6.0,0.0
lifecycle,e70960269eec88da76c7fc94e6e135d06a464be3b3c58017f568e3e26a79d27a,20260916,0.11.0,60,service,jobs,False,13,13,J000010,PREVENTIVE,POWER_PREVENTIVE,POWER#1,POWER,AIRCRAFT,AIRCRAFT@FLEET-001,BASE,REPLACE,completed,54.5,56.5,56.95,5.0,,3.0,0.0
lifecycle,e70960269eec88da76c7fc94e6e135d06a464be3b3c58017f568e3e26a79d27a,20260916,0.11.0,60,service,jobs,False,13,13,J000011,PREVENTIVE,OFF_ITEM,POWER#1,POWER,AIRCRAFT,,CENTER,OFF_ITEM,completed,56.7,56.7,58.400000000000006,5.0,0.0,5.0,2.0
lifecycle,e70960269eec88da76c7fc94e6e135d06a464be3b3c58017f568e3e26a79d27a,20260916,0.11.0,60,service,jobs,False,13,13,J000012,PREVENTIVE,POWER_PREVENTIVE,POWER#2,POWER,AIRCRAFT,AIRCRAFT@FLEET-002,BASE,REPLACE,completed,62.5,64.5,64.94999999999999,5.0,,3.0,0.0
lifecycle,e70960269eec88da76c7fc94e6e135d06a464be3b3c58017f568e3e26a79d27a,20260916,0.11.0,60,service,jobs,False,13,13,J000013,PREVENTIVE,OFF_ITEM,POWER#2,POWER,AIRCRAFT,,CENTER,OFF_ITEM,completed,64.69999999999999,64.69999999999999,66.39999999999998,5.0,0.0,5.0,2.0
lifecycle,e70960269eec88da76c7fc94e6e135d06a464be3b3c58017f568e3e26a79d27a,20260916,0.11.0,61,service,jobs,False,14,14,J000001,CORRECTIVE,POWER_CORRECTIVE,POWER#3,POWER,AIRCRAFT,AIRCRAFT@FLEET-001,BASE,REPLACE,completed,7.808946826891573,8.308946826891573,8.758946826891572,1.8089468268915727,,1.8089468268915727,0.0
lifecycle,e70960269eec88da76c7fc94e6e135d06a464be3b3c58017f568e3e26a79d27a,20260916,0.11.0,61,service,jobs,False,14,14,J000002,CORRECTIVE,OFF_ITEM,POWER#3,POWER,AIRCRAFT,,CENTER,OFF_ITEM,completed,8.508946826891572,8.508946826891572,11.208946826891571,1.8089468268915727,0.0,2.3089468268915727,0.0
lifecycle,e70960269eec88da76c7fc94e6e135d06a464be3b3c58017f568e3e26a79d27a,20260916,0.11.0,61,service,jobs,False,14,14,J000003,PREVENTIVE,POWER_PREVENTIVE,POWER#4,POWER,AIRCRAFT,AIRCRAFT@FLEET-002,BASE,REPLACE,completed,14.691053173108427,16.5,16.950000000000003,4.808946826891573,,3.0,0.0
lifecycle,e70960269eec88da76c7fc94e6e135d06a464be3b3c58017f568e3e26a79d27a,20260916,0.11.0,61,service,jobs,False,14,14,J000004,PREVENTIVE,OFF_ITEM,POWER#4,POWER,AIRCRAFT,,CENTER,OFF_ITEM,completed,16.700000000000003,16.700000000000003,18.400000000000006,4.808946826891573,0.0,4.808946826891573,1.8089468268915727
lifecycle,e70960269eec88da76c7fc94e6e135d06a464be3b3c58017f568e3e26a79d27a,20260916,0.11.0,61,service,jobs,False,14,14,J000005,PREVENTIVE,POWER_PREVENTIVE,POWER#5,POWER,AIRCRAFT,AIRCRAFT@FLEET-003,BASE,REPLACE,completed,30.5,32.5,33.300000000000004,5.0,,3.0,0.0
lifecycle,e70960269eec88da76c7fc94e6e135d06a464be3b3c58017f568e3e26a79d27a,20260916,0.11.0,61,service,jobs,False,14,14,J000006,PREVENTIVE,POWER_PREVENTIVE,POWER#6,POWER,AIRCRAFT,AIRCRAFT@FLEET-004,BASE,IN_PLACE,completed,30.5,32.5,33.400000000000006,5.0,0.0,5.0,2.0
lifecycle,e70960269eec88da76c7fc94e6e135d06a464be3b3c58017f568e3e26a79d27a,20260916,0.11.0,61,service,jobs,False,14,14,J000007,PREVENTIVE,OFF_ITEM,POWER#5,POWER,AIRCRAFT,,CENTER,OFF_ITEM,completed,32.800000000000004,32.800000000000004,34.50000000000001,5.0,0.0,5.0,2.0
lifecycle,e70960269eec88da76c7fc94e6e135d06a464be3b3c58017f568e3e26a79d27a,20260916,0.11.0,61,service,jobs,False,14,14,J000008,PREVENTIVE,POWER_PREVENTIVE,POWER#1,POWER,AIRCRAFT,AIRCRAFT@FLEET-001,BASE,IN_PLACE,completed,34.5,36.5,37.2,5.0,0.0,5.0,2.0
lifecycle,e70960269eec88da76c7fc94e6e135d06a464be3b3c58017f568e3e26a79d27a,20260916,0.11.0,61,service,jobs,False,14,14,J000009,RETIREMENT,POWER_CORRECTIVE,POWER#6,POWER,AIRCRAFT,AIRCRAFT@FLEET-004,BASE,REPLACE,completed,39.0,40.5,40.85,2.5,,6.0,0.0
lifecycle,e70960269eec88da76c7fc94e6e135d06a464be3b3c58017f568e3e26a79d27a,20260916,0.11.0,61,service,jobs,False,14,14,J000010,PREVENTIVE,POWER_PREVENTIVE,POWER#2,POWER,AIRCRAFT,AIRCRAFT@FLEET-002,BASE,IN_PLACE,completed,54.5,56.5,57.300000000000004,5.0,0.0,5.0,2.0
lifecycle,e70960269eec88da76c7fc94e6e135d06a464be3b3c58017f568e3e26a79d27a,20260916,0.11.0,61,service,jobs,False,14,14,J000011,RETIREMENT,POWER_CORRECTIVE,POWER#1,POWER,AIRCRAFT,AIRCRAFT@FLEET-001,BASE,REPLACE,completed,55.0,56.5,57.2,2.5,,6.0,0.0
lifecycle,e70960269eec88da76c7fc94e6e135d06a464be3b3c58017f568e3e26a79d27a,20260916,0.11.0,61,service,jobs,False,14,14,J000012,PREVENTIVE,POWER_PREVENTIVE,POWER#7,POWER,AIRCRAFT,AIRCRAFT@FLEET-003,BASE,REPLACE,completed,58.5,60.5,60.95,5.0,,3.0,0.0
lifecycle,e70960269eec88da76c7fc94e6e135d06a464be3b3c58017f568e3e26a79d27a,20260916,0.11.0,61,service,jobs,False,14,14,J000013,PREVENTIVE,OFF_ITEM,POWER#7,POWER,AIRCRAFT,,CENTER,OFF_ITEM,completed,60.7,60.7,62.400000000000006,5.0,0.0,5.0,2.0
lifecycle,e70960269eec88da76c7fc94e6e135d06a464be3b3c58017f568e3e26a79d27a,20260916,0.11.0,61,service,jobs,False,14,14,J000014,RETIREMENT,POWER_CORRECTIVE,POWER#2,POWER,AIRCRAFT,AIRCRAFT@FLEET-002,BASE,REPLACE,completed,63.0,64.5,64.85,2.5,,6.0,0.0
lifecycle,e70960269eec88da76c7fc94e6e135d06a464be3b3c58017f568e3e26a79d27a,20260916,0.11.0,62,service,jobs,False,13,13,J000001,PREVENTIVE,POWER_PREVENTIVE,POWER#3,POWER,AIRCRAFT,AIRCRAFT@FLEET-001,BASE,IN_PLACE,completed,14.5,16.5,17.900000000000006,5.0,0.0,5.0,2.0
lifecycle,e70960269eec88da76c7fc94e6e135d06a464be3b3c58017f568e3e26a79d27a,20260916,0.11.0,62,service,jobs,False,13,13,J000002,PREVENTIVE,POWER_PREVENTIVE,POWER#4,POWER,AIRCRAFT,AIRCRAFT@FLEET-002,BASE,IN_PLACE,completed,14.5,16.5,17.800000000000004,5.0,0.0,5.0,2.0
lifecycle,e70960269eec88da76c7fc94e6e135d06a464be3b3c58017f568e3e26a79d27a,20260916,0.11.0,62,service,jobs,False,13,13,J000003,PREVENTIVE,POWER_PREVENTIVE,POWER#5,POWER,AIRCRAFT,AIRCRAFT@FLEET-003,BASE,REPLACE,completed,30.5,32.5,33.300000000000004,5.0,,3.0,0.0
lifecycle,e70960269eec88da76c7fc94e6e135d06a464be3b3c58017f568e3e26a79d27a,20260916,0.11.0,62,service,jobs,False,13,13,J000004,PREVENTIVE,POWER_PREVENTIVE,POWER#6,POWER,AIRCRAFT,AIRCRAFT@FLEET-004,BASE,IN_PLACE,completed,30.5,32.5,33.400000000000006,5.0,0.0,5.0,2.0
lifecycle,e70960269eec88da76c7fc94e6e135d06a464be3b3c58017f568e3e26a79d27a,20260916,0.11.0,62,service,jobs,False,13,13,J000005,PREVENTIVE,OFF_ITEM,POWER#5,POWER,AIRCRAFT,,CENTER,OFF_ITEM,completed,32.800000000000004,32.800000000000004,34.50000000000001,5.0,0.0,5.0,2.0
lifecycle,e70960269eec88da76c7fc94e6e135d06a464be3b3c58017f568e3e26a79d27a,20260916,0.11.0,62,service,jobs,False,13,13,J000006,RETIREMENT,POWER_CORRECTIVE,POWER#3,POWER,AIRCRAFT,AIRCRAFT@FLEET-001,BASE,REPLACE,completed,35.0,36.16915699401563,36.61915699401563,2.16915699401563,,6.0,0.0
lifecycle,e70960269eec88da76c7fc94e6e135d06a464be3b3c58017f568e3e26a79d27a,20260916,0.11.0,62,service,jobs,False,13,13,J000007,RETIREMENT,POWER_CORRECTIVE,POWER#4,POWER,AIRCRAFT,AIRCRAFT@FLEET-002,BASE,REPLACE,completed,35.0,36.16915699401563,36.51915699401563,1.66915699401563,,6.0,0.0
lifecycle,e70960269eec88da76c7fc94e6e135d06a464be3b3c58017f568e3e26a79d27a,20260916,0.11.0,62,service,jobs,False,13,13,J000008,RETIREMENT,POWER_CORRECTIVE,POWER#6,POWER,AIRCRAFT,AIRCRAFT@FLEET-004,BASE,REPLACE,completed,39.0,40.5,40.85,2.5,,6.0,0.0
lifecycle,e70960269eec88da76c7fc94e6e135d06a464be3b3c58017f568e3e26a79d27a,20260916,0.11.0,62,service,jobs,False,13,13,J000009,CORRECTIVE,POWER_CORRECTIVE,POWER#7,POWER,AIRCRAFT,AIRCRAFT@FLEET-001,BASE,REPLACE,completed,55.266837419785865,55.766837419785865,56.21683741978587,1.2668374197858654,,1.2668374197858654,0.0
lifecycle,e70960269eec88da76c7fc94e6e135d06a464be3b3c58017f568e3e26a79d27a,20260916,0.11.0,62,service,jobs,False,13,13,J000010,CORRECTIVE,OFF_ITEM,POWER#7,POWER,AIRCRAFT,,CENTER,OFF_ITEM,completed,55.96683741978587,55.96683741978587,58.66683741978587,1.2668374197858654,0.0,1.7668374197858654,0.0
lifecycle,e70960269eec88da76c7fc94e6e135d06a464be3b3c58017f568e3e26a79d27a,20260916,0.11.0,62,service,jobs,False,13,13,J000011,PREVENTIVE,POWER_PREVENTIVE,POWER#1,POWER,AIRCRAFT,AIRCRAFT@FLEET-003,BASE,REPLACE,completed,58.5,60.5,60.95,5.0,,3.0,0.0
lifecycle,e70960269eec88da76c7fc94e6e135d06a464be3b3c58017f568e3e26a79d27a,20260916,0.11.0,62,service,jobs,False,13,13,J000012,PREVENTIVE,OFF_ITEM,POWER#1,POWER,AIRCRAFT,,CENTER,OFF_ITEM,completed,60.7,60.7,62.400000000000006,5.0,0.0,5.0,2.0
lifecycle,e70960269eec88da76c7fc94e6e135d06a464be3b3c58017f568e3e26a79d27a,20260916,0.11.0,62,service,jobs,False,13,13,J000013,PREVENTIVE,POWER_PREVENTIVE,POWER#2,POWER,AIRCRAFT,AIRCRAFT@FLEET-002,BASE,IN_PLACE,completed,63.233162580214135,64.5,65.19999999999999,4.266837419785865,0.0,4.266837419785865,1.2668374197858654
lifecycle,e70960269eec88da76c7fc94e6e135d06a464be3b3c58017f568e3e26a79d27a,20260916,0.11.0,63,service,jobs,False,12,12,J000001,PREVENTIVE,POWER_PREVENTIVE,POWER#3,POWER,AIRCRAFT,AIRCRAFT@FLEET-001,BASE,REPLACE,completed,14.5,16.5,17.300000000000004,5.0,,3.0,0.0
lifecycle,e70960269eec88da76c7fc94e6e135d06a464be3b3c58017f568e3e26a79d27a,20260916,0.11.0,63,service,jobs,False,12,12,J000002,PREVENTIVE,POWER_PREVENTIVE,POWER#4,POWER,AIRCRAFT,AIRCRAFT@FLEET-002,BASE,IN_PLACE,completed,14.5,16.5,17.400000000000006,5.0,0.0,5.0,2.0
lifecycle,e70960269eec88da76c7fc94e6e135d06a464be3b3c58017f568e3e26a79d27a,20260916,0.11.0,63,service,jobs,False,12,12,J000003,PREVENTIVE,OFF_ITEM,POWER#3,POWER,AIRCRAFT,,CENTER,OFF_ITEM,completed,16.800000000000004,16.800000000000004,18.500000000000007,5.0,0.0,5.0,2.0
lifecycle,e70960269eec88da76c7fc94e6e135d06a464be3b3c58017f568e3e26a79d27a,20260916,0.11.0,63,service,jobs,False,12,12,J000004,CORRECTIVE,POWER_CORRECTIVE,POWER#5,POWER,AIRCRAFT,AIRCRAFT@FLEET-003,BASE,REPLACE,completed,30.423055266542622,30.846110533085245,31.64611053308525,2.9230552665426224,,2.9230552665426224,0.0
lifecycle,e70960269eec88da76c7fc94e6e135d06a464be3b3c58017f568e3e26a79d27a,20260916,0.11.0,63,service,jobs,False,12,12,J000005,PREVENTIVE,POWER_PREVENTIVE,POWER#6,POWER,AIRCRAFT,AIRCRAFT@FLEET-004,BASE,IN_PLACE,completed,30.5,30.846110533085245,31.74611053308525,3.3461105330852448,0.0,3.3461105330852448,0.34611053308524475
lifecycle,e70960269eec88da76c7fc94e6e135d06a464be3b3c58017f568e3e26a79d27a,20260916,0.11.0,63,service,jobs,False,12,12,J000006,CORRECTIVE,OFF_ITEM,POWER#5,POWER,AIRCRAFT,,CENTER,OFF_ITEM,completed,31.14611053308525,31.14611053308525,33.84611053308525,2.9230552665426224,0.0,3.3461105330852448,0.0
lifecycle,e70960269eec88da76c7fc94e6e135d06a464be3b3c58017f568e3e26a79d27a,20260916,0.11.0,63,service,jobs,False,12,12,J000007,RETIREMENT,POWER_CORRECTIVE,POWER#4,POWER,AIRCRAFT,AIRCRAFT@FLEET-002,BASE,REPLACE,completed,35.0,36.5,36.85,2.5,,6.0,0.0
lifecycle,e70960269eec88da76c7fc94e6e135d06a464be3b3c58017f568e3e26a79d27a,20260916,0.11.0,63,service,jobs,False,12,12,J000008,PREVENTIVE,POWER_PREVENTIVE,POWER#1,POWER,AIRCRAFT,AIRCRAFT@FLEET-001,BASE,REPLACE,completed,54.5,56.5,56.95,5.0,,3.0,0.0
lifecycle,e70960269eec88da76c7fc94e6e135d06a464be3b3c58017f568e3e26a79d27a,20260916,0.11.0,63,service,jobs,False,12,12,J000009,PREVENTIVE,OFF_ITEM,POWER#1,POWER,AIRCRAFT,,CENTER,OFF_ITEM,completed,56.7,56.7,58.400000000000006,5.0,0.0,5.0,2.0
lifecycle,e70960269eec88da76c7fc94e6e135d06a464be3b3c58017f568e3e26a79d27a,20260916,0.11.0,63,service,jobs,False,12,12,J000010,RETIREMENT,POWER_CORRECTIVE,POWER#6,POWER,AIRCRAFT,AIRCRAFT@FLEET-004,BASE,REPLACE,completed,58.153889466914755,60.5,61.2,5.0,,6.0,0.0
lifecycle,e70960269eec88da76c7fc94e6e135d06a464be3b3c58017f568e3e26a79d27a,20260916,0.11.0,63,service,jobs,False,12,12,J000011,PREVENTIVE,POWER_PREVENTIVE,POWER#2,POWER,AIRCRAFT,AIRCRAFT@FLEET-003,BASE,IN_PLACE,completed,58.5,60.5,61.300000000000004,5.0,0.0,5.0,2.0
lifecycle,e70960269eec88da76c7fc94e6e135d06a464be3b3c58017f568e3e26a79d27a,20260916,0.11.0,63,service,jobs,False,12,12,J000012,PREVENTIVE,POWER_PREVENTIVE,POWER#7,POWER,AIRCRAFT,AIRCRAFT@FLEET-002,BASE,IN_PLACE,completed,62.5,64.5,65.19999999999999,5.0,0.0,5.0,2.0
lifecycle,e70960269eec88da76c7fc94e6e135d06a464be3b3c58017f568e3e26a79d27a,20260916,0.11.0,64,service,jobs,False,16,16,J000001,PREVENTIVE,POWER_PREVENTIVE,POWER#3,POWER,AIRCRAFT,AIRCRAFT@FLEET-001,BASE,REPLACE,completed,14.5,16.5,17.050000000000004,5.0,,3.0,0.0
lifecycle,e70960269eec88da76c7fc94e6e135d06a464be3b3c58017f568e3e26a79d27a,20260916,0.11.0,64,service,jobs,False,16,16,J000002,PREVENTIVE,POWER_PREVENTIVE,POWER#4,POWER,AIRCRAFT,AIRCRAFT@FLEET-002,BASE,REPLACE,completed,14.5,16.5,16.950000000000003,5.0,,3.0,0.0
lifecycle,e70960269eec88da76c7fc94e6e135d06a464be3b3c58017f568e3e26a79d27a,20260916,0.11.0,64,service,jobs,False,16,16,J000003,PREVENTIVE,OFF_ITEM,POWER#4,POWER,AIRCRAFT,,CENTER,OFF_ITEM,completed,16.700000000000003,16.700000000000003,19.000000000000007,5.0,0.0,5.0,2.0
lifecycle,e70960269eec88da76c7fc94e6e135d06a464be3b3c58017f568e3e26a79d27a,20260916,0.11.0,64,service,jobs,False,16,16,J000004,PREVENTIVE,OFF_ITEM,POWER#3,POWER,AIRCRAFT,,CENTER,OFF_ITEM,completed,16.800000000000004,16.800000000000004,19.10000000000001,5.0,0.0,5.0,2.0
lifecycle,e70960269eec88da76c7fc94e6e135d06a464be3b3c58017f568e3e26a79d27a,20260916,0.11.0,64,service,jobs,False,16,16,J000005,PREVENTIVE,POWER_PREVENTIVE,POWER#5,POWER,AIRCRAFT,AIRCRAFT@FLEET-003,BASE,REPLACE,completed,30.5,32.5,33.050000000000004,5.0,,3.0,0.0
lifecycle,e70960269eec88da76c7fc94e6e135d06a464be3b3c58017f568e3e26a79d27a,20260916,0.11.0,64,service,jobs,False,16,16,J000006,PREVENTIVE,POWER_PREVENTIVE,POWER#6,POWER,AIRCRAFT,AIRCRAFT@FLEET-004,BASE,REPLACE,completed,30.5,32.5,32.95,5.0,,3.0,0.0
lifecycle,e70960269eec88da76c7fc94e6e135d06a464be3b3c58017f568e3e26a79d27a,20260916,0.11.0,64,service,jobs,False,16,16,J000007,PREVENTIVE,OFF_ITEM,POWER#6,POWER,AIRCRAFT,,CENTER,OFF_ITEM,completed,32.7,32.7,35.00000000000001,5.0,0.0,5.0,2.0
lifecycle,e70960269eec88da76c7fc94e6e135d06a464be3b3c58017f568e3e26a79d27a,20260916,0.11.0,64,service,jobs,False,16,16,J000008,PREVENTIVE,OFF_ITEM,POWER#5,POWER,AIRCRAFT,,CENTER,OFF_ITEM,completed,32.800000000000004,32.800000000000004,35.10000000000001,5.0,0.0,5.0,2.0
lifecycle,e70960269eec88da76c7fc94e6e135d06a464be3b3c58017f568e3e26a79d27a,20260916,0.11.0,64,service,jobs,False,16,16,J000009,PREVENTIVE,POWER_PREVENTIVE,POWER#1,POWER,AIRCRAFT,AIRCRAFT@FLEET-002,BASE,REPLACE,completed,54.5,56.5,57.300000000000004,5.0,,3.0,0.0
lifecycle,e70960269eec88da76c7fc94e6e135d06a464be3b3c58017f568e3e26a79d27a,20260916,0.11.0,64,service,jobs,False,16,16,J000010,PREVENTIVE,POWER_PREVENTIVE,POWER#2,POWER,AIRCRAFT,AIRCRAFT@FLEET-001,BASE,IN_PLACE,completed,54.5,56.5,57.400000000000006,5.0,0.0,5.0,2.0
lifecycle,e70960269eec88da76c7fc94e6e135d06a464be3b3c58017f568e3e26a79d27a,20260916,0.11.0,64,service,jobs,False,16,16,J000011,PREVENTIVE,OFF_ITEM,POWER#1,POWER,AIRCRAFT,,CENTER,OFF_ITEM,completed,56.800000000000004,56.800000000000004,58.50000000000001,5.0,0.0,5.0,2.0
lifecycle,e70960269eec88da76c7fc94e6e135d06a464be3b3c58017f568e3e26a79d27a,20260916,0.11.0,64,service,jobs,False,16,16,J000012,PREVENTIVE,POWER_PREVENTIVE,POWER#7,POWER,AIRCRAFT,AIRCRAFT@FLEET-004,BASE,REPLACE,completed,58.5,60.5,61.300000000000004,5.0,,3.0,0.0
lifecycle,e70960269eec88da76c7fc94e6e135d06a464be3b3c58017f568e3e26a79d27a,20260916,0.11.0,64,service,jobs,False,16,16,J000013,PREVENTIVE,POWER_PREVENTIVE,POWER#8,POWER,AIRCRAFT,AIRCRAFT@FLEET-003,BASE,IN_PLACE,completed,58.5,60.5,61.400000000000006,5.0,0.0,5.0,2.0
lifecycle,e70960269eec88da76c7fc94e6e135d06a464be3b3c58017f568e3e26a79d27a,20260916,0.11.0,64,service,jobs,False,16,16,J000014,PREVENTIVE,OFF_ITEM,POWER#7,POWER,AIRCRAFT,,CENTER,OFF_ITEM,completed,60.800000000000004,60.800000000000004,62.50000000000001,5.0,0.0,5.0,2.0
lifecycle,e70960269eec88da76c7fc94e6e135d06a464be3b3c58017f568e3e26a79d27a,20260916,0.11.0,64,service,jobs,False,16,16,J000015,CORRECTIVE,POWER_CORRECTIVE,POWER#9,POWER,AIRCRAFT,AIRCRAFT@FLEET-002,BASE,IN_PLACE,completed,62.91891015391843,63.41891015391843,65.21891015391842,0.9189101539184321,0.0,1.4189101539184321,0.0
lifecycle,e70960269eec88da76c7fc94e6e135d06a464be3b3c58017f568e3e26a79d27a,20260916,0.11.0,64,service,jobs,False,16,16,J000016,RETIREMENT,POWER_CORRECTIVE,POWER#2,POWER,AIRCRAFT,AIRCRAFT@FLEET-001,BASE,REPLACE,completed,63.0,63.41891015391843,65.11891015391842,1.4189101539184321,,6.0,0.0
lifecycle,e70960269eec88da76c7fc94e6e135d06a464be3b3c58017f568e3e26a79d27a,20260916,0.11.0,65,service,jobs,False,16,16,J000001,PREVENTIVE,POWER_PREVENTIVE,POWER#3,POWER,AIRCRAFT,AIRCRAFT@FLEET-001,BASE,REPLACE,completed,14.5,16.5,17.050000000000004,5.0,,3.0,0.0
lifecycle,e70960269eec88da76c7fc94e6e135d06a464be3b3c58017f568e3e26a79d27a,20260916,0.11.0,65,service,jobs,False,16,16,J000002,PREVENTIVE,POWER_PREVENTIVE,POWER#4,POWER,AIRCRAFT,AIRCRAFT@FLEET-002,BASE,REPLACE,completed,14.5,16.5,16.950000000000003,5.0,,3.0,0.0
lifecycle,e70960269eec88da76c7fc94e6e135d06a464be3b3c58017f568e3e26a79d27a,20260916,0.11.0,65,service,jobs,False,16,16,J000003,PREVENTIVE,OFF_ITEM,POWER#4,POWER,AIRCRAFT,,CENTER,OFF_ITEM,completed,16.700000000000003,16.700000000000003,19.000000000000007,5.0,0.0,5.0,2.0
lifecycle,e70960269eec88da76c7fc94e6e135d06a464be3b3c58017f568e3e26a79d27a,20260916,0.11.0,65,service,jobs,False,16,16,J000004,PREVENTIVE,OFF_ITEM,POWER#3,POWER,AIRCRAFT,,CENTER,OFF_ITEM,completed,16.800000000000004,16.800000000000004,19.10000000000001,5.0,0.0,5.0,2.0
lifecycle,e70960269eec88da76c7fc94e6e135d06a464be3b3c58017f568e3e26a79d27a,20260916,0.11.0,65,service,jobs,False,16,16,J000005,PREVENTIVE,POWER_PREVENTIVE,POWER#5,POWER,AIRCRAFT,AIRCRAFT@FLEET-003,BASE,REPLACE,completed,30.5,32.5,33.050000000000004,5.0,,3.0,0.0
lifecycle,e70960269eec88da76c7fc94e6e135d06a464be3b3c58017f568e3e26a79d27a,20260916,0.11.0,65,service,jobs,False,16,16,J000006,PREVENTIVE,POWER_PREVENTIVE,POWER#6,POWER,AIRCRAFT,AIRCRAFT@FLEET-004,BASE,REPLACE,completed,30.5,32.5,32.95,5.0,,3.0,0.0
lifecycle,e70960269eec88da76c7fc94e6e135d06a464be3b3c58017f568e3e26a79d27a,20260916,0.11.0,65,service,jobs,False,16,16,J000007,PREVENTIVE,OFF_ITEM,POWER#6,POWER,AIRCRAFT,,CENTER,OFF_ITEM,completed,32.7,32.7,35.00000000000001,5.0,0.0,5.0,2.0
lifecycle,e70960269eec88da76c7fc94e6e135d06a464be3b3c58017f568e3e26a79d27a,20260916,0.11.0,65,service,jobs,False,16,16,J000008,PREVENTIVE,OFF_ITEM,POWER#5,POWER,AIRCRAFT,,CENTER,OFF_ITEM,completed,32.800000000000004,32.800000000000004,35.10000000000001,5.0,0.0,5.0,2.0
lifecycle,e70960269eec88da76c7fc94e6e135d06a464be3b3c58017f568e3e26a79d27a,20260916,0.11.0,65,service,jobs,False,16,16,J000009,PREVENTIVE,POWER_PREVENTIVE,POWER#1,POWER,AIRCRAFT,AIRCRAFT@FLEET-002,BASE,IN_PLACE,completed,54.5,56.5,57.400000000000006,5.0,0.0,5.0,2.0
lifecycle,e70960269eec88da76c7fc94e6e135d06a464be3b3c58017f568e3e26a79d27a,20260916,0.11.0,65,service,jobs,False,16,16,J000010,PREVENTIVE,POWER_PREVENTIVE,POWER#2,POWER,AIRCRAFT,AIRCRAFT@FLEET-001,BASE,REPLACE,completed,54.5,56.5,57.300000000000004,5.0,,3.0,0.0
lifecycle,e70960269eec88da76c7fc94e6e135d06a464be3b3c58017f568e3e26a79d27a,20260916,0.11.0,65,service,jobs,False,16,16,J000011,PREVENTIVE,OFF_ITEM,POWER#2,POWER,AIRCRAFT,,CENTER,OFF_ITEM,completed,56.7,56.7,58.400000000000006,5.0,0.0,5.0,2.0
lifecycle,e70960269eec88da76c7fc94e6e135d06a464be3b3c58017f568e3e26a79d27a,20260916,0.11.0,65,service,jobs,False,16,16,J000012,PREVENTIVE,POWER_PREVENTIVE,POWER#7,POWER,AIRCRAFT,AIRCRAFT@FLEET-004,BASE,REPLACE,completed,58.5,60.5,61.050000000000004,5.0,,3.0,0.0
lifecycle,e70960269eec88da76c7fc94e6e135d06a464be3b3c58017f568e3e26a79d27a,20260916,0.11.0,65,service,jobs,False,16,16,J000013,PREVENTIVE,POWER_PREVENTIVE,POWER#8,POWER,AIRCRAFT,AIRCRAFT@FLEET-003,BASE,REPLACE,completed,58.5,60.5,60.95,5.0,,3.0,0.0
lifecycle,e70960269eec88da76c7fc94e6e135d06a464be3b3c58017f568e3e26a79d27a,20260916,0.11.0,65,service,jobs,False,16,16,J000014,PREVENTIVE,OFF_ITEM,POWER#8,POWER,AIRCRAFT,,CENTER,OFF_ITEM,completed,60.7,60.7,63.00000000000001,5.0,0.0,5.0,2.0
lifecycle,e70960269eec88da76c7fc94e6e135d06a464be3b3c58017f568e3e26a79d27a,20260916,0.11.0,65,service,jobs,False,16,16,J000015,PREVENTIVE,OFF_ITEM,POWER#7,POWER,AIRCRAFT,,CENTER,OFF_ITEM,completed,60.800000000000004,60.800000000000004,63.10000000000001,5.0,0.0,5.0,2.0
lifecycle,e70960269eec88da76c7fc94e6e135d06a464be3b3c58017f568e3e26a79d27a,20260916,0.11.0,65,service,jobs,False,16,16,J000016,RETIREMENT,POWER_CORRECTIVE,POWER#1,POWER,AIRCRAFT,AIRCRAFT@FLEET-002,BASE,REPLACE,completed,63.0,64.5,64.85,2.5,,6.0,0.0
lifecycle,e70960269eec88da76c7fc94e6e135d06a464be3b3c58017f568e3e26a79d27a,20260916,0.11.0,66,service,jobs,False,14,14,J000001,PREVENTIVE,POWER_PREVENTIVE,POWER#3,POWER,AIRCRAFT,AIRCRAFT@FLEET-001,BASE,IN_PLACE,completed,14.5,16.5,17.900000000000006,5.0,0.0,5.0,2.0
lifecycle,e70960269eec88da76c7fc94e6e135d06a464be3b3c58017f568e3e26a79d27a,20260916,0.11.0,66,service,jobs,False,14,14,J000002,PREVENTIVE,POWER_PREVENTIVE,POWER#4,POWER,AIRCRAFT,AIRCRAFT@FLEET-002,BASE,IN_PLACE,completed,14.5,16.5,17.800000000000004,5.0,0.0,5.0,2.0
lifecycle,e70960269eec88da76c7fc94e6e135d06a464be3b3c58017f568e3e26a79d27a,20260916,0.11.0,66,service,jobs,False,14,14,J000003,PREVENTIVE,POWER_PREVENTIVE,POWER#5,POWER,AIRCRAFT,AIRCRAFT@FLEET-003,BASE,REPLACE,completed,30.5,32.5,33.050000000000004,5.0,,3.0,0.0
lifecycle,e70960269eec88da76c7fc94e6e135d06a464be3b3c58017f568e3e26a79d27a,20260916,0.11.0,66,service,jobs,False,14,14,J000004,PREVENTIVE,POWER_PREVENTIVE,POWER#6,POWER,AIRCRAFT,AIRCRAFT@FLEET-004,BASE,REPLACE,completed,30.5,32.5,32.95,5.0,,3.0,0.0
lifecycle,e70960269eec88da76c7fc94e6e135d06a464be3b3c58017f568e3e26a79d27a,20260916,0.11.0,66,service,jobs,False,14,14,J000005,PREVENTIVE,OFF_ITEM,POWER#6,POWER,AIRCRAFT,,CENTER,OFF_ITEM,completed,32.7,32.7,35.00000000000001,5.0,0.0,5.0,2.0
lifecycle,e70960269eec88da76c7fc94e6e135d06a464be3b3c58017f568e3e26a79d27a,20260916,0.11.0,66,service,jobs,False,14,14,J000006,PREVENTIVE,OFF_ITEM,POWER#5,POWER,AIRCRAFT,,CENTER,OFF_ITEM,completed,32.800000000000004,32.800000000000004,35.10000000000001,5.0,0.0,5.0,2.0
lifecycle,e70960269eec88da76c7fc94e6e135d06a464be3b3c58017f568e3e26a79d27a,20260916,0.11.0,66,service,jobs,False,14,14,J000007,RETIREMENT,POWER_CORRECTIVE,POWER#3,POWER,AIRCRAFT,AIRCRAFT@FLEET-001,BASE,REPLACE,completed,35.0,36.5,36.95,2.5,,6.0,0.0
lifecycle,e70960269eec88da76c7fc94e6e135d06a464be3b3c58017f568e3e26a79d27a,20260916,0.11.0,66,service,jobs,False,14,14,J000008,RETIREMENT,POWER_CORRECTIVE,POWER#4,POWER,AIRCRAFT,AIRCRAFT@FLEET-002,BASE,REPLACE,completed,35.0,36.5,36.85,2.5,,6.0,0.0
lifecycle,e70960269eec88da76c7fc94e6e135d06a464be3b3c58017f568e3e26a79d27a,20260916,0.11.0,66,service,jobs,False,14,14,J000009,CORRECTIVE,POWER_CORRECTIVE,POWER#8,POWER,AIRCRAFT,AIRCRAFT@FLEET-001,BASE,IN_PLACE,completed,54.889916258858555,55.389916258858555,57.08991625885856,0.8899162588585554,0.0,1.3899162588585554,0.0
lifecycle,e70960269eec88da76c7fc94e6e135d06a464be3b3c58017f568e3e26a79d27a,20260916,0.11.0,66,service,jobs,False,14,14,J000010,PREVENTIVE,POWER_PREVENTIVE,POWER#1,POWER,AIRCRAFT,AIRCRAFT@FLEET-004,BASE,REPLACE,completed,58.5,60.5,61.300000000000004,5.0,,3.0,0.0
lifecycle,e70960269eec88da76c7fc94e6e135d06a464be3b3c58017f568e3e26a79d27a,20260916,0.11.0,66,service,jobs,False,14,14,J000011,PREVENTIVE,POWER_PREVENTIVE,POWER#2,POWER,AIRCRAFT,AIRCRAFT@FLEET-003,BASE,IN_PLACE,completed,58.5,60.5,61.400000000000006,5.0,0.0,5.0,2.0
lifecycle,e70960269eec88da76c7fc94e6e135d06a464be3b3c58017f568e3e26a79d27a,20260916,0.11.0,66,service,jobs,False,14,14,J000012,PREVENTIVE,OFF_ITEM,POWER#1,POWER,AIRCRAFT,,CENTER,OFF_ITEM,completed,60.800000000000004,60.800000000000004,62.50000000000001,5.0,0.0,5.0,2.0
lifecycle,e70960269eec88da76c7fc94e6e135d06a464be3b3c58017f568e3e26a79d27a,20260916,0.11.0,66,service,jobs,False,14,14,J000013,PREVENTIVE,POWER_PREVENTIVE,POWER#7,POWER,AIRCRAFT,AIRCRAFT@FLEET-002,BASE,REPLACE,completed,63.610083741141445,64.5,64.94999999999999,3.8899162588585554,,3.0,0.0
lifecycle,e70960269eec88da76c7fc94e6e135d06a464be3b3c58017f568e3e26a79d27a,20260916,0.11.0,66,service,jobs,False,14,14,J000014,PREVENTIVE,OFF_ITEM,POWER#7,POWER,AIRCRAFT,,CENTER,OFF_ITEM,completed,64.69999999999999,64.69999999999999,66.39999999999998,3.8899162588585554,0.0,3.8899162588585554,0.8899162588585554
lifecycle,e70960269eec88da76c7fc94e6e135d06a464be3b3c58017f568e3e26a79d27a,20260916,0.11.0,67,service,jobs,False,13,13,J000001,PREVENTIVE,POWER_PREVENTIVE,POWER#3,POWER,AIRCRAFT,AIRCRAFT@FLEET-001,BASE,REPLACE,completed,14.5,16.5,17.300000000000004,5.0,,3.0,0.0
lifecycle,e70960269eec88da76c7fc94e6e135d06a464be3b3c58017f568e3e26a79d27a,20260916,0.11.0,67,service,jobs,False,13,13,J000002,PREVENTIVE,POWER_PREVENTIVE,POWER#4,POWER,AIRCRAFT,AIRCRAFT@FLEET-002,BASE,IN_PLACE,completed,14.5,16.5,17.400000000000006,5.0,0.0,5.0,2.0
lifecycle,e70960269eec88da76c7fc94e6e135d06a464be3b3c58017f568e3e26a79d27a,20260916,0.11.0,67,service,jobs,False,13,13,J000003,PREVENTIVE,OFF_ITEM,POWER#3,POWER,AIRCRAFT,,CENTER,OFF_ITEM,completed,16.800000000000004,16.800000000000004,18.500000000000007,5.0,0.0,5.0,2.0
lifecycle,e70960269eec88da76c7fc94e6e135d06a464be3b3c58017f568e3e26a79d27a,20260916,0.11.0,67,service,jobs,False,13,13,J000004,CORRECTIVE,POWER_CORRECTIVE,POWER#5,POWER,AIRCRAFT,AIRCRAFT@FLEET-003,BASE,IN_PLACE,completed,30.039950574700857,30.079901149401714,31.779901149401717,2.539950574700857,0.0,2.5799011494017137,0.0
lifecycle,e70960269eec88da76c7fc94e6e135d06a464be3b3c58017f568e3e26a79d27a,20260916,0.11.0,67,service,jobs,False,13,13,J000005,RETIREMENT,POWER_CORRECTIVE,POWER#4,POWER,AIRCRAFT,AIRCRAFT@FLEET-002,BASE,REPLACE,completed,35.0,36.5,36.85,2.5,,6.0,0.0
lifecycle,e70960269eec88da76c7fc94e6e135d06a464be3b3c58017f568e3e26a79d27a,20260916,0.11.0,67,service,jobs,False,13,13,J000006,PREVENTIVE,POWER_PREVENTIVE,POWER#6,POWER,AIRCRAFT,AIRCRAFT@FLEET-004,BASE,IN_PLACE,completed,38.420098850598286,40.5,41.2,5.079901149401714,0.0,5.079901149401714,2.0799011494017137
lifecycle,e70960269eec88da76c7fc94e6e135d06a464be3b3c58017f568e3e26a79d27a,20260916,0.11.0,67,service,jobs,False,13,13,J000007,PREVENTIVE,POWER_PREVENTIVE,POWER#1,POWER,AIRCRAFT,AIRCRAFT@FLEET-001,BASE,REPLACE,completed,54.5,56.5,56.95,5.0,,3.0,0.0
lifecycle,e70960269eec88da76c7fc94e6e135d06a464be3b3c58017f568e3e26a79d27a,20260916,0.11.0,67,service,jobs,False,13,13,J000008,PREVENTIVE,OFF_ITEM,POWER#1,POWER,AIRCRAFT,,CENTER,OFF_ITEM,completed,56.7,56.7,58.400000000000006,5.0,0.0,5.0,2.0
lifecycle,e70960269eec88da76c7fc94e6e135d06a464be3b3c58017f568e3e26a79d27a,20260916,0.11.0,67,service,jobs,False,13,13,J000009,PREVENTIVE,POWER_PREVENTIVE,POWER#5,POWER,AIRCRAFT,AIRCRAFT@FLEET-003,BASE,IN_PLACE,cancelled_retirement,58.5,,58.920098850598286,3.0,,5.579901149401714,0.0
lifecycle,e70960269eec88da76c7fc94e6e135d06a464be3b3c58017f568e3e26a79d27a,20260916,0.11.0,67,service,jobs,False,13,13,J000010,RETIREMENT,POWER_CORRECTIVE,POWER#5,POWER,AIRCRAFT,AIRCRAFT@FLEET-003,BASE,REPLACE,completed,58.920098850598286,60.5,60.95,5.0,,6.0,0.0
lifecycle,e70960269eec88da76c7fc94e6e135d06a464be3b3c58017f568e3e26a79d27a,20260916,0.11.0,67,service,jobs,False,13,13,J000011,RETIREMENT,POWER_CORRECTIVE,POWER#6,POWER,AIRCRAFT,AIRCRAFT@FLEET-004,BASE,REPLACE,completed,58.920098850598286,60.5,60.85,2.5,,6.0,0.0
lifecycle,e70960269eec88da76c7fc94e6e135d06a464be3b3c58017f568e3e26a79d27a,20260916,0.11.0,67,service,jobs,False,13,13,J000012,PREVENTIVE,POWER_PREVENTIVE,POWER#2,POWER,AIRCRAFT,AIRCRAFT@FLEET-002,BASE,REPLACE,completed,62.5,64.5,64.94999999999999,5.0,,3.0,0.0
lifecycle,e70960269eec88da76c7fc94e6e135d06a464be3b3c58017f568e3e26a79d27a,20260916,0.11.0,67,service,jobs,False,13,13,J000013,PREVENTIVE,OFF_ITEM,POWER#2,POWER,AIRCRAFT,,CENTER,OFF_ITEM,completed,64.69999999999999,64.69999999999999,66.39999999999998,5.0,0.0,5.0,2.0
lifecycle,e70960269eec88da76c7fc94e6e135d06a464be3b3c58017f568e3e26a79d27a,20260916,0.11.0,68,service,jobs,False,15,15,J000001,PREVENTIVE,POWER_PREVENTIVE,POWER#3,POWER,AIRCRAFT,AIRCRAFT@FLEET-001,BASE,IN_PLACE,completed,14.5,16.5,17.400000000000006,5.0,0.0,5.0,2.0
lifecycle,e70960269eec88da76c7fc94e6e135d06a464be3b3c58017f568e3e26a79d27a,20260916,0.11.0,68,service,jobs,False,15,15,J000002,PREVENTIVE,POWER_PREVENTIVE,POWER#4,POWER,AIRCRAFT,AIRCRAFT@FLEET-002,BASE,REPLACE,completed,14.5,16.5,17.300000000000004,5.0,,3.0,0.0
lifecycle,e70960269eec88da76c7fc94e6e135d06a464be3b3c58017f568e3e26a79d27a,20260916,0.11.0,68,service,jobs,False,15,15,J000003,PREVENTIVE,OFF_ITEM,POWER#4,POWER,AIRCRAFT,,CENTER,OFF_ITEM,completed,16.700000000000003,16.700000000000003,18.400000000000006,5.0,0.0,5.0,2.0
lifecycle,e70960269eec88da76c7fc94e6e135d06a464be3b3c58017f568e3e26a79d27a,20260916,0.11.0,68,service,jobs,False,15,15,J000004,PREVENTIVE,POWER_PREVENTIVE,POWER#5,POWER,AIRCRAFT,AIRCRAFT@FLEET-003,BASE,REPLACE,completed,30.5,32.5,33.050000000000004,5.0,,3.0,0.0
lifecycle,e70960269eec88da76c7fc94e6e135d06a464be3b3c58017f568e3e26a79d27a,20260916,0.11.0,68,service,jobs,False,15,15,J000005,PREVENTIVE,POWER_PREVENTIVE,POWER#6,POWER,AIRCRAFT,AIRCRAFT@FLEET-004,BASE,REPLACE,completed,30.5,32.5,32.95,5.0,,3.0,0.0
lifecycle,e70960269eec88da76c7fc94e6e135d06a464be3b3c58017f568e3e26a79d27a,20260916,0.11.0,68,service,jobs,False,15,15,J000006,PREVENTIVE,OFF_ITEM,POWER#6,POWER,AIRCRAFT,,CENTER,OFF_ITEM,completed,32.7,32.7,35.00000000000001,5.0,0.0,5.0,2.0
lifecycle,e70960269eec88da76c7fc94e6e135d06a464be3b3c58017f568e3e26a79d27a,20260916,0.11.0,68,service,jobs,False,15,15,J000007,PREVENTIVE,OFF_ITEM,POWER#5,POWER,AIRCRAFT,,CENTER,OFF_ITEM,completed,32.800000000000004,32.800000000000004,35.10000000000001,5.0,0.0,5.0,2.0
lifecycle,e70960269eec88da76c7fc94e6e135d06a464be3b3c58017f568e3e26a79d27a,20260916,0.11.0,68,service,jobs,False,15,15,J000008,RETIREMENT,POWER_CORRECTIVE,POWER#3,POWER,AIRCRAFT,AIRCRAFT@FLEET-001,BASE,REPLACE,completed,35.0,36.5,36.85,2.5,,6.0,0.0
lifecycle,e70960269eec88da76c7fc94e6e135d06a464be3b3c58017f568e3e26a79d27a,20260916,0.11.0,68,service,jobs,False,15,15,J000009,CORRECTIVE,POWER_CORRECTIVE,POWER#2,POWER,AIRCRAFT,AIRCRAFT@FLEET-004,BASE,IN_PLACE,completed,38.78350993475855,39.28350993475855,40.98350993475855,0.7835099347585484,0.0,1.2835099347585484,0.0
lifecycle,e70960269eec88da76c7fc94e6e135d06a464be3b3c58017f568e3e26a79d27a,20260916,0.11.0,68,service,jobs,False,15,15,J000010,PREVENTIVE,POWER_PREVENTIVE,POWER#1,POWER,AIRCRAFT,AIRCRAFT@FLEET-002,BASE,REPLACE,completed,54.5,56.5,56.95,5.0,,3.0,0.0
lifecycle,e70960269eec88da76c7fc94e6e135d06a464be3b3c58017f568e3e26a79d27a,20260916,0.11.0,68,service,jobs,False,15,15,J000011,PREVENTIVE,OFF_ITEM,POWER#1,POWER,AIRCRAFT,,CENTER,OFF_ITEM,completed,56.7,56.7,58.400000000000006,5.0,0.0,5.0,2.0
lifecycle,e70960269eec88da76c7fc94e6e135d06a464be3b3c58017f568e3e26a79d27a,20260916,0.11.0,68,service,jobs,False,15,15,J000012,PREVENTIVE,POWER_PREVENTIVE,POWER#7,POWER,AIRCRAFT,AIRCRAFT@FLEET-003,BASE,REPLACE,completed,59.71649006524145,60.5,60.95,3.7835099347585484,,3.0,0.0
lifecycle,e70960269eec88da76c7fc94e6e135d06a464be3b3c58017f568e3e26a79d27a,20260916,0.11.0,68,service,jobs,False,15,15,J000013,PREVENTIVE,OFF_ITEM,POWER#7,POWER,AIRCRAFT,,CENTER,OFF_ITEM,completed,60.7,60.7,62.400000000000006,3.7835099347585484,0.0,3.7835099347585484,0.7835099347585484
lifecycle,e70960269eec88da76c7fc94e6e135d06a464be3b3c58017f568e3e26a79d27a,20260916,0.11.0,68,service,jobs,False,15,15,J000014,PREVENTIVE,POWER_PREVENTIVE,POWER#8,POWER,AIRCRAFT,AIRCRAFT@FLEET-001,BASE,REPLACE,completed,62.5,64.5,64.94999999999999,5.0,,3.0,0.0
lifecycle,e70960269eec88da76c7fc94e6e135d06a464be3b3c58017f568e3e26a79d27a,20260916,0.11.0,68,service,jobs,False,15,15,J000015,PREVENTIVE,OFF_ITEM,POWER#8,POWER,AIRCRAFT,,CENTER,OFF_ITEM,completed,64.69999999999999,64.69999999999999,66.39999999999998,5.0,0.0,5.0,2.0
lifecycle,e70960269eec88da76c7fc94e6e135d06a464be3b3c58017f568e3e26a79d27a,20260916,0.11.0,69,service,jobs,False,14,14,J000001,PREVENTIVE,POWER_PREVENTIVE,POWER#3,POWER,AIRCRAFT,AIRCRAFT@FLEET-001,BASE,REPLACE,completed,14.5,16.5,17.300000000000004,5.0,,3.0,0.0
lifecycle,e70960269eec88da76c7fc94e6e135d06a464be3b3c58017f568e3e26a79d27a,20260916,0.11.0,69,service,jobs,False,14,14,J000002,PREVENTIVE,POWER_PREVENTIVE,POWER#4,POWER,AIRCRAFT,AIRCRAFT@FLEET-002,BASE,IN_PLACE,completed,14.5,16.5,17.400000000000006,5.0,0.0,5.0,2.0
lifecycle,e70960269eec88da76c7fc94e6e135d06a464be3b3c58017f568e3e26a79d27a,20260916,0.11.0,69,service,jobs,False,14,14,J000003,PREVENTIVE,OFF_ITEM,POWER#3,POWER,AIRCRAFT,,CENTER,OFF_ITEM,completed,16.800000000000004,16.800000000000004,18.500000000000007,5.0,0.0,5.0,2.0
lifecycle,e70960269eec88da76c7fc94e6e135d06a464be3b3c58017f568e3e26a79d27a,20260916,0.11.0,69,service,jobs,False,14,14,J000004,PREVENTIVE,POWER_PREVENTIVE,POWER#5,POWER,AIRCRAFT,AIRCRAFT@FLEET-003,BASE,REPLACE,completed,30.5,32.5,33.050000000000004,5.0,,3.0,0.0
lifecycle,e70960269eec88da76c7fc94e6e135d06a464be3b3c58017f568e3e26a79d27a,20260916,0.11.0,69,service,jobs,False,14,14,J000005,PREVENTIVE,POWER_PREVENTIVE,POWER#6,POWER,AIRCRAFT,AIRCRAFT@FLEET-004,BASE,REPLACE,completed,30.5,32.5,32.95,5.0,,3.0,0.0
lifecycle,e70960269eec88da76c7fc94e6e135d06a464be3b3c58017f568e3e26a79d27a,20260916,0.11.0,69,service,jobs,False,14,14,J000006,PREVENTIVE,OFF_ITEM,POWER#6,POWER,AIRCRAFT,,CENTER,OFF_ITEM,completed,32.7,32.7,35.00000000000001,5.0,0.0,5.0,2.0
lifecycle,e70960269eec88da76c7fc94e6e135d06a464be3b3c58017f568e3e26a79d27a,20260916,0.11.0,69,service,jobs,False,14,14,J000007,PREVENTIVE,OFF_ITEM,POWER#5,POWER,AIRCRAFT,,CENTER,OFF_ITEM,completed,32.800000000000004,32.800000000000004,35.10000000000001,5.0,0.0,5.0,2.0
lifecycle,e70960269eec88da76c7fc94e6e135d06a464be3b3c58017f568e3e26a79d27a,20260916,0.11.0,69,service,jobs,False,14,14,J000008,RETIREMENT,POWER_CORRECTIVE,POWER#4,POWER,AIRCRAFT,AIRCRAFT@FLEET-002,BASE,REPLACE,completed,35.0,36.5,36.85,2.5,,6.0,0.0
lifecycle,e70960269eec88da76c7fc94e6e135d06a464be3b3c58017f568e3e26a79d27a,20260916,0.11.0,69,service,jobs,False,14,14,J000009,CORRECTIVE,POWER_CORRECTIVE,POWER#2,POWER,AIRCRAFT,AIRCRAFT@FLEET-004,BASE,REPLACE,completed,38.08002828021409,38.160056560428174,38.61005656042818,0.08002828021408703,,0.08002828021408703,0.0
lifecycle,e70960269eec88da76c7fc94e6e135d06a464be3b3c58017f568e3e26a79d27a,20260916,0.11.0,69,service,jobs,False,14,14,J000010,CORRECTIVE,OFF_ITEM,POWER#2,POWER,AIRCRAFT,,CENTER,OFF_ITEM,completed,38.36005656042818,38.36005656042818,41.06005656042818,0.08002828021408703,0.0,0.16005656042817407,0.0
lifecycle,e70960269eec88da76c7fc94e6e135d06a464be3b3c58017f568e3e26a79d27a,20260916,0.11.0,69,service,jobs,False,14,14,J000011,PREVENTIVE,POWER_PREVENTIVE,POWER#1,POWER,AIRCRAFT,AIRCRAFT@FLEET-001,BASE,REPLACE,completed,54.5,56.5,56.95,5.0,,3.0,0.0
lifecycle,e70960269eec88da76c7fc94e6e135d06a464be3b3c58017f568e3e26a79d27a,20260916,0.11.0,69,service,jobs,False,14,14,J000012,PREVENTIVE,OFF_ITEM,POWER#1,POWER,AIRCRAFT,,CENTER,OFF_ITEM,completed,56.7,56.7,58.400000000000006,5.0,0.0,5.0,2.0
lifecycle,e70960269eec88da76c7fc94e6e135d06a464be3b3c58017f568e3e26a79d27a,20260916,0.11.0,69,service,jobs,False,14,14,J000013,PREVENTIVE,POWER_PREVENTIVE,POWER#8,POWER,AIRCRAFT,AIRCRAFT@FLEET-002,BASE,REPLACE,completed,62.5,64.5,64.94999999999999,5.0,,3.0,0.0
lifecycle,e70960269eec88da76c7fc94e6e135d06a464be3b3c58017f568e3e26a79d27a,20260916,0.11.0,69,service,jobs,False,14,14,J000014,PREVENTIVE,OFF_ITEM,POWER#8,POWER,AIRCRAFT,,CENTER,OFF_ITEM,completed,64.69999999999999,64.69999999999999,66.39999999999998,5.0,0.0,5.0,2.0
lifecycle,e70960269eec88da76c7fc94e6e135d06a464be3b3c58017f568e3e26a79d27a,20260916,0.11.0,70,service,jobs,False,12,12,J000001,PREVENTIVE,POWER_PREVENTIVE,POWER#3,POWER,AIRCRAFT,AIRCRAFT@FLEET-001,BASE,REPLACE,completed,14.5,16.5,17.050000000000004,5.0,,3.0,0.0
lifecycle,e70960269eec88da76c7fc94e6e135d06a464be3b3c58017f568e3e26a79d27a,20260916,0.11.0,70,service,jobs,False,12,12,J000002,PREVENTIVE,POWER_PREVENTIVE,POWER#4,POWER,AIRCRAFT,AIRCRAFT@FLEET-002,BASE,REPLACE,completed,14.5,16.5,16.950000000000003,5.0,,3.0,0.0
lifecycle,e70960269eec88da76c7fc94e6e135d06a464be3b3c58017f568e3e26a79d27a,20260916,0.11.0,70,service,jobs,False,12,12,J000003,PREVENTIVE,OFF_ITEM,POWER#4,POWER,AIRCRAFT,,CENTER,OFF_ITEM,completed,16.700000000000003,16.700000000000003,19.000000000000007,5.0,0.0,5.0,2.0
lifecycle,e70960269eec88da76c7fc94e6e135d06a464be3b3c58017f568e3e26a79d27a,20260916,0.11.0,70,service,jobs,False,12,12,J000004,PREVENTIVE,OFF_ITEM,POWER#3,POWER,AIRCRAFT,,CENTER,OFF_ITEM,completed,16.800000000000004,16.800000000000004,19.10000000000001,5.0,0.0,5.0,2.0
lifecycle,e70960269eec88da76c7fc94e6e135d06a464be3b3c58017f568e3e26a79d27a,20260916,0.11.0,70,service,jobs,False,12,12,J000005,PREVENTIVE,POWER_PREVENTIVE,POWER#5,POWER,AIRCRAFT,AIRCRAFT@FLEET-003,BASE,IN_PLACE,completed,30.5,32.5,33.900000000000006,5.0,0.0,5.0,2.0
lifecycle,e70960269eec88da76c7fc94e6e135d06a464be3b3c58017f568e3e26a79d27a,20260916,0.11.0,70,service,jobs,False,12,12,J000006,PREVENTIVE,POWER_PREVENTIVE,POWER#6,POWER,AIRCRAFT,AIRCRAFT@FLEET-004,BASE,IN_PLACE,completed,30.5,32.5,33.800000000000004,5.0,0.0,5.0,2.0
lifecycle,e70960269eec88da76c7fc94e6e135d06a464be3b3c58017f568e3e26a79d27a,20260916,0.11.0,70,service,jobs,False,12,12,J000007,RETIREMENT,POWER_CORRECTIVE,POWER#5,POWER,AIRCRAFT,AIRCRAFT@FLEET-003,BASE,REPLACE,completed,39.0,40.5,40.95,2.5,,6.0,0.0
lifecycle,e70960269eec88da76c7fc94e6e135d06a464be3b3c58017f568e3e26a79d27a,20260916,0.11.0,70,service,jobs,False,12,12,J000008,RETIREMENT,POWER_CORRECTIVE,POWER#6,POWER,AIRCRAFT,AIRCRAFT@FLEET-004,BASE,REPLACE,completed,39.0,40.5,40.85,2.5,,6.0,0.0
lifecycle,e70960269eec88da76c7fc94e6e135d06a464be3b3c58017f568e3e26a79d27a,20260916,0.11.0,70,service,jobs,False,12,12,J000009,PREVENTIVE,POWER_PREVENTIVE,POWER#1,POWER,AIRCRAFT,AIRCRAFT@FLEET-002,BASE,REPLACE,completed,54.5,56.5,57.300000000000004,5.0,,3.0,0.0
lifecycle,e70960269eec88da76c7fc94e6e135d06a464be3b3c58017f568e3e26a79d27a,20260916,0.11.0,70,service,jobs,False,12,12,J000010,PREVENTIVE,POWER_PREVENTIVE,POWER#2,POWER,AIRCRAFT,AIRCRAFT@FLEET-001,BASE,IN_PLACE,completed,54.5,56.5,57.400000000000006,5.0,0.0,5.0,2.0
lifecycle,e70960269eec88da76c7fc94e6e135d06a464be3b3c58017f568e3e26a79d27a,20260916,0.11.0,70,service,jobs,False,12,12,J000011,PREVENTIVE,OFF_ITEM,POWER#1,POWER,AIRCRAFT,,CENTER,OFF_ITEM,completed,56.800000000000004,56.800000000000004,58.50000000000001,5.0,0.0,5.0,2.0
lifecycle,e70960269eec88da76c7fc94e6e135d06a464be3b3c58017f568e3e26a79d27a,20260916,0.11.0,70,service,jobs,False,12,12,J000012,RETIREMENT,POWER_CORRECTIVE,POWER#2,POWER,AIRCRAFT,AIRCRAFT@FLEET-001,BASE,REPLACE,completed,63.0,64.5,64.85,2.5,,6.0,0.0
lifecycle,e70960269eec88da76c7fc94e6e135d06a464be3b3c58017f568e3e26a79d27a,20260916,0.11.0,71,service,jobs,False,12,12,J000001,PREVENTIVE,POWER_PREVENTIVE,POWER#3,POWER,AIRCRAFT,AIRCRAFT@FLEET-001,BASE,IN_PLACE,completed,14.5,16.5,17.400000000000006,5.0,0.0,5.0,2.0
lifecycle,e70960269eec88da76c7fc94e6e135d06a464be3b3c58017f568e3e26a79d27a,20260916,0.11.0,71,service,jobs,False,12,12,J000002,PREVENTIVE,POWER_PREVENTIVE,POWER#4,POWER,AIRCRAFT,AIRCRAFT@FLEET-002,BASE,REPLACE,completed,14.5,16.5,17.300000000000004,5.0,,3.0,0.0
lifecycle,e70960269eec88da76c7fc94e6e135d06a464be3b3c58017f568e3e26a79d27a,20260916,0.11.0,71,service,jobs,False,12,12,J000003,PREVENTIVE,OFF_ITEM,POWER#4,POWER,AIRCRAFT,,CENTER,OFF_ITEM,completed,16.700000000000003,16.700000000000003,18.400000000000006,5.0,0.0,5.0,2.0
lifecycle,e70960269eec88da76c7fc94e6e135d06a464be3b3c58017f568e3e26a79d27a,20260916,0.11.0,71,service,jobs,False,12,12,J000004,CORRECTIVE,POWER_CORRECTIVE,POWER#5,POWER,AIRCRAFT,AIRCRAFT@FLEET-003,BASE,IN_PLACE,completed,30.030094669728225,30.06018933945645,31.760189339456453,2.530094669728225,0.0,2.56018933945645,0.0
lifecycle,e70960269eec88da76c7fc94e6e135d06a464be3b3c58017f568e3e26a79d27a,20260916,0.11.0,71,service,jobs,False,12,12,J000005,RETIREMENT,POWER_CORRECTIVE,POWER#3,POWER,AIRCRAFT,AIRCRAFT@FLEET-001,BASE,REPLACE,completed,35.0,36.5,36.85,2.5,,6.0,0.0
lifecycle,e70960269eec88da76c7fc94e6e135d06a464be3b3c58017f568e3e26a79d27a,20260916,0.11.0,71,service,jobs,False,12,12,J000006,PREVENTIVE,POWER_PREVENTIVE,POWER#6,POWER,AIRCRAFT,AIRCRAFT@FLEET-004,BASE,IN_PLACE,completed,38.43981066054355,40.5,41.2,5.06018933945645,0.0,5.06018933945645,2.06018933945645
lifecycle,e70960269eec88da76c7fc94e6e135d06a464be3b3c58017f568e3e26a79d27a,20260916,0.11.0,71,service,jobs,False,12,12,J000007,PREVENTIVE,POWER_PREVENTIVE,POWER#1,POWER,AIRCRAFT,AIRCRAFT@FLEET-002,BASE,REPLACE,completed,54.5,56.5,56.95,5.0,,3.0,0.0
lifecycle,e70960269eec88da76c7fc94e6e135d06a464be3b3c58017f568e3e26a79d27a,20260916,0.11.0,71,service,jobs,False,12,12,J000008,PREVENTIVE,OFF_ITEM,POWER#1,POWER,AIRCRAFT,,CENTER,OFF_ITEM,completed,56.7,56.7,58.400000000000006,5.0,0.0,5.0,2.0
lifecycle,e70960269eec88da76c7fc94e6e135d06a464be3b3c58017f568e3e26a79d27a,20260916,0.11.0,71,service,jobs,False,12,12,J000009,PREVENTIVE,POWER_PREVENTIVE,POWER#5,POWER,AIRCRAFT,AIRCRAFT@FLEET-003,BASE,IN_PLACE,cancelled_retirement,58.5,,58.93981066054355,3.0,,5.56018933945645,0.0
lifecycle,e70960269eec88da76c7fc94e6e135d06a464be3b3c58017f568e3e26a79d27a,20260916,0.11.0,71,service,jobs,False,12,12,J000010,RETIREMENT,POWER_CORRECTIVE,POWER#5,POWER,AIRCRAFT,AIRCRAFT@FLEET-003,BASE,REPLACE,completed,58.93981066054355,60.22414132014101,60.67414132014101,4.724141320141008,,6.0,0.0
lifecycle,e70960269eec88da76c7fc94e6e135d06a464be3b3c58017f568e3e26a79d27a,20260916,0.11.0,71,service,jobs,False,12,12,J000011,RETIREMENT,POWER_CORRECTIVE,POWER#6,POWER,AIRCRAFT,AIRCRAFT@FLEET-004,BASE,REPLACE,completed,58.93981066054355,60.22414132014101,60.57414132014101,1.7241413201410083,,6.0,0.0
lifecycle,e70960269eec88da76c7fc94e6e135d06a464be3b3c58017f568e3e26a79d27a,20260916,0.11.0,71,service,jobs,False,12,12,J000012,PREVENTIVE,POWER_PREVENTIVE,POWER#2,POWER,AIRCRAFT,AIRCRAFT@FLEET-001,BASE,IN_PLACE,completed,62.5,64.5,65.19999999999999,5.0,0.0,5.0,2.0
lifecycle,e70960269eec88da76c7fc94e6e135d06a464be3b3c58017f568e3e26a79d27a,20260916,0.11.0,72,service,jobs,False,13,13,J000001,CORRECTIVE,POWER_CORRECTIVE,POWER#3,POWER,AIRCRAFT,AIRCRAFT@FLEET-001,BASE,IN_PLACE,completed,14.259098542429715,14.51819708485943,16.418197084859433,2.759098542429715,0.0,3.0181970848594304,0.0
lifecycle,e70960269eec88da76c7fc94e6e135d06a464be3b3c58017f568e3e26a79d27a,20260916,0.11.0,72,service,jobs,False,13,13,J000002,PREVENTIVE,POWER_PREVENTIVE,POWER#4,POWER,AIRCRAFT,AIRCRAFT@FLEET-002,BASE,REPLACE,completed,14.5,14.51819708485943,16.31819708485943,3.0181970848594304,,3.0,0.0
lifecycle,e70960269eec88da76c7fc94e6e135d06a464be3b3c58017f568e3e26a79d27a,20260916,0.11.0,72,service,jobs,False,13,13,J000003,PREVENTIVE,OFF_ITEM,POWER#4,POWER,AIRCRAFT,,CENTER,OFF_ITEM,completed,14.71819708485943,14.71819708485943,16.41819708485943,3.0181970848594304,0.0,3.0181970848594304,0.01819708485943039
lifecycle,e70960269eec88da76c7fc94e6e135d06a464be3b3c58017f568e3e26a79d27a,20260916,0.11.0,72,service,jobs,False,13,13,J000004,PREVENTIVE,POWER_PREVENTIVE,POWER#5,POWER,AIRCRAFT,AIRCRAFT@FLEET-003,BASE,REPLACE,completed,30.5,32.5,33.050000000000004,5.0,,3.0,0.0
lifecycle,e70960269eec88da76c7fc94e6e135d06a464be3b3c58017f568e3e26a79d27a,20260916,0.11.0,72,service,jobs,False,13,13,J000005,PREVENTIVE,POWER_PREVENTIVE,POWER#6,POWER,AIRCRAFT,AIRCRAFT@FLEET-004,BASE,REPLACE,completed,30.5,32.5,32.95,5.0,,3.0,0.0
lifecycle,e70960269eec88da76c7fc94e6e135d06a464be3b3c58017f568e3e26a79d27a,20260916,0.11.0,72,service,jobs,False,13,13,J000006,PREVENTIVE,OFF_ITEM,POWER#6,POWER,AIRCRAFT,,CENTER,OFF_ITEM,completed,32.7,32.7,35.00000000000001,5.0,0.0,5.0,2.0
lifecycle,e70960269eec88da76c7fc94e6e135d06a464be3b3c58017f568e3e26a79d27a,20260916,0.11.0,72,service,jobs,False,13,13,J000007,PREVENTIVE,OFF_ITEM,POWER#5,POWER,AIRCRAFT,,CENTER,OFF_ITEM,completed,32.800000000000004,32.800000000000004,35.10000000000001,5.0,0.0,5.0,2.0
lifecycle,e70960269eec88da76c7fc94e6e135d06a464be3b3c58017f568e3e26a79d27a,20260916,0.11.0,72,service,jobs,False,13,13,J000008,RETIREMENT,POWER_CORRECTIVE,POWER#3,POWER,AIRCRAFT,AIRCRAFT@FLEET-001,BASE,REPLACE,completed,54.48180291514057,56.5,56.85,5.0,,6.0,0.0
lifecycle,e70960269eec88da76c7fc94e6e135d06a464be3b3c58017f568e3e26a79d27a,20260916,0.11.0,72,service,jobs,False,13,13,J000009,PREVENTIVE,POWER_PREVENTIVE,POWER#1,POWER,AIRCRAFT,AIRCRAFT@FLEET-002,BASE,REPLACE,completed,54.5,56.5,56.95,5.0,,3.0,0.0
lifecycle,e70960269eec88da76c7fc94e6e135d06a464be3b3c58017f568e3e26a79d27a,20260916,0.11.0,72,service,jobs,False,13,13,J000010,PREVENTIVE,OFF_ITEM,POWER#1,POWER,AIRCRAFT,,CENTER,OFF_ITEM,completed,56.7,56.7,58.400000000000006,5.0,0.0,5.0,2.0
lifecycle,e70960269eec88da76c7fc94e6e135d06a464be3b3c58017f568e3e26a79d27a,20260916,0.11.0,72,service,jobs,False,13,13,J000011,PREVENTIVE,POWER_PREVENTIVE,POWER#2,POWER,AIRCRAFT,AIRCRAFT@FLEET-004,BASE,IN_PLACE,completed,58.5,60.5,61.400000000000006,5.0,0.0,5.0,2.0
lifecycle,e70960269eec88da76c7fc94e6e135d06a464be3b3c58017f568e3e26a79d27a,20260916,0.11.0,72,service,jobs,False,13,13,J000012,PREVENTIVE,POWER_PREVENTIVE,POWER#7,POWER,AIRCRAFT,AIRCRAFT@FLEET-003,BASE,REPLACE,completed,58.5,60.5,61.300000000000004,5.0,,3.0,0.0
lifecycle,e70960269eec88da76c7fc94e6e135d06a464be3b3c58017f568e3e26a79d27a,20260916,0.11.0,72,service,jobs,False,13,13,J000013,PREVENTIVE,OFF_ITEM,POWER#7,POWER,AIRCRAFT,,CENTER,OFF_ITEM,completed,60.7,60.7,62.400000000000006,5.0,0.0,5.0,2.0
lifecycle,e70960269eec88da76c7fc94e6e135d06a464be3b3c58017f568e3e26a79d27a,20260916,0.11.0,73,service,jobs,False,14,14,J000001,CORRECTIVE,POWER_CORRECTIVE,POWER#4,POWER,AIRCRAFT,AIRCRAFT@FLEET-002,BASE,REPLACE,completed,14.030719562368924,14.061439124737849,14.511439124737848,2.5307195623689243,,2.5307195623689243,0.0
lifecycle,e70960269eec88da76c7fc94e6e135d06a464be3b3c58017f568e3e26a79d27a,20260916,0.11.0,73,service,jobs,False,14,14,J000002,CORRECTIVE,OFF_ITEM,POWER#4,POWER,AIRCRAFT,,CENTER,OFF_ITEM,completed,14.261439124737848,14.261439124737848,16.96143912473785,2.5307195623689243,0.0,2.5614391247378485,0.0
lifecycle,e70960269eec88da76c7fc94e6e135d06a464be3b3c58017f568e3e26a79d27a,20260916,0.11.0,73,service,jobs,False,14,14,J000003,PREVENTIVE,POWER_PREVENTIVE,POWER#5,POWER,AIRCRAFT,AIRCRAFT@FLEET-003,BASE,REPLACE,completed,30.5,32.5,33.300000000000004,5.0,,3.0,0.0
lifecycle,e70960269eec88da76c7fc94e6e135d06a464be3b3c58017f568e3e26a79d27a,20260916,0.11.0,73,service,jobs,False,14,14,J000004,PREVENTIVE,POWER_PREVENTIVE,POWER#6,POWER,AIRCRAFT,AIRCRAFT@FLEET-004,BASE,IN_PLACE,completed,30.5,32.5,33.400000000000006,5.0,0.0,5.0,2.0
lifecycle,e70960269eec88da76c7fc94e6e135d06a464be3b3c58017f568e3e26a79d27a,20260916,0.11.0,73,service,jobs,False,14,14,J000005,PREVENTIVE,OFF_ITEM,POWER#5,POWER,AIRCRAFT,,CENTER,OFF_ITEM,completed,32.800000000000004,32.800000000000004,34.50000000000001,5.0,0.0,5.0,2.0
lifecycle,e70960269eec88da76c7fc94e6e135d06a464be3b3c58017f568e3e26a79d27a,20260916,0.11.0,73,service,jobs,False,14,14,J000006,PREVENTIVE,POWER_PREVENTIVE,POWER#3,POWER,AIRCRAFT,AIRCRAFT@FLEET-001,BASE,REPLACE,completed,34.438560875262155,36.5,36.95,5.0614391247378485,,3.0000000000000036,0.0
lifecycle,e70960269eec88da76c7fc94e6e135d06a464be3b3c58017f568e3e26a79d27a,20260916,0.11.0,73,service,jobs,False,14,14,J000007,PREVENTIVE,OFF_ITEM,POWER#3,POWER,AIRCRAFT,,CENTER,OFF_ITEM,completed,36.7,36.7,38.400000000000006,5.0614391247378485,0.0,5.0614391247378485,2.0614391247378485
lifecycle,e70960269eec88da76c7fc94e6e135d06a464be3b3c58017f568e3e26a79d27a,20260916,0.11.0,73,service,jobs,False,14,14,J000008,RETIREMENT,POWER_CORRECTIVE,POWER#6,POWER,AIRCRAFT,AIRCRAFT@FLEET-004,BASE,REPLACE,completed,39.0,40.5,40.85,2.5,,6.0,0.0
lifecycle,e70960269eec88da76c7fc94e6e135d06a464be3b3c58017f568e3e26a79d27a,20260916,0.11.0,73,service,jobs,False,14,14,J000009,PREVENTIVE,POWER_PREVENTIVE,POWER#1,POWER,AIRCRAFT,AIRCRAFT@FLEET-002,BASE,IN_PLACE,completed,54.5,56.5,57.2,5.0,0.0,5.0,2.0
lifecycle,e70960269eec88da76c7fc94e6e135d06a464be3b3c58017f568e3e26a79d27a,20260916,0.11.0,73,service,jobs,False,14,14,J000010,PREVENTIVE,POWER_PREVENTIVE,POWER#2,POWER,AIRCRAFT,AIRCRAFT@FLEET-003,BASE,REPLACE,completed,58.5,60.5,60.95,5.0,,3.0,0.0
lifecycle,e70960269eec88da76c7fc94e6e135d06a464be3b3c58017f568e3e26a79d27a,20260916,0.11.0,73,service,jobs,False,14,14,J000011,PREVENTIVE,OFF_ITEM,POWER#2,POWER,AIRCRAFT,,CENTER,OFF_ITEM,completed,60.7,60.7,62.400000000000006,5.0,0.0,5.0,2.0
lifecycle,e70960269eec88da76c7fc94e6e135d06a464be3b3c58017f568e3e26a79d27a,20260916,0.11.0,73,service,jobs,False,14,14,J000012,PREVENTIVE,POWER_PREVENTIVE,POWER#7,POWER,AIRCRAFT,AIRCRAFT@FLEET-001,BASE,REPLACE,completed,62.5,64.5,64.94999999999999,5.0,,3.0,0.0
lifecycle,e70960269eec88da76c7fc94e6e135d06a464be3b3c58017f568e3e26a79d27a,20260916,0.11.0,73,service,jobs,False,14,14,J000013,RETIREMENT,POWER_CORRECTIVE,POWER#1,POWER,AIRCRAFT,AIRCRAFT@FLEET-002,BASE,REPLACE,completed,63.0,64.5,64.85,2.5,,6.0,0.0
lifecycle,e70960269eec88da76c7fc94e6e135d06a464be3b3c58017f568e3e26a79d27a,20260916,0.11.0,73,service,jobs,False,14,14,J000014,PREVENTIVE,OFF_ITEM,POWER#7,POWER,AIRCRAFT,,CENTER,OFF_ITEM,completed,64.69999999999999,64.69999999999999,66.39999999999998,5.0,0.0,5.0,2.0
lifecycle,e70960269eec88da76c7fc94e6e135d06a464be3b3c58017f568e3e26a79d27a,20260916,0.11.0,74,service,jobs,False,11,11,J000001,PREVENTIVE,POWER_PREVENTIVE,POWER#3,POWER,AIRCRAFT,AIRCRAFT@FLEET-001,BASE,IN_PLACE,completed,14.5,16.5,17.900000000000006,5.0,0.0,5.0,2.0
lifecycle,e70960269eec88da76c7fc94e6e135d06a464be3b3c58017f568e3e26a79d27a,20260916,0.11.0,74,service,jobs,False,11,11,J000002,PREVENTIVE,POWER_PREVENTIVE,POWER#4,POWER,AIRCRAFT,AIRCRAFT@FLEET-002,BASE,IN_PLACE,completed,14.5,16.5,17.800000000000004,5.0,0.0,5.0,2.0
lifecycle,e70960269eec88da76c7fc94e6e135d06a464be3b3c58017f568e3e26a79d27a,20260916,0.11.0,74,service,jobs,False,11,11,J000003,PREVENTIVE,POWER_PREVENTIVE,POWER#5,POWER,AIRCRAFT,AIRCRAFT@FLEET-003,BASE,IN_PLACE,completed,30.5,32.5,33.400000000000006,5.0,0.0,5.0,2.0
lifecycle,e70960269eec88da76c7fc94e6e135d06a464be3b3c58017f568e3e26a79d27a,20260916,0.11.0,74,service,jobs,False,11,11,J000004,PREVENTIVE,POWER_PREVENTIVE,POWER#6,POWER,AIRCRAFT,AIRCRAFT@FLEET-004,BASE,REPLACE,completed,30.5,32.5,33.300000000000004,5.0,,3.0,0.0
lifecycle,e70960269eec88da76c7fc94e6e135d06a464be3b3c58017f568e3e26a79d27a,20260916,0.11.0,74,service,jobs,False,11,11,J000005,PREVENTIVE,OFF_ITEM,POWER#6,POWER,AIRCRAFT,,CENTER,OFF_ITEM,completed,32.7,32.7,34.400000000000006,5.0,0.0,5.0,2.0
lifecycle,e70960269eec88da76c7fc94e6e135d06a464be3b3c58017f568e3e26a79d27a,20260916,0.11.0,74,service,jobs,False,11,11,J000006,RETIREMENT,POWER_CORRECTIVE,POWER#3,POWER,AIRCRAFT,AIRCRAFT@FLEET-001,BASE,REPLACE,completed,35.0,36.5,36.95,2.5,,6.0,0.0
lifecycle,e70960269eec88da76c7fc94e6e135d06a464be3b3c58017f568e3e26a79d27a,20260916,0.11.0,74,service,jobs,False,11,11,J000007,RETIREMENT,POWER_CORRECTIVE,POWER#4,POWER,AIRCRAFT,AIRCRAFT@FLEET-002,BASE,REPLACE,completed,35.0,36.5,36.85,2.5,,6.0,0.0
lifecycle,e70960269eec88da76c7fc94e6e135d06a464be3b3c58017f568e3e26a79d27a,20260916,0.11.0,74,service,jobs,False,11,11,J000008,RETIREMENT,POWER_CORRECTIVE,POWER#5,POWER,AIRCRAFT,AIRCRAFT@FLEET-003,BASE,REPLACE,completed,39.0,40.5,40.85,2.5,,6.0,0.0
lifecycle,e70960269eec88da76c7fc94e6e135d06a464be3b3c58017f568e3e26a79d27a,20260916,0.11.0,74,service,jobs,False,11,11,J000009,CORRECTIVE,POWER_CORRECTIVE,POWER#2,POWER,AIRCRAFT,AIRCRAFT@FLEET-002,BASE,IN_PLACE,completed,54.03416134918507,54.06832269837014,55.76832269837014,0.03416134918506941,0.0,0.06832269837013882,0.0
lifecycle,e70960269eec88da76c7fc94e6e135d06a464be3b3c58017f568e3e26a79d27a,20260916,0.11.0,74,service,jobs,False,11,11,J000010,PREVENTIVE,POWER_PREVENTIVE,POWER#1,POWER,AIRCRAFT,AIRCRAFT@FLEET-004,BASE,REPLACE,completed,58.5,60.5,60.95,5.0,,3.0,0.0
lifecycle,e70960269eec88da76c7fc94e6e135d06a464be3b3c58017f568e3e26a79d27a,20260916,0.11.0,74,service,jobs,False,11,11,J000011,PREVENTIVE,OFF_ITEM,POWER#1,POWER,AIRCRAFT,,CENTER,OFF_ITEM,completed,60.7,60.7,62.400000000000006,5.0,0.0,5.0,2.0
lifecycle,e70960269eec88da76c7fc94e6e135d06a464be3b3c58017f568e3e26a79d27a,20260916,0.11.0,75,service,jobs,False,15,15,J000001,CORRECTIVE,POWER_CORRECTIVE,POWER#4,POWER,AIRCRAFT,AIRCRAFT@FLEET-002,BASE,IN_PLACE,completed,8.400691606727674,8.5,10.2,2.4006916067276745,0.0,2.5,0.0
lifecycle,e70960269eec88da76c7fc94e6e135d06a464be3b3c58017f568e3e26a79d27a,20260916,0.11.0,75,service,jobs,False,15,15,J000002,PREVENTIVE,POWER_PREVENTIVE,POWER#3,POWER,AIRCRAFT,AIRCRAFT@FLEET-001,BASE,REPLACE,completed,14.5,16.5,16.950000000000003,5.0,,3.0,0.0
lifecycle,e70960269eec88da76c7fc94e6e135d06a464be3b3c58017f568e3e26a79d27a,20260916,0.11.0,75,service,jobs,False,15,15,J000003,PREVENTIVE,OFF_ITEM,POWER#3,POWER,AIRCRAFT,,CENTER,OFF_ITEM,completed,16.700000000000003,16.700000000000003,18.400000000000006,5.0,0.0,5.0,2.0
lifecycle,e70960269eec88da76c7fc94e6e135d06a464be3b3c58017f568e3e26a79d27a,20260916,0.11.0,75,service,jobs,False,15,15,J000004,PREVENTIVE,POWER_PREVENTIVE,POWER#5,POWER,AIRCRAFT,AIRCRAFT@FLEET-003,BASE,IN_PLACE,completed,30.5,32.5,33.900000000000006,5.0,0.0,5.0,2.0
lifecycle,e70960269eec88da76c7fc94e6e135d06a464be3b3c58017f568e3e26a79d27a,20260916,0.11.0,75,service,jobs,False,15,15,J000005,PREVENTIVE,POWER_PREVENTIVE,POWER#6,POWER,AIRCRAFT,AIRCRAFT@FLEET-004,BASE,IN_PLACE,completed,30.5,32.5,33.800000000000004,5.0,0.0,5.0,2.0
lifecycle,e70960269eec88da76c7fc94e6e135d06a464be3b3c58017f568e3e26a79d27a,20260916,0.11.0,75,service,jobs,False,15,15,J000006,PREVENTIVE,POWER_PREVENTIVE,POWER#4,POWER,AIRCRAFT,AIRCRAFT@FLEET-002,BASE,REPLACE,cancelled_retirement,34.5,,35.0,3.0,,5.5,0.0
lifecycle,e70960269eec88da76c7fc94e6e135d06a464be3b3c58017f568e3e26a79d27a,20260916,0.11.0,75,service,jobs,False,15,15,J000007,RETIREMENT,POWER_CORRECTIVE,POWER#4,POWER,AIRCRAFT,AIRCRAFT@FLEET-002,BASE,REPLACE,completed,35.0,36.5,36.85,5.0,,6.0,0.0
lifecycle,e70960269eec88da76c7fc94e6e135d06a464be3b3c58017f568e3e26a79d27a,20260916,0.11.0,75,service,jobs,False,15,15,J000008,RETIREMENT,POWER_CORRECTIVE,POWER#5,POWER,AIRCRAFT,AIRCRAFT@FLEET-003,BASE,REPLACE,completed,39.0,40.5,40.95,2.5,,6.0,0.0
lifecycle,e70960269eec88da76c7fc94e6e135d06a464be3b3c58017f568e3e26a79d27a,20260916,0.11.0,75,service,jobs,False,15,15,J000009,RETIREMENT,POWER_CORRECTIVE,POWER#6,POWER,AIRCRAFT,AIRCRAFT@FLEET-004,BASE,REPLACE,completed,39.0,40.5,40.85,2.5,,6.0,0.0
lifecycle,e70960269eec88da76c7fc94e6e135d06a464be3b3c58017f568e3e26a79d27a,20260916,0.11.0,75,service,jobs,False,15,15,J000010,PREVENTIVE,POWER_PREVENTIVE,POWER#1,POWER,AIRCRAFT,AIRCRAFT@FLEET-001,BASE,REPLACE,completed,54.5,56.5,56.95,5.0,,3.0,0.0
lifecycle,e70960269eec88da76c7fc94e6e135d06a464be3b3c58017f568e3e26a79d27a,20260916,0.11.0,75,service,jobs,False,15,15,J000011,PREVENTIVE,OFF_ITEM,POWER#1,POWER,AIRCRAFT,,CENTER,OFF_ITEM,completed,56.7,56.7,58.400000000000006,5.0,0.0,5.0,2.0
lifecycle,e70960269eec88da76c7fc94e6e135d06a464be3b3c58017f568e3e26a79d27a,20260916,0.11.0,75,service,jobs,False,15,15,J000012,CORRECTIVE,POWER_CORRECTIVE,POWER#7,POWER,AIRCRAFT,AIRCRAFT@FLEET-004,BASE,REPLACE,completed,59.66936649620658,60.16936649620658,60.61936649620658,1.6693664962065782,,1.6693664962065782,0.0
lifecycle,e70960269eec88da76c7fc94e6e135d06a464be3b3c58017f568e3e26a79d27a,20260916,0.11.0,75,service,jobs,False,15,15,J000013,CORRECTIVE,OFF_ITEM,POWER#7,POWER,AIRCRAFT,,CENTER,OFF_ITEM,completed,60.36936649620658,60.36936649620658,63.069366496206584,1.6693664962065782,0.0,2.169366496206578,0.0
lifecycle,e70960269eec88da76c7fc94e6e135d06a464be3b3c58017f568e3e26a79d27a,20260916,0.11.0,75,service,jobs,False,15,15,J000014,PREVENTIVE,POWER_PREVENTIVE,POWER#2,POWER,AIRCRAFT,AIRCRAFT@FLEET-002,BASE,REPLACE,completed,62.5,64.5,64.94999999999999,5.0,,3.0,0.0
lifecycle,e70960269eec88da76c7fc94e6e135d06a464be3b3c58017f568e3e26a79d27a,20260916,0.11.0,75,service,jobs,False,15,15,J000015,PREVENTIVE,OFF_ITEM,POWER#2,POWER,AIRCRAFT,,CENTER,OFF_ITEM,completed,64.69999999999999,64.69999999999999,66.39999999999998,5.0,0.0,5.0,2.0
lifecycle,e70960269eec88da76c7fc94e6e135d06a464be3b3c58017f568e3e26a79d27a,20260916,0.11.0,76,service,jobs,False,14,14,J000001,CORRECTIVE,POWER_CORRECTIVE,POWER#6,POWER,AIRCRAFT,AIRCRAFT@FLEET-004,BASE,IN_PLACE,completed,11.729313980332497,12.229313980332497,13.929313980332497,1.7293139803324973,0.0,2.2293139803324973,0.0
lifecycle,e70960269eec88da76c7fc94e6e135d06a464be3b3c58017f568e3e26a79d27a,20260916,0.11.0,76,service,jobs,False,14,14,J000002,PREVENTIVE,POWER_PREVENTIVE,POWER#3,POWER,AIRCRAFT,AIRCRAFT@FLEET-001,BASE,IN_PLACE,covered_by_corrective,14.5,,18.29299215826378,3.0,0.0,3.0,0.0
lifecycle,e70960269eec88da76c7fc94e6e135d06a464be3b3c58017f568e3e26a79d27a,20260916,0.11.0,76,service,jobs,False,14,14,J000003,PREVENTIVE,POWER_PREVENTIVE,POWER#4,POWER,AIRCRAFT,AIRCRAFT@FLEET-002,BASE,IN_PLACE,completed,14.5,15.892992158263775,18.192992158263777,4.392992158263775,0.0,4.392992158263775,1.392992158263775
lifecycle,e70960269eec88da76c7fc94e6e135d06a464be3b3c58017f568e3e26a79d27a,20260916,0.11.0,76,service,jobs,False,14,14,J000004,CORRECTIVE,POWER_CORRECTIVE,POWER#3,POWER,AIRCRAFT,AIRCRAFT@FLEET-001,BASE,IN_PLACE,completed,15.392992158263775,15.892992158263775,18.29299215826378,3.892992158263775,0.0,4.392992158263775,0.892992158263775
lifecycle,e70960269eec88da76c7fc94e6e135d06a464be3b3c58017f568e3e26a79d27a,20260916,0.11.0,76,service,jobs,False,14,14,J000005,PREVENTIVE,POWER_PREVENTIVE,POWER#5,POWER,AIRCRAFT,AIRCRAFT@FLEET-003,BASE,IN_PLACE,completed,30.7706860196675,32.5,33.2,4.729313980332497,0.0,4.729313980332497,1.7293139803324973
lifecycle,e70960269eec88da76c7fc94e6e135d06a464be3b3c58017f568e3e26a79d27a,20260916,0.11.0,76,service,jobs,False,14,14,J000006,RETIREMENT,POWER_CORRECTIVE,POWER#3,POWER,AIRCRAFT,AIRCRAFT@FLEET-001,BASE,REPLACE,completed,35.60700784173623,36.5,36.95,2.5,,6.000000000000002,0.0
lifecycle,e70960269eec88da76c7fc94e6e135d06a464be3b3c58017f568e3e26a79d27a,20260916,0.11.0,76,service,jobs,False,14,14,J000007,RETIREMENT,POWER_CORRECTIVE,POWER#4,POWER,AIRCRAFT,AIRCRAFT@FLEET-002,BASE,REPLACE,completed,35.60700784173623,36.5,36.85,2.5,,6.000000000000002,0.0
lifecycle,e70960269eec88da76c7fc94e6e135d06a464be3b3c58017f568e3e26a79d27a,20260916,0.11.0,76,service,jobs,False,14,14,J000008,PREVENTIVE,POWER_PREVENTIVE,POWER#6,POWER,AIRCRAFT,AIRCRAFT@FLEET-004,BASE,REPLACE,cancelled_retirement,38.5,,39.2706860196675,3.0,,5.229313980332497,0.0
lifecycle,e70960269eec88da76c7fc94e6e135d06a464be3b3c58017f568e3e26a79d27a,20260916,0.11.0,76,service,jobs,False,14,14,J000009,RETIREMENT,POWER_CORRECTIVE,POWER#5,POWER,AIRCRAFT,AIRCRAFT@FLEET-003,BASE,REPLACE,completed,39.2706860196675,40.5,40.95,2.5,,5.999999999999998,0.0
lifecycle,e70960269eec88da76c7fc94e6e135d06a464be3b3c58017f568e3e26a79d27a,20260916,0.11.0,76,service,jobs,False,14,14,J000010,RETIREMENT,POWER_CORRECTIVE,POWER#6,POWER,AIRCRAFT,AIRCRAFT@FLEET-004,BASE,REPLACE,completed,39.2706860196675,40.5,40.85,5.0,,5.999999999999998,0.0
lifecycle,e70960269eec88da76c7fc94e6e135d06a464be3b3c58017f568e3e26a79d27a,20260916,0.11.0,76,service,jobs,False,14,14,J000011,PREVENTIVE,POWER_PREVENTIVE,POWER#1,POWER,AIRCRAFT,AIRCRAFT@FLEET-002,BASE,REPLACE,completed,62.5,64.5,65.04999999999998,5.0,,3.0,0.0
lifecycle,e70960269eec88da76c7fc94e6e135d06a464be3b3c58017f568e3e26a79d27a,20260916,0.11.0,76,service,jobs,False,14,14,J000012,PREVENTIVE,POWER_PREVENTIVE,POWER#2,POWER,AIRCRAFT,AIRCRAFT@FLEET-001,BASE,REPLACE,completed,62.5,64.5,64.94999999999999,5.0,,3.0,0.0
lifecycle,e70960269eec88da76c7fc94e6e135d06a464be3b3c58017f568e3e26a79d27a,20260916,0.11.0,76,service,jobs,False,14,14,J000013,PREVENTIVE,OFF_ITEM,POWER#2,POWER,AIRCRAFT,,CENTER,OFF_ITEM,completed,64.69999999999999,64.69999999999999,66.99999999999997,5.0,0.0,5.0,2.0
lifecycle,e70960269eec88da76c7fc94e6e135d06a464be3b3c58017f568e3e26a79d27a,20260916,0.11.0,76,service,jobs,False,14,14,J000014,PREVENTIVE,OFF_ITEM,POWER#1,POWER,AIRCRAFT,,CENTER,OFF_ITEM,completed,64.79999999999998,64.79999999999998,67.09999999999997,5.0,0.0,5.0,2.0
lifecycle,e70960269eec88da76c7fc94e6e135d06a464be3b3c58017f568e3e26a79d27a,20260916,0.11.0,77,service,jobs,False,16,16,J000001,PREVENTIVE,POWER_PREVENTIVE,POWER#3,POWER,AIRCRAFT,AIRCRAFT@FLEET-001,BASE,REPLACE,completed,14.5,16.5,17.050000000000004,5.0,,3.0,0.0
lifecycle,e70960269eec88da76c7fc94e6e135d06a464be3b3c58017f568e3e26a79d27a,20260916,0.11.0,77,service,jobs,False,16,16,J000002,PREVENTIVE,POWER_PREVENTIVE,POWER#4,POWER,AIRCRAFT,AIRCRAFT@FLEET-002,BASE,REPLACE,completed,14.5,16.5,16.950000000000003,5.0,,3.0,0.0
lifecycle,e70960269eec88da76c7fc94e6e135d06a464be3b3c58017f568e3e26a79d27a,20260916,0.11.0,77,service,jobs,False,16,16,J000003,PREVENTIVE,OFF_ITEM,POWER#4,POWER,AIRCRAFT,,CENTER,OFF_ITEM,completed,16.700000000000003,16.700000000000003,19.000000000000007,5.0,0.0,5.0,2.0
lifecycle,e70960269eec88da76c7fc94e6e135d06a464be3b3c58017f568e3e26a79d27a,20260916,0.11.0,77,service,jobs,False,16,16,J000004,PREVENTIVE,OFF_ITEM,POWER#3,POWER,AIRCRAFT,,CENTER,OFF_ITEM,completed,16.800000000000004,16.800000000000004,19.10000000000001,5.0,0.0,5.0,2.0
lifecycle,e70960269eec88da76c7fc94e6e135d06a464be3b3c58017f568e3e26a79d27a,20260916,0.11.0,77,service,jobs,False,16,16,J000005,PREVENTIVE,POWER_PREVENTIVE,POWER#5,POWER,AIRCRAFT,AIRCRAFT@FLEET-003,BASE,REPLACE,completed,30.5,31.93395419637033,33.733954196370334,4.43395419637033,,3.0,0.0
lifecycle,e70960269eec88da76c7fc94e6e135d06a464be3b3c58017f568e3e26a79d27a,20260916,0.11.0,77,service,jobs,False,16,16,J000006,PREVENTIVE,POWER_PREVENTIVE,POWER#6,POWER,AIRCRAFT,AIRCRAFT@FLEET-004,BASE,REPLACE,covered_by_corrective,30.5,,33.833954196370335,3.0,0.0,3.0,0.0
lifecycle,e70960269eec88da76c7fc94e6e135d06a464be3b3c58017f568e3e26a79d27a,20260916,0.11.0,77,service,jobs,False,16,16,J000007,CORRECTIVE,POWER_CORRECTIVE,POWER#6,POWER,AIRCRAFT,AIRCRAFT@FLEET-004,BASE,IN_PLACE,completed,31.43395419637033,31.93395419637033,33.833954196370335,3.9339541963703297,0.0,4.43395419637033,0.9339541963703297
lifecycle,e70960269eec88da76c7fc94e6e135d06a464be3b3c58017f568e3e26a79d27a,20260916,0.11.0,77,service,jobs,False,16,16,J000008,PREVENTIVE,OFF_ITEM,POWER#5,POWER,AIRCRAFT,,CENTER,OFF_ITEM,completed,32.13395419637033,32.13395419637033,33.833954196370335,4.43395419637033,0.0,4.43395419637033,1.4339541963703297
lifecycle,e70960269eec88da76c7fc94e6e135d06a464be3b3c58017f568e3e26a79d27a,20260916,0.11.0,77,service,jobs,False,16,16,J000009,RETIREMENT,POWER_CORRECTIVE,POWER#6,POWER,AIRCRAFT,AIRCRAFT@FLEET-004,BASE,REPLACE,completed,39.56604580362967,40.5,40.85,2.5,,6.0,0.0
lifecycle,e70960269eec88da76c7fc94e6e135d06a464be3b3c58017f568e3e26a79d27a,20260916,0.11.0,77,service,jobs,False,16,16,J000010,PREVENTIVE,POWER_PREVENTIVE,POWER#1,POWER,AIRCRAFT,AIRCRAFT@FLEET-002,BASE,REPLACE,completed,54.5,56.5,57.050000000000004,5.0,,3.0,0.0
lifecycle,e70960269eec88da76c7fc94e6e135d06a464be3b3c58017f568e3e26a79d27a,20260916,0.11.0,77,service,jobs,False,16,16,J000011,PREVENTIVE,POWER_PREVENTIVE,POWER#2,POWER,AIRCRAFT,AIRCRAFT@FLEET-001,BASE,REPLACE,completed,54.5,56.5,56.95,5.0,,3.0,0.0
lifecycle,e70960269eec88da76c7fc94e6e135d06a464be3b3c58017f568e3e26a79d27a,20260916,0.11.0,77,service,jobs,False,16,16,J000012,PREVENTIVE,OFF_ITEM,POWER#2,POWER,AIRCRAFT,,CENTER,OFF_ITEM,completed,56.7,56.7,59.00000000000001,5.0,0.0,5.0,2.0
lifecycle,e70960269eec88da76c7fc94e6e135d06a464be3b3c58017f568e3e26a79d27a,20260916,0.11.0,77,service,jobs,False,16,16,J000013,PREVENTIVE,OFF_ITEM,POWER#1,POWER,AIRCRAFT,,CENTER,OFF_ITEM,completed,56.800000000000004,56.800000000000004,59.10000000000001,5.0,0.0,5.0,2.0
lifecycle,e70960269eec88da76c7fc94e6e135d06a464be3b3c58017f568e3e26a79d27a,20260916,0.11.0,77,service,jobs,False,16,16,J000014,PREVENTIVE,POWER_PREVENTIVE,POWER#7,POWER,AIRCRAFT,AIRCRAFT@FLEET-003,BASE,REPLACE,completed,58.5,60.5,60.95,5.0,,3.0,0.0
lifecycle,e70960269eec88da76c7fc94e6e135d06a464be3b3c58017f568e3e26a79d27a,20260916,0.11.0,77,service,jobs,False,16,16,J000015,PREVENTIVE,OFF_ITEM,POWER#7,POWER,AIRCRAFT,,CENTER,OFF_ITEM,completed,60.7,60.7,62.400000000000006,5.0,0.0,5.0,2.0
lifecycle,e70960269eec88da76c7fc94e6e135d06a464be3b3c58017f568e3e26a79d27a,20260916,0.11.0,77,service,jobs,False,16,16,J000016,CORRECTIVE,POWER_CORRECTIVE,POWER#9,POWER,AIRCRAFT,AIRCRAFT@FLEET-001,BASE,IN_PLACE,completed,63.32198914087981,63.82198914087981,65.52198914087981,1.3219891408798077,0.0,1.8219891408798077,0.0
lifecycle,e70960269eec88da76c7fc94e6e135d06a464be3b3c58017f568e3e26a79d27a,20260916,0.11.0,78,service,jobs,False,14,14,J000001,PREVENTIVE,POWER_PREVENTIVE,POWER#3,POWER,AIRCRAFT,AIRCRAFT@FLEET-001,BASE,REPLACE,completed,14.5,16.5,17.050000000000004,5.0,,3.0,0.0
lifecycle,e70960269eec88da76c7fc94e6e135d06a464be3b3c58017f568e3e26a79d27a,20260916,0.11.0,78,service,jobs,False,14,14,J000002,PREVENTIVE,POWER_PREVENTIVE,POWER#4,POWER,AIRCRAFT,AIRCRAFT@FLEET-002,BASE,REPLACE,completed,14.5,16.5,16.950000000000003,5.0,,3.0,0.0
lifecycle,e70960269eec88da76c7fc94e6e135d06a464be3b3c58017f568e3e26a79d27a,20260916,0.11.0,78,service,jobs,False,14,14,J000003,PREVENTIVE,OFF_ITEM,POWER#4,POWER,AIRCRAFT,,CENTER,OFF_ITEM,completed,16.700000000000003,16.700000000000003,19.000000000000007,5.0,0.0,5.0,2.0
lifecycle,e70960269eec88da76c7fc94e6e135d06a464be3b3c58017f568e3e26a79d27a,20260916,0.11.0,78,service,jobs,False,14,14,J000004,PREVENTIVE,OFF_ITEM,POWER#3,POWER,AIRCRAFT,,CENTER,OFF_ITEM,completed,16.800000000000004,16.800000000000004,19.10000000000001,5.0,0.0,5.0,2.0
lifecycle,e70960269eec88da76c7fc94e6e135d06a464be3b3c58017f568e3e26a79d27a,20260916,0.11.0,78,service,jobs,False,14,14,J000005,PREVENTIVE,POWER_PREVENTIVE,POWER#5,POWER,AIRCRAFT,AIRCRAFT@FLEET-003,BASE,REPLACE,completed,30.5,32.5,33.050000000000004,5.0,,3.0,0.0
lifecycle,e70960269eec88da76c7fc94e6e135d06a464be3b3c58017f568e3e26a79d27a,20260916,0.11.0,78,service,jobs,False,14,14,J000006,PREVENTIVE,POWER_PREVENTIVE,POWER#6,POWER,AIRCRAFT,AIRCRAFT@FLEET-004,BASE,REPLACE,completed,30.5,32.5,32.95,5.0,,3.0,0.0
lifecycle,e70960269eec88da76c7fc94e6e135d06a464be3b3c58017f568e3e26a79d27a,20260916,0.11.0,78,service,jobs,False,14,14,J000007,PREVENTIVE,OFF_ITEM,POWER#6,POWER,AIRCRAFT,,CENTER,OFF_ITEM,completed,32.7,32.7,35.00000000000001,5.0,0.0,5.0,2.0
lifecycle,e70960269eec88da76c7fc94e6e135d06a464be3b3c58017f568e3e26a79d27a,20260916,0.11.0,78,service,jobs,False,14,14,J000008,PREVENTIVE,OFF_ITEM,POWER#5,POWER,AIRCRAFT,,CENTER,OFF_ITEM,completed,32.800000000000004,32.800000000000004,35.10000000000001,5.0,0.0,5.0,2.0
lifecycle,e70960269eec88da76c7fc94e6e135d06a464be3b3c58017f568e3e26a79d27a,20260916,0.11.0,78,service,jobs,False,14,14,J000009,PREVENTIVE,POWER_PREVENTIVE,POWER#1,POWER,AIRCRAFT,AIRCRAFT@FLEET-002,BASE,REPLACE,completed,54.5,56.5,57.300000000000004,5.0,,3.0,0.0
lifecycle,e70960269eec88da76c7fc94e6e135d06a464be3b3c58017f568e3e26a79d27a,20260916,0.11.0,78,service,jobs,False,14,14,J000010,PREVENTIVE,POWER_PREVENTIVE,POWER#2,POWER,AIRCRAFT,AIRCRAFT@FLEET-001,BASE,IN_PLACE,completed,54.5,56.5,57.400000000000006,5.0,0.0,5.0,2.0
lifecycle,e70960269eec88da76c7fc94e6e135d06a464be3b3c58017f568e3e26a79d27a,20260916,0.11.0,78,service,jobs,False,14,14,J000011,PREVENTIVE,OFF_ITEM,POWER#1,POWER,AIRCRAFT,,CENTER,OFF_ITEM,completed,56.800000000000004,56.800000000000004,58.50000000000001,5.0,0.0,5.0,2.0
lifecycle,e70960269eec88da76c7fc94e6e135d06a464be3b3c58017f568e3e26a79d27a,20260916,0.11.0,78,service,jobs,False,14,14,J000012,PREVENTIVE,POWER_PREVENTIVE,POWER#7,POWER,AIRCRAFT,AIRCRAFT@FLEET-004,BASE,IN_PLACE,completed,58.5,60.5,61.900000000000006,5.0,0.0,5.0,2.0
lifecycle,e70960269eec88da76c7fc94e6e135d06a464be3b3c58017f568e3e26a79d27a,20260916,0.11.0,78,service,jobs,False,14,14,J000013,PREVENTIVE,POWER_PREVENTIVE,POWER#8,POWER,AIRCRAFT,AIRCRAFT@FLEET-003,BASE,IN_PLACE,completed,58.5,60.5,61.800000000000004,5.0,0.0,5.0,2.0
lifecycle,e70960269eec88da76c7fc94e6e135d06a464be3b3c58017f568e3e26a79d27a,20260916,0.11.0,78,service,jobs,False,14,14,J000014,RETIREMENT,POWER_CORRECTIVE,POWER#2,POWER,AIRCRAFT,AIRCRAFT@FLEET-001,BASE,REPLACE,completed,63.0,64.5,64.85,2.5,,6.0,0.0
lifecycle,e70960269eec88da76c7fc94e6e135d06a464be3b3c58017f568e3e26a79d27a,20260916,0.11.0,79,service,jobs,False,14,14,J000001,PREVENTIVE,POWER_PREVENTIVE,POWER#3,POWER,AIRCRAFT,AIRCRAFT@FLEET-001,BASE,IN_PLACE,completed,14.5,16.5,17.900000000000006,5.0,0.0,5.0,2.0
lifecycle,e70960269eec88da76c7fc94e6e135d06a464be3b3c58017f568e3e26a79d27a,20260916,0.11.0,79,service,jobs,False,14,14,J000002,PREVENTIVE,POWER_PREVENTIVE,POWER#4,POWER,AIRCRAFT,AIRCRAFT@FLEET-002,BASE,IN_PLACE,completed,14.5,16.5,17.800000000000004,5.0,0.0,5.0,2.0
lifecycle,e70960269eec88da76c7fc94e6e135d06a464be3b3c58017f568e3e26a79d27a,20260916,0.11.0,79,service,jobs,False,14,14,J000003,PREVENTIVE,POWER_PREVENTIVE,POWER#5,POWER,AIRCRAFT,AIRCRAFT@FLEET-003,BASE,IN_PLACE,completed,30.5,32.5,33.400000000000006,5.0,0.0,5.0,2.0
lifecycle,e70960269eec88da76c7fc94e6e135d06a464be3b3c58017f568e3e26a79d27a,20260916,0.11.0,79,service,jobs,False,14,14,J000004,PREVENTIVE,POWER_PREVENTIVE,POWER#6,POWER,AIRCRAFT,AIRCRAFT@FLEET-004,BASE,REPLACE,completed,30.5,32.5,33.300000000000004,5.0,,3.0,0.0
lifecycle,e70960269eec88da76c7fc94e6e135d06a464be3b3c58017f568e3e26a79d27a,20260916,0.11.0,79,service,jobs,False,14,14,J000005,PREVENTIVE,OFF_ITEM,POWER#6,POWER,AIRCRAFT,,CENTER,OFF_ITEM,completed,32.7,32.7,34.400000000000006,5.0,0.0,5.0,2.0
lifecycle,e70960269eec88da76c7fc94e6e135d06a464be3b3c58017f568e3e26a79d27a,20260916,0.11.0,79,service,jobs,False,14,14,J000006,RETIREMENT,POWER_CORRECTIVE,POWER#3,POWER,AIRCRAFT,AIRCRAFT@FLEET-001,BASE,REPLACE,completed,35.0,36.5,36.95,2.5,,6.0,0.0
lifecycle,e70960269eec88da76c7fc94e6e135d06a464be3b3c58017f568e3e26a79d27a,20260916,0.11.0,79,service,jobs,False,14,14,J000007,RETIREMENT,POWER_CORRECTIVE,POWER#4,POWER,AIRCRAFT,AIRCRAFT@FLEET-002,BASE,REPLACE,completed,35.0,36.5,36.85,2.5,,6.0,0.0
lifecycle,e70960269eec88da76c7fc94e6e135d06a464be3b3c58017f568e3e26a79d27a,20260916,0.11.0,79,service,jobs,False,14,14,J000008,RETIREMENT,POWER_CORRECTIVE,POWER#5,POWER,AIRCRAFT,AIRCRAFT@FLEET-003,BASE,REPLACE,completed,39.0,40.5,40.85,2.5,,6.0,0.0
lifecycle,e70960269eec88da76c7fc94e6e135d06a464be3b3c58017f568e3e26a79d27a,20260916,0.11.0,79,service,jobs,False,14,14,J000009,PREVENTIVE,POWER_PREVENTIVE,POWER#1,POWER,AIRCRAFT,AIRCRAFT@FLEET-004,BASE,IN_PLACE,completed,58.5,60.5,61.2,5.0,0.0,5.0,2.0
lifecycle,e70960269eec88da76c7fc94e6e135d06a464be3b3c58017f568e3e26a79d27a,20260916,0.11.0,79,service,jobs,False,14,14,J000010,PREVENTIVE,POWER_PREVENTIVE,POWER#2,POWER,AIRCRAFT,AIRCRAFT@FLEET-002,BASE,REPLACE,completed,62.5,63.0646846147689,63.5146846147689,3.5646846147689004,,3.0,0.0
lifecycle,e70960269eec88da76c7fc94e6e135d06a464be3b3c58017f568e3e26a79d27a,20260916,0.11.0,79,service,jobs,False,14,14,J000011,PREVENTIVE,POWER_PREVENTIVE,POWER#7,POWER,AIRCRAFT,,CENTER,OFF_ITEM,covered_by_corrective,62.5,,66.66468461476887,3.0,0.0,3.0,0.0
lifecycle,e70960269eec88da76c7fc94e6e135d06a464be3b3c58017f568e3e26a79d27a,20260916,0.11.0,79,service,jobs,False,14,14,J000012,CORRECTIVE,POWER_CORRECTIVE,POWER#7,POWER,AIRCRAFT,AIRCRAFT@FLEET-001,BASE,REPLACE,completed,62.5646846147689,63.0646846147689,63.614684614768905,3.0646846147689004,,3.0646846147689004,0.0
lifecycle,e70960269eec88da76c7fc94e6e135d06a464be3b3c58017f568e3e26a79d27a,20260916,0.11.0,79,service,jobs,False,14,14,J000013,PREVENTIVE,OFF_ITEM,POWER#2,POWER,AIRCRAFT,,CENTER,OFF_ITEM,completed,63.2646846147689,63.2646846147689,65.06468461476888,3.5646846147689004,0.0,3.5646846147689004,0.5646846147689004
lifecycle,e70960269eec88da76c7fc94e6e135d06a464be3b3c58017f568e3e26a79d27a,20260916,0.11.0,79,service,jobs,False,14,14,J000014,CORRECTIVE,OFF_ITEM,POWER#7,POWER,AIRCRAFT,,CENTER,OFF_ITEM,completed,63.364684614768905,63.364684614768905,66.66468461476887,3.0646846147689004,0.0,3.5646846147689004,0.06468461476890042
lifecycle,e70960269eec88da76c7fc94e6e135d06a464be3b3c58017f568e3e26a79d27a,20260916,0.11.0,80,service,jobs,False,12,12,J000001,CORRECTIVE,POWER_CORRECTIVE,POWER#4,POWER,AIRCRAFT,AIRCRAFT@FLEET-002,BASE,IN_PLACE,completed,6.24643735373372,6.49287470746744,8.192874707467439,0.2464373537337199,0.0,0.4928747074674398,0.0
lifecycle,e70960269eec88da76c7fc94e6e135d06a464be3b3c58017f568e3e26a79d27a,20260916,0.11.0,80,service,jobs,False,12,12,J000002,CORRECTIVE,POWER_CORRECTIVE,POWER#3,POWER,AIRCRAFT,AIRCRAFT@FLEET-001,BASE,REPLACE,completed,15.341089675805161,15.841089675805161,16.29108967580516,1.8339643832726011,,1.8339643832726011,0.0
lifecycle,e70960269eec88da76c7fc94e6e135d06a464be3b3c58017f568e3e26a79d27a,20260916,0.11.0,80,service,jobs,False,12,12,J000003,CORRECTIVE,OFF_ITEM,POWER#3,POWER,AIRCRAFT,,CENTER,OFF_ITEM,completed,16.04108967580516,16.04108967580516,18.741089675805163,1.8339643832726011,0.0,2.333964383272601,0.0
lifecycle,e70960269eec88da76c7fc94e6e135d06a464be3b3c58017f568e3e26a79d27a,20260916,0.11.0,80,service,jobs,False,12,12,J000004,PREVENTIVE,POWER_PREVENTIVE,POWER#5,POWER,AIRCRAFT,AIRCRAFT@FLEET-003,BASE,IN_PLACE,completed,30.5,32.5,33.900000000000006,5.0,0.0,5.0,2.0
lifecycle,e70960269eec88da76c7fc94e6e135d06a464be3b3c58017f568e3e26a79d27a,20260916,0.11.0,80,service,jobs,False,12,12,J000005,PREVENTIVE,POWER_PREVENTIVE,POWER#6,POWER,AIRCRAFT,AIRCRAFT@FLEET-004,BASE,IN_PLACE,completed,30.5,32.5,33.800000000000004,5.0,0.0,5.0,2.0
lifecycle,e70960269eec88da76c7fc94e6e135d06a464be3b3c58017f568e3e26a79d27a,20260916,0.11.0,80,service,jobs,False,12,12,J000006,PREVENTIVE,POWER_PREVENTIVE,POWER#4,POWER,AIRCRAFT,AIRCRAFT@FLEET-002,BASE,REPLACE,completed,35.158910324194835,36.5,36.95,4.341089675805161,,3.4928747074674362,0.0
lifecycle,e70960269eec88da76c7fc94e6e135d06a464be3b3c58017f568e3e26a79d27a,20260916,0.11.0,80,service,jobs,False,12,12,J000007,PREVENTIVE,OFF_ITEM,POWER#4,POWER,AIRCRAFT,,CENTER,OFF_ITEM,completed,36.7,36.7,38.400000000000006,4.341089675805161,0.0,4.833964383272601,1.3410896758051614
lifecycle,e70960269eec88da76c7fc94e6e135d06a464be3b3c58017f568e3e26a79d27a,20260916,0.11.0,80,service,jobs,False,12,12,J000008,RETIREMENT,POWER_CORRECTIVE,POWER#5,POWER,AIRCRAFT,AIRCRAFT@FLEET-003,BASE,REPLACE,completed,39.0,40.5,40.95,2.5,,6.0,0.0
lifecycle,e70960269eec88da76c7fc94e6e135d06a464be3b3c58017f568e3e26a79d27a,20260916,0.11.0,80,service,jobs,False,12,12,J000009,RETIREMENT,POWER_CORRECTIVE,POWER#6,POWER,AIRCRAFT,AIRCRAFT@FLEET-004,BASE,REPLACE,completed,39.0,40.5,40.85,2.5,,6.0,0.0
lifecycle,e70960269eec88da76c7fc94e6e135d06a464be3b3c58017f568e3e26a79d27a,20260916,0.11.0,80,service,jobs,False,12,12,J000010,PREVENTIVE,POWER_PREVENTIVE,POWER#1,POWER,AIRCRAFT,AIRCRAFT@FLEET-001,BASE,IN_PLACE,completed,54.5,56.5,57.2,5.0,0.0,5.0,2.0
lifecycle,e70960269eec88da76c7fc94e6e135d06a464be3b3c58017f568e3e26a79d27a,20260916,0.11.0,80,service,jobs,False,12,12,J000011,PREVENTIVE,POWER_PREVENTIVE,POWER#2,POWER,AIRCRAFT,AIRCRAFT@FLEET-002,BASE,IN_PLACE,completed,62.5,64.5,65.29999999999998,5.0,0.0,5.0,2.0
lifecycle,e70960269eec88da76c7fc94e6e135d06a464be3b3c58017f568e3e26a79d27a,20260916,0.11.0,80,service,jobs,False,12,12,J000012,RETIREMENT,POWER_CORRECTIVE,POWER#1,POWER,AIRCRAFT,AIRCRAFT@FLEET-001,BASE,REPLACE,completed,63.0,64.5,65.19999999999999,2.5,,6.0,0.0
lifecycle,e70960269eec88da76c7fc94e6e135d06a464be3b3c58017f568e3e26a79d27a,20260916,0.11.0,81,service,jobs,False,14,14,J000001,PREVENTIVE,POWER_PREVENTIVE,POWER#3,POWER,AIRCRAFT,AIRCRAFT@FLEET-001,BASE,REPLACE,completed,14.5,16.5,17.050000000000004,5.0,,3.0,0.0
lifecycle,e70960269eec88da76c7fc94e6e135d06a464be3b3c58017f568e3e26a79d27a,20260916,0.11.0,81,service,jobs,False,14,14,J000002,PREVENTIVE,POWER_PREVENTIVE,POWER#4,POWER,AIRCRAFT,AIRCRAFT@FLEET-002,BASE,REPLACE,completed,14.5,16.5,16.950000000000003,5.0,,3.0,0.0
lifecycle,e70960269eec88da76c7fc94e6e135d06a464be3b3c58017f568e3e26a79d27a,20260916,0.11.0,81,service,jobs,False,14,14,J000003,PREVENTIVE,OFF_ITEM,POWER#4,POWER,AIRCRAFT,,CENTER,OFF_ITEM,completed,16.700000000000003,16.700000000000003,19.000000000000007,5.0,0.0,5.0,2.0
lifecycle,e70960269eec88da76c7fc94e6e135d06a464be3b3c58017f568e3e26a79d27a,20260916,0.11.0,81,service,jobs,False,14,14,J000004,PREVENTIVE,OFF_ITEM,POWER#3,POWER,AIRCRAFT,,CENTER,OFF_ITEM,completed,16.800000000000004,16.800000000000004,19.10000000000001,5.0,0.0,5.0,2.0
lifecycle,e70960269eec88da76c7fc94e6e135d06a464be3b3c58017f568e3e26a79d27a,20260916,0.11.0,81,service,jobs,False,14,14,J000005,PREVENTIVE,POWER_PREVENTIVE,POWER#5,POWER,AIRCRAFT,AIRCRAFT@FLEET-003,BASE,REPLACE,completed,30.5,32.5,33.300000000000004,5.0,,3.0,0.0
lifecycle,e70960269eec88da76c7fc94e6e135d06a464be3b3c58017f568e3e26a79d27a,20260916,0.11.0,81,service,jobs,False,14,14,J000006,PREVENTIVE,POWER_PREVENTIVE,POWER#6,POWER,AIRCRAFT,AIRCRAFT@FLEET-004,BASE,IN_PLACE,completed,30.5,32.5,33.400000000000006,5.0,0.0,5.0,2.0
lifecycle,e70960269eec88da76c7fc94e6e135d06a464be3b3c58017f568e3e26a79d27a,20260916,0.11.0,81,service,jobs,False,14,14,J000007,PREVENTIVE,OFF_ITEM,POWER#5,POWER,AIRCRAFT,,CENTER,OFF_ITEM,completed,32.800000000000004,32.800000000000004,34.50000000000001,5.0,0.0,5.0,2.0
lifecycle,e70960269eec88da76c7fc94e6e135d06a464be3b3c58017f568e3e26a79d27a,20260916,0.11.0,81,service,jobs,False,14,14,J000008,CORRECTIVE,POWER_CORRECTIVE,POWER#6,POWER,AIRCRAFT,AIRCRAFT@FLEET-004,BASE,REPLACE,completed,38.45389295405906,38.907785908118115,39.35778590811812,0.4538929540590573,,5.453892954059057,0.0
lifecycle,e70960269eec88da76c7fc94e6e135d06a464be3b3c58017f568e3e26a79d27a,20260916,0.11.0,81,service,jobs,False,14,14,J000009,CORRECTIVE,OFF_ITEM,POWER#6,POWER,AIRCRAFT,,CENTER,OFF_ITEM,completed,39.10778590811812,39.10778590811812,41.80778590811812,0.4538929540590573,0.0,5.9077859081181145,0.0
lifecycle,e70960269eec88da76c7fc94e6e135d06a464be3b3c58017f568e3e26a79d27a,20260916,0.11.0,81,service,jobs,False,14,14,J000010,PREVENTIVE,POWER_PREVENTIVE,POWER#1,POWER,AIRCRAFT,AIRCRAFT@FLEET-002,BASE,IN_PLACE,completed,54.5,56.5,57.400000000000006,5.0,0.0,5.0,2.0
lifecycle,e70960269eec88da76c7fc94e6e135d06a464be3b3c58017f568e3e26a79d27a,20260916,0.11.0,81,service,jobs,False,14,14,J000011,PREVENTIVE,POWER_PREVENTIVE,POWER#2,POWER,AIRCRAFT,AIRCRAFT@FLEET-001,BASE,REPLACE,completed,54.5,56.5,57.300000000000004,5.0,,3.0,0.0
lifecycle,e70960269eec88da76c7fc94e6e135d06a464be3b3c58017f568e3e26a79d27a,20260916,0.11.0,81,service,jobs,False,14,14,J000012,PREVENTIVE,OFF_ITEM,POWER#2,POWER,AIRCRAFT,,CENTER,OFF_ITEM,completed,56.7,56.7,58.400000000000006,5.0,0.0,5.0,2.0
lifecycle,e70960269eec88da76c7fc94e6e135d06a464be3b3c58017f568e3e26a79d27a,20260916,0.11.0,81,service,jobs,False,14,14,J000013,PREVENTIVE,POWER_PREVENTIVE,POWER#7,POWER,AIRCRAFT,AIRCRAFT@FLEET-003,BASE,IN_PLACE,completed,60.092214091881885,60.5,61.2,3.4077859081181145,0.0,3.4077859081181145,0.40778590811811455
lifecycle,e70960269eec88da76c7fc94e6e135d06a464be3b3c58017f568e3e26a79d27a,20260916,0.11.0,81,service,jobs,False,14,14,J000014,RETIREMENT,POWER_CORRECTIVE,POWER#1,POWER,AIRCRAFT,AIRCRAFT@FLEET-002,BASE,REPLACE,completed,63.0,64.5,64.85,2.5,,6.0,0.0
lifecycle,e70960269eec88da76c7fc94e6e135d06a464be3b3c58017f568e3e26a79d27a,20260916,0.11.0,82,service,jobs,False,15,15,J000001,CORRECTIVE,POWER_CORRECTIVE,POWER#4,POWER,AIRCRAFT,AIRCRAFT@FLEET-002,BASE,IN_PLACE,completed,8.215291285129533,8.5,10.2,2.215291285129533,0.0,2.5,0.0
lifecycle,e70960269eec88da76c7fc94e6e135d06a464be3b3c58017f568e3e26a79d27a,20260916,0.11.0,82,service,jobs,False,15,15,J000002,PREVENTIVE,POWER_PREVENTIVE,POWER#3,POWER,AIRCRAFT,AIRCRAFT@FLEET-001,BASE,REPLACE,completed,14.5,16.5,16.950000000000003,5.0,,3.0,0.0
lifecycle,e70960269eec88da76c7fc94e6e135d06a464be3b3c58017f568e3e26a79d27a,20260916,0.11.0,82,service,jobs,False,15,15,J000003,PREVENTIVE,OFF_ITEM,POWER#3,POWER,AIRCRAFT,,CENTER,OFF_ITEM,completed,16.700000000000003,16.700000000000003,18.400000000000006,5.0,0.0,5.0,2.0
lifecycle,e70960269eec88da76c7fc94e6e135d06a464be3b3c58017f568e3e26a79d27a,20260916,0.11.0,82,service,jobs,False,15,15,J000004,PREVENTIVE,POWER_PREVENTIVE,POWER#5,POWER,AIRCRAFT,AIRCRAFT@FLEET-003,BASE,REPLACE,completed,30.5,31.12408601533359,32.92408601533359,3.6240860153335888,,3.0,0.0
lifecycle,e70960269eec88da76c7fc94e6e135d06a464be3b3c58017f568e3e26a79d27a,20260916,0.11.0,82,service,jobs,False,15,15,J000005,PREVENTIVE,POWER_PREVENTIVE,POWER#6,POWER,AIRCRAFT,AIRCRAFT@FLEET-004,BASE,REPLACE,covered_by_corrective,30.5,,33.024086015333594,3.0,0.0,3.0,0.0
lifecycle,e70960269eec88da76c7fc94e6e135d06a464be3b3c58017f568e3e26a79d27a,20260916,0.11.0,82,service,jobs,False,15,15,J000006,CORRECTIVE,POWER_CORRECTIVE,POWER#6,POWER,AIRCRAFT,AIRCRAFT@FLEET-004,BASE,IN_PLACE,completed,30.62408601533359,31.12408601533359,33.024086015333594,3.1240860153335888,0.0,3.6240860153335888,0.12408601533358876
lifecycle,e70960269eec88da76c7fc94e6e135d06a464be3b3c58017f568e3e26a79d27a,20260916,0.11.0,82,service,jobs,False,15,15,J000007,PREVENTIVE,OFF_ITEM,POWER#5,POWER,AIRCRAFT,,CENTER,OFF_ITEM,completed,31.32408601533359,31.32408601533359,33.024086015333594,3.6240860153335888,0.0,3.6240860153335888,0.6240860153335888
lifecycle,e70960269eec88da76c7fc94e6e135d06a464be3b3c58017f568e3e26a79d27a,20260916,0.11.0,82,service,jobs,False,15,15,J000008,PREVENTIVE,POWER_PREVENTIVE,POWER#4,POWER,AIRCRAFT,AIRCRAFT@FLEET-002,BASE,IN_PLACE,cancelled_retirement,34.5,,35.0,3.0,,5.5,0.0
lifecycle,e70960269eec88da76c7fc94e6e135d06a464be3b3c58017f568e3e26a79d27a,20260916,0.11.0,82,service,jobs,False,15,15,J000009,RETIREMENT,POWER_CORRECTIVE,POWER#4,POWER,AIRCRAFT,AIRCRAFT@FLEET-002,BASE,REPLACE,completed,35.0,36.5,36.85,5.0,,6.0,0.0
lifecycle,e70960269eec88da76c7fc94e6e135d06a464be3b3c58017f568e3e26a79d27a,20260916,0.11.0,82,service,jobs,False,15,15,J000010,RETIREMENT,POWER_CORRECTIVE,POWER#6,POWER,AIRCRAFT,AIRCRAFT@FLEET-004,BASE,REPLACE,completed,40.37591398466641,40.5,40.85,2.5,,6.0,0.0
lifecycle,e70960269eec88da76c7fc94e6e135d06a464be3b3c58017f568e3e26a79d27a,20260916,0.11.0,82,service,jobs,False,15,15,J000011,PREVENTIVE,POWER_PREVENTIVE,POWER#1,POWER,AIRCRAFT,AIRCRAFT@FLEET-001,BASE,IN_PLACE,completed,54.5,56.5,57.2,5.0,0.0,5.0,2.0
lifecycle,e70960269eec88da76c7fc94e6e135d06a464be3b3c58017f568e3e26a79d27a,20260916,0.11.0,82,service,jobs,False,15,15,J000012,PREVENTIVE,POWER_PREVENTIVE,POWER#2,POWER,AIRCRAFT,AIRCRAFT@FLEET-003,BASE,IN_PLACE,completed,58.5,60.5,61.2,5.0,0.0,5.0,2.0
lifecycle,e70960269eec88da76c7fc94e6e135d06a464be3b3c58017f568e3e26a79d27a,20260916,0.11.0,82,service,jobs,False,15,15,J000013,PREVENTIVE,POWER_PREVENTIVE,POWER#7,POWER,AIRCRAFT,AIRCRAFT@FLEET-002,BASE,REPLACE,completed,62.5,64.5,64.94999999999999,5.0,,3.0,0.0
lifecycle,e70960269eec88da76c7fc94e6e135d06a464be3b3c58017f568e3e26a79d27a,20260916,0.11.0,82,service,jobs,False,15,15,J000014,RETIREMENT,POWER_CORRECTIVE,POWER#1,POWER,AIRCRAFT,AIRCRAFT@FLEET-001,BASE,REPLACE,completed,63.0,64.5,64.85,2.5,,6.0,0.0
lifecycle,e70960269eec88da76c7fc94e6e135d06a464be3b3c58017f568e3e26a79d27a,20260916,0.11.0,82,service,jobs,False,15,15,J000015,PREVENTIVE,OFF_ITEM,POWER#7,POWER,AIRCRAFT,,CENTER,OFF_ITEM,completed,64.69999999999999,64.69999999999999,66.39999999999998,5.0,0.0,5.0,2.0
lifecycle,e70960269eec88da76c7fc94e6e135d06a464be3b3c58017f568e3e26a79d27a,20260916,0.11.0,83,service,jobs,False,15,15,J000001,PREVENTIVE,POWER_PREVENTIVE,POWER#3,POWER,AIRCRAFT,AIRCRAFT@FLEET-001,BASE,IN_PLACE,completed,14.5,16.5,17.400000000000006,5.0,0.0,5.0,2.0
lifecycle,e70960269eec88da76c7fc94e6e135d06a464be3b3c58017f568e3e26a79d27a,20260916,0.11.0,83,service,jobs,False,15,15,J000002,PREVENTIVE,POWER_PREVENTIVE,POWER#4,POWER,AIRCRAFT,AIRCRAFT@FLEET-002,BASE,REPLACE,completed,14.5,16.5,17.300000000000004,5.0,,3.0,0.0
lifecycle,e70960269eec88da76c7fc94e6e135d06a464be3b3c58017f568e3e26a79d27a,20260916,0.11.0,83,service,jobs,False,15,15,J000003,PREVENTIVE,OFF_ITEM,POWER#4,POWER,AIRCRAFT,,CENTER,OFF_ITEM,completed,16.700000000000003,16.700000000000003,18.400000000000006,5.0,0.0,5.0,2.0
lifecycle,e70960269eec88da76c7fc94e6e135d06a464be3b3c58017f568e3e26a79d27a,20260916,0.11.0,83,service,jobs,False,15,15,J000004,PREVENTIVE,POWER_PREVENTIVE,POWER#5,POWER,AIRCRAFT,AIRCRAFT@FLEET-003,BASE,REPLACE,completed,30.5,32.5,33.050000000000004,5.0,,3.0,0.0
lifecycle,e70960269eec88da76c7fc94e6e135d06a464be3b3c58017f568e3e26a79d27a,20260916,0.11.0,83,service,jobs,False,15,15,J000005,PREVENTIVE,POWER_PREVENTIVE,POWER#6,POWER,AIRCRAFT,AIRCRAFT@FLEET-004,BASE,REPLACE,completed,30.5,32.5,32.95,5.0,,3.0,0.0
lifecycle,e70960269eec88da76c7fc94e6e135d06a464be3b3c58017f568e3e26a79d27a,20260916,0.11.0,83,service,jobs,False,15,15,J000006,PREVENTIVE,OFF_ITEM,POWER#6,POWER,AIRCRAFT,,CENTER,OFF_ITEM,completed,32.7,32.7,35.00000000000001,5.0,0.0,5.0,2.0
lifecycle,e70960269eec88da76c7fc94e6e135d06a464be3b3c58017f568e3e26a79d27a,20260916,0.11.0,83,service,jobs,False,15,15,J000007,PREVENTIVE,OFF_ITEM,POWER#5,POWER,AIRCRAFT,,CENTER,OFF_ITEM,completed,32.800000000000004,32.800000000000004,35.10000000000001,5.0,0.0,5.0,2.0
lifecycle,e70960269eec88da76c7fc94e6e135d06a464be3b3c58017f568e3e26a79d27a,20260916,0.11.0,83,service,jobs,False,15,15,J000008,RETIREMENT,POWER_CORRECTIVE,POWER#3,POWER,AIRCRAFT,AIRCRAFT@FLEET-001,BASE,REPLACE,completed,35.0,36.5,36.85,2.5,,6.0,0.0
lifecycle,e70960269eec88da76c7fc94e6e135d06a464be3b3c58017f568e3e26a79d27a,20260916,0.11.0,83,service,jobs,False,15,15,J000009,PREVENTIVE,POWER_PREVENTIVE,POWER#1,POWER,AIRCRAFT,AIRCRAFT@FLEET-002,BASE,IN_PLACE,covered_by_corrective,54.5,,56.828324125246716,3.0,0.0,3.0,0.0
lifecycle,e70960269eec88da76c7fc94e6e135d06a464be3b3c58017f568e3e26a79d27a,20260916,0.11.0,83,service,jobs,False,15,15,J000010,CORRECTIVE,POWER_CORRECTIVE,POWER#1,POWER,AIRCRAFT,AIRCRAFT@FLEET-002,BASE,IN_PLACE,completed,54.62832412524671,55.12832412524671,56.828324125246716,3.1283241252467135,0.0,3.6283241252467135,0.12832412524671355
lifecycle,e70960269eec88da76c7fc94e6e135d06a464be3b3c58017f568e3e26a79d27a,20260916,0.11.0,83,service,jobs,False,15,15,J000011,PREVENTIVE,POWER_PREVENTIVE,POWER#2,POWER,AIRCRAFT,AIRCRAFT@FLEET-004,BASE,IN_PLACE,completed,58.5,60.5,61.900000000000006,5.0,0.0,5.0,2.0
lifecycle,e70960269eec88da76c7fc94e6e135d06a464be3b3c58017f568e3e26a79d27a,20260916,0.11.0,83,service,jobs,False,15,15,J000012,PREVENTIVE,POWER_PREVENTIVE,POWER#7,POWER,AIRCRAFT,AIRCRAFT@FLEET-003,BASE,IN_PLACE,completed,58.5,60.5,61.800000000000004,5.0,0.0,5.0,2.0
lifecycle,e70960269eec88da76c7fc94e6e135d06a464be3b3c58017f568e3e26a79d27a,20260916,0.11.0,83,service,jobs,False,15,15,J000013,PREVENTIVE,POWER_PREVENTIVE,POWER#8,POWER,AIRCRAFT,AIRCRAFT@FLEET-001,BASE,REPLACE,completed,63.87167587475329,64.5,64.94999999999999,3.6283241252467135,,3.0,0.0
lifecycle,e70960269eec88da76c7fc94e6e135d06a464be3b3c58017f568e3e26a79d27a,20260916,0.11.0,83,service,jobs,False,15,15,J000014,RETIREMENT,POWER_CORRECTIVE,POWER#1,POWER,AIRCRAFT,AIRCRAFT@FLEET-002,BASE,REPLACE,completed,64.3716758747533,64.5,64.85,2.5,,6.000000000000007,0.0
lifecycle,e70960269eec88da76c7fc94e6e135d06a464be3b3c58017f568e3e26a79d27a,20260916,0.11.0,83,service,jobs,False,15,15,J000015,PREVENTIVE,OFF_ITEM,POWER#8,POWER,AIRCRAFT,,CENTER,OFF_ITEM,completed,64.69999999999999,64.69999999999999,66.39999999999998,3.6283241252467135,0.0,3.6283241252467135,0.6283241252467135
lifecycle,e70960269eec88da76c7fc94e6e135d06a464be3b3c58017f568e3e26a79d27a,20260916,0.11.0,84,service,jobs,False,14,14,J000001,CORRECTIVE,POWER_CORRECTIVE,POWER#3,POWER,AIRCRAFT,AIRCRAFT@FLEET-001,BASE,REPLACE,completed,6.595610829199725,7.095610829199725,7.545610829199724,0.5956108291997246,,0.5956108291997246,0.0
lifecycle,e70960269eec88da76c7fc94e6e135d06a464be3b3c58017f568e3e26a79d27a,20260916,0.11.0,84,service,jobs,False,14,14,J000002,CORRECTIVE,OFF_ITEM,POWER#3,POWER,AIRCRAFT,,CENTER,OFF_ITEM,completed,7.295610829199724,7.295610829199724,9.995610829199723,0.5956108291997246,0.0,1.0956108291997246,0.0
lifecycle,e70960269eec88da76c7fc94e6e135d06a464be3b3c58017f568e3e26a79d27a,20260916,0.11.0,84,service,jobs,False,14,14,J000003,PREVENTIVE,POWER_PREVENTIVE,POWER#4,POWER,AIRCRAFT,AIRCRAFT@FLEET-002,BASE,REPLACE,completed,15.904389170800275,16.5,16.950000000000003,3.5956108291997246,,3.0,0.0
lifecycle,e70960269eec88da76c7fc94e6e135d06a464be3b3c58017f568e3e26a79d27a,20260916,0.11.0,84,service,jobs,False,14,14,J000004,PREVENTIVE,OFF_ITEM,POWER#4,POWER,AIRCRAFT,,CENTER,OFF_ITEM,completed,16.700000000000003,16.700000000000003,18.400000000000006,3.5956108291997246,0.0,3.5956108291997246,0.5956108291997246
lifecycle,e70960269eec88da76c7fc94e6e135d06a464be3b3c58017f568e3e26a79d27a,20260916,0.11.0,84,service,jobs,False,14,14,J000005,PREVENTIVE,POWER_PREVENTIVE,POWER#5,POWER,AIRCRAFT,AIRCRAFT@FLEET-003,BASE,IN_PLACE,completed,30.5,32.5,33.400000000000006,5.0,0.0,5.0,2.0
lifecycle,e70960269eec88da76c7fc94e6e135d06a464be3b3c58017f568e3e26a79d27a,20260916,0.11.0,84,service,jobs,False,14,14,J000006,PREVENTIVE,POWER_PREVENTIVE,POWER#6,POWER,AIRCRAFT,AIRCRAFT@FLEET-004,BASE,REPLACE,completed,30.5,32.5,33.300000000000004,5.0,,3.0,0.0
lifecycle,e70960269eec88da76c7fc94e6e135d06a464be3b3c58017f568e3e26a79d27a,20260916,0.11.0,84,service,jobs,False,14,14,J000007,PREVENTIVE,OFF_ITEM,POWER#6,POWER,AIRCRAFT,,CENTER,OFF_ITEM,completed,32.7,32.7,34.400000000000006,5.0,0.0,5.0,2.0
lifecycle,e70960269eec88da76c7fc94e6e135d06a464be3b3c58017f568e3e26a79d27a,20260916,0.11.0,84,service,jobs,False,14,14,J000008,PREVENTIVE,POWER_PREVENTIVE,POWER#1,POWER,AIRCRAFT,AIRCRAFT@FLEET-001,BASE,IN_PLACE,completed,34.5,36.5,37.2,5.0,0.0,5.0,2.0
lifecycle,e70960269eec88da76c7fc94e6e135d06a464be3b3c58017f568e3e26a79d27a,20260916,0.11.0,84,service,jobs,False,14,14,J000009,RETIREMENT,POWER_CORRECTIVE,POWER#5,POWER,AIRCRAFT,AIRCRAFT@FLEET-003,BASE,REPLACE,completed,39.0,40.5,40.85,2.5,,6.0,0.0
lifecycle,e70960269eec88da76c7fc94e6e135d06a464be3b3c58017f568e3e26a79d27a,20260916,0.11.0,84,service,jobs,False,14,14,J000010,PREVENTIVE,POWER_PREVENTIVE,POWER#2,POWER,AIRCRAFT,AIRCRAFT@FLEET-002,BASE,REPLACE,completed,54.5,56.5,56.95,5.0,,3.0,0.0
lifecycle,e70960269eec88da76c7fc94e6e135d06a464be3b3c58017f568e3e26a79d27a,20260916,0.11.0,84,service,jobs,False,14,14,J000011,RETIREMENT,POWER_CORRECTIVE,POWER#1,POWER,AIRCRAFT,AIRCRAFT@FLEET-001,BASE,REPLACE,completed,55.0,56.5,56.85,2.5,,6.0,0.0
lifecycle,e70960269eec88da76c7fc94e6e135d06a464be3b3c58017f568e3e26a79d27a,20260916,0.11.0,84,service,jobs,False,14,14,J000012,PREVENTIVE,OFF_ITEM,POWER#2,POWER,AIRCRAFT,,CENTER,OFF_ITEM,completed,56.7,56.7,58.400000000000006,5.0,0.0,5.0,2.0
lifecycle,e70960269eec88da76c7fc94e6e135d06a464be3b3c58017f568e3e26a79d27a,20260916,0.11.0,84,service,jobs,False,14,14,J000013,PREVENTIVE,POWER_PREVENTIVE,POWER#7,POWER,AIRCRAFT,AIRCRAFT@FLEET-004,BASE,REPLACE,completed,58.5,60.5,60.95,5.0,,3.0,0.0
lifecycle,e70960269eec88da76c7fc94e6e135d06a464be3b3c58017f568e3e26a79d27a,20260916,0.11.0,84,service,jobs,False,14,14,J000014,PREVENTIVE,OFF_ITEM,POWER#7,POWER,AIRCRAFT,,CENTER,OFF_ITEM,completed,60.7,60.7,62.400000000000006,5.0,0.0,5.0,2.0
lifecycle,e70960269eec88da76c7fc94e6e135d06a464be3b3c58017f568e3e26a79d27a,20260916,0.11.0,85,service,jobs,False,14,14,J000001,PREVENTIVE,POWER_PREVENTIVE,POWER#3,POWER,AIRCRAFT,AIRCRAFT@FLEET-001,BASE,REPLACE,completed,14.5,16.5,17.050000000000004,5.0,,3.0,0.0
lifecycle,e70960269eec88da76c7fc94e6e135d06a464be3b3c58017f568e3e26a79d27a,20260916,0.11.0,85,service,jobs,False,14,14,J000002,PREVENTIVE,POWER_PREVENTIVE,POWER#4,POWER,AIRCRAFT,AIRCRAFT@FLEET-002,BASE,REPLACE,completed,14.5,16.5,16.950000000000003,5.0,,3.0,0.0
lifecycle,e70960269eec88da76c7fc94e6e135d06a464be3b3c58017f568e3e26a79d27a,20260916,0.11.0,85,service,jobs,False,14,14,J000003,PREVENTIVE,OFF_ITEM,POWER#4,POWER,AIRCRAFT,,CENTER,OFF_ITEM,completed,16.700000000000003,16.700000000000003,19.000000000000007,5.0,0.0,5.0,2.0
lifecycle,e70960269eec88da76c7fc94e6e135d06a464be3b3c58017f568e3e26a79d27a,20260916,0.11.0,85,service,jobs,False,14,14,J000004,PREVENTIVE,OFF_ITEM,POWER#3,POWER,AIRCRAFT,,CENTER,OFF_ITEM,completed,16.800000000000004,16.800000000000004,19.10000000000001,5.0,0.0,5.0,2.0
lifecycle,e70960269eec88da76c7fc94e6e135d06a464be3b3c58017f568e3e26a79d27a,20260916,0.11.0,85,service,jobs,False,14,14,J000005,CORRECTIVE,POWER_CORRECTIVE,POWER#5,POWER,AIRCRAFT,AIRCRAFT@FLEET-003,BASE,REPLACE,completed,30.26565711591482,30.53131423182964,31.331314231829644,2.76565711591482,,2.76565711591482,0.0
lifecycle,e70960269eec88da76c7fc94e6e135d06a464be3b3c58017f568e3e26a79d27a,20260916,0.11.0,85,service,jobs,False,14,14,J000006,PREVENTIVE,POWER_PREVENTIVE,POWER#6,POWER,AIRCRAFT,AIRCRAFT@FLEET-004,BASE,IN_PLACE,completed,30.5,30.53131423182964,31.431314231829646,3.03131423182964,0.0,3.03131423182964,0.031314231829639994
lifecycle,e70960269eec88da76c7fc94e6e135d06a464be3b3c58017f568e3e26a79d27a,20260916,0.11.0,85,service,jobs,False,14,14,J000007,CORRECTIVE,OFF_ITEM,POWER#5,POWER,AIRCRAFT,,CENTER,OFF_ITEM,completed,30.831314231829644,30.831314231829644,33.53131423182965,2.76565711591482,0.0,3.03131423182964,0.0
lifecycle,e70960269eec88da76c7fc94e6e135d06a464be3b3c58017f568e3e26a79d27a,20260916,0.11.0,85,service,jobs,False,14,14,J000008,PREVENTIVE,POWER_PREVENTIVE,POWER#1,POWER,AIRCRAFT,AIRCRAFT@FLEET-002,BASE,IN_PLACE,completed,54.5,56.5,57.400000000000006,5.0,0.0,5.0,2.0
lifecycle,e70960269eec88da76c7fc94e6e135d06a464be3b3c58017f568e3e26a79d27a,20260916,0.11.0,85,service,jobs,False,14,14,J000009,PREVENTIVE,POWER_PREVENTIVE,POWER#2,POWER,AIRCRAFT,AIRCRAFT@FLEET-001,BASE,REPLACE,completed,54.5,56.5,57.300000000000004,5.0,,3.0,0.0
lifecycle,e70960269eec88da76c7fc94e6e135d06a464be3b3c58017f568e3e26a79d27a,20260916,0.11.0,85,service,jobs,False,14,14,J000010,PREVENTIVE,OFF_ITEM,POWER#2,POWER,AIRCRAFT,,CENTER,OFF_ITEM,completed,56.7,56.7,58.400000000000006,5.0,0.0,5.0,2.0
lifecycle,e70960269eec88da76c7fc94e6e135d06a464be3b3c58017f568e3e26a79d27a,20260916,0.11.0,85,service,jobs,False,14,14,J000011,RETIREMENT,POWER_CORRECTIVE,POWER#6,POWER,AIRCRAFT,AIRCRAFT@FLEET-004,BASE,REPLACE,completed,58.46868576817036,60.5,60.85,5.0,,6.0,0.0
lifecycle,e70960269eec88da76c7fc94e6e135d06a464be3b3c58017f568e3e26a79d27a,20260916,0.11.0,85,service,jobs,False,14,14,J000012,PREVENTIVE,POWER_PREVENTIVE,POWER#7,POWER,AIRCRAFT,AIRCRAFT@FLEET-003,BASE,REPLACE,completed,58.5,60.5,60.95,5.0,,3.0,0.0
lifecycle,e70960269eec88da76c7fc94e6e135d06a464be3b3c58017f568e3e26a79d27a,20260916,0.11.0,85,service,jobs,False,14,14,J000013,PREVENTIVE,OFF_ITEM,POWER#7,POWER,AIRCRAFT,,CENTER,OFF_ITEM,completed,60.7,60.7,62.400000000000006,5.0,0.0,5.0,2.0
lifecycle,e70960269eec88da76c7fc94e6e135d06a464be3b3c58017f568e3e26a79d27a,20260916,0.11.0,85,service,jobs,False,14,14,J000014,RETIREMENT,POWER_CORRECTIVE,POWER#1,POWER,AIRCRAFT,AIRCRAFT@FLEET-002,BASE,REPLACE,completed,63.0,64.5,64.85,2.5,,6.0,0.0
lifecycle,e70960269eec88da76c7fc94e6e135d06a464be3b3c58017f568e3e26a79d27a,20260916,0.11.0,86,service,jobs,False,13,13,J000001,CORRECTIVE,POWER_CORRECTIVE,POWER#3,POWER,AIRCRAFT,AIRCRAFT@FLEET-001,BASE,IN_PLACE,completed,7.216936183000119,7.716936183000119,9.416936183000118,1.2169361830001186,0.0,1.7169361830001186,0.0
lifecycle,e70960269eec88da76c7fc94e6e135d06a464be3b3c58017f568e3e26a79d27a,20260916,0.11.0,86,service,jobs,False,13,13,J000002,PREVENTIVE,POWER_PREVENTIVE,POWER#4,POWER,AIRCRAFT,AIRCRAFT@FLEET-002,BASE,REPLACE,completed,15.283063816999881,16.5,16.950000000000003,4.216936183000119,,3.0,0.0
lifecycle,e70960269eec88da76c7fc94e6e135d06a464be3b3c58017f568e3e26a79d27a,20260916,0.11.0,86,service,jobs,False,13,13,J000003,PREVENTIVE,OFF_ITEM,POWER#4,POWER,AIRCRAFT,,CENTER,OFF_ITEM,completed,16.700000000000003,16.700000000000003,18.400000000000006,4.216936183000119,0.0,4.216936183000119,1.2169361830001186
lifecycle,e70960269eec88da76c7fc94e6e135d06a464be3b3c58017f568e3e26a79d27a,20260916,0.11.0,86,service,jobs,False,13,13,J000004,PREVENTIVE,POWER_PREVENTIVE,POWER#5,POWER,AIRCRAFT,AIRCRAFT@FLEET-003,BASE,REPLACE,completed,30.5,32.5,33.300000000000004,5.0,,3.0,0.0
lifecycle,e70960269eec88da76c7fc94e6e135d06a464be3b3c58017f568e3e26a79d27a,20260916,0.11.0,86,service,jobs,False,13,13,J000005,PREVENTIVE,POWER_PREVENTIVE,POWER#6,POWER,AIRCRAFT,AIRCRAFT@FLEET-004,BASE,IN_PLACE,completed,30.5,32.5,33.400000000000006,5.0,0.0,5.0,2.0
lifecycle,e70960269eec88da76c7fc94e6e135d06a464be3b3c58017f568e3e26a79d27a,20260916,0.11.0,86,service,jobs,False,13,13,J000006,PREVENTIVE,OFF_ITEM,POWER#5,POWER,AIRCRAFT,,CENTER,OFF_ITEM,completed,32.800000000000004,32.800000000000004,34.50000000000001,5.0,0.0,5.0,2.0
lifecycle,e70960269eec88da76c7fc94e6e135d06a464be3b3c58017f568e3e26a79d27a,20260916,0.11.0,86,service,jobs,False,13,13,J000007,PREVENTIVE,POWER_PREVENTIVE,POWER#3,POWER,AIRCRAFT,AIRCRAFT@FLEET-001,BASE,REPLACE,cancelled_retirement,34.5,,35.783063816999885,3.0,,4.716936183000119,0.0
lifecycle,e70960269eec88da76c7fc94e6e135d06a464be3b3c58017f568e3e26a79d27a,20260916,0.11.0,86,service,jobs,False,13,13,J000008,RETIREMENT,POWER_CORRECTIVE,POWER#3,POWER,AIRCRAFT,AIRCRAFT@FLEET-001,BASE,REPLACE,completed,35.783063816999885,36.5,36.85,5.0,,6.0000000000000036,0.0
lifecycle,e70960269eec88da76c7fc94e6e135d06a464be3b3c58017f568e3e26a79d27a,20260916,0.11.0,86,service,jobs,False,13,13,J000009,RETIREMENT,POWER_CORRECTIVE,POWER#6,POWER,AIRCRAFT,AIRCRAFT@FLEET-004,BASE,REPLACE,completed,39.0,40.5,40.85,2.5,,6.0,0.0
lifecycle,e70960269eec88da76c7fc94e6e135d06a464be3b3c58017f568e3e26a79d27a,20260916,0.11.0,86,service,jobs,False,13,13,J000010,PREVENTIVE,POWER_PREVENTIVE,POWER#1,POWER,AIRCRAFT,AIRCRAFT@FLEET-002,BASE,IN_PLACE,completed,54.5,56.5,57.2,5.0,0.0,5.0,2.0
lifecycle,e70960269eec88da76c7fc94e6e135d06a464be3b3c58017f568e3e26a79d27a,20260916,0.11.0,86,service,jobs,False,13,13,J000011,PREVENTIVE,POWER_PREVENTIVE,POWER#2,POWER,AIRCRAFT,AIRCRAFT@FLEET-003,BASE,IN_PLACE,completed,58.5,60.5,61.2,5.0,0.0,5.0,2.0
lifecycle,e70960269eec88da76c7fc94e6e135d06a464be3b3c58017f568e3e26a79d27a,20260916,0.11.0,86,service,jobs,False,13,13,J000012,PREVENTIVE,POWER_PREVENTIVE,POWER#7,POWER,AIRCRAFT,AIRCRAFT@FLEET-001,BASE,IN_PLACE,completed,62.5,64.5,65.29999999999998,5.0,0.0,5.0,2.0
lifecycle,e70960269eec88da76c7fc94e6e135d06a464be3b3c58017f568e3e26a79d27a,20260916,0.11.0,86,service,jobs,False,13,13,J000013,RETIREMENT,POWER_CORRECTIVE,POWER#1,POWER,AIRCRAFT,AIRCRAFT@FLEET-002,BASE,REPLACE,completed,63.0,64.5,65.19999999999999,2.5,,6.0,0.0
lifecycle,e70960269eec88da76c7fc94e6e135d06a464be3b3c58017f568e3e26a79d27a,20260916,0.11.0,87,service,jobs,False,12,12,J000001,PREVENTIVE,POWER_PREVENTIVE,POWER#3,POWER,AIRCRAFT,AIRCRAFT@FLEET-001,BASE,IN_PLACE,completed,14.5,16.5,17.400000000000006,5.0,0.0,5.0,2.0
lifecycle,e70960269eec88da76c7fc94e6e135d06a464be3b3c58017f568e3e26a79d27a,20260916,0.11.0,87,service,jobs,False,12,12,J000002,PREVENTIVE,POWER_PREVENTIVE,POWER#4,POWER,AIRCRAFT,AIRCRAFT@FLEET-002,BASE,REPLACE,completed,14.5,16.5,17.300000000000004,5.0,,3.0,0.0
lifecycle,e70960269eec88da76c7fc94e6e135d06a464be3b3c58017f568e3e26a79d27a,20260916,0.11.0,87,service,jobs,False,12,12,J000003,PREVENTIVE,OFF_ITEM,POWER#4,POWER,AIRCRAFT,,CENTER,OFF_ITEM,completed,16.700000000000003,16.700000000000003,18.400000000000006,5.0,0.0,5.0,2.0
lifecycle,e70960269eec88da76c7fc94e6e135d06a464be3b3c58017f568e3e26a79d27a,20260916,0.11.0,87,service,jobs,False,12,12,J000004,PREVENTIVE,POWER_PREVENTIVE,POWER#5,POWER,AIRCRAFT,AIRCRAFT@FLEET-003,BASE,IN_PLACE,completed,30.5,32.5,33.900000000000006,5.0,0.0,5.0,2.0
lifecycle,e70960269eec88da76c7fc94e6e135d06a464be3b3c58017f568e3e26a79d27a,20260916,0.11.0,87,service,jobs,False,12,12,J000005,PREVENTIVE,POWER_PREVENTIVE,POWER#6,POWER,AIRCRAFT,AIRCRAFT@FLEET-004,BASE,IN_PLACE,completed,30.5,32.5,33.800000000000004,5.0,0.0,5.0,2.0
lifecycle,e70960269eec88da76c7fc94e6e135d06a464be3b3c58017f568e3e26a79d27a,20260916,0.11.0,87,service,jobs,False,12,12,J000006,RETIREMENT,POWER_CORRECTIVE,POWER#3,POWER,AIRCRAFT,AIRCRAFT@FLEET-001,BASE,REPLACE,completed,35.0,36.5,36.85,2.5,,6.0,0.0
lifecycle,e70960269eec88da76c7fc94e6e135d06a464be3b3c58017f568e3e26a79d27a,20260916,0.11.0,87,service,jobs,False,12,12,J000007,RETIREMENT,POWER_CORRECTIVE,POWER#5,POWER,AIRCRAFT,AIRCRAFT@FLEET-003,BASE,REPLACE,completed,39.0,40.5,40.95,2.5,,6.0,0.0
lifecycle,e70960269eec88da76c7fc94e6e135d06a464be3b3c58017f568e3e26a79d27a,20260916,0.11.0,87,service,jobs,False,12,12,J000008,RETIREMENT,POWER_CORRECTIVE,POWER#6,POWER,AIRCRAFT,AIRCRAFT@FLEET-004,BASE,REPLACE,completed,39.0,40.5,40.85,2.5,,6.0,0.0
lifecycle,e70960269eec88da76c7fc94e6e135d06a464be3b3c58017f568e3e26a79d27a,20260916,0.11.0,87,service,jobs,False,12,12,J000009,PREVENTIVE,POWER_PREVENTIVE,POWER#1,POWER,AIRCRAFT,AIRCRAFT@FLEET-002,BASE,REPLACE,completed,54.5,56.5,56.95,5.0,,3.0,0.0
lifecycle,e70960269eec88da76c7fc94e6e135d06a464be3b3c58017f568e3e26a79d27a,20260916,0.11.0,87,service,jobs,False,12,12,J000010,PREVENTIVE,OFF_ITEM,POWER#1,POWER,AIRCRAFT,,CENTER,OFF_ITEM,completed,56.7,56.7,58.400000000000006,5.0,0.0,5.0,2.0
lifecycle,e70960269eec88da76c7fc94e6e135d06a464be3b3c58017f568e3e26a79d27a,20260916,0.11.0,87,service,jobs,False,12,12,J000011,PREVENTIVE,POWER_PREVENTIVE,POWER#2,POWER,AIRCRAFT,AIRCRAFT@FLEET-001,BASE,REPLACE,completed,62.5,64.5,64.94999999999999,5.0,,3.0,0.0
lifecycle,e70960269eec88da76c7fc94e6e135d06a464be3b3c58017f568e3e26a79d27a,20260916,0.11.0,87,service,jobs,False,12,12,J000012,PREVENTIVE,OFF_ITEM,POWER#2,POWER,AIRCRAFT,,CENTER,OFF_ITEM,completed,64.69999999999999,64.69999999999999,66.39999999999998,5.0,0.0,5.0,2.0
lifecycle,e70960269eec88da76c7fc94e6e135d06a464be3b3c58017f568e3e26a79d27a,20260916,0.11.0,88,service,jobs,False,17,17,J000001,CORRECTIVE,POWER_CORRECTIVE,POWER#5,POWER,AIRCRAFT,AIRCRAFT@FLEET-003,BASE,IN_PLACE,completed,12.29958475136655,12.5,14.2,2.2995847513665506,0.0,2.5,0.0
lifecycle,e70960269eec88da76c7fc94e6e135d06a464be3b3c58017f568e3e26a79d27a,20260916,0.11.0,88,service,jobs,False,17,17,J000002,PREVENTIVE,POWER_PREVENTIVE,POWER#3,POWER,AIRCRAFT,AIRCRAFT@FLEET-001,BASE,IN_PLACE,completed,14.5,16.5,17.400000000000006,5.0,0.0,5.0,2.0
lifecycle,e70960269eec88da76c7fc94e6e135d06a464be3b3c58017f568e3e26a79d27a,20260916,0.11.0,88,service,jobs,False,17,17,J000003,PREVENTIVE,POWER_PREVENTIVE,POWER#4,POWER,AIRCRAFT,AIRCRAFT@FLEET-002,BASE,REPLACE,completed,14.5,16.5,17.300000000000004,5.0,,3.0,0.0
lifecycle,e70960269eec88da76c7fc94e6e135d06a464be3b3c58017f568e3e26a79d27a,20260916,0.11.0,88,service,jobs,False,17,17,J000004,PREVENTIVE,OFF_ITEM,POWER#4,POWER,AIRCRAFT,,CENTER,OFF_ITEM,completed,16.700000000000003,16.700000000000003,18.400000000000006,5.0,0.0,5.0,2.0
lifecycle,e70960269eec88da76c7fc94e6e135d06a464be3b3c58017f568e3e26a79d27a,20260916,0.11.0,88,service,jobs,False,17,17,J000005,PREVENTIVE,POWER_PREVENTIVE,POWER#6,POWER,AIRCRAFT,AIRCRAFT@FLEET-004,BASE,REPLACE,completed,30.5,31.51701266269229,33.3170126626923,4.0170126626922915,,3.0,0.0
lifecycle,e70960269eec88da76c7fc94e6e135d06a464be3b3c58017f568e3e26a79d27a,20260916,0.11.0,88,service,jobs,False,17,17,J000006,CORRECTIVE,POWER_CORRECTIVE,POWER#5,POWER,AIRCRAFT,AIRCRAFT@FLEET-003,BASE,IN_PLACE,completed,31.01701266269229,31.51701266269229,33.4170126626923,1.0170126626922915,0.0,4.0170126626922915,0.0
lifecycle,e70960269eec88da76c7fc94e6e135d06a464be3b3c58017f568e3e26a79d27a,20260916,0.11.0,88,service,jobs,False,17,17,J000007,PREVENTIVE,OFF_ITEM,POWER#6,POWER,AIRCRAFT,,CENTER,OFF_ITEM,completed,31.717012662692294,31.717012662692294,33.4170126626923,4.0170126626922915,0.0,4.0170126626922915,1.0170126626922915
lifecycle,e70960269eec88da76c7fc94e6e135d06a464be3b3c58017f568e3e26a79d27a,20260916,0.11.0,88,service,jobs,False,17,17,J000008,RETIREMENT,POWER_CORRECTIVE,POWER#5,POWER,AIRCRAFT,AIRCRAFT@FLEET-003,BASE,REPLACE,completed,33.4170126626923,33.4170126626923,33.7670126626923,0.0,,4.0170126626922915,0.0
lifecycle,e70960269eec88da76c7fc94e6e135d06a464be3b3c58017f568e3e26a79d27a,20260916,0.11.0,88,service,jobs,False,17,17,J000009,RETIREMENT,POWER_CORRECTIVE,POWER#3,POWER,AIRCRAFT,AIRCRAFT@FLEET-001,BASE,REPLACE,completed,35.0,36.5,36.85,2.5,,6.0,0.0
lifecycle,e70960269eec88da76c7fc94e6e135d06a464be3b3c58017f568e3e26a79d27a,20260916,0.11.0,88,service,jobs,False,17,17,J000010,PREVENTIVE,POWER_PREVENTIVE,POWER#1,POWER,AIRCRAFT,AIRCRAFT@FLEET-002,BASE,REPLACE,completed,54.5,56.5,56.95,5.0,,3.0,0.0
lifecycle,e70960269eec88da76c7fc94e6e135d06a464be3b3c58017f568e3e26a79d27a,20260916,0.11.0,88,service,jobs,False,17,17,J000011,PREVENTIVE,OFF_ITEM,POWER#1,POWER,AIRCRAFT,,CENTER,OFF_ITEM,completed,56.7,56.7,58.400000000000006,5.0,0.0,5.0,2.0
lifecycle,e70960269eec88da76c7fc94e6e135d06a464be3b3c58017f568e3e26a79d27a,20260916,0.11.0,88,service,jobs,False,17,17,J000012,PREVENTIVE,POWER_PREVENTIVE,POWER#2,POWER,AIRCRAFT,AIRCRAFT@FLEET-004,BASE,REPLACE,completed,58.5,60.5,61.050000000000004,5.0,,3.0,0.0
lifecycle,e70960269eec88da76c7fc94e6e135d06a464be3b3c58017f568e3e26a79d27a,20260916,0.11.0,88,service,jobs,False,17,17,J000013,PREVENTIVE,POWER_PREVENTIVE,POWER#7,POWER,AIRCRAFT,AIRCRAFT@FLEET-003,BASE,REPLACE,completed,58.5,60.5,60.95,5.0,,3.0,0.0
lifecycle,e70960269eec88da76c7fc94e6e135d06a464be3b3c58017f568e3e26a79d27a,20260916,0.11.0,88,service,jobs,False,17,17,J000014,PREVENTIVE,OFF_ITEM,POWER#7,POWER,AIRCRAFT,,CENTER,OFF_ITEM,completed,60.7,60.7,63.00000000000001,5.0,0.0,5.0,2.0
lifecycle,e70960269eec88da76c7fc94e6e135d06a464be3b3c58017f568e3e26a79d27a,20260916,0.11.0,88,service,jobs,False,17,17,J000015,PREVENTIVE,OFF_ITEM,POWER#2,POWER,AIRCRAFT,,CENTER,OFF_ITEM,completed,60.800000000000004,60.800000000000004,63.10000000000001,5.0,0.0,5.0,2.0
lifecycle,e70960269eec88da76c7fc94e6e135d06a464be3b3c58017f568e3e26a79d27a,20260916,0.11.0,88,service,jobs,False,17,17,J000016,PREVENTIVE,POWER_PREVENTIVE,POWER#8,POWER,AIRCRAFT,AIRCRAFT@FLEET-001,BASE,REPLACE,completed,62.5,64.5,64.94999999999999,5.0,,3.0,0.0
lifecycle,e70960269eec88da76c7fc94e6e135d06a464be3b3c58017f568e3e26a79d27a,20260916,0.11.0,88,service,jobs,False,17,17,J000017,PREVENTIVE,OFF_ITEM,POWER#8,POWER,AIRCRAFT,,CENTER,OFF_ITEM,completed,64.69999999999999,64.69999999999999,66.39999999999998,5.0,0.0,5.0,2.0
lifecycle,e70960269eec88da76c7fc94e6e135d06a464be3b3c58017f568e3e26a79d27a,20260916,0.11.0,89,service,jobs,False,12,12,J000001,PREVENTIVE,POWER_PREVENTIVE,POWER#3,POWER,AIRCRAFT,AIRCRAFT@FLEET-001,BASE,REPLACE,completed,14.5,16.5,17.300000000000004,5.0,,3.0,0.0
lifecycle,e70960269eec88da76c7fc94e6e135d06a464be3b3c58017f568e3e26a79d27a,20260916,0.11.0,89,service,jobs,False,12,12,J000002,PREVENTIVE,POWER_PREVENTIVE,POWER#4,POWER,AIRCRAFT,AIRCRAFT@FLEET-002,BASE,IN_PLACE,completed,14.5,16.5,17.400000000000006,5.0,0.0,5.0,2.0
lifecycle,e70960269eec88da76c7fc94e6e135d06a464be3b3c58017f568e3e26a79d27a,20260916,0.11.0,89,service,jobs,False,12,12,J000003,PREVENTIVE,OFF_ITEM,POWER#3,POWER,AIRCRAFT,,CENTER,OFF_ITEM,completed,16.800000000000004,16.800000000000004,18.500000000000007,5.0,0.0,5.0,2.0
lifecycle,e70960269eec88da76c7fc94e6e135d06a464be3b3c58017f568e3e26a79d27a,20260916,0.11.0,89,service,jobs,False,12,12,J000004,PREVENTIVE,POWER_PREVENTIVE,POWER#5,POWER,AIRCRAFT,AIRCRAFT@FLEET-003,BASE,IN_PLACE,completed,30.5,32.5,33.900000000000006,5.0,0.0,5.0,2.0
lifecycle,e70960269eec88da76c7fc94e6e135d06a464be3b3c58017f568e3e26a79d27a,20260916,0.11.0,89,service,jobs,False,12,12,J000005,PREVENTIVE,POWER_PREVENTIVE,POWER#6,POWER,AIRCRAFT,AIRCRAFT@FLEET-004,BASE,IN_PLACE,completed,30.5,32.5,33.800000000000004,5.0,0.0,5.0,2.0
lifecycle,e70960269eec88da76c7fc94e6e135d06a464be3b3c58017f568e3e26a79d27a,20260916,0.11.0,89,service,jobs,False,12,12,J000006,RETIREMENT,POWER_CORRECTIVE,POWER#4,POWER,AIRCRAFT,AIRCRAFT@FLEET-002,BASE,REPLACE,completed,35.0,36.5,36.85,2.5,,6.0,0.0
lifecycle,e70960269eec88da76c7fc94e6e135d06a464be3b3c58017f568e3e26a79d27a,20260916,0.11.0,89,service,jobs,False,12,12,J000007,RETIREMENT,POWER_CORRECTIVE,POWER#5,POWER,AIRCRAFT,AIRCRAFT@FLEET-003,BASE,REPLACE,completed,39.0,40.5,40.95,2.5,,6.0,0.0
lifecycle,e70960269eec88da76c7fc94e6e135d06a464be3b3c58017f568e3e26a79d27a,20260916,0.11.0,89,service,jobs,False,12,12,J000008,RETIREMENT,POWER_CORRECTIVE,POWER#6,POWER,AIRCRAFT,AIRCRAFT@FLEET-004,BASE,REPLACE,completed,39.0,40.5,40.85,2.5,,6.0,0.0
lifecycle,e70960269eec88da76c7fc94e6e135d06a464be3b3c58017f568e3e26a79d27a,20260916,0.11.0,89,service,jobs,False,12,12,J000009,PREVENTIVE,POWER_PREVENTIVE,POWER#1,POWER,AIRCRAFT,AIRCRAFT@FLEET-001,BASE,REPLACE,completed,54.5,56.5,56.95,5.0,,3.0,0.0
lifecycle,e70960269eec88da76c7fc94e6e135d06a464be3b3c58017f568e3e26a79d27a,20260916,0.11.0,89,service,jobs,False,12,12,J000010,PREVENTIVE,OFF_ITEM,POWER#1,POWER,AIRCRAFT,,CENTER,OFF_ITEM,completed,56.7,56.7,58.400000000000006,5.0,0.0,5.0,2.0
lifecycle,e70960269eec88da76c7fc94e6e135d06a464be3b3c58017f568e3e26a79d27a,20260916,0.11.0,89,service,jobs,False,12,12,J000011,PREVENTIVE,POWER_PREVENTIVE,POWER#2,POWER,AIRCRAFT,AIRCRAFT@FLEET-002,BASE,IN_PLACE,completed,62.5,64.48944325330845,66.78944325330843,4.989443253308451,0.0,4.989443253308451,1.9894432533084512
lifecycle,e70960269eec88da76c7fc94e6e135d06a464be3b3c58017f568e3e26a79d27a,20260916,0.11.0,89,service,jobs,False,12,12,J000012,CORRECTIVE,POWER_CORRECTIVE,POWER#9,POWER,AIRCRAFT,AIRCRAFT@FLEET-001,BASE,IN_PLACE,completed,63.98944325330846,64.48944325330845,66.88944325330843,1.9894432533084583,0.0,2.489443253308451,0.0
lifecycle,e70960269eec88da76c7fc94e6e135d06a464be3b3c58017f568e3e26a79d27a,20260916,0.11.0,90,service,jobs,False,15,15,J000001,PREVENTIVE,POWER_PREVENTIVE,POWER#3,POWER,AIRCRAFT,AIRCRAFT@FLEET-001,BASE,REPLACE,completed,14.5,16.5,17.300000000000004,5.0,,3.0,0.0
lifecycle,e70960269eec88da76c7fc94e6e135d06a464be3b3c58017f568e3e26a79d27a,20260916,0.11.0,90,service,jobs,False,15,15,J000002,PREVENTIVE,POWER_PREVENTIVE,POWER#4,POWER,AIRCRAFT,AIRCRAFT@FLEET-002,BASE,IN_PLACE,completed,14.5,16.5,17.400000000000006,5.0,0.0,5.0,2.0
lifecycle,e70960269eec88da76c7fc94e6e135d06a464be3b3c58017f568e3e26a79d27a,20260916,0.11.0,90,service,jobs,False,15,15,J000003,PREVENTIVE,OFF_ITEM,POWER#3,POWER,AIRCRAFT,,CENTER,OFF_ITEM,completed,16.800000000000004,16.800000000000004,18.500000000000007,5.0,0.0,5.0,2.0
lifecycle,e70960269eec88da76c7fc94e6e135d06a464be3b3c58017f568e3e26a79d27a,20260916,0.11.0,90,service,jobs,False,15,15,J000004,PREVENTIVE,POWER_PREVENTIVE,POWER#5,POWER,AIRCRAFT,AIRCRAFT@FLEET-003,BASE,REPLACE,completed,30.5,32.5,33.050000000000004,5.0,,3.0,0.0
lifecycle,e70960269eec88da76c7fc94e6e135d06a464be3b3c58017f568e3e26a79d27a,20260916,0.11.0,90,service,jobs,False,15,15,J000005,PREVENTIVE,POWER_PREVENTIVE,POWER#6,POWER,AIRCRAFT,AIRCRAFT@FLEET-004,BASE,REPLACE,completed,30.5,32.5,32.95,5.0,,3.0,0.0
lifecycle,e70960269eec88da76c7fc94e6e135d06a464be3b3c58017f568e3e26a79d27a,20260916,0.11.0,90,service,jobs,False,15,15,J000006,PREVENTIVE,OFF_ITEM,POWER#6,POWER,AIRCRAFT,,CENTER,OFF_ITEM,completed,32.7,32.7,35.00000000000001,5.0,0.0,5.0,2.0
lifecycle,e70960269eec88da76c7fc94e6e135d06a464be3b3c58017f568e3e26a79d27a,20260916,0.11.0,90,service,jobs,False,15,15,J000007,PREVENTIVE,OFF_ITEM,POWER#5,POWER,AIRCRAFT,,CENTER,OFF_ITEM,completed,32.800000000000004,32.800000000000004,35.10000000000001,5.0,0.0,5.0,2.0
lifecycle,e70960269eec88da76c7fc94e6e135d06a464be3b3c58017f568e3e26a79d27a,20260916,0.11.0,90,service,jobs,False,15,15,J000008,RETIREMENT,POWER_CORRECTIVE,POWER#4,POWER,AIRCRAFT,AIRCRAFT@FLEET-002,BASE,REPLACE,completed,35.0,36.5,36.85,2.5,,6.0,0.0
lifecycle,e70960269eec88da76c7fc94e6e135d06a464be3b3c58017f568e3e26a79d27a,20260916,0.11.0,90,service,jobs,False,15,15,J000009,CORRECTIVE,POWER_CORRECTIVE,POWER#8,POWER,AIRCRAFT,AIRCRAFT@FLEET-002,BASE,REPLACE,completed,54.074241927930764,54.14848385586153,54.59848385586153,0.074241927930764,,0.074241927930764,0.0
lifecycle,e70960269eec88da76c7fc94e6e135d06a464be3b3c58017f568e3e26a79d27a,20260916,0.11.0,90,service,jobs,False,15,15,J000010,CORRECTIVE,OFF_ITEM,POWER#8,POWER,AIRCRAFT,,CENTER,OFF_ITEM,completed,54.34848385586153,54.34848385586153,57.048483855861534,0.074241927930764,0.0,0.148483855861528,0.0
lifecycle,e70960269eec88da76c7fc94e6e135d06a464be3b3c58017f568e3e26a79d27a,20260916,0.11.0,90,service,jobs,False,15,15,J000011,PREVENTIVE,POWER_PREVENTIVE,POWER#2,POWER,AIRCRAFT,AIRCRAFT@FLEET-004,BASE,REPLACE,completed,58.5,60.5,61.300000000000004,5.0,,3.0,0.0
lifecycle,e70960269eec88da76c7fc94e6e135d06a464be3b3c58017f568e3e26a79d27a,20260916,0.11.0,90,service,jobs,False,15,15,J000012,PREVENTIVE,POWER_PREVENTIVE,POWER#7,POWER,AIRCRAFT,AIRCRAFT@FLEET-003,BASE,IN_PLACE,completed,58.5,60.5,61.400000000000006,5.0,0.0,5.0,2.0
lifecycle,e70960269eec88da76c7fc94e6e135d06a464be3b3c58017f568e3e26a79d27a,20260916,0.11.0,90,service,jobs,False,15,15,J000013,PREVENTIVE,OFF_ITEM,POWER#2,POWER,AIRCRAFT,,CENTER,OFF_ITEM,completed,60.800000000000004,60.800000000000004,62.50000000000001,5.0,0.0,5.0,2.0
lifecycle,e70960269eec88da76c7fc94e6e135d06a464be3b3c58017f568e3e26a79d27a,20260916,0.11.0,90,service,jobs,False,15,15,J000014,PREVENTIVE,POWER_PREVENTIVE,POWER#1,POWER,AIRCRAFT,AIRCRAFT@FLEET-001,BASE,REPLACE,completed,62.35151614413847,64.5,64.94999999999999,5.148483855861528,,3.0,0.0
lifecycle,e70960269eec88da76c7fc94e6e135d06a464be3b3c58017f568e3e26a79d27a,20260916,0.11.0,90,service,jobs,False,15,15,J000015,PREVENTIVE,OFF_ITEM,POWER#1,POWER,AIRCRAFT,,CENTER,OFF_ITEM,completed,64.69999999999999,64.69999999999999,66.39999999999998,5.148483855861528,0.0,5.148483855861528,2.148483855861528
lifecycle,e70960269eec88da76c7fc94e6e135d06a464be3b3c58017f568e3e26a79d27a,20260916,0.11.0,91,service,jobs,False,13,13,J000001,PREVENTIVE,POWER_PREVENTIVE,POWER#3,POWER,AIRCRAFT,AIRCRAFT@FLEET-001,BASE,REPLACE,covered_by_corrective,14.5,,18.317755467997575,3.0,0.0,3.0,0.0
lifecycle,e70960269eec88da76c7fc94e6e135d06a464be3b3c58017f568e3e26a79d27a,20260916,0.11.0,91,service,jobs,False,13,13,J000002,PREVENTIVE,POWER_PREVENTIVE,POWER#4,POWER,AIRCRAFT,AIRCRAFT@FLEET-002,BASE,REPLACE,completed,14.5,16.41775546799757,18.217755467997574,4.917755467997569,,3.0,0.0
lifecycle,e70960269eec88da76c7fc94e6e135d06a464be3b3c58017f568e3e26a79d27a,20260916,0.11.0,91,service,jobs,False,13,13,J000003,CORRECTIVE,POWER_CORRECTIVE,POWER#3,POWER,AIRCRAFT,AIRCRAFT@FLEET-001,BASE,IN_PLACE,completed,15.91775546799757,16.41775546799757,18.317755467997575,4.417755467997569,0.0,4.917755467997569,1.4177554679975692
lifecycle,e70960269eec88da76c7fc94e6e135d06a464be3b3c58017f568e3e26a79d27a,20260916,0.11.0,91,service,jobs,False,13,13,J000004,PREVENTIVE,OFF_ITEM,POWER#4,POWER,AIRCRAFT,,CENTER,OFF_ITEM,completed,16.617755467997572,16.617755467997572,18.317755467997575,4.917755467997569,0.0,4.917755467997569,1.9177554679975692
lifecycle,e70960269eec88da76c7fc94e6e135d06a464be3b3c58017f568e3e26a79d27a,20260916,0.11.0,91,service,jobs,False,13,13,J000005,PREVENTIVE,POWER_PREVENTIVE,POWER#5,POWER,AIRCRAFT,AIRCRAFT@FLEET-003,BASE,IN_PLACE,completed,30.5,32.5,33.900000000000006,5.0,0.0,5.0,2.0
lifecycle,e70960269eec88da76c7fc94e6e135d06a464be3b3c58017f568e3e26a79d27a,20260916,0.11.0,91,service,jobs,False,13,13,J000006,PREVENTIVE,POWER_PREVENTIVE,POWER#6,POWER,AIRCRAFT,AIRCRAFT@FLEET-004,BASE,IN_PLACE,completed,30.5,32.5,33.800000000000004,5.0,0.0,5.0,2.0
lifecycle,e70960269eec88da76c7fc94e6e135d06a464be3b3c58017f568e3e26a79d27a,20260916,0.11.0,91,service,jobs,False,13,13,J000007,RETIREMENT,POWER_CORRECTIVE,POWER#3,POWER,AIRCRAFT,AIRCRAFT@FLEET-001,BASE,REPLACE,completed,35.082244532002434,36.5,36.85,2.5,,6.0000000000000036,0.0
lifecycle,e70960269eec88da76c7fc94e6e135d06a464be3b3c58017f568e3e26a79d27a,20260916,0.11.0,91,service,jobs,False,13,13,J000008,RETIREMENT,POWER_CORRECTIVE,POWER#5,POWER,AIRCRAFT,AIRCRAFT@FLEET-003,BASE,REPLACE,completed,39.0,40.5,40.95,2.5,,6.0,0.0
lifecycle,e70960269eec88da76c7fc94e6e135d06a464be3b3c58017f568e3e26a79d27a,20260916,0.11.0,91,service,jobs,False,13,13,J000009,RETIREMENT,POWER_CORRECTIVE,POWER#6,POWER,AIRCRAFT,AIRCRAFT@FLEET-004,BASE,REPLACE,completed,39.0,40.5,40.85,2.5,,6.0,0.0
lifecycle,e70960269eec88da76c7fc94e6e135d06a464be3b3c58017f568e3e26a79d27a,20260916,0.11.0,91,service,jobs,False,13,13,J000010,PREVENTIVE,POWER_PREVENTIVE,POWER#1,POWER,AIRCRAFT,AIRCRAFT@FLEET-002,BASE,REPLACE,completed,54.5,56.5,56.95,5.0,,3.0,0.0
lifecycle,e70960269eec88da76c7fc94e6e135d06a464be3b3c58017f568e3e26a79d27a,20260916,0.11.0,91,service,jobs,False,13,13,J000011,PREVENTIVE,OFF_ITEM,POWER#1,POWER,AIRCRAFT,,CENTER,OFF_ITEM,completed,56.7,56.7,58.400000000000006,5.0,0.0,5.0,2.0
lifecycle,e70960269eec88da76c7fc94e6e135d06a464be3b3c58017f568e3e26a79d27a,20260916,0.11.0,91,service,jobs,False,13,13,J000012,PREVENTIVE,POWER_PREVENTIVE,POWER#2,POWER,AIRCRAFT,AIRCRAFT@FLEET-001,BASE,REPLACE,completed,62.5,64.5,64.94999999999999,5.0,,3.0,0.0
lifecycle,e70960269eec88da76c7fc94e6e135d06a464be3b3c58017f568e3e26a79d27a,20260916,0.11.0,91,service,jobs,False,13,13,J000013,PREVENTIVE,OFF_ITEM,POWER#2,POWER,AIRCRAFT,,CENTER,OFF_ITEM,completed,64.69999999999999,64.69999999999999,66.39999999999998,5.0,0.0,5.0,2.0
lifecycle,e70960269eec88da76c7fc94e6e135d06a464be3b3c58017f568e3e26a79d27a,20260916,0.11.0,92,service,jobs,False,17,17,J000001,CORRECTIVE,POWER_CORRECTIVE,POWER#6,POWER,AIRCRAFT,AIRCRAFT@FLEET-004,BASE,IN_PLACE,completed,10.424565028065903,10.849130056131806,12.549130056131805,0.4245650280659028,0.0,0.8491300561318056,0.0
lifecycle,e70960269eec88da76c7fc94e6e135d06a464be3b3c58017f568e3e26a79d27a,20260916,0.11.0,92,service,jobs,False,17,17,J000002,PREVENTIVE,POWER_PREVENTIVE,POWER#3,POWER,AIRCRAFT,AIRCRAFT@FLEET-001,BASE,REPLACE,completed,14.5,16.5,17.300000000000004,5.0,,3.0,0.0
lifecycle,e70960269eec88da76c7fc94e6e135d06a464be3b3c58017f568e3e26a79d27a,20260916,0.11.0,92,service,jobs,False,17,17,J000003,PREVENTIVE,POWER_PREVENTIVE,POWER#4,POWER,AIRCRAFT,AIRCRAFT@FLEET-002,BASE,IN_PLACE,completed,14.5,16.5,17.400000000000006,5.0,0.0,5.0,2.0
lifecycle,e70960269eec88da76c7fc94e6e135d06a464be3b3c58017f568e3e26a79d27a,20260916,0.11.0,92,service,jobs,False,17,17,J000004,PREVENTIVE,OFF_ITEM,POWER#3,POWER,AIRCRAFT,,CENTER,OFF_ITEM,completed,16.800000000000004,16.800000000000004,18.500000000000007,5.0,0.0,5.0,2.0
lifecycle,e70960269eec88da76c7fc94e6e135d06a464be3b3c58017f568e3e26a79d27a,20260916,0.11.0,92,service,jobs,False,17,17,J000005,PREVENTIVE,POWER_PREVENTIVE,POWER#5,POWER,AIRCRAFT,AIRCRAFT@FLEET-003,BASE,REPLACE,completed,32.150869943868194,32.5,32.95,3.3491300561318056,,3.0,0.0
lifecycle,e70960269eec88da76c7fc94e6e135d06a464be3b3c58017f568e3e26a79d27a,20260916,0.11.0,92,service,jobs,False,17,17,J000006,PREVENTIVE,OFF_ITEM,POWER#5,POWER,AIRCRAFT,,CENTER,OFF_ITEM,completed,32.7,32.7,34.400000000000006,3.3491300561318056,0.0,3.3491300561318056,0.3491300561318056
lifecycle,e70960269eec88da76c7fc94e6e135d06a464be3b3c58017f568e3e26a79d27a,20260916,0.11.0,92,service,jobs,False,17,17,J000007,RETIREMENT,POWER_CORRECTIVE,POWER#4,POWER,AIRCRAFT,AIRCRAFT@FLEET-002,BASE,REPLACE,completed,35.0,36.5,36.85,2.5,,6.0,0.0
lifecycle,e70960269eec88da76c7fc94e6e135d06a464be3b3c58017f568e3e26a79d27a,20260916,0.11.0,92,service,jobs,False,17,17,J000008,PREVENTIVE,POWER_PREVENTIVE,POWER#6,POWER,AIRCRAFT,AIRCRAFT@FLEET-004,BASE,REPLACE,completed,38.5,40.5,40.95,5.0,,3.8491300561318056,0.0
lifecycle,e70960269eec88da76c7fc94e6e135d06a464be3b3c58017f568e3e26a79d27a,20260916,0.11.0,92,service,jobs,False,17,17,J000009,PREVENTIVE,OFF_ITEM,POWER#6,POWER,AIRCRAFT,,CENTER,OFF_ITEM,completed,40.7,40.7,42.400000000000006,5.0,0.0,5.849130056131806,2.0
lifecycle,e70960269eec88da76c7fc94e6e135d06a464be3b3c58017f568e3e26a79d27a,20260916,0.11.0,92,service,jobs,False,17,17,J000010,PREVENTIVE,POWER_PREVENTIVE,POWER#1,POWER,AIRCRAFT,AIRCRAFT@FLEET-001,BASE,IN_PLACE,completed,54.5,56.5,57.2,5.0,0.0,5.0,2.0
lifecycle,e70960269eec88da76c7fc94e6e135d06a464be3b3c58017f568e3e26a79d27a,20260916,0.11.0,92,service,jobs,False,17,17,J000011,PREVENTIVE,POWER_PREVENTIVE,POWER#2,POWER,AIRCRAFT,AIRCRAFT@FLEET-003,BASE,REPLACE,completed,58.5,59.3501444296704,61.150144429670405,3.850144429670401,,3.0,0.0
lifecycle,e70960269eec88da76c7fc94e6e135d06a464be3b3c58017f568e3e26a79d27a,20260916,0.11.0,92,service,jobs,False,17,17,J000012,CORRECTIVE,POWER_CORRECTIVE,POWER#8,POWER,AIRCRAFT,AIRCRAFT@FLEET-004,BASE,IN_PLACE,completed,58.8501444296704,59.3501444296704,61.25014442967041,0.8501444296704008,0.0,1.3501444296704008,0.0
lifecycle,e70960269eec88da76c7fc94e6e135d06a464be3b3c58017f568e3e26a79d27a,20260916,0.11.0,92,service,jobs,False,17,17,J000013,PREVENTIVE,OFF_ITEM,POWER#2,POWER,AIRCRAFT,,CENTER,OFF_ITEM,completed,59.550144429670404,59.550144429670404,61.25014442967041,3.850144429670401,0.0,3.850144429670401,0.8501444296704008
lifecycle,e70960269eec88da76c7fc94e6e135d06a464be3b3c58017f568e3e26a79d27a,20260916,0.11.0,92,service,jobs,False,17,17,J000014,PREVENTIVE,POWER_PREVENTIVE,POWER#7,POWER,AIRCRAFT,,CENTER,OFF_ITEM,covered_by_corrective,62.5,,66.55803865855175,3.0,0.0,3.0,0.0
lifecycle,e70960269eec88da76c7fc94e6e135d06a464be3b3c58017f568e3e26a79d27a,20260916,0.11.0,92,service,jobs,False,17,17,J000015,RETIREMENT,POWER_CORRECTIVE,POWER#1,POWER,AIRCRAFT,AIRCRAFT@FLEET-001,BASE,REPLACE,completed,63.0,63.65803865855176,64.00803865855175,1.6580386585517601,,6.0,0.0
lifecycle,e70960269eec88da76c7fc94e6e135d06a464be3b3c58017f568e3e26a79d27a,20260916,0.11.0,92,service,jobs,False,17,17,J000016,CORRECTIVE,POWER_CORRECTIVE,POWER#7,POWER,AIRCRAFT,AIRCRAFT@FLEET-002,BASE,REPLACE,completed,63.15803865855176,63.65803865855176,64.10803865855176,3.65803865855176,,3.65803865855176,0.0
lifecycle,e70960269eec88da76c7fc94e6e135d06a464be3b3c58017f568e3e26a79d27a,20260916,0.11.0,92,service,jobs,False,17,17,J000017,CORRECTIVE,OFF_ITEM,POWER#7,POWER,AIRCRAFT,,CENTER,OFF_ITEM,completed,63.85803865855176,63.85803865855176,66.55803865855175,3.65803865855176,0.0,4.15803865855176,0.6580386585517601
lifecycle,e70960269eec88da76c7fc94e6e135d06a464be3b3c58017f568e3e26a79d27a,20260916,0.11.0,93,service,jobs,False,14,14,J000001,PREVENTIVE,POWER_PREVENTIVE,POWER#3,POWER,AIRCRAFT,AIRCRAFT@FLEET-001,BASE,REPLACE,completed,14.5,16.5,17.050000000000004,5.0,,3.0,0.0
lifecycle,e70960269eec88da76c7fc94e6e135d06a464be3b3c58017f568e3e26a79d27a,20260916,0.11.0,93,service,jobs,False,14,14,J000002,PREVENTIVE,POWER_PREVENTIVE,POWER#4,POWER,AIRCRAFT,AIRCRAFT@FLEET-002,BASE,REPLACE,completed,14.5,16.5,16.950000000000003,5.0,,3.0,0.0
lifecycle,e70960269eec88da76c7fc94e6e135d06a464be3b3c58017f568e3e26a79d27a,20260916,0.11.0,93,service,jobs,False,14,14,J000003,PREVENTIVE,OFF_ITEM,POWER#4,POWER,AIRCRAFT,,CENTER,OFF_ITEM,completed,16.700000000000003,16.700000000000003,19.000000000000007,5.0,0.0,5.0,2.0
lifecycle,e70960269eec88da76c7fc94e6e135d06a464be3b3c58017f568e3e26a79d27a,20260916,0.11.0,93,service,jobs,False,14,14,J000004,PREVENTIVE,OFF_ITEM,POWER#3,POWER,AIRCRAFT,,CENTER,OFF_ITEM,completed,16.800000000000004,16.800000000000004,19.10000000000001,5.0,0.0,5.0,2.0
lifecycle,e70960269eec88da76c7fc94e6e135d06a464be3b3c58017f568e3e26a79d27a,20260916,0.11.0,93,service,jobs,False,14,14,J000005,PREVENTIVE,POWER_PREVENTIVE,POWER#5,POWER,AIRCRAFT,AIRCRAFT@FLEET-003,BASE,REPLACE,completed,30.5,32.5,33.300000000000004,5.0,,3.0,0.0
lifecycle,e70960269eec88da76c7fc94e6e135d06a464be3b3c58017f568e3e26a79d27a,20260916,0.11.0,93,service,jobs,False,14,14,J000006,PREVENTIVE,POWER_PREVENTIVE,POWER#6,POWER,AIRCRAFT,AIRCRAFT@FLEET-004,BASE,IN_PLACE,completed,30.5,32.5,33.400000000000006,5.0,0.0,5.0,2.0
lifecycle,e70960269eec88da76c7fc94e6e135d06a464be3b3c58017f568e3e26a79d27a,20260916,0.11.0,93,service,jobs,False,14,14,J000007,PREVENTIVE,OFF_ITEM,POWER#5,POWER,AIRCRAFT,,CENTER,OFF_ITEM,completed,32.800000000000004,32.800000000000004,34.50000000000001,5.0,0.0,5.0,2.0
lifecycle,e70960269eec88da76c7fc94e6e135d06a464be3b3c58017f568e3e26a79d27a,20260916,0.11.0,93,service,jobs,False,14,14,J000008,RETIREMENT,POWER_CORRECTIVE,POWER#6,POWER,AIRCRAFT,AIRCRAFT@FLEET-004,BASE,REPLACE,completed,39.0,40.5,40.85,2.5,,6.0,0.0
lifecycle,e70960269eec88da76c7fc94e6e135d06a464be3b3c58017f568e3e26a79d27a,20260916,0.11.0,93,service,jobs,False,14,14,J000009,PREVENTIVE,POWER_PREVENTIVE,POWER#1,POWER,AIRCRAFT,AIRCRAFT@FLEET-002,BASE,IN_PLACE,completed,54.5,56.5,57.400000000000006,5.0,0.0,5.0,2.0
lifecycle,e70960269eec88da76c7fc94e6e135d06a464be3b3c58017f568e3e26a79d27a,20260916,0.11.0,93,service,jobs,False,14,14,J000010,PREVENTIVE,POWER_PREVENTIVE,POWER#2,POWER,AIRCRAFT,AIRCRAFT@FLEET-001,BASE,REPLACE,completed,54.5,56.5,57.300000000000004,5.0,,3.0,0.0
lifecycle,e70960269eec88da76c7fc94e6e135d06a464be3b3c58017f568e3e26a79d27a,20260916,0.11.0,93,service,jobs,False,14,14,J000011,PREVENTIVE,OFF_ITEM,POWER#2,POWER,AIRCRAFT,,CENTER,OFF_ITEM,completed,56.7,56.7,58.400000000000006,5.0,0.0,5.0,2.0
lifecycle,e70960269eec88da76c7fc94e6e135d06a464be3b3c58017f568e3e26a79d27a,20260916,0.11.0,93,service,jobs,False,14,14,J000012,PREVENTIVE,POWER_PREVENTIVE,POWER#7,POWER,AIRCRAFT,AIRCRAFT@FLEET-003,BASE,REPLACE,completed,58.5,60.5,60.95,5.0,,3.0,0.0
lifecycle,e70960269eec88da76c7fc94e6e135d06a464be3b3c58017f568e3e26a79d27a,20260916,0.11.0,93,service,jobs,False,14,14,J000013,PREVENTIVE,OFF_ITEM,POWER#7,POWER,AIRCRAFT,,CENTER,OFF_ITEM,completed,60.7,60.7,62.400000000000006,5.0,0.0,5.0,2.0
lifecycle,e70960269eec88da76c7fc94e6e135d06a464be3b3c58017f568e3e26a79d27a,20260916,0.11.0,93,service,jobs,False,14,14,J000014,RETIREMENT,POWER_CORRECTIVE,POWER#1,POWER,AIRCRAFT,AIRCRAFT@FLEET-002,BASE,REPLACE,completed,63.0,64.5,64.85,2.5,,6.0,0.0
lifecycle,e70960269eec88da76c7fc94e6e135d06a464be3b3c58017f568e3e26a79d27a,20260916,0.11.0,94,service,jobs,False,13,13,J000001,PREVENTIVE,POWER_PREVENTIVE,POWER#3,POWER,AIRCRAFT,AIRCRAFT@FLEET-001,BASE,REPLACE,completed,14.5,16.5,17.050000000000004,5.0,,3.0,0.0
lifecycle,e70960269eec88da76c7fc94e6e135d06a464be3b3c58017f568e3e26a79d27a,20260916,0.11.0,94,service,jobs,False,13,13,J000002,PREVENTIVE,POWER_PREVENTIVE,POWER#4,POWER,AIRCRAFT,AIRCRAFT@FLEET-002,BASE,REPLACE,completed,14.5,16.5,16.950000000000003,5.0,,3.0,0.0
lifecycle,e70960269eec88da76c7fc94e6e135d06a464be3b3c58017f568e3e26a79d27a,20260916,0.11.0,94,service,jobs,False,13,13,J000003,PREVENTIVE,OFF_ITEM,POWER#4,POWER,AIRCRAFT,,CENTER,OFF_ITEM,completed,16.700000000000003,16.700000000000003,19.000000000000007,5.0,0.0,5.0,2.0
lifecycle,e70960269eec88da76c7fc94e6e135d06a464be3b3c58017f568e3e26a79d27a,20260916,0.11.0,94,service,jobs,False,13,13,J000004,PREVENTIVE,OFF_ITEM,POWER#3,POWER,AIRCRAFT,,CENTER,OFF_ITEM,completed,16.800000000000004,16.800000000000004,19.10000000000001,5.0,0.0,5.0,2.0
lifecycle,e70960269eec88da76c7fc94e6e135d06a464be3b3c58017f568e3e26a79d27a,20260916,0.11.0,94,service,jobs,False,13,13,J000005,PREVENTIVE,POWER_PREVENTIVE,POWER#5,POWER,AIRCRAFT,AIRCRAFT@FLEET-003,BASE,REPLACE,completed,30.5,32.5,33.300000000000004,5.0,,3.0,0.0
lifecycle,e70960269eec88da76c7fc94e6e135d06a464be3b3c58017f568e3e26a79d27a,20260916,0.11.0,94,service,jobs,False,13,13,J000006,PREVENTIVE,POWER_PREVENTIVE,POWER#6,POWER,AIRCRAFT,AIRCRAFT@FLEET-004,BASE,IN_PLACE,completed,30.5,32.5,33.400000000000006,5.0,0.0,5.0,2.0
lifecycle,e70960269eec88da76c7fc94e6e135d06a464be3b3c58017f568e3e26a79d27a,20260916,0.11.0,94,service,jobs,False,13,13,J000007,PREVENTIVE,OFF_ITEM,POWER#5,POWER,AIRCRAFT,,CENTER,OFF_ITEM,completed,32.800000000000004,32.800000000000004,34.50000000000001,5.0,0.0,5.0,2.0
lifecycle,e70960269eec88da76c7fc94e6e135d06a464be3b3c58017f568e3e26a79d27a,20260916,0.11.0,94,service,jobs,False,13,13,J000008,RETIREMENT,POWER_CORRECTIVE,POWER#6,POWER,AIRCRAFT,AIRCRAFT@FLEET-004,BASE,REPLACE,completed,39.0,40.5,40.85,2.5,,6.0,0.0
lifecycle,e70960269eec88da76c7fc94e6e135d06a464be3b3c58017f568e3e26a79d27a,20260916,0.11.0,94,service,jobs,False,13,13,J000009,PREVENTIVE,POWER_PREVENTIVE,POWER#1,POWER,AIRCRAFT,AIRCRAFT@FLEET-002,BASE,IN_PLACE,completed,54.5,56.5,57.400000000000006,5.0,0.0,5.0,2.0
lifecycle,e70960269eec88da76c7fc94e6e135d06a464be3b3c58017f568e3e26a79d27a,20260916,0.11.0,94,service,jobs,False,13,13,J000010,PREVENTIVE,POWER_PREVENTIVE,POWER#2,POWER,AIRCRAFT,AIRCRAFT@FLEET-001,BASE,REPLACE,completed,54.5,56.5,57.300000000000004,5.0,,3.0,0.0
lifecycle,e70960269eec88da76c7fc94e6e135d06a464be3b3c58017f568e3e26a79d27a,20260916,0.11.0,94,service,jobs,False,13,13,J000011,PREVENTIVE,OFF_ITEM,POWER#2,POWER,AIRCRAFT,,CENTER,OFF_ITEM,completed,56.7,56.7,58.400000000000006,5.0,0.0,5.0,2.0
lifecycle,e70960269eec88da76c7fc94e6e135d06a464be3b3c58017f568e3e26a79d27a,20260916,0.11.0,94,service,jobs,False,13,13,J000012,PREVENTIVE,POWER_PREVENTIVE,POWER#7,POWER,AIRCRAFT,AIRCRAFT@FLEET-003,BASE,IN_PLACE,completed,58.5,60.5,61.2,5.0,0.0,5.0,2.0
lifecycle,e70960269eec88da76c7fc94e6e135d06a464be3b3c58017f568e3e26a79d27a,20260916,0.11.0,94,service,jobs,False,13,13,J000013,RETIREMENT,POWER_CORRECTIVE,POWER#1,POWER,AIRCRAFT,AIRCRAFT@FLEET-002,BASE,REPLACE,completed,63.0,64.5,64.85,2.5,,6.0,0.0
lifecycle,e70960269eec88da76c7fc94e6e135d06a464be3b3c58017f568e3e26a79d27a,20260916,0.11.0,95,service,jobs,False,14,14,J000001,PREVENTIVE,POWER_PREVENTIVE,POWER#3,POWER,AIRCRAFT,AIRCRAFT@FLEET-001,BASE,IN_PLACE,completed,14.5,16.5,17.400000000000006,5.0,0.0,5.0,2.0
lifecycle,e70960269eec88da76c7fc94e6e135d06a464be3b3c58017f568e3e26a79d27a,20260916,0.11.0,95,service,jobs,False,14,14,J000002,PREVENTIVE,POWER_PREVENTIVE,POWER#4,POWER,AIRCRAFT,AIRCRAFT@FLEET-002,BASE,REPLACE,completed,14.5,16.5,17.300000000000004,5.0,,3.0,0.0
lifecycle,e70960269eec88da76c7fc94e6e135d06a464be3b3c58017f568e3e26a79d27a,20260916,0.11.0,95,service,jobs,False,14,14,J000003,PREVENTIVE,OFF_ITEM,POWER#4,POWER,AIRCRAFT,,CENTER,OFF_ITEM,completed,16.700000000000003,16.700000000000003,18.400000000000006,5.0,0.0,5.0,2.0
lifecycle,e70960269eec88da76c7fc94e6e135d06a464be3b3c58017f568e3e26a79d27a,20260916,0.11.0,95,service,jobs,False,14,14,J000004,PREVENTIVE,POWER_PREVENTIVE,POWER#5,POWER,AIRCRAFT,AIRCRAFT@FLEET-003,BASE,IN_PLACE,completed,30.5,32.5,33.400000000000006,5.0,0.0,5.0,2.0
lifecycle,e70960269eec88da76c7fc94e6e135d06a464be3b3c58017f568e3e26a79d27a,20260916,0.11.0,95,service,jobs,False,14,14,J000005,PREVENTIVE,POWER_PREVENTIVE,POWER#6,POWER,AIRCRAFT,AIRCRAFT@FLEET-004,BASE,REPLACE,completed,30.5,32.5,33.300000000000004,5.0,,3.0,0.0
lifecycle,e70960269eec88da76c7fc94e6e135d06a464be3b3c58017f568e3e26a79d27a,20260916,0.11.0,95,service,jobs,False,14,14,J000006,PREVENTIVE,OFF_ITEM,POWER#6,POWER,AIRCRAFT,,CENTER,OFF_ITEM,completed,32.7,32.7,34.400000000000006,5.0,0.0,5.0,2.0
lifecycle,e70960269eec88da76c7fc94e6e135d06a464be3b3c58017f568e3e26a79d27a,20260916,0.11.0,95,service,jobs,False,14,14,J000007,RETIREMENT,POWER_CORRECTIVE,POWER#3,POWER,AIRCRAFT,AIRCRAFT@FLEET-001,BASE,REPLACE,completed,35.0,36.5,36.85,2.5,,6.0,0.0
lifecycle,e70960269eec88da76c7fc94e6e135d06a464be3b3c58017f568e3e26a79d27a,20260916,0.11.0,95,service,jobs,False,14,14,J000008,RETIREMENT,POWER_CORRECTIVE,POWER#5,POWER,AIRCRAFT,AIRCRAFT@FLEET-003,BASE,REPLACE,completed,39.0,40.5,40.85,2.5,,6.0,0.0
lifecycle,e70960269eec88da76c7fc94e6e135d06a464be3b3c58017f568e3e26a79d27a,20260916,0.11.0,95,service,jobs,False,14,14,J000009,PREVENTIVE,POWER_PREVENTIVE,POWER#1,POWER,AIRCRAFT,AIRCRAFT@FLEET-002,BASE,REPLACE,completed,54.5,56.5,56.95,5.0,,3.0,0.0
lifecycle,e70960269eec88da76c7fc94e6e135d06a464be3b3c58017f568e3e26a79d27a,20260916,0.11.0,95,service,jobs,False,14,14,J000010,PREVENTIVE,OFF_ITEM,POWER#1,POWER,AIRCRAFT,,CENTER,OFF_ITEM,completed,56.7,56.7,58.400000000000006,5.0,0.0,5.0,2.0
lifecycle,e70960269eec88da76c7fc94e6e135d06a464be3b3c58017f568e3e26a79d27a,20260916,0.11.0,95,service,jobs,False,14,14,J000011,PREVENTIVE,POWER_PREVENTIVE,POWER#2,POWER,AIRCRAFT,AIRCRAFT@FLEET-004,BASE,REPLACE,completed,58.5,60.5,60.95,5.0,,3.0,0.0
lifecycle,e70960269eec88da76c7fc94e6e135d06a464be3b3c58017f568e3e26a79d27a,20260916,0.11.0,95,service,jobs,False,14,14,J000012,PREVENTIVE,OFF_ITEM,POWER#2,POWER,AIRCRAFT,,CENTER,OFF_ITEM,completed,60.7,60.7,62.400000000000006,5.0,0.0,5.0,2.0
lifecycle,e70960269eec88da76c7fc94e6e135d06a464be3b3c58017f568e3e26a79d27a,20260916,0.11.0,95,service,jobs,False,14,14,J000013,PREVENTIVE,POWER_PREVENTIVE,POWER#7,POWER,AIRCRAFT,AIRCRAFT@FLEET-001,BASE,REPLACE,covered_by_corrective,62.5,,66.19999999999999,3.0,0.0,3.0,0.0
lifecycle,e70960269eec88da76c7fc94e6e135d06a464be3b3c58017f568e3e26a79d27a,20260916,0.11.0,95,service,jobs,False,14,14,J000014,CORRECTIVE,POWER_CORRECTIVE,POWER#7,POWER,AIRCRAFT,AIRCRAFT@FLEET-001,BASE,IN_PLACE,completed,64.43189481944711,64.5,66.19999999999999,4.931894819447109,0.0,5.0,1.931894819447109
lifecycle,e70960269eec88da76c7fc94e6e135d06a464be3b3c58017f568e3e26a79d27a,20260916,0.11.0,96,service,jobs,False,14,14,J000001,PREVENTIVE,POWER_PREVENTIVE,POWER#3,POWER,AIRCRAFT,AIRCRAFT@FLEET-001,BASE,REPLACE,completed,14.5,16.5,17.050000000000004,5.0,,3.0,0.0
lifecycle,e70960269eec88da76c7fc94e6e135d06a464be3b3c58017f568e3e26a79d27a,20260916,0.11.0,96,service,jobs,False,14,14,J000002,PREVENTIVE,POWER_PREVENTIVE,POWER#4,POWER,AIRCRAFT,AIRCRAFT@FLEET-002,BASE,REPLACE,completed,14.5,16.5,16.950000000000003,5.0,,3.0,0.0
lifecycle,e70960269eec88da76c7fc94e6e135d06a464be3b3c58017f568e3e26a79d27a,20260916,0.11.0,96,service,jobs,False,14,14,J000003,PREVENTIVE,OFF_ITEM,POWER#4,POWER,AIRCRAFT,,CENTER,OFF_ITEM,completed,16.700000000000003,16.700000000000003,19.000000000000007,5.0,0.0,5.0,2.0
lifecycle,e70960269eec88da76c7fc94e6e135d06a464be3b3c58017f568e3e26a79d27a,20260916,0.11.0,96,service,jobs,False,14,14,J000004,PREVENTIVE,OFF_ITEM,POWER#3,POWER,AIRCRAFT,,CENTER,OFF_ITEM,completed,16.800000000000004,16.800000000000004,19.10000000000001,5.0,0.0,5.0,2.0
lifecycle,e70960269eec88da76c7fc94e6e135d06a464be3b3c58017f568e3e26a79d27a,20260916,0.11.0,96,service,jobs,False,14,14,J000005,PREVENTIVE,POWER_PREVENTIVE,POWER#5,POWER,AIRCRAFT,AIRCRAFT@FLEET-003,BASE,REPLACE,completed,30.5,32.5,33.300000000000004,5.0,,3.0,0.0
lifecycle,e70960269eec88da76c7fc94e6e135d06a464be3b3c58017f568e3e26a79d27a,20260916,0.11.0,96,service,jobs,False,14,14,J000006,PREVENTIVE,POWER_PREVENTIVE,POWER#6,POWER,AIRCRAFT,AIRCRAFT@FLEET-004,BASE,IN_PLACE,completed,30.5,32.5,33.400000000000006,5.0,0.0,5.0,2.0
lifecycle,e70960269eec88da76c7fc94e6e135d06a464be3b3c58017f568e3e26a79d27a,20260916,0.11.0,96,service,jobs,False,14,14,J000007,PREVENTIVE,OFF_ITEM,POWER#5,POWER,AIRCRAFT,,CENTER,OFF_ITEM,completed,32.800000000000004,32.800000000000004,34.50000000000001,5.0,0.0,5.0,2.0
lifecycle,e70960269eec88da76c7fc94e6e135d06a464be3b3c58017f568e3e26a79d27a,20260916,0.11.0,96,service,jobs,False,14,14,J000008,RETIREMENT,POWER_CORRECTIVE,POWER#6,POWER,AIRCRAFT,AIRCRAFT@FLEET-004,BASE,REPLACE,completed,39.0,40.5,40.85,2.5,,6.0,0.0
lifecycle,e70960269eec88da76c7fc94e6e135d06a464be3b3c58017f568e3e26a79d27a,20260916,0.11.0,96,service,jobs,False,14,14,J000009,PREVENTIVE,POWER_PREVENTIVE,POWER#1,POWER,AIRCRAFT,AIRCRAFT@FLEET-002,BASE,REPLACE,completed,54.5,56.5,57.050000000000004,5.0,,3.0,0.0
lifecycle,e70960269eec88da76c7fc94e6e135d06a464be3b3c58017f568e3e26a79d27a,20260916,0.11.0,96,service,jobs,False,14,14,J000010,PREVENTIVE,POWER_PREVENTIVE,POWER#2,POWER,AIRCRAFT,AIRCRAFT@FLEET-001,BASE,REPLACE,completed,54.5,56.5,56.95,5.0,,3.0,0.0
lifecycle,e70960269eec88da76c7fc94e6e135d06a464be3b3c58017f568e3e26a79d27a,20260916,0.11.0,96,service,jobs,False,14,14,J000011,PREVENTIVE,OFF_ITEM,POWER#2,POWER,AIRCRAFT,,CENTER,OFF_ITEM,completed,56.7,56.7,59.00000000000001,5.0,0.0,5.0,2.0
lifecycle,e70960269eec88da76c7fc94e6e135d06a464be3b3c58017f568e3e26a79d27a,20260916,0.11.0,96,service,jobs,False,14,14,J000012,PREVENTIVE,OFF_ITEM,POWER#1,POWER,AIRCRAFT,,CENTER,OFF_ITEM,completed,56.800000000000004,56.800000000000004,59.10000000000001,5.0,0.0,5.0,2.0
lifecycle,e70960269eec88da76c7fc94e6e135d06a464be3b3c58017f568e3e26a79d27a,20260916,0.11.0,96,service,jobs,False,14,14,J000013,PREVENTIVE,POWER_PREVENTIVE,POWER#7,POWER,AIRCRAFT,AIRCRAFT@FLEET-003,BASE,REPLACE,completed,58.5,60.5,60.95,5.0,,3.0,0.0
lifecycle,e70960269eec88da76c7fc94e6e135d06a464be3b3c58017f568e3e26a79d27a,20260916,0.11.0,96,service,jobs,False,14,14,J000014,PREVENTIVE,OFF_ITEM,POWER#7,POWER,AIRCRAFT,,CENTER,OFF_ITEM,completed,60.7,60.7,62.400000000000006,5.0,0.0,5.0,2.0
lifecycle,e70960269eec88da76c7fc94e6e135d06a464be3b3c58017f568e3e26a79d27a,20260916,0.11.0,97,service,jobs,False,16,16,J000001,CORRECTIVE,POWER_CORRECTIVE,POWER#4,POWER,AIRCRAFT,AIRCRAFT@FLEET-002,BASE,REPLACE,completed,8.321158041296297,8.5,8.95,2.3211580412962967,,2.3211580412962967,0.0
lifecycle,e70960269eec88da76c7fc94e6e135d06a464be3b3c58017f568e3e26a79d27a,20260916,0.11.0,97,service,jobs,False,16,16,J000002,CORRECTIVE,OFF_ITEM,POWER#4,POWER,AIRCRAFT,,CENTER,OFF_ITEM,completed,8.7,8.7,11.399999999999999,2.3211580412962967,0.0,2.5,0.0
lifecycle,e70960269eec88da76c7fc94e6e135d06a464be3b3c58017f568e3e26a79d27a,20260916,0.11.0,97,service,jobs,False,16,16,J000003,PREVENTIVE,POWER_PREVENTIVE,POWER#3,POWER,AIRCRAFT,AIRCRAFT@FLEET-001,BASE,REPLACE,completed,14.5,16.5,16.950000000000003,5.0,,3.0,0.0
lifecycle,e70960269eec88da76c7fc94e6e135d06a464be3b3c58017f568e3e26a79d27a,20260916,0.11.0,97,service,jobs,False,16,16,J000004,PREVENTIVE,OFF_ITEM,POWER#3,POWER,AIRCRAFT,,CENTER,OFF_ITEM,completed,16.700000000000003,16.700000000000003,18.400000000000006,5.0,0.0,5.0,2.0
lifecycle,e70960269eec88da76c7fc94e6e135d06a464be3b3c58017f568e3e26a79d27a,20260916,0.11.0,97,service,jobs,False,16,16,J000005,PREVENTIVE,POWER_PREVENTIVE,POWER#5,POWER,AIRCRAFT,AIRCRAFT@FLEET-003,BASE,REPLACE,completed,30.5,32.5,33.300000000000004,5.0,,3.0,0.0
lifecycle,e70960269eec88da76c7fc94e6e135d06a464be3b3c58017f568e3e26a79d27a,20260916,0.11.0,97,service,jobs,False,16,16,J000006,PREVENTIVE,POWER_PREVENTIVE,POWER#6,POWER,AIRCRAFT,AIRCRAFT@FLEET-004,BASE,IN_PLACE,completed,30.5,32.5,33.400000000000006,5.0,0.0,5.0,2.0
lifecycle,e70960269eec88da76c7fc94e6e135d06a464be3b3c58017f568e3e26a79d27a,20260916,0.11.0,97,service,jobs,False,16,16,J000007,PREVENTIVE,OFF_ITEM,POWER#5,POWER,AIRCRAFT,,CENTER,OFF_ITEM,completed,32.800000000000004,32.800000000000004,34.50000000000001,5.0,0.0,5.0,2.0
lifecycle,e70960269eec88da76c7fc94e6e135d06a464be3b3c58017f568e3e26a79d27a,20260916,0.11.0,97,service,jobs,False,16,16,J000008,PREVENTIVE,POWER_PREVENTIVE,POWER#1,POWER,AIRCRAFT,AIRCRAFT@FLEET-002,BASE,REPLACE,completed,34.5,36.5,36.95,5.0,,3.0,0.0
lifecycle,e70960269eec88da76c7fc94e6e135d06a464be3b3c58017f568e3e26a79d27a,20260916,0.11.0,97,service,jobs,False,16,16,J000009,PREVENTIVE,OFF_ITEM,POWER#1,POWER,AIRCRAFT,,CENTER,OFF_ITEM,completed,36.7,36.7,38.400000000000006,5.0,0.0,5.0,2.0
lifecycle,e70960269eec88da76c7fc94e6e135d06a464be3b3c58017f568e3e26a79d27a,20260916,0.11.0,97,service,jobs,False,16,16,J000010,RETIREMENT,POWER_CORRECTIVE,POWER#6,POWER,AIRCRAFT,AIRCRAFT@FLEET-004,BASE,REPLACE,completed,39.0,40.5,40.85,2.5,,6.0,0.0
lifecycle,e70960269eec88da76c7fc94e6e135d06a464be3b3c58017f568e3e26a79d27a,20260916,0.11.0,97,service,jobs,False,16,16,J000011,PREVENTIVE,POWER_PREVENTIVE,POWER#2,POWER,AIRCRAFT,AIRCRAFT@FLEET-001,BASE,REPLACE,completed,54.5,56.5,56.95,5.0,,3.0,0.0
lifecycle,e70960269eec88da76c7fc94e6e135d06a464be3b3c58017f568e3e26a79d27a,20260916,0.11.0,97,service,jobs,False,16,16,J000012,PREVENTIVE,OFF_ITEM,POWER#2,POWER,AIRCRAFT,,CENTER,OFF_ITEM,completed,56.7,56.7,58.400000000000006,5.0,0.0,5.0,2.0
lifecycle,e70960269eec88da76c7fc94e6e135d06a464be3b3c58017f568e3e26a79d27a,20260916,0.11.0,97,service,jobs,False,16,16,J000013,PREVENTIVE,POWER_PREVENTIVE,POWER#7,POWER,AIRCRAFT,AIRCRAFT@FLEET-003,BASE,REPLACE,completed,58.5,60.5,60.95,5.0,,3.0,0.0
lifecycle,e70960269eec88da76c7fc94e6e135d06a464be3b3c58017f568e3e26a79d27a,20260916,0.11.0,97,service,jobs,False,16,16,J000014,PREVENTIVE,OFF_ITEM,POWER#7,POWER,AIRCRAFT,,CENTER,OFF_ITEM,completed,60.7,60.7,62.400000000000006,5.0,0.0,5.0,2.0
lifecycle,e70960269eec88da76c7fc94e6e135d06a464be3b3c58017f568e3e26a79d27a,20260916,0.11.0,97,service,jobs,False,16,16,J000015,PREVENTIVE,POWER_PREVENTIVE,POWER#8,POWER,AIRCRAFT,AIRCRAFT@FLEET-002,BASE,REPLACE,completed,62.5,64.5,64.94999999999999,5.0,,3.0,0.0
lifecycle,e70960269eec88da76c7fc94e6e135d06a464be3b3c58017f568e3e26a79d27a,20260916,0.11.0,97,service,jobs,False,16,16,J000016,PREVENTIVE,OFF_ITEM,POWER#8,POWER,AIRCRAFT,,CENTER,OFF_ITEM,completed,64.69999999999999,64.69999999999999,66.39999999999998,5.0,0.0,5.0,2.0
lifecycle,e70960269eec88da76c7fc94e6e135d06a464be3b3c58017f568e3e26a79d27a,20260916,0.11.0,98,service,jobs,False,15,15,J000001,PREVENTIVE,POWER_PREVENTIVE,POWER#3,POWER,AIRCRAFT,AIRCRAFT@FLEET-001,BASE,REPLACE,completed,14.5,16.5,17.300000000000004,5.0,,3.0,0.0
lifecycle,e70960269eec88da76c7fc94e6e135d06a464be3b3c58017f568e3e26a79d27a,20260916,0.11.0,98,service,jobs,False,15,15,J000002,PREVENTIVE,POWER_PREVENTIVE,POWER#4,POWER,AIRCRAFT,AIRCRAFT@FLEET-002,BASE,IN_PLACE,completed,14.5,16.5,17.400000000000006,5.0,0.0,5.0,2.0
lifecycle,e70960269eec88da76c7fc94e6e135d06a464be3b3c58017f568e3e26a79d27a,20260916,0.11.0,98,service,jobs,False,15,15,J000003,PREVENTIVE,OFF_ITEM,POWER#3,POWER,AIRCRAFT,,CENTER,OFF_ITEM,completed,16.800000000000004,16.800000000000004,18.500000000000007,5.0,0.0,5.0,2.0
lifecycle,e70960269eec88da76c7fc94e6e135d06a464be3b3c58017f568e3e26a79d27a,20260916,0.11.0,98,service,jobs,False,15,15,J000004,PREVENTIVE,POWER_PREVENTIVE,POWER#5,POWER,AIRCRAFT,AIRCRAFT@FLEET-003,BASE,IN_PLACE,completed,30.5,32.5,33.400000000000006,5.0,0.0,5.0,2.0
lifecycle,e70960269eec88da76c7fc94e6e135d06a464be3b3c58017f568e3e26a79d27a,20260916,0.11.0,98,service,jobs,False,15,15,J000005,PREVENTIVE,POWER_PREVENTIVE,POWER#6,POWER,AIRCRAFT,AIRCRAFT@FLEET-004,BASE,REPLACE,completed,30.5,32.5,33.300000000000004,5.0,,3.0,0.0
lifecycle,e70960269eec88da76c7fc94e6e135d06a464be3b3c58017f568e3e26a79d27a,20260916,0.11.0,98,service,jobs,False,15,15,J000006,PREVENTIVE,OFF_ITEM,POWER#6,POWER,AIRCRAFT,,CENTER,OFF_ITEM,completed,32.7,32.7,34.400000000000006,5.0,0.0,5.0,2.0
lifecycle,e70960269eec88da76c7fc94e6e135d06a464be3b3c58017f568e3e26a79d27a,20260916,0.11.0,98,service,jobs,False,15,15,J000007,RETIREMENT,POWER_CORRECTIVE,POWER#4,POWER,AIRCRAFT,AIRCRAFT@FLEET-002,BASE,REPLACE,completed,35.0,36.5,36.85,2.5,,6.0,0.0
lifecycle,e70960269eec88da76c7fc94e6e135d06a464be3b3c58017f568e3e26a79d27a,20260916,0.11.0,98,service,jobs,False,15,15,J000008,RETIREMENT,POWER_CORRECTIVE,POWER#5,POWER,AIRCRAFT,AIRCRAFT@FLEET-003,BASE,REPLACE,completed,39.0,40.5,40.85,2.5,,6.0,0.0
lifecycle,e70960269eec88da76c7fc94e6e135d06a464be3b3c58017f568e3e26a79d27a,20260916,0.11.0,98,service,jobs,False,15,15,J000009,PREVENTIVE,POWER_PREVENTIVE,POWER#1,POWER,AIRCRAFT,AIRCRAFT@FLEET-001,BASE,REPLACE,completed,54.5,56.5,56.95,5.0,,3.0,0.0
lifecycle,e70960269eec88da76c7fc94e6e135d06a464be3b3c58017f568e3e26a79d27a,20260916,0.11.0,98,service,jobs,False,15,15,J000010,PREVENTIVE,OFF_ITEM,POWER#1,POWER,AIRCRAFT,,CENTER,OFF_ITEM,completed,56.7,56.7,58.400000000000006,5.0,0.0,5.0,2.0
lifecycle,e70960269eec88da76c7fc94e6e135d06a464be3b3c58017f568e3e26a79d27a,20260916,0.11.0,98,service,jobs,False,15,15,J000011,PREVENTIVE,POWER_PREVENTIVE,POWER#2,POWER,AIRCRAFT,,CENTER,OFF_ITEM,covered_by_corrective,58.5,,62.96924423710683,3.0,0.0,3.0,0.0
lifecycle,e70960269eec88da76c7fc94e6e135d06a464be3b3c58017f568e3e26a79d27a,20260916,0.11.0,98,service,jobs,False,15,15,J000012,CORRECTIVE,POWER_CORRECTIVE,POWER#2,POWER,AIRCRAFT,AIRCRAFT@FLEET-004,BASE,REPLACE,completed,59.56924423710682,60.06924423710682,60.519244237106825,4.0692442371068225,,4.0692442371068225,0.0
lifecycle,e70960269eec88da76c7fc94e6e135d06a464be3b3c58017f568e3e26a79d27a,20260916,0.11.0,98,service,jobs,False,15,15,J000013,CORRECTIVE,OFF_ITEM,POWER#2,POWER,AIRCRAFT,,CENTER,OFF_ITEM,completed,60.269244237106825,60.269244237106825,62.96924423710683,4.0692442371068225,0.0,4.5692442371068225,1.0692442371068225
lifecycle,e70960269eec88da76c7fc94e6e135d06a464be3b3c58017f568e3e26a79d27a,20260916,0.11.0,98,service,jobs,False,15,15,J000014,PREVENTIVE,POWER_PREVENTIVE,POWER#7,POWER,AIRCRAFT,AIRCRAFT@FLEET-002,BASE,REPLACE,completed,62.5,64.5,64.94999999999999,5.0,,3.0,0.0
lifecycle,e70960269eec88da76c7fc94e6e135d06a464be3b3c58017f568e3e26a79d27a,20260916,0.11.0,98,service,jobs,False,15,15,J000015,PREVENTIVE,OFF_ITEM,POWER#7,POWER,AIRCRAFT,,CENTER,OFF_ITEM,completed,64.69999999999999,64.69999999999999,66.39999999999998,5.0,0.0,5.0,2.0
lifecycle,e70960269eec88da76c7fc94e6e135d06a464be3b3c58017f568e3e26a79d27a,20260916,0.11.0,99,service,jobs,False,13,13,J000001,PREVENTIVE,POWER_PREVENTIVE,POWER#3,POWER,AIRCRAFT,AIRCRAFT@FLEET-001,BASE,REPLACE,completed,14.5,16.5,17.300000000000004,5.0,,3.0,0.0
lifecycle,e70960269eec88da76c7fc94e6e135d06a464be3b3c58017f568e3e26a79d27a,20260916,0.11.0,99,service,jobs,False,13,13,J000002,PREVENTIVE,POWER_PREVENTIVE,POWER#4,POWER,AIRCRAFT,AIRCRAFT@FLEET-002,BASE,IN_PLACE,completed,14.5,16.5,17.400000000000006,5.0,0.0,5.0,2.0
lifecycle,e70960269eec88da76c7fc94e6e135d06a464be3b3c58017f568e3e26a79d27a,20260916,0.11.0,99,service,jobs,False,13,13,J000003,PREVENTIVE,OFF_ITEM,POWER#3,POWER,AIRCRAFT,,CENTER,OFF_ITEM,completed,16.800000000000004,16.800000000000004,18.500000000000007,5.0,0.0,5.0,2.0
lifecycle,e70960269eec88da76c7fc94e6e135d06a464be3b3c58017f568e3e26a79d27a,20260916,0.11.0,99,service,jobs,False,13,13,J000004,PREVENTIVE,POWER_PREVENTIVE,POWER#5,POWER,AIRCRAFT,AIRCRAFT@FLEET-003,BASE,IN_PLACE,completed,30.5,32.5,33.400000000000006,5.0,0.0,5.0,2.0
lifecycle,e70960269eec88da76c7fc94e6e135d06a464be3b3c58017f568e3e26a79d27a,20260916,0.11.0,99,service,jobs,False,13,13,J000005,PREVENTIVE,POWER_PREVENTIVE,POWER#6,POWER,AIRCRAFT,AIRCRAFT@FLEET-004,BASE,REPLACE,completed,30.5,32.5,33.300000000000004,5.0,,3.0,0.0
lifecycle,e70960269eec88da76c7fc94e6e135d06a464be3b3c58017f568e3e26a79d27a,20260916,0.11.0,99,service,jobs,False,13,13,J000006,PREVENTIVE,OFF_ITEM,POWER#6,POWER,AIRCRAFT,,CENTER,OFF_ITEM,completed,32.7,32.7,34.400000000000006,5.0,0.0,5.0,2.0
lifecycle,e70960269eec88da76c7fc94e6e135d06a464be3b3c58017f568e3e26a79d27a,20260916,0.11.0,99,service,jobs,False,13,13,J000007,RETIREMENT,POWER_CORRECTIVE,POWER#4,POWER,AIRCRAFT,AIRCRAFT@FLEET-002,BASE,REPLACE,completed,35.0,36.5,36.85,2.5,,6.0,0.0
lifecycle,e70960269eec88da76c7fc94e6e135d06a464be3b3c58017f568e3e26a79d27a,20260916,0.11.0,99,service,jobs,False,13,13,J000008,RETIREMENT,POWER_CORRECTIVE,POWER#5,POWER,AIRCRAFT,AIRCRAFT@FLEET-003,BASE,REPLACE,completed,39.0,40.5,40.85,2.5,,6.0,0.0
lifecycle,e70960269eec88da76c7fc94e6e135d06a464be3b3c58017f568e3e26a79d27a,20260916,0.11.0,99,service,jobs,False,13,13,J000009,CORRECTIVE,POWER_CORRECTIVE,POWER#7,POWER,AIRCRAFT,AIRCRAFT@FLEET-002,BASE,REPLACE,completed,54.23839718586935,54.476794371738706,54.92679437173871,0.23839718586935277,,0.23839718586935277,0.0
lifecycle,e70960269eec88da76c7fc94e6e135d06a464be3b3c58017f568e3e26a79d27a,20260916,0.11.0,99,service,jobs,False,13,13,J000010,CORRECTIVE,OFF_ITEM,POWER#7,POWER,AIRCRAFT,,CENTER,OFF_ITEM,completed,54.67679437173871,54.67679437173871,57.37679437173871,0.23839718586935277,0.0,0.47679437173870554,0.0
lifecycle,e70960269eec88da76c7fc94e6e135d06a464be3b3c58017f568e3e26a79d27a,20260916,0.11.0,99,service,jobs,False,13,13,J000011,PREVENTIVE,POWER_PREVENTIVE,POWER#2,POWER,AIRCRAFT,AIRCRAFT@FLEET-004,BASE,REPLACE,completed,58.5,60.5,60.95,5.0,,3.0,0.0
lifecycle,e70960269eec88da76c7fc94e6e135d06a464be3b3c58017f568e3e26a79d27a,20260916,0.11.0,99,service,jobs,False,13,13,J000012,PREVENTIVE,OFF_ITEM,POWER#2,POWER,AIRCRAFT,,CENTER,OFF_ITEM,completed,60.7,60.7,62.400000000000006,5.0,0.0,5.0,2.0
lifecycle,e70960269eec88da76c7fc94e6e135d06a464be3b3c58017f568e3e26a79d27a,20260916,0.11.0,99,service,jobs,False,13,13,J000013,PREVENTIVE,POWER_PREVENTIVE,POWER#1,POWER,AIRCRAFT,AIRCRAFT@FLEET-001,BASE,IN_PLACE,completed,62.023205628261294,64.5,65.19999999999999,5.4767943717387055,0.0,5.4767943717387055,2.4767943717387055
lifecycle,e70960269eec88da76c7fc94e6e135d06a464be3b3c58017f568e3e26a79d27a,20260916,0.11.0,100,service,jobs,False,14,14,J000001,PREVENTIVE,POWER_PREVENTIVE,POWER#3,POWER,AIRCRAFT,AIRCRAFT@FLEET-001,BASE,REPLACE,completed,14.5,16.5,17.050000000000004,5.0,,3.0,0.0
lifecycle,e70960269eec88da76c7fc94e6e135d06a464be3b3c58017f568e3e26a79d27a,20260916,0.11.0,100,service,jobs,False,14,14,J000002,PREVENTIVE,POWER_PREVENTIVE,POWER#4,POWER,AIRCRAFT,AIRCRAFT@FLEET-002,BASE,REPLACE,completed,14.5,16.5,16.950000000000003,5.0,,3.0,0.0
lifecycle,e70960269eec88da76c7fc94e6e135d06a464be3b3c58017f568e3e26a79d27a,20260916,0.11.0,100,service,jobs,False,14,14,J000003,PREVENTIVE,OFF_ITEM,POWER#4,POWER,AIRCRAFT,,CENTER,OFF_ITEM,completed,16.700000000000003,16.700000000000003,19.000000000000007,5.0,0.0,5.0,2.0
lifecycle,e70960269eec88da76c7fc94e6e135d06a464be3b3c58017f568e3e26a79d27a,20260916,0.11.0,100,service,jobs,False,14,14,J000004,PREVENTIVE,OFF_ITEM,POWER#3,POWER,AIRCRAFT,,CENTER,OFF_ITEM,completed,16.800000000000004,16.800000000000004,19.10000000000001,5.0,0.0,5.0,2.0
lifecycle,e70960269eec88da76c7fc94e6e135d06a464be3b3c58017f568e3e26a79d27a,20260916,0.11.0,100,service,jobs,False,14,14,J000005,PREVENTIVE,POWER_PREVENTIVE,POWER#5,POWER,AIRCRAFT,AIRCRAFT@FLEET-003,BASE,REPLACE,completed,30.5,32.5,33.300000000000004,5.0,,3.0,0.0
lifecycle,e70960269eec88da76c7fc94e6e135d06a464be3b3c58017f568e3e26a79d27a,20260916,0.11.0,100,service,jobs,False,14,14,J000006,PREVENTIVE,POWER_PREVENTIVE,POWER#6,POWER,AIRCRAFT,AIRCRAFT@FLEET-004,BASE,IN_PLACE,completed,30.5,32.5,33.400000000000006,5.0,0.0,5.0,2.0
lifecycle,e70960269eec88da76c7fc94e6e135d06a464be3b3c58017f568e3e26a79d27a,20260916,0.11.0,100,service,jobs,False,14,14,J000007,PREVENTIVE,OFF_ITEM,POWER#5,POWER,AIRCRAFT,,CENTER,OFF_ITEM,completed,32.800000000000004,32.800000000000004,34.50000000000001,5.0,0.0,5.0,2.0
lifecycle,e70960269eec88da76c7fc94e6e135d06a464be3b3c58017f568e3e26a79d27a,20260916,0.11.0,100,service,jobs,False,14,14,J000008,RETIREMENT,POWER_CORRECTIVE,POWER#6,POWER,AIRCRAFT,AIRCRAFT@FLEET-004,BASE,REPLACE,completed,39.0,40.5,40.85,2.5,,6.0,0.0
lifecycle,e70960269eec88da76c7fc94e6e135d06a464be3b3c58017f568e3e26a79d27a,20260916,0.11.0,100,service,jobs,False,14,14,J000009,PREVENTIVE,POWER_PREVENTIVE,POWER#1,POWER,AIRCRAFT,AIRCRAFT@FLEET-002,BASE,REPLACE,completed,54.5,56.5,57.300000000000004,5.0,,3.0,0.0
lifecycle,e70960269eec88da76c7fc94e6e135d06a464be3b3c58017f568e3e26a79d27a,20260916,0.11.0,100,service,jobs,False,14,14,J000010,PREVENTIVE,POWER_PREVENTIVE,POWER#2,POWER,AIRCRAFT,AIRCRAFT@FLEET-001,BASE,IN_PLACE,completed,54.5,56.5,57.400000000000006,5.0,0.0,5.0,2.0
lifecycle,e70960269eec88da76c7fc94e6e135d06a464be3b3c58017f568e3e26a79d27a,20260916,0.11.0,100,service,jobs,False,14,14,J000011,PREVENTIVE,OFF_ITEM,POWER#1,POWER,AIRCRAFT,,CENTER,OFF_ITEM,completed,56.800000000000004,56.800000000000004,58.50000000000001,5.0,0.0,5.0,2.0
lifecycle,e70960269eec88da76c7fc94e6e135d06a464be3b3c58017f568e3e26a79d27a,20260916,0.11.0,100,service,jobs,False,14,14,J000012,PREVENTIVE,POWER_PREVENTIVE,POWER#7,POWER,AIRCRAFT,AIRCRAFT@FLEET-003,BASE,REPLACE,completed,58.5,60.5,60.95,5.0,,3.0,0.0
lifecycle,e70960269eec88da76c7fc94e6e135d06a464be3b3c58017f568e3e26a79d27a,20260916,0.11.0,100,service,jobs,False,14,14,J000013,PREVENTIVE,OFF_ITEM,POWER#7,POWER,AIRCRAFT,,CENTER,OFF_ITEM,completed,60.7,60.7,62.400000000000006,5.0,0.0,5.0,2.0
lifecycle,e70960269eec88da76c7fc94e6e135d06a464be3b3c58017f568e3e26a79d27a,20260916,0.11.0,100,service,jobs,False,14,14,J000014,RETIREMENT,POWER_CORRECTIVE,POWER#2,POWER,AIRCRAFT,AIRCRAFT@FLEET-001,BASE,REPLACE,completed,63.0,64.5,64.85,2.5,,6.0,0.0
