run_id,model_hash,seed,engine,replication,section,dataset,details_truncated,detail_total,detail_retained,id,sequence,station,iid,created,owner,quantity,fulfilled,completed
lifecycle,e70960269eec88da76c7fc94e6e135d06a464be3b3c58017f568e3e26a79d27a,20260916,0.11.0,1,supply,demands,False,6,6,D1,4,BASE,POWER,16.700000000000003,J000002,1,1,16.700000000000003
lifecycle,e70960269eec88da76c7fc94e6e135d06a464be3b3c58017f568e3e26a79d27a,20260916,0.11.0,1,supply,demands,False,6,6,D2,8,BASE,POWER,16.800000000000004,J000001,1,1,16.800000000000004
lifecycle,e70960269eec88da76c7fc94e6e135d06a464be3b3c58017f568e3e26a79d27a,20260916,0.11.0,1,supply,demands,False,6,6,D3,12,BASE,POWER,40.6,J000009,1,1,40.6
lifecycle,e70960269eec88da76c7fc94e6e135d06a464be3b3c58017f568e3e26a79d27a,20260916,0.11.0,1,supply,demands,False,6,6,D4,13,BASE,POWER,40.6,J000008,1,1,40.6
lifecycle,e70960269eec88da76c7fc94e6e135d06a464be3b3c58017f568e3e26a79d27a,20260916,0.11.0,1,supply,demands,False,6,6,D5,16,BASE,POWER,64.6,J000013,1,1,64.6
lifecycle,e70960269eec88da76c7fc94e6e135d06a464be3b3c58017f568e3e26a79d27a,20260916,0.11.0,1,supply,demands,False,6,6,D6,17,BASE,POWER,64.6,J000012,1,1,64.6
lifecycle,e70960269eec88da76c7fc94e6e135d06a464be3b3c58017f568e3e26a79d27a,20260916,0.11.0,2,supply,demands,False,5,5,D1,4,BASE,POWER,16.700000000000003,J000002,1,1,16.700000000000003
lifecycle,e70960269eec88da76c7fc94e6e135d06a464be3b3c58017f568e3e26a79d27a,20260916,0.11.0,2,supply,demands,False,5,5,D2,8,BASE,POWER,32.800000000000004,J000004,1,1,32.800000000000004
lifecycle,e70960269eec88da76c7fc94e6e135d06a464be3b3c58017f568e3e26a79d27a,20260916,0.11.0,2,supply,demands,False,5,5,D3,11,BASE,POWER,36.6,J000007,1,1,36.6
lifecycle,e70960269eec88da76c7fc94e6e135d06a464be3b3c58017f568e3e26a79d27a,20260916,0.11.0,2,supply,demands,False,5,5,D4,14,BASE,POWER,40.6,J000008,1,1,40.6
lifecycle,e70960269eec88da76c7fc94e6e135d06a464be3b3c58017f568e3e26a79d27a,20260916,0.11.0,2,supply,demands,False,5,5,D5,18,BASE,POWER,56.7,J000009,1,1,56.7
lifecycle,e70960269eec88da76c7fc94e6e135d06a464be3b3c58017f568e3e26a79d27a,20260916,0.11.0,3,supply,demands,False,5,5,D1,4,BASE,POWER,16.800000000000004,J000001,1,1,16.800000000000004
lifecycle,e70960269eec88da76c7fc94e6e135d06a464be3b3c58017f568e3e26a79d27a,20260916,0.11.0,3,supply,demands,False,5,5,D2,8,BASE,POWER,36.6,J000007,1,1,36.6
lifecycle,e70960269eec88da76c7fc94e6e135d06a464be3b3c58017f568e3e26a79d27a,20260916,0.11.0,3,supply,demands,False,5,5,D3,11,BASE,POWER,40.6,J000009,1,1,40.6
lifecycle,e70960269eec88da76c7fc94e6e135d06a464be3b3c58017f568e3e26a79d27a,20260916,0.11.0,3,supply,demands,False,5,5,D4,12,BASE,POWER,40.6,J000008,1,1,40.6
lifecycle,e70960269eec88da76c7fc94e6e135d06a464be3b3c58017f568e3e26a79d27a,20260916,0.11.0,3,supply,demands,False,5,5,D5,16,BASE,POWER,64.6,J000012,1,1,64.6
lifecycle,e70960269eec88da76c7fc94e6e135d06a464be3b3c58017f568e3e26a79d27a,20260916,0.11.0,4,supply,demands,False,7,7,D1,4,BASE,POWER,16.700000000000003,J000002,1,1,16.700000000000003
lifecycle,e70960269eec88da76c7fc94e6e135d06a464be3b3c58017f568e3e26a79d27a,20260916,0.11.0,4,supply,demands,False,7,7,D2,8,BASE,POWER,16.800000000000004,J000001,1,1,16.800000000000004
lifecycle,e70960269eec88da76c7fc94e6e135d06a464be3b3c58017f568e3e26a79d27a,20260916,0.11.0,4,supply,demands,False,7,7,D3,12,BASE,POWER,32.800000000000004,J000005,1,1,32.800000000000004
lifecycle,e70960269eec88da76c7fc94e6e135d06a464be3b3c58017f568e3e26a79d27a,20260916,0.11.0,4,supply,demands,False,7,7,D4,15,BASE,POWER,40.6,J000008,1,1,40.6
lifecycle,e70960269eec88da76c7fc94e6e135d06a464be3b3c58017f568e3e26a79d27a,20260916,0.11.0,4,supply,demands,False,7,7,D5,18,BASE,POWER,56.7,J000010,1,1,56.7
lifecycle,e70960269eec88da76c7fc94e6e135d06a464be3b3c58017f568e3e26a79d27a,20260916,0.11.0,4,supply,demands,False,7,7,D6,21,BASE,POWER,56.800000000000004,J000009,1,1,56.800000000000004
lifecycle,e70960269eec88da76c7fc94e6e135d06a464be3b3c58017f568e3e26a79d27a,20260916,0.11.0,4,supply,demands,False,7,7,D7,25,BASE,POWER,60.7,J000013,1,1,60.7
lifecycle,e70960269eec88da76c7fc94e6e135d06a464be3b3c58017f568e3e26a79d27a,20260916,0.11.0,5,supply,demands,False,5,5,D1,4,BASE,POWER,32.7,J000003,1,1,32.7
lifecycle,e70960269eec88da76c7fc94e6e135d06a464be3b3c58017f568e3e26a79d27a,20260916,0.11.0,5,supply,demands,False,5,5,D2,8,BASE,POWER,32.800000000000004,J000002,1,1,32.800000000000004
lifecycle,e70960269eec88da76c7fc94e6e135d06a464be3b3c58017f568e3e26a79d27a,20260916,0.11.0,5,supply,demands,False,5,5,D3,12,BASE,POWER,36.800000000000004,J000006,1,1,36.800000000000004
lifecycle,e70960269eec88da76c7fc94e6e135d06a464be3b3c58017f568e3e26a79d27a,20260916,0.11.0,5,supply,demands,False,5,5,D4,15,BASE,POWER,56.6,J000009,1,1,56.6
lifecycle,e70960269eec88da76c7fc94e6e135d06a464be3b3c58017f568e3e26a79d27a,20260916,0.11.0,5,supply,demands,False,5,5,D5,18,BASE,POWER,60.800000000000004,J000010,1,1,60.800000000000004
lifecycle,e70960269eec88da76c7fc94e6e135d06a464be3b3c58017f568e3e26a79d27a,20260916,0.11.0,6,supply,demands,False,7,7,D1,4,BASE,POWER,15.785639491293086,J000002,1,1,15.785639491293086
lifecycle,e70960269eec88da76c7fc94e6e135d06a464be3b3c58017f568e3e26a79d27a,20260916,0.11.0,6,supply,demands,False,7,7,D2,8,BASE,POWER,32.7,J000006,1,1,32.7
lifecycle,e70960269eec88da76c7fc94e6e135d06a464be3b3c58017f568e3e26a79d27a,20260916,0.11.0,6,supply,demands,False,7,7,D3,11,BASE,POWER,32.800000000000004,J000005,1,1,32.800000000000004
lifecycle,e70960269eec88da76c7fc94e6e135d06a464be3b3c58017f568e3e26a79d27a,20260916,0.11.0,6,supply,demands,False,7,7,D4,15,BASE,POWER,36.6,J000009,1,1,36.6
lifecycle,e70960269eec88da76c7fc94e6e135d06a464be3b3c58017f568e3e26a79d27a,20260916,0.11.0,6,supply,demands,False,7,7,D5,18,BASE,POWER,56.7,J000010,1,1,56.7
lifecycle,e70960269eec88da76c7fc94e6e135d06a464be3b3c58017f568e3e26a79d27a,20260916,0.11.0,6,supply,demands,False,7,7,D6,21,BASE,POWER,60.7,J000013,1,1,60.7
lifecycle,e70960269eec88da76c7fc94e6e135d06a464be3b3c58017f568e3e26a79d27a,20260916,0.11.0,6,supply,demands,False,7,7,D7,24,BASE,POWER,64.69999999999999,J000015,1,1,64.69999999999999
lifecycle,e70960269eec88da76c7fc94e6e135d06a464be3b3c58017f568e3e26a79d27a,20260916,0.11.0,7,supply,demands,False,5,5,D1,4,BASE,POWER,16.700000000000003,J000002,1,1,16.700000000000003
lifecycle,e70960269eec88da76c7fc94e6e135d06a464be3b3c58017f568e3e26a79d27a,20260916,0.11.0,7,supply,demands,False,5,5,D2,8,BASE,POWER,16.800000000000004,J000001,1,1,16.800000000000004
lifecycle,e70960269eec88da76c7fc94e6e135d06a464be3b3c58017f568e3e26a79d27a,20260916,0.11.0,7,supply,demands,False,5,5,D3,12,BASE,POWER,32.7,J000006,1,1,32.7
lifecycle,e70960269eec88da76c7fc94e6e135d06a464be3b3c58017f568e3e26a79d27a,20260916,0.11.0,7,supply,demands,False,5,5,D4,15,BASE,POWER,40.6,J000008,1,1,40.6
lifecycle,e70960269eec88da76c7fc94e6e135d06a464be3b3c58017f568e3e26a79d27a,20260916,0.11.0,7,supply,demands,False,5,5,D5,18,BASE,POWER,64.76441104630572,J000014,1,1,64.76441104630572
lifecycle,e70960269eec88da76c7fc94e6e135d06a464be3b3c58017f568e3e26a79d27a,20260916,0.11.0,8,supply,demands,False,6,6,D1,4,BASE,POWER,16.700000000000003,J000002,1,1,16.700000000000003
lifecycle,e70960269eec88da76c7fc94e6e135d06a464be3b3c58017f568e3e26a79d27a,20260916,0.11.0,8,supply,demands,False,6,6,D2,8,BASE,POWER,16.800000000000004,J000001,1,1,16.800000000000004
lifecycle,e70960269eec88da76c7fc94e6e135d06a464be3b3c58017f568e3e26a79d27a,20260916,0.11.0,8,supply,demands,False,6,6,D3,12,BASE,POWER,32.7,J000006,1,1,32.7
lifecycle,e70960269eec88da76c7fc94e6e135d06a464be3b3c58017f568e3e26a79d27a,20260916,0.11.0,8,supply,demands,False,6,6,D4,15,BASE,POWER,40.6,J000008,1,1,40.6
lifecycle,e70960269eec88da76c7fc94e6e135d06a464be3b3c58017f568e3e26a79d27a,20260916,0.11.0,8,supply,demands,False,6,6,D5,18,BASE,POWER,64.6,J000014,1,1,64.6
lifecycle,e70960269eec88da76c7fc94e6e135d06a464be3b3c58017f568e3e26a79d27a,20260916,0.11.0,8,supply,demands,False,6,6,D6,19,BASE,POWER,64.6,J000013,1,1,64.6
lifecycle,e70960269eec88da76c7fc94e6e135d06a464be3b3c58017f568e3e26a79d27a,20260916,0.11.0,9,supply,demands,False,6,6,D1,4,BASE,POWER,16.700000000000003,J000002,1,1,16.700000000000003
lifecycle,e70960269eec88da76c7fc94e6e135d06a464be3b3c58017f568e3e26a79d27a,20260916,0.11.0,9,supply,demands,False,6,6,D2,8,BASE,POWER,16.800000000000004,J000001,1,1,16.800000000000004
lifecycle,e70960269eec88da76c7fc94e6e135d06a464be3b3c58017f568e3e26a79d27a,20260916,0.11.0,9,supply,demands,False,6,6,D3,12,BASE,POWER,32.7,J000006,1,1,32.7
lifecycle,e70960269eec88da76c7fc94e6e135d06a464be3b3c58017f568e3e26a79d27a,20260916,0.11.0,9,supply,demands,False,6,6,D4,15,BASE,POWER,35.78096592830619,J000008,1,1,35.78096592830619
lifecycle,e70960269eec88da76c7fc94e6e135d06a464be3b3c58017f568e3e26a79d27a,20260916,0.11.0,9,supply,demands,False,6,6,D5,18,BASE,POWER,40.6,J000010,1,1,40.6
lifecycle,e70960269eec88da76c7fc94e6e135d06a464be3b3c58017f568e3e26a79d27a,20260916,0.11.0,9,supply,demands,False,6,6,D6,21,BASE,POWER,56.7,J000011,1,1,56.7
lifecycle,e70960269eec88da76c7fc94e6e135d06a464be3b3c58017f568e3e26a79d27a,20260916,0.11.0,10,supply,demands,False,6,6,D1,4,BASE,POWER,16.800000000000004,J000001,1,1,16.800000000000004
lifecycle,e70960269eec88da76c7fc94e6e135d06a464be3b3c58017f568e3e26a79d27a,20260916,0.11.0,10,supply,demands,False,6,6,D2,8,BASE,POWER,32.7,J000005,1,1,32.7
lifecycle,e70960269eec88da76c7fc94e6e135d06a464be3b3c58017f568e3e26a79d27a,20260916,0.11.0,10,supply,demands,False,6,6,D3,11,BASE,POWER,32.800000000000004,J000004,1,1,32.800000000000004
lifecycle,e70960269eec88da76c7fc94e6e135d06a464be3b3c58017f568e3e26a79d27a,20260916,0.11.0,10,supply,demands,False,6,6,D4,15,BASE,POWER,36.6,J000008,1,1,36.6
lifecycle,e70960269eec88da76c7fc94e6e135d06a464be3b3c58017f568e3e26a79d27a,20260916,0.11.0,10,supply,demands,False,6,6,D5,18,BASE,POWER,56.7,J000010,1,1,56.7
lifecycle,e70960269eec88da76c7fc94e6e135d06a464be3b3c58017f568e3e26a79d27a,20260916,0.11.0,10,supply,demands,False,6,6,D6,21,BASE,POWER,64.69999999999999,J000013,1,1,64.69999999999999
lifecycle,e70960269eec88da76c7fc94e6e135d06a464be3b3c58017f568e3e26a79d27a,20260916,0.11.0,11,supply,demands,False,7,7,D1,4,BASE,POWER,16.700000000000003,J000002,1,1,16.700000000000003
lifecycle,e70960269eec88da76c7fc94e6e135d06a464be3b3c58017f568e3e26a79d27a,20260916,0.11.0,11,supply,demands,False,7,7,D2,8,BASE,POWER,32.7,J000005,1,1,32.7
lifecycle,e70960269eec88da76c7fc94e6e135d06a464be3b3c58017f568e3e26a79d27a,20260916,0.11.0,11,supply,demands,False,7,7,D3,11,BASE,POWER,36.6,J000007,1,1,36.6
lifecycle,e70960269eec88da76c7fc94e6e135d06a464be3b3c58017f568e3e26a79d27a,20260916,0.11.0,11,supply,demands,False,7,7,D4,14,BASE,POWER,40.6,J000008,1,1,40.6
lifecycle,e70960269eec88da76c7fc94e6e135d06a464be3b3c58017f568e3e26a79d27a,20260916,0.11.0,11,supply,demands,False,7,7,D5,18,BASE,POWER,56.7,J000009,1,1,56.7
lifecycle,e70960269eec88da76c7fc94e6e135d06a464be3b3c58017f568e3e26a79d27a,20260916,0.11.0,11,supply,demands,False,7,7,D6,22,BASE,POWER,59.46715742442405,J000012,1,1,59.46715742442405
lifecycle,e70960269eec88da76c7fc94e6e135d06a464be3b3c58017f568e3e26a79d27a,20260916,0.11.0,11,supply,demands,False,7,7,D7,25,BASE,POWER,63.98836320755469,J000015,1,1,63.98836320755469
lifecycle,e70960269eec88da76c7fc94e6e135d06a464be3b3c58017f568e3e26a79d27a,20260916,0.11.0,12,supply,demands,False,6,6,D1,4,BASE,POWER,12.247915383224957,J000001,1,1,12.247915383224957
lifecycle,e70960269eec88da76c7fc94e6e135d06a464be3b3c58017f568e3e26a79d27a,20260916,0.11.0,12,supply,demands,False,6,6,D2,8,BASE,POWER,16.800000000000004,J000005,1,1,16.800000000000004
lifecycle,e70960269eec88da76c7fc94e6e135d06a464be3b3c58017f568e3e26a79d27a,20260916,0.11.0,12,supply,demands,False,6,6,D3,11,BASE,POWER,36.6,J000008,1,1,36.6
lifecycle,e70960269eec88da76c7fc94e6e135d06a464be3b3c58017f568e3e26a79d27a,20260916,0.11.0,12,supply,demands,False,6,6,D4,14,BASE,POWER,40.7,J000009,1,1,40.7
lifecycle,e70960269eec88da76c7fc94e6e135d06a464be3b3c58017f568e3e26a79d27a,20260916,0.11.0,12,supply,demands,False,6,6,D5,18,BASE,POWER,60.6,J000012,1,1,60.6
lifecycle,e70960269eec88da76c7fc94e6e135d06a464be3b3c58017f568e3e26a79d27a,20260916,0.11.0,12,supply,demands,False,6,6,D6,21,BASE,POWER,64.6,J000014,1,1,64.6
lifecycle,e70960269eec88da76c7fc94e6e135d06a464be3b3c58017f568e3e26a79d27a,20260916,0.11.0,13,supply,demands,False,6,6,D1,4,BASE,POWER,16.700000000000003,J000002,1,1,16.700000000000003
lifecycle,e70960269eec88da76c7fc94e6e135d06a464be3b3c58017f568e3e26a79d27a,20260916,0.11.0,13,supply,demands,False,6,6,D2,8,BASE,POWER,32.800000000000004,J000004,1,1,32.800000000000004
lifecycle,e70960269eec88da76c7fc94e6e135d06a464be3b3c58017f568e3e26a79d27a,20260916,0.11.0,13,supply,demands,False,6,6,D3,11,BASE,POWER,36.6,J000007,1,1,36.6
lifecycle,e70960269eec88da76c7fc94e6e135d06a464be3b3c58017f568e3e26a79d27a,20260916,0.11.0,13,supply,demands,False,6,6,D4,14,BASE,POWER,40.6,J000008,1,1,40.6
lifecycle,e70960269eec88da76c7fc94e6e135d06a464be3b3c58017f568e3e26a79d27a,20260916,0.11.0,13,supply,demands,False,6,6,D5,18,BASE,POWER,63.145548177158815,J000012,1,1,63.145548177158815
lifecycle,e70960269eec88da76c7fc94e6e135d06a464be3b3c58017f568e3e26a79d27a,20260916,0.11.0,13,supply,demands,False,6,6,D6,22,BASE,POWER,63.24554817715882,J000011,1,1,63.24554817715882
lifecycle,e70960269eec88da76c7fc94e6e135d06a464be3b3c58017f568e3e26a79d27a,20260916,0.11.0,14,supply,demands,False,5,5,D1,4,BASE,POWER,16.700000000000003,J000002,1,1,16.700000000000003
lifecycle,e70960269eec88da76c7fc94e6e135d06a464be3b3c58017f568e3e26a79d27a,20260916,0.11.0,14,supply,demands,False,5,5,D2,8,BASE,POWER,32.7,J000005,1,1,32.7
lifecycle,e70960269eec88da76c7fc94e6e135d06a464be3b3c58017f568e3e26a79d27a,20260916,0.11.0,14,supply,demands,False,5,5,D3,11,BASE,POWER,36.6,J000007,1,1,36.6
lifecycle,e70960269eec88da76c7fc94e6e135d06a464be3b3c58017f568e3e26a79d27a,20260916,0.11.0,14,supply,demands,False,5,5,D4,14,BASE,POWER,40.6,J000008,1,1,40.6
lifecycle,e70960269eec88da76c7fc94e6e135d06a464be3b3c58017f568e3e26a79d27a,20260916,0.11.0,14,supply,demands,False,5,5,D5,18,BASE,POWER,56.7,J000009,1,1,56.7
lifecycle,e70960269eec88da76c7fc94e6e135d06a464be3b3c58017f568e3e26a79d27a,20260916,0.11.0,15,supply,demands,False,7,7,D1,4,BASE,POWER,16.800000000000004,J000001,1,1,16.800000000000004
lifecycle,e70960269eec88da76c7fc94e6e135d06a464be3b3c58017f568e3e26a79d27a,20260916,0.11.0,15,supply,demands,False,7,7,D2,8,BASE,POWER,32.7,J000005,1,1,32.7
lifecycle,e70960269eec88da76c7fc94e6e135d06a464be3b3c58017f568e3e26a79d27a,20260916,0.11.0,15,supply,demands,False,7,7,D3,11,BASE,POWER,36.6,J000007,1,1,36.6
lifecycle,e70960269eec88da76c7fc94e6e135d06a464be3b3c58017f568e3e26a79d27a,20260916,0.11.0,15,supply,demands,False,7,7,D4,14,BASE,POWER,40.6,J000008,1,1,40.6
lifecycle,e70960269eec88da76c7fc94e6e135d06a464be3b3c58017f568e3e26a79d27a,20260916,0.11.0,15,supply,demands,False,7,7,D5,18,BASE,POWER,56.7,J000009,1,1,56.7
lifecycle,e70960269eec88da76c7fc94e6e135d06a464be3b3c58017f568e3e26a79d27a,20260916,0.11.0,15,supply,demands,False,7,7,D6,22,BASE,POWER,60.7,J000011,1,1,60.7
lifecycle,e70960269eec88da76c7fc94e6e135d06a464be3b3c58017f568e3e26a79d27a,20260916,0.11.0,15,supply,demands,False,7,7,D7,25,BASE,POWER,64.69999999999999,J000013,1,1,64.69999999999999
lifecycle,e70960269eec88da76c7fc94e6e135d06a464be3b3c58017f568e3e26a79d27a,20260916,0.11.0,16,supply,demands,False,7,7,D1,4,BASE,POWER,16.629303920137772,J000001,1,1,16.629303920137772
lifecycle,e70960269eec88da76c7fc94e6e135d06a464be3b3c58017f568e3e26a79d27a,20260916,0.11.0,16,supply,demands,False,7,7,D2,8,BASE,POWER,16.729303920137774,J000003,1,1,16.729303920137774
lifecycle,e70960269eec88da76c7fc94e6e135d06a464be3b3c58017f568e3e26a79d27a,20260916,0.11.0,16,supply,demands,False,7,7,D3,12,BASE,POWER,32.800000000000004,J000006,1,1,32.800000000000004
lifecycle,e70960269eec88da76c7fc94e6e135d06a464be3b3c58017f568e3e26a79d27a,20260916,0.11.0,16,supply,demands,False,7,7,D4,15,BASE,POWER,40.6,J000009,1,1,40.6
lifecycle,e70960269eec88da76c7fc94e6e135d06a464be3b3c58017f568e3e26a79d27a,20260916,0.11.0,16,supply,demands,False,7,7,D5,18,BASE,POWER,56.800000000000004,J000010,1,1,56.800000000000004
lifecycle,e70960269eec88da76c7fc94e6e135d06a464be3b3c58017f568e3e26a79d27a,20260916,0.11.0,16,supply,demands,False,7,7,D6,21,BASE,POWER,60.7,J000013,1,1,60.7
lifecycle,e70960269eec88da76c7fc94e6e135d06a464be3b3c58017f568e3e26a79d27a,20260916,0.11.0,16,supply,demands,False,7,7,D7,24,BASE,POWER,64.6,J000015,1,1,64.6
lifecycle,e70960269eec88da76c7fc94e6e135d06a464be3b3c58017f568e3e26a79d27a,20260916,0.11.0,17,supply,demands,False,7,7,D1,4,BASE,POWER,16.700000000000003,J000002,1,1,16.700000000000003
lifecycle,e70960269eec88da76c7fc94e6e135d06a464be3b3c58017f568e3e26a79d27a,20260916,0.11.0,17,supply,demands,False,7,7,D2,8,BASE,POWER,16.800000000000004,J000001,1,1,16.800000000000004
lifecycle,e70960269eec88da76c7fc94e6e135d06a464be3b3c58017f568e3e26a79d27a,20260916,0.11.0,17,supply,demands,False,7,7,D3,12,BASE,POWER,32.7,J000006,1,1,32.7
lifecycle,e70960269eec88da76c7fc94e6e135d06a464be3b3c58017f568e3e26a79d27a,20260916,0.11.0,17,supply,demands,False,7,7,D4,15,BASE,POWER,40.6,J000008,1,1,40.6
lifecycle,e70960269eec88da76c7fc94e6e135d06a464be3b3c58017f568e3e26a79d27a,20260916,0.11.0,17,supply,demands,False,7,7,D5,18,BASE,POWER,60.7,J000011,1,1,60.7
lifecycle,e70960269eec88da76c7fc94e6e135d06a464be3b3c58017f568e3e26a79d27a,20260916,0.11.0,17,supply,demands,False,7,7,D6,21,BASE,POWER,64.6,J000014,1,1,64.6
lifecycle,e70960269eec88da76c7fc94e6e135d06a464be3b3c58017f568e3e26a79d27a,20260916,0.11.0,17,supply,demands,False,7,7,D7,22,BASE,POWER,64.6,J000013,1,1,64.6
lifecycle,e70960269eec88da76c7fc94e6e135d06a464be3b3c58017f568e3e26a79d27a,20260916,0.11.0,18,supply,demands,False,6,6,D1,4,BASE,POWER,16.800000000000004,J000001,1,1,16.800000000000004
lifecycle,e70960269eec88da76c7fc94e6e135d06a464be3b3c58017f568e3e26a79d27a,20260916,0.11.0,18,supply,demands,False,6,6,D2,8,BASE,POWER,32.7,J000005,1,1,32.7
lifecycle,e70960269eec88da76c7fc94e6e135d06a464be3b3c58017f568e3e26a79d27a,20260916,0.11.0,18,supply,demands,False,6,6,D3,11,BASE,POWER,32.800000000000004,J000004,1,1,32.800000000000004
lifecycle,e70960269eec88da76c7fc94e6e135d06a464be3b3c58017f568e3e26a79d27a,20260916,0.11.0,18,supply,demands,False,6,6,D4,15,BASE,POWER,36.6,J000008,1,1,36.6
lifecycle,e70960269eec88da76c7fc94e6e135d06a464be3b3c58017f568e3e26a79d27a,20260916,0.11.0,18,supply,demands,False,6,6,D5,18,BASE,POWER,56.7,J000009,1,1,56.7
lifecycle,e70960269eec88da76c7fc94e6e135d06a464be3b3c58017f568e3e26a79d27a,20260916,0.11.0,18,supply,demands,False,6,6,D6,21,BASE,POWER,60.7,J000012,1,1,60.7
lifecycle,e70960269eec88da76c7fc94e6e135d06a464be3b3c58017f568e3e26a79d27a,20260916,0.11.0,19,supply,demands,False,5,5,D1,4,BASE,POWER,32.800000000000004,J000003,1,1,32.800000000000004
lifecycle,e70960269eec88da76c7fc94e6e135d06a464be3b3c58017f568e3e26a79d27a,20260916,0.11.0,19,supply,demands,False,5,5,D2,8,BASE,POWER,36.6,J000007,1,1,36.6
lifecycle,e70960269eec88da76c7fc94e6e135d06a464be3b3c58017f568e3e26a79d27a,20260916,0.11.0,19,supply,demands,False,5,5,D3,9,BASE,POWER,36.6,J000006,1,1,36.6
lifecycle,e70960269eec88da76c7fc94e6e135d06a464be3b3c58017f568e3e26a79d27a,20260916,0.11.0,19,supply,demands,False,5,5,D4,13,BASE,POWER,40.6,J000008,1,1,40.6
lifecycle,e70960269eec88da76c7fc94e6e135d06a464be3b3c58017f568e3e26a79d27a,20260916,0.11.0,19,supply,demands,False,5,5,D5,17,BASE,POWER,63.11250758102755,J000010,1,1,63.11250758102755
lifecycle,e70960269eec88da76c7fc94e6e135d06a464be3b3c58017f568e3e26a79d27a,20260916,0.11.0,20,supply,demands,False,8,8,D1,4,BASE,POWER,6.647751139948372,J000001,1,1,6.647751139948372
lifecycle,e70960269eec88da76c7fc94e6e135d06a464be3b3c58017f568e3e26a79d27a,20260916,0.11.0,20,supply,demands,False,8,8,D2,8,BASE,POWER,32.7,J000004,1,1,32.7
lifecycle,e70960269eec88da76c7fc94e6e135d06a464be3b3c58017f568e3e26a79d27a,20260916,0.11.0,20,supply,demands,False,8,8,D3,11,BASE,POWER,36.7,J000007,1,1,36.7
lifecycle,e70960269eec88da76c7fc94e6e135d06a464be3b3c58017f568e3e26a79d27a,20260916,0.11.0,20,supply,demands,False,8,8,D4,14,BASE,POWER,36.800000000000004,J000006,1,1,36.800000000000004
lifecycle,e70960269eec88da76c7fc94e6e135d06a464be3b3c58017f568e3e26a79d27a,20260916,0.11.0,20,supply,demands,False,8,8,D5,18,BASE,POWER,40.6,J000010,1,1,40.6
lifecycle,e70960269eec88da76c7fc94e6e135d06a464be3b3c58017f568e3e26a79d27a,20260916,0.11.0,20,supply,demands,False,8,8,D6,21,BASE,POWER,56.42996406409169,J000011,1,1,56.42996406409169
lifecycle,e70960269eec88da76c7fc94e6e135d06a464be3b3c58017f568e3e26a79d27a,20260916,0.11.0,20,supply,demands,False,8,8,D7,24,BASE,POWER,60.7,J000014,1,1,60.7
lifecycle,e70960269eec88da76c7fc94e6e135d06a464be3b3c58017f568e3e26a79d27a,20260916,0.11.0,20,supply,demands,False,8,8,D8,27,BASE,POWER,64.69999999999999,J000016,1,1,64.69999999999999
lifecycle,e70960269eec88da76c7fc94e6e135d06a464be3b3c58017f568e3e26a79d27a,20260916,0.11.0,21,supply,demands,False,6,6,D1,4,BASE,POWER,16.800000000000004,J000001,1,1,16.800000000000004
lifecycle,e70960269eec88da76c7fc94e6e135d06a464be3b3c58017f568e3e26a79d27a,20260916,0.11.0,21,supply,demands,False,6,6,D2,8,BASE,POWER,32.7,J000005,1,1,32.7
lifecycle,e70960269eec88da76c7fc94e6e135d06a464be3b3c58017f568e3e26a79d27a,20260916,0.11.0,21,supply,demands,False,6,6,D3,11,BASE,POWER,32.800000000000004,J000004,1,1,32.800000000000004
lifecycle,e70960269eec88da76c7fc94e6e135d06a464be3b3c58017f568e3e26a79d27a,20260916,0.11.0,21,supply,demands,False,6,6,D4,15,BASE,POWER,36.6,J000008,1,1,36.6
lifecycle,e70960269eec88da76c7fc94e6e135d06a464be3b3c58017f568e3e26a79d27a,20260916,0.11.0,21,supply,demands,False,6,6,D5,18,BASE,POWER,56.7,J000009,1,1,56.7
lifecycle,e70960269eec88da76c7fc94e6e135d06a464be3b3c58017f568e3e26a79d27a,20260916,0.11.0,21,supply,demands,False,6,6,D6,21,BASE,POWER,64.69999999999999,J000013,1,1,64.69999999999999
lifecycle,e70960269eec88da76c7fc94e6e135d06a464be3b3c58017f568e3e26a79d27a,20260916,0.11.0,22,supply,demands,False,5,5,D1,4,BASE,POWER,16.700000000000003,J000002,1,1,16.700000000000003
lifecycle,e70960269eec88da76c7fc94e6e135d06a464be3b3c58017f568e3e26a79d27a,20260916,0.11.0,22,supply,demands,False,5,5,D2,8,BASE,POWER,31.133640400741946,J000004,1,1,31.133640400741946
lifecycle,e70960269eec88da76c7fc94e6e135d06a464be3b3c58017f568e3e26a79d27a,20260916,0.11.0,22,supply,demands,False,5,5,D3,11,BASE,POWER,36.6,J000008,1,1,36.6
lifecycle,e70960269eec88da76c7fc94e6e135d06a464be3b3c58017f568e3e26a79d27a,20260916,0.11.0,22,supply,demands,False,5,5,D4,14,BASE,POWER,56.7,J000009,1,1,56.7
lifecycle,e70960269eec88da76c7fc94e6e135d06a464be3b3c58017f568e3e26a79d27a,20260916,0.11.0,22,supply,demands,False,5,5,D5,18,BASE,POWER,60.6,J000011,1,1,60.6
lifecycle,e70960269eec88da76c7fc94e6e135d06a464be3b3c58017f568e3e26a79d27a,20260916,0.11.0,23,supply,demands,False,7,7,D1,4,BASE,POWER,32.800000000000004,J000003,1,1,32.800000000000004
lifecycle,e70960269eec88da76c7fc94e6e135d06a464be3b3c58017f568e3e26a79d27a,20260916,0.11.0,23,supply,demands,False,7,7,D2,8,BASE,POWER,36.6,J000007,1,1,36.6
lifecycle,e70960269eec88da76c7fc94e6e135d06a464be3b3c58017f568e3e26a79d27a,20260916,0.11.0,23,supply,demands,False,7,7,D3,9,BASE,POWER,36.6,J000006,1,1,36.6
lifecycle,e70960269eec88da76c7fc94e6e135d06a464be3b3c58017f568e3e26a79d27a,20260916,0.11.0,23,supply,demands,False,7,7,D4,13,BASE,POWER,40.53752630928575,J000008,1,1,40.53752630928575
lifecycle,e70960269eec88da76c7fc94e6e135d06a464be3b3c58017f568e3e26a79d27a,20260916,0.11.0,23,supply,demands,False,7,7,D5,17,BASE,POWER,40.637526309285754,J000009,1,1,40.637526309285754
lifecycle,e70960269eec88da76c7fc94e6e135d06a464be3b3c58017f568e3e26a79d27a,20260916,0.11.0,23,supply,demands,False,7,7,D6,21,BASE,POWER,59.4317478023444,J000011,1,1,59.4317478023444
lifecycle,e70960269eec88da76c7fc94e6e135d06a464be3b3c58017f568e3e26a79d27a,20260916,0.11.0,23,supply,demands,False,7,7,D7,24,BASE,POWER,64.79999999999998,J000013,1,1,64.79999999999998
lifecycle,e70960269eec88da76c7fc94e6e135d06a464be3b3c58017f568e3e26a79d27a,20260916,0.11.0,24,supply,demands,False,5,5,D1,4,BASE,POWER,16.800000000000004,J000001,1,1,16.800000000000004
lifecycle,e70960269eec88da76c7fc94e6e135d06a464be3b3c58017f568e3e26a79d27a,20260916,0.11.0,24,supply,demands,False,5,5,D2,8,BASE,POWER,32.7,J000005,1,1,32.7
lifecycle,e70960269eec88da76c7fc94e6e135d06a464be3b3c58017f568e3e26a79d27a,20260916,0.11.0,24,supply,demands,False,5,5,D3,11,BASE,POWER,36.6,J000007,1,1,36.6
lifecycle,e70960269eec88da76c7fc94e6e135d06a464be3b3c58017f568e3e26a79d27a,20260916,0.11.0,24,supply,demands,False,5,5,D4,14,BASE,POWER,40.6,J000008,1,1,40.6
lifecycle,e70960269eec88da76c7fc94e6e135d06a464be3b3c58017f568e3e26a79d27a,20260916,0.11.0,24,supply,demands,False,5,5,D5,18,BASE,POWER,64.6,J000012,1,1,64.6
lifecycle,e70960269eec88da76c7fc94e6e135d06a464be3b3c58017f568e3e26a79d27a,20260916,0.11.0,25,supply,demands,False,7,7,D1,4,BASE,POWER,16.700000000000003,J000002,1,1,16.700000000000003
lifecycle,e70960269eec88da76c7fc94e6e135d06a464be3b3c58017f568e3e26a79d27a,20260916,0.11.0,25,supply,demands,False,7,7,D2,8,BASE,POWER,16.800000000000004,J000001,1,1,16.800000000000004
lifecycle,e70960269eec88da76c7fc94e6e135d06a464be3b3c58017f568e3e26a79d27a,20260916,0.11.0,25,supply,demands,False,7,7,D3,12,BASE,POWER,32.800000000000004,J000005,1,1,32.800000000000004
lifecycle,e70960269eec88da76c7fc94e6e135d06a464be3b3c58017f568e3e26a79d27a,20260916,0.11.0,25,supply,demands,False,7,7,D4,15,BASE,POWER,40.6,J000008,1,1,40.6
lifecycle,e70960269eec88da76c7fc94e6e135d06a464be3b3c58017f568e3e26a79d27a,20260916,0.11.0,25,supply,demands,False,7,7,D5,18,BASE,POWER,56.800000000000004,J000009,1,1,56.800000000000004
lifecycle,e70960269eec88da76c7fc94e6e135d06a464be3b3c58017f568e3e26a79d27a,20260916,0.11.0,25,supply,demands,False,7,7,D6,21,BASE,POWER,60.7,J000012,1,1,60.7
lifecycle,e70960269eec88da76c7fc94e6e135d06a464be3b3c58017f568e3e26a79d27a,20260916,0.11.0,25,supply,demands,False,7,7,D7,24,BASE,POWER,64.6,J000014,1,1,64.6
lifecycle,e70960269eec88da76c7fc94e6e135d06a464be3b3c58017f568e3e26a79d27a,20260916,0.11.0,26,supply,demands,False,5,5,D1,4,BASE,POWER,32.800000000000004,J000003,1,1,32.800000000000004
lifecycle,e70960269eec88da76c7fc94e6e135d06a464be3b3c58017f568e3e26a79d27a,20260916,0.11.0,26,supply,demands,False,5,5,D2,8,BASE,POWER,36.6,J000007,1,1,36.6
lifecycle,e70960269eec88da76c7fc94e6e135d06a464be3b3c58017f568e3e26a79d27a,20260916,0.11.0,26,supply,demands,False,5,5,D3,9,BASE,POWER,36.6,J000006,1,1,36.6
lifecycle,e70960269eec88da76c7fc94e6e135d06a464be3b3c58017f568e3e26a79d27a,20260916,0.11.0,26,supply,demands,False,5,5,D4,13,BASE,POWER,40.6,J000008,1,1,40.6
lifecycle,e70960269eec88da76c7fc94e6e135d06a464be3b3c58017f568e3e26a79d27a,20260916,0.11.0,26,supply,demands,False,5,5,D5,17,BASE,POWER,60.7,J000009,1,1,60.7
lifecycle,e70960269eec88da76c7fc94e6e135d06a464be3b3c58017f568e3e26a79d27a,20260916,0.11.0,27,supply,demands,False,6,6,D1,4,BASE,POWER,16.700000000000003,J000002,1,1,16.700000000000003
lifecycle,e70960269eec88da76c7fc94e6e135d06a464be3b3c58017f568e3e26a79d27a,20260916,0.11.0,27,supply,demands,False,6,6,D2,8,BASE,POWER,16.800000000000004,J000001,1,1,16.800000000000004
lifecycle,e70960269eec88da76c7fc94e6e135d06a464be3b3c58017f568e3e26a79d27a,20260916,0.11.0,27,supply,demands,False,6,6,D3,12,BASE,POWER,40.6,J000008,1,1,40.6
lifecycle,e70960269eec88da76c7fc94e6e135d06a464be3b3c58017f568e3e26a79d27a,20260916,0.11.0,27,supply,demands,False,6,6,D4,13,BASE,POWER,40.6,J000007,1,1,40.6
lifecycle,e70960269eec88da76c7fc94e6e135d06a464be3b3c58017f568e3e26a79d27a,20260916,0.11.0,27,supply,demands,False,6,6,D5,16,BASE,POWER,64.6,J000012,1,1,64.6
lifecycle,e70960269eec88da76c7fc94e6e135d06a464be3b3c58017f568e3e26a79d27a,20260916,0.11.0,27,supply,demands,False,6,6,D6,17,BASE,POWER,64.6,J000011,1,1,64.6
lifecycle,e70960269eec88da76c7fc94e6e135d06a464be3b3c58017f568e3e26a79d27a,20260916,0.11.0,28,supply,demands,False,8,8,D1,4,BASE,POWER,16.700000000000003,J000002,1,1,16.700000000000003
lifecycle,e70960269eec88da76c7fc94e6e135d06a464be3b3c58017f568e3e26a79d27a,20260916,0.11.0,28,supply,demands,False,8,8,D2,8,BASE,POWER,16.800000000000004,J000001,1,1,16.800000000000004
lifecycle,e70960269eec88da76c7fc94e6e135d06a464be3b3c58017f568e3e26a79d27a,20260916,0.11.0,28,supply,demands,False,8,8,D3,12,BASE,POWER,32.7,J000006,1,1,32.7
lifecycle,e70960269eec88da76c7fc94e6e135d06a464be3b3c58017f568e3e26a79d27a,20260916,0.11.0,28,supply,demands,False,8,8,D4,15,BASE,POWER,32.800000000000004,J000005,1,1,32.800000000000004
lifecycle,e70960269eec88da76c7fc94e6e135d06a464be3b3c58017f568e3e26a79d27a,20260916,0.11.0,28,supply,demands,False,8,8,D5,18,BASE,POWER,56.7,J000010,1,1,56.7
lifecycle,e70960269eec88da76c7fc94e6e135d06a464be3b3c58017f568e3e26a79d27a,20260916,0.11.0,28,supply,demands,False,8,8,D6,21,BASE,POWER,60.7,J000013,1,1,60.7
lifecycle,e70960269eec88da76c7fc94e6e135d06a464be3b3c58017f568e3e26a79d27a,20260916,0.11.0,28,supply,demands,False,8,8,D7,24,BASE,POWER,60.800000000000004,J000012,1,1,60.800000000000004
lifecycle,e70960269eec88da76c7fc94e6e135d06a464be3b3c58017f568e3e26a79d27a,20260916,0.11.0,28,supply,demands,False,8,8,D8,27,BASE,POWER,64.6,J000016,1,1,64.6
lifecycle,e70960269eec88da76c7fc94e6e135d06a464be3b3c58017f568e3e26a79d27a,20260916,0.11.0,29,supply,demands,False,6,6,D1,4,BASE,POWER,14.8341152166745,J000001,1,1,14.8341152166745
lifecycle,e70960269eec88da76c7fc94e6e135d06a464be3b3c58017f568e3e26a79d27a,20260916,0.11.0,29,supply,demands,False,6,6,D2,8,BASE,POWER,32.800000000000004,J000004,1,1,32.800000000000004
lifecycle,e70960269eec88da76c7fc94e6e135d06a464be3b3c58017f568e3e26a79d27a,20260916,0.11.0,29,supply,demands,False,6,6,D3,11,BASE,POWER,40.6,J000007,1,1,40.6
lifecycle,e70960269eec88da76c7fc94e6e135d06a464be3b3c58017f568e3e26a79d27a,20260916,0.11.0,29,supply,demands,False,6,6,D4,14,BASE,POWER,56.6,J000008,1,1,56.6
lifecycle,e70960269eec88da76c7fc94e6e135d06a464be3b3c58017f568e3e26a79d27a,20260916,0.11.0,29,supply,demands,False,6,6,D5,18,BASE,POWER,58.95682687770231,J000011,1,1,58.95682687770231
lifecycle,e70960269eec88da76c7fc94e6e135d06a464be3b3c58017f568e3e26a79d27a,20260916,0.11.0,29,supply,demands,False,6,6,D6,22,BASE,POWER,64.6,J000013,1,1,64.6
lifecycle,e70960269eec88da76c7fc94e6e135d06a464be3b3c58017f568e3e26a79d27a,20260916,0.11.0,30,supply,demands,False,7,7,D1,4,BASE,POWER,16.700000000000003,J000002,1,1,16.700000000000003
lifecycle,e70960269eec88da76c7fc94e6e135d06a464be3b3c58017f568e3e26a79d27a,20260916,0.11.0,30,supply,demands,False,7,7,D2,8,BASE,POWER,31.325270775541227,J000004,1,1,31.325270775541227
lifecycle,e70960269eec88da76c7fc94e6e135d06a464be3b3c58017f568e3e26a79d27a,20260916,0.11.0,30,supply,demands,False,7,7,D3,11,BASE,POWER,31.42527077554123,J000006,1,1,31.42527077554123
lifecycle,e70960269eec88da76c7fc94e6e135d06a464be3b3c58017f568e3e26a79d27a,20260916,0.11.0,30,supply,demands,False,7,7,D4,15,BASE,POWER,36.6,J000009,1,1,36.6
lifecycle,e70960269eec88da76c7fc94e6e135d06a464be3b3c58017f568e3e26a79d27a,20260916,0.11.0,30,supply,demands,False,7,7,D5,18,BASE,POWER,60.7,J000013,1,1,60.7
lifecycle,e70960269eec88da76c7fc94e6e135d06a464be3b3c58017f568e3e26a79d27a,20260916,0.11.0,30,supply,demands,False,7,7,D6,21,BASE,POWER,60.800000000000004,J000012,1,1,60.800000000000004
lifecycle,e70960269eec88da76c7fc94e6e135d06a464be3b3c58017f568e3e26a79d27a,20260916,0.11.0,30,supply,demands,False,7,7,D7,25,BASE,POWER,64.6,J000016,1,1,64.6
lifecycle,e70960269eec88da76c7fc94e6e135d06a464be3b3c58017f568e3e26a79d27a,20260916,0.11.0,31,supply,demands,False,6,6,D1,4,BASE,POWER,16.700000000000003,J000002,1,1,16.700000000000003
lifecycle,e70960269eec88da76c7fc94e6e135d06a464be3b3c58017f568e3e26a79d27a,20260916,0.11.0,31,supply,demands,False,6,6,D2,8,BASE,POWER,16.800000000000004,J000001,1,1,16.800000000000004
lifecycle,e70960269eec88da76c7fc94e6e135d06a464be3b3c58017f568e3e26a79d27a,20260916,0.11.0,31,supply,demands,False,6,6,D3,12,BASE,POWER,32.7,J000006,1,1,32.7
lifecycle,e70960269eec88da76c7fc94e6e135d06a464be3b3c58017f568e3e26a79d27a,20260916,0.11.0,31,supply,demands,False,6,6,D4,15,BASE,POWER,32.800000000000004,J000005,1,1,32.800000000000004
lifecycle,e70960269eec88da76c7fc94e6e135d06a464be3b3c58017f568e3e26a79d27a,20260916,0.11.0,31,supply,demands,False,6,6,D5,18,BASE,POWER,56.800000000000004,J000009,1,1,56.800000000000004
lifecycle,e70960269eec88da76c7fc94e6e135d06a464be3b3c58017f568e3e26a79d27a,20260916,0.11.0,31,supply,demands,False,6,6,D6,21,BASE,POWER,64.6,J000014,1,1,64.6
lifecycle,e70960269eec88da76c7fc94e6e135d06a464be3b3c58017f568e3e26a79d27a,20260916,0.11.0,32,supply,demands,False,8,8,D1,4,BASE,POWER,32.7,J000004,1,1,32.7
lifecycle,e70960269eec88da76c7fc94e6e135d06a464be3b3c58017f568e3e26a79d27a,20260916,0.11.0,32,supply,demands,False,8,8,D2,8,BASE,POWER,32.800000000000004,J000003,1,1,32.800000000000004
lifecycle,e70960269eec88da76c7fc94e6e135d06a464be3b3c58017f568e3e26a79d27a,20260916,0.11.0,32,supply,demands,False,8,8,D3,12,BASE,POWER,36.6,J000008,1,1,36.6
lifecycle,e70960269eec88da76c7fc94e6e135d06a464be3b3c58017f568e3e26a79d27a,20260916,0.11.0,32,supply,demands,False,8,8,D4,13,BASE,POWER,36.6,J000007,1,1,36.6
lifecycle,e70960269eec88da76c7fc94e6e135d06a464be3b3c58017f568e3e26a79d27a,20260916,0.11.0,32,supply,demands,False,8,8,D5,16,BASE,POWER,60.7,J000010,1,1,60.7
lifecycle,e70960269eec88da76c7fc94e6e135d06a464be3b3c58017f568e3e26a79d27a,20260916,0.11.0,32,supply,demands,False,8,8,D6,20,BASE,POWER,60.800000000000004,J000009,1,1,60.800000000000004
lifecycle,e70960269eec88da76c7fc94e6e135d06a464be3b3c58017f568e3e26a79d27a,20260916,0.11.0,32,supply,demands,False,8,8,D7,24,BASE,POWER,64.69999999999999,J000014,1,1,64.69999999999999
lifecycle,e70960269eec88da76c7fc94e6e135d06a464be3b3c58017f568e3e26a79d27a,20260916,0.11.0,32,supply,demands,False,8,8,D8,27,BASE,POWER,64.79999999999998,J000013,1,1,64.79999999999998
lifecycle,e70960269eec88da76c7fc94e6e135d06a464be3b3c58017f568e3e26a79d27a,20260916,0.11.0,33,supply,demands,False,7,7,D1,4,BASE,POWER,16.700000000000003,J000002,1,1,16.700000000000003
lifecycle,e70960269eec88da76c7fc94e6e135d06a464be3b3c58017f568e3e26a79d27a,20260916,0.11.0,33,supply,demands,False,7,7,D2,8,BASE,POWER,32.7,J000005,1,1,32.7
lifecycle,e70960269eec88da76c7fc94e6e135d06a464be3b3c58017f568e3e26a79d27a,20260916,0.11.0,33,supply,demands,False,7,7,D3,11,BASE,POWER,32.800000000000004,J000004,1,1,32.800000000000004
lifecycle,e70960269eec88da76c7fc94e6e135d06a464be3b3c58017f568e3e26a79d27a,20260916,0.11.0,33,supply,demands,False,7,7,D4,15,BASE,POWER,35.37259801335352,J000009,1,1,35.37259801335352
lifecycle,e70960269eec88da76c7fc94e6e135d06a464be3b3c58017f568e3e26a79d27a,20260916,0.11.0,33,supply,demands,False,7,7,D5,18,BASE,POWER,56.7,J000010,1,1,56.7
lifecycle,e70960269eec88da76c7fc94e6e135d06a464be3b3c58017f568e3e26a79d27a,20260916,0.11.0,33,supply,demands,False,7,7,D6,21,BASE,POWER,60.7,J000013,1,1,60.7
lifecycle,e70960269eec88da76c7fc94e6e135d06a464be3b3c58017f568e3e26a79d27a,20260916,0.11.0,33,supply,demands,False,7,7,D7,24,BASE,POWER,64.69999999999999,J000015,1,1,64.69999999999999
lifecycle,e70960269eec88da76c7fc94e6e135d06a464be3b3c58017f568e3e26a79d27a,20260916,0.11.0,34,supply,demands,False,6,6,D1,4,BASE,POWER,16.700000000000003,J000002,1,1,16.700000000000003
lifecycle,e70960269eec88da76c7fc94e6e135d06a464be3b3c58017f568e3e26a79d27a,20260916,0.11.0,34,supply,demands,False,6,6,D2,8,BASE,POWER,32.800000000000004,J000004,1,1,32.800000000000004
lifecycle,e70960269eec88da76c7fc94e6e135d06a464be3b3c58017f568e3e26a79d27a,20260916,0.11.0,34,supply,demands,False,6,6,D3,11,BASE,POWER,35.747377474199205,J000007,1,1,35.747377474199205
lifecycle,e70960269eec88da76c7fc94e6e135d06a464be3b3c58017f568e3e26a79d27a,20260916,0.11.0,34,supply,demands,False,6,6,D4,14,BASE,POWER,35.847377474199206,J000008,1,1,35.847377474199206
lifecycle,e70960269eec88da76c7fc94e6e135d06a464be3b3c58017f568e3e26a79d27a,20260916,0.11.0,34,supply,demands,False,6,6,D5,18,BASE,POWER,40.6,J000010,1,1,40.6
lifecycle,e70960269eec88da76c7fc94e6e135d06a464be3b3c58017f568e3e26a79d27a,20260916,0.11.0,34,supply,demands,False,6,6,D6,21,BASE,POWER,60.7,J000011,1,1,60.7
lifecycle,e70960269eec88da76c7fc94e6e135d06a464be3b3c58017f568e3e26a79d27a,20260916,0.11.0,35,supply,demands,False,7,7,D1,4,BASE,POWER,16.800000000000004,J000001,1,1,16.800000000000004
lifecycle,e70960269eec88da76c7fc94e6e135d06a464be3b3c58017f568e3e26a79d27a,20260916,0.11.0,35,supply,demands,False,7,7,D2,8,BASE,POWER,32.7,J000005,1,1,32.7
lifecycle,e70960269eec88da76c7fc94e6e135d06a464be3b3c58017f568e3e26a79d27a,20260916,0.11.0,35,supply,demands,False,7,7,D3,11,BASE,POWER,36.6,J000007,1,1,36.6
lifecycle,e70960269eec88da76c7fc94e6e135d06a464be3b3c58017f568e3e26a79d27a,20260916,0.11.0,35,supply,demands,False,7,7,D4,14,BASE,POWER,40.6,J000008,1,1,40.6
lifecycle,e70960269eec88da76c7fc94e6e135d06a464be3b3c58017f568e3e26a79d27a,20260916,0.11.0,35,supply,demands,False,7,7,D5,18,BASE,POWER,56.7,J000009,1,1,56.7
lifecycle,e70960269eec88da76c7fc94e6e135d06a464be3b3c58017f568e3e26a79d27a,20260916,0.11.0,35,supply,demands,False,7,7,D6,22,BASE,POWER,60.7,J000011,1,1,60.7
lifecycle,e70960269eec88da76c7fc94e6e135d06a464be3b3c58017f568e3e26a79d27a,20260916,0.11.0,35,supply,demands,False,7,7,D7,25,BASE,POWER,64.69999999999999,J000013,1,1,64.69999999999999
lifecycle,e70960269eec88da76c7fc94e6e135d06a464be3b3c58017f568e3e26a79d27a,20260916,0.11.0,36,supply,demands,False,8,8,D1,4,BASE,POWER,16.800000000000004,J000001,1,1,16.800000000000004
lifecycle,e70960269eec88da76c7fc94e6e135d06a464be3b3c58017f568e3e26a79d27a,20260916,0.11.0,36,supply,demands,False,8,8,D2,8,BASE,POWER,32.7,J000005,1,1,32.7
lifecycle,e70960269eec88da76c7fc94e6e135d06a464be3b3c58017f568e3e26a79d27a,20260916,0.11.0,36,supply,demands,False,8,8,D3,11,BASE,POWER,32.800000000000004,J000004,1,1,32.800000000000004
lifecycle,e70960269eec88da76c7fc94e6e135d06a464be3b3c58017f568e3e26a79d27a,20260916,0.11.0,36,supply,demands,False,8,8,D4,15,BASE,POWER,36.6,J000008,1,1,36.6
lifecycle,e70960269eec88da76c7fc94e6e135d06a464be3b3c58017f568e3e26a79d27a,20260916,0.11.0,36,supply,demands,False,8,8,D5,18,BASE,POWER,60.7,J000011,1,1,60.7
lifecycle,e70960269eec88da76c7fc94e6e135d06a464be3b3c58017f568e3e26a79d27a,20260916,0.11.0,36,supply,demands,False,8,8,D6,21,BASE,POWER,60.800000000000004,J000010,1,1,60.800000000000004
lifecycle,e70960269eec88da76c7fc94e6e135d06a464be3b3c58017f568e3e26a79d27a,20260916,0.11.0,36,supply,demands,False,8,8,D7,25,BASE,POWER,64.6,J000015,1,1,64.6
lifecycle,e70960269eec88da76c7fc94e6e135d06a464be3b3c58017f568e3e26a79d27a,20260916,0.11.0,36,supply,demands,False,8,8,D8,28,BASE,POWER,64.69999999999999,J000014,1,1,64.69999999999999
lifecycle,e70960269eec88da76c7fc94e6e135d06a464be3b3c58017f568e3e26a79d27a,20260916,0.11.0,37,supply,demands,False,7,7,D1,4,BASE,POWER,16.700000000000003,J000002,1,1,16.700000000000003
lifecycle,e70960269eec88da76c7fc94e6e135d06a464be3b3c58017f568e3e26a79d27a,20260916,0.11.0,37,supply,demands,False,7,7,D2,8,BASE,POWER,30.761047161468582,J000005,1,1,30.761047161468582
lifecycle,e70960269eec88da76c7fc94e6e135d06a464be3b3c58017f568e3e26a79d27a,20260916,0.11.0,37,supply,demands,False,7,7,D3,11,BASE,POWER,36.6,J000007,1,1,36.6
lifecycle,e70960269eec88da76c7fc94e6e135d06a464be3b3c58017f568e3e26a79d27a,20260916,0.11.0,37,supply,demands,False,7,7,D4,14,BASE,POWER,60.6,J000009,1,1,60.6
lifecycle,e70960269eec88da76c7fc94e6e135d06a464be3b3c58017f568e3e26a79d27a,20260916,0.11.0,37,supply,demands,False,7,7,D5,18,BASE,POWER,60.7,J000010,1,1,60.7
lifecycle,e70960269eec88da76c7fc94e6e135d06a464be3b3c58017f568e3e26a79d27a,20260916,0.11.0,37,supply,demands,False,7,7,D6,22,BASE,POWER,64.6,J000013,1,1,64.6
lifecycle,e70960269eec88da76c7fc94e6e135d06a464be3b3c58017f568e3e26a79d27a,20260916,0.11.0,37,supply,demands,False,7,7,D7,25,BASE,POWER,64.69999999999999,J000012,1,1,64.69999999999999
lifecycle,e70960269eec88da76c7fc94e6e135d06a464be3b3c58017f568e3e26a79d27a,20260916,0.11.0,38,supply,demands,False,7,7,D1,4,BASE,POWER,16.800000000000004,J000001,1,1,16.800000000000004
lifecycle,e70960269eec88da76c7fc94e6e135d06a464be3b3c58017f568e3e26a79d27a,20260916,0.11.0,38,supply,demands,False,7,7,D2,8,BASE,POWER,32.800000000000004,J000004,1,1,32.800000000000004
lifecycle,e70960269eec88da76c7fc94e6e135d06a464be3b3c58017f568e3e26a79d27a,20260916,0.11.0,38,supply,demands,False,7,7,D3,11,BASE,POWER,36.6,J000007,1,1,36.6
lifecycle,e70960269eec88da76c7fc94e6e135d06a464be3b3c58017f568e3e26a79d27a,20260916,0.11.0,38,supply,demands,False,7,7,D4,14,BASE,POWER,40.6,J000008,1,1,40.6
lifecycle,e70960269eec88da76c7fc94e6e135d06a464be3b3c58017f568e3e26a79d27a,20260916,0.11.0,38,supply,demands,False,7,7,D5,18,BASE,POWER,60.7,J000010,1,1,60.7
lifecycle,e70960269eec88da76c7fc94e6e135d06a464be3b3c58017f568e3e26a79d27a,20260916,0.11.0,38,supply,demands,False,7,7,D6,22,BASE,POWER,64.6,J000013,1,1,64.6
lifecycle,e70960269eec88da76c7fc94e6e135d06a464be3b3c58017f568e3e26a79d27a,20260916,0.11.0,38,supply,demands,False,7,7,D7,25,BASE,POWER,64.69999999999999,J000012,1,1,64.69999999999999
lifecycle,e70960269eec88da76c7fc94e6e135d06a464be3b3c58017f568e3e26a79d27a,20260916,0.11.0,39,supply,demands,False,5,5,D1,4,BASE,POWER,16.700000000000003,J000002,1,1,16.700000000000003
lifecycle,e70960269eec88da76c7fc94e6e135d06a464be3b3c58017f568e3e26a79d27a,20260916,0.11.0,39,supply,demands,False,5,5,D2,8,BASE,POWER,32.800000000000004,J000004,1,1,32.800000000000004
lifecycle,e70960269eec88da76c7fc94e6e135d06a464be3b3c58017f568e3e26a79d27a,20260916,0.11.0,39,supply,demands,False,5,5,D3,11,BASE,POWER,36.6,J000007,1,1,36.6
lifecycle,e70960269eec88da76c7fc94e6e135d06a464be3b3c58017f568e3e26a79d27a,20260916,0.11.0,39,supply,demands,False,5,5,D4,14,BASE,POWER,40.6,J000008,1,1,40.6
lifecycle,e70960269eec88da76c7fc94e6e135d06a464be3b3c58017f568e3e26a79d27a,20260916,0.11.0,39,supply,demands,False,5,5,D5,18,BASE,POWER,56.7,J000009,1,1,56.7
lifecycle,e70960269eec88da76c7fc94e6e135d06a464be3b3c58017f568e3e26a79d27a,20260916,0.11.0,40,supply,demands,False,7,7,D1,4,BASE,POWER,12.7,J000001,1,1,12.7
lifecycle,e70960269eec88da76c7fc94e6e135d06a464be3b3c58017f568e3e26a79d27a,20260916,0.11.0,40,supply,demands,False,7,7,D2,8,BASE,POWER,16.700000000000003,J000004,1,1,16.700000000000003
lifecycle,e70960269eec88da76c7fc94e6e135d06a464be3b3c58017f568e3e26a79d27a,20260916,0.11.0,40,supply,demands,False,7,7,D3,11,BASE,POWER,32.7,J000006,1,1,32.7
lifecycle,e70960269eec88da76c7fc94e6e135d06a464be3b3c58017f568e3e26a79d27a,20260916,0.11.0,40,supply,demands,False,7,7,D4,14,BASE,POWER,36.6,J000008,1,1,36.6
lifecycle,e70960269eec88da76c7fc94e6e135d06a464be3b3c58017f568e3e26a79d27a,20260916,0.11.0,40,supply,demands,False,7,7,D5,17,BASE,POWER,40.7,J000009,1,1,40.7
lifecycle,e70960269eec88da76c7fc94e6e135d06a464be3b3c58017f568e3e26a79d27a,20260916,0.11.0,40,supply,demands,False,7,7,D6,21,BASE,POWER,56.7,J000011,1,1,56.7
lifecycle,e70960269eec88da76c7fc94e6e135d06a464be3b3c58017f568e3e26a79d27a,20260916,0.11.0,40,supply,demands,False,7,7,D7,24,BASE,POWER,60.7,J000013,1,1,60.7
lifecycle,e70960269eec88da76c7fc94e6e135d06a464be3b3c58017f568e3e26a79d27a,20260916,0.11.0,41,supply,demands,False,5,5,D1,4,BASE,POWER,16.700000000000003,J000002,1,1,16.700000000000003
lifecycle,e70960269eec88da76c7fc94e6e135d06a464be3b3c58017f568e3e26a79d27a,20260916,0.11.0,41,supply,demands,False,5,5,D2,8,BASE,POWER,32.800000000000004,J000004,1,1,32.800000000000004
lifecycle,e70960269eec88da76c7fc94e6e135d06a464be3b3c58017f568e3e26a79d27a,20260916,0.11.0,41,supply,demands,False,5,5,D3,11,BASE,POWER,36.6,J000007,1,1,36.6
lifecycle,e70960269eec88da76c7fc94e6e135d06a464be3b3c58017f568e3e26a79d27a,20260916,0.11.0,41,supply,demands,False,5,5,D4,14,BASE,POWER,40.6,J000008,1,1,40.6
lifecycle,e70960269eec88da76c7fc94e6e135d06a464be3b3c58017f568e3e26a79d27a,20260916,0.11.0,41,supply,demands,False,5,5,D5,18,BASE,POWER,64.6,J000012,1,1,64.6
lifecycle,e70960269eec88da76c7fc94e6e135d06a464be3b3c58017f568e3e26a79d27a,20260916,0.11.0,42,supply,demands,False,7,7,D1,4,BASE,POWER,16.700000000000003,J000002,1,1,16.700000000000003
lifecycle,e70960269eec88da76c7fc94e6e135d06a464be3b3c58017f568e3e26a79d27a,20260916,0.11.0,42,supply,demands,False,7,7,D2,8,BASE,POWER,16.800000000000004,J000001,1,1,16.800000000000004
lifecycle,e70960269eec88da76c7fc94e6e135d06a464be3b3c58017f568e3e26a79d27a,20260916,0.11.0,42,supply,demands,False,7,7,D3,12,BASE,POWER,32.7,J000006,1,1,32.7
lifecycle,e70960269eec88da76c7fc94e6e135d06a464be3b3c58017f568e3e26a79d27a,20260916,0.11.0,42,supply,demands,False,7,7,D4,15,BASE,POWER,32.800000000000004,J000005,1,1,32.800000000000004
lifecycle,e70960269eec88da76c7fc94e6e135d06a464be3b3c58017f568e3e26a79d27a,20260916,0.11.0,42,supply,demands,False,7,7,D5,18,BASE,POWER,60.7,J000012,1,1,60.7
lifecycle,e70960269eec88da76c7fc94e6e135d06a464be3b3c58017f568e3e26a79d27a,20260916,0.11.0,42,supply,demands,False,7,7,D6,21,BASE,POWER,64.6,J000015,1,1,64.6
lifecycle,e70960269eec88da76c7fc94e6e135d06a464be3b3c58017f568e3e26a79d27a,20260916,0.11.0,42,supply,demands,False,7,7,D7,22,BASE,POWER,64.6,J000014,1,1,64.6
lifecycle,e70960269eec88da76c7fc94e6e135d06a464be3b3c58017f568e3e26a79d27a,20260916,0.11.0,43,supply,demands,False,7,7,D1,4,BASE,POWER,32.800000000000004,J000004,1,1,32.800000000000004
lifecycle,e70960269eec88da76c7fc94e6e135d06a464be3b3c58017f568e3e26a79d27a,20260916,0.11.0,43,supply,demands,False,7,7,D2,8,BASE,POWER,36.6,J000008,1,1,36.6
lifecycle,e70960269eec88da76c7fc94e6e135d06a464be3b3c58017f568e3e26a79d27a,20260916,0.11.0,43,supply,demands,False,7,7,D3,9,BASE,POWER,36.6,J000007,1,1,36.6
lifecycle,e70960269eec88da76c7fc94e6e135d06a464be3b3c58017f568e3e26a79d27a,20260916,0.11.0,43,supply,demands,False,7,7,D4,13,BASE,POWER,40.6,J000009,1,1,40.6
lifecycle,e70960269eec88da76c7fc94e6e135d06a464be3b3c58017f568e3e26a79d27a,20260916,0.11.0,43,supply,demands,False,7,7,D5,17,BASE,POWER,60.7,J000010,1,1,60.7
lifecycle,e70960269eec88da76c7fc94e6e135d06a464be3b3c58017f568e3e26a79d27a,20260916,0.11.0,43,supply,demands,False,7,7,D6,21,BASE,POWER,64.69999999999999,J000013,1,1,64.69999999999999
lifecycle,e70960269eec88da76c7fc94e6e135d06a464be3b3c58017f568e3e26a79d27a,20260916,0.11.0,43,supply,demands,False,7,7,D7,24,BASE,POWER,64.79999999999998,J000012,1,1,64.79999999999998
lifecycle,e70960269eec88da76c7fc94e6e135d06a464be3b3c58017f568e3e26a79d27a,20260916,0.11.0,44,supply,demands,False,7,7,D1,4,BASE,POWER,16.700000000000003,J000002,1,1,16.700000000000003
lifecycle,e70960269eec88da76c7fc94e6e135d06a464be3b3c58017f568e3e26a79d27a,20260916,0.11.0,44,supply,demands,False,7,7,D2,8,BASE,POWER,16.800000000000004,J000001,1,1,16.800000000000004
lifecycle,e70960269eec88da76c7fc94e6e135d06a464be3b3c58017f568e3e26a79d27a,20260916,0.11.0,44,supply,demands,False,7,7,D3,12,BASE,POWER,32.7,J000006,1,1,32.7
lifecycle,e70960269eec88da76c7fc94e6e135d06a464be3b3c58017f568e3e26a79d27a,20260916,0.11.0,44,supply,demands,False,7,7,D4,15,BASE,POWER,40.6,J000008,1,1,40.6
lifecycle,e70960269eec88da76c7fc94e6e135d06a464be3b3c58017f568e3e26a79d27a,20260916,0.11.0,44,supply,demands,False,7,7,D5,18,BASE,POWER,56.7,J000010,1,1,56.7
lifecycle,e70960269eec88da76c7fc94e6e135d06a464be3b3c58017f568e3e26a79d27a,20260916,0.11.0,44,supply,demands,False,7,7,D6,21,BASE,POWER,56.800000000000004,J000009,1,1,56.800000000000004
lifecycle,e70960269eec88da76c7fc94e6e135d06a464be3b3c58017f568e3e26a79d27a,20260916,0.11.0,44,supply,demands,False,7,7,D7,25,BASE,POWER,60.7,J000013,1,1,60.7
lifecycle,e70960269eec88da76c7fc94e6e135d06a464be3b3c58017f568e3e26a79d27a,20260916,0.11.0,45,supply,demands,False,6,6,D1,4,BASE,POWER,16.700000000000003,J000002,1,1,16.700000000000003
lifecycle,e70960269eec88da76c7fc94e6e135d06a464be3b3c58017f568e3e26a79d27a,20260916,0.11.0,45,supply,demands,False,6,6,D2,8,BASE,POWER,16.800000000000004,J000001,1,1,16.800000000000004
lifecycle,e70960269eec88da76c7fc94e6e135d06a464be3b3c58017f568e3e26a79d27a,20260916,0.11.0,45,supply,demands,False,6,6,D3,12,BASE,POWER,40.6,J000009,1,1,40.6
lifecycle,e70960269eec88da76c7fc94e6e135d06a464be3b3c58017f568e3e26a79d27a,20260916,0.11.0,45,supply,demands,False,6,6,D4,13,BASE,POWER,40.6,J000008,1,1,40.6
lifecycle,e70960269eec88da76c7fc94e6e135d06a464be3b3c58017f568e3e26a79d27a,20260916,0.11.0,45,supply,demands,False,6,6,D5,16,BASE,POWER,56.7,J000011,1,1,56.7
lifecycle,e70960269eec88da76c7fc94e6e135d06a464be3b3c58017f568e3e26a79d27a,20260916,0.11.0,45,supply,demands,False,6,6,D6,20,BASE,POWER,56.800000000000004,J000010,1,1,56.800000000000004
lifecycle,e70960269eec88da76c7fc94e6e135d06a464be3b3c58017f568e3e26a79d27a,20260916,0.11.0,46,supply,demands,False,6,6,D1,4,BASE,POWER,16.700000000000003,J000002,1,1,16.700000000000003
lifecycle,e70960269eec88da76c7fc94e6e135d06a464be3b3c58017f568e3e26a79d27a,20260916,0.11.0,46,supply,demands,False,6,6,D2,8,BASE,POWER,32.800000000000004,J000004,1,1,32.800000000000004
lifecycle,e70960269eec88da76c7fc94e6e135d06a464be3b3c58017f568e3e26a79d27a,20260916,0.11.0,46,supply,demands,False,6,6,D3,11,BASE,POWER,36.6,J000007,1,1,36.6
lifecycle,e70960269eec88da76c7fc94e6e135d06a464be3b3c58017f568e3e26a79d27a,20260916,0.11.0,46,supply,demands,False,6,6,D4,14,BASE,POWER,40.6,J000008,1,1,40.6
lifecycle,e70960269eec88da76c7fc94e6e135d06a464be3b3c58017f568e3e26a79d27a,20260916,0.11.0,46,supply,demands,False,6,6,D5,18,BASE,POWER,60.475996211734035,J000011,1,1,60.475996211734035
lifecycle,e70960269eec88da76c7fc94e6e135d06a464be3b3c58017f568e3e26a79d27a,20260916,0.11.0,46,supply,demands,False,6,6,D6,22,BASE,POWER,64.6,J000014,1,1,64.6
lifecycle,e70960269eec88da76c7fc94e6e135d06a464be3b3c58017f568e3e26a79d27a,20260916,0.11.0,47,supply,demands,False,7,7,D1,4,BASE,POWER,16.700000000000003,J000002,1,1,16.700000000000003
lifecycle,e70960269eec88da76c7fc94e6e135d06a464be3b3c58017f568e3e26a79d27a,20260916,0.11.0,47,supply,demands,False,7,7,D2,8,BASE,POWER,32.800000000000004,J000004,1,1,32.800000000000004
lifecycle,e70960269eec88da76c7fc94e6e135d06a464be3b3c58017f568e3e26a79d27a,20260916,0.11.0,47,supply,demands,False,7,7,D3,11,BASE,POWER,36.6,J000007,1,1,36.6
lifecycle,e70960269eec88da76c7fc94e6e135d06a464be3b3c58017f568e3e26a79d27a,20260916,0.11.0,47,supply,demands,False,7,7,D4,14,BASE,POWER,40.6,J000008,1,1,40.6
lifecycle,e70960269eec88da76c7fc94e6e135d06a464be3b3c58017f568e3e26a79d27a,20260916,0.11.0,47,supply,demands,False,7,7,D5,18,BASE,POWER,56.7,J000009,1,1,56.7
lifecycle,e70960269eec88da76c7fc94e6e135d06a464be3b3c58017f568e3e26a79d27a,20260916,0.11.0,47,supply,demands,False,7,7,D6,22,BASE,POWER,59.790000372586746,J000011,1,1,59.790000372586746
lifecycle,e70960269eec88da76c7fc94e6e135d06a464be3b3c58017f568e3e26a79d27a,20260916,0.11.0,47,supply,demands,False,7,7,D7,25,BASE,POWER,59.89000037258675,J000012,1,1,59.89000037258675
lifecycle,e70960269eec88da76c7fc94e6e135d06a464be3b3c58017f568e3e26a79d27a,20260916,0.11.0,48,supply,demands,False,6,6,D1,4,BASE,POWER,16.800000000000004,J000001,1,1,16.800000000000004
lifecycle,e70960269eec88da76c7fc94e6e135d06a464be3b3c58017f568e3e26a79d27a,20260916,0.11.0,48,supply,demands,False,6,6,D2,8,BASE,POWER,35.21669297349546,J000007,1,1,35.21669297349546
lifecycle,e70960269eec88da76c7fc94e6e135d06a464be3b3c58017f568e3e26a79d27a,20260916,0.11.0,48,supply,demands,False,6,6,D3,11,BASE,POWER,40.6,J000009,1,1,40.6
lifecycle,e70960269eec88da76c7fc94e6e135d06a464be3b3c58017f568e3e26a79d27a,20260916,0.11.0,48,supply,demands,False,6,6,D4,12,BASE,POWER,40.6,J000008,1,1,40.6
lifecycle,e70960269eec88da76c7fc94e6e135d06a464be3b3c58017f568e3e26a79d27a,20260916,0.11.0,48,supply,demands,False,6,6,D5,16,BASE,POWER,64.6,J000012,1,1,64.6
lifecycle,e70960269eec88da76c7fc94e6e135d06a464be3b3c58017f568e3e26a79d27a,20260916,0.11.0,48,supply,demands,False,6,6,D6,20,BASE,POWER,64.69999999999999,J000011,1,1,64.69999999999999
lifecycle,e70960269eec88da76c7fc94e6e135d06a464be3b3c58017f568e3e26a79d27a,20260916,0.11.0,49,supply,demands,False,6,6,D1,4,BASE,POWER,16.700000000000003,J000002,1,1,16.700000000000003
lifecycle,e70960269eec88da76c7fc94e6e135d06a464be3b3c58017f568e3e26a79d27a,20260916,0.11.0,49,supply,demands,False,6,6,D2,8,BASE,POWER,36.6,J000006,1,1,36.6
lifecycle,e70960269eec88da76c7fc94e6e135d06a464be3b3c58017f568e3e26a79d27a,20260916,0.11.0,49,supply,demands,False,6,6,D3,11,BASE,POWER,40.6,J000008,1,1,40.6
lifecycle,e70960269eec88da76c7fc94e6e135d06a464be3b3c58017f568e3e26a79d27a,20260916,0.11.0,49,supply,demands,False,6,6,D4,12,BASE,POWER,40.6,J000007,1,1,40.6
lifecycle,e70960269eec88da76c7fc94e6e135d06a464be3b3c58017f568e3e26a79d27a,20260916,0.11.0,49,supply,demands,False,6,6,D5,16,BASE,POWER,56.7,J000009,1,1,56.7
lifecycle,e70960269eec88da76c7fc94e6e135d06a464be3b3c58017f568e3e26a79d27a,20260916,0.11.0,49,supply,demands,False,6,6,D6,20,BASE,POWER,64.69999999999999,J000011,1,1,64.69999999999999
lifecycle,e70960269eec88da76c7fc94e6e135d06a464be3b3c58017f568e3e26a79d27a,20260916,0.11.0,50,supply,demands,False,8,8,D1,4,BASE,POWER,16.700000000000003,J000002,1,1,16.700000000000003
lifecycle,e70960269eec88da76c7fc94e6e135d06a464be3b3c58017f568e3e26a79d27a,20260916,0.11.0,50,supply,demands,False,8,8,D2,8,BASE,POWER,16.800000000000004,J000001,1,1,16.800000000000004
lifecycle,e70960269eec88da76c7fc94e6e135d06a464be3b3c58017f568e3e26a79d27a,20260916,0.11.0,50,supply,demands,False,8,8,D3,12,BASE,POWER,32.800000000000004,J000005,1,1,32.800000000000004
lifecycle,e70960269eec88da76c7fc94e6e135d06a464be3b3c58017f568e3e26a79d27a,20260916,0.11.0,50,supply,demands,False,8,8,D4,15,BASE,POWER,40.6,J000008,1,1,40.6
lifecycle,e70960269eec88da76c7fc94e6e135d06a464be3b3c58017f568e3e26a79d27a,20260916,0.11.0,50,supply,demands,False,8,8,D5,18,BASE,POWER,56.7,J000010,1,1,56.7
lifecycle,e70960269eec88da76c7fc94e6e135d06a464be3b3c58017f568e3e26a79d27a,20260916,0.11.0,50,supply,demands,False,8,8,D6,21,BASE,POWER,60.09593216050288,J000013,1,1,60.09593216050288
lifecycle,e70960269eec88da76c7fc94e6e135d06a464be3b3c58017f568e3e26a79d27a,20260916,0.11.0,50,supply,demands,False,8,8,D7,24,BASE,POWER,63.235613368305465,J000016,1,1,63.235613368305465
lifecycle,e70960269eec88da76c7fc94e6e135d06a464be3b3c58017f568e3e26a79d27a,20260916,0.11.0,50,supply,demands,False,8,8,D8,27,BASE,POWER,63.33561336830547,J000015,1,1,63.33561336830547
lifecycle,e70960269eec88da76c7fc94e6e135d06a464be3b3c58017f568e3e26a79d27a,20260916,0.11.0,51,supply,demands,False,5,5,D1,4,BASE,POWER,32.7,J000004,1,1,32.7
lifecycle,e70960269eec88da76c7fc94e6e135d06a464be3b3c58017f568e3e26a79d27a,20260916,0.11.0,51,supply,demands,False,5,5,D2,8,BASE,POWER,32.800000000000004,J000003,1,1,32.800000000000004
lifecycle,e70960269eec88da76c7fc94e6e135d06a464be3b3c58017f568e3e26a79d27a,20260916,0.11.0,51,supply,demands,False,5,5,D3,12,BASE,POWER,36.6,J000008,1,1,36.6
lifecycle,e70960269eec88da76c7fc94e6e135d06a464be3b3c58017f568e3e26a79d27a,20260916,0.11.0,51,supply,demands,False,5,5,D4,13,BASE,POWER,36.6,J000007,1,1,36.6
lifecycle,e70960269eec88da76c7fc94e6e135d06a464be3b3c58017f568e3e26a79d27a,20260916,0.11.0,51,supply,demands,False,5,5,D5,16,BASE,POWER,60.800000000000004,J000009,1,1,60.800000000000004
lifecycle,e70960269eec88da76c7fc94e6e135d06a464be3b3c58017f568e3e26a79d27a,20260916,0.11.0,52,supply,demands,False,7,7,D1,4,BASE,POWER,16.700000000000003,J000002,1,1,16.700000000000003
lifecycle,e70960269eec88da76c7fc94e6e135d06a464be3b3c58017f568e3e26a79d27a,20260916,0.11.0,52,supply,demands,False,7,7,D2,8,BASE,POWER,16.800000000000004,J000001,1,1,16.800000000000004
lifecycle,e70960269eec88da76c7fc94e6e135d06a464be3b3c58017f568e3e26a79d27a,20260916,0.11.0,52,supply,demands,False,7,7,D3,12,BASE,POWER,32.800000000000004,J000005,1,1,32.800000000000004
lifecycle,e70960269eec88da76c7fc94e6e135d06a464be3b3c58017f568e3e26a79d27a,20260916,0.11.0,52,supply,demands,False,7,7,D4,15,BASE,POWER,40.6,J000008,1,1,40.6
lifecycle,e70960269eec88da76c7fc94e6e135d06a464be3b3c58017f568e3e26a79d27a,20260916,0.11.0,52,supply,demands,False,7,7,D5,18,BASE,POWER,60.7,J000011,1,1,60.7
lifecycle,e70960269eec88da76c7fc94e6e135d06a464be3b3c58017f568e3e26a79d27a,20260916,0.11.0,52,supply,demands,False,7,7,D6,21,BASE,POWER,64.6,J000014,1,1,64.6
lifecycle,e70960269eec88da76c7fc94e6e135d06a464be3b3c58017f568e3e26a79d27a,20260916,0.11.0,52,supply,demands,False,7,7,D7,22,BASE,POWER,64.6,J000013,1,1,64.6
lifecycle,e70960269eec88da76c7fc94e6e135d06a464be3b3c58017f568e3e26a79d27a,20260916,0.11.0,53,supply,demands,False,6,6,D1,4,BASE,POWER,16.800000000000004,J000001,1,1,16.800000000000004
lifecycle,e70960269eec88da76c7fc94e6e135d06a464be3b3c58017f568e3e26a79d27a,20260916,0.11.0,53,supply,demands,False,6,6,D2,8,BASE,POWER,32.7,J000005,1,1,32.7
lifecycle,e70960269eec88da76c7fc94e6e135d06a464be3b3c58017f568e3e26a79d27a,20260916,0.11.0,53,supply,demands,False,6,6,D3,11,BASE,POWER,32.800000000000004,J000004,1,1,32.800000000000004
lifecycle,e70960269eec88da76c7fc94e6e135d06a464be3b3c58017f568e3e26a79d27a,20260916,0.11.0,53,supply,demands,False,6,6,D4,15,BASE,POWER,36.6,J000008,1,1,36.6
lifecycle,e70960269eec88da76c7fc94e6e135d06a464be3b3c58017f568e3e26a79d27a,20260916,0.11.0,53,supply,demands,False,6,6,D5,18,BASE,POWER,56.7,J000009,1,1,56.7
lifecycle,e70960269eec88da76c7fc94e6e135d06a464be3b3c58017f568e3e26a79d27a,20260916,0.11.0,53,supply,demands,False,6,6,D6,21,BASE,POWER,64.69999999999999,J000013,1,1,64.69999999999999
lifecycle,e70960269eec88da76c7fc94e6e135d06a464be3b3c58017f568e3e26a79d27a,20260916,0.11.0,54,supply,demands,False,6,6,D1,4,BASE,POWER,16.700000000000003,J000002,1,1,16.700000000000003
lifecycle,e70960269eec88da76c7fc94e6e135d06a464be3b3c58017f568e3e26a79d27a,20260916,0.11.0,54,supply,demands,False,6,6,D2,8,BASE,POWER,16.800000000000004,J000001,1,1,16.800000000000004
lifecycle,e70960269eec88da76c7fc94e6e135d06a464be3b3c58017f568e3e26a79d27a,20260916,0.11.0,54,supply,demands,False,6,6,D3,12,BASE,POWER,32.7,J000006,1,1,32.7
lifecycle,e70960269eec88da76c7fc94e6e135d06a464be3b3c58017f568e3e26a79d27a,20260916,0.11.0,54,supply,demands,False,6,6,D4,15,BASE,POWER,40.6,J000008,1,1,40.6
lifecycle,e70960269eec88da76c7fc94e6e135d06a464be3b3c58017f568e3e26a79d27a,20260916,0.11.0,54,supply,demands,False,6,6,D5,18,BASE,POWER,56.7,J000010,1,1,56.7
lifecycle,e70960269eec88da76c7fc94e6e135d06a464be3b3c58017f568e3e26a79d27a,20260916,0.11.0,54,supply,demands,False,6,6,D6,21,BASE,POWER,56.800000000000004,J000009,1,1,56.800000000000004
lifecycle,e70960269eec88da76c7fc94e6e135d06a464be3b3c58017f568e3e26a79d27a,20260916,0.11.0,55,supply,demands,False,6,6,D1,4,BASE,POWER,12.7,J000001,1,1,12.7
lifecycle,e70960269eec88da76c7fc94e6e135d06a464be3b3c58017f568e3e26a79d27a,20260916,0.11.0,55,supply,demands,False,6,6,D2,8,BASE,POWER,16.700000000000003,J000004,1,1,16.700000000000003
lifecycle,e70960269eec88da76c7fc94e6e135d06a464be3b3c58017f568e3e26a79d27a,20260916,0.11.0,55,supply,demands,False,6,6,D3,11,BASE,POWER,36.6,J000007,1,1,36.6
lifecycle,e70960269eec88da76c7fc94e6e135d06a464be3b3c58017f568e3e26a79d27a,20260916,0.11.0,55,supply,demands,False,6,6,D4,14,BASE,POWER,40.6,J000009,1,1,40.6
lifecycle,e70960269eec88da76c7fc94e6e135d06a464be3b3c58017f568e3e26a79d27a,20260916,0.11.0,55,supply,demands,False,6,6,D5,18,BASE,POWER,56.7,J000010,1,1,56.7
lifecycle,e70960269eec88da76c7fc94e6e135d06a464be3b3c58017f568e3e26a79d27a,20260916,0.11.0,55,supply,demands,False,6,6,D6,22,BASE,POWER,60.6,J000012,1,1,60.6
lifecycle,e70960269eec88da76c7fc94e6e135d06a464be3b3c58017f568e3e26a79d27a,20260916,0.11.0,56,supply,demands,False,6,6,D1,4,BASE,POWER,16.700000000000003,J000002,1,1,16.700000000000003
lifecycle,e70960269eec88da76c7fc94e6e135d06a464be3b3c58017f568e3e26a79d27a,20260916,0.11.0,56,supply,demands,False,6,6,D2,8,BASE,POWER,32.7,J000005,1,1,32.7
lifecycle,e70960269eec88da76c7fc94e6e135d06a464be3b3c58017f568e3e26a79d27a,20260916,0.11.0,56,supply,demands,False,6,6,D3,11,BASE,POWER,36.6,J000007,1,1,36.6
lifecycle,e70960269eec88da76c7fc94e6e135d06a464be3b3c58017f568e3e26a79d27a,20260916,0.11.0,56,supply,demands,False,6,6,D4,14,BASE,POWER,40.6,J000008,1,1,40.6
lifecycle,e70960269eec88da76c7fc94e6e135d06a464be3b3c58017f568e3e26a79d27a,20260916,0.11.0,56,supply,demands,False,6,6,D5,18,BASE,POWER,64.6,J000012,1,1,64.6
lifecycle,e70960269eec88da76c7fc94e6e135d06a464be3b3c58017f568e3e26a79d27a,20260916,0.11.0,56,supply,demands,False,6,6,D6,22,BASE,POWER,64.69999999999999,J000011,1,1,64.69999999999999
lifecycle,e70960269eec88da76c7fc94e6e135d06a464be3b3c58017f568e3e26a79d27a,20260916,0.11.0,57,supply,demands,False,7,7,D1,4,BASE,POWER,16.700000000000003,J000002,1,1,16.700000000000003
lifecycle,e70960269eec88da76c7fc94e6e135d06a464be3b3c58017f568e3e26a79d27a,20260916,0.11.0,57,supply,demands,False,7,7,D2,8,BASE,POWER,31.016363849752217,J000005,1,1,31.016363849752217
lifecycle,e70960269eec88da76c7fc94e6e135d06a464be3b3c58017f568e3e26a79d27a,20260916,0.11.0,57,supply,demands,False,7,7,D3,11,BASE,POWER,36.6,J000007,1,1,36.6
lifecycle,e70960269eec88da76c7fc94e6e135d06a464be3b3c58017f568e3e26a79d27a,20260916,0.11.0,57,supply,demands,False,7,7,D4,14,BASE,POWER,40.053691096735314,J000008,1,1,40.053691096735314
lifecycle,e70960269eec88da76c7fc94e6e135d06a464be3b3c58017f568e3e26a79d27a,20260916,0.11.0,57,supply,demands,False,7,7,D5,18,BASE,POWER,56.7,J000010,1,1,56.7
lifecycle,e70960269eec88da76c7fc94e6e135d06a464be3b3c58017f568e3e26a79d27a,20260916,0.11.0,57,supply,demands,False,7,7,D6,21,BASE,POWER,60.6,J000012,1,1,60.6
lifecycle,e70960269eec88da76c7fc94e6e135d06a464be3b3c58017f568e3e26a79d27a,20260916,0.11.0,57,supply,demands,False,7,7,D7,24,BASE,POWER,64.69999999999999,J000013,1,1,64.69999999999999
lifecycle,e70960269eec88da76c7fc94e6e135d06a464be3b3c58017f568e3e26a79d27a,20260916,0.11.0,58,supply,demands,False,7,7,D1,4,BASE,POWER,16.700000000000003,J000002,1,1,16.700000000000003
lifecycle,e70960269eec88da76c7fc94e6e135d06a464be3b3c58017f568e3e26a79d27a,20260916,0.11.0,58,supply,demands,False,7,7,D2,8,BASE,POWER,16.800000000000004,J000001,1,1,16.800000000000004
lifecycle,e70960269eec88da76c7fc94e6e135d06a464be3b3c58017f568e3e26a79d27a,20260916,0.11.0,58,supply,demands,False,7,7,D3,12,BASE,POWER,32.7,J000006,1,1,32.7
lifecycle,e70960269eec88da76c7fc94e6e135d06a464be3b3c58017f568e3e26a79d27a,20260916,0.11.0,58,supply,demands,False,7,7,D4,15,BASE,POWER,40.6,J000009,1,1,40.6
lifecycle,e70960269eec88da76c7fc94e6e135d06a464be3b3c58017f568e3e26a79d27a,20260916,0.11.0,58,supply,demands,False,7,7,D5,18,BASE,POWER,56.7,J000010,1,1,56.7
lifecycle,e70960269eec88da76c7fc94e6e135d06a464be3b3c58017f568e3e26a79d27a,20260916,0.11.0,58,supply,demands,False,7,7,D6,21,BASE,POWER,60.7,J000012,1,1,60.7
lifecycle,e70960269eec88da76c7fc94e6e135d06a464be3b3c58017f568e3e26a79d27a,20260916,0.11.0,58,supply,demands,False,7,7,D7,24,BASE,POWER,64.6,J000015,1,1,64.6
lifecycle,e70960269eec88da76c7fc94e6e135d06a464be3b3c58017f568e3e26a79d27a,20260916,0.11.0,59,supply,demands,False,5,5,D1,4,BASE,POWER,32.137206354266894,J000004,1,1,32.137206354266894
lifecycle,e70960269eec88da76c7fc94e6e135d06a464be3b3c58017f568e3e26a79d27a,20260916,0.11.0,59,supply,demands,False,5,5,D2,8,BASE,POWER,36.6,J000008,1,1,36.6
lifecycle,e70960269eec88da76c7fc94e6e135d06a464be3b3c58017f568e3e26a79d27a,20260916,0.11.0,59,supply,demands,False,5,5,D3,9,BASE,POWER,36.6,J000007,1,1,36.6
lifecycle,e70960269eec88da76c7fc94e6e135d06a464be3b3c58017f568e3e26a79d27a,20260916,0.11.0,59,supply,demands,False,5,5,D4,13,BASE,POWER,40.6,J000009,1,1,40.6
lifecycle,e70960269eec88da76c7fc94e6e135d06a464be3b3c58017f568e3e26a79d27a,20260916,0.11.0,59,supply,demands,False,5,5,D5,17,BASE,POWER,64.69999999999999,J000012,1,1,64.69999999999999
lifecycle,e70960269eec88da76c7fc94e6e135d06a464be3b3c58017f568e3e26a79d27a,20260916,0.11.0,60,supply,demands,False,6,6,D1,4,BASE,POWER,16.800000000000004,J000002,1,1,16.800000000000004
lifecycle,e70960269eec88da76c7fc94e6e135d06a464be3b3c58017f568e3e26a79d27a,20260916,0.11.0,60,supply,demands,False,6,6,D2,8,BASE,POWER,36.6,J000006,1,1,36.6
lifecycle,e70960269eec88da76c7fc94e6e135d06a464be3b3c58017f568e3e26a79d27a,20260916,0.11.0,60,supply,demands,False,6,6,D3,11,BASE,POWER,40.6,J000009,1,1,40.6
lifecycle,e70960269eec88da76c7fc94e6e135d06a464be3b3c58017f568e3e26a79d27a,20260916,0.11.0,60,supply,demands,False,6,6,D4,12,BASE,POWER,40.6,J000008,1,1,40.6
lifecycle,e70960269eec88da76c7fc94e6e135d06a464be3b3c58017f568e3e26a79d27a,20260916,0.11.0,60,supply,demands,False,6,6,D5,16,BASE,POWER,56.7,J000010,1,1,56.7
lifecycle,e70960269eec88da76c7fc94e6e135d06a464be3b3c58017f568e3e26a79d27a,20260916,0.11.0,60,supply,demands,False,6,6,D6,20,BASE,POWER,64.69999999999999,J000012,1,1,64.69999999999999
lifecycle,e70960269eec88da76c7fc94e6e135d06a464be3b3c58017f568e3e26a79d27a,20260916,0.11.0,61,supply,demands,False,7,7,D1,4,BASE,POWER,8.508946826891572,J000001,1,1,8.508946826891572
lifecycle,e70960269eec88da76c7fc94e6e135d06a464be3b3c58017f568e3e26a79d27a,20260916,0.11.0,61,supply,demands,False,7,7,D2,8,BASE,POWER,16.700000000000003,J000003,1,1,16.700000000000003
lifecycle,e70960269eec88da76c7fc94e6e135d06a464be3b3c58017f568e3e26a79d27a,20260916,0.11.0,61,supply,demands,False,7,7,D3,11,BASE,POWER,32.800000000000004,J000005,1,1,32.800000000000004
lifecycle,e70960269eec88da76c7fc94e6e135d06a464be3b3c58017f568e3e26a79d27a,20260916,0.11.0,61,supply,demands,False,7,7,D4,14,BASE,POWER,40.6,J000009,1,1,40.6
lifecycle,e70960269eec88da76c7fc94e6e135d06a464be3b3c58017f568e3e26a79d27a,20260916,0.11.0,61,supply,demands,False,7,7,D5,17,BASE,POWER,56.6,J000011,1,1,56.6
lifecycle,e70960269eec88da76c7fc94e6e135d06a464be3b3c58017f568e3e26a79d27a,20260916,0.11.0,61,supply,demands,False,7,7,D6,21,BASE,POWER,60.7,J000012,1,1,60.7
lifecycle,e70960269eec88da76c7fc94e6e135d06a464be3b3c58017f568e3e26a79d27a,20260916,0.11.0,61,supply,demands,False,7,7,D7,25,BASE,POWER,64.6,J000014,1,1,64.6
lifecycle,e70960269eec88da76c7fc94e6e135d06a464be3b3c58017f568e3e26a79d27a,20260916,0.11.0,62,supply,demands,False,6,6,D1,4,BASE,POWER,32.800000000000004,J000003,1,1,32.800000000000004
lifecycle,e70960269eec88da76c7fc94e6e135d06a464be3b3c58017f568e3e26a79d27a,20260916,0.11.0,62,supply,demands,False,6,6,D2,8,BASE,POWER,36.26915699401563,J000007,1,1,36.26915699401563
lifecycle,e70960269eec88da76c7fc94e6e135d06a464be3b3c58017f568e3e26a79d27a,20260916,0.11.0,62,supply,demands,False,6,6,D3,9,BASE,POWER,36.26915699401563,J000006,1,1,36.26915699401563
lifecycle,e70960269eec88da76c7fc94e6e135d06a464be3b3c58017f568e3e26a79d27a,20260916,0.11.0,62,supply,demands,False,6,6,D4,13,BASE,POWER,40.6,J000008,1,1,40.6
lifecycle,e70960269eec88da76c7fc94e6e135d06a464be3b3c58017f568e3e26a79d27a,20260916,0.11.0,62,supply,demands,False,6,6,D5,17,BASE,POWER,55.96683741978587,J000009,1,1,55.96683741978587
lifecycle,e70960269eec88da76c7fc94e6e135d06a464be3b3c58017f568e3e26a79d27a,20260916,0.11.0,62,supply,demands,False,6,6,D6,21,BASE,POWER,60.7,J000011,1,1,60.7
lifecycle,e70960269eec88da76c7fc94e6e135d06a464be3b3c58017f568e3e26a79d27a,20260916,0.11.0,63,supply,demands,False,5,5,D1,4,BASE,POWER,16.800000000000004,J000001,1,1,16.800000000000004
lifecycle,e70960269eec88da76c7fc94e6e135d06a464be3b3c58017f568e3e26a79d27a,20260916,0.11.0,63,supply,demands,False,5,5,D2,8,BASE,POWER,31.14611053308525,J000004,1,1,31.14611053308525
lifecycle,e70960269eec88da76c7fc94e6e135d06a464be3b3c58017f568e3e26a79d27a,20260916,0.11.0,63,supply,demands,False,5,5,D3,11,BASE,POWER,36.6,J000007,1,1,36.6
lifecycle,e70960269eec88da76c7fc94e6e135d06a464be3b3c58017f568e3e26a79d27a,20260916,0.11.0,63,supply,demands,False,5,5,D4,14,BASE,POWER,56.7,J000008,1,1,56.7
lifecycle,e70960269eec88da76c7fc94e6e135d06a464be3b3c58017f568e3e26a79d27a,20260916,0.11.0,63,supply,demands,False,5,5,D5,18,BASE,POWER,60.6,J000010,1,1,60.6
lifecycle,e70960269eec88da76c7fc94e6e135d06a464be3b3c58017f568e3e26a79d27a,20260916,0.11.0,64,supply,demands,False,7,7,D1,4,BASE,POWER,16.700000000000003,J000002,1,1,16.700000000000003
lifecycle,e70960269eec88da76c7fc94e6e135d06a464be3b3c58017f568e3e26a79d27a,20260916,0.11.0,64,supply,demands,False,7,7,D2,8,BASE,POWER,16.800000000000004,J000001,1,1,16.800000000000004
lifecycle,e70960269eec88da76c7fc94e6e135d06a464be3b3c58017f568e3e26a79d27a,20260916,0.11.0,64,supply,demands,False,7,7,D3,12,BASE,POWER,32.7,J000006,1,1,32.7
lifecycle,e70960269eec88da76c7fc94e6e135d06a464be3b3c58017f568e3e26a79d27a,20260916,0.11.0,64,supply,demands,False,7,7,D4,15,BASE,POWER,32.800000000000004,J000005,1,1,32.800000000000004
lifecycle,e70960269eec88da76c7fc94e6e135d06a464be3b3c58017f568e3e26a79d27a,20260916,0.11.0,64,supply,demands,False,7,7,D5,18,BASE,POWER,56.800000000000004,J000009,1,1,56.800000000000004
lifecycle,e70960269eec88da76c7fc94e6e135d06a464be3b3c58017f568e3e26a79d27a,20260916,0.11.0,64,supply,demands,False,7,7,D6,21,BASE,POWER,60.800000000000004,J000012,1,1,60.800000000000004
lifecycle,e70960269eec88da76c7fc94e6e135d06a464be3b3c58017f568e3e26a79d27a,20260916,0.11.0,64,supply,demands,False,7,7,D7,24,BASE,POWER,63.51891015391843,J000016,1,1,63.51891015391843
lifecycle,e70960269eec88da76c7fc94e6e135d06a464be3b3c58017f568e3e26a79d27a,20260916,0.11.0,65,supply,demands,False,8,8,D1,4,BASE,POWER,16.700000000000003,J000002,1,1,16.700000000000003
lifecycle,e70960269eec88da76c7fc94e6e135d06a464be3b3c58017f568e3e26a79d27a,20260916,0.11.0,65,supply,demands,False,8,8,D2,8,BASE,POWER,16.800000000000004,J000001,1,1,16.800000000000004
lifecycle,e70960269eec88da76c7fc94e6e135d06a464be3b3c58017f568e3e26a79d27a,20260916,0.11.0,65,supply,demands,False,8,8,D3,12,BASE,POWER,32.7,J000006,1,1,32.7
lifecycle,e70960269eec88da76c7fc94e6e135d06a464be3b3c58017f568e3e26a79d27a,20260916,0.11.0,65,supply,demands,False,8,8,D4,15,BASE,POWER,32.800000000000004,J000005,1,1,32.800000000000004
lifecycle,e70960269eec88da76c7fc94e6e135d06a464be3b3c58017f568e3e26a79d27a,20260916,0.11.0,65,supply,demands,False,8,8,D5,18,BASE,POWER,56.7,J000010,1,1,56.7
lifecycle,e70960269eec88da76c7fc94e6e135d06a464be3b3c58017f568e3e26a79d27a,20260916,0.11.0,65,supply,demands,False,8,8,D6,21,BASE,POWER,60.7,J000013,1,1,60.7
lifecycle,e70960269eec88da76c7fc94e6e135d06a464be3b3c58017f568e3e26a79d27a,20260916,0.11.0,65,supply,demands,False,8,8,D7,24,BASE,POWER,60.800000000000004,J000012,1,1,60.800000000000004
lifecycle,e70960269eec88da76c7fc94e6e135d06a464be3b3c58017f568e3e26a79d27a,20260916,0.11.0,65,supply,demands,False,8,8,D8,27,BASE,POWER,64.6,J000016,1,1,64.6
lifecycle,e70960269eec88da76c7fc94e6e135d06a464be3b3c58017f568e3e26a79d27a,20260916,0.11.0,66,supply,demands,False,6,6,D1,4,BASE,POWER,32.7,J000004,1,1,32.7
lifecycle,e70960269eec88da76c7fc94e6e135d06a464be3b3c58017f568e3e26a79d27a,20260916,0.11.0,66,supply,demands,False,6,6,D2,8,BASE,POWER,32.800000000000004,J000003,1,1,32.800000000000004
lifecycle,e70960269eec88da76c7fc94e6e135d06a464be3b3c58017f568e3e26a79d27a,20260916,0.11.0,66,supply,demands,False,6,6,D3,12,BASE,POWER,36.6,J000008,1,1,36.6
lifecycle,e70960269eec88da76c7fc94e6e135d06a464be3b3c58017f568e3e26a79d27a,20260916,0.11.0,66,supply,demands,False,6,6,D4,13,BASE,POWER,36.6,J000007,1,1,36.6
lifecycle,e70960269eec88da76c7fc94e6e135d06a464be3b3c58017f568e3e26a79d27a,20260916,0.11.0,66,supply,demands,False,6,6,D5,16,BASE,POWER,60.800000000000004,J000010,1,1,60.800000000000004
lifecycle,e70960269eec88da76c7fc94e6e135d06a464be3b3c58017f568e3e26a79d27a,20260916,0.11.0,66,supply,demands,False,6,6,D6,20,BASE,POWER,64.69999999999999,J000013,1,1,64.69999999999999
lifecycle,e70960269eec88da76c7fc94e6e135d06a464be3b3c58017f568e3e26a79d27a,20260916,0.11.0,67,supply,demands,False,6,6,D1,4,BASE,POWER,16.800000000000004,J000001,1,1,16.800000000000004
lifecycle,e70960269eec88da76c7fc94e6e135d06a464be3b3c58017f568e3e26a79d27a,20260916,0.11.0,67,supply,demands,False,6,6,D2,8,BASE,POWER,36.6,J000005,1,1,36.6
lifecycle,e70960269eec88da76c7fc94e6e135d06a464be3b3c58017f568e3e26a79d27a,20260916,0.11.0,67,supply,demands,False,6,6,D3,11,BASE,POWER,56.7,J000007,1,1,56.7
lifecycle,e70960269eec88da76c7fc94e6e135d06a464be3b3c58017f568e3e26a79d27a,20260916,0.11.0,67,supply,demands,False,6,6,D4,15,BASE,POWER,60.6,J000011,1,1,60.6
lifecycle,e70960269eec88da76c7fc94e6e135d06a464be3b3c58017f568e3e26a79d27a,20260916,0.11.0,67,supply,demands,False,6,6,D5,16,BASE,POWER,60.6,J000010,1,1,60.6
lifecycle,e70960269eec88da76c7fc94e6e135d06a464be3b3c58017f568e3e26a79d27a,20260916,0.11.0,67,supply,demands,False,6,6,D6,20,BASE,POWER,64.69999999999999,J000012,1,1,64.69999999999999
lifecycle,e70960269eec88da76c7fc94e6e135d06a464be3b3c58017f568e3e26a79d27a,20260916,0.11.0,68,supply,demands,False,7,7,D1,4,BASE,POWER,16.700000000000003,J000002,1,1,16.700000000000003
lifecycle,e70960269eec88da76c7fc94e6e135d06a464be3b3c58017f568e3e26a79d27a,20260916,0.11.0,68,supply,demands,False,7,7,D2,8,BASE,POWER,32.7,J000005,1,1,32.7
lifecycle,e70960269eec88da76c7fc94e6e135d06a464be3b3c58017f568e3e26a79d27a,20260916,0.11.0,68,supply,demands,False,7,7,D3,11,BASE,POWER,32.800000000000004,J000004,1,1,32.800000000000004
lifecycle,e70960269eec88da76c7fc94e6e135d06a464be3b3c58017f568e3e26a79d27a,20260916,0.11.0,68,supply,demands,False,7,7,D4,15,BASE,POWER,36.6,J000008,1,1,36.6
lifecycle,e70960269eec88da76c7fc94e6e135d06a464be3b3c58017f568e3e26a79d27a,20260916,0.11.0,68,supply,demands,False,7,7,D5,18,BASE,POWER,56.7,J000010,1,1,56.7
lifecycle,e70960269eec88da76c7fc94e6e135d06a464be3b3c58017f568e3e26a79d27a,20260916,0.11.0,68,supply,demands,False,7,7,D6,21,BASE,POWER,60.7,J000012,1,1,60.7
lifecycle,e70960269eec88da76c7fc94e6e135d06a464be3b3c58017f568e3e26a79d27a,20260916,0.11.0,68,supply,demands,False,7,7,D7,24,BASE,POWER,64.69999999999999,J000014,1,1,64.69999999999999
lifecycle,e70960269eec88da76c7fc94e6e135d06a464be3b3c58017f568e3e26a79d27a,20260916,0.11.0,69,supply,demands,False,7,7,D1,4,BASE,POWER,16.800000000000004,J000001,1,1,16.800000000000004
lifecycle,e70960269eec88da76c7fc94e6e135d06a464be3b3c58017f568e3e26a79d27a,20260916,0.11.0,69,supply,demands,False,7,7,D2,8,BASE,POWER,32.7,J000005,1,1,32.7
lifecycle,e70960269eec88da76c7fc94e6e135d06a464be3b3c58017f568e3e26a79d27a,20260916,0.11.0,69,supply,demands,False,7,7,D3,11,BASE,POWER,32.800000000000004,J000004,1,1,32.800000000000004
lifecycle,e70960269eec88da76c7fc94e6e135d06a464be3b3c58017f568e3e26a79d27a,20260916,0.11.0,69,supply,demands,False,7,7,D4,15,BASE,POWER,36.6,J000008,1,1,36.6
lifecycle,e70960269eec88da76c7fc94e6e135d06a464be3b3c58017f568e3e26a79d27a,20260916,0.11.0,69,supply,demands,False,7,7,D5,18,BASE,POWER,38.36005656042818,J000009,1,1,38.36005656042818
lifecycle,e70960269eec88da76c7fc94e6e135d06a464be3b3c58017f568e3e26a79d27a,20260916,0.11.0,69,supply,demands,False,7,7,D6,21,BASE,POWER,56.7,J000011,1,1,56.7
lifecycle,e70960269eec88da76c7fc94e6e135d06a464be3b3c58017f568e3e26a79d27a,20260916,0.11.0,69,supply,demands,False,7,7,D7,24,BASE,POWER,64.69999999999999,J000013,1,1,64.69999999999999
lifecycle,e70960269eec88da76c7fc94e6e135d06a464be3b3c58017f568e3e26a79d27a,20260916,0.11.0,70,supply,demands,False,6,6,D1,4,BASE,POWER,16.700000000000003,J000002,1,1,16.700000000000003
lifecycle,e70960269eec88da76c7fc94e6e135d06a464be3b3c58017f568e3e26a79d27a,20260916,0.11.0,70,supply,demands,False,6,6,D2,8,BASE,POWER,16.800000000000004,J000001,1,1,16.800000000000004
lifecycle,e70960269eec88da76c7fc94e6e135d06a464be3b3c58017f568e3e26a79d27a,20260916,0.11.0,70,supply,demands,False,6,6,D3,12,BASE,POWER,40.6,J000008,1,1,40.6
lifecycle,e70960269eec88da76c7fc94e6e135d06a464be3b3c58017f568e3e26a79d27a,20260916,0.11.0,70,supply,demands,False,6,6,D4,13,BASE,POWER,40.6,J000007,1,1,40.6
lifecycle,e70960269eec88da76c7fc94e6e135d06a464be3b3c58017f568e3e26a79d27a,20260916,0.11.0,70,supply,demands,False,6,6,D5,16,BASE,POWER,56.800000000000004,J000009,1,1,56.800000000000004
lifecycle,e70960269eec88da76c7fc94e6e135d06a464be3b3c58017f568e3e26a79d27a,20260916,0.11.0,70,supply,demands,False,6,6,D6,20,BASE,POWER,64.6,J000012,1,1,64.6
lifecycle,e70960269eec88da76c7fc94e6e135d06a464be3b3c58017f568e3e26a79d27a,20260916,0.11.0,71,supply,demands,False,5,5,D1,4,BASE,POWER,16.700000000000003,J000002,1,1,16.700000000000003
lifecycle,e70960269eec88da76c7fc94e6e135d06a464be3b3c58017f568e3e26a79d27a,20260916,0.11.0,71,supply,demands,False,5,5,D2,8,BASE,POWER,36.6,J000005,1,1,36.6
lifecycle,e70960269eec88da76c7fc94e6e135d06a464be3b3c58017f568e3e26a79d27a,20260916,0.11.0,71,supply,demands,False,5,5,D3,11,BASE,POWER,56.7,J000007,1,1,56.7
lifecycle,e70960269eec88da76c7fc94e6e135d06a464be3b3c58017f568e3e26a79d27a,20260916,0.11.0,71,supply,demands,False,5,5,D4,15,BASE,POWER,60.32414132014101,J000011,1,1,60.32414132014101
lifecycle,e70960269eec88da76c7fc94e6e135d06a464be3b3c58017f568e3e26a79d27a,20260916,0.11.0,71,supply,demands,False,5,5,D5,16,BASE,POWER,60.32414132014101,J000010,1,1,60.32414132014101
lifecycle,e70960269eec88da76c7fc94e6e135d06a464be3b3c58017f568e3e26a79d27a,20260916,0.11.0,72,supply,demands,False,6,6,D1,4,BASE,POWER,14.71819708485943,J000002,1,1,14.71819708485943
lifecycle,e70960269eec88da76c7fc94e6e135d06a464be3b3c58017f568e3e26a79d27a,20260916,0.11.0,72,supply,demands,False,6,6,D2,8,BASE,POWER,32.7,J000005,1,1,32.7
lifecycle,e70960269eec88da76c7fc94e6e135d06a464be3b3c58017f568e3e26a79d27a,20260916,0.11.0,72,supply,demands,False,6,6,D3,11,BASE,POWER,32.800000000000004,J000004,1,1,32.800000000000004
lifecycle,e70960269eec88da76c7fc94e6e135d06a464be3b3c58017f568e3e26a79d27a,20260916,0.11.0,72,supply,demands,False,6,6,D4,15,BASE,POWER,56.6,J000008,1,1,56.6
lifecycle,e70960269eec88da76c7fc94e6e135d06a464be3b3c58017f568e3e26a79d27a,20260916,0.11.0,72,supply,demands,False,6,6,D5,18,BASE,POWER,56.7,J000009,1,1,56.7
lifecycle,e70960269eec88da76c7fc94e6e135d06a464be3b3c58017f568e3e26a79d27a,20260916,0.11.0,72,supply,demands,False,6,6,D6,21,BASE,POWER,60.7,J000012,1,1,60.7
lifecycle,e70960269eec88da76c7fc94e6e135d06a464be3b3c58017f568e3e26a79d27a,20260916,0.11.0,73,supply,demands,False,7,7,D1,4,BASE,POWER,14.261439124737848,J000001,1,1,14.261439124737848
lifecycle,e70960269eec88da76c7fc94e6e135d06a464be3b3c58017f568e3e26a79d27a,20260916,0.11.0,73,supply,demands,False,7,7,D2,8,BASE,POWER,32.800000000000004,J000003,1,1,32.800000000000004
lifecycle,e70960269eec88da76c7fc94e6e135d06a464be3b3c58017f568e3e26a79d27a,20260916,0.11.0,73,supply,demands,False,7,7,D3,11,BASE,POWER,36.7,J000006,1,1,36.7
lifecycle,e70960269eec88da76c7fc94e6e135d06a464be3b3c58017f568e3e26a79d27a,20260916,0.11.0,73,supply,demands,False,7,7,D4,14,BASE,POWER,40.6,J000008,1,1,40.6
lifecycle,e70960269eec88da76c7fc94e6e135d06a464be3b3c58017f568e3e26a79d27a,20260916,0.11.0,73,supply,demands,False,7,7,D5,17,BASE,POWER,60.7,J000010,1,1,60.7
lifecycle,e70960269eec88da76c7fc94e6e135d06a464be3b3c58017f568e3e26a79d27a,20260916,0.11.0,73,supply,demands,False,7,7,D6,21,BASE,POWER,64.6,J000013,1,1,64.6
lifecycle,e70960269eec88da76c7fc94e6e135d06a464be3b3c58017f568e3e26a79d27a,20260916,0.11.0,73,supply,demands,False,7,7,D7,24,BASE,POWER,64.69999999999999,J000012,1,1,64.69999999999999
lifecycle,e70960269eec88da76c7fc94e6e135d06a464be3b3c58017f568e3e26a79d27a,20260916,0.11.0,74,supply,demands,False,5,5,D1,4,BASE,POWER,32.7,J000004,1,1,32.7
lifecycle,e70960269eec88da76c7fc94e6e135d06a464be3b3c58017f568e3e26a79d27a,20260916,0.11.0,74,supply,demands,False,5,5,D2,8,BASE,POWER,36.6,J000007,1,1,36.6
lifecycle,e70960269eec88da76c7fc94e6e135d06a464be3b3c58017f568e3e26a79d27a,20260916,0.11.0,74,supply,demands,False,5,5,D3,9,BASE,POWER,36.6,J000006,1,1,36.6
lifecycle,e70960269eec88da76c7fc94e6e135d06a464be3b3c58017f568e3e26a79d27a,20260916,0.11.0,74,supply,demands,False,5,5,D4,13,BASE,POWER,40.6,J000008,1,1,40.6
lifecycle,e70960269eec88da76c7fc94e6e135d06a464be3b3c58017f568e3e26a79d27a,20260916,0.11.0,74,supply,demands,False,5,5,D5,17,BASE,POWER,60.7,J000010,1,1,60.7
lifecycle,e70960269eec88da76c7fc94e6e135d06a464be3b3c58017f568e3e26a79d27a,20260916,0.11.0,75,supply,demands,False,7,7,D1,4,BASE,POWER,16.700000000000003,J000002,1,1,16.700000000000003
lifecycle,e70960269eec88da76c7fc94e6e135d06a464be3b3c58017f568e3e26a79d27a,20260916,0.11.0,75,supply,demands,False,7,7,D2,8,BASE,POWER,36.6,J000007,1,1,36.6
lifecycle,e70960269eec88da76c7fc94e6e135d06a464be3b3c58017f568e3e26a79d27a,20260916,0.11.0,75,supply,demands,False,7,7,D3,11,BASE,POWER,40.6,J000009,1,1,40.6
lifecycle,e70960269eec88da76c7fc94e6e135d06a464be3b3c58017f568e3e26a79d27a,20260916,0.11.0,75,supply,demands,False,7,7,D4,12,BASE,POWER,40.6,J000008,1,1,40.6
lifecycle,e70960269eec88da76c7fc94e6e135d06a464be3b3c58017f568e3e26a79d27a,20260916,0.11.0,75,supply,demands,False,7,7,D5,16,BASE,POWER,56.7,J000010,1,1,56.7
lifecycle,e70960269eec88da76c7fc94e6e135d06a464be3b3c58017f568e3e26a79d27a,20260916,0.11.0,75,supply,demands,False,7,7,D6,20,BASE,POWER,60.36936649620658,J000012,1,1,60.36936649620658
lifecycle,e70960269eec88da76c7fc94e6e135d06a464be3b3c58017f568e3e26a79d27a,20260916,0.11.0,75,supply,demands,False,7,7,D7,23,BASE,POWER,64.69999999999999,J000014,1,1,64.69999999999999
lifecycle,e70960269eec88da76c7fc94e6e135d06a464be3b3c58017f568e3e26a79d27a,20260916,0.11.0,76,supply,demands,False,6,6,D1,4,BASE,POWER,36.6,J000007,1,1,36.6
lifecycle,e70960269eec88da76c7fc94e6e135d06a464be3b3c58017f568e3e26a79d27a,20260916,0.11.0,76,supply,demands,False,6,6,D2,5,BASE,POWER,36.6,J000006,1,1,36.6
lifecycle,e70960269eec88da76c7fc94e6e135d06a464be3b3c58017f568e3e26a79d27a,20260916,0.11.0,76,supply,demands,False,6,6,D3,9,BASE,POWER,40.6,J000010,1,1,40.6
lifecycle,e70960269eec88da76c7fc94e6e135d06a464be3b3c58017f568e3e26a79d27a,20260916,0.11.0,76,supply,demands,False,6,6,D4,10,BASE,POWER,40.6,J000009,1,1,40.6
lifecycle,e70960269eec88da76c7fc94e6e135d06a464be3b3c58017f568e3e26a79d27a,20260916,0.11.0,76,supply,demands,False,6,6,D5,14,BASE,POWER,64.69999999999999,J000012,1,1,64.69999999999999
lifecycle,e70960269eec88da76c7fc94e6e135d06a464be3b3c58017f568e3e26a79d27a,20260916,0.11.0,76,supply,demands,False,6,6,D6,18,BASE,POWER,64.79999999999998,J000011,1,1,64.79999999999998
lifecycle,e70960269eec88da76c7fc94e6e135d06a464be3b3c58017f568e3e26a79d27a,20260916,0.11.0,77,supply,demands,False,7,7,D1,4,BASE,POWER,16.700000000000003,J000002,1,1,16.700000000000003
lifecycle,e70960269eec88da76c7fc94e6e135d06a464be3b3c58017f568e3e26a79d27a,20260916,0.11.0,77,supply,demands,False,7,7,D2,8,BASE,POWER,16.800000000000004,J000001,1,1,16.800000000000004
lifecycle,e70960269eec88da76c7fc94e6e135d06a464be3b3c58017f568e3e26a79d27a,20260916,0.11.0,77,supply,demands,False,7,7,D3,12,BASE,POWER,32.13395419637033,J000005,1,1,32.13395419637033
lifecycle,e70960269eec88da76c7fc94e6e135d06a464be3b3c58017f568e3e26a79d27a,20260916,0.11.0,77,supply,demands,False,7,7,D4,15,BASE,POWER,40.6,J000009,1,1,40.6
lifecycle,e70960269eec88da76c7fc94e6e135d06a464be3b3c58017f568e3e26a79d27a,20260916,0.11.0,77,supply,demands,False,7,7,D5,18,BASE,POWER,56.7,J000011,1,1,56.7
lifecycle,e70960269eec88da76c7fc94e6e135d06a464be3b3c58017f568e3e26a79d27a,20260916,0.11.0,77,supply,demands,False,7,7,D6,21,BASE,POWER,56.800000000000004,J000010,1,1,56.800000000000004
lifecycle,e70960269eec88da76c7fc94e6e135d06a464be3b3c58017f568e3e26a79d27a,20260916,0.11.0,77,supply,demands,False,7,7,D7,25,BASE,POWER,60.7,J000014,1,1,60.7
lifecycle,e70960269eec88da76c7fc94e6e135d06a464be3b3c58017f568e3e26a79d27a,20260916,0.11.0,78,supply,demands,False,6,6,D1,4,BASE,POWER,16.700000000000003,J000002,1,1,16.700000000000003
lifecycle,e70960269eec88da76c7fc94e6e135d06a464be3b3c58017f568e3e26a79d27a,20260916,0.11.0,78,supply,demands,False,6,6,D2,8,BASE,POWER,16.800000000000004,J000001,1,1,16.800000000000004
lifecycle,e70960269eec88da76c7fc94e6e135d06a464be3b3c58017f568e3e26a79d27a,20260916,0.11.0,78,supply,demands,False,6,6,D3,12,BASE,POWER,32.7,J000006,1,1,32.7
lifecycle,e70960269eec88da76c7fc94e6e135d06a464be3b3c58017f568e3e26a79d27a,20260916,0.11.0,78,supply,demands,False,6,6,D4,15,BASE,POWER,32.800000000000004,J000005,1,1,32.800000000000004
lifecycle,e70960269eec88da76c7fc94e6e135d06a464be3b3c58017f568e3e26a79d27a,20260916,0.11.0,78,supply,demands,False,6,6,D5,18,BASE,POWER,56.800000000000004,J000009,1,1,56.800000000000004
lifecycle,e70960269eec88da76c7fc94e6e135d06a464be3b3c58017f568e3e26a79d27a,20260916,0.11.0,78,supply,demands,False,6,6,D6,21,BASE,POWER,64.6,J000014,1,1,64.6
lifecycle,e70960269eec88da76c7fc94e6e135d06a464be3b3c58017f568e3e26a79d27a,20260916,0.11.0,79,supply,demands,False,6,6,D1,4,BASE,POWER,32.7,J000004,1,1,32.7
lifecycle,e70960269eec88da76c7fc94e6e135d06a464be3b3c58017f568e3e26a79d27a,20260916,0.11.0,79,supply,demands,False,6,6,D2,8,BASE,POWER,36.6,J000007,1,1,36.6
lifecycle,e70960269eec88da76c7fc94e6e135d06a464be3b3c58017f568e3e26a79d27a,20260916,0.11.0,79,supply,demands,False,6,6,D3,9,BASE,POWER,36.6,J000006,1,1,36.6
lifecycle,e70960269eec88da76c7fc94e6e135d06a464be3b3c58017f568e3e26a79d27a,20260916,0.11.0,79,supply,demands,False,6,6,D4,13,BASE,POWER,40.6,J000008,1,1,40.6
lifecycle,e70960269eec88da76c7fc94e6e135d06a464be3b3c58017f568e3e26a79d27a,20260916,0.11.0,79,supply,demands,False,6,6,D5,17,BASE,POWER,63.2646846147689,J000010,1,1,63.2646846147689
lifecycle,e70960269eec88da76c7fc94e6e135d06a464be3b3c58017f568e3e26a79d27a,20260916,0.11.0,79,supply,demands,False,6,6,D6,21,BASE,POWER,63.364684614768905,J000012,1,1,63.364684614768905
lifecycle,e70960269eec88da76c7fc94e6e135d06a464be3b3c58017f568e3e26a79d27a,20260916,0.11.0,80,supply,demands,False,5,5,D1,4,BASE,POWER,16.04108967580516,J000002,1,1,16.04108967580516
lifecycle,e70960269eec88da76c7fc94e6e135d06a464be3b3c58017f568e3e26a79d27a,20260916,0.11.0,80,supply,demands,False,5,5,D2,8,BASE,POWER,36.7,J000006,1,1,36.7
lifecycle,e70960269eec88da76c7fc94e6e135d06a464be3b3c58017f568e3e26a79d27a,20260916,0.11.0,80,supply,demands,False,5,5,D3,11,BASE,POWER,40.6,J000009,1,1,40.6
lifecycle,e70960269eec88da76c7fc94e6e135d06a464be3b3c58017f568e3e26a79d27a,20260916,0.11.0,80,supply,demands,False,5,5,D4,12,BASE,POWER,40.6,J000008,1,1,40.6
lifecycle,e70960269eec88da76c7fc94e6e135d06a464be3b3c58017f568e3e26a79d27a,20260916,0.11.0,80,supply,demands,False,5,5,D5,16,BASE,POWER,64.6,J000012,1,1,64.6
lifecycle,e70960269eec88da76c7fc94e6e135d06a464be3b3c58017f568e3e26a79d27a,20260916,0.11.0,81,supply,demands,False,6,6,D1,4,BASE,POWER,16.700000000000003,J000002,1,1,16.700000000000003
lifecycle,e70960269eec88da76c7fc94e6e135d06a464be3b3c58017f568e3e26a79d27a,20260916,0.11.0,81,supply,demands,False,6,6,D2,8,BASE,POWER,16.800000000000004,J000001,1,1,16.800000000000004
lifecycle,e70960269eec88da76c7fc94e6e135d06a464be3b3c58017f568e3e26a79d27a,20260916,0.11.0,81,supply,demands,False,6,6,D3,12,BASE,POWER,32.800000000000004,J000005,1,1,32.800000000000004
lifecycle,e70960269eec88da76c7fc94e6e135d06a464be3b3c58017f568e3e26a79d27a,20260916,0.11.0,81,supply,demands,False,6,6,D4,15,BASE,POWER,39.10778590811812,J000008,1,1,39.10778590811812
lifecycle,e70960269eec88da76c7fc94e6e135d06a464be3b3c58017f568e3e26a79d27a,20260916,0.11.0,81,supply,demands,False,6,6,D5,18,BASE,POWER,56.7,J000011,1,1,56.7
lifecycle,e70960269eec88da76c7fc94e6e135d06a464be3b3c58017f568e3e26a79d27a,20260916,0.11.0,81,supply,demands,False,6,6,D6,21,BASE,POWER,64.6,J000014,1,1,64.6
lifecycle,e70960269eec88da76c7fc94e6e135d06a464be3b3c58017f568e3e26a79d27a,20260916,0.11.0,82,supply,demands,False,6,6,D1,4,BASE,POWER,16.700000000000003,J000002,1,1,16.700000000000003
lifecycle,e70960269eec88da76c7fc94e6e135d06a464be3b3c58017f568e3e26a79d27a,20260916,0.11.0,82,supply,demands,False,6,6,D2,8,BASE,POWER,31.32408601533359,J000004,1,1,31.32408601533359
lifecycle,e70960269eec88da76c7fc94e6e135d06a464be3b3c58017f568e3e26a79d27a,20260916,0.11.0,82,supply,demands,False,6,6,D3,11,BASE,POWER,36.6,J000009,1,1,36.6
lifecycle,e70960269eec88da76c7fc94e6e135d06a464be3b3c58017f568e3e26a79d27a,20260916,0.11.0,82,supply,demands,False,6,6,D4,14,BASE,POWER,40.6,J000010,1,1,40.6
lifecycle,e70960269eec88da76c7fc94e6e135d06a464be3b3c58017f568e3e26a79d27a,20260916,0.11.0,82,supply,demands,False,6,6,D5,18,BASE,POWER,64.6,J000014,1,1,64.6
lifecycle,e70960269eec88da76c7fc94e6e135d06a464be3b3c58017f568e3e26a79d27a,20260916,0.11.0,82,supply,demands,False,6,6,D6,22,BASE,POWER,64.69999999999999,J000013,1,1,64.69999999999999
lifecycle,e70960269eec88da76c7fc94e6e135d06a464be3b3c58017f568e3e26a79d27a,20260916,0.11.0,83,supply,demands,False,6,6,D1,4,BASE,POWER,16.700000000000003,J000002,1,1,16.700000000000003
lifecycle,e70960269eec88da76c7fc94e6e135d06a464be3b3c58017f568e3e26a79d27a,20260916,0.11.0,83,supply,demands,False,6,6,D2,8,BASE,POWER,32.7,J000005,1,1,32.7
lifecycle,e70960269eec88da76c7fc94e6e135d06a464be3b3c58017f568e3e26a79d27a,20260916,0.11.0,83,supply,demands,False,6,6,D3,11,BASE,POWER,32.800000000000004,J000004,1,1,32.800000000000004
lifecycle,e70960269eec88da76c7fc94e6e135d06a464be3b3c58017f568e3e26a79d27a,20260916,0.11.0,83,supply,demands,False,6,6,D4,15,BASE,POWER,36.6,J000008,1,1,36.6
lifecycle,e70960269eec88da76c7fc94e6e135d06a464be3b3c58017f568e3e26a79d27a,20260916,0.11.0,83,supply,demands,False,6,6,D5,18,BASE,POWER,64.6,J000014,1,1,64.6
lifecycle,e70960269eec88da76c7fc94e6e135d06a464be3b3c58017f568e3e26a79d27a,20260916,0.11.0,83,supply,demands,False,6,6,D6,21,BASE,POWER,64.69999999999999,J000013,1,1,64.69999999999999
lifecycle,e70960269eec88da76c7fc94e6e135d06a464be3b3c58017f568e3e26a79d27a,20260916,0.11.0,84,supply,demands,False,7,7,D1,4,BASE,POWER,7.295610829199724,J000001,1,1,7.295610829199724
lifecycle,e70960269eec88da76c7fc94e6e135d06a464be3b3c58017f568e3e26a79d27a,20260916,0.11.0,84,supply,demands,False,7,7,D2,8,BASE,POWER,16.700000000000003,J000003,1,1,16.700000000000003
lifecycle,e70960269eec88da76c7fc94e6e135d06a464be3b3c58017f568e3e26a79d27a,20260916,0.11.0,84,supply,demands,False,7,7,D3,11,BASE,POWER,32.7,J000006,1,1,32.7
lifecycle,e70960269eec88da76c7fc94e6e135d06a464be3b3c58017f568e3e26a79d27a,20260916,0.11.0,84,supply,demands,False,7,7,D4,14,BASE,POWER,40.6,J000009,1,1,40.6
lifecycle,e70960269eec88da76c7fc94e6e135d06a464be3b3c58017f568e3e26a79d27a,20260916,0.11.0,84,supply,demands,False,7,7,D5,17,BASE,POWER,56.6,J000011,1,1,56.6
lifecycle,e70960269eec88da76c7fc94e6e135d06a464be3b3c58017f568e3e26a79d27a,20260916,0.11.0,84,supply,demands,False,7,7,D6,21,BASE,POWER,56.7,J000010,1,1,56.7
lifecycle,e70960269eec88da76c7fc94e6e135d06a464be3b3c58017f568e3e26a79d27a,20260916,0.11.0,84,supply,demands,False,7,7,D7,25,BASE,POWER,60.7,J000013,1,1,60.7
lifecycle,e70960269eec88da76c7fc94e6e135d06a464be3b3c58017f568e3e26a79d27a,20260916,0.11.0,85,supply,demands,False,7,7,D1,4,BASE,POWER,16.700000000000003,J000002,1,1,16.700000000000003
lifecycle,e70960269eec88da76c7fc94e6e135d06a464be3b3c58017f568e3e26a79d27a,20260916,0.11.0,85,supply,demands,False,7,7,D2,8,BASE,POWER,16.800000000000004,J000001,1,1,16.800000000000004
lifecycle,e70960269eec88da76c7fc94e6e135d06a464be3b3c58017f568e3e26a79d27a,20260916,0.11.0,85,supply,demands,False,7,7,D3,12,BASE,POWER,30.831314231829644,J000005,1,1,30.831314231829644
lifecycle,e70960269eec88da76c7fc94e6e135d06a464be3b3c58017f568e3e26a79d27a,20260916,0.11.0,85,supply,demands,False,7,7,D4,15,BASE,POWER,56.7,J000009,1,1,56.7
lifecycle,e70960269eec88da76c7fc94e6e135d06a464be3b3c58017f568e3e26a79d27a,20260916,0.11.0,85,supply,demands,False,7,7,D5,18,BASE,POWER,60.6,J000011,1,1,60.6
lifecycle,e70960269eec88da76c7fc94e6e135d06a464be3b3c58017f568e3e26a79d27a,20260916,0.11.0,85,supply,demands,False,7,7,D6,21,BASE,POWER,60.7,J000012,1,1,60.7
lifecycle,e70960269eec88da76c7fc94e6e135d06a464be3b3c58017f568e3e26a79d27a,20260916,0.11.0,85,supply,demands,False,7,7,D7,24,BASE,POWER,64.6,J000014,1,1,64.6
lifecycle,e70960269eec88da76c7fc94e6e135d06a464be3b3c58017f568e3e26a79d27a,20260916,0.11.0,86,supply,demands,False,5,5,D1,4,BASE,POWER,16.700000000000003,J000002,1,1,16.700000000000003
lifecycle,e70960269eec88da76c7fc94e6e135d06a464be3b3c58017f568e3e26a79d27a,20260916,0.11.0,86,supply,demands,False,5,5,D2,8,BASE,POWER,32.800000000000004,J000004,1,1,32.800000000000004
lifecycle,e70960269eec88da76c7fc94e6e135d06a464be3b3c58017f568e3e26a79d27a,20260916,0.11.0,86,supply,demands,False,5,5,D3,11,BASE,POWER,36.6,J000008,1,1,36.6
lifecycle,e70960269eec88da76c7fc94e6e135d06a464be3b3c58017f568e3e26a79d27a,20260916,0.11.0,86,supply,demands,False,5,5,D4,14,BASE,POWER,40.6,J000009,1,1,40.6
lifecycle,e70960269eec88da76c7fc94e6e135d06a464be3b3c58017f568e3e26a79d27a,20260916,0.11.0,86,supply,demands,False,5,5,D5,18,BASE,POWER,64.6,J000013,1,1,64.6
lifecycle,e70960269eec88da76c7fc94e6e135d06a464be3b3c58017f568e3e26a79d27a,20260916,0.11.0,87,supply,demands,False,6,6,D1,4,BASE,POWER,16.700000000000003,J000002,1,1,16.700000000000003
lifecycle,e70960269eec88da76c7fc94e6e135d06a464be3b3c58017f568e3e26a79d27a,20260916,0.11.0,87,supply,demands,False,6,6,D2,8,BASE,POWER,36.6,J000006,1,1,36.6
lifecycle,e70960269eec88da76c7fc94e6e135d06a464be3b3c58017f568e3e26a79d27a,20260916,0.11.0,87,supply,demands,False,6,6,D3,11,BASE,POWER,40.6,J000008,1,1,40.6
lifecycle,e70960269eec88da76c7fc94e6e135d06a464be3b3c58017f568e3e26a79d27a,20260916,0.11.0,87,supply,demands,False,6,6,D4,12,BASE,POWER,40.6,J000007,1,1,40.6
lifecycle,e70960269eec88da76c7fc94e6e135d06a464be3b3c58017f568e3e26a79d27a,20260916,0.11.0,87,supply,demands,False,6,6,D5,16,BASE,POWER,56.7,J000009,1,1,56.7
lifecycle,e70960269eec88da76c7fc94e6e135d06a464be3b3c58017f568e3e26a79d27a,20260916,0.11.0,87,supply,demands,False,6,6,D6,20,BASE,POWER,64.69999999999999,J000011,1,1,64.69999999999999
lifecycle,e70960269eec88da76c7fc94e6e135d06a464be3b3c58017f568e3e26a79d27a,20260916,0.11.0,88,supply,demands,False,8,8,D1,4,BASE,POWER,16.700000000000003,J000003,1,1,16.700000000000003
lifecycle,e70960269eec88da76c7fc94e6e135d06a464be3b3c58017f568e3e26a79d27a,20260916,0.11.0,88,supply,demands,False,8,8,D2,8,BASE,POWER,31.717012662692294,J000005,1,1,31.717012662692294
lifecycle,e70960269eec88da76c7fc94e6e135d06a464be3b3c58017f568e3e26a79d27a,20260916,0.11.0,88,supply,demands,False,8,8,D3,11,BASE,POWER,33.5170126626923,J000008,1,1,33.5170126626923
lifecycle,e70960269eec88da76c7fc94e6e135d06a464be3b3c58017f568e3e26a79d27a,20260916,0.11.0,88,supply,demands,False,8,8,D4,14,BASE,POWER,36.6,J000009,1,1,36.6
lifecycle,e70960269eec88da76c7fc94e6e135d06a464be3b3c58017f568e3e26a79d27a,20260916,0.11.0,88,supply,demands,False,8,8,D5,18,BASE,POWER,56.7,J000010,1,1,56.7
lifecycle,e70960269eec88da76c7fc94e6e135d06a464be3b3c58017f568e3e26a79d27a,20260916,0.11.0,88,supply,demands,False,8,8,D6,22,BASE,POWER,60.7,J000013,1,1,60.7
lifecycle,e70960269eec88da76c7fc94e6e135d06a464be3b3c58017f568e3e26a79d27a,20260916,0.11.0,88,supply,demands,False,8,8,D7,25,BASE,POWER,60.800000000000004,J000012,1,1,60.800000000000004
lifecycle,e70960269eec88da76c7fc94e6e135d06a464be3b3c58017f568e3e26a79d27a,20260916,0.11.0,88,supply,demands,False,8,8,D8,29,BASE,POWER,64.69999999999999,J000016,1,1,64.69999999999999
lifecycle,e70960269eec88da76c7fc94e6e135d06a464be3b3c58017f568e3e26a79d27a,20260916,0.11.0,89,supply,demands,False,5,5,D1,4,BASE,POWER,16.800000000000004,J000001,1,1,16.800000000000004
lifecycle,e70960269eec88da76c7fc94e6e135d06a464be3b3c58017f568e3e26a79d27a,20260916,0.11.0,89,supply,demands,False,5,5,D2,8,BASE,POWER,36.6,J000006,1,1,36.6
lifecycle,e70960269eec88da76c7fc94e6e135d06a464be3b3c58017f568e3e26a79d27a,20260916,0.11.0,89,supply,demands,False,5,5,D3,11,BASE,POWER,40.6,J000008,1,1,40.6
lifecycle,e70960269eec88da76c7fc94e6e135d06a464be3b3c58017f568e3e26a79d27a,20260916,0.11.0,89,supply,demands,False,5,5,D4,12,BASE,POWER,40.6,J000007,1,1,40.6
lifecycle,e70960269eec88da76c7fc94e6e135d06a464be3b3c58017f568e3e26a79d27a,20260916,0.11.0,89,supply,demands,False,5,5,D5,16,BASE,POWER,56.7,J000009,1,1,56.7
lifecycle,e70960269eec88da76c7fc94e6e135d06a464be3b3c58017f568e3e26a79d27a,20260916,0.11.0,90,supply,demands,False,7,7,D1,4,BASE,POWER,16.800000000000004,J000001,1,1,16.800000000000004
lifecycle,e70960269eec88da76c7fc94e6e135d06a464be3b3c58017f568e3e26a79d27a,20260916,0.11.0,90,supply,demands,False,7,7,D2,8,BASE,POWER,32.7,J000005,1,1,32.7
lifecycle,e70960269eec88da76c7fc94e6e135d06a464be3b3c58017f568e3e26a79d27a,20260916,0.11.0,90,supply,demands,False,7,7,D3,11,BASE,POWER,32.800000000000004,J000004,1,1,32.800000000000004
lifecycle,e70960269eec88da76c7fc94e6e135d06a464be3b3c58017f568e3e26a79d27a,20260916,0.11.0,90,supply,demands,False,7,7,D4,15,BASE,POWER,36.6,J000008,1,1,36.6
lifecycle,e70960269eec88da76c7fc94e6e135d06a464be3b3c58017f568e3e26a79d27a,20260916,0.11.0,90,supply,demands,False,7,7,D5,18,BASE,POWER,54.34848385586153,J000009,1,1,54.34848385586153
lifecycle,e70960269eec88da76c7fc94e6e135d06a464be3b3c58017f568e3e26a79d27a,20260916,0.11.0,90,supply,demands,False,7,7,D6,21,BASE,POWER,60.800000000000004,J000011,1,1,60.800000000000004
lifecycle,e70960269eec88da76c7fc94e6e135d06a464be3b3c58017f568e3e26a79d27a,20260916,0.11.0,90,supply,demands,False,7,7,D7,24,BASE,POWER,64.69999999999999,J000014,1,1,64.69999999999999
lifecycle,e70960269eec88da76c7fc94e6e135d06a464be3b3c58017f568e3e26a79d27a,20260916,0.11.0,91,supply,demands,False,6,6,D1,4,BASE,POWER,16.617755467997572,J000002,1,1,16.617755467997572
lifecycle,e70960269eec88da76c7fc94e6e135d06a464be3b3c58017f568e3e26a79d27a,20260916,0.11.0,91,supply,demands,False,6,6,D2,8,BASE,POWER,36.6,J000007,1,1,36.6
lifecycle,e70960269eec88da76c7fc94e6e135d06a464be3b3c58017f568e3e26a79d27a,20260916,0.11.0,91,supply,demands,False,6,6,D3,11,BASE,POWER,40.6,J000009,1,1,40.6
lifecycle,e70960269eec88da76c7fc94e6e135d06a464be3b3c58017f568e3e26a79d27a,20260916,0.11.0,91,supply,demands,False,6,6,D4,12,BASE,POWER,40.6,J000008,1,1,40.6
lifecycle,e70960269eec88da76c7fc94e6e135d06a464be3b3c58017f568e3e26a79d27a,20260916,0.11.0,91,supply,demands,False,6,6,D5,16,BASE,POWER,56.7,J000010,1,1,56.7
lifecycle,e70960269eec88da76c7fc94e6e135d06a464be3b3c58017f568e3e26a79d27a,20260916,0.11.0,91,supply,demands,False,6,6,D6,20,BASE,POWER,64.69999999999999,J000012,1,1,64.69999999999999
lifecycle,e70960269eec88da76c7fc94e6e135d06a464be3b3c58017f568e3e26a79d27a,20260916,0.11.0,92,supply,demands,False,7,7,D1,4,BASE,POWER,16.800000000000004,J000002,1,1,16.800000000000004
lifecycle,e70960269eec88da76c7fc94e6e135d06a464be3b3c58017f568e3e26a79d27a,20260916,0.11.0,92,supply,demands,False,7,7,D2,8,BASE,POWER,32.7,J000005,1,1,32.7
lifecycle,e70960269eec88da76c7fc94e6e135d06a464be3b3c58017f568e3e26a79d27a,20260916,0.11.0,92,supply,demands,False,7,7,D3,11,BASE,POWER,36.6,J000007,1,1,36.6
lifecycle,e70960269eec88da76c7fc94e6e135d06a464be3b3c58017f568e3e26a79d27a,20260916,0.11.0,92,supply,demands,False,7,7,D4,14,BASE,POWER,40.7,J000008,1,1,40.7
lifecycle,e70960269eec88da76c7fc94e6e135d06a464be3b3c58017f568e3e26a79d27a,20260916,0.11.0,92,supply,demands,False,7,7,D5,18,BASE,POWER,59.550144429670404,J000011,1,1,59.550144429670404
lifecycle,e70960269eec88da76c7fc94e6e135d06a464be3b3c58017f568e3e26a79d27a,20260916,0.11.0,92,supply,demands,False,7,7,D6,21,BASE,POWER,63.75803865855176,J000015,1,1,63.75803865855176
lifecycle,e70960269eec88da76c7fc94e6e135d06a464be3b3c58017f568e3e26a79d27a,20260916,0.11.0,92,supply,demands,False,7,7,D7,24,BASE,POWER,63.85803865855176,J000016,1,1,63.85803865855176
lifecycle,e70960269eec88da76c7fc94e6e135d06a464be3b3c58017f568e3e26a79d27a,20260916,0.11.0,93,supply,demands,False,7,7,D1,4,BASE,POWER,16.700000000000003,J000002,1,1,16.700000000000003
lifecycle,e70960269eec88da76c7fc94e6e135d06a464be3b3c58017f568e3e26a79d27a,20260916,0.11.0,93,supply,demands,False,7,7,D2,8,BASE,POWER,16.800000000000004,J000001,1,1,16.800000000000004
lifecycle,e70960269eec88da76c7fc94e6e135d06a464be3b3c58017f568e3e26a79d27a,20260916,0.11.0,93,supply,demands,False,7,7,D3,12,BASE,POWER,32.800000000000004,J000005,1,1,32.800000000000004
lifecycle,e70960269eec88da76c7fc94e6e135d06a464be3b3c58017f568e3e26a79d27a,20260916,0.11.0,93,supply,demands,False,7,7,D4,15,BASE,POWER,40.6,J000008,1,1,40.6
lifecycle,e70960269eec88da76c7fc94e6e135d06a464be3b3c58017f568e3e26a79d27a,20260916,0.11.0,93,supply,demands,False,7,7,D5,18,BASE,POWER,56.7,J000010,1,1,56.7
lifecycle,e70960269eec88da76c7fc94e6e135d06a464be3b3c58017f568e3e26a79d27a,20260916,0.11.0,93,supply,demands,False,7,7,D6,21,BASE,POWER,60.7,J000012,1,1,60.7
lifecycle,e70960269eec88da76c7fc94e6e135d06a464be3b3c58017f568e3e26a79d27a,20260916,0.11.0,93,supply,demands,False,7,7,D7,24,BASE,POWER,64.6,J000014,1,1,64.6
lifecycle,e70960269eec88da76c7fc94e6e135d06a464be3b3c58017f568e3e26a79d27a,20260916,0.11.0,94,supply,demands,False,6,6,D1,4,BASE,POWER,16.700000000000003,J000002,1,1,16.700000000000003
lifecycle,e70960269eec88da76c7fc94e6e135d06a464be3b3c58017f568e3e26a79d27a,20260916,0.11.0,94,supply,demands,False,6,6,D2,8,BASE,POWER,16.800000000000004,J000001,1,1,16.800000000000004
lifecycle,e70960269eec88da76c7fc94e6e135d06a464be3b3c58017f568e3e26a79d27a,20260916,0.11.0,94,supply,demands,False,6,6,D3,12,BASE,POWER,32.800000000000004,J000005,1,1,32.800000000000004
lifecycle,e70960269eec88da76c7fc94e6e135d06a464be3b3c58017f568e3e26a79d27a,20260916,0.11.0,94,supply,demands,False,6,6,D4,15,BASE,POWER,40.6,J000008,1,1,40.6
lifecycle,e70960269eec88da76c7fc94e6e135d06a464be3b3c58017f568e3e26a79d27a,20260916,0.11.0,94,supply,demands,False,6,6,D5,18,BASE,POWER,56.7,J000010,1,1,56.7
lifecycle,e70960269eec88da76c7fc94e6e135d06a464be3b3c58017f568e3e26a79d27a,20260916,0.11.0,94,supply,demands,False,6,6,D6,21,BASE,POWER,64.6,J000013,1,1,64.6
lifecycle,e70960269eec88da76c7fc94e6e135d06a464be3b3c58017f568e3e26a79d27a,20260916,0.11.0,95,supply,demands,False,6,6,D1,4,BASE,POWER,16.700000000000003,J000002,1,1,16.700000000000003
lifecycle,e70960269eec88da76c7fc94e6e135d06a464be3b3c58017f568e3e26a79d27a,20260916,0.11.0,95,supply,demands,False,6,6,D2,8,BASE,POWER,32.7,J000005,1,1,32.7
lifecycle,e70960269eec88da76c7fc94e6e135d06a464be3b3c58017f568e3e26a79d27a,20260916,0.11.0,95,supply,demands,False,6,6,D3,11,BASE,POWER,36.6,J000007,1,1,36.6
lifecycle,e70960269eec88da76c7fc94e6e135d06a464be3b3c58017f568e3e26a79d27a,20260916,0.11.0,95,supply,demands,False,6,6,D4,14,BASE,POWER,40.6,J000008,1,1,40.6
lifecycle,e70960269eec88da76c7fc94e6e135d06a464be3b3c58017f568e3e26a79d27a,20260916,0.11.0,95,supply,demands,False,6,6,D5,18,BASE,POWER,56.7,J000009,1,1,56.7
lifecycle,e70960269eec88da76c7fc94e6e135d06a464be3b3c58017f568e3e26a79d27a,20260916,0.11.0,95,supply,demands,False,6,6,D6,22,BASE,POWER,60.7,J000011,1,1,60.7
lifecycle,e70960269eec88da76c7fc94e6e135d06a464be3b3c58017f568e3e26a79d27a,20260916,0.11.0,96,supply,demands,False,7,7,D1,4,BASE,POWER,16.700000000000003,J000002,1,1,16.700000000000003
lifecycle,e70960269eec88da76c7fc94e6e135d06a464be3b3c58017f568e3e26a79d27a,20260916,0.11.0,96,supply,demands,False,7,7,D2,8,BASE,POWER,16.800000000000004,J000001,1,1,16.800000000000004
lifecycle,e70960269eec88da76c7fc94e6e135d06a464be3b3c58017f568e3e26a79d27a,20260916,0.11.0,96,supply,demands,False,7,7,D3,12,BASE,POWER,32.800000000000004,J000005,1,1,32.800000000000004
lifecycle,e70960269eec88da76c7fc94e6e135d06a464be3b3c58017f568e3e26a79d27a,20260916,0.11.0,96,supply,demands,False,7,7,D4,15,BASE,POWER,40.6,J000008,1,1,40.6
lifecycle,e70960269eec88da76c7fc94e6e135d06a464be3b3c58017f568e3e26a79d27a,20260916,0.11.0,96,supply,demands,False,7,7,D5,18,BASE,POWER,56.7,J000010,1,1,56.7
lifecycle,e70960269eec88da76c7fc94e6e135d06a464be3b3c58017f568e3e26a79d27a,20260916,0.11.0,96,supply,demands,False,7,7,D6,21,BASE,POWER,56.800000000000004,J000009,1,1,56.800000000000004
lifecycle,e70960269eec88da76c7fc94e6e135d06a464be3b3c58017f568e3e26a79d27a,20260916,0.11.0,96,supply,demands,False,7,7,D7,25,BASE,POWER,60.7,J000013,1,1,60.7
lifecycle,e70960269eec88da76c7fc94e6e135d06a464be3b3c58017f568e3e26a79d27a,20260916,0.11.0,97,supply,demands,False,8,8,D1,4,BASE,POWER,8.7,J000001,1,1,8.7
lifecycle,e70960269eec88da76c7fc94e6e135d06a464be3b3c58017f568e3e26a79d27a,20260916,0.11.0,97,supply,demands,False,8,8,D2,8,BASE,POWER,16.700000000000003,J000003,1,1,16.700000000000003
lifecycle,e70960269eec88da76c7fc94e6e135d06a464be3b3c58017f568e3e26a79d27a,20260916,0.11.0,97,supply,demands,False,8,8,D3,11,BASE,POWER,32.800000000000004,J000005,1,1,32.800000000000004
lifecycle,e70960269eec88da76c7fc94e6e135d06a464be3b3c58017f568e3e26a79d27a,20260916,0.11.0,97,supply,demands,False,8,8,D4,14,BASE,POWER,36.7,J000008,1,1,36.7
lifecycle,e70960269eec88da76c7fc94e6e135d06a464be3b3c58017f568e3e26a79d27a,20260916,0.11.0,97,supply,demands,False,8,8,D5,17,BASE,POWER,40.6,J000010,1,1,40.6
lifecycle,e70960269eec88da76c7fc94e6e135d06a464be3b3c58017f568e3e26a79d27a,20260916,0.11.0,97,supply,demands,False,8,8,D6,20,BASE,POWER,56.7,J000011,1,1,56.7
lifecycle,e70960269eec88da76c7fc94e6e135d06a464be3b3c58017f568e3e26a79d27a,20260916,0.11.0,97,supply,demands,False,8,8,D7,24,BASE,POWER,60.7,J000013,1,1,60.7
lifecycle,e70960269eec88da76c7fc94e6e135d06a464be3b3c58017f568e3e26a79d27a,20260916,0.11.0,97,supply,demands,False,8,8,D8,27,BASE,POWER,64.69999999999999,J000015,1,1,64.69999999999999
lifecycle,e70960269eec88da76c7fc94e6e135d06a464be3b3c58017f568e3e26a79d27a,20260916,0.11.0,98,supply,demands,False,7,7,D1,4,BASE,POWER,16.800000000000004,J000001,1,1,16.800000000000004
lifecycle,e70960269eec88da76c7fc94e6e135d06a464be3b3c58017f568e3e26a79d27a,20260916,0.11.0,98,supply,demands,False,7,7,D2,8,BASE,POWER,32.7,J000005,1,1,32.7
lifecycle,e70960269eec88da76c7fc94e6e135d06a464be3b3c58017f568e3e26a79d27a,20260916,0.11.0,98,supply,demands,False,7,7,D3,11,BASE,POWER,36.6,J000007,1,1,36.6
lifecycle,e70960269eec88da76c7fc94e6e135d06a464be3b3c58017f568e3e26a79d27a,20260916,0.11.0,98,supply,demands,False,7,7,D4,14,BASE,POWER,40.6,J000008,1,1,40.6
lifecycle,e70960269eec88da76c7fc94e6e135d06a464be3b3c58017f568e3e26a79d27a,20260916,0.11.0,98,supply,demands,False,7,7,D5,18,BASE,POWER,56.7,J000009,1,1,56.7
lifecycle,e70960269eec88da76c7fc94e6e135d06a464be3b3c58017f568e3e26a79d27a,20260916,0.11.0,98,supply,demands,False,7,7,D6,22,BASE,POWER,60.269244237106825,J000012,1,1,60.269244237106825
lifecycle,e70960269eec88da76c7fc94e6e135d06a464be3b3c58017f568e3e26a79d27a,20260916,0.11.0,98,supply,demands,False,7,7,D7,25,BASE,POWER,64.69999999999999,J000014,1,1,64.69999999999999
lifecycle,e70960269eec88da76c7fc94e6e135d06a464be3b3c58017f568e3e26a79d27a,20260916,0.11.0,99,supply,demands,False,6,6,D1,4,BASE,POWER,16.800000000000004,J000001,1,1,16.800000000000004
lifecycle,e70960269eec88da76c7fc94e6e135d06a464be3b3c58017f568e3e26a79d27a,20260916,0.11.0,99,supply,demands,False,6,6,D2,8,BASE,POWER,32.7,J000005,1,1,32.7
lifecycle,e70960269eec88da76c7fc94e6e135d06a464be3b3c58017f568e3e26a79d27a,20260916,0.11.0,99,supply,demands,False,6,6,D3,11,BASE,POWER,36.6,J000007,1,1,36.6
lifecycle,e70960269eec88da76c7fc94e6e135d06a464be3b3c58017f568e3e26a79d27a,20260916,0.11.0,99,supply,demands,False,6,6,D4,14,BASE,POWER,40.6,J000008,1,1,40.6
lifecycle,e70960269eec88da76c7fc94e6e135d06a464be3b3c58017f568e3e26a79d27a,20260916,0.11.0,99,supply,demands,False,6,6,D5,18,BASE,POWER,54.67679437173871,J000009,1,1,54.67679437173871
lifecycle,e70960269eec88da76c7fc94e6e135d06a464be3b3c58017f568e3e26a79d27a,20260916,0.11.0,99,supply,demands,False,6,6,D6,22,BASE,POWER,60.7,J000011,1,1,60.7
lifecycle,e70960269eec88da76c7fc94e6e135d06a464be3b3c58017f568e3e26a79d27a,20260916,0.11.0,100,supply,demands,False,7,7,D1,4,BASE,POWER,16.700000000000003,J000002,1,1,16.700000000000003
lifecycle,e70960269eec88da76c7fc94e6e135d06a464be3b3c58017f568e3e26a79d27a,20260916,0.11.0,100,supply,demands,False,7,7,D2,8,BASE,POWER,16.800000000000004,J000001,1,1,16.800000000000004
lifecycle,e70960269eec88da76c7fc94e6e135d06a464be3b3c58017f568e3e26a79d27a,20260916,0.11.0,100,supply,demands,False,7,7,D3,12,BASE,POWER,32.800000000000004,J000005,1,1,32.800000000000004
lifecycle,e70960269eec88da76c7fc94e6e135d06a464be3b3c58017f568e3e26a79d27a,20260916,0.11.0,100,supply,demands,False,7,7,D4,15,BASE,POWER,40.6,J000008,1,1,40.6
lifecycle,e70960269eec88da76c7fc94e6e135d06a464be3b3c58017f568e3e26a79d27a,20260916,0.11.0,100,supply,demands,False,7,7,D5,18,BASE,POWER,56.800000000000004,J000009,1,1,56.800000000000004
lifecycle,e70960269eec88da76c7fc94e6e135d06a464be3b3c58017f568e3e26a79d27a,20260916,0.11.0,100,supply,demands,False,7,7,D6,21,BASE,POWER,60.7,J000012,1,1,60.7
lifecycle,e70960269eec88da76c7fc94e6e135d06a464be3b3c58017f568e3e26a79d27a,20260916,0.11.0,100,supply,demands,False,7,7,D7,24,BASE,POWER,64.6,J000014,1,1,64.6
