run_id,model_hash,seed,engine,replication,section,dataset,details_truncated,detail_total,detail_retained,id,order,route,source,destination,iid,parts,departure,arrival,received,quantity
lifecycle,e70960269eec88da76c7fc94e6e135d06a464be3b3c58017f568e3e26a79d27a,20260916,0.11.0,1,supply,shipments,False,11,11,S1,O1,REGION_BASE,REGION,BASE,POWER,"[""POWER#1""]",0,0.5,True,1
lifecycle,e70960269eec88da76c7fc94e6e135d06a464be3b3c58017f568e3e26a79d27a,20260916,0.11.0,1,supply,shipments,False,11,11,S2,O1,CENTER_BASE,CENTER,BASE,POWER,"[""POWER#2""]",0,1.5,True,1
lifecycle,e70960269eec88da76c7fc94e6e135d06a464be3b3c58017f568e3e26a79d27a,20260916,0.11.0,1,supply,shipments,False,11,11,S3,O2,CENTER_REGION,CENTER,REGION,POWER,"[""POWER#7"", ""POWER#8""]",4.0,5.0,True,2
lifecycle,e70960269eec88da76c7fc94e6e135d06a464be3b3c58017f568e3e26a79d27a,20260916,0.11.0,1,supply,shipments,False,11,11,S4,O4,REGION_BASE,REGION,BASE,POWER,"[""POWER#7""]",16.700000000000003,17.200000000000003,True,1
lifecycle,e70960269eec88da76c7fc94e6e135d06a464be3b3c58017f568e3e26a79d27a,20260916,0.11.0,1,supply,shipments,False,11,11,S5,O5,CENTER_REGION,CENTER,REGION,POWER,"[""POWER#9""]",16.700000000000003,17.700000000000003,True,1
lifecycle,e70960269eec88da76c7fc94e6e135d06a464be3b3c58017f568e3e26a79d27a,20260916,0.11.0,1,supply,shipments,False,11,11,S6,O7,REGION_BASE,REGION,BASE,POWER,"[""POWER#8""]",16.800000000000004,17.300000000000004,True,1
lifecycle,e70960269eec88da76c7fc94e6e135d06a464be3b3c58017f568e3e26a79d27a,20260916,0.11.0,1,supply,shipments,False,11,11,S7,O8,CENTER_REGION,CENTER,REGION,POWER,"[""POWER#10""]",16.800000000000004,17.800000000000004,True,1
lifecycle,e70960269eec88da76c7fc94e6e135d06a464be3b3c58017f568e3e26a79d27a,20260916,0.11.0,1,supply,shipments,False,11,11,S8,O10,REGION_BASE,REGION,BASE,POWER,"[""POWER#9"", ""POWER#10""]",40.6,41.1,True,2
lifecycle,e70960269eec88da76c7fc94e6e135d06a464be3b3c58017f568e3e26a79d27a,20260916,0.11.0,1,supply,shipments,False,11,11,S9,O11,CENTER_REGION,CENTER,REGION,POWER,"[""POWER#4"", ""POWER#3""]",40.6,41.6,True,2
lifecycle,e70960269eec88da76c7fc94e6e135d06a464be3b3c58017f568e3e26a79d27a,20260916,0.11.0,1,supply,shipments,False,11,11,S10,O12,REGION_BASE,REGION,BASE,POWER,"[""POWER#4"", ""POWER#3""]",64.6,65.1,True,2
lifecycle,e70960269eec88da76c7fc94e6e135d06a464be3b3c58017f568e3e26a79d27a,20260916,0.11.0,1,supply,shipments,False,11,11,S11,O13,CENTER_REGION,CENTER,REGION,POWER,"[""POWER#11"", ""POWER#12""]",64.6,65.6,True,2
lifecycle,e70960269eec88da76c7fc94e6e135d06a464be3b3c58017f568e3e26a79d27a,20260916,0.11.0,2,supply,shipments,False,13,13,S1,O1,REGION_BASE,REGION,BASE,POWER,"[""POWER#1""]",0,0.5,True,1
lifecycle,e70960269eec88da76c7fc94e6e135d06a464be3b3c58017f568e3e26a79d27a,20260916,0.11.0,2,supply,shipments,False,13,13,S2,O1,CENTER_BASE,CENTER,BASE,POWER,"[""POWER#2""]",0,1.5,True,1
lifecycle,e70960269eec88da76c7fc94e6e135d06a464be3b3c58017f568e3e26a79d27a,20260916,0.11.0,2,supply,shipments,False,13,13,S3,O2,CENTER_REGION,CENTER,REGION,POWER,"[""POWER#7"", ""POWER#8""]",4.0,5.0,True,2
lifecycle,e70960269eec88da76c7fc94e6e135d06a464be3b3c58017f568e3e26a79d27a,20260916,0.11.0,2,supply,shipments,False,13,13,S4,O4,REGION_BASE,REGION,BASE,POWER,"[""POWER#7""]",16.700000000000003,17.200000000000003,True,1
lifecycle,e70960269eec88da76c7fc94e6e135d06a464be3b3c58017f568e3e26a79d27a,20260916,0.11.0,2,supply,shipments,False,13,13,S5,O5,CENTER_REGION,CENTER,REGION,POWER,"[""POWER#9""]",16.700000000000003,17.700000000000003,True,1
lifecycle,e70960269eec88da76c7fc94e6e135d06a464be3b3c58017f568e3e26a79d27a,20260916,0.11.0,2,supply,shipments,False,13,13,S6,O7,REGION_BASE,REGION,BASE,POWER,"[""POWER#8""]",32.800000000000004,33.300000000000004,True,1
lifecycle,e70960269eec88da76c7fc94e6e135d06a464be3b3c58017f568e3e26a79d27a,20260916,0.11.0,2,supply,shipments,False,13,13,S7,O8,CENTER_REGION,CENTER,REGION,POWER,"[""POWER#10""]",32.800000000000004,33.800000000000004,True,1
lifecycle,e70960269eec88da76c7fc94e6e135d06a464be3b3c58017f568e3e26a79d27a,20260916,0.11.0,2,supply,shipments,False,13,13,S8,O9,REGION_BASE,REGION,BASE,POWER,"[""POWER#9""]",36.6,37.1,True,1
lifecycle,e70960269eec88da76c7fc94e6e135d06a464be3b3c58017f568e3e26a79d27a,20260916,0.11.0,2,supply,shipments,False,13,13,S9,O10,CENTER_REGION,CENTER,REGION,POWER,"[""POWER#4""]",36.6,37.6,True,1
lifecycle,e70960269eec88da76c7fc94e6e135d06a464be3b3c58017f568e3e26a79d27a,20260916,0.11.0,2,supply,shipments,False,13,13,S10,O11,REGION_BASE,REGION,BASE,POWER,"[""POWER#10""]",40.6,41.1,True,1
lifecycle,e70960269eec88da76c7fc94e6e135d06a464be3b3c58017f568e3e26a79d27a,20260916,0.11.0,2,supply,shipments,False,13,13,S11,O12,CENTER_REGION,CENTER,REGION,POWER,"[""POWER#11""]",40.6,41.6,True,1
lifecycle,e70960269eec88da76c7fc94e6e135d06a464be3b3c58017f568e3e26a79d27a,20260916,0.11.0,2,supply,shipments,False,13,13,S12,O14,REGION_BASE,REGION,BASE,POWER,"[""POWER#4""]",56.7,57.2,True,1
lifecycle,e70960269eec88da76c7fc94e6e135d06a464be3b3c58017f568e3e26a79d27a,20260916,0.11.0,2,supply,shipments,False,13,13,S13,O15,CENTER_REGION,CENTER,REGION,POWER,"[""POWER#5""]",56.7,57.7,True,1
lifecycle,e70960269eec88da76c7fc94e6e135d06a464be3b3c58017f568e3e26a79d27a,20260916,0.11.0,3,supply,shipments,False,11,11,S1,O1,REGION_BASE,REGION,BASE,POWER,"[""POWER#1""]",0,0.5,True,1
lifecycle,e70960269eec88da76c7fc94e6e135d06a464be3b3c58017f568e3e26a79d27a,20260916,0.11.0,3,supply,shipments,False,11,11,S2,O1,CENTER_BASE,CENTER,BASE,POWER,"[""POWER#2""]",0,1.5,True,1
lifecycle,e70960269eec88da76c7fc94e6e135d06a464be3b3c58017f568e3e26a79d27a,20260916,0.11.0,3,supply,shipments,False,11,11,S3,O2,CENTER_REGION,CENTER,REGION,POWER,"[""POWER#7"", ""POWER#8""]",4.0,5.0,True,2
lifecycle,e70960269eec88da76c7fc94e6e135d06a464be3b3c58017f568e3e26a79d27a,20260916,0.11.0,3,supply,shipments,False,11,11,S4,O4,REGION_BASE,REGION,BASE,POWER,"[""POWER#7""]",16.800000000000004,17.300000000000004,True,1
lifecycle,e70960269eec88da76c7fc94e6e135d06a464be3b3c58017f568e3e26a79d27a,20260916,0.11.0,3,supply,shipments,False,11,11,S5,O5,CENTER_REGION,CENTER,REGION,POWER,"[""POWER#9""]",16.800000000000004,17.800000000000004,True,1
lifecycle,e70960269eec88da76c7fc94e6e135d06a464be3b3c58017f568e3e26a79d27a,20260916,0.11.0,3,supply,shipments,False,11,11,S6,O7,REGION_BASE,REGION,BASE,POWER,"[""POWER#8""]",36.6,37.1,True,1
lifecycle,e70960269eec88da76c7fc94e6e135d06a464be3b3c58017f568e3e26a79d27a,20260916,0.11.0,3,supply,shipments,False,11,11,S7,O8,CENTER_REGION,CENTER,REGION,POWER,"[""POWER#10""]",36.6,37.6,True,1
lifecycle,e70960269eec88da76c7fc94e6e135d06a464be3b3c58017f568e3e26a79d27a,20260916,0.11.0,3,supply,shipments,False,11,11,S8,O9,REGION_BASE,REGION,BASE,POWER,"[""POWER#9"", ""POWER#10""]",40.6,41.1,True,2
lifecycle,e70960269eec88da76c7fc94e6e135d06a464be3b3c58017f568e3e26a79d27a,20260916,0.11.0,3,supply,shipments,False,11,11,S9,O10,CENTER_REGION,CENTER,REGION,POWER,"[""POWER#3"", ""POWER#11""]",40.6,41.6,True,2
lifecycle,e70960269eec88da76c7fc94e6e135d06a464be3b3c58017f568e3e26a79d27a,20260916,0.11.0,3,supply,shipments,False,11,11,S10,O12,REGION_BASE,REGION,BASE,POWER,"[""POWER#3""]",64.6,65.1,True,1
lifecycle,e70960269eec88da76c7fc94e6e135d06a464be3b3c58017f568e3e26a79d27a,20260916,0.11.0,3,supply,shipments,False,11,11,S11,O13,CENTER_REGION,CENTER,REGION,POWER,"[""POWER#12""]",64.6,65.6,True,1
lifecycle,e70960269eec88da76c7fc94e6e135d06a464be3b3c58017f568e3e26a79d27a,20260916,0.11.0,4,supply,shipments,False,17,17,S1,O1,REGION_BASE,REGION,BASE,POWER,"[""POWER#1""]",0,0.5,True,1
lifecycle,e70960269eec88da76c7fc94e6e135d06a464be3b3c58017f568e3e26a79d27a,20260916,0.11.0,4,supply,shipments,False,17,17,S2,O1,CENTER_BASE,CENTER,BASE,POWER,"[""POWER#2""]",0,1.5,True,1
lifecycle,e70960269eec88da76c7fc94e6e135d06a464be3b3c58017f568e3e26a79d27a,20260916,0.11.0,4,supply,shipments,False,17,17,S3,O2,CENTER_REGION,CENTER,REGION,POWER,"[""POWER#7"", ""POWER#8""]",4.0,5.0,True,2
lifecycle,e70960269eec88da76c7fc94e6e135d06a464be3b3c58017f568e3e26a79d27a,20260916,0.11.0,4,supply,shipments,False,17,17,S4,O4,REGION_BASE,REGION,BASE,POWER,"[""POWER#7""]",16.700000000000003,17.200000000000003,True,1
lifecycle,e70960269eec88da76c7fc94e6e135d06a464be3b3c58017f568e3e26a79d27a,20260916,0.11.0,4,supply,shipments,False,17,17,S5,O5,CENTER_REGION,CENTER,REGION,POWER,"[""POWER#9""]",16.700000000000003,17.700000000000003,True,1
lifecycle,e70960269eec88da76c7fc94e6e135d06a464be3b3c58017f568e3e26a79d27a,20260916,0.11.0,4,supply,shipments,False,17,17,S6,O7,REGION_BASE,REGION,BASE,POWER,"[""POWER#8""]",16.800000000000004,17.300000000000004,True,1
lifecycle,e70960269eec88da76c7fc94e6e135d06a464be3b3c58017f568e3e26a79d27a,20260916,0.11.0,4,supply,shipments,False,17,17,S7,O8,CENTER_REGION,CENTER,REGION,POWER,"[""POWER#10""]",16.800000000000004,17.800000000000004,True,1
lifecycle,e70960269eec88da76c7fc94e6e135d06a464be3b3c58017f568e3e26a79d27a,20260916,0.11.0,4,supply,shipments,False,17,17,S8,O10,REGION_BASE,REGION,BASE,POWER,"[""POWER#9""]",32.800000000000004,33.300000000000004,True,1
lifecycle,e70960269eec88da76c7fc94e6e135d06a464be3b3c58017f568e3e26a79d27a,20260916,0.11.0,4,supply,shipments,False,17,17,S9,O11,CENTER_REGION,CENTER,REGION,POWER,"[""POWER#4""]",32.800000000000004,33.800000000000004,True,1
lifecycle,e70960269eec88da76c7fc94e6e135d06a464be3b3c58017f568e3e26a79d27a,20260916,0.11.0,4,supply,shipments,False,17,17,S10,O12,REGION_BASE,REGION,BASE,POWER,"[""POWER#10""]",40.6,41.1,True,1
lifecycle,e70960269eec88da76c7fc94e6e135d06a464be3b3c58017f568e3e26a79d27a,20260916,0.11.0,4,supply,shipments,False,17,17,S11,O13,CENTER_REGION,CENTER,REGION,POWER,"[""POWER#3""]",40.6,41.6,True,1
lifecycle,e70960269eec88da76c7fc94e6e135d06a464be3b3c58017f568e3e26a79d27a,20260916,0.11.0,4,supply,shipments,False,17,17,S12,O14,REGION_BASE,REGION,BASE,POWER,"[""POWER#4""]",56.7,57.2,True,1
lifecycle,e70960269eec88da76c7fc94e6e135d06a464be3b3c58017f568e3e26a79d27a,20260916,0.11.0,4,supply,shipments,False,17,17,S13,O15,CENTER_REGION,CENTER,REGION,POWER,"[""POWER#11""]",56.7,57.7,True,1
lifecycle,e70960269eec88da76c7fc94e6e135d06a464be3b3c58017f568e3e26a79d27a,20260916,0.11.0,4,supply,shipments,False,17,17,S14,O16,REGION_BASE,REGION,BASE,POWER,"[""POWER#3""]",56.800000000000004,57.300000000000004,True,1
lifecycle,e70960269eec88da76c7fc94e6e135d06a464be3b3c58017f568e3e26a79d27a,20260916,0.11.0,4,supply,shipments,False,17,17,S15,O17,CENTER_REGION,CENTER,REGION,POWER,"[""POWER#12""]",56.800000000000004,57.800000000000004,True,1
lifecycle,e70960269eec88da76c7fc94e6e135d06a464be3b3c58017f568e3e26a79d27a,20260916,0.11.0,4,supply,shipments,False,17,17,S16,O19,REGION_BASE,REGION,BASE,POWER,"[""POWER#11""]",60.7,61.2,True,1
lifecycle,e70960269eec88da76c7fc94e6e135d06a464be3b3c58017f568e3e26a79d27a,20260916,0.11.0,4,supply,shipments,False,17,17,S17,O20,CENTER_REGION,CENTER,REGION,POWER,"[""POWER#5""]",60.7,61.7,True,1
lifecycle,e70960269eec88da76c7fc94e6e135d06a464be3b3c58017f568e3e26a79d27a,20260916,0.11.0,5,supply,shipments,False,13,13,S1,O1,REGION_BASE,REGION,BASE,POWER,"[""POWER#1""]",0,0.5,True,1
lifecycle,e70960269eec88da76c7fc94e6e135d06a464be3b3c58017f568e3e26a79d27a,20260916,0.11.0,5,supply,shipments,False,13,13,S2,O1,CENTER_BASE,CENTER,BASE,POWER,"[""POWER#2""]",0,1.5,True,1
lifecycle,e70960269eec88da76c7fc94e6e135d06a464be3b3c58017f568e3e26a79d27a,20260916,0.11.0,5,supply,shipments,False,13,13,S3,O2,CENTER_REGION,CENTER,REGION,POWER,"[""POWER#7"", ""POWER#8""]",4.0,5.0,True,2
lifecycle,e70960269eec88da76c7fc94e6e135d06a464be3b3c58017f568e3e26a79d27a,20260916,0.11.0,5,supply,shipments,False,13,13,S4,O4,REGION_BASE,REGION,BASE,POWER,"[""POWER#7""]",32.7,33.2,True,1
lifecycle,e70960269eec88da76c7fc94e6e135d06a464be3b3c58017f568e3e26a79d27a,20260916,0.11.0,5,supply,shipments,False,13,13,S5,O5,CENTER_REGION,CENTER,REGION,POWER,"[""POWER#9""]",32.7,33.7,True,1
lifecycle,e70960269eec88da76c7fc94e6e135d06a464be3b3c58017f568e3e26a79d27a,20260916,0.11.0,5,supply,shipments,False,13,13,S6,O7,REGION_BASE,REGION,BASE,POWER,"[""POWER#8""]",32.800000000000004,33.300000000000004,True,1
lifecycle,e70960269eec88da76c7fc94e6e135d06a464be3b3c58017f568e3e26a79d27a,20260916,0.11.0,5,supply,shipments,False,13,13,S7,O8,CENTER_REGION,CENTER,REGION,POWER,"[""POWER#10""]",32.800000000000004,33.800000000000004,True,1
lifecycle,e70960269eec88da76c7fc94e6e135d06a464be3b3c58017f568e3e26a79d27a,20260916,0.11.0,5,supply,shipments,False,13,13,S8,O10,REGION_BASE,REGION,BASE,POWER,"[""POWER#9""]",36.800000000000004,37.300000000000004,True,1
lifecycle,e70960269eec88da76c7fc94e6e135d06a464be3b3c58017f568e3e26a79d27a,20260916,0.11.0,5,supply,shipments,False,13,13,S9,O11,CENTER_REGION,CENTER,REGION,POWER,"[""POWER#6""]",36.800000000000004,37.800000000000004,True,1
lifecycle,e70960269eec88da76c7fc94e6e135d06a464be3b3c58017f568e3e26a79d27a,20260916,0.11.0,5,supply,shipments,False,13,13,S10,O12,REGION_BASE,REGION,BASE,POWER,"[""POWER#10""]",56.6,57.1,True,1
lifecycle,e70960269eec88da76c7fc94e6e135d06a464be3b3c58017f568e3e26a79d27a,20260916,0.11.0,5,supply,shipments,False,13,13,S11,O13,CENTER_REGION,CENTER,REGION,POWER,"[""POWER#5""]",56.6,57.6,True,1
lifecycle,e70960269eec88da76c7fc94e6e135d06a464be3b3c58017f568e3e26a79d27a,20260916,0.11.0,5,supply,shipments,False,13,13,S12,O14,REGION_BASE,REGION,BASE,POWER,"[""POWER#6""]",60.800000000000004,61.300000000000004,True,1
lifecycle,e70960269eec88da76c7fc94e6e135d06a464be3b3c58017f568e3e26a79d27a,20260916,0.11.0,5,supply,shipments,False,13,13,S13,O15,CENTER_REGION,CENTER,REGION,POWER,"[""POWER#11""]",60.800000000000004,61.800000000000004,True,1
lifecycle,e70960269eec88da76c7fc94e6e135d06a464be3b3c58017f568e3e26a79d27a,20260916,0.11.0,6,supply,shipments,False,17,17,S1,O1,REGION_BASE,REGION,BASE,POWER,"[""POWER#1""]",0,0.5,True,1
lifecycle,e70960269eec88da76c7fc94e6e135d06a464be3b3c58017f568e3e26a79d27a,20260916,0.11.0,6,supply,shipments,False,17,17,S2,O1,CENTER_BASE,CENTER,BASE,POWER,"[""POWER#2""]",0,1.5,True,1
lifecycle,e70960269eec88da76c7fc94e6e135d06a464be3b3c58017f568e3e26a79d27a,20260916,0.11.0,6,supply,shipments,False,17,17,S3,O2,CENTER_REGION,CENTER,REGION,POWER,"[""POWER#7"", ""POWER#8""]",4.0,5.0,True,2
lifecycle,e70960269eec88da76c7fc94e6e135d06a464be3b3c58017f568e3e26a79d27a,20260916,0.11.0,6,supply,shipments,False,17,17,S4,O4,REGION_BASE,REGION,BASE,POWER,"[""POWER#7""]",15.785639491293086,16.285639491293086,True,1
lifecycle,e70960269eec88da76c7fc94e6e135d06a464be3b3c58017f568e3e26a79d27a,20260916,0.11.0,6,supply,shipments,False,17,17,S5,O5,CENTER_REGION,CENTER,REGION,POWER,"[""POWER#9""]",15.785639491293086,16.785639491293086,True,1
lifecycle,e70960269eec88da76c7fc94e6e135d06a464be3b3c58017f568e3e26a79d27a,20260916,0.11.0,6,supply,shipments,False,17,17,S6,O7,REGION_BASE,REGION,BASE,POWER,"[""POWER#8""]",32.7,33.2,True,1
lifecycle,e70960269eec88da76c7fc94e6e135d06a464be3b3c58017f568e3e26a79d27a,20260916,0.11.0,6,supply,shipments,False,17,17,S7,O8,CENTER_REGION,CENTER,REGION,POWER,"[""POWER#10""]",32.7,33.7,True,1
lifecycle,e70960269eec88da76c7fc94e6e135d06a464be3b3c58017f568e3e26a79d27a,20260916,0.11.0,6,supply,shipments,False,17,17,S8,O9,REGION_BASE,REGION,BASE,POWER,"[""POWER#9""]",32.800000000000004,33.300000000000004,True,1
lifecycle,e70960269eec88da76c7fc94e6e135d06a464be3b3c58017f568e3e26a79d27a,20260916,0.11.0,6,supply,shipments,False,17,17,S9,O10,CENTER_REGION,CENTER,REGION,POWER,"[""POWER#4""]",32.800000000000004,33.800000000000004,True,1
lifecycle,e70960269eec88da76c7fc94e6e135d06a464be3b3c58017f568e3e26a79d27a,20260916,0.11.0,6,supply,shipments,False,17,17,S10,O12,REGION_BASE,REGION,BASE,POWER,"[""POWER#10""]",36.6,37.1,True,1
lifecycle,e70960269eec88da76c7fc94e6e135d06a464be3b3c58017f568e3e26a79d27a,20260916,0.11.0,6,supply,shipments,False,17,17,S11,O13,CENTER_REGION,CENTER,REGION,POWER,"[""POWER#11""]",36.6,37.6,True,1
lifecycle,e70960269eec88da76c7fc94e6e135d06a464be3b3c58017f568e3e26a79d27a,20260916,0.11.0,6,supply,shipments,False,17,17,S12,O14,REGION_BASE,REGION,BASE,POWER,"[""POWER#4""]",56.7,57.2,True,1
lifecycle,e70960269eec88da76c7fc94e6e135d06a464be3b3c58017f568e3e26a79d27a,20260916,0.11.0,6,supply,shipments,False,17,17,S13,O15,CENTER_REGION,CENTER,REGION,POWER,"[""POWER#6""]",56.7,57.7,True,1
lifecycle,e70960269eec88da76c7fc94e6e135d06a464be3b3c58017f568e3e26a79d27a,20260916,0.11.0,6,supply,shipments,False,17,17,S14,O16,REGION_BASE,REGION,BASE,POWER,"[""POWER#11""]",60.7,61.2,True,1
lifecycle,e70960269eec88da76c7fc94e6e135d06a464be3b3c58017f568e3e26a79d27a,20260916,0.11.0,6,supply,shipments,False,17,17,S15,O17,CENTER_REGION,CENTER,REGION,POWER,"[""POWER#5""]",60.7,61.7,True,1
lifecycle,e70960269eec88da76c7fc94e6e135d06a464be3b3c58017f568e3e26a79d27a,20260916,0.11.0,6,supply,shipments,False,17,17,S16,O18,REGION_BASE,REGION,BASE,POWER,"[""POWER#6""]",64.69999999999999,65.19999999999999,True,1
lifecycle,e70960269eec88da76c7fc94e6e135d06a464be3b3c58017f568e3e26a79d27a,20260916,0.11.0,6,supply,shipments,False,17,17,S17,O19,CENTER_REGION,CENTER,REGION,POWER,"[""POWER#12""]",64.69999999999999,65.69999999999999,True,1
lifecycle,e70960269eec88da76c7fc94e6e135d06a464be3b3c58017f568e3e26a79d27a,20260916,0.11.0,7,supply,shipments,False,13,13,S1,O1,REGION_BASE,REGION,BASE,POWER,"[""POWER#1""]",0,0.5,True,1
lifecycle,e70960269eec88da76c7fc94e6e135d06a464be3b3c58017f568e3e26a79d27a,20260916,0.11.0,7,supply,shipments,False,13,13,S2,O1,CENTER_BASE,CENTER,BASE,POWER,"[""POWER#2""]",0,1.5,True,1
lifecycle,e70960269eec88da76c7fc94e6e135d06a464be3b3c58017f568e3e26a79d27a,20260916,0.11.0,7,supply,shipments,False,13,13,S3,O2,CENTER_REGION,CENTER,REGION,POWER,"[""POWER#7"", ""POWER#8""]",4.0,5.0,True,2
lifecycle,e70960269eec88da76c7fc94e6e135d06a464be3b3c58017f568e3e26a79d27a,20260916,0.11.0,7,supply,shipments,False,13,13,S4,O4,REGION_BASE,REGION,BASE,POWER,"[""POWER#7""]",16.700000000000003,17.200000000000003,True,1
lifecycle,e70960269eec88da76c7fc94e6e135d06a464be3b3c58017f568e3e26a79d27a,20260916,0.11.0,7,supply,shipments,False,13,13,S5,O5,CENTER_REGION,CENTER,REGION,POWER,"[""POWER#9""]",16.700000000000003,17.700000000000003,True,1
lifecycle,e70960269eec88da76c7fc94e6e135d06a464be3b3c58017f568e3e26a79d27a,20260916,0.11.0,7,supply,shipments,False,13,13,S6,O7,REGION_BASE,REGION,BASE,POWER,"[""POWER#8""]",16.800000000000004,17.300000000000004,True,1
lifecycle,e70960269eec88da76c7fc94e6e135d06a464be3b3c58017f568e3e26a79d27a,20260916,0.11.0,7,supply,shipments,False,13,13,S7,O8,CENTER_REGION,CENTER,REGION,POWER,"[""POWER#10""]",16.800000000000004,17.800000000000004,True,1
lifecycle,e70960269eec88da76c7fc94e6e135d06a464be3b3c58017f568e3e26a79d27a,20260916,0.11.0,7,supply,shipments,False,13,13,S8,O10,REGION_BASE,REGION,BASE,POWER,"[""POWER#9""]",32.7,33.2,True,1
lifecycle,e70960269eec88da76c7fc94e6e135d06a464be3b3c58017f568e3e26a79d27a,20260916,0.11.0,7,supply,shipments,False,13,13,S9,O11,CENTER_REGION,CENTER,REGION,POWER,"[""POWER#4""]",32.7,33.7,True,1
lifecycle,e70960269eec88da76c7fc94e6e135d06a464be3b3c58017f568e3e26a79d27a,20260916,0.11.0,7,supply,shipments,False,13,13,S10,O12,REGION_BASE,REGION,BASE,POWER,"[""POWER#10""]",40.6,41.1,True,1
lifecycle,e70960269eec88da76c7fc94e6e135d06a464be3b3c58017f568e3e26a79d27a,20260916,0.11.0,7,supply,shipments,False,13,13,S11,O13,CENTER_REGION,CENTER,REGION,POWER,"[""POWER#3""]",40.6,41.6,True,1
lifecycle,e70960269eec88da76c7fc94e6e135d06a464be3b3c58017f568e3e26a79d27a,20260916,0.11.0,7,supply,shipments,False,13,13,S12,O14,REGION_BASE,REGION,BASE,POWER,"[""POWER#4""]",64.76441104630572,65.26441104630572,True,1
lifecycle,e70960269eec88da76c7fc94e6e135d06a464be3b3c58017f568e3e26a79d27a,20260916,0.11.0,7,supply,shipments,False,13,13,S13,O15,CENTER_REGION,CENTER,REGION,POWER,"[""POWER#11""]",64.76441104630572,65.76441104630572,True,1
lifecycle,e70960269eec88da76c7fc94e6e135d06a464be3b3c58017f568e3e26a79d27a,20260916,0.11.0,8,supply,shipments,False,13,13,S1,O1,REGION_BASE,REGION,BASE,POWER,"[""POWER#1""]",0,0.5,True,1
lifecycle,e70960269eec88da76c7fc94e6e135d06a464be3b3c58017f568e3e26a79d27a,20260916,0.11.0,8,supply,shipments,False,13,13,S2,O1,CENTER_BASE,CENTER,BASE,POWER,"[""POWER#2""]",0,1.5,True,1
lifecycle,e70960269eec88da76c7fc94e6e135d06a464be3b3c58017f568e3e26a79d27a,20260916,0.11.0,8,supply,shipments,False,13,13,S3,O2,CENTER_REGION,CENTER,REGION,POWER,"[""POWER#7"", ""POWER#8""]",4.0,5.0,True,2
lifecycle,e70960269eec88da76c7fc94e6e135d06a464be3b3c58017f568e3e26a79d27a,20260916,0.11.0,8,supply,shipments,False,13,13,S4,O4,REGION_BASE,REGION,BASE,POWER,"[""POWER#7""]",16.700000000000003,17.200000000000003,True,1
lifecycle,e70960269eec88da76c7fc94e6e135d06a464be3b3c58017f568e3e26a79d27a,20260916,0.11.0,8,supply,shipments,False,13,13,S5,O5,CENTER_REGION,CENTER,REGION,POWER,"[""POWER#9""]",16.700000000000003,17.700000000000003,True,1
lifecycle,e70960269eec88da76c7fc94e6e135d06a464be3b3c58017f568e3e26a79d27a,20260916,0.11.0,8,supply,shipments,False,13,13,S6,O7,REGION_BASE,REGION,BASE,POWER,"[""POWER#8""]",16.800000000000004,17.300000000000004,True,1
lifecycle,e70960269eec88da76c7fc94e6e135d06a464be3b3c58017f568e3e26a79d27a,20260916,0.11.0,8,supply,shipments,False,13,13,S7,O8,CENTER_REGION,CENTER,REGION,POWER,"[""POWER#10""]",16.800000000000004,17.800000000000004,True,1
lifecycle,e70960269eec88da76c7fc94e6e135d06a464be3b3c58017f568e3e26a79d27a,20260916,0.11.0,8,supply,shipments,False,13,13,S8,O10,REGION_BASE,REGION,BASE,POWER,"[""POWER#9""]",32.7,33.2,True,1
lifecycle,e70960269eec88da76c7fc94e6e135d06a464be3b3c58017f568e3e26a79d27a,20260916,0.11.0,8,supply,shipments,False,13,13,S9,O11,CENTER_REGION,CENTER,REGION,POWER,"[""POWER#4""]",32.7,33.7,True,1
lifecycle,e70960269eec88da76c7fc94e6e135d06a464be3b3c58017f568e3e26a79d27a,20260916,0.11.0,8,supply,shipments,False,13,13,S10,O12,REGION_BASE,REGION,BASE,POWER,"[""POWER#10""]",40.6,41.1,True,1
lifecycle,e70960269eec88da76c7fc94e6e135d06a464be3b3c58017f568e3e26a79d27a,20260916,0.11.0,8,supply,shipments,False,13,13,S11,O13,CENTER_REGION,CENTER,REGION,POWER,"[""POWER#3""]",40.6,41.6,True,1
lifecycle,e70960269eec88da76c7fc94e6e135d06a464be3b3c58017f568e3e26a79d27a,20260916,0.11.0,8,supply,shipments,False,13,13,S12,O14,REGION_BASE,REGION,BASE,POWER,"[""POWER#4"", ""POWER#3""]",64.6,65.1,True,2
lifecycle,e70960269eec88da76c7fc94e6e135d06a464be3b3c58017f568e3e26a79d27a,20260916,0.11.0,8,supply,shipments,False,13,13,S13,O15,CENTER_REGION,CENTER,REGION,POWER,"[""POWER#11"", ""POWER#12""]",64.6,65.6,True,2
lifecycle,e70960269eec88da76c7fc94e6e135d06a464be3b3c58017f568e3e26a79d27a,20260916,0.11.0,9,supply,shipments,False,15,15,S1,O1,REGION_BASE,REGION,BASE,POWER,"[""POWER#1""]",0,0.5,True,1
lifecycle,e70960269eec88da76c7fc94e6e135d06a464be3b3c58017f568e3e26a79d27a,20260916,0.11.0,9,supply,shipments,False,15,15,S2,O1,CENTER_BASE,CENTER,BASE,POWER,"[""POWER#2""]",0,1.5,True,1
lifecycle,e70960269eec88da76c7fc94e6e135d06a464be3b3c58017f568e3e26a79d27a,20260916,0.11.0,9,supply,shipments,False,15,15,S3,O2,CENTER_REGION,CENTER,REGION,POWER,"[""POWER#7"", ""POWER#8""]",4.0,5.0,True,2
lifecycle,e70960269eec88da76c7fc94e6e135d06a464be3b3c58017f568e3e26a79d27a,20260916,0.11.0,9,supply,shipments,False,15,15,S4,O4,REGION_BASE,REGION,BASE,POWER,"[""POWER#7""]",16.700000000000003,17.200000000000003,True,1
lifecycle,e70960269eec88da76c7fc94e6e135d06a464be3b3c58017f568e3e26a79d27a,20260916,0.11.0,9,supply,shipments,False,15,15,S5,O5,CENTER_REGION,CENTER,REGION,POWER,"[""POWER#9""]",16.700000000000003,17.700000000000003,True,1
lifecycle,e70960269eec88da76c7fc94e6e135d06a464be3b3c58017f568e3e26a79d27a,20260916,0.11.0,9,supply,shipments,False,15,15,S6,O7,REGION_BASE,REGION,BASE,POWER,"[""POWER#8""]",16.800000000000004,17.300000000000004,True,1
lifecycle,e70960269eec88da76c7fc94e6e135d06a464be3b3c58017f568e3e26a79d27a,20260916,0.11.0,9,supply,shipments,False,15,15,S7,O8,CENTER_REGION,CENTER,REGION,POWER,"[""POWER#10""]",16.800000000000004,17.800000000000004,True,1
lifecycle,e70960269eec88da76c7fc94e6e135d06a464be3b3c58017f568e3e26a79d27a,20260916,0.11.0,9,supply,shipments,False,15,15,S8,O10,REGION_BASE,REGION,BASE,POWER,"[""POWER#9""]",32.7,33.2,True,1
lifecycle,e70960269eec88da76c7fc94e6e135d06a464be3b3c58017f568e3e26a79d27a,20260916,0.11.0,9,supply,shipments,False,15,15,S9,O11,CENTER_REGION,CENTER,REGION,POWER,"[""POWER#4""]",32.7,33.7,True,1
lifecycle,e70960269eec88da76c7fc94e6e135d06a464be3b3c58017f568e3e26a79d27a,20260916,0.11.0,9,supply,shipments,False,15,15,S10,O12,REGION_BASE,REGION,BASE,POWER,"[""POWER#10""]",35.78096592830619,36.28096592830619,True,1
lifecycle,e70960269eec88da76c7fc94e6e135d06a464be3b3c58017f568e3e26a79d27a,20260916,0.11.0,9,supply,shipments,False,15,15,S11,O13,CENTER_REGION,CENTER,REGION,POWER,"[""POWER#3""]",35.78096592830619,36.78096592830619,True,1
lifecycle,e70960269eec88da76c7fc94e6e135d06a464be3b3c58017f568e3e26a79d27a,20260916,0.11.0,9,supply,shipments,False,15,15,S12,O14,REGION_BASE,REGION,BASE,POWER,"[""POWER#4""]",40.6,41.1,True,1
lifecycle,e70960269eec88da76c7fc94e6e135d06a464be3b3c58017f568e3e26a79d27a,20260916,0.11.0,9,supply,shipments,False,15,15,S13,O15,CENTER_REGION,CENTER,REGION,POWER,"[""POWER#11""]",40.6,41.6,True,1
lifecycle,e70960269eec88da76c7fc94e6e135d06a464be3b3c58017f568e3e26a79d27a,20260916,0.11.0,9,supply,shipments,False,15,15,S14,O16,REGION_BASE,REGION,BASE,POWER,"[""POWER#3""]",56.7,57.2,True,1
lifecycle,e70960269eec88da76c7fc94e6e135d06a464be3b3c58017f568e3e26a79d27a,20260916,0.11.0,9,supply,shipments,False,15,15,S15,O17,CENTER_REGION,CENTER,REGION,POWER,"[""POWER#12""]",56.7,57.7,True,1
lifecycle,e70960269eec88da76c7fc94e6e135d06a464be3b3c58017f568e3e26a79d27a,20260916,0.11.0,10,supply,shipments,False,15,15,S1,O1,REGION_BASE,REGION,BASE,POWER,"[""POWER#1""]",0,0.5,True,1
lifecycle,e70960269eec88da76c7fc94e6e135d06a464be3b3c58017f568e3e26a79d27a,20260916,0.11.0,10,supply,shipments,False,15,15,S2,O1,CENTER_BASE,CENTER,BASE,POWER,"[""POWER#2""]",0,1.5,True,1
lifecycle,e70960269eec88da76c7fc94e6e135d06a464be3b3c58017f568e3e26a79d27a,20260916,0.11.0,10,supply,shipments,False,15,15,S3,O2,CENTER_REGION,CENTER,REGION,POWER,"[""POWER#7"", ""POWER#8""]",4.0,5.0,True,2
lifecycle,e70960269eec88da76c7fc94e6e135d06a464be3b3c58017f568e3e26a79d27a,20260916,0.11.0,10,supply,shipments,False,15,15,S4,O4,REGION_BASE,REGION,BASE,POWER,"[""POWER#7""]",16.800000000000004,17.300000000000004,True,1
lifecycle,e70960269eec88da76c7fc94e6e135d06a464be3b3c58017f568e3e26a79d27a,20260916,0.11.0,10,supply,shipments,False,15,15,S5,O5,CENTER_REGION,CENTER,REGION,POWER,"[""POWER#9""]",16.800000000000004,17.800000000000004,True,1
lifecycle,e70960269eec88da76c7fc94e6e135d06a464be3b3c58017f568e3e26a79d27a,20260916,0.11.0,10,supply,shipments,False,15,15,S6,O7,REGION_BASE,REGION,BASE,POWER,"[""POWER#8""]",32.7,33.2,True,1
lifecycle,e70960269eec88da76c7fc94e6e135d06a464be3b3c58017f568e3e26a79d27a,20260916,0.11.0,10,supply,shipments,False,15,15,S7,O8,CENTER_REGION,CENTER,REGION,POWER,"[""POWER#10""]",32.7,33.7,True,1
lifecycle,e70960269eec88da76c7fc94e6e135d06a464be3b3c58017f568e3e26a79d27a,20260916,0.11.0,10,supply,shipments,False,15,15,S8,O9,REGION_BASE,REGION,BASE,POWER,"[""POWER#9""]",32.800000000000004,33.300000000000004,True,1
lifecycle,e70960269eec88da76c7fc94e6e135d06a464be3b3c58017f568e3e26a79d27a,20260916,0.11.0,10,supply,shipments,False,15,15,S9,O10,CENTER_REGION,CENTER,REGION,POWER,"[""POWER#3""]",32.800000000000004,33.800000000000004,True,1
lifecycle,e70960269eec88da76c7fc94e6e135d06a464be3b3c58017f568e3e26a79d27a,20260916,0.11.0,10,supply,shipments,False,15,15,S10,O12,REGION_BASE,REGION,BASE,POWER,"[""POWER#10""]",36.6,37.1,True,1
lifecycle,e70960269eec88da76c7fc94e6e135d06a464be3b3c58017f568e3e26a79d27a,20260916,0.11.0,10,supply,shipments,False,15,15,S11,O13,CENTER_REGION,CENTER,REGION,POWER,"[""POWER#11""]",36.6,37.6,True,1
lifecycle,e70960269eec88da76c7fc94e6e135d06a464be3b3c58017f568e3e26a79d27a,20260916,0.11.0,10,supply,shipments,False,15,15,S12,O14,REGION_BASE,REGION,BASE,POWER,"[""POWER#3""]",56.7,57.2,True,1
lifecycle,e70960269eec88da76c7fc94e6e135d06a464be3b3c58017f568e3e26a79d27a,20260916,0.11.0,10,supply,shipments,False,15,15,S13,O15,CENTER_REGION,CENTER,REGION,POWER,"[""POWER#6""]",56.7,57.7,True,1
lifecycle,e70960269eec88da76c7fc94e6e135d06a464be3b3c58017f568e3e26a79d27a,20260916,0.11.0,10,supply,shipments,False,15,15,S14,O16,REGION_BASE,REGION,BASE,POWER,"[""POWER#11""]",64.69999999999999,65.19999999999999,True,1
lifecycle,e70960269eec88da76c7fc94e6e135d06a464be3b3c58017f568e3e26a79d27a,20260916,0.11.0,10,supply,shipments,False,15,15,S15,O17,CENTER_REGION,CENTER,REGION,POWER,"[""POWER#5""]",64.69999999999999,65.69999999999999,True,1
lifecycle,e70960269eec88da76c7fc94e6e135d06a464be3b3c58017f568e3e26a79d27a,20260916,0.11.0,11,supply,shipments,False,17,17,S1,O1,REGION_BASE,REGION,BASE,POWER,"[""POWER#1""]",0,0.5,True,1
lifecycle,e70960269eec88da76c7fc94e6e135d06a464be3b3c58017f568e3e26a79d27a,20260916,0.11.0,11,supply,shipments,False,17,17,S2,O1,CENTER_BASE,CENTER,BASE,POWER,"[""POWER#2""]",0,1.5,True,1
lifecycle,e70960269eec88da76c7fc94e6e135d06a464be3b3c58017f568e3e26a79d27a,20260916,0.11.0,11,supply,shipments,False,17,17,S3,O2,CENTER_REGION,CENTER,REGION,POWER,"[""POWER#7"", ""POWER#8""]",4.0,5.0,True,2
lifecycle,e70960269eec88da76c7fc94e6e135d06a464be3b3c58017f568e3e26a79d27a,20260916,0.11.0,11,supply,shipments,False,17,17,S4,O4,REGION_BASE,REGION,BASE,POWER,"[""POWER#7""]",16.700000000000003,17.200000000000003,True,1
lifecycle,e70960269eec88da76c7fc94e6e135d06a464be3b3c58017f568e3e26a79d27a,20260916,0.11.0,11,supply,shipments,False,17,17,S5,O5,CENTER_REGION,CENTER,REGION,POWER,"[""POWER#9""]",16.700000000000003,17.700000000000003,True,1
lifecycle,e70960269eec88da76c7fc94e6e135d06a464be3b3c58017f568e3e26a79d27a,20260916,0.11.0,11,supply,shipments,False,17,17,S6,O7,REGION_BASE,REGION,BASE,POWER,"[""POWER#8""]",32.7,33.2,True,1
lifecycle,e70960269eec88da76c7fc94e6e135d06a464be3b3c58017f568e3e26a79d27a,20260916,0.11.0,11,supply,shipments,False,17,17,S7,O8,CENTER_REGION,CENTER,REGION,POWER,"[""POWER#10""]",32.7,33.7,True,1
lifecycle,e70960269eec88da76c7fc94e6e135d06a464be3b3c58017f568e3e26a79d27a,20260916,0.11.0,11,supply,shipments,False,17,17,S8,O9,REGION_BASE,REGION,BASE,POWER,"[""POWER#9""]",36.6,37.1,True,1
lifecycle,e70960269eec88da76c7fc94e6e135d06a464be3b3c58017f568e3e26a79d27a,20260916,0.11.0,11,supply,shipments,False,17,17,S9,O10,CENTER_REGION,CENTER,REGION,POWER,"[""POWER#4""]",36.6,37.6,True,1
lifecycle,e70960269eec88da76c7fc94e6e135d06a464be3b3c58017f568e3e26a79d27a,20260916,0.11.0,11,supply,shipments,False,17,17,S10,O11,REGION_BASE,REGION,BASE,POWER,"[""POWER#10""]",40.6,41.1,True,1
lifecycle,e70960269eec88da76c7fc94e6e135d06a464be3b3c58017f568e3e26a79d27a,20260916,0.11.0,11,supply,shipments,False,17,17,S11,O12,CENTER_REGION,CENTER,REGION,POWER,"[""POWER#11""]",40.6,41.6,True,1
lifecycle,e70960269eec88da76c7fc94e6e135d06a464be3b3c58017f568e3e26a79d27a,20260916,0.11.0,11,supply,shipments,False,17,17,S12,O14,REGION_BASE,REGION,BASE,POWER,"[""POWER#4""]",56.7,57.2,True,1
lifecycle,e70960269eec88da76c7fc94e6e135d06a464be3b3c58017f568e3e26a79d27a,20260916,0.11.0,11,supply,shipments,False,17,17,S13,O15,CENTER_REGION,CENTER,REGION,POWER,"[""POWER#6""]",56.7,57.7,True,1
lifecycle,e70960269eec88da76c7fc94e6e135d06a464be3b3c58017f568e3e26a79d27a,20260916,0.11.0,11,supply,shipments,False,17,17,S14,O17,REGION_BASE,REGION,BASE,POWER,"[""POWER#11""]",59.46715742442405,59.96715742442405,True,1
lifecycle,e70960269eec88da76c7fc94e6e135d06a464be3b3c58017f568e3e26a79d27a,20260916,0.11.0,11,supply,shipments,False,17,17,S15,O18,CENTER_REGION,CENTER,REGION,POWER,"[""POWER#12""]",59.46715742442405,60.46715742442405,True,1
lifecycle,e70960269eec88da76c7fc94e6e135d06a464be3b3c58017f568e3e26a79d27a,20260916,0.11.0,11,supply,shipments,False,17,17,S16,O19,REGION_BASE,REGION,BASE,POWER,"[""POWER#6""]",63.98836320755469,64.4883632075547,True,1
lifecycle,e70960269eec88da76c7fc94e6e135d06a464be3b3c58017f568e3e26a79d27a,20260916,0.11.0,11,supply,shipments,False,17,17,S17,O20,CENTER_REGION,CENTER,REGION,POWER,"[""POWER#1""]",63.98836320755469,64.9883632075547,True,1
lifecycle,e70960269eec88da76c7fc94e6e135d06a464be3b3c58017f568e3e26a79d27a,20260916,0.11.0,12,supply,shipments,False,15,15,S1,O1,REGION_BASE,REGION,BASE,POWER,"[""POWER#1""]",0,0.5,True,1
lifecycle,e70960269eec88da76c7fc94e6e135d06a464be3b3c58017f568e3e26a79d27a,20260916,0.11.0,12,supply,shipments,False,15,15,S2,O1,CENTER_BASE,CENTER,BASE,POWER,"[""POWER#2""]",0,1.5,True,1
lifecycle,e70960269eec88da76c7fc94e6e135d06a464be3b3c58017f568e3e26a79d27a,20260916,0.11.0,12,supply,shipments,False,15,15,S3,O2,CENTER_REGION,CENTER,REGION,POWER,"[""POWER#7"", ""POWER#8""]",4.0,5.0,True,2
lifecycle,e70960269eec88da76c7fc94e6e135d06a464be3b3c58017f568e3e26a79d27a,20260916,0.11.0,12,supply,shipments,False,15,15,S4,O4,REGION_BASE,REGION,BASE,POWER,"[""POWER#7""]",12.247915383224957,12.747915383224957,True,1
lifecycle,e70960269eec88da76c7fc94e6e135d06a464be3b3c58017f568e3e26a79d27a,20260916,0.11.0,12,supply,shipments,False,15,15,S5,O5,CENTER_REGION,CENTER,REGION,POWER,"[""POWER#9""]",12.247915383224957,13.247915383224957,True,1
lifecycle,e70960269eec88da76c7fc94e6e135d06a464be3b3c58017f568e3e26a79d27a,20260916,0.11.0,12,supply,shipments,False,15,15,S6,O7,REGION_BASE,REGION,BASE,POWER,"[""POWER#8""]",16.800000000000004,17.300000000000004,True,1
lifecycle,e70960269eec88da76c7fc94e6e135d06a464be3b3c58017f568e3e26a79d27a,20260916,0.11.0,12,supply,shipments,False,15,15,S7,O8,CENTER_REGION,CENTER,REGION,POWER,"[""POWER#10""]",16.800000000000004,17.800000000000004,True,1
lifecycle,e70960269eec88da76c7fc94e6e135d06a464be3b3c58017f568e3e26a79d27a,20260916,0.11.0,12,supply,shipments,False,15,15,S8,O9,REGION_BASE,REGION,BASE,POWER,"[""POWER#9""]",36.6,37.1,True,1
lifecycle,e70960269eec88da76c7fc94e6e135d06a464be3b3c58017f568e3e26a79d27a,20260916,0.11.0,12,supply,shipments,False,15,15,S9,O10,CENTER_REGION,CENTER,REGION,POWER,"[""POWER#5""]",36.6,37.6,True,1
lifecycle,e70960269eec88da76c7fc94e6e135d06a464be3b3c58017f568e3e26a79d27a,20260916,0.11.0,12,supply,shipments,False,15,15,S10,O11,REGION_BASE,REGION,BASE,POWER,"[""POWER#10""]",40.7,41.2,True,1
lifecycle,e70960269eec88da76c7fc94e6e135d06a464be3b3c58017f568e3e26a79d27a,20260916,0.11.0,12,supply,shipments,False,15,15,S11,O12,CENTER_REGION,CENTER,REGION,POWER,"[""POWER#11""]",40.7,41.7,True,1
lifecycle,e70960269eec88da76c7fc94e6e135d06a464be3b3c58017f568e3e26a79d27a,20260916,0.11.0,12,supply,shipments,False,15,15,S12,O14,REGION_BASE,REGION,BASE,POWER,"[""POWER#5""]",60.6,61.1,True,1
lifecycle,e70960269eec88da76c7fc94e6e135d06a464be3b3c58017f568e3e26a79d27a,20260916,0.11.0,12,supply,shipments,False,15,15,S13,O15,CENTER_REGION,CENTER,REGION,POWER,"[""POWER#4""]",60.6,61.6,True,1
lifecycle,e70960269eec88da76c7fc94e6e135d06a464be3b3c58017f568e3e26a79d27a,20260916,0.11.0,12,supply,shipments,False,15,15,S14,O16,REGION_BASE,REGION,BASE,POWER,"[""POWER#11""]",64.6,65.1,True,1
lifecycle,e70960269eec88da76c7fc94e6e135d06a464be3b3c58017f568e3e26a79d27a,20260916,0.11.0,12,supply,shipments,False,15,15,S15,O17,CENTER_REGION,CENTER,REGION,POWER,"[""POWER#1""]",64.6,65.6,True,1
lifecycle,e70960269eec88da76c7fc94e6e135d06a464be3b3c58017f568e3e26a79d27a,20260916,0.11.0,13,supply,shipments,False,15,15,S1,O1,REGION_BASE,REGION,BASE,POWER,"[""POWER#1""]",0,0.5,True,1
lifecycle,e70960269eec88da76c7fc94e6e135d06a464be3b3c58017f568e3e26a79d27a,20260916,0.11.0,13,supply,shipments,False,15,15,S2,O1,CENTER_BASE,CENTER,BASE,POWER,"[""POWER#2""]",0,1.5,True,1
lifecycle,e70960269eec88da76c7fc94e6e135d06a464be3b3c58017f568e3e26a79d27a,20260916,0.11.0,13,supply,shipments,False,15,15,S3,O2,CENTER_REGION,CENTER,REGION,POWER,"[""POWER#7"", ""POWER#8""]",4.0,5.0,True,2
lifecycle,e70960269eec88da76c7fc94e6e135d06a464be3b3c58017f568e3e26a79d27a,20260916,0.11.0,13,supply,shipments,False,15,15,S4,O4,REGION_BASE,REGION,BASE,POWER,"[""POWER#7""]",16.700000000000003,17.200000000000003,True,1
lifecycle,e70960269eec88da76c7fc94e6e135d06a464be3b3c58017f568e3e26a79d27a,20260916,0.11.0,13,supply,shipments,False,15,15,S5,O5,CENTER_REGION,CENTER,REGION,POWER,"[""POWER#9""]",16.700000000000003,17.700000000000003,True,1
lifecycle,e70960269eec88da76c7fc94e6e135d06a464be3b3c58017f568e3e26a79d27a,20260916,0.11.0,13,supply,shipments,False,15,15,S6,O7,REGION_BASE,REGION,BASE,POWER,"[""POWER#8""]",32.800000000000004,33.300000000000004,True,1
lifecycle,e70960269eec88da76c7fc94e6e135d06a464be3b3c58017f568e3e26a79d27a,20260916,0.11.0,13,supply,shipments,False,15,15,S7,O8,CENTER_REGION,CENTER,REGION,POWER,"[""POWER#10""]",32.800000000000004,33.800000000000004,True,1
lifecycle,e70960269eec88da76c7fc94e6e135d06a464be3b3c58017f568e3e26a79d27a,20260916,0.11.0,13,supply,shipments,False,15,15,S8,O9,REGION_BASE,REGION,BASE,POWER,"[""POWER#9""]",36.6,37.1,True,1
lifecycle,e70960269eec88da76c7fc94e6e135d06a464be3b3c58017f568e3e26a79d27a,20260916,0.11.0,13,supply,shipments,False,15,15,S9,O10,CENTER_REGION,CENTER,REGION,POWER,"[""POWER#4""]",36.6,37.6,True,1
lifecycle,e70960269eec88da76c7fc94e6e135d06a464be3b3c58017f568e3e26a79d27a,20260916,0.11.0,13,supply,shipments,False,15,15,S10,O11,REGION_BASE,REGION,BASE,POWER,"[""POWER#10""]",40.6,41.1,True,1
lifecycle,e70960269eec88da76c7fc94e6e135d06a464be3b3c58017f568e3e26a79d27a,20260916,0.11.0,13,supply,shipments,False,15,15,S11,O12,CENTER_REGION,CENTER,REGION,POWER,"[""POWER#11""]",40.6,41.6,True,1
lifecycle,e70960269eec88da76c7fc94e6e135d06a464be3b3c58017f568e3e26a79d27a,20260916,0.11.0,13,supply,shipments,False,15,15,S12,O14,REGION_BASE,REGION,BASE,POWER,"[""POWER#4""]",63.145548177158815,63.645548177158815,True,1
lifecycle,e70960269eec88da76c7fc94e6e135d06a464be3b3c58017f568e3e26a79d27a,20260916,0.11.0,13,supply,shipments,False,15,15,S13,O15,CENTER_REGION,CENTER,REGION,POWER,"[""POWER#5""]",63.145548177158815,64.14554817715882,True,1
lifecycle,e70960269eec88da76c7fc94e6e135d06a464be3b3c58017f568e3e26a79d27a,20260916,0.11.0,13,supply,shipments,False,15,15,S14,O17,REGION_BASE,REGION,BASE,POWER,"[""POWER#11""]",63.24554817715882,63.74554817715882,True,1
lifecycle,e70960269eec88da76c7fc94e6e135d06a464be3b3c58017f568e3e26a79d27a,20260916,0.11.0,13,supply,shipments,False,15,15,S15,O18,CENTER_REGION,CENTER,REGION,POWER,"[""POWER#12""]",63.24554817715882,64.24554817715881,True,1
lifecycle,e70960269eec88da76c7fc94e6e135d06a464be3b3c58017f568e3e26a79d27a,20260916,0.11.0,14,supply,shipments,False,13,13,S1,O1,REGION_BASE,REGION,BASE,POWER,"[""POWER#1""]",0,0.5,True,1
lifecycle,e70960269eec88da76c7fc94e6e135d06a464be3b3c58017f568e3e26a79d27a,20260916,0.11.0,14,supply,shipments,False,13,13,S2,O1,CENTER_BASE,CENTER,BASE,POWER,"[""POWER#2""]",0,1.5,True,1
lifecycle,e70960269eec88da76c7fc94e6e135d06a464be3b3c58017f568e3e26a79d27a,20260916,0.11.0,14,supply,shipments,False,13,13,S3,O2,CENTER_REGION,CENTER,REGION,POWER,"[""POWER#7"", ""POWER#8""]",4.0,5.0,True,2
lifecycle,e70960269eec88da76c7fc94e6e135d06a464be3b3c58017f568e3e26a79d27a,20260916,0.11.0,14,supply,shipments,False,13,13,S4,O4,REGION_BASE,REGION,BASE,POWER,"[""POWER#7""]",16.700000000000003,17.200000000000003,True,1
lifecycle,e70960269eec88da76c7fc94e6e135d06a464be3b3c58017f568e3e26a79d27a,20260916,0.11.0,14,supply,shipments,False,13,13,S5,O5,CENTER_REGION,CENTER,REGION,POWER,"[""POWER#9""]",16.700000000000003,17.700000000000003,True,1
lifecycle,e70960269eec88da76c7fc94e6e135d06a464be3b3c58017f568e3e26a79d27a,20260916,0.11.0,14,supply,shipments,False,13,13,S6,O7,REGION_BASE,REGION,BASE,POWER,"[""POWER#8""]",32.7,33.2,True,1
lifecycle,e70960269eec88da76c7fc94e6e135d06a464be3b3c58017f568e3e26a79d27a,20260916,0.11.0,14,supply,shipments,False,13,13,S7,O8,CENTER_REGION,CENTER,REGION,POWER,"[""POWER#10""]",32.7,33.7,True,1
lifecycle,e70960269eec88da76c7fc94e6e135d06a464be3b3c58017f568e3e26a79d27a,20260916,0.11.0,14,supply,shipments,False,13,13,S8,O9,REGION_BASE,REGION,BASE,POWER,"[""POWER#9""]",36.6,37.1,True,1
lifecycle,e70960269eec88da76c7fc94e6e135d06a464be3b3c58017f568e3e26a79d27a,20260916,0.11.0,14,supply,shipments,False,13,13,S9,O10,CENTER_REGION,CENTER,REGION,POWER,"[""POWER#4""]",36.6,37.6,True,1
lifecycle,e70960269eec88da76c7fc94e6e135d06a464be3b3c58017f568e3e26a79d27a,20260916,0.11.0,14,supply,shipments,False,13,13,S10,O11,REGION_BASE,REGION,BASE,POWER,"[""POWER#10""]",40.6,41.1,True,1
lifecycle,e70960269eec88da76c7fc94e6e135d06a464be3b3c58017f568e3e26a79d27a,20260916,0.11.0,14,supply,shipments,False,13,13,S11,O12,CENTER_REGION,CENTER,REGION,POWER,"[""POWER#11""]",40.6,41.6,True,1
lifecycle,e70960269eec88da76c7fc94e6e135d06a464be3b3c58017f568e3e26a79d27a,20260916,0.11.0,14,supply,shipments,False,13,13,S12,O14,REGION_BASE,REGION,BASE,POWER,"[""POWER#4""]",56.7,57.2,True,1
lifecycle,e70960269eec88da76c7fc94e6e135d06a464be3b3c58017f568e3e26a79d27a,20260916,0.11.0,14,supply,shipments,False,13,13,S13,O15,CENTER_REGION,CENTER,REGION,POWER,"[""POWER#6""]",56.7,57.7,True,1
lifecycle,e70960269eec88da76c7fc94e6e135d06a464be3b3c58017f568e3e26a79d27a,20260916,0.11.0,15,supply,shipments,False,17,17,S1,O1,REGION_BASE,REGION,BASE,POWER,"[""POWER#1""]",0,0.5,True,1
lifecycle,e70960269eec88da76c7fc94e6e135d06a464be3b3c58017f568e3e26a79d27a,20260916,0.11.0,15,supply,shipments,False,17,17,S2,O1,CENTER_BASE,CENTER,BASE,POWER,"[""POWER#2""]",0,1.5,True,1
lifecycle,e70960269eec88da76c7fc94e6e135d06a464be3b3c58017f568e3e26a79d27a,20260916,0.11.0,15,supply,shipments,False,17,17,S3,O2,CENTER_REGION,CENTER,REGION,POWER,"[""POWER#7"", ""POWER#8""]",4.0,5.0,True,2
lifecycle,e70960269eec88da76c7fc94e6e135d06a464be3b3c58017f568e3e26a79d27a,20260916,0.11.0,15,supply,shipments,False,17,17,S4,O4,REGION_BASE,REGION,BASE,POWER,"[""POWER#7""]",16.800000000000004,17.300000000000004,True,1
lifecycle,e70960269eec88da76c7fc94e6e135d06a464be3b3c58017f568e3e26a79d27a,20260916,0.11.0,15,supply,shipments,False,17,17,S5,O5,CENTER_REGION,CENTER,REGION,POWER,"[""POWER#9""]",16.800000000000004,17.800000000000004,True,1
lifecycle,e70960269eec88da76c7fc94e6e135d06a464be3b3c58017f568e3e26a79d27a,20260916,0.11.0,15,supply,shipments,False,17,17,S6,O7,REGION_BASE,REGION,BASE,POWER,"[""POWER#8""]",32.7,33.2,True,1
lifecycle,e70960269eec88da76c7fc94e6e135d06a464be3b3c58017f568e3e26a79d27a,20260916,0.11.0,15,supply,shipments,False,17,17,S7,O8,CENTER_REGION,CENTER,REGION,POWER,"[""POWER#10""]",32.7,33.7,True,1
lifecycle,e70960269eec88da76c7fc94e6e135d06a464be3b3c58017f568e3e26a79d27a,20260916,0.11.0,15,supply,shipments,False,17,17,S8,O9,REGION_BASE,REGION,BASE,POWER,"[""POWER#9""]",36.6,37.1,True,1
lifecycle,e70960269eec88da76c7fc94e6e135d06a464be3b3c58017f568e3e26a79d27a,20260916,0.11.0,15,supply,shipments,False,17,17,S9,O10,CENTER_REGION,CENTER,REGION,POWER,"[""POWER#3""]",36.6,37.6,True,1
lifecycle,e70960269eec88da76c7fc94e6e135d06a464be3b3c58017f568e3e26a79d27a,20260916,0.11.0,15,supply,shipments,False,17,17,S10,O11,REGION_BASE,REGION,BASE,POWER,"[""POWER#10""]",40.6,41.1,True,1
lifecycle,e70960269eec88da76c7fc94e6e135d06a464be3b3c58017f568e3e26a79d27a,20260916,0.11.0,15,supply,shipments,False,17,17,S11,O12,CENTER_REGION,CENTER,REGION,POWER,"[""POWER#11""]",40.6,41.6,True,1
lifecycle,e70960269eec88da76c7fc94e6e135d06a464be3b3c58017f568e3e26a79d27a,20260916,0.11.0,15,supply,shipments,False,17,17,S12,O14,REGION_BASE,REGION,BASE,POWER,"[""POWER#3""]",56.7,57.2,True,1
lifecycle,e70960269eec88da76c7fc94e6e135d06a464be3b3c58017f568e3e26a79d27a,20260916,0.11.0,15,supply,shipments,False,17,17,S13,O15,CENTER_REGION,CENTER,REGION,POWER,"[""POWER#6""]",56.7,57.7,True,1
lifecycle,e70960269eec88da76c7fc94e6e135d06a464be3b3c58017f568e3e26a79d27a,20260916,0.11.0,15,supply,shipments,False,17,17,S14,O17,REGION_BASE,REGION,BASE,POWER,"[""POWER#11""]",60.7,61.2,True,1
lifecycle,e70960269eec88da76c7fc94e6e135d06a464be3b3c58017f568e3e26a79d27a,20260916,0.11.0,15,supply,shipments,False,17,17,S15,O18,CENTER_REGION,CENTER,REGION,POWER,"[""POWER#12""]",60.7,61.7,True,1
lifecycle,e70960269eec88da76c7fc94e6e135d06a464be3b3c58017f568e3e26a79d27a,20260916,0.11.0,15,supply,shipments,False,17,17,S16,O19,REGION_BASE,REGION,BASE,POWER,"[""POWER#6""]",64.69999999999999,65.19999999999999,True,1
lifecycle,e70960269eec88da76c7fc94e6e135d06a464be3b3c58017f568e3e26a79d27a,20260916,0.11.0,15,supply,shipments,False,17,17,S17,O20,CENTER_REGION,CENTER,REGION,POWER,"[""POWER#1""]",64.69999999999999,65.69999999999999,True,1
lifecycle,e70960269eec88da76c7fc94e6e135d06a464be3b3c58017f568e3e26a79d27a,20260916,0.11.0,16,supply,shipments,False,17,17,S1,O1,REGION_BASE,REGION,BASE,POWER,"[""POWER#1""]",0,0.5,True,1
lifecycle,e70960269eec88da76c7fc94e6e135d06a464be3b3c58017f568e3e26a79d27a,20260916,0.11.0,16,supply,shipments,False,17,17,S2,O1,CENTER_BASE,CENTER,BASE,POWER,"[""POWER#2""]",0,1.5,True,1
lifecycle,e70960269eec88da76c7fc94e6e135d06a464be3b3c58017f568e3e26a79d27a,20260916,0.11.0,16,supply,shipments,False,17,17,S3,O2,CENTER_REGION,CENTER,REGION,POWER,"[""POWER#7"", ""POWER#8""]",4.0,5.0,True,2
lifecycle,e70960269eec88da76c7fc94e6e135d06a464be3b3c58017f568e3e26a79d27a,20260916,0.11.0,16,supply,shipments,False,17,17,S4,O4,REGION_BASE,REGION,BASE,POWER,"[""POWER#7""]",16.629303920137772,17.129303920137772,True,1
lifecycle,e70960269eec88da76c7fc94e6e135d06a464be3b3c58017f568e3e26a79d27a,20260916,0.11.0,16,supply,shipments,False,17,17,S5,O5,CENTER_REGION,CENTER,REGION,POWER,"[""POWER#9""]",16.629303920137772,17.629303920137772,True,1
lifecycle,e70960269eec88da76c7fc94e6e135d06a464be3b3c58017f568e3e26a79d27a,20260916,0.11.0,16,supply,shipments,False,17,17,S6,O7,REGION_BASE,REGION,BASE,POWER,"[""POWER#8""]",16.729303920137774,17.229303920137774,True,1
lifecycle,e70960269eec88da76c7fc94e6e135d06a464be3b3c58017f568e3e26a79d27a,20260916,0.11.0,16,supply,shipments,False,17,17,S7,O8,CENTER_REGION,CENTER,REGION,POWER,"[""POWER#10""]",16.729303920137774,17.729303920137774,True,1
lifecycle,e70960269eec88da76c7fc94e6e135d06a464be3b3c58017f568e3e26a79d27a,20260916,0.11.0,16,supply,shipments,False,17,17,S8,O10,REGION_BASE,REGION,BASE,POWER,"[""POWER#9""]",32.800000000000004,33.300000000000004,True,1
lifecycle,e70960269eec88da76c7fc94e6e135d06a464be3b3c58017f568e3e26a79d27a,20260916,0.11.0,16,supply,shipments,False,17,17,S9,O11,CENTER_REGION,CENTER,REGION,POWER,"[""POWER#3""]",32.800000000000004,33.800000000000004,True,1
lifecycle,e70960269eec88da76c7fc94e6e135d06a464be3b3c58017f568e3e26a79d27a,20260916,0.11.0,16,supply,shipments,False,17,17,S10,O12,REGION_BASE,REGION,BASE,POWER,"[""POWER#10""]",40.6,41.1,True,1
lifecycle,e70960269eec88da76c7fc94e6e135d06a464be3b3c58017f568e3e26a79d27a,20260916,0.11.0,16,supply,shipments,False,17,17,S11,O13,CENTER_REGION,CENTER,REGION,POWER,"[""POWER#4""]",40.6,41.6,True,1
lifecycle,e70960269eec88da76c7fc94e6e135d06a464be3b3c58017f568e3e26a79d27a,20260916,0.11.0,16,supply,shipments,False,17,17,S12,O14,REGION_BASE,REGION,BASE,POWER,"[""POWER#3""]",56.800000000000004,57.300000000000004,True,1
lifecycle,e70960269eec88da76c7fc94e6e135d06a464be3b3c58017f568e3e26a79d27a,20260916,0.11.0,16,supply,shipments,False,17,17,S13,O15,CENTER_REGION,CENTER,REGION,POWER,"[""POWER#11""]",56.800000000000004,57.800000000000004,True,1
lifecycle,e70960269eec88da76c7fc94e6e135d06a464be3b3c58017f568e3e26a79d27a,20260916,0.11.0,16,supply,shipments,False,17,17,S14,O16,REGION_BASE,REGION,BASE,POWER,"[""POWER#4""]",60.7,61.2,True,1
lifecycle,e70960269eec88da76c7fc94e6e135d06a464be3b3c58017f568e3e26a79d27a,20260916,0.11.0,16,supply,shipments,False,17,17,S15,O17,CENTER_REGION,CENTER,REGION,POWER,"[""POWER#12""]",60.7,61.7,True,1
lifecycle,e70960269eec88da76c7fc94e6e135d06a464be3b3c58017f568e3e26a79d27a,20260916,0.11.0,16,supply,shipments,False,17,17,S16,O18,REGION_BASE,REGION,BASE,POWER,"[""POWER#11""]",64.6,65.1,True,1
lifecycle,e70960269eec88da76c7fc94e6e135d06a464be3b3c58017f568e3e26a79d27a,20260916,0.11.0,16,supply,shipments,False,17,17,S17,O19,CENTER_REGION,CENTER,REGION,POWER,"[""POWER#5""]",64.6,65.6,True,1
lifecycle,e70960269eec88da76c7fc94e6e135d06a464be3b3c58017f568e3e26a79d27a,20260916,0.11.0,17,supply,shipments,False,15,15,S1,O1,REGION_BASE,REGION,BASE,POWER,"[""POWER#1""]",0,0.5,True,1
lifecycle,e70960269eec88da76c7fc94e6e135d06a464be3b3c58017f568e3e26a79d27a,20260916,0.11.0,17,supply,shipments,False,15,15,S2,O1,CENTER_BASE,CENTER,BASE,POWER,"[""POWER#2""]",0,1.5,True,1
lifecycle,e70960269eec88da76c7fc94e6e135d06a464be3b3c58017f568e3e26a79d27a,20260916,0.11.0,17,supply,shipments,False,15,15,S3,O2,CENTER_REGION,CENTER,REGION,POWER,"[""POWER#7"", ""POWER#8""]",4.0,5.0,True,2
lifecycle,e70960269eec88da76c7fc94e6e135d06a464be3b3c58017f568e3e26a79d27a,20260916,0.11.0,17,supply,shipments,False,15,15,S4,O4,REGION_BASE,REGION,BASE,POWER,"[""POWER#7""]",16.700000000000003,17.200000000000003,True,1
lifecycle,e70960269eec88da76c7fc94e6e135d06a464be3b3c58017f568e3e26a79d27a,20260916,0.11.0,17,supply,shipments,False,15,15,S5,O5,CENTER_REGION,CENTER,REGION,POWER,"[""POWER#9""]",16.700000000000003,17.700000000000003,True,1
lifecycle,e70960269eec88da76c7fc94e6e135d06a464be3b3c58017f568e3e26a79d27a,20260916,0.11.0,17,supply,shipments,False,15,15,S6,O7,REGION_BASE,REGION,BASE,POWER,"[""POWER#8""]",16.800000000000004,17.300000000000004,True,1
lifecycle,e70960269eec88da76c7fc94e6e135d06a464be3b3c58017f568e3e26a79d27a,20260916,0.11.0,17,supply,shipments,False,15,15,S7,O8,CENTER_REGION,CENTER,REGION,POWER,"[""POWER#10""]",16.800000000000004,17.800000000000004,True,1
lifecycle,e70960269eec88da76c7fc94e6e135d06a464be3b3c58017f568e3e26a79d27a,20260916,0.11.0,17,supply,shipments,False,15,15,S8,O10,REGION_BASE,REGION,BASE,POWER,"[""POWER#9""]",32.7,33.2,True,1
lifecycle,e70960269eec88da76c7fc94e6e135d06a464be3b3c58017f568e3e26a79d27a,20260916,0.11.0,17,supply,shipments,False,15,15,S9,O11,CENTER_REGION,CENTER,REGION,POWER,"[""POWER#4""]",32.7,33.7,True,1
lifecycle,e70960269eec88da76c7fc94e6e135d06a464be3b3c58017f568e3e26a79d27a,20260916,0.11.0,17,supply,shipments,False,15,15,S10,O12,REGION_BASE,REGION,BASE,POWER,"[""POWER#10""]",40.6,41.1,True,1
lifecycle,e70960269eec88da76c7fc94e6e135d06a464be3b3c58017f568e3e26a79d27a,20260916,0.11.0,17,supply,shipments,False,15,15,S11,O13,CENTER_REGION,CENTER,REGION,POWER,"[""POWER#3""]",40.6,41.6,True,1
lifecycle,e70960269eec88da76c7fc94e6e135d06a464be3b3c58017f568e3e26a79d27a,20260916,0.11.0,17,supply,shipments,False,15,15,S12,O14,REGION_BASE,REGION,BASE,POWER,"[""POWER#4""]",60.7,61.2,True,1
lifecycle,e70960269eec88da76c7fc94e6e135d06a464be3b3c58017f568e3e26a79d27a,20260916,0.11.0,17,supply,shipments,False,15,15,S13,O15,CENTER_REGION,CENTER,REGION,POWER,"[""POWER#11""]",60.7,61.7,True,1
lifecycle,e70960269eec88da76c7fc94e6e135d06a464be3b3c58017f568e3e26a79d27a,20260916,0.11.0,17,supply,shipments,False,15,15,S14,O16,REGION_BASE,REGION,BASE,POWER,"[""POWER#3"", ""POWER#11""]",64.6,65.1,True,2
lifecycle,e70960269eec88da76c7fc94e6e135d06a464be3b3c58017f568e3e26a79d27a,20260916,0.11.0,17,supply,shipments,False,15,15,S15,O17,CENTER_REGION,CENTER,REGION,POWER,"[""POWER#12"", ""POWER#6""]",64.6,65.6,True,2
lifecycle,e70960269eec88da76c7fc94e6e135d06a464be3b3c58017f568e3e26a79d27a,20260916,0.11.0,18,supply,shipments,False,15,15,S1,O1,REGION_BASE,REGION,BASE,POWER,"[""POWER#1""]",0,0.5,True,1
lifecycle,e70960269eec88da76c7fc94e6e135d06a464be3b3c58017f568e3e26a79d27a,20260916,0.11.0,18,supply,shipments,False,15,15,S2,O1,CENTER_BASE,CENTER,BASE,POWER,"[""POWER#2""]",0,1.5,True,1
lifecycle,e70960269eec88da76c7fc94e6e135d06a464be3b3c58017f568e3e26a79d27a,20260916,0.11.0,18,supply,shipments,False,15,15,S3,O2,CENTER_REGION,CENTER,REGION,POWER,"[""POWER#7"", ""POWER#8""]",4.0,5.0,True,2
lifecycle,e70960269eec88da76c7fc94e6e135d06a464be3b3c58017f568e3e26a79d27a,20260916,0.11.0,18,supply,shipments,False,15,15,S4,O4,REGION_BASE,REGION,BASE,POWER,"[""POWER#7""]",16.800000000000004,17.300000000000004,True,1
lifecycle,e70960269eec88da76c7fc94e6e135d06a464be3b3c58017f568e3e26a79d27a,20260916,0.11.0,18,supply,shipments,False,15,15,S5,O5,CENTER_REGION,CENTER,REGION,POWER,"[""POWER#9""]",16.800000000000004,17.800000000000004,True,1
lifecycle,e70960269eec88da76c7fc94e6e135d06a464be3b3c58017f568e3e26a79d27a,20260916,0.11.0,18,supply,shipments,False,15,15,S6,O7,REGION_BASE,REGION,BASE,POWER,"[""POWER#8""]",32.7,33.2,True,1
lifecycle,e70960269eec88da76c7fc94e6e135d06a464be3b3c58017f568e3e26a79d27a,20260916,0.11.0,18,supply,shipments,False,15,15,S7,O8,CENTER_REGION,CENTER,REGION,POWER,"[""POWER#10""]",32.7,33.7,True,1
lifecycle,e70960269eec88da76c7fc94e6e135d06a464be3b3c58017f568e3e26a79d27a,20260916,0.11.0,18,supply,shipments,False,15,15,S8,O9,REGION_BASE,REGION,BASE,POWER,"[""POWER#9""]",32.800000000000004,33.300000000000004,True,1
lifecycle,e70960269eec88da76c7fc94e6e135d06a464be3b3c58017f568e3e26a79d27a,20260916,0.11.0,18,supply,shipments,False,15,15,S9,O10,CENTER_REGION,CENTER,REGION,POWER,"[""POWER#3""]",32.800000000000004,33.800000000000004,True,1
lifecycle,e70960269eec88da76c7fc94e6e135d06a464be3b3c58017f568e3e26a79d27a,20260916,0.11.0,18,supply,shipments,False,15,15,S10,O12,REGION_BASE,REGION,BASE,POWER,"[""POWER#10""]",36.6,37.1,True,1
lifecycle,e70960269eec88da76c7fc94e6e135d06a464be3b3c58017f568e3e26a79d27a,20260916,0.11.0,18,supply,shipments,False,15,15,S11,O13,CENTER_REGION,CENTER,REGION,POWER,"[""POWER#11""]",36.6,37.6,True,1
lifecycle,e70960269eec88da76c7fc94e6e135d06a464be3b3c58017f568e3e26a79d27a,20260916,0.11.0,18,supply,shipments,False,15,15,S12,O14,REGION_BASE,REGION,BASE,POWER,"[""POWER#3""]",56.7,57.2,True,1
lifecycle,e70960269eec88da76c7fc94e6e135d06a464be3b3c58017f568e3e26a79d27a,20260916,0.11.0,18,supply,shipments,False,15,15,S13,O15,CENTER_REGION,CENTER,REGION,POWER,"[""POWER#6""]",56.7,57.7,True,1
lifecycle,e70960269eec88da76c7fc94e6e135d06a464be3b3c58017f568e3e26a79d27a,20260916,0.11.0,18,supply,shipments,False,15,15,S14,O16,REGION_BASE,REGION,BASE,POWER,"[""POWER#11""]",60.7,61.2,True,1
lifecycle,e70960269eec88da76c7fc94e6e135d06a464be3b3c58017f568e3e26a79d27a,20260916,0.11.0,18,supply,shipments,False,15,15,S15,O17,CENTER_REGION,CENTER,REGION,POWER,"[""POWER#5""]",60.7,61.7,True,1
lifecycle,e70960269eec88da76c7fc94e6e135d06a464be3b3c58017f568e3e26a79d27a,20260916,0.11.0,19,supply,shipments,False,11,11,S1,O1,REGION_BASE,REGION,BASE,POWER,"[""POWER#1""]",0,0.5,True,1
lifecycle,e70960269eec88da76c7fc94e6e135d06a464be3b3c58017f568e3e26a79d27a,20260916,0.11.0,19,supply,shipments,False,11,11,S2,O1,CENTER_BASE,CENTER,BASE,POWER,"[""POWER#2""]",0,1.5,True,1
lifecycle,e70960269eec88da76c7fc94e6e135d06a464be3b3c58017f568e3e26a79d27a,20260916,0.11.0,19,supply,shipments,False,11,11,S3,O2,CENTER_REGION,CENTER,REGION,POWER,"[""POWER#7"", ""POWER#8""]",4.0,5.0,True,2
lifecycle,e70960269eec88da76c7fc94e6e135d06a464be3b3c58017f568e3e26a79d27a,20260916,0.11.0,19,supply,shipments,False,11,11,S4,O4,REGION_BASE,REGION,BASE,POWER,"[""POWER#7""]",32.800000000000004,33.300000000000004,True,1
lifecycle,e70960269eec88da76c7fc94e6e135d06a464be3b3c58017f568e3e26a79d27a,20260916,0.11.0,19,supply,shipments,False,11,11,S5,O5,CENTER_REGION,CENTER,REGION,POWER,"[""POWER#9""]",32.800000000000004,33.800000000000004,True,1
lifecycle,e70960269eec88da76c7fc94e6e135d06a464be3b3c58017f568e3e26a79d27a,20260916,0.11.0,19,supply,shipments,False,11,11,S6,O7,REGION_BASE,REGION,BASE,POWER,"[""POWER#8"", ""POWER#9""]",36.6,37.1,True,2
lifecycle,e70960269eec88da76c7fc94e6e135d06a464be3b3c58017f568e3e26a79d27a,20260916,0.11.0,19,supply,shipments,False,11,11,S7,O8,CENTER_REGION,CENTER,REGION,POWER,"[""POWER#10"", ""POWER#5""]",36.6,37.6,True,2
lifecycle,e70960269eec88da76c7fc94e6e135d06a464be3b3c58017f568e3e26a79d27a,20260916,0.11.0,19,supply,shipments,False,11,11,S8,O10,REGION_BASE,REGION,BASE,POWER,"[""POWER#10""]",40.6,41.1,True,1
lifecycle,e70960269eec88da76c7fc94e6e135d06a464be3b3c58017f568e3e26a79d27a,20260916,0.11.0,19,supply,shipments,False,11,11,S9,O11,CENTER_REGION,CENTER,REGION,POWER,"[""POWER#11""]",40.6,41.6,True,1
lifecycle,e70960269eec88da76c7fc94e6e135d06a464be3b3c58017f568e3e26a79d27a,20260916,0.11.0,19,supply,shipments,False,11,11,S10,O13,REGION_BASE,REGION,BASE,POWER,"[""POWER#5""]",63.11250758102755,63.61250758102755,True,1
lifecycle,e70960269eec88da76c7fc94e6e135d06a464be3b3c58017f568e3e26a79d27a,20260916,0.11.0,19,supply,shipments,False,11,11,S11,O14,CENTER_REGION,CENTER,REGION,POWER,"[""POWER#12""]",63.11250758102755,64.11250758102756,True,1
lifecycle,e70960269eec88da76c7fc94e6e135d06a464be3b3c58017f568e3e26a79d27a,20260916,0.11.0,20,supply,shipments,False,19,19,S1,O1,REGION_BASE,REGION,BASE,POWER,"[""POWER#1""]",0,0.5,True,1
lifecycle,e70960269eec88da76c7fc94e6e135d06a464be3b3c58017f568e3e26a79d27a,20260916,0.11.0,20,supply,shipments,False,19,19,S2,O1,CENTER_BASE,CENTER,BASE,POWER,"[""POWER#2""]",0,1.5,True,1
lifecycle,e70960269eec88da76c7fc94e6e135d06a464be3b3c58017f568e3e26a79d27a,20260916,0.11.0,20,supply,shipments,False,19,19,S3,O2,CENTER_REGION,CENTER,REGION,POWER,"[""POWER#7"", ""POWER#8""]",4.0,5.0,True,2
lifecycle,e70960269eec88da76c7fc94e6e135d06a464be3b3c58017f568e3e26a79d27a,20260916,0.11.0,20,supply,shipments,False,19,19,S4,O4,REGION_BASE,REGION,BASE,POWER,"[""POWER#7""]",6.647751139948372,7.147751139948372,True,1
lifecycle,e70960269eec88da76c7fc94e6e135d06a464be3b3c58017f568e3e26a79d27a,20260916,0.11.0,20,supply,shipments,False,19,19,S5,O5,CENTER_REGION,CENTER,REGION,POWER,"[""POWER#9""]",6.647751139948372,7.647751139948372,True,1
lifecycle,e70960269eec88da76c7fc94e6e135d06a464be3b3c58017f568e3e26a79d27a,20260916,0.11.0,20,supply,shipments,False,19,19,S6,O7,REGION_BASE,REGION,BASE,POWER,"[""POWER#8""]",32.7,33.2,True,1
lifecycle,e70960269eec88da76c7fc94e6e135d06a464be3b3c58017f568e3e26a79d27a,20260916,0.11.0,20,supply,shipments,False,19,19,S7,O8,CENTER_REGION,CENTER,REGION,POWER,"[""POWER#10""]",32.7,33.7,True,1
lifecycle,e70960269eec88da76c7fc94e6e135d06a464be3b3c58017f568e3e26a79d27a,20260916,0.11.0,20,supply,shipments,False,19,19,S8,O9,REGION_BASE,REGION,BASE,POWER,"[""POWER#9""]",36.7,37.2,True,1
lifecycle,e70960269eec88da76c7fc94e6e135d06a464be3b3c58017f568e3e26a79d27a,20260916,0.11.0,20,supply,shipments,False,19,19,S9,O10,CENTER_REGION,CENTER,REGION,POWER,"[""POWER#4""]",36.7,37.7,True,1
lifecycle,e70960269eec88da76c7fc94e6e135d06a464be3b3c58017f568e3e26a79d27a,20260916,0.11.0,20,supply,shipments,False,19,19,S10,O11,REGION_BASE,REGION,BASE,POWER,"[""POWER#10""]",36.800000000000004,37.300000000000004,True,1
lifecycle,e70960269eec88da76c7fc94e6e135d06a464be3b3c58017f568e3e26a79d27a,20260916,0.11.0,20,supply,shipments,False,19,19,S11,O12,CENTER_REGION,CENTER,REGION,POWER,"[""POWER#11""]",36.800000000000004,37.800000000000004,True,1
lifecycle,e70960269eec88da76c7fc94e6e135d06a464be3b3c58017f568e3e26a79d27a,20260916,0.11.0,20,supply,shipments,False,19,19,S12,O14,REGION_BASE,REGION,BASE,POWER,"[""POWER#4""]",40.6,41.1,True,1
lifecycle,e70960269eec88da76c7fc94e6e135d06a464be3b3c58017f568e3e26a79d27a,20260916,0.11.0,20,supply,shipments,False,19,19,S13,O15,CENTER_REGION,CENTER,REGION,POWER,"[""POWER#6""]",40.6,41.6,True,1
lifecycle,e70960269eec88da76c7fc94e6e135d06a464be3b3c58017f568e3e26a79d27a,20260916,0.11.0,20,supply,shipments,False,19,19,S14,O16,REGION_BASE,REGION,BASE,POWER,"[""POWER#11""]",56.42996406409169,56.92996406409169,True,1
lifecycle,e70960269eec88da76c7fc94e6e135d06a464be3b3c58017f568e3e26a79d27a,20260916,0.11.0,20,supply,shipments,False,19,19,S15,O17,CENTER_REGION,CENTER,REGION,POWER,"[""POWER#1""]",56.42996406409169,57.42996406409169,True,1
lifecycle,e70960269eec88da76c7fc94e6e135d06a464be3b3c58017f568e3e26a79d27a,20260916,0.11.0,20,supply,shipments,False,19,19,S16,O18,REGION_BASE,REGION,BASE,POWER,"[""POWER#6""]",60.7,61.2,True,1
lifecycle,e70960269eec88da76c7fc94e6e135d06a464be3b3c58017f568e3e26a79d27a,20260916,0.11.0,20,supply,shipments,False,19,19,S17,O19,CENTER_REGION,CENTER,REGION,POWER,"[""POWER#3""]",60.7,61.7,True,1
lifecycle,e70960269eec88da76c7fc94e6e135d06a464be3b3c58017f568e3e26a79d27a,20260916,0.11.0,20,supply,shipments,False,19,19,S18,O20,REGION_BASE,REGION,BASE,POWER,"[""POWER#1""]",64.69999999999999,65.19999999999999,True,1
lifecycle,e70960269eec88da76c7fc94e6e135d06a464be3b3c58017f568e3e26a79d27a,20260916,0.11.0,20,supply,shipments,False,19,19,S19,O21,CENTER_REGION,CENTER,REGION,POWER,"[""POWER#12""]",64.69999999999999,65.69999999999999,True,1
lifecycle,e70960269eec88da76c7fc94e6e135d06a464be3b3c58017f568e3e26a79d27a,20260916,0.11.0,21,supply,shipments,False,15,15,S1,O1,REGION_BASE,REGION,BASE,POWER,"[""POWER#1""]",0,0.5,True,1
lifecycle,e70960269eec88da76c7fc94e6e135d06a464be3b3c58017f568e3e26a79d27a,20260916,0.11.0,21,supply,shipments,False,15,15,S2,O1,CENTER_BASE,CENTER,BASE,POWER,"[""POWER#2""]",0,1.5,True,1
lifecycle,e70960269eec88da76c7fc94e6e135d06a464be3b3c58017f568e3e26a79d27a,20260916,0.11.0,21,supply,shipments,False,15,15,S3,O2,CENTER_REGION,CENTER,REGION,POWER,"[""POWER#7"", ""POWER#8""]",4.0,5.0,True,2
lifecycle,e70960269eec88da76c7fc94e6e135d06a464be3b3c58017f568e3e26a79d27a,20260916,0.11.0,21,supply,shipments,False,15,15,S4,O4,REGION_BASE,REGION,BASE,POWER,"[""POWER#7""]",16.800000000000004,17.300000000000004,True,1
lifecycle,e70960269eec88da76c7fc94e6e135d06a464be3b3c58017f568e3e26a79d27a,20260916,0.11.0,21,supply,shipments,False,15,15,S5,O5,CENTER_REGION,CENTER,REGION,POWER,"[""POWER#9""]",16.800000000000004,17.800000000000004,True,1
lifecycle,e70960269eec88da76c7fc94e6e135d06a464be3b3c58017f568e3e26a79d27a,20260916,0.11.0,21,supply,shipments,False,15,15,S6,O7,REGION_BASE,REGION,BASE,POWER,"[""POWER#8""]",32.7,33.2,True,1
lifecycle,e70960269eec88da76c7fc94e6e135d06a464be3b3c58017f568e3e26a79d27a,20260916,0.11.0,21,supply,shipments,False,15,15,S7,O8,CENTER_REGION,CENTER,REGION,POWER,"[""POWER#10""]",32.7,33.7,True,1
lifecycle,e70960269eec88da76c7fc94e6e135d06a464be3b3c58017f568e3e26a79d27a,20260916,0.11.0,21,supply,shipments,False,15,15,S8,O9,REGION_BASE,REGION,BASE,POWER,"[""POWER#9""]",32.800000000000004,33.300000000000004,True,1
lifecycle,e70960269eec88da76c7fc94e6e135d06a464be3b3c58017f568e3e26a79d27a,20260916,0.11.0,21,supply,shipments,False,15,15,S9,O10,CENTER_REGION,CENTER,REGION,POWER,"[""POWER#3""]",32.800000000000004,33.800000000000004,True,1
lifecycle,e70960269eec88da76c7fc94e6e135d06a464be3b3c58017f568e3e26a79d27a,20260916,0.11.0,21,supply,shipments,False,15,15,S10,O12,REGION_BASE,REGION,BASE,POWER,"[""POWER#10""]",36.6,37.1,True,1
lifecycle,e70960269eec88da76c7fc94e6e135d06a464be3b3c58017f568e3e26a79d27a,20260916,0.11.0,21,supply,shipments,False,15,15,S11,O13,CENTER_REGION,CENTER,REGION,POWER,"[""POWER#11""]",36.6,37.6,True,1
lifecycle,e70960269eec88da76c7fc94e6e135d06a464be3b3c58017f568e3e26a79d27a,20260916,0.11.0,21,supply,shipments,False,15,15,S12,O14,REGION_BASE,REGION,BASE,POWER,"[""POWER#3""]",56.7,57.2,True,1
lifecycle,e70960269eec88da76c7fc94e6e135d06a464be3b3c58017f568e3e26a79d27a,20260916,0.11.0,21,supply,shipments,False,15,15,S13,O15,CENTER_REGION,CENTER,REGION,POWER,"[""POWER#6""]",56.7,57.7,True,1
lifecycle,e70960269eec88da76c7fc94e6e135d06a464be3b3c58017f568e3e26a79d27a,20260916,0.11.0,21,supply,shipments,False,15,15,S14,O16,REGION_BASE,REGION,BASE,POWER,"[""POWER#11""]",64.69999999999999,65.19999999999999,True,1
lifecycle,e70960269eec88da76c7fc94e6e135d06a464be3b3c58017f568e3e26a79d27a,20260916,0.11.0,21,supply,shipments,False,15,15,S15,O17,CENTER_REGION,CENTER,REGION,POWER,"[""POWER#5""]",64.69999999999999,65.69999999999999,True,1
lifecycle,e70960269eec88da76c7fc94e6e135d06a464be3b3c58017f568e3e26a79d27a,20260916,0.11.0,22,supply,shipments,False,13,13,S1,O1,REGION_BASE,REGION,BASE,POWER,"[""POWER#1""]",0,0.5,True,1
lifecycle,e70960269eec88da76c7fc94e6e135d06a464be3b3c58017f568e3e26a79d27a,20260916,0.11.0,22,supply,shipments,False,13,13,S2,O1,CENTER_BASE,CENTER,BASE,POWER,"[""POWER#2""]",0,1.5,True,1
lifecycle,e70960269eec88da76c7fc94e6e135d06a464be3b3c58017f568e3e26a79d27a,20260916,0.11.0,22,supply,shipments,False,13,13,S3,O2,CENTER_REGION,CENTER,REGION,POWER,"[""POWER#7"", ""POWER#8""]",4.0,5.0,True,2
lifecycle,e70960269eec88da76c7fc94e6e135d06a464be3b3c58017f568e3e26a79d27a,20260916,0.11.0,22,supply,shipments,False,13,13,S4,O4,REGION_BASE,REGION,BASE,POWER,"[""POWER#7""]",16.700000000000003,17.200000000000003,True,1
lifecycle,e70960269eec88da76c7fc94e6e135d06a464be3b3c58017f568e3e26a79d27a,20260916,0.11.0,22,supply,shipments,False,13,13,S5,O5,CENTER_REGION,CENTER,REGION,POWER,"[""POWER#9""]",16.700000000000003,17.700000000000003,True,1
lifecycle,e70960269eec88da76c7fc94e6e135d06a464be3b3c58017f568e3e26a79d27a,20260916,0.11.0,22,supply,shipments,False,13,13,S6,O7,REGION_BASE,REGION,BASE,POWER,"[""POWER#8""]",31.133640400741946,31.633640400741946,True,1
lifecycle,e70960269eec88da76c7fc94e6e135d06a464be3b3c58017f568e3e26a79d27a,20260916,0.11.0,22,supply,shipments,False,13,13,S7,O8,CENTER_REGION,CENTER,REGION,POWER,"[""POWER#10""]",31.133640400741946,32.133640400741946,True,1
lifecycle,e70960269eec88da76c7fc94e6e135d06a464be3b3c58017f568e3e26a79d27a,20260916,0.11.0,22,supply,shipments,False,13,13,S8,O9,REGION_BASE,REGION,BASE,POWER,"[""POWER#9""]",36.6,37.1,True,1
lifecycle,e70960269eec88da76c7fc94e6e135d06a464be3b3c58017f568e3e26a79d27a,20260916,0.11.0,22,supply,shipments,False,13,13,S9,O10,CENTER_REGION,CENTER,REGION,POWER,"[""POWER#4""]",36.6,37.6,True,1
lifecycle,e70960269eec88da76c7fc94e6e135d06a464be3b3c58017f568e3e26a79d27a,20260916,0.11.0,22,supply,shipments,False,13,13,S10,O11,REGION_BASE,REGION,BASE,POWER,"[""POWER#10""]",56.7,57.2,True,1
lifecycle,e70960269eec88da76c7fc94e6e135d06a464be3b3c58017f568e3e26a79d27a,20260916,0.11.0,22,supply,shipments,False,13,13,S11,O12,CENTER_REGION,CENTER,REGION,POWER,"[""POWER#11""]",56.7,57.7,True,1
lifecycle,e70960269eec88da76c7fc94e6e135d06a464be3b3c58017f568e3e26a79d27a,20260916,0.11.0,22,supply,shipments,False,13,13,S12,O14,REGION_BASE,REGION,BASE,POWER,"[""POWER#4""]",60.6,61.1,True,1
lifecycle,e70960269eec88da76c7fc94e6e135d06a464be3b3c58017f568e3e26a79d27a,20260916,0.11.0,22,supply,shipments,False,13,13,S13,O15,CENTER_REGION,CENTER,REGION,POWER,"[""POWER#5""]",60.6,61.6,True,1
lifecycle,e70960269eec88da76c7fc94e6e135d06a464be3b3c58017f568e3e26a79d27a,20260916,0.11.0,23,supply,shipments,False,15,15,S1,O1,REGION_BASE,REGION,BASE,POWER,"[""POWER#1""]",0,0.5,True,1
lifecycle,e70960269eec88da76c7fc94e6e135d06a464be3b3c58017f568e3e26a79d27a,20260916,0.11.0,23,supply,shipments,False,15,15,S2,O1,CENTER_BASE,CENTER,BASE,POWER,"[""POWER#2""]",0,1.5,True,1
lifecycle,e70960269eec88da76c7fc94e6e135d06a464be3b3c58017f568e3e26a79d27a,20260916,0.11.0,23,supply,shipments,False,15,15,S3,O2,CENTER_REGION,CENTER,REGION,POWER,"[""POWER#7"", ""POWER#8""]",4.0,5.0,True,2
lifecycle,e70960269eec88da76c7fc94e6e135d06a464be3b3c58017f568e3e26a79d27a,20260916,0.11.0,23,supply,shipments,False,15,15,S4,O4,REGION_BASE,REGION,BASE,POWER,"[""POWER#7""]",32.800000000000004,33.300000000000004,True,1
lifecycle,e70960269eec88da76c7fc94e6e135d06a464be3b3c58017f568e3e26a79d27a,20260916,0.11.0,23,supply,shipments,False,15,15,S5,O5,CENTER_REGION,CENTER,REGION,POWER,"[""POWER#9""]",32.800000000000004,33.800000000000004,True,1
lifecycle,e70960269eec88da76c7fc94e6e135d06a464be3b3c58017f568e3e26a79d27a,20260916,0.11.0,23,supply,shipments,False,15,15,S6,O7,REGION_BASE,REGION,BASE,POWER,"[""POWER#8"", ""POWER#9""]",36.6,37.1,True,2
lifecycle,e70960269eec88da76c7fc94e6e135d06a464be3b3c58017f568e3e26a79d27a,20260916,0.11.0,23,supply,shipments,False,15,15,S7,O8,CENTER_REGION,CENTER,REGION,POWER,"[""POWER#10"", ""POWER#5""]",36.6,37.6,True,2
lifecycle,e70960269eec88da76c7fc94e6e135d06a464be3b3c58017f568e3e26a79d27a,20260916,0.11.0,23,supply,shipments,False,15,15,S8,O10,REGION_BASE,REGION,BASE,POWER,"[""POWER#10""]",40.53752630928575,41.03752630928575,True,1
lifecycle,e70960269eec88da76c7fc94e6e135d06a464be3b3c58017f568e3e26a79d27a,20260916,0.11.0,23,supply,shipments,False,15,15,S9,O11,CENTER_REGION,CENTER,REGION,POWER,"[""POWER#11""]",40.53752630928575,41.53752630928575,True,1
lifecycle,e70960269eec88da76c7fc94e6e135d06a464be3b3c58017f568e3e26a79d27a,20260916,0.11.0,23,supply,shipments,False,15,15,S10,O13,REGION_BASE,REGION,BASE,POWER,"[""POWER#5""]",40.637526309285754,41.137526309285754,True,1
lifecycle,e70960269eec88da76c7fc94e6e135d06a464be3b3c58017f568e3e26a79d27a,20260916,0.11.0,23,supply,shipments,False,15,15,S11,O14,CENTER_REGION,CENTER,REGION,POWER,"[""POWER#12""]",40.637526309285754,41.637526309285754,True,1
lifecycle,e70960269eec88da76c7fc94e6e135d06a464be3b3c58017f568e3e26a79d27a,20260916,0.11.0,23,supply,shipments,False,15,15,S12,O16,REGION_BASE,REGION,BASE,POWER,"[""POWER#11""]",59.4317478023444,59.9317478023444,True,1
lifecycle,e70960269eec88da76c7fc94e6e135d06a464be3b3c58017f568e3e26a79d27a,20260916,0.11.0,23,supply,shipments,False,15,15,S13,O17,CENTER_REGION,CENTER,REGION,POWER,"[""POWER#1""]",59.4317478023444,60.4317478023444,True,1
lifecycle,e70960269eec88da76c7fc94e6e135d06a464be3b3c58017f568e3e26a79d27a,20260916,0.11.0,23,supply,shipments,False,15,15,S14,O18,REGION_BASE,REGION,BASE,POWER,"[""POWER#12""]",64.79999999999998,65.29999999999998,True,1
lifecycle,e70960269eec88da76c7fc94e6e135d06a464be3b3c58017f568e3e26a79d27a,20260916,0.11.0,23,supply,shipments,False,15,15,S15,O19,CENTER_REGION,CENTER,REGION,POWER,"[""POWER#13""]",64.79999999999998,65.79999999999998,True,1
lifecycle,e70960269eec88da76c7fc94e6e135d06a464be3b3c58017f568e3e26a79d27a,20260916,0.11.0,24,supply,shipments,False,13,13,S1,O1,REGION_BASE,REGION,BASE,POWER,"[""POWER#1""]",0,0.5,True,1
lifecycle,e70960269eec88da76c7fc94e6e135d06a464be3b3c58017f568e3e26a79d27a,20260916,0.11.0,24,supply,shipments,False,13,13,S2,O1,CENTER_BASE,CENTER,BASE,POWER,"[""POWER#2""]",0,1.5,True,1
lifecycle,e70960269eec88da76c7fc94e6e135d06a464be3b3c58017f568e3e26a79d27a,20260916,0.11.0,24,supply,shipments,False,13,13,S3,O2,CENTER_REGION,CENTER,REGION,POWER,"[""POWER#7"", ""POWER#8""]",4.0,5.0,True,2
lifecycle,e70960269eec88da76c7fc94e6e135d06a464be3b3c58017f568e3e26a79d27a,20260916,0.11.0,24,supply,shipments,False,13,13,S4,O4,REGION_BASE,REGION,BASE,POWER,"[""POWER#7""]",16.800000000000004,17.300000000000004,True,1
lifecycle,e70960269eec88da76c7fc94e6e135d06a464be3b3c58017f568e3e26a79d27a,20260916,0.11.0,24,supply,shipments,False,13,13,S5,O5,CENTER_REGION,CENTER,REGION,POWER,"[""POWER#9""]",16.800000000000004,17.800000000000004,True,1
lifecycle,e70960269eec88da76c7fc94e6e135d06a464be3b3c58017f568e3e26a79d27a,20260916,0.11.0,24,supply,shipments,False,13,13,S6,O7,REGION_BASE,REGION,BASE,POWER,"[""POWER#8""]",32.7,33.2,True,1
lifecycle,e70960269eec88da76c7fc94e6e135d06a464be3b3c58017f568e3e26a79d27a,20260916,0.11.0,24,supply,shipments,False,13,13,S7,O8,CENTER_REGION,CENTER,REGION,POWER,"[""POWER#10""]",32.7,33.7,True,1
lifecycle,e70960269eec88da76c7fc94e6e135d06a464be3b3c58017f568e3e26a79d27a,20260916,0.11.0,24,supply,shipments,False,13,13,S8,O9,REGION_BASE,REGION,BASE,POWER,"[""POWER#9""]",36.6,37.1,True,1
lifecycle,e70960269eec88da76c7fc94e6e135d06a464be3b3c58017f568e3e26a79d27a,20260916,0.11.0,24,supply,shipments,False,13,13,S9,O10,CENTER_REGION,CENTER,REGION,POWER,"[""POWER#3""]",36.6,37.6,True,1
lifecycle,e70960269eec88da76c7fc94e6e135d06a464be3b3c58017f568e3e26a79d27a,20260916,0.11.0,24,supply,shipments,False,13,13,S10,O11,REGION_BASE,REGION,BASE,POWER,"[""POWER#10""]",40.6,41.1,True,1
lifecycle,e70960269eec88da76c7fc94e6e135d06a464be3b3c58017f568e3e26a79d27a,20260916,0.11.0,24,supply,shipments,False,13,13,S11,O12,CENTER_REGION,CENTER,REGION,POWER,"[""POWER#11""]",40.6,41.6,True,1
lifecycle,e70960269eec88da76c7fc94e6e135d06a464be3b3c58017f568e3e26a79d27a,20260916,0.11.0,24,supply,shipments,False,13,13,S12,O14,REGION_BASE,REGION,BASE,POWER,"[""POWER#3""]",64.6,65.1,True,1
lifecycle,e70960269eec88da76c7fc94e6e135d06a464be3b3c58017f568e3e26a79d27a,20260916,0.11.0,24,supply,shipments,False,13,13,S13,O15,CENTER_REGION,CENTER,REGION,POWER,"[""POWER#6""]",64.6,65.6,True,1
lifecycle,e70960269eec88da76c7fc94e6e135d06a464be3b3c58017f568e3e26a79d27a,20260916,0.11.0,25,supply,shipments,False,17,17,S1,O1,REGION_BASE,REGION,BASE,POWER,"[""POWER#1""]",0,0.5,True,1
lifecycle,e70960269eec88da76c7fc94e6e135d06a464be3b3c58017f568e3e26a79d27a,20260916,0.11.0,25,supply,shipments,False,17,17,S2,O1,CENTER_BASE,CENTER,BASE,POWER,"[""POWER#2""]",0,1.5,True,1
lifecycle,e70960269eec88da76c7fc94e6e135d06a464be3b3c58017f568e3e26a79d27a,20260916,0.11.0,25,supply,shipments,False,17,17,S3,O2,CENTER_REGION,CENTER,REGION,POWER,"[""POWER#7"", ""POWER#8""]",4.0,5.0,True,2
lifecycle,e70960269eec88da76c7fc94e6e135d06a464be3b3c58017f568e3e26a79d27a,20260916,0.11.0,25,supply,shipments,False,17,17,S4,O4,REGION_BASE,REGION,BASE,POWER,"[""POWER#7""]",16.700000000000003,17.200000000000003,True,1
lifecycle,e70960269eec88da76c7fc94e6e135d06a464be3b3c58017f568e3e26a79d27a,20260916,0.11.0,25,supply,shipments,False,17,17,S5,O5,CENTER_REGION,CENTER,REGION,POWER,"[""POWER#9""]",16.700000000000003,17.700000000000003,True,1
lifecycle,e70960269eec88da76c7fc94e6e135d06a464be3b3c58017f568e3e26a79d27a,20260916,0.11.0,25,supply,shipments,False,17,17,S6,O7,REGION_BASE,REGION,BASE,POWER,"[""POWER#8""]",16.800000000000004,17.300000000000004,True,1
lifecycle,e70960269eec88da76c7fc94e6e135d06a464be3b3c58017f568e3e26a79d27a,20260916,0.11.0,25,supply,shipments,False,17,17,S7,O8,CENTER_REGION,CENTER,REGION,POWER,"[""POWER#10""]",16.800000000000004,17.800000000000004,True,1
lifecycle,e70960269eec88da76c7fc94e6e135d06a464be3b3c58017f568e3e26a79d27a,20260916,0.11.0,25,supply,shipments,False,17,17,S8,O10,REGION_BASE,REGION,BASE,POWER,"[""POWER#9""]",32.800000000000004,33.300000000000004,True,1
lifecycle,e70960269eec88da76c7fc94e6e135d06a464be3b3c58017f568e3e26a79d27a,20260916,0.11.0,25,supply,shipments,False,17,17,S9,O11,CENTER_REGION,CENTER,REGION,POWER,"[""POWER#4""]",32.800000000000004,33.800000000000004,True,1
lifecycle,e70960269eec88da76c7fc94e6e135d06a464be3b3c58017f568e3e26a79d27a,20260916,0.11.0,25,supply,shipments,False,17,17,S10,O12,REGION_BASE,REGION,BASE,POWER,"[""POWER#10""]",40.6,41.1,True,1
lifecycle,e70960269eec88da76c7fc94e6e135d06a464be3b3c58017f568e3e26a79d27a,20260916,0.11.0,25,supply,shipments,False,17,17,S11,O13,CENTER_REGION,CENTER,REGION,POWER,"[""POWER#3""]",40.6,41.6,True,1
lifecycle,e70960269eec88da76c7fc94e6e135d06a464be3b3c58017f568e3e26a79d27a,20260916,0.11.0,25,supply,shipments,False,17,17,S12,O14,REGION_BASE,REGION,BASE,POWER,"[""POWER#4""]",56.800000000000004,57.300000000000004,True,1
lifecycle,e70960269eec88da76c7fc94e6e135d06a464be3b3c58017f568e3e26a79d27a,20260916,0.11.0,25,supply,shipments,False,17,17,S13,O15,CENTER_REGION,CENTER,REGION,POWER,"[""POWER#11""]",56.800000000000004,57.800000000000004,True,1
lifecycle,e70960269eec88da76c7fc94e6e135d06a464be3b3c58017f568e3e26a79d27a,20260916,0.11.0,25,supply,shipments,False,17,17,S14,O16,REGION_BASE,REGION,BASE,POWER,"[""POWER#3""]",60.7,61.2,True,1
lifecycle,e70960269eec88da76c7fc94e6e135d06a464be3b3c58017f568e3e26a79d27a,20260916,0.11.0,25,supply,shipments,False,17,17,S15,O17,CENTER_REGION,CENTER,REGION,POWER,"[""POWER#12""]",60.7,61.7,True,1
lifecycle,e70960269eec88da76c7fc94e6e135d06a464be3b3c58017f568e3e26a79d27a,20260916,0.11.0,25,supply,shipments,False,17,17,S16,O18,REGION_BASE,REGION,BASE,POWER,"[""POWER#11""]",64.6,65.1,True,1
lifecycle,e70960269eec88da76c7fc94e6e135d06a464be3b3c58017f568e3e26a79d27a,20260916,0.11.0,25,supply,shipments,False,17,17,S17,O19,CENTER_REGION,CENTER,REGION,POWER,"[""POWER#5""]",64.6,65.6,True,1
lifecycle,e70960269eec88da76c7fc94e6e135d06a464be3b3c58017f568e3e26a79d27a,20260916,0.11.0,26,supply,shipments,False,11,11,S1,O1,REGION_BASE,REGION,BASE,POWER,"[""POWER#1""]",0,0.5,True,1
lifecycle,e70960269eec88da76c7fc94e6e135d06a464be3b3c58017f568e3e26a79d27a,20260916,0.11.0,26,supply,shipments,False,11,11,S2,O1,CENTER_BASE,CENTER,BASE,POWER,"[""POWER#2""]",0,1.5,True,1
lifecycle,e70960269eec88da76c7fc94e6e135d06a464be3b3c58017f568e3e26a79d27a,20260916,0.11.0,26,supply,shipments,False,11,11,S3,O2,CENTER_REGION,CENTER,REGION,POWER,"[""POWER#7"", ""POWER#8""]",4.0,5.0,True,2
lifecycle,e70960269eec88da76c7fc94e6e135d06a464be3b3c58017f568e3e26a79d27a,20260916,0.11.0,26,supply,shipments,False,11,11,S4,O4,REGION_BASE,REGION,BASE,POWER,"[""POWER#7""]",32.800000000000004,33.300000000000004,True,1
lifecycle,e70960269eec88da76c7fc94e6e135d06a464be3b3c58017f568e3e26a79d27a,20260916,0.11.0,26,supply,shipments,False,11,11,S5,O5,CENTER_REGION,CENTER,REGION,POWER,"[""POWER#9""]",32.800000000000004,33.800000000000004,True,1
lifecycle,e70960269eec88da76c7fc94e6e135d06a464be3b3c58017f568e3e26a79d27a,20260916,0.11.0,26,supply,shipments,False,11,11,S6,O7,REGION_BASE,REGION,BASE,POWER,"[""POWER#8"", ""POWER#9""]",36.6,37.1,True,2
lifecycle,e70960269eec88da76c7fc94e6e135d06a464be3b3c58017f568e3e26a79d27a,20260916,0.11.0,26,supply,shipments,False,11,11,S7,O8,CENTER_REGION,CENTER,REGION,POWER,"[""POWER#10"", ""POWER#5""]",36.6,37.6,True,2
lifecycle,e70960269eec88da76c7fc94e6e135d06a464be3b3c58017f568e3e26a79d27a,20260916,0.11.0,26,supply,shipments,False,11,11,S8,O10,REGION_BASE,REGION,BASE,POWER,"[""POWER#10""]",40.6,41.1,True,1
lifecycle,e70960269eec88da76c7fc94e6e135d06a464be3b3c58017f568e3e26a79d27a,20260916,0.11.0,26,supply,shipments,False,11,11,S9,O11,CENTER_REGION,CENTER,REGION,POWER,"[""POWER#11""]",40.6,41.6,True,1
lifecycle,e70960269eec88da76c7fc94e6e135d06a464be3b3c58017f568e3e26a79d27a,20260916,0.11.0,26,supply,shipments,False,11,11,S10,O13,REGION_BASE,REGION,BASE,POWER,"[""POWER#5""]",60.7,61.2,True,1
lifecycle,e70960269eec88da76c7fc94e6e135d06a464be3b3c58017f568e3e26a79d27a,20260916,0.11.0,26,supply,shipments,False,11,11,S11,O14,CENTER_REGION,CENTER,REGION,POWER,"[""POWER#12""]",60.7,61.7,True,1
lifecycle,e70960269eec88da76c7fc94e6e135d06a464be3b3c58017f568e3e26a79d27a,20260916,0.11.0,27,supply,shipments,False,11,11,S1,O1,REGION_BASE,REGION,BASE,POWER,"[""POWER#1""]",0,0.5,True,1
lifecycle,e70960269eec88da76c7fc94e6e135d06a464be3b3c58017f568e3e26a79d27a,20260916,0.11.0,27,supply,shipments,False,11,11,S2,O1,CENTER_BASE,CENTER,BASE,POWER,"[""POWER#2""]",0,1.5,True,1
lifecycle,e70960269eec88da76c7fc94e6e135d06a464be3b3c58017f568e3e26a79d27a,20260916,0.11.0,27,supply,shipments,False,11,11,S3,O2,CENTER_REGION,CENTER,REGION,POWER,"[""POWER#7"", ""POWER#8""]",4.0,5.0,True,2
lifecycle,e70960269eec88da76c7fc94e6e135d06a464be3b3c58017f568e3e26a79d27a,20260916,0.11.0,27,supply,shipments,False,11,11,S4,O4,REGION_BASE,REGION,BASE,POWER,"[""POWER#7""]",16.700000000000003,17.200000000000003,True,1
lifecycle,e70960269eec88da76c7fc94e6e135d06a464be3b3c58017f568e3e26a79d27a,20260916,0.11.0,27,supply,shipments,False,11,11,S5,O5,CENTER_REGION,CENTER,REGION,POWER,"[""POWER#9""]",16.700000000000003,17.700000000000003,True,1
lifecycle,e70960269eec88da76c7fc94e6e135d06a464be3b3c58017f568e3e26a79d27a,20260916,0.11.0,27,supply,shipments,False,11,11,S6,O7,REGION_BASE,REGION,BASE,POWER,"[""POWER#8""]",16.800000000000004,17.300000000000004,True,1
lifecycle,e70960269eec88da76c7fc94e6e135d06a464be3b3c58017f568e3e26a79d27a,20260916,0.11.0,27,supply,shipments,False,11,11,S7,O8,CENTER_REGION,CENTER,REGION,POWER,"[""POWER#10""]",16.800000000000004,17.800000000000004,True,1
lifecycle,e70960269eec88da76c7fc94e6e135d06a464be3b3c58017f568e3e26a79d27a,20260916,0.11.0,27,supply,shipments,False,11,11,S8,O10,REGION_BASE,REGION,BASE,POWER,"[""POWER#9"", ""POWER#10""]",40.6,41.1,True,2
lifecycle,e70960269eec88da76c7fc94e6e135d06a464be3b3c58017f568e3e26a79d27a,20260916,0.11.0,27,supply,shipments,False,11,11,S9,O11,CENTER_REGION,CENTER,REGION,POWER,"[""POWER#4"", ""POWER#3""]",40.6,41.6,True,2
lifecycle,e70960269eec88da76c7fc94e6e135d06a464be3b3c58017f568e3e26a79d27a,20260916,0.11.0,27,supply,shipments,False,11,11,S10,O12,REGION_BASE,REGION,BASE,POWER,"[""POWER#4"", ""POWER#3""]",64.6,65.1,True,2
lifecycle,e70960269eec88da76c7fc94e6e135d06a464be3b3c58017f568e3e26a79d27a,20260916,0.11.0,27,supply,shipments,False,11,11,S11,O13,CENTER_REGION,CENTER,REGION,POWER,"[""POWER#11"", ""POWER#12""]",64.6,65.6,True,2
lifecycle,e70960269eec88da76c7fc94e6e135d06a464be3b3c58017f568e3e26a79d27a,20260916,0.11.0,28,supply,shipments,False,19,19,S1,O1,REGION_BASE,REGION,BASE,POWER,"[""POWER#1""]",0,0.5,True,1
lifecycle,e70960269eec88da76c7fc94e6e135d06a464be3b3c58017f568e3e26a79d27a,20260916,0.11.0,28,supply,shipments,False,19,19,S2,O1,CENTER_BASE,CENTER,BASE,POWER,"[""POWER#2""]",0,1.5,True,1
lifecycle,e70960269eec88da76c7fc94e6e135d06a464be3b3c58017f568e3e26a79d27a,20260916,0.11.0,28,supply,shipments,False,19,19,S3,O2,CENTER_REGION,CENTER,REGION,POWER,"[""POWER#7"", ""POWER#8""]",4.0,5.0,True,2
lifecycle,e70960269eec88da76c7fc94e6e135d06a464be3b3c58017f568e3e26a79d27a,20260916,0.11.0,28,supply,shipments,False,19,19,S4,O4,REGION_BASE,REGION,BASE,POWER,"[""POWER#7""]",16.700000000000003,17.200000000000003,True,1
lifecycle,e70960269eec88da76c7fc94e6e135d06a464be3b3c58017f568e3e26a79d27a,20260916,0.11.0,28,supply,shipments,False,19,19,S5,O5,CENTER_REGION,CENTER,REGION,POWER,"[""POWER#9""]",16.700000000000003,17.700000000000003,True,1
lifecycle,e70960269eec88da76c7fc94e6e135d06a464be3b3c58017f568e3e26a79d27a,20260916,0.11.0,28,supply,shipments,False,19,19,S6,O7,REGION_BASE,REGION,BASE,POWER,"[""POWER#8""]",16.800000000000004,17.300000000000004,True,1
lifecycle,e70960269eec88da76c7fc94e6e135d06a464be3b3c58017f568e3e26a79d27a,20260916,0.11.0,28,supply,shipments,False,19,19,S7,O8,CENTER_REGION,CENTER,REGION,POWER,"[""POWER#10""]",16.800000000000004,17.800000000000004,True,1
lifecycle,e70960269eec88da76c7fc94e6e135d06a464be3b3c58017f568e3e26a79d27a,20260916,0.11.0,28,supply,shipments,False,19,19,S8,O10,REGION_BASE,REGION,BASE,POWER,"[""POWER#9""]",32.7,33.2,True,1
lifecycle,e70960269eec88da76c7fc94e6e135d06a464be3b3c58017f568e3e26a79d27a,20260916,0.11.0,28,supply,shipments,False,19,19,S9,O11,CENTER_REGION,CENTER,REGION,POWER,"[""POWER#4""]",32.7,33.7,True,1
lifecycle,e70960269eec88da76c7fc94e6e135d06a464be3b3c58017f568e3e26a79d27a,20260916,0.11.0,28,supply,shipments,False,19,19,S10,O12,REGION_BASE,REGION,BASE,POWER,"[""POWER#10""]",32.800000000000004,33.300000000000004,True,1
lifecycle,e70960269eec88da76c7fc94e6e135d06a464be3b3c58017f568e3e26a79d27a,20260916,0.11.0,28,supply,shipments,False,19,19,S11,O13,CENTER_REGION,CENTER,REGION,POWER,"[""POWER#3""]",32.800000000000004,33.800000000000004,True,1
lifecycle,e70960269eec88da76c7fc94e6e135d06a464be3b3c58017f568e3e26a79d27a,20260916,0.11.0,28,supply,shipments,False,19,19,S12,O14,REGION_BASE,REGION,BASE,POWER,"[""POWER#4""]",56.7,57.2,True,1
lifecycle,e70960269eec88da76c7fc94e6e135d06a464be3b3c58017f568e3e26a79d27a,20260916,0.11.0,28,supply,shipments,False,19,19,S13,O15,CENTER_REGION,CENTER,REGION,POWER,"[""POWER#11""]",56.7,57.7,True,1
lifecycle,e70960269eec88da76c7fc94e6e135d06a464be3b3c58017f568e3e26a79d27a,20260916,0.11.0,28,supply,shipments,False,19,19,S14,O16,REGION_BASE,REGION,BASE,POWER,"[""POWER#3""]",60.7,61.2,True,1
lifecycle,e70960269eec88da76c7fc94e6e135d06a464be3b3c58017f568e3e26a79d27a,20260916,0.11.0,28,supply,shipments,False,19,19,S15,O17,CENTER_REGION,CENTER,REGION,POWER,"[""POWER#12""]",60.7,61.7,True,1
lifecycle,e70960269eec88da76c7fc94e6e135d06a464be3b3c58017f568e3e26a79d27a,20260916,0.11.0,28,supply,shipments,False,19,19,S16,O18,REGION_BASE,REGION,BASE,POWER,"[""POWER#11""]",60.800000000000004,61.300000000000004,True,1
lifecycle,e70960269eec88da76c7fc94e6e135d06a464be3b3c58017f568e3e26a79d27a,20260916,0.11.0,28,supply,shipments,False,19,19,S17,O19,CENTER_REGION,CENTER,REGION,POWER,"[""POWER#6""]",60.800000000000004,61.800000000000004,True,1
lifecycle,e70960269eec88da76c7fc94e6e135d06a464be3b3c58017f568e3e26a79d27a,20260916,0.11.0,28,supply,shipments,False,19,19,S18,O20,REGION_BASE,REGION,BASE,POWER,"[""POWER#12""]",64.6,65.1,True,1
lifecycle,e70960269eec88da76c7fc94e6e135d06a464be3b3c58017f568e3e26a79d27a,20260916,0.11.0,28,supply,shipments,False,19,19,S19,O21,CENTER_REGION,CENTER,REGION,POWER,"[""POWER#5""]",64.6,65.6,True,1
lifecycle,e70960269eec88da76c7fc94e6e135d06a464be3b3c58017f568e3e26a79d27a,20260916,0.11.0,29,supply,shipments,False,15,15,S1,O1,REGION_BASE,REGION,BASE,POWER,"[""POWER#1""]",0,0.5,True,1
lifecycle,e70960269eec88da76c7fc94e6e135d06a464be3b3c58017f568e3e26a79d27a,20260916,0.11.0,29,supply,shipments,False,15,15,S2,O1,CENTER_BASE,CENTER,BASE,POWER,"[""POWER#2""]",0,1.5,True,1
lifecycle,e70960269eec88da76c7fc94e6e135d06a464be3b3c58017f568e3e26a79d27a,20260916,0.11.0,29,supply,shipments,False,15,15,S3,O2,CENTER_REGION,CENTER,REGION,POWER,"[""POWER#7"", ""POWER#8""]",4.0,5.0,True,2
lifecycle,e70960269eec88da76c7fc94e6e135d06a464be3b3c58017f568e3e26a79d27a,20260916,0.11.0,29,supply,shipments,False,15,15,S4,O4,REGION_BASE,REGION,BASE,POWER,"[""POWER#7""]",14.8341152166745,15.3341152166745,True,1
lifecycle,e70960269eec88da76c7fc94e6e135d06a464be3b3c58017f568e3e26a79d27a,20260916,0.11.0,29,supply,shipments,False,15,15,S5,O5,CENTER_REGION,CENTER,REGION,POWER,"[""POWER#9""]",14.8341152166745,15.8341152166745,True,1
lifecycle,e70960269eec88da76c7fc94e6e135d06a464be3b3c58017f568e3e26a79d27a,20260916,0.11.0,29,supply,shipments,False,15,15,S6,O7,REGION_BASE,REGION,BASE,POWER,"[""POWER#8""]",32.800000000000004,33.300000000000004,True,1
lifecycle,e70960269eec88da76c7fc94e6e135d06a464be3b3c58017f568e3e26a79d27a,20260916,0.11.0,29,supply,shipments,False,15,15,S7,O8,CENTER_REGION,CENTER,REGION,POWER,"[""POWER#10""]",32.800000000000004,33.800000000000004,True,1
lifecycle,e70960269eec88da76c7fc94e6e135d06a464be3b3c58017f568e3e26a79d27a,20260916,0.11.0,29,supply,shipments,False,15,15,S8,O9,REGION_BASE,REGION,BASE,POWER,"[""POWER#9""]",40.6,41.1,True,1
lifecycle,e70960269eec88da76c7fc94e6e135d06a464be3b3c58017f568e3e26a79d27a,20260916,0.11.0,29,supply,shipments,False,15,15,S9,O10,CENTER_REGION,CENTER,REGION,POWER,"[""POWER#4""]",40.6,41.6,True,1
lifecycle,e70960269eec88da76c7fc94e6e135d06a464be3b3c58017f568e3e26a79d27a,20260916,0.11.0,29,supply,shipments,False,15,15,S10,O11,REGION_BASE,REGION,BASE,POWER,"[""POWER#10""]",56.6,57.1,True,1
lifecycle,e70960269eec88da76c7fc94e6e135d06a464be3b3c58017f568e3e26a79d27a,20260916,0.11.0,29,supply,shipments,False,15,15,S11,O12,CENTER_REGION,CENTER,REGION,POWER,"[""POWER#11""]",56.6,57.6,True,1
lifecycle,e70960269eec88da76c7fc94e6e135d06a464be3b3c58017f568e3e26a79d27a,20260916,0.11.0,29,supply,shipments,False,15,15,S12,O14,REGION_BASE,REGION,BASE,POWER,"[""POWER#4""]",58.95682687770231,59.45682687770231,True,1
lifecycle,e70960269eec88da76c7fc94e6e135d06a464be3b3c58017f568e3e26a79d27a,20260916,0.11.0,29,supply,shipments,False,15,15,S13,O15,CENTER_REGION,CENTER,REGION,POWER,"[""POWER#5""]",58.95682687770231,59.95682687770231,True,1
lifecycle,e70960269eec88da76c7fc94e6e135d06a464be3b3c58017f568e3e26a79d27a,20260916,0.11.0,29,supply,shipments,False,15,15,S14,O17,REGION_BASE,REGION,BASE,POWER,"[""POWER#11""]",64.6,65.1,True,1
lifecycle,e70960269eec88da76c7fc94e6e135d06a464be3b3c58017f568e3e26a79d27a,20260916,0.11.0,29,supply,shipments,False,15,15,S15,O18,CENTER_REGION,CENTER,REGION,POWER,"[""POWER#12""]",64.6,65.6,True,1
lifecycle,e70960269eec88da76c7fc94e6e135d06a464be3b3c58017f568e3e26a79d27a,20260916,0.11.0,30,supply,shipments,False,17,17,S1,O1,REGION_BASE,REGION,BASE,POWER,"[""POWER#1""]",0,0.5,True,1
lifecycle,e70960269eec88da76c7fc94e6e135d06a464be3b3c58017f568e3e26a79d27a,20260916,0.11.0,30,supply,shipments,False,17,17,S2,O1,CENTER_BASE,CENTER,BASE,POWER,"[""POWER#2""]",0,1.5,True,1
lifecycle,e70960269eec88da76c7fc94e6e135d06a464be3b3c58017f568e3e26a79d27a,20260916,0.11.0,30,supply,shipments,False,17,17,S3,O2,CENTER_REGION,CENTER,REGION,POWER,"[""POWER#7"", ""POWER#8""]",4.0,5.0,True,2
lifecycle,e70960269eec88da76c7fc94e6e135d06a464be3b3c58017f568e3e26a79d27a,20260916,0.11.0,30,supply,shipments,False,17,17,S4,O4,REGION_BASE,REGION,BASE,POWER,"[""POWER#7""]",16.700000000000003,17.200000000000003,True,1
lifecycle,e70960269eec88da76c7fc94e6e135d06a464be3b3c58017f568e3e26a79d27a,20260916,0.11.0,30,supply,shipments,False,17,17,S5,O5,CENTER_REGION,CENTER,REGION,POWER,"[""POWER#9""]",16.700000000000003,17.700000000000003,True,1
lifecycle,e70960269eec88da76c7fc94e6e135d06a464be3b3c58017f568e3e26a79d27a,20260916,0.11.0,30,supply,shipments,False,17,17,S6,O7,REGION_BASE,REGION,BASE,POWER,"[""POWER#8""]",31.325270775541227,31.825270775541227,True,1
lifecycle,e70960269eec88da76c7fc94e6e135d06a464be3b3c58017f568e3e26a79d27a,20260916,0.11.0,30,supply,shipments,False,17,17,S7,O8,CENTER_REGION,CENTER,REGION,POWER,"[""POWER#10""]",31.325270775541227,32.32527077554123,True,1
lifecycle,e70960269eec88da76c7fc94e6e135d06a464be3b3c58017f568e3e26a79d27a,20260916,0.11.0,30,supply,shipments,False,17,17,S8,O9,REGION_BASE,REGION,BASE,POWER,"[""POWER#9""]",31.42527077554123,31.92527077554123,True,1
lifecycle,e70960269eec88da76c7fc94e6e135d06a464be3b3c58017f568e3e26a79d27a,20260916,0.11.0,30,supply,shipments,False,17,17,S9,O10,CENTER_REGION,CENTER,REGION,POWER,"[""POWER#4""]",31.42527077554123,32.42527077554123,True,1
lifecycle,e70960269eec88da76c7fc94e6e135d06a464be3b3c58017f568e3e26a79d27a,20260916,0.11.0,30,supply,shipments,False,17,17,S10,O12,REGION_BASE,REGION,BASE,POWER,"[""POWER#10""]",36.6,37.1,True,1
lifecycle,e70960269eec88da76c7fc94e6e135d06a464be3b3c58017f568e3e26a79d27a,20260916,0.11.0,30,supply,shipments,False,17,17,S11,O13,CENTER_REGION,CENTER,REGION,POWER,"[""POWER#11""]",36.6,37.6,True,1
lifecycle,e70960269eec88da76c7fc94e6e135d06a464be3b3c58017f568e3e26a79d27a,20260916,0.11.0,30,supply,shipments,False,17,17,S12,O14,REGION_BASE,REGION,BASE,POWER,"[""POWER#4""]",60.7,61.2,True,1
lifecycle,e70960269eec88da76c7fc94e6e135d06a464be3b3c58017f568e3e26a79d27a,20260916,0.11.0,30,supply,shipments,False,17,17,S13,O15,CENTER_REGION,CENTER,REGION,POWER,"[""POWER#5""]",60.7,61.7,True,1
lifecycle,e70960269eec88da76c7fc94e6e135d06a464be3b3c58017f568e3e26a79d27a,20260916,0.11.0,30,supply,shipments,False,17,17,S14,O16,REGION_BASE,REGION,BASE,POWER,"[""POWER#11""]",60.800000000000004,61.300000000000004,True,1
lifecycle,e70960269eec88da76c7fc94e6e135d06a464be3b3c58017f568e3e26a79d27a,20260916,0.11.0,30,supply,shipments,False,17,17,S15,O17,CENTER_REGION,CENTER,REGION,POWER,"[""POWER#6""]",60.800000000000004,61.800000000000004,True,1
lifecycle,e70960269eec88da76c7fc94e6e135d06a464be3b3c58017f568e3e26a79d27a,20260916,0.11.0,30,supply,shipments,False,17,17,S16,O19,REGION_BASE,REGION,BASE,POWER,"[""POWER#5""]",64.6,65.1,True,1
lifecycle,e70960269eec88da76c7fc94e6e135d06a464be3b3c58017f568e3e26a79d27a,20260916,0.11.0,30,supply,shipments,False,17,17,S17,O20,CENTER_REGION,CENTER,REGION,POWER,"[""POWER#12""]",64.6,65.6,True,1
lifecycle,e70960269eec88da76c7fc94e6e135d06a464be3b3c58017f568e3e26a79d27a,20260916,0.11.0,31,supply,shipments,False,15,15,S1,O1,REGION_BASE,REGION,BASE,POWER,"[""POWER#1""]",0,0.5,True,1
lifecycle,e70960269eec88da76c7fc94e6e135d06a464be3b3c58017f568e3e26a79d27a,20260916,0.11.0,31,supply,shipments,False,15,15,S2,O1,CENTER_BASE,CENTER,BASE,POWER,"[""POWER#2""]",0,1.5,True,1
lifecycle,e70960269eec88da76c7fc94e6e135d06a464be3b3c58017f568e3e26a79d27a,20260916,0.11.0,31,supply,shipments,False,15,15,S3,O2,CENTER_REGION,CENTER,REGION,POWER,"[""POWER#7"", ""POWER#8""]",4.0,5.0,True,2
lifecycle,e70960269eec88da76c7fc94e6e135d06a464be3b3c58017f568e3e26a79d27a,20260916,0.11.0,31,supply,shipments,False,15,15,S4,O4,REGION_BASE,REGION,BASE,POWER,"[""POWER#7""]",16.700000000000003,17.200000000000003,True,1
lifecycle,e70960269eec88da76c7fc94e6e135d06a464be3b3c58017f568e3e26a79d27a,20260916,0.11.0,31,supply,shipments,False,15,15,S5,O5,CENTER_REGION,CENTER,REGION,POWER,"[""POWER#9""]",16.700000000000003,17.700000000000003,True,1
lifecycle,e70960269eec88da76c7fc94e6e135d06a464be3b3c58017f568e3e26a79d27a,20260916,0.11.0,31,supply,shipments,False,15,15,S6,O7,REGION_BASE,REGION,BASE,POWER,"[""POWER#8""]",16.800000000000004,17.300000000000004,True,1
lifecycle,e70960269eec88da76c7fc94e6e135d06a464be3b3c58017f568e3e26a79d27a,20260916,0.11.0,31,supply,shipments,False,15,15,S7,O8,CENTER_REGION,CENTER,REGION,POWER,"[""POWER#10""]",16.800000000000004,17.800000000000004,True,1
lifecycle,e70960269eec88da76c7fc94e6e135d06a464be3b3c58017f568e3e26a79d27a,20260916,0.11.0,31,supply,shipments,False,15,15,S8,O10,REGION_BASE,REGION,BASE,POWER,"[""POWER#9""]",32.7,33.2,True,1
lifecycle,e70960269eec88da76c7fc94e6e135d06a464be3b3c58017f568e3e26a79d27a,20260916,0.11.0,31,supply,shipments,False,15,15,S9,O11,CENTER_REGION,CENTER,REGION,POWER,"[""POWER#4""]",32.7,33.7,True,1
lifecycle,e70960269eec88da76c7fc94e6e135d06a464be3b3c58017f568e3e26a79d27a,20260916,0.11.0,31,supply,shipments,False,15,15,S10,O12,REGION_BASE,REGION,BASE,POWER,"[""POWER#10""]",32.800000000000004,33.300000000000004,True,1
lifecycle,e70960269eec88da76c7fc94e6e135d06a464be3b3c58017f568e3e26a79d27a,20260916,0.11.0,31,supply,shipments,False,15,15,S11,O13,CENTER_REGION,CENTER,REGION,POWER,"[""POWER#3""]",32.800000000000004,33.800000000000004,True,1
lifecycle,e70960269eec88da76c7fc94e6e135d06a464be3b3c58017f568e3e26a79d27a,20260916,0.11.0,31,supply,shipments,False,15,15,S12,O14,REGION_BASE,REGION,BASE,POWER,"[""POWER#4""]",56.800000000000004,57.300000000000004,True,1
lifecycle,e70960269eec88da76c7fc94e6e135d06a464be3b3c58017f568e3e26a79d27a,20260916,0.11.0,31,supply,shipments,False,15,15,S13,O15,CENTER_REGION,CENTER,REGION,POWER,"[""POWER#11""]",56.800000000000004,57.800000000000004,True,1
lifecycle,e70960269eec88da76c7fc94e6e135d06a464be3b3c58017f568e3e26a79d27a,20260916,0.11.0,31,supply,shipments,False,15,15,S14,O16,REGION_BASE,REGION,BASE,POWER,"[""POWER#3""]",64.6,65.1,True,1
lifecycle,e70960269eec88da76c7fc94e6e135d06a464be3b3c58017f568e3e26a79d27a,20260916,0.11.0,31,supply,shipments,False,15,15,S15,O17,CENTER_REGION,CENTER,REGION,POWER,"[""POWER#12""]",64.6,65.6,True,1
lifecycle,e70960269eec88da76c7fc94e6e135d06a464be3b3c58017f568e3e26a79d27a,20260916,0.11.0,32,supply,shipments,False,17,17,S1,O1,REGION_BASE,REGION,BASE,POWER,"[""POWER#1""]",0,0.5,True,1
lifecycle,e70960269eec88da76c7fc94e6e135d06a464be3b3c58017f568e3e26a79d27a,20260916,0.11.0,32,supply,shipments,False,17,17,S2,O1,CENTER_BASE,CENTER,BASE,POWER,"[""POWER#2""]",0,1.5,True,1
lifecycle,e70960269eec88da76c7fc94e6e135d06a464be3b3c58017f568e3e26a79d27a,20260916,0.11.0,32,supply,shipments,False,17,17,S3,O2,CENTER_REGION,CENTER,REGION,POWER,"[""POWER#7"", ""POWER#8""]",4.0,5.0,True,2
lifecycle,e70960269eec88da76c7fc94e6e135d06a464be3b3c58017f568e3e26a79d27a,20260916,0.11.0,32,supply,shipments,False,17,17,S4,O4,REGION_BASE,REGION,BASE,POWER,"[""POWER#7""]",32.7,33.2,True,1
lifecycle,e70960269eec88da76c7fc94e6e135d06a464be3b3c58017f568e3e26a79d27a,20260916,0.11.0,32,supply,shipments,False,17,17,S5,O5,CENTER_REGION,CENTER,REGION,POWER,"[""POWER#9""]",32.7,33.7,True,1
lifecycle,e70960269eec88da76c7fc94e6e135d06a464be3b3c58017f568e3e26a79d27a,20260916,0.11.0,32,supply,shipments,False,17,17,S6,O7,REGION_BASE,REGION,BASE,POWER,"[""POWER#8""]",32.800000000000004,33.300000000000004,True,1
lifecycle,e70960269eec88da76c7fc94e6e135d06a464be3b3c58017f568e3e26a79d27a,20260916,0.11.0,32,supply,shipments,False,17,17,S7,O8,CENTER_REGION,CENTER,REGION,POWER,"[""POWER#10""]",32.800000000000004,33.800000000000004,True,1
lifecycle,e70960269eec88da76c7fc94e6e135d06a464be3b3c58017f568e3e26a79d27a,20260916,0.11.0,32,supply,shipments,False,17,17,S8,O10,REGION_BASE,REGION,BASE,POWER,"[""POWER#9"", ""POWER#10""]",36.6,37.1,True,2
lifecycle,e70960269eec88da76c7fc94e6e135d06a464be3b3c58017f568e3e26a79d27a,20260916,0.11.0,32,supply,shipments,False,17,17,S9,O11,CENTER_REGION,CENTER,REGION,POWER,"[""POWER#6"", ""POWER#5""]",36.6,37.6,True,2
lifecycle,e70960269eec88da76c7fc94e6e135d06a464be3b3c58017f568e3e26a79d27a,20260916,0.11.0,32,supply,shipments,False,17,17,S10,O12,REGION_BASE,REGION,BASE,POWER,"[""POWER#6""]",60.7,61.2,True,1
lifecycle,e70960269eec88da76c7fc94e6e135d06a464be3b3c58017f568e3e26a79d27a,20260916,0.11.0,32,supply,shipments,False,17,17,S11,O13,CENTER_REGION,CENTER,REGION,POWER,"[""POWER#11""]",60.7,61.7,True,1
lifecycle,e70960269eec88da76c7fc94e6e135d06a464be3b3c58017f568e3e26a79d27a,20260916,0.11.0,32,supply,shipments,False,17,17,S12,O15,REGION_BASE,REGION,BASE,POWER,"[""POWER#5""]",60.800000000000004,61.300000000000004,True,1
lifecycle,e70960269eec88da76c7fc94e6e135d06a464be3b3c58017f568e3e26a79d27a,20260916,0.11.0,32,supply,shipments,False,17,17,S13,O16,CENTER_REGION,CENTER,REGION,POWER,"[""POWER#12""]",60.800000000000004,61.800000000000004,True,1
lifecycle,e70960269eec88da76c7fc94e6e135d06a464be3b3c58017f568e3e26a79d27a,20260916,0.11.0,32,supply,shipments,False,17,17,S14,O18,REGION_BASE,REGION,BASE,POWER,"[""POWER#11""]",64.69999999999999,65.19999999999999,True,1
lifecycle,e70960269eec88da76c7fc94e6e135d06a464be3b3c58017f568e3e26a79d27a,20260916,0.11.0,32,supply,shipments,False,17,17,S15,O19,CENTER_REGION,CENTER,REGION,POWER,"[""POWER#2""]",64.69999999999999,65.69999999999999,True,1
lifecycle,e70960269eec88da76c7fc94e6e135d06a464be3b3c58017f568e3e26a79d27a,20260916,0.11.0,32,supply,shipments,False,17,17,S16,O20,REGION_BASE,REGION,BASE,POWER,"[""POWER#12""]",64.79999999999998,65.29999999999998,True,1
lifecycle,e70960269eec88da76c7fc94e6e135d06a464be3b3c58017f568e3e26a79d27a,20260916,0.11.0,32,supply,shipments,False,17,17,S17,O21,CENTER_REGION,CENTER,REGION,POWER,"[""POWER#1""]",64.79999999999998,65.79999999999998,True,1
lifecycle,e70960269eec88da76c7fc94e6e135d06a464be3b3c58017f568e3e26a79d27a,20260916,0.11.0,33,supply,shipments,False,17,17,S1,O1,REGION_BASE,REGION,BASE,POWER,"[""POWER#1""]",0,0.5,True,1
lifecycle,e70960269eec88da76c7fc94e6e135d06a464be3b3c58017f568e3e26a79d27a,20260916,0.11.0,33,supply,shipments,False,17,17,S2,O1,CENTER_BASE,CENTER,BASE,POWER,"[""POWER#2""]",0,1.5,True,1
lifecycle,e70960269eec88da76c7fc94e6e135d06a464be3b3c58017f568e3e26a79d27a,20260916,0.11.0,33,supply,shipments,False,17,17,S3,O2,CENTER_REGION,CENTER,REGION,POWER,"[""POWER#7"", ""POWER#8""]",4.0,5.0,True,2
lifecycle,e70960269eec88da76c7fc94e6e135d06a464be3b3c58017f568e3e26a79d27a,20260916,0.11.0,33,supply,shipments,False,17,17,S4,O4,REGION_BASE,REGION,BASE,POWER,"[""POWER#7""]",16.700000000000003,17.200000000000003,True,1
lifecycle,e70960269eec88da76c7fc94e6e135d06a464be3b3c58017f568e3e26a79d27a,20260916,0.11.0,33,supply,shipments,False,17,17,S5,O5,CENTER_REGION,CENTER,REGION,POWER,"[""POWER#9""]",16.700000000000003,17.700000000000003,True,1
lifecycle,e70960269eec88da76c7fc94e6e135d06a464be3b3c58017f568e3e26a79d27a,20260916,0.11.0,33,supply,shipments,False,17,17,S6,O7,REGION_BASE,REGION,BASE,POWER,"[""POWER#8""]",32.7,33.2,True,1
lifecycle,e70960269eec88da76c7fc94e6e135d06a464be3b3c58017f568e3e26a79d27a,20260916,0.11.0,33,supply,shipments,False,17,17,S7,O8,CENTER_REGION,CENTER,REGION,POWER,"[""POWER#10""]",32.7,33.7,True,1
lifecycle,e70960269eec88da76c7fc94e6e135d06a464be3b3c58017f568e3e26a79d27a,20260916,0.11.0,33,supply,shipments,False,17,17,S8,O9,REGION_BASE,REGION,BASE,POWER,"[""POWER#9""]",32.800000000000004,33.300000000000004,True,1
lifecycle,e70960269eec88da76c7fc94e6e135d06a464be3b3c58017f568e3e26a79d27a,20260916,0.11.0,33,supply,shipments,False,17,17,S9,O10,CENTER_REGION,CENTER,REGION,POWER,"[""POWER#4""]",32.800000000000004,33.800000000000004,True,1
lifecycle,e70960269eec88da76c7fc94e6e135d06a464be3b3c58017f568e3e26a79d27a,20260916,0.11.0,33,supply,shipments,False,17,17,S10,O12,REGION_BASE,REGION,BASE,POWER,"[""POWER#10""]",35.37259801335352,35.87259801335352,True,1
lifecycle,e70960269eec88da76c7fc94e6e135d06a464be3b3c58017f568e3e26a79d27a,20260916,0.11.0,33,supply,shipments,False,17,17,S11,O13,CENTER_REGION,CENTER,REGION,POWER,"[""POWER#11""]",35.37259801335352,36.37259801335352,True,1
lifecycle,e70960269eec88da76c7fc94e6e135d06a464be3b3c58017f568e3e26a79d27a,20260916,0.11.0,33,supply,shipments,False,17,17,S12,O14,REGION_BASE,REGION,BASE,POWER,"[""POWER#4""]",56.7,57.2,True,1
lifecycle,e70960269eec88da76c7fc94e6e135d06a464be3b3c58017f568e3e26a79d27a,20260916,0.11.0,33,supply,shipments,False,17,17,S13,O15,CENTER_REGION,CENTER,REGION,POWER,"[""POWER#6""]",56.7,57.7,True,1
lifecycle,e70960269eec88da76c7fc94e6e135d06a464be3b3c58017f568e3e26a79d27a,20260916,0.11.0,33,supply,shipments,False,17,17,S14,O16,REGION_BASE,REGION,BASE,POWER,"[""POWER#11""]",60.7,61.2,True,1
lifecycle,e70960269eec88da76c7fc94e6e135d06a464be3b3c58017f568e3e26a79d27a,20260916,0.11.0,33,supply,shipments,False,17,17,S15,O17,CENTER_REGION,CENTER,REGION,POWER,"[""POWER#5""]",60.7,61.7,True,1
lifecycle,e70960269eec88da76c7fc94e6e135d06a464be3b3c58017f568e3e26a79d27a,20260916,0.11.0,33,supply,shipments,False,17,17,S16,O18,REGION_BASE,REGION,BASE,POWER,"[""POWER#6""]",64.69999999999999,65.19999999999999,True,1
lifecycle,e70960269eec88da76c7fc94e6e135d06a464be3b3c58017f568e3e26a79d27a,20260916,0.11.0,33,supply,shipments,False,17,17,S17,O19,CENTER_REGION,CENTER,REGION,POWER,"[""POWER#12""]",64.69999999999999,65.69999999999999,True,1
lifecycle,e70960269eec88da76c7fc94e6e135d06a464be3b3c58017f568e3e26a79d27a,20260916,0.11.0,34,supply,shipments,False,15,15,S1,O1,REGION_BASE,REGION,BASE,POWER,"[""POWER#1""]",0,0.5,True,1
lifecycle,e70960269eec88da76c7fc94e6e135d06a464be3b3c58017f568e3e26a79d27a,20260916,0.11.0,34,supply,shipments,False,15,15,S2,O1,CENTER_BASE,CENTER,BASE,POWER,"[""POWER#2""]",0,1.5,True,1
lifecycle,e70960269eec88da76c7fc94e6e135d06a464be3b3c58017f568e3e26a79d27a,20260916,0.11.0,34,supply,shipments,False,15,15,S3,O2,CENTER_REGION,CENTER,REGION,POWER,"[""POWER#7"", ""POWER#8""]",4.0,5.0,True,2
lifecycle,e70960269eec88da76c7fc94e6e135d06a464be3b3c58017f568e3e26a79d27a,20260916,0.11.0,34,supply,shipments,False,15,15,S4,O4,REGION_BASE,REGION,BASE,POWER,"[""POWER#7""]",16.700000000000003,17.200000000000003,True,1
lifecycle,e70960269eec88da76c7fc94e6e135d06a464be3b3c58017f568e3e26a79d27a,20260916,0.11.0,34,supply,shipments,False,15,15,S5,O5,CENTER_REGION,CENTER,REGION,POWER,"[""POWER#9""]",16.700000000000003,17.700000000000003,True,1
lifecycle,e70960269eec88da76c7fc94e6e135d06a464be3b3c58017f568e3e26a79d27a,20260916,0.11.0,34,supply,shipments,False,15,15,S6,O7,REGION_BASE,REGION,BASE,POWER,"[""POWER#8""]",32.800000000000004,33.300000000000004,True,1
lifecycle,e70960269eec88da76c7fc94e6e135d06a464be3b3c58017f568e3e26a79d27a,20260916,0.11.0,34,supply,shipments,False,15,15,S7,O8,CENTER_REGION,CENTER,REGION,POWER,"[""POWER#10""]",32.800000000000004,33.800000000000004,True,1
lifecycle,e70960269eec88da76c7fc94e6e135d06a464be3b3c58017f568e3e26a79d27a,20260916,0.11.0,34,supply,shipments,False,15,15,S8,O9,REGION_BASE,REGION,BASE,POWER,"[""POWER#9""]",35.747377474199205,36.247377474199205,True,1
lifecycle,e70960269eec88da76c7fc94e6e135d06a464be3b3c58017f568e3e26a79d27a,20260916,0.11.0,34,supply,shipments,False,15,15,S9,O10,CENTER_REGION,CENTER,REGION,POWER,"[""POWER#4""]",35.747377474199205,36.747377474199205,True,1
lifecycle,e70960269eec88da76c7fc94e6e135d06a464be3b3c58017f568e3e26a79d27a,20260916,0.11.0,34,supply,shipments,False,15,15,S10,O11,REGION_BASE,REGION,BASE,POWER,"[""POWER#10""]",35.847377474199206,36.347377474199206,True,1
lifecycle,e70960269eec88da76c7fc94e6e135d06a464be3b3c58017f568e3e26a79d27a,20260916,0.11.0,34,supply,shipments,False,15,15,S11,O12,CENTER_REGION,CENTER,REGION,POWER,"[""POWER#11""]",35.847377474199206,36.847377474199206,True,1
lifecycle,e70960269eec88da76c7fc94e6e135d06a464be3b3c58017f568e3e26a79d27a,20260916,0.11.0,34,supply,shipments,False,15,15,S12,O14,REGION_BASE,REGION,BASE,POWER,"[""POWER#4""]",40.6,41.1,True,1
lifecycle,e70960269eec88da76c7fc94e6e135d06a464be3b3c58017f568e3e26a79d27a,20260916,0.11.0,34,supply,shipments,False,15,15,S13,O15,CENTER_REGION,CENTER,REGION,POWER,"[""POWER#5""]",40.6,41.6,True,1
lifecycle,e70960269eec88da76c7fc94e6e135d06a464be3b3c58017f568e3e26a79d27a,20260916,0.11.0,34,supply,shipments,False,15,15,S14,O16,REGION_BASE,REGION,BASE,POWER,"[""POWER#11""]",60.7,61.2,True,1
lifecycle,e70960269eec88da76c7fc94e6e135d06a464be3b3c58017f568e3e26a79d27a,20260916,0.11.0,34,supply,shipments,False,15,15,S15,O17,CENTER_REGION,CENTER,REGION,POWER,"[""POWER#1""]",60.7,61.7,True,1
lifecycle,e70960269eec88da76c7fc94e6e135d06a464be3b3c58017f568e3e26a79d27a,20260916,0.11.0,35,supply,shipments,False,17,17,S1,O1,REGION_BASE,REGION,BASE,POWER,"[""POWER#1""]",0,0.5,True,1
lifecycle,e70960269eec88da76c7fc94e6e135d06a464be3b3c58017f568e3e26a79d27a,20260916,0.11.0,35,supply,shipments,False,17,17,S2,O1,CENTER_BASE,CENTER,BASE,POWER,"[""POWER#2""]",0,1.5,True,1
lifecycle,e70960269eec88da76c7fc94e6e135d06a464be3b3c58017f568e3e26a79d27a,20260916,0.11.0,35,supply,shipments,False,17,17,S3,O2,CENTER_REGION,CENTER,REGION,POWER,"[""POWER#7"", ""POWER#8""]",4.0,5.0,True,2
lifecycle,e70960269eec88da76c7fc94e6e135d06a464be3b3c58017f568e3e26a79d27a,20260916,0.11.0,35,supply,shipments,False,17,17,S4,O4,REGION_BASE,REGION,BASE,POWER,"[""POWER#7""]",16.800000000000004,17.300000000000004,True,1
lifecycle,e70960269eec88da76c7fc94e6e135d06a464be3b3c58017f568e3e26a79d27a,20260916,0.11.0,35,supply,shipments,False,17,17,S5,O5,CENTER_REGION,CENTER,REGION,POWER,"[""POWER#9""]",16.800000000000004,17.800000000000004,True,1
lifecycle,e70960269eec88da76c7fc94e6e135d06a464be3b3c58017f568e3e26a79d27a,20260916,0.11.0,35,supply,shipments,False,17,17,S6,O7,REGION_BASE,REGION,BASE,POWER,"[""POWER#8""]",32.7,33.2,True,1
lifecycle,e70960269eec88da76c7fc94e6e135d06a464be3b3c58017f568e3e26a79d27a,20260916,0.11.0,35,supply,shipments,False,17,17,S7,O8,CENTER_REGION,CENTER,REGION,POWER,"[""POWER#10""]",32.7,33.7,True,1
lifecycle,e70960269eec88da76c7fc94e6e135d06a464be3b3c58017f568e3e26a79d27a,20260916,0.11.0,35,supply,shipments,False,17,17,S8,O9,REGION_BASE,REGION,BASE,POWER,"[""POWER#9""]",36.6,37.1,True,1
lifecycle,e70960269eec88da76c7fc94e6e135d06a464be3b3c58017f568e3e26a79d27a,20260916,0.11.0,35,supply,shipments,False,17,17,S9,O10,CENTER_REGION,CENTER,REGION,POWER,"[""POWER#3""]",36.6,37.6,True,1
lifecycle,e70960269eec88da76c7fc94e6e135d06a464be3b3c58017f568e3e26a79d27a,20260916,0.11.0,35,supply,shipments,False,17,17,S10,O11,REGION_BASE,REGION,BASE,POWER,"[""POWER#10""]",40.6,41.1,True,1
lifecycle,e70960269eec88da76c7fc94e6e135d06a464be3b3c58017f568e3e26a79d27a,20260916,0.11.0,35,supply,shipments,False,17,17,S11,O12,CENTER_REGION,CENTER,REGION,POWER,"[""POWER#11""]",40.6,41.6,True,1
lifecycle,e70960269eec88da76c7fc94e6e135d06a464be3b3c58017f568e3e26a79d27a,20260916,0.11.0,35,supply,shipments,False,17,17,S12,O14,REGION_BASE,REGION,BASE,POWER,"[""POWER#3""]",56.7,57.2,True,1
lifecycle,e70960269eec88da76c7fc94e6e135d06a464be3b3c58017f568e3e26a79d27a,20260916,0.11.0,35,supply,shipments,False,17,17,S13,O15,CENTER_REGION,CENTER,REGION,POWER,"[""POWER#6""]",56.7,57.7,True,1
lifecycle,e70960269eec88da76c7fc94e6e135d06a464be3b3c58017f568e3e26a79d27a,20260916,0.11.0,35,supply,shipments,False,17,17,S14,O17,REGION_BASE,REGION,BASE,POWER,"[""POWER#11""]",60.7,61.2,True,1
lifecycle,e70960269eec88da76c7fc94e6e135d06a464be3b3c58017f568e3e26a79d27a,20260916,0.11.0,35,supply,shipments,False,17,17,S15,O18,CENTER_REGION,CENTER,REGION,POWER,"[""POWER#12""]",60.7,61.7,True,1
lifecycle,e70960269eec88da76c7fc94e6e135d06a464be3b3c58017f568e3e26a79d27a,20260916,0.11.0,35,supply,shipments,False,17,17,S16,O19,REGION_BASE,REGION,BASE,POWER,"[""POWER#6""]",64.69999999999999,65.19999999999999,True,1
lifecycle,e70960269eec88da76c7fc94e6e135d06a464be3b3c58017f568e3e26a79d27a,20260916,0.11.0,35,supply,shipments,False,17,17,S17,O20,CENTER_REGION,CENTER,REGION,POWER,"[""POWER#1""]",64.69999999999999,65.69999999999999,True,1
lifecycle,e70960269eec88da76c7fc94e6e135d06a464be3b3c58017f568e3e26a79d27a,20260916,0.11.0,36,supply,shipments,False,19,19,S1,O1,REGION_BASE,REGION,BASE,POWER,"[""POWER#1""]",0,0.5,True,1
lifecycle,e70960269eec88da76c7fc94e6e135d06a464be3b3c58017f568e3e26a79d27a,20260916,0.11.0,36,supply,shipments,False,19,19,S2,O1,CENTER_BASE,CENTER,BASE,POWER,"[""POWER#2""]",0,1.5,True,1
lifecycle,e70960269eec88da76c7fc94e6e135d06a464be3b3c58017f568e3e26a79d27a,20260916,0.11.0,36,supply,shipments,False,19,19,S3,O2,CENTER_REGION,CENTER,REGION,POWER,"[""POWER#7"", ""POWER#8""]",4.0,5.0,True,2
lifecycle,e70960269eec88da76c7fc94e6e135d06a464be3b3c58017f568e3e26a79d27a,20260916,0.11.0,36,supply,shipments,False,19,19,S4,O4,REGION_BASE,REGION,BASE,POWER,"[""POWER#7""]",16.800000000000004,17.300000000000004,True,1
lifecycle,e70960269eec88da76c7fc94e6e135d06a464be3b3c58017f568e3e26a79d27a,20260916,0.11.0,36,supply,shipments,False,19,19,S5,O5,CENTER_REGION,CENTER,REGION,POWER,"[""POWER#9""]",16.800000000000004,17.800000000000004,True,1
lifecycle,e70960269eec88da76c7fc94e6e135d06a464be3b3c58017f568e3e26a79d27a,20260916,0.11.0,36,supply,shipments,False,19,19,S6,O7,REGION_BASE,REGION,BASE,POWER,"[""POWER#8""]",32.7,33.2,True,1
lifecycle,e70960269eec88da76c7fc94e6e135d06a464be3b3c58017f568e3e26a79d27a,20260916,0.11.0,36,supply,shipments,False,19,19,S7,O8,CENTER_REGION,CENTER,REGION,POWER,"[""POWER#10""]",32.7,33.7,True,1
lifecycle,e70960269eec88da76c7fc94e6e135d06a464be3b3c58017f568e3e26a79d27a,20260916,0.11.0,36,supply,shipments,False,19,19,S8,O9,REGION_BASE,REGION,BASE,POWER,"[""POWER#9""]",32.800000000000004,33.300000000000004,True,1
lifecycle,e70960269eec88da76c7fc94e6e135d06a464be3b3c58017f568e3e26a79d27a,20260916,0.11.0,36,supply,shipments,False,19,19,S9,O10,CENTER_REGION,CENTER,REGION,POWER,"[""POWER#3""]",32.800000000000004,33.800000000000004,True,1
lifecycle,e70960269eec88da76c7fc94e6e135d06a464be3b3c58017f568e3e26a79d27a,20260916,0.11.0,36,supply,shipments,False,19,19,S10,O12,REGION_BASE,REGION,BASE,POWER,"[""POWER#10""]",36.6,37.1,True,1
lifecycle,e70960269eec88da76c7fc94e6e135d06a464be3b3c58017f568e3e26a79d27a,20260916,0.11.0,36,supply,shipments,False,19,19,S11,O13,CENTER_REGION,CENTER,REGION,POWER,"[""POWER#11""]",36.6,37.6,True,1
lifecycle,e70960269eec88da76c7fc94e6e135d06a464be3b3c58017f568e3e26a79d27a,20260916,0.11.0,36,supply,shipments,False,19,19,S12,O14,REGION_BASE,REGION,BASE,POWER,"[""POWER#3""]",60.7,61.2,True,1
lifecycle,e70960269eec88da76c7fc94e6e135d06a464be3b3c58017f568e3e26a79d27a,20260916,0.11.0,36,supply,shipments,False,19,19,S13,O15,CENTER_REGION,CENTER,REGION,POWER,"[""POWER#6""]",60.7,61.7,True,1
lifecycle,e70960269eec88da76c7fc94e6e135d06a464be3b3c58017f568e3e26a79d27a,20260916,0.11.0,36,supply,shipments,False,19,19,S14,O16,REGION_BASE,REGION,BASE,POWER,"[""POWER#11""]",60.800000000000004,61.300000000000004,True,1
lifecycle,e70960269eec88da76c7fc94e6e135d06a464be3b3c58017f568e3e26a79d27a,20260916,0.11.0,36,supply,shipments,False,19,19,S15,O17,CENTER_REGION,CENTER,REGION,POWER,"[""POWER#5""]",60.800000000000004,61.800000000000004,True,1
lifecycle,e70960269eec88da76c7fc94e6e135d06a464be3b3c58017f568e3e26a79d27a,20260916,0.11.0,36,supply,shipments,False,19,19,S16,O19,REGION_BASE,REGION,BASE,POWER,"[""POWER#6""]",64.6,65.1,True,1
lifecycle,e70960269eec88da76c7fc94e6e135d06a464be3b3c58017f568e3e26a79d27a,20260916,0.11.0,36,supply,shipments,False,19,19,S17,O20,CENTER_REGION,CENTER,REGION,POWER,"[""POWER#12""]",64.6,65.6,True,1
lifecycle,e70960269eec88da76c7fc94e6e135d06a464be3b3c58017f568e3e26a79d27a,20260916,0.11.0,36,supply,shipments,False,19,19,S18,O21,REGION_BASE,REGION,BASE,POWER,"[""POWER#5""]",64.69999999999999,65.19999999999999,True,1
lifecycle,e70960269eec88da76c7fc94e6e135d06a464be3b3c58017f568e3e26a79d27a,20260916,0.11.0,36,supply,shipments,False,19,19,S19,O22,CENTER_REGION,CENTER,REGION,POWER,"[""POWER#7""]",64.69999999999999,65.69999999999999,True,1
lifecycle,e70960269eec88da76c7fc94e6e135d06a464be3b3c58017f568e3e26a79d27a,20260916,0.11.0,37,supply,shipments,False,17,17,S1,O1,REGION_BASE,REGION,BASE,POWER,"[""POWER#1""]",0,0.5,True,1
lifecycle,e70960269eec88da76c7fc94e6e135d06a464be3b3c58017f568e3e26a79d27a,20260916,0.11.0,37,supply,shipments,False,17,17,S2,O1,CENTER_BASE,CENTER,BASE,POWER,"[""POWER#2""]",0,1.5,True,1
lifecycle,e70960269eec88da76c7fc94e6e135d06a464be3b3c58017f568e3e26a79d27a,20260916,0.11.0,37,supply,shipments,False,17,17,S3,O2,CENTER_REGION,CENTER,REGION,POWER,"[""POWER#7"", ""POWER#8""]",4.0,5.0,True,2
lifecycle,e70960269eec88da76c7fc94e6e135d06a464be3b3c58017f568e3e26a79d27a,20260916,0.11.0,37,supply,shipments,False,17,17,S4,O4,REGION_BASE,REGION,BASE,POWER,"[""POWER#7""]",16.700000000000003,17.200000000000003,True,1
lifecycle,e70960269eec88da76c7fc94e6e135d06a464be3b3c58017f568e3e26a79d27a,20260916,0.11.0,37,supply,shipments,False,17,17,S5,O5,CENTER_REGION,CENTER,REGION,POWER,"[""POWER#9""]",16.700000000000003,17.700000000000003,True,1
lifecycle,e70960269eec88da76c7fc94e6e135d06a464be3b3c58017f568e3e26a79d27a,20260916,0.11.0,37,supply,shipments,False,17,17,S6,O7,REGION_BASE,REGION,BASE,POWER,"[""POWER#8""]",30.761047161468582,31.261047161468582,True,1
lifecycle,e70960269eec88da76c7fc94e6e135d06a464be3b3c58017f568e3e26a79d27a,20260916,0.11.0,37,supply,shipments,False,17,17,S7,O8,CENTER_REGION,CENTER,REGION,POWER,"[""POWER#10""]",30.761047161468582,31.761047161468582,True,1
lifecycle,e70960269eec88da76c7fc94e6e135d06a464be3b3c58017f568e3e26a79d27a,20260916,0.11.0,37,supply,shipments,False,17,17,S8,O9,REGION_BASE,REGION,BASE,POWER,"[""POWER#9""]",36.6,37.1,True,1
lifecycle,e70960269eec88da76c7fc94e6e135d06a464be3b3c58017f568e3e26a79d27a,20260916,0.11.0,37,supply,shipments,False,17,17,S9,O10,CENTER_REGION,CENTER,REGION,POWER,"[""POWER#4""]",36.6,37.6,True,1
lifecycle,e70960269eec88da76c7fc94e6e135d06a464be3b3c58017f568e3e26a79d27a,20260916,0.11.0,37,supply,shipments,False,17,17,S10,O11,REGION_BASE,REGION,BASE,POWER,"[""POWER#10""]",60.6,61.1,True,1
lifecycle,e70960269eec88da76c7fc94e6e135d06a464be3b3c58017f568e3e26a79d27a,20260916,0.11.0,37,supply,shipments,False,17,17,S11,O12,CENTER_REGION,CENTER,REGION,POWER,"[""POWER#11""]",60.6,61.6,True,1
lifecycle,e70960269eec88da76c7fc94e6e135d06a464be3b3c58017f568e3e26a79d27a,20260916,0.11.0,37,supply,shipments,False,17,17,S12,O14,REGION_BASE,REGION,BASE,POWER,"[""POWER#4""]",60.7,61.2,True,1
lifecycle,e70960269eec88da76c7fc94e6e135d06a464be3b3c58017f568e3e26a79d27a,20260916,0.11.0,37,supply,shipments,False,17,17,S13,O15,CENTER_REGION,CENTER,REGION,POWER,"[""POWER#5""]",60.7,61.7,True,1
lifecycle,e70960269eec88da76c7fc94e6e135d06a464be3b3c58017f568e3e26a79d27a,20260916,0.11.0,37,supply,shipments,False,17,17,S14,O17,REGION_BASE,REGION,BASE,POWER,"[""POWER#11""]",64.6,65.1,True,1
lifecycle,e70960269eec88da76c7fc94e6e135d06a464be3b3c58017f568e3e26a79d27a,20260916,0.11.0,37,supply,shipments,False,17,17,S15,O18,CENTER_REGION,CENTER,REGION,POWER,"[""POWER#2""]",64.6,65.6,True,1
lifecycle,e70960269eec88da76c7fc94e6e135d06a464be3b3c58017f568e3e26a79d27a,20260916,0.11.0,37,supply,shipments,False,17,17,S16,O19,REGION_BASE,REGION,BASE,POWER,"[""POWER#5""]",64.69999999999999,65.19999999999999,True,1
lifecycle,e70960269eec88da76c7fc94e6e135d06a464be3b3c58017f568e3e26a79d27a,20260916,0.11.0,37,supply,shipments,False,17,17,S17,O20,CENTER_REGION,CENTER,REGION,POWER,"[""POWER#12""]",64.69999999999999,65.69999999999999,True,1
lifecycle,e70960269eec88da76c7fc94e6e135d06a464be3b3c58017f568e3e26a79d27a,20260916,0.11.0,38,supply,shipments,False,17,17,S1,O1,REGION_BASE,REGION,BASE,POWER,"[""POWER#1""]",0,0.5,True,1
lifecycle,e70960269eec88da76c7fc94e6e135d06a464be3b3c58017f568e3e26a79d27a,20260916,0.11.0,38,supply,shipments,False,17,17,S2,O1,CENTER_BASE,CENTER,BASE,POWER,"[""POWER#2""]",0,1.5,True,1
lifecycle,e70960269eec88da76c7fc94e6e135d06a464be3b3c58017f568e3e26a79d27a,20260916,0.11.0,38,supply,shipments,False,17,17,S3,O2,CENTER_REGION,CENTER,REGION,POWER,"[""POWER#7"", ""POWER#8""]",4.0,5.0,True,2
lifecycle,e70960269eec88da76c7fc94e6e135d06a464be3b3c58017f568e3e26a79d27a,20260916,0.11.0,38,supply,shipments,False,17,17,S4,O4,REGION_BASE,REGION,BASE,POWER,"[""POWER#7""]",16.800000000000004,17.300000000000004,True,1
lifecycle,e70960269eec88da76c7fc94e6e135d06a464be3b3c58017f568e3e26a79d27a,20260916,0.11.0,38,supply,shipments,False,17,17,S5,O5,CENTER_REGION,CENTER,REGION,POWER,"[""POWER#9""]",16.800000000000004,17.800000000000004,True,1
lifecycle,e70960269eec88da76c7fc94e6e135d06a464be3b3c58017f568e3e26a79d27a,20260916,0.11.0,38,supply,shipments,False,17,17,S6,O7,REGION_BASE,REGION,BASE,POWER,"[""POWER#8""]",32.800000000000004,33.300000000000004,True,1
lifecycle,e70960269eec88da76c7fc94e6e135d06a464be3b3c58017f568e3e26a79d27a,20260916,0.11.0,38,supply,shipments,False,17,17,S7,O8,CENTER_REGION,CENTER,REGION,POWER,"[""POWER#10""]",32.800000000000004,33.800000000000004,True,1
lifecycle,e70960269eec88da76c7fc94e6e135d06a464be3b3c58017f568e3e26a79d27a,20260916,0.11.0,38,supply,shipments,False,17,17,S8,O9,REGION_BASE,REGION,BASE,POWER,"[""POWER#9""]",36.6,37.1,True,1
lifecycle,e70960269eec88da76c7fc94e6e135d06a464be3b3c58017f568e3e26a79d27a,20260916,0.11.0,38,supply,shipments,False,17,17,S9,O10,CENTER_REGION,CENTER,REGION,POWER,"[""POWER#3""]",36.6,37.6,True,1
lifecycle,e70960269eec88da76c7fc94e6e135d06a464be3b3c58017f568e3e26a79d27a,20260916,0.11.0,38,supply,shipments,False,17,17,S10,O11,REGION_BASE,REGION,BASE,POWER,"[""POWER#10""]",40.6,41.1,True,1
lifecycle,e70960269eec88da76c7fc94e6e135d06a464be3b3c58017f568e3e26a79d27a,20260916,0.11.0,38,supply,shipments,False,17,17,S11,O12,CENTER_REGION,CENTER,REGION,POWER,"[""POWER#11""]",40.6,41.6,True,1
lifecycle,e70960269eec88da76c7fc94e6e135d06a464be3b3c58017f568e3e26a79d27a,20260916,0.11.0,38,supply,shipments,False,17,17,S12,O14,REGION_BASE,REGION,BASE,POWER,"[""POWER#3""]",60.7,61.2,True,1
lifecycle,e70960269eec88da76c7fc94e6e135d06a464be3b3c58017f568e3e26a79d27a,20260916,0.11.0,38,supply,shipments,False,17,17,S13,O15,CENTER_REGION,CENTER,REGION,POWER,"[""POWER#5""]",60.7,61.7,True,1
lifecycle,e70960269eec88da76c7fc94e6e135d06a464be3b3c58017f568e3e26a79d27a,20260916,0.11.0,38,supply,shipments,False,17,17,S14,O17,REGION_BASE,REGION,BASE,POWER,"[""POWER#11""]",64.6,65.1,True,1
lifecycle,e70960269eec88da76c7fc94e6e135d06a464be3b3c58017f568e3e26a79d27a,20260916,0.11.0,38,supply,shipments,False,17,17,S15,O18,CENTER_REGION,CENTER,REGION,POWER,"[""POWER#12""]",64.6,65.6,True,1
lifecycle,e70960269eec88da76c7fc94e6e135d06a464be3b3c58017f568e3e26a79d27a,20260916,0.11.0,38,supply,shipments,False,17,17,S16,O19,REGION_BASE,REGION,BASE,POWER,"[""POWER#5""]",64.69999999999999,65.19999999999999,True,1
lifecycle,e70960269eec88da76c7fc94e6e135d06a464be3b3c58017f568e3e26a79d27a,20260916,0.11.0,38,supply,shipments,False,17,17,S17,O20,CENTER_REGION,CENTER,REGION,POWER,"[""POWER#2""]",64.69999999999999,65.69999999999999,True,1
lifecycle,e70960269eec88da76c7fc94e6e135d06a464be3b3c58017f568e3e26a79d27a,20260916,0.11.0,39,supply,shipments,False,13,13,S1,O1,REGION_BASE,REGION,BASE,POWER,"[""POWER#1""]",0,0.5,True,1
lifecycle,e70960269eec88da76c7fc94e6e135d06a464be3b3c58017f568e3e26a79d27a,20260916,0.11.0,39,supply,shipments,False,13,13,S2,O1,CENTER_BASE,CENTER,BASE,POWER,"[""POWER#2""]",0,1.5,True,1
lifecycle,e70960269eec88da76c7fc94e6e135d06a464be3b3c58017f568e3e26a79d27a,20260916,0.11.0,39,supply,shipments,False,13,13,S3,O2,CENTER_REGION,CENTER,REGION,POWER,"[""POWER#7"", ""POWER#8""]",4.0,5.0,True,2
lifecycle,e70960269eec88da76c7fc94e6e135d06a464be3b3c58017f568e3e26a79d27a,20260916,0.11.0,39,supply,shipments,False,13,13,S4,O4,REGION_BASE,REGION,BASE,POWER,"[""POWER#7""]",16.700000000000003,17.200000000000003,True,1
lifecycle,e70960269eec88da76c7fc94e6e135d06a464be3b3c58017f568e3e26a79d27a,20260916,0.11.0,39,supply,shipments,False,13,13,S5,O5,CENTER_REGION,CENTER,REGION,POWER,"[""POWER#9""]",16.700000000000003,17.700000000000003,True,1
lifecycle,e70960269eec88da76c7fc94e6e135d06a464be3b3c58017f568e3e26a79d27a,20260916,0.11.0,39,supply,shipments,False,13,13,S6,O7,REGION_BASE,REGION,BASE,POWER,"[""POWER#8""]",32.800000000000004,33.300000000000004,True,1
lifecycle,e70960269eec88da76c7fc94e6e135d06a464be3b3c58017f568e3e26a79d27a,20260916,0.11.0,39,supply,shipments,False,13,13,S7,O8,CENTER_REGION,CENTER,REGION,POWER,"[""POWER#10""]",32.800000000000004,33.800000000000004,True,1
lifecycle,e70960269eec88da76c7fc94e6e135d06a464be3b3c58017f568e3e26a79d27a,20260916,0.11.0,39,supply,shipments,False,13,13,S8,O9,REGION_BASE,REGION,BASE,POWER,"[""POWER#9""]",36.6,37.1,True,1
lifecycle,e70960269eec88da76c7fc94e6e135d06a464be3b3c58017f568e3e26a79d27a,20260916,0.11.0,39,supply,shipments,False,13,13,S9,O10,CENTER_REGION,CENTER,REGION,POWER,"[""POWER#4""]",36.6,37.6,True,1
lifecycle,e70960269eec88da76c7fc94e6e135d06a464be3b3c58017f568e3e26a79d27a,20260916,0.11.0,39,supply,shipments,False,13,13,S10,O11,REGION_BASE,REGION,BASE,POWER,"[""POWER#10""]",40.6,41.1,True,1
lifecycle,e70960269eec88da76c7fc94e6e135d06a464be3b3c58017f568e3e26a79d27a,20260916,0.11.0,39,supply,shipments,False,13,13,S11,O12,CENTER_REGION,CENTER,REGION,POWER,"[""POWER#11""]",40.6,41.6,True,1
lifecycle,e70960269eec88da76c7fc94e6e135d06a464be3b3c58017f568e3e26a79d27a,20260916,0.11.0,39,supply,shipments,False,13,13,S12,O14,REGION_BASE,REGION,BASE,POWER,"[""POWER#4""]",56.7,57.2,True,1
lifecycle,e70960269eec88da76c7fc94e6e135d06a464be3b3c58017f568e3e26a79d27a,20260916,0.11.0,39,supply,shipments,False,13,13,S13,O15,CENTER_REGION,CENTER,REGION,POWER,"[""POWER#5""]",56.7,57.7,True,1
lifecycle,e70960269eec88da76c7fc94e6e135d06a464be3b3c58017f568e3e26a79d27a,20260916,0.11.0,40,supply,shipments,False,17,17,S1,O1,REGION_BASE,REGION,BASE,POWER,"[""POWER#1""]",0,0.5,True,1
lifecycle,e70960269eec88da76c7fc94e6e135d06a464be3b3c58017f568e3e26a79d27a,20260916,0.11.0,40,supply,shipments,False,17,17,S2,O1,CENTER_BASE,CENTER,BASE,POWER,"[""POWER#2""]",0,1.5,True,1
lifecycle,e70960269eec88da76c7fc94e6e135d06a464be3b3c58017f568e3e26a79d27a,20260916,0.11.0,40,supply,shipments,False,17,17,S3,O2,CENTER_REGION,CENTER,REGION,POWER,"[""POWER#7"", ""POWER#8""]",4.0,5.0,True,2
lifecycle,e70960269eec88da76c7fc94e6e135d06a464be3b3c58017f568e3e26a79d27a,20260916,0.11.0,40,supply,shipments,False,17,17,S4,O4,REGION_BASE,REGION,BASE,POWER,"[""POWER#7""]",12.7,13.2,True,1
lifecycle,e70960269eec88da76c7fc94e6e135d06a464be3b3c58017f568e3e26a79d27a,20260916,0.11.0,40,supply,shipments,False,17,17,S5,O5,CENTER_REGION,CENTER,REGION,POWER,"[""POWER#9""]",12.7,13.7,True,1
lifecycle,e70960269eec88da76c7fc94e6e135d06a464be3b3c58017f568e3e26a79d27a,20260916,0.11.0,40,supply,shipments,False,17,17,S6,O7,REGION_BASE,REGION,BASE,POWER,"[""POWER#8""]",16.700000000000003,17.200000000000003,True,1
lifecycle,e70960269eec88da76c7fc94e6e135d06a464be3b3c58017f568e3e26a79d27a,20260916,0.11.0,40,supply,shipments,False,17,17,S7,O8,CENTER_REGION,CENTER,REGION,POWER,"[""POWER#10""]",16.700000000000003,17.700000000000003,True,1
lifecycle,e70960269eec88da76c7fc94e6e135d06a464be3b3c58017f568e3e26a79d27a,20260916,0.11.0,40,supply,shipments,False,17,17,S8,O9,REGION_BASE,REGION,BASE,POWER,"[""POWER#9""]",32.7,33.2,True,1
lifecycle,e70960269eec88da76c7fc94e6e135d06a464be3b3c58017f568e3e26a79d27a,20260916,0.11.0,40,supply,shipments,False,17,17,S9,O10,CENTER_REGION,CENTER,REGION,POWER,"[""POWER#6""]",32.7,33.7,True,1
lifecycle,e70960269eec88da76c7fc94e6e135d06a464be3b3c58017f568e3e26a79d27a,20260916,0.11.0,40,supply,shipments,False,17,17,S10,O11,REGION_BASE,REGION,BASE,POWER,"[""POWER#10""]",36.6,37.1,True,1
lifecycle,e70960269eec88da76c7fc94e6e135d06a464be3b3c58017f568e3e26a79d27a,20260916,0.11.0,40,supply,shipments,False,17,17,S11,O12,CENTER_REGION,CENTER,REGION,POWER,"[""POWER#11""]",36.6,37.6,True,1
lifecycle,e70960269eec88da76c7fc94e6e135d06a464be3b3c58017f568e3e26a79d27a,20260916,0.11.0,40,supply,shipments,False,17,17,S12,O13,REGION_BASE,REGION,BASE,POWER,"[""POWER#6""]",40.7,41.2,True,1
lifecycle,e70960269eec88da76c7fc94e6e135d06a464be3b3c58017f568e3e26a79d27a,20260916,0.11.0,40,supply,shipments,False,17,17,S13,O14,CENTER_REGION,CENTER,REGION,POWER,"[""POWER#4""]",40.7,41.7,True,1
lifecycle,e70960269eec88da76c7fc94e6e135d06a464be3b3c58017f568e3e26a79d27a,20260916,0.11.0,40,supply,shipments,False,17,17,S14,O16,REGION_BASE,REGION,BASE,POWER,"[""POWER#11""]",56.7,57.2,True,1
lifecycle,e70960269eec88da76c7fc94e6e135d06a464be3b3c58017f568e3e26a79d27a,20260916,0.11.0,40,supply,shipments,False,17,17,S15,O17,CENTER_REGION,CENTER,REGION,POWER,"[""POWER#5""]",56.7,57.7,True,1
lifecycle,e70960269eec88da76c7fc94e6e135d06a464be3b3c58017f568e3e26a79d27a,20260916,0.11.0,40,supply,shipments,False,17,17,S16,O18,REGION_BASE,REGION,BASE,POWER,"[""POWER#4""]",60.7,61.2,True,1
lifecycle,e70960269eec88da76c7fc94e6e135d06a464be3b3c58017f568e3e26a79d27a,20260916,0.11.0,40,supply,shipments,False,17,17,S17,O19,CENTER_REGION,CENTER,REGION,POWER,"[""POWER#1""]",60.7,61.7,True,1
lifecycle,e70960269eec88da76c7fc94e6e135d06a464be3b3c58017f568e3e26a79d27a,20260916,0.11.0,41,supply,shipments,False,13,13,S1,O1,REGION_BASE,REGION,BASE,POWER,"[""POWER#1""]",0,0.5,True,1
lifecycle,e70960269eec88da76c7fc94e6e135d06a464be3b3c58017f568e3e26a79d27a,20260916,0.11.0,41,supply,shipments,False,13,13,S2,O1,CENTER_BASE,CENTER,BASE,POWER,"[""POWER#2""]",0,1.5,True,1
lifecycle,e70960269eec88da76c7fc94e6e135d06a464be3b3c58017f568e3e26a79d27a,20260916,0.11.0,41,supply,shipments,False,13,13,S3,O2,CENTER_REGION,CENTER,REGION,POWER,"[""POWER#7"", ""POWER#8""]",4.0,5.0,True,2
lifecycle,e70960269eec88da76c7fc94e6e135d06a464be3b3c58017f568e3e26a79d27a,20260916,0.11.0,41,supply,shipments,False,13,13,S4,O4,REGION_BASE,REGION,BASE,POWER,"[""POWER#7""]",16.700000000000003,17.200000000000003,True,1
lifecycle,e70960269eec88da76c7fc94e6e135d06a464be3b3c58017f568e3e26a79d27a,20260916,0.11.0,41,supply,shipments,False,13,13,S5,O5,CENTER_REGION,CENTER,REGION,POWER,"[""POWER#9""]",16.700000000000003,17.700000000000003,True,1
lifecycle,e70960269eec88da76c7fc94e6e135d06a464be3b3c58017f568e3e26a79d27a,20260916,0.11.0,41,supply,shipments,False,13,13,S6,O7,REGION_BASE,REGION,BASE,POWER,"[""POWER#8""]",32.800000000000004,33.300000000000004,True,1
lifecycle,e70960269eec88da76c7fc94e6e135d06a464be3b3c58017f568e3e26a79d27a,20260916,0.11.0,41,supply,shipments,False,13,13,S7,O8,CENTER_REGION,CENTER,REGION,POWER,"[""POWER#10""]",32.800000000000004,33.800000000000004,True,1
lifecycle,e70960269eec88da76c7fc94e6e135d06a464be3b3c58017f568e3e26a79d27a,20260916,0.11.0,41,supply,shipments,False,13,13,S8,O9,REGION_BASE,REGION,BASE,POWER,"[""POWER#9""]",36.6,37.1,True,1
lifecycle,e70960269eec88da76c7fc94e6e135d06a464be3b3c58017f568e3e26a79d27a,20260916,0.11.0,41,supply,shipments,False,13,13,S9,O10,CENTER_REGION,CENTER,REGION,POWER,"[""POWER#4""]",36.6,37.6,True,1
lifecycle,e70960269eec88da76c7fc94e6e135d06a464be3b3c58017f568e3e26a79d27a,20260916,0.11.0,41,supply,shipments,False,13,13,S10,O11,REGION_BASE,REGION,BASE,POWER,"[""POWER#10""]",40.6,41.1,True,1
lifecycle,e70960269eec88da76c7fc94e6e135d06a464be3b3c58017f568e3e26a79d27a,20260916,0.11.0,41,supply,shipments,False,13,13,S11,O12,CENTER_REGION,CENTER,REGION,POWER,"[""POWER#11""]",40.6,41.6,True,1
lifecycle,e70960269eec88da76c7fc94e6e135d06a464be3b3c58017f568e3e26a79d27a,20260916,0.11.0,41,supply,shipments,False,13,13,S12,O14,REGION_BASE,REGION,BASE,POWER,"[""POWER#4""]",64.6,65.1,True,1
lifecycle,e70960269eec88da76c7fc94e6e135d06a464be3b3c58017f568e3e26a79d27a,20260916,0.11.0,41,supply,shipments,False,13,13,S13,O15,CENTER_REGION,CENTER,REGION,POWER,"[""POWER#5""]",64.6,65.6,True,1
lifecycle,e70960269eec88da76c7fc94e6e135d06a464be3b3c58017f568e3e26a79d27a,20260916,0.11.0,42,supply,shipments,False,15,15,S1,O1,REGION_BASE,REGION,BASE,POWER,"[""POWER#1""]",0,0.5,True,1
lifecycle,e70960269eec88da76c7fc94e6e135d06a464be3b3c58017f568e3e26a79d27a,20260916,0.11.0,42,supply,shipments,False,15,15,S2,O1,CENTER_BASE,CENTER,BASE,POWER,"[""POWER#2""]",0,1.5,True,1
lifecycle,e70960269eec88da76c7fc94e6e135d06a464be3b3c58017f568e3e26a79d27a,20260916,0.11.0,42,supply,shipments,False,15,15,S3,O2,CENTER_REGION,CENTER,REGION,POWER,"[""POWER#7"", ""POWER#8""]",4.0,5.0,True,2
lifecycle,e70960269eec88da76c7fc94e6e135d06a464be3b3c58017f568e3e26a79d27a,20260916,0.11.0,42,supply,shipments,False,15,15,S4,O4,REGION_BASE,REGION,BASE,POWER,"[""POWER#7""]",16.700000000000003,17.200000000000003,True,1
lifecycle,e70960269eec88da76c7fc94e6e135d06a464be3b3c58017f568e3e26a79d27a,20260916,0.11.0,42,supply,shipments,False,15,15,S5,O5,CENTER_REGION,CENTER,REGION,POWER,"[""POWER#9""]",16.700000000000003,17.700000000000003,True,1
lifecycle,e70960269eec88da76c7fc94e6e135d06a464be3b3c58017f568e3e26a79d27a,20260916,0.11.0,42,supply,shipments,False,15,15,S6,O7,REGION_BASE,REGION,BASE,POWER,"[""POWER#8""]",16.800000000000004,17.300000000000004,True,1
lifecycle,e70960269eec88da76c7fc94e6e135d06a464be3b3c58017f568e3e26a79d27a,20260916,0.11.0,42,supply,shipments,False,15,15,S7,O8,CENTER_REGION,CENTER,REGION,POWER,"[""POWER#10""]",16.800000000000004,17.800000000000004,True,1
lifecycle,e70960269eec88da76c7fc94e6e135d06a464be3b3c58017f568e3e26a79d27a,20260916,0.11.0,42,supply,shipments,False,15,15,S8,O10,REGION_BASE,REGION,BASE,POWER,"[""POWER#9""]",32.7,33.2,True,1
lifecycle,e70960269eec88da76c7fc94e6e135d06a464be3b3c58017f568e3e26a79d27a,20260916,0.11.0,42,supply,shipments,False,15,15,S9,O11,CENTER_REGION,CENTER,REGION,POWER,"[""POWER#4""]",32.7,33.7,True,1
lifecycle,e70960269eec88da76c7fc94e6e135d06a464be3b3c58017f568e3e26a79d27a,20260916,0.11.0,42,supply,shipments,False,15,15,S10,O12,REGION_BASE,REGION,BASE,POWER,"[""POWER#10""]",32.800000000000004,33.300000000000004,True,1
lifecycle,e70960269eec88da76c7fc94e6e135d06a464be3b3c58017f568e3e26a79d27a,20260916,0.11.0,42,supply,shipments,False,15,15,S11,O13,CENTER_REGION,CENTER,REGION,POWER,"[""POWER#3""]",32.800000000000004,33.800000000000004,True,1
lifecycle,e70960269eec88da76c7fc94e6e135d06a464be3b3c58017f568e3e26a79d27a,20260916,0.11.0,42,supply,shipments,False,15,15,S12,O14,REGION_BASE,REGION,BASE,POWER,"[""POWER#4""]",60.7,61.2,True,1
lifecycle,e70960269eec88da76c7fc94e6e135d06a464be3b3c58017f568e3e26a79d27a,20260916,0.11.0,42,supply,shipments,False,15,15,S13,O15,CENTER_REGION,CENTER,REGION,POWER,"[""POWER#11""]",60.7,61.7,True,1
lifecycle,e70960269eec88da76c7fc94e6e135d06a464be3b3c58017f568e3e26a79d27a,20260916,0.11.0,42,supply,shipments,False,15,15,S14,O16,REGION_BASE,REGION,BASE,POWER,"[""POWER#3"", ""POWER#11""]",64.6,65.1,True,2
lifecycle,e70960269eec88da76c7fc94e6e135d06a464be3b3c58017f568e3e26a79d27a,20260916,0.11.0,42,supply,shipments,False,15,15,S15,O17,CENTER_REGION,CENTER,REGION,POWER,"[""POWER#12"", ""POWER#6""]",64.6,65.6,True,2
lifecycle,e70960269eec88da76c7fc94e6e135d06a464be3b3c58017f568e3e26a79d27a,20260916,0.11.0,43,supply,shipments,False,15,15,S1,O1,REGION_BASE,REGION,BASE,POWER,"[""POWER#1""]",0,0.5,True,1
lifecycle,e70960269eec88da76c7fc94e6e135d06a464be3b3c58017f568e3e26a79d27a,20260916,0.11.0,43,supply,shipments,False,15,15,S2,O1,CENTER_BASE,CENTER,BASE,POWER,"[""POWER#2""]",0,1.5,True,1
lifecycle,e70960269eec88da76c7fc94e6e135d06a464be3b3c58017f568e3e26a79d27a,20260916,0.11.0,43,supply,shipments,False,15,15,S3,O2,CENTER_REGION,CENTER,REGION,POWER,"[""POWER#7"", ""POWER#8""]",4.0,5.0,True,2
lifecycle,e70960269eec88da76c7fc94e6e135d06a464be3b3c58017f568e3e26a79d27a,20260916,0.11.0,43,supply,shipments,False,15,15,S4,O4,REGION_BASE,REGION,BASE,POWER,"[""POWER#7""]",32.800000000000004,33.300000000000004,True,1
lifecycle,e70960269eec88da76c7fc94e6e135d06a464be3b3c58017f568e3e26a79d27a,20260916,0.11.0,43,supply,shipments,False,15,15,S5,O5,CENTER_REGION,CENTER,REGION,POWER,"[""POWER#9""]",32.800000000000004,33.800000000000004,True,1
lifecycle,e70960269eec88da76c7fc94e6e135d06a464be3b3c58017f568e3e26a79d27a,20260916,0.11.0,43,supply,shipments,False,15,15,S6,O7,REGION_BASE,REGION,BASE,POWER,"[""POWER#8"", ""POWER#9""]",36.6,37.1,True,2
lifecycle,e70960269eec88da76c7fc94e6e135d06a464be3b3c58017f568e3e26a79d27a,20260916,0.11.0,43,supply,shipments,False,15,15,S7,O8,CENTER_REGION,CENTER,REGION,POWER,"[""POWER#10"", ""POWER#5""]",36.6,37.6,True,2
lifecycle,e70960269eec88da76c7fc94e6e135d06a464be3b3c58017f568e3e26a79d27a,20260916,0.11.0,43,supply,shipments,False,15,15,S8,O10,REGION_BASE,REGION,BASE,POWER,"[""POWER#10""]",40.6,41.1,True,1
lifecycle,e70960269eec88da76c7fc94e6e135d06a464be3b3c58017f568e3e26a79d27a,20260916,0.11.0,43,supply,shipments,False,15,15,S9,O11,CENTER_REGION,CENTER,REGION,POWER,"[""POWER#11""]",40.6,41.6,True,1
lifecycle,e70960269eec88da76c7fc94e6e135d06a464be3b3c58017f568e3e26a79d27a,20260916,0.11.0,43,supply,shipments,False,15,15,S10,O13,REGION_BASE,REGION,BASE,POWER,"[""POWER#5""]",60.7,61.2,True,1
lifecycle,e70960269eec88da76c7fc94e6e135d06a464be3b3c58017f568e3e26a79d27a,20260916,0.11.0,43,supply,shipments,False,15,15,S11,O14,CENTER_REGION,CENTER,REGION,POWER,"[""POWER#12""]",60.7,61.7,True,1
lifecycle,e70960269eec88da76c7fc94e6e135d06a464be3b3c58017f568e3e26a79d27a,20260916,0.11.0,43,supply,shipments,False,15,15,S12,O16,REGION_BASE,REGION,BASE,POWER,"[""POWER#11""]",64.69999999999999,65.19999999999999,True,1
lifecycle,e70960269eec88da76c7fc94e6e135d06a464be3b3c58017f568e3e26a79d27a,20260916,0.11.0,43,supply,shipments,False,15,15,S13,O17,CENTER_REGION,CENTER,REGION,POWER,"[""POWER#13""]",64.69999999999999,65.69999999999999,True,1
lifecycle,e70960269eec88da76c7fc94e6e135d06a464be3b3c58017f568e3e26a79d27a,20260916,0.11.0,43,supply,shipments,False,15,15,S14,O18,REGION_BASE,REGION,BASE,POWER,"[""POWER#12""]",64.79999999999998,65.29999999999998,True,1
lifecycle,e70960269eec88da76c7fc94e6e135d06a464be3b3c58017f568e3e26a79d27a,20260916,0.11.0,43,supply,shipments,False,15,15,S15,O19,CENTER_REGION,CENTER,REGION,POWER,"[""POWER#1""]",64.79999999999998,65.79999999999998,True,1
lifecycle,e70960269eec88da76c7fc94e6e135d06a464be3b3c58017f568e3e26a79d27a,20260916,0.11.0,44,supply,shipments,False,17,17,S1,O1,REGION_BASE,REGION,BASE,POWER,"[""POWER#1""]",0,0.5,True,1
lifecycle,e70960269eec88da76c7fc94e6e135d06a464be3b3c58017f568e3e26a79d27a,20260916,0.11.0,44,supply,shipments,False,17,17,S2,O1,CENTER_BASE,CENTER,BASE,POWER,"[""POWER#2""]",0,1.5,True,1
lifecycle,e70960269eec88da76c7fc94e6e135d06a464be3b3c58017f568e3e26a79d27a,20260916,0.11.0,44,supply,shipments,False,17,17,S3,O2,CENTER_REGION,CENTER,REGION,POWER,"[""POWER#7"", ""POWER#8""]",4.0,5.0,True,2
lifecycle,e70960269eec88da76c7fc94e6e135d06a464be3b3c58017f568e3e26a79d27a,20260916,0.11.0,44,supply,shipments,False,17,17,S4,O4,REGION_BASE,REGION,BASE,POWER,"[""POWER#7""]",16.700000000000003,17.200000000000003,True,1
lifecycle,e70960269eec88da76c7fc94e6e135d06a464be3b3c58017f568e3e26a79d27a,20260916,0.11.0,44,supply,shipments,False,17,17,S5,O5,CENTER_REGION,CENTER,REGION,POWER,"[""POWER#9""]",16.700000000000003,17.700000000000003,True,1
lifecycle,e70960269eec88da76c7fc94e6e135d06a464be3b3c58017f568e3e26a79d27a,20260916,0.11.0,44,supply,shipments,False,17,17,S6,O7,REGION_BASE,REGION,BASE,POWER,"[""POWER#8""]",16.800000000000004,17.300000000000004,True,1
lifecycle,e70960269eec88da76c7fc94e6e135d06a464be3b3c58017f568e3e26a79d27a,20260916,0.11.0,44,supply,shipments,False,17,17,S7,O8,CENTER_REGION,CENTER,REGION,POWER,"[""POWER#10""]",16.800000000000004,17.800000000000004,True,1
lifecycle,e70960269eec88da76c7fc94e6e135d06a464be3b3c58017f568e3e26a79d27a,20260916,0.11.0,44,supply,shipments,False,17,17,S8,O10,REGION_BASE,REGION,BASE,POWER,"[""POWER#9""]",32.7,33.2,True,1
lifecycle,e70960269eec88da76c7fc94e6e135d06a464be3b3c58017f568e3e26a79d27a,20260916,0.11.0,44,supply,shipments,False,17,17,S9,O11,CENTER_REGION,CENTER,REGION,POWER,"[""POWER#4""]",32.7,33.7,True,1
lifecycle,e70960269eec88da76c7fc94e6e135d06a464be3b3c58017f568e3e26a79d27a,20260916,0.11.0,44,supply,shipments,False,17,17,S10,O12,REGION_BASE,REGION,BASE,POWER,"[""POWER#10""]",40.6,41.1,True,1
lifecycle,e70960269eec88da76c7fc94e6e135d06a464be3b3c58017f568e3e26a79d27a,20260916,0.11.0,44,supply,shipments,False,17,17,S11,O13,CENTER_REGION,CENTER,REGION,POWER,"[""POWER#3""]",40.6,41.6,True,1
lifecycle,e70960269eec88da76c7fc94e6e135d06a464be3b3c58017f568e3e26a79d27a,20260916,0.11.0,44,supply,shipments,False,17,17,S12,O14,REGION_BASE,REGION,BASE,POWER,"[""POWER#4""]",56.7,57.2,True,1
lifecycle,e70960269eec88da76c7fc94e6e135d06a464be3b3c58017f568e3e26a79d27a,20260916,0.11.0,44,supply,shipments,False,17,17,S13,O15,CENTER_REGION,CENTER,REGION,POWER,"[""POWER#11""]",56.7,57.7,True,1
lifecycle,e70960269eec88da76c7fc94e6e135d06a464be3b3c58017f568e3e26a79d27a,20260916,0.11.0,44,supply,shipments,False,17,17,S14,O16,REGION_BASE,REGION,BASE,POWER,"[""POWER#3""]",56.800000000000004,57.300000000000004,True,1
lifecycle,e70960269eec88da76c7fc94e6e135d06a464be3b3c58017f568e3e26a79d27a,20260916,0.11.0,44,supply,shipments,False,17,17,S15,O17,CENTER_REGION,CENTER,REGION,POWER,"[""POWER#12""]",56.800000000000004,57.800000000000004,True,1
lifecycle,e70960269eec88da76c7fc94e6e135d06a464be3b3c58017f568e3e26a79d27a,20260916,0.11.0,44,supply,shipments,False,17,17,S16,O19,REGION_BASE,REGION,BASE,POWER,"[""POWER#11""]",60.7,61.2,True,1
lifecycle,e70960269eec88da76c7fc94e6e135d06a464be3b3c58017f568e3e26a79d27a,20260916,0.11.0,44,supply,shipments,False,17,17,S17,O20,CENTER_REGION,CENTER,REGION,POWER,"[""POWER#6""]",60.7,61.7,True,1
lifecycle,e70960269eec88da76c7fc94e6e135d06a464be3b3c58017f568e3e26a79d27a,20260916,0.11.0,45,supply,shipments,False,13,13,S1,O1,REGION_BASE,REGION,BASE,POWER,"[""POWER#1""]",0,0.5,True,1
lifecycle,e70960269eec88da76c7fc94e6e135d06a464be3b3c58017f568e3e26a79d27a,20260916,0.11.0,45,supply,shipments,False,13,13,S2,O1,CENTER_BASE,CENTER,BASE,POWER,"[""POWER#2""]",0,1.5,True,1
lifecycle,e70960269eec88da76c7fc94e6e135d06a464be3b3c58017f568e3e26a79d27a,20260916,0.11.0,45,supply,shipments,False,13,13,S3,O2,CENTER_REGION,CENTER,REGION,POWER,"[""POWER#7"", ""POWER#8""]",4.0,5.0,True,2
lifecycle,e70960269eec88da76c7fc94e6e135d06a464be3b3c58017f568e3e26a79d27a,20260916,0.11.0,45,supply,shipments,False,13,13,S4,O4,REGION_BASE,REGION,BASE,POWER,"[""POWER#7""]",16.700000000000003,17.200000000000003,True,1
lifecycle,e70960269eec88da76c7fc94e6e135d06a464be3b3c58017f568e3e26a79d27a,20260916,0.11.0,45,supply,shipments,False,13,13,S5,O5,CENTER_REGION,CENTER,REGION,POWER,"[""POWER#9""]",16.700000000000003,17.700000000000003,True,1
lifecycle,e70960269eec88da76c7fc94e6e135d06a464be3b3c58017f568e3e26a79d27a,20260916,0.11.0,45,supply,shipments,False,13,13,S6,O7,REGION_BASE,REGION,BASE,POWER,"[""POWER#8""]",16.800000000000004,17.300000000000004,True,1
lifecycle,e70960269eec88da76c7fc94e6e135d06a464be3b3c58017f568e3e26a79d27a,20260916,0.11.0,45,supply,shipments,False,13,13,S7,O8,CENTER_REGION,CENTER,REGION,POWER,"[""POWER#10""]",16.800000000000004,17.800000000000004,True,1
lifecycle,e70960269eec88da76c7fc94e6e135d06a464be3b3c58017f568e3e26a79d27a,20260916,0.11.0,45,supply,shipments,False,13,13,S8,O10,REGION_BASE,REGION,BASE,POWER,"[""POWER#9"", ""POWER#10""]",40.6,41.1,True,2
lifecycle,e70960269eec88da76c7fc94e6e135d06a464be3b3c58017f568e3e26a79d27a,20260916,0.11.0,45,supply,shipments,False,13,13,S9,O11,CENTER_REGION,CENTER,REGION,POWER,"[""POWER#4"", ""POWER#3""]",40.6,41.6,True,2
lifecycle,e70960269eec88da76c7fc94e6e135d06a464be3b3c58017f568e3e26a79d27a,20260916,0.11.0,45,supply,shipments,False,13,13,S10,O12,REGION_BASE,REGION,BASE,POWER,"[""POWER#4""]",56.7,57.2,True,1
lifecycle,e70960269eec88da76c7fc94e6e135d06a464be3b3c58017f568e3e26a79d27a,20260916,0.11.0,45,supply,shipments,False,13,13,S11,O13,CENTER_REGION,CENTER,REGION,POWER,"[""POWER#11""]",56.7,57.7,True,1
lifecycle,e70960269eec88da76c7fc94e6e135d06a464be3b3c58017f568e3e26a79d27a,20260916,0.11.0,45,supply,shipments,False,13,13,S12,O15,REGION_BASE,REGION,BASE,POWER,"[""POWER#3""]",56.800000000000004,57.300000000000004,True,1
lifecycle,e70960269eec88da76c7fc94e6e135d06a464be3b3c58017f568e3e26a79d27a,20260916,0.11.0,45,supply,shipments,False,13,13,S13,O16,CENTER_REGION,CENTER,REGION,POWER,"[""POWER#12""]",56.800000000000004,57.800000000000004,True,1
lifecycle,e70960269eec88da76c7fc94e6e135d06a464be3b3c58017f568e3e26a79d27a,20260916,0.11.0,46,supply,shipments,False,15,15,S1,O1,REGION_BASE,REGION,BASE,POWER,"[""POWER#1""]",0,0.5,True,1
lifecycle,e70960269eec88da76c7fc94e6e135d06a464be3b3c58017f568e3e26a79d27a,20260916,0.11.0,46,supply,shipments,False,15,15,S2,O1,CENTER_BASE,CENTER,BASE,POWER,"[""POWER#2""]",0,1.5,True,1
lifecycle,e70960269eec88da76c7fc94e6e135d06a464be3b3c58017f568e3e26a79d27a,20260916,0.11.0,46,supply,shipments,False,15,15,S3,O2,CENTER_REGION,CENTER,REGION,POWER,"[""POWER#7"", ""POWER#8""]",4.0,5.0,True,2
lifecycle,e70960269eec88da76c7fc94e6e135d06a464be3b3c58017f568e3e26a79d27a,20260916,0.11.0,46,supply,shipments,False,15,15,S4,O4,REGION_BASE,REGION,BASE,POWER,"[""POWER#7""]",16.700000000000003,17.200000000000003,True,1
lifecycle,e70960269eec88da76c7fc94e6e135d06a464be3b3c58017f568e3e26a79d27a,20260916,0.11.0,46,supply,shipments,False,15,15,S5,O5,CENTER_REGION,CENTER,REGION,POWER,"[""POWER#9""]",16.700000000000003,17.700000000000003,True,1
lifecycle,e70960269eec88da76c7fc94e6e135d06a464be3b3c58017f568e3e26a79d27a,20260916,0.11.0,46,supply,shipments,False,15,15,S6,O7,REGION_BASE,REGION,BASE,POWER,"[""POWER#8""]",32.800000000000004,33.300000000000004,True,1
lifecycle,e70960269eec88da76c7fc94e6e135d06a464be3b3c58017f568e3e26a79d27a,20260916,0.11.0,46,supply,shipments,False,15,15,S7,O8,CENTER_REGION,CENTER,REGION,POWER,"[""POWER#10""]",32.800000000000004,33.800000000000004,True,1
lifecycle,e70960269eec88da76c7fc94e6e135d06a464be3b3c58017f568e3e26a79d27a,20260916,0.11.0,46,supply,shipments,False,15,15,S8,O9,REGION_BASE,REGION,BASE,POWER,"[""POWER#9""]",36.6,37.1,True,1
lifecycle,e70960269eec88da76c7fc94e6e135d06a464be3b3c58017f568e3e26a79d27a,20260916,0.11.0,46,supply,shipments,False,15,15,S9,O10,CENTER_REGION,CENTER,REGION,POWER,"[""POWER#4""]",36.6,37.6,True,1
lifecycle,e70960269eec88da76c7fc94e6e135d06a464be3b3c58017f568e3e26a79d27a,20260916,0.11.0,46,supply,shipments,False,15,15,S10,O11,REGION_BASE,REGION,BASE,POWER,"[""POWER#10""]",40.6,41.1,True,1
lifecycle,e70960269eec88da76c7fc94e6e135d06a464be3b3c58017f568e3e26a79d27a,20260916,0.11.0,46,supply,shipments,False,15,15,S11,O12,CENTER_REGION,CENTER,REGION,POWER,"[""POWER#11""]",40.6,41.6,True,1
lifecycle,e70960269eec88da76c7fc94e6e135d06a464be3b3c58017f568e3e26a79d27a,20260916,0.11.0,46,supply,shipments,False,15,15,S12,O14,REGION_BASE,REGION,BASE,POWER,"[""POWER#4""]",60.475996211734035,60.975996211734035,True,1
lifecycle,e70960269eec88da76c7fc94e6e135d06a464be3b3c58017f568e3e26a79d27a,20260916,0.11.0,46,supply,shipments,False,15,15,S13,O15,CENTER_REGION,CENTER,REGION,POWER,"[""POWER#5""]",60.475996211734035,61.475996211734035,True,1
lifecycle,e70960269eec88da76c7fc94e6e135d06a464be3b3c58017f568e3e26a79d27a,20260916,0.11.0,46,supply,shipments,False,15,15,S14,O17,REGION_BASE,REGION,BASE,POWER,"[""POWER#11""]",64.6,65.1,True,1
lifecycle,e70960269eec88da76c7fc94e6e135d06a464be3b3c58017f568e3e26a79d27a,20260916,0.11.0,46,supply,shipments,False,15,15,S15,O18,CENTER_REGION,CENTER,REGION,POWER,"[""POWER#12""]",64.6,65.6,True,1
lifecycle,e70960269eec88da76c7fc94e6e135d06a464be3b3c58017f568e3e26a79d27a,20260916,0.11.0,47,supply,shipments,False,17,17,S1,O1,REGION_BASE,REGION,BASE,POWER,"[""POWER#1""]",0,0.5,True,1
lifecycle,e70960269eec88da76c7fc94e6e135d06a464be3b3c58017f568e3e26a79d27a,20260916,0.11.0,47,supply,shipments,False,17,17,S2,O1,CENTER_BASE,CENTER,BASE,POWER,"[""POWER#2""]",0,1.5,True,1
lifecycle,e70960269eec88da76c7fc94e6e135d06a464be3b3c58017f568e3e26a79d27a,20260916,0.11.0,47,supply,shipments,False,17,17,S3,O2,CENTER_REGION,CENTER,REGION,POWER,"[""POWER#7"", ""POWER#8""]",4.0,5.0,True,2
lifecycle,e70960269eec88da76c7fc94e6e135d06a464be3b3c58017f568e3e26a79d27a,20260916,0.11.0,47,supply,shipments,False,17,17,S4,O4,REGION_BASE,REGION,BASE,POWER,"[""POWER#7""]",16.700000000000003,17.200000000000003,True,1
lifecycle,e70960269eec88da76c7fc94e6e135d06a464be3b3c58017f568e3e26a79d27a,20260916,0.11.0,47,supply,shipments,False,17,17,S5,O5,CENTER_REGION,CENTER,REGION,POWER,"[""POWER#9""]",16.700000000000003,17.700000000000003,True,1
lifecycle,e70960269eec88da76c7fc94e6e135d06a464be3b3c58017f568e3e26a79d27a,20260916,0.11.0,47,supply,shipments,False,17,17,S6,O7,REGION_BASE,REGION,BASE,POWER,"[""POWER#8""]",32.800000000000004,33.300000000000004,True,1
lifecycle,e70960269eec88da76c7fc94e6e135d06a464be3b3c58017f568e3e26a79d27a,20260916,0.11.0,47,supply,shipments,False,17,17,S7,O8,CENTER_REGION,CENTER,REGION,POWER,"[""POWER#10""]",32.800000000000004,33.800000000000004,True,1
lifecycle,e70960269eec88da76c7fc94e6e135d06a464be3b3c58017f568e3e26a79d27a,20260916,0.11.0,47,supply,shipments,False,17,17,S8,O9,REGION_BASE,REGION,BASE,POWER,"[""POWER#9""]",36.6,37.1,True,1
lifecycle,e70960269eec88da76c7fc94e6e135d06a464be3b3c58017f568e3e26a79d27a,20260916,0.11.0,47,supply,shipments,False,17,17,S9,O10,CENTER_REGION,CENTER,REGION,POWER,"[""POWER#4""]",36.6,37.6,True,1
lifecycle,e70960269eec88da76c7fc94e6e135d06a464be3b3c58017f568e3e26a79d27a,20260916,0.11.0,47,supply,shipments,False,17,17,S10,O11,REGION_BASE,REGION,BASE,POWER,"[""POWER#10""]",40.6,41.1,True,1
lifecycle,e70960269eec88da76c7fc94e6e135d06a464be3b3c58017f568e3e26a79d27a,20260916,0.11.0,47,supply,shipments,False,17,17,S11,O12,CENTER_REGION,CENTER,REGION,POWER,"[""POWER#11""]",40.6,41.6,True,1
lifecycle,e70960269eec88da76c7fc94e6e135d06a464be3b3c58017f568e3e26a79d27a,20260916,0.11.0,47,supply,shipments,False,17,17,S12,O14,REGION_BASE,REGION,BASE,POWER,"[""POWER#4""]",56.7,57.2,True,1
lifecycle,e70960269eec88da76c7fc94e6e135d06a464be3b3c58017f568e3e26a79d27a,20260916,0.11.0,47,supply,shipments,False,17,17,S13,O15,CENTER_REGION,CENTER,REGION,POWER,"[""POWER#5""]",56.7,57.7,True,1
lifecycle,e70960269eec88da76c7fc94e6e135d06a464be3b3c58017f568e3e26a79d27a,20260916,0.11.0,47,supply,shipments,False,17,17,S14,O17,REGION_BASE,REGION,BASE,POWER,"[""POWER#11""]",59.790000372586746,60.290000372586746,True,1
lifecycle,e70960269eec88da76c7fc94e6e135d06a464be3b3c58017f568e3e26a79d27a,20260916,0.11.0,47,supply,shipments,False,17,17,S15,O18,CENTER_REGION,CENTER,REGION,POWER,"[""POWER#12""]",59.790000372586746,60.790000372586746,True,1
lifecycle,e70960269eec88da76c7fc94e6e135d06a464be3b3c58017f568e3e26a79d27a,20260916,0.11.0,47,supply,shipments,False,17,17,S16,O19,REGION_BASE,REGION,BASE,POWER,"[""POWER#5""]",59.89000037258675,60.39000037258675,True,1
lifecycle,e70960269eec88da76c7fc94e6e135d06a464be3b3c58017f568e3e26a79d27a,20260916,0.11.0,47,supply,shipments,False,17,17,S17,O20,CENTER_REGION,CENTER,REGION,POWER,"[""POWER#1""]",59.89000037258675,60.89000037258675,True,1
lifecycle,e70960269eec88da76c7fc94e6e135d06a464be3b3c58017f568e3e26a79d27a,20260916,0.11.0,48,supply,shipments,False,13,13,S1,O1,REGION_BASE,REGION,BASE,POWER,"[""POWER#1""]",0,0.5,True,1
lifecycle,e70960269eec88da76c7fc94e6e135d06a464be3b3c58017f568e3e26a79d27a,20260916,0.11.0,48,supply,shipments,False,13,13,S2,O1,CENTER_BASE,CENTER,BASE,POWER,"[""POWER#2""]",0,1.5,True,1
lifecycle,e70960269eec88da76c7fc94e6e135d06a464be3b3c58017f568e3e26a79d27a,20260916,0.11.0,48,supply,shipments,False,13,13,S3,O2,CENTER_REGION,CENTER,REGION,POWER,"[""POWER#7"", ""POWER#8""]",4.0,5.0,True,2
lifecycle,e70960269eec88da76c7fc94e6e135d06a464be3b3c58017f568e3e26a79d27a,20260916,0.11.0,48,supply,shipments,False,13,13,S4,O4,REGION_BASE,REGION,BASE,POWER,"[""POWER#7""]",16.800000000000004,17.300000000000004,True,1
lifecycle,e70960269eec88da76c7fc94e6e135d06a464be3b3c58017f568e3e26a79d27a,20260916,0.11.0,48,supply,shipments,False,13,13,S5,O5,CENTER_REGION,CENTER,REGION,POWER,"[""POWER#9""]",16.800000000000004,17.800000000000004,True,1
lifecycle,e70960269eec88da76c7fc94e6e135d06a464be3b3c58017f568e3e26a79d27a,20260916,0.11.0,48,supply,shipments,False,13,13,S6,O7,REGION_BASE,REGION,BASE,POWER,"[""POWER#8""]",35.21669297349546,35.71669297349546,True,1
lifecycle,e70960269eec88da76c7fc94e6e135d06a464be3b3c58017f568e3e26a79d27a,20260916,0.11.0,48,supply,shipments,False,13,13,S7,O8,CENTER_REGION,CENTER,REGION,POWER,"[""POWER#10""]",35.21669297349546,36.21669297349546,True,1
lifecycle,e70960269eec88da76c7fc94e6e135d06a464be3b3c58017f568e3e26a79d27a,20260916,0.11.0,48,supply,shipments,False,13,13,S8,O9,REGION_BASE,REGION,BASE,POWER,"[""POWER#9"", ""POWER#10""]",40.6,41.1,True,2
lifecycle,e70960269eec88da76c7fc94e6e135d06a464be3b3c58017f568e3e26a79d27a,20260916,0.11.0,48,supply,shipments,False,13,13,S9,O10,CENTER_REGION,CENTER,REGION,POWER,"[""POWER#3"", ""POWER#11""]",40.6,41.6,True,2
lifecycle,e70960269eec88da76c7fc94e6e135d06a464be3b3c58017f568e3e26a79d27a,20260916,0.11.0,48,supply,shipments,False,13,13,S10,O12,REGION_BASE,REGION,BASE,POWER,"[""POWER#3""]",64.6,65.1,True,1
lifecycle,e70960269eec88da76c7fc94e6e135d06a464be3b3c58017f568e3e26a79d27a,20260916,0.11.0,48,supply,shipments,False,13,13,S11,O13,CENTER_REGION,CENTER,REGION,POWER,"[""POWER#12""]",64.6,65.6,True,1
lifecycle,e70960269eec88da76c7fc94e6e135d06a464be3b3c58017f568e3e26a79d27a,20260916,0.11.0,48,supply,shipments,False,13,13,S12,O15,REGION_BASE,REGION,BASE,POWER,"[""POWER#11""]",64.69999999999999,65.19999999999999,True,1
lifecycle,e70960269eec88da76c7fc94e6e135d06a464be3b3c58017f568e3e26a79d27a,20260916,0.11.0,48,supply,shipments,False,13,13,S13,O16,CENTER_REGION,CENTER,REGION,POWER,"[""POWER#13""]",64.69999999999999,65.69999999999999,True,1
lifecycle,e70960269eec88da76c7fc94e6e135d06a464be3b3c58017f568e3e26a79d27a,20260916,0.11.0,49,supply,shipments,False,13,13,S1,O1,REGION_BASE,REGION,BASE,POWER,"[""POWER#1""]",0,0.5,True,1
lifecycle,e70960269eec88da76c7fc94e6e135d06a464be3b3c58017f568e3e26a79d27a,20260916,0.11.0,49,supply,shipments,False,13,13,S2,O1,CENTER_BASE,CENTER,BASE,POWER,"[""POWER#2""]",0,1.5,True,1
lifecycle,e70960269eec88da76c7fc94e6e135d06a464be3b3c58017f568e3e26a79d27a,20260916,0.11.0,49,supply,shipments,False,13,13,S3,O2,CENTER_REGION,CENTER,REGION,POWER,"[""POWER#7"", ""POWER#8""]",4.0,5.0,True,2
lifecycle,e70960269eec88da76c7fc94e6e135d06a464be3b3c58017f568e3e26a79d27a,20260916,0.11.0,49,supply,shipments,False,13,13,S4,O4,REGION_BASE,REGION,BASE,POWER,"[""POWER#7""]",16.700000000000003,17.200000000000003,True,1
lifecycle,e70960269eec88da76c7fc94e6e135d06a464be3b3c58017f568e3e26a79d27a,20260916,0.11.0,49,supply,shipments,False,13,13,S5,O5,CENTER_REGION,CENTER,REGION,POWER,"[""POWER#9""]",16.700000000000003,17.700000000000003,True,1
lifecycle,e70960269eec88da76c7fc94e6e135d06a464be3b3c58017f568e3e26a79d27a,20260916,0.11.0,49,supply,shipments,False,13,13,S6,O7,REGION_BASE,REGION,BASE,POWER,"[""POWER#8""]",36.6,37.1,True,1
lifecycle,e70960269eec88da76c7fc94e6e135d06a464be3b3c58017f568e3e26a79d27a,20260916,0.11.0,49,supply,shipments,False,13,13,S7,O8,CENTER_REGION,CENTER,REGION,POWER,"[""POWER#10""]",36.6,37.6,True,1
lifecycle,e70960269eec88da76c7fc94e6e135d06a464be3b3c58017f568e3e26a79d27a,20260916,0.11.0,49,supply,shipments,False,13,13,S8,O9,REGION_BASE,REGION,BASE,POWER,"[""POWER#9"", ""POWER#10""]",40.6,41.1,True,2
lifecycle,e70960269eec88da76c7fc94e6e135d06a464be3b3c58017f568e3e26a79d27a,20260916,0.11.0,49,supply,shipments,False,13,13,S9,O10,CENTER_REGION,CENTER,REGION,POWER,"[""POWER#4"", ""POWER#11""]",40.6,41.6,True,2
lifecycle,e70960269eec88da76c7fc94e6e135d06a464be3b3c58017f568e3e26a79d27a,20260916,0.11.0,49,supply,shipments,False,13,13,S10,O12,REGION_BASE,REGION,BASE,POWER,"[""POWER#4""]",56.7,57.2,True,1
lifecycle,e70960269eec88da76c7fc94e6e135d06a464be3b3c58017f568e3e26a79d27a,20260916,0.11.0,49,supply,shipments,False,13,13,S11,O13,CENTER_REGION,CENTER,REGION,POWER,"[""POWER#12""]",56.7,57.7,True,1
lifecycle,e70960269eec88da76c7fc94e6e135d06a464be3b3c58017f568e3e26a79d27a,20260916,0.11.0,49,supply,shipments,False,13,13,S12,O15,REGION_BASE,REGION,BASE,POWER,"[""POWER#11""]",64.69999999999999,65.19999999999999,True,1
lifecycle,e70960269eec88da76c7fc94e6e135d06a464be3b3c58017f568e3e26a79d27a,20260916,0.11.0,49,supply,shipments,False,13,13,S13,O16,CENTER_REGION,CENTER,REGION,POWER,"[""POWER#13""]",64.69999999999999,65.69999999999999,True,1
lifecycle,e70960269eec88da76c7fc94e6e135d06a464be3b3c58017f568e3e26a79d27a,20260916,0.11.0,50,supply,shipments,False,19,19,S1,O1,REGION_BASE,REGION,BASE,POWER,"[""POWER#1""]",0,0.5,True,1
lifecycle,e70960269eec88da76c7fc94e6e135d06a464be3b3c58017f568e3e26a79d27a,20260916,0.11.0,50,supply,shipments,False,19,19,S2,O1,CENTER_BASE,CENTER,BASE,POWER,"[""POWER#2""]",0,1.5,True,1
lifecycle,e70960269eec88da76c7fc94e6e135d06a464be3b3c58017f568e3e26a79d27a,20260916,0.11.0,50,supply,shipments,False,19,19,S3,O2,CENTER_REGION,CENTER,REGION,POWER,"[""POWER#7"", ""POWER#8""]",4.0,5.0,True,2
lifecycle,e70960269eec88da76c7fc94e6e135d06a464be3b3c58017f568e3e26a79d27a,20260916,0.11.0,50,supply,shipments,False,19,19,S4,O4,REGION_BASE,REGION,BASE,POWER,"[""POWER#7""]",16.700000000000003,17.200000000000003,True,1
lifecycle,e70960269eec88da76c7fc94e6e135d06a464be3b3c58017f568e3e26a79d27a,20260916,0.11.0,50,supply,shipments,False,19,19,S5,O5,CENTER_REGION,CENTER,REGION,POWER,"[""POWER#9""]",16.700000000000003,17.700000000000003,True,1
lifecycle,e70960269eec88da76c7fc94e6e135d06a464be3b3c58017f568e3e26a79d27a,20260916,0.11.0,50,supply,shipments,False,19,19,S6,O7,REGION_BASE,REGION,BASE,POWER,"[""POWER#8""]",16.800000000000004,17.300000000000004,True,1
lifecycle,e70960269eec88da76c7fc94e6e135d06a464be3b3c58017f568e3e26a79d27a,20260916,0.11.0,50,supply,shipments,False,19,19,S7,O8,CENTER_REGION,CENTER,REGION,POWER,"[""POWER#10""]",16.800000000000004,17.800000000000004,True,1
lifecycle,e70960269eec88da76c7fc94e6e135d06a464be3b3c58017f568e3e26a79d27a,20260916,0.11.0,50,supply,shipments,False,19,19,S8,O10,REGION_BASE,REGION,BASE,POWER,"[""POWER#9""]",32.800000000000004,33.300000000000004,True,1
lifecycle,e70960269eec88da76c7fc94e6e135d06a464be3b3c58017f568e3e26a79d27a,20260916,0.11.0,50,supply,shipments,False,19,19,S9,O11,CENTER_REGION,CENTER,REGION,POWER,"[""POWER#4""]",32.800000000000004,33.800000000000004,True,1
lifecycle,e70960269eec88da76c7fc94e6e135d06a464be3b3c58017f568e3e26a79d27a,20260916,0.11.0,50,supply,shipments,False,19,19,S10,O12,REGION_BASE,REGION,BASE,POWER,"[""POWER#10""]",40.6,41.1,True,1
lifecycle,e70960269eec88da76c7fc94e6e135d06a464be3b3c58017f568e3e26a79d27a,20260916,0.11.0,50,supply,shipments,False,19,19,S11,O13,CENTER_REGION,CENTER,REGION,POWER,"[""POWER#3""]",40.6,41.6,True,1
lifecycle,e70960269eec88da76c7fc94e6e135d06a464be3b3c58017f568e3e26a79d27a,20260916,0.11.0,50,supply,shipments,False,19,19,S12,O14,REGION_BASE,REGION,BASE,POWER,"[""POWER#4""]",56.7,57.2,True,1
lifecycle,e70960269eec88da76c7fc94e6e135d06a464be3b3c58017f568e3e26a79d27a,20260916,0.11.0,50,supply,shipments,False,19,19,S13,O15,CENTER_REGION,CENTER,REGION,POWER,"[""POWER#11""]",56.7,57.7,True,1
lifecycle,e70960269eec88da76c7fc94e6e135d06a464be3b3c58017f568e3e26a79d27a,20260916,0.11.0,50,supply,shipments,False,19,19,S14,O16,REGION_BASE,REGION,BASE,POWER,"[""POWER#3""]",60.09593216050288,60.59593216050288,True,1
lifecycle,e70960269eec88da76c7fc94e6e135d06a464be3b3c58017f568e3e26a79d27a,20260916,0.11.0,50,supply,shipments,False,19,19,S15,O17,CENTER_REGION,CENTER,REGION,POWER,"[""POWER#12""]",60.09593216050288,61.09593216050288,True,1
lifecycle,e70960269eec88da76c7fc94e6e135d06a464be3b3c58017f568e3e26a79d27a,20260916,0.11.0,50,supply,shipments,False,19,19,S16,O18,REGION_BASE,REGION,BASE,POWER,"[""POWER#11""]",63.235613368305465,63.735613368305465,True,1
lifecycle,e70960269eec88da76c7fc94e6e135d06a464be3b3c58017f568e3e26a79d27a,20260916,0.11.0,50,supply,shipments,False,19,19,S17,O19,CENTER_REGION,CENTER,REGION,POWER,"[""POWER#5""]",63.235613368305465,64.23561336830547,True,1
lifecycle,e70960269eec88da76c7fc94e6e135d06a464be3b3c58017f568e3e26a79d27a,20260916,0.11.0,50,supply,shipments,False,19,19,S18,O20,REGION_BASE,REGION,BASE,POWER,"[""POWER#12""]",63.33561336830547,63.83561336830547,True,1
lifecycle,e70960269eec88da76c7fc94e6e135d06a464be3b3c58017f568e3e26a79d27a,20260916,0.11.0,50,supply,shipments,False,19,19,S19,O21,CENTER_REGION,CENTER,REGION,POWER,"[""POWER#2""]",63.33561336830547,64.33561336830547,True,1
lifecycle,e70960269eec88da76c7fc94e6e135d06a464be3b3c58017f568e3e26a79d27a,20260916,0.11.0,51,supply,shipments,False,11,11,S1,O1,REGION_BASE,REGION,BASE,POWER,"[""POWER#1""]",0,0.5,True,1
lifecycle,e70960269eec88da76c7fc94e6e135d06a464be3b3c58017f568e3e26a79d27a,20260916,0.11.0,51,supply,shipments,False,11,11,S2,O1,CENTER_BASE,CENTER,BASE,POWER,"[""POWER#2""]",0,1.5,True,1
lifecycle,e70960269eec88da76c7fc94e6e135d06a464be3b3c58017f568e3e26a79d27a,20260916,0.11.0,51,supply,shipments,False,11,11,S3,O2,CENTER_REGION,CENTER,REGION,POWER,"[""POWER#7"", ""POWER#8""]",4.0,5.0,True,2
lifecycle,e70960269eec88da76c7fc94e6e135d06a464be3b3c58017f568e3e26a79d27a,20260916,0.11.0,51,supply,shipments,False,11,11,S4,O4,REGION_BASE,REGION,BASE,POWER,"[""POWER#7""]",32.7,33.2,True,1
lifecycle,e70960269eec88da76c7fc94e6e135d06a464be3b3c58017f568e3e26a79d27a,20260916,0.11.0,51,supply,shipments,False,11,11,S5,O5,CENTER_REGION,CENTER,REGION,POWER,"[""POWER#9""]",32.7,33.7,True,1
lifecycle,e70960269eec88da76c7fc94e6e135d06a464be3b3c58017f568e3e26a79d27a,20260916,0.11.0,51,supply,shipments,False,11,11,S6,O7,REGION_BASE,REGION,BASE,POWER,"[""POWER#8""]",32.800000000000004,33.300000000000004,True,1
lifecycle,e70960269eec88da76c7fc94e6e135d06a464be3b3c58017f568e3e26a79d27a,20260916,0.11.0,51,supply,shipments,False,11,11,S7,O8,CENTER_REGION,CENTER,REGION,POWER,"[""POWER#10""]",32.800000000000004,33.800000000000004,True,1
lifecycle,e70960269eec88da76c7fc94e6e135d06a464be3b3c58017f568e3e26a79d27a,20260916,0.11.0,51,supply,shipments,False,11,11,S8,O10,REGION_BASE,REGION,BASE,POWER,"[""POWER#9"", ""POWER#10""]",36.6,37.1,True,2
lifecycle,e70960269eec88da76c7fc94e6e135d06a464be3b3c58017f568e3e26a79d27a,20260916,0.11.0,51,supply,shipments,False,11,11,S9,O11,CENTER_REGION,CENTER,REGION,POWER,"[""POWER#6"", ""POWER#5""]",36.6,37.6,True,2
lifecycle,e70960269eec88da76c7fc94e6e135d06a464be3b3c58017f568e3e26a79d27a,20260916,0.11.0,51,supply,shipments,False,11,11,S10,O12,REGION_BASE,REGION,BASE,POWER,"[""POWER#6""]",60.800000000000004,61.300000000000004,True,1
lifecycle,e70960269eec88da76c7fc94e6e135d06a464be3b3c58017f568e3e26a79d27a,20260916,0.11.0,51,supply,shipments,False,11,11,S11,O13,CENTER_REGION,CENTER,REGION,POWER,"[""POWER#11""]",60.800000000000004,61.800000000000004,True,1
lifecycle,e70960269eec88da76c7fc94e6e135d06a464be3b3c58017f568e3e26a79d27a,20260916,0.11.0,52,supply,shipments,False,15,15,S1,O1,REGION_BASE,REGION,BASE,POWER,"[""POWER#1""]",0,0.5,True,1
lifecycle,e70960269eec88da76c7fc94e6e135d06a464be3b3c58017f568e3e26a79d27a,20260916,0.11.0,52,supply,shipments,False,15,15,S2,O1,CENTER_BASE,CENTER,BASE,POWER,"[""POWER#2""]",0,1.5,True,1
lifecycle,e70960269eec88da76c7fc94e6e135d06a464be3b3c58017f568e3e26a79d27a,20260916,0.11.0,52,supply,shipments,False,15,15,S3,O2,CENTER_REGION,CENTER,REGION,POWER,"[""POWER#7"", ""POWER#8""]",4.0,5.0,True,2
lifecycle,e70960269eec88da76c7fc94e6e135d06a464be3b3c58017f568e3e26a79d27a,20260916,0.11.0,52,supply,shipments,False,15,15,S4,O4,REGION_BASE,REGION,BASE,POWER,"[""POWER#7""]",16.700000000000003,17.200000000000003,True,1
lifecycle,e70960269eec88da76c7fc94e6e135d06a464be3b3c58017f568e3e26a79d27a,20260916,0.11.0,52,supply,shipments,False,15,15,S5,O5,CENTER_REGION,CENTER,REGION,POWER,"[""POWER#9""]",16.700000000000003,17.700000000000003,True,1
lifecycle,e70960269eec88da76c7fc94e6e135d06a464be3b3c58017f568e3e26a79d27a,20260916,0.11.0,52,supply,shipments,False,15,15,S6,O7,REGION_BASE,REGION,BASE,POWER,"[""POWER#8""]",16.800000000000004,17.300000000000004,True,1
lifecycle,e70960269eec88da76c7fc94e6e135d06a464be3b3c58017f568e3e26a79d27a,20260916,0.11.0,52,supply,shipments,False,15,15,S7,O8,CENTER_REGION,CENTER,REGION,POWER,"[""POWER#10""]",16.800000000000004,17.800000000000004,True,1
lifecycle,e70960269eec88da76c7fc94e6e135d06a464be3b3c58017f568e3e26a79d27a,20260916,0.11.0,52,supply,shipments,False,15,15,S8,O10,REGION_BASE,REGION,BASE,POWER,"[""POWER#9""]",32.800000000000004,33.300000000000004,True,1
lifecycle,e70960269eec88da76c7fc94e6e135d06a464be3b3c58017f568e3e26a79d27a,20260916,0.11.0,52,supply,shipments,False,15,15,S9,O11,CENTER_REGION,CENTER,REGION,POWER,"[""POWER#4""]",32.800000000000004,33.800000000000004,True,1
lifecycle,e70960269eec88da76c7fc94e6e135d06a464be3b3c58017f568e3e26a79d27a,20260916,0.11.0,52,supply,shipments,False,15,15,S10,O12,REGION_BASE,REGION,BASE,POWER,"[""POWER#10""]",40.6,41.1,True,1
lifecycle,e70960269eec88da76c7fc94e6e135d06a464be3b3c58017f568e3e26a79d27a,20260916,0.11.0,52,supply,shipments,False,15,15,S11,O13,CENTER_REGION,CENTER,REGION,POWER,"[""POWER#3""]",40.6,41.6,True,1
lifecycle,e70960269eec88da76c7fc94e6e135d06a464be3b3c58017f568e3e26a79d27a,20260916,0.11.0,52,supply,shipments,False,15,15,S12,O14,REGION_BASE,REGION,BASE,POWER,"[""POWER#4""]",60.7,61.2,True,1
lifecycle,e70960269eec88da76c7fc94e6e135d06a464be3b3c58017f568e3e26a79d27a,20260916,0.11.0,52,supply,shipments,False,15,15,S13,O15,CENTER_REGION,CENTER,REGION,POWER,"[""POWER#11""]",60.7,61.7,True,1
lifecycle,e70960269eec88da76c7fc94e6e135d06a464be3b3c58017f568e3e26a79d27a,20260916,0.11.0,52,supply,shipments,False,15,15,S14,O16,REGION_BASE,REGION,BASE,POWER,"[""POWER#3"", ""POWER#11""]",64.6,65.1,True,2
lifecycle,e70960269eec88da76c7fc94e6e135d06a464be3b3c58017f568e3e26a79d27a,20260916,0.11.0,52,supply,shipments,False,15,15,S15,O17,CENTER_REGION,CENTER,REGION,POWER,"[""POWER#12"", ""POWER#5""]",64.6,65.6,True,2
lifecycle,e70960269eec88da76c7fc94e6e135d06a464be3b3c58017f568e3e26a79d27a,20260916,0.11.0,53,supply,shipments,False,15,15,S1,O1,REGION_BASE,REGION,BASE,POWER,"[""POWER#1""]",0,0.5,True,1
lifecycle,e70960269eec88da76c7fc94e6e135d06a464be3b3c58017f568e3e26a79d27a,20260916,0.11.0,53,supply,shipments,False,15,15,S2,O1,CENTER_BASE,CENTER,BASE,POWER,"[""POWER#2""]",0,1.5,True,1
lifecycle,e70960269eec88da76c7fc94e6e135d06a464be3b3c58017f568e3e26a79d27a,20260916,0.11.0,53,supply,shipments,False,15,15,S3,O2,CENTER_REGION,CENTER,REGION,POWER,"[""POWER#7"", ""POWER#8""]",4.0,5.0,True,2
lifecycle,e70960269eec88da76c7fc94e6e135d06a464be3b3c58017f568e3e26a79d27a,20260916,0.11.0,53,supply,shipments,False,15,15,S4,O4,REGION_BASE,REGION,BASE,POWER,"[""POWER#7""]",16.800000000000004,17.300000000000004,True,1
lifecycle,e70960269eec88da76c7fc94e6e135d06a464be3b3c58017f568e3e26a79d27a,20260916,0.11.0,53,supply,shipments,False,15,15,S5,O5,CENTER_REGION,CENTER,REGION,POWER,"[""POWER#9""]",16.800000000000004,17.800000000000004,True,1
lifecycle,e70960269eec88da76c7fc94e6e135d06a464be3b3c58017f568e3e26a79d27a,20260916,0.11.0,53,supply,shipments,False,15,15,S6,O7,REGION_BASE,REGION,BASE,POWER,"[""POWER#8""]",32.7,33.2,True,1
lifecycle,e70960269eec88da76c7fc94e6e135d06a464be3b3c58017f568e3e26a79d27a,20260916,0.11.0,53,supply,shipments,False,15,15,S7,O8,CENTER_REGION,CENTER,REGION,POWER,"[""POWER#10""]",32.7,33.7,True,1
lifecycle,e70960269eec88da76c7fc94e6e135d06a464be3b3c58017f568e3e26a79d27a,20260916,0.11.0,53,supply,shipments,False,15,15,S8,O9,REGION_BASE,REGION,BASE,POWER,"[""POWER#9""]",32.800000000000004,33.300000000000004,True,1
lifecycle,e70960269eec88da76c7fc94e6e135d06a464be3b3c58017f568e3e26a79d27a,20260916,0.11.0,53,supply,shipments,False,15,15,S9,O10,CENTER_REGION,CENTER,REGION,POWER,"[""POWER#3""]",32.800000000000004,33.800000000000004,True,1
lifecycle,e70960269eec88da76c7fc94e6e135d06a464be3b3c58017f568e3e26a79d27a,20260916,0.11.0,53,supply,shipments,False,15,15,S10,O12,REGION_BASE,REGION,BASE,POWER,"[""POWER#10""]",36.6,37.1,True,1
lifecycle,e70960269eec88da76c7fc94e6e135d06a464be3b3c58017f568e3e26a79d27a,20260916,0.11.0,53,supply,shipments,False,15,15,S11,O13,CENTER_REGION,CENTER,REGION,POWER,"[""POWER#11""]",36.6,37.6,True,1
lifecycle,e70960269eec88da76c7fc94e6e135d06a464be3b3c58017f568e3e26a79d27a,20260916,0.11.0,53,supply,shipments,False,15,15,S12,O14,REGION_BASE,REGION,BASE,POWER,"[""POWER#3""]",56.7,57.2,True,1
lifecycle,e70960269eec88da76c7fc94e6e135d06a464be3b3c58017f568e3e26a79d27a,20260916,0.11.0,53,supply,shipments,False,15,15,S13,O15,CENTER_REGION,CENTER,REGION,POWER,"[""POWER#6""]",56.7,57.7,True,1
lifecycle,e70960269eec88da76c7fc94e6e135d06a464be3b3c58017f568e3e26a79d27a,20260916,0.11.0,53,supply,shipments,False,15,15,S14,O16,REGION_BASE,REGION,BASE,POWER,"[""POWER#11""]",64.69999999999999,65.19999999999999,True,1
lifecycle,e70960269eec88da76c7fc94e6e135d06a464be3b3c58017f568e3e26a79d27a,20260916,0.11.0,53,supply,shipments,False,15,15,S15,O17,CENTER_REGION,CENTER,REGION,POWER,"[""POWER#5""]",64.69999999999999,65.69999999999999,True,1
lifecycle,e70960269eec88da76c7fc94e6e135d06a464be3b3c58017f568e3e26a79d27a,20260916,0.11.0,54,supply,shipments,False,15,15,S1,O1,REGION_BASE,REGION,BASE,POWER,"[""POWER#1""]",0,0.5,True,1
lifecycle,e70960269eec88da76c7fc94e6e135d06a464be3b3c58017f568e3e26a79d27a,20260916,0.11.0,54,supply,shipments,False,15,15,S2,O1,CENTER_BASE,CENTER,BASE,POWER,"[""POWER#2""]",0,1.5,True,1
lifecycle,e70960269eec88da76c7fc94e6e135d06a464be3b3c58017f568e3e26a79d27a,20260916,0.11.0,54,supply,shipments,False,15,15,S3,O2,CENTER_REGION,CENTER,REGION,POWER,"[""POWER#7"", ""POWER#8""]",4.0,5.0,True,2
lifecycle,e70960269eec88da76c7fc94e6e135d06a464be3b3c58017f568e3e26a79d27a,20260916,0.11.0,54,supply,shipments,False,15,15,S4,O4,REGION_BASE,REGION,BASE,POWER,"[""POWER#7""]",16.700000000000003,17.200000000000003,True,1
lifecycle,e70960269eec88da76c7fc94e6e135d06a464be3b3c58017f568e3e26a79d27a,20260916,0.11.0,54,supply,shipments,False,15,15,S5,O5,CENTER_REGION,CENTER,REGION,POWER,"[""POWER#9""]",16.700000000000003,17.700000000000003,True,1
lifecycle,e70960269eec88da76c7fc94e6e135d06a464be3b3c58017f568e3e26a79d27a,20260916,0.11.0,54,supply,shipments,False,15,15,S6,O7,REGION_BASE,REGION,BASE,POWER,"[""POWER#8""]",16.800000000000004,17.300000000000004,True,1
lifecycle,e70960269eec88da76c7fc94e6e135d06a464be3b3c58017f568e3e26a79d27a,20260916,0.11.0,54,supply,shipments,False,15,15,S7,O8,CENTER_REGION,CENTER,REGION,POWER,"[""POWER#10""]",16.800000000000004,17.800000000000004,True,1
lifecycle,e70960269eec88da76c7fc94e6e135d06a464be3b3c58017f568e3e26a79d27a,20260916,0.11.0,54,supply,shipments,False,15,15,S8,O10,REGION_BASE,REGION,BASE,POWER,"[""POWER#9""]",32.7,33.2,True,1
lifecycle,e70960269eec88da76c7fc94e6e135d06a464be3b3c58017f568e3e26a79d27a,20260916,0.11.0,54,supply,shipments,False,15,15,S9,O11,CENTER_REGION,CENTER,REGION,POWER,"[""POWER#4""]",32.7,33.7,True,1
lifecycle,e70960269eec88da76c7fc94e6e135d06a464be3b3c58017f568e3e26a79d27a,20260916,0.11.0,54,supply,shipments,False,15,15,S10,O12,REGION_BASE,REGION,BASE,POWER,"[""POWER#10""]",40.6,41.1,True,1
lifecycle,e70960269eec88da76c7fc94e6e135d06a464be3b3c58017f568e3e26a79d27a,20260916,0.11.0,54,supply,shipments,False,15,15,S11,O13,CENTER_REGION,CENTER,REGION,POWER,"[""POWER#3""]",40.6,41.6,True,1
lifecycle,e70960269eec88da76c7fc94e6e135d06a464be3b3c58017f568e3e26a79d27a,20260916,0.11.0,54,supply,shipments,False,15,15,S12,O14,REGION_BASE,REGION,BASE,POWER,"[""POWER#4""]",56.7,57.2,True,1
lifecycle,e70960269eec88da76c7fc94e6e135d06a464be3b3c58017f568e3e26a79d27a,20260916,0.11.0,54,supply,shipments,False,15,15,S13,O15,CENTER_REGION,CENTER,REGION,POWER,"[""POWER#11""]",56.7,57.7,True,1
lifecycle,e70960269eec88da76c7fc94e6e135d06a464be3b3c58017f568e3e26a79d27a,20260916,0.11.0,54,supply,shipments,False,15,15,S14,O16,REGION_BASE,REGION,BASE,POWER,"[""POWER#3""]",56.800000000000004,57.300000000000004,True,1
lifecycle,e70960269eec88da76c7fc94e6e135d06a464be3b3c58017f568e3e26a79d27a,20260916,0.11.0,54,supply,shipments,False,15,15,S15,O17,CENTER_REGION,CENTER,REGION,POWER,"[""POWER#12""]",56.800000000000004,57.800000000000004,True,1
lifecycle,e70960269eec88da76c7fc94e6e135d06a464be3b3c58017f568e3e26a79d27a,20260916,0.11.0,55,supply,shipments,False,15,15,S1,O1,REGION_BASE,REGION,BASE,POWER,"[""POWER#1""]",0,0.5,True,1
lifecycle,e70960269eec88da76c7fc94e6e135d06a464be3b3c58017f568e3e26a79d27a,20260916,0.11.0,55,supply,shipments,False,15,15,S2,O1,CENTER_BASE,CENTER,BASE,POWER,"[""POWER#2""]",0,1.5,True,1
lifecycle,e70960269eec88da76c7fc94e6e135d06a464be3b3c58017f568e3e26a79d27a,20260916,0.11.0,55,supply,shipments,False,15,15,S3,O2,CENTER_REGION,CENTER,REGION,POWER,"[""POWER#7"", ""POWER#8""]",4.0,5.0,True,2
lifecycle,e70960269eec88da76c7fc94e6e135d06a464be3b3c58017f568e3e26a79d27a,20260916,0.11.0,55,supply,shipments,False,15,15,S4,O4,REGION_BASE,REGION,BASE,POWER,"[""POWER#7""]",12.7,13.2,True,1
lifecycle,e70960269eec88da76c7fc94e6e135d06a464be3b3c58017f568e3e26a79d27a,20260916,0.11.0,55,supply,shipments,False,15,15,S5,O5,CENTER_REGION,CENTER,REGION,POWER,"[""POWER#9""]",12.7,13.7,True,1
lifecycle,e70960269eec88da76c7fc94e6e135d06a464be3b3c58017f568e3e26a79d27a,20260916,0.11.0,55,supply,shipments,False,15,15,S6,O7,REGION_BASE,REGION,BASE,POWER,"[""POWER#8""]",16.700000000000003,17.200000000000003,True,1
lifecycle,e70960269eec88da76c7fc94e6e135d06a464be3b3c58017f568e3e26a79d27a,20260916,0.11.0,55,supply,shipments,False,15,15,S7,O8,CENTER_REGION,CENTER,REGION,POWER,"[""POWER#10""]",16.700000000000003,17.700000000000003,True,1
lifecycle,e70960269eec88da76c7fc94e6e135d06a464be3b3c58017f568e3e26a79d27a,20260916,0.11.0,55,supply,shipments,False,15,15,S8,O9,REGION_BASE,REGION,BASE,POWER,"[""POWER#9""]",36.6,37.1,True,1
lifecycle,e70960269eec88da76c7fc94e6e135d06a464be3b3c58017f568e3e26a79d27a,20260916,0.11.0,55,supply,shipments,False,15,15,S9,O10,CENTER_REGION,CENTER,REGION,POWER,"[""POWER#6""]",36.6,37.6,True,1
lifecycle,e70960269eec88da76c7fc94e6e135d06a464be3b3c58017f568e3e26a79d27a,20260916,0.11.0,55,supply,shipments,False,15,15,S10,O11,REGION_BASE,REGION,BASE,POWER,"[""POWER#10""]",40.6,41.1,True,1
lifecycle,e70960269eec88da76c7fc94e6e135d06a464be3b3c58017f568e3e26a79d27a,20260916,0.11.0,55,supply,shipments,False,15,15,S11,O12,CENTER_REGION,CENTER,REGION,POWER,"[""POWER#11""]",40.6,41.6,True,1
lifecycle,e70960269eec88da76c7fc94e6e135d06a464be3b3c58017f568e3e26a79d27a,20260916,0.11.0,55,supply,shipments,False,15,15,S12,O14,REGION_BASE,REGION,BASE,POWER,"[""POWER#6""]",56.7,57.2,True,1
lifecycle,e70960269eec88da76c7fc94e6e135d06a464be3b3c58017f568e3e26a79d27a,20260916,0.11.0,55,supply,shipments,False,15,15,S13,O15,CENTER_REGION,CENTER,REGION,POWER,"[""POWER#4""]",56.7,57.7,True,1
lifecycle,e70960269eec88da76c7fc94e6e135d06a464be3b3c58017f568e3e26a79d27a,20260916,0.11.0,55,supply,shipments,False,15,15,S14,O17,REGION_BASE,REGION,BASE,POWER,"[""POWER#11""]",60.6,61.1,True,1
lifecycle,e70960269eec88da76c7fc94e6e135d06a464be3b3c58017f568e3e26a79d27a,20260916,0.11.0,55,supply,shipments,False,15,15,S15,O18,CENTER_REGION,CENTER,REGION,POWER,"[""POWER#12""]",60.6,61.6,True,1
lifecycle,e70960269eec88da76c7fc94e6e135d06a464be3b3c58017f568e3e26a79d27a,20260916,0.11.0,56,supply,shipments,False,15,15,S1,O1,REGION_BASE,REGION,BASE,POWER,"[""POWER#1""]",0,0.5,True,1
lifecycle,e70960269eec88da76c7fc94e6e135d06a464be3b3c58017f568e3e26a79d27a,20260916,0.11.0,56,supply,shipments,False,15,15,S2,O1,CENTER_BASE,CENTER,BASE,POWER,"[""POWER#2""]",0,1.5,True,1
lifecycle,e70960269eec88da76c7fc94e6e135d06a464be3b3c58017f568e3e26a79d27a,20260916,0.11.0,56,supply,shipments,False,15,15,S3,O2,CENTER_REGION,CENTER,REGION,POWER,"[""POWER#7"", ""POWER#8""]",4.0,5.0,True,2
lifecycle,e70960269eec88da76c7fc94e6e135d06a464be3b3c58017f568e3e26a79d27a,20260916,0.11.0,56,supply,shipments,False,15,15,S4,O4,REGION_BASE,REGION,BASE,POWER,"[""POWER#7""]",16.700000000000003,17.200000000000003,True,1
lifecycle,e70960269eec88da76c7fc94e6e135d06a464be3b3c58017f568e3e26a79d27a,20260916,0.11.0,56,supply,shipments,False,15,15,S5,O5,CENTER_REGION,CENTER,REGION,POWER,"[""POWER#9""]",16.700000000000003,17.700000000000003,True,1
lifecycle,e70960269eec88da76c7fc94e6e135d06a464be3b3c58017f568e3e26a79d27a,20260916,0.11.0,56,supply,shipments,False,15,15,S6,O7,REGION_BASE,REGION,BASE,POWER,"[""POWER#8""]",32.7,33.2,True,1
lifecycle,e70960269eec88da76c7fc94e6e135d06a464be3b3c58017f568e3e26a79d27a,20260916,0.11.0,56,supply,shipments,False,15,15,S7,O8,CENTER_REGION,CENTER,REGION,POWER,"[""POWER#10""]",32.7,33.7,True,1
lifecycle,e70960269eec88da76c7fc94e6e135d06a464be3b3c58017f568e3e26a79d27a,20260916,0.11.0,56,supply,shipments,False,15,15,S8,O9,REGION_BASE,REGION,BASE,POWER,"[""POWER#9""]",36.6,37.1,True,1
lifecycle,e70960269eec88da76c7fc94e6e135d06a464be3b3c58017f568e3e26a79d27a,20260916,0.11.0,56,supply,shipments,False,15,15,S9,O10,CENTER_REGION,CENTER,REGION,POWER,"[""POWER#4""]",36.6,37.6,True,1
lifecycle,e70960269eec88da76c7fc94e6e135d06a464be3b3c58017f568e3e26a79d27a,20260916,0.11.0,56,supply,shipments,False,15,15,S10,O11,REGION_BASE,REGION,BASE,POWER,"[""POWER#10""]",40.6,41.1,True,1
lifecycle,e70960269eec88da76c7fc94e6e135d06a464be3b3c58017f568e3e26a79d27a,20260916,0.11.0,56,supply,shipments,False,15,15,S11,O12,CENTER_REGION,CENTER,REGION,POWER,"[""POWER#11""]",40.6,41.6,True,1
lifecycle,e70960269eec88da76c7fc94e6e135d06a464be3b3c58017f568e3e26a79d27a,20260916,0.11.0,56,supply,shipments,False,15,15,S12,O14,REGION_BASE,REGION,BASE,POWER,"[""POWER#4""]",64.6,65.1,True,1
lifecycle,e70960269eec88da76c7fc94e6e135d06a464be3b3c58017f568e3e26a79d27a,20260916,0.11.0,56,supply,shipments,False,15,15,S13,O15,CENTER_REGION,CENTER,REGION,POWER,"[""POWER#6""]",64.6,65.6,True,1
lifecycle,e70960269eec88da76c7fc94e6e135d06a464be3b3c58017f568e3e26a79d27a,20260916,0.11.0,56,supply,shipments,False,15,15,S14,O17,REGION_BASE,REGION,BASE,POWER,"[""POWER#11""]",64.69999999999999,65.19999999999999,True,1
lifecycle,e70960269eec88da76c7fc94e6e135d06a464be3b3c58017f568e3e26a79d27a,20260916,0.11.0,56,supply,shipments,False,15,15,S15,O18,CENTER_REGION,CENTER,REGION,POWER,"[""POWER#12""]",64.69999999999999,65.69999999999999,True,1
lifecycle,e70960269eec88da76c7fc94e6e135d06a464be3b3c58017f568e3e26a79d27a,20260916,0.11.0,57,supply,shipments,False,17,17,S1,O1,REGION_BASE,REGION,BASE,POWER,"[""POWER#1""]",0,0.5,True,1
lifecycle,e70960269eec88da76c7fc94e6e135d06a464be3b3c58017f568e3e26a79d27a,20260916,0.11.0,57,supply,shipments,False,17,17,S2,O1,CENTER_BASE,CENTER,BASE,POWER,"[""POWER#2""]",0,1.5,True,1
lifecycle,e70960269eec88da76c7fc94e6e135d06a464be3b3c58017f568e3e26a79d27a,20260916,0.11.0,57,supply,shipments,False,17,17,S3,O2,CENTER_REGION,CENTER,REGION,POWER,"[""POWER#7"", ""POWER#8""]",4.0,5.0,True,2
lifecycle,e70960269eec88da76c7fc94e6e135d06a464be3b3c58017f568e3e26a79d27a,20260916,0.11.0,57,supply,shipments,False,17,17,S4,O4,REGION_BASE,REGION,BASE,POWER,"[""POWER#7""]",16.700000000000003,17.200000000000003,True,1
lifecycle,e70960269eec88da76c7fc94e6e135d06a464be3b3c58017f568e3e26a79d27a,20260916,0.11.0,57,supply,shipments,False,17,17,S5,O5,CENTER_REGION,CENTER,REGION,POWER,"[""POWER#9""]",16.700000000000003,17.700000000000003,True,1
lifecycle,e70960269eec88da76c7fc94e6e135d06a464be3b3c58017f568e3e26a79d27a,20260916,0.11.0,57,supply,shipments,False,17,17,S6,O7,REGION_BASE,REGION,BASE,POWER,"[""POWER#8""]",31.016363849752217,31.516363849752217,True,1
lifecycle,e70960269eec88da76c7fc94e6e135d06a464be3b3c58017f568e3e26a79d27a,20260916,0.11.0,57,supply,shipments,False,17,17,S7,O8,CENTER_REGION,CENTER,REGION,POWER,"[""POWER#10""]",31.016363849752217,32.01636384975222,True,1
lifecycle,e70960269eec88da76c7fc94e6e135d06a464be3b3c58017f568e3e26a79d27a,20260916,0.11.0,57,supply,shipments,False,17,17,S8,O9,REGION_BASE,REGION,BASE,POWER,"[""POWER#9""]",36.6,37.1,True,1
lifecycle,e70960269eec88da76c7fc94e6e135d06a464be3b3c58017f568e3e26a79d27a,20260916,0.11.0,57,supply,shipments,False,17,17,S9,O10,CENTER_REGION,CENTER,REGION,POWER,"[""POWER#4""]",36.6,37.6,True,1
lifecycle,e70960269eec88da76c7fc94e6e135d06a464be3b3c58017f568e3e26a79d27a,20260916,0.11.0,57,supply,shipments,False,17,17,S10,O11,REGION_BASE,REGION,BASE,POWER,"[""POWER#10""]",40.053691096735314,40.553691096735314,True,1
lifecycle,e70960269eec88da76c7fc94e6e135d06a464be3b3c58017f568e3e26a79d27a,20260916,0.11.0,57,supply,shipments,False,17,17,S11,O12,CENTER_REGION,CENTER,REGION,POWER,"[""POWER#11""]",40.053691096735314,41.053691096735314,True,1
lifecycle,e70960269eec88da76c7fc94e6e135d06a464be3b3c58017f568e3e26a79d27a,20260916,0.11.0,57,supply,shipments,False,17,17,S12,O14,REGION_BASE,REGION,BASE,POWER,"[""POWER#4""]",56.7,57.2,True,1
lifecycle,e70960269eec88da76c7fc94e6e135d06a464be3b3c58017f568e3e26a79d27a,20260916,0.11.0,57,supply,shipments,False,17,17,S13,O15,CENTER_REGION,CENTER,REGION,POWER,"[""POWER#5""]",56.7,57.7,True,1
lifecycle,e70960269eec88da76c7fc94e6e135d06a464be3b3c58017f568e3e26a79d27a,20260916,0.11.0,57,supply,shipments,False,17,17,S14,O16,REGION_BASE,REGION,BASE,POWER,"[""POWER#11""]",60.6,61.1,True,1
lifecycle,e70960269eec88da76c7fc94e6e135d06a464be3b3c58017f568e3e26a79d27a,20260916,0.11.0,57,supply,shipments,False,17,17,S15,O17,CENTER_REGION,CENTER,REGION,POWER,"[""POWER#2""]",60.6,61.6,True,1
lifecycle,e70960269eec88da76c7fc94e6e135d06a464be3b3c58017f568e3e26a79d27a,20260916,0.11.0,57,supply,shipments,False,17,17,S16,O18,REGION_BASE,REGION,BASE,POWER,"[""POWER#5""]",64.69999999999999,65.19999999999999,True,1
lifecycle,e70960269eec88da76c7fc94e6e135d06a464be3b3c58017f568e3e26a79d27a,20260916,0.11.0,57,supply,shipments,False,17,17,S17,O19,CENTER_REGION,CENTER,REGION,POWER,"[""POWER#12""]",64.69999999999999,65.69999999999999,True,1
lifecycle,e70960269eec88da76c7fc94e6e135d06a464be3b3c58017f568e3e26a79d27a,20260916,0.11.0,58,supply,shipments,False,17,17,S1,O1,REGION_BASE,REGION,BASE,POWER,"[""POWER#1""]",0,0.5,True,1
lifecycle,e70960269eec88da76c7fc94e6e135d06a464be3b3c58017f568e3e26a79d27a,20260916,0.11.0,58,supply,shipments,False,17,17,S2,O1,CENTER_BASE,CENTER,BASE,POWER,"[""POWER#2""]",0,1.5,True,1
lifecycle,e70960269eec88da76c7fc94e6e135d06a464be3b3c58017f568e3e26a79d27a,20260916,0.11.0,58,supply,shipments,False,17,17,S3,O2,CENTER_REGION,CENTER,REGION,POWER,"[""POWER#7"", ""POWER#8""]",4.0,5.0,True,2
lifecycle,e70960269eec88da76c7fc94e6e135d06a464be3b3c58017f568e3e26a79d27a,20260916,0.11.0,58,supply,shipments,False,17,17,S4,O4,REGION_BASE,REGION,BASE,POWER,"[""POWER#7""]",16.700000000000003,17.200000000000003,True,1
lifecycle,e70960269eec88da76c7fc94e6e135d06a464be3b3c58017f568e3e26a79d27a,20260916,0.11.0,58,supply,shipments,False,17,17,S5,O5,CENTER_REGION,CENTER,REGION,POWER,"[""POWER#9""]",16.700000000000003,17.700000000000003,True,1
lifecycle,e70960269eec88da76c7fc94e6e135d06a464be3b3c58017f568e3e26a79d27a,20260916,0.11.0,58,supply,shipments,False,17,17,S6,O7,REGION_BASE,REGION,BASE,POWER,"[""POWER#8""]",16.800000000000004,17.300000000000004,True,1
lifecycle,e70960269eec88da76c7fc94e6e135d06a464be3b3c58017f568e3e26a79d27a,20260916,0.11.0,58,supply,shipments,False,17,17,S7,O8,CENTER_REGION,CENTER,REGION,POWER,"[""POWER#10""]",16.800000000000004,17.800000000000004,True,1
lifecycle,e70960269eec88da76c7fc94e6e135d06a464be3b3c58017f568e3e26a79d27a,20260916,0.11.0,58,supply,shipments,False,17,17,S8,O10,REGION_BASE,REGION,BASE,POWER,"[""POWER#9""]",32.7,33.2,True,1
lifecycle,e70960269eec88da76c7fc94e6e135d06a464be3b3c58017f568e3e26a79d27a,20260916,0.11.0,58,supply,shipments,False,17,17,S9,O11,CENTER_REGION,CENTER,REGION,POWER,"[""POWER#4""]",32.7,33.7,True,1
lifecycle,e70960269eec88da76c7fc94e6e135d06a464be3b3c58017f568e3e26a79d27a,20260916,0.11.0,58,supply,shipments,False,17,17,S10,O12,REGION_BASE,REGION,BASE,POWER,"[""POWER#10""]",40.6,41.1,True,1
lifecycle,e70960269eec88da76c7fc94e6e135d06a464be3b3c58017f568e3e26a79d27a,20260916,0.11.0,58,supply,shipments,False,17,17,S11,O13,CENTER_REGION,CENTER,REGION,POWER,"[""POWER#3""]",40.6,41.6,True,1
lifecycle,e70960269eec88da76c7fc94e6e135d06a464be3b3c58017f568e3e26a79d27a,20260916,0.11.0,58,supply,shipments,False,17,17,S12,O14,REGION_BASE,REGION,BASE,POWER,"[""POWER#4""]",56.7,57.2,True,1
lifecycle,e70960269eec88da76c7fc94e6e135d06a464be3b3c58017f568e3e26a79d27a,20260916,0.11.0,58,supply,shipments,False,17,17,S13,O15,CENTER_REGION,CENTER,REGION,POWER,"[""POWER#11""]",56.7,57.7,True,1
lifecycle,e70960269eec88da76c7fc94e6e135d06a464be3b3c58017f568e3e26a79d27a,20260916,0.11.0,58,supply,shipments,False,17,17,S14,O16,REGION_BASE,REGION,BASE,POWER,"[""POWER#3""]",60.7,61.2,True,1
lifecycle,e70960269eec88da76c7fc94e6e135d06a464be3b3c58017f568e3e26a79d27a,20260916,0.11.0,58,supply,shipments,False,17,17,S15,O17,CENTER_REGION,CENTER,REGION,POWER,"[""POWER#12""]",60.7,61.7,True,1
lifecycle,e70960269eec88da76c7fc94e6e135d06a464be3b3c58017f568e3e26a79d27a,20260916,0.11.0,58,supply,shipments,False,17,17,S16,O18,REGION_BASE,REGION,BASE,POWER,"[""POWER#11""]",64.6,65.1,True,1
lifecycle,e70960269eec88da76c7fc94e6e135d06a464be3b3c58017f568e3e26a79d27a,20260916,0.11.0,58,supply,shipments,False,17,17,S17,O19,CENTER_REGION,CENTER,REGION,POWER,"[""POWER#6""]",64.6,65.6,True,1
lifecycle,e70960269eec88da76c7fc94e6e135d06a464be3b3c58017f568e3e26a79d27a,20260916,0.11.0,59,supply,shipments,False,11,11,S1,O1,REGION_BASE,REGION,BASE,POWER,"[""POWER#1""]",0,0.5,True,1
lifecycle,e70960269eec88da76c7fc94e6e135d06a464be3b3c58017f568e3e26a79d27a,20260916,0.11.0,59,supply,shipments,False,11,11,S2,O1,CENTER_BASE,CENTER,BASE,POWER,"[""POWER#2""]",0,1.5,True,1
lifecycle,e70960269eec88da76c7fc94e6e135d06a464be3b3c58017f568e3e26a79d27a,20260916,0.11.0,59,supply,shipments,False,11,11,S3,O2,CENTER_REGION,CENTER,REGION,POWER,"[""POWER#7"", ""POWER#8""]",4.0,5.0,True,2
lifecycle,e70960269eec88da76c7fc94e6e135d06a464be3b3c58017f568e3e26a79d27a,20260916,0.11.0,59,supply,shipments,False,11,11,S4,O4,REGION_BASE,REGION,BASE,POWER,"[""POWER#7""]",32.137206354266894,32.637206354266894,True,1
lifecycle,e70960269eec88da76c7fc94e6e135d06a464be3b3c58017f568e3e26a79d27a,20260916,0.11.0,59,supply,shipments,False,11,11,S5,O5,CENTER_REGION,CENTER,REGION,POWER,"[""POWER#9""]",32.137206354266894,33.137206354266894,True,1
lifecycle,e70960269eec88da76c7fc94e6e135d06a464be3b3c58017f568e3e26a79d27a,20260916,0.11.0,59,supply,shipments,False,11,11,S6,O7,REGION_BASE,REGION,BASE,POWER,"[""POWER#8"", ""POWER#9""]",36.6,37.1,True,2
lifecycle,e70960269eec88da76c7fc94e6e135d06a464be3b3c58017f568e3e26a79d27a,20260916,0.11.0,59,supply,shipments,False,11,11,S7,O8,CENTER_REGION,CENTER,REGION,POWER,"[""POWER#10"", ""POWER#6""]",36.6,37.6,True,2
lifecycle,e70960269eec88da76c7fc94e6e135d06a464be3b3c58017f568e3e26a79d27a,20260916,0.11.0,59,supply,shipments,False,11,11,S8,O10,REGION_BASE,REGION,BASE,POWER,"[""POWER#10""]",40.6,41.1,True,1
lifecycle,e70960269eec88da76c7fc94e6e135d06a464be3b3c58017f568e3e26a79d27a,20260916,0.11.0,59,supply,shipments,False,11,11,S9,O11,CENTER_REGION,CENTER,REGION,POWER,"[""POWER#11""]",40.6,41.6,True,1
lifecycle,e70960269eec88da76c7fc94e6e135d06a464be3b3c58017f568e3e26a79d27a,20260916,0.11.0,59,supply,shipments,False,11,11,S10,O13,REGION_BASE,REGION,BASE,POWER,"[""POWER#6""]",64.69999999999999,65.19999999999999,True,1
lifecycle,e70960269eec88da76c7fc94e6e135d06a464be3b3c58017f568e3e26a79d27a,20260916,0.11.0,59,supply,shipments,False,11,11,S11,O14,CENTER_REGION,CENTER,REGION,POWER,"[""POWER#12""]",64.69999999999999,65.69999999999999,True,1
lifecycle,e70960269eec88da76c7fc94e6e135d06a464be3b3c58017f568e3e26a79d27a,20260916,0.11.0,60,supply,shipments,False,13,13,S1,O1,REGION_BASE,REGION,BASE,POWER,"[""POWER#1""]",0,0.5,True,1
lifecycle,e70960269eec88da76c7fc94e6e135d06a464be3b3c58017f568e3e26a79d27a,20260916,0.11.0,60,supply,shipments,False,13,13,S2,O1,CENTER_BASE,CENTER,BASE,POWER,"[""POWER#2""]",0,1.5,True,1
lifecycle,e70960269eec88da76c7fc94e6e135d06a464be3b3c58017f568e3e26a79d27a,20260916,0.11.0,60,supply,shipments,False,13,13,S3,O2,CENTER_REGION,CENTER,REGION,POWER,"[""POWER#7"", ""POWER#8""]",4.0,5.0,True,2
lifecycle,e70960269eec88da76c7fc94e6e135d06a464be3b3c58017f568e3e26a79d27a,20260916,0.11.0,60,supply,shipments,False,13,13,S4,O4,REGION_BASE,REGION,BASE,POWER,"[""POWER#7""]",16.800000000000004,17.300000000000004,True,1
lifecycle,e70960269eec88da76c7fc94e6e135d06a464be3b3c58017f568e3e26a79d27a,20260916,0.11.0,60,supply,shipments,False,13,13,S5,O5,CENTER_REGION,CENTER,REGION,POWER,"[""POWER#9""]",16.800000000000004,17.800000000000004,True,1
lifecycle,e70960269eec88da76c7fc94e6e135d06a464be3b3c58017f568e3e26a79d27a,20260916,0.11.0,60,supply,shipments,False,13,13,S6,O7,REGION_BASE,REGION,BASE,POWER,"[""POWER#8""]",36.6,37.1,True,1
lifecycle,e70960269eec88da76c7fc94e6e135d06a464be3b3c58017f568e3e26a79d27a,20260916,0.11.0,60,supply,shipments,False,13,13,S7,O8,CENTER_REGION,CENTER,REGION,POWER,"[""POWER#10""]",36.6,37.6,True,1
lifecycle,e70960269eec88da76c7fc94e6e135d06a464be3b3c58017f568e3e26a79d27a,20260916,0.11.0,60,supply,shipments,False,13,13,S8,O9,REGION_BASE,REGION,BASE,POWER,"[""POWER#9"", ""POWER#10""]",40.6,41.1,True,2
lifecycle,e70960269eec88da76c7fc94e6e135d06a464be3b3c58017f568e3e26a79d27a,20260916,0.11.0,60,supply,shipments,False,13,13,S9,O10,CENTER_REGION,CENTER,REGION,POWER,"[""POWER#3"", ""POWER#11""]",40.6,41.6,True,2
lifecycle,e70960269eec88da76c7fc94e6e135d06a464be3b3c58017f568e3e26a79d27a,20260916,0.11.0,60,supply,shipments,False,13,13,S10,O12,REGION_BASE,REGION,BASE,POWER,"[""POWER#3""]",56.7,57.2,True,1
lifecycle,e70960269eec88da76c7fc94e6e135d06a464be3b3c58017f568e3e26a79d27a,20260916,0.11.0,60,supply,shipments,False,13,13,S11,O13,CENTER_REGION,CENTER,REGION,POWER,"[""POWER#12""]",56.7,57.7,True,1
lifecycle,e70960269eec88da76c7fc94e6e135d06a464be3b3c58017f568e3e26a79d27a,20260916,0.11.0,60,supply,shipments,False,13,13,S12,O15,REGION_BASE,REGION,BASE,POWER,"[""POWER#11""]",64.69999999999999,65.19999999999999,True,1
lifecycle,e70960269eec88da76c7fc94e6e135d06a464be3b3c58017f568e3e26a79d27a,20260916,0.11.0,60,supply,shipments,False,13,13,S13,O16,CENTER_REGION,CENTER,REGION,POWER,"[""POWER#13""]",64.69999999999999,65.69999999999999,True,1
lifecycle,e70960269eec88da76c7fc94e6e135d06a464be3b3c58017f568e3e26a79d27a,20260916,0.11.0,61,supply,shipments,False,17,17,S1,O1,REGION_BASE,REGION,BASE,POWER,"[""POWER#1""]",0,0.5,True,1
lifecycle,e70960269eec88da76c7fc94e6e135d06a464be3b3c58017f568e3e26a79d27a,20260916,0.11.0,61,supply,shipments,False,17,17,S2,O1,CENTER_BASE,CENTER,BASE,POWER,"[""POWER#2""]",0,1.5,True,1
lifecycle,e70960269eec88da76c7fc94e6e135d06a464be3b3c58017f568e3e26a79d27a,20260916,0.11.0,61,supply,shipments,False,17,17,S3,O2,CENTER_REGION,CENTER,REGION,POWER,"[""POWER#7"", ""POWER#8""]",4.0,5.0,True,2
lifecycle,e70960269eec88da76c7fc94e6e135d06a464be3b3c58017f568e3e26a79d27a,20260916,0.11.0,61,supply,shipments,False,17,17,S4,O4,REGION_BASE,REGION,BASE,POWER,"[""POWER#7""]",8.508946826891572,9.008946826891572,True,1
lifecycle,e70960269eec88da76c7fc94e6e135d06a464be3b3c58017f568e3e26a79d27a,20260916,0.11.0,61,supply,shipments,False,17,17,S5,O5,CENTER_REGION,CENTER,REGION,POWER,"[""POWER#9""]",8.508946826891572,9.508946826891572,True,1
lifecycle,e70960269eec88da76c7fc94e6e135d06a464be3b3c58017f568e3e26a79d27a,20260916,0.11.0,61,supply,shipments,False,17,17,S6,O7,REGION_BASE,REGION,BASE,POWER,"[""POWER#8""]",16.700000000000003,17.200000000000003,True,1
lifecycle,e70960269eec88da76c7fc94e6e135d06a464be3b3c58017f568e3e26a79d27a,20260916,0.11.0,61,supply,shipments,False,17,17,S7,O8,CENTER_REGION,CENTER,REGION,POWER,"[""POWER#10""]",16.700000000000003,17.700000000000003,True,1
lifecycle,e70960269eec88da76c7fc94e6e135d06a464be3b3c58017f568e3e26a79d27a,20260916,0.11.0,61,supply,shipments,False,17,17,S8,O9,REGION_BASE,REGION,BASE,POWER,"[""POWER#9""]",32.800000000000004,33.300000000000004,True,1
lifecycle,e70960269eec88da76c7fc94e6e135d06a464be3b3c58017f568e3e26a79d27a,20260916,0.11.0,61,supply,shipments,False,17,17,S9,O10,CENTER_REGION,CENTER,REGION,POWER,"[""POWER#3""]",32.800000000000004,33.800000000000004,True,1
lifecycle,e70960269eec88da76c7fc94e6e135d06a464be3b3c58017f568e3e26a79d27a,20260916,0.11.0,61,supply,shipments,False,17,17,S10,O11,REGION_BASE,REGION,BASE,POWER,"[""POWER#10""]",40.6,41.1,True,1
lifecycle,e70960269eec88da76c7fc94e6e135d06a464be3b3c58017f568e3e26a79d27a,20260916,0.11.0,61,supply,shipments,False,17,17,S11,O12,CENTER_REGION,CENTER,REGION,POWER,"[""POWER#11""]",40.6,41.6,True,1
lifecycle,e70960269eec88da76c7fc94e6e135d06a464be3b3c58017f568e3e26a79d27a,20260916,0.11.0,61,supply,shipments,False,17,17,S12,O13,REGION_BASE,REGION,BASE,POWER,"[""POWER#3""]",56.6,57.1,True,1
lifecycle,e70960269eec88da76c7fc94e6e135d06a464be3b3c58017f568e3e26a79d27a,20260916,0.11.0,61,supply,shipments,False,17,17,S13,O14,CENTER_REGION,CENTER,REGION,POWER,"[""POWER#4""]",56.6,57.6,True,1
lifecycle,e70960269eec88da76c7fc94e6e135d06a464be3b3c58017f568e3e26a79d27a,20260916,0.11.0,61,supply,shipments,False,17,17,S14,O16,REGION_BASE,REGION,BASE,POWER,"[""POWER#11""]",60.7,61.2,True,1
lifecycle,e70960269eec88da76c7fc94e6e135d06a464be3b3c58017f568e3e26a79d27a,20260916,0.11.0,61,supply,shipments,False,17,17,S15,O17,CENTER_REGION,CENTER,REGION,POWER,"[""POWER#5""]",60.7,61.7,True,1
lifecycle,e70960269eec88da76c7fc94e6e135d06a464be3b3c58017f568e3e26a79d27a,20260916,0.11.0,61,supply,shipments,False,17,17,S16,O19,REGION_BASE,REGION,BASE,POWER,"[""POWER#4""]",64.6,65.1,True,1
lifecycle,e70960269eec88da76c7fc94e6e135d06a464be3b3c58017f568e3e26a79d27a,20260916,0.11.0,61,supply,shipments,False,17,17,S17,O20,CENTER_REGION,CENTER,REGION,POWER,"[""POWER#12""]",64.6,65.6,True,1
lifecycle,e70960269eec88da76c7fc94e6e135d06a464be3b3c58017f568e3e26a79d27a,20260916,0.11.0,62,supply,shipments,False,13,13,S1,O1,REGION_BASE,REGION,BASE,POWER,"[""POWER#1""]",0,0.5,True,1
lifecycle,e70960269eec88da76c7fc94e6e135d06a464be3b3c58017f568e3e26a79d27a,20260916,0.11.0,62,supply,shipments,False,13,13,S2,O1,CENTER_BASE,CENTER,BASE,POWER,"[""POWER#2""]",0,1.5,True,1
lifecycle,e70960269eec88da76c7fc94e6e135d06a464be3b3c58017f568e3e26a79d27a,20260916,0.11.0,62,supply,shipments,False,13,13,S3,O2,CENTER_REGION,CENTER,REGION,POWER,"[""POWER#7"", ""POWER#8""]",4.0,5.0,True,2
lifecycle,e70960269eec88da76c7fc94e6e135d06a464be3b3c58017f568e3e26a79d27a,20260916,0.11.0,62,supply,shipments,False,13,13,S4,O4,REGION_BASE,REGION,BASE,POWER,"[""POWER#7""]",32.800000000000004,33.300000000000004,True,1
lifecycle,e70960269eec88da76c7fc94e6e135d06a464be3b3c58017f568e3e26a79d27a,20260916,0.11.0,62,supply,shipments,False,13,13,S5,O5,CENTER_REGION,CENTER,REGION,POWER,"[""POWER#9""]",32.800000000000004,33.800000000000004,True,1
lifecycle,e70960269eec88da76c7fc94e6e135d06a464be3b3c58017f568e3e26a79d27a,20260916,0.11.0,62,supply,shipments,False,13,13,S6,O7,REGION_BASE,REGION,BASE,POWER,"[""POWER#8"", ""POWER#9""]",36.26915699401563,36.76915699401563,True,2
lifecycle,e70960269eec88da76c7fc94e6e135d06a464be3b3c58017f568e3e26a79d27a,20260916,0.11.0,62,supply,shipments,False,13,13,S7,O8,CENTER_REGION,CENTER,REGION,POWER,"[""POWER#10"", ""POWER#5""]",36.26915699401563,37.26915699401563,True,2
lifecycle,e70960269eec88da76c7fc94e6e135d06a464be3b3c58017f568e3e26a79d27a,20260916,0.11.0,62,supply,shipments,False,13,13,S8,O10,REGION_BASE,REGION,BASE,POWER,"[""POWER#10""]",40.6,41.1,True,1
lifecycle,e70960269eec88da76c7fc94e6e135d06a464be3b3c58017f568e3e26a79d27a,20260916,0.11.0,62,supply,shipments,False,13,13,S9,O11,CENTER_REGION,CENTER,REGION,POWER,"[""POWER#11""]",40.6,41.6,True,1
lifecycle,e70960269eec88da76c7fc94e6e135d06a464be3b3c58017f568e3e26a79d27a,20260916,0.11.0,62,supply,shipments,False,13,13,S10,O13,REGION_BASE,REGION,BASE,POWER,"[""POWER#5""]",55.96683741978587,56.46683741978587,True,1
lifecycle,e70960269eec88da76c7fc94e6e135d06a464be3b3c58017f568e3e26a79d27a,20260916,0.11.0,62,supply,shipments,False,13,13,S11,O14,CENTER_REGION,CENTER,REGION,POWER,"[""POWER#12""]",55.96683741978587,56.96683741978587,True,1
lifecycle,e70960269eec88da76c7fc94e6e135d06a464be3b3c58017f568e3e26a79d27a,20260916,0.11.0,62,supply,shipments,False,13,13,S12,O16,REGION_BASE,REGION,BASE,POWER,"[""POWER#11""]",60.7,61.2,True,1
lifecycle,e70960269eec88da76c7fc94e6e135d06a464be3b3c58017f568e3e26a79d27a,20260916,0.11.0,62,supply,shipments,False,13,13,S13,O17,CENTER_REGION,CENTER,REGION,POWER,"[""POWER#13""]",60.7,61.7,True,1
lifecycle,e70960269eec88da76c7fc94e6e135d06a464be3b3c58017f568e3e26a79d27a,20260916,0.11.0,63,supply,shipments,False,13,13,S1,O1,REGION_BASE,REGION,BASE,POWER,"[""POWER#1""]",0,0.5,True,1
lifecycle,e70960269eec88da76c7fc94e6e135d06a464be3b3c58017f568e3e26a79d27a,20260916,0.11.0,63,supply,shipments,False,13,13,S2,O1,CENTER_BASE,CENTER,BASE,POWER,"[""POWER#2""]",0,1.5,True,1
lifecycle,e70960269eec88da76c7fc94e6e135d06a464be3b3c58017f568e3e26a79d27a,20260916,0.11.0,63,supply,shipments,False,13,13,S3,O2,CENTER_REGION,CENTER,REGION,POWER,"[""POWER#7"", ""POWER#8""]",4.0,5.0,True,2
lifecycle,e70960269eec88da76c7fc94e6e135d06a464be3b3c58017f568e3e26a79d27a,20260916,0.11.0,63,supply,shipments,False,13,13,S4,O4,REGION_BASE,REGION,BASE,POWER,"[""POWER#7""]",16.800000000000004,17.300000000000004,True,1
lifecycle,e70960269eec88da76c7fc94e6e135d06a464be3b3c58017f568e3e26a79d27a,20260916,0.11.0,63,supply,shipments,False,13,13,S5,O5,CENTER_REGION,CENTER,REGION,POWER,"[""POWER#9""]",16.800000000000004,17.800000000000004,True,1
lifecycle,e70960269eec88da76c7fc94e6e135d06a464be3b3c58017f568e3e26a79d27a,20260916,0.11.0,63,supply,shipments,False,13,13,S6,O7,REGION_BASE,REGION,BASE,POWER,"[""POWER#8""]",31.14611053308525,31.64611053308525,True,1
lifecycle,e70960269eec88da76c7fc94e6e135d06a464be3b3c58017f568e3e26a79d27a,20260916,0.11.0,63,supply,shipments,False,13,13,S7,O8,CENTER_REGION,CENTER,REGION,POWER,"[""POWER#10""]",31.14611053308525,32.14611053308525,True,1
lifecycle,e70960269eec88da76c7fc94e6e135d06a464be3b3c58017f568e3e26a79d27a,20260916,0.11.0,63,supply,shipments,False,13,13,S8,O9,REGION_BASE,REGION,BASE,POWER,"[""POWER#9""]",36.6,37.1,True,1
lifecycle,e70960269eec88da76c7fc94e6e135d06a464be3b3c58017f568e3e26a79d27a,20260916,0.11.0,63,supply,shipments,False,13,13,S9,O10,CENTER_REGION,CENTER,REGION,POWER,"[""POWER#3""]",36.6,37.6,True,1
lifecycle,e70960269eec88da76c7fc94e6e135d06a464be3b3c58017f568e3e26a79d27a,20260916,0.11.0,63,supply,shipments,False,13,13,S10,O11,REGION_BASE,REGION,BASE,POWER,"[""POWER#10""]",56.7,57.2,True,1
lifecycle,e70960269eec88da76c7fc94e6e135d06a464be3b3c58017f568e3e26a79d27a,20260916,0.11.0,63,supply,shipments,False,13,13,S11,O12,CENTER_REGION,CENTER,REGION,POWER,"[""POWER#11""]",56.7,57.7,True,1
lifecycle,e70960269eec88da76c7fc94e6e135d06a464be3b3c58017f568e3e26a79d27a,20260916,0.11.0,63,supply,shipments,False,13,13,S12,O14,REGION_BASE,REGION,BASE,POWER,"[""POWER#3""]",60.6,61.1,True,1
lifecycle,e70960269eec88da76c7fc94e6e135d06a464be3b3c58017f568e3e26a79d27a,20260916,0.11.0,63,supply,shipments,False,13,13,S13,O15,CENTER_REGION,CENTER,REGION,POWER,"[""POWER#5""]",60.6,61.6,True,1
lifecycle,e70960269eec88da76c7fc94e6e135d06a464be3b3c58017f568e3e26a79d27a,20260916,0.11.0,64,supply,shipments,False,17,17,S1,O1,REGION_BASE,REGION,BASE,POWER,"[""POWER#1""]",0,0.5,True,1
lifecycle,e70960269eec88da76c7fc94e6e135d06a464be3b3c58017f568e3e26a79d27a,20260916,0.11.0,64,supply,shipments,False,17,17,S2,O1,CENTER_BASE,CENTER,BASE,POWER,"[""POWER#2""]",0,1.5,True,1
lifecycle,e70960269eec88da76c7fc94e6e135d06a464be3b3c58017f568e3e26a79d27a,20260916,0.11.0,64,supply,shipments,False,17,17,S3,O2,CENTER_REGION,CENTER,REGION,POWER,"[""POWER#7"", ""POWER#8""]",4.0,5.0,True,2
lifecycle,e70960269eec88da76c7fc94e6e135d06a464be3b3c58017f568e3e26a79d27a,20260916,0.11.0,64,supply,shipments,False,17,17,S4,O4,REGION_BASE,REGION,BASE,POWER,"[""POWER#7""]",16.700000000000003,17.200000000000003,True,1
lifecycle,e70960269eec88da76c7fc94e6e135d06a464be3b3c58017f568e3e26a79d27a,20260916,0.11.0,64,supply,shipments,False,17,17,S5,O5,CENTER_REGION,CENTER,REGION,POWER,"[""POWER#9""]",16.700000000000003,17.700000000000003,True,1
lifecycle,e70960269eec88da76c7fc94e6e135d06a464be3b3c58017f568e3e26a79d27a,20260916,0.11.0,64,supply,shipments,False,17,17,S6,O7,REGION_BASE,REGION,BASE,POWER,"[""POWER#8""]",16.800000000000004,17.300000000000004,True,1
lifecycle,e70960269eec88da76c7fc94e6e135d06a464be3b3c58017f568e3e26a79d27a,20260916,0.11.0,64,supply,shipments,False,17,17,S7,O8,CENTER_REGION,CENTER,REGION,POWER,"[""POWER#10""]",16.800000000000004,17.800000000000004,True,1
lifecycle,e70960269eec88da76c7fc94e6e135d06a464be3b3c58017f568e3e26a79d27a,20260916,0.11.0,64,supply,shipments,False,17,17,S8,O10,REGION_BASE,REGION,BASE,POWER,"[""POWER#9""]",32.7,33.2,True,1
lifecycle,e70960269eec88da76c7fc94e6e135d06a464be3b3c58017f568e3e26a79d27a,20260916,0.11.0,64,supply,shipments,False,17,17,S9,O11,CENTER_REGION,CENTER,REGION,POWER,"[""POWER#4""]",32.7,33.7,True,1
lifecycle,e70960269eec88da76c7fc94e6e135d06a464be3b3c58017f568e3e26a79d27a,20260916,0.11.0,64,supply,shipments,False,17,17,S10,O12,REGION_BASE,REGION,BASE,POWER,"[""POWER#10""]",32.800000000000004,33.300000000000004,True,1
lifecycle,e70960269eec88da76c7fc94e6e135d06a464be3b3c58017f568e3e26a79d27a,20260916,0.11.0,64,supply,shipments,False,17,17,S11,O13,CENTER_REGION,CENTER,REGION,POWER,"[""POWER#3""]",32.800000000000004,33.800000000000004,True,1
lifecycle,e70960269eec88da76c7fc94e6e135d06a464be3b3c58017f568e3e26a79d27a,20260916,0.11.0,64,supply,shipments,False,17,17,S12,O14,REGION_BASE,REGION,BASE,POWER,"[""POWER#4""]",56.800000000000004,57.300000000000004,True,1
lifecycle,e70960269eec88da76c7fc94e6e135d06a464be3b3c58017f568e3e26a79d27a,20260916,0.11.0,64,supply,shipments,False,17,17,S13,O15,CENTER_REGION,CENTER,REGION,POWER,"[""POWER#11""]",56.800000000000004,57.800000000000004,True,1
lifecycle,e70960269eec88da76c7fc94e6e135d06a464be3b3c58017f568e3e26a79d27a,20260916,0.11.0,64,supply,shipments,False,17,17,S14,O16,REGION_BASE,REGION,BASE,POWER,"[""POWER#3""]",60.800000000000004,61.300000000000004,True,1
lifecycle,e70960269eec88da76c7fc94e6e135d06a464be3b3c58017f568e3e26a79d27a,20260916,0.11.0,64,supply,shipments,False,17,17,S15,O17,CENTER_REGION,CENTER,REGION,POWER,"[""POWER#12""]",60.800000000000004,61.800000000000004,True,1
lifecycle,e70960269eec88da76c7fc94e6e135d06a464be3b3c58017f568e3e26a79d27a,20260916,0.11.0,64,supply,shipments,False,17,17,S16,O18,REGION_BASE,REGION,BASE,POWER,"[""POWER#11""]",63.51891015391843,64.01891015391843,True,1
lifecycle,e70960269eec88da76c7fc94e6e135d06a464be3b3c58017f568e3e26a79d27a,20260916,0.11.0,64,supply,shipments,False,17,17,S17,O19,CENTER_REGION,CENTER,REGION,POWER,"[""POWER#6""]",63.51891015391843,64.51891015391843,True,1
lifecycle,e70960269eec88da76c7fc94e6e135d06a464be3b3c58017f568e3e26a79d27a,20260916,0.11.0,65,supply,shipments,False,19,19,S1,O1,REGION_BASE,REGION,BASE,POWER,"[""POWER#1""]",0,0.5,True,1
lifecycle,e70960269eec88da76c7fc94e6e135d06a464be3b3c58017f568e3e26a79d27a,20260916,0.11.0,65,supply,shipments,False,19,19,S2,O1,CENTER_BASE,CENTER,BASE,POWER,"[""POWER#2""]",0,1.5,True,1
lifecycle,e70960269eec88da76c7fc94e6e135d06a464be3b3c58017f568e3e26a79d27a,20260916,0.11.0,65,supply,shipments,False,19,19,S3,O2,CENTER_REGION,CENTER,REGION,POWER,"[""POWER#7"", ""POWER#8""]",4.0,5.0,True,2
lifecycle,e70960269eec88da76c7fc94e6e135d06a464be3b3c58017f568e3e26a79d27a,20260916,0.11.0,65,supply,shipments,False,19,19,S4,O4,REGION_BASE,REGION,BASE,POWER,"[""POWER#7""]",16.700000000000003,17.200000000000003,True,1
lifecycle,e70960269eec88da76c7fc94e6e135d06a464be3b3c58017f568e3e26a79d27a,20260916,0.11.0,65,supply,shipments,False,19,19,S5,O5,CENTER_REGION,CENTER,REGION,POWER,"[""POWER#9""]",16.700000000000003,17.700000000000003,True,1
lifecycle,e70960269eec88da76c7fc94e6e135d06a464be3b3c58017f568e3e26a79d27a,20260916,0.11.0,65,supply,shipments,False,19,19,S6,O7,REGION_BASE,REGION,BASE,POWER,"[""POWER#8""]",16.800000000000004,17.300000000000004,True,1
lifecycle,e70960269eec88da76c7fc94e6e135d06a464be3b3c58017f568e3e26a79d27a,20260916,0.11.0,65,supply,shipments,False,19,19,S7,O8,CENTER_REGION,CENTER,REGION,POWER,"[""POWER#10""]",16.800000000000004,17.800000000000004,True,1
lifecycle,e70960269eec88da76c7fc94e6e135d06a464be3b3c58017f568e3e26a79d27a,20260916,0.11.0,65,supply,shipments,False,19,19,S8,O10,REGION_BASE,REGION,BASE,POWER,"[""POWER#9""]",32.7,33.2,True,1
lifecycle,e70960269eec88da76c7fc94e6e135d06a464be3b3c58017f568e3e26a79d27a,20260916,0.11.0,65,supply,shipments,False,19,19,S9,O11,CENTER_REGION,CENTER,REGION,POWER,"[""POWER#4""]",32.7,33.7,True,1
lifecycle,e70960269eec88da76c7fc94e6e135d06a464be3b3c58017f568e3e26a79d27a,20260916,0.11.0,65,supply,shipments,False,19,19,S10,O12,REGION_BASE,REGION,BASE,POWER,"[""POWER#10""]",32.800000000000004,33.300000000000004,True,1
lifecycle,e70960269eec88da76c7fc94e6e135d06a464be3b3c58017f568e3e26a79d27a,20260916,0.11.0,65,supply,shipments,False,19,19,S11,O13,CENTER_REGION,CENTER,REGION,POWER,"[""POWER#3""]",32.800000000000004,33.800000000000004,True,1
lifecycle,e70960269eec88da76c7fc94e6e135d06a464be3b3c58017f568e3e26a79d27a,20260916,0.11.0,65,supply,shipments,False,19,19,S12,O14,REGION_BASE,REGION,BASE,POWER,"[""POWER#4""]",56.7,57.2,True,1
lifecycle,e70960269eec88da76c7fc94e6e135d06a464be3b3c58017f568e3e26a79d27a,20260916,0.11.0,65,supply,shipments,False,19,19,S13,O15,CENTER_REGION,CENTER,REGION,POWER,"[""POWER#11""]",56.7,57.7,True,1
lifecycle,e70960269eec88da76c7fc94e6e135d06a464be3b3c58017f568e3e26a79d27a,20260916,0.11.0,65,supply,shipments,False,19,19,S14,O16,REGION_BASE,REGION,BASE,POWER,"[""POWER#3""]",60.7,61.2,True,1
lifecycle,e70960269eec88da76c7fc94e6e135d06a464be3b3c58017f568e3e26a79d27a,20260916,0.11.0,65,supply,shipments,False,19,19,S15,O17,CENTER_REGION,CENTER,REGION,POWER,"[""POWER#12""]",60.7,61.7,True,1
lifecycle,e70960269eec88da76c7fc94e6e135d06a464be3b3c58017f568e3e26a79d27a,20260916,0.11.0,65,supply,shipments,False,19,19,S16,O18,REGION_BASE,REGION,BASE,POWER,"[""POWER#11""]",60.800000000000004,61.300000000000004,True,1
lifecycle,e70960269eec88da76c7fc94e6e135d06a464be3b3c58017f568e3e26a79d27a,20260916,0.11.0,65,supply,shipments,False,19,19,S17,O19,CENTER_REGION,CENTER,REGION,POWER,"[""POWER#6""]",60.800000000000004,61.800000000000004,True,1
lifecycle,e70960269eec88da76c7fc94e6e135d06a464be3b3c58017f568e3e26a79d27a,20260916,0.11.0,65,supply,shipments,False,19,19,S18,O20,REGION_BASE,REGION,BASE,POWER,"[""POWER#12""]",64.6,65.1,True,1
lifecycle,e70960269eec88da76c7fc94e6e135d06a464be3b3c58017f568e3e26a79d27a,20260916,0.11.0,65,supply,shipments,False,19,19,S19,O21,CENTER_REGION,CENTER,REGION,POWER,"[""POWER#5""]",64.6,65.6,True,1
lifecycle,e70960269eec88da76c7fc94e6e135d06a464be3b3c58017f568e3e26a79d27a,20260916,0.11.0,66,supply,shipments,False,13,13,S1,O1,REGION_BASE,REGION,BASE,POWER,"[""POWER#1""]",0,0.5,True,1
lifecycle,e70960269eec88da76c7fc94e6e135d06a464be3b3c58017f568e3e26a79d27a,20260916,0.11.0,66,supply,shipments,False,13,13,S2,O1,CENTER_BASE,CENTER,BASE,POWER,"[""POWER#2""]",0,1.5,True,1
lifecycle,e70960269eec88da76c7fc94e6e135d06a464be3b3c58017f568e3e26a79d27a,20260916,0.11.0,66,supply,shipments,False,13,13,S3,O2,CENTER_REGION,CENTER,REGION,POWER,"[""POWER#7"", ""POWER#8""]",4.0,5.0,True,2
lifecycle,e70960269eec88da76c7fc94e6e135d06a464be3b3c58017f568e3e26a79d27a,20260916,0.11.0,66,supply,shipments,False,13,13,S4,O4,REGION_BASE,REGION,BASE,POWER,"[""POWER#7""]",32.7,33.2,True,1
lifecycle,e70960269eec88da76c7fc94e6e135d06a464be3b3c58017f568e3e26a79d27a,20260916,0.11.0,66,supply,shipments,False,13,13,S5,O5,CENTER_REGION,CENTER,REGION,POWER,"[""POWER#9""]",32.7,33.7,True,1
lifecycle,e70960269eec88da76c7fc94e6e135d06a464be3b3c58017f568e3e26a79d27a,20260916,0.11.0,66,supply,shipments,False,13,13,S6,O7,REGION_BASE,REGION,BASE,POWER,"[""POWER#8""]",32.800000000000004,33.300000000000004,True,1
lifecycle,e70960269eec88da76c7fc94e6e135d06a464be3b3c58017f568e3e26a79d27a,20260916,0.11.0,66,supply,shipments,False,13,13,S7,O8,CENTER_REGION,CENTER,REGION,POWER,"[""POWER#10""]",32.800000000000004,33.800000000000004,True,1
lifecycle,e70960269eec88da76c7fc94e6e135d06a464be3b3c58017f568e3e26a79d27a,20260916,0.11.0,66,supply,shipments,False,13,13,S8,O10,REGION_BASE,REGION,BASE,POWER,"[""POWER#9"", ""POWER#10""]",36.6,37.1,True,2
lifecycle,e70960269eec88da76c7fc94e6e135d06a464be3b3c58017f568e3e26a79d27a,20260916,0.11.0,66,supply,shipments,False,13,13,S9,O11,CENTER_REGION,CENTER,REGION,POWER,"[""POWER#6"", ""POWER#5""]",36.6,37.6,True,2
lifecycle,e70960269eec88da76c7fc94e6e135d06a464be3b3c58017f568e3e26a79d27a,20260916,0.11.0,66,supply,shipments,False,13,13,S10,O12,REGION_BASE,REGION,BASE,POWER,"[""POWER#6""]",60.800000000000004,61.300000000000004,True,1
lifecycle,e70960269eec88da76c7fc94e6e135d06a464be3b3c58017f568e3e26a79d27a,20260916,0.11.0,66,supply,shipments,False,13,13,S11,O13,CENTER_REGION,CENTER,REGION,POWER,"[""POWER#11""]",60.800000000000004,61.800000000000004,True,1
lifecycle,e70960269eec88da76c7fc94e6e135d06a464be3b3c58017f568e3e26a79d27a,20260916,0.11.0,66,supply,shipments,False,13,13,S12,O15,REGION_BASE,REGION,BASE,POWER,"[""POWER#5""]",64.69999999999999,65.19999999999999,True,1
lifecycle,e70960269eec88da76c7fc94e6e135d06a464be3b3c58017f568e3e26a79d27a,20260916,0.11.0,66,supply,shipments,False,13,13,S13,O16,CENTER_REGION,CENTER,REGION,POWER,"[""POWER#12""]",64.69999999999999,65.69999999999999,True,1
lifecycle,e70960269eec88da76c7fc94e6e135d06a464be3b3c58017f568e3e26a79d27a,20260916,0.11.0,67,supply,shipments,False,13,13,S1,O1,REGION_BASE,REGION,BASE,POWER,"[""POWER#1""]",0,0.5,True,1
lifecycle,e70960269eec88da76c7fc94e6e135d06a464be3b3c58017f568e3e26a79d27a,20260916,0.11.0,67,supply,shipments,False,13,13,S2,O1,CENTER_BASE,CENTER,BASE,POWER,"[""POWER#2""]",0,1.5,True,1
lifecycle,e70960269eec88da76c7fc94e6e135d06a464be3b3c58017f568e3e26a79d27a,20260916,0.11.0,67,supply,shipments,False,13,13,S3,O2,CENTER_REGION,CENTER,REGION,POWER,"[""POWER#7"", ""POWER#8""]",4.0,5.0,True,2
lifecycle,e70960269eec88da76c7fc94e6e135d06a464be3b3c58017f568e3e26a79d27a,20260916,0.11.0,67,supply,shipments,False,13,13,S4,O4,REGION_BASE,REGION,BASE,POWER,"[""POWER#7""]",16.800000000000004,17.300000000000004,True,1
lifecycle,e70960269eec88da76c7fc94e6e135d06a464be3b3c58017f568e3e26a79d27a,20260916,0.11.0,67,supply,shipments,False,13,13,S5,O5,CENTER_REGION,CENTER,REGION,POWER,"[""POWER#9""]",16.800000000000004,17.800000000000004,True,1
lifecycle,e70960269eec88da76c7fc94e6e135d06a464be3b3c58017f568e3e26a79d27a,20260916,0.11.0,67,supply,shipments,False,13,13,S6,O7,REGION_BASE,REGION,BASE,POWER,"[""POWER#8""]",36.6,37.1,True,1
lifecycle,e70960269eec88da76c7fc94e6e135d06a464be3b3c58017f568e3e26a79d27a,20260916,0.11.0,67,supply,shipments,False,13,13,S7,O8,CENTER_REGION,CENTER,REGION,POWER,"[""POWER#10""]",36.6,37.6,True,1
lifecycle,e70960269eec88da76c7fc94e6e135d06a464be3b3c58017f568e3e26a79d27a,20260916,0.11.0,67,supply,shipments,False,13,13,S8,O9,REGION_BASE,REGION,BASE,POWER,"[""POWER#9""]",56.7,57.2,True,1
lifecycle,e70960269eec88da76c7fc94e6e135d06a464be3b3c58017f568e3e26a79d27a,20260916,0.11.0,67,supply,shipments,False,13,13,S9,O10,CENTER_REGION,CENTER,REGION,POWER,"[""POWER#3""]",56.7,57.7,True,1
lifecycle,e70960269eec88da76c7fc94e6e135d06a464be3b3c58017f568e3e26a79d27a,20260916,0.11.0,67,supply,shipments,False,13,13,S10,O12,REGION_BASE,REGION,BASE,POWER,"[""POWER#10"", ""POWER#3""]",60.6,61.1,True,2
lifecycle,e70960269eec88da76c7fc94e6e135d06a464be3b3c58017f568e3e26a79d27a,20260916,0.11.0,67,supply,shipments,False,13,13,S11,O13,CENTER_REGION,CENTER,REGION,POWER,"[""POWER#11"", ""POWER#1""]",60.6,61.6,True,2
lifecycle,e70960269eec88da76c7fc94e6e135d06a464be3b3c58017f568e3e26a79d27a,20260916,0.11.0,67,supply,shipments,False,13,13,S12,O15,REGION_BASE,REGION,BASE,POWER,"[""POWER#11""]",64.69999999999999,65.19999999999999,True,1
lifecycle,e70960269eec88da76c7fc94e6e135d06a464be3b3c58017f568e3e26a79d27a,20260916,0.11.0,67,supply,shipments,False,13,13,S13,O16,CENTER_REGION,CENTER,REGION,POWER,"[""POWER#12""]",64.69999999999999,65.69999999999999,True,1
lifecycle,e70960269eec88da76c7fc94e6e135d06a464be3b3c58017f568e3e26a79d27a,20260916,0.11.0,68,supply,shipments,False,17,17,S1,O1,REGION_BASE,REGION,BASE,POWER,"[""POWER#1""]",0,0.5,True,1
lifecycle,e70960269eec88da76c7fc94e6e135d06a464be3b3c58017f568e3e26a79d27a,20260916,0.11.0,68,supply,shipments,False,17,17,S2,O1,CENTER_BASE,CENTER,BASE,POWER,"[""POWER#2""]",0,1.5,True,1
lifecycle,e70960269eec88da76c7fc94e6e135d06a464be3b3c58017f568e3e26a79d27a,20260916,0.11.0,68,supply,shipments,False,17,17,S3,O2,CENTER_REGION,CENTER,REGION,POWER,"[""POWER#7"", ""POWER#8""]",4.0,5.0,True,2
lifecycle,e70960269eec88da76c7fc94e6e135d06a464be3b3c58017f568e3e26a79d27a,20260916,0.11.0,68,supply,shipments,False,17,17,S4,O4,REGION_BASE,REGION,BASE,POWER,"[""POWER#7""]",16.700000000000003,17.200000000000003,True,1
lifecycle,e70960269eec88da76c7fc94e6e135d06a464be3b3c58017f568e3e26a79d27a,20260916,0.11.0,68,supply,shipments,False,17,17,S5,O5,CENTER_REGION,CENTER,REGION,POWER,"[""POWER#9""]",16.700000000000003,17.700000000000003,True,1
lifecycle,e70960269eec88da76c7fc94e6e135d06a464be3b3c58017f568e3e26a79d27a,20260916,0.11.0,68,supply,shipments,False,17,17,S6,O7,REGION_BASE,REGION,BASE,POWER,"[""POWER#8""]",32.7,33.2,True,1
lifecycle,e70960269eec88da76c7fc94e6e135d06a464be3b3c58017f568e3e26a79d27a,20260916,0.11.0,68,supply,shipments,False,17,17,S7,O8,CENTER_REGION,CENTER,REGION,POWER,"[""POWER#10""]",32.7,33.7,True,1
lifecycle,e70960269eec88da76c7fc94e6e135d06a464be3b3c58017f568e3e26a79d27a,20260916,0.11.0,68,supply,shipments,False,17,17,S8,O9,REGION_BASE,REGION,BASE,POWER,"[""POWER#9""]",32.800000000000004,33.300000000000004,True,1
lifecycle,e70960269eec88da76c7fc94e6e135d06a464be3b3c58017f568e3e26a79d27a,20260916,0.11.0,68,supply,shipments,False,17,17,S9,O10,CENTER_REGION,CENTER,REGION,POWER,"[""POWER#4""]",32.800000000000004,33.800000000000004,True,1
lifecycle,e70960269eec88da76c7fc94e6e135d06a464be3b3c58017f568e3e26a79d27a,20260916,0.11.0,68,supply,shipments,False,17,17,S10,O12,REGION_BASE,REGION,BASE,POWER,"[""POWER#10""]",36.6,37.1,True,1
lifecycle,e70960269eec88da76c7fc94e6e135d06a464be3b3c58017f568e3e26a79d27a,20260916,0.11.0,68,supply,shipments,False,17,17,S11,O13,CENTER_REGION,CENTER,REGION,POWER,"[""POWER#11""]",36.6,37.6,True,1
lifecycle,e70960269eec88da76c7fc94e6e135d06a464be3b3c58017f568e3e26a79d27a,20260916,0.11.0,68,supply,shipments,False,17,17,S12,O14,REGION_BASE,REGION,BASE,POWER,"[""POWER#4""]",56.7,57.2,True,1
lifecycle,e70960269eec88da76c7fc94e6e135d06a464be3b3c58017f568e3e26a79d27a,20260916,0.11.0,68,supply,shipments,False,17,17,S13,O15,CENTER_REGION,CENTER,REGION,POWER,"[""POWER#6""]",56.7,57.7,True,1
lifecycle,e70960269eec88da76c7fc94e6e135d06a464be3b3c58017f568e3e26a79d27a,20260916,0.11.0,68,supply,shipments,False,17,17,S14,O16,REGION_BASE,REGION,BASE,POWER,"[""POWER#11""]",60.7,61.2,True,1
lifecycle,e70960269eec88da76c7fc94e6e135d06a464be3b3c58017f568e3e26a79d27a,20260916,0.11.0,68,supply,shipments,False,17,17,S15,O17,CENTER_REGION,CENTER,REGION,POWER,"[""POWER#5""]",60.7,61.7,True,1
lifecycle,e70960269eec88da76c7fc94e6e135d06a464be3b3c58017f568e3e26a79d27a,20260916,0.11.0,68,supply,shipments,False,17,17,S16,O18,REGION_BASE,REGION,BASE,POWER,"[""POWER#6""]",64.69999999999999,65.19999999999999,True,1
lifecycle,e70960269eec88da76c7fc94e6e135d06a464be3b3c58017f568e3e26a79d27a,20260916,0.11.0,68,supply,shipments,False,17,17,S17,O19,CENTER_REGION,CENTER,REGION,POWER,"[""POWER#12""]",64.69999999999999,65.69999999999999,True,1
lifecycle,e70960269eec88da76c7fc94e6e135d06a464be3b3c58017f568e3e26a79d27a,20260916,0.11.0,69,supply,shipments,False,17,17,S1,O1,REGION_BASE,REGION,BASE,POWER,"[""POWER#1""]",0,0.5,True,1
lifecycle,e70960269eec88da76c7fc94e6e135d06a464be3b3c58017f568e3e26a79d27a,20260916,0.11.0,69,supply,shipments,False,17,17,S2,O1,CENTER_BASE,CENTER,BASE,POWER,"[""POWER#2""]",0,1.5,True,1
lifecycle,e70960269eec88da76c7fc94e6e135d06a464be3b3c58017f568e3e26a79d27a,20260916,0.11.0,69,supply,shipments,False,17,17,S3,O2,CENTER_REGION,CENTER,REGION,POWER,"[""POWER#7"", ""POWER#8""]",4.0,5.0,True,2
lifecycle,e70960269eec88da76c7fc94e6e135d06a464be3b3c58017f568e3e26a79d27a,20260916,0.11.0,69,supply,shipments,False,17,17,S4,O4,REGION_BASE,REGION,BASE,POWER,"[""POWER#7""]",16.800000000000004,17.300000000000004,True,1
lifecycle,e70960269eec88da76c7fc94e6e135d06a464be3b3c58017f568e3e26a79d27a,20260916,0.11.0,69,supply,shipments,False,17,17,S5,O5,CENTER_REGION,CENTER,REGION,POWER,"[""POWER#9""]",16.800000000000004,17.800000000000004,True,1
lifecycle,e70960269eec88da76c7fc94e6e135d06a464be3b3c58017f568e3e26a79d27a,20260916,0.11.0,69,supply,shipments,False,17,17,S6,O7,REGION_BASE,REGION,BASE,POWER,"[""POWER#8""]",32.7,33.2,True,1
lifecycle,e70960269eec88da76c7fc94e6e135d06a464be3b3c58017f568e3e26a79d27a,20260916,0.11.0,69,supply,shipments,False,17,17,S7,O8,CENTER_REGION,CENTER,REGION,POWER,"[""POWER#10""]",32.7,33.7,True,1
lifecycle,e70960269eec88da76c7fc94e6e135d06a464be3b3c58017f568e3e26a79d27a,20260916,0.11.0,69,supply,shipments,False,17,17,S8,O9,REGION_BASE,REGION,BASE,POWER,"[""POWER#9""]",32.800000000000004,33.300000000000004,True,1
lifecycle,e70960269eec88da76c7fc94e6e135d06a464be3b3c58017f568e3e26a79d27a,20260916,0.11.0,69,supply,shipments,False,17,17,S9,O10,CENTER_REGION,CENTER,REGION,POWER,"[""POWER#3""]",32.800000000000004,33.800000000000004,True,1
lifecycle,e70960269eec88da76c7fc94e6e135d06a464be3b3c58017f568e3e26a79d27a,20260916,0.11.0,69,supply,shipments,False,17,17,S10,O12,REGION_BASE,REGION,BASE,POWER,"[""POWER#10""]",36.6,37.1,True,1
lifecycle,e70960269eec88da76c7fc94e6e135d06a464be3b3c58017f568e3e26a79d27a,20260916,0.11.0,69,supply,shipments,False,17,17,S11,O13,CENTER_REGION,CENTER,REGION,POWER,"[""POWER#11""]",36.6,37.6,True,1
lifecycle,e70960269eec88da76c7fc94e6e135d06a464be3b3c58017f568e3e26a79d27a,20260916,0.11.0,69,supply,shipments,False,17,17,S12,O14,REGION_BASE,REGION,BASE,POWER,"[""POWER#3""]",38.36005656042818,38.86005656042818,True,1
lifecycle,e70960269eec88da76c7fc94e6e135d06a464be3b3c58017f568e3e26a79d27a,20260916,0.11.0,69,supply,shipments,False,17,17,S13,O15,CENTER_REGION,CENTER,REGION,POWER,"[""POWER#6""]",38.36005656042818,39.36005656042818,True,1
lifecycle,e70960269eec88da76c7fc94e6e135d06a464be3b3c58017f568e3e26a79d27a,20260916,0.11.0,69,supply,shipments,False,17,17,S14,O16,REGION_BASE,REGION,BASE,POWER,"[""POWER#11""]",56.7,57.2,True,1
lifecycle,e70960269eec88da76c7fc94e6e135d06a464be3b3c58017f568e3e26a79d27a,20260916,0.11.0,69,supply,shipments,False,17,17,S15,O17,CENTER_REGION,CENTER,REGION,POWER,"[""POWER#5""]",56.7,57.7,True,1
lifecycle,e70960269eec88da76c7fc94e6e135d06a464be3b3c58017f568e3e26a79d27a,20260916,0.11.0,69,supply,shipments,False,17,17,S16,O18,REGION_BASE,REGION,BASE,POWER,"[""POWER#6""]",64.69999999999999,65.19999999999999,True,1
lifecycle,e70960269eec88da76c7fc94e6e135d06a464be3b3c58017f568e3e26a79d27a,20260916,0.11.0,69,supply,shipments,False,17,17,S17,O19,CENTER_REGION,CENTER,REGION,POWER,"[""POWER#12""]",64.69999999999999,65.69999999999999,True,1
lifecycle,e70960269eec88da76c7fc94e6e135d06a464be3b3c58017f568e3e26a79d27a,20260916,0.11.0,70,supply,shipments,False,13,13,S1,O1,REGION_BASE,REGION,BASE,POWER,"[""POWER#1""]",0,0.5,True,1
lifecycle,e70960269eec88da76c7fc94e6e135d06a464be3b3c58017f568e3e26a79d27a,20260916,0.11.0,70,supply,shipments,False,13,13,S2,O1,CENTER_BASE,CENTER,BASE,POWER,"[""POWER#2""]",0,1.5,True,1
lifecycle,e70960269eec88da76c7fc94e6e135d06a464be3b3c58017f568e3e26a79d27a,20260916,0.11.0,70,supply,shipments,False,13,13,S3,O2,CENTER_REGION,CENTER,REGION,POWER,"[""POWER#7"", ""POWER#8""]",4.0,5.0,True,2
lifecycle,e70960269eec88da76c7fc94e6e135d06a464be3b3c58017f568e3e26a79d27a,20260916,0.11.0,70,supply,shipments,False,13,13,S4,O4,REGION_BASE,REGION,BASE,POWER,"[""POWER#7""]",16.700000000000003,17.200000000000003,True,1
lifecycle,e70960269eec88da76c7fc94e6e135d06a464be3b3c58017f568e3e26a79d27a,20260916,0.11.0,70,supply,shipments,False,13,13,S5,O5,CENTER_REGION,CENTER,REGION,POWER,"[""POWER#9""]",16.700000000000003,17.700000000000003,True,1
lifecycle,e70960269eec88da76c7fc94e6e135d06a464be3b3c58017f568e3e26a79d27a,20260916,0.11.0,70,supply,shipments,False,13,13,S6,O7,REGION_BASE,REGION,BASE,POWER,"[""POWER#8""]",16.800000000000004,17.300000000000004,True,1
lifecycle,e70960269eec88da76c7fc94e6e135d06a464be3b3c58017f568e3e26a79d27a,20260916,0.11.0,70,supply,shipments,False,13,13,S7,O8,CENTER_REGION,CENTER,REGION,POWER,"[""POWER#10""]",16.800000000000004,17.800000000000004,True,1
lifecycle,e70960269eec88da76c7fc94e6e135d06a464be3b3c58017f568e3e26a79d27a,20260916,0.11.0,70,supply,shipments,False,13,13,S8,O10,REGION_BASE,REGION,BASE,POWER,"[""POWER#9"", ""POWER#10""]",40.6,41.1,True,2
lifecycle,e70960269eec88da76c7fc94e6e135d06a464be3b3c58017f568e3e26a79d27a,20260916,0.11.0,70,supply,shipments,False,13,13,S9,O11,CENTER_REGION,CENTER,REGION,POWER,"[""POWER#4"", ""POWER#3""]",40.6,41.6,True,2
lifecycle,e70960269eec88da76c7fc94e6e135d06a464be3b3c58017f568e3e26a79d27a,20260916,0.11.0,70,supply,shipments,False,13,13,S10,O12,REGION_BASE,REGION,BASE,POWER,"[""POWER#4""]",56.800000000000004,57.300000000000004,True,1
lifecycle,e70960269eec88da76c7fc94e6e135d06a464be3b3c58017f568e3e26a79d27a,20260916,0.11.0,70,supply,shipments,False,13,13,S11,O13,CENTER_REGION,CENTER,REGION,POWER,"[""POWER#11""]",56.800000000000004,57.800000000000004,True,1
lifecycle,e70960269eec88da76c7fc94e6e135d06a464be3b3c58017f568e3e26a79d27a,20260916,0.11.0,70,supply,shipments,False,13,13,S12,O15,REGION_BASE,REGION,BASE,POWER,"[""POWER#3""]",64.6,65.1,True,1
lifecycle,e70960269eec88da76c7fc94e6e135d06a464be3b3c58017f568e3e26a79d27a,20260916,0.11.0,70,supply,shipments,False,13,13,S13,O16,CENTER_REGION,CENTER,REGION,POWER,"[""POWER#12""]",64.6,65.6,True,1
lifecycle,e70960269eec88da76c7fc94e6e135d06a464be3b3c58017f568e3e26a79d27a,20260916,0.11.0,71,supply,shipments,False,11,11,S1,O1,REGION_BASE,REGION,BASE,POWER,"[""POWER#1""]",0,0.5,True,1
lifecycle,e70960269eec88da76c7fc94e6e135d06a464be3b3c58017f568e3e26a79d27a,20260916,0.11.0,71,supply,shipments,False,11,11,S2,O1,CENTER_BASE,CENTER,BASE,POWER,"[""POWER#2""]",0,1.5,True,1
lifecycle,e70960269eec88da76c7fc94e6e135d06a464be3b3c58017f568e3e26a79d27a,20260916,0.11.0,71,supply,shipments,False,11,11,S3,O2,CENTER_REGION,CENTER,REGION,POWER,"[""POWER#7"", ""POWER#8""]",4.0,5.0,True,2
lifecycle,e70960269eec88da76c7fc94e6e135d06a464be3b3c58017f568e3e26a79d27a,20260916,0.11.0,71,supply,shipments,False,11,11,S4,O4,REGION_BASE,REGION,BASE,POWER,"[""POWER#7""]",16.700000000000003,17.200000000000003,True,1
lifecycle,e70960269eec88da76c7fc94e6e135d06a464be3b3c58017f568e3e26a79d27a,20260916,0.11.0,71,supply,shipments,False,11,11,S5,O5,CENTER_REGION,CENTER,REGION,POWER,"[""POWER#9""]",16.700000000000003,17.700000000000003,True,1
lifecycle,e70960269eec88da76c7fc94e6e135d06a464be3b3c58017f568e3e26a79d27a,20260916,0.11.0,71,supply,shipments,False,11,11,S6,O7,REGION_BASE,REGION,BASE,POWER,"[""POWER#8""]",36.6,37.1,True,1
lifecycle,e70960269eec88da76c7fc94e6e135d06a464be3b3c58017f568e3e26a79d27a,20260916,0.11.0,71,supply,shipments,False,11,11,S7,O8,CENTER_REGION,CENTER,REGION,POWER,"[""POWER#10""]",36.6,37.6,True,1
lifecycle,e70960269eec88da76c7fc94e6e135d06a464be3b3c58017f568e3e26a79d27a,20260916,0.11.0,71,supply,shipments,False,11,11,S8,O9,REGION_BASE,REGION,BASE,POWER,"[""POWER#9""]",56.7,57.2,True,1
lifecycle,e70960269eec88da76c7fc94e6e135d06a464be3b3c58017f568e3e26a79d27a,20260916,0.11.0,71,supply,shipments,False,11,11,S9,O10,CENTER_REGION,CENTER,REGION,POWER,"[""POWER#4""]",56.7,57.7,True,1
lifecycle,e70960269eec88da76c7fc94e6e135d06a464be3b3c58017f568e3e26a79d27a,20260916,0.11.0,71,supply,shipments,False,11,11,S10,O12,REGION_BASE,REGION,BASE,POWER,"[""POWER#10"", ""POWER#4""]",60.32414132014101,60.82414132014101,True,2
lifecycle,e70960269eec88da76c7fc94e6e135d06a464be3b3c58017f568e3e26a79d27a,20260916,0.11.0,71,supply,shipments,False,11,11,S11,O13,CENTER_REGION,CENTER,REGION,POWER,"[""POWER#11"", ""POWER#1""]",60.32414132014101,61.32414132014101,True,2
lifecycle,e70960269eec88da76c7fc94e6e135d06a464be3b3c58017f568e3e26a79d27a,20260916,0.11.0,72,supply,shipments,False,15,15,S1,O1,REGION_BASE,REGION,BASE,POWER,"[""POWER#1""]",0,0.5,True,1
lifecycle,e70960269eec88da76c7fc94e6e135d06a464be3b3c58017f568e3e26a79d27a,20260916,0.11.0,72,supply,shipments,False,15,15,S2,O1,CENTER_BASE,CENTER,BASE,POWER,"[""POWER#2""]",0,1.5,True,1
lifecycle,e70960269eec88da76c7fc94e6e135d06a464be3b3c58017f568e3e26a79d27a,20260916,0.11.0,72,supply,shipments,False,15,15,S3,O2,CENTER_REGION,CENTER,REGION,POWER,"[""POWER#7"", ""POWER#8""]",4.0,5.0,True,2
lifecycle,e70960269eec88da76c7fc94e6e135d06a464be3b3c58017f568e3e26a79d27a,20260916,0.11.0,72,supply,shipments,False,15,15,S4,O4,REGION_BASE,REGION,BASE,POWER,"[""POWER#7""]",14.71819708485943,15.21819708485943,True,1
lifecycle,e70960269eec88da76c7fc94e6e135d06a464be3b3c58017f568e3e26a79d27a,20260916,0.11.0,72,supply,shipments,False,15,15,S5,O5,CENTER_REGION,CENTER,REGION,POWER,"[""POWER#9""]",14.71819708485943,15.71819708485943,True,1
lifecycle,e70960269eec88da76c7fc94e6e135d06a464be3b3c58017f568e3e26a79d27a,20260916,0.11.0,72,supply,shipments,False,15,15,S6,O7,REGION_BASE,REGION,BASE,POWER,"[""POWER#8""]",32.7,33.2,True,1
lifecycle,e70960269eec88da76c7fc94e6e135d06a464be3b3c58017f568e3e26a79d27a,20260916,0.11.0,72,supply,shipments,False,15,15,S7,O8,CENTER_REGION,CENTER,REGION,POWER,"[""POWER#10""]",32.7,33.7,True,1
lifecycle,e70960269eec88da76c7fc94e6e135d06a464be3b3c58017f568e3e26a79d27a,20260916,0.11.0,72,supply,shipments,False,15,15,S8,O9,REGION_BASE,REGION,BASE,POWER,"[""POWER#9""]",32.800000000000004,33.300000000000004,True,1
lifecycle,e70960269eec88da76c7fc94e6e135d06a464be3b3c58017f568e3e26a79d27a,20260916,0.11.0,72,supply,shipments,False,15,15,S9,O10,CENTER_REGION,CENTER,REGION,POWER,"[""POWER#4""]",32.800000000000004,33.800000000000004,True,1
lifecycle,e70960269eec88da76c7fc94e6e135d06a464be3b3c58017f568e3e26a79d27a,20260916,0.11.0,72,supply,shipments,False,15,15,S10,O12,REGION_BASE,REGION,BASE,POWER,"[""POWER#10""]",56.6,57.1,True,1
lifecycle,e70960269eec88da76c7fc94e6e135d06a464be3b3c58017f568e3e26a79d27a,20260916,0.11.0,72,supply,shipments,False,15,15,S11,O13,CENTER_REGION,CENTER,REGION,POWER,"[""POWER#11""]",56.6,57.6,True,1
lifecycle,e70960269eec88da76c7fc94e6e135d06a464be3b3c58017f568e3e26a79d27a,20260916,0.11.0,72,supply,shipments,False,15,15,S12,O14,REGION_BASE,REGION,BASE,POWER,"[""POWER#4""]",56.7,57.2,True,1
lifecycle,e70960269eec88da76c7fc94e6e135d06a464be3b3c58017f568e3e26a79d27a,20260916,0.11.0,72,supply,shipments,False,15,15,S13,O15,CENTER_REGION,CENTER,REGION,POWER,"[""POWER#6""]",56.7,57.7,True,1
lifecycle,e70960269eec88da76c7fc94e6e135d06a464be3b3c58017f568e3e26a79d27a,20260916,0.11.0,72,supply,shipments,False,15,15,S14,O16,REGION_BASE,REGION,BASE,POWER,"[""POWER#11""]",60.7,61.2,True,1
lifecycle,e70960269eec88da76c7fc94e6e135d06a464be3b3c58017f568e3e26a79d27a,20260916,0.11.0,72,supply,shipments,False,15,15,S15,O17,CENTER_REGION,CENTER,REGION,POWER,"[""POWER#5""]",60.7,61.7,True,1
lifecycle,e70960269eec88da76c7fc94e6e135d06a464be3b3c58017f568e3e26a79d27a,20260916,0.11.0,73,supply,shipments,False,17,17,S1,O1,REGION_BASE,REGION,BASE,POWER,"[""POWER#1""]",0,0.5,True,1
lifecycle,e70960269eec88da76c7fc94e6e135d06a464be3b3c58017f568e3e26a79d27a,20260916,0.11.0,73,supply,shipments,False,17,17,S2,O1,CENTER_BASE,CENTER,BASE,POWER,"[""POWER#2""]",0,1.5,True,1
lifecycle,e70960269eec88da76c7fc94e6e135d06a464be3b3c58017f568e3e26a79d27a,20260916,0.11.0,73,supply,shipments,False,17,17,S3,O2,CENTER_REGION,CENTER,REGION,POWER,"[""POWER#7"", ""POWER#8""]",4.0,5.0,True,2
lifecycle,e70960269eec88da76c7fc94e6e135d06a464be3b3c58017f568e3e26a79d27a,20260916,0.11.0,73,supply,shipments,False,17,17,S4,O4,REGION_BASE,REGION,BASE,POWER,"[""POWER#7""]",14.261439124737848,14.761439124737848,True,1
lifecycle,e70960269eec88da76c7fc94e6e135d06a464be3b3c58017f568e3e26a79d27a,20260916,0.11.0,73,supply,shipments,False,17,17,S5,O5,CENTER_REGION,CENTER,REGION,POWER,"[""POWER#9""]",14.261439124737848,15.261439124737848,True,1
lifecycle,e70960269eec88da76c7fc94e6e135d06a464be3b3c58017f568e3e26a79d27a,20260916,0.11.0,73,supply,shipments,False,17,17,S6,O7,REGION_BASE,REGION,BASE,POWER,"[""POWER#8""]",32.800000000000004,33.300000000000004,True,1
lifecycle,e70960269eec88da76c7fc94e6e135d06a464be3b3c58017f568e3e26a79d27a,20260916,0.11.0,73,supply,shipments,False,17,17,S7,O8,CENTER_REGION,CENTER,REGION,POWER,"[""POWER#10""]",32.800000000000004,33.800000000000004,True,1
lifecycle,e70960269eec88da76c7fc94e6e135d06a464be3b3c58017f568e3e26a79d27a,20260916,0.11.0,73,supply,shipments,False,17,17,S8,O9,REGION_BASE,REGION,BASE,POWER,"[""POWER#9""]",36.7,37.2,True,1
lifecycle,e70960269eec88da76c7fc94e6e135d06a464be3b3c58017f568e3e26a79d27a,20260916,0.11.0,73,supply,shipments,False,17,17,S9,O10,CENTER_REGION,CENTER,REGION,POWER,"[""POWER#4""]",36.7,37.7,True,1
lifecycle,e70960269eec88da76c7fc94e6e135d06a464be3b3c58017f568e3e26a79d27a,20260916,0.11.0,73,supply,shipments,False,17,17,S10,O11,REGION_BASE,REGION,BASE,POWER,"[""POWER#10""]",40.6,41.1,True,1
lifecycle,e70960269eec88da76c7fc94e6e135d06a464be3b3c58017f568e3e26a79d27a,20260916,0.11.0,73,supply,shipments,False,17,17,S11,O12,CENTER_REGION,CENTER,REGION,POWER,"[""POWER#11""]",40.6,41.6,True,1
lifecycle,e70960269eec88da76c7fc94e6e135d06a464be3b3c58017f568e3e26a79d27a,20260916,0.11.0,73,supply,shipments,False,17,17,S12,O13,REGION_BASE,REGION,BASE,POWER,"[""POWER#4""]",60.7,61.2,True,1
lifecycle,e70960269eec88da76c7fc94e6e135d06a464be3b3c58017f568e3e26a79d27a,20260916,0.11.0,73,supply,shipments,False,17,17,S13,O14,CENTER_REGION,CENTER,REGION,POWER,"[""POWER#5""]",60.7,61.7,True,1
lifecycle,e70960269eec88da76c7fc94e6e135d06a464be3b3c58017f568e3e26a79d27a,20260916,0.11.0,73,supply,shipments,False,17,17,S14,O16,REGION_BASE,REGION,BASE,POWER,"[""POWER#11""]",64.6,65.1,True,1
lifecycle,e70960269eec88da76c7fc94e6e135d06a464be3b3c58017f568e3e26a79d27a,20260916,0.11.0,73,supply,shipments,False,17,17,S15,O17,CENTER_REGION,CENTER,REGION,POWER,"[""POWER#3""]",64.6,65.6,True,1
lifecycle,e70960269eec88da76c7fc94e6e135d06a464be3b3c58017f568e3e26a79d27a,20260916,0.11.0,73,supply,shipments,False,17,17,S16,O18,REGION_BASE,REGION,BASE,POWER,"[""POWER#5""]",64.69999999999999,65.19999999999999,True,1
lifecycle,e70960269eec88da76c7fc94e6e135d06a464be3b3c58017f568e3e26a79d27a,20260916,0.11.0,73,supply,shipments,False,17,17,S17,O19,CENTER_REGION,CENTER,REGION,POWER,"[""POWER#2""]",64.69999999999999,65.69999999999999,True,1
lifecycle,e70960269eec88da76c7fc94e6e135d06a464be3b3c58017f568e3e26a79d27a,20260916,0.11.0,74,supply,shipments,False,11,11,S1,O1,REGION_BASE,REGION,BASE,POWER,"[""POWER#1""]",0,0.5,True,1
lifecycle,e70960269eec88da76c7fc94e6e135d06a464be3b3c58017f568e3e26a79d27a,20260916,0.11.0,74,supply,shipments,False,11,11,S2,O1,CENTER_BASE,CENTER,BASE,POWER,"[""POWER#2""]",0,1.5,True,1
lifecycle,e70960269eec88da76c7fc94e6e135d06a464be3b3c58017f568e3e26a79d27a,20260916,0.11.0,74,supply,shipments,False,11,11,S3,O2,CENTER_REGION,CENTER,REGION,POWER,"[""POWER#7"", ""POWER#8""]",4.0,5.0,True,2
lifecycle,e70960269eec88da76c7fc94e6e135d06a464be3b3c58017f568e3e26a79d27a,20260916,0.11.0,74,supply,shipments,False,11,11,S4,O4,REGION_BASE,REGION,BASE,POWER,"[""POWER#7""]",32.7,33.2,True,1
lifecycle,e70960269eec88da76c7fc94e6e135d06a464be3b3c58017f568e3e26a79d27a,20260916,0.11.0,74,supply,shipments,False,11,11,S5,O5,CENTER_REGION,CENTER,REGION,POWER,"[""POWER#9""]",32.7,33.7,True,1
lifecycle,e70960269eec88da76c7fc94e6e135d06a464be3b3c58017f568e3e26a79d27a,20260916,0.11.0,74,supply,shipments,False,11,11,S6,O7,REGION_BASE,REGION,BASE,POWER,"[""POWER#8"", ""POWER#9""]",36.6,37.1,True,2
lifecycle,e70960269eec88da76c7fc94e6e135d06a464be3b3c58017f568e3e26a79d27a,20260916,0.11.0,74,supply,shipments,False,11,11,S7,O8,CENTER_REGION,CENTER,REGION,POWER,"[""POWER#10"", ""POWER#6""]",36.6,37.6,True,2
lifecycle,e70960269eec88da76c7fc94e6e135d06a464be3b3c58017f568e3e26a79d27a,20260916,0.11.0,74,supply,shipments,False,11,11,S8,O10,REGION_BASE,REGION,BASE,POWER,"[""POWER#10""]",40.6,41.1,True,1
lifecycle,e70960269eec88da76c7fc94e6e135d06a464be3b3c58017f568e3e26a79d27a,20260916,0.11.0,74,supply,shipments,False,11,11,S9,O11,CENTER_REGION,CENTER,REGION,POWER,"[""POWER#11""]",40.6,41.6,True,1
lifecycle,e70960269eec88da76c7fc94e6e135d06a464be3b3c58017f568e3e26a79d27a,20260916,0.11.0,74,supply,shipments,False,11,11,S10,O13,REGION_BASE,REGION,BASE,POWER,"[""POWER#6""]",60.7,61.2,True,1
lifecycle,e70960269eec88da76c7fc94e6e135d06a464be3b3c58017f568e3e26a79d27a,20260916,0.11.0,74,supply,shipments,False,11,11,S11,O14,CENTER_REGION,CENTER,REGION,POWER,"[""POWER#12""]",60.7,61.7,True,1
lifecycle,e70960269eec88da76c7fc94e6e135d06a464be3b3c58017f568e3e26a79d27a,20260916,0.11.0,75,supply,shipments,False,15,15,S1,O1,REGION_BASE,REGION,BASE,POWER,"[""POWER#1""]",0,0.5,True,1
lifecycle,e70960269eec88da76c7fc94e6e135d06a464be3b3c58017f568e3e26a79d27a,20260916,0.11.0,75,supply,shipments,False,15,15,S2,O1,CENTER_BASE,CENTER,BASE,POWER,"[""POWER#2""]",0,1.5,True,1
lifecycle,e70960269eec88da76c7fc94e6e135d06a464be3b3c58017f568e3e26a79d27a,20260916,0.11.0,75,supply,shipments,False,15,15,S3,O2,CENTER_REGION,CENTER,REGION,POWER,"[""POWER#7"", ""POWER#8""]",4.0,5.0,True,2
lifecycle,e70960269eec88da76c7fc94e6e135d06a464be3b3c58017f568e3e26a79d27a,20260916,0.11.0,75,supply,shipments,False,15,15,S4,O4,REGION_BASE,REGION,BASE,POWER,"[""POWER#7""]",16.700000000000003,17.200000000000003,True,1
lifecycle,e70960269eec88da76c7fc94e6e135d06a464be3b3c58017f568e3e26a79d27a,20260916,0.11.0,75,supply,shipments,False,15,15,S5,O5,CENTER_REGION,CENTER,REGION,POWER,"[""POWER#9""]",16.700000000000003,17.700000000000003,True,1
lifecycle,e70960269eec88da76c7fc94e6e135d06a464be3b3c58017f568e3e26a79d27a,20260916,0.11.0,75,supply,shipments,False,15,15,S6,O7,REGION_BASE,REGION,BASE,POWER,"[""POWER#8""]",36.6,37.1,True,1
lifecycle,e70960269eec88da76c7fc94e6e135d06a464be3b3c58017f568e3e26a79d27a,20260916,0.11.0,75,supply,shipments,False,15,15,S7,O8,CENTER_REGION,CENTER,REGION,POWER,"[""POWER#10""]",36.6,37.6,True,1
lifecycle,e70960269eec88da76c7fc94e6e135d06a464be3b3c58017f568e3e26a79d27a,20260916,0.11.0,75,supply,shipments,False,15,15,S8,O9,REGION_BASE,REGION,BASE,POWER,"[""POWER#9"", ""POWER#10""]",40.6,41.1,True,2
lifecycle,e70960269eec88da76c7fc94e6e135d06a464be3b3c58017f568e3e26a79d27a,20260916,0.11.0,75,supply,shipments,False,15,15,S9,O10,CENTER_REGION,CENTER,REGION,POWER,"[""POWER#3"", ""POWER#11""]",40.6,41.6,True,2
lifecycle,e70960269eec88da76c7fc94e6e135d06a464be3b3c58017f568e3e26a79d27a,20260916,0.11.0,75,supply,shipments,False,15,15,S10,O12,REGION_BASE,REGION,BASE,POWER,"[""POWER#3""]",56.7,57.2,True,1
lifecycle,e70960269eec88da76c7fc94e6e135d06a464be3b3c58017f568e3e26a79d27a,20260916,0.11.0,75,supply,shipments,False,15,15,S11,O13,CENTER_REGION,CENTER,REGION,POWER,"[""POWER#12""]",56.7,57.7,True,1
lifecycle,e70960269eec88da76c7fc94e6e135d06a464be3b3c58017f568e3e26a79d27a,20260916,0.11.0,75,supply,shipments,False,15,15,S12,O15,REGION_BASE,REGION,BASE,POWER,"[""POWER#11""]",60.36936649620658,60.86936649620658,True,1
lifecycle,e70960269eec88da76c7fc94e6e135d06a464be3b3c58017f568e3e26a79d27a,20260916,0.11.0,75,supply,shipments,False,15,15,S13,O16,CENTER_REGION,CENTER,REGION,POWER,"[""POWER#13""]",60.36936649620658,61.36936649620658,True,1
lifecycle,e70960269eec88da76c7fc94e6e135d06a464be3b3c58017f568e3e26a79d27a,20260916,0.11.0,75,supply,shipments,False,15,15,S14,O17,REGION_BASE,REGION,BASE,POWER,"[""POWER#12""]",64.69999999999999,65.19999999999999,True,1
lifecycle,e70960269eec88da76c7fc94e6e135d06a464be3b3c58017f568e3e26a79d27a,20260916,0.11.0,75,supply,shipments,False,15,15,S15,O18,CENTER_REGION,CENTER,REGION,POWER,"[""POWER#1""]",64.69999999999999,65.69999999999999,True,1
lifecycle,e70960269eec88da76c7fc94e6e135d06a464be3b3c58017f568e3e26a79d27a,20260916,0.11.0,76,supply,shipments,False,11,11,S1,O1,REGION_BASE,REGION,BASE,POWER,"[""POWER#1""]",0,0.5,True,1
lifecycle,e70960269eec88da76c7fc94e6e135d06a464be3b3c58017f568e3e26a79d27a,20260916,0.11.0,76,supply,shipments,False,11,11,S2,O1,CENTER_BASE,CENTER,BASE,POWER,"[""POWER#2""]",0,1.5,True,1
lifecycle,e70960269eec88da76c7fc94e6e135d06a464be3b3c58017f568e3e26a79d27a,20260916,0.11.0,76,supply,shipments,False,11,11,S3,O2,CENTER_REGION,CENTER,REGION,POWER,"[""POWER#7"", ""POWER#8""]",4.0,5.0,True,2
lifecycle,e70960269eec88da76c7fc94e6e135d06a464be3b3c58017f568e3e26a79d27a,20260916,0.11.0,76,supply,shipments,False,11,11,S4,O4,REGION_BASE,REGION,BASE,POWER,"[""POWER#7"", ""POWER#8""]",36.6,37.1,True,2
lifecycle,e70960269eec88da76c7fc94e6e135d06a464be3b3c58017f568e3e26a79d27a,20260916,0.11.0,76,supply,shipments,False,11,11,S5,O5,CENTER_REGION,CENTER,REGION,POWER,"[""POWER#9"", ""POWER#10""]",36.6,37.6,True,2
lifecycle,e70960269eec88da76c7fc94e6e135d06a464be3b3c58017f568e3e26a79d27a,20260916,0.11.0,76,supply,shipments,False,11,11,S6,O7,REGION_BASE,REGION,BASE,POWER,"[""POWER#9"", ""POWER#10""]",40.6,41.1,True,2
lifecycle,e70960269eec88da76c7fc94e6e135d06a464be3b3c58017f568e3e26a79d27a,20260916,0.11.0,76,supply,shipments,False,11,11,S7,O8,CENTER_REGION,CENTER,REGION,POWER,"[""POWER#11"", ""POWER#12""]",40.6,41.6,True,2
lifecycle,e70960269eec88da76c7fc94e6e135d06a464be3b3c58017f568e3e26a79d27a,20260916,0.11.0,76,supply,shipments,False,11,11,S8,O10,REGION_BASE,REGION,BASE,POWER,"[""POWER#11""]",64.69999999999999,65.19999999999999,True,1
lifecycle,e70960269eec88da76c7fc94e6e135d06a464be3b3c58017f568e3e26a79d27a,20260916,0.11.0,76,supply,shipments,False,11,11,S9,O11,CENTER_REGION,CENTER,REGION,POWER,"[""POWER#13""]",64.69999999999999,65.69999999999999,True,1
lifecycle,e70960269eec88da76c7fc94e6e135d06a464be3b3c58017f568e3e26a79d27a,20260916,0.11.0,76,supply,shipments,False,11,11,S10,O13,REGION_BASE,REGION,BASE,POWER,"[""POWER#12""]",64.79999999999998,65.29999999999998,True,1
lifecycle,e70960269eec88da76c7fc94e6e135d06a464be3b3c58017f568e3e26a79d27a,20260916,0.11.0,76,supply,shipments,False,11,11,S11,O14,CENTER_REGION,CENTER,REGION,POWER,"[""POWER#14""]",64.79999999999998,65.79999999999998,True,1
lifecycle,e70960269eec88da76c7fc94e6e135d06a464be3b3c58017f568e3e26a79d27a,20260916,0.11.0,77,supply,shipments,False,17,17,S1,O1,REGION_BASE,REGION,BASE,POWER,"[""POWER#1""]",0,0.5,True,1
lifecycle,e70960269eec88da76c7fc94e6e135d06a464be3b3c58017f568e3e26a79d27a,20260916,0.11.0,77,supply,shipments,False,17,17,S2,O1,CENTER_BASE,CENTER,BASE,POWER,"[""POWER#2""]",0,1.5,True,1
lifecycle,e70960269eec88da76c7fc94e6e135d06a464be3b3c58017f568e3e26a79d27a,20260916,0.11.0,77,supply,shipments,False,17,17,S3,O2,CENTER_REGION,CENTER,REGION,POWER,"[""POWER#7"", ""POWER#8""]",4.0,5.0,True,2
lifecycle,e70960269eec88da76c7fc94e6e135d06a464be3b3c58017f568e3e26a79d27a,20260916,0.11.0,77,supply,shipments,False,17,17,S4,O4,REGION_BASE,REGION,BASE,POWER,"[""POWER#7""]",16.700000000000003,17.200000000000003,True,1
lifecycle,e70960269eec88da76c7fc94e6e135d06a464be3b3c58017f568e3e26a79d27a,20260916,0.11.0,77,supply,shipments,False,17,17,S5,O5,CENTER_REGION,CENTER,REGION,POWER,"[""POWER#9""]",16.700000000000003,17.700000000000003,True,1
lifecycle,e70960269eec88da76c7fc94e6e135d06a464be3b3c58017f568e3e26a79d27a,20260916,0.11.0,77,supply,shipments,False,17,17,S6,O7,REGION_BASE,REGION,BASE,POWER,"[""POWER#8""]",16.800000000000004,17.300000000000004,True,1
lifecycle,e70960269eec88da76c7fc94e6e135d06a464be3b3c58017f568e3e26a79d27a,20260916,0.11.0,77,supply,shipments,False,17,17,S7,O8,CENTER_REGION,CENTER,REGION,POWER,"[""POWER#10""]",16.800000000000004,17.800000000000004,True,1
lifecycle,e70960269eec88da76c7fc94e6e135d06a464be3b3c58017f568e3e26a79d27a,20260916,0.11.0,77,supply,shipments,False,17,17,S8,O10,REGION_BASE,REGION,BASE,POWER,"[""POWER#9""]",32.13395419637033,32.63395419637033,True,1
lifecycle,e70960269eec88da76c7fc94e6e135d06a464be3b3c58017f568e3e26a79d27a,20260916,0.11.0,77,supply,shipments,False,17,17,S9,O11,CENTER_REGION,CENTER,REGION,POWER,"[""POWER#4""]",32.13395419637033,33.13395419637033,True,1
lifecycle,e70960269eec88da76c7fc94e6e135d06a464be3b3c58017f568e3e26a79d27a,20260916,0.11.0,77,supply,shipments,False,17,17,S10,O12,REGION_BASE,REGION,BASE,POWER,"[""POWER#10""]",40.6,41.1,True,1
lifecycle,e70960269eec88da76c7fc94e6e135d06a464be3b3c58017f568e3e26a79d27a,20260916,0.11.0,77,supply,shipments,False,17,17,S11,O13,CENTER_REGION,CENTER,REGION,POWER,"[""POWER#3""]",40.6,41.6,True,1
lifecycle,e70960269eec88da76c7fc94e6e135d06a464be3b3c58017f568e3e26a79d27a,20260916,0.11.0,77,supply,shipments,False,17,17,S12,O14,REGION_BASE,REGION,BASE,POWER,"[""POWER#4""]",56.7,57.2,True,1
lifecycle,e70960269eec88da76c7fc94e6e135d06a464be3b3c58017f568e3e26a79d27a,20260916,0.11.0,77,supply,shipments,False,17,17,S13,O15,CENTER_REGION,CENTER,REGION,POWER,"[""POWER#11""]",56.7,57.7,True,1
lifecycle,e70960269eec88da76c7fc94e6e135d06a464be3b3c58017f568e3e26a79d27a,20260916,0.11.0,77,supply,shipments,False,17,17,S14,O16,REGION_BASE,REGION,BASE,POWER,"[""POWER#3""]",56.800000000000004,57.300000000000004,True,1
lifecycle,e70960269eec88da76c7fc94e6e135d06a464be3b3c58017f568e3e26a79d27a,20260916,0.11.0,77,supply,shipments,False,17,17,S15,O17,CENTER_REGION,CENTER,REGION,POWER,"[""POWER#12""]",56.800000000000004,57.800000000000004,True,1
lifecycle,e70960269eec88da76c7fc94e6e135d06a464be3b3c58017f568e3e26a79d27a,20260916,0.11.0,77,supply,shipments,False,17,17,S16,O19,REGION_BASE,REGION,BASE,POWER,"[""POWER#11""]",60.7,61.2,True,1
lifecycle,e70960269eec88da76c7fc94e6e135d06a464be3b3c58017f568e3e26a79d27a,20260916,0.11.0,77,supply,shipments,False,17,17,S17,O20,CENTER_REGION,CENTER,REGION,POWER,"[""POWER#5""]",60.7,61.7,True,1
lifecycle,e70960269eec88da76c7fc94e6e135d06a464be3b3c58017f568e3e26a79d27a,20260916,0.11.0,78,supply,shipments,False,15,15,S1,O1,REGION_BASE,REGION,BASE,POWER,"[""POWER#1""]",0,0.5,True,1
lifecycle,e70960269eec88da76c7fc94e6e135d06a464be3b3c58017f568e3e26a79d27a,20260916,0.11.0,78,supply,shipments,False,15,15,S2,O1,CENTER_BASE,CENTER,BASE,POWER,"[""POWER#2""]",0,1.5,True,1
lifecycle,e70960269eec88da76c7fc94e6e135d06a464be3b3c58017f568e3e26a79d27a,20260916,0.11.0,78,supply,shipments,False,15,15,S3,O2,CENTER_REGION,CENTER,REGION,POWER,"[""POWER#7"", ""POWER#8""]",4.0,5.0,True,2
lifecycle,e70960269eec88da76c7fc94e6e135d06a464be3b3c58017f568e3e26a79d27a,20260916,0.11.0,78,supply,shipments,False,15,15,S4,O4,REGION_BASE,REGION,BASE,POWER,"[""POWER#7""]",16.700000000000003,17.200000000000003,True,1
lifecycle,e70960269eec88da76c7fc94e6e135d06a464be3b3c58017f568e3e26a79d27a,20260916,0.11.0,78,supply,shipments,False,15,15,S5,O5,CENTER_REGION,CENTER,REGION,POWER,"[""POWER#9""]",16.700000000000003,17.700000000000003,True,1
lifecycle,e70960269eec88da76c7fc94e6e135d06a464be3b3c58017f568e3e26a79d27a,20260916,0.11.0,78,supply,shipments,False,15,15,S6,O7,REGION_BASE,REGION,BASE,POWER,"[""POWER#8""]",16.800000000000004,17.300000000000004,True,1
lifecycle,e70960269eec88da76c7fc94e6e135d06a464be3b3c58017f568e3e26a79d27a,20260916,0.11.0,78,supply,shipments,False,15,15,S7,O8,CENTER_REGION,CENTER,REGION,POWER,"[""POWER#10""]",16.800000000000004,17.800000000000004,True,1
lifecycle,e70960269eec88da76c7fc94e6e135d06a464be3b3c58017f568e3e26a79d27a,20260916,0.11.0,78,supply,shipments,False,15,15,S8,O10,REGION_BASE,REGION,BASE,POWER,"[""POWER#9""]",32.7,33.2,True,1
lifecycle,e70960269eec88da76c7fc94e6e135d06a464be3b3c58017f568e3e26a79d27a,20260916,0.11.0,78,supply,shipments,False,15,15,S9,O11,CENTER_REGION,CENTER,REGION,POWER,"[""POWER#4""]",32.7,33.7,True,1
lifecycle,e70960269eec88da76c7fc94e6e135d06a464be3b3c58017f568e3e26a79d27a,20260916,0.11.0,78,supply,shipments,False,15,15,S10,O12,REGION_BASE,REGION,BASE,POWER,"[""POWER#10""]",32.800000000000004,33.300000000000004,True,1
lifecycle,e70960269eec88da76c7fc94e6e135d06a464be3b3c58017f568e3e26a79d27a,20260916,0.11.0,78,supply,shipments,False,15,15,S11,O13,CENTER_REGION,CENTER,REGION,POWER,"[""POWER#3""]",32.800000000000004,33.800000000000004,True,1
lifecycle,e70960269eec88da76c7fc94e6e135d06a464be3b3c58017f568e3e26a79d27a,20260916,0.11.0,78,supply,shipments,False,15,15,S12,O14,REGION_BASE,REGION,BASE,POWER,"[""POWER#4""]",56.800000000000004,57.300000000000004,True,1
lifecycle,e70960269eec88da76c7fc94e6e135d06a464be3b3c58017f568e3e26a79d27a,20260916,0.11.0,78,supply,shipments,False,15,15,S13,O15,CENTER_REGION,CENTER,REGION,POWER,"[""POWER#11""]",56.800000000000004,57.800000000000004,True,1
lifecycle,e70960269eec88da76c7fc94e6e135d06a464be3b3c58017f568e3e26a79d27a,20260916,0.11.0,78,supply,shipments,False,15,15,S14,O16,REGION_BASE,REGION,BASE,POWER,"[""POWER#3""]",64.6,65.1,True,1
lifecycle,e70960269eec88da76c7fc94e6e135d06a464be3b3c58017f568e3e26a79d27a,20260916,0.11.0,78,supply,shipments,False,15,15,S15,O17,CENTER_REGION,CENTER,REGION,POWER,"[""POWER#12""]",64.6,65.6,True,1
lifecycle,e70960269eec88da76c7fc94e6e135d06a464be3b3c58017f568e3e26a79d27a,20260916,0.11.0,79,supply,shipments,False,13,13,S1,O1,REGION_BASE,REGION,BASE,POWER,"[""POWER#1""]",0,0.5,True,1
lifecycle,e70960269eec88da76c7fc94e6e135d06a464be3b3c58017f568e3e26a79d27a,20260916,0.11.0,79,supply,shipments,False,13,13,S2,O1,CENTER_BASE,CENTER,BASE,POWER,"[""POWER#2""]",0,1.5,True,1
lifecycle,e70960269eec88da76c7fc94e6e135d06a464be3b3c58017f568e3e26a79d27a,20260916,0.11.0,79,supply,shipments,False,13,13,S3,O2,CENTER_REGION,CENTER,REGION,POWER,"[""POWER#7"", ""POWER#8""]",4.0,5.0,True,2
lifecycle,e70960269eec88da76c7fc94e6e135d06a464be3b3c58017f568e3e26a79d27a,20260916,0.11.0,79,supply,shipments,False,13,13,S4,O4,REGION_BASE,REGION,BASE,POWER,"[""POWER#7""]",32.7,33.2,True,1
lifecycle,e70960269eec88da76c7fc94e6e135d06a464be3b3c58017f568e3e26a79d27a,20260916,0.11.0,79,supply,shipments,False,13,13,S5,O5,CENTER_REGION,CENTER,REGION,POWER,"[""POWER#9""]",32.7,33.7,True,1
lifecycle,e70960269eec88da76c7fc94e6e135d06a464be3b3c58017f568e3e26a79d27a,20260916,0.11.0,79,supply,shipments,False,13,13,S6,O7,REGION_BASE,REGION,BASE,POWER,"[""POWER#8"", ""POWER#9""]",36.6,37.1,True,2
lifecycle,e70960269eec88da76c7fc94e6e135d06a464be3b3c58017f568e3e26a79d27a,20260916,0.11.0,79,supply,shipments,False,13,13,S7,O8,CENTER_REGION,CENTER,REGION,POWER,"[""POWER#10"", ""POWER#6""]",36.6,37.6,True,2
lifecycle,e70960269eec88da76c7fc94e6e135d06a464be3b3c58017f568e3e26a79d27a,20260916,0.11.0,79,supply,shipments,False,13,13,S8,O10,REGION_BASE,REGION,BASE,POWER,"[""POWER#10""]",40.6,41.1,True,1
lifecycle,e70960269eec88da76c7fc94e6e135d06a464be3b3c58017f568e3e26a79d27a,20260916,0.11.0,79,supply,shipments,False,13,13,S9,O11,CENTER_REGION,CENTER,REGION,POWER,"[""POWER#11""]",40.6,41.6,True,1
lifecycle,e70960269eec88da76c7fc94e6e135d06a464be3b3c58017f568e3e26a79d27a,20260916,0.11.0,79,supply,shipments,False,13,13,S10,O13,REGION_BASE,REGION,BASE,POWER,"[""POWER#6""]",63.2646846147689,63.7646846147689,True,1
lifecycle,e70960269eec88da76c7fc94e6e135d06a464be3b3c58017f568e3e26a79d27a,20260916,0.11.0,79,supply,shipments,False,13,13,S11,O14,CENTER_REGION,CENTER,REGION,POWER,"[""POWER#12""]",63.2646846147689,64.2646846147689,True,1
lifecycle,e70960269eec88da76c7fc94e6e135d06a464be3b3c58017f568e3e26a79d27a,20260916,0.11.0,79,supply,shipments,False,13,13,S12,O16,REGION_BASE,REGION,BASE,POWER,"[""POWER#11""]",63.364684614768905,63.864684614768905,True,1
lifecycle,e70960269eec88da76c7fc94e6e135d06a464be3b3c58017f568e3e26a79d27a,20260916,0.11.0,79,supply,shipments,False,13,13,S13,O17,CENTER_REGION,CENTER,REGION,POWER,"[""POWER#13""]",63.364684614768905,64.3646846147689,True,1
lifecycle,e70960269eec88da76c7fc94e6e135d06a464be3b3c58017f568e3e26a79d27a,20260916,0.11.0,80,supply,shipments,False,11,11,S1,O1,REGION_BASE,REGION,BASE,POWER,"[""POWER#1""]",0,0.5,True,1
lifecycle,e70960269eec88da76c7fc94e6e135d06a464be3b3c58017f568e3e26a79d27a,20260916,0.11.0,80,supply,shipments,False,11,11,S2,O1,CENTER_BASE,CENTER,BASE,POWER,"[""POWER#2""]",0,1.5,True,1
lifecycle,e70960269eec88da76c7fc94e6e135d06a464be3b3c58017f568e3e26a79d27a,20260916,0.11.0,80,supply,shipments,False,11,11,S3,O2,CENTER_REGION,CENTER,REGION,POWER,"[""POWER#7"", ""POWER#8""]",4.0,5.0,True,2
lifecycle,e70960269eec88da76c7fc94e6e135d06a464be3b3c58017f568e3e26a79d27a,20260916,0.11.0,80,supply,shipments,False,11,11,S4,O4,REGION_BASE,REGION,BASE,POWER,"[""POWER#7""]",16.04108967580516,16.54108967580516,True,1
lifecycle,e70960269eec88da76c7fc94e6e135d06a464be3b3c58017f568e3e26a79d27a,20260916,0.11.0,80,supply,shipments,False,11,11,S5,O5,CENTER_REGION,CENTER,REGION,POWER,"[""POWER#9""]",16.04108967580516,17.04108967580516,True,1
lifecycle,e70960269eec88da76c7fc94e6e135d06a464be3b3c58017f568e3e26a79d27a,20260916,0.11.0,80,supply,shipments,False,11,11,S6,O7,REGION_BASE,REGION,BASE,POWER,"[""POWER#8""]",36.7,37.2,True,1
lifecycle,e70960269eec88da76c7fc94e6e135d06a464be3b3c58017f568e3e26a79d27a,20260916,0.11.0,80,supply,shipments,False,11,11,S7,O8,CENTER_REGION,CENTER,REGION,POWER,"[""POWER#10""]",36.7,37.7,True,1
lifecycle,e70960269eec88da76c7fc94e6e135d06a464be3b3c58017f568e3e26a79d27a,20260916,0.11.0,80,supply,shipments,False,11,11,S8,O9,REGION_BASE,REGION,BASE,POWER,"[""POWER#9"", ""POWER#10""]",40.6,41.1,True,2
lifecycle,e70960269eec88da76c7fc94e6e135d06a464be3b3c58017f568e3e26a79d27a,20260916,0.11.0,80,supply,shipments,False,11,11,S9,O10,CENTER_REGION,CENTER,REGION,POWER,"[""POWER#3"", ""POWER#11""]",40.6,41.6,True,2
lifecycle,e70960269eec88da76c7fc94e6e135d06a464be3b3c58017f568e3e26a79d27a,20260916,0.11.0,80,supply,shipments,False,11,11,S10,O12,REGION_BASE,REGION,BASE,POWER,"[""POWER#3""]",64.6,65.1,True,1
lifecycle,e70960269eec88da76c7fc94e6e135d06a464be3b3c58017f568e3e26a79d27a,20260916,0.11.0,80,supply,shipments,False,11,11,S11,O13,CENTER_REGION,CENTER,REGION,POWER,"[""POWER#4""]",64.6,65.6,True,1
lifecycle,e70960269eec88da76c7fc94e6e135d06a464be3b3c58017f568e3e26a79d27a,20260916,0.11.0,81,supply,shipments,False,15,15,S1,O1,REGION_BASE,REGION,BASE,POWER,"[""POWER#1""]",0,0.5,True,1
lifecycle,e70960269eec88da76c7fc94e6e135d06a464be3b3c58017f568e3e26a79d27a,20260916,0.11.0,81,supply,shipments,False,15,15,S2,O1,CENTER_BASE,CENTER,BASE,POWER,"[""POWER#2""]",0,1.5,True,1
lifecycle,e70960269eec88da76c7fc94e6e135d06a464be3b3c58017f568e3e26a79d27a,20260916,0.11.0,81,supply,shipments,False,15,15,S3,O2,CENTER_REGION,CENTER,REGION,POWER,"[""POWER#7"", ""POWER#8""]",4.0,5.0,True,2
lifecycle,e70960269eec88da76c7fc94e6e135d06a464be3b3c58017f568e3e26a79d27a,20260916,0.11.0,81,supply,shipments,False,15,15,S4,O4,REGION_BASE,REGION,BASE,POWER,"[""POWER#7""]",16.700000000000003,17.200000000000003,True,1
lifecycle,e70960269eec88da76c7fc94e6e135d06a464be3b3c58017f568e3e26a79d27a,20260916,0.11.0,81,supply,shipments,False,15,15,S5,O5,CENTER_REGION,CENTER,REGION,POWER,"[""POWER#9""]",16.700000000000003,17.700000000000003,True,1
lifecycle,e70960269eec88da76c7fc94e6e135d06a464be3b3c58017f568e3e26a79d27a,20260916,0.11.0,81,supply,shipments,False,15,15,S6,O7,REGION_BASE,REGION,BASE,POWER,"[""POWER#8""]",16.800000000000004,17.300000000000004,True,1
lifecycle,e70960269eec88da76c7fc94e6e135d06a464be3b3c58017f568e3e26a79d27a,20260916,0.11.0,81,supply,shipments,False,15,15,S7,O8,CENTER_REGION,CENTER,REGION,POWER,"[""POWER#10""]",16.800000000000004,17.800000000000004,True,1
lifecycle,e70960269eec88da76c7fc94e6e135d06a464be3b3c58017f568e3e26a79d27a,20260916,0.11.0,81,supply,shipments,False,15,15,S8,O10,REGION_BASE,REGION,BASE,POWER,"[""POWER#9""]",32.800000000000004,33.300000000000004,True,1
lifecycle,e70960269eec88da76c7fc94e6e135d06a464be3b3c58017f568e3e26a79d27a,20260916,0.11.0,81,supply,shipments,False,15,15,S9,O11,CENTER_REGION,CENTER,REGION,POWER,"[""POWER#4""]",32.800000000000004,33.800000000000004,True,1
lifecycle,e70960269eec88da76c7fc94e6e135d06a464be3b3c58017f568e3e26a79d27a,20260916,0.11.0,81,supply,shipments,False,15,15,S10,O12,REGION_BASE,REGION,BASE,POWER,"[""POWER#10""]",39.10778590811812,39.60778590811812,True,1
lifecycle,e70960269eec88da76c7fc94e6e135d06a464be3b3c58017f568e3e26a79d27a,20260916,0.11.0,81,supply,shipments,False,15,15,S11,O13,CENTER_REGION,CENTER,REGION,POWER,"[""POWER#3""]",39.10778590811812,40.10778590811812,True,1
lifecycle,e70960269eec88da76c7fc94e6e135d06a464be3b3c58017f568e3e26a79d27a,20260916,0.11.0,81,supply,shipments,False,15,15,S12,O14,REGION_BASE,REGION,BASE,POWER,"[""POWER#4""]",56.7,57.2,True,1
lifecycle,e70960269eec88da76c7fc94e6e135d06a464be3b3c58017f568e3e26a79d27a,20260916,0.11.0,81,supply,shipments,False,15,15,S13,O15,CENTER_REGION,CENTER,REGION,POWER,"[""POWER#11""]",56.7,57.7,True,1
lifecycle,e70960269eec88da76c7fc94e6e135d06a464be3b3c58017f568e3e26a79d27a,20260916,0.11.0,81,supply,shipments,False,15,15,S14,O16,REGION_BASE,REGION,BASE,POWER,"[""POWER#3""]",64.6,65.1,True,1
lifecycle,e70960269eec88da76c7fc94e6e135d06a464be3b3c58017f568e3e26a79d27a,20260916,0.11.0,81,supply,shipments,False,15,15,S15,O17,CENTER_REGION,CENTER,REGION,POWER,"[""POWER#12""]",64.6,65.6,True,1
lifecycle,e70960269eec88da76c7fc94e6e135d06a464be3b3c58017f568e3e26a79d27a,20260916,0.11.0,82,supply,shipments,False,15,15,S1,O1,REGION_BASE,REGION,BASE,POWER,"[""POWER#1""]",0,0.5,True,1
lifecycle,e70960269eec88da76c7fc94e6e135d06a464be3b3c58017f568e3e26a79d27a,20260916,0.11.0,82,supply,shipments,False,15,15,S2,O1,CENTER_BASE,CENTER,BASE,POWER,"[""POWER#2""]",0,1.5,True,1
lifecycle,e70960269eec88da76c7fc94e6e135d06a464be3b3c58017f568e3e26a79d27a,20260916,0.11.0,82,supply,shipments,False,15,15,S3,O2,CENTER_REGION,CENTER,REGION,POWER,"[""POWER#7"", ""POWER#8""]",4.0,5.0,True,2
lifecycle,e70960269eec88da76c7fc94e6e135d06a464be3b3c58017f568e3e26a79d27a,20260916,0.11.0,82,supply,shipments,False,15,15,S4,O4,REGION_BASE,REGION,BASE,POWER,"[""POWER#7""]",16.700000000000003,17.200000000000003,True,1
lifecycle,e70960269eec88da76c7fc94e6e135d06a464be3b3c58017f568e3e26a79d27a,20260916,0.11.0,82,supply,shipments,False,15,15,S5,O5,CENTER_REGION,CENTER,REGION,POWER,"[""POWER#9""]",16.700000000000003,17.700000000000003,True,1
lifecycle,e70960269eec88da76c7fc94e6e135d06a464be3b3c58017f568e3e26a79d27a,20260916,0.11.0,82,supply,shipments,False,15,15,S6,O7,REGION_BASE,REGION,BASE,POWER,"[""POWER#8""]",31.32408601533359,31.82408601533359,True,1
lifecycle,e70960269eec88da76c7fc94e6e135d06a464be3b3c58017f568e3e26a79d27a,20260916,0.11.0,82,supply,shipments,False,15,15,S7,O8,CENTER_REGION,CENTER,REGION,POWER,"[""POWER#10""]",31.32408601533359,32.32408601533359,True,1
lifecycle,e70960269eec88da76c7fc94e6e135d06a464be3b3c58017f568e3e26a79d27a,20260916,0.11.0,82,supply,shipments,False,15,15,S8,O9,REGION_BASE,REGION,BASE,POWER,"[""POWER#9""]",36.6,37.1,True,1
lifecycle,e70960269eec88da76c7fc94e6e135d06a464be3b3c58017f568e3e26a79d27a,20260916,0.11.0,82,supply,shipments,False,15,15,S9,O10,CENTER_REGION,CENTER,REGION,POWER,"[""POWER#3""]",36.6,37.6,True,1
lifecycle,e70960269eec88da76c7fc94e6e135d06a464be3b3c58017f568e3e26a79d27a,20260916,0.11.0,82,supply,shipments,False,15,15,S10,O11,REGION_BASE,REGION,BASE,POWER,"[""POWER#10""]",40.6,41.1,True,1
lifecycle,e70960269eec88da76c7fc94e6e135d06a464be3b3c58017f568e3e26a79d27a,20260916,0.11.0,82,supply,shipments,False,15,15,S11,O12,CENTER_REGION,CENTER,REGION,POWER,"[""POWER#11""]",40.6,41.6,True,1
lifecycle,e70960269eec88da76c7fc94e6e135d06a464be3b3c58017f568e3e26a79d27a,20260916,0.11.0,82,supply,shipments,False,15,15,S12,O14,REGION_BASE,REGION,BASE,POWER,"[""POWER#3""]",64.6,65.1,True,1
lifecycle,e70960269eec88da76c7fc94e6e135d06a464be3b3c58017f568e3e26a79d27a,20260916,0.11.0,82,supply,shipments,False,15,15,S13,O15,CENTER_REGION,CENTER,REGION,POWER,"[""POWER#5""]",64.6,65.6,True,1
lifecycle,e70960269eec88da76c7fc94e6e135d06a464be3b3c58017f568e3e26a79d27a,20260916,0.11.0,82,supply,shipments,False,15,15,S14,O17,REGION_BASE,REGION,BASE,POWER,"[""POWER#11""]",64.69999999999999,65.19999999999999,True,1
lifecycle,e70960269eec88da76c7fc94e6e135d06a464be3b3c58017f568e3e26a79d27a,20260916,0.11.0,82,supply,shipments,False,15,15,S15,O18,CENTER_REGION,CENTER,REGION,POWER,"[""POWER#12""]",64.69999999999999,65.69999999999999,True,1
lifecycle,e70960269eec88da76c7fc94e6e135d06a464be3b3c58017f568e3e26a79d27a,20260916,0.11.0,83,supply,shipments,False,15,15,S1,O1,REGION_BASE,REGION,BASE,POWER,"[""POWER#1""]",0,0.5,True,1
lifecycle,e70960269eec88da76c7fc94e6e135d06a464be3b3c58017f568e3e26a79d27a,20260916,0.11.0,83,supply,shipments,False,15,15,S2,O1,CENTER_BASE,CENTER,BASE,POWER,"[""POWER#2""]",0,1.5,True,1
lifecycle,e70960269eec88da76c7fc94e6e135d06a464be3b3c58017f568e3e26a79d27a,20260916,0.11.0,83,supply,shipments,False,15,15,S3,O2,CENTER_REGION,CENTER,REGION,POWER,"[""POWER#7"", ""POWER#8""]",4.0,5.0,True,2
lifecycle,e70960269eec88da76c7fc94e6e135d06a464be3b3c58017f568e3e26a79d27a,20260916,0.11.0,83,supply,shipments,False,15,15,S4,O4,REGION_BASE,REGION,BASE,POWER,"[""POWER#7""]",16.700000000000003,17.200000000000003,True,1
lifecycle,e70960269eec88da76c7fc94e6e135d06a464be3b3c58017f568e3e26a79d27a,20260916,0.11.0,83,supply,shipments,False,15,15,S5,O5,CENTER_REGION,CENTER,REGION,POWER,"[""POWER#9""]",16.700000000000003,17.700000000000003,True,1
lifecycle,e70960269eec88da76c7fc94e6e135d06a464be3b3c58017f568e3e26a79d27a,20260916,0.11.0,83,supply,shipments,False,15,15,S6,O7,REGION_BASE,REGION,BASE,POWER,"[""POWER#8""]",32.7,33.2,True,1
lifecycle,e70960269eec88da76c7fc94e6e135d06a464be3b3c58017f568e3e26a79d27a,20260916,0.11.0,83,supply,shipments,False,15,15,S7,O8,CENTER_REGION,CENTER,REGION,POWER,"[""POWER#10""]",32.7,33.7,True,1
lifecycle,e70960269eec88da76c7fc94e6e135d06a464be3b3c58017f568e3e26a79d27a,20260916,0.11.0,83,supply,shipments,False,15,15,S8,O9,REGION_BASE,REGION,BASE,POWER,"[""POWER#9""]",32.800000000000004,33.300000000000004,True,1
lifecycle,e70960269eec88da76c7fc94e6e135d06a464be3b3c58017f568e3e26a79d27a,20260916,0.11.0,83,supply,shipments,False,15,15,S9,O10,CENTER_REGION,CENTER,REGION,POWER,"[""POWER#4""]",32.800000000000004,33.800000000000004,True,1
lifecycle,e70960269eec88da76c7fc94e6e135d06a464be3b3c58017f568e3e26a79d27a,20260916,0.11.0,83,supply,shipments,False,15,15,S10,O12,REGION_BASE,REGION,BASE,POWER,"[""POWER#10""]",36.6,37.1,True,1
lifecycle,e70960269eec88da76c7fc94e6e135d06a464be3b3c58017f568e3e26a79d27a,20260916,0.11.0,83,supply,shipments,False,15,15,S11,O13,CENTER_REGION,CENTER,REGION,POWER,"[""POWER#11""]",36.6,37.6,True,1
lifecycle,e70960269eec88da76c7fc94e6e135d06a464be3b3c58017f568e3e26a79d27a,20260916,0.11.0,83,supply,shipments,False,15,15,S12,O14,REGION_BASE,REGION,BASE,POWER,"[""POWER#4""]",64.6,65.1,True,1
lifecycle,e70960269eec88da76c7fc94e6e135d06a464be3b3c58017f568e3e26a79d27a,20260916,0.11.0,83,supply,shipments,False,15,15,S13,O15,CENTER_REGION,CENTER,REGION,POWER,"[""POWER#6""]",64.6,65.6,True,1
lifecycle,e70960269eec88da76c7fc94e6e135d06a464be3b3c58017f568e3e26a79d27a,20260916,0.11.0,83,supply,shipments,False,15,15,S14,O16,REGION_BASE,REGION,BASE,POWER,"[""POWER#11""]",64.69999999999999,65.19999999999999,True,1
lifecycle,e70960269eec88da76c7fc94e6e135d06a464be3b3c58017f568e3e26a79d27a,20260916,0.11.0,83,supply,shipments,False,15,15,S15,O17,CENTER_REGION,CENTER,REGION,POWER,"[""POWER#5""]",64.69999999999999,65.69999999999999,True,1
lifecycle,e70960269eec88da76c7fc94e6e135d06a464be3b3c58017f568e3e26a79d27a,20260916,0.11.0,84,supply,shipments,False,17,17,S1,O1,REGION_BASE,REGION,BASE,POWER,"[""POWER#1""]",0,0.5,True,1
lifecycle,e70960269eec88da76c7fc94e6e135d06a464be3b3c58017f568e3e26a79d27a,20260916,0.11.0,84,supply,shipments,False,17,17,S2,O1,CENTER_BASE,CENTER,BASE,POWER,"[""POWER#2""]",0,1.5,True,1
lifecycle,e70960269eec88da76c7fc94e6e135d06a464be3b3c58017f568e3e26a79d27a,20260916,0.11.0,84,supply,shipments,False,17,17,S3,O2,CENTER_REGION,CENTER,REGION,POWER,"[""POWER#7"", ""POWER#8""]",4.0,5.0,True,2
lifecycle,e70960269eec88da76c7fc94e6e135d06a464be3b3c58017f568e3e26a79d27a,20260916,0.11.0,84,supply,shipments,False,17,17,S4,O4,REGION_BASE,REGION,BASE,POWER,"[""POWER#7""]",7.295610829199724,7.795610829199724,True,1
lifecycle,e70960269eec88da76c7fc94e6e135d06a464be3b3c58017f568e3e26a79d27a,20260916,0.11.0,84,supply,shipments,False,17,17,S5,O5,CENTER_REGION,CENTER,REGION,POWER,"[""POWER#9""]",7.295610829199724,8.295610829199724,True,1
lifecycle,e70960269eec88da76c7fc94e6e135d06a464be3b3c58017f568e3e26a79d27a,20260916,0.11.0,84,supply,shipments,False,17,17,S6,O7,REGION_BASE,REGION,BASE,POWER,"[""POWER#8""]",16.700000000000003,17.200000000000003,True,1
lifecycle,e70960269eec88da76c7fc94e6e135d06a464be3b3c58017f568e3e26a79d27a,20260916,0.11.0,84,supply,shipments,False,17,17,S7,O8,CENTER_REGION,CENTER,REGION,POWER,"[""POWER#10""]",16.700000000000003,17.700000000000003,True,1
lifecycle,e70960269eec88da76c7fc94e6e135d06a464be3b3c58017f568e3e26a79d27a,20260916,0.11.0,84,supply,shipments,False,17,17,S8,O9,REGION_BASE,REGION,BASE,POWER,"[""POWER#9""]",32.7,33.2,True,1
lifecycle,e70960269eec88da76c7fc94e6e135d06a464be3b3c58017f568e3e26a79d27a,20260916,0.11.0,84,supply,shipments,False,17,17,S9,O10,CENTER_REGION,CENTER,REGION,POWER,"[""POWER#3""]",32.7,33.7,True,1
lifecycle,e70960269eec88da76c7fc94e6e135d06a464be3b3c58017f568e3e26a79d27a,20260916,0.11.0,84,supply,shipments,False,17,17,S10,O11,REGION_BASE,REGION,BASE,POWER,"[""POWER#10""]",40.6,41.1,True,1
lifecycle,e70960269eec88da76c7fc94e6e135d06a464be3b3c58017f568e3e26a79d27a,20260916,0.11.0,84,supply,shipments,False,17,17,S11,O12,CENTER_REGION,CENTER,REGION,POWER,"[""POWER#11""]",40.6,41.6,True,1
lifecycle,e70960269eec88da76c7fc94e6e135d06a464be3b3c58017f568e3e26a79d27a,20260916,0.11.0,84,supply,shipments,False,17,17,S12,O13,REGION_BASE,REGION,BASE,POWER,"[""POWER#3""]",56.6,57.1,True,1
lifecycle,e70960269eec88da76c7fc94e6e135d06a464be3b3c58017f568e3e26a79d27a,20260916,0.11.0,84,supply,shipments,False,17,17,S13,O14,CENTER_REGION,CENTER,REGION,POWER,"[""POWER#4""]",56.6,57.6,True,1
lifecycle,e70960269eec88da76c7fc94e6e135d06a464be3b3c58017f568e3e26a79d27a,20260916,0.11.0,84,supply,shipments,False,17,17,S14,O16,REGION_BASE,REGION,BASE,POWER,"[""POWER#11""]",56.7,57.2,True,1
lifecycle,e70960269eec88da76c7fc94e6e135d06a464be3b3c58017f568e3e26a79d27a,20260916,0.11.0,84,supply,shipments,False,17,17,S15,O17,CENTER_REGION,CENTER,REGION,POWER,"[""POWER#6""]",56.7,57.7,True,1
lifecycle,e70960269eec88da76c7fc94e6e135d06a464be3b3c58017f568e3e26a79d27a,20260916,0.11.0,84,supply,shipments,False,17,17,S16,O19,REGION_BASE,REGION,BASE,POWER,"[""POWER#4""]",60.7,61.2,True,1
lifecycle,e70960269eec88da76c7fc94e6e135d06a464be3b3c58017f568e3e26a79d27a,20260916,0.11.0,84,supply,shipments,False,17,17,S17,O20,CENTER_REGION,CENTER,REGION,POWER,"[""POWER#2""]",60.7,61.7,True,1
lifecycle,e70960269eec88da76c7fc94e6e135d06a464be3b3c58017f568e3e26a79d27a,20260916,0.11.0,85,supply,shipments,False,17,17,S1,O1,REGION_BASE,REGION,BASE,POWER,"[""POWER#1""]",0,0.5,True,1
lifecycle,e70960269eec88da76c7fc94e6e135d06a464be3b3c58017f568e3e26a79d27a,20260916,0.11.0,85,supply,shipments,False,17,17,S2,O1,CENTER_BASE,CENTER,BASE,POWER,"[""POWER#2""]",0,1.5,True,1
lifecycle,e70960269eec88da76c7fc94e6e135d06a464be3b3c58017f568e3e26a79d27a,20260916,0.11.0,85,supply,shipments,False,17,17,S3,O2,CENTER_REGION,CENTER,REGION,POWER,"[""POWER#7"", ""POWER#8""]",4.0,5.0,True,2
lifecycle,e70960269eec88da76c7fc94e6e135d06a464be3b3c58017f568e3e26a79d27a,20260916,0.11.0,85,supply,shipments,False,17,17,S4,O4,REGION_BASE,REGION,BASE,POWER,"[""POWER#7""]",16.700000000000003,17.200000000000003,True,1
lifecycle,e70960269eec88da76c7fc94e6e135d06a464be3b3c58017f568e3e26a79d27a,20260916,0.11.0,85,supply,shipments,False,17,17,S5,O5,CENTER_REGION,CENTER,REGION,POWER,"[""POWER#9""]",16.700000000000003,17.700000000000003,True,1
lifecycle,e70960269eec88da76c7fc94e6e135d06a464be3b3c58017f568e3e26a79d27a,20260916,0.11.0,85,supply,shipments,False,17,17,S6,O7,REGION_BASE,REGION,BASE,POWER,"[""POWER#8""]",16.800000000000004,17.300000000000004,True,1
lifecycle,e70960269eec88da76c7fc94e6e135d06a464be3b3c58017f568e3e26a79d27a,20260916,0.11.0,85,supply,shipments,False,17,17,S7,O8,CENTER_REGION,CENTER,REGION,POWER,"[""POWER#10""]",16.800000000000004,17.800000000000004,True,1
lifecycle,e70960269eec88da76c7fc94e6e135d06a464be3b3c58017f568e3e26a79d27a,20260916,0.11.0,85,supply,shipments,False,17,17,S8,O10,REGION_BASE,REGION,BASE,POWER,"[""POWER#9""]",30.831314231829644,31.331314231829644,True,1
lifecycle,e70960269eec88da76c7fc94e6e135d06a464be3b3c58017f568e3e26a79d27a,20260916,0.11.0,85,supply,shipments,False,17,17,S9,O11,CENTER_REGION,CENTER,REGION,POWER,"[""POWER#4""]",30.831314231829644,31.831314231829644,True,1
lifecycle,e70960269eec88da76c7fc94e6e135d06a464be3b3c58017f568e3e26a79d27a,20260916,0.11.0,85,supply,shipments,False,17,17,S10,O12,REGION_BASE,REGION,BASE,POWER,"[""POWER#10""]",56.7,57.2,True,1
lifecycle,e70960269eec88da76c7fc94e6e135d06a464be3b3c58017f568e3e26a79d27a,20260916,0.11.0,85,supply,shipments,False,17,17,S11,O13,CENTER_REGION,CENTER,REGION,POWER,"[""POWER#3""]",56.7,57.7,True,1
lifecycle,e70960269eec88da76c7fc94e6e135d06a464be3b3c58017f568e3e26a79d27a,20260916,0.11.0,85,supply,shipments,False,17,17,S12,O14,REGION_BASE,REGION,BASE,POWER,"[""POWER#4""]",60.6,61.1,True,1
lifecycle,e70960269eec88da76c7fc94e6e135d06a464be3b3c58017f568e3e26a79d27a,20260916,0.11.0,85,supply,shipments,False,17,17,S13,O15,CENTER_REGION,CENTER,REGION,POWER,"[""POWER#11""]",60.6,61.6,True,1
lifecycle,e70960269eec88da76c7fc94e6e135d06a464be3b3c58017f568e3e26a79d27a,20260916,0.11.0,85,supply,shipments,False,17,17,S14,O16,REGION_BASE,REGION,BASE,POWER,"[""POWER#3""]",60.7,61.2,True,1
lifecycle,e70960269eec88da76c7fc94e6e135d06a464be3b3c58017f568e3e26a79d27a,20260916,0.11.0,85,supply,shipments,False,17,17,S15,O17,CENTER_REGION,CENTER,REGION,POWER,"[""POWER#12""]",60.7,61.7,True,1
lifecycle,e70960269eec88da76c7fc94e6e135d06a464be3b3c58017f568e3e26a79d27a,20260916,0.11.0,85,supply,shipments,False,17,17,S16,O18,REGION_BASE,REGION,BASE,POWER,"[""POWER#11""]",64.6,65.1,True,1
lifecycle,e70960269eec88da76c7fc94e6e135d06a464be3b3c58017f568e3e26a79d27a,20260916,0.11.0,85,supply,shipments,False,17,17,S17,O19,CENTER_REGION,CENTER,REGION,POWER,"[""POWER#5""]",64.6,65.6,True,1
lifecycle,e70960269eec88da76c7fc94e6e135d06a464be3b3c58017f568e3e26a79d27a,20260916,0.11.0,86,supply,shipments,False,13,13,S1,O1,REGION_BASE,REGION,BASE,POWER,"[""POWER#1""]",0,0.5,True,1
lifecycle,e70960269eec88da76c7fc94e6e135d06a464be3b3c58017f568e3e26a79d27a,20260916,0.11.0,86,supply,shipments,False,13,13,S2,O1,CENTER_BASE,CENTER,BASE,POWER,"[""POWER#2""]",0,1.5,True,1
lifecycle,e70960269eec88da76c7fc94e6e135d06a464be3b3c58017f568e3e26a79d27a,20260916,0.11.0,86,supply,shipments,False,13,13,S3,O2,CENTER_REGION,CENTER,REGION,POWER,"[""POWER#7"", ""POWER#8""]",4.0,5.0,True,2
lifecycle,e70960269eec88da76c7fc94e6e135d06a464be3b3c58017f568e3e26a79d27a,20260916,0.11.0,86,supply,shipments,False,13,13,S4,O4,REGION_BASE,REGION,BASE,POWER,"[""POWER#7""]",16.700000000000003,17.200000000000003,True,1
lifecycle,e70960269eec88da76c7fc94e6e135d06a464be3b3c58017f568e3e26a79d27a,20260916,0.11.0,86,supply,shipments,False,13,13,S5,O5,CENTER_REGION,CENTER,REGION,POWER,"[""POWER#9""]",16.700000000000003,17.700000000000003,True,1
lifecycle,e70960269eec88da76c7fc94e6e135d06a464be3b3c58017f568e3e26a79d27a,20260916,0.11.0,86,supply,shipments,False,13,13,S6,O7,REGION_BASE,REGION,BASE,POWER,"[""POWER#8""]",32.800000000000004,33.300000000000004,True,1
lifecycle,e70960269eec88da76c7fc94e6e135d06a464be3b3c58017f568e3e26a79d27a,20260916,0.11.0,86,supply,shipments,False,13,13,S7,O8,CENTER_REGION,CENTER,REGION,POWER,"[""POWER#10""]",32.800000000000004,33.800000000000004,True,1
lifecycle,e70960269eec88da76c7fc94e6e135d06a464be3b3c58017f568e3e26a79d27a,20260916,0.11.0,86,supply,shipments,False,13,13,S8,O9,REGION_BASE,REGION,BASE,POWER,"[""POWER#9""]",36.6,37.1,True,1
lifecycle,e70960269eec88da76c7fc94e6e135d06a464be3b3c58017f568e3e26a79d27a,20260916,0.11.0,86,supply,shipments,False,13,13,S9,O10,CENTER_REGION,CENTER,REGION,POWER,"[""POWER#4""]",36.6,37.6,True,1
lifecycle,e70960269eec88da76c7fc94e6e135d06a464be3b3c58017f568e3e26a79d27a,20260916,0.11.0,86,supply,shipments,False,13,13,S10,O11,REGION_BASE,REGION,BASE,POWER,"[""POWER#10""]",40.6,41.1,True,1
lifecycle,e70960269eec88da76c7fc94e6e135d06a464be3b3c58017f568e3e26a79d27a,20260916,0.11.0,86,supply,shipments,False,13,13,S11,O12,CENTER_REGION,CENTER,REGION,POWER,"[""POWER#11""]",40.6,41.6,True,1
lifecycle,e70960269eec88da76c7fc94e6e135d06a464be3b3c58017f568e3e26a79d27a,20260916,0.11.0,86,supply,shipments,False,13,13,S12,O14,REGION_BASE,REGION,BASE,POWER,"[""POWER#4""]",64.6,65.1,True,1
lifecycle,e70960269eec88da76c7fc94e6e135d06a464be3b3c58017f568e3e26a79d27a,20260916,0.11.0,86,supply,shipments,False,13,13,S13,O15,CENTER_REGION,CENTER,REGION,POWER,"[""POWER#5""]",64.6,65.6,True,1
lifecycle,e70960269eec88da76c7fc94e6e135d06a464be3b3c58017f568e3e26a79d27a,20260916,0.11.0,87,supply,shipments,False,13,13,S1,O1,REGION_BASE,REGION,BASE,POWER,"[""POWER#1""]",0,0.5,True,1
lifecycle,e70960269eec88da76c7fc94e6e135d06a464be3b3c58017f568e3e26a79d27a,20260916,0.11.0,87,supply,shipments,False,13,13,S2,O1,CENTER_BASE,CENTER,BASE,POWER,"[""POWER#2""]",0,1.5,True,1
lifecycle,e70960269eec88da76c7fc94e6e135d06a464be3b3c58017f568e3e26a79d27a,20260916,0.11.0,87,supply,shipments,False,13,13,S3,O2,CENTER_REGION,CENTER,REGION,POWER,"[""POWER#7"", ""POWER#8""]",4.0,5.0,True,2
lifecycle,e70960269eec88da76c7fc94e6e135d06a464be3b3c58017f568e3e26a79d27a,20260916,0.11.0,87,supply,shipments,False,13,13,S4,O4,REGION_BASE,REGION,BASE,POWER,"[""POWER#7""]",16.700000000000003,17.200000000000003,True,1
lifecycle,e70960269eec88da76c7fc94e6e135d06a464be3b3c58017f568e3e26a79d27a,20260916,0.11.0,87,supply,shipments,False,13,13,S5,O5,CENTER_REGION,CENTER,REGION,POWER,"[""POWER#9""]",16.700000000000003,17.700000000000003,True,1
lifecycle,e70960269eec88da76c7fc94e6e135d06a464be3b3c58017f568e3e26a79d27a,20260916,0.11.0,87,supply,shipments,False,13,13,S6,O7,REGION_BASE,REGION,BASE,POWER,"[""POWER#8""]",36.6,37.1,True,1
lifecycle,e70960269eec88da76c7fc94e6e135d06a464be3b3c58017f568e3e26a79d27a,20260916,0.11.0,87,supply,shipments,False,13,13,S7,O8,CENTER_REGION,CENTER,REGION,POWER,"[""POWER#10""]",36.6,37.6,True,1
lifecycle,e70960269eec88da76c7fc94e6e135d06a464be3b3c58017f568e3e26a79d27a,20260916,0.11.0,87,supply,shipments,False,13,13,S8,O9,REGION_BASE,REGION,BASE,POWER,"[""POWER#9"", ""POWER#10""]",40.6,41.1,True,2
lifecycle,e70960269eec88da76c7fc94e6e135d06a464be3b3c58017f568e3e26a79d27a,20260916,0.11.0,87,supply,shipments,False,13,13,S9,O10,CENTER_REGION,CENTER,REGION,POWER,"[""POWER#4"", ""POWER#11""]",40.6,41.6,True,2
lifecycle,e70960269eec88da76c7fc94e6e135d06a464be3b3c58017f568e3e26a79d27a,20260916,0.11.0,87,supply,shipments,False,13,13,S10,O12,REGION_BASE,REGION,BASE,POWER,"[""POWER#4""]",56.7,57.2,True,1
lifecycle,e70960269eec88da76c7fc94e6e135d06a464be3b3c58017f568e3e26a79d27a,20260916,0.11.0,87,supply,shipments,False,13,13,S11,O13,CENTER_REGION,CENTER,REGION,POWER,"[""POWER#12""]",56.7,57.7,True,1
lifecycle,e70960269eec88da76c7fc94e6e135d06a464be3b3c58017f568e3e26a79d27a,20260916,0.11.0,87,supply,shipments,False,13,13,S12,O15,REGION_BASE,REGION,BASE,POWER,"[""POWER#11""]",64.69999999999999,65.19999999999999,True,1
lifecycle,e70960269eec88da76c7fc94e6e135d06a464be3b3c58017f568e3e26a79d27a,20260916,0.11.0,87,supply,shipments,False,13,13,S13,O16,CENTER_REGION,CENTER,REGION,POWER,"[""POWER#13""]",64.69999999999999,65.69999999999999,True,1
lifecycle,e70960269eec88da76c7fc94e6e135d06a464be3b3c58017f568e3e26a79d27a,20260916,0.11.0,88,supply,shipments,False,19,19,S1,O1,REGION_BASE,REGION,BASE,POWER,"[""POWER#1""]",0,0.5,True,1
lifecycle,e70960269eec88da76c7fc94e6e135d06a464be3b3c58017f568e3e26a79d27a,20260916,0.11.0,88,supply,shipments,False,19,19,S2,O1,CENTER_BASE,CENTER,BASE,POWER,"[""POWER#2""]",0,1.5,True,1
lifecycle,e70960269eec88da76c7fc94e6e135d06a464be3b3c58017f568e3e26a79d27a,20260916,0.11.0,88,supply,shipments,False,19,19,S3,O2,CENTER_REGION,CENTER,REGION,POWER,"[""POWER#7"", ""POWER#8""]",4.0,5.0,True,2
lifecycle,e70960269eec88da76c7fc94e6e135d06a464be3b3c58017f568e3e26a79d27a,20260916,0.11.0,88,supply,shipments,False,19,19,S4,O4,REGION_BASE,REGION,BASE,POWER,"[""POWER#7""]",16.700000000000003,17.200000000000003,True,1
lifecycle,e70960269eec88da76c7fc94e6e135d06a464be3b3c58017f568e3e26a79d27a,20260916,0.11.0,88,supply,shipments,False,19,19,S5,O5,CENTER_REGION,CENTER,REGION,POWER,"[""POWER#9""]",16.700000000000003,17.700000000000003,True,1
lifecycle,e70960269eec88da76c7fc94e6e135d06a464be3b3c58017f568e3e26a79d27a,20260916,0.11.0,88,supply,shipments,False,19,19,S6,O7,REGION_BASE,REGION,BASE,POWER,"[""POWER#8""]",31.717012662692294,32.2170126626923,True,1
lifecycle,e70960269eec88da76c7fc94e6e135d06a464be3b3c58017f568e3e26a79d27a,20260916,0.11.0,88,supply,shipments,False,19,19,S7,O8,CENTER_REGION,CENTER,REGION,POWER,"[""POWER#10""]",31.717012662692294,32.7170126626923,True,1
lifecycle,e70960269eec88da76c7fc94e6e135d06a464be3b3c58017f568e3e26a79d27a,20260916,0.11.0,88,supply,shipments,False,19,19,S8,O9,REGION_BASE,REGION,BASE,POWER,"[""POWER#9""]",33.5170126626923,34.0170126626923,True,1
lifecycle,e70960269eec88da76c7fc94e6e135d06a464be3b3c58017f568e3e26a79d27a,20260916,0.11.0,88,supply,shipments,False,19,19,S9,O10,CENTER_REGION,CENTER,REGION,POWER,"[""POWER#4""]",33.5170126626923,34.5170126626923,True,1
lifecycle,e70960269eec88da76c7fc94e6e135d06a464be3b3c58017f568e3e26a79d27a,20260916,0.11.0,88,supply,shipments,False,19,19,S10,O11,REGION_BASE,REGION,BASE,POWER,"[""POWER#10""]",36.6,37.1,True,1
lifecycle,e70960269eec88da76c7fc94e6e135d06a464be3b3c58017f568e3e26a79d27a,20260916,0.11.0,88,supply,shipments,False,19,19,S11,O12,CENTER_REGION,CENTER,REGION,POWER,"[""POWER#11""]",36.6,37.6,True,1
lifecycle,e70960269eec88da76c7fc94e6e135d06a464be3b3c58017f568e3e26a79d27a,20260916,0.11.0,88,supply,shipments,False,19,19,S12,O14,REGION_BASE,REGION,BASE,POWER,"[""POWER#4""]",56.7,57.2,True,1
lifecycle,e70960269eec88da76c7fc94e6e135d06a464be3b3c58017f568e3e26a79d27a,20260916,0.11.0,88,supply,shipments,False,19,19,S13,O15,CENTER_REGION,CENTER,REGION,POWER,"[""POWER#6""]",56.7,57.7,True,1
lifecycle,e70960269eec88da76c7fc94e6e135d06a464be3b3c58017f568e3e26a79d27a,20260916,0.11.0,88,supply,shipments,False,19,19,S14,O17,REGION_BASE,REGION,BASE,POWER,"[""POWER#11""]",60.7,61.2,True,1
lifecycle,e70960269eec88da76c7fc94e6e135d06a464be3b3c58017f568e3e26a79d27a,20260916,0.11.0,88,supply,shipments,False,19,19,S15,O18,CENTER_REGION,CENTER,REGION,POWER,"[""POWER#12""]",60.7,61.7,True,1
lifecycle,e70960269eec88da76c7fc94e6e135d06a464be3b3c58017f568e3e26a79d27a,20260916,0.11.0,88,supply,shipments,False,19,19,S16,O19,REGION_BASE,REGION,BASE,POWER,"[""POWER#6""]",60.800000000000004,61.300000000000004,True,1
lifecycle,e70960269eec88da76c7fc94e6e135d06a464be3b3c58017f568e3e26a79d27a,20260916,0.11.0,88,supply,shipments,False,19,19,S17,O20,CENTER_REGION,CENTER,REGION,POWER,"[""POWER#1""]",60.800000000000004,61.800000000000004,True,1
lifecycle,e70960269eec88da76c7fc94e6e135d06a464be3b3c58017f568e3e26a79d27a,20260916,0.11.0,88,supply,shipments,False,19,19,S18,O22,REGION_BASE,REGION,BASE,POWER,"[""POWER#12""]",64.69999999999999,65.19999999999999,True,1
lifecycle,e70960269eec88da76c7fc94e6e135d06a464be3b3c58017f568e3e26a79d27a,20260916,0.11.0,88,supply,shipments,False,19,19,S19,O23,CENTER_REGION,CENTER,REGION,POWER,"[""POWER#13""]",64.69999999999999,65.69999999999999,True,1
lifecycle,e70960269eec88da76c7fc94e6e135d06a464be3b3c58017f568e3e26a79d27a,20260916,0.11.0,89,supply,shipments,False,11,11,S1,O1,REGION_BASE,REGION,BASE,POWER,"[""POWER#1""]",0,0.5,True,1
lifecycle,e70960269eec88da76c7fc94e6e135d06a464be3b3c58017f568e3e26a79d27a,20260916,0.11.0,89,supply,shipments,False,11,11,S2,O1,CENTER_BASE,CENTER,BASE,POWER,"[""POWER#2""]",0,1.5,True,1
lifecycle,e70960269eec88da76c7fc94e6e135d06a464be3b3c58017f568e3e26a79d27a,20260916,0.11.0,89,supply,shipments,False,11,11,S3,O2,CENTER_REGION,CENTER,REGION,POWER,"[""POWER#7"", ""POWER#8""]",4.0,5.0,True,2
lifecycle,e70960269eec88da76c7fc94e6e135d06a464be3b3c58017f568e3e26a79d27a,20260916,0.11.0,89,supply,shipments,False,11,11,S4,O4,REGION_BASE,REGION,BASE,POWER,"[""POWER#7""]",16.800000000000004,17.300000000000004,True,1
lifecycle,e70960269eec88da76c7fc94e6e135d06a464be3b3c58017f568e3e26a79d27a,20260916,0.11.0,89,supply,shipments,False,11,11,S5,O5,CENTER_REGION,CENTER,REGION,POWER,"[""POWER#9""]",16.800000000000004,17.800000000000004,True,1
lifecycle,e70960269eec88da76c7fc94e6e135d06a464be3b3c58017f568e3e26a79d27a,20260916,0.11.0,89,supply,shipments,False,11,11,S6,O7,REGION_BASE,REGION,BASE,POWER,"[""POWER#8""]",36.6,37.1,True,1
lifecycle,e70960269eec88da76c7fc94e6e135d06a464be3b3c58017f568e3e26a79d27a,20260916,0.11.0,89,supply,shipments,False,11,11,S7,O8,CENTER_REGION,CENTER,REGION,POWER,"[""POWER#10""]",36.6,37.6,True,1
lifecycle,e70960269eec88da76c7fc94e6e135d06a464be3b3c58017f568e3e26a79d27a,20260916,0.11.0,89,supply,shipments,False,11,11,S8,O9,REGION_BASE,REGION,BASE,POWER,"[""POWER#9"", ""POWER#10""]",40.6,41.1,True,2
lifecycle,e70960269eec88da76c7fc94e6e135d06a464be3b3c58017f568e3e26a79d27a,20260916,0.11.0,89,supply,shipments,False,11,11,S9,O10,CENTER_REGION,CENTER,REGION,POWER,"[""POWER#3"", ""POWER#11""]",40.6,41.6,True,2
lifecycle,e70960269eec88da76c7fc94e6e135d06a464be3b3c58017f568e3e26a79d27a,20260916,0.11.0,89,supply,shipments,False,11,11,S10,O12,REGION_BASE,REGION,BASE,POWER,"[""POWER#3""]",56.7,57.2,True,1
lifecycle,e70960269eec88da76c7fc94e6e135d06a464be3b3c58017f568e3e26a79d27a,20260916,0.11.0,89,supply,shipments,False,11,11,S11,O13,CENTER_REGION,CENTER,REGION,POWER,"[""POWER#12""]",56.7,57.7,True,1
lifecycle,e70960269eec88da76c7fc94e6e135d06a464be3b3c58017f568e3e26a79d27a,20260916,0.11.0,90,supply,shipments,False,17,17,S1,O1,REGION_BASE,REGION,BASE,POWER,"[""POWER#1""]",0,0.5,True,1
lifecycle,e70960269eec88da76c7fc94e6e135d06a464be3b3c58017f568e3e26a79d27a,20260916,0.11.0,90,supply,shipments,False,17,17,S2,O1,CENTER_BASE,CENTER,BASE,POWER,"[""POWER#2""]",0,1.5,True,1
lifecycle,e70960269eec88da76c7fc94e6e135d06a464be3b3c58017f568e3e26a79d27a,20260916,0.11.0,90,supply,shipments,False,17,17,S3,O2,CENTER_REGION,CENTER,REGION,POWER,"[""POWER#7"", ""POWER#8""]",4.0,5.0,True,2
lifecycle,e70960269eec88da76c7fc94e6e135d06a464be3b3c58017f568e3e26a79d27a,20260916,0.11.0,90,supply,shipments,False,17,17,S4,O4,REGION_BASE,REGION,BASE,POWER,"[""POWER#7""]",16.800000000000004,17.300000000000004,True,1
lifecycle,e70960269eec88da76c7fc94e6e135d06a464be3b3c58017f568e3e26a79d27a,20260916,0.11.0,90,supply,shipments,False,17,17,S5,O5,CENTER_REGION,CENTER,REGION,POWER,"[""POWER#9""]",16.800000000000004,17.800000000000004,True,1
lifecycle,e70960269eec88da76c7fc94e6e135d06a464be3b3c58017f568e3e26a79d27a,20260916,0.11.0,90,supply,shipments,False,17,17,S6,O7,REGION_BASE,REGION,BASE,POWER,"[""POWER#8""]",32.7,33.2,True,1
lifecycle,e70960269eec88da76c7fc94e6e135d06a464be3b3c58017f568e3e26a79d27a,20260916,0.11.0,90,supply,shipments,False,17,17,S7,O8,CENTER_REGION,CENTER,REGION,POWER,"[""POWER#10""]",32.7,33.7,True,1
lifecycle,e70960269eec88da76c7fc94e6e135d06a464be3b3c58017f568e3e26a79d27a,20260916,0.11.0,90,supply,shipments,False,17,17,S8,O9,REGION_BASE,REGION,BASE,POWER,"[""POWER#9""]",32.800000000000004,33.300000000000004,True,1
lifecycle,e70960269eec88da76c7fc94e6e135d06a464be3b3c58017f568e3e26a79d27a,20260916,0.11.0,90,supply,shipments,False,17,17,S9,O10,CENTER_REGION,CENTER,REGION,POWER,"[""POWER#3""]",32.800000000000004,33.800000000000004,True,1
lifecycle,e70960269eec88da76c7fc94e6e135d06a464be3b3c58017f568e3e26a79d27a,20260916,0.11.0,90,supply,shipments,False,17,17,S10,O12,REGION_BASE,REGION,BASE,POWER,"[""POWER#10""]",36.6,37.1,True,1
lifecycle,e70960269eec88da76c7fc94e6e135d06a464be3b3c58017f568e3e26a79d27a,20260916,0.11.0,90,supply,shipments,False,17,17,S11,O13,CENTER_REGION,CENTER,REGION,POWER,"[""POWER#11""]",36.6,37.6,True,1
lifecycle,e70960269eec88da76c7fc94e6e135d06a464be3b3c58017f568e3e26a79d27a,20260916,0.11.0,90,supply,shipments,False,17,17,S12,O14,REGION_BASE,REGION,BASE,POWER,"[""POWER#3""]",54.34848385586153,54.84848385586153,True,1
lifecycle,e70960269eec88da76c7fc94e6e135d06a464be3b3c58017f568e3e26a79d27a,20260916,0.11.0,90,supply,shipments,False,17,17,S13,O15,CENTER_REGION,CENTER,REGION,POWER,"[""POWER#6""]",54.34848385586153,55.34848385586153,True,1
lifecycle,e70960269eec88da76c7fc94e6e135d06a464be3b3c58017f568e3e26a79d27a,20260916,0.11.0,90,supply,shipments,False,17,17,S14,O16,REGION_BASE,REGION,BASE,POWER,"[""POWER#11""]",60.800000000000004,61.300000000000004,True,1
lifecycle,e70960269eec88da76c7fc94e6e135d06a464be3b3c58017f568e3e26a79d27a,20260916,0.11.0,90,supply,shipments,False,17,17,S15,O17,CENTER_REGION,CENTER,REGION,POWER,"[""POWER#5""]",60.800000000000004,61.800000000000004,True,1
lifecycle,e70960269eec88da76c7fc94e6e135d06a464be3b3c58017f568e3e26a79d27a,20260916,0.11.0,90,supply,shipments,False,17,17,S16,O18,REGION_BASE,REGION,BASE,POWER,"[""POWER#6""]",64.69999999999999,65.19999999999999,True,1
lifecycle,e70960269eec88da76c7fc94e6e135d06a464be3b3c58017f568e3e26a79d27a,20260916,0.11.0,90,supply,shipments,False,17,17,S17,O19,CENTER_REGION,CENTER,REGION,POWER,"[""POWER#12""]",64.69999999999999,65.69999999999999,True,1
lifecycle,e70960269eec88da76c7fc94e6e135d06a464be3b3c58017f568e3e26a79d27a,20260916,0.11.0,91,supply,shipments,False,13,13,S1,O1,REGION_BASE,REGION,BASE,POWER,"[""POWER#1""]",0,0.5,True,1
lifecycle,e70960269eec88da76c7fc94e6e135d06a464be3b3c58017f568e3e26a79d27a,20260916,0.11.0,91,supply,shipments,False,13,13,S2,O1,CENTER_BASE,CENTER,BASE,POWER,"[""POWER#2""]",0,1.5,True,1
lifecycle,e70960269eec88da76c7fc94e6e135d06a464be3b3c58017f568e3e26a79d27a,20260916,0.11.0,91,supply,shipments,False,13,13,S3,O2,CENTER_REGION,CENTER,REGION,POWER,"[""POWER#7"", ""POWER#8""]",4.0,5.0,True,2
lifecycle,e70960269eec88da76c7fc94e6e135d06a464be3b3c58017f568e3e26a79d27a,20260916,0.11.0,91,supply,shipments,False,13,13,S4,O4,REGION_BASE,REGION,BASE,POWER,"[""POWER#7""]",16.617755467997572,17.117755467997572,True,1
lifecycle,e70960269eec88da76c7fc94e6e135d06a464be3b3c58017f568e3e26a79d27a,20260916,0.11.0,91,supply,shipments,False,13,13,S5,O5,CENTER_REGION,CENTER,REGION,POWER,"[""POWER#9""]",16.617755467997572,17.617755467997572,True,1
lifecycle,e70960269eec88da76c7fc94e6e135d06a464be3b3c58017f568e3e26a79d27a,20260916,0.11.0,91,supply,shipments,False,13,13,S6,O7,REGION_BASE,REGION,BASE,POWER,"[""POWER#8""]",36.6,37.1,True,1
lifecycle,e70960269eec88da76c7fc94e6e135d06a464be3b3c58017f568e3e26a79d27a,20260916,0.11.0,91,supply,shipments,False,13,13,S7,O8,CENTER_REGION,CENTER,REGION,POWER,"[""POWER#10""]",36.6,37.6,True,1
lifecycle,e70960269eec88da76c7fc94e6e135d06a464be3b3c58017f568e3e26a79d27a,20260916,0.11.0,91,supply,shipments,False,13,13,S8,O9,REGION_BASE,REGION,BASE,POWER,"[""POWER#9"", ""POWER#10""]",40.6,41.1,True,2
lifecycle,e70960269eec88da76c7fc94e6e135d06a464be3b3c58017f568e3e26a79d27a,20260916,0.11.0,91,supply,shipments,False,13,13,S9,O10,CENTER_REGION,CENTER,REGION,POWER,"[""POWER#4"", ""POWER#11""]",40.6,41.6,True,2
lifecycle,e70960269eec88da76c7fc94e6e135d06a464be3b3c58017f568e3e26a79d27a,20260916,0.11.0,91,supply,shipments,False,13,13,S10,O12,REGION_BASE,REGION,BASE,POWER,"[""POWER#4""]",56.7,57.2,True,1
lifecycle,e70960269eec88da76c7fc94e6e135d06a464be3b3c58017f568e3e26a79d27a,20260916,0.11.0,91,supply,shipments,False,13,13,S11,O13,CENTER_REGION,CENTER,REGION,POWER,"[""POWER#12""]",56.7,57.7,True,1
lifecycle,e70960269eec88da76c7fc94e6e135d06a464be3b3c58017f568e3e26a79d27a,20260916,0.11.0,91,supply,shipments,False,13,13,S12,O15,REGION_BASE,REGION,BASE,POWER,"[""POWER#11""]",64.69999999999999,65.19999999999999,True,1
lifecycle,e70960269eec88da76c7fc94e6e135d06a464be3b3c58017f568e3e26a79d27a,20260916,0.11.0,91,supply,shipments,False,13,13,S13,O16,CENTER_REGION,CENTER,REGION,POWER,"[""POWER#13""]",64.69999999999999,65.69999999999999,True,1
lifecycle,e70960269eec88da76c7fc94e6e135d06a464be3b3c58017f568e3e26a79d27a,20260916,0.11.0,92,supply,shipments,False,17,17,S1,O1,REGION_BASE,REGION,BASE,POWER,"[""POWER#1""]",0,0.5,True,1
lifecycle,e70960269eec88da76c7fc94e6e135d06a464be3b3c58017f568e3e26a79d27a,20260916,0.11.0,92,supply,shipments,False,17,17,S2,O1,CENTER_BASE,CENTER,BASE,POWER,"[""POWER#2""]",0,1.5,True,1
lifecycle,e70960269eec88da76c7fc94e6e135d06a464be3b3c58017f568e3e26a79d27a,20260916,0.11.0,92,supply,shipments,False,17,17,S3,O2,CENTER_REGION,CENTER,REGION,POWER,"[""POWER#7"", ""POWER#8""]",4.0,5.0,True,2
lifecycle,e70960269eec88da76c7fc94e6e135d06a464be3b3c58017f568e3e26a79d27a,20260916,0.11.0,92,supply,shipments,False,17,17,S4,O4,REGION_BASE,REGION,BASE,POWER,"[""POWER#7""]",16.800000000000004,17.300000000000004,True,1
lifecycle,e70960269eec88da76c7fc94e6e135d06a464be3b3c58017f568e3e26a79d27a,20260916,0.11.0,92,supply,shipments,False,17,17,S5,O5,CENTER_REGION,CENTER,REGION,POWER,"[""POWER#9""]",16.800000000000004,17.800000000000004,True,1
lifecycle,e70960269eec88da76c7fc94e6e135d06a464be3b3c58017f568e3e26a79d27a,20260916,0.11.0,92,supply,shipments,False,17,17,S6,O7,REGION_BASE,REGION,BASE,POWER,"[""POWER#8""]",32.7,33.2,True,1
lifecycle,e70960269eec88da76c7fc94e6e135d06a464be3b3c58017f568e3e26a79d27a,20260916,0.11.0,92,supply,shipments,False,17,17,S7,O8,CENTER_REGION,CENTER,REGION,POWER,"[""POWER#10""]",32.7,33.7,True,1
lifecycle,e70960269eec88da76c7fc94e6e135d06a464be3b3c58017f568e3e26a79d27a,20260916,0.11.0,92,supply,shipments,False,17,17,S8,O9,REGION_BASE,REGION,BASE,POWER,"[""POWER#9""]",36.6,37.1,True,1
lifecycle,e70960269eec88da76c7fc94e6e135d06a464be3b3c58017f568e3e26a79d27a,20260916,0.11.0,92,supply,shipments,False,17,17,S9,O10,CENTER_REGION,CENTER,REGION,POWER,"[""POWER#3""]",36.6,37.6,True,1
lifecycle,e70960269eec88da76c7fc94e6e135d06a464be3b3c58017f568e3e26a79d27a,20260916,0.11.0,92,supply,shipments,False,17,17,S10,O11,REGION_BASE,REGION,BASE,POWER,"[""POWER#10""]",40.7,41.2,True,1
lifecycle,e70960269eec88da76c7fc94e6e135d06a464be3b3c58017f568e3e26a79d27a,20260916,0.11.0,92,supply,shipments,False,17,17,S11,O12,CENTER_REGION,CENTER,REGION,POWER,"[""POWER#11""]",40.7,41.7,True,1
lifecycle,e70960269eec88da76c7fc94e6e135d06a464be3b3c58017f568e3e26a79d27a,20260916,0.11.0,92,supply,shipments,False,17,17,S12,O14,REGION_BASE,REGION,BASE,POWER,"[""POWER#3""]",59.550144429670404,60.050144429670404,True,1
lifecycle,e70960269eec88da76c7fc94e6e135d06a464be3b3c58017f568e3e26a79d27a,20260916,0.11.0,92,supply,shipments,False,17,17,S13,O15,CENTER_REGION,CENTER,REGION,POWER,"[""POWER#5""]",59.550144429670404,60.550144429670404,True,1
lifecycle,e70960269eec88da76c7fc94e6e135d06a464be3b3c58017f568e3e26a79d27a,20260916,0.11.0,92,supply,shipments,False,17,17,S14,O16,REGION_BASE,REGION,BASE,POWER,"[""POWER#11""]",63.75803865855176,64.25803865855175,True,1
lifecycle,e70960269eec88da76c7fc94e6e135d06a464be3b3c58017f568e3e26a79d27a,20260916,0.11.0,92,supply,shipments,False,17,17,S15,O17,CENTER_REGION,CENTER,REGION,POWER,"[""POWER#6""]",63.75803865855176,64.75803865855175,True,1
lifecycle,e70960269eec88da76c7fc94e6e135d06a464be3b3c58017f568e3e26a79d27a,20260916,0.11.0,92,supply,shipments,False,17,17,S16,O18,REGION_BASE,REGION,BASE,POWER,"[""POWER#5""]",63.85803865855176,64.35803865855176,True,1
lifecycle,e70960269eec88da76c7fc94e6e135d06a464be3b3c58017f568e3e26a79d27a,20260916,0.11.0,92,supply,shipments,False,17,17,S17,O19,CENTER_REGION,CENTER,REGION,POWER,"[""POWER#12""]",63.85803865855176,64.85803865855176,True,1
lifecycle,e70960269eec88da76c7fc94e6e135d06a464be3b3c58017f568e3e26a79d27a,20260916,0.11.0,93,supply,shipments,False,17,17,S1,O1,REGION_BASE,REGION,BASE,POWER,"[""POWER#1""]",0,0.5,True,1
lifecycle,e70960269eec88da76c7fc94e6e135d06a464be3b3c58017f568e3e26a79d27a,20260916,0.11.0,93,supply,shipments,False,17,17,S2,O1,CENTER_BASE,CENTER,BASE,POWER,"[""POWER#2""]",0,1.5,True,1
lifecycle,e70960269eec88da76c7fc94e6e135d06a464be3b3c58017f568e3e26a79d27a,20260916,0.11.0,93,supply,shipments,False,17,17,S3,O2,CENTER_REGION,CENTER,REGION,POWER,"[""POWER#7"", ""POWER#8""]",4.0,5.0,True,2
lifecycle,e70960269eec88da76c7fc94e6e135d06a464be3b3c58017f568e3e26a79d27a,20260916,0.11.0,93,supply,shipments,False,17,17,S4,O4,REGION_BASE,REGION,BASE,POWER,"[""POWER#7""]",16.700000000000003,17.200000000000003,True,1
lifecycle,e70960269eec88da76c7fc94e6e135d06a464be3b3c58017f568e3e26a79d27a,20260916,0.11.0,93,supply,shipments,False,17,17,S5,O5,CENTER_REGION,CENTER,REGION,POWER,"[""POWER#9""]",16.700000000000003,17.700000000000003,True,1
lifecycle,e70960269eec88da76c7fc94e6e135d06a464be3b3c58017f568e3e26a79d27a,20260916,0.11.0,93,supply,shipments,False,17,17,S6,O7,REGION_BASE,REGION,BASE,POWER,"[""POWER#8""]",16.800000000000004,17.300000000000004,True,1
lifecycle,e70960269eec88da76c7fc94e6e135d06a464be3b3c58017f568e3e26a79d27a,20260916,0.11.0,93,supply,shipments,False,17,17,S7,O8,CENTER_REGION,CENTER,REGION,POWER,"[""POWER#10""]",16.800000000000004,17.800000000000004,True,1
lifecycle,e70960269eec88da76c7fc94e6e135d06a464be3b3c58017f568e3e26a79d27a,20260916,0.11.0,93,supply,shipments,False,17,17,S8,O10,REGION_BASE,REGION,BASE,POWER,"[""POWER#9""]",32.800000000000004,33.300000000000004,True,1
lifecycle,e70960269eec88da76c7fc94e6e135d06a464be3b3c58017f568e3e26a79d27a,20260916,0.11.0,93,supply,shipments,False,17,17,S9,O11,CENTER_REGION,CENTER,REGION,POWER,"[""POWER#4""]",32.800000000000004,33.800000000000004,True,1
lifecycle,e70960269eec88da76c7fc94e6e135d06a464be3b3c58017f568e3e26a79d27a,20260916,0.11.0,93,supply,shipments,False,17,17,S10,O12,REGION_BASE,REGION,BASE,POWER,"[""POWER#10""]",40.6,41.1,True,1
lifecycle,e70960269eec88da76c7fc94e6e135d06a464be3b3c58017f568e3e26a79d27a,20260916,0.11.0,93,supply,shipments,False,17,17,S11,O13,CENTER_REGION,CENTER,REGION,POWER,"[""POWER#3""]",40.6,41.6,True,1
lifecycle,e70960269eec88da76c7fc94e6e135d06a464be3b3c58017f568e3e26a79d27a,20260916,0.11.0,93,supply,shipments,False,17,17,S12,O14,REGION_BASE,REGION,BASE,POWER,"[""POWER#4""]",56.7,57.2,True,1
lifecycle,e70960269eec88da76c7fc94e6e135d06a464be3b3c58017f568e3e26a79d27a,20260916,0.11.0,93,supply,shipments,False,17,17,S13,O15,CENTER_REGION,CENTER,REGION,POWER,"[""POWER#11""]",56.7,57.7,True,1
lifecycle,e70960269eec88da76c7fc94e6e135d06a464be3b3c58017f568e3e26a79d27a,20260916,0.11.0,93,supply,shipments,False,17,17,S14,O16,REGION_BASE,REGION,BASE,POWER,"[""POWER#3""]",60.7,61.2,True,1
lifecycle,e70960269eec88da76c7fc94e6e135d06a464be3b3c58017f568e3e26a79d27a,20260916,0.11.0,93,supply,shipments,False,17,17,S15,O17,CENTER_REGION,CENTER,REGION,POWER,"[""POWER#12""]",60.7,61.7,True,1
lifecycle,e70960269eec88da76c7fc94e6e135d06a464be3b3c58017f568e3e26a79d27a,20260916,0.11.0,93,supply,shipments,False,17,17,S16,O18,REGION_BASE,REGION,BASE,POWER,"[""POWER#11""]",64.6,65.1,True,1
lifecycle,e70960269eec88da76c7fc94e6e135d06a464be3b3c58017f568e3e26a79d27a,20260916,0.11.0,93,supply,shipments,False,17,17,S17,O19,CENTER_REGION,CENTER,REGION,POWER,"[""POWER#5""]",64.6,65.6,True,1
lifecycle,e70960269eec88da76c7fc94e6e135d06a464be3b3c58017f568e3e26a79d27a,20260916,0.11.0,94,supply,shipments,False,15,15,S1,O1,REGION_BASE,REGION,BASE,POWER,"[""POWER#1""]",0,0.5,True,1
lifecycle,e70960269eec88da76c7fc94e6e135d06a464be3b3c58017f568e3e26a79d27a,20260916,0.11.0,94,supply,shipments,False,15,15,S2,O1,CENTER_BASE,CENTER,BASE,POWER,"[""POWER#2""]",0,1.5,True,1
lifecycle,e70960269eec88da76c7fc94e6e135d06a464be3b3c58017f568e3e26a79d27a,20260916,0.11.0,94,supply,shipments,False,15,15,S3,O2,CENTER_REGION,CENTER,REGION,POWER,"[""POWER#7"", ""POWER#8""]",4.0,5.0,True,2
lifecycle,e70960269eec88da76c7fc94e6e135d06a464be3b3c58017f568e3e26a79d27a,20260916,0.11.0,94,supply,shipments,False,15,15,S4,O4,REGION_BASE,REGION,BASE,POWER,"[""POWER#7""]",16.700000000000003,17.200000000000003,True,1
lifecycle,e70960269eec88da76c7fc94e6e135d06a464be3b3c58017f568e3e26a79d27a,20260916,0.11.0,94,supply,shipments,False,15,15,S5,O5,CENTER_REGION,CENTER,REGION,POWER,"[""POWER#9""]",16.700000000000003,17.700000000000003,True,1
lifecycle,e70960269eec88da76c7fc94e6e135d06a464be3b3c58017f568e3e26a79d27a,20260916,0.11.0,94,supply,shipments,False,15,15,S6,O7,REGION_BASE,REGION,BASE,POWER,"[""POWER#8""]",16.800000000000004,17.300000000000004,True,1
lifecycle,e70960269eec88da76c7fc94e6e135d06a464be3b3c58017f568e3e26a79d27a,20260916,0.11.0,94,supply,shipments,False,15,15,S7,O8,CENTER_REGION,CENTER,REGION,POWER,"[""POWER#10""]",16.800000000000004,17.800000000000004,True,1
lifecycle,e70960269eec88da76c7fc94e6e135d06a464be3b3c58017f568e3e26a79d27a,20260916,0.11.0,94,supply,shipments,False,15,15,S8,O10,REGION_BASE,REGION,BASE,POWER,"[""POWER#9""]",32.800000000000004,33.300000000000004,True,1
lifecycle,e70960269eec88da76c7fc94e6e135d06a464be3b3c58017f568e3e26a79d27a,20260916,0.11.0,94,supply,shipments,False,15,15,S9,O11,CENTER_REGION,CENTER,REGION,POWER,"[""POWER#4""]",32.800000000000004,33.800000000000004,True,1
lifecycle,e70960269eec88da76c7fc94e6e135d06a464be3b3c58017f568e3e26a79d27a,20260916,0.11.0,94,supply,shipments,False,15,15,S10,O12,REGION_BASE,REGION,BASE,POWER,"[""POWER#10""]",40.6,41.1,True,1
lifecycle,e70960269eec88da76c7fc94e6e135d06a464be3b3c58017f568e3e26a79d27a,20260916,0.11.0,94,supply,shipments,False,15,15,S11,O13,CENTER_REGION,CENTER,REGION,POWER,"[""POWER#3""]",40.6,41.6,True,1
lifecycle,e70960269eec88da76c7fc94e6e135d06a464be3b3c58017f568e3e26a79d27a,20260916,0.11.0,94,supply,shipments,False,15,15,S12,O14,REGION_BASE,REGION,BASE,POWER,"[""POWER#4""]",56.7,57.2,True,1
lifecycle,e70960269eec88da76c7fc94e6e135d06a464be3b3c58017f568e3e26a79d27a,20260916,0.11.0,94,supply,shipments,False,15,15,S13,O15,CENTER_REGION,CENTER,REGION,POWER,"[""POWER#11""]",56.7,57.7,True,1
lifecycle,e70960269eec88da76c7fc94e6e135d06a464be3b3c58017f568e3e26a79d27a,20260916,0.11.0,94,supply,shipments,False,15,15,S14,O16,REGION_BASE,REGION,BASE,POWER,"[""POWER#3""]",64.6,65.1,True,1
lifecycle,e70960269eec88da76c7fc94e6e135d06a464be3b3c58017f568e3e26a79d27a,20260916,0.11.0,94,supply,shipments,False,15,15,S15,O17,CENTER_REGION,CENTER,REGION,POWER,"[""POWER#12""]",64.6,65.6,True,1
lifecycle,e70960269eec88da76c7fc94e6e135d06a464be3b3c58017f568e3e26a79d27a,20260916,0.11.0,95,supply,shipments,False,15,15,S1,O1,REGION_BASE,REGION,BASE,POWER,"[""POWER#1""]",0,0.5,True,1
lifecycle,e70960269eec88da76c7fc94e6e135d06a464be3b3c58017f568e3e26a79d27a,20260916,0.11.0,95,supply,shipments,False,15,15,S2,O1,CENTER_BASE,CENTER,BASE,POWER,"[""POWER#2""]",0,1.5,True,1
lifecycle,e70960269eec88da76c7fc94e6e135d06a464be3b3c58017f568e3e26a79d27a,20260916,0.11.0,95,supply,shipments,False,15,15,S3,O2,CENTER_REGION,CENTER,REGION,POWER,"[""POWER#7"", ""POWER#8""]",4.0,5.0,True,2
lifecycle,e70960269eec88da76c7fc94e6e135d06a464be3b3c58017f568e3e26a79d27a,20260916,0.11.0,95,supply,shipments,False,15,15,S4,O4,REGION_BASE,REGION,BASE,POWER,"[""POWER#7""]",16.700000000000003,17.200000000000003,True,1
lifecycle,e70960269eec88da76c7fc94e6e135d06a464be3b3c58017f568e3e26a79d27a,20260916,0.11.0,95,supply,shipments,False,15,15,S5,O5,CENTER_REGION,CENTER,REGION,POWER,"[""POWER#9""]",16.700000000000003,17.700000000000003,True,1
lifecycle,e70960269eec88da76c7fc94e6e135d06a464be3b3c58017f568e3e26a79d27a,20260916,0.11.0,95,supply,shipments,False,15,15,S6,O7,REGION_BASE,REGION,BASE,POWER,"[""POWER#8""]",32.7,33.2,True,1
lifecycle,e70960269eec88da76c7fc94e6e135d06a464be3b3c58017f568e3e26a79d27a,20260916,0.11.0,95,supply,shipments,False,15,15,S7,O8,CENTER_REGION,CENTER,REGION,POWER,"[""POWER#10""]",32.7,33.7,True,1
lifecycle,e70960269eec88da76c7fc94e6e135d06a464be3b3c58017f568e3e26a79d27a,20260916,0.11.0,95,supply,shipments,False,15,15,S8,O9,REGION_BASE,REGION,BASE,POWER,"[""POWER#9""]",36.6,37.1,True,1
lifecycle,e70960269eec88da76c7fc94e6e135d06a464be3b3c58017f568e3e26a79d27a,20260916,0.11.0,95,supply,shipments,False,15,15,S9,O10,CENTER_REGION,CENTER,REGION,POWER,"[""POWER#4""]",36.6,37.6,True,1
lifecycle,e70960269eec88da76c7fc94e6e135d06a464be3b3c58017f568e3e26a79d27a,20260916,0.11.0,95,supply,shipments,False,15,15,S10,O11,REGION_BASE,REGION,BASE,POWER,"[""POWER#10""]",40.6,41.1,True,1
lifecycle,e70960269eec88da76c7fc94e6e135d06a464be3b3c58017f568e3e26a79d27a,20260916,0.11.0,95,supply,shipments,False,15,15,S11,O12,CENTER_REGION,CENTER,REGION,POWER,"[""POWER#11""]",40.6,41.6,True,1
lifecycle,e70960269eec88da76c7fc94e6e135d06a464be3b3c58017f568e3e26a79d27a,20260916,0.11.0,95,supply,shipments,False,15,15,S12,O14,REGION_BASE,REGION,BASE,POWER,"[""POWER#4""]",56.7,57.2,True,1
lifecycle,e70960269eec88da76c7fc94e6e135d06a464be3b3c58017f568e3e26a79d27a,20260916,0.11.0,95,supply,shipments,False,15,15,S13,O15,CENTER_REGION,CENTER,REGION,POWER,"[""POWER#6""]",56.7,57.7,True,1
lifecycle,e70960269eec88da76c7fc94e6e135d06a464be3b3c58017f568e3e26a79d27a,20260916,0.11.0,95,supply,shipments,False,15,15,S14,O17,REGION_BASE,REGION,BASE,POWER,"[""POWER#11""]",60.7,61.2,True,1
lifecycle,e70960269eec88da76c7fc94e6e135d06a464be3b3c58017f568e3e26a79d27a,20260916,0.11.0,95,supply,shipments,False,15,15,S15,O18,CENTER_REGION,CENTER,REGION,POWER,"[""POWER#12""]",60.7,61.7,True,1
lifecycle,e70960269eec88da76c7fc94e6e135d06a464be3b3c58017f568e3e26a79d27a,20260916,0.11.0,96,supply,shipments,False,17,17,S1,O1,REGION_BASE,REGION,BASE,POWER,"[""POWER#1""]",0,0.5,True,1
lifecycle,e70960269eec88da76c7fc94e6e135d06a464be3b3c58017f568e3e26a79d27a,20260916,0.11.0,96,supply,shipments,False,17,17,S2,O1,CENTER_BASE,CENTER,BASE,POWER,"[""POWER#2""]",0,1.5,True,1
lifecycle,e70960269eec88da76c7fc94e6e135d06a464be3b3c58017f568e3e26a79d27a,20260916,0.11.0,96,supply,shipments,False,17,17,S3,O2,CENTER_REGION,CENTER,REGION,POWER,"[""POWER#7"", ""POWER#8""]",4.0,5.0,True,2
lifecycle,e70960269eec88da76c7fc94e6e135d06a464be3b3c58017f568e3e26a79d27a,20260916,0.11.0,96,supply,shipments,False,17,17,S4,O4,REGION_BASE,REGION,BASE,POWER,"[""POWER#7""]",16.700000000000003,17.200000000000003,True,1
lifecycle,e70960269eec88da76c7fc94e6e135d06a464be3b3c58017f568e3e26a79d27a,20260916,0.11.0,96,supply,shipments,False,17,17,S5,O5,CENTER_REGION,CENTER,REGION,POWER,"[""POWER#9""]",16.700000000000003,17.700000000000003,True,1
lifecycle,e70960269eec88da76c7fc94e6e135d06a464be3b3c58017f568e3e26a79d27a,20260916,0.11.0,96,supply,shipments,False,17,17,S6,O7,REGION_BASE,REGION,BASE,POWER,"[""POWER#8""]",16.800000000000004,17.300000000000004,True,1
lifecycle,e70960269eec88da76c7fc94e6e135d06a464be3b3c58017f568e3e26a79d27a,20260916,0.11.0,96,supply,shipments,False,17,17,S7,O8,CENTER_REGION,CENTER,REGION,POWER,"[""POWER#10""]",16.800000000000004,17.800000000000004,True,1
lifecycle,e70960269eec88da76c7fc94e6e135d06a464be3b3c58017f568e3e26a79d27a,20260916,0.11.0,96,supply,shipments,False,17,17,S8,O10,REGION_BASE,REGION,BASE,POWER,"[""POWER#9""]",32.800000000000004,33.300000000000004,True,1
lifecycle,e70960269eec88da76c7fc94e6e135d06a464be3b3c58017f568e3e26a79d27a,20260916,0.11.0,96,supply,shipments,False,17,17,S9,O11,CENTER_REGION,CENTER,REGION,POWER,"[""POWER#4""]",32.800000000000004,33.800000000000004,True,1
lifecycle,e70960269eec88da76c7fc94e6e135d06a464be3b3c58017f568e3e26a79d27a,20260916,0.11.0,96,supply,shipments,False,17,17,S10,O12,REGION_BASE,REGION,BASE,POWER,"[""POWER#10""]",40.6,41.1,True,1
lifecycle,e70960269eec88da76c7fc94e6e135d06a464be3b3c58017f568e3e26a79d27a,20260916,0.11.0,96,supply,shipments,False,17,17,S11,O13,CENTER_REGION,CENTER,REGION,POWER,"[""POWER#3""]",40.6,41.6,True,1
lifecycle,e70960269eec88da76c7fc94e6e135d06a464be3b3c58017f568e3e26a79d27a,20260916,0.11.0,96,supply,shipments,False,17,17,S12,O14,REGION_BASE,REGION,BASE,POWER,"[""POWER#4""]",56.7,57.2,True,1
lifecycle,e70960269eec88da76c7fc94e6e135d06a464be3b3c58017f568e3e26a79d27a,20260916,0.11.0,96,supply,shipments,False,17,17,S13,O15,CENTER_REGION,CENTER,REGION,POWER,"[""POWER#11""]",56.7,57.7,True,1
lifecycle,e70960269eec88da76c7fc94e6e135d06a464be3b3c58017f568e3e26a79d27a,20260916,0.11.0,96,supply,shipments,False,17,17,S14,O16,REGION_BASE,REGION,BASE,POWER,"[""POWER#3""]",56.800000000000004,57.300000000000004,True,1
lifecycle,e70960269eec88da76c7fc94e6e135d06a464be3b3c58017f568e3e26a79d27a,20260916,0.11.0,96,supply,shipments,False,17,17,S15,O17,CENTER_REGION,CENTER,REGION,POWER,"[""POWER#12""]",56.800000000000004,57.800000000000004,True,1
lifecycle,e70960269eec88da76c7fc94e6e135d06a464be3b3c58017f568e3e26a79d27a,20260916,0.11.0,96,supply,shipments,False,17,17,S16,O19,REGION_BASE,REGION,BASE,POWER,"[""POWER#11""]",60.7,61.2,True,1
lifecycle,e70960269eec88da76c7fc94e6e135d06a464be3b3c58017f568e3e26a79d27a,20260916,0.11.0,96,supply,shipments,False,17,17,S17,O20,CENTER_REGION,CENTER,REGION,POWER,"[""POWER#5""]",60.7,61.7,True,1
lifecycle,e70960269eec88da76c7fc94e6e135d06a464be3b3c58017f568e3e26a79d27a,20260916,0.11.0,97,supply,shipments,False,19,19,S1,O1,REGION_BASE,REGION,BASE,POWER,"[""POWER#1""]",0,0.5,True,1
lifecycle,e70960269eec88da76c7fc94e6e135d06a464be3b3c58017f568e3e26a79d27a,20260916,0.11.0,97,supply,shipments,False,19,19,S2,O1,CENTER_BASE,CENTER,BASE,POWER,"[""POWER#2""]",0,1.5,True,1
lifecycle,e70960269eec88da76c7fc94e6e135d06a464be3b3c58017f568e3e26a79d27a,20260916,0.11.0,97,supply,shipments,False,19,19,S3,O2,CENTER_REGION,CENTER,REGION,POWER,"[""POWER#7"", ""POWER#8""]",4.0,5.0,True,2
lifecycle,e70960269eec88da76c7fc94e6e135d06a464be3b3c58017f568e3e26a79d27a,20260916,0.11.0,97,supply,shipments,False,19,19,S4,O4,REGION_BASE,REGION,BASE,POWER,"[""POWER#7""]",8.7,9.2,True,1
lifecycle,e70960269eec88da76c7fc94e6e135d06a464be3b3c58017f568e3e26a79d27a,20260916,0.11.0,97,supply,shipments,False,19,19,S5,O5,CENTER_REGION,CENTER,REGION,POWER,"[""POWER#9""]",8.7,9.7,True,1
lifecycle,e70960269eec88da76c7fc94e6e135d06a464be3b3c58017f568e3e26a79d27a,20260916,0.11.0,97,supply,shipments,False,19,19,S6,O7,REGION_BASE,REGION,BASE,POWER,"[""POWER#8""]",16.700000000000003,17.200000000000003,True,1
lifecycle,e70960269eec88da76c7fc94e6e135d06a464be3b3c58017f568e3e26a79d27a,20260916,0.11.0,97,supply,shipments,False,19,19,S7,O8,CENTER_REGION,CENTER,REGION,POWER,"[""POWER#10""]",16.700000000000003,17.700000000000003,True,1
lifecycle,e70960269eec88da76c7fc94e6e135d06a464be3b3c58017f568e3e26a79d27a,20260916,0.11.0,97,supply,shipments,False,19,19,S8,O9,REGION_BASE,REGION,BASE,POWER,"[""POWER#9""]",32.800000000000004,33.300000000000004,True,1
lifecycle,e70960269eec88da76c7fc94e6e135d06a464be3b3c58017f568e3e26a79d27a,20260916,0.11.0,97,supply,shipments,False,19,19,S9,O10,CENTER_REGION,CENTER,REGION,POWER,"[""POWER#4""]",32.800000000000004,33.800000000000004,True,1
lifecycle,e70960269eec88da76c7fc94e6e135d06a464be3b3c58017f568e3e26a79d27a,20260916,0.11.0,97,supply,shipments,False,19,19,S10,O11,REGION_BASE,REGION,BASE,POWER,"[""POWER#10""]",36.7,37.2,True,1
lifecycle,e70960269eec88da76c7fc94e6e135d06a464be3b3c58017f568e3e26a79d27a,20260916,0.11.0,97,supply,shipments,False,19,19,S11,O12,CENTER_REGION,CENTER,REGION,POWER,"[""POWER#11""]",36.7,37.7,True,1
lifecycle,e70960269eec88da76c7fc94e6e135d06a464be3b3c58017f568e3e26a79d27a,20260916,0.11.0,97,supply,shipments,False,19,19,S12,O13,REGION_BASE,REGION,BASE,POWER,"[""POWER#4""]",40.6,41.1,True,1
lifecycle,e70960269eec88da76c7fc94e6e135d06a464be3b3c58017f568e3e26a79d27a,20260916,0.11.0,97,supply,shipments,False,19,19,S13,O14,CENTER_REGION,CENTER,REGION,POWER,"[""POWER#3""]",40.6,41.6,True,1
lifecycle,e70960269eec88da76c7fc94e6e135d06a464be3b3c58017f568e3e26a79d27a,20260916,0.11.0,97,supply,shipments,False,19,19,S14,O15,REGION_BASE,REGION,BASE,POWER,"[""POWER#11""]",56.7,57.2,True,1
lifecycle,e70960269eec88da76c7fc94e6e135d06a464be3b3c58017f568e3e26a79d27a,20260916,0.11.0,97,supply,shipments,False,19,19,S15,O16,CENTER_REGION,CENTER,REGION,POWER,"[""POWER#5""]",56.7,57.7,True,1
lifecycle,e70960269eec88da76c7fc94e6e135d06a464be3b3c58017f568e3e26a79d27a,20260916,0.11.0,97,supply,shipments,False,19,19,S16,O18,REGION_BASE,REGION,BASE,POWER,"[""POWER#3""]",60.7,61.2,True,1
lifecycle,e70960269eec88da76c7fc94e6e135d06a464be3b3c58017f568e3e26a79d27a,20260916,0.11.0,97,supply,shipments,False,19,19,S17,O19,CENTER_REGION,CENTER,REGION,POWER,"[""POWER#1""]",60.7,61.7,True,1
lifecycle,e70960269eec88da76c7fc94e6e135d06a464be3b3c58017f568e3e26a79d27a,20260916,0.11.0,97,supply,shipments,False,19,19,S18,O20,REGION_BASE,REGION,BASE,POWER,"[""POWER#5""]",64.69999999999999,65.19999999999999,True,1
lifecycle,e70960269eec88da76c7fc94e6e135d06a464be3b3c58017f568e3e26a79d27a,20260916,0.11.0,97,supply,shipments,False,19,19,S19,O21,CENTER_REGION,CENTER,REGION,POWER,"[""POWER#2""]",64.69999999999999,65.69999999999999,True,1
lifecycle,e70960269eec88da76c7fc94e6e135d06a464be3b3c58017f568e3e26a79d27a,20260916,0.11.0,98,supply,shipments,False,17,17,S1,O1,REGION_BASE,REGION,BASE,POWER,"[""POWER#1""]",0,0.5,True,1
lifecycle,e70960269eec88da76c7fc94e6e135d06a464be3b3c58017f568e3e26a79d27a,20260916,0.11.0,98,supply,shipments,False,17,17,S2,O1,CENTER_BASE,CENTER,BASE,POWER,"[""POWER#2""]",0,1.5,True,1
lifecycle,e70960269eec88da76c7fc94e6e135d06a464be3b3c58017f568e3e26a79d27a,20260916,0.11.0,98,supply,shipments,False,17,17,S3,O2,CENTER_REGION,CENTER,REGION,POWER,"[""POWER#7"", ""POWER#8""]",4.0,5.0,True,2
lifecycle,e70960269eec88da76c7fc94e6e135d06a464be3b3c58017f568e3e26a79d27a,20260916,0.11.0,98,supply,shipments,False,17,17,S4,O4,REGION_BASE,REGION,BASE,POWER,"[""POWER#7""]",16.800000000000004,17.300000000000004,True,1
lifecycle,e70960269eec88da76c7fc94e6e135d06a464be3b3c58017f568e3e26a79d27a,20260916,0.11.0,98,supply,shipments,False,17,17,S5,O5,CENTER_REGION,CENTER,REGION,POWER,"[""POWER#9""]",16.800000000000004,17.800000000000004,True,1
lifecycle,e70960269eec88da76c7fc94e6e135d06a464be3b3c58017f568e3e26a79d27a,20260916,0.11.0,98,supply,shipments,False,17,17,S6,O7,REGION_BASE,REGION,BASE,POWER,"[""POWER#8""]",32.7,33.2,True,1
lifecycle,e70960269eec88da76c7fc94e6e135d06a464be3b3c58017f568e3e26a79d27a,20260916,0.11.0,98,supply,shipments,False,17,17,S7,O8,CENTER_REGION,CENTER,REGION,POWER,"[""POWER#10""]",32.7,33.7,True,1
lifecycle,e70960269eec88da76c7fc94e6e135d06a464be3b3c58017f568e3e26a79d27a,20260916,0.11.0,98,supply,shipments,False,17,17,S8,O9,REGION_BASE,REGION,BASE,POWER,"[""POWER#9""]",36.6,37.1,True,1
lifecycle,e70960269eec88da76c7fc94e6e135d06a464be3b3c58017f568e3e26a79d27a,20260916,0.11.0,98,supply,shipments,False,17,17,S9,O10,CENTER_REGION,CENTER,REGION,POWER,"[""POWER#3""]",36.6,37.6,True,1
lifecycle,e70960269eec88da76c7fc94e6e135d06a464be3b3c58017f568e3e26a79d27a,20260916,0.11.0,98,supply,shipments,False,17,17,S10,O11,REGION_BASE,REGION,BASE,POWER,"[""POWER#10""]",40.6,41.1,True,1
lifecycle,e70960269eec88da76c7fc94e6e135d06a464be3b3c58017f568e3e26a79d27a,20260916,0.11.0,98,supply,shipments,False,17,17,S11,O12,CENTER_REGION,CENTER,REGION,POWER,"[""POWER#11""]",40.6,41.6,True,1
lifecycle,e70960269eec88da76c7fc94e6e135d06a464be3b3c58017f568e3e26a79d27a,20260916,0.11.0,98,supply,shipments,False,17,17,S12,O14,REGION_BASE,REGION,BASE,POWER,"[""POWER#3""]",56.7,57.2,True,1
lifecycle,e70960269eec88da76c7fc94e6e135d06a464be3b3c58017f568e3e26a79d27a,20260916,0.11.0,98,supply,shipments,False,17,17,S13,O15,CENTER_REGION,CENTER,REGION,POWER,"[""POWER#6""]",56.7,57.7,True,1
lifecycle,e70960269eec88da76c7fc94e6e135d06a464be3b3c58017f568e3e26a79d27a,20260916,0.11.0,98,supply,shipments,False,17,17,S14,O17,REGION_BASE,REGION,BASE,POWER,"[""POWER#11""]",60.269244237106825,60.769244237106825,True,1
lifecycle,e70960269eec88da76c7fc94e6e135d06a464be3b3c58017f568e3e26a79d27a,20260916,0.11.0,98,supply,shipments,False,17,17,S15,O18,CENTER_REGION,CENTER,REGION,POWER,"[""POWER#12""]",60.269244237106825,61.269244237106825,True,1
lifecycle,e70960269eec88da76c7fc94e6e135d06a464be3b3c58017f568e3e26a79d27a,20260916,0.11.0,98,supply,shipments,False,17,17,S16,O19,REGION_BASE,REGION,BASE,POWER,"[""POWER#6""]",64.69999999999999,65.19999999999999,True,1
lifecycle,e70960269eec88da76c7fc94e6e135d06a464be3b3c58017f568e3e26a79d27a,20260916,0.11.0,98,supply,shipments,False,17,17,S17,O20,CENTER_REGION,CENTER,REGION,POWER,"[""POWER#1""]",64.69999999999999,65.69999999999999,True,1
lifecycle,e70960269eec88da76c7fc94e6e135d06a464be3b3c58017f568e3e26a79d27a,20260916,0.11.0,99,supply,shipments,False,15,15,S1,O1,REGION_BASE,REGION,BASE,POWER,"[""POWER#1""]",0,0.5,True,1
lifecycle,e70960269eec88da76c7fc94e6e135d06a464be3b3c58017f568e3e26a79d27a,20260916,0.11.0,99,supply,shipments,False,15,15,S2,O1,CENTER_BASE,CENTER,BASE,POWER,"[""POWER#2""]",0,1.5,True,1
lifecycle,e70960269eec88da76c7fc94e6e135d06a464be3b3c58017f568e3e26a79d27a,20260916,0.11.0,99,supply,shipments,False,15,15,S3,O2,CENTER_REGION,CENTER,REGION,POWER,"[""POWER#7"", ""POWER#8""]",4.0,5.0,True,2
lifecycle,e70960269eec88da76c7fc94e6e135d06a464be3b3c58017f568e3e26a79d27a,20260916,0.11.0,99,supply,shipments,False,15,15,S4,O4,REGION_BASE,REGION,BASE,POWER,"[""POWER#7""]",16.800000000000004,17.300000000000004,True,1
lifecycle,e70960269eec88da76c7fc94e6e135d06a464be3b3c58017f568e3e26a79d27a,20260916,0.11.0,99,supply,shipments,False,15,15,S5,O5,CENTER_REGION,CENTER,REGION,POWER,"[""POWER#9""]",16.800000000000004,17.800000000000004,True,1
lifecycle,e70960269eec88da76c7fc94e6e135d06a464be3b3c58017f568e3e26a79d27a,20260916,0.11.0,99,supply,shipments,False,15,15,S6,O7,REGION_BASE,REGION,BASE,POWER,"[""POWER#8""]",32.7,33.2,True,1
lifecycle,e70960269eec88da76c7fc94e6e135d06a464be3b3c58017f568e3e26a79d27a,20260916,0.11.0,99,supply,shipments,False,15,15,S7,O8,CENTER_REGION,CENTER,REGION,POWER,"[""POWER#10""]",32.7,33.7,True,1
lifecycle,e70960269eec88da76c7fc94e6e135d06a464be3b3c58017f568e3e26a79d27a,20260916,0.11.0,99,supply,shipments,False,15,15,S8,O9,REGION_BASE,REGION,BASE,POWER,"[""POWER#9""]",36.6,37.1,True,1
lifecycle,e70960269eec88da76c7fc94e6e135d06a464be3b3c58017f568e3e26a79d27a,20260916,0.11.0,99,supply,shipments,False,15,15,S9,O10,CENTER_REGION,CENTER,REGION,POWER,"[""POWER#3""]",36.6,37.6,True,1
lifecycle,e70960269eec88da76c7fc94e6e135d06a464be3b3c58017f568e3e26a79d27a,20260916,0.11.0,99,supply,shipments,False,15,15,S10,O11,REGION_BASE,REGION,BASE,POWER,"[""POWER#10""]",40.6,41.1,True,1
lifecycle,e70960269eec88da76c7fc94e6e135d06a464be3b3c58017f568e3e26a79d27a,20260916,0.11.0,99,supply,shipments,False,15,15,S11,O12,CENTER_REGION,CENTER,REGION,POWER,"[""POWER#11""]",40.6,41.6,True,1
lifecycle,e70960269eec88da76c7fc94e6e135d06a464be3b3c58017f568e3e26a79d27a,20260916,0.11.0,99,supply,shipments,False,15,15,S12,O14,REGION_BASE,REGION,BASE,POWER,"[""POWER#3""]",54.67679437173871,55.17679437173871,True,1
lifecycle,e70960269eec88da76c7fc94e6e135d06a464be3b3c58017f568e3e26a79d27a,20260916,0.11.0,99,supply,shipments,False,15,15,S13,O15,CENTER_REGION,CENTER,REGION,POWER,"[""POWER#6""]",54.67679437173871,55.67679437173871,True,1
lifecycle,e70960269eec88da76c7fc94e6e135d06a464be3b3c58017f568e3e26a79d27a,20260916,0.11.0,99,supply,shipments,False,15,15,S14,O17,REGION_BASE,REGION,BASE,POWER,"[""POWER#11""]",60.7,61.2,True,1
lifecycle,e70960269eec88da76c7fc94e6e135d06a464be3b3c58017f568e3e26a79d27a,20260916,0.11.0,99,supply,shipments,False,15,15,S15,O18,CENTER_REGION,CENTER,REGION,POWER,"[""POWER#12""]",60.7,61.7,True,1
lifecycle,e70960269eec88da76c7fc94e6e135d06a464be3b3c58017f568e3e26a79d27a,20260916,0.11.0,100,supply,shipments,False,17,17,S1,O1,REGION_BASE,REGION,BASE,POWER,"[""POWER#1""]",0,0.5,True,1
lifecycle,e70960269eec88da76c7fc94e6e135d06a464be3b3c58017f568e3e26a79d27a,20260916,0.11.0,100,supply,shipments,False,17,17,S2,O1,CENTER_BASE,CENTER,BASE,POWER,"[""POWER#2""]",0,1.5,True,1
lifecycle,e70960269eec88da76c7fc94e6e135d06a464be3b3c58017f568e3e26a79d27a,20260916,0.11.0,100,supply,shipments,False,17,17,S3,O2,CENTER_REGION,CENTER,REGION,POWER,"[""POWER#7"", ""POWER#8""]",4.0,5.0,True,2
lifecycle,e70960269eec88da76c7fc94e6e135d06a464be3b3c58017f568e3e26a79d27a,20260916,0.11.0,100,supply,shipments,False,17,17,S4,O4,REGION_BASE,REGION,BASE,POWER,"[""POWER#7""]",16.700000000000003,17.200000000000003,True,1
lifecycle,e70960269eec88da76c7fc94e6e135d06a464be3b3c58017f568e3e26a79d27a,20260916,0.11.0,100,supply,shipments,False,17,17,S5,O5,CENTER_REGION,CENTER,REGION,POWER,"[""POWER#9""]",16.700000000000003,17.700000000000003,True,1
lifecycle,e70960269eec88da76c7fc94e6e135d06a464be3b3c58017f568e3e26a79d27a,20260916,0.11.0,100,supply,shipments,False,17,17,S6,O7,REGION_BASE,REGION,BASE,POWER,"[""POWER#8""]",16.800000000000004,17.300000000000004,True,1
lifecycle,e70960269eec88da76c7fc94e6e135d06a464be3b3c58017f568e3e26a79d27a,20260916,0.11.0,100,supply,shipments,False,17,17,S7,O8,CENTER_REGION,CENTER,REGION,POWER,"[""POWER#10""]",16.800000000000004,17.800000000000004,True,1
lifecycle,e70960269eec88da76c7fc94e6e135d06a464be3b3c58017f568e3e26a79d27a,20260916,0.11.0,100,supply,shipments,False,17,17,S8,O10,REGION_BASE,REGION,BASE,POWER,"[""POWER#9""]",32.800000000000004,33.300000000000004,True,1
lifecycle,e70960269eec88da76c7fc94e6e135d06a464be3b3c58017f568e3e26a79d27a,20260916,0.11.0,100,supply,shipments,False,17,17,S9,O11,CENTER_REGION,CENTER,REGION,POWER,"[""POWER#4""]",32.800000000000004,33.800000000000004,True,1
lifecycle,e70960269eec88da76c7fc94e6e135d06a464be3b3c58017f568e3e26a79d27a,20260916,0.11.0,100,supply,shipments,False,17,17,S10,O12,REGION_BASE,REGION,BASE,POWER,"[""POWER#10""]",40.6,41.1,True,1
lifecycle,e70960269eec88da76c7fc94e6e135d06a464be3b3c58017f568e3e26a79d27a,20260916,0.11.0,100,supply,shipments,False,17,17,S11,O13,CENTER_REGION,CENTER,REGION,POWER,"[""POWER#3""]",40.6,41.6,True,1
lifecycle,e70960269eec88da76c7fc94e6e135d06a464be3b3c58017f568e3e26a79d27a,20260916,0.11.0,100,supply,shipments,False,17,17,S12,O14,REGION_BASE,REGION,BASE,POWER,"[""POWER#4""]",56.800000000000004,57.300000000000004,True,1
lifecycle,e70960269eec88da76c7fc94e6e135d06a464be3b3c58017f568e3e26a79d27a,20260916,0.11.0,100,supply,shipments,False,17,17,S13,O15,CENTER_REGION,CENTER,REGION,POWER,"[""POWER#11""]",56.800000000000004,57.800000000000004,True,1
lifecycle,e70960269eec88da76c7fc94e6e135d06a464be3b3c58017f568e3e26a79d27a,20260916,0.11.0,100,supply,shipments,False,17,17,S14,O16,REGION_BASE,REGION,BASE,POWER,"[""POWER#3""]",60.7,61.2,True,1
lifecycle,e70960269eec88da76c7fc94e6e135d06a464be3b3c58017f568e3e26a79d27a,20260916,0.11.0,100,supply,shipments,False,17,17,S15,O17,CENTER_REGION,CENTER,REGION,POWER,"[""POWER#12""]",60.7,61.7,True,1
lifecycle,e70960269eec88da76c7fc94e6e135d06a464be3b3c58017f568e3e26a79d27a,20260916,0.11.0,100,supply,shipments,False,17,17,S16,O18,REGION_BASE,REGION,BASE,POWER,"[""POWER#11""]",64.6,65.1,True,1
lifecycle,e70960269eec88da76c7fc94e6e135d06a464be3b3c58017f568e3e26a79d27a,20260916,0.11.0,100,supply,shipments,False,17,17,S17,O19,CENTER_REGION,CENTER,REGION,POWER,"[""POWER#5""]",64.6,65.6,True,1
