run_id,model_hash,seed,engine,replication,section,dataset,details_truncated,detail_total,detail_retained,id,sequence,station,iid,created,quantity,sponsor,reason,unallocated,in_transit,received
workflow-verification-20260916,5c1fd964cadeeb74d6e45aef16bd49af0b25c696ac3d2d2f216243c766006867,20260916,0.12.0,1,supply,orders,False,16,16,O1,1,BASE,POWER,0,2,REGION,THRESHOLD,0,0,2
workflow-verification-20260916,5c1fd964cadeeb74d6e45aef16bd49af0b25c696ac3d2d2f216243c766006867,20260916,0.12.0,1,supply,orders,False,16,16,O2,2,REGION,POWER,0,2,CENTER,THRESHOLD,0,0,2
workflow-verification-20260916,5c1fd964cadeeb74d6e45aef16bd49af0b25c696ac3d2d2f216243c766006867,20260916,0.12.0,1,supply,orders,False,16,16,O3,5,BASE,POWER,9.0,2,REGION,THRESHOLD,0,0,2
workflow-verification-20260916,5c1fd964cadeeb74d6e45aef16bd49af0b25c696ac3d2d2f216243c766006867,20260916,0.12.0,1,supply,orders,False,16,16,O4,6,REGION,POWER,9.0,2,CENTER,THRESHOLD,0,0,2
workflow-verification-20260916,5c1fd964cadeeb74d6e45aef16bd49af0b25c696ac3d2d2f216243c766006867,20260916,0.12.0,1,supply,orders,False,16,16,O5,8,BASE,POWER,13.0,1,REGION,THRESHOLD,0,0,1
workflow-verification-20260916,5c1fd964cadeeb74d6e45aef16bd49af0b25c696ac3d2d2f216243c766006867,20260916,0.12.0,1,supply,orders,False,16,16,O6,9,REGION,POWER,13.0,1,CENTER,THRESHOLD,0,0,1
workflow-verification-20260916,5c1fd964cadeeb74d6e45aef16bd49af0b25c696ac3d2d2f216243c766006867,20260916,0.12.0,1,supply,orders,False,16,16,O7,11,BASE,POWER,37.19999999999999,1,REGION,THRESHOLD,0,0,1
workflow-verification-20260916,5c1fd964cadeeb74d6e45aef16bd49af0b25c696ac3d2d2f216243c766006867,20260916,0.12.0,1,supply,orders,False,16,16,O8,12,REGION,POWER,37.19999999999999,1,CENTER,THRESHOLD,0,0,1
workflow-verification-20260916,5c1fd964cadeeb74d6e45aef16bd49af0b25c696ac3d2d2f216243c766006867,20260916,0.12.0,1,supply,orders,False,16,16,O9,14,BASE,POWER,41.0,1,REGION,THRESHOLD,0,0,1
workflow-verification-20260916,5c1fd964cadeeb74d6e45aef16bd49af0b25c696ac3d2d2f216243c766006867,20260916,0.12.0,1,supply,orders,False,16,16,O10,15,REGION,POWER,41.0,1,CENTER,THRESHOLD,0,0,1
workflow-verification-20260916,5c1fd964cadeeb74d6e45aef16bd49af0b25c696ac3d2d2f216243c766006867,20260916,0.12.0,1,supply,orders,False,16,16,O11,17,BASE,POWER,41.9,1,REGION,THRESHOLD,0,0,1
workflow-verification-20260916,5c1fd964cadeeb74d6e45aef16bd49af0b25c696ac3d2d2f216243c766006867,20260916,0.12.0,1,supply,orders,False,16,16,O12,18,REGION,POWER,41.9,1,CENTER,THRESHOLD,0,0,1
workflow-verification-20260916,5c1fd964cadeeb74d6e45aef16bd49af0b25c696ac3d2d2f216243c766006867,20260916,0.12.0,1,supply,orders,False,16,16,O13,20,BASE,POWER,61.0,1,REGION,THRESHOLD,0,0,1
workflow-verification-20260916,5c1fd964cadeeb74d6e45aef16bd49af0b25c696ac3d2d2f216243c766006867,20260916,0.12.0,1,supply,orders,False,16,16,O14,21,REGION,POWER,61.0,1,CENTER,THRESHOLD,0,0,1
workflow-verification-20260916,5c1fd964cadeeb74d6e45aef16bd49af0b25c696ac3d2d2f216243c766006867,20260916,0.12.0,1,supply,orders,False,16,16,O15,23,BASE,POWER,65.0,1,REGION,THRESHOLD,0,0,1
workflow-verification-20260916,5c1fd964cadeeb74d6e45aef16bd49af0b25c696ac3d2d2f216243c766006867,20260916,0.12.0,1,supply,orders,False,16,16,O16,24,REGION,POWER,65.0,1,CENTER,THRESHOLD,0,0,1
workflow-verification-20260916,5c1fd964cadeeb74d6e45aef16bd49af0b25c696ac3d2d2f216243c766006867,20260916,0.12.0,2,supply,orders,False,14,14,O1,1,BASE,POWER,0,2,REGION,THRESHOLD,0,0,2
workflow-verification-20260916,5c1fd964cadeeb74d6e45aef16bd49af0b25c696ac3d2d2f216243c766006867,20260916,0.12.0,2,supply,orders,False,14,14,O2,2,REGION,POWER,0,2,CENTER,THRESHOLD,0,0,2
workflow-verification-20260916,5c1fd964cadeeb74d6e45aef16bd49af0b25c696ac3d2d2f216243c766006867,20260916,0.12.0,2,supply,orders,False,14,14,O3,4,BASE,POWER,17.0,1,REGION,THRESHOLD,0,0,1
workflow-verification-20260916,5c1fd964cadeeb74d6e45aef16bd49af0b25c696ac3d2d2f216243c766006867,20260916,0.12.0,2,supply,orders,False,14,14,O4,5,REGION,POWER,17.0,1,CENTER,THRESHOLD,0,0,1
workflow-verification-20260916,5c1fd964cadeeb74d6e45aef16bd49af0b25c696ac3d2d2f216243c766006867,20260916,0.12.0,2,supply,orders,False,14,14,O5,7,BASE,POWER,17.9,1,REGION,THRESHOLD,0,0,1
workflow-verification-20260916,5c1fd964cadeeb74d6e45aef16bd49af0b25c696ac3d2d2f216243c766006867,20260916,0.12.0,2,supply,orders,False,14,14,O6,8,REGION,POWER,17.9,1,CENTER,THRESHOLD,0,0,1
workflow-verification-20260916,5c1fd964cadeeb74d6e45aef16bd49af0b25c696ac3d2d2f216243c766006867,20260916,0.12.0,2,supply,orders,False,14,14,O7,10,BASE,POWER,33.0,1,REGION,THRESHOLD,0,0,1
workflow-verification-20260916,5c1fd964cadeeb74d6e45aef16bd49af0b25c696ac3d2d2f216243c766006867,20260916,0.12.0,2,supply,orders,False,14,14,O8,11,REGION,POWER,33.0,1,CENTER,THRESHOLD,0,0,1
workflow-verification-20260916,5c1fd964cadeeb74d6e45aef16bd49af0b25c696ac3d2d2f216243c766006867,20260916,0.12.0,2,supply,orders,False,14,14,O9,13,BASE,POWER,37.44999999999999,1,REGION,THRESHOLD,0,0,1
workflow-verification-20260916,5c1fd964cadeeb74d6e45aef16bd49af0b25c696ac3d2d2f216243c766006867,20260916,0.12.0,2,supply,orders,False,14,14,O10,14,REGION,POWER,37.44999999999999,1,CENTER,THRESHOLD,0,0,1
workflow-verification-20260916,5c1fd964cadeeb74d6e45aef16bd49af0b25c696ac3d2d2f216243c766006867,20260916,0.12.0,2,supply,orders,False,14,14,O11,16,BASE,POWER,65.0,1,REGION,THRESHOLD,0,0,1
workflow-verification-20260916,5c1fd964cadeeb74d6e45aef16bd49af0b25c696ac3d2d2f216243c766006867,20260916,0.12.0,2,supply,orders,False,14,14,O12,17,REGION,POWER,65.0,1,CENTER,THRESHOLD,0,0,1
workflow-verification-20260916,5c1fd964cadeeb74d6e45aef16bd49af0b25c696ac3d2d2f216243c766006867,20260916,0.12.0,2,supply,orders,False,14,14,O13,19,BASE,POWER,67.10000000000002,1,REGION,THRESHOLD,0,0,1
workflow-verification-20260916,5c1fd964cadeeb74d6e45aef16bd49af0b25c696ac3d2d2f216243c766006867,20260916,0.12.0,2,supply,orders,False,14,14,O14,20,REGION,POWER,67.10000000000002,1,CENTER,THRESHOLD,0,0,1
workflow-verification-20260916,5c1fd964cadeeb74d6e45aef16bd49af0b25c696ac3d2d2f216243c766006867,20260916,0.12.0,3,supply,orders,False,16,16,O1,1,BASE,POWER,0,2,REGION,THRESHOLD,0,0,2
workflow-verification-20260916,5c1fd964cadeeb74d6e45aef16bd49af0b25c696ac3d2d2f216243c766006867,20260916,0.12.0,3,supply,orders,False,16,16,O2,2,REGION,POWER,0,2,CENTER,THRESHOLD,0,0,2
workflow-verification-20260916,5c1fd964cadeeb74d6e45aef16bd49af0b25c696ac3d2d2f216243c766006867,20260916,0.12.0,3,supply,orders,False,16,16,O3,4,BASE,POWER,9.0,1,REGION,THRESHOLD,0,0,1
workflow-verification-20260916,5c1fd964cadeeb74d6e45aef16bd49af0b25c696ac3d2d2f216243c766006867,20260916,0.12.0,3,supply,orders,False,16,16,O4,5,REGION,POWER,9.0,1,CENTER,THRESHOLD,0,0,1
workflow-verification-20260916,5c1fd964cadeeb74d6e45aef16bd49af0b25c696ac3d2d2f216243c766006867,20260916,0.12.0,3,supply,orders,False,16,16,O5,7,BASE,POWER,17.099999999999994,1,REGION,THRESHOLD,0,0,1
workflow-verification-20260916,5c1fd964cadeeb74d6e45aef16bd49af0b25c696ac3d2d2f216243c766006867,20260916,0.12.0,3,supply,orders,False,16,16,O6,8,REGION,POWER,17.099999999999994,1,CENTER,THRESHOLD,0,0,1
workflow-verification-20260916,5c1fd964cadeeb74d6e45aef16bd49af0b25c696ac3d2d2f216243c766006867,20260916,0.12.0,3,supply,orders,False,16,16,O7,10,BASE,POWER,33.0,1,REGION,THRESHOLD,0,0,1
workflow-verification-20260916,5c1fd964cadeeb74d6e45aef16bd49af0b25c696ac3d2d2f216243c766006867,20260916,0.12.0,3,supply,orders,False,16,16,O8,11,REGION,POWER,33.0,1,CENTER,THRESHOLD,0,0,1
workflow-verification-20260916,5c1fd964cadeeb74d6e45aef16bd49af0b25c696ac3d2d2f216243c766006867,20260916,0.12.0,3,supply,orders,False,16,16,O9,13,BASE,POWER,42.09479030061558,1,REGION,THRESHOLD,0,0,1
workflow-verification-20260916,5c1fd964cadeeb74d6e45aef16bd49af0b25c696ac3d2d2f216243c766006867,20260916,0.12.0,3,supply,orders,False,16,16,O10,14,REGION,POWER,42.09479030061558,1,CENTER,THRESHOLD,0,0,1
workflow-verification-20260916,5c1fd964cadeeb74d6e45aef16bd49af0b25c696ac3d2d2f216243c766006867,20260916,0.12.0,3,supply,orders,False,16,16,O11,16,BASE,POWER,42.99479030061558,1,REGION,THRESHOLD,0,0,1
workflow-verification-20260916,5c1fd964cadeeb74d6e45aef16bd49af0b25c696ac3d2d2f216243c766006867,20260916,0.12.0,3,supply,orders,False,16,16,O12,17,REGION,POWER,42.99479030061558,1,CENTER,THRESHOLD,0,0,1
workflow-verification-20260916,5c1fd964cadeeb74d6e45aef16bd49af0b25c696ac3d2d2f216243c766006867,20260916,0.12.0,3,supply,orders,False,16,16,O13,19,BASE,POWER,61.29999999999999,1,REGION,THRESHOLD,0,0,1
workflow-verification-20260916,5c1fd964cadeeb74d6e45aef16bd49af0b25c696ac3d2d2f216243c766006867,20260916,0.12.0,3,supply,orders,False,16,16,O14,20,REGION,POWER,61.29999999999999,1,CENTER,THRESHOLD,0,0,1
workflow-verification-20260916,5c1fd964cadeeb74d6e45aef16bd49af0b25c696ac3d2d2f216243c766006867,20260916,0.12.0,3,supply,orders,False,16,16,O15,22,BASE,POWER,61.349999999999994,1,REGION,THRESHOLD,0,0,1
workflow-verification-20260916,5c1fd964cadeeb74d6e45aef16bd49af0b25c696ac3d2d2f216243c766006867,20260916,0.12.0,3,supply,orders,False,16,16,O16,23,REGION,POWER,61.349999999999994,1,CENTER,THRESHOLD,0,0,1
workflow-verification-20260916,5c1fd964cadeeb74d6e45aef16bd49af0b25c696ac3d2d2f216243c766006867,20260916,0.12.0,4,supply,orders,False,20,20,O1,1,BASE,POWER,0,2,REGION,THRESHOLD,0,0,2
workflow-verification-20260916,5c1fd964cadeeb74d6e45aef16bd49af0b25c696ac3d2d2f216243c766006867,20260916,0.12.0,4,supply,orders,False,20,20,O2,2,REGION,POWER,0,2,CENTER,THRESHOLD,0,0,2
workflow-verification-20260916,5c1fd964cadeeb74d6e45aef16bd49af0b25c696ac3d2d2f216243c766006867,20260916,0.12.0,4,supply,orders,False,20,20,O3,4,BASE,POWER,9.0,1,REGION,THRESHOLD,0,0,1
workflow-verification-20260916,5c1fd964cadeeb74d6e45aef16bd49af0b25c696ac3d2d2f216243c766006867,20260916,0.12.0,4,supply,orders,False,20,20,O4,5,REGION,POWER,9.0,1,CENTER,THRESHOLD,0,0,1
workflow-verification-20260916,5c1fd964cadeeb74d6e45aef16bd49af0b25c696ac3d2d2f216243c766006867,20260916,0.12.0,4,supply,orders,False,20,20,O5,7,BASE,POWER,14.3,1,REGION,THRESHOLD,0,0,1
workflow-verification-20260916,5c1fd964cadeeb74d6e45aef16bd49af0b25c696ac3d2d2f216243c766006867,20260916,0.12.0,4,supply,orders,False,20,20,O6,8,REGION,POWER,14.3,1,CENTER,THRESHOLD,0,0,1
workflow-verification-20260916,5c1fd964cadeeb74d6e45aef16bd49af0b25c696ac3d2d2f216243c766006867,20260916,0.12.0,4,supply,orders,False,20,20,O7,10,BASE,POWER,17.0,1,REGION,THRESHOLD,0,0,1
workflow-verification-20260916,5c1fd964cadeeb74d6e45aef16bd49af0b25c696ac3d2d2f216243c766006867,20260916,0.12.0,4,supply,orders,False,20,20,O8,11,REGION,POWER,17.0,1,CENTER,THRESHOLD,0,0,1
workflow-verification-20260916,5c1fd964cadeeb74d6e45aef16bd49af0b25c696ac3d2d2f216243c766006867,20260916,0.12.0,4,supply,orders,False,20,20,O9,14,BASE,POWER,33.0,2,REGION,THRESHOLD,0,0,2
workflow-verification-20260916,5c1fd964cadeeb74d6e45aef16bd49af0b25c696ac3d2d2f216243c766006867,20260916,0.12.0,4,supply,orders,False,20,20,O10,15,REGION,POWER,33.0,2,CENTER,THRESHOLD,0,0,2
workflow-verification-20260916,5c1fd964cadeeb74d6e45aef16bd49af0b25c696ac3d2d2f216243c766006867,20260916,0.12.0,4,supply,orders,False,20,20,O11,18,BASE,POWER,57.0,2,REGION,THRESHOLD,0,0,2
workflow-verification-20260916,5c1fd964cadeeb74d6e45aef16bd49af0b25c696ac3d2d2f216243c766006867,20260916,0.12.0,4,supply,orders,False,20,20,O12,19,REGION,POWER,57.0,2,CENTER,THRESHOLD,0,0,2
workflow-verification-20260916,5c1fd964cadeeb74d6e45aef16bd49af0b25c696ac3d2d2f216243c766006867,20260916,0.12.0,4,supply,orders,False,20,20,O13,21,BASE,POWER,62.55,1,REGION,THRESHOLD,0,0,1
workflow-verification-20260916,5c1fd964cadeeb74d6e45aef16bd49af0b25c696ac3d2d2f216243c766006867,20260916,0.12.0,4,supply,orders,False,20,20,O14,22,REGION,POWER,62.55,1,CENTER,THRESHOLD,0,0,1
workflow-verification-20260916,5c1fd964cadeeb74d6e45aef16bd49af0b25c696ac3d2d2f216243c766006867,20260916,0.12.0,4,supply,orders,False,20,20,O15,24,BASE,POWER,65.25,1,REGION,THRESHOLD,0,0,1
workflow-verification-20260916,5c1fd964cadeeb74d6e45aef16bd49af0b25c696ac3d2d2f216243c766006867,20260916,0.12.0,4,supply,orders,False,20,20,O16,25,REGION,POWER,65.25,1,CENTER,THRESHOLD,0,0,1
workflow-verification-20260916,5c1fd964cadeeb74d6e45aef16bd49af0b25c696ac3d2d2f216243c766006867,20260916,0.12.0,4,supply,orders,False,20,20,O17,27,BASE,POWER,66.5,1,REGION,THRESHOLD,0,0,1
workflow-verification-20260916,5c1fd964cadeeb74d6e45aef16bd49af0b25c696ac3d2d2f216243c766006867,20260916,0.12.0,4,supply,orders,False,20,20,O18,28,REGION,POWER,66.5,1,CENTER,THRESHOLD,0,0,1
workflow-verification-20260916,5c1fd964cadeeb74d6e45aef16bd49af0b25c696ac3d2d2f216243c766006867,20260916,0.12.0,4,supply,orders,False,20,20,O19,30,BASE,POWER,67.50000000000003,1,REGION,THRESHOLD,0,0,1
workflow-verification-20260916,5c1fd964cadeeb74d6e45aef16bd49af0b25c696ac3d2d2f216243c766006867,20260916,0.12.0,4,supply,orders,False,20,20,O20,31,REGION,POWER,67.50000000000003,1,CENTER,THRESHOLD,0,0,1
workflow-verification-20260916,5c1fd964cadeeb74d6e45aef16bd49af0b25c696ac3d2d2f216243c766006867,20260916,0.12.0,5,supply,orders,False,14,14,O1,1,BASE,POWER,0,2,REGION,THRESHOLD,0,0,2
workflow-verification-20260916,5c1fd964cadeeb74d6e45aef16bd49af0b25c696ac3d2d2f216243c766006867,20260916,0.12.0,5,supply,orders,False,14,14,O2,2,REGION,POWER,0,2,CENTER,THRESHOLD,0,0,2
workflow-verification-20260916,5c1fd964cadeeb74d6e45aef16bd49af0b25c696ac3d2d2f216243c766006867,20260916,0.12.0,5,supply,orders,False,14,14,O3,5,BASE,POWER,13.0,2,REGION,THRESHOLD,0,0,2
workflow-verification-20260916,5c1fd964cadeeb74d6e45aef16bd49af0b25c696ac3d2d2f216243c766006867,20260916,0.12.0,5,supply,orders,False,14,14,O4,6,REGION,POWER,13.0,2,CENTER,THRESHOLD,0,0,2
workflow-verification-20260916,5c1fd964cadeeb74d6e45aef16bd49af0b25c696ac3d2d2f216243c766006867,20260916,0.12.0,5,supply,orders,False,14,14,O5,8,BASE,POWER,17.0,1,REGION,THRESHOLD,0,0,1
workflow-verification-20260916,5c1fd964cadeeb74d6e45aef16bd49af0b25c696ac3d2d2f216243c766006867,20260916,0.12.0,5,supply,orders,False,14,14,O6,9,REGION,POWER,17.0,1,CENTER,THRESHOLD,0,0,1
workflow-verification-20260916,5c1fd964cadeeb74d6e45aef16bd49af0b25c696ac3d2d2f216243c766006867,20260916,0.12.0,5,supply,orders,False,14,14,O7,11,BASE,POWER,37.19999999999999,1,REGION,THRESHOLD,0,0,1
workflow-verification-20260916,5c1fd964cadeeb74d6e45aef16bd49af0b25c696ac3d2d2f216243c766006867,20260916,0.12.0,5,supply,orders,False,14,14,O8,12,REGION,POWER,37.19999999999999,1,CENTER,THRESHOLD,0,0,1
workflow-verification-20260916,5c1fd964cadeeb74d6e45aef16bd49af0b25c696ac3d2d2f216243c766006867,20260916,0.12.0,5,supply,orders,False,14,14,O9,14,BASE,POWER,37.29999999999998,1,REGION,THRESHOLD,0,0,1
workflow-verification-20260916,5c1fd964cadeeb74d6e45aef16bd49af0b25c696ac3d2d2f216243c766006867,20260916,0.12.0,5,supply,orders,False,14,14,O10,15,REGION,POWER,37.29999999999998,1,CENTER,THRESHOLD,0,0,1
workflow-verification-20260916,5c1fd964cadeeb74d6e45aef16bd49af0b25c696ac3d2d2f216243c766006867,20260916,0.12.0,5,supply,orders,False,14,14,O11,17,BASE,POWER,61.0,1,REGION,THRESHOLD,0,0,1
workflow-verification-20260916,5c1fd964cadeeb74d6e45aef16bd49af0b25c696ac3d2d2f216243c766006867,20260916,0.12.0,5,supply,orders,False,14,14,O12,18,REGION,POWER,61.0,1,CENTER,THRESHOLD,0,0,1
workflow-verification-20260916,5c1fd964cadeeb74d6e45aef16bd49af0b25c696ac3d2d2f216243c766006867,20260916,0.12.0,5,supply,orders,False,14,14,O13,20,BASE,POWER,66.30000000000001,1,REGION,THRESHOLD,0,0,1
workflow-verification-20260916,5c1fd964cadeeb74d6e45aef16bd49af0b25c696ac3d2d2f216243c766006867,20260916,0.12.0,5,supply,orders,False,14,14,O14,21,REGION,POWER,66.30000000000001,1,CENTER,THRESHOLD,0,0,1
workflow-verification-20260916,5c1fd964cadeeb74d6e45aef16bd49af0b25c696ac3d2d2f216243c766006867,20260916,0.12.0,6,supply,orders,False,18,18,O1,1,BASE,POWER,0,2,REGION,THRESHOLD,0,0,2
workflow-verification-20260916,5c1fd964cadeeb74d6e45aef16bd49af0b25c696ac3d2d2f216243c766006867,20260916,0.12.0,6,supply,orders,False,18,18,O2,2,REGION,POWER,0,2,CENTER,THRESHOLD,0,0,2
workflow-verification-20260916,5c1fd964cadeeb74d6e45aef16bd49af0b25c696ac3d2d2f216243c766006867,20260916,0.12.0,6,supply,orders,False,18,18,O3,4,BASE,POWER,9.0,1,REGION,THRESHOLD,0,0,1
workflow-verification-20260916,5c1fd964cadeeb74d6e45aef16bd49af0b25c696ac3d2d2f216243c766006867,20260916,0.12.0,6,supply,orders,False,18,18,O4,5,REGION,POWER,9.0,1,CENTER,THRESHOLD,0,0,1
workflow-verification-20260916,5c1fd964cadeeb74d6e45aef16bd49af0b25c696ac3d2d2f216243c766006867,20260916,0.12.0,6,supply,orders,False,18,18,O5,7,BASE,POWER,13.0,1,REGION,THRESHOLD,0,0,1
workflow-verification-20260916,5c1fd964cadeeb74d6e45aef16bd49af0b25c696ac3d2d2f216243c766006867,20260916,0.12.0,6,supply,orders,False,18,18,O6,8,REGION,POWER,13.0,1,CENTER,THRESHOLD,0,0,1
workflow-verification-20260916,5c1fd964cadeeb74d6e45aef16bd49af0b25c696ac3d2d2f216243c766006867,20260916,0.12.0,6,supply,orders,False,18,18,O7,10,BASE,POWER,17.0,1,REGION,THRESHOLD,0,0,1
workflow-verification-20260916,5c1fd964cadeeb74d6e45aef16bd49af0b25c696ac3d2d2f216243c766006867,20260916,0.12.0,6,supply,orders,False,18,18,O8,11,REGION,POWER,17.0,1,CENTER,THRESHOLD,0,0,1
workflow-verification-20260916,5c1fd964cadeeb74d6e45aef16bd49af0b25c696ac3d2d2f216243c766006867,20260916,0.12.0,6,supply,orders,False,18,18,O9,13,BASE,POWER,33.0,1,REGION,THRESHOLD,0,0,1
workflow-verification-20260916,5c1fd964cadeeb74d6e45aef16bd49af0b25c696ac3d2d2f216243c766006867,20260916,0.12.0,6,supply,orders,False,18,18,O10,14,REGION,POWER,33.0,1,CENTER,THRESHOLD,0,0,1
workflow-verification-20260916,5c1fd964cadeeb74d6e45aef16bd49af0b25c696ac3d2d2f216243c766006867,20260916,0.12.0,6,supply,orders,False,18,18,O11,16,BASE,POWER,37.0,1,REGION,THRESHOLD,0,0,1
workflow-verification-20260916,5c1fd964cadeeb74d6e45aef16bd49af0b25c696ac3d2d2f216243c766006867,20260916,0.12.0,6,supply,orders,False,18,18,O12,17,REGION,POWER,37.0,1,CENTER,THRESHOLD,0,0,1
workflow-verification-20260916,5c1fd964cadeeb74d6e45aef16bd49af0b25c696ac3d2d2f216243c766006867,20260916,0.12.0,6,supply,orders,False,18,18,O13,19,BASE,POWER,57.0,1,REGION,THRESHOLD,0,0,1
workflow-verification-20260916,5c1fd964cadeeb74d6e45aef16bd49af0b25c696ac3d2d2f216243c766006867,20260916,0.12.0,6,supply,orders,False,18,18,O14,20,REGION,POWER,57.0,1,CENTER,THRESHOLD,0,0,1
workflow-verification-20260916,5c1fd964cadeeb74d6e45aef16bd49af0b25c696ac3d2d2f216243c766006867,20260916,0.12.0,6,supply,orders,False,18,18,O15,22,BASE,POWER,57.9,1,REGION,THRESHOLD,0,0,1
workflow-verification-20260916,5c1fd964cadeeb74d6e45aef16bd49af0b25c696ac3d2d2f216243c766006867,20260916,0.12.0,6,supply,orders,False,18,18,O16,23,REGION,POWER,57.9,1,CENTER,THRESHOLD,0,0,1
workflow-verification-20260916,5c1fd964cadeeb74d6e45aef16bd49af0b25c696ac3d2d2f216243c766006867,20260916,0.12.0,6,supply,orders,False,18,18,O17,25,BASE,POWER,63.099999999999994,1,REGION,THRESHOLD,0,0,1
workflow-verification-20260916,5c1fd964cadeeb74d6e45aef16bd49af0b25c696ac3d2d2f216243c766006867,20260916,0.12.0,6,supply,orders,False,18,18,O18,26,REGION,POWER,63.099999999999994,1,CENTER,THRESHOLD,0,0,1
workflow-verification-20260916,5c1fd964cadeeb74d6e45aef16bd49af0b25c696ac3d2d2f216243c766006867,20260916,0.12.0,7,supply,orders,False,18,18,O1,1,BASE,POWER,0,2,REGION,THRESHOLD,0,0,2
workflow-verification-20260916,5c1fd964cadeeb74d6e45aef16bd49af0b25c696ac3d2d2f216243c766006867,20260916,0.12.0,7,supply,orders,False,18,18,O2,2,REGION,POWER,0,2,CENTER,THRESHOLD,0,0,2
workflow-verification-20260916,5c1fd964cadeeb74d6e45aef16bd49af0b25c696ac3d2d2f216243c766006867,20260916,0.12.0,7,supply,orders,False,18,18,O3,4,BASE,POWER,9.0,1,REGION,THRESHOLD,0,0,1
workflow-verification-20260916,5c1fd964cadeeb74d6e45aef16bd49af0b25c696ac3d2d2f216243c766006867,20260916,0.12.0,7,supply,orders,False,18,18,O4,5,REGION,POWER,9.0,1,CENTER,THRESHOLD,0,0,1
workflow-verification-20260916,5c1fd964cadeeb74d6e45aef16bd49af0b25c696ac3d2d2f216243c766006867,20260916,0.12.0,7,supply,orders,False,18,18,O5,7,BASE,POWER,13.0,1,REGION,THRESHOLD,0,0,1
workflow-verification-20260916,5c1fd964cadeeb74d6e45aef16bd49af0b25c696ac3d2d2f216243c766006867,20260916,0.12.0,7,supply,orders,False,18,18,O6,8,REGION,POWER,13.0,1,CENTER,THRESHOLD,0,0,1
workflow-verification-20260916,5c1fd964cadeeb74d6e45aef16bd49af0b25c696ac3d2d2f216243c766006867,20260916,0.12.0,7,supply,orders,False,18,18,O7,10,BASE,POWER,38.649999999999984,1,REGION,THRESHOLD,0,0,1
workflow-verification-20260916,5c1fd964cadeeb74d6e45aef16bd49af0b25c696ac3d2d2f216243c766006867,20260916,0.12.0,7,supply,orders,False,18,18,O8,11,REGION,POWER,38.649999999999984,1,CENTER,THRESHOLD,0,0,1
workflow-verification-20260916,5c1fd964cadeeb74d6e45aef16bd49af0b25c696ac3d2d2f216243c766006867,20260916,0.12.0,7,supply,orders,False,18,18,O9,13,BASE,POWER,57.0,1,REGION,THRESHOLD,0,0,1
workflow-verification-20260916,5c1fd964cadeeb74d6e45aef16bd49af0b25c696ac3d2d2f216243c766006867,20260916,0.12.0,7,supply,orders,False,18,18,O10,14,REGION,POWER,57.0,1,CENTER,THRESHOLD,0,0,1
workflow-verification-20260916,5c1fd964cadeeb74d6e45aef16bd49af0b25c696ac3d2d2f216243c766006867,20260916,0.12.0,7,supply,orders,False,18,18,O11,16,BASE,POWER,58.15,1,REGION,THRESHOLD,0,0,1
workflow-verification-20260916,5c1fd964cadeeb74d6e45aef16bd49af0b25c696ac3d2d2f216243c766006867,20260916,0.12.0,7,supply,orders,False,18,18,O12,17,REGION,POWER,58.15,1,CENTER,THRESHOLD,0,0,1
workflow-verification-20260916,5c1fd964cadeeb74d6e45aef16bd49af0b25c696ac3d2d2f216243c766006867,20260916,0.12.0,7,supply,orders,False,18,18,O13,19,BASE,POWER,61.249999999999986,1,REGION,THRESHOLD,0,0,1
workflow-verification-20260916,5c1fd964cadeeb74d6e45aef16bd49af0b25c696ac3d2d2f216243c766006867,20260916,0.12.0,7,supply,orders,False,18,18,O14,20,REGION,POWER,61.249999999999986,1,CENTER,THRESHOLD,0,0,1
workflow-verification-20260916,5c1fd964cadeeb74d6e45aef16bd49af0b25c696ac3d2d2f216243c766006867,20260916,0.12.0,7,supply,orders,False,18,18,O15,22,BASE,POWER,65.19999999999999,1,REGION,THRESHOLD,0,0,1
workflow-verification-20260916,5c1fd964cadeeb74d6e45aef16bd49af0b25c696ac3d2d2f216243c766006867,20260916,0.12.0,7,supply,orders,False,18,18,O16,23,REGION,POWER,65.19999999999999,1,CENTER,THRESHOLD,0,0,1
workflow-verification-20260916,5c1fd964cadeeb74d6e45aef16bd49af0b25c696ac3d2d2f216243c766006867,20260916,0.12.0,7,supply,orders,False,18,18,O17,25,BASE,POWER,66.0,1,REGION,THRESHOLD,0,0,1
workflow-verification-20260916,5c1fd964cadeeb74d6e45aef16bd49af0b25c696ac3d2d2f216243c766006867,20260916,0.12.0,7,supply,orders,False,18,18,O18,26,REGION,POWER,66.0,1,CENTER,THRESHOLD,0,0,1
workflow-verification-20260916,5c1fd964cadeeb74d6e45aef16bd49af0b25c696ac3d2d2f216243c766006867,20260916,0.12.0,8,supply,orders,False,10,10,O1,1,BASE,POWER,0,2,REGION,THRESHOLD,0,0,2
workflow-verification-20260916,5c1fd964cadeeb74d6e45aef16bd49af0b25c696ac3d2d2f216243c766006867,20260916,0.12.0,8,supply,orders,False,10,10,O2,2,REGION,POWER,0,2,CENTER,THRESHOLD,0,0,2
workflow-verification-20260916,5c1fd964cadeeb74d6e45aef16bd49af0b25c696ac3d2d2f216243c766006867,20260916,0.12.0,8,supply,orders,False,10,10,O3,5,BASE,POWER,9.0,2,REGION,THRESHOLD,0,0,2
workflow-verification-20260916,5c1fd964cadeeb74d6e45aef16bd49af0b25c696ac3d2d2f216243c766006867,20260916,0.12.0,8,supply,orders,False,10,10,O4,6,REGION,POWER,9.0,2,CENTER,THRESHOLD,0,0,2
workflow-verification-20260916,5c1fd964cadeeb74d6e45aef16bd49af0b25c696ac3d2d2f216243c766006867,20260916,0.12.0,8,supply,orders,False,10,10,O5,8,BASE,POWER,14.3,1,REGION,THRESHOLD,0,0,1
workflow-verification-20260916,5c1fd964cadeeb74d6e45aef16bd49af0b25c696ac3d2d2f216243c766006867,20260916,0.12.0,8,supply,orders,False,10,10,O6,9,REGION,POWER,14.3,1,CENTER,THRESHOLD,0,0,1
workflow-verification-20260916,5c1fd964cadeeb74d6e45aef16bd49af0b25c696ac3d2d2f216243c766006867,20260916,0.12.0,8,supply,orders,False,10,10,O7,12,BASE,POWER,57.0,2,REGION,THRESHOLD,0,0,2
workflow-verification-20260916,5c1fd964cadeeb74d6e45aef16bd49af0b25c696ac3d2d2f216243c766006867,20260916,0.12.0,8,supply,orders,False,10,10,O8,13,REGION,POWER,57.0,2,CENTER,THRESHOLD,0,0,2
workflow-verification-20260916,5c1fd964cadeeb74d6e45aef16bd49af0b25c696ac3d2d2f216243c766006867,20260916,0.12.0,8,supply,orders,False,10,10,O9,15,BASE,POWER,61.0,1,REGION,THRESHOLD,0,0,1
workflow-verification-20260916,5c1fd964cadeeb74d6e45aef16bd49af0b25c696ac3d2d2f216243c766006867,20260916,0.12.0,8,supply,orders,False,10,10,O10,16,REGION,POWER,61.0,1,CENTER,THRESHOLD,0,0,1
workflow-verification-20260916,5c1fd964cadeeb74d6e45aef16bd49af0b25c696ac3d2d2f216243c766006867,20260916,0.12.0,9,supply,orders,False,16,16,O1,1,BASE,POWER,0,2,REGION,THRESHOLD,0,0,2
workflow-verification-20260916,5c1fd964cadeeb74d6e45aef16bd49af0b25c696ac3d2d2f216243c766006867,20260916,0.12.0,9,supply,orders,False,16,16,O2,2,REGION,POWER,0,2,CENTER,THRESHOLD,0,0,2
workflow-verification-20260916,5c1fd964cadeeb74d6e45aef16bd49af0b25c696ac3d2d2f216243c766006867,20260916,0.12.0,9,supply,orders,False,16,16,O3,4,BASE,POWER,9.0,1,REGION,THRESHOLD,0,0,1
workflow-verification-20260916,5c1fd964cadeeb74d6e45aef16bd49af0b25c696ac3d2d2f216243c766006867,20260916,0.12.0,9,supply,orders,False,16,16,O4,5,REGION,POWER,9.0,1,CENTER,THRESHOLD,0,0,1
workflow-verification-20260916,5c1fd964cadeeb74d6e45aef16bd49af0b25c696ac3d2d2f216243c766006867,20260916,0.12.0,9,supply,orders,False,16,16,O5,7,BASE,POWER,17.0,1,REGION,THRESHOLD,0,0,1
workflow-verification-20260916,5c1fd964cadeeb74d6e45aef16bd49af0b25c696ac3d2d2f216243c766006867,20260916,0.12.0,9,supply,orders,False,16,16,O6,8,REGION,POWER,17.0,1,CENTER,THRESHOLD,0,0,1
workflow-verification-20260916,5c1fd964cadeeb74d6e45aef16bd49af0b25c696ac3d2d2f216243c766006867,20260916,0.12.0,9,supply,orders,False,16,16,O7,10,BASE,POWER,33.0,1,REGION,THRESHOLD,0,0,1
workflow-verification-20260916,5c1fd964cadeeb74d6e45aef16bd49af0b25c696ac3d2d2f216243c766006867,20260916,0.12.0,9,supply,orders,False,16,16,O8,11,REGION,POWER,33.0,1,CENTER,THRESHOLD,0,0,1
workflow-verification-20260916,5c1fd964cadeeb74d6e45aef16bd49af0b25c696ac3d2d2f216243c766006867,20260916,0.12.0,9,supply,orders,False,16,16,O9,13,BASE,POWER,37.44999999999999,1,REGION,THRESHOLD,0,0,1
workflow-verification-20260916,5c1fd964cadeeb74d6e45aef16bd49af0b25c696ac3d2d2f216243c766006867,20260916,0.12.0,9,supply,orders,False,16,16,O10,14,REGION,POWER,37.44999999999999,1,CENTER,THRESHOLD,0,0,1
workflow-verification-20260916,5c1fd964cadeeb74d6e45aef16bd49af0b25c696ac3d2d2f216243c766006867,20260916,0.12.0,9,supply,orders,False,16,16,O11,16,BASE,POWER,41.0,1,REGION,THRESHOLD,0,0,1
workflow-verification-20260916,5c1fd964cadeeb74d6e45aef16bd49af0b25c696ac3d2d2f216243c766006867,20260916,0.12.0,9,supply,orders,False,16,16,O12,17,REGION,POWER,41.0,1,CENTER,THRESHOLD,0,0,1
workflow-verification-20260916,5c1fd964cadeeb74d6e45aef16bd49af0b25c696ac3d2d2f216243c766006867,20260916,0.12.0,9,supply,orders,False,16,16,O13,19,BASE,POWER,61.29999999999999,1,REGION,THRESHOLD,0,0,1
workflow-verification-20260916,5c1fd964cadeeb74d6e45aef16bd49af0b25c696ac3d2d2f216243c766006867,20260916,0.12.0,9,supply,orders,False,16,16,O14,20,REGION,POWER,61.29999999999999,1,CENTER,THRESHOLD,0,0,1
workflow-verification-20260916,5c1fd964cadeeb74d6e45aef16bd49af0b25c696ac3d2d2f216243c766006867,20260916,0.12.0,9,supply,orders,False,16,16,O15,22,BASE,POWER,62.499999999999986,1,REGION,THRESHOLD,0,0,1
workflow-verification-20260916,5c1fd964cadeeb74d6e45aef16bd49af0b25c696ac3d2d2f216243c766006867,20260916,0.12.0,9,supply,orders,False,16,16,O16,23,REGION,POWER,62.499999999999986,1,CENTER,THRESHOLD,0,0,1
workflow-verification-20260916,5c1fd964cadeeb74d6e45aef16bd49af0b25c696ac3d2d2f216243c766006867,20260916,0.12.0,10,supply,orders,False,12,12,O1,1,BASE,POWER,0,2,REGION,THRESHOLD,0,0,2
workflow-verification-20260916,5c1fd964cadeeb74d6e45aef16bd49af0b25c696ac3d2d2f216243c766006867,20260916,0.12.0,10,supply,orders,False,12,12,O2,2,REGION,POWER,0,2,CENTER,THRESHOLD,0,0,2
workflow-verification-20260916,5c1fd964cadeeb74d6e45aef16bd49af0b25c696ac3d2d2f216243c766006867,20260916,0.12.0,10,supply,orders,False,12,12,O3,4,BASE,POWER,9.0,1,REGION,THRESHOLD,0,0,1
workflow-verification-20260916,5c1fd964cadeeb74d6e45aef16bd49af0b25c696ac3d2d2f216243c766006867,20260916,0.12.0,10,supply,orders,False,12,12,O4,5,REGION,POWER,9.0,1,CENTER,THRESHOLD,0,0,1
workflow-verification-20260916,5c1fd964cadeeb74d6e45aef16bd49af0b25c696ac3d2d2f216243c766006867,20260916,0.12.0,10,supply,orders,False,12,12,O5,7,BASE,POWER,34.349999999999994,1,REGION,THRESHOLD,0,0,1
workflow-verification-20260916,5c1fd964cadeeb74d6e45aef16bd49af0b25c696ac3d2d2f216243c766006867,20260916,0.12.0,10,supply,orders,False,12,12,O6,8,REGION,POWER,34.349999999999994,1,CENTER,THRESHOLD,0,0,1
workflow-verification-20260916,5c1fd964cadeeb74d6e45aef16bd49af0b25c696ac3d2d2f216243c766006867,20260916,0.12.0,10,supply,orders,False,12,12,O7,10,BASE,POWER,37.29999999999999,1,REGION,THRESHOLD,0,0,1
workflow-verification-20260916,5c1fd964cadeeb74d6e45aef16bd49af0b25c696ac3d2d2f216243c766006867,20260916,0.12.0,10,supply,orders,False,12,12,O8,11,REGION,POWER,37.29999999999999,1,CENTER,THRESHOLD,0,0,1
workflow-verification-20260916,5c1fd964cadeeb74d6e45aef16bd49af0b25c696ac3d2d2f216243c766006867,20260916,0.12.0,10,supply,orders,False,12,12,O9,13,BASE,POWER,38.499999999999986,1,REGION,THRESHOLD,0,0,1
workflow-verification-20260916,5c1fd964cadeeb74d6e45aef16bd49af0b25c696ac3d2d2f216243c766006867,20260916,0.12.0,10,supply,orders,False,12,12,O10,14,REGION,POWER,38.499999999999986,1,CENTER,THRESHOLD,0,0,1
workflow-verification-20260916,5c1fd964cadeeb74d6e45aef16bd49af0b25c696ac3d2d2f216243c766006867,20260916,0.12.0,10,supply,orders,False,12,12,O11,16,BASE,POWER,61.0,1,REGION,THRESHOLD,0,0,1
workflow-verification-20260916,5c1fd964cadeeb74d6e45aef16bd49af0b25c696ac3d2d2f216243c766006867,20260916,0.12.0,10,supply,orders,False,12,12,O12,17,REGION,POWER,61.0,1,CENTER,THRESHOLD,0,0,1
workflow-verification-20260916,5c1fd964cadeeb74d6e45aef16bd49af0b25c696ac3d2d2f216243c766006867,20260916,0.12.0,11,supply,orders,False,22,22,O1,1,BASE,POWER,0,2,REGION,THRESHOLD,0,0,2
workflow-verification-20260916,5c1fd964cadeeb74d6e45aef16bd49af0b25c696ac3d2d2f216243c766006867,20260916,0.12.0,11,supply,orders,False,22,22,O2,2,REGION,POWER,0,2,CENTER,THRESHOLD,0,0,2
workflow-verification-20260916,5c1fd964cadeeb74d6e45aef16bd49af0b25c696ac3d2d2f216243c766006867,20260916,0.12.0,11,supply,orders,False,22,22,O3,4,BASE,POWER,10.3,1,REGION,THRESHOLD,0,0,1
workflow-verification-20260916,5c1fd964cadeeb74d6e45aef16bd49af0b25c696ac3d2d2f216243c766006867,20260916,0.12.0,11,supply,orders,False,22,22,O4,5,REGION,POWER,10.3,1,CENTER,THRESHOLD,0,0,1
workflow-verification-20260916,5c1fd964cadeeb74d6e45aef16bd49af0b25c696ac3d2d2f216243c766006867,20260916,0.12.0,11,supply,orders,False,22,22,O5,7,BASE,POWER,13.0,1,REGION,THRESHOLD,0,0,1
workflow-verification-20260916,5c1fd964cadeeb74d6e45aef16bd49af0b25c696ac3d2d2f216243c766006867,20260916,0.12.0,11,supply,orders,False,22,22,O6,8,REGION,POWER,13.0,1,CENTER,THRESHOLD,0,0,1
workflow-verification-20260916,5c1fd964cadeeb74d6e45aef16bd49af0b25c696ac3d2d2f216243c766006867,20260916,0.12.0,11,supply,orders,False,22,22,O7,10,BASE,POWER,14.200000000000001,1,REGION,THRESHOLD,0,0,1
workflow-verification-20260916,5c1fd964cadeeb74d6e45aef16bd49af0b25c696ac3d2d2f216243c766006867,20260916,0.12.0,11,supply,orders,False,22,22,O8,11,REGION,POWER,14.200000000000001,1,CENTER,THRESHOLD,0,0,1
workflow-verification-20260916,5c1fd964cadeeb74d6e45aef16bd49af0b25c696ac3d2d2f216243c766006867,20260916,0.12.0,11,supply,orders,False,22,22,O9,13,BASE,POWER,17.0,1,REGION,THRESHOLD,0,0,1
workflow-verification-20260916,5c1fd964cadeeb74d6e45aef16bd49af0b25c696ac3d2d2f216243c766006867,20260916,0.12.0,11,supply,orders,False,22,22,O10,14,REGION,POWER,17.0,1,CENTER,THRESHOLD,0,0,1
workflow-verification-20260916,5c1fd964cadeeb74d6e45aef16bd49af0b25c696ac3d2d2f216243c766006867,20260916,0.12.0,11,supply,orders,False,22,22,O11,16,BASE,POWER,37.0,1,REGION,THRESHOLD,0,0,1
workflow-verification-20260916,5c1fd964cadeeb74d6e45aef16bd49af0b25c696ac3d2d2f216243c766006867,20260916,0.12.0,11,supply,orders,False,22,22,O12,17,REGION,POWER,37.0,1,CENTER,THRESHOLD,0,0,1
workflow-verification-20260916,5c1fd964cadeeb74d6e45aef16bd49af0b25c696ac3d2d2f216243c766006867,20260916,0.12.0,11,supply,orders,False,22,22,O13,19,BASE,POWER,41.0,1,REGION,THRESHOLD,0,0,1
workflow-verification-20260916,5c1fd964cadeeb74d6e45aef16bd49af0b25c696ac3d2d2f216243c766006867,20260916,0.12.0,11,supply,orders,False,22,22,O14,20,REGION,POWER,41.0,1,CENTER,THRESHOLD,0,0,1
workflow-verification-20260916,5c1fd964cadeeb74d6e45aef16bd49af0b25c696ac3d2d2f216243c766006867,20260916,0.12.0,11,supply,orders,False,22,22,O15,23,BASE,POWER,57.0,2,REGION,THRESHOLD,0,0,2
workflow-verification-20260916,5c1fd964cadeeb74d6e45aef16bd49af0b25c696ac3d2d2f216243c766006867,20260916,0.12.0,11,supply,orders,False,22,22,O16,24,REGION,POWER,57.0,2,CENTER,THRESHOLD,0,0,2
workflow-verification-20260916,5c1fd964cadeeb74d6e45aef16bd49af0b25c696ac3d2d2f216243c766006867,20260916,0.12.0,11,supply,orders,False,22,22,O17,26,BASE,POWER,61.0,1,REGION,THRESHOLD,0,0,1
workflow-verification-20260916,5c1fd964cadeeb74d6e45aef16bd49af0b25c696ac3d2d2f216243c766006867,20260916,0.12.0,11,supply,orders,False,22,22,O18,27,REGION,POWER,61.0,1,CENTER,THRESHOLD,0,0,1
workflow-verification-20260916,5c1fd964cadeeb74d6e45aef16bd49af0b25c696ac3d2d2f216243c766006867,20260916,0.12.0,11,supply,orders,False,22,22,O19,29,BASE,POWER,62.15,1,REGION,THRESHOLD,0,0,1
workflow-verification-20260916,5c1fd964cadeeb74d6e45aef16bd49af0b25c696ac3d2d2f216243c766006867,20260916,0.12.0,11,supply,orders,False,22,22,O20,30,REGION,POWER,62.15,1,CENTER,THRESHOLD,0,0,1
workflow-verification-20260916,5c1fd964cadeeb74d6e45aef16bd49af0b25c696ac3d2d2f216243c766006867,20260916,0.12.0,11,supply,orders,False,22,22,O21,32,BASE,POWER,65.0,1,REGION,THRESHOLD,0,0,1
workflow-verification-20260916,5c1fd964cadeeb74d6e45aef16bd49af0b25c696ac3d2d2f216243c766006867,20260916,0.12.0,11,supply,orders,False,22,22,O22,33,REGION,POWER,65.0,1,CENTER,THRESHOLD,0,0,1
workflow-verification-20260916,5c1fd964cadeeb74d6e45aef16bd49af0b25c696ac3d2d2f216243c766006867,20260916,0.12.0,12,supply,orders,False,21,21,O1,1,BASE,POWER,0,2,REGION,THRESHOLD,0,0,2
workflow-verification-20260916,5c1fd964cadeeb74d6e45aef16bd49af0b25c696ac3d2d2f216243c766006867,20260916,0.12.0,12,supply,orders,False,21,21,O2,2,REGION,POWER,0,2,CENTER,THRESHOLD,0,0,2
workflow-verification-20260916,5c1fd964cadeeb74d6e45aef16bd49af0b25c696ac3d2d2f216243c766006867,20260916,0.12.0,12,supply,orders,False,21,21,O3,5,BASE,POWER,9.0,2,REGION,THRESHOLD,0,0,2
workflow-verification-20260916,5c1fd964cadeeb74d6e45aef16bd49af0b25c696ac3d2d2f216243c766006867,20260916,0.12.0,12,supply,orders,False,21,21,O4,6,REGION,POWER,9.0,2,CENTER,THRESHOLD,0,0,2
workflow-verification-20260916,5c1fd964cadeeb74d6e45aef16bd49af0b25c696ac3d2d2f216243c766006867,20260916,0.12.0,12,supply,orders,False,21,21,O5,8,BASE,POWER,13.0,1,REGION,THRESHOLD,0,0,1
workflow-verification-20260916,5c1fd964cadeeb74d6e45aef16bd49af0b25c696ac3d2d2f216243c766006867,20260916,0.12.0,12,supply,orders,False,21,21,O6,9,REGION,POWER,13.0,1,CENTER,THRESHOLD,0,0,1
workflow-verification-20260916,5c1fd964cadeeb74d6e45aef16bd49af0b25c696ac3d2d2f216243c766006867,20260916,0.12.0,12,supply,orders,False,21,21,O7,11,BASE,POWER,13.9,1,REGION,THRESHOLD,0,0,1
workflow-verification-20260916,5c1fd964cadeeb74d6e45aef16bd49af0b25c696ac3d2d2f216243c766006867,20260916,0.12.0,12,supply,orders,False,21,21,O8,12,REGION,POWER,13.9,1,CENTER,THRESHOLD,0,0,1
workflow-verification-20260916,5c1fd964cadeeb74d6e45aef16bd49af0b25c696ac3d2d2f216243c766006867,20260916,0.12.0,12,supply,orders,False,21,21,O9,14,BASE,POWER,37.249999999999986,1,REGION,THRESHOLD,0,0,1
workflow-verification-20260916,5c1fd964cadeeb74d6e45aef16bd49af0b25c696ac3d2d2f216243c766006867,20260916,0.12.0,12,supply,orders,False,21,21,O10,15,REGION,POWER,37.249999999999986,1,CENTER,THRESHOLD,0,0,1
workflow-verification-20260916,5c1fd964cadeeb74d6e45aef16bd49af0b25c696ac3d2d2f216243c766006867,20260916,0.12.0,12,supply,orders,False,21,21,O11,17,BASE,POWER,37.25,1,REGION,THRESHOLD,0,0,1
workflow-verification-20260916,5c1fd964cadeeb74d6e45aef16bd49af0b25c696ac3d2d2f216243c766006867,20260916,0.12.0,12,supply,orders,False,21,21,O12,18,REGION,POWER,37.25,1,CENTER,THRESHOLD,0,0,1
workflow-verification-20260916,5c1fd964cadeeb74d6e45aef16bd49af0b25c696ac3d2d2f216243c766006867,20260916,0.12.0,12,supply,orders,False,21,21,O13,20,BASE,POWER,41.0,1,REGION,THRESHOLD,0,0,1
workflow-verification-20260916,5c1fd964cadeeb74d6e45aef16bd49af0b25c696ac3d2d2f216243c766006867,20260916,0.12.0,12,supply,orders,False,21,21,O14,21,REGION,POWER,41.0,1,CENTER,THRESHOLD,0,0,1
workflow-verification-20260916,5c1fd964cadeeb74d6e45aef16bd49af0b25c696ac3d2d2f216243c766006867,20260916,0.12.0,12,supply,orders,False,21,21,O15,23,BASE,POWER,57.0,1,REGION,THRESHOLD,0,0,1
workflow-verification-20260916,5c1fd964cadeeb74d6e45aef16bd49af0b25c696ac3d2d2f216243c766006867,20260916,0.12.0,12,supply,orders,False,21,21,O16,24,REGION,POWER,57.0,1,CENTER,THRESHOLD,0,0,1
workflow-verification-20260916,5c1fd964cadeeb74d6e45aef16bd49af0b25c696ac3d2d2f216243c766006867,20260916,0.12.0,12,supply,orders,False,21,21,O17,27,BASE,POWER,61.0,2,REGION,THRESHOLD,0,0,2
workflow-verification-20260916,5c1fd964cadeeb74d6e45aef16bd49af0b25c696ac3d2d2f216243c766006867,20260916,0.12.0,12,supply,orders,False,21,21,O18,28,REGION,POWER,61.0,2,CENTER,THRESHOLD,0,0,2
workflow-verification-20260916,5c1fd964cadeeb74d6e45aef16bd49af0b25c696ac3d2d2f216243c766006867,20260916,0.12.0,12,supply,orders,False,21,21,O19,30,BASE,POWER,61.8,1,REGION,THRESHOLD,0,0,1
workflow-verification-20260916,5c1fd964cadeeb74d6e45aef16bd49af0b25c696ac3d2d2f216243c766006867,20260916,0.12.0,12,supply,orders,False,21,21,O20,32,BASE,POWER,66.30000000000001,1,REGION,THRESHOLD,0,0,1
workflow-verification-20260916,5c1fd964cadeeb74d6e45aef16bd49af0b25c696ac3d2d2f216243c766006867,20260916,0.12.0,12,supply,orders,False,21,21,O21,33,REGION,POWER,66.30000000000001,1,CENTER,THRESHOLD,0,0,1
workflow-verification-20260916,5c1fd964cadeeb74d6e45aef16bd49af0b25c696ac3d2d2f216243c766006867,20260916,0.12.0,13,supply,orders,False,16,16,O1,1,BASE,POWER,0,2,REGION,THRESHOLD,0,0,2
workflow-verification-20260916,5c1fd964cadeeb74d6e45aef16bd49af0b25c696ac3d2d2f216243c766006867,20260916,0.12.0,13,supply,orders,False,16,16,O2,2,REGION,POWER,0,2,CENTER,THRESHOLD,0,0,2
workflow-verification-20260916,5c1fd964cadeeb74d6e45aef16bd49af0b25c696ac3d2d2f216243c766006867,20260916,0.12.0,13,supply,orders,False,16,16,O3,4,BASE,POWER,10.100000000000001,1,REGION,THRESHOLD,0,0,1
workflow-verification-20260916,5c1fd964cadeeb74d6e45aef16bd49af0b25c696ac3d2d2f216243c766006867,20260916,0.12.0,13,supply,orders,False,16,16,O4,5,REGION,POWER,10.100000000000001,1,CENTER,THRESHOLD,0,0,1
workflow-verification-20260916,5c1fd964cadeeb74d6e45aef16bd49af0b25c696ac3d2d2f216243c766006867,20260916,0.12.0,13,supply,orders,False,16,16,O5,7,BASE,POWER,10.800000000000002,1,REGION,THRESHOLD,0,0,1
workflow-verification-20260916,5c1fd964cadeeb74d6e45aef16bd49af0b25c696ac3d2d2f216243c766006867,20260916,0.12.0,13,supply,orders,False,16,16,O6,8,REGION,POWER,10.800000000000002,1,CENTER,THRESHOLD,0,0,1
workflow-verification-20260916,5c1fd964cadeeb74d6e45aef16bd49af0b25c696ac3d2d2f216243c766006867,20260916,0.12.0,13,supply,orders,False,16,16,O7,10,BASE,POWER,18.25,1,REGION,THRESHOLD,0,0,1
workflow-verification-20260916,5c1fd964cadeeb74d6e45aef16bd49af0b25c696ac3d2d2f216243c766006867,20260916,0.12.0,13,supply,orders,False,16,16,O8,11,REGION,POWER,18.25,1,CENTER,THRESHOLD,0,0,1
workflow-verification-20260916,5c1fd964cadeeb74d6e45aef16bd49af0b25c696ac3d2d2f216243c766006867,20260916,0.12.0,13,supply,orders,False,16,16,O9,13,BASE,POWER,18.999999999999993,1,REGION,THRESHOLD,0,0,1
workflow-verification-20260916,5c1fd964cadeeb74d6e45aef16bd49af0b25c696ac3d2d2f216243c766006867,20260916,0.12.0,13,supply,orders,False,16,16,O10,14,REGION,POWER,18.999999999999993,1,CENTER,THRESHOLD,0,0,1
workflow-verification-20260916,5c1fd964cadeeb74d6e45aef16bd49af0b25c696ac3d2d2f216243c766006867,20260916,0.12.0,13,supply,orders,False,16,16,O11,16,BASE,POWER,42.24999999999999,1,REGION,THRESHOLD,0,0,1
workflow-verification-20260916,5c1fd964cadeeb74d6e45aef16bd49af0b25c696ac3d2d2f216243c766006867,20260916,0.12.0,13,supply,orders,False,16,16,O12,17,REGION,POWER,42.24999999999999,1,CENTER,THRESHOLD,0,0,1
workflow-verification-20260916,5c1fd964cadeeb74d6e45aef16bd49af0b25c696ac3d2d2f216243c766006867,20260916,0.12.0,13,supply,orders,False,16,16,O13,19,BASE,POWER,57.0,1,REGION,THRESHOLD,0,0,1
workflow-verification-20260916,5c1fd964cadeeb74d6e45aef16bd49af0b25c696ac3d2d2f216243c766006867,20260916,0.12.0,13,supply,orders,False,16,16,O14,20,REGION,POWER,57.0,1,CENTER,THRESHOLD,0,0,1
workflow-verification-20260916,5c1fd964cadeeb74d6e45aef16bd49af0b25c696ac3d2d2f216243c766006867,20260916,0.12.0,13,supply,orders,False,16,16,O15,22,BASE,POWER,62.89999999999999,1,REGION,THRESHOLD,0,0,1
workflow-verification-20260916,5c1fd964cadeeb74d6e45aef16bd49af0b25c696ac3d2d2f216243c766006867,20260916,0.12.0,13,supply,orders,False,16,16,O16,23,REGION,POWER,62.89999999999999,1,CENTER,THRESHOLD,0,0,1
workflow-verification-20260916,5c1fd964cadeeb74d6e45aef16bd49af0b25c696ac3d2d2f216243c766006867,20260916,0.12.0,14,supply,orders,False,10,10,O1,1,BASE,POWER,0,2,REGION,THRESHOLD,0,0,2
workflow-verification-20260916,5c1fd964cadeeb74d6e45aef16bd49af0b25c696ac3d2d2f216243c766006867,20260916,0.12.0,14,supply,orders,False,10,10,O2,2,REGION,POWER,0,2,CENTER,THRESHOLD,0,0,2
workflow-verification-20260916,5c1fd964cadeeb74d6e45aef16bd49af0b25c696ac3d2d2f216243c766006867,20260916,0.12.0,14,supply,orders,False,10,10,O3,5,BASE,POWER,13.0,2,REGION,THRESHOLD,0,0,2
workflow-verification-20260916,5c1fd964cadeeb74d6e45aef16bd49af0b25c696ac3d2d2f216243c766006867,20260916,0.12.0,14,supply,orders,False,10,10,O4,6,REGION,POWER,13.0,2,CENTER,THRESHOLD,0,0,2
workflow-verification-20260916,5c1fd964cadeeb74d6e45aef16bd49af0b25c696ac3d2d2f216243c766006867,20260916,0.12.0,14,supply,orders,False,10,10,O5,8,BASE,POWER,37.349999999999994,1,REGION,THRESHOLD,0,0,1
workflow-verification-20260916,5c1fd964cadeeb74d6e45aef16bd49af0b25c696ac3d2d2f216243c766006867,20260916,0.12.0,14,supply,orders,False,10,10,O6,9,REGION,POWER,37.349999999999994,1,CENTER,THRESHOLD,0,0,1
workflow-verification-20260916,5c1fd964cadeeb74d6e45aef16bd49af0b25c696ac3d2d2f216243c766006867,20260916,0.12.0,14,supply,orders,False,10,10,O7,11,BASE,POWER,57.0,1,REGION,THRESHOLD,0,0,1
workflow-verification-20260916,5c1fd964cadeeb74d6e45aef16bd49af0b25c696ac3d2d2f216243c766006867,20260916,0.12.0,14,supply,orders,False,10,10,O8,12,REGION,POWER,57.0,1,CENTER,THRESHOLD,0,0,1
workflow-verification-20260916,5c1fd964cadeeb74d6e45aef16bd49af0b25c696ac3d2d2f216243c766006867,20260916,0.12.0,14,supply,orders,False,10,10,O9,14,BASE,POWER,61.0,1,REGION,THRESHOLD,0,0,1
workflow-verification-20260916,5c1fd964cadeeb74d6e45aef16bd49af0b25c696ac3d2d2f216243c766006867,20260916,0.12.0,14,supply,orders,False,10,10,O10,15,REGION,POWER,61.0,1,CENTER,THRESHOLD,0,0,1
workflow-verification-20260916,5c1fd964cadeeb74d6e45aef16bd49af0b25c696ac3d2d2f216243c766006867,20260916,0.12.0,15,supply,orders,False,19,19,O1,1,BASE,POWER,0,2,REGION,THRESHOLD,0,0,2
workflow-verification-20260916,5c1fd964cadeeb74d6e45aef16bd49af0b25c696ac3d2d2f216243c766006867,20260916,0.12.0,15,supply,orders,False,19,19,O2,2,REGION,POWER,0,2,CENTER,THRESHOLD,0,0,2
workflow-verification-20260916,5c1fd964cadeeb74d6e45aef16bd49af0b25c696ac3d2d2f216243c766006867,20260916,0.12.0,15,supply,orders,False,19,19,O3,4,BASE,POWER,9.0,1,REGION,THRESHOLD,0,0,1
workflow-verification-20260916,5c1fd964cadeeb74d6e45aef16bd49af0b25c696ac3d2d2f216243c766006867,20260916,0.12.0,15,supply,orders,False,19,19,O4,5,REGION,POWER,9.0,1,CENTER,THRESHOLD,0,0,1
workflow-verification-20260916,5c1fd964cadeeb74d6e45aef16bd49af0b25c696ac3d2d2f216243c766006867,20260916,0.12.0,15,supply,orders,False,19,19,O5,8,BASE,POWER,17.0,2,REGION,THRESHOLD,0,0,2
workflow-verification-20260916,5c1fd964cadeeb74d6e45aef16bd49af0b25c696ac3d2d2f216243c766006867,20260916,0.12.0,15,supply,orders,False,19,19,O6,9,REGION,POWER,17.0,2,CENTER,THRESHOLD,0,0,2
workflow-verification-20260916,5c1fd964cadeeb74d6e45aef16bd49af0b25c696ac3d2d2f216243c766006867,20260916,0.12.0,15,supply,orders,False,19,19,O7,11,BASE,POWER,17.799999999999997,1,REGION,THRESHOLD,0,0,1
workflow-verification-20260916,5c1fd964cadeeb74d6e45aef16bd49af0b25c696ac3d2d2f216243c766006867,20260916,0.12.0,15,supply,orders,False,19,19,O8,13,BASE,POWER,34.3,1,REGION,THRESHOLD,0,0,1
workflow-verification-20260916,5c1fd964cadeeb74d6e45aef16bd49af0b25c696ac3d2d2f216243c766006867,20260916,0.12.0,15,supply,orders,False,19,19,O9,14,REGION,POWER,34.3,1,CENTER,THRESHOLD,0,0,1
workflow-verification-20260916,5c1fd964cadeeb74d6e45aef16bd49af0b25c696ac3d2d2f216243c766006867,20260916,0.12.0,15,supply,orders,False,19,19,O10,16,BASE,POWER,41.0,1,REGION,THRESHOLD,0,0,1
workflow-verification-20260916,5c1fd964cadeeb74d6e45aef16bd49af0b25c696ac3d2d2f216243c766006867,20260916,0.12.0,15,supply,orders,False,19,19,O11,17,REGION,POWER,41.0,1,CENTER,THRESHOLD,0,0,1
workflow-verification-20260916,5c1fd964cadeeb74d6e45aef16bd49af0b25c696ac3d2d2f216243c766006867,20260916,0.12.0,15,supply,orders,False,19,19,O12,19,BASE,POWER,42.15,1,REGION,THRESHOLD,0,0,1
workflow-verification-20260916,5c1fd964cadeeb74d6e45aef16bd49af0b25c696ac3d2d2f216243c766006867,20260916,0.12.0,15,supply,orders,False,19,19,O13,20,REGION,POWER,42.15,1,CENTER,THRESHOLD,0,0,1
workflow-verification-20260916,5c1fd964cadeeb74d6e45aef16bd49af0b25c696ac3d2d2f216243c766006867,20260916,0.12.0,15,supply,orders,False,19,19,O14,22,BASE,POWER,57.0,1,REGION,THRESHOLD,0,0,1
workflow-verification-20260916,5c1fd964cadeeb74d6e45aef16bd49af0b25c696ac3d2d2f216243c766006867,20260916,0.12.0,15,supply,orders,False,19,19,O15,23,REGION,POWER,57.0,1,CENTER,THRESHOLD,0,0,1
workflow-verification-20260916,5c1fd964cadeeb74d6e45aef16bd49af0b25c696ac3d2d2f216243c766006867,20260916,0.12.0,15,supply,orders,False,19,19,O16,25,BASE,POWER,61.19999999999999,1,REGION,THRESHOLD,0,0,1
workflow-verification-20260916,5c1fd964cadeeb74d6e45aef16bd49af0b25c696ac3d2d2f216243c766006867,20260916,0.12.0,15,supply,orders,False,19,19,O17,26,REGION,POWER,61.19999999999999,1,CENTER,THRESHOLD,0,0,1
workflow-verification-20260916,5c1fd964cadeeb74d6e45aef16bd49af0b25c696ac3d2d2f216243c766006867,20260916,0.12.0,15,supply,orders,False,19,19,O18,28,BASE,POWER,61.25,1,REGION,THRESHOLD,0,0,1
workflow-verification-20260916,5c1fd964cadeeb74d6e45aef16bd49af0b25c696ac3d2d2f216243c766006867,20260916,0.12.0,15,supply,orders,False,19,19,O19,29,REGION,POWER,61.25,1,CENTER,THRESHOLD,0,0,1
workflow-verification-20260916,5c1fd964cadeeb74d6e45aef16bd49af0b25c696ac3d2d2f216243c766006867,20260916,0.12.0,16,supply,orders,False,16,16,O1,1,BASE,POWER,0,2,REGION,THRESHOLD,0,0,2
workflow-verification-20260916,5c1fd964cadeeb74d6e45aef16bd49af0b25c696ac3d2d2f216243c766006867,20260916,0.12.0,16,supply,orders,False,16,16,O2,2,REGION,POWER,0,2,CENTER,THRESHOLD,0,0,2
workflow-verification-20260916,5c1fd964cadeeb74d6e45aef16bd49af0b25c696ac3d2d2f216243c766006867,20260916,0.12.0,16,supply,orders,False,16,16,O3,4,BASE,POWER,9.0,1,REGION,THRESHOLD,0,0,1
workflow-verification-20260916,5c1fd964cadeeb74d6e45aef16bd49af0b25c696ac3d2d2f216243c766006867,20260916,0.12.0,16,supply,orders,False,16,16,O4,5,REGION,POWER,9.0,1,CENTER,THRESHOLD,0,0,1
workflow-verification-20260916,5c1fd964cadeeb74d6e45aef16bd49af0b25c696ac3d2d2f216243c766006867,20260916,0.12.0,16,supply,orders,False,16,16,O5,7,BASE,POWER,14.100000000000001,1,REGION,THRESHOLD,0,0,1
workflow-verification-20260916,5c1fd964cadeeb74d6e45aef16bd49af0b25c696ac3d2d2f216243c766006867,20260916,0.12.0,16,supply,orders,False,16,16,O6,8,REGION,POWER,14.100000000000001,1,CENTER,THRESHOLD,0,0,1
workflow-verification-20260916,5c1fd964cadeeb74d6e45aef16bd49af0b25c696ac3d2d2f216243c766006867,20260916,0.12.0,16,supply,orders,False,16,16,O7,10,BASE,POWER,17.0,1,REGION,THRESHOLD,0,0,1
workflow-verification-20260916,5c1fd964cadeeb74d6e45aef16bd49af0b25c696ac3d2d2f216243c766006867,20260916,0.12.0,16,supply,orders,False,16,16,O8,11,REGION,POWER,17.0,1,CENTER,THRESHOLD,0,0,1
workflow-verification-20260916,5c1fd964cadeeb74d6e45aef16bd49af0b25c696ac3d2d2f216243c766006867,20260916,0.12.0,16,supply,orders,False,16,16,O9,13,BASE,POWER,33.0,1,REGION,THRESHOLD,0,0,1
workflow-verification-20260916,5c1fd964cadeeb74d6e45aef16bd49af0b25c696ac3d2d2f216243c766006867,20260916,0.12.0,16,supply,orders,False,16,16,O10,14,REGION,POWER,33.0,1,CENTER,THRESHOLD,0,0,1
workflow-verification-20260916,5c1fd964cadeeb74d6e45aef16bd49af0b25c696ac3d2d2f216243c766006867,20260916,0.12.0,16,supply,orders,False,16,16,O11,16,BASE,POWER,37.14999999999999,1,REGION,THRESHOLD,0,0,1
workflow-verification-20260916,5c1fd964cadeeb74d6e45aef16bd49af0b25c696ac3d2d2f216243c766006867,20260916,0.12.0,16,supply,orders,False,16,16,O12,17,REGION,POWER,37.14999999999999,1,CENTER,THRESHOLD,0,0,1
workflow-verification-20260916,5c1fd964cadeeb74d6e45aef16bd49af0b25c696ac3d2d2f216243c766006867,20260916,0.12.0,16,supply,orders,False,16,16,O13,19,BASE,POWER,57.0,1,REGION,THRESHOLD,0,0,1
workflow-verification-20260916,5c1fd964cadeeb74d6e45aef16bd49af0b25c696ac3d2d2f216243c766006867,20260916,0.12.0,16,supply,orders,False,16,16,O14,20,REGION,POWER,57.0,1,CENTER,THRESHOLD,0,0,1
workflow-verification-20260916,5c1fd964cadeeb74d6e45aef16bd49af0b25c696ac3d2d2f216243c766006867,20260916,0.12.0,16,supply,orders,False,16,16,O15,22,BASE,POWER,61.0,1,REGION,THRESHOLD,0,0,1
workflow-verification-20260916,5c1fd964cadeeb74d6e45aef16bd49af0b25c696ac3d2d2f216243c766006867,20260916,0.12.0,16,supply,orders,False,16,16,O16,23,REGION,POWER,61.0,1,CENTER,THRESHOLD,0,0,1
workflow-verification-20260916,5c1fd964cadeeb74d6e45aef16bd49af0b25c696ac3d2d2f216243c766006867,20260916,0.12.0,17,supply,orders,False,14,14,O1,1,BASE,POWER,0,2,REGION,THRESHOLD,0,0,2
workflow-verification-20260916,5c1fd964cadeeb74d6e45aef16bd49af0b25c696ac3d2d2f216243c766006867,20260916,0.12.0,17,supply,orders,False,14,14,O2,2,REGION,POWER,0,2,CENTER,THRESHOLD,0,0,2
workflow-verification-20260916,5c1fd964cadeeb74d6e45aef16bd49af0b25c696ac3d2d2f216243c766006867,20260916,0.12.0,17,supply,orders,False,14,14,O3,5,BASE,POWER,9.0,2,REGION,THRESHOLD,0,0,2
workflow-verification-20260916,5c1fd964cadeeb74d6e45aef16bd49af0b25c696ac3d2d2f216243c766006867,20260916,0.12.0,17,supply,orders,False,14,14,O4,6,REGION,POWER,9.0,2,CENTER,THRESHOLD,0,0,2
workflow-verification-20260916,5c1fd964cadeeb74d6e45aef16bd49af0b25c696ac3d2d2f216243c766006867,20260916,0.12.0,17,supply,orders,False,14,14,O5,8,BASE,POWER,33.0,1,REGION,THRESHOLD,0,0,1
workflow-verification-20260916,5c1fd964cadeeb74d6e45aef16bd49af0b25c696ac3d2d2f216243c766006867,20260916,0.12.0,17,supply,orders,False,14,14,O6,9,REGION,POWER,33.0,1,CENTER,THRESHOLD,0,0,1
workflow-verification-20260916,5c1fd964cadeeb74d6e45aef16bd49af0b25c696ac3d2d2f216243c766006867,20260916,0.12.0,17,supply,orders,False,14,14,O7,11,BASE,POWER,61.09999999999999,1,REGION,THRESHOLD,0,0,1
workflow-verification-20260916,5c1fd964cadeeb74d6e45aef16bd49af0b25c696ac3d2d2f216243c766006867,20260916,0.12.0,17,supply,orders,False,14,14,O8,12,REGION,POWER,61.09999999999999,1,CENTER,THRESHOLD,0,0,1
workflow-verification-20260916,5c1fd964cadeeb74d6e45aef16bd49af0b25c696ac3d2d2f216243c766006867,20260916,0.12.0,17,supply,orders,False,14,14,O9,14,BASE,POWER,61.899999999999984,1,REGION,THRESHOLD,0,0,1
workflow-verification-20260916,5c1fd964cadeeb74d6e45aef16bd49af0b25c696ac3d2d2f216243c766006867,20260916,0.12.0,17,supply,orders,False,14,14,O10,15,REGION,POWER,61.899999999999984,1,CENTER,THRESHOLD,0,0,1
workflow-verification-20260916,5c1fd964cadeeb74d6e45aef16bd49af0b25c696ac3d2d2f216243c766006867,20260916,0.12.0,17,supply,orders,False,14,14,O11,17,BASE,POWER,65.19999999999999,1,REGION,THRESHOLD,0,0,1
workflow-verification-20260916,5c1fd964cadeeb74d6e45aef16bd49af0b25c696ac3d2d2f216243c766006867,20260916,0.12.0,17,supply,orders,False,14,14,O12,18,REGION,POWER,65.19999999999999,1,CENTER,THRESHOLD,0,0,1
workflow-verification-20260916,5c1fd964cadeeb74d6e45aef16bd49af0b25c696ac3d2d2f216243c766006867,20260916,0.12.0,17,supply,orders,False,14,14,O13,20,BASE,POWER,65.25,1,REGION,THRESHOLD,0,0,1
workflow-verification-20260916,5c1fd964cadeeb74d6e45aef16bd49af0b25c696ac3d2d2f216243c766006867,20260916,0.12.0,17,supply,orders,False,14,14,O14,21,REGION,POWER,65.25,1,CENTER,THRESHOLD,0,0,1
workflow-verification-20260916,5c1fd964cadeeb74d6e45aef16bd49af0b25c696ac3d2d2f216243c766006867,20260916,0.12.0,18,supply,orders,False,22,22,O1,1,BASE,POWER,0,2,REGION,THRESHOLD,0,0,2
workflow-verification-20260916,5c1fd964cadeeb74d6e45aef16bd49af0b25c696ac3d2d2f216243c766006867,20260916,0.12.0,18,supply,orders,False,22,22,O2,2,REGION,POWER,0,2,CENTER,THRESHOLD,0,0,2
workflow-verification-20260916,5c1fd964cadeeb74d6e45aef16bd49af0b25c696ac3d2d2f216243c766006867,20260916,0.12.0,18,supply,orders,False,22,22,O3,4,BASE,POWER,9.0,1,REGION,THRESHOLD,0,0,1
workflow-verification-20260916,5c1fd964cadeeb74d6e45aef16bd49af0b25c696ac3d2d2f216243c766006867,20260916,0.12.0,18,supply,orders,False,22,22,O4,5,REGION,POWER,9.0,1,CENTER,THRESHOLD,0,0,1
workflow-verification-20260916,5c1fd964cadeeb74d6e45aef16bd49af0b25c696ac3d2d2f216243c766006867,20260916,0.12.0,18,supply,orders,False,22,22,O5,7,BASE,POWER,13.0,1,REGION,THRESHOLD,0,0,1
workflow-verification-20260916,5c1fd964cadeeb74d6e45aef16bd49af0b25c696ac3d2d2f216243c766006867,20260916,0.12.0,18,supply,orders,False,22,22,O6,8,REGION,POWER,13.0,1,CENTER,THRESHOLD,0,0,1
workflow-verification-20260916,5c1fd964cadeeb74d6e45aef16bd49af0b25c696ac3d2d2f216243c766006867,20260916,0.12.0,18,supply,orders,False,22,22,O7,10,BASE,POWER,18.349999999999994,1,REGION,THRESHOLD,0,0,1
workflow-verification-20260916,5c1fd964cadeeb74d6e45aef16bd49af0b25c696ac3d2d2f216243c766006867,20260916,0.12.0,18,supply,orders,False,22,22,O8,11,REGION,POWER,18.349999999999994,1,CENTER,THRESHOLD,0,0,1
workflow-verification-20260916,5c1fd964cadeeb74d6e45aef16bd49af0b25c696ac3d2d2f216243c766006867,20260916,0.12.0,18,supply,orders,False,22,22,O9,13,BASE,POWER,33.0,1,REGION,THRESHOLD,0,0,1
workflow-verification-20260916,5c1fd964cadeeb74d6e45aef16bd49af0b25c696ac3d2d2f216243c766006867,20260916,0.12.0,18,supply,orders,False,22,22,O10,14,REGION,POWER,33.0,1,CENTER,THRESHOLD,0,0,1
workflow-verification-20260916,5c1fd964cadeeb74d6e45aef16bd49af0b25c696ac3d2d2f216243c766006867,20260916,0.12.0,18,supply,orders,False,22,22,O11,16,BASE,POWER,37.19999999999999,1,REGION,THRESHOLD,0,0,1
workflow-verification-20260916,5c1fd964cadeeb74d6e45aef16bd49af0b25c696ac3d2d2f216243c766006867,20260916,0.12.0,18,supply,orders,False,22,22,O12,17,REGION,POWER,37.19999999999999,1,CENTER,THRESHOLD,0,0,1
workflow-verification-20260916,5c1fd964cadeeb74d6e45aef16bd49af0b25c696ac3d2d2f216243c766006867,20260916,0.12.0,18,supply,orders,False,22,22,O13,19,BASE,POWER,41.0,1,REGION,THRESHOLD,0,0,1
workflow-verification-20260916,5c1fd964cadeeb74d6e45aef16bd49af0b25c696ac3d2d2f216243c766006867,20260916,0.12.0,18,supply,orders,False,22,22,O14,20,REGION,POWER,41.0,1,CENTER,THRESHOLD,0,0,1
workflow-verification-20260916,5c1fd964cadeeb74d6e45aef16bd49af0b25c696ac3d2d2f216243c766006867,20260916,0.12.0,18,supply,orders,False,22,22,O15,22,BASE,POWER,41.9,1,REGION,THRESHOLD,0,0,1
workflow-verification-20260916,5c1fd964cadeeb74d6e45aef16bd49af0b25c696ac3d2d2f216243c766006867,20260916,0.12.0,18,supply,orders,False,22,22,O16,23,REGION,POWER,41.9,1,CENTER,THRESHOLD,0,0,1
workflow-verification-20260916,5c1fd964cadeeb74d6e45aef16bd49af0b25c696ac3d2d2f216243c766006867,20260916,0.12.0,18,supply,orders,False,22,22,O17,25,BASE,POWER,58.349999999999994,1,REGION,THRESHOLD,0,0,1
workflow-verification-20260916,5c1fd964cadeeb74d6e45aef16bd49af0b25c696ac3d2d2f216243c766006867,20260916,0.12.0,18,supply,orders,False,22,22,O18,26,REGION,POWER,58.349999999999994,1,CENTER,THRESHOLD,0,0,1
workflow-verification-20260916,5c1fd964cadeeb74d6e45aef16bd49af0b25c696ac3d2d2f216243c766006867,20260916,0.12.0,18,supply,orders,False,22,22,O19,28,BASE,POWER,61.2,1,REGION,THRESHOLD,0,0,1
workflow-verification-20260916,5c1fd964cadeeb74d6e45aef16bd49af0b25c696ac3d2d2f216243c766006867,20260916,0.12.0,18,supply,orders,False,22,22,O20,29,REGION,POWER,61.2,1,CENTER,THRESHOLD,0,0,1
workflow-verification-20260916,5c1fd964cadeeb74d6e45aef16bd49af0b25c696ac3d2d2f216243c766006867,20260916,0.12.0,18,supply,orders,False,22,22,O21,31,BASE,POWER,65.25,1,REGION,THRESHOLD,0,0,1
workflow-verification-20260916,5c1fd964cadeeb74d6e45aef16bd49af0b25c696ac3d2d2f216243c766006867,20260916,0.12.0,18,supply,orders,False,22,22,O22,32,REGION,POWER,65.25,1,CENTER,THRESHOLD,0,0,1
workflow-verification-20260916,5c1fd964cadeeb74d6e45aef16bd49af0b25c696ac3d2d2f216243c766006867,20260916,0.12.0,19,supply,orders,False,12,12,O1,1,BASE,POWER,0,2,REGION,THRESHOLD,0,0,2
workflow-verification-20260916,5c1fd964cadeeb74d6e45aef16bd49af0b25c696ac3d2d2f216243c766006867,20260916,0.12.0,19,supply,orders,False,12,12,O2,2,REGION,POWER,0,2,CENTER,THRESHOLD,0,0,2
workflow-verification-20260916,5c1fd964cadeeb74d6e45aef16bd49af0b25c696ac3d2d2f216243c766006867,20260916,0.12.0,19,supply,orders,False,12,12,O3,4,BASE,POWER,13.0,1,REGION,THRESHOLD,0,0,1
workflow-verification-20260916,5c1fd964cadeeb74d6e45aef16bd49af0b25c696ac3d2d2f216243c766006867,20260916,0.12.0,19,supply,orders,False,12,12,O4,5,REGION,POWER,13.0,1,CENTER,THRESHOLD,0,0,1
workflow-verification-20260916,5c1fd964cadeeb74d6e45aef16bd49af0b25c696ac3d2d2f216243c766006867,20260916,0.12.0,19,supply,orders,False,12,12,O5,7,BASE,POWER,33.0,1,REGION,THRESHOLD,0,0,1
workflow-verification-20260916,5c1fd964cadeeb74d6e45aef16bd49af0b25c696ac3d2d2f216243c766006867,20260916,0.12.0,19,supply,orders,False,12,12,O6,8,REGION,POWER,33.0,1,CENTER,THRESHOLD,0,0,1
workflow-verification-20260916,5c1fd964cadeeb74d6e45aef16bd49af0b25c696ac3d2d2f216243c766006867,20260916,0.12.0,19,supply,orders,False,12,12,O7,11,BASE,POWER,41.0,2,REGION,THRESHOLD,0,0,2
workflow-verification-20260916,5c1fd964cadeeb74d6e45aef16bd49af0b25c696ac3d2d2f216243c766006867,20260916,0.12.0,19,supply,orders,False,12,12,O8,12,REGION,POWER,41.0,2,CENTER,THRESHOLD,0,0,2
workflow-verification-20260916,5c1fd964cadeeb74d6e45aef16bd49af0b25c696ac3d2d2f216243c766006867,20260916,0.12.0,19,supply,orders,False,12,12,O9,14,BASE,POWER,57.0,1,REGION,THRESHOLD,0,0,1
workflow-verification-20260916,5c1fd964cadeeb74d6e45aef16bd49af0b25c696ac3d2d2f216243c766006867,20260916,0.12.0,19,supply,orders,False,12,12,O10,15,REGION,POWER,57.0,1,CENTER,THRESHOLD,0,0,1
workflow-verification-20260916,5c1fd964cadeeb74d6e45aef16bd49af0b25c696ac3d2d2f216243c766006867,20260916,0.12.0,19,supply,orders,False,12,12,O11,17,BASE,POWER,61.44999999999999,1,REGION,THRESHOLD,0,0,1
workflow-verification-20260916,5c1fd964cadeeb74d6e45aef16bd49af0b25c696ac3d2d2f216243c766006867,20260916,0.12.0,19,supply,orders,False,12,12,O12,18,REGION,POWER,61.44999999999999,1,CENTER,THRESHOLD,0,0,1
workflow-verification-20260916,5c1fd964cadeeb74d6e45aef16bd49af0b25c696ac3d2d2f216243c766006867,20260916,0.12.0,20,supply,orders,False,20,20,O1,1,BASE,POWER,0,2,REGION,THRESHOLD,0,0,2
workflow-verification-20260916,5c1fd964cadeeb74d6e45aef16bd49af0b25c696ac3d2d2f216243c766006867,20260916,0.12.0,20,supply,orders,False,20,20,O2,2,REGION,POWER,0,2,CENTER,THRESHOLD,0,0,2
workflow-verification-20260916,5c1fd964cadeeb74d6e45aef16bd49af0b25c696ac3d2d2f216243c766006867,20260916,0.12.0,20,supply,orders,False,20,20,O3,4,BASE,POWER,8.712943648647554,1,REGION,THRESHOLD,0,0,1
workflow-verification-20260916,5c1fd964cadeeb74d6e45aef16bd49af0b25c696ac3d2d2f216243c766006867,20260916,0.12.0,20,supply,orders,False,20,20,O4,5,REGION,POWER,8.712943648647554,1,CENTER,THRESHOLD,0,0,1
workflow-verification-20260916,5c1fd964cadeeb74d6e45aef16bd49af0b25c696ac3d2d2f216243c766006867,20260916,0.12.0,20,supply,orders,False,20,20,O5,7,BASE,POWER,10.462943648647556,1,REGION,THRESHOLD,0,0,1
workflow-verification-20260916,5c1fd964cadeeb74d6e45aef16bd49af0b25c696ac3d2d2f216243c766006867,20260916,0.12.0,20,supply,orders,False,20,20,O6,8,REGION,POWER,10.462943648647556,1,CENTER,THRESHOLD,0,0,1
workflow-verification-20260916,5c1fd964cadeeb74d6e45aef16bd49af0b25c696ac3d2d2f216243c766006867,20260916,0.12.0,20,supply,orders,False,20,20,O7,11,BASE,POWER,17.0,2,REGION,THRESHOLD,0,0,2
workflow-verification-20260916,5c1fd964cadeeb74d6e45aef16bd49af0b25c696ac3d2d2f216243c766006867,20260916,0.12.0,20,supply,orders,False,20,20,O8,12,REGION,POWER,17.0,2,CENTER,THRESHOLD,0,0,2
workflow-verification-20260916,5c1fd964cadeeb74d6e45aef16bd49af0b25c696ac3d2d2f216243c766006867,20260916,0.12.0,20,supply,orders,False,20,20,O9,14,BASE,POWER,37.24999999999999,1,REGION,THRESHOLD,0,0,1
workflow-verification-20260916,5c1fd964cadeeb74d6e45aef16bd49af0b25c696ac3d2d2f216243c766006867,20260916,0.12.0,20,supply,orders,False,20,20,O10,15,REGION,POWER,37.24999999999999,1,CENTER,THRESHOLD,0,0,1
workflow-verification-20260916,5c1fd964cadeeb74d6e45aef16bd49af0b25c696ac3d2d2f216243c766006867,20260916,0.12.0,20,supply,orders,False,20,20,O11,17,BASE,POWER,37.39999999999999,1,REGION,THRESHOLD,0,0,1
workflow-verification-20260916,5c1fd964cadeeb74d6e45aef16bd49af0b25c696ac3d2d2f216243c766006867,20260916,0.12.0,20,supply,orders,False,20,20,O12,18,REGION,POWER,37.39999999999999,1,CENTER,THRESHOLD,0,0,1
workflow-verification-20260916,5c1fd964cadeeb74d6e45aef16bd49af0b25c696ac3d2d2f216243c766006867,20260916,0.12.0,20,supply,orders,False,20,20,O13,20,BASE,POWER,41.0,1,REGION,THRESHOLD,0,0,1
workflow-verification-20260916,5c1fd964cadeeb74d6e45aef16bd49af0b25c696ac3d2d2f216243c766006867,20260916,0.12.0,20,supply,orders,False,20,20,O14,21,REGION,POWER,41.0,1,CENTER,THRESHOLD,0,0,1
workflow-verification-20260916,5c1fd964cadeeb74d6e45aef16bd49af0b25c696ac3d2d2f216243c766006867,20260916,0.12.0,20,supply,orders,False,20,20,O15,23,BASE,POWER,41.8,1,REGION,THRESHOLD,0,0,1
workflow-verification-20260916,5c1fd964cadeeb74d6e45aef16bd49af0b25c696ac3d2d2f216243c766006867,20260916,0.12.0,20,supply,orders,False,20,20,O16,24,REGION,POWER,41.8,1,CENTER,THRESHOLD,0,0,1
workflow-verification-20260916,5c1fd964cadeeb74d6e45aef16bd49af0b25c696ac3d2d2f216243c766006867,20260916,0.12.0,20,supply,orders,False,20,20,O17,26,BASE,POWER,60.29999999999999,1,REGION,THRESHOLD,0,0,1
workflow-verification-20260916,5c1fd964cadeeb74d6e45aef16bd49af0b25c696ac3d2d2f216243c766006867,20260916,0.12.0,20,supply,orders,False,20,20,O18,27,REGION,POWER,60.29999999999999,1,CENTER,THRESHOLD,0,0,1
workflow-verification-20260916,5c1fd964cadeeb74d6e45aef16bd49af0b25c696ac3d2d2f216243c766006867,20260916,0.12.0,20,supply,orders,False,20,20,O19,29,BASE,POWER,65.0,1,REGION,THRESHOLD,0,0,1
workflow-verification-20260916,5c1fd964cadeeb74d6e45aef16bd49af0b25c696ac3d2d2f216243c766006867,20260916,0.12.0,20,supply,orders,False,20,20,O20,30,REGION,POWER,65.0,1,CENTER,THRESHOLD,0,0,1
workflow-verification-20260916,5c1fd964cadeeb74d6e45aef16bd49af0b25c696ac3d2d2f216243c766006867,20260916,0.12.0,21,supply,orders,False,23,23,O1,1,BASE,POWER,0,2,REGION,THRESHOLD,0,0,2
workflow-verification-20260916,5c1fd964cadeeb74d6e45aef16bd49af0b25c696ac3d2d2f216243c766006867,20260916,0.12.0,21,supply,orders,False,23,23,O2,2,REGION,POWER,0,2,CENTER,THRESHOLD,0,0,2
workflow-verification-20260916,5c1fd964cadeeb74d6e45aef16bd49af0b25c696ac3d2d2f216243c766006867,20260916,0.12.0,21,supply,orders,False,23,23,O3,4,BASE,POWER,9.0,1,REGION,THRESHOLD,0,0,1
workflow-verification-20260916,5c1fd964cadeeb74d6e45aef16bd49af0b25c696ac3d2d2f216243c766006867,20260916,0.12.0,21,supply,orders,False,23,23,O4,5,REGION,POWER,9.0,1,CENTER,THRESHOLD,0,0,1
workflow-verification-20260916,5c1fd964cadeeb74d6e45aef16bd49af0b25c696ac3d2d2f216243c766006867,20260916,0.12.0,21,supply,orders,False,23,23,O5,7,BASE,POWER,13.0,1,REGION,THRESHOLD,0,0,1
workflow-verification-20260916,5c1fd964cadeeb74d6e45aef16bd49af0b25c696ac3d2d2f216243c766006867,20260916,0.12.0,21,supply,orders,False,23,23,O6,8,REGION,POWER,13.0,1,CENTER,THRESHOLD,0,0,1
workflow-verification-20260916,5c1fd964cadeeb74d6e45aef16bd49af0b25c696ac3d2d2f216243c766006867,20260916,0.12.0,21,supply,orders,False,23,23,O7,10,BASE,POWER,17.0,1,REGION,THRESHOLD,0,0,1
workflow-verification-20260916,5c1fd964cadeeb74d6e45aef16bd49af0b25c696ac3d2d2f216243c766006867,20260916,0.12.0,21,supply,orders,False,23,23,O8,11,REGION,POWER,17.0,1,CENTER,THRESHOLD,0,0,1
workflow-verification-20260916,5c1fd964cadeeb74d6e45aef16bd49af0b25c696ac3d2d2f216243c766006867,20260916,0.12.0,21,supply,orders,False,23,23,O9,13,BASE,POWER,17.9,1,REGION,THRESHOLD,0,0,1
workflow-verification-20260916,5c1fd964cadeeb74d6e45aef16bd49af0b25c696ac3d2d2f216243c766006867,20260916,0.12.0,21,supply,orders,False,23,23,O10,14,REGION,POWER,17.9,1,CENTER,THRESHOLD,0,0,1
workflow-verification-20260916,5c1fd964cadeeb74d6e45aef16bd49af0b25c696ac3d2d2f216243c766006867,20260916,0.12.0,21,supply,orders,False,23,23,O11,17,BASE,POWER,33.0,2,REGION,THRESHOLD,0,0,2
workflow-verification-20260916,5c1fd964cadeeb74d6e45aef16bd49af0b25c696ac3d2d2f216243c766006867,20260916,0.12.0,21,supply,orders,False,23,23,O12,18,REGION,POWER,33.0,2,CENTER,THRESHOLD,0,0,2
workflow-verification-20260916,5c1fd964cadeeb74d6e45aef16bd49af0b25c696ac3d2d2f216243c766006867,20260916,0.12.0,21,supply,orders,False,23,23,O13,20,BASE,POWER,33.8,1,REGION,THRESHOLD,0,0,1
workflow-verification-20260916,5c1fd964cadeeb74d6e45aef16bd49af0b25c696ac3d2d2f216243c766006867,20260916,0.12.0,21,supply,orders,False,23,23,O14,22,BASE,POWER,41.0,1,REGION,THRESHOLD,0,0,1
workflow-verification-20260916,5c1fd964cadeeb74d6e45aef16bd49af0b25c696ac3d2d2f216243c766006867,20260916,0.12.0,21,supply,orders,False,23,23,O15,23,REGION,POWER,41.0,1,CENTER,THRESHOLD,0,0,1
workflow-verification-20260916,5c1fd964cadeeb74d6e45aef16bd49af0b25c696ac3d2d2f216243c766006867,20260916,0.12.0,21,supply,orders,False,23,23,O16,25,BASE,POWER,42.15,1,REGION,THRESHOLD,0,0,1
workflow-verification-20260916,5c1fd964cadeeb74d6e45aef16bd49af0b25c696ac3d2d2f216243c766006867,20260916,0.12.0,21,supply,orders,False,23,23,O17,26,REGION,POWER,42.15,1,CENTER,THRESHOLD,0,0,1
workflow-verification-20260916,5c1fd964cadeeb74d6e45aef16bd49af0b25c696ac3d2d2f216243c766006867,20260916,0.12.0,21,supply,orders,False,23,23,O18,28,BASE,POWER,42.949999999999996,1,REGION,THRESHOLD,0,0,1
workflow-verification-20260916,5c1fd964cadeeb74d6e45aef16bd49af0b25c696ac3d2d2f216243c766006867,20260916,0.12.0,21,supply,orders,False,23,23,O19,29,REGION,POWER,42.949999999999996,1,CENTER,THRESHOLD,0,0,1
workflow-verification-20260916,5c1fd964cadeeb74d6e45aef16bd49af0b25c696ac3d2d2f216243c766006867,20260916,0.12.0,21,supply,orders,False,23,23,O20,31,BASE,POWER,61.04999999999999,1,REGION,THRESHOLD,0,0,1
workflow-verification-20260916,5c1fd964cadeeb74d6e45aef16bd49af0b25c696ac3d2d2f216243c766006867,20260916,0.12.0,21,supply,orders,False,23,23,O21,32,REGION,POWER,61.04999999999999,1,CENTER,THRESHOLD,0,0,1
workflow-verification-20260916,5c1fd964cadeeb74d6e45aef16bd49af0b25c696ac3d2d2f216243c766006867,20260916,0.12.0,21,supply,orders,False,23,23,O22,34,BASE,POWER,61.84999999999999,1,REGION,THRESHOLD,0,0,1
workflow-verification-20260916,5c1fd964cadeeb74d6e45aef16bd49af0b25c696ac3d2d2f216243c766006867,20260916,0.12.0,21,supply,orders,False,23,23,O23,35,REGION,POWER,61.84999999999999,1,CENTER,THRESHOLD,0,0,1
workflow-verification-20260916,5c1fd964cadeeb74d6e45aef16bd49af0b25c696ac3d2d2f216243c766006867,20260916,0.12.0,22,supply,orders,False,16,16,O1,1,BASE,POWER,0,2,REGION,THRESHOLD,0,0,2
workflow-verification-20260916,5c1fd964cadeeb74d6e45aef16bd49af0b25c696ac3d2d2f216243c766006867,20260916,0.12.0,22,supply,orders,False,16,16,O2,2,REGION,POWER,0,2,CENTER,THRESHOLD,0,0,2
workflow-verification-20260916,5c1fd964cadeeb74d6e45aef16bd49af0b25c696ac3d2d2f216243c766006867,20260916,0.12.0,22,supply,orders,False,16,16,O3,4,BASE,POWER,8.742080125223932,1,REGION,THRESHOLD,0,0,1
workflow-verification-20260916,5c1fd964cadeeb74d6e45aef16bd49af0b25c696ac3d2d2f216243c766006867,20260916,0.12.0,22,supply,orders,False,16,16,O4,5,REGION,POWER,8.742080125223932,1,CENTER,THRESHOLD,0,0,1
workflow-verification-20260916,5c1fd964cadeeb74d6e45aef16bd49af0b25c696ac3d2d2f216243c766006867,20260916,0.12.0,22,supply,orders,False,16,16,O5,7,BASE,POWER,10.492080125223934,1,REGION,THRESHOLD,0,0,1
workflow-verification-20260916,5c1fd964cadeeb74d6e45aef16bd49af0b25c696ac3d2d2f216243c766006867,20260916,0.12.0,22,supply,orders,False,16,16,O6,8,REGION,POWER,10.492080125223934,1,CENTER,THRESHOLD,0,0,1
workflow-verification-20260916,5c1fd964cadeeb74d6e45aef16bd49af0b25c696ac3d2d2f216243c766006867,20260916,0.12.0,22,supply,orders,False,16,16,O7,10,BASE,POWER,13.25,1,REGION,THRESHOLD,0,0,1
workflow-verification-20260916,5c1fd964cadeeb74d6e45aef16bd49af0b25c696ac3d2d2f216243c766006867,20260916,0.12.0,22,supply,orders,False,16,16,O8,11,REGION,POWER,13.25,1,CENTER,THRESHOLD,0,0,1
workflow-verification-20260916,5c1fd964cadeeb74d6e45aef16bd49af0b25c696ac3d2d2f216243c766006867,20260916,0.12.0,22,supply,orders,False,16,16,O9,13,BASE,POWER,13.950000000000001,1,REGION,THRESHOLD,0,0,1
workflow-verification-20260916,5c1fd964cadeeb74d6e45aef16bd49af0b25c696ac3d2d2f216243c766006867,20260916,0.12.0,22,supply,orders,False,16,16,O10,14,REGION,POWER,13.950000000000001,1,CENTER,THRESHOLD,0,0,1
workflow-verification-20260916,5c1fd964cadeeb74d6e45aef16bd49af0b25c696ac3d2d2f216243c766006867,20260916,0.12.0,22,supply,orders,False,16,16,O11,16,BASE,POWER,37.44999999999999,1,REGION,THRESHOLD,0,0,1
workflow-verification-20260916,5c1fd964cadeeb74d6e45aef16bd49af0b25c696ac3d2d2f216243c766006867,20260916,0.12.0,22,supply,orders,False,16,16,O12,17,REGION,POWER,37.44999999999999,1,CENTER,THRESHOLD,0,0,1
workflow-verification-20260916,5c1fd964cadeeb74d6e45aef16bd49af0b25c696ac3d2d2f216243c766006867,20260916,0.12.0,22,supply,orders,False,16,16,O13,19,BASE,POWER,38.64999999999999,1,REGION,THRESHOLD,0,0,1
workflow-verification-20260916,5c1fd964cadeeb74d6e45aef16bd49af0b25c696ac3d2d2f216243c766006867,20260916,0.12.0,22,supply,orders,False,16,16,O14,20,REGION,POWER,38.64999999999999,1,CENTER,THRESHOLD,0,0,1
workflow-verification-20260916,5c1fd964cadeeb74d6e45aef16bd49af0b25c696ac3d2d2f216243c766006867,20260916,0.12.0,22,supply,orders,False,16,16,O15,22,BASE,POWER,65.0,1,REGION,THRESHOLD,0,0,1
workflow-verification-20260916,5c1fd964cadeeb74d6e45aef16bd49af0b25c696ac3d2d2f216243c766006867,20260916,0.12.0,22,supply,orders,False,16,16,O16,23,REGION,POWER,65.0,1,CENTER,THRESHOLD,0,0,1
workflow-verification-20260916,5c1fd964cadeeb74d6e45aef16bd49af0b25c696ac3d2d2f216243c766006867,20260916,0.12.0,23,supply,orders,False,20,20,O1,1,BASE,POWER,0,2,REGION,THRESHOLD,0,0,2
workflow-verification-20260916,5c1fd964cadeeb74d6e45aef16bd49af0b25c696ac3d2d2f216243c766006867,20260916,0.12.0,23,supply,orders,False,20,20,O2,2,REGION,POWER,0,2,CENTER,THRESHOLD,0,0,2
workflow-verification-20260916,5c1fd964cadeeb74d6e45aef16bd49af0b25c696ac3d2d2f216243c766006867,20260916,0.12.0,23,supply,orders,False,20,20,O3,4,BASE,POWER,11.400000000000002,1,REGION,THRESHOLD,0,0,1
workflow-verification-20260916,5c1fd964cadeeb74d6e45aef16bd49af0b25c696ac3d2d2f216243c766006867,20260916,0.12.0,23,supply,orders,False,20,20,O4,5,REGION,POWER,11.400000000000002,1,CENTER,THRESHOLD,0,0,1
workflow-verification-20260916,5c1fd964cadeeb74d6e45aef16bd49af0b25c696ac3d2d2f216243c766006867,20260916,0.12.0,23,supply,orders,False,20,20,O5,7,BASE,POWER,13.0,1,REGION,THRESHOLD,0,0,1
workflow-verification-20260916,5c1fd964cadeeb74d6e45aef16bd49af0b25c696ac3d2d2f216243c766006867,20260916,0.12.0,23,supply,orders,False,20,20,O6,8,REGION,POWER,13.0,1,CENTER,THRESHOLD,0,0,1
workflow-verification-20260916,5c1fd964cadeeb74d6e45aef16bd49af0b25c696ac3d2d2f216243c766006867,20260916,0.12.0,23,supply,orders,False,20,20,O7,10,BASE,POWER,13.9,1,REGION,THRESHOLD,0,0,1
workflow-verification-20260916,5c1fd964cadeeb74d6e45aef16bd49af0b25c696ac3d2d2f216243c766006867,20260916,0.12.0,23,supply,orders,False,20,20,O8,11,REGION,POWER,13.9,1,CENTER,THRESHOLD,0,0,1
workflow-verification-20260916,5c1fd964cadeeb74d6e45aef16bd49af0b25c696ac3d2d2f216243c766006867,20260916,0.12.0,23,supply,orders,False,20,20,O9,13,BASE,POWER,14.650000000000002,1,REGION,THRESHOLD,0,0,1
workflow-verification-20260916,5c1fd964cadeeb74d6e45aef16bd49af0b25c696ac3d2d2f216243c766006867,20260916,0.12.0,23,supply,orders,False,20,20,O10,14,REGION,POWER,14.650000000000002,1,CENTER,THRESHOLD,0,0,1
workflow-verification-20260916,5c1fd964cadeeb74d6e45aef16bd49af0b25c696ac3d2d2f216243c766006867,20260916,0.12.0,23,supply,orders,False,20,20,O11,16,BASE,POWER,37.0,1,REGION,THRESHOLD,0,0,1
workflow-verification-20260916,5c1fd964cadeeb74d6e45aef16bd49af0b25c696ac3d2d2f216243c766006867,20260916,0.12.0,23,supply,orders,False,20,20,O12,17,REGION,POWER,37.0,1,CENTER,THRESHOLD,0,0,1
workflow-verification-20260916,5c1fd964cadeeb74d6e45aef16bd49af0b25c696ac3d2d2f216243c766006867,20260916,0.12.0,23,supply,orders,False,20,20,O13,19,BASE,POWER,37.9,1,REGION,THRESHOLD,0,0,1
workflow-verification-20260916,5c1fd964cadeeb74d6e45aef16bd49af0b25c696ac3d2d2f216243c766006867,20260916,0.12.0,23,supply,orders,False,20,20,O14,20,REGION,POWER,37.9,1,CENTER,THRESHOLD,0,0,1
workflow-verification-20260916,5c1fd964cadeeb74d6e45aef16bd49af0b25c696ac3d2d2f216243c766006867,20260916,0.12.0,23,supply,orders,False,20,20,O15,22,BASE,POWER,41.0,1,REGION,THRESHOLD,0,0,1
workflow-verification-20260916,5c1fd964cadeeb74d6e45aef16bd49af0b25c696ac3d2d2f216243c766006867,20260916,0.12.0,23,supply,orders,False,20,20,O16,23,REGION,POWER,41.0,1,CENTER,THRESHOLD,0,0,1
workflow-verification-20260916,5c1fd964cadeeb74d6e45aef16bd49af0b25c696ac3d2d2f216243c766006867,20260916,0.12.0,23,supply,orders,False,20,20,O17,25,BASE,POWER,66.55000000000003,1,REGION,THRESHOLD,0,0,1
workflow-verification-20260916,5c1fd964cadeeb74d6e45aef16bd49af0b25c696ac3d2d2f216243c766006867,20260916,0.12.0,23,supply,orders,False,20,20,O18,26,REGION,POWER,66.55000000000003,1,CENTER,THRESHOLD,0,0,1
workflow-verification-20260916,5c1fd964cadeeb74d6e45aef16bd49af0b25c696ac3d2d2f216243c766006867,20260916,0.12.0,23,supply,orders,False,20,20,O19,28,BASE,POWER,66.65,1,REGION,THRESHOLD,0,0,1
workflow-verification-20260916,5c1fd964cadeeb74d6e45aef16bd49af0b25c696ac3d2d2f216243c766006867,20260916,0.12.0,23,supply,orders,False,20,20,O20,29,REGION,POWER,66.65,1,CENTER,THRESHOLD,0,0,1
workflow-verification-20260916,5c1fd964cadeeb74d6e45aef16bd49af0b25c696ac3d2d2f216243c766006867,20260916,0.12.0,24,supply,orders,False,12,12,O1,1,BASE,POWER,0,2,REGION,THRESHOLD,0,0,2
workflow-verification-20260916,5c1fd964cadeeb74d6e45aef16bd49af0b25c696ac3d2d2f216243c766006867,20260916,0.12.0,24,supply,orders,False,12,12,O2,2,REGION,POWER,0,2,CENTER,THRESHOLD,0,0,2
workflow-verification-20260916,5c1fd964cadeeb74d6e45aef16bd49af0b25c696ac3d2d2f216243c766006867,20260916,0.12.0,24,supply,orders,False,12,12,O3,4,BASE,POWER,9.0,1,REGION,THRESHOLD,0,0,1
workflow-verification-20260916,5c1fd964cadeeb74d6e45aef16bd49af0b25c696ac3d2d2f216243c766006867,20260916,0.12.0,24,supply,orders,False,12,12,O4,5,REGION,POWER,9.0,1,CENTER,THRESHOLD,0,0,1
workflow-verification-20260916,5c1fd964cadeeb74d6e45aef16bd49af0b25c696ac3d2d2f216243c766006867,20260916,0.12.0,24,supply,orders,False,12,12,O5,7,BASE,POWER,17.0,1,REGION,THRESHOLD,0,0,1
workflow-verification-20260916,5c1fd964cadeeb74d6e45aef16bd49af0b25c696ac3d2d2f216243c766006867,20260916,0.12.0,24,supply,orders,False,12,12,O6,8,REGION,POWER,17.0,1,CENTER,THRESHOLD,0,0,1
workflow-verification-20260916,5c1fd964cadeeb74d6e45aef16bd49af0b25c696ac3d2d2f216243c766006867,20260916,0.12.0,24,supply,orders,False,12,12,O7,10,BASE,POWER,37.29999999999999,1,REGION,THRESHOLD,0,0,1
workflow-verification-20260916,5c1fd964cadeeb74d6e45aef16bd49af0b25c696ac3d2d2f216243c766006867,20260916,0.12.0,24,supply,orders,False,12,12,O8,11,REGION,POWER,37.29999999999999,1,CENTER,THRESHOLD,0,0,1
workflow-verification-20260916,5c1fd964cadeeb74d6e45aef16bd49af0b25c696ac3d2d2f216243c766006867,20260916,0.12.0,24,supply,orders,False,12,12,O9,13,BASE,POWER,38.499999999999986,1,REGION,THRESHOLD,0,0,1
workflow-verification-20260916,5c1fd964cadeeb74d6e45aef16bd49af0b25c696ac3d2d2f216243c766006867,20260916,0.12.0,24,supply,orders,False,12,12,O10,14,REGION,POWER,38.499999999999986,1,CENTER,THRESHOLD,0,0,1
workflow-verification-20260916,5c1fd964cadeeb74d6e45aef16bd49af0b25c696ac3d2d2f216243c766006867,20260916,0.12.0,24,supply,orders,False,12,12,O11,16,BASE,POWER,65.0,1,REGION,THRESHOLD,0,0,1
workflow-verification-20260916,5c1fd964cadeeb74d6e45aef16bd49af0b25c696ac3d2d2f216243c766006867,20260916,0.12.0,24,supply,orders,False,12,12,O12,17,REGION,POWER,65.0,1,CENTER,THRESHOLD,0,0,1
workflow-verification-20260916,5c1fd964cadeeb74d6e45aef16bd49af0b25c696ac3d2d2f216243c766006867,20260916,0.12.0,25,supply,orders,False,16,16,O1,1,BASE,POWER,0,2,REGION,THRESHOLD,0,0,2
workflow-verification-20260916,5c1fd964cadeeb74d6e45aef16bd49af0b25c696ac3d2d2f216243c766006867,20260916,0.12.0,25,supply,orders,False,16,16,O2,2,REGION,POWER,0,2,CENTER,THRESHOLD,0,0,2
workflow-verification-20260916,5c1fd964cadeeb74d6e45aef16bd49af0b25c696ac3d2d2f216243c766006867,20260916,0.12.0,25,supply,orders,False,16,16,O3,4,BASE,POWER,10.100000000000001,1,REGION,THRESHOLD,0,0,1
workflow-verification-20260916,5c1fd964cadeeb74d6e45aef16bd49af0b25c696ac3d2d2f216243c766006867,20260916,0.12.0,25,supply,orders,False,16,16,O4,5,REGION,POWER,10.100000000000001,1,CENTER,THRESHOLD,0,0,1
workflow-verification-20260916,5c1fd964cadeeb74d6e45aef16bd49af0b25c696ac3d2d2f216243c766006867,20260916,0.12.0,25,supply,orders,False,16,16,O5,7,BASE,POWER,13.0,1,REGION,THRESHOLD,0,0,1
workflow-verification-20260916,5c1fd964cadeeb74d6e45aef16bd49af0b25c696ac3d2d2f216243c766006867,20260916,0.12.0,25,supply,orders,False,16,16,O6,8,REGION,POWER,13.0,1,CENTER,THRESHOLD,0,0,1
workflow-verification-20260916,5c1fd964cadeeb74d6e45aef16bd49af0b25c696ac3d2d2f216243c766006867,20260916,0.12.0,25,supply,orders,False,16,16,O7,10,BASE,POWER,17.0,1,REGION,THRESHOLD,0,0,1
workflow-verification-20260916,5c1fd964cadeeb74d6e45aef16bd49af0b25c696ac3d2d2f216243c766006867,20260916,0.12.0,25,supply,orders,False,16,16,O8,11,REGION,POWER,17.0,1,CENTER,THRESHOLD,0,0,1
workflow-verification-20260916,5c1fd964cadeeb74d6e45aef16bd49af0b25c696ac3d2d2f216243c766006867,20260916,0.12.0,25,supply,orders,False,16,16,O9,13,BASE,POWER,37.349999999999994,1,REGION,THRESHOLD,0,0,1
workflow-verification-20260916,5c1fd964cadeeb74d6e45aef16bd49af0b25c696ac3d2d2f216243c766006867,20260916,0.12.0,25,supply,orders,False,16,16,O10,14,REGION,POWER,37.349999999999994,1,CENTER,THRESHOLD,0,0,1
workflow-verification-20260916,5c1fd964cadeeb74d6e45aef16bd49af0b25c696ac3d2d2f216243c766006867,20260916,0.12.0,25,supply,orders,False,16,16,O11,16,BASE,POWER,37.44999999999999,1,REGION,THRESHOLD,0,0,1
workflow-verification-20260916,5c1fd964cadeeb74d6e45aef16bd49af0b25c696ac3d2d2f216243c766006867,20260916,0.12.0,25,supply,orders,False,16,16,O12,17,REGION,POWER,37.44999999999999,1,CENTER,THRESHOLD,0,0,1
workflow-verification-20260916,5c1fd964cadeeb74d6e45aef16bd49af0b25c696ac3d2d2f216243c766006867,20260916,0.12.0,25,supply,orders,False,16,16,O13,19,BASE,POWER,41.0,1,REGION,THRESHOLD,0,0,1
workflow-verification-20260916,5c1fd964cadeeb74d6e45aef16bd49af0b25c696ac3d2d2f216243c766006867,20260916,0.12.0,25,supply,orders,False,16,16,O14,20,REGION,POWER,41.0,1,CENTER,THRESHOLD,0,0,1
workflow-verification-20260916,5c1fd964cadeeb74d6e45aef16bd49af0b25c696ac3d2d2f216243c766006867,20260916,0.12.0,25,supply,orders,False,16,16,O15,22,BASE,POWER,66.55000000000003,1,REGION,THRESHOLD,0,0,1
workflow-verification-20260916,5c1fd964cadeeb74d6e45aef16bd49af0b25c696ac3d2d2f216243c766006867,20260916,0.12.0,25,supply,orders,False,16,16,O16,23,REGION,POWER,66.55000000000003,1,CENTER,THRESHOLD,0,0,1
workflow-verification-20260916,5c1fd964cadeeb74d6e45aef16bd49af0b25c696ac3d2d2f216243c766006867,20260916,0.12.0,26,supply,orders,False,12,12,O1,1,BASE,POWER,0,2,REGION,THRESHOLD,0,0,2
workflow-verification-20260916,5c1fd964cadeeb74d6e45aef16bd49af0b25c696ac3d2d2f216243c766006867,20260916,0.12.0,26,supply,orders,False,12,12,O2,2,REGION,POWER,0,2,CENTER,THRESHOLD,0,0,2
workflow-verification-20260916,5c1fd964cadeeb74d6e45aef16bd49af0b25c696ac3d2d2f216243c766006867,20260916,0.12.0,26,supply,orders,False,12,12,O3,4,BASE,POWER,13.0,1,REGION,THRESHOLD,0,0,1
workflow-verification-20260916,5c1fd964cadeeb74d6e45aef16bd49af0b25c696ac3d2d2f216243c766006867,20260916,0.12.0,26,supply,orders,False,12,12,O4,5,REGION,POWER,13.0,1,CENTER,THRESHOLD,0,0,1
workflow-verification-20260916,5c1fd964cadeeb74d6e45aef16bd49af0b25c696ac3d2d2f216243c766006867,20260916,0.12.0,26,supply,orders,False,12,12,O5,7,BASE,POWER,33.0,1,REGION,THRESHOLD,0,0,1
workflow-verification-20260916,5c1fd964cadeeb74d6e45aef16bd49af0b25c696ac3d2d2f216243c766006867,20260916,0.12.0,26,supply,orders,False,12,12,O6,8,REGION,POWER,33.0,1,CENTER,THRESHOLD,0,0,1
workflow-verification-20260916,5c1fd964cadeeb74d6e45aef16bd49af0b25c696ac3d2d2f216243c766006867,20260916,0.12.0,26,supply,orders,False,12,12,O7,10,BASE,POWER,37.29999999999999,1,REGION,THRESHOLD,0,0,1
workflow-verification-20260916,5c1fd964cadeeb74d6e45aef16bd49af0b25c696ac3d2d2f216243c766006867,20260916,0.12.0,26,supply,orders,False,12,12,O8,11,REGION,POWER,37.29999999999999,1,CENTER,THRESHOLD,0,0,1
workflow-verification-20260916,5c1fd964cadeeb74d6e45aef16bd49af0b25c696ac3d2d2f216243c766006867,20260916,0.12.0,26,supply,orders,False,12,12,O9,13,BASE,POWER,57.0,1,REGION,THRESHOLD,0,0,1
workflow-verification-20260916,5c1fd964cadeeb74d6e45aef16bd49af0b25c696ac3d2d2f216243c766006867,20260916,0.12.0,26,supply,orders,False,12,12,O10,14,REGION,POWER,57.0,1,CENTER,THRESHOLD,0,0,1
workflow-verification-20260916,5c1fd964cadeeb74d6e45aef16bd49af0b25c696ac3d2d2f216243c766006867,20260916,0.12.0,26,supply,orders,False,12,12,O11,16,BASE,POWER,61.0,1,REGION,THRESHOLD,0,0,1
workflow-verification-20260916,5c1fd964cadeeb74d6e45aef16bd49af0b25c696ac3d2d2f216243c766006867,20260916,0.12.0,26,supply,orders,False,12,12,O12,17,REGION,POWER,61.0,1,CENTER,THRESHOLD,0,0,1
workflow-verification-20260916,5c1fd964cadeeb74d6e45aef16bd49af0b25c696ac3d2d2f216243c766006867,20260916,0.12.0,27,supply,orders,False,6,6,O1,1,BASE,POWER,0,2,REGION,THRESHOLD,0,0,2
workflow-verification-20260916,5c1fd964cadeeb74d6e45aef16bd49af0b25c696ac3d2d2f216243c766006867,20260916,0.12.0,27,supply,orders,False,6,6,O2,2,REGION,POWER,0,2,CENTER,THRESHOLD,0,0,2
workflow-verification-20260916,5c1fd964cadeeb74d6e45aef16bd49af0b25c696ac3d2d2f216243c766006867,20260916,0.12.0,27,supply,orders,False,6,6,O3,4,BASE,POWER,61.0,1,REGION,THRESHOLD,0,0,1
workflow-verification-20260916,5c1fd964cadeeb74d6e45aef16bd49af0b25c696ac3d2d2f216243c766006867,20260916,0.12.0,27,supply,orders,False,6,6,O4,5,REGION,POWER,61.0,1,CENTER,THRESHOLD,0,0,1
workflow-verification-20260916,5c1fd964cadeeb74d6e45aef16bd49af0b25c696ac3d2d2f216243c766006867,20260916,0.12.0,27,supply,orders,False,6,6,O5,7,BASE,POWER,65.1,1,REGION,THRESHOLD,0,0,1
workflow-verification-20260916,5c1fd964cadeeb74d6e45aef16bd49af0b25c696ac3d2d2f216243c766006867,20260916,0.12.0,27,supply,orders,False,6,6,O6,8,REGION,POWER,65.1,1,CENTER,THRESHOLD,0,0,1
workflow-verification-20260916,5c1fd964cadeeb74d6e45aef16bd49af0b25c696ac3d2d2f216243c766006867,20260916,0.12.0,28,supply,orders,False,16,16,O1,1,BASE,POWER,0,2,REGION,THRESHOLD,0,0,2
workflow-verification-20260916,5c1fd964cadeeb74d6e45aef16bd49af0b25c696ac3d2d2f216243c766006867,20260916,0.12.0,28,supply,orders,False,16,16,O2,2,REGION,POWER,0,2,CENTER,THRESHOLD,0,0,2
workflow-verification-20260916,5c1fd964cadeeb74d6e45aef16bd49af0b25c696ac3d2d2f216243c766006867,20260916,0.12.0,28,supply,orders,False,16,16,O3,5,BASE,POWER,9.0,2,REGION,THRESHOLD,0,0,2
workflow-verification-20260916,5c1fd964cadeeb74d6e45aef16bd49af0b25c696ac3d2d2f216243c766006867,20260916,0.12.0,28,supply,orders,False,16,16,O4,6,REGION,POWER,9.0,2,CENTER,THRESHOLD,0,0,2
workflow-verification-20260916,5c1fd964cadeeb74d6e45aef16bd49af0b25c696ac3d2d2f216243c766006867,20260916,0.12.0,28,supply,orders,False,16,16,O5,9,BASE,POWER,13.0,2,REGION,THRESHOLD,0,0,2
workflow-verification-20260916,5c1fd964cadeeb74d6e45aef16bd49af0b25c696ac3d2d2f216243c766006867,20260916,0.12.0,28,supply,orders,False,16,16,O6,10,REGION,POWER,13.0,2,CENTER,THRESHOLD,0,0,2
workflow-verification-20260916,5c1fd964cadeeb74d6e45aef16bd49af0b25c696ac3d2d2f216243c766006867,20260916,0.12.0,28,supply,orders,False,16,16,O7,12,BASE,POWER,17.0,1,REGION,THRESHOLD,0,0,1
workflow-verification-20260916,5c1fd964cadeeb74d6e45aef16bd49af0b25c696ac3d2d2f216243c766006867,20260916,0.12.0,28,supply,orders,False,16,16,O8,13,REGION,POWER,17.0,1,CENTER,THRESHOLD,0,0,1
workflow-verification-20260916,5c1fd964cadeeb74d6e45aef16bd49af0b25c696ac3d2d2f216243c766006867,20260916,0.12.0,28,supply,orders,False,16,16,O9,15,BASE,POWER,37.0,1,REGION,THRESHOLD,0,0,1
workflow-verification-20260916,5c1fd964cadeeb74d6e45aef16bd49af0b25c696ac3d2d2f216243c766006867,20260916,0.12.0,28,supply,orders,False,16,16,O10,16,REGION,POWER,37.0,1,CENTER,THRESHOLD,0,0,1
workflow-verification-20260916,5c1fd964cadeeb74d6e45aef16bd49af0b25c696ac3d2d2f216243c766006867,20260916,0.12.0,28,supply,orders,False,16,16,O11,18,BASE,POWER,57.0,1,REGION,THRESHOLD,0,0,1
workflow-verification-20260916,5c1fd964cadeeb74d6e45aef16bd49af0b25c696ac3d2d2f216243c766006867,20260916,0.12.0,28,supply,orders,False,16,16,O12,19,REGION,POWER,57.0,1,CENTER,THRESHOLD,0,0,1
workflow-verification-20260916,5c1fd964cadeeb74d6e45aef16bd49af0b25c696ac3d2d2f216243c766006867,20260916,0.12.0,28,supply,orders,False,16,16,O13,21,BASE,POWER,61.04999999999998,1,REGION,THRESHOLD,0,0,1
workflow-verification-20260916,5c1fd964cadeeb74d6e45aef16bd49af0b25c696ac3d2d2f216243c766006867,20260916,0.12.0,28,supply,orders,False,16,16,O14,22,REGION,POWER,61.04999999999998,1,CENTER,THRESHOLD,0,0,1
workflow-verification-20260916,5c1fd964cadeeb74d6e45aef16bd49af0b25c696ac3d2d2f216243c766006867,20260916,0.12.0,28,supply,orders,False,16,16,O15,24,BASE,POWER,65.0,1,REGION,THRESHOLD,0,0,1
workflow-verification-20260916,5c1fd964cadeeb74d6e45aef16bd49af0b25c696ac3d2d2f216243c766006867,20260916,0.12.0,28,supply,orders,False,16,16,O16,25,REGION,POWER,65.0,1,CENTER,THRESHOLD,0,0,1
workflow-verification-20260916,5c1fd964cadeeb74d6e45aef16bd49af0b25c696ac3d2d2f216243c766006867,20260916,0.12.0,29,supply,orders,False,18,18,O1,1,BASE,POWER,0,2,REGION,THRESHOLD,0,0,2
workflow-verification-20260916,5c1fd964cadeeb74d6e45aef16bd49af0b25c696ac3d2d2f216243c766006867,20260916,0.12.0,29,supply,orders,False,18,18,O2,2,REGION,POWER,0,2,CENTER,THRESHOLD,0,0,2
workflow-verification-20260916,5c1fd964cadeeb74d6e45aef16bd49af0b25c696ac3d2d2f216243c766006867,20260916,0.12.0,29,supply,orders,False,18,18,O3,4,BASE,POWER,9.0,1,REGION,THRESHOLD,0,0,1
workflow-verification-20260916,5c1fd964cadeeb74d6e45aef16bd49af0b25c696ac3d2d2f216243c766006867,20260916,0.12.0,29,supply,orders,False,18,18,O4,5,REGION,POWER,9.0,1,CENTER,THRESHOLD,0,0,1
workflow-verification-20260916,5c1fd964cadeeb74d6e45aef16bd49af0b25c696ac3d2d2f216243c766006867,20260916,0.12.0,29,supply,orders,False,18,18,O5,7,BASE,POWER,17.0,1,REGION,THRESHOLD,0,0,1
workflow-verification-20260916,5c1fd964cadeeb74d6e45aef16bd49af0b25c696ac3d2d2f216243c766006867,20260916,0.12.0,29,supply,orders,False,18,18,O6,8,REGION,POWER,17.0,1,CENTER,THRESHOLD,0,0,1
workflow-verification-20260916,5c1fd964cadeeb74d6e45aef16bd49af0b25c696ac3d2d2f216243c766006867,20260916,0.12.0,29,supply,orders,False,18,18,O7,10,BASE,POWER,37.44999999999999,1,REGION,THRESHOLD,0,0,1
workflow-verification-20260916,5c1fd964cadeeb74d6e45aef16bd49af0b25c696ac3d2d2f216243c766006867,20260916,0.12.0,29,supply,orders,False,18,18,O8,11,REGION,POWER,37.44999999999999,1,CENTER,THRESHOLD,0,0,1
workflow-verification-20260916,5c1fd964cadeeb74d6e45aef16bd49af0b25c696ac3d2d2f216243c766006867,20260916,0.12.0,29,supply,orders,False,18,18,O9,13,BASE,POWER,57.0,1,REGION,THRESHOLD,0,0,1
workflow-verification-20260916,5c1fd964cadeeb74d6e45aef16bd49af0b25c696ac3d2d2f216243c766006867,20260916,0.12.0,29,supply,orders,False,18,18,O10,14,REGION,POWER,57.0,1,CENTER,THRESHOLD,0,0,1
workflow-verification-20260916,5c1fd964cadeeb74d6e45aef16bd49af0b25c696ac3d2d2f216243c766006867,20260916,0.12.0,29,supply,orders,False,18,18,O11,16,BASE,POWER,57.699999999999996,1,REGION,THRESHOLD,0,0,1
workflow-verification-20260916,5c1fd964cadeeb74d6e45aef16bd49af0b25c696ac3d2d2f216243c766006867,20260916,0.12.0,29,supply,orders,False,18,18,O12,17,REGION,POWER,57.699999999999996,1,CENTER,THRESHOLD,0,0,1
workflow-verification-20260916,5c1fd964cadeeb74d6e45aef16bd49af0b25c696ac3d2d2f216243c766006867,20260916,0.12.0,29,supply,orders,False,18,18,O13,19,BASE,POWER,61.0,1,REGION,THRESHOLD,0,0,1
workflow-verification-20260916,5c1fd964cadeeb74d6e45aef16bd49af0b25c696ac3d2d2f216243c766006867,20260916,0.12.0,29,supply,orders,False,18,18,O14,20,REGION,POWER,61.0,1,CENTER,THRESHOLD,0,0,1
workflow-verification-20260916,5c1fd964cadeeb74d6e45aef16bd49af0b25c696ac3d2d2f216243c766006867,20260916,0.12.0,29,supply,orders,False,18,18,O15,22,BASE,POWER,65.0,1,REGION,THRESHOLD,0,0,1
workflow-verification-20260916,5c1fd964cadeeb74d6e45aef16bd49af0b25c696ac3d2d2f216243c766006867,20260916,0.12.0,29,supply,orders,False,18,18,O16,23,REGION,POWER,65.0,1,CENTER,THRESHOLD,0,0,1
workflow-verification-20260916,5c1fd964cadeeb74d6e45aef16bd49af0b25c696ac3d2d2f216243c766006867,20260916,0.12.0,29,supply,orders,False,18,18,O17,25,BASE,POWER,66.30000000000001,1,REGION,THRESHOLD,0,0,1
workflow-verification-20260916,5c1fd964cadeeb74d6e45aef16bd49af0b25c696ac3d2d2f216243c766006867,20260916,0.12.0,29,supply,orders,False,18,18,O18,26,REGION,POWER,66.30000000000001,1,CENTER,THRESHOLD,0,0,1
workflow-verification-20260916,5c1fd964cadeeb74d6e45aef16bd49af0b25c696ac3d2d2f216243c766006867,20260916,0.12.0,30,supply,orders,False,24,24,O1,1,BASE,POWER,0,2,REGION,THRESHOLD,0,0,2
workflow-verification-20260916,5c1fd964cadeeb74d6e45aef16bd49af0b25c696ac3d2d2f216243c766006867,20260916,0.12.0,30,supply,orders,False,24,24,O2,2,REGION,POWER,0,2,CENTER,THRESHOLD,0,0,2
workflow-verification-20260916,5c1fd964cadeeb74d6e45aef16bd49af0b25c696ac3d2d2f216243c766006867,20260916,0.12.0,30,supply,orders,False,24,24,O3,4,BASE,POWER,9.0,1,REGION,THRESHOLD,0,0,1
workflow-verification-20260916,5c1fd964cadeeb74d6e45aef16bd49af0b25c696ac3d2d2f216243c766006867,20260916,0.12.0,30,supply,orders,False,24,24,O4,5,REGION,POWER,9.0,1,CENTER,THRESHOLD,0,0,1
workflow-verification-20260916,5c1fd964cadeeb74d6e45aef16bd49af0b25c696ac3d2d2f216243c766006867,20260916,0.12.0,30,supply,orders,False,24,24,O5,7,BASE,POWER,9.9,1,REGION,THRESHOLD,0,0,1
workflow-verification-20260916,5c1fd964cadeeb74d6e45aef16bd49af0b25c696ac3d2d2f216243c766006867,20260916,0.12.0,30,supply,orders,False,24,24,O6,8,REGION,POWER,9.9,1,CENTER,THRESHOLD,0,0,1
workflow-verification-20260916,5c1fd964cadeeb74d6e45aef16bd49af0b25c696ac3d2d2f216243c766006867,20260916,0.12.0,30,supply,orders,False,24,24,O7,10,BASE,POWER,10.15,1,REGION,THRESHOLD,0,0,1
workflow-verification-20260916,5c1fd964cadeeb74d6e45aef16bd49af0b25c696ac3d2d2f216243c766006867,20260916,0.12.0,30,supply,orders,False,24,24,O8,11,REGION,POWER,10.15,1,CENTER,THRESHOLD,0,0,1
workflow-verification-20260916,5c1fd964cadeeb74d6e45aef16bd49af0b25c696ac3d2d2f216243c766006867,20260916,0.12.0,30,supply,orders,False,24,24,O9,13,BASE,POWER,13.0,1,REGION,THRESHOLD,0,0,1
workflow-verification-20260916,5c1fd964cadeeb74d6e45aef16bd49af0b25c696ac3d2d2f216243c766006867,20260916,0.12.0,30,supply,orders,False,24,24,O10,14,REGION,POWER,13.0,1,CENTER,THRESHOLD,0,0,1
workflow-verification-20260916,5c1fd964cadeeb74d6e45aef16bd49af0b25c696ac3d2d2f216243c766006867,20260916,0.12.0,30,supply,orders,False,24,24,O11,16,BASE,POWER,17.0,1,REGION,THRESHOLD,0,0,1
workflow-verification-20260916,5c1fd964cadeeb74d6e45aef16bd49af0b25c696ac3d2d2f216243c766006867,20260916,0.12.0,30,supply,orders,False,24,24,O12,17,REGION,POWER,17.0,1,CENTER,THRESHOLD,0,0,1
workflow-verification-20260916,5c1fd964cadeeb74d6e45aef16bd49af0b25c696ac3d2d2f216243c766006867,20260916,0.12.0,30,supply,orders,False,24,24,O13,19,BASE,POWER,33.0,1,REGION,THRESHOLD,0,0,1
workflow-verification-20260916,5c1fd964cadeeb74d6e45aef16bd49af0b25c696ac3d2d2f216243c766006867,20260916,0.12.0,30,supply,orders,False,24,24,O14,20,REGION,POWER,33.0,1,CENTER,THRESHOLD,0,0,1
workflow-verification-20260916,5c1fd964cadeeb74d6e45aef16bd49af0b25c696ac3d2d2f216243c766006867,20260916,0.12.0,30,supply,orders,False,24,24,O15,22,BASE,POWER,33.9,1,REGION,THRESHOLD,0,0,1
workflow-verification-20260916,5c1fd964cadeeb74d6e45aef16bd49af0b25c696ac3d2d2f216243c766006867,20260916,0.12.0,30,supply,orders,False,24,24,O16,23,REGION,POWER,33.9,1,CENTER,THRESHOLD,0,0,1
workflow-verification-20260916,5c1fd964cadeeb74d6e45aef16bd49af0b25c696ac3d2d2f216243c766006867,20260916,0.12.0,30,supply,orders,False,24,24,O17,25,BASE,POWER,37.24999999999999,1,REGION,THRESHOLD,0,0,1
workflow-verification-20260916,5c1fd964cadeeb74d6e45aef16bd49af0b25c696ac3d2d2f216243c766006867,20260916,0.12.0,30,supply,orders,False,24,24,O18,26,REGION,POWER,37.24999999999999,1,CENTER,THRESHOLD,0,0,1
workflow-verification-20260916,5c1fd964cadeeb74d6e45aef16bd49af0b25c696ac3d2d2f216243c766006867,20260916,0.12.0,30,supply,orders,False,24,24,O19,28,BASE,POWER,37.25,1,REGION,THRESHOLD,0,0,1
workflow-verification-20260916,5c1fd964cadeeb74d6e45aef16bd49af0b25c696ac3d2d2f216243c766006867,20260916,0.12.0,30,supply,orders,False,24,24,O20,29,REGION,POWER,37.25,1,CENTER,THRESHOLD,0,0,1
workflow-verification-20260916,5c1fd964cadeeb74d6e45aef16bd49af0b25c696ac3d2d2f216243c766006867,20260916,0.12.0,30,supply,orders,False,24,24,O21,31,BASE,POWER,57.0,1,REGION,THRESHOLD,0,0,1
workflow-verification-20260916,5c1fd964cadeeb74d6e45aef16bd49af0b25c696ac3d2d2f216243c766006867,20260916,0.12.0,30,supply,orders,False,24,24,O22,32,REGION,POWER,57.0,1,CENTER,THRESHOLD,0,0,1
workflow-verification-20260916,5c1fd964cadeeb74d6e45aef16bd49af0b25c696ac3d2d2f216243c766006867,20260916,0.12.0,30,supply,orders,False,24,24,O23,34,BASE,POWER,65.35000000000001,1,REGION,THRESHOLD,0,0,1
workflow-verification-20260916,5c1fd964cadeeb74d6e45aef16bd49af0b25c696ac3d2d2f216243c766006867,20260916,0.12.0,30,supply,orders,False,24,24,O24,35,REGION,POWER,65.35000000000001,1,CENTER,THRESHOLD,0,0,1
workflow-verification-20260916,5c1fd964cadeeb74d6e45aef16bd49af0b25c696ac3d2d2f216243c766006867,20260916,0.12.0,31,supply,orders,False,11,11,O1,1,BASE,POWER,0,2,REGION,THRESHOLD,0,0,2
workflow-verification-20260916,5c1fd964cadeeb74d6e45aef16bd49af0b25c696ac3d2d2f216243c766006867,20260916,0.12.0,31,supply,orders,False,11,11,O2,2,REGION,POWER,0,2,CENTER,THRESHOLD,0,0,2
workflow-verification-20260916,5c1fd964cadeeb74d6e45aef16bd49af0b25c696ac3d2d2f216243c766006867,20260916,0.12.0,31,supply,orders,False,11,11,O3,4,BASE,POWER,9.0,1,REGION,THRESHOLD,0,0,1
workflow-verification-20260916,5c1fd964cadeeb74d6e45aef16bd49af0b25c696ac3d2d2f216243c766006867,20260916,0.12.0,31,supply,orders,False,11,11,O4,5,REGION,POWER,9.0,1,CENTER,THRESHOLD,0,0,1
workflow-verification-20260916,5c1fd964cadeeb74d6e45aef16bd49af0b25c696ac3d2d2f216243c766006867,20260916,0.12.0,31,supply,orders,False,11,11,O5,8,BASE,POWER,13.0,2,REGION,THRESHOLD,0,0,2
workflow-verification-20260916,5c1fd964cadeeb74d6e45aef16bd49af0b25c696ac3d2d2f216243c766006867,20260916,0.12.0,31,supply,orders,False,11,11,O6,9,REGION,POWER,13.0,2,CENTER,THRESHOLD,0,0,2
workflow-verification-20260916,5c1fd964cadeeb74d6e45aef16bd49af0b25c696ac3d2d2f216243c766006867,20260916,0.12.0,31,supply,orders,False,11,11,O7,11,BASE,POWER,13.8,1,REGION,THRESHOLD,0,0,1
workflow-verification-20260916,5c1fd964cadeeb74d6e45aef16bd49af0b25c696ac3d2d2f216243c766006867,20260916,0.12.0,31,supply,orders,False,11,11,O8,13,BASE,POWER,17.0,1,REGION,THRESHOLD,0,0,1
workflow-verification-20260916,5c1fd964cadeeb74d6e45aef16bd49af0b25c696ac3d2d2f216243c766006867,20260916,0.12.0,31,supply,orders,False,11,11,O9,14,REGION,POWER,17.0,1,CENTER,THRESHOLD,0,0,1
workflow-verification-20260916,5c1fd964cadeeb74d6e45aef16bd49af0b25c696ac3d2d2f216243c766006867,20260916,0.12.0,31,supply,orders,False,11,11,O10,16,BASE,POWER,63.74999999999998,1,REGION,THRESHOLD,0,0,1
workflow-verification-20260916,5c1fd964cadeeb74d6e45aef16bd49af0b25c696ac3d2d2f216243c766006867,20260916,0.12.0,31,supply,orders,False,11,11,O11,17,REGION,POWER,63.74999999999998,1,CENTER,THRESHOLD,0,0,1
workflow-verification-20260916,5c1fd964cadeeb74d6e45aef16bd49af0b25c696ac3d2d2f216243c766006867,20260916,0.12.0,32,supply,orders,False,10,10,O1,1,BASE,POWER,0,2,REGION,THRESHOLD,0,0,2
workflow-verification-20260916,5c1fd964cadeeb74d6e45aef16bd49af0b25c696ac3d2d2f216243c766006867,20260916,0.12.0,32,supply,orders,False,10,10,O2,2,REGION,POWER,0,2,CENTER,THRESHOLD,0,0,2
workflow-verification-20260916,5c1fd964cadeeb74d6e45aef16bd49af0b25c696ac3d2d2f216243c766006867,20260916,0.12.0,32,supply,orders,False,10,10,O3,4,BASE,POWER,13.0,1,REGION,THRESHOLD,0,0,1
workflow-verification-20260916,5c1fd964cadeeb74d6e45aef16bd49af0b25c696ac3d2d2f216243c766006867,20260916,0.12.0,32,supply,orders,False,10,10,O4,5,REGION,POWER,13.0,1,CENTER,THRESHOLD,0,0,1
workflow-verification-20260916,5c1fd964cadeeb74d6e45aef16bd49af0b25c696ac3d2d2f216243c766006867,20260916,0.12.0,32,supply,orders,False,10,10,O5,8,BASE,POWER,17.0,2,REGION,THRESHOLD,0,0,2
workflow-verification-20260916,5c1fd964cadeeb74d6e45aef16bd49af0b25c696ac3d2d2f216243c766006867,20260916,0.12.0,32,supply,orders,False,10,10,O6,9,REGION,POWER,17.0,2,CENTER,THRESHOLD,0,0,2
workflow-verification-20260916,5c1fd964cadeeb74d6e45aef16bd49af0b25c696ac3d2d2f216243c766006867,20260916,0.12.0,32,supply,orders,False,10,10,O7,11,BASE,POWER,33.0,1,REGION,THRESHOLD,0,0,1
workflow-verification-20260916,5c1fd964cadeeb74d6e45aef16bd49af0b25c696ac3d2d2f216243c766006867,20260916,0.12.0,32,supply,orders,False,10,10,O8,12,REGION,POWER,33.0,1,CENTER,THRESHOLD,0,0,1
workflow-verification-20260916,5c1fd964cadeeb74d6e45aef16bd49af0b25c696ac3d2d2f216243c766006867,20260916,0.12.0,32,supply,orders,False,10,10,O9,14,BASE,POWER,57.0,1,REGION,THRESHOLD,0,0,1
workflow-verification-20260916,5c1fd964cadeeb74d6e45aef16bd49af0b25c696ac3d2d2f216243c766006867,20260916,0.12.0,32,supply,orders,False,10,10,O10,15,REGION,POWER,57.0,1,CENTER,THRESHOLD,0,0,1
workflow-verification-20260916,5c1fd964cadeeb74d6e45aef16bd49af0b25c696ac3d2d2f216243c766006867,20260916,0.12.0,33,supply,orders,False,23,23,O1,1,BASE,POWER,0,2,REGION,THRESHOLD,0,0,2
workflow-verification-20260916,5c1fd964cadeeb74d6e45aef16bd49af0b25c696ac3d2d2f216243c766006867,20260916,0.12.0,33,supply,orders,False,23,23,O2,2,REGION,POWER,0,2,CENTER,THRESHOLD,0,0,2
workflow-verification-20260916,5c1fd964cadeeb74d6e45aef16bd49af0b25c696ac3d2d2f216243c766006867,20260916,0.12.0,33,supply,orders,False,23,23,O3,5,BASE,POWER,13.0,2,REGION,THRESHOLD,0,0,2
workflow-verification-20260916,5c1fd964cadeeb74d6e45aef16bd49af0b25c696ac3d2d2f216243c766006867,20260916,0.12.0,33,supply,orders,False,23,23,O4,6,REGION,POWER,13.0,2,CENTER,THRESHOLD,0,0,2
workflow-verification-20260916,5c1fd964cadeeb74d6e45aef16bd49af0b25c696ac3d2d2f216243c766006867,20260916,0.12.0,33,supply,orders,False,23,23,O5,8,BASE,POWER,13.8,1,REGION,THRESHOLD,0,0,1
workflow-verification-20260916,5c1fd964cadeeb74d6e45aef16bd49af0b25c696ac3d2d2f216243c766006867,20260916,0.12.0,33,supply,orders,False,23,23,O6,10,BASE,POWER,18.299999999999997,1,REGION,THRESHOLD,0,0,1
workflow-verification-20260916,5c1fd964cadeeb74d6e45aef16bd49af0b25c696ac3d2d2f216243c766006867,20260916,0.12.0,33,supply,orders,False,23,23,O7,11,REGION,POWER,18.299999999999997,1,CENTER,THRESHOLD,0,0,1
workflow-verification-20260916,5c1fd964cadeeb74d6e45aef16bd49af0b25c696ac3d2d2f216243c766006867,20260916,0.12.0,33,supply,orders,False,23,23,O8,13,BASE,POWER,33.0,1,REGION,THRESHOLD,0,0,1
workflow-verification-20260916,5c1fd964cadeeb74d6e45aef16bd49af0b25c696ac3d2d2f216243c766006867,20260916,0.12.0,33,supply,orders,False,23,23,O9,14,REGION,POWER,33.0,1,CENTER,THRESHOLD,0,0,1
workflow-verification-20260916,5c1fd964cadeeb74d6e45aef16bd49af0b25c696ac3d2d2f216243c766006867,20260916,0.12.0,33,supply,orders,False,23,23,O10,16,BASE,POWER,34.8,1,REGION,THRESHOLD,0,0,1
workflow-verification-20260916,5c1fd964cadeeb74d6e45aef16bd49af0b25c696ac3d2d2f216243c766006867,20260916,0.12.0,33,supply,orders,False,23,23,O11,17,REGION,POWER,34.8,1,CENTER,THRESHOLD,0,0,1
workflow-verification-20260916,5c1fd964cadeeb74d6e45aef16bd49af0b25c696ac3d2d2f216243c766006867,20260916,0.12.0,33,supply,orders,False,23,23,O12,19,BASE,POWER,37.25,1,REGION,THRESHOLD,0,0,1
workflow-verification-20260916,5c1fd964cadeeb74d6e45aef16bd49af0b25c696ac3d2d2f216243c766006867,20260916,0.12.0,33,supply,orders,False,23,23,O13,20,REGION,POWER,37.25,1,CENTER,THRESHOLD,0,0,1
workflow-verification-20260916,5c1fd964cadeeb74d6e45aef16bd49af0b25c696ac3d2d2f216243c766006867,20260916,0.12.0,33,supply,orders,False,23,23,O14,22,BASE,POWER,41.0,1,REGION,THRESHOLD,0,0,1
workflow-verification-20260916,5c1fd964cadeeb74d6e45aef16bd49af0b25c696ac3d2d2f216243c766006867,20260916,0.12.0,33,supply,orders,False,23,23,O15,23,REGION,POWER,41.0,1,CENTER,THRESHOLD,0,0,1
workflow-verification-20260916,5c1fd964cadeeb74d6e45aef16bd49af0b25c696ac3d2d2f216243c766006867,20260916,0.12.0,33,supply,orders,False,23,23,O16,25,BASE,POWER,57.0,1,REGION,THRESHOLD,0,0,1
workflow-verification-20260916,5c1fd964cadeeb74d6e45aef16bd49af0b25c696ac3d2d2f216243c766006867,20260916,0.12.0,33,supply,orders,False,23,23,O17,26,REGION,POWER,57.0,1,CENTER,THRESHOLD,0,0,1
workflow-verification-20260916,5c1fd964cadeeb74d6e45aef16bd49af0b25c696ac3d2d2f216243c766006867,20260916,0.12.0,33,supply,orders,False,23,23,O18,28,BASE,POWER,61.0,1,REGION,THRESHOLD,0,0,1
workflow-verification-20260916,5c1fd964cadeeb74d6e45aef16bd49af0b25c696ac3d2d2f216243c766006867,20260916,0.12.0,33,supply,orders,False,23,23,O19,29,REGION,POWER,61.0,1,CENTER,THRESHOLD,0,0,1
workflow-verification-20260916,5c1fd964cadeeb74d6e45aef16bd49af0b25c696ac3d2d2f216243c766006867,20260916,0.12.0,33,supply,orders,False,23,23,O20,31,BASE,POWER,65.0,1,REGION,THRESHOLD,0,0,1
workflow-verification-20260916,5c1fd964cadeeb74d6e45aef16bd49af0b25c696ac3d2d2f216243c766006867,20260916,0.12.0,33,supply,orders,False,23,23,O21,32,REGION,POWER,65.0,1,CENTER,THRESHOLD,0,0,1
workflow-verification-20260916,5c1fd964cadeeb74d6e45aef16bd49af0b25c696ac3d2d2f216243c766006867,20260916,0.12.0,33,supply,orders,False,23,23,O22,34,BASE,POWER,66.80000000000001,1,REGION,THRESHOLD,0,0,1
workflow-verification-20260916,5c1fd964cadeeb74d6e45aef16bd49af0b25c696ac3d2d2f216243c766006867,20260916,0.12.0,33,supply,orders,False,23,23,O23,35,REGION,POWER,66.80000000000001,1,CENTER,THRESHOLD,0,0,1
workflow-verification-20260916,5c1fd964cadeeb74d6e45aef16bd49af0b25c696ac3d2d2f216243c766006867,20260916,0.12.0,34,supply,orders,False,16,16,O1,1,BASE,POWER,0,2,REGION,THRESHOLD,0,0,2
workflow-verification-20260916,5c1fd964cadeeb74d6e45aef16bd49af0b25c696ac3d2d2f216243c766006867,20260916,0.12.0,34,supply,orders,False,16,16,O2,2,REGION,POWER,0,2,CENTER,THRESHOLD,0,0,2
workflow-verification-20260916,5c1fd964cadeeb74d6e45aef16bd49af0b25c696ac3d2d2f216243c766006867,20260916,0.12.0,34,supply,orders,False,16,16,O3,4,BASE,POWER,10.3,1,REGION,THRESHOLD,0,0,1
workflow-verification-20260916,5c1fd964cadeeb74d6e45aef16bd49af0b25c696ac3d2d2f216243c766006867,20260916,0.12.0,34,supply,orders,False,16,16,O4,5,REGION,POWER,10.3,1,CENTER,THRESHOLD,0,0,1
workflow-verification-20260916,5c1fd964cadeeb74d6e45aef16bd49af0b25c696ac3d2d2f216243c766006867,20260916,0.12.0,34,supply,orders,False,16,16,O5,7,BASE,POWER,14.100000000000001,1,REGION,THRESHOLD,0,0,1
workflow-verification-20260916,5c1fd964cadeeb74d6e45aef16bd49af0b25c696ac3d2d2f216243c766006867,20260916,0.12.0,34,supply,orders,False,16,16,O6,8,REGION,POWER,14.100000000000001,1,CENTER,THRESHOLD,0,0,1
workflow-verification-20260916,5c1fd964cadeeb74d6e45aef16bd49af0b25c696ac3d2d2f216243c766006867,20260916,0.12.0,34,supply,orders,False,16,16,O7,10,BASE,POWER,17.0,1,REGION,THRESHOLD,0,0,1
workflow-verification-20260916,5c1fd964cadeeb74d6e45aef16bd49af0b25c696ac3d2d2f216243c766006867,20260916,0.12.0,34,supply,orders,False,16,16,O8,11,REGION,POWER,17.0,1,CENTER,THRESHOLD,0,0,1
workflow-verification-20260916,5c1fd964cadeeb74d6e45aef16bd49af0b25c696ac3d2d2f216243c766006867,20260916,0.12.0,34,supply,orders,False,16,16,O9,13,BASE,POWER,33.0,1,REGION,THRESHOLD,0,0,1
workflow-verification-20260916,5c1fd964cadeeb74d6e45aef16bd49af0b25c696ac3d2d2f216243c766006867,20260916,0.12.0,34,supply,orders,False,16,16,O10,14,REGION,POWER,33.0,1,CENTER,THRESHOLD,0,0,1
workflow-verification-20260916,5c1fd964cadeeb74d6e45aef16bd49af0b25c696ac3d2d2f216243c766006867,20260916,0.12.0,34,supply,orders,False,16,16,O11,16,BASE,POWER,37.14999999999999,1,REGION,THRESHOLD,0,0,1
workflow-verification-20260916,5c1fd964cadeeb74d6e45aef16bd49af0b25c696ac3d2d2f216243c766006867,20260916,0.12.0,34,supply,orders,False,16,16,O12,17,REGION,POWER,37.14999999999999,1,CENTER,THRESHOLD,0,0,1
workflow-verification-20260916,5c1fd964cadeeb74d6e45aef16bd49af0b25c696ac3d2d2f216243c766006867,20260916,0.12.0,34,supply,orders,False,16,16,O13,19,BASE,POWER,37.249999999999986,1,REGION,THRESHOLD,0,0,1
workflow-verification-20260916,5c1fd964cadeeb74d6e45aef16bd49af0b25c696ac3d2d2f216243c766006867,20260916,0.12.0,34,supply,orders,False,16,16,O14,20,REGION,POWER,37.249999999999986,1,CENTER,THRESHOLD,0,0,1
workflow-verification-20260916,5c1fd964cadeeb74d6e45aef16bd49af0b25c696ac3d2d2f216243c766006867,20260916,0.12.0,34,supply,orders,False,16,16,O15,22,BASE,POWER,57.0,1,REGION,THRESHOLD,0,0,1
workflow-verification-20260916,5c1fd964cadeeb74d6e45aef16bd49af0b25c696ac3d2d2f216243c766006867,20260916,0.12.0,34,supply,orders,False,16,16,O16,23,REGION,POWER,57.0,1,CENTER,THRESHOLD,0,0,1
workflow-verification-20260916,5c1fd964cadeeb74d6e45aef16bd49af0b25c696ac3d2d2f216243c766006867,20260916,0.12.0,35,supply,orders,False,15,15,O1,1,BASE,POWER,0,2,REGION,THRESHOLD,0,0,2
workflow-verification-20260916,5c1fd964cadeeb74d6e45aef16bd49af0b25c696ac3d2d2f216243c766006867,20260916,0.12.0,35,supply,orders,False,15,15,O2,2,REGION,POWER,0,2,CENTER,THRESHOLD,0,0,2
workflow-verification-20260916,5c1fd964cadeeb74d6e45aef16bd49af0b25c696ac3d2d2f216243c766006867,20260916,0.12.0,35,supply,orders,False,15,15,O3,4,BASE,POWER,13.0,1,REGION,THRESHOLD,0,0,1
workflow-verification-20260916,5c1fd964cadeeb74d6e45aef16bd49af0b25c696ac3d2d2f216243c766006867,20260916,0.12.0,35,supply,orders,False,15,15,O4,5,REGION,POWER,13.0,1,CENTER,THRESHOLD,0,0,1
workflow-verification-20260916,5c1fd964cadeeb74d6e45aef16bd49af0b25c696ac3d2d2f216243c766006867,20260916,0.12.0,35,supply,orders,False,15,15,O5,7,BASE,POWER,37.25,1,REGION,THRESHOLD,0,0,1
workflow-verification-20260916,5c1fd964cadeeb74d6e45aef16bd49af0b25c696ac3d2d2f216243c766006867,20260916,0.12.0,35,supply,orders,False,15,15,O6,8,REGION,POWER,37.25,1,CENTER,THRESHOLD,0,0,1
workflow-verification-20260916,5c1fd964cadeeb74d6e45aef16bd49af0b25c696ac3d2d2f216243c766006867,20260916,0.12.0,35,supply,orders,False,15,15,O7,10,BASE,POWER,41.0,1,REGION,THRESHOLD,0,0,1
workflow-verification-20260916,5c1fd964cadeeb74d6e45aef16bd49af0b25c696ac3d2d2f216243c766006867,20260916,0.12.0,35,supply,orders,False,15,15,O8,11,REGION,POWER,41.0,1,CENTER,THRESHOLD,0,0,1
workflow-verification-20260916,5c1fd964cadeeb74d6e45aef16bd49af0b25c696ac3d2d2f216243c766006867,20260916,0.12.0,35,supply,orders,False,15,15,O9,14,BASE,POWER,57.0,2,REGION,THRESHOLD,0,0,2
workflow-verification-20260916,5c1fd964cadeeb74d6e45aef16bd49af0b25c696ac3d2d2f216243c766006867,20260916,0.12.0,35,supply,orders,False,15,15,O10,15,REGION,POWER,57.0,2,CENTER,THRESHOLD,0,0,2
workflow-verification-20260916,5c1fd964cadeeb74d6e45aef16bd49af0b25c696ac3d2d2f216243c766006867,20260916,0.12.0,35,supply,orders,False,15,15,O11,17,BASE,POWER,57.8,1,REGION,THRESHOLD,0,0,1
workflow-verification-20260916,5c1fd964cadeeb74d6e45aef16bd49af0b25c696ac3d2d2f216243c766006867,20260916,0.12.0,35,supply,orders,False,15,15,O12,19,BASE,POWER,61.0,1,REGION,THRESHOLD,0,0,1
workflow-verification-20260916,5c1fd964cadeeb74d6e45aef16bd49af0b25c696ac3d2d2f216243c766006867,20260916,0.12.0,35,supply,orders,False,15,15,O13,20,REGION,POWER,61.0,1,CENTER,THRESHOLD,0,0,1
workflow-verification-20260916,5c1fd964cadeeb74d6e45aef16bd49af0b25c696ac3d2d2f216243c766006867,20260916,0.12.0,35,supply,orders,False,15,15,O14,23,BASE,POWER,65.0,2,REGION,THRESHOLD,0,0,2
workflow-verification-20260916,5c1fd964cadeeb74d6e45aef16bd49af0b25c696ac3d2d2f216243c766006867,20260916,0.12.0,35,supply,orders,False,15,15,O15,24,REGION,POWER,65.0,2,CENTER,THRESHOLD,0,0,2
workflow-verification-20260916,5c1fd964cadeeb74d6e45aef16bd49af0b25c696ac3d2d2f216243c766006867,20260916,0.12.0,36,supply,orders,False,18,18,O1,1,BASE,POWER,0,2,REGION,THRESHOLD,0,0,2
workflow-verification-20260916,5c1fd964cadeeb74d6e45aef16bd49af0b25c696ac3d2d2f216243c766006867,20260916,0.12.0,36,supply,orders,False,18,18,O2,2,REGION,POWER,0,2,CENTER,THRESHOLD,0,0,2
workflow-verification-20260916,5c1fd964cadeeb74d6e45aef16bd49af0b25c696ac3d2d2f216243c766006867,20260916,0.12.0,36,supply,orders,False,18,18,O3,4,BASE,POWER,13.0,1,REGION,THRESHOLD,0,0,1
workflow-verification-20260916,5c1fd964cadeeb74d6e45aef16bd49af0b25c696ac3d2d2f216243c766006867,20260916,0.12.0,36,supply,orders,False,18,18,O4,5,REGION,POWER,13.0,1,CENTER,THRESHOLD,0,0,1
workflow-verification-20260916,5c1fd964cadeeb74d6e45aef16bd49af0b25c696ac3d2d2f216243c766006867,20260916,0.12.0,36,supply,orders,False,18,18,O5,7,BASE,POWER,17.0,1,REGION,THRESHOLD,0,0,1
workflow-verification-20260916,5c1fd964cadeeb74d6e45aef16bd49af0b25c696ac3d2d2f216243c766006867,20260916,0.12.0,36,supply,orders,False,18,18,O6,8,REGION,POWER,17.0,1,CENTER,THRESHOLD,0,0,1
workflow-verification-20260916,5c1fd964cadeeb74d6e45aef16bd49af0b25c696ac3d2d2f216243c766006867,20260916,0.12.0,36,supply,orders,False,18,18,O7,10,BASE,POWER,37.19999999999999,1,REGION,THRESHOLD,0,0,1
workflow-verification-20260916,5c1fd964cadeeb74d6e45aef16bd49af0b25c696ac3d2d2f216243c766006867,20260916,0.12.0,36,supply,orders,False,18,18,O8,11,REGION,POWER,37.19999999999999,1,CENTER,THRESHOLD,0,0,1
workflow-verification-20260916,5c1fd964cadeeb74d6e45aef16bd49af0b25c696ac3d2d2f216243c766006867,20260916,0.12.0,36,supply,orders,False,18,18,O9,13,BASE,POWER,38.249999999999986,1,REGION,THRESHOLD,0,0,1
workflow-verification-20260916,5c1fd964cadeeb74d6e45aef16bd49af0b25c696ac3d2d2f216243c766006867,20260916,0.12.0,36,supply,orders,False,18,18,O10,14,REGION,POWER,38.249999999999986,1,CENTER,THRESHOLD,0,0,1
workflow-verification-20260916,5c1fd964cadeeb74d6e45aef16bd49af0b25c696ac3d2d2f216243c766006867,20260916,0.12.0,36,supply,orders,False,18,18,O11,16,BASE,POWER,38.79999999999998,1,REGION,THRESHOLD,0,0,1
workflow-verification-20260916,5c1fd964cadeeb74d6e45aef16bd49af0b25c696ac3d2d2f216243c766006867,20260916,0.12.0,36,supply,orders,False,18,18,O12,17,REGION,POWER,38.79999999999998,1,CENTER,THRESHOLD,0,0,1
workflow-verification-20260916,5c1fd964cadeeb74d6e45aef16bd49af0b25c696ac3d2d2f216243c766006867,20260916,0.12.0,36,supply,orders,False,18,18,O13,19,BASE,POWER,58.3,1,REGION,THRESHOLD,0,0,1
workflow-verification-20260916,5c1fd964cadeeb74d6e45aef16bd49af0b25c696ac3d2d2f216243c766006867,20260916,0.12.0,36,supply,orders,False,18,18,O14,20,REGION,POWER,58.3,1,CENTER,THRESHOLD,0,0,1
workflow-verification-20260916,5c1fd964cadeeb74d6e45aef16bd49af0b25c696ac3d2d2f216243c766006867,20260916,0.12.0,36,supply,orders,False,18,18,O15,22,BASE,POWER,62.3,1,REGION,THRESHOLD,0,0,1
workflow-verification-20260916,5c1fd964cadeeb74d6e45aef16bd49af0b25c696ac3d2d2f216243c766006867,20260916,0.12.0,36,supply,orders,False,18,18,O16,23,REGION,POWER,62.3,1,CENTER,THRESHOLD,0,0,1
workflow-verification-20260916,5c1fd964cadeeb74d6e45aef16bd49af0b25c696ac3d2d2f216243c766006867,20260916,0.12.0,36,supply,orders,False,18,18,O17,25,BASE,POWER,65.14999999999999,1,REGION,THRESHOLD,0,0,1
workflow-verification-20260916,5c1fd964cadeeb74d6e45aef16bd49af0b25c696ac3d2d2f216243c766006867,20260916,0.12.0,36,supply,orders,False,18,18,O18,26,REGION,POWER,65.14999999999999,1,CENTER,THRESHOLD,0,0,1
workflow-verification-20260916,5c1fd964cadeeb74d6e45aef16bd49af0b25c696ac3d2d2f216243c766006867,20260916,0.12.0,37,supply,orders,False,18,18,O1,1,BASE,POWER,0,2,REGION,THRESHOLD,0,0,2
workflow-verification-20260916,5c1fd964cadeeb74d6e45aef16bd49af0b25c696ac3d2d2f216243c766006867,20260916,0.12.0,37,supply,orders,False,18,18,O2,2,REGION,POWER,0,2,CENTER,THRESHOLD,0,0,2
workflow-verification-20260916,5c1fd964cadeeb74d6e45aef16bd49af0b25c696ac3d2d2f216243c766006867,20260916,0.12.0,37,supply,orders,False,18,18,O3,4,BASE,POWER,14.3,1,REGION,THRESHOLD,0,0,1
workflow-verification-20260916,5c1fd964cadeeb74d6e45aef16bd49af0b25c696ac3d2d2f216243c766006867,20260916,0.12.0,37,supply,orders,False,18,18,O4,5,REGION,POWER,14.3,1,CENTER,THRESHOLD,0,0,1
workflow-verification-20260916,5c1fd964cadeeb74d6e45aef16bd49af0b25c696ac3d2d2f216243c766006867,20260916,0.12.0,37,supply,orders,False,18,18,O5,8,BASE,POWER,17.0,2,REGION,THRESHOLD,0,0,2
workflow-verification-20260916,5c1fd964cadeeb74d6e45aef16bd49af0b25c696ac3d2d2f216243c766006867,20260916,0.12.0,37,supply,orders,False,18,18,O6,9,REGION,POWER,17.0,2,CENTER,THRESHOLD,0,0,2
workflow-verification-20260916,5c1fd964cadeeb74d6e45aef16bd49af0b25c696ac3d2d2f216243c766006867,20260916,0.12.0,37,supply,orders,False,18,18,O7,11,BASE,POWER,33.0,1,REGION,THRESHOLD,0,0,1
workflow-verification-20260916,5c1fd964cadeeb74d6e45aef16bd49af0b25c696ac3d2d2f216243c766006867,20260916,0.12.0,37,supply,orders,False,18,18,O8,12,REGION,POWER,33.0,1,CENTER,THRESHOLD,0,0,1
workflow-verification-20260916,5c1fd964cadeeb74d6e45aef16bd49af0b25c696ac3d2d2f216243c766006867,20260916,0.12.0,37,supply,orders,False,18,18,O9,14,BASE,POWER,37.0,1,REGION,THRESHOLD,0,0,1
workflow-verification-20260916,5c1fd964cadeeb74d6e45aef16bd49af0b25c696ac3d2d2f216243c766006867,20260916,0.12.0,37,supply,orders,False,18,18,O10,15,REGION,POWER,37.0,1,CENTER,THRESHOLD,0,0,1
workflow-verification-20260916,5c1fd964cadeeb74d6e45aef16bd49af0b25c696ac3d2d2f216243c766006867,20260916,0.12.0,37,supply,orders,False,18,18,O11,17,BASE,POWER,37.9,1,REGION,THRESHOLD,0,0,1
workflow-verification-20260916,5c1fd964cadeeb74d6e45aef16bd49af0b25c696ac3d2d2f216243c766006867,20260916,0.12.0,37,supply,orders,False,18,18,O12,18,REGION,POWER,37.9,1,CENTER,THRESHOLD,0,0,1
workflow-verification-20260916,5c1fd964cadeeb74d6e45aef16bd49af0b25c696ac3d2d2f216243c766006867,20260916,0.12.0,37,supply,orders,False,18,18,O13,20,BASE,POWER,61.0,1,REGION,THRESHOLD,0,0,1
workflow-verification-20260916,5c1fd964cadeeb74d6e45aef16bd49af0b25c696ac3d2d2f216243c766006867,20260916,0.12.0,37,supply,orders,False,18,18,O14,21,REGION,POWER,61.0,1,CENTER,THRESHOLD,0,0,1
workflow-verification-20260916,5c1fd964cadeeb74d6e45aef16bd49af0b25c696ac3d2d2f216243c766006867,20260916,0.12.0,37,supply,orders,False,18,18,O15,23,BASE,POWER,61.9,1,REGION,THRESHOLD,0,0,1
workflow-verification-20260916,5c1fd964cadeeb74d6e45aef16bd49af0b25c696ac3d2d2f216243c766006867,20260916,0.12.0,37,supply,orders,False,18,18,O16,24,REGION,POWER,61.9,1,CENTER,THRESHOLD,0,0,1
workflow-verification-20260916,5c1fd964cadeeb74d6e45aef16bd49af0b25c696ac3d2d2f216243c766006867,20260916,0.12.0,37,supply,orders,False,18,18,O17,26,BASE,POWER,66.35,1,REGION,THRESHOLD,0,0,1
workflow-verification-20260916,5c1fd964cadeeb74d6e45aef16bd49af0b25c696ac3d2d2f216243c766006867,20260916,0.12.0,37,supply,orders,False,18,18,O18,27,REGION,POWER,66.35,1,CENTER,THRESHOLD,0,0,1
workflow-verification-20260916,5c1fd964cadeeb74d6e45aef16bd49af0b25c696ac3d2d2f216243c766006867,20260916,0.12.0,38,supply,orders,False,25,25,O1,1,BASE,POWER,0,2,REGION,THRESHOLD,0,0,2
workflow-verification-20260916,5c1fd964cadeeb74d6e45aef16bd49af0b25c696ac3d2d2f216243c766006867,20260916,0.12.0,38,supply,orders,False,25,25,O2,2,REGION,POWER,0,2,CENTER,THRESHOLD,0,0,2
workflow-verification-20260916,5c1fd964cadeeb74d6e45aef16bd49af0b25c696ac3d2d2f216243c766006867,20260916,0.12.0,38,supply,orders,False,25,25,O3,4,BASE,POWER,9.0,1,REGION,THRESHOLD,0,0,1
workflow-verification-20260916,5c1fd964cadeeb74d6e45aef16bd49af0b25c696ac3d2d2f216243c766006867,20260916,0.12.0,38,supply,orders,False,25,25,O4,5,REGION,POWER,9.0,1,CENTER,THRESHOLD,0,0,1
workflow-verification-20260916,5c1fd964cadeeb74d6e45aef16bd49af0b25c696ac3d2d2f216243c766006867,20260916,0.12.0,38,supply,orders,False,25,25,O5,7,BASE,POWER,13.0,1,REGION,THRESHOLD,0,0,1
workflow-verification-20260916,5c1fd964cadeeb74d6e45aef16bd49af0b25c696ac3d2d2f216243c766006867,20260916,0.12.0,38,supply,orders,False,25,25,O6,8,REGION,POWER,13.0,1,CENTER,THRESHOLD,0,0,1
workflow-verification-20260916,5c1fd964cadeeb74d6e45aef16bd49af0b25c696ac3d2d2f216243c766006867,20260916,0.12.0,38,supply,orders,False,25,25,O7,11,BASE,POWER,17.0,2,REGION,THRESHOLD,0,0,2
workflow-verification-20260916,5c1fd964cadeeb74d6e45aef16bd49af0b25c696ac3d2d2f216243c766006867,20260916,0.12.0,38,supply,orders,False,25,25,O8,12,REGION,POWER,17.0,2,CENTER,THRESHOLD,0,0,2
workflow-verification-20260916,5c1fd964cadeeb74d6e45aef16bd49af0b25c696ac3d2d2f216243c766006867,20260916,0.12.0,38,supply,orders,False,25,25,O9,14,BASE,POWER,17.799999999999997,1,REGION,THRESHOLD,0,0,1
workflow-verification-20260916,5c1fd964cadeeb74d6e45aef16bd49af0b25c696ac3d2d2f216243c766006867,20260916,0.12.0,38,supply,orders,False,25,25,O10,17,BASE,POWER,33.0,2,REGION,THRESHOLD,0,0,2
workflow-verification-20260916,5c1fd964cadeeb74d6e45aef16bd49af0b25c696ac3d2d2f216243c766006867,20260916,0.12.0,38,supply,orders,False,25,25,O11,18,REGION,POWER,33.0,2,CENTER,THRESHOLD,0,0,2
workflow-verification-20260916,5c1fd964cadeeb74d6e45aef16bd49af0b25c696ac3d2d2f216243c766006867,20260916,0.12.0,38,supply,orders,False,25,25,O12,20,BASE,POWER,37.14999999999999,1,REGION,THRESHOLD,0,0,1
workflow-verification-20260916,5c1fd964cadeeb74d6e45aef16bd49af0b25c696ac3d2d2f216243c766006867,20260916,0.12.0,38,supply,orders,False,25,25,O13,21,REGION,POWER,37.14999999999999,1,CENTER,THRESHOLD,0,0,1
workflow-verification-20260916,5c1fd964cadeeb74d6e45aef16bd49af0b25c696ac3d2d2f216243c766006867,20260916,0.12.0,38,supply,orders,False,25,25,O14,23,BASE,POWER,37.94999999999999,1,REGION,THRESHOLD,0,0,1
workflow-verification-20260916,5c1fd964cadeeb74d6e45aef16bd49af0b25c696ac3d2d2f216243c766006867,20260916,0.12.0,38,supply,orders,False,25,25,O15,24,REGION,POWER,37.94999999999999,1,CENTER,THRESHOLD,0,0,1
workflow-verification-20260916,5c1fd964cadeeb74d6e45aef16bd49af0b25c696ac3d2d2f216243c766006867,20260916,0.12.0,38,supply,orders,False,25,25,O16,26,BASE,POWER,41.0,1,REGION,THRESHOLD,0,0,1
workflow-verification-20260916,5c1fd964cadeeb74d6e45aef16bd49af0b25c696ac3d2d2f216243c766006867,20260916,0.12.0,38,supply,orders,False,25,25,O17,27,REGION,POWER,41.0,1,CENTER,THRESHOLD,0,0,1
workflow-verification-20260916,5c1fd964cadeeb74d6e45aef16bd49af0b25c696ac3d2d2f216243c766006867,20260916,0.12.0,38,supply,orders,False,25,25,O18,29,BASE,POWER,41.9,1,REGION,THRESHOLD,0,0,1
workflow-verification-20260916,5c1fd964cadeeb74d6e45aef16bd49af0b25c696ac3d2d2f216243c766006867,20260916,0.12.0,38,supply,orders,False,25,25,O19,30,REGION,POWER,41.9,1,CENTER,THRESHOLD,0,0,1
workflow-verification-20260916,5c1fd964cadeeb74d6e45aef16bd49af0b25c696ac3d2d2f216243c766006867,20260916,0.12.0,38,supply,orders,False,25,25,O20,33,BASE,POWER,57.0,2,REGION,THRESHOLD,0,0,2
workflow-verification-20260916,5c1fd964cadeeb74d6e45aef16bd49af0b25c696ac3d2d2f216243c766006867,20260916,0.12.0,38,supply,orders,False,25,25,O21,34,REGION,POWER,57.0,2,CENTER,THRESHOLD,0,0,2
workflow-verification-20260916,5c1fd964cadeeb74d6e45aef16bd49af0b25c696ac3d2d2f216243c766006867,20260916,0.12.0,38,supply,orders,False,25,25,O22,36,BASE,POWER,61.0,1,REGION,THRESHOLD,0,0,1
workflow-verification-20260916,5c1fd964cadeeb74d6e45aef16bd49af0b25c696ac3d2d2f216243c766006867,20260916,0.12.0,38,supply,orders,False,25,25,O23,37,REGION,POWER,61.0,1,CENTER,THRESHOLD,0,0,1
workflow-verification-20260916,5c1fd964cadeeb74d6e45aef16bd49af0b25c696ac3d2d2f216243c766006867,20260916,0.12.0,38,supply,orders,False,25,25,O24,39,BASE,POWER,65.0,1,REGION,THRESHOLD,0,0,1
workflow-verification-20260916,5c1fd964cadeeb74d6e45aef16bd49af0b25c696ac3d2d2f216243c766006867,20260916,0.12.0,38,supply,orders,False,25,25,O25,40,REGION,POWER,65.0,1,CENTER,THRESHOLD,0,0,1
workflow-verification-20260916,5c1fd964cadeeb74d6e45aef16bd49af0b25c696ac3d2d2f216243c766006867,20260916,0.12.0,39,supply,orders,False,12,12,O1,1,BASE,POWER,0,2,REGION,THRESHOLD,0,0,2
workflow-verification-20260916,5c1fd964cadeeb74d6e45aef16bd49af0b25c696ac3d2d2f216243c766006867,20260916,0.12.0,39,supply,orders,False,12,12,O2,2,REGION,POWER,0,2,CENTER,THRESHOLD,0,0,2
workflow-verification-20260916,5c1fd964cadeeb74d6e45aef16bd49af0b25c696ac3d2d2f216243c766006867,20260916,0.12.0,39,supply,orders,False,12,12,O3,4,BASE,POWER,9.0,1,REGION,THRESHOLD,0,0,1
workflow-verification-20260916,5c1fd964cadeeb74d6e45aef16bd49af0b25c696ac3d2d2f216243c766006867,20260916,0.12.0,39,supply,orders,False,12,12,O4,5,REGION,POWER,9.0,1,CENTER,THRESHOLD,0,0,1
workflow-verification-20260916,5c1fd964cadeeb74d6e45aef16bd49af0b25c696ac3d2d2f216243c766006867,20260916,0.12.0,39,supply,orders,False,12,12,O5,7,BASE,POWER,13.0,1,REGION,THRESHOLD,0,0,1
workflow-verification-20260916,5c1fd964cadeeb74d6e45aef16bd49af0b25c696ac3d2d2f216243c766006867,20260916,0.12.0,39,supply,orders,False,12,12,O6,8,REGION,POWER,13.0,1,CENTER,THRESHOLD,0,0,1
workflow-verification-20260916,5c1fd964cadeeb74d6e45aef16bd49af0b25c696ac3d2d2f216243c766006867,20260916,0.12.0,39,supply,orders,False,12,12,O7,10,BASE,POWER,17.0,1,REGION,THRESHOLD,0,0,1
workflow-verification-20260916,5c1fd964cadeeb74d6e45aef16bd49af0b25c696ac3d2d2f216243c766006867,20260916,0.12.0,39,supply,orders,False,12,12,O8,11,REGION,POWER,17.0,1,CENTER,THRESHOLD,0,0,1
workflow-verification-20260916,5c1fd964cadeeb74d6e45aef16bd49af0b25c696ac3d2d2f216243c766006867,20260916,0.12.0,39,supply,orders,False,12,12,O9,13,BASE,POWER,62.349999999999994,1,REGION,THRESHOLD,0,0,1
workflow-verification-20260916,5c1fd964cadeeb74d6e45aef16bd49af0b25c696ac3d2d2f216243c766006867,20260916,0.12.0,39,supply,orders,False,12,12,O10,14,REGION,POWER,62.349999999999994,1,CENTER,THRESHOLD,0,0,1
workflow-verification-20260916,5c1fd964cadeeb74d6e45aef16bd49af0b25c696ac3d2d2f216243c766006867,20260916,0.12.0,39,supply,orders,False,12,12,O11,16,BASE,POWER,66.4,1,REGION,THRESHOLD,0,0,1
workflow-verification-20260916,5c1fd964cadeeb74d6e45aef16bd49af0b25c696ac3d2d2f216243c766006867,20260916,0.12.0,39,supply,orders,False,12,12,O12,17,REGION,POWER,66.4,1,CENTER,THRESHOLD,0,0,1
workflow-verification-20260916,5c1fd964cadeeb74d6e45aef16bd49af0b25c696ac3d2d2f216243c766006867,20260916,0.12.0,40,supply,orders,False,21,21,O1,1,BASE,POWER,0,2,REGION,THRESHOLD,0,0,2
workflow-verification-20260916,5c1fd964cadeeb74d6e45aef16bd49af0b25c696ac3d2d2f216243c766006867,20260916,0.12.0,40,supply,orders,False,21,21,O2,2,REGION,POWER,0,2,CENTER,THRESHOLD,0,0,2
workflow-verification-20260916,5c1fd964cadeeb74d6e45aef16bd49af0b25c696ac3d2d2f216243c766006867,20260916,0.12.0,40,supply,orders,False,21,21,O3,4,BASE,POWER,9.0,1,REGION,THRESHOLD,0,0,1
workflow-verification-20260916,5c1fd964cadeeb74d6e45aef16bd49af0b25c696ac3d2d2f216243c766006867,20260916,0.12.0,40,supply,orders,False,21,21,O4,5,REGION,POWER,9.0,1,CENTER,THRESHOLD,0,0,1
workflow-verification-20260916,5c1fd964cadeeb74d6e45aef16bd49af0b25c696ac3d2d2f216243c766006867,20260916,0.12.0,40,supply,orders,False,21,21,O5,7,BASE,POWER,9.9,1,REGION,THRESHOLD,0,0,1
workflow-verification-20260916,5c1fd964cadeeb74d6e45aef16bd49af0b25c696ac3d2d2f216243c766006867,20260916,0.12.0,40,supply,orders,False,21,21,O6,8,REGION,POWER,9.9,1,CENTER,THRESHOLD,0,0,1
workflow-verification-20260916,5c1fd964cadeeb74d6e45aef16bd49af0b25c696ac3d2d2f216243c766006867,20260916,0.12.0,40,supply,orders,False,21,21,O7,11,BASE,POWER,13.0,2,REGION,THRESHOLD,0,0,2
workflow-verification-20260916,5c1fd964cadeeb74d6e45aef16bd49af0b25c696ac3d2d2f216243c766006867,20260916,0.12.0,40,supply,orders,False,21,21,O8,12,REGION,POWER,13.0,2,CENTER,THRESHOLD,0,0,2
workflow-verification-20260916,5c1fd964cadeeb74d6e45aef16bd49af0b25c696ac3d2d2f216243c766006867,20260916,0.12.0,40,supply,orders,False,21,21,O9,14,BASE,POWER,13.8,1,REGION,THRESHOLD,0,0,1
workflow-verification-20260916,5c1fd964cadeeb74d6e45aef16bd49af0b25c696ac3d2d2f216243c766006867,20260916,0.12.0,40,supply,orders,False,21,21,O10,16,BASE,POWER,18.349999999999994,1,REGION,THRESHOLD,0,0,1
workflow-verification-20260916,5c1fd964cadeeb74d6e45aef16bd49af0b25c696ac3d2d2f216243c766006867,20260916,0.12.0,40,supply,orders,False,21,21,O11,17,REGION,POWER,18.349999999999994,1,CENTER,THRESHOLD,0,0,1
workflow-verification-20260916,5c1fd964cadeeb74d6e45aef16bd49af0b25c696ac3d2d2f216243c766006867,20260916,0.12.0,40,supply,orders,False,21,21,O12,19,BASE,POWER,33.0,1,REGION,THRESHOLD,0,0,1
workflow-verification-20260916,5c1fd964cadeeb74d6e45aef16bd49af0b25c696ac3d2d2f216243c766006867,20260916,0.12.0,40,supply,orders,False,21,21,O13,20,REGION,POWER,33.0,1,CENTER,THRESHOLD,0,0,1
workflow-verification-20260916,5c1fd964cadeeb74d6e45aef16bd49af0b25c696ac3d2d2f216243c766006867,20260916,0.12.0,40,supply,orders,False,21,21,O14,22,BASE,POWER,57.0,1,REGION,THRESHOLD,0,0,1
workflow-verification-20260916,5c1fd964cadeeb74d6e45aef16bd49af0b25c696ac3d2d2f216243c766006867,20260916,0.12.0,40,supply,orders,False,21,21,O15,23,REGION,POWER,57.0,1,CENTER,THRESHOLD,0,0,1
workflow-verification-20260916,5c1fd964cadeeb74d6e45aef16bd49af0b25c696ac3d2d2f216243c766006867,20260916,0.12.0,40,supply,orders,False,21,21,O16,26,BASE,POWER,61.0,2,REGION,THRESHOLD,0,0,2
workflow-verification-20260916,5c1fd964cadeeb74d6e45aef16bd49af0b25c696ac3d2d2f216243c766006867,20260916,0.12.0,40,supply,orders,False,21,21,O17,27,REGION,POWER,61.0,2,CENTER,THRESHOLD,0,0,2
workflow-verification-20260916,5c1fd964cadeeb74d6e45aef16bd49af0b25c696ac3d2d2f216243c766006867,20260916,0.12.0,40,supply,orders,False,21,21,O18,30,BASE,POWER,61.8,2,REGION,THRESHOLD,0,0,2
workflow-verification-20260916,5c1fd964cadeeb74d6e45aef16bd49af0b25c696ac3d2d2f216243c766006867,20260916,0.12.0,40,supply,orders,False,21,21,O19,31,REGION,POWER,61.8,1,CENTER,THRESHOLD,0,0,1
workflow-verification-20260916,5c1fd964cadeeb74d6e45aef16bd49af0b25c696ac3d2d2f216243c766006867,20260916,0.12.0,40,supply,orders,False,21,21,O20,34,BASE,POWER,65.0,2,REGION,THRESHOLD,0,0,2
workflow-verification-20260916,5c1fd964cadeeb74d6e45aef16bd49af0b25c696ac3d2d2f216243c766006867,20260916,0.12.0,40,supply,orders,False,21,21,O21,35,REGION,POWER,65.0,2,CENTER,THRESHOLD,0,0,2
workflow-verification-20260916,5c1fd964cadeeb74d6e45aef16bd49af0b25c696ac3d2d2f216243c766006867,20260916,0.12.0,41,supply,orders,False,10,10,O1,1,BASE,POWER,0,2,REGION,THRESHOLD,0,0,2
workflow-verification-20260916,5c1fd964cadeeb74d6e45aef16bd49af0b25c696ac3d2d2f216243c766006867,20260916,0.12.0,41,supply,orders,False,10,10,O2,2,REGION,POWER,0,2,CENTER,THRESHOLD,0,0,2
workflow-verification-20260916,5c1fd964cadeeb74d6e45aef16bd49af0b25c696ac3d2d2f216243c766006867,20260916,0.12.0,41,supply,orders,False,10,10,O3,4,BASE,POWER,13.0,1,REGION,THRESHOLD,0,0,1
workflow-verification-20260916,5c1fd964cadeeb74d6e45aef16bd49af0b25c696ac3d2d2f216243c766006867,20260916,0.12.0,41,supply,orders,False,10,10,O4,5,REGION,POWER,13.0,1,CENTER,THRESHOLD,0,0,1
workflow-verification-20260916,5c1fd964cadeeb74d6e45aef16bd49af0b25c696ac3d2d2f216243c766006867,20260916,0.12.0,41,supply,orders,False,10,10,O5,7,BASE,POWER,58.3,1,REGION,THRESHOLD,0,0,1
workflow-verification-20260916,5c1fd964cadeeb74d6e45aef16bd49af0b25c696ac3d2d2f216243c766006867,20260916,0.12.0,41,supply,orders,False,10,10,O6,8,REGION,POWER,58.3,1,CENTER,THRESHOLD,0,0,1
workflow-verification-20260916,5c1fd964cadeeb74d6e45aef16bd49af0b25c696ac3d2d2f216243c766006867,20260916,0.12.0,41,supply,orders,False,10,10,O7,10,BASE,POWER,59.199999999999996,1,REGION,THRESHOLD,0,0,1
workflow-verification-20260916,5c1fd964cadeeb74d6e45aef16bd49af0b25c696ac3d2d2f216243c766006867,20260916,0.12.0,41,supply,orders,False,10,10,O8,11,REGION,POWER,59.199999999999996,1,CENTER,THRESHOLD,0,0,1
workflow-verification-20260916,5c1fd964cadeeb74d6e45aef16bd49af0b25c696ac3d2d2f216243c766006867,20260916,0.12.0,41,supply,orders,False,10,10,O9,13,BASE,POWER,61.44999999999999,1,REGION,THRESHOLD,0,0,1
workflow-verification-20260916,5c1fd964cadeeb74d6e45aef16bd49af0b25c696ac3d2d2f216243c766006867,20260916,0.12.0,41,supply,orders,False,10,10,O10,14,REGION,POWER,61.44999999999999,1,CENTER,THRESHOLD,0,0,1
workflow-verification-20260916,5c1fd964cadeeb74d6e45aef16bd49af0b25c696ac3d2d2f216243c766006867,20260916,0.12.0,42,supply,orders,False,18,18,O1,1,BASE,POWER,0,2,REGION,THRESHOLD,0,0,2
workflow-verification-20260916,5c1fd964cadeeb74d6e45aef16bd49af0b25c696ac3d2d2f216243c766006867,20260916,0.12.0,42,supply,orders,False,18,18,O2,2,REGION,POWER,0,2,CENTER,THRESHOLD,0,0,2
workflow-verification-20260916,5c1fd964cadeeb74d6e45aef16bd49af0b25c696ac3d2d2f216243c766006867,20260916,0.12.0,42,supply,orders,False,18,18,O3,4,BASE,POWER,9.0,1,REGION,THRESHOLD,0,0,1
workflow-verification-20260916,5c1fd964cadeeb74d6e45aef16bd49af0b25c696ac3d2d2f216243c766006867,20260916,0.12.0,42,supply,orders,False,18,18,O4,5,REGION,POWER,9.0,1,CENTER,THRESHOLD,0,0,1
workflow-verification-20260916,5c1fd964cadeeb74d6e45aef16bd49af0b25c696ac3d2d2f216243c766006867,20260916,0.12.0,42,supply,orders,False,18,18,O5,7,BASE,POWER,14.900000000000002,1,REGION,THRESHOLD,0,0,1
workflow-verification-20260916,5c1fd964cadeeb74d6e45aef16bd49af0b25c696ac3d2d2f216243c766006867,20260916,0.12.0,42,supply,orders,False,18,18,O6,8,REGION,POWER,14.900000000000002,1,CENTER,THRESHOLD,0,0,1
workflow-verification-20260916,5c1fd964cadeeb74d6e45aef16bd49af0b25c696ac3d2d2f216243c766006867,20260916,0.12.0,42,supply,orders,False,18,18,O7,10,BASE,POWER,33.0,1,REGION,THRESHOLD,0,0,1
workflow-verification-20260916,5c1fd964cadeeb74d6e45aef16bd49af0b25c696ac3d2d2f216243c766006867,20260916,0.12.0,42,supply,orders,False,18,18,O8,11,REGION,POWER,33.0,1,CENTER,THRESHOLD,0,0,1
workflow-verification-20260916,5c1fd964cadeeb74d6e45aef16bd49af0b25c696ac3d2d2f216243c766006867,20260916,0.12.0,42,supply,orders,False,18,18,O9,13,BASE,POWER,33.9,1,REGION,THRESHOLD,0,0,1
workflow-verification-20260916,5c1fd964cadeeb74d6e45aef16bd49af0b25c696ac3d2d2f216243c766006867,20260916,0.12.0,42,supply,orders,False,18,18,O10,14,REGION,POWER,33.9,1,CENTER,THRESHOLD,0,0,1
workflow-verification-20260916,5c1fd964cadeeb74d6e45aef16bd49af0b25c696ac3d2d2f216243c766006867,20260916,0.12.0,42,supply,orders,False,18,18,O11,16,BASE,POWER,41.0,1,REGION,THRESHOLD,0,0,1
workflow-verification-20260916,5c1fd964cadeeb74d6e45aef16bd49af0b25c696ac3d2d2f216243c766006867,20260916,0.12.0,42,supply,orders,False,18,18,O12,17,REGION,POWER,41.0,1,CENTER,THRESHOLD,0,0,1
workflow-verification-20260916,5c1fd964cadeeb74d6e45aef16bd49af0b25c696ac3d2d2f216243c766006867,20260916,0.12.0,42,supply,orders,False,18,18,O13,20,BASE,POWER,57.0,2,REGION,THRESHOLD,0,0,2
workflow-verification-20260916,5c1fd964cadeeb74d6e45aef16bd49af0b25c696ac3d2d2f216243c766006867,20260916,0.12.0,42,supply,orders,False,18,18,O14,21,REGION,POWER,57.0,2,CENTER,THRESHOLD,0,0,2
workflow-verification-20260916,5c1fd964cadeeb74d6e45aef16bd49af0b25c696ac3d2d2f216243c766006867,20260916,0.12.0,42,supply,orders,False,18,18,O15,23,BASE,POWER,64.29999999999998,1,REGION,THRESHOLD,0,0,1
workflow-verification-20260916,5c1fd964cadeeb74d6e45aef16bd49af0b25c696ac3d2d2f216243c766006867,20260916,0.12.0,42,supply,orders,False,18,18,O16,24,REGION,POWER,64.29999999999998,1,CENTER,THRESHOLD,0,0,1
workflow-verification-20260916,5c1fd964cadeeb74d6e45aef16bd49af0b25c696ac3d2d2f216243c766006867,20260916,0.12.0,42,supply,orders,False,18,18,O17,26,BASE,POWER,65.35000000000001,1,REGION,THRESHOLD,0,0,1
workflow-verification-20260916,5c1fd964cadeeb74d6e45aef16bd49af0b25c696ac3d2d2f216243c766006867,20260916,0.12.0,42,supply,orders,False,18,18,O18,27,REGION,POWER,65.35000000000001,1,CENTER,THRESHOLD,0,0,1
workflow-verification-20260916,5c1fd964cadeeb74d6e45aef16bd49af0b25c696ac3d2d2f216243c766006867,20260916,0.12.0,43,supply,orders,False,16,16,O1,1,BASE,POWER,0,2,REGION,THRESHOLD,0,0,2
workflow-verification-20260916,5c1fd964cadeeb74d6e45aef16bd49af0b25c696ac3d2d2f216243c766006867,20260916,0.12.0,43,supply,orders,False,16,16,O2,2,REGION,POWER,0,2,CENTER,THRESHOLD,0,0,2
workflow-verification-20260916,5c1fd964cadeeb74d6e45aef16bd49af0b25c696ac3d2d2f216243c766006867,20260916,0.12.0,43,supply,orders,False,16,16,O3,4,BASE,POWER,13.0,1,REGION,THRESHOLD,0,0,1
workflow-verification-20260916,5c1fd964cadeeb74d6e45aef16bd49af0b25c696ac3d2d2f216243c766006867,20260916,0.12.0,43,supply,orders,False,16,16,O4,5,REGION,POWER,13.0,1,CENTER,THRESHOLD,0,0,1
workflow-verification-20260916,5c1fd964cadeeb74d6e45aef16bd49af0b25c696ac3d2d2f216243c766006867,20260916,0.12.0,43,supply,orders,False,16,16,O5,7,BASE,POWER,17.0,1,REGION,THRESHOLD,0,0,1
workflow-verification-20260916,5c1fd964cadeeb74d6e45aef16bd49af0b25c696ac3d2d2f216243c766006867,20260916,0.12.0,43,supply,orders,False,16,16,O6,8,REGION,POWER,17.0,1,CENTER,THRESHOLD,0,0,1
workflow-verification-20260916,5c1fd964cadeeb74d6e45aef16bd49af0b25c696ac3d2d2f216243c766006867,20260916,0.12.0,43,supply,orders,False,16,16,O7,10,BASE,POWER,37.0,1,REGION,THRESHOLD,0,0,1
workflow-verification-20260916,5c1fd964cadeeb74d6e45aef16bd49af0b25c696ac3d2d2f216243c766006867,20260916,0.12.0,43,supply,orders,False,16,16,O8,11,REGION,POWER,37.0,1,CENTER,THRESHOLD,0,0,1
workflow-verification-20260916,5c1fd964cadeeb74d6e45aef16bd49af0b25c696ac3d2d2f216243c766006867,20260916,0.12.0,43,supply,orders,False,16,16,O9,13,BASE,POWER,41.0,1,REGION,THRESHOLD,0,0,1
workflow-verification-20260916,5c1fd964cadeeb74d6e45aef16bd49af0b25c696ac3d2d2f216243c766006867,20260916,0.12.0,43,supply,orders,False,16,16,O10,14,REGION,POWER,41.0,1,CENTER,THRESHOLD,0,0,1
workflow-verification-20260916,5c1fd964cadeeb74d6e45aef16bd49af0b25c696ac3d2d2f216243c766006867,20260916,0.12.0,43,supply,orders,False,16,16,O11,16,BASE,POWER,57.0,1,REGION,THRESHOLD,0,0,1
workflow-verification-20260916,5c1fd964cadeeb74d6e45aef16bd49af0b25c696ac3d2d2f216243c766006867,20260916,0.12.0,43,supply,orders,False,16,16,O12,17,REGION,POWER,57.0,1,CENTER,THRESHOLD,0,0,1
workflow-verification-20260916,5c1fd964cadeeb74d6e45aef16bd49af0b25c696ac3d2d2f216243c766006867,20260916,0.12.0,43,supply,orders,False,16,16,O13,19,BASE,POWER,61.199999999999996,1,REGION,THRESHOLD,0,0,1
workflow-verification-20260916,5c1fd964cadeeb74d6e45aef16bd49af0b25c696ac3d2d2f216243c766006867,20260916,0.12.0,43,supply,orders,False,16,16,O14,20,REGION,POWER,61.199999999999996,1,CENTER,THRESHOLD,0,0,1
workflow-verification-20260916,5c1fd964cadeeb74d6e45aef16bd49af0b25c696ac3d2d2f216243c766006867,20260916,0.12.0,43,supply,orders,False,16,16,O15,22,BASE,POWER,66.30000000000001,1,REGION,THRESHOLD,0,0,1
workflow-verification-20260916,5c1fd964cadeeb74d6e45aef16bd49af0b25c696ac3d2d2f216243c766006867,20260916,0.12.0,43,supply,orders,False,16,16,O16,23,REGION,POWER,66.30000000000001,1,CENTER,THRESHOLD,0,0,1
workflow-verification-20260916,5c1fd964cadeeb74d6e45aef16bd49af0b25c696ac3d2d2f216243c766006867,20260916,0.12.0,44,supply,orders,False,16,16,O1,1,BASE,POWER,0,2,REGION,THRESHOLD,0,0,2
workflow-verification-20260916,5c1fd964cadeeb74d6e45aef16bd49af0b25c696ac3d2d2f216243c766006867,20260916,0.12.0,44,supply,orders,False,16,16,O2,2,REGION,POWER,0,2,CENTER,THRESHOLD,0,0,2
workflow-verification-20260916,5c1fd964cadeeb74d6e45aef16bd49af0b25c696ac3d2d2f216243c766006867,20260916,0.12.0,44,supply,orders,False,16,16,O3,4,BASE,POWER,13.0,1,REGION,THRESHOLD,0,0,1
workflow-verification-20260916,5c1fd964cadeeb74d6e45aef16bd49af0b25c696ac3d2d2f216243c766006867,20260916,0.12.0,44,supply,orders,False,16,16,O4,5,REGION,POWER,13.0,1,CENTER,THRESHOLD,0,0,1
workflow-verification-20260916,5c1fd964cadeeb74d6e45aef16bd49af0b25c696ac3d2d2f216243c766006867,20260916,0.12.0,44,supply,orders,False,16,16,O5,7,BASE,POWER,13.9,1,REGION,THRESHOLD,0,0,1
workflow-verification-20260916,5c1fd964cadeeb74d6e45aef16bd49af0b25c696ac3d2d2f216243c766006867,20260916,0.12.0,44,supply,orders,False,16,16,O6,8,REGION,POWER,13.9,1,CENTER,THRESHOLD,0,0,1
workflow-verification-20260916,5c1fd964cadeeb74d6e45aef16bd49af0b25c696ac3d2d2f216243c766006867,20260916,0.12.0,44,supply,orders,False,16,16,O7,10,BASE,POWER,14.15,1,REGION,THRESHOLD,0,0,1
workflow-verification-20260916,5c1fd964cadeeb74d6e45aef16bd49af0b25c696ac3d2d2f216243c766006867,20260916,0.12.0,44,supply,orders,False,16,16,O8,11,REGION,POWER,14.15,1,CENTER,THRESHOLD,0,0,1
workflow-verification-20260916,5c1fd964cadeeb74d6e45aef16bd49af0b25c696ac3d2d2f216243c766006867,20260916,0.12.0,44,supply,orders,False,16,16,O9,13,BASE,POWER,37.0,1,REGION,THRESHOLD,0,0,1
workflow-verification-20260916,5c1fd964cadeeb74d6e45aef16bd49af0b25c696ac3d2d2f216243c766006867,20260916,0.12.0,44,supply,orders,False,16,16,O10,14,REGION,POWER,37.0,1,CENTER,THRESHOLD,0,0,1
workflow-verification-20260916,5c1fd964cadeeb74d6e45aef16bd49af0b25c696ac3d2d2f216243c766006867,20260916,0.12.0,44,supply,orders,False,16,16,O11,16,BASE,POWER,41.0,1,REGION,THRESHOLD,0,0,1
workflow-verification-20260916,5c1fd964cadeeb74d6e45aef16bd49af0b25c696ac3d2d2f216243c766006867,20260916,0.12.0,44,supply,orders,False,16,16,O12,17,REGION,POWER,41.0,1,CENTER,THRESHOLD,0,0,1
workflow-verification-20260916,5c1fd964cadeeb74d6e45aef16bd49af0b25c696ac3d2d2f216243c766006867,20260916,0.12.0,44,supply,orders,False,16,16,O13,19,BASE,POWER,57.0,1,REGION,THRESHOLD,0,0,1
workflow-verification-20260916,5c1fd964cadeeb74d6e45aef16bd49af0b25c696ac3d2d2f216243c766006867,20260916,0.12.0,44,supply,orders,False,16,16,O14,20,REGION,POWER,57.0,1,CENTER,THRESHOLD,0,0,1
workflow-verification-20260916,5c1fd964cadeeb74d6e45aef16bd49af0b25c696ac3d2d2f216243c766006867,20260916,0.12.0,44,supply,orders,False,16,16,O15,22,BASE,POWER,61.44999999999999,1,REGION,THRESHOLD,0,0,1
workflow-verification-20260916,5c1fd964cadeeb74d6e45aef16bd49af0b25c696ac3d2d2f216243c766006867,20260916,0.12.0,44,supply,orders,False,16,16,O16,23,REGION,POWER,61.44999999999999,1,CENTER,THRESHOLD,0,0,1
workflow-verification-20260916,5c1fd964cadeeb74d6e45aef16bd49af0b25c696ac3d2d2f216243c766006867,20260916,0.12.0,45,supply,orders,False,14,14,O1,1,BASE,POWER,0,2,REGION,THRESHOLD,0,0,2
workflow-verification-20260916,5c1fd964cadeeb74d6e45aef16bd49af0b25c696ac3d2d2f216243c766006867,20260916,0.12.0,45,supply,orders,False,14,14,O2,2,REGION,POWER,0,2,CENTER,THRESHOLD,0,0,2
workflow-verification-20260916,5c1fd964cadeeb74d6e45aef16bd49af0b25c696ac3d2d2f216243c766006867,20260916,0.12.0,45,supply,orders,False,14,14,O3,5,BASE,POWER,9.0,2,REGION,THRESHOLD,0,0,2
workflow-verification-20260916,5c1fd964cadeeb74d6e45aef16bd49af0b25c696ac3d2d2f216243c766006867,20260916,0.12.0,45,supply,orders,False,14,14,O4,6,REGION,POWER,9.0,2,CENTER,THRESHOLD,0,0,2
workflow-verification-20260916,5c1fd964cadeeb74d6e45aef16bd49af0b25c696ac3d2d2f216243c766006867,20260916,0.12.0,45,supply,orders,False,14,14,O5,8,BASE,POWER,17.0,1,REGION,THRESHOLD,0,0,1
workflow-verification-20260916,5c1fd964cadeeb74d6e45aef16bd49af0b25c696ac3d2d2f216243c766006867,20260916,0.12.0,45,supply,orders,False,14,14,O6,9,REGION,POWER,17.0,1,CENTER,THRESHOLD,0,0,1
workflow-verification-20260916,5c1fd964cadeeb74d6e45aef16bd49af0b25c696ac3d2d2f216243c766006867,20260916,0.12.0,45,supply,orders,False,14,14,O7,11,BASE,POWER,17.9,1,REGION,THRESHOLD,0,0,1
workflow-verification-20260916,5c1fd964cadeeb74d6e45aef16bd49af0b25c696ac3d2d2f216243c766006867,20260916,0.12.0,45,supply,orders,False,14,14,O8,12,REGION,POWER,17.9,1,CENTER,THRESHOLD,0,0,1
workflow-verification-20260916,5c1fd964cadeeb74d6e45aef16bd49af0b25c696ac3d2d2f216243c766006867,20260916,0.12.0,45,supply,orders,False,14,14,O9,14,BASE,POWER,57.0,1,REGION,THRESHOLD,0,0,1
workflow-verification-20260916,5c1fd964cadeeb74d6e45aef16bd49af0b25c696ac3d2d2f216243c766006867,20260916,0.12.0,45,supply,orders,False,14,14,O10,15,REGION,POWER,57.0,1,CENTER,THRESHOLD,0,0,1
workflow-verification-20260916,5c1fd964cadeeb74d6e45aef16bd49af0b25c696ac3d2d2f216243c766006867,20260916,0.12.0,45,supply,orders,False,14,14,O11,17,BASE,POWER,61.0,1,REGION,THRESHOLD,0,0,1
workflow-verification-20260916,5c1fd964cadeeb74d6e45aef16bd49af0b25c696ac3d2d2f216243c766006867,20260916,0.12.0,45,supply,orders,False,14,14,O12,18,REGION,POWER,61.0,1,CENTER,THRESHOLD,0,0,1
workflow-verification-20260916,5c1fd964cadeeb74d6e45aef16bd49af0b25c696ac3d2d2f216243c766006867,20260916,0.12.0,45,supply,orders,False,14,14,O13,20,BASE,POWER,61.9,1,REGION,THRESHOLD,0,0,1
workflow-verification-20260916,5c1fd964cadeeb74d6e45aef16bd49af0b25c696ac3d2d2f216243c766006867,20260916,0.12.0,45,supply,orders,False,14,14,O14,21,REGION,POWER,61.9,1,CENTER,THRESHOLD,0,0,1
workflow-verification-20260916,5c1fd964cadeeb74d6e45aef16bd49af0b25c696ac3d2d2f216243c766006867,20260916,0.12.0,46,supply,orders,False,13,13,O1,1,BASE,POWER,0,2,REGION,THRESHOLD,0,0,2
workflow-verification-20260916,5c1fd964cadeeb74d6e45aef16bd49af0b25c696ac3d2d2f216243c766006867,20260916,0.12.0,46,supply,orders,False,13,13,O2,2,REGION,POWER,0,2,CENTER,THRESHOLD,0,0,2
workflow-verification-20260916,5c1fd964cadeeb74d6e45aef16bd49af0b25c696ac3d2d2f216243c766006867,20260916,0.12.0,46,supply,orders,False,13,13,O3,4,BASE,POWER,9.0,1,REGION,THRESHOLD,0,0,1
workflow-verification-20260916,5c1fd964cadeeb74d6e45aef16bd49af0b25c696ac3d2d2f216243c766006867,20260916,0.12.0,46,supply,orders,False,13,13,O4,5,REGION,POWER,9.0,1,CENTER,THRESHOLD,0,0,1
workflow-verification-20260916,5c1fd964cadeeb74d6e45aef16bd49af0b25c696ac3d2d2f216243c766006867,20260916,0.12.0,46,supply,orders,False,13,13,O5,7,BASE,POWER,10.200000000000001,1,REGION,THRESHOLD,0,0,1
workflow-verification-20260916,5c1fd964cadeeb74d6e45aef16bd49af0b25c696ac3d2d2f216243c766006867,20260916,0.12.0,46,supply,orders,False,13,13,O6,8,REGION,POWER,10.200000000000001,1,CENTER,THRESHOLD,0,0,1
workflow-verification-20260916,5c1fd964cadeeb74d6e45aef16bd49af0b25c696ac3d2d2f216243c766006867,20260916,0.12.0,46,supply,orders,False,13,13,O7,10,BASE,POWER,33.0,1,REGION,THRESHOLD,0,0,1
workflow-verification-20260916,5c1fd964cadeeb74d6e45aef16bd49af0b25c696ac3d2d2f216243c766006867,20260916,0.12.0,46,supply,orders,False,13,13,O8,11,REGION,POWER,33.0,1,CENTER,THRESHOLD,0,0,1
workflow-verification-20260916,5c1fd964cadeeb74d6e45aef16bd49af0b25c696ac3d2d2f216243c766006867,20260916,0.12.0,46,supply,orders,False,13,13,O9,13,BASE,POWER,61.0,1,REGION,THRESHOLD,0,0,1
workflow-verification-20260916,5c1fd964cadeeb74d6e45aef16bd49af0b25c696ac3d2d2f216243c766006867,20260916,0.12.0,46,supply,orders,False,13,13,O10,14,REGION,POWER,61.0,1,CENTER,THRESHOLD,0,0,1
workflow-verification-20260916,5c1fd964cadeeb74d6e45aef16bd49af0b25c696ac3d2d2f216243c766006867,20260916,0.12.0,46,supply,orders,False,13,13,O11,17,BASE,POWER,65.0,2,REGION,THRESHOLD,0,0,2
workflow-verification-20260916,5c1fd964cadeeb74d6e45aef16bd49af0b25c696ac3d2d2f216243c766006867,20260916,0.12.0,46,supply,orders,False,13,13,O12,18,REGION,POWER,65.0,2,CENTER,THRESHOLD,0,0,2
workflow-verification-20260916,5c1fd964cadeeb74d6e45aef16bd49af0b25c696ac3d2d2f216243c766006867,20260916,0.12.0,46,supply,orders,False,13,13,O13,20,BASE,POWER,65.80000000000001,1,REGION,THRESHOLD,0,0,1
workflow-verification-20260916,5c1fd964cadeeb74d6e45aef16bd49af0b25c696ac3d2d2f216243c766006867,20260916,0.12.0,47,supply,orders,False,20,20,O1,1,BASE,POWER,0,2,REGION,THRESHOLD,0,0,2
workflow-verification-20260916,5c1fd964cadeeb74d6e45aef16bd49af0b25c696ac3d2d2f216243c766006867,20260916,0.12.0,47,supply,orders,False,20,20,O2,2,REGION,POWER,0,2,CENTER,THRESHOLD,0,0,2
workflow-verification-20260916,5c1fd964cadeeb74d6e45aef16bd49af0b25c696ac3d2d2f216243c766006867,20260916,0.12.0,47,supply,orders,False,20,20,O3,4,BASE,POWER,13.0,1,REGION,THRESHOLD,0,0,1
workflow-verification-20260916,5c1fd964cadeeb74d6e45aef16bd49af0b25c696ac3d2d2f216243c766006867,20260916,0.12.0,47,supply,orders,False,20,20,O4,5,REGION,POWER,13.0,1,CENTER,THRESHOLD,0,0,1
workflow-verification-20260916,5c1fd964cadeeb74d6e45aef16bd49af0b25c696ac3d2d2f216243c766006867,20260916,0.12.0,47,supply,orders,False,20,20,O5,7,BASE,POWER,17.0,1,REGION,THRESHOLD,0,0,1
workflow-verification-20260916,5c1fd964cadeeb74d6e45aef16bd49af0b25c696ac3d2d2f216243c766006867,20260916,0.12.0,47,supply,orders,False,20,20,O6,8,REGION,POWER,17.0,1,CENTER,THRESHOLD,0,0,1
workflow-verification-20260916,5c1fd964cadeeb74d6e45aef16bd49af0b25c696ac3d2d2f216243c766006867,20260916,0.12.0,47,supply,orders,False,20,20,O7,10,BASE,POWER,17.9,1,REGION,THRESHOLD,0,0,1
workflow-verification-20260916,5c1fd964cadeeb74d6e45aef16bd49af0b25c696ac3d2d2f216243c766006867,20260916,0.12.0,47,supply,orders,False,20,20,O8,11,REGION,POWER,17.9,1,CENTER,THRESHOLD,0,0,1
workflow-verification-20260916,5c1fd964cadeeb74d6e45aef16bd49af0b25c696ac3d2d2f216243c766006867,20260916,0.12.0,47,supply,orders,False,20,20,O9,13,BASE,POWER,18.15,1,REGION,THRESHOLD,0,0,1
workflow-verification-20260916,5c1fd964cadeeb74d6e45aef16bd49af0b25c696ac3d2d2f216243c766006867,20260916,0.12.0,47,supply,orders,False,20,20,O10,14,REGION,POWER,18.15,1,CENTER,THRESHOLD,0,0,1
workflow-verification-20260916,5c1fd964cadeeb74d6e45aef16bd49af0b25c696ac3d2d2f216243c766006867,20260916,0.12.0,47,supply,orders,False,20,20,O11,16,BASE,POWER,34.349999999999994,1,REGION,THRESHOLD,0,0,1
workflow-verification-20260916,5c1fd964cadeeb74d6e45aef16bd49af0b25c696ac3d2d2f216243c766006867,20260916,0.12.0,47,supply,orders,False,20,20,O12,17,REGION,POWER,34.349999999999994,1,CENTER,THRESHOLD,0,0,1
workflow-verification-20260916,5c1fd964cadeeb74d6e45aef16bd49af0b25c696ac3d2d2f216243c766006867,20260916,0.12.0,47,supply,orders,False,20,20,O13,19,BASE,POWER,37.44999999999999,1,REGION,THRESHOLD,0,0,1
workflow-verification-20260916,5c1fd964cadeeb74d6e45aef16bd49af0b25c696ac3d2d2f216243c766006867,20260916,0.12.0,47,supply,orders,False,20,20,O14,20,REGION,POWER,37.44999999999999,1,CENTER,THRESHOLD,0,0,1
workflow-verification-20260916,5c1fd964cadeeb74d6e45aef16bd49af0b25c696ac3d2d2f216243c766006867,20260916,0.12.0,47,supply,orders,False,20,20,O15,23,BASE,POWER,41.0,2,REGION,THRESHOLD,0,0,2
workflow-verification-20260916,5c1fd964cadeeb74d6e45aef16bd49af0b25c696ac3d2d2f216243c766006867,20260916,0.12.0,47,supply,orders,False,20,20,O16,24,REGION,POWER,41.0,2,CENTER,THRESHOLD,0,0,2
workflow-verification-20260916,5c1fd964cadeeb74d6e45aef16bd49af0b25c696ac3d2d2f216243c766006867,20260916,0.12.0,47,supply,orders,False,20,20,O17,26,BASE,POWER,57.0,1,REGION,THRESHOLD,0,0,1
workflow-verification-20260916,5c1fd964cadeeb74d6e45aef16bd49af0b25c696ac3d2d2f216243c766006867,20260916,0.12.0,47,supply,orders,False,20,20,O18,27,REGION,POWER,57.0,1,CENTER,THRESHOLD,0,0,1
workflow-verification-20260916,5c1fd964cadeeb74d6e45aef16bd49af0b25c696ac3d2d2f216243c766006867,20260916,0.12.0,47,supply,orders,False,20,20,O19,29,BASE,POWER,61.099999999999994,1,REGION,THRESHOLD,0,0,1
workflow-verification-20260916,5c1fd964cadeeb74d6e45aef16bd49af0b25c696ac3d2d2f216243c766006867,20260916,0.12.0,47,supply,orders,False,20,20,O20,30,REGION,POWER,61.099999999999994,1,CENTER,THRESHOLD,0,0,1
workflow-verification-20260916,5c1fd964cadeeb74d6e45aef16bd49af0b25c696ac3d2d2f216243c766006867,20260916,0.12.0,48,supply,orders,False,8,8,O1,1,BASE,POWER,0,2,REGION,THRESHOLD,0,0,2
workflow-verification-20260916,5c1fd964cadeeb74d6e45aef16bd49af0b25c696ac3d2d2f216243c766006867,20260916,0.12.0,48,supply,orders,False,8,8,O2,2,REGION,POWER,0,2,CENTER,THRESHOLD,0,0,2
workflow-verification-20260916,5c1fd964cadeeb74d6e45aef16bd49af0b25c696ac3d2d2f216243c766006867,20260916,0.12.0,48,supply,orders,False,8,8,O3,4,BASE,POWER,58.3,1,REGION,THRESHOLD,0,0,1
workflow-verification-20260916,5c1fd964cadeeb74d6e45aef16bd49af0b25c696ac3d2d2f216243c766006867,20260916,0.12.0,48,supply,orders,False,8,8,O4,5,REGION,POWER,58.3,1,CENTER,THRESHOLD,0,0,1
workflow-verification-20260916,5c1fd964cadeeb74d6e45aef16bd49af0b25c696ac3d2d2f216243c766006867,20260916,0.12.0,48,supply,orders,False,8,8,O5,7,BASE,POWER,65.05,1,REGION,THRESHOLD,0,0,1
workflow-verification-20260916,5c1fd964cadeeb74d6e45aef16bd49af0b25c696ac3d2d2f216243c766006867,20260916,0.12.0,48,supply,orders,False,8,8,O6,8,REGION,POWER,65.05,1,CENTER,THRESHOLD,0,0,1
workflow-verification-20260916,5c1fd964cadeeb74d6e45aef16bd49af0b25c696ac3d2d2f216243c766006867,20260916,0.12.0,48,supply,orders,False,8,8,O7,10,BASE,POWER,65.85000000000001,1,REGION,THRESHOLD,0,0,1
workflow-verification-20260916,5c1fd964cadeeb74d6e45aef16bd49af0b25c696ac3d2d2f216243c766006867,20260916,0.12.0,48,supply,orders,False,8,8,O8,11,REGION,POWER,65.85000000000001,1,CENTER,THRESHOLD,0,0,1
workflow-verification-20260916,5c1fd964cadeeb74d6e45aef16bd49af0b25c696ac3d2d2f216243c766006867,20260916,0.12.0,49,supply,orders,False,10,10,O1,1,BASE,POWER,0,2,REGION,THRESHOLD,0,0,2
workflow-verification-20260916,5c1fd964cadeeb74d6e45aef16bd49af0b25c696ac3d2d2f216243c766006867,20260916,0.12.0,49,supply,orders,False,10,10,O2,2,REGION,POWER,0,2,CENTER,THRESHOLD,0,0,2
workflow-verification-20260916,5c1fd964cadeeb74d6e45aef16bd49af0b25c696ac3d2d2f216243c766006867,20260916,0.12.0,49,supply,orders,False,10,10,O3,4,BASE,POWER,13.0,1,REGION,THRESHOLD,0,0,1
workflow-verification-20260916,5c1fd964cadeeb74d6e45aef16bd49af0b25c696ac3d2d2f216243c766006867,20260916,0.12.0,49,supply,orders,False,10,10,O4,5,REGION,POWER,13.0,1,CENTER,THRESHOLD,0,0,1
workflow-verification-20260916,5c1fd964cadeeb74d6e45aef16bd49af0b25c696ac3d2d2f216243c766006867,20260916,0.12.0,49,supply,orders,False,10,10,O5,7,BASE,POWER,17.0,1,REGION,THRESHOLD,0,0,1
workflow-verification-20260916,5c1fd964cadeeb74d6e45aef16bd49af0b25c696ac3d2d2f216243c766006867,20260916,0.12.0,49,supply,orders,False,10,10,O6,8,REGION,POWER,17.0,1,CENTER,THRESHOLD,0,0,1
workflow-verification-20260916,5c1fd964cadeeb74d6e45aef16bd49af0b25c696ac3d2d2f216243c766006867,20260916,0.12.0,49,supply,orders,False,10,10,O7,10,BASE,POWER,33.0,1,REGION,THRESHOLD,0,0,1
workflow-verification-20260916,5c1fd964cadeeb74d6e45aef16bd49af0b25c696ac3d2d2f216243c766006867,20260916,0.12.0,49,supply,orders,False,10,10,O8,11,REGION,POWER,33.0,1,CENTER,THRESHOLD,0,0,1
workflow-verification-20260916,5c1fd964cadeeb74d6e45aef16bd49af0b25c696ac3d2d2f216243c766006867,20260916,0.12.0,49,supply,orders,False,10,10,O9,13,BASE,POWER,37.099999999999994,1,REGION,THRESHOLD,0,0,1
workflow-verification-20260916,5c1fd964cadeeb74d6e45aef16bd49af0b25c696ac3d2d2f216243c766006867,20260916,0.12.0,49,supply,orders,False,10,10,O10,14,REGION,POWER,37.099999999999994,1,CENTER,THRESHOLD,0,0,1
workflow-verification-20260916,5c1fd964cadeeb74d6e45aef16bd49af0b25c696ac3d2d2f216243c766006867,20260916,0.12.0,50,supply,orders,False,19,19,O1,1,BASE,POWER,0,2,REGION,THRESHOLD,0,0,2
workflow-verification-20260916,5c1fd964cadeeb74d6e45aef16bd49af0b25c696ac3d2d2f216243c766006867,20260916,0.12.0,50,supply,orders,False,19,19,O2,2,REGION,POWER,0,2,CENTER,THRESHOLD,0,0,2
workflow-verification-20260916,5c1fd964cadeeb74d6e45aef16bd49af0b25c696ac3d2d2f216243c766006867,20260916,0.12.0,50,supply,orders,False,19,19,O3,5,BASE,POWER,9.0,2,REGION,THRESHOLD,0,0,2
workflow-verification-20260916,5c1fd964cadeeb74d6e45aef16bd49af0b25c696ac3d2d2f216243c766006867,20260916,0.12.0,50,supply,orders,False,19,19,O4,6,REGION,POWER,9.0,2,CENTER,THRESHOLD,0,0,2
workflow-verification-20260916,5c1fd964cadeeb74d6e45aef16bd49af0b25c696ac3d2d2f216243c766006867,20260916,0.12.0,50,supply,orders,False,19,19,O5,8,BASE,POWER,9.8,1,REGION,THRESHOLD,0,0,1
workflow-verification-20260916,5c1fd964cadeeb74d6e45aef16bd49af0b25c696ac3d2d2f216243c766006867,20260916,0.12.0,50,supply,orders,False,19,19,O6,10,BASE,POWER,17.0,1,REGION,THRESHOLD,0,0,1
workflow-verification-20260916,5c1fd964cadeeb74d6e45aef16bd49af0b25c696ac3d2d2f216243c766006867,20260916,0.12.0,50,supply,orders,False,19,19,O7,11,REGION,POWER,17.0,1,CENTER,THRESHOLD,0,0,1
workflow-verification-20260916,5c1fd964cadeeb74d6e45aef16bd49af0b25c696ac3d2d2f216243c766006867,20260916,0.12.0,50,supply,orders,False,19,19,O8,13,BASE,POWER,33.0,1,REGION,THRESHOLD,0,0,1
workflow-verification-20260916,5c1fd964cadeeb74d6e45aef16bd49af0b25c696ac3d2d2f216243c766006867,20260916,0.12.0,50,supply,orders,False,19,19,O9,14,REGION,POWER,33.0,1,CENTER,THRESHOLD,0,0,1
workflow-verification-20260916,5c1fd964cadeeb74d6e45aef16bd49af0b25c696ac3d2d2f216243c766006867,20260916,0.12.0,50,supply,orders,False,19,19,O10,16,BASE,POWER,37.0,1,REGION,THRESHOLD,0,0,1
workflow-verification-20260916,5c1fd964cadeeb74d6e45aef16bd49af0b25c696ac3d2d2f216243c766006867,20260916,0.12.0,50,supply,orders,False,19,19,O11,17,REGION,POWER,37.0,1,CENTER,THRESHOLD,0,0,1
workflow-verification-20260916,5c1fd964cadeeb74d6e45aef16bd49af0b25c696ac3d2d2f216243c766006867,20260916,0.12.0,50,supply,orders,False,19,19,O12,20,BASE,POWER,41.0,2,REGION,THRESHOLD,0,0,2
workflow-verification-20260916,5c1fd964cadeeb74d6e45aef16bd49af0b25c696ac3d2d2f216243c766006867,20260916,0.12.0,50,supply,orders,False,19,19,O13,21,REGION,POWER,41.0,2,CENTER,THRESHOLD,0,0,2
workflow-verification-20260916,5c1fd964cadeeb74d6e45aef16bd49af0b25c696ac3d2d2f216243c766006867,20260916,0.12.0,50,supply,orders,False,19,19,O14,23,BASE,POWER,57.0,1,REGION,THRESHOLD,0,0,1
workflow-verification-20260916,5c1fd964cadeeb74d6e45aef16bd49af0b25c696ac3d2d2f216243c766006867,20260916,0.12.0,50,supply,orders,False,19,19,O15,24,REGION,POWER,57.0,1,CENTER,THRESHOLD,0,0,1
workflow-verification-20260916,5c1fd964cadeeb74d6e45aef16bd49af0b25c696ac3d2d2f216243c766006867,20260916,0.12.0,50,supply,orders,False,19,19,O16,26,BASE,POWER,65.14999999999999,1,REGION,THRESHOLD,0,0,1
workflow-verification-20260916,5c1fd964cadeeb74d6e45aef16bd49af0b25c696ac3d2d2f216243c766006867,20260916,0.12.0,50,supply,orders,False,19,19,O17,27,REGION,POWER,65.14999999999999,1,CENTER,THRESHOLD,0,0,1
workflow-verification-20260916,5c1fd964cadeeb74d6e45aef16bd49af0b25c696ac3d2d2f216243c766006867,20260916,0.12.0,50,supply,orders,False,19,19,O18,29,BASE,POWER,66.35000000000001,1,REGION,THRESHOLD,0,0,1
workflow-verification-20260916,5c1fd964cadeeb74d6e45aef16bd49af0b25c696ac3d2d2f216243c766006867,20260916,0.12.0,50,supply,orders,False,19,19,O19,30,REGION,POWER,66.35000000000001,1,CENTER,THRESHOLD,0,0,1
workflow-verification-20260916,5c1fd964cadeeb74d6e45aef16bd49af0b25c696ac3d2d2f216243c766006867,20260916,0.12.0,51,supply,orders,False,14,14,O1,1,BASE,POWER,0,2,REGION,THRESHOLD,0,0,2
workflow-verification-20260916,5c1fd964cadeeb74d6e45aef16bd49af0b25c696ac3d2d2f216243c766006867,20260916,0.12.0,51,supply,orders,False,14,14,O2,2,REGION,POWER,0,2,CENTER,THRESHOLD,0,0,2
workflow-verification-20260916,5c1fd964cadeeb74d6e45aef16bd49af0b25c696ac3d2d2f216243c766006867,20260916,0.12.0,51,supply,orders,False,14,14,O3,4,BASE,POWER,14.696291065820995,1,REGION,THRESHOLD,0,0,1
workflow-verification-20260916,5c1fd964cadeeb74d6e45aef16bd49af0b25c696ac3d2d2f216243c766006867,20260916,0.12.0,51,supply,orders,False,14,14,O4,5,REGION,POWER,14.696291065820995,1,CENTER,THRESHOLD,0,0,1
workflow-verification-20260916,5c1fd964cadeeb74d6e45aef16bd49af0b25c696ac3d2d2f216243c766006867,20260916,0.12.0,51,supply,orders,False,14,14,O5,7,BASE,POWER,17.0,1,REGION,THRESHOLD,0,0,1
workflow-verification-20260916,5c1fd964cadeeb74d6e45aef16bd49af0b25c696ac3d2d2f216243c766006867,20260916,0.12.0,51,supply,orders,False,14,14,O6,8,REGION,POWER,17.0,1,CENTER,THRESHOLD,0,0,1
workflow-verification-20260916,5c1fd964cadeeb74d6e45aef16bd49af0b25c696ac3d2d2f216243c766006867,20260916,0.12.0,51,supply,orders,False,14,14,O7,11,BASE,POWER,41.0,2,REGION,THRESHOLD,0,0,2
workflow-verification-20260916,5c1fd964cadeeb74d6e45aef16bd49af0b25c696ac3d2d2f216243c766006867,20260916,0.12.0,51,supply,orders,False,14,14,O8,12,REGION,POWER,41.0,2,CENTER,THRESHOLD,0,0,2
workflow-verification-20260916,5c1fd964cadeeb74d6e45aef16bd49af0b25c696ac3d2d2f216243c766006867,20260916,0.12.0,51,supply,orders,False,14,14,O9,14,BASE,POWER,57.0,1,REGION,THRESHOLD,0,0,1
workflow-verification-20260916,5c1fd964cadeeb74d6e45aef16bd49af0b25c696ac3d2d2f216243c766006867,20260916,0.12.0,51,supply,orders,False,14,14,O10,15,REGION,POWER,57.0,1,CENTER,THRESHOLD,0,0,1
workflow-verification-20260916,5c1fd964cadeeb74d6e45aef16bd49af0b25c696ac3d2d2f216243c766006867,20260916,0.12.0,51,supply,orders,False,14,14,O11,17,BASE,POWER,59.199999999999996,1,REGION,THRESHOLD,0,0,1
workflow-verification-20260916,5c1fd964cadeeb74d6e45aef16bd49af0b25c696ac3d2d2f216243c766006867,20260916,0.12.0,51,supply,orders,False,14,14,O12,18,REGION,POWER,59.199999999999996,1,CENTER,THRESHOLD,0,0,1
workflow-verification-20260916,5c1fd964cadeeb74d6e45aef16bd49af0b25c696ac3d2d2f216243c766006867,20260916,0.12.0,51,supply,orders,False,14,14,O13,20,BASE,POWER,65.0,1,REGION,THRESHOLD,0,0,1
workflow-verification-20260916,5c1fd964cadeeb74d6e45aef16bd49af0b25c696ac3d2d2f216243c766006867,20260916,0.12.0,51,supply,orders,False,14,14,O14,21,REGION,POWER,65.0,1,CENTER,THRESHOLD,0,0,1
workflow-verification-20260916,5c1fd964cadeeb74d6e45aef16bd49af0b25c696ac3d2d2f216243c766006867,20260916,0.12.0,52,supply,orders,False,19,19,O1,1,BASE,POWER,0,2,REGION,THRESHOLD,0,0,2
workflow-verification-20260916,5c1fd964cadeeb74d6e45aef16bd49af0b25c696ac3d2d2f216243c766006867,20260916,0.12.0,52,supply,orders,False,19,19,O2,2,REGION,POWER,0,2,CENTER,THRESHOLD,0,0,2
workflow-verification-20260916,5c1fd964cadeeb74d6e45aef16bd49af0b25c696ac3d2d2f216243c766006867,20260916,0.12.0,52,supply,orders,False,19,19,O3,5,BASE,POWER,13.0,2,REGION,THRESHOLD,0,0,2
workflow-verification-20260916,5c1fd964cadeeb74d6e45aef16bd49af0b25c696ac3d2d2f216243c766006867,20260916,0.12.0,52,supply,orders,False,19,19,O4,6,REGION,POWER,13.0,2,CENTER,THRESHOLD,0,0,2
workflow-verification-20260916,5c1fd964cadeeb74d6e45aef16bd49af0b25c696ac3d2d2f216243c766006867,20260916,0.12.0,52,supply,orders,False,19,19,O5,8,BASE,POWER,13.8,1,REGION,THRESHOLD,0,0,1
workflow-verification-20260916,5c1fd964cadeeb74d6e45aef16bd49af0b25c696ac3d2d2f216243c766006867,20260916,0.12.0,52,supply,orders,False,19,19,O6,10,BASE,POWER,33.0,1,REGION,THRESHOLD,0,0,1
workflow-verification-20260916,5c1fd964cadeeb74d6e45aef16bd49af0b25c696ac3d2d2f216243c766006867,20260916,0.12.0,52,supply,orders,False,19,19,O7,11,REGION,POWER,33.0,1,CENTER,THRESHOLD,0,0,1
workflow-verification-20260916,5c1fd964cadeeb74d6e45aef16bd49af0b25c696ac3d2d2f216243c766006867,20260916,0.12.0,52,supply,orders,False,19,19,O8,13,BASE,POWER,34.15,1,REGION,THRESHOLD,0,0,1
workflow-verification-20260916,5c1fd964cadeeb74d6e45aef16bd49af0b25c696ac3d2d2f216243c766006867,20260916,0.12.0,52,supply,orders,False,19,19,O9,14,REGION,POWER,34.15,1,CENTER,THRESHOLD,0,0,1
workflow-verification-20260916,5c1fd964cadeeb74d6e45aef16bd49af0b25c696ac3d2d2f216243c766006867,20260916,0.12.0,52,supply,orders,False,19,19,O10,16,BASE,POWER,34.949999999999996,1,REGION,THRESHOLD,0,0,1
workflow-verification-20260916,5c1fd964cadeeb74d6e45aef16bd49af0b25c696ac3d2d2f216243c766006867,20260916,0.12.0,52,supply,orders,False,19,19,O11,17,REGION,POWER,34.949999999999996,1,CENTER,THRESHOLD,0,0,1
workflow-verification-20260916,5c1fd964cadeeb74d6e45aef16bd49af0b25c696ac3d2d2f216243c766006867,20260916,0.12.0,52,supply,orders,False,19,19,O12,19,BASE,POWER,37.0,1,REGION,THRESHOLD,0,0,1
workflow-verification-20260916,5c1fd964cadeeb74d6e45aef16bd49af0b25c696ac3d2d2f216243c766006867,20260916,0.12.0,52,supply,orders,False,19,19,O13,20,REGION,POWER,37.0,1,CENTER,THRESHOLD,0,0,1
workflow-verification-20260916,5c1fd964cadeeb74d6e45aef16bd49af0b25c696ac3d2d2f216243c766006867,20260916,0.12.0,52,supply,orders,False,19,19,O14,22,BASE,POWER,41.0,1,REGION,THRESHOLD,0,0,1
workflow-verification-20260916,5c1fd964cadeeb74d6e45aef16bd49af0b25c696ac3d2d2f216243c766006867,20260916,0.12.0,52,supply,orders,False,19,19,O15,23,REGION,POWER,41.0,1,CENTER,THRESHOLD,0,0,1
workflow-verification-20260916,5c1fd964cadeeb74d6e45aef16bd49af0b25c696ac3d2d2f216243c766006867,20260916,0.12.0,52,supply,orders,False,19,19,O16,25,BASE,POWER,65.25,1,REGION,THRESHOLD,0,0,1
workflow-verification-20260916,5c1fd964cadeeb74d6e45aef16bd49af0b25c696ac3d2d2f216243c766006867,20260916,0.12.0,52,supply,orders,False,19,19,O17,26,REGION,POWER,65.25,1,CENTER,THRESHOLD,0,0,1
workflow-verification-20260916,5c1fd964cadeeb74d6e45aef16bd49af0b25c696ac3d2d2f216243c766006867,20260916,0.12.0,52,supply,orders,False,19,19,O18,28,BASE,POWER,66.45000000000002,1,REGION,THRESHOLD,0,0,1
workflow-verification-20260916,5c1fd964cadeeb74d6e45aef16bd49af0b25c696ac3d2d2f216243c766006867,20260916,0.12.0,52,supply,orders,False,19,19,O19,29,REGION,POWER,66.45000000000002,1,CENTER,THRESHOLD,0,0,1
workflow-verification-20260916,5c1fd964cadeeb74d6e45aef16bd49af0b25c696ac3d2d2f216243c766006867,20260916,0.12.0,53,supply,orders,False,15,15,O1,1,BASE,POWER,0,2,REGION,THRESHOLD,0,0,2
workflow-verification-20260916,5c1fd964cadeeb74d6e45aef16bd49af0b25c696ac3d2d2f216243c766006867,20260916,0.12.0,53,supply,orders,False,15,15,O2,2,REGION,POWER,0,2,CENTER,THRESHOLD,0,0,2
workflow-verification-20260916,5c1fd964cadeeb74d6e45aef16bd49af0b25c696ac3d2d2f216243c766006867,20260916,0.12.0,53,supply,orders,False,15,15,O3,4,BASE,POWER,9.0,1,REGION,THRESHOLD,0,0,1
workflow-verification-20260916,5c1fd964cadeeb74d6e45aef16bd49af0b25c696ac3d2d2f216243c766006867,20260916,0.12.0,53,supply,orders,False,15,15,O4,5,REGION,POWER,9.0,1,CENTER,THRESHOLD,0,0,1
workflow-verification-20260916,5c1fd964cadeeb74d6e45aef16bd49af0b25c696ac3d2d2f216243c766006867,20260916,0.12.0,53,supply,orders,False,15,15,O5,7,BASE,POWER,17.0,1,REGION,THRESHOLD,0,0,1
workflow-verification-20260916,5c1fd964cadeeb74d6e45aef16bd49af0b25c696ac3d2d2f216243c766006867,20260916,0.12.0,53,supply,orders,False,15,15,O6,8,REGION,POWER,17.0,1,CENTER,THRESHOLD,0,0,1
workflow-verification-20260916,5c1fd964cadeeb74d6e45aef16bd49af0b25c696ac3d2d2f216243c766006867,20260916,0.12.0,53,supply,orders,False,15,15,O7,10,BASE,POWER,17.9,1,REGION,THRESHOLD,0,0,1
workflow-verification-20260916,5c1fd964cadeeb74d6e45aef16bd49af0b25c696ac3d2d2f216243c766006867,20260916,0.12.0,53,supply,orders,False,15,15,O8,11,REGION,POWER,17.9,1,CENTER,THRESHOLD,0,0,1
workflow-verification-20260916,5c1fd964cadeeb74d6e45aef16bd49af0b25c696ac3d2d2f216243c766006867,20260916,0.12.0,53,supply,orders,False,15,15,O9,13,BASE,POWER,37.44999999999999,1,REGION,THRESHOLD,0,0,1
workflow-verification-20260916,5c1fd964cadeeb74d6e45aef16bd49af0b25c696ac3d2d2f216243c766006867,20260916,0.12.0,53,supply,orders,False,15,15,O10,14,REGION,POWER,37.44999999999999,1,CENTER,THRESHOLD,0,0,1
workflow-verification-20260916,5c1fd964cadeeb74d6e45aef16bd49af0b25c696ac3d2d2f216243c766006867,20260916,0.12.0,53,supply,orders,False,15,15,O11,16,BASE,POWER,57.0,1,REGION,THRESHOLD,0,0,1
workflow-verification-20260916,5c1fd964cadeeb74d6e45aef16bd49af0b25c696ac3d2d2f216243c766006867,20260916,0.12.0,53,supply,orders,False,15,15,O12,17,REGION,POWER,57.0,1,CENTER,THRESHOLD,0,0,1
workflow-verification-20260916,5c1fd964cadeeb74d6e45aef16bd49af0b25c696ac3d2d2f216243c766006867,20260916,0.12.0,53,supply,orders,False,15,15,O13,20,BASE,POWER,61.0,2,REGION,THRESHOLD,0,0,2
workflow-verification-20260916,5c1fd964cadeeb74d6e45aef16bd49af0b25c696ac3d2d2f216243c766006867,20260916,0.12.0,53,supply,orders,False,15,15,O14,21,REGION,POWER,61.0,2,CENTER,THRESHOLD,0,0,2
workflow-verification-20260916,5c1fd964cadeeb74d6e45aef16bd49af0b25c696ac3d2d2f216243c766006867,20260916,0.12.0,53,supply,orders,False,15,15,O15,23,BASE,POWER,61.8,1,REGION,THRESHOLD,0,0,1
workflow-verification-20260916,5c1fd964cadeeb74d6e45aef16bd49af0b25c696ac3d2d2f216243c766006867,20260916,0.12.0,54,supply,orders,False,12,12,O1,1,BASE,POWER,0,2,REGION,THRESHOLD,0,0,2
workflow-verification-20260916,5c1fd964cadeeb74d6e45aef16bd49af0b25c696ac3d2d2f216243c766006867,20260916,0.12.0,54,supply,orders,False,12,12,O2,2,REGION,POWER,0,2,CENTER,THRESHOLD,0,0,2
workflow-verification-20260916,5c1fd964cadeeb74d6e45aef16bd49af0b25c696ac3d2d2f216243c766006867,20260916,0.12.0,54,supply,orders,False,12,12,O3,4,BASE,POWER,9.0,1,REGION,THRESHOLD,0,0,1
workflow-verification-20260916,5c1fd964cadeeb74d6e45aef16bd49af0b25c696ac3d2d2f216243c766006867,20260916,0.12.0,54,supply,orders,False,12,12,O4,5,REGION,POWER,9.0,1,CENTER,THRESHOLD,0,0,1
workflow-verification-20260916,5c1fd964cadeeb74d6e45aef16bd49af0b25c696ac3d2d2f216243c766006867,20260916,0.12.0,54,supply,orders,False,12,12,O5,7,BASE,POWER,17.0,1,REGION,THRESHOLD,0,0,1
workflow-verification-20260916,5c1fd964cadeeb74d6e45aef16bd49af0b25c696ac3d2d2f216243c766006867,20260916,0.12.0,54,supply,orders,False,12,12,O6,8,REGION,POWER,17.0,1,CENTER,THRESHOLD,0,0,1
workflow-verification-20260916,5c1fd964cadeeb74d6e45aef16bd49af0b25c696ac3d2d2f216243c766006867,20260916,0.12.0,54,supply,orders,False,12,12,O7,10,BASE,POWER,34.349999999999994,1,REGION,THRESHOLD,0,0,1
workflow-verification-20260916,5c1fd964cadeeb74d6e45aef16bd49af0b25c696ac3d2d2f216243c766006867,20260916,0.12.0,54,supply,orders,False,12,12,O8,11,REGION,POWER,34.349999999999994,1,CENTER,THRESHOLD,0,0,1
workflow-verification-20260916,5c1fd964cadeeb74d6e45aef16bd49af0b25c696ac3d2d2f216243c766006867,20260916,0.12.0,54,supply,orders,False,12,12,O9,13,BASE,POWER,37.44999999999999,1,REGION,THRESHOLD,0,0,1
workflow-verification-20260916,5c1fd964cadeeb74d6e45aef16bd49af0b25c696ac3d2d2f216243c766006867,20260916,0.12.0,54,supply,orders,False,12,12,O10,14,REGION,POWER,37.44999999999999,1,CENTER,THRESHOLD,0,0,1
workflow-verification-20260916,5c1fd964cadeeb74d6e45aef16bd49af0b25c696ac3d2d2f216243c766006867,20260916,0.12.0,54,supply,orders,False,12,12,O11,16,BASE,POWER,57.0,1,REGION,THRESHOLD,0,0,1
workflow-verification-20260916,5c1fd964cadeeb74d6e45aef16bd49af0b25c696ac3d2d2f216243c766006867,20260916,0.12.0,54,supply,orders,False,12,12,O12,17,REGION,POWER,57.0,1,CENTER,THRESHOLD,0,0,1
workflow-verification-20260916,5c1fd964cadeeb74d6e45aef16bd49af0b25c696ac3d2d2f216243c766006867,20260916,0.12.0,55,supply,orders,False,16,16,O1,1,BASE,POWER,0,2,REGION,THRESHOLD,0,0,2
workflow-verification-20260916,5c1fd964cadeeb74d6e45aef16bd49af0b25c696ac3d2d2f216243c766006867,20260916,0.12.0,55,supply,orders,False,16,16,O2,2,REGION,POWER,0,2,CENTER,THRESHOLD,0,0,2
workflow-verification-20260916,5c1fd964cadeeb74d6e45aef16bd49af0b25c696ac3d2d2f216243c766006867,20260916,0.12.0,55,supply,orders,False,16,16,O3,4,BASE,POWER,9.0,1,REGION,THRESHOLD,0,0,1
workflow-verification-20260916,5c1fd964cadeeb74d6e45aef16bd49af0b25c696ac3d2d2f216243c766006867,20260916,0.12.0,55,supply,orders,False,16,16,O4,5,REGION,POWER,9.0,1,CENTER,THRESHOLD,0,0,1
workflow-verification-20260916,5c1fd964cadeeb74d6e45aef16bd49af0b25c696ac3d2d2f216243c766006867,20260916,0.12.0,55,supply,orders,False,16,16,O5,7,BASE,POWER,13.0,1,REGION,THRESHOLD,0,0,1
workflow-verification-20260916,5c1fd964cadeeb74d6e45aef16bd49af0b25c696ac3d2d2f216243c766006867,20260916,0.12.0,55,supply,orders,False,16,16,O6,8,REGION,POWER,13.0,1,CENTER,THRESHOLD,0,0,1
workflow-verification-20260916,5c1fd964cadeeb74d6e45aef16bd49af0b25c696ac3d2d2f216243c766006867,20260916,0.12.0,55,supply,orders,False,16,16,O7,10,BASE,POWER,33.0,1,REGION,THRESHOLD,0,0,1
workflow-verification-20260916,5c1fd964cadeeb74d6e45aef16bd49af0b25c696ac3d2d2f216243c766006867,20260916,0.12.0,55,supply,orders,False,16,16,O8,11,REGION,POWER,33.0,1,CENTER,THRESHOLD,0,0,1
workflow-verification-20260916,5c1fd964cadeeb74d6e45aef16bd49af0b25c696ac3d2d2f216243c766006867,20260916,0.12.0,55,supply,orders,False,16,16,O9,13,BASE,POWER,57.0,1,REGION,THRESHOLD,0,0,1
workflow-verification-20260916,5c1fd964cadeeb74d6e45aef16bd49af0b25c696ac3d2d2f216243c766006867,20260916,0.12.0,55,supply,orders,False,16,16,O10,14,REGION,POWER,57.0,1,CENTER,THRESHOLD,0,0,1
workflow-verification-20260916,5c1fd964cadeeb74d6e45aef16bd49af0b25c696ac3d2d2f216243c766006867,20260916,0.12.0,55,supply,orders,False,16,16,O11,16,BASE,POWER,57.9,1,REGION,THRESHOLD,0,0,1
workflow-verification-20260916,5c1fd964cadeeb74d6e45aef16bd49af0b25c696ac3d2d2f216243c766006867,20260916,0.12.0,55,supply,orders,False,16,16,O12,17,REGION,POWER,57.9,1,CENTER,THRESHOLD,0,0,1
workflow-verification-20260916,5c1fd964cadeeb74d6e45aef16bd49af0b25c696ac3d2d2f216243c766006867,20260916,0.12.0,55,supply,orders,False,16,16,O13,19,BASE,POWER,61.0,1,REGION,THRESHOLD,0,0,1
workflow-verification-20260916,5c1fd964cadeeb74d6e45aef16bd49af0b25c696ac3d2d2f216243c766006867,20260916,0.12.0,55,supply,orders,False,16,16,O14,20,REGION,POWER,61.0,1,CENTER,THRESHOLD,0,0,1
workflow-verification-20260916,5c1fd964cadeeb74d6e45aef16bd49af0b25c696ac3d2d2f216243c766006867,20260916,0.12.0,55,supply,orders,False,16,16,O15,22,BASE,POWER,65.0,1,REGION,THRESHOLD,0,0,1
workflow-verification-20260916,5c1fd964cadeeb74d6e45aef16bd49af0b25c696ac3d2d2f216243c766006867,20260916,0.12.0,55,supply,orders,False,16,16,O16,23,REGION,POWER,65.0,1,CENTER,THRESHOLD,0,0,1
workflow-verification-20260916,5c1fd964cadeeb74d6e45aef16bd49af0b25c696ac3d2d2f216243c766006867,20260916,0.12.0,56,supply,orders,False,14,14,O1,1,BASE,POWER,0,2,REGION,THRESHOLD,0,0,2
workflow-verification-20260916,5c1fd964cadeeb74d6e45aef16bd49af0b25c696ac3d2d2f216243c766006867,20260916,0.12.0,56,supply,orders,False,14,14,O2,2,REGION,POWER,0,2,CENTER,THRESHOLD,0,0,2
workflow-verification-20260916,5c1fd964cadeeb74d6e45aef16bd49af0b25c696ac3d2d2f216243c766006867,20260916,0.12.0,56,supply,orders,False,14,14,O3,4,BASE,POWER,13.0,1,REGION,THRESHOLD,0,0,1
workflow-verification-20260916,5c1fd964cadeeb74d6e45aef16bd49af0b25c696ac3d2d2f216243c766006867,20260916,0.12.0,56,supply,orders,False,14,14,O4,5,REGION,POWER,13.0,1,CENTER,THRESHOLD,0,0,1
workflow-verification-20260916,5c1fd964cadeeb74d6e45aef16bd49af0b25c696ac3d2d2f216243c766006867,20260916,0.12.0,56,supply,orders,False,14,14,O5,7,BASE,POWER,37.25,1,REGION,THRESHOLD,0,0,1
workflow-verification-20260916,5c1fd964cadeeb74d6e45aef16bd49af0b25c696ac3d2d2f216243c766006867,20260916,0.12.0,56,supply,orders,False,14,14,O6,8,REGION,POWER,37.25,1,CENTER,THRESHOLD,0,0,1
workflow-verification-20260916,5c1fd964cadeeb74d6e45aef16bd49af0b25c696ac3d2d2f216243c766006867,20260916,0.12.0,56,supply,orders,False,14,14,O7,10,BASE,POWER,57.0,1,REGION,THRESHOLD,0,0,1
workflow-verification-20260916,5c1fd964cadeeb74d6e45aef16bd49af0b25c696ac3d2d2f216243c766006867,20260916,0.12.0,56,supply,orders,False,14,14,O8,11,REGION,POWER,57.0,1,CENTER,THRESHOLD,0,0,1
workflow-verification-20260916,5c1fd964cadeeb74d6e45aef16bd49af0b25c696ac3d2d2f216243c766006867,20260916,0.12.0,56,supply,orders,False,14,14,O9,13,BASE,POWER,61.44999999999999,1,REGION,THRESHOLD,0,0,1
workflow-verification-20260916,5c1fd964cadeeb74d6e45aef16bd49af0b25c696ac3d2d2f216243c766006867,20260916,0.12.0,56,supply,orders,False,14,14,O10,14,REGION,POWER,61.44999999999999,1,CENTER,THRESHOLD,0,0,1
workflow-verification-20260916,5c1fd964cadeeb74d6e45aef16bd49af0b25c696ac3d2d2f216243c766006867,20260916,0.12.0,56,supply,orders,False,14,14,O11,16,BASE,POWER,61.49999999999999,1,REGION,THRESHOLD,0,0,1
workflow-verification-20260916,5c1fd964cadeeb74d6e45aef16bd49af0b25c696ac3d2d2f216243c766006867,20260916,0.12.0,56,supply,orders,False,14,14,O12,17,REGION,POWER,61.49999999999999,1,CENTER,THRESHOLD,0,0,1
workflow-verification-20260916,5c1fd964cadeeb74d6e45aef16bd49af0b25c696ac3d2d2f216243c766006867,20260916,0.12.0,56,supply,orders,False,14,14,O13,19,BASE,POWER,65.19999999999999,1,REGION,THRESHOLD,0,0,1
workflow-verification-20260916,5c1fd964cadeeb74d6e45aef16bd49af0b25c696ac3d2d2f216243c766006867,20260916,0.12.0,56,supply,orders,False,14,14,O14,20,REGION,POWER,65.19999999999999,1,CENTER,THRESHOLD,0,0,1
workflow-verification-20260916,5c1fd964cadeeb74d6e45aef16bd49af0b25c696ac3d2d2f216243c766006867,20260916,0.12.0,57,supply,orders,False,16,16,O1,1,BASE,POWER,0,2,REGION,THRESHOLD,0,0,2
workflow-verification-20260916,5c1fd964cadeeb74d6e45aef16bd49af0b25c696ac3d2d2f216243c766006867,20260916,0.12.0,57,supply,orders,False,16,16,O2,2,REGION,POWER,0,2,CENTER,THRESHOLD,0,0,2
workflow-verification-20260916,5c1fd964cadeeb74d6e45aef16bd49af0b25c696ac3d2d2f216243c766006867,20260916,0.12.0,57,supply,orders,False,16,16,O3,4,BASE,POWER,9.0,1,REGION,THRESHOLD,0,0,1
workflow-verification-20260916,5c1fd964cadeeb74d6e45aef16bd49af0b25c696ac3d2d2f216243c766006867,20260916,0.12.0,57,supply,orders,False,16,16,O4,5,REGION,POWER,9.0,1,CENTER,THRESHOLD,0,0,1
workflow-verification-20260916,5c1fd964cadeeb74d6e45aef16bd49af0b25c696ac3d2d2f216243c766006867,20260916,0.12.0,57,supply,orders,False,16,16,O5,7,BASE,POWER,11.300000000000002,1,REGION,THRESHOLD,0,0,1
workflow-verification-20260916,5c1fd964cadeeb74d6e45aef16bd49af0b25c696ac3d2d2f216243c766006867,20260916,0.12.0,57,supply,orders,False,16,16,O6,8,REGION,POWER,11.300000000000002,1,CENTER,THRESHOLD,0,0,1
workflow-verification-20260916,5c1fd964cadeeb74d6e45aef16bd49af0b25c696ac3d2d2f216243c766006867,20260916,0.12.0,57,supply,orders,False,16,16,O7,10,BASE,POWER,13.0,1,REGION,THRESHOLD,0,0,1
workflow-verification-20260916,5c1fd964cadeeb74d6e45aef16bd49af0b25c696ac3d2d2f216243c766006867,20260916,0.12.0,57,supply,orders,False,16,16,O8,11,REGION,POWER,13.0,1,CENTER,THRESHOLD,0,0,1
workflow-verification-20260916,5c1fd964cadeeb74d6e45aef16bd49af0b25c696ac3d2d2f216243c766006867,20260916,0.12.0,57,supply,orders,False,16,16,O9,13,BASE,POWER,17.0,1,REGION,THRESHOLD,0,0,1
workflow-verification-20260916,5c1fd964cadeeb74d6e45aef16bd49af0b25c696ac3d2d2f216243c766006867,20260916,0.12.0,57,supply,orders,False,16,16,O10,14,REGION,POWER,17.0,1,CENTER,THRESHOLD,0,0,1
workflow-verification-20260916,5c1fd964cadeeb74d6e45aef16bd49af0b25c696ac3d2d2f216243c766006867,20260916,0.12.0,57,supply,orders,False,16,16,O11,16,BASE,POWER,34.3,1,REGION,THRESHOLD,0,0,1
workflow-verification-20260916,5c1fd964cadeeb74d6e45aef16bd49af0b25c696ac3d2d2f216243c766006867,20260916,0.12.0,57,supply,orders,False,16,16,O12,17,REGION,POWER,34.3,1,CENTER,THRESHOLD,0,0,1
workflow-verification-20260916,5c1fd964cadeeb74d6e45aef16bd49af0b25c696ac3d2d2f216243c766006867,20260916,0.12.0,57,supply,orders,False,16,16,O13,19,BASE,POWER,37.49999999999999,1,REGION,THRESHOLD,0,0,1
workflow-verification-20260916,5c1fd964cadeeb74d6e45aef16bd49af0b25c696ac3d2d2f216243c766006867,20260916,0.12.0,57,supply,orders,False,16,16,O14,20,REGION,POWER,37.49999999999999,1,CENTER,THRESHOLD,0,0,1
workflow-verification-20260916,5c1fd964cadeeb74d6e45aef16bd49af0b25c696ac3d2d2f216243c766006867,20260916,0.12.0,57,supply,orders,False,16,16,O15,22,BASE,POWER,65.0,1,REGION,THRESHOLD,0,0,1
workflow-verification-20260916,5c1fd964cadeeb74d6e45aef16bd49af0b25c696ac3d2d2f216243c766006867,20260916,0.12.0,57,supply,orders,False,16,16,O16,23,REGION,POWER,65.0,1,CENTER,THRESHOLD,0,0,1
workflow-verification-20260916,5c1fd964cadeeb74d6e45aef16bd49af0b25c696ac3d2d2f216243c766006867,20260916,0.12.0,58,supply,orders,False,22,22,O1,1,BASE,POWER,0,2,REGION,THRESHOLD,0,0,2
workflow-verification-20260916,5c1fd964cadeeb74d6e45aef16bd49af0b25c696ac3d2d2f216243c766006867,20260916,0.12.0,58,supply,orders,False,22,22,O2,2,REGION,POWER,0,2,CENTER,THRESHOLD,0,0,2
workflow-verification-20260916,5c1fd964cadeeb74d6e45aef16bd49af0b25c696ac3d2d2f216243c766006867,20260916,0.12.0,58,supply,orders,False,22,22,O3,4,BASE,POWER,9.0,1,REGION,THRESHOLD,0,0,1
workflow-verification-20260916,5c1fd964cadeeb74d6e45aef16bd49af0b25c696ac3d2d2f216243c766006867,20260916,0.12.0,58,supply,orders,False,22,22,O4,5,REGION,POWER,9.0,1,CENTER,THRESHOLD,0,0,1
workflow-verification-20260916,5c1fd964cadeeb74d6e45aef16bd49af0b25c696ac3d2d2f216243c766006867,20260916,0.12.0,58,supply,orders,False,22,22,O5,7,BASE,POWER,13.0,1,REGION,THRESHOLD,0,0,1
workflow-verification-20260916,5c1fd964cadeeb74d6e45aef16bd49af0b25c696ac3d2d2f216243c766006867,20260916,0.12.0,58,supply,orders,False,22,22,O6,8,REGION,POWER,13.0,1,CENTER,THRESHOLD,0,0,1
workflow-verification-20260916,5c1fd964cadeeb74d6e45aef16bd49af0b25c696ac3d2d2f216243c766006867,20260916,0.12.0,58,supply,orders,False,22,22,O7,10,BASE,POWER,17.0,1,REGION,THRESHOLD,0,0,1
workflow-verification-20260916,5c1fd964cadeeb74d6e45aef16bd49af0b25c696ac3d2d2f216243c766006867,20260916,0.12.0,58,supply,orders,False,22,22,O8,11,REGION,POWER,17.0,1,CENTER,THRESHOLD,0,0,1
workflow-verification-20260916,5c1fd964cadeeb74d6e45aef16bd49af0b25c696ac3d2d2f216243c766006867,20260916,0.12.0,58,supply,orders,False,22,22,O9,13,BASE,POWER,34.349999999999994,1,REGION,THRESHOLD,0,0,1
workflow-verification-20260916,5c1fd964cadeeb74d6e45aef16bd49af0b25c696ac3d2d2f216243c766006867,20260916,0.12.0,58,supply,orders,False,22,22,O10,14,REGION,POWER,34.349999999999994,1,CENTER,THRESHOLD,0,0,1
workflow-verification-20260916,5c1fd964cadeeb74d6e45aef16bd49af0b25c696ac3d2d2f216243c766006867,20260916,0.12.0,58,supply,orders,False,22,22,O11,16,BASE,POWER,37.29999999999999,1,REGION,THRESHOLD,0,0,1
workflow-verification-20260916,5c1fd964cadeeb74d6e45aef16bd49af0b25c696ac3d2d2f216243c766006867,20260916,0.12.0,58,supply,orders,False,22,22,O12,17,REGION,POWER,37.29999999999999,1,CENTER,THRESHOLD,0,0,1
workflow-verification-20260916,5c1fd964cadeeb74d6e45aef16bd49af0b25c696ac3d2d2f216243c766006867,20260916,0.12.0,58,supply,orders,False,22,22,O13,19,BASE,POWER,37.99999999999999,1,REGION,THRESHOLD,0,0,1
workflow-verification-20260916,5c1fd964cadeeb74d6e45aef16bd49af0b25c696ac3d2d2f216243c766006867,20260916,0.12.0,58,supply,orders,False,22,22,O14,20,REGION,POWER,37.99999999999999,1,CENTER,THRESHOLD,0,0,1
workflow-verification-20260916,5c1fd964cadeeb74d6e45aef16bd49af0b25c696ac3d2d2f216243c766006867,20260916,0.12.0,58,supply,orders,False,22,22,O15,23,BASE,POWER,41.0,2,REGION,THRESHOLD,0,0,2
workflow-verification-20260916,5c1fd964cadeeb74d6e45aef16bd49af0b25c696ac3d2d2f216243c766006867,20260916,0.12.0,58,supply,orders,False,22,22,O16,24,REGION,POWER,41.0,2,CENTER,THRESHOLD,0,0,2
workflow-verification-20260916,5c1fd964cadeeb74d6e45aef16bd49af0b25c696ac3d2d2f216243c766006867,20260916,0.12.0,58,supply,orders,False,22,22,O17,27,BASE,POWER,57.0,2,REGION,THRESHOLD,0,0,2
workflow-verification-20260916,5c1fd964cadeeb74d6e45aef16bd49af0b25c696ac3d2d2f216243c766006867,20260916,0.12.0,58,supply,orders,False,22,22,O18,28,REGION,POWER,57.0,2,CENTER,THRESHOLD,0,0,2
workflow-verification-20260916,5c1fd964cadeeb74d6e45aef16bd49af0b25c696ac3d2d2f216243c766006867,20260916,0.12.0,58,supply,orders,False,22,22,O19,30,BASE,POWER,61.0,1,REGION,THRESHOLD,0,0,1
workflow-verification-20260916,5c1fd964cadeeb74d6e45aef16bd49af0b25c696ac3d2d2f216243c766006867,20260916,0.12.0,58,supply,orders,False,22,22,O20,31,REGION,POWER,61.0,1,CENTER,THRESHOLD,0,0,1
workflow-verification-20260916,5c1fd964cadeeb74d6e45aef16bd49af0b25c696ac3d2d2f216243c766006867,20260916,0.12.0,58,supply,orders,False,22,22,O21,33,BASE,POWER,65.2,1,REGION,THRESHOLD,0,0,1
workflow-verification-20260916,5c1fd964cadeeb74d6e45aef16bd49af0b25c696ac3d2d2f216243c766006867,20260916,0.12.0,58,supply,orders,False,22,22,O22,34,REGION,POWER,65.2,1,CENTER,THRESHOLD,0,0,1
workflow-verification-20260916,5c1fd964cadeeb74d6e45aef16bd49af0b25c696ac3d2d2f216243c766006867,20260916,0.12.0,59,supply,orders,False,14,14,O1,1,BASE,POWER,0,2,REGION,THRESHOLD,0,0,2
workflow-verification-20260916,5c1fd964cadeeb74d6e45aef16bd49af0b25c696ac3d2d2f216243c766006867,20260916,0.12.0,59,supply,orders,False,14,14,O2,2,REGION,POWER,0,2,CENTER,THRESHOLD,0,0,2
workflow-verification-20260916,5c1fd964cadeeb74d6e45aef16bd49af0b25c696ac3d2d2f216243c766006867,20260916,0.12.0,59,supply,orders,False,14,14,O3,4,BASE,POWER,10.25,1,REGION,THRESHOLD,0,0,1
workflow-verification-20260916,5c1fd964cadeeb74d6e45aef16bd49af0b25c696ac3d2d2f216243c766006867,20260916,0.12.0,59,supply,orders,False,14,14,O4,5,REGION,POWER,10.25,1,CENTER,THRESHOLD,0,0,1
workflow-verification-20260916,5c1fd964cadeeb74d6e45aef16bd49af0b25c696ac3d2d2f216243c766006867,20260916,0.12.0,59,supply,orders,False,14,14,O5,7,BASE,POWER,11.000000000000002,1,REGION,THRESHOLD,0,0,1
workflow-verification-20260916,5c1fd964cadeeb74d6e45aef16bd49af0b25c696ac3d2d2f216243c766006867,20260916,0.12.0,59,supply,orders,False,14,14,O6,8,REGION,POWER,11.000000000000002,1,CENTER,THRESHOLD,0,0,1
workflow-verification-20260916,5c1fd964cadeeb74d6e45aef16bd49af0b25c696ac3d2d2f216243c766006867,20260916,0.12.0,59,supply,orders,False,14,14,O7,10,BASE,POWER,17.0,1,REGION,THRESHOLD,0,0,1
workflow-verification-20260916,5c1fd964cadeeb74d6e45aef16bd49af0b25c696ac3d2d2f216243c766006867,20260916,0.12.0,59,supply,orders,False,14,14,O8,11,REGION,POWER,17.0,1,CENTER,THRESHOLD,0,0,1
workflow-verification-20260916,5c1fd964cadeeb74d6e45aef16bd49af0b25c696ac3d2d2f216243c766006867,20260916,0.12.0,59,supply,orders,False,14,14,O9,13,BASE,POWER,41.0,1,REGION,THRESHOLD,0,0,1
workflow-verification-20260916,5c1fd964cadeeb74d6e45aef16bd49af0b25c696ac3d2d2f216243c766006867,20260916,0.12.0,59,supply,orders,False,14,14,O10,14,REGION,POWER,41.0,1,CENTER,THRESHOLD,0,0,1
workflow-verification-20260916,5c1fd964cadeeb74d6e45aef16bd49af0b25c696ac3d2d2f216243c766006867,20260916,0.12.0,59,supply,orders,False,14,14,O11,16,BASE,POWER,57.0,1,REGION,THRESHOLD,0,0,1
workflow-verification-20260916,5c1fd964cadeeb74d6e45aef16bd49af0b25c696ac3d2d2f216243c766006867,20260916,0.12.0,59,supply,orders,False,14,14,O12,17,REGION,POWER,57.0,1,CENTER,THRESHOLD,0,0,1
workflow-verification-20260916,5c1fd964cadeeb74d6e45aef16bd49af0b25c696ac3d2d2f216243c766006867,20260916,0.12.0,59,supply,orders,False,14,14,O13,19,BASE,POWER,61.0,1,REGION,THRESHOLD,0,0,1
workflow-verification-20260916,5c1fd964cadeeb74d6e45aef16bd49af0b25c696ac3d2d2f216243c766006867,20260916,0.12.0,59,supply,orders,False,14,14,O14,20,REGION,POWER,61.0,1,CENTER,THRESHOLD,0,0,1
workflow-verification-20260916,5c1fd964cadeeb74d6e45aef16bd49af0b25c696ac3d2d2f216243c766006867,20260916,0.12.0,60,supply,orders,False,16,16,O1,1,BASE,POWER,0,2,REGION,THRESHOLD,0,0,2
workflow-verification-20260916,5c1fd964cadeeb74d6e45aef16bd49af0b25c696ac3d2d2f216243c766006867,20260916,0.12.0,60,supply,orders,False,16,16,O2,2,REGION,POWER,0,2,CENTER,THRESHOLD,0,0,2
workflow-verification-20260916,5c1fd964cadeeb74d6e45aef16bd49af0b25c696ac3d2d2f216243c766006867,20260916,0.12.0,60,supply,orders,False,16,16,O3,4,BASE,POWER,9.0,1,REGION,THRESHOLD,0,0,1
workflow-verification-20260916,5c1fd964cadeeb74d6e45aef16bd49af0b25c696ac3d2d2f216243c766006867,20260916,0.12.0,60,supply,orders,False,16,16,O4,5,REGION,POWER,9.0,1,CENTER,THRESHOLD,0,0,1
workflow-verification-20260916,5c1fd964cadeeb74d6e45aef16bd49af0b25c696ac3d2d2f216243c766006867,20260916,0.12.0,60,supply,orders,False,16,16,O5,7,BASE,POWER,19.64999999999999,1,REGION,THRESHOLD,0,0,1
workflow-verification-20260916,5c1fd964cadeeb74d6e45aef16bd49af0b25c696ac3d2d2f216243c766006867,20260916,0.12.0,60,supply,orders,False,16,16,O6,8,REGION,POWER,19.64999999999999,1,CENTER,THRESHOLD,0,0,1
workflow-verification-20260916,5c1fd964cadeeb74d6e45aef16bd49af0b25c696ac3d2d2f216243c766006867,20260916,0.12.0,60,supply,orders,False,16,16,O7,10,BASE,POWER,33.0,1,REGION,THRESHOLD,0,0,1
workflow-verification-20260916,5c1fd964cadeeb74d6e45aef16bd49af0b25c696ac3d2d2f216243c766006867,20260916,0.12.0,60,supply,orders,False,16,16,O8,11,REGION,POWER,33.0,1,CENTER,THRESHOLD,0,0,1
workflow-verification-20260916,5c1fd964cadeeb74d6e45aef16bd49af0b25c696ac3d2d2f216243c766006867,20260916,0.12.0,60,supply,orders,False,16,16,O9,13,BASE,POWER,38.499999999999986,1,REGION,THRESHOLD,0,0,1
workflow-verification-20260916,5c1fd964cadeeb74d6e45aef16bd49af0b25c696ac3d2d2f216243c766006867,20260916,0.12.0,60,supply,orders,False,16,16,O10,14,REGION,POWER,38.499999999999986,1,CENTER,THRESHOLD,0,0,1
workflow-verification-20260916,5c1fd964cadeeb74d6e45aef16bd49af0b25c696ac3d2d2f216243c766006867,20260916,0.12.0,60,supply,orders,False,16,16,O11,16,BASE,POWER,43.19999999999999,1,REGION,THRESHOLD,0,0,1
workflow-verification-20260916,5c1fd964cadeeb74d6e45aef16bd49af0b25c696ac3d2d2f216243c766006867,20260916,0.12.0,60,supply,orders,False,16,16,O12,17,REGION,POWER,43.19999999999999,1,CENTER,THRESHOLD,0,0,1
workflow-verification-20260916,5c1fd964cadeeb74d6e45aef16bd49af0b25c696ac3d2d2f216243c766006867,20260916,0.12.0,60,supply,orders,False,16,16,O13,19,BASE,POWER,58.349999999999994,1,REGION,THRESHOLD,0,0,1
workflow-verification-20260916,5c1fd964cadeeb74d6e45aef16bd49af0b25c696ac3d2d2f216243c766006867,20260916,0.12.0,60,supply,orders,False,16,16,O14,20,REGION,POWER,58.349999999999994,1,CENTER,THRESHOLD,0,0,1
workflow-verification-20260916,5c1fd964cadeeb74d6e45aef16bd49af0b25c696ac3d2d2f216243c766006867,20260916,0.12.0,60,supply,orders,False,16,16,O15,22,BASE,POWER,65.25000000000001,1,REGION,THRESHOLD,0,0,1
workflow-verification-20260916,5c1fd964cadeeb74d6e45aef16bd49af0b25c696ac3d2d2f216243c766006867,20260916,0.12.0,60,supply,orders,False,16,16,O16,23,REGION,POWER,65.25000000000001,1,CENTER,THRESHOLD,0,0,1
workflow-verification-20260916,5c1fd964cadeeb74d6e45aef16bd49af0b25c696ac3d2d2f216243c766006867,20260916,0.12.0,61,supply,orders,False,13,13,O1,1,BASE,POWER,0,2,REGION,THRESHOLD,0,0,2
workflow-verification-20260916,5c1fd964cadeeb74d6e45aef16bd49af0b25c696ac3d2d2f216243c766006867,20260916,0.12.0,61,supply,orders,False,13,13,O2,2,REGION,POWER,0,2,CENTER,THRESHOLD,0,0,2
workflow-verification-20260916,5c1fd964cadeeb74d6e45aef16bd49af0b25c696ac3d2d2f216243c766006867,20260916,0.12.0,61,supply,orders,False,13,13,O3,5,BASE,POWER,9.0,2,REGION,THRESHOLD,0,0,2
workflow-verification-20260916,5c1fd964cadeeb74d6e45aef16bd49af0b25c696ac3d2d2f216243c766006867,20260916,0.12.0,61,supply,orders,False,13,13,O4,6,REGION,POWER,9.0,2,CENTER,THRESHOLD,0,0,2
workflow-verification-20260916,5c1fd964cadeeb74d6e45aef16bd49af0b25c696ac3d2d2f216243c766006867,20260916,0.12.0,61,supply,orders,False,13,13,O5,8,BASE,POWER,9.8,1,REGION,THRESHOLD,0,0,1
workflow-verification-20260916,5c1fd964cadeeb74d6e45aef16bd49af0b25c696ac3d2d2f216243c766006867,20260916,0.12.0,61,supply,orders,False,13,13,O6,10,BASE,POWER,34.3,1,REGION,THRESHOLD,0,0,1
workflow-verification-20260916,5c1fd964cadeeb74d6e45aef16bd49af0b25c696ac3d2d2f216243c766006867,20260916,0.12.0,61,supply,orders,False,13,13,O7,11,REGION,POWER,34.3,1,CENTER,THRESHOLD,0,0,1
workflow-verification-20260916,5c1fd964cadeeb74d6e45aef16bd49af0b25c696ac3d2d2f216243c766006867,20260916,0.12.0,61,supply,orders,False,13,13,O8,13,BASE,POWER,37.44999999999999,1,REGION,THRESHOLD,0,0,1
workflow-verification-20260916,5c1fd964cadeeb74d6e45aef16bd49af0b25c696ac3d2d2f216243c766006867,20260916,0.12.0,61,supply,orders,False,13,13,O9,14,REGION,POWER,37.44999999999999,1,CENTER,THRESHOLD,0,0,1
workflow-verification-20260916,5c1fd964cadeeb74d6e45aef16bd49af0b25c696ac3d2d2f216243c766006867,20260916,0.12.0,61,supply,orders,False,13,13,O10,16,BASE,POWER,37.49999999999999,1,REGION,THRESHOLD,0,0,1
workflow-verification-20260916,5c1fd964cadeeb74d6e45aef16bd49af0b25c696ac3d2d2f216243c766006867,20260916,0.12.0,61,supply,orders,False,13,13,O11,17,REGION,POWER,37.49999999999999,1,CENTER,THRESHOLD,0,0,1
workflow-verification-20260916,5c1fd964cadeeb74d6e45aef16bd49af0b25c696ac3d2d2f216243c766006867,20260916,0.12.0,61,supply,orders,False,13,13,O12,20,BASE,POWER,61.0,2,REGION,THRESHOLD,0,0,2
workflow-verification-20260916,5c1fd964cadeeb74d6e45aef16bd49af0b25c696ac3d2d2f216243c766006867,20260916,0.12.0,61,supply,orders,False,13,13,O13,21,REGION,POWER,61.0,2,CENTER,THRESHOLD,0,0,2
workflow-verification-20260916,5c1fd964cadeeb74d6e45aef16bd49af0b25c696ac3d2d2f216243c766006867,20260916,0.12.0,62,supply,orders,False,18,18,O1,1,BASE,POWER,0,2,REGION,THRESHOLD,0,0,2
workflow-verification-20260916,5c1fd964cadeeb74d6e45aef16bd49af0b25c696ac3d2d2f216243c766006867,20260916,0.12.0,62,supply,orders,False,18,18,O2,2,REGION,POWER,0,2,CENTER,THRESHOLD,0,0,2
workflow-verification-20260916,5c1fd964cadeeb74d6e45aef16bd49af0b25c696ac3d2d2f216243c766006867,20260916,0.12.0,62,supply,orders,False,18,18,O3,4,BASE,POWER,10.3,1,REGION,THRESHOLD,0,0,1
workflow-verification-20260916,5c1fd964cadeeb74d6e45aef16bd49af0b25c696ac3d2d2f216243c766006867,20260916,0.12.0,62,supply,orders,False,18,18,O4,5,REGION,POWER,10.3,1,CENTER,THRESHOLD,0,0,1
workflow-verification-20260916,5c1fd964cadeeb74d6e45aef16bd49af0b25c696ac3d2d2f216243c766006867,20260916,0.12.0,62,supply,orders,False,18,18,O5,7,BASE,POWER,17.0,1,REGION,THRESHOLD,0,0,1
workflow-verification-20260916,5c1fd964cadeeb74d6e45aef16bd49af0b25c696ac3d2d2f216243c766006867,20260916,0.12.0,62,supply,orders,False,18,18,O6,8,REGION,POWER,17.0,1,CENTER,THRESHOLD,0,0,1
workflow-verification-20260916,5c1fd964cadeeb74d6e45aef16bd49af0b25c696ac3d2d2f216243c766006867,20260916,0.12.0,62,supply,orders,False,18,18,O7,10,BASE,POWER,33.0,1,REGION,THRESHOLD,0,0,1
workflow-verification-20260916,5c1fd964cadeeb74d6e45aef16bd49af0b25c696ac3d2d2f216243c766006867,20260916,0.12.0,62,supply,orders,False,18,18,O8,11,REGION,POWER,33.0,1,CENTER,THRESHOLD,0,0,1
workflow-verification-20260916,5c1fd964cadeeb74d6e45aef16bd49af0b25c696ac3d2d2f216243c766006867,20260916,0.12.0,62,supply,orders,False,18,18,O9,13,BASE,POWER,34.15,1,REGION,THRESHOLD,0,0,1
workflow-verification-20260916,5c1fd964cadeeb74d6e45aef16bd49af0b25c696ac3d2d2f216243c766006867,20260916,0.12.0,62,supply,orders,False,18,18,O10,14,REGION,POWER,34.15,1,CENTER,THRESHOLD,0,0,1
workflow-verification-20260916,5c1fd964cadeeb74d6e45aef16bd49af0b25c696ac3d2d2f216243c766006867,20260916,0.12.0,62,supply,orders,False,18,18,O11,16,BASE,POWER,41.0,1,REGION,THRESHOLD,0,0,1
workflow-verification-20260916,5c1fd964cadeeb74d6e45aef16bd49af0b25c696ac3d2d2f216243c766006867,20260916,0.12.0,62,supply,orders,False,18,18,O12,17,REGION,POWER,41.0,1,CENTER,THRESHOLD,0,0,1
workflow-verification-20260916,5c1fd964cadeeb74d6e45aef16bd49af0b25c696ac3d2d2f216243c766006867,20260916,0.12.0,62,supply,orders,False,18,18,O13,19,BASE,POWER,58.3,1,REGION,THRESHOLD,0,0,1
workflow-verification-20260916,5c1fd964cadeeb74d6e45aef16bd49af0b25c696ac3d2d2f216243c766006867,20260916,0.12.0,62,supply,orders,False,18,18,O14,20,REGION,POWER,58.3,1,CENTER,THRESHOLD,0,0,1
workflow-verification-20260916,5c1fd964cadeeb74d6e45aef16bd49af0b25c696ac3d2d2f216243c766006867,20260916,0.12.0,62,supply,orders,False,18,18,O15,22,BASE,POWER,61.44999999999999,1,REGION,THRESHOLD,0,0,1
workflow-verification-20260916,5c1fd964cadeeb74d6e45aef16bd49af0b25c696ac3d2d2f216243c766006867,20260916,0.12.0,62,supply,orders,False,18,18,O16,23,REGION,POWER,61.44999999999999,1,CENTER,THRESHOLD,0,0,1
workflow-verification-20260916,5c1fd964cadeeb74d6e45aef16bd49af0b25c696ac3d2d2f216243c766006867,20260916,0.12.0,62,supply,orders,False,18,18,O17,25,BASE,POWER,61.49999999999999,1,REGION,THRESHOLD,0,0,1
workflow-verification-20260916,5c1fd964cadeeb74d6e45aef16bd49af0b25c696ac3d2d2f216243c766006867,20260916,0.12.0,62,supply,orders,False,18,18,O18,26,REGION,POWER,61.49999999999999,1,CENTER,THRESHOLD,0,0,1
workflow-verification-20260916,5c1fd964cadeeb74d6e45aef16bd49af0b25c696ac3d2d2f216243c766006867,20260916,0.12.0,63,supply,orders,False,22,22,O1,1,BASE,POWER,0,2,REGION,THRESHOLD,0,0,2
workflow-verification-20260916,5c1fd964cadeeb74d6e45aef16bd49af0b25c696ac3d2d2f216243c766006867,20260916,0.12.0,63,supply,orders,False,22,22,O2,2,REGION,POWER,0,2,CENTER,THRESHOLD,0,0,2
workflow-verification-20260916,5c1fd964cadeeb74d6e45aef16bd49af0b25c696ac3d2d2f216243c766006867,20260916,0.12.0,63,supply,orders,False,22,22,O3,4,BASE,POWER,9.0,1,REGION,THRESHOLD,0,0,1
workflow-verification-20260916,5c1fd964cadeeb74d6e45aef16bd49af0b25c696ac3d2d2f216243c766006867,20260916,0.12.0,63,supply,orders,False,22,22,O4,5,REGION,POWER,9.0,1,CENTER,THRESHOLD,0,0,1
workflow-verification-20260916,5c1fd964cadeeb74d6e45aef16bd49af0b25c696ac3d2d2f216243c766006867,20260916,0.12.0,63,supply,orders,False,22,22,O5,7,BASE,POWER,9.9,1,REGION,THRESHOLD,0,0,1
workflow-verification-20260916,5c1fd964cadeeb74d6e45aef16bd49af0b25c696ac3d2d2f216243c766006867,20260916,0.12.0,63,supply,orders,False,22,22,O6,8,REGION,POWER,9.9,1,CENTER,THRESHOLD,0,0,1
workflow-verification-20260916,5c1fd964cadeeb74d6e45aef16bd49af0b25c696ac3d2d2f216243c766006867,20260916,0.12.0,63,supply,orders,False,22,22,O7,10,BASE,POWER,14.900000000000002,1,REGION,THRESHOLD,0,0,1
workflow-verification-20260916,5c1fd964cadeeb74d6e45aef16bd49af0b25c696ac3d2d2f216243c766006867,20260916,0.12.0,63,supply,orders,False,22,22,O8,11,REGION,POWER,14.900000000000002,1,CENTER,THRESHOLD,0,0,1
workflow-verification-20260916,5c1fd964cadeeb74d6e45aef16bd49af0b25c696ac3d2d2f216243c766006867,20260916,0.12.0,63,supply,orders,False,22,22,O9,13,BASE,POWER,17.0,1,REGION,THRESHOLD,0,0,1
workflow-verification-20260916,5c1fd964cadeeb74d6e45aef16bd49af0b25c696ac3d2d2f216243c766006867,20260916,0.12.0,63,supply,orders,False,22,22,O10,14,REGION,POWER,17.0,1,CENTER,THRESHOLD,0,0,1
workflow-verification-20260916,5c1fd964cadeeb74d6e45aef16bd49af0b25c696ac3d2d2f216243c766006867,20260916,0.12.0,63,supply,orders,False,22,22,O11,16,BASE,POWER,33.0,1,REGION,THRESHOLD,0,0,1
workflow-verification-20260916,5c1fd964cadeeb74d6e45aef16bd49af0b25c696ac3d2d2f216243c766006867,20260916,0.12.0,63,supply,orders,False,22,22,O12,17,REGION,POWER,33.0,1,CENTER,THRESHOLD,0,0,1
workflow-verification-20260916,5c1fd964cadeeb74d6e45aef16bd49af0b25c696ac3d2d2f216243c766006867,20260916,0.12.0,63,supply,orders,False,22,22,O13,19,BASE,POWER,42.349999999999994,1,REGION,THRESHOLD,0,0,1
workflow-verification-20260916,5c1fd964cadeeb74d6e45aef16bd49af0b25c696ac3d2d2f216243c766006867,20260916,0.12.0,63,supply,orders,False,22,22,O14,20,REGION,POWER,42.349999999999994,1,CENTER,THRESHOLD,0,0,1
workflow-verification-20260916,5c1fd964cadeeb74d6e45aef16bd49af0b25c696ac3d2d2f216243c766006867,20260916,0.12.0,63,supply,orders,False,22,22,O15,23,BASE,POWER,57.0,2,REGION,THRESHOLD,0,0,2
workflow-verification-20260916,5c1fd964cadeeb74d6e45aef16bd49af0b25c696ac3d2d2f216243c766006867,20260916,0.12.0,63,supply,orders,False,22,22,O16,24,REGION,POWER,57.0,2,CENTER,THRESHOLD,0,0,2
workflow-verification-20260916,5c1fd964cadeeb74d6e45aef16bd49af0b25c696ac3d2d2f216243c766006867,20260916,0.12.0,63,supply,orders,False,22,22,O17,26,BASE,POWER,61.149999999999984,1,REGION,THRESHOLD,0,0,1
workflow-verification-20260916,5c1fd964cadeeb74d6e45aef16bd49af0b25c696ac3d2d2f216243c766006867,20260916,0.12.0,63,supply,orders,False,22,22,O18,27,REGION,POWER,61.149999999999984,1,CENTER,THRESHOLD,0,0,1
workflow-verification-20260916,5c1fd964cadeeb74d6e45aef16bd49af0b25c696ac3d2d2f216243c766006867,20260916,0.12.0,63,supply,orders,False,22,22,O19,29,BASE,POWER,61.94999999999998,1,REGION,THRESHOLD,0,0,1
workflow-verification-20260916,5c1fd964cadeeb74d6e45aef16bd49af0b25c696ac3d2d2f216243c766006867,20260916,0.12.0,63,supply,orders,False,22,22,O20,30,REGION,POWER,61.94999999999998,1,CENTER,THRESHOLD,0,0,1
workflow-verification-20260916,5c1fd964cadeeb74d6e45aef16bd49af0b25c696ac3d2d2f216243c766006867,20260916,0.12.0,63,supply,orders,False,22,22,O21,32,BASE,POWER,62.74999999999998,1,REGION,THRESHOLD,0,0,1
workflow-verification-20260916,5c1fd964cadeeb74d6e45aef16bd49af0b25c696ac3d2d2f216243c766006867,20260916,0.12.0,63,supply,orders,False,22,22,O22,33,REGION,POWER,62.74999999999998,1,CENTER,THRESHOLD,0,0,1
workflow-verification-20260916,5c1fd964cadeeb74d6e45aef16bd49af0b25c696ac3d2d2f216243c766006867,20260916,0.12.0,64,supply,orders,False,17,17,O1,1,BASE,POWER,0,2,REGION,THRESHOLD,0,0,2
workflow-verification-20260916,5c1fd964cadeeb74d6e45aef16bd49af0b25c696ac3d2d2f216243c766006867,20260916,0.12.0,64,supply,orders,False,17,17,O2,2,REGION,POWER,0,2,CENTER,THRESHOLD,0,0,2
workflow-verification-20260916,5c1fd964cadeeb74d6e45aef16bd49af0b25c696ac3d2d2f216243c766006867,20260916,0.12.0,64,supply,orders,False,17,17,O3,5,BASE,POWER,9.0,2,REGION,THRESHOLD,0,0,2
workflow-verification-20260916,5c1fd964cadeeb74d6e45aef16bd49af0b25c696ac3d2d2f216243c766006867,20260916,0.12.0,64,supply,orders,False,17,17,O4,6,REGION,POWER,9.0,2,CENTER,THRESHOLD,0,0,2
workflow-verification-20260916,5c1fd964cadeeb74d6e45aef16bd49af0b25c696ac3d2d2f216243c766006867,20260916,0.12.0,64,supply,orders,False,17,17,O5,8,BASE,POWER,9.8,1,REGION,THRESHOLD,0,0,1
workflow-verification-20260916,5c1fd964cadeeb74d6e45aef16bd49af0b25c696ac3d2d2f216243c766006867,20260916,0.12.0,64,supply,orders,False,17,17,O6,10,BASE,POWER,10.500000000000002,1,REGION,THRESHOLD,0,0,1
workflow-verification-20260916,5c1fd964cadeeb74d6e45aef16bd49af0b25c696ac3d2d2f216243c766006867,20260916,0.12.0,64,supply,orders,False,17,17,O7,11,REGION,POWER,10.500000000000002,1,CENTER,THRESHOLD,0,0,1
workflow-verification-20260916,5c1fd964cadeeb74d6e45aef16bd49af0b25c696ac3d2d2f216243c766006867,20260916,0.12.0,64,supply,orders,False,17,17,O8,13,BASE,POWER,13.0,1,REGION,THRESHOLD,0,0,1
workflow-verification-20260916,5c1fd964cadeeb74d6e45aef16bd49af0b25c696ac3d2d2f216243c766006867,20260916,0.12.0,64,supply,orders,False,17,17,O9,14,REGION,POWER,13.0,1,CENTER,THRESHOLD,0,0,1
workflow-verification-20260916,5c1fd964cadeeb74d6e45aef16bd49af0b25c696ac3d2d2f216243c766006867,20260916,0.12.0,64,supply,orders,False,17,17,O10,16,BASE,POWER,33.0,1,REGION,THRESHOLD,0,0,1
workflow-verification-20260916,5c1fd964cadeeb74d6e45aef16bd49af0b25c696ac3d2d2f216243c766006867,20260916,0.12.0,64,supply,orders,False,17,17,O11,17,REGION,POWER,33.0,1,CENTER,THRESHOLD,0,0,1
workflow-verification-20260916,5c1fd964cadeeb74d6e45aef16bd49af0b25c696ac3d2d2f216243c766006867,20260916,0.12.0,64,supply,orders,False,17,17,O12,19,BASE,POWER,38.8,1,REGION,THRESHOLD,0,0,1
workflow-verification-20260916,5c1fd964cadeeb74d6e45aef16bd49af0b25c696ac3d2d2f216243c766006867,20260916,0.12.0,64,supply,orders,False,17,17,O13,20,REGION,POWER,38.8,1,CENTER,THRESHOLD,0,0,1
workflow-verification-20260916,5c1fd964cadeeb74d6e45aef16bd49af0b25c696ac3d2d2f216243c766006867,20260916,0.12.0,64,supply,orders,False,17,17,O14,22,BASE,POWER,57.0,1,REGION,THRESHOLD,0,0,1
workflow-verification-20260916,5c1fd964cadeeb74d6e45aef16bd49af0b25c696ac3d2d2f216243c766006867,20260916,0.12.0,64,supply,orders,False,17,17,O15,23,REGION,POWER,57.0,1,CENTER,THRESHOLD,0,0,1
workflow-verification-20260916,5c1fd964cadeeb74d6e45aef16bd49af0b25c696ac3d2d2f216243c766006867,20260916,0.12.0,64,supply,orders,False,17,17,O16,25,BASE,POWER,65.0,1,REGION,THRESHOLD,0,0,1
workflow-verification-20260916,5c1fd964cadeeb74d6e45aef16bd49af0b25c696ac3d2d2f216243c766006867,20260916,0.12.0,64,supply,orders,False,17,17,O17,26,REGION,POWER,65.0,1,CENTER,THRESHOLD,0,0,1
workflow-verification-20260916,5c1fd964cadeeb74d6e45aef16bd49af0b25c696ac3d2d2f216243c766006867,20260916,0.12.0,65,supply,orders,False,24,24,O1,1,BASE,POWER,0,2,REGION,THRESHOLD,0,0,2
workflow-verification-20260916,5c1fd964cadeeb74d6e45aef16bd49af0b25c696ac3d2d2f216243c766006867,20260916,0.12.0,65,supply,orders,False,24,24,O2,2,REGION,POWER,0,2,CENTER,THRESHOLD,0,0,2
workflow-verification-20260916,5c1fd964cadeeb74d6e45aef16bd49af0b25c696ac3d2d2f216243c766006867,20260916,0.12.0,65,supply,orders,False,24,24,O3,4,BASE,POWER,9.0,1,REGION,THRESHOLD,0,0,1
workflow-verification-20260916,5c1fd964cadeeb74d6e45aef16bd49af0b25c696ac3d2d2f216243c766006867,20260916,0.12.0,65,supply,orders,False,24,24,O4,5,REGION,POWER,9.0,1,CENTER,THRESHOLD,0,0,1
workflow-verification-20260916,5c1fd964cadeeb74d6e45aef16bd49af0b25c696ac3d2d2f216243c766006867,20260916,0.12.0,65,supply,orders,False,24,24,O5,7,BASE,POWER,13.0,1,REGION,THRESHOLD,0,0,1
workflow-verification-20260916,5c1fd964cadeeb74d6e45aef16bd49af0b25c696ac3d2d2f216243c766006867,20260916,0.12.0,65,supply,orders,False,24,24,O6,8,REGION,POWER,13.0,1,CENTER,THRESHOLD,0,0,1
workflow-verification-20260916,5c1fd964cadeeb74d6e45aef16bd49af0b25c696ac3d2d2f216243c766006867,20260916,0.12.0,65,supply,orders,False,24,24,O7,10,BASE,POWER,17.0,1,REGION,THRESHOLD,0,0,1
workflow-verification-20260916,5c1fd964cadeeb74d6e45aef16bd49af0b25c696ac3d2d2f216243c766006867,20260916,0.12.0,65,supply,orders,False,24,24,O8,11,REGION,POWER,17.0,1,CENTER,THRESHOLD,0,0,1
workflow-verification-20260916,5c1fd964cadeeb74d6e45aef16bd49af0b25c696ac3d2d2f216243c766006867,20260916,0.12.0,65,supply,orders,False,24,24,O9,13,BASE,POWER,17.9,1,REGION,THRESHOLD,0,0,1
workflow-verification-20260916,5c1fd964cadeeb74d6e45aef16bd49af0b25c696ac3d2d2f216243c766006867,20260916,0.12.0,65,supply,orders,False,24,24,O10,14,REGION,POWER,17.9,1,CENTER,THRESHOLD,0,0,1
workflow-verification-20260916,5c1fd964cadeeb74d6e45aef16bd49af0b25c696ac3d2d2f216243c766006867,20260916,0.12.0,65,supply,orders,False,24,24,O11,16,BASE,POWER,37.349999999999994,1,REGION,THRESHOLD,0,0,1
workflow-verification-20260916,5c1fd964cadeeb74d6e45aef16bd49af0b25c696ac3d2d2f216243c766006867,20260916,0.12.0,65,supply,orders,False,24,24,O12,17,REGION,POWER,37.349999999999994,1,CENTER,THRESHOLD,0,0,1
workflow-verification-20260916,5c1fd964cadeeb74d6e45aef16bd49af0b25c696ac3d2d2f216243c766006867,20260916,0.12.0,65,supply,orders,False,24,24,O13,19,BASE,POWER,38.34999999999999,1,REGION,THRESHOLD,0,0,1
workflow-verification-20260916,5c1fd964cadeeb74d6e45aef16bd49af0b25c696ac3d2d2f216243c766006867,20260916,0.12.0,65,supply,orders,False,24,24,O14,20,REGION,POWER,38.34999999999999,1,CENTER,THRESHOLD,0,0,1
workflow-verification-20260916,5c1fd964cadeeb74d6e45aef16bd49af0b25c696ac3d2d2f216243c766006867,20260916,0.12.0,65,supply,orders,False,24,24,O15,22,BASE,POWER,41.0,1,REGION,THRESHOLD,0,0,1
workflow-verification-20260916,5c1fd964cadeeb74d6e45aef16bd49af0b25c696ac3d2d2f216243c766006867,20260916,0.12.0,65,supply,orders,False,24,24,O16,23,REGION,POWER,41.0,1,CENTER,THRESHOLD,0,0,1
workflow-verification-20260916,5c1fd964cadeeb74d6e45aef16bd49af0b25c696ac3d2d2f216243c766006867,20260916,0.12.0,65,supply,orders,False,24,24,O17,26,BASE,POWER,57.0,2,REGION,THRESHOLD,0,0,2
workflow-verification-20260916,5c1fd964cadeeb74d6e45aef16bd49af0b25c696ac3d2d2f216243c766006867,20260916,0.12.0,65,supply,orders,False,24,24,O18,27,REGION,POWER,57.0,2,CENTER,THRESHOLD,0,0,2
workflow-verification-20260916,5c1fd964cadeeb74d6e45aef16bd49af0b25c696ac3d2d2f216243c766006867,20260916,0.12.0,65,supply,orders,False,24,24,O19,30,BASE,POWER,61.39999999999999,2,REGION,THRESHOLD,0,0,2
workflow-verification-20260916,5c1fd964cadeeb74d6e45aef16bd49af0b25c696ac3d2d2f216243c766006867,20260916,0.12.0,65,supply,orders,False,24,24,O20,31,REGION,POWER,61.39999999999999,2,CENTER,THRESHOLD,0,0,2
workflow-verification-20260916,5c1fd964cadeeb74d6e45aef16bd49af0b25c696ac3d2d2f216243c766006867,20260916,0.12.0,65,supply,orders,False,24,24,O21,33,BASE,POWER,65.19999999999999,1,REGION,THRESHOLD,0,0,1
workflow-verification-20260916,5c1fd964cadeeb74d6e45aef16bd49af0b25c696ac3d2d2f216243c766006867,20260916,0.12.0,65,supply,orders,False,24,24,O22,34,REGION,POWER,65.19999999999999,1,CENTER,THRESHOLD,0,0,1
workflow-verification-20260916,5c1fd964cadeeb74d6e45aef16bd49af0b25c696ac3d2d2f216243c766006867,20260916,0.12.0,65,supply,orders,False,24,24,O23,36,BASE,POWER,65.3,1,REGION,THRESHOLD,0,0,1
workflow-verification-20260916,5c1fd964cadeeb74d6e45aef16bd49af0b25c696ac3d2d2f216243c766006867,20260916,0.12.0,65,supply,orders,False,24,24,O24,37,REGION,POWER,65.3,1,CENTER,THRESHOLD,0,0,1
workflow-verification-20260916,5c1fd964cadeeb74d6e45aef16bd49af0b25c696ac3d2d2f216243c766006867,20260916,0.12.0,66,supply,orders,False,12,12,O1,1,BASE,POWER,0,2,REGION,THRESHOLD,0,0,2
workflow-verification-20260916,5c1fd964cadeeb74d6e45aef16bd49af0b25c696ac3d2d2f216243c766006867,20260916,0.12.0,66,supply,orders,False,12,12,O2,2,REGION,POWER,0,2,CENTER,THRESHOLD,0,0,2
workflow-verification-20260916,5c1fd964cadeeb74d6e45aef16bd49af0b25c696ac3d2d2f216243c766006867,20260916,0.12.0,66,supply,orders,False,12,12,O3,5,BASE,POWER,13.0,2,REGION,THRESHOLD,0,0,2
workflow-verification-20260916,5c1fd964cadeeb74d6e45aef16bd49af0b25c696ac3d2d2f216243c766006867,20260916,0.12.0,66,supply,orders,False,12,12,O4,6,REGION,POWER,13.0,2,CENTER,THRESHOLD,0,0,2
workflow-verification-20260916,5c1fd964cadeeb74d6e45aef16bd49af0b25c696ac3d2d2f216243c766006867,20260916,0.12.0,66,supply,orders,False,12,12,O5,8,BASE,POWER,13.8,1,REGION,THRESHOLD,0,0,1
workflow-verification-20260916,5c1fd964cadeeb74d6e45aef16bd49af0b25c696ac3d2d2f216243c766006867,20260916,0.12.0,66,supply,orders,False,12,12,O6,11,BASE,POWER,37.0,2,REGION,THRESHOLD,0,0,2
workflow-verification-20260916,5c1fd964cadeeb74d6e45aef16bd49af0b25c696ac3d2d2f216243c766006867,20260916,0.12.0,66,supply,orders,False,12,12,O7,12,REGION,POWER,37.0,2,CENTER,THRESHOLD,0,0,2
workflow-verification-20260916,5c1fd964cadeeb74d6e45aef16bd49af0b25c696ac3d2d2f216243c766006867,20260916,0.12.0,66,supply,orders,False,12,12,O8,14,BASE,POWER,37.8,1,REGION,THRESHOLD,0,0,1
workflow-verification-20260916,5c1fd964cadeeb74d6e45aef16bd49af0b25c696ac3d2d2f216243c766006867,20260916,0.12.0,66,supply,orders,False,12,12,O9,16,BASE,POWER,41.0,1,REGION,THRESHOLD,0,0,1
workflow-verification-20260916,5c1fd964cadeeb74d6e45aef16bd49af0b25c696ac3d2d2f216243c766006867,20260916,0.12.0,66,supply,orders,False,12,12,O10,17,REGION,POWER,41.0,1,CENTER,THRESHOLD,0,0,1
workflow-verification-20260916,5c1fd964cadeeb74d6e45aef16bd49af0b25c696ac3d2d2f216243c766006867,20260916,0.12.0,66,supply,orders,False,12,12,O11,19,BASE,POWER,41.9,1,REGION,THRESHOLD,0,0,1
workflow-verification-20260916,5c1fd964cadeeb74d6e45aef16bd49af0b25c696ac3d2d2f216243c766006867,20260916,0.12.0,66,supply,orders,False,12,12,O12,20,REGION,POWER,41.9,1,CENTER,THRESHOLD,0,0,1
workflow-verification-20260916,5c1fd964cadeeb74d6e45aef16bd49af0b25c696ac3d2d2f216243c766006867,20260916,0.12.0,67,supply,orders,False,21,21,O1,1,BASE,POWER,0,2,REGION,THRESHOLD,0,0,2
workflow-verification-20260916,5c1fd964cadeeb74d6e45aef16bd49af0b25c696ac3d2d2f216243c766006867,20260916,0.12.0,67,supply,orders,False,21,21,O2,2,REGION,POWER,0,2,CENTER,THRESHOLD,0,0,2
workflow-verification-20260916,5c1fd964cadeeb74d6e45aef16bd49af0b25c696ac3d2d2f216243c766006867,20260916,0.12.0,67,supply,orders,False,21,21,O3,4,BASE,POWER,9.0,1,REGION,THRESHOLD,0,0,1
workflow-verification-20260916,5c1fd964cadeeb74d6e45aef16bd49af0b25c696ac3d2d2f216243c766006867,20260916,0.12.0,67,supply,orders,False,21,21,O4,5,REGION,POWER,9.0,1,CENTER,THRESHOLD,0,0,1
workflow-verification-20260916,5c1fd964cadeeb74d6e45aef16bd49af0b25c696ac3d2d2f216243c766006867,20260916,0.12.0,67,supply,orders,False,21,21,O5,7,BASE,POWER,13.0,1,REGION,THRESHOLD,0,0,1
workflow-verification-20260916,5c1fd964cadeeb74d6e45aef16bd49af0b25c696ac3d2d2f216243c766006867,20260916,0.12.0,67,supply,orders,False,21,21,O6,8,REGION,POWER,13.0,1,CENTER,THRESHOLD,0,0,1
workflow-verification-20260916,5c1fd964cadeeb74d6e45aef16bd49af0b25c696ac3d2d2f216243c766006867,20260916,0.12.0,67,supply,orders,False,21,21,O7,11,BASE,POWER,17.0,2,REGION,THRESHOLD,0,0,2
workflow-verification-20260916,5c1fd964cadeeb74d6e45aef16bd49af0b25c696ac3d2d2f216243c766006867,20260916,0.12.0,67,supply,orders,False,21,21,O8,12,REGION,POWER,17.0,2,CENTER,THRESHOLD,0,0,2
workflow-verification-20260916,5c1fd964cadeeb74d6e45aef16bd49af0b25c696ac3d2d2f216243c766006867,20260916,0.12.0,67,supply,orders,False,21,21,O9,14,BASE,POWER,37.0,1,REGION,THRESHOLD,0,0,1
workflow-verification-20260916,5c1fd964cadeeb74d6e45aef16bd49af0b25c696ac3d2d2f216243c766006867,20260916,0.12.0,67,supply,orders,False,21,21,O10,15,REGION,POWER,37.0,1,CENTER,THRESHOLD,0,0,1
workflow-verification-20260916,5c1fd964cadeeb74d6e45aef16bd49af0b25c696ac3d2d2f216243c766006867,20260916,0.12.0,67,supply,orders,False,21,21,O11,18,BASE,POWER,41.0,2,REGION,THRESHOLD,0,0,2
workflow-verification-20260916,5c1fd964cadeeb74d6e45aef16bd49af0b25c696ac3d2d2f216243c766006867,20260916,0.12.0,67,supply,orders,False,21,21,O12,19,REGION,POWER,41.0,2,CENTER,THRESHOLD,0,0,2
workflow-verification-20260916,5c1fd964cadeeb74d6e45aef16bd49af0b25c696ac3d2d2f216243c766006867,20260916,0.12.0,67,supply,orders,False,21,21,O13,21,BASE,POWER,41.8,1,REGION,THRESHOLD,0,0,1
workflow-verification-20260916,5c1fd964cadeeb74d6e45aef16bd49af0b25c696ac3d2d2f216243c766006867,20260916,0.12.0,67,supply,orders,False,21,21,O14,23,BASE,POWER,58.349999999999994,1,REGION,THRESHOLD,0,0,1
workflow-verification-20260916,5c1fd964cadeeb74d6e45aef16bd49af0b25c696ac3d2d2f216243c766006867,20260916,0.12.0,67,supply,orders,False,21,21,O15,24,REGION,POWER,58.349999999999994,1,CENTER,THRESHOLD,0,0,1
workflow-verification-20260916,5c1fd964cadeeb74d6e45aef16bd49af0b25c696ac3d2d2f216243c766006867,20260916,0.12.0,67,supply,orders,False,21,21,O16,26,BASE,POWER,65.0,1,REGION,THRESHOLD,0,0,1
workflow-verification-20260916,5c1fd964cadeeb74d6e45aef16bd49af0b25c696ac3d2d2f216243c766006867,20260916,0.12.0,67,supply,orders,False,21,21,O17,27,REGION,POWER,65.0,1,CENTER,THRESHOLD,0,0,1
workflow-verification-20260916,5c1fd964cadeeb74d6e45aef16bd49af0b25c696ac3d2d2f216243c766006867,20260916,0.12.0,67,supply,orders,False,21,21,O18,29,BASE,POWER,66.20000000000002,1,REGION,THRESHOLD,0,0,1
workflow-verification-20260916,5c1fd964cadeeb74d6e45aef16bd49af0b25c696ac3d2d2f216243c766006867,20260916,0.12.0,67,supply,orders,False,21,21,O19,30,REGION,POWER,66.20000000000002,1,CENTER,THRESHOLD,0,0,1
workflow-verification-20260916,5c1fd964cadeeb74d6e45aef16bd49af0b25c696ac3d2d2f216243c766006867,20260916,0.12.0,67,supply,orders,False,21,21,O20,32,BASE,POWER,66.95000000000002,1,REGION,THRESHOLD,0,0,1
workflow-verification-20260916,5c1fd964cadeeb74d6e45aef16bd49af0b25c696ac3d2d2f216243c766006867,20260916,0.12.0,67,supply,orders,False,21,21,O21,33,REGION,POWER,66.95000000000002,1,CENTER,THRESHOLD,0,0,1
workflow-verification-20260916,5c1fd964cadeeb74d6e45aef16bd49af0b25c696ac3d2d2f216243c766006867,20260916,0.12.0,68,supply,orders,False,20,20,O1,1,BASE,POWER,0,2,REGION,THRESHOLD,0,0,2
workflow-verification-20260916,5c1fd964cadeeb74d6e45aef16bd49af0b25c696ac3d2d2f216243c766006867,20260916,0.12.0,68,supply,orders,False,20,20,O2,2,REGION,POWER,0,2,CENTER,THRESHOLD,0,0,2
workflow-verification-20260916,5c1fd964cadeeb74d6e45aef16bd49af0b25c696ac3d2d2f216243c766006867,20260916,0.12.0,68,supply,orders,False,20,20,O3,4,BASE,POWER,9.0,1,REGION,THRESHOLD,0,0,1
workflow-verification-20260916,5c1fd964cadeeb74d6e45aef16bd49af0b25c696ac3d2d2f216243c766006867,20260916,0.12.0,68,supply,orders,False,20,20,O4,5,REGION,POWER,9.0,1,CENTER,THRESHOLD,0,0,1
workflow-verification-20260916,5c1fd964cadeeb74d6e45aef16bd49af0b25c696ac3d2d2f216243c766006867,20260916,0.12.0,68,supply,orders,False,20,20,O5,7,BASE,POWER,9.9,1,REGION,THRESHOLD,0,0,1
workflow-verification-20260916,5c1fd964cadeeb74d6e45aef16bd49af0b25c696ac3d2d2f216243c766006867,20260916,0.12.0,68,supply,orders,False,20,20,O6,8,REGION,POWER,9.9,1,CENTER,THRESHOLD,0,0,1
workflow-verification-20260916,5c1fd964cadeeb74d6e45aef16bd49af0b25c696ac3d2d2f216243c766006867,20260916,0.12.0,68,supply,orders,False,20,20,O7,10,BASE,POWER,13.0,1,REGION,THRESHOLD,0,0,1
workflow-verification-20260916,5c1fd964cadeeb74d6e45aef16bd49af0b25c696ac3d2d2f216243c766006867,20260916,0.12.0,68,supply,orders,False,20,20,O8,11,REGION,POWER,13.0,1,CENTER,THRESHOLD,0,0,1
workflow-verification-20260916,5c1fd964cadeeb74d6e45aef16bd49af0b25c696ac3d2d2f216243c766006867,20260916,0.12.0,68,supply,orders,False,20,20,O9,13,BASE,POWER,13.9,1,REGION,THRESHOLD,0,0,1
workflow-verification-20260916,5c1fd964cadeeb74d6e45aef16bd49af0b25c696ac3d2d2f216243c766006867,20260916,0.12.0,68,supply,orders,False,20,20,O10,14,REGION,POWER,13.9,1,CENTER,THRESHOLD,0,0,1
workflow-verification-20260916,5c1fd964cadeeb74d6e45aef16bd49af0b25c696ac3d2d2f216243c766006867,20260916,0.12.0,68,supply,orders,False,20,20,O11,16,BASE,POWER,17.0,1,REGION,THRESHOLD,0,0,1
workflow-verification-20260916,5c1fd964cadeeb74d6e45aef16bd49af0b25c696ac3d2d2f216243c766006867,20260916,0.12.0,68,supply,orders,False,20,20,O12,17,REGION,POWER,17.0,1,CENTER,THRESHOLD,0,0,1
workflow-verification-20260916,5c1fd964cadeeb74d6e45aef16bd49af0b25c696ac3d2d2f216243c766006867,20260916,0.12.0,68,supply,orders,False,20,20,O13,20,BASE,POWER,33.0,2,REGION,THRESHOLD,0,0,2
workflow-verification-20260916,5c1fd964cadeeb74d6e45aef16bd49af0b25c696ac3d2d2f216243c766006867,20260916,0.12.0,68,supply,orders,False,20,20,O14,21,REGION,POWER,33.0,2,CENTER,THRESHOLD,0,0,2
workflow-verification-20260916,5c1fd964cadeeb74d6e45aef16bd49af0b25c696ac3d2d2f216243c766006867,20260916,0.12.0,68,supply,orders,False,20,20,O15,23,BASE,POWER,37.0,1,REGION,THRESHOLD,0,0,1
workflow-verification-20260916,5c1fd964cadeeb74d6e45aef16bd49af0b25c696ac3d2d2f216243c766006867,20260916,0.12.0,68,supply,orders,False,20,20,O16,24,REGION,POWER,37.0,1,CENTER,THRESHOLD,0,0,1
workflow-verification-20260916,5c1fd964cadeeb74d6e45aef16bd49af0b25c696ac3d2d2f216243c766006867,20260916,0.12.0,68,supply,orders,False,20,20,O17,26,BASE,POWER,37.9,1,REGION,THRESHOLD,0,0,1
workflow-verification-20260916,5c1fd964cadeeb74d6e45aef16bd49af0b25c696ac3d2d2f216243c766006867,20260916,0.12.0,68,supply,orders,False,20,20,O18,27,REGION,POWER,37.9,1,CENTER,THRESHOLD,0,0,1
workflow-verification-20260916,5c1fd964cadeeb74d6e45aef16bd49af0b25c696ac3d2d2f216243c766006867,20260916,0.12.0,68,supply,orders,False,20,20,O19,29,BASE,POWER,57.0,1,REGION,THRESHOLD,0,0,1
workflow-verification-20260916,5c1fd964cadeeb74d6e45aef16bd49af0b25c696ac3d2d2f216243c766006867,20260916,0.12.0,68,supply,orders,False,20,20,O20,30,REGION,POWER,57.0,1,CENTER,THRESHOLD,0,0,1
workflow-verification-20260916,5c1fd964cadeeb74d6e45aef16bd49af0b25c696ac3d2d2f216243c766006867,20260916,0.12.0,69,supply,orders,False,18,18,O1,1,BASE,POWER,0,2,REGION,THRESHOLD,0,0,2
workflow-verification-20260916,5c1fd964cadeeb74d6e45aef16bd49af0b25c696ac3d2d2f216243c766006867,20260916,0.12.0,69,supply,orders,False,18,18,O2,2,REGION,POWER,0,2,CENTER,THRESHOLD,0,0,2
workflow-verification-20260916,5c1fd964cadeeb74d6e45aef16bd49af0b25c696ac3d2d2f216243c766006867,20260916,0.12.0,69,supply,orders,False,18,18,O3,4,BASE,POWER,9.0,1,REGION,THRESHOLD,0,0,1
workflow-verification-20260916,5c1fd964cadeeb74d6e45aef16bd49af0b25c696ac3d2d2f216243c766006867,20260916,0.12.0,69,supply,orders,False,18,18,O4,5,REGION,POWER,9.0,1,CENTER,THRESHOLD,0,0,1
workflow-verification-20260916,5c1fd964cadeeb74d6e45aef16bd49af0b25c696ac3d2d2f216243c766006867,20260916,0.12.0,69,supply,orders,False,18,18,O5,8,BASE,POWER,13.0,2,REGION,THRESHOLD,0,0,2
workflow-verification-20260916,5c1fd964cadeeb74d6e45aef16bd49af0b25c696ac3d2d2f216243c766006867,20260916,0.12.0,69,supply,orders,False,18,18,O6,9,REGION,POWER,13.0,2,CENTER,THRESHOLD,0,0,2
workflow-verification-20260916,5c1fd964cadeeb74d6e45aef16bd49af0b25c696ac3d2d2f216243c766006867,20260916,0.12.0,69,supply,orders,False,18,18,O7,12,BASE,POWER,33.0,2,REGION,THRESHOLD,0,0,2
workflow-verification-20260916,5c1fd964cadeeb74d6e45aef16bd49af0b25c696ac3d2d2f216243c766006867,20260916,0.12.0,69,supply,orders,False,18,18,O8,13,REGION,POWER,33.0,2,CENTER,THRESHOLD,0,0,2
workflow-verification-20260916,5c1fd964cadeeb74d6e45aef16bd49af0b25c696ac3d2d2f216243c766006867,20260916,0.12.0,69,supply,orders,False,18,18,O9,15,BASE,POWER,37.0,1,REGION,THRESHOLD,0,0,1
workflow-verification-20260916,5c1fd964cadeeb74d6e45aef16bd49af0b25c696ac3d2d2f216243c766006867,20260916,0.12.0,69,supply,orders,False,18,18,O10,16,REGION,POWER,37.0,1,CENTER,THRESHOLD,0,0,1
workflow-verification-20260916,5c1fd964cadeeb74d6e45aef16bd49af0b25c696ac3d2d2f216243c766006867,20260916,0.12.0,69,supply,orders,False,18,18,O11,18,BASE,POWER,37.8,1,REGION,THRESHOLD,0,0,1
workflow-verification-20260916,5c1fd964cadeeb74d6e45aef16bd49af0b25c696ac3d2d2f216243c766006867,20260916,0.12.0,69,supply,orders,False,18,18,O12,19,REGION,POWER,37.8,1,CENTER,THRESHOLD,0,0,1
workflow-verification-20260916,5c1fd964cadeeb74d6e45aef16bd49af0b25c696ac3d2d2f216243c766006867,20260916,0.12.0,69,supply,orders,False,18,18,O13,21,BASE,POWER,41.0,1,REGION,THRESHOLD,0,0,1
workflow-verification-20260916,5c1fd964cadeeb74d6e45aef16bd49af0b25c696ac3d2d2f216243c766006867,20260916,0.12.0,69,supply,orders,False,18,18,O14,22,REGION,POWER,41.0,1,CENTER,THRESHOLD,0,0,1
workflow-verification-20260916,5c1fd964cadeeb74d6e45aef16bd49af0b25c696ac3d2d2f216243c766006867,20260916,0.12.0,69,supply,orders,False,18,18,O15,24,BASE,POWER,57.0,1,REGION,THRESHOLD,0,0,1
workflow-verification-20260916,5c1fd964cadeeb74d6e45aef16bd49af0b25c696ac3d2d2f216243c766006867,20260916,0.12.0,69,supply,orders,False,18,18,O16,25,REGION,POWER,57.0,1,CENTER,THRESHOLD,0,0,1
workflow-verification-20260916,5c1fd964cadeeb74d6e45aef16bd49af0b25c696ac3d2d2f216243c766006867,20260916,0.12.0,69,supply,orders,False,18,18,O17,27,BASE,POWER,62.349999999999994,1,REGION,THRESHOLD,0,0,1
workflow-verification-20260916,5c1fd964cadeeb74d6e45aef16bd49af0b25c696ac3d2d2f216243c766006867,20260916,0.12.0,69,supply,orders,False,18,18,O18,28,REGION,POWER,62.349999999999994,1,CENTER,THRESHOLD,0,0,1
workflow-verification-20260916,5c1fd964cadeeb74d6e45aef16bd49af0b25c696ac3d2d2f216243c766006867,20260916,0.12.0,70,supply,orders,False,12,12,O1,1,BASE,POWER,0,2,REGION,THRESHOLD,0,0,2
workflow-verification-20260916,5c1fd964cadeeb74d6e45aef16bd49af0b25c696ac3d2d2f216243c766006867,20260916,0.12.0,70,supply,orders,False,12,12,O2,2,REGION,POWER,0,2,CENTER,THRESHOLD,0,0,2
workflow-verification-20260916,5c1fd964cadeeb74d6e45aef16bd49af0b25c696ac3d2d2f216243c766006867,20260916,0.12.0,70,supply,orders,False,12,12,O3,4,BASE,POWER,9.0,1,REGION,THRESHOLD,0,0,1
workflow-verification-20260916,5c1fd964cadeeb74d6e45aef16bd49af0b25c696ac3d2d2f216243c766006867,20260916,0.12.0,70,supply,orders,False,12,12,O4,5,REGION,POWER,9.0,1,CENTER,THRESHOLD,0,0,1
workflow-verification-20260916,5c1fd964cadeeb74d6e45aef16bd49af0b25c696ac3d2d2f216243c766006867,20260916,0.12.0,70,supply,orders,False,12,12,O5,8,BASE,POWER,57.0,2,REGION,THRESHOLD,0,0,2
workflow-verification-20260916,5c1fd964cadeeb74d6e45aef16bd49af0b25c696ac3d2d2f216243c766006867,20260916,0.12.0,70,supply,orders,False,12,12,O6,9,REGION,POWER,57.0,2,CENTER,THRESHOLD,0,0,2
workflow-verification-20260916,5c1fd964cadeeb74d6e45aef16bd49af0b25c696ac3d2d2f216243c766006867,20260916,0.12.0,70,supply,orders,False,12,12,O7,11,BASE,POWER,62.44999999999998,1,REGION,THRESHOLD,0,0,1
workflow-verification-20260916,5c1fd964cadeeb74d6e45aef16bd49af0b25c696ac3d2d2f216243c766006867,20260916,0.12.0,70,supply,orders,False,12,12,O8,12,REGION,POWER,62.44999999999998,1,CENTER,THRESHOLD,0,0,1
workflow-verification-20260916,5c1fd964cadeeb74d6e45aef16bd49af0b25c696ac3d2d2f216243c766006867,20260916,0.12.0,70,supply,orders,False,12,12,O9,14,BASE,POWER,65.25,1,REGION,THRESHOLD,0,0,1
workflow-verification-20260916,5c1fd964cadeeb74d6e45aef16bd49af0b25c696ac3d2d2f216243c766006867,20260916,0.12.0,70,supply,orders,False,12,12,O10,15,REGION,POWER,65.25,1,CENTER,THRESHOLD,0,0,1
workflow-verification-20260916,5c1fd964cadeeb74d6e45aef16bd49af0b25c696ac3d2d2f216243c766006867,20260916,0.12.0,70,supply,orders,False,12,12,O11,17,BASE,POWER,66.4,1,REGION,THRESHOLD,0,0,1
workflow-verification-20260916,5c1fd964cadeeb74d6e45aef16bd49af0b25c696ac3d2d2f216243c766006867,20260916,0.12.0,70,supply,orders,False,12,12,O12,18,REGION,POWER,66.4,1,CENTER,THRESHOLD,0,0,1
workflow-verification-20260916,5c1fd964cadeeb74d6e45aef16bd49af0b25c696ac3d2d2f216243c766006867,20260916,0.12.0,71,supply,orders,False,14,14,O1,1,BASE,POWER,0,2,REGION,THRESHOLD,0,0,2
workflow-verification-20260916,5c1fd964cadeeb74d6e45aef16bd49af0b25c696ac3d2d2f216243c766006867,20260916,0.12.0,71,supply,orders,False,14,14,O2,2,REGION,POWER,0,2,CENTER,THRESHOLD,0,0,2
workflow-verification-20260916,5c1fd964cadeeb74d6e45aef16bd49af0b25c696ac3d2d2f216243c766006867,20260916,0.12.0,71,supply,orders,False,14,14,O3,4,BASE,POWER,9.0,1,REGION,THRESHOLD,0,0,1
workflow-verification-20260916,5c1fd964cadeeb74d6e45aef16bd49af0b25c696ac3d2d2f216243c766006867,20260916,0.12.0,71,supply,orders,False,14,14,O4,5,REGION,POWER,9.0,1,CENTER,THRESHOLD,0,0,1
workflow-verification-20260916,5c1fd964cadeeb74d6e45aef16bd49af0b25c696ac3d2d2f216243c766006867,20260916,0.12.0,71,supply,orders,False,14,14,O5,7,BASE,POWER,17.0,1,REGION,THRESHOLD,0,0,1
workflow-verification-20260916,5c1fd964cadeeb74d6e45aef16bd49af0b25c696ac3d2d2f216243c766006867,20260916,0.12.0,71,supply,orders,False,14,14,O6,8,REGION,POWER,17.0,1,CENTER,THRESHOLD,0,0,1
workflow-verification-20260916,5c1fd964cadeeb74d6e45aef16bd49af0b25c696ac3d2d2f216243c766006867,20260916,0.12.0,71,supply,orders,False,14,14,O7,11,BASE,POWER,41.0,2,REGION,THRESHOLD,0,0,2
workflow-verification-20260916,5c1fd964cadeeb74d6e45aef16bd49af0b25c696ac3d2d2f216243c766006867,20260916,0.12.0,71,supply,orders,False,14,14,O8,12,REGION,POWER,41.0,2,CENTER,THRESHOLD,0,0,2
workflow-verification-20260916,5c1fd964cadeeb74d6e45aef16bd49af0b25c696ac3d2d2f216243c766006867,20260916,0.12.0,71,supply,orders,False,14,14,O9,14,BASE,POWER,57.0,1,REGION,THRESHOLD,0,0,1
workflow-verification-20260916,5c1fd964cadeeb74d6e45aef16bd49af0b25c696ac3d2d2f216243c766006867,20260916,0.12.0,71,supply,orders,False,14,14,O10,15,REGION,POWER,57.0,1,CENTER,THRESHOLD,0,0,1
workflow-verification-20260916,5c1fd964cadeeb74d6e45aef16bd49af0b25c696ac3d2d2f216243c766006867,20260916,0.12.0,71,supply,orders,False,14,14,O11,17,BASE,POWER,61.0,1,REGION,THRESHOLD,0,0,1
workflow-verification-20260916,5c1fd964cadeeb74d6e45aef16bd49af0b25c696ac3d2d2f216243c766006867,20260916,0.12.0,71,supply,orders,False,14,14,O12,18,REGION,POWER,61.0,1,CENTER,THRESHOLD,0,0,1
workflow-verification-20260916,5c1fd964cadeeb74d6e45aef16bd49af0b25c696ac3d2d2f216243c766006867,20260916,0.12.0,71,supply,orders,False,14,14,O13,20,BASE,POWER,65.0,1,REGION,THRESHOLD,0,0,1
workflow-verification-20260916,5c1fd964cadeeb74d6e45aef16bd49af0b25c696ac3d2d2f216243c766006867,20260916,0.12.0,71,supply,orders,False,14,14,O14,21,REGION,POWER,65.0,1,CENTER,THRESHOLD,0,0,1
workflow-verification-20260916,5c1fd964cadeeb74d6e45aef16bd49af0b25c696ac3d2d2f216243c766006867,20260916,0.12.0,72,supply,orders,False,28,28,O1,1,BASE,POWER,0,2,REGION,THRESHOLD,0,0,2
workflow-verification-20260916,5c1fd964cadeeb74d6e45aef16bd49af0b25c696ac3d2d2f216243c766006867,20260916,0.12.0,72,supply,orders,False,28,28,O2,2,REGION,POWER,0,2,CENTER,THRESHOLD,0,0,2
workflow-verification-20260916,5c1fd964cadeeb74d6e45aef16bd49af0b25c696ac3d2d2f216243c766006867,20260916,0.12.0,72,supply,orders,False,28,28,O3,4,BASE,POWER,9.0,1,REGION,THRESHOLD,0,0,1
workflow-verification-20260916,5c1fd964cadeeb74d6e45aef16bd49af0b25c696ac3d2d2f216243c766006867,20260916,0.12.0,72,supply,orders,False,28,28,O4,5,REGION,POWER,9.0,1,CENTER,THRESHOLD,0,0,1
workflow-verification-20260916,5c1fd964cadeeb74d6e45aef16bd49af0b25c696ac3d2d2f216243c766006867,20260916,0.12.0,72,supply,orders,False,28,28,O5,7,BASE,POWER,9.9,1,REGION,THRESHOLD,0,0,1
workflow-verification-20260916,5c1fd964cadeeb74d6e45aef16bd49af0b25c696ac3d2d2f216243c766006867,20260916,0.12.0,72,supply,orders,False,28,28,O6,8,REGION,POWER,9.9,1,CENTER,THRESHOLD,0,0,1
workflow-verification-20260916,5c1fd964cadeeb74d6e45aef16bd49af0b25c696ac3d2d2f216243c766006867,20260916,0.12.0,72,supply,orders,False,28,28,O7,10,BASE,POWER,13.0,1,REGION,THRESHOLD,0,0,1
workflow-verification-20260916,5c1fd964cadeeb74d6e45aef16bd49af0b25c696ac3d2d2f216243c766006867,20260916,0.12.0,72,supply,orders,False,28,28,O8,11,REGION,POWER,13.0,1,CENTER,THRESHOLD,0,0,1
workflow-verification-20260916,5c1fd964cadeeb74d6e45aef16bd49af0b25c696ac3d2d2f216243c766006867,20260916,0.12.0,72,supply,orders,False,28,28,O9,13,BASE,POWER,18.299999999999997,1,REGION,THRESHOLD,0,0,1
workflow-verification-20260916,5c1fd964cadeeb74d6e45aef16bd49af0b25c696ac3d2d2f216243c766006867,20260916,0.12.0,72,supply,orders,False,28,28,O10,14,REGION,POWER,18.299999999999997,1,CENTER,THRESHOLD,0,0,1
workflow-verification-20260916,5c1fd964cadeeb74d6e45aef16bd49af0b25c696ac3d2d2f216243c766006867,20260916,0.12.0,72,supply,orders,False,28,28,O11,16,BASE,POWER,37.349999999999994,1,REGION,THRESHOLD,0,0,1
workflow-verification-20260916,5c1fd964cadeeb74d6e45aef16bd49af0b25c696ac3d2d2f216243c766006867,20260916,0.12.0,72,supply,orders,False,28,28,O12,17,REGION,POWER,37.349999999999994,1,CENTER,THRESHOLD,0,0,1
workflow-verification-20260916,5c1fd964cadeeb74d6e45aef16bd49af0b25c696ac3d2d2f216243c766006867,20260916,0.12.0,72,supply,orders,False,28,28,O13,19,BASE,POWER,37.44999999999999,1,REGION,THRESHOLD,0,0,1
workflow-verification-20260916,5c1fd964cadeeb74d6e45aef16bd49af0b25c696ac3d2d2f216243c766006867,20260916,0.12.0,72,supply,orders,False,28,28,O14,20,REGION,POWER,37.44999999999999,1,CENTER,THRESHOLD,0,0,1
workflow-verification-20260916,5c1fd964cadeeb74d6e45aef16bd49af0b25c696ac3d2d2f216243c766006867,20260916,0.12.0,72,supply,orders,False,28,28,O15,22,BASE,POWER,38.39999999999999,1,REGION,THRESHOLD,0,0,1
workflow-verification-20260916,5c1fd964cadeeb74d6e45aef16bd49af0b25c696ac3d2d2f216243c766006867,20260916,0.12.0,72,supply,orders,False,28,28,O16,23,REGION,POWER,38.39999999999999,1,CENTER,THRESHOLD,0,0,1
workflow-verification-20260916,5c1fd964cadeeb74d6e45aef16bd49af0b25c696ac3d2d2f216243c766006867,20260916,0.12.0,72,supply,orders,False,28,28,O17,25,BASE,POWER,41.0,1,REGION,THRESHOLD,0,0,1
workflow-verification-20260916,5c1fd964cadeeb74d6e45aef16bd49af0b25c696ac3d2d2f216243c766006867,20260916,0.12.0,72,supply,orders,False,28,28,O18,26,REGION,POWER,41.0,1,CENTER,THRESHOLD,0,0,1
workflow-verification-20260916,5c1fd964cadeeb74d6e45aef16bd49af0b25c696ac3d2d2f216243c766006867,20260916,0.12.0,72,supply,orders,False,28,28,O19,28,BASE,POWER,57.0,1,REGION,THRESHOLD,0,0,1
workflow-verification-20260916,5c1fd964cadeeb74d6e45aef16bd49af0b25c696ac3d2d2f216243c766006867,20260916,0.12.0,72,supply,orders,False,28,28,O20,29,REGION,POWER,57.0,1,CENTER,THRESHOLD,0,0,1
workflow-verification-20260916,5c1fd964cadeeb74d6e45aef16bd49af0b25c696ac3d2d2f216243c766006867,20260916,0.12.0,72,supply,orders,False,28,28,O21,31,BASE,POWER,58.8,1,REGION,THRESHOLD,0,0,1
workflow-verification-20260916,5c1fd964cadeeb74d6e45aef16bd49af0b25c696ac3d2d2f216243c766006867,20260916,0.12.0,72,supply,orders,False,28,28,O22,32,REGION,POWER,58.8,1,CENTER,THRESHOLD,0,0,1
workflow-verification-20260916,5c1fd964cadeeb74d6e45aef16bd49af0b25c696ac3d2d2f216243c766006867,20260916,0.12.0,72,supply,orders,False,28,28,O23,34,BASE,POWER,61.0,1,REGION,THRESHOLD,0,0,1
workflow-verification-20260916,5c1fd964cadeeb74d6e45aef16bd49af0b25c696ac3d2d2f216243c766006867,20260916,0.12.0,72,supply,orders,False,28,28,O24,35,REGION,POWER,61.0,1,CENTER,THRESHOLD,0,0,1
workflow-verification-20260916,5c1fd964cadeeb74d6e45aef16bd49af0b25c696ac3d2d2f216243c766006867,20260916,0.12.0,72,supply,orders,False,28,28,O25,37,BASE,POWER,65.45,1,REGION,THRESHOLD,0,0,1
workflow-verification-20260916,5c1fd964cadeeb74d6e45aef16bd49af0b25c696ac3d2d2f216243c766006867,20260916,0.12.0,72,supply,orders,False,28,28,O26,38,REGION,POWER,65.45,1,CENTER,THRESHOLD,0,0,1
workflow-verification-20260916,5c1fd964cadeeb74d6e45aef16bd49af0b25c696ac3d2d2f216243c766006867,20260916,0.12.0,72,supply,orders,False,28,28,O27,40,BASE,POWER,65.5,1,REGION,THRESHOLD,0,0,1
workflow-verification-20260916,5c1fd964cadeeb74d6e45aef16bd49af0b25c696ac3d2d2f216243c766006867,20260916,0.12.0,72,supply,orders,False,28,28,O28,41,REGION,POWER,65.5,1,CENTER,THRESHOLD,0,0,1
workflow-verification-20260916,5c1fd964cadeeb74d6e45aef16bd49af0b25c696ac3d2d2f216243c766006867,20260916,0.12.0,73,supply,orders,False,16,16,O1,1,BASE,POWER,0,2,REGION,THRESHOLD,0,0,2
workflow-verification-20260916,5c1fd964cadeeb74d6e45aef16bd49af0b25c696ac3d2d2f216243c766006867,20260916,0.12.0,73,supply,orders,False,16,16,O2,2,REGION,POWER,0,2,CENTER,THRESHOLD,0,0,2
workflow-verification-20260916,5c1fd964cadeeb74d6e45aef16bd49af0b25c696ac3d2d2f216243c766006867,20260916,0.12.0,73,supply,orders,False,16,16,O3,4,BASE,POWER,9.0,1,REGION,THRESHOLD,0,0,1
workflow-verification-20260916,5c1fd964cadeeb74d6e45aef16bd49af0b25c696ac3d2d2f216243c766006867,20260916,0.12.0,73,supply,orders,False,16,16,O4,5,REGION,POWER,9.0,1,CENTER,THRESHOLD,0,0,1
workflow-verification-20260916,5c1fd964cadeeb74d6e45aef16bd49af0b25c696ac3d2d2f216243c766006867,20260916,0.12.0,73,supply,orders,False,16,16,O5,7,BASE,POWER,9.700000000000001,1,REGION,THRESHOLD,0,0,1
workflow-verification-20260916,5c1fd964cadeeb74d6e45aef16bd49af0b25c696ac3d2d2f216243c766006867,20260916,0.12.0,73,supply,orders,False,16,16,O6,8,REGION,POWER,9.700000000000001,1,CENTER,THRESHOLD,0,0,1
workflow-verification-20260916,5c1fd964cadeeb74d6e45aef16bd49af0b25c696ac3d2d2f216243c766006867,20260916,0.12.0,73,supply,orders,False,16,16,O7,10,BASE,POWER,17.0,1,REGION,THRESHOLD,0,0,1
workflow-verification-20260916,5c1fd964cadeeb74d6e45aef16bd49af0b25c696ac3d2d2f216243c766006867,20260916,0.12.0,73,supply,orders,False,16,16,O8,11,REGION,POWER,17.0,1,CENTER,THRESHOLD,0,0,1
workflow-verification-20260916,5c1fd964cadeeb74d6e45aef16bd49af0b25c696ac3d2d2f216243c766006867,20260916,0.12.0,73,supply,orders,False,16,16,O9,13,BASE,POWER,33.0,1,REGION,THRESHOLD,0,0,1
workflow-verification-20260916,5c1fd964cadeeb74d6e45aef16bd49af0b25c696ac3d2d2f216243c766006867,20260916,0.12.0,73,supply,orders,False,16,16,O10,14,REGION,POWER,33.0,1,CENTER,THRESHOLD,0,0,1
workflow-verification-20260916,5c1fd964cadeeb74d6e45aef16bd49af0b25c696ac3d2d2f216243c766006867,20260916,0.12.0,73,supply,orders,False,16,16,O11,16,BASE,POWER,37.14999999999999,1,REGION,THRESHOLD,0,0,1
workflow-verification-20260916,5c1fd964cadeeb74d6e45aef16bd49af0b25c696ac3d2d2f216243c766006867,20260916,0.12.0,73,supply,orders,False,16,16,O12,17,REGION,POWER,37.14999999999999,1,CENTER,THRESHOLD,0,0,1
workflow-verification-20260916,5c1fd964cadeeb74d6e45aef16bd49af0b25c696ac3d2d2f216243c766006867,20260916,0.12.0,73,supply,orders,False,16,16,O13,19,BASE,POWER,39.04999999999998,1,REGION,THRESHOLD,0,0,1
workflow-verification-20260916,5c1fd964cadeeb74d6e45aef16bd49af0b25c696ac3d2d2f216243c766006867,20260916,0.12.0,73,supply,orders,False,16,16,O14,20,REGION,POWER,39.04999999999998,1,CENTER,THRESHOLD,0,0,1
workflow-verification-20260916,5c1fd964cadeeb74d6e45aef16bd49af0b25c696ac3d2d2f216243c766006867,20260916,0.12.0,73,supply,orders,False,16,16,O15,22,BASE,POWER,57.0,1,REGION,THRESHOLD,0,0,1
workflow-verification-20260916,5c1fd964cadeeb74d6e45aef16bd49af0b25c696ac3d2d2f216243c766006867,20260916,0.12.0,73,supply,orders,False,16,16,O16,23,REGION,POWER,57.0,1,CENTER,THRESHOLD,0,0,1
workflow-verification-20260916,5c1fd964cadeeb74d6e45aef16bd49af0b25c696ac3d2d2f216243c766006867,20260916,0.12.0,74,supply,orders,False,20,20,O1,1,BASE,POWER,0,2,REGION,THRESHOLD,0,0,2
workflow-verification-20260916,5c1fd964cadeeb74d6e45aef16bd49af0b25c696ac3d2d2f216243c766006867,20260916,0.12.0,74,supply,orders,False,20,20,O2,2,REGION,POWER,0,2,CENTER,THRESHOLD,0,0,2
workflow-verification-20260916,5c1fd964cadeeb74d6e45aef16bd49af0b25c696ac3d2d2f216243c766006867,20260916,0.12.0,74,supply,orders,False,20,20,O3,4,BASE,POWER,13.0,1,REGION,THRESHOLD,0,0,1
workflow-verification-20260916,5c1fd964cadeeb74d6e45aef16bd49af0b25c696ac3d2d2f216243c766006867,20260916,0.12.0,74,supply,orders,False,20,20,O4,5,REGION,POWER,13.0,1,CENTER,THRESHOLD,0,0,1
workflow-verification-20260916,5c1fd964cadeeb74d6e45aef16bd49af0b25c696ac3d2d2f216243c766006867,20260916,0.12.0,74,supply,orders,False,20,20,O5,7,BASE,POWER,13.9,1,REGION,THRESHOLD,0,0,1
workflow-verification-20260916,5c1fd964cadeeb74d6e45aef16bd49af0b25c696ac3d2d2f216243c766006867,20260916,0.12.0,74,supply,orders,False,20,20,O6,8,REGION,POWER,13.9,1,CENTER,THRESHOLD,0,0,1
workflow-verification-20260916,5c1fd964cadeeb74d6e45aef16bd49af0b25c696ac3d2d2f216243c766006867,20260916,0.12.0,74,supply,orders,False,20,20,O7,10,BASE,POWER,17.0,1,REGION,THRESHOLD,0,0,1
workflow-verification-20260916,5c1fd964cadeeb74d6e45aef16bd49af0b25c696ac3d2d2f216243c766006867,20260916,0.12.0,74,supply,orders,False,20,20,O8,11,REGION,POWER,17.0,1,CENTER,THRESHOLD,0,0,1
workflow-verification-20260916,5c1fd964cadeeb74d6e45aef16bd49af0b25c696ac3d2d2f216243c766006867,20260916,0.12.0,74,supply,orders,False,20,20,O9,13,BASE,POWER,17.9,1,REGION,THRESHOLD,0,0,1
workflow-verification-20260916,5c1fd964cadeeb74d6e45aef16bd49af0b25c696ac3d2d2f216243c766006867,20260916,0.12.0,74,supply,orders,False,20,20,O10,14,REGION,POWER,17.9,1,CENTER,THRESHOLD,0,0,1
workflow-verification-20260916,5c1fd964cadeeb74d6e45aef16bd49af0b25c696ac3d2d2f216243c766006867,20260916,0.12.0,74,supply,orders,False,20,20,O11,16,BASE,POWER,33.0,1,REGION,THRESHOLD,0,0,1
workflow-verification-20260916,5c1fd964cadeeb74d6e45aef16bd49af0b25c696ac3d2d2f216243c766006867,20260916,0.12.0,74,supply,orders,False,20,20,O12,17,REGION,POWER,33.0,1,CENTER,THRESHOLD,0,0,1
workflow-verification-20260916,5c1fd964cadeeb74d6e45aef16bd49af0b25c696ac3d2d2f216243c766006867,20260916,0.12.0,74,supply,orders,False,20,20,O13,19,BASE,POWER,41.149999999999984,1,REGION,THRESHOLD,0,0,1
workflow-verification-20260916,5c1fd964cadeeb74d6e45aef16bd49af0b25c696ac3d2d2f216243c766006867,20260916,0.12.0,74,supply,orders,False,20,20,O14,20,REGION,POWER,41.149999999999984,1,CENTER,THRESHOLD,0,0,1
workflow-verification-20260916,5c1fd964cadeeb74d6e45aef16bd49af0b25c696ac3d2d2f216243c766006867,20260916,0.12.0,74,supply,orders,False,20,20,O15,22,BASE,POWER,42.499999999999986,1,REGION,THRESHOLD,0,0,1
workflow-verification-20260916,5c1fd964cadeeb74d6e45aef16bd49af0b25c696ac3d2d2f216243c766006867,20260916,0.12.0,74,supply,orders,False,20,20,O16,23,REGION,POWER,42.499999999999986,1,CENTER,THRESHOLD,0,0,1
workflow-verification-20260916,5c1fd964cadeeb74d6e45aef16bd49af0b25c696ac3d2d2f216243c766006867,20260916,0.12.0,74,supply,orders,False,20,20,O17,25,BASE,POWER,58.25,1,REGION,THRESHOLD,0,0,1
workflow-verification-20260916,5c1fd964cadeeb74d6e45aef16bd49af0b25c696ac3d2d2f216243c766006867,20260916,0.12.0,74,supply,orders,False,20,20,O18,26,REGION,POWER,58.25,1,CENTER,THRESHOLD,0,0,1
workflow-verification-20260916,5c1fd964cadeeb74d6e45aef16bd49af0b25c696ac3d2d2f216243c766006867,20260916,0.12.0,74,supply,orders,False,20,20,O19,28,BASE,POWER,65.0,1,REGION,THRESHOLD,0,0,1
workflow-verification-20260916,5c1fd964cadeeb74d6e45aef16bd49af0b25c696ac3d2d2f216243c766006867,20260916,0.12.0,74,supply,orders,False,20,20,O20,29,REGION,POWER,65.0,1,CENTER,THRESHOLD,0,0,1
workflow-verification-20260916,5c1fd964cadeeb74d6e45aef16bd49af0b25c696ac3d2d2f216243c766006867,20260916,0.12.0,75,supply,orders,False,27,27,O1,1,BASE,POWER,0,2,REGION,THRESHOLD,0,0,2
workflow-verification-20260916,5c1fd964cadeeb74d6e45aef16bd49af0b25c696ac3d2d2f216243c766006867,20260916,0.12.0,75,supply,orders,False,27,27,O2,2,REGION,POWER,0,2,CENTER,THRESHOLD,0,0,2
workflow-verification-20260916,5c1fd964cadeeb74d6e45aef16bd49af0b25c696ac3d2d2f216243c766006867,20260916,0.12.0,75,supply,orders,False,27,27,O3,4,BASE,POWER,9.0,1,REGION,THRESHOLD,0,0,1
workflow-verification-20260916,5c1fd964cadeeb74d6e45aef16bd49af0b25c696ac3d2d2f216243c766006867,20260916,0.12.0,75,supply,orders,False,27,27,O4,5,REGION,POWER,9.0,1,CENTER,THRESHOLD,0,0,1
workflow-verification-20260916,5c1fd964cadeeb74d6e45aef16bd49af0b25c696ac3d2d2f216243c766006867,20260916,0.12.0,75,supply,orders,False,27,27,O5,7,BASE,POWER,14.100000000000001,1,REGION,THRESHOLD,0,0,1
workflow-verification-20260916,5c1fd964cadeeb74d6e45aef16bd49af0b25c696ac3d2d2f216243c766006867,20260916,0.12.0,75,supply,orders,False,27,27,O6,8,REGION,POWER,14.100000000000001,1,CENTER,THRESHOLD,0,0,1
workflow-verification-20260916,5c1fd964cadeeb74d6e45aef16bd49af0b25c696ac3d2d2f216243c766006867,20260916,0.12.0,75,supply,orders,False,27,27,O7,10,BASE,POWER,14.800000000000002,1,REGION,THRESHOLD,0,0,1
workflow-verification-20260916,5c1fd964cadeeb74d6e45aef16bd49af0b25c696ac3d2d2f216243c766006867,20260916,0.12.0,75,supply,orders,False,27,27,O8,11,REGION,POWER,14.800000000000002,1,CENTER,THRESHOLD,0,0,1
workflow-verification-20260916,5c1fd964cadeeb74d6e45aef16bd49af0b25c696ac3d2d2f216243c766006867,20260916,0.12.0,75,supply,orders,False,27,27,O9,13,BASE,POWER,17.0,1,REGION,THRESHOLD,0,0,1
workflow-verification-20260916,5c1fd964cadeeb74d6e45aef16bd49af0b25c696ac3d2d2f216243c766006867,20260916,0.12.0,75,supply,orders,False,27,27,O10,14,REGION,POWER,17.0,1,CENTER,THRESHOLD,0,0,1
workflow-verification-20260916,5c1fd964cadeeb74d6e45aef16bd49af0b25c696ac3d2d2f216243c766006867,20260916,0.12.0,75,supply,orders,False,27,27,O11,17,BASE,POWER,33.0,2,REGION,THRESHOLD,0,0,2
workflow-verification-20260916,5c1fd964cadeeb74d6e45aef16bd49af0b25c696ac3d2d2f216243c766006867,20260916,0.12.0,75,supply,orders,False,27,27,O12,18,REGION,POWER,33.0,2,CENTER,THRESHOLD,0,0,2
workflow-verification-20260916,5c1fd964cadeeb74d6e45aef16bd49af0b25c696ac3d2d2f216243c766006867,20260916,0.12.0,75,supply,orders,False,27,27,O13,20,BASE,POWER,37.0,1,REGION,THRESHOLD,0,0,1
workflow-verification-20260916,5c1fd964cadeeb74d6e45aef16bd49af0b25c696ac3d2d2f216243c766006867,20260916,0.12.0,75,supply,orders,False,27,27,O14,21,REGION,POWER,37.0,1,CENTER,THRESHOLD,0,0,1
workflow-verification-20260916,5c1fd964cadeeb74d6e45aef16bd49af0b25c696ac3d2d2f216243c766006867,20260916,0.12.0,75,supply,orders,False,27,27,O15,23,BASE,POWER,41.0,1,REGION,THRESHOLD,0,0,1
workflow-verification-20260916,5c1fd964cadeeb74d6e45aef16bd49af0b25c696ac3d2d2f216243c766006867,20260916,0.12.0,75,supply,orders,False,27,27,O16,24,REGION,POWER,41.0,1,CENTER,THRESHOLD,0,0,1
workflow-verification-20260916,5c1fd964cadeeb74d6e45aef16bd49af0b25c696ac3d2d2f216243c766006867,20260916,0.12.0,75,supply,orders,False,27,27,O17,26,BASE,POWER,58.349999999999994,1,REGION,THRESHOLD,0,0,1
workflow-verification-20260916,5c1fd964cadeeb74d6e45aef16bd49af0b25c696ac3d2d2f216243c766006867,20260916,0.12.0,75,supply,orders,False,27,27,O18,27,REGION,POWER,58.349999999999994,1,CENTER,THRESHOLD,0,0,1
workflow-verification-20260916,5c1fd964cadeeb74d6e45aef16bd49af0b25c696ac3d2d2f216243c766006867,20260916,0.12.0,75,supply,orders,False,27,27,O19,29,BASE,POWER,61.04999999999999,1,REGION,THRESHOLD,0,0,1
workflow-verification-20260916,5c1fd964cadeeb74d6e45aef16bd49af0b25c696ac3d2d2f216243c766006867,20260916,0.12.0,75,supply,orders,False,27,27,O20,30,REGION,POWER,61.04999999999999,1,CENTER,THRESHOLD,0,0,1
workflow-verification-20260916,5c1fd964cadeeb74d6e45aef16bd49af0b25c696ac3d2d2f216243c766006867,20260916,0.12.0,75,supply,orders,False,27,27,O21,32,BASE,POWER,61.1,1,REGION,THRESHOLD,0,0,1
workflow-verification-20260916,5c1fd964cadeeb74d6e45aef16bd49af0b25c696ac3d2d2f216243c766006867,20260916,0.12.0,75,supply,orders,False,27,27,O22,33,REGION,POWER,61.1,1,CENTER,THRESHOLD,0,0,1
workflow-verification-20260916,5c1fd964cadeeb74d6e45aef16bd49af0b25c696ac3d2d2f216243c766006867,20260916,0.12.0,75,supply,orders,False,27,27,O23,35,BASE,POWER,61.84999999999999,1,REGION,THRESHOLD,0,0,1
workflow-verification-20260916,5c1fd964cadeeb74d6e45aef16bd49af0b25c696ac3d2d2f216243c766006867,20260916,0.12.0,75,supply,orders,False,27,27,O24,37,BASE,POWER,62.649999999999984,1,REGION,THRESHOLD,0,0,1
workflow-verification-20260916,5c1fd964cadeeb74d6e45aef16bd49af0b25c696ac3d2d2f216243c766006867,20260916,0.12.0,75,supply,orders,False,27,27,O25,38,REGION,POWER,62.649999999999984,1,CENTER,THRESHOLD,0,0,1
workflow-verification-20260916,5c1fd964cadeeb74d6e45aef16bd49af0b25c696ac3d2d2f216243c766006867,20260916,0.12.0,75,supply,orders,False,27,27,O26,40,BASE,POWER,67.10000000000002,1,REGION,THRESHOLD,0,0,1
workflow-verification-20260916,5c1fd964cadeeb74d6e45aef16bd49af0b25c696ac3d2d2f216243c766006867,20260916,0.12.0,75,supply,orders,False,27,27,O27,41,REGION,POWER,67.10000000000002,1,CENTER,THRESHOLD,0,0,1
workflow-verification-20260916,5c1fd964cadeeb74d6e45aef16bd49af0b25c696ac3d2d2f216243c766006867,20260916,0.12.0,76,supply,orders,False,15,15,O1,1,BASE,POWER,0,2,REGION,THRESHOLD,0,0,2
workflow-verification-20260916,5c1fd964cadeeb74d6e45aef16bd49af0b25c696ac3d2d2f216243c766006867,20260916,0.12.0,76,supply,orders,False,15,15,O2,2,REGION,POWER,0,2,CENTER,THRESHOLD,0,0,2
workflow-verification-20260916,5c1fd964cadeeb74d6e45aef16bd49af0b25c696ac3d2d2f216243c766006867,20260916,0.12.0,76,supply,orders,False,15,15,O3,4,BASE,POWER,14.3,1,REGION,THRESHOLD,0,0,1
workflow-verification-20260916,5c1fd964cadeeb74d6e45aef16bd49af0b25c696ac3d2d2f216243c766006867,20260916,0.12.0,76,supply,orders,False,15,15,O4,5,REGION,POWER,14.3,1,CENTER,THRESHOLD,0,0,1
workflow-verification-20260916,5c1fd964cadeeb74d6e45aef16bd49af0b25c696ac3d2d2f216243c766006867,20260916,0.12.0,76,supply,orders,False,15,15,O5,7,BASE,POWER,33.0,1,REGION,THRESHOLD,0,0,1
workflow-verification-20260916,5c1fd964cadeeb74d6e45aef16bd49af0b25c696ac3d2d2f216243c766006867,20260916,0.12.0,76,supply,orders,False,15,15,O6,8,REGION,POWER,33.0,1,CENTER,THRESHOLD,0,0,1
workflow-verification-20260916,5c1fd964cadeeb74d6e45aef16bd49af0b25c696ac3d2d2f216243c766006867,20260916,0.12.0,76,supply,orders,False,15,15,O7,10,BASE,POWER,33.9,1,REGION,THRESHOLD,0,0,1
workflow-verification-20260916,5c1fd964cadeeb74d6e45aef16bd49af0b25c696ac3d2d2f216243c766006867,20260916,0.12.0,76,supply,orders,False,15,15,O8,11,REGION,POWER,33.9,1,CENTER,THRESHOLD,0,0,1
workflow-verification-20260916,5c1fd964cadeeb74d6e45aef16bd49af0b25c696ac3d2d2f216243c766006867,20260916,0.12.0,76,supply,orders,False,15,15,O9,14,BASE,POWER,41.0,2,REGION,THRESHOLD,0,0,2
workflow-verification-20260916,5c1fd964cadeeb74d6e45aef16bd49af0b25c696ac3d2d2f216243c766006867,20260916,0.12.0,76,supply,orders,False,15,15,O10,15,REGION,POWER,41.0,2,CENTER,THRESHOLD,0,0,2
workflow-verification-20260916,5c1fd964cadeeb74d6e45aef16bd49af0b25c696ac3d2d2f216243c766006867,20260916,0.12.0,76,supply,orders,False,15,15,O11,18,BASE,POWER,57.0,2,REGION,THRESHOLD,0,0,2
workflow-verification-20260916,5c1fd964cadeeb74d6e45aef16bd49af0b25c696ac3d2d2f216243c766006867,20260916,0.12.0,76,supply,orders,False,15,15,O12,19,REGION,POWER,57.0,2,CENTER,THRESHOLD,0,0,2
workflow-verification-20260916,5c1fd964cadeeb74d6e45aef16bd49af0b25c696ac3d2d2f216243c766006867,20260916,0.12.0,76,supply,orders,False,15,15,O13,21,BASE,POWER,57.8,1,REGION,THRESHOLD,0,0,1
workflow-verification-20260916,5c1fd964cadeeb74d6e45aef16bd49af0b25c696ac3d2d2f216243c766006867,20260916,0.12.0,76,supply,orders,False,15,15,O14,23,BASE,POWER,65.35000000000001,1,REGION,THRESHOLD,0,0,1
workflow-verification-20260916,5c1fd964cadeeb74d6e45aef16bd49af0b25c696ac3d2d2f216243c766006867,20260916,0.12.0,76,supply,orders,False,15,15,O15,24,REGION,POWER,65.35000000000001,1,CENTER,THRESHOLD,0,0,1
workflow-verification-20260916,5c1fd964cadeeb74d6e45aef16bd49af0b25c696ac3d2d2f216243c766006867,20260916,0.12.0,77,supply,orders,False,15,15,O1,1,BASE,POWER,0,2,REGION,THRESHOLD,0,0,2
workflow-verification-20260916,5c1fd964cadeeb74d6e45aef16bd49af0b25c696ac3d2d2f216243c766006867,20260916,0.12.0,77,supply,orders,False,15,15,O2,2,REGION,POWER,0,2,CENTER,THRESHOLD,0,0,2
workflow-verification-20260916,5c1fd964cadeeb74d6e45aef16bd49af0b25c696ac3d2d2f216243c766006867,20260916,0.12.0,77,supply,orders,False,15,15,O3,5,BASE,POWER,9.0,2,REGION,THRESHOLD,0,0,2
workflow-verification-20260916,5c1fd964cadeeb74d6e45aef16bd49af0b25c696ac3d2d2f216243c766006867,20260916,0.12.0,77,supply,orders,False,15,15,O4,6,REGION,POWER,9.0,2,CENTER,THRESHOLD,0,0,2
workflow-verification-20260916,5c1fd964cadeeb74d6e45aef16bd49af0b25c696ac3d2d2f216243c766006867,20260916,0.12.0,77,supply,orders,False,15,15,O5,9,BASE,POWER,9.8,2,REGION,THRESHOLD,0,0,2
workflow-verification-20260916,5c1fd964cadeeb74d6e45aef16bd49af0b25c696ac3d2d2f216243c766006867,20260916,0.12.0,77,supply,orders,False,15,15,O6,10,REGION,POWER,9.8,1,CENTER,THRESHOLD,0,0,1
workflow-verification-20260916,5c1fd964cadeeb74d6e45aef16bd49af0b25c696ac3d2d2f216243c766006867,20260916,0.12.0,77,supply,orders,False,15,15,O7,13,BASE,POWER,17.0,2,REGION,THRESHOLD,0,0,2
workflow-verification-20260916,5c1fd964cadeeb74d6e45aef16bd49af0b25c696ac3d2d2f216243c766006867,20260916,0.12.0,77,supply,orders,False,15,15,O8,14,REGION,POWER,17.0,2,CENTER,THRESHOLD,0,0,2
workflow-verification-20260916,5c1fd964cadeeb74d6e45aef16bd49af0b25c696ac3d2d2f216243c766006867,20260916,0.12.0,77,supply,orders,False,15,15,O9,16,BASE,POWER,17.799999999999997,1,REGION,THRESHOLD,0,0,1
workflow-verification-20260916,5c1fd964cadeeb74d6e45aef16bd49af0b25c696ac3d2d2f216243c766006867,20260916,0.12.0,77,supply,orders,False,15,15,O10,18,BASE,POWER,41.0,1,REGION,THRESHOLD,0,0,1
workflow-verification-20260916,5c1fd964cadeeb74d6e45aef16bd49af0b25c696ac3d2d2f216243c766006867,20260916,0.12.0,77,supply,orders,False,15,15,O11,19,REGION,POWER,41.0,1,CENTER,THRESHOLD,0,0,1
workflow-verification-20260916,5c1fd964cadeeb74d6e45aef16bd49af0b25c696ac3d2d2f216243c766006867,20260916,0.12.0,77,supply,orders,False,15,15,O12,21,BASE,POWER,57.0,1,REGION,THRESHOLD,0,0,1
workflow-verification-20260916,5c1fd964cadeeb74d6e45aef16bd49af0b25c696ac3d2d2f216243c766006867,20260916,0.12.0,77,supply,orders,False,15,15,O13,22,REGION,POWER,57.0,1,CENTER,THRESHOLD,0,0,1
workflow-verification-20260916,5c1fd964cadeeb74d6e45aef16bd49af0b25c696ac3d2d2f216243c766006867,20260916,0.12.0,77,supply,orders,False,15,15,O14,24,BASE,POWER,65.0,1,REGION,THRESHOLD,0,0,1
workflow-verification-20260916,5c1fd964cadeeb74d6e45aef16bd49af0b25c696ac3d2d2f216243c766006867,20260916,0.12.0,77,supply,orders,False,15,15,O15,25,REGION,POWER,65.0,1,CENTER,THRESHOLD,0,0,1
workflow-verification-20260916,5c1fd964cadeeb74d6e45aef16bd49af0b25c696ac3d2d2f216243c766006867,20260916,0.12.0,78,supply,orders,False,20,20,O1,1,BASE,POWER,0,2,REGION,THRESHOLD,0,0,2
workflow-verification-20260916,5c1fd964cadeeb74d6e45aef16bd49af0b25c696ac3d2d2f216243c766006867,20260916,0.12.0,78,supply,orders,False,20,20,O2,2,REGION,POWER,0,2,CENTER,THRESHOLD,0,0,2
workflow-verification-20260916,5c1fd964cadeeb74d6e45aef16bd49af0b25c696ac3d2d2f216243c766006867,20260916,0.12.0,78,supply,orders,False,20,20,O3,4,BASE,POWER,13.0,1,REGION,THRESHOLD,0,0,1
workflow-verification-20260916,5c1fd964cadeeb74d6e45aef16bd49af0b25c696ac3d2d2f216243c766006867,20260916,0.12.0,78,supply,orders,False,20,20,O4,5,REGION,POWER,13.0,1,CENTER,THRESHOLD,0,0,1
workflow-verification-20260916,5c1fd964cadeeb74d6e45aef16bd49af0b25c696ac3d2d2f216243c766006867,20260916,0.12.0,78,supply,orders,False,20,20,O5,7,BASE,POWER,17.0,1,REGION,THRESHOLD,0,0,1
workflow-verification-20260916,5c1fd964cadeeb74d6e45aef16bd49af0b25c696ac3d2d2f216243c766006867,20260916,0.12.0,78,supply,orders,False,20,20,O6,8,REGION,POWER,17.0,1,CENTER,THRESHOLD,0,0,1
workflow-verification-20260916,5c1fd964cadeeb74d6e45aef16bd49af0b25c696ac3d2d2f216243c766006867,20260916,0.12.0,78,supply,orders,False,20,20,O7,10,BASE,POWER,17.9,1,REGION,THRESHOLD,0,0,1
workflow-verification-20260916,5c1fd964cadeeb74d6e45aef16bd49af0b25c696ac3d2d2f216243c766006867,20260916,0.12.0,78,supply,orders,False,20,20,O8,11,REGION,POWER,17.9,1,CENTER,THRESHOLD,0,0,1
workflow-verification-20260916,5c1fd964cadeeb74d6e45aef16bd49af0b25c696ac3d2d2f216243c766006867,20260916,0.12.0,78,supply,orders,False,20,20,O9,13,BASE,POWER,33.0,1,REGION,THRESHOLD,0,0,1
workflow-verification-20260916,5c1fd964cadeeb74d6e45aef16bd49af0b25c696ac3d2d2f216243c766006867,20260916,0.12.0,78,supply,orders,False,20,20,O10,14,REGION,POWER,33.0,1,CENTER,THRESHOLD,0,0,1
workflow-verification-20260916,5c1fd964cadeeb74d6e45aef16bd49af0b25c696ac3d2d2f216243c766006867,20260916,0.12.0,78,supply,orders,False,20,20,O11,16,BASE,POWER,42.099999999999994,1,REGION,THRESHOLD,0,0,1
workflow-verification-20260916,5c1fd964cadeeb74d6e45aef16bd49af0b25c696ac3d2d2f216243c766006867,20260916,0.12.0,78,supply,orders,False,20,20,O12,17,REGION,POWER,42.099999999999994,1,CENTER,THRESHOLD,0,0,1
workflow-verification-20260916,5c1fd964cadeeb74d6e45aef16bd49af0b25c696ac3d2d2f216243c766006867,20260916,0.12.0,78,supply,orders,False,20,20,O13,19,BASE,POWER,57.0,1,REGION,THRESHOLD,0,0,1
workflow-verification-20260916,5c1fd964cadeeb74d6e45aef16bd49af0b25c696ac3d2d2f216243c766006867,20260916,0.12.0,78,supply,orders,False,20,20,O14,20,REGION,POWER,57.0,1,CENTER,THRESHOLD,0,0,1
workflow-verification-20260916,5c1fd964cadeeb74d6e45aef16bd49af0b25c696ac3d2d2f216243c766006867,20260916,0.12.0,78,supply,orders,False,20,20,O15,22,BASE,POWER,61.199999999999996,1,REGION,THRESHOLD,0,0,1
workflow-verification-20260916,5c1fd964cadeeb74d6e45aef16bd49af0b25c696ac3d2d2f216243c766006867,20260916,0.12.0,78,supply,orders,False,20,20,O16,23,REGION,POWER,61.199999999999996,1,CENTER,THRESHOLD,0,0,1
workflow-verification-20260916,5c1fd964cadeeb74d6e45aef16bd49af0b25c696ac3d2d2f216243c766006867,20260916,0.12.0,78,supply,orders,False,20,20,O17,25,BASE,POWER,62.64999999999999,1,REGION,THRESHOLD,0,0,1
workflow-verification-20260916,5c1fd964cadeeb74d6e45aef16bd49af0b25c696ac3d2d2f216243c766006867,20260916,0.12.0,78,supply,orders,False,20,20,O18,26,REGION,POWER,62.64999999999999,1,CENTER,THRESHOLD,0,0,1
workflow-verification-20260916,5c1fd964cadeeb74d6e45aef16bd49af0b25c696ac3d2d2f216243c766006867,20260916,0.12.0,78,supply,orders,False,20,20,O19,28,BASE,POWER,65.15,1,REGION,THRESHOLD,0,0,1
workflow-verification-20260916,5c1fd964cadeeb74d6e45aef16bd49af0b25c696ac3d2d2f216243c766006867,20260916,0.12.0,78,supply,orders,False,20,20,O20,29,REGION,POWER,65.15,1,CENTER,THRESHOLD,0,0,1
workflow-verification-20260916,5c1fd964cadeeb74d6e45aef16bd49af0b25c696ac3d2d2f216243c766006867,20260916,0.12.0,79,supply,orders,False,14,14,O1,1,BASE,POWER,0,2,REGION,THRESHOLD,0,0,2
workflow-verification-20260916,5c1fd964cadeeb74d6e45aef16bd49af0b25c696ac3d2d2f216243c766006867,20260916,0.12.0,79,supply,orders,False,14,14,O2,2,REGION,POWER,0,2,CENTER,THRESHOLD,0,0,2
workflow-verification-20260916,5c1fd964cadeeb74d6e45aef16bd49af0b25c696ac3d2d2f216243c766006867,20260916,0.12.0,79,supply,orders,False,14,14,O3,4,BASE,POWER,17.0,1,REGION,THRESHOLD,0,0,1
workflow-verification-20260916,5c1fd964cadeeb74d6e45aef16bd49af0b25c696ac3d2d2f216243c766006867,20260916,0.12.0,79,supply,orders,False,14,14,O4,5,REGION,POWER,17.0,1,CENTER,THRESHOLD,0,0,1
workflow-verification-20260916,5c1fd964cadeeb74d6e45aef16bd49af0b25c696ac3d2d2f216243c766006867,20260916,0.12.0,79,supply,orders,False,14,14,O5,8,BASE,POWER,33.0,2,REGION,THRESHOLD,0,0,2
workflow-verification-20260916,5c1fd964cadeeb74d6e45aef16bd49af0b25c696ac3d2d2f216243c766006867,20260916,0.12.0,79,supply,orders,False,14,14,O6,9,REGION,POWER,33.0,2,CENTER,THRESHOLD,0,0,2
workflow-verification-20260916,5c1fd964cadeeb74d6e45aef16bd49af0b25c696ac3d2d2f216243c766006867,20260916,0.12.0,79,supply,orders,False,14,14,O7,11,BASE,POWER,37.14999999999999,1,REGION,THRESHOLD,0,0,1
workflow-verification-20260916,5c1fd964cadeeb74d6e45aef16bd49af0b25c696ac3d2d2f216243c766006867,20260916,0.12.0,79,supply,orders,False,14,14,O8,12,REGION,POWER,37.14999999999999,1,CENTER,THRESHOLD,0,0,1
workflow-verification-20260916,5c1fd964cadeeb74d6e45aef16bd49af0b25c696ac3d2d2f216243c766006867,20260916,0.12.0,79,supply,orders,False,14,14,O9,14,BASE,POWER,37.94999999999999,1,REGION,THRESHOLD,0,0,1
workflow-verification-20260916,5c1fd964cadeeb74d6e45aef16bd49af0b25c696ac3d2d2f216243c766006867,20260916,0.12.0,79,supply,orders,False,14,14,O10,15,REGION,POWER,37.94999999999999,1,CENTER,THRESHOLD,0,0,1
workflow-verification-20260916,5c1fd964cadeeb74d6e45aef16bd49af0b25c696ac3d2d2f216243c766006867,20260916,0.12.0,79,supply,orders,False,14,14,O11,17,BASE,POWER,65.35000000000001,1,REGION,THRESHOLD,0,0,1
workflow-verification-20260916,5c1fd964cadeeb74d6e45aef16bd49af0b25c696ac3d2d2f216243c766006867,20260916,0.12.0,79,supply,orders,False,14,14,O12,18,REGION,POWER,65.35000000000001,1,CENTER,THRESHOLD,0,0,1
workflow-verification-20260916,5c1fd964cadeeb74d6e45aef16bd49af0b25c696ac3d2d2f216243c766006867,20260916,0.12.0,79,supply,orders,False,14,14,O13,20,BASE,POWER,68.10000000000004,1,REGION,THRESHOLD,0,0,1
workflow-verification-20260916,5c1fd964cadeeb74d6e45aef16bd49af0b25c696ac3d2d2f216243c766006867,20260916,0.12.0,79,supply,orders,False,14,14,O14,21,REGION,POWER,68.10000000000004,1,CENTER,THRESHOLD,0,0,1
workflow-verification-20260916,5c1fd964cadeeb74d6e45aef16bd49af0b25c696ac3d2d2f216243c766006867,20260916,0.12.0,80,supply,orders,False,18,18,O1,1,BASE,POWER,0,2,REGION,THRESHOLD,0,0,2
workflow-verification-20260916,5c1fd964cadeeb74d6e45aef16bd49af0b25c696ac3d2d2f216243c766006867,20260916,0.12.0,80,supply,orders,False,18,18,O2,2,REGION,POWER,0,2,CENTER,THRESHOLD,0,0,2
workflow-verification-20260916,5c1fd964cadeeb74d6e45aef16bd49af0b25c696ac3d2d2f216243c766006867,20260916,0.12.0,80,supply,orders,False,18,18,O3,4,BASE,POWER,10.900000000000002,1,REGION,THRESHOLD,0,0,1
workflow-verification-20260916,5c1fd964cadeeb74d6e45aef16bd49af0b25c696ac3d2d2f216243c766006867,20260916,0.12.0,80,supply,orders,False,18,18,O4,5,REGION,POWER,10.900000000000002,1,CENTER,THRESHOLD,0,0,1
workflow-verification-20260916,5c1fd964cadeeb74d6e45aef16bd49af0b25c696ac3d2d2f216243c766006867,20260916,0.12.0,80,supply,orders,False,18,18,O5,7,BASE,POWER,13.0,1,REGION,THRESHOLD,0,0,1
workflow-verification-20260916,5c1fd964cadeeb74d6e45aef16bd49af0b25c696ac3d2d2f216243c766006867,20260916,0.12.0,80,supply,orders,False,18,18,O6,8,REGION,POWER,13.0,1,CENTER,THRESHOLD,0,0,1
workflow-verification-20260916,5c1fd964cadeeb74d6e45aef16bd49af0b25c696ac3d2d2f216243c766006867,20260916,0.12.0,80,supply,orders,False,18,18,O7,10,BASE,POWER,17.0,1,REGION,THRESHOLD,0,0,1
workflow-verification-20260916,5c1fd964cadeeb74d6e45aef16bd49af0b25c696ac3d2d2f216243c766006867,20260916,0.12.0,80,supply,orders,False,18,18,O8,11,REGION,POWER,17.0,1,CENTER,THRESHOLD,0,0,1
workflow-verification-20260916,5c1fd964cadeeb74d6e45aef16bd49af0b25c696ac3d2d2f216243c766006867,20260916,0.12.0,80,supply,orders,False,18,18,O9,13,BASE,POWER,17.9,1,REGION,THRESHOLD,0,0,1
workflow-verification-20260916,5c1fd964cadeeb74d6e45aef16bd49af0b25c696ac3d2d2f216243c766006867,20260916,0.12.0,80,supply,orders,False,18,18,O10,14,REGION,POWER,17.9,1,CENTER,THRESHOLD,0,0,1
workflow-verification-20260916,5c1fd964cadeeb74d6e45aef16bd49af0b25c696ac3d2d2f216243c766006867,20260916,0.12.0,80,supply,orders,False,18,18,O11,16,BASE,POWER,41.0,1,REGION,THRESHOLD,0,0,1
workflow-verification-20260916,5c1fd964cadeeb74d6e45aef16bd49af0b25c696ac3d2d2f216243c766006867,20260916,0.12.0,80,supply,orders,False,18,18,O12,17,REGION,POWER,41.0,1,CENTER,THRESHOLD,0,0,1
workflow-verification-20260916,5c1fd964cadeeb74d6e45aef16bd49af0b25c696ac3d2d2f216243c766006867,20260916,0.12.0,80,supply,orders,False,18,18,O13,19,BASE,POWER,41.9,1,REGION,THRESHOLD,0,0,1
workflow-verification-20260916,5c1fd964cadeeb74d6e45aef16bd49af0b25c696ac3d2d2f216243c766006867,20260916,0.12.0,80,supply,orders,False,18,18,O14,20,REGION,POWER,41.9,1,CENTER,THRESHOLD,0,0,1
workflow-verification-20260916,5c1fd964cadeeb74d6e45aef16bd49af0b25c696ac3d2d2f216243c766006867,20260916,0.12.0,80,supply,orders,False,18,18,O15,22,BASE,POWER,42.64999999999999,1,REGION,THRESHOLD,0,0,1
workflow-verification-20260916,5c1fd964cadeeb74d6e45aef16bd49af0b25c696ac3d2d2f216243c766006867,20260916,0.12.0,80,supply,orders,False,18,18,O16,23,REGION,POWER,42.64999999999999,1,CENTER,THRESHOLD,0,0,1
workflow-verification-20260916,5c1fd964cadeeb74d6e45aef16bd49af0b25c696ac3d2d2f216243c766006867,20260916,0.12.0,80,supply,orders,False,18,18,O17,25,BASE,POWER,57.0,1,REGION,THRESHOLD,0,0,1
workflow-verification-20260916,5c1fd964cadeeb74d6e45aef16bd49af0b25c696ac3d2d2f216243c766006867,20260916,0.12.0,80,supply,orders,False,18,18,O18,26,REGION,POWER,57.0,1,CENTER,THRESHOLD,0,0,1
workflow-verification-20260916,5c1fd964cadeeb74d6e45aef16bd49af0b25c696ac3d2d2f216243c766006867,20260916,0.12.0,81,supply,orders,False,12,12,O1,1,BASE,POWER,0,2,REGION,THRESHOLD,0,0,2
workflow-verification-20260916,5c1fd964cadeeb74d6e45aef16bd49af0b25c696ac3d2d2f216243c766006867,20260916,0.12.0,81,supply,orders,False,12,12,O2,2,REGION,POWER,0,2,CENTER,THRESHOLD,0,0,2
workflow-verification-20260916,5c1fd964cadeeb74d6e45aef16bd49af0b25c696ac3d2d2f216243c766006867,20260916,0.12.0,81,supply,orders,False,12,12,O3,4,BASE,POWER,9.0,1,REGION,THRESHOLD,0,0,1
workflow-verification-20260916,5c1fd964cadeeb74d6e45aef16bd49af0b25c696ac3d2d2f216243c766006867,20260916,0.12.0,81,supply,orders,False,12,12,O4,5,REGION,POWER,9.0,1,CENTER,THRESHOLD,0,0,1
workflow-verification-20260916,5c1fd964cadeeb74d6e45aef16bd49af0b25c696ac3d2d2f216243c766006867,20260916,0.12.0,81,supply,orders,False,12,12,O5,7,BASE,POWER,37.25,1,REGION,THRESHOLD,0,0,1
workflow-verification-20260916,5c1fd964cadeeb74d6e45aef16bd49af0b25c696ac3d2d2f216243c766006867,20260916,0.12.0,81,supply,orders,False,12,12,O6,8,REGION,POWER,37.25,1,CENTER,THRESHOLD,0,0,1
workflow-verification-20260916,5c1fd964cadeeb74d6e45aef16bd49af0b25c696ac3d2d2f216243c766006867,20260916,0.12.0,81,supply,orders,False,12,12,O7,10,BASE,POWER,41.0,1,REGION,THRESHOLD,0,0,1
workflow-verification-20260916,5c1fd964cadeeb74d6e45aef16bd49af0b25c696ac3d2d2f216243c766006867,20260916,0.12.0,81,supply,orders,False,12,12,O8,11,REGION,POWER,41.0,1,CENTER,THRESHOLD,0,0,1
workflow-verification-20260916,5c1fd964cadeeb74d6e45aef16bd49af0b25c696ac3d2d2f216243c766006867,20260916,0.12.0,81,supply,orders,False,12,12,O9,13,BASE,POWER,62.349999999999994,1,REGION,THRESHOLD,0,0,1
workflow-verification-20260916,5c1fd964cadeeb74d6e45aef16bd49af0b25c696ac3d2d2f216243c766006867,20260916,0.12.0,81,supply,orders,False,12,12,O10,14,REGION,POWER,62.349999999999994,1,CENTER,THRESHOLD,0,0,1
workflow-verification-20260916,5c1fd964cadeeb74d6e45aef16bd49af0b25c696ac3d2d2f216243c766006867,20260916,0.12.0,81,supply,orders,False,12,12,O11,16,BASE,POWER,65.1,1,REGION,THRESHOLD,0,0,1
workflow-verification-20260916,5c1fd964cadeeb74d6e45aef16bd49af0b25c696ac3d2d2f216243c766006867,20260916,0.12.0,81,supply,orders,False,12,12,O12,17,REGION,POWER,65.1,1,CENTER,THRESHOLD,0,0,1
workflow-verification-20260916,5c1fd964cadeeb74d6e45aef16bd49af0b25c696ac3d2d2f216243c766006867,20260916,0.12.0,82,supply,orders,False,18,18,O1,1,BASE,POWER,0,2,REGION,THRESHOLD,0,0,2
workflow-verification-20260916,5c1fd964cadeeb74d6e45aef16bd49af0b25c696ac3d2d2f216243c766006867,20260916,0.12.0,82,supply,orders,False,18,18,O2,2,REGION,POWER,0,2,CENTER,THRESHOLD,0,0,2
workflow-verification-20260916,5c1fd964cadeeb74d6e45aef16bd49af0b25c696ac3d2d2f216243c766006867,20260916,0.12.0,82,supply,orders,False,18,18,O3,4,BASE,POWER,10.650000000000002,1,REGION,THRESHOLD,0,0,1
workflow-verification-20260916,5c1fd964cadeeb74d6e45aef16bd49af0b25c696ac3d2d2f216243c766006867,20260916,0.12.0,82,supply,orders,False,18,18,O4,5,REGION,POWER,10.650000000000002,1,CENTER,THRESHOLD,0,0,1
workflow-verification-20260916,5c1fd964cadeeb74d6e45aef16bd49af0b25c696ac3d2d2f216243c766006867,20260916,0.12.0,82,supply,orders,False,18,18,O5,7,BASE,POWER,11.350000000000003,1,REGION,THRESHOLD,0,0,1
workflow-verification-20260916,5c1fd964cadeeb74d6e45aef16bd49af0b25c696ac3d2d2f216243c766006867,20260916,0.12.0,82,supply,orders,False,18,18,O6,8,REGION,POWER,11.350000000000003,1,CENTER,THRESHOLD,0,0,1
workflow-verification-20260916,5c1fd964cadeeb74d6e45aef16bd49af0b25c696ac3d2d2f216243c766006867,20260916,0.12.0,82,supply,orders,False,18,18,O7,10,BASE,POWER,13.0,1,REGION,THRESHOLD,0,0,1
workflow-verification-20260916,5c1fd964cadeeb74d6e45aef16bd49af0b25c696ac3d2d2f216243c766006867,20260916,0.12.0,82,supply,orders,False,18,18,O8,11,REGION,POWER,13.0,1,CENTER,THRESHOLD,0,0,1
workflow-verification-20260916,5c1fd964cadeeb74d6e45aef16bd49af0b25c696ac3d2d2f216243c766006867,20260916,0.12.0,82,supply,orders,False,18,18,O9,13,BASE,POWER,37.14999999999999,1,REGION,THRESHOLD,0,0,1
workflow-verification-20260916,5c1fd964cadeeb74d6e45aef16bd49af0b25c696ac3d2d2f216243c766006867,20260916,0.12.0,82,supply,orders,False,18,18,O10,14,REGION,POWER,37.14999999999999,1,CENTER,THRESHOLD,0,0,1
workflow-verification-20260916,5c1fd964cadeeb74d6e45aef16bd49af0b25c696ac3d2d2f216243c766006867,20260916,0.12.0,82,supply,orders,False,18,18,O11,16,BASE,POWER,41.29999999999998,1,REGION,THRESHOLD,0,0,1
workflow-verification-20260916,5c1fd964cadeeb74d6e45aef16bd49af0b25c696ac3d2d2f216243c766006867,20260916,0.12.0,82,supply,orders,False,18,18,O12,17,REGION,POWER,41.29999999999998,1,CENTER,THRESHOLD,0,0,1
workflow-verification-20260916,5c1fd964cadeeb74d6e45aef16bd49af0b25c696ac3d2d2f216243c766006867,20260916,0.12.0,82,supply,orders,False,18,18,O13,19,BASE,POWER,57.0,1,REGION,THRESHOLD,0,0,1
workflow-verification-20260916,5c1fd964cadeeb74d6e45aef16bd49af0b25c696ac3d2d2f216243c766006867,20260916,0.12.0,82,supply,orders,False,18,18,O14,20,REGION,POWER,57.0,1,CENTER,THRESHOLD,0,0,1
workflow-verification-20260916,5c1fd964cadeeb74d6e45aef16bd49af0b25c696ac3d2d2f216243c766006867,20260916,0.12.0,82,supply,orders,False,18,18,O15,22,BASE,POWER,61.1,1,REGION,THRESHOLD,0,0,1
workflow-verification-20260916,5c1fd964cadeeb74d6e45aef16bd49af0b25c696ac3d2d2f216243c766006867,20260916,0.12.0,82,supply,orders,False,18,18,O16,23,REGION,POWER,61.1,1,CENTER,THRESHOLD,0,0,1
workflow-verification-20260916,5c1fd964cadeeb74d6e45aef16bd49af0b25c696ac3d2d2f216243c766006867,20260916,0.12.0,82,supply,orders,False,18,18,O17,25,BASE,POWER,65.14999999999999,1,REGION,THRESHOLD,0,0,1
workflow-verification-20260916,5c1fd964cadeeb74d6e45aef16bd49af0b25c696ac3d2d2f216243c766006867,20260916,0.12.0,82,supply,orders,False,18,18,O18,26,REGION,POWER,65.14999999999999,1,CENTER,THRESHOLD,0,0,1
workflow-verification-20260916,5c1fd964cadeeb74d6e45aef16bd49af0b25c696ac3d2d2f216243c766006867,20260916,0.12.0,83,supply,orders,False,10,10,O1,1,BASE,POWER,0,2,REGION,THRESHOLD,0,0,2
workflow-verification-20260916,5c1fd964cadeeb74d6e45aef16bd49af0b25c696ac3d2d2f216243c766006867,20260916,0.12.0,83,supply,orders,False,10,10,O2,2,REGION,POWER,0,2,CENTER,THRESHOLD,0,0,2
workflow-verification-20260916,5c1fd964cadeeb74d6e45aef16bd49af0b25c696ac3d2d2f216243c766006867,20260916,0.12.0,83,supply,orders,False,10,10,O3,4,BASE,POWER,13.0,1,REGION,THRESHOLD,0,0,1
workflow-verification-20260916,5c1fd964cadeeb74d6e45aef16bd49af0b25c696ac3d2d2f216243c766006867,20260916,0.12.0,83,supply,orders,False,10,10,O4,5,REGION,POWER,13.0,1,CENTER,THRESHOLD,0,0,1
workflow-verification-20260916,5c1fd964cadeeb74d6e45aef16bd49af0b25c696ac3d2d2f216243c766006867,20260916,0.12.0,83,supply,orders,False,10,10,O5,7,BASE,POWER,17.0,1,REGION,THRESHOLD,0,0,1
workflow-verification-20260916,5c1fd964cadeeb74d6e45aef16bd49af0b25c696ac3d2d2f216243c766006867,20260916,0.12.0,83,supply,orders,False,10,10,O6,8,REGION,POWER,17.0,1,CENTER,THRESHOLD,0,0,1
workflow-verification-20260916,5c1fd964cadeeb74d6e45aef16bd49af0b25c696ac3d2d2f216243c766006867,20260916,0.12.0,83,supply,orders,False,10,10,O7,10,BASE,POWER,17.9,1,REGION,THRESHOLD,0,0,1
workflow-verification-20260916,5c1fd964cadeeb74d6e45aef16bd49af0b25c696ac3d2d2f216243c766006867,20260916,0.12.0,83,supply,orders,False,10,10,O8,11,REGION,POWER,17.9,1,CENTER,THRESHOLD,0,0,1
workflow-verification-20260916,5c1fd964cadeeb74d6e45aef16bd49af0b25c696ac3d2d2f216243c766006867,20260916,0.12.0,83,supply,orders,False,10,10,O9,13,BASE,POWER,57.0,1,REGION,THRESHOLD,0,0,1
workflow-verification-20260916,5c1fd964cadeeb74d6e45aef16bd49af0b25c696ac3d2d2f216243c766006867,20260916,0.12.0,83,supply,orders,False,10,10,O10,14,REGION,POWER,57.0,1,CENTER,THRESHOLD,0,0,1
workflow-verification-20260916,5c1fd964cadeeb74d6e45aef16bd49af0b25c696ac3d2d2f216243c766006867,20260916,0.12.0,84,supply,orders,False,20,20,O1,1,BASE,POWER,0,2,REGION,THRESHOLD,0,0,2
workflow-verification-20260916,5c1fd964cadeeb74d6e45aef16bd49af0b25c696ac3d2d2f216243c766006867,20260916,0.12.0,84,supply,orders,False,20,20,O2,2,REGION,POWER,0,2,CENTER,THRESHOLD,0,0,2
workflow-verification-20260916,5c1fd964cadeeb74d6e45aef16bd49af0b25c696ac3d2d2f216243c766006867,20260916,0.12.0,84,supply,orders,False,20,20,O3,5,BASE,POWER,9.0,2,REGION,THRESHOLD,0,0,2
workflow-verification-20260916,5c1fd964cadeeb74d6e45aef16bd49af0b25c696ac3d2d2f216243c766006867,20260916,0.12.0,84,supply,orders,False,20,20,O4,6,REGION,POWER,9.0,2,CENTER,THRESHOLD,0,0,2
workflow-verification-20260916,5c1fd964cadeeb74d6e45aef16bd49af0b25c696ac3d2d2f216243c766006867,20260916,0.12.0,84,supply,orders,False,20,20,O5,8,BASE,POWER,13.0,1,REGION,THRESHOLD,0,0,1
workflow-verification-20260916,5c1fd964cadeeb74d6e45aef16bd49af0b25c696ac3d2d2f216243c766006867,20260916,0.12.0,84,supply,orders,False,20,20,O6,9,REGION,POWER,13.0,1,CENTER,THRESHOLD,0,0,1
workflow-verification-20260916,5c1fd964cadeeb74d6e45aef16bd49af0b25c696ac3d2d2f216243c766006867,20260916,0.12.0,84,supply,orders,False,20,20,O7,11,BASE,POWER,13.9,1,REGION,THRESHOLD,0,0,1
workflow-verification-20260916,5c1fd964cadeeb74d6e45aef16bd49af0b25c696ac3d2d2f216243c766006867,20260916,0.12.0,84,supply,orders,False,20,20,O8,12,REGION,POWER,13.9,1,CENTER,THRESHOLD,0,0,1
workflow-verification-20260916,5c1fd964cadeeb74d6e45aef16bd49af0b25c696ac3d2d2f216243c766006867,20260916,0.12.0,84,supply,orders,False,20,20,O9,14,BASE,POWER,17.0,1,REGION,THRESHOLD,0,0,1
workflow-verification-20260916,5c1fd964cadeeb74d6e45aef16bd49af0b25c696ac3d2d2f216243c766006867,20260916,0.12.0,84,supply,orders,False,20,20,O10,15,REGION,POWER,17.0,1,CENTER,THRESHOLD,0,0,1
workflow-verification-20260916,5c1fd964cadeeb74d6e45aef16bd49af0b25c696ac3d2d2f216243c766006867,20260916,0.12.0,84,supply,orders,False,20,20,O11,17,BASE,POWER,33.0,1,REGION,THRESHOLD,0,0,1
workflow-verification-20260916,5c1fd964cadeeb74d6e45aef16bd49af0b25c696ac3d2d2f216243c766006867,20260916,0.12.0,84,supply,orders,False,20,20,O12,18,REGION,POWER,33.0,1,CENTER,THRESHOLD,0,0,1
workflow-verification-20260916,5c1fd964cadeeb74d6e45aef16bd49af0b25c696ac3d2d2f216243c766006867,20260916,0.12.0,84,supply,orders,False,20,20,O13,20,BASE,POWER,41.0,1,REGION,THRESHOLD,0,0,1
workflow-verification-20260916,5c1fd964cadeeb74d6e45aef16bd49af0b25c696ac3d2d2f216243c766006867,20260916,0.12.0,84,supply,orders,False,20,20,O14,21,REGION,POWER,41.0,1,CENTER,THRESHOLD,0,0,1
workflow-verification-20260916,5c1fd964cadeeb74d6e45aef16bd49af0b25c696ac3d2d2f216243c766006867,20260916,0.12.0,84,supply,orders,False,20,20,O15,23,BASE,POWER,58.349999999999994,1,REGION,THRESHOLD,0,0,1
workflow-verification-20260916,5c1fd964cadeeb74d6e45aef16bd49af0b25c696ac3d2d2f216243c766006867,20260916,0.12.0,84,supply,orders,False,20,20,O16,24,REGION,POWER,58.349999999999994,1,CENTER,THRESHOLD,0,0,1
workflow-verification-20260916,5c1fd964cadeeb74d6e45aef16bd49af0b25c696ac3d2d2f216243c766006867,20260916,0.12.0,84,supply,orders,False,20,20,O17,26,BASE,POWER,61.0,1,REGION,THRESHOLD,0,0,1
workflow-verification-20260916,5c1fd964cadeeb74d6e45aef16bd49af0b25c696ac3d2d2f216243c766006867,20260916,0.12.0,84,supply,orders,False,20,20,O18,27,REGION,POWER,61.0,1,CENTER,THRESHOLD,0,0,1
workflow-verification-20260916,5c1fd964cadeeb74d6e45aef16bd49af0b25c696ac3d2d2f216243c766006867,20260916,0.12.0,84,supply,orders,False,20,20,O19,29,BASE,POWER,66.6,1,REGION,THRESHOLD,0,0,1
workflow-verification-20260916,5c1fd964cadeeb74d6e45aef16bd49af0b25c696ac3d2d2f216243c766006867,20260916,0.12.0,84,supply,orders,False,20,20,O20,30,REGION,POWER,66.6,1,CENTER,THRESHOLD,0,0,1
workflow-verification-20260916,5c1fd964cadeeb74d6e45aef16bd49af0b25c696ac3d2d2f216243c766006867,20260916,0.12.0,85,supply,orders,False,14,14,O1,1,BASE,POWER,0,2,REGION,THRESHOLD,0,0,2
workflow-verification-20260916,5c1fd964cadeeb74d6e45aef16bd49af0b25c696ac3d2d2f216243c766006867,20260916,0.12.0,85,supply,orders,False,14,14,O2,2,REGION,POWER,0,2,CENTER,THRESHOLD,0,0,2
workflow-verification-20260916,5c1fd964cadeeb74d6e45aef16bd49af0b25c696ac3d2d2f216243c766006867,20260916,0.12.0,85,supply,orders,False,14,14,O3,4,BASE,POWER,9.0,1,REGION,THRESHOLD,0,0,1
workflow-verification-20260916,5c1fd964cadeeb74d6e45aef16bd49af0b25c696ac3d2d2f216243c766006867,20260916,0.12.0,85,supply,orders,False,14,14,O4,5,REGION,POWER,9.0,1,CENTER,THRESHOLD,0,0,1
workflow-verification-20260916,5c1fd964cadeeb74d6e45aef16bd49af0b25c696ac3d2d2f216243c766006867,20260916,0.12.0,85,supply,orders,False,14,14,O5,8,BASE,POWER,17.0,2,REGION,THRESHOLD,0,0,2
workflow-verification-20260916,5c1fd964cadeeb74d6e45aef16bd49af0b25c696ac3d2d2f216243c766006867,20260916,0.12.0,85,supply,orders,False,14,14,O6,9,REGION,POWER,17.0,2,CENTER,THRESHOLD,0,0,2
workflow-verification-20260916,5c1fd964cadeeb74d6e45aef16bd49af0b25c696ac3d2d2f216243c766006867,20260916,0.12.0,85,supply,orders,False,14,14,O7,11,BASE,POWER,41.0,1,REGION,THRESHOLD,0,0,1
workflow-verification-20260916,5c1fd964cadeeb74d6e45aef16bd49af0b25c696ac3d2d2f216243c766006867,20260916,0.12.0,85,supply,orders,False,14,14,O8,12,REGION,POWER,41.0,1,CENTER,THRESHOLD,0,0,1
workflow-verification-20260916,5c1fd964cadeeb74d6e45aef16bd49af0b25c696ac3d2d2f216243c766006867,20260916,0.12.0,85,supply,orders,False,14,14,O9,14,BASE,POWER,41.9,1,REGION,THRESHOLD,0,0,1
workflow-verification-20260916,5c1fd964cadeeb74d6e45aef16bd49af0b25c696ac3d2d2f216243c766006867,20260916,0.12.0,85,supply,orders,False,14,14,O10,15,REGION,POWER,41.9,1,CENTER,THRESHOLD,0,0,1
workflow-verification-20260916,5c1fd964cadeeb74d6e45aef16bd49af0b25c696ac3d2d2f216243c766006867,20260916,0.12.0,85,supply,orders,False,14,14,O11,17,BASE,POWER,62.64999999999999,1,REGION,THRESHOLD,0,0,1
workflow-verification-20260916,5c1fd964cadeeb74d6e45aef16bd49af0b25c696ac3d2d2f216243c766006867,20260916,0.12.0,85,supply,orders,False,14,14,O12,18,REGION,POWER,62.64999999999999,1,CENTER,THRESHOLD,0,0,1
workflow-verification-20260916,5c1fd964cadeeb74d6e45aef16bd49af0b25c696ac3d2d2f216243c766006867,20260916,0.12.0,85,supply,orders,False,14,14,O13,20,BASE,POWER,65.0,1,REGION,THRESHOLD,0,0,1
workflow-verification-20260916,5c1fd964cadeeb74d6e45aef16bd49af0b25c696ac3d2d2f216243c766006867,20260916,0.12.0,85,supply,orders,False,14,14,O14,21,REGION,POWER,65.0,1,CENTER,THRESHOLD,0,0,1
workflow-verification-20260916,5c1fd964cadeeb74d6e45aef16bd49af0b25c696ac3d2d2f216243c766006867,20260916,0.12.0,86,supply,orders,False,24,24,O1,1,BASE,POWER,0,2,REGION,THRESHOLD,0,0,2
workflow-verification-20260916,5c1fd964cadeeb74d6e45aef16bd49af0b25c696ac3d2d2f216243c766006867,20260916,0.12.0,86,supply,orders,False,24,24,O2,2,REGION,POWER,0,2,CENTER,THRESHOLD,0,0,2
workflow-verification-20260916,5c1fd964cadeeb74d6e45aef16bd49af0b25c696ac3d2d2f216243c766006867,20260916,0.12.0,86,supply,orders,False,24,24,O3,4,BASE,POWER,9.0,1,REGION,THRESHOLD,0,0,1
workflow-verification-20260916,5c1fd964cadeeb74d6e45aef16bd49af0b25c696ac3d2d2f216243c766006867,20260916,0.12.0,86,supply,orders,False,24,24,O4,5,REGION,POWER,9.0,1,CENTER,THRESHOLD,0,0,1
workflow-verification-20260916,5c1fd964cadeeb74d6e45aef16bd49af0b25c696ac3d2d2f216243c766006867,20260916,0.12.0,86,supply,orders,False,24,24,O5,7,BASE,POWER,10.8,1,REGION,THRESHOLD,0,0,1
workflow-verification-20260916,5c1fd964cadeeb74d6e45aef16bd49af0b25c696ac3d2d2f216243c766006867,20260916,0.12.0,86,supply,orders,False,24,24,O6,8,REGION,POWER,10.8,1,CENTER,THRESHOLD,0,0,1
workflow-verification-20260916,5c1fd964cadeeb74d6e45aef16bd49af0b25c696ac3d2d2f216243c766006867,20260916,0.12.0,86,supply,orders,False,24,24,O7,10,BASE,POWER,13.0,1,REGION,THRESHOLD,0,0,1
workflow-verification-20260916,5c1fd964cadeeb74d6e45aef16bd49af0b25c696ac3d2d2f216243c766006867,20260916,0.12.0,86,supply,orders,False,24,24,O8,11,REGION,POWER,13.0,1,CENTER,THRESHOLD,0,0,1
workflow-verification-20260916,5c1fd964cadeeb74d6e45aef16bd49af0b25c696ac3d2d2f216243c766006867,20260916,0.12.0,86,supply,orders,False,24,24,O9,13,BASE,POWER,18.299999999999997,1,REGION,THRESHOLD,0,0,1
workflow-verification-20260916,5c1fd964cadeeb74d6e45aef16bd49af0b25c696ac3d2d2f216243c766006867,20260916,0.12.0,86,supply,orders,False,24,24,O10,14,REGION,POWER,18.299999999999997,1,CENTER,THRESHOLD,0,0,1
workflow-verification-20260916,5c1fd964cadeeb74d6e45aef16bd49af0b25c696ac3d2d2f216243c766006867,20260916,0.12.0,86,supply,orders,False,24,24,O11,16,BASE,POWER,19.199999999999996,1,REGION,THRESHOLD,0,0,1
workflow-verification-20260916,5c1fd964cadeeb74d6e45aef16bd49af0b25c696ac3d2d2f216243c766006867,20260916,0.12.0,86,supply,orders,False,24,24,O12,17,REGION,POWER,19.199999999999996,1,CENTER,THRESHOLD,0,0,1
workflow-verification-20260916,5c1fd964cadeeb74d6e45aef16bd49af0b25c696ac3d2d2f216243c766006867,20260916,0.12.0,86,supply,orders,False,24,24,O13,19,BASE,POWER,33.0,1,REGION,THRESHOLD,0,0,1
workflow-verification-20260916,5c1fd964cadeeb74d6e45aef16bd49af0b25c696ac3d2d2f216243c766006867,20260916,0.12.0,86,supply,orders,False,24,24,O14,20,REGION,POWER,33.0,1,CENTER,THRESHOLD,0,0,1
workflow-verification-20260916,5c1fd964cadeeb74d6e45aef16bd49af0b25c696ac3d2d2f216243c766006867,20260916,0.12.0,86,supply,orders,False,24,24,O15,22,BASE,POWER,34.15,1,REGION,THRESHOLD,0,0,1
workflow-verification-20260916,5c1fd964cadeeb74d6e45aef16bd49af0b25c696ac3d2d2f216243c766006867,20260916,0.12.0,86,supply,orders,False,24,24,O16,23,REGION,POWER,34.15,1,CENTER,THRESHOLD,0,0,1
workflow-verification-20260916,5c1fd964cadeeb74d6e45aef16bd49af0b25c696ac3d2d2f216243c766006867,20260916,0.12.0,86,supply,orders,False,24,24,O17,25,BASE,POWER,38.59999999999998,1,REGION,THRESHOLD,0,0,1
workflow-verification-20260916,5c1fd964cadeeb74d6e45aef16bd49af0b25c696ac3d2d2f216243c766006867,20260916,0.12.0,86,supply,orders,False,24,24,O18,26,REGION,POWER,38.59999999999998,1,CENTER,THRESHOLD,0,0,1
workflow-verification-20260916,5c1fd964cadeeb74d6e45aef16bd49af0b25c696ac3d2d2f216243c766006867,20260916,0.12.0,86,supply,orders,False,24,24,O19,28,BASE,POWER,41.0,1,REGION,THRESHOLD,0,0,1
workflow-verification-20260916,5c1fd964cadeeb74d6e45aef16bd49af0b25c696ac3d2d2f216243c766006867,20260916,0.12.0,86,supply,orders,False,24,24,O20,29,REGION,POWER,41.0,1,CENTER,THRESHOLD,0,0,1
workflow-verification-20260916,5c1fd964cadeeb74d6e45aef16bd49af0b25c696ac3d2d2f216243c766006867,20260916,0.12.0,86,supply,orders,False,24,24,O21,31,BASE,POWER,41.9,1,REGION,THRESHOLD,0,0,1
workflow-verification-20260916,5c1fd964cadeeb74d6e45aef16bd49af0b25c696ac3d2d2f216243c766006867,20260916,0.12.0,86,supply,orders,False,24,24,O22,32,REGION,POWER,41.9,1,CENTER,THRESHOLD,0,0,1
workflow-verification-20260916,5c1fd964cadeeb74d6e45aef16bd49af0b25c696ac3d2d2f216243c766006867,20260916,0.12.0,86,supply,orders,False,24,24,O23,34,BASE,POWER,57.0,1,REGION,THRESHOLD,0,0,1
workflow-verification-20260916,5c1fd964cadeeb74d6e45aef16bd49af0b25c696ac3d2d2f216243c766006867,20260916,0.12.0,86,supply,orders,False,24,24,O24,35,REGION,POWER,57.0,1,CENTER,THRESHOLD,0,0,1
workflow-verification-20260916,5c1fd964cadeeb74d6e45aef16bd49af0b25c696ac3d2d2f216243c766006867,20260916,0.12.0,87,supply,orders,False,20,20,O1,1,BASE,POWER,0,2,REGION,THRESHOLD,0,0,2
workflow-verification-20260916,5c1fd964cadeeb74d6e45aef16bd49af0b25c696ac3d2d2f216243c766006867,20260916,0.12.0,87,supply,orders,False,20,20,O2,2,REGION,POWER,0,2,CENTER,THRESHOLD,0,0,2
workflow-verification-20260916,5c1fd964cadeeb74d6e45aef16bd49af0b25c696ac3d2d2f216243c766006867,20260916,0.12.0,87,supply,orders,False,20,20,O3,4,BASE,POWER,13.0,1,REGION,THRESHOLD,0,0,1
workflow-verification-20260916,5c1fd964cadeeb74d6e45aef16bd49af0b25c696ac3d2d2f216243c766006867,20260916,0.12.0,87,supply,orders,False,20,20,O4,5,REGION,POWER,13.0,1,CENTER,THRESHOLD,0,0,1
workflow-verification-20260916,5c1fd964cadeeb74d6e45aef16bd49af0b25c696ac3d2d2f216243c766006867,20260916,0.12.0,87,supply,orders,False,20,20,O5,7,BASE,POWER,17.0,1,REGION,THRESHOLD,0,0,1
workflow-verification-20260916,5c1fd964cadeeb74d6e45aef16bd49af0b25c696ac3d2d2f216243c766006867,20260916,0.12.0,87,supply,orders,False,20,20,O6,8,REGION,POWER,17.0,1,CENTER,THRESHOLD,0,0,1
workflow-verification-20260916,5c1fd964cadeeb74d6e45aef16bd49af0b25c696ac3d2d2f216243c766006867,20260916,0.12.0,87,supply,orders,False,20,20,O7,11,BASE,POWER,33.0,2,REGION,THRESHOLD,0,0,2
workflow-verification-20260916,5c1fd964cadeeb74d6e45aef16bd49af0b25c696ac3d2d2f216243c766006867,20260916,0.12.0,87,supply,orders,False,20,20,O8,12,REGION,POWER,33.0,2,CENTER,THRESHOLD,0,0,2
workflow-verification-20260916,5c1fd964cadeeb74d6e45aef16bd49af0b25c696ac3d2d2f216243c766006867,20260916,0.12.0,87,supply,orders,False,20,20,O9,15,BASE,POWER,33.8,2,REGION,THRESHOLD,0,0,2
workflow-verification-20260916,5c1fd964cadeeb74d6e45aef16bd49af0b25c696ac3d2d2f216243c766006867,20260916,0.12.0,87,supply,orders,False,20,20,O10,16,REGION,POWER,33.8,1,CENTER,THRESHOLD,0,0,1
workflow-verification-20260916,5c1fd964cadeeb74d6e45aef16bd49af0b25c696ac3d2d2f216243c766006867,20260916,0.12.0,87,supply,orders,False,20,20,O11,18,BASE,POWER,37.0,1,REGION,THRESHOLD,0,0,1
workflow-verification-20260916,5c1fd964cadeeb74d6e45aef16bd49af0b25c696ac3d2d2f216243c766006867,20260916,0.12.0,87,supply,orders,False,20,20,O12,19,REGION,POWER,37.0,1,CENTER,THRESHOLD,0,0,1
workflow-verification-20260916,5c1fd964cadeeb74d6e45aef16bd49af0b25c696ac3d2d2f216243c766006867,20260916,0.12.0,87,supply,orders,False,20,20,O13,21,BASE,POWER,41.0,1,REGION,THRESHOLD,0,0,1
workflow-verification-20260916,5c1fd964cadeeb74d6e45aef16bd49af0b25c696ac3d2d2f216243c766006867,20260916,0.12.0,87,supply,orders,False,20,20,O14,22,REGION,POWER,41.0,1,CENTER,THRESHOLD,0,0,1
workflow-verification-20260916,5c1fd964cadeeb74d6e45aef16bd49af0b25c696ac3d2d2f216243c766006867,20260916,0.12.0,87,supply,orders,False,20,20,O15,24,BASE,POWER,57.0,1,REGION,THRESHOLD,0,0,1
workflow-verification-20260916,5c1fd964cadeeb74d6e45aef16bd49af0b25c696ac3d2d2f216243c766006867,20260916,0.12.0,87,supply,orders,False,20,20,O16,25,REGION,POWER,57.0,1,CENTER,THRESHOLD,0,0,1
workflow-verification-20260916,5c1fd964cadeeb74d6e45aef16bd49af0b25c696ac3d2d2f216243c766006867,20260916,0.12.0,87,supply,orders,False,20,20,O17,27,BASE,POWER,61.2,1,REGION,THRESHOLD,0,0,1
workflow-verification-20260916,5c1fd964cadeeb74d6e45aef16bd49af0b25c696ac3d2d2f216243c766006867,20260916,0.12.0,87,supply,orders,False,20,20,O18,28,REGION,POWER,61.2,1,CENTER,THRESHOLD,0,0,1
workflow-verification-20260916,5c1fd964cadeeb74d6e45aef16bd49af0b25c696ac3d2d2f216243c766006867,20260916,0.12.0,87,supply,orders,False,20,20,O19,30,BASE,POWER,65.10000000000001,1,REGION,THRESHOLD,0,0,1
workflow-verification-20260916,5c1fd964cadeeb74d6e45aef16bd49af0b25c696ac3d2d2f216243c766006867,20260916,0.12.0,87,supply,orders,False,20,20,O20,31,REGION,POWER,65.10000000000001,1,CENTER,THRESHOLD,0,0,1
workflow-verification-20260916,5c1fd964cadeeb74d6e45aef16bd49af0b25c696ac3d2d2f216243c766006867,20260916,0.12.0,88,supply,orders,False,26,26,O1,1,BASE,POWER,0,2,REGION,THRESHOLD,0,0,2
workflow-verification-20260916,5c1fd964cadeeb74d6e45aef16bd49af0b25c696ac3d2d2f216243c766006867,20260916,0.12.0,88,supply,orders,False,26,26,O2,2,REGION,POWER,0,2,CENTER,THRESHOLD,0,0,2
workflow-verification-20260916,5c1fd964cadeeb74d6e45aef16bd49af0b25c696ac3d2d2f216243c766006867,20260916,0.12.0,88,supply,orders,False,26,26,O3,4,BASE,POWER,13.0,1,REGION,THRESHOLD,0,0,1
workflow-verification-20260916,5c1fd964cadeeb74d6e45aef16bd49af0b25c696ac3d2d2f216243c766006867,20260916,0.12.0,88,supply,orders,False,26,26,O4,5,REGION,POWER,13.0,1,CENTER,THRESHOLD,0,0,1
workflow-verification-20260916,5c1fd964cadeeb74d6e45aef16bd49af0b25c696ac3d2d2f216243c766006867,20260916,0.12.0,88,supply,orders,False,26,26,O5,7,BASE,POWER,17.0,1,REGION,THRESHOLD,0,0,1
workflow-verification-20260916,5c1fd964cadeeb74d6e45aef16bd49af0b25c696ac3d2d2f216243c766006867,20260916,0.12.0,88,supply,orders,False,26,26,O6,8,REGION,POWER,17.0,1,CENTER,THRESHOLD,0,0,1
workflow-verification-20260916,5c1fd964cadeeb74d6e45aef16bd49af0b25c696ac3d2d2f216243c766006867,20260916,0.12.0,88,supply,orders,False,26,26,O7,10,BASE,POWER,18.15,1,REGION,THRESHOLD,0,0,1
workflow-verification-20260916,5c1fd964cadeeb74d6e45aef16bd49af0b25c696ac3d2d2f216243c766006867,20260916,0.12.0,88,supply,orders,False,26,26,O8,11,REGION,POWER,18.15,1,CENTER,THRESHOLD,0,0,1
workflow-verification-20260916,5c1fd964cadeeb74d6e45aef16bd49af0b25c696ac3d2d2f216243c766006867,20260916,0.12.0,88,supply,orders,False,26,26,O9,14,BASE,POWER,33.0,2,REGION,THRESHOLD,0,0,2
workflow-verification-20260916,5c1fd964cadeeb74d6e45aef16bd49af0b25c696ac3d2d2f216243c766006867,20260916,0.12.0,88,supply,orders,False,26,26,O10,15,REGION,POWER,33.0,2,CENTER,THRESHOLD,0,0,2
workflow-verification-20260916,5c1fd964cadeeb74d6e45aef16bd49af0b25c696ac3d2d2f216243c766006867,20260916,0.12.0,88,supply,orders,False,26,26,O11,17,BASE,POWER,37.14999999999999,1,REGION,THRESHOLD,0,0,1
workflow-verification-20260916,5c1fd964cadeeb74d6e45aef16bd49af0b25c696ac3d2d2f216243c766006867,20260916,0.12.0,88,supply,orders,False,26,26,O12,18,REGION,POWER,37.14999999999999,1,CENTER,THRESHOLD,0,0,1
workflow-verification-20260916,5c1fd964cadeeb74d6e45aef16bd49af0b25c696ac3d2d2f216243c766006867,20260916,0.12.0,88,supply,orders,False,26,26,O13,20,BASE,POWER,41.0,1,REGION,THRESHOLD,0,0,1
workflow-verification-20260916,5c1fd964cadeeb74d6e45aef16bd49af0b25c696ac3d2d2f216243c766006867,20260916,0.12.0,88,supply,orders,False,26,26,O14,21,REGION,POWER,41.0,1,CENTER,THRESHOLD,0,0,1
workflow-verification-20260916,5c1fd964cadeeb74d6e45aef16bd49af0b25c696ac3d2d2f216243c766006867,20260916,0.12.0,88,supply,orders,False,26,26,O15,24,BASE,POWER,57.0,2,REGION,THRESHOLD,0,0,2
workflow-verification-20260916,5c1fd964cadeeb74d6e45aef16bd49af0b25c696ac3d2d2f216243c766006867,20260916,0.12.0,88,supply,orders,False,26,26,O16,25,REGION,POWER,57.0,2,CENTER,THRESHOLD,0,0,2
workflow-verification-20260916,5c1fd964cadeeb74d6e45aef16bd49af0b25c696ac3d2d2f216243c766006867,20260916,0.12.0,88,supply,orders,False,26,26,O17,27,BASE,POWER,61.149999999999984,1,REGION,THRESHOLD,0,0,1
workflow-verification-20260916,5c1fd964cadeeb74d6e45aef16bd49af0b25c696ac3d2d2f216243c766006867,20260916,0.12.0,88,supply,orders,False,26,26,O18,28,REGION,POWER,61.149999999999984,1,CENTER,THRESHOLD,0,0,1
workflow-verification-20260916,5c1fd964cadeeb74d6e45aef16bd49af0b25c696ac3d2d2f216243c766006867,20260916,0.12.0,88,supply,orders,False,26,26,O19,30,BASE,POWER,61.94999999999998,1,REGION,THRESHOLD,0,0,1
workflow-verification-20260916,5c1fd964cadeeb74d6e45aef16bd49af0b25c696ac3d2d2f216243c766006867,20260916,0.12.0,88,supply,orders,False,26,26,O20,31,REGION,POWER,61.94999999999998,1,CENTER,THRESHOLD,0,0,1
workflow-verification-20260916,5c1fd964cadeeb74d6e45aef16bd49af0b25c696ac3d2d2f216243c766006867,20260916,0.12.0,88,supply,orders,False,26,26,O21,33,BASE,POWER,62.74999999999998,1,REGION,THRESHOLD,0,0,1
workflow-verification-20260916,5c1fd964cadeeb74d6e45aef16bd49af0b25c696ac3d2d2f216243c766006867,20260916,0.12.0,88,supply,orders,False,26,26,O22,34,REGION,POWER,62.74999999999998,1,CENTER,THRESHOLD,0,0,1
workflow-verification-20260916,5c1fd964cadeeb74d6e45aef16bd49af0b25c696ac3d2d2f216243c766006867,20260916,0.12.0,88,supply,orders,False,26,26,O23,36,BASE,POWER,65.0,1,REGION,THRESHOLD,0,0,1
workflow-verification-20260916,5c1fd964cadeeb74d6e45aef16bd49af0b25c696ac3d2d2f216243c766006867,20260916,0.12.0,88,supply,orders,False,26,26,O24,37,REGION,POWER,65.0,1,CENTER,THRESHOLD,0,0,1
workflow-verification-20260916,5c1fd964cadeeb74d6e45aef16bd49af0b25c696ac3d2d2f216243c766006867,20260916,0.12.0,88,supply,orders,False,26,26,O25,39,BASE,POWER,66.80000000000001,1,REGION,THRESHOLD,0,0,1
workflow-verification-20260916,5c1fd964cadeeb74d6e45aef16bd49af0b25c696ac3d2d2f216243c766006867,20260916,0.12.0,88,supply,orders,False,26,26,O26,40,REGION,POWER,66.80000000000001,1,CENTER,THRESHOLD,0,0,1
workflow-verification-20260916,5c1fd964cadeeb74d6e45aef16bd49af0b25c696ac3d2d2f216243c766006867,20260916,0.12.0,89,supply,orders,False,20,20,O1,1,BASE,POWER,0,2,REGION,THRESHOLD,0,0,2
workflow-verification-20260916,5c1fd964cadeeb74d6e45aef16bd49af0b25c696ac3d2d2f216243c766006867,20260916,0.12.0,89,supply,orders,False,20,20,O2,2,REGION,POWER,0,2,CENTER,THRESHOLD,0,0,2
workflow-verification-20260916,5c1fd964cadeeb74d6e45aef16bd49af0b25c696ac3d2d2f216243c766006867,20260916,0.12.0,89,supply,orders,False,20,20,O3,4,BASE,POWER,9.0,1,REGION,THRESHOLD,0,0,1
workflow-verification-20260916,5c1fd964cadeeb74d6e45aef16bd49af0b25c696ac3d2d2f216243c766006867,20260916,0.12.0,89,supply,orders,False,20,20,O4,5,REGION,POWER,9.0,1,CENTER,THRESHOLD,0,0,1
workflow-verification-20260916,5c1fd964cadeeb74d6e45aef16bd49af0b25c696ac3d2d2f216243c766006867,20260916,0.12.0,89,supply,orders,False,20,20,O5,7,BASE,POWER,17.0,1,REGION,THRESHOLD,0,0,1
workflow-verification-20260916,5c1fd964cadeeb74d6e45aef16bd49af0b25c696ac3d2d2f216243c766006867,20260916,0.12.0,89,supply,orders,False,20,20,O6,8,REGION,POWER,17.0,1,CENTER,THRESHOLD,0,0,1
workflow-verification-20260916,5c1fd964cadeeb74d6e45aef16bd49af0b25c696ac3d2d2f216243c766006867,20260916,0.12.0,89,supply,orders,False,20,20,O7,10,BASE,POWER,19.449999999999996,1,REGION,THRESHOLD,0,0,1
workflow-verification-20260916,5c1fd964cadeeb74d6e45aef16bd49af0b25c696ac3d2d2f216243c766006867,20260916,0.12.0,89,supply,orders,False,20,20,O8,11,REGION,POWER,19.449999999999996,1,CENTER,THRESHOLD,0,0,1
workflow-verification-20260916,5c1fd964cadeeb74d6e45aef16bd49af0b25c696ac3d2d2f216243c766006867,20260916,0.12.0,89,supply,orders,False,20,20,O9,13,BASE,POWER,33.0,1,REGION,THRESHOLD,0,0,1
workflow-verification-20260916,5c1fd964cadeeb74d6e45aef16bd49af0b25c696ac3d2d2f216243c766006867,20260916,0.12.0,89,supply,orders,False,20,20,O10,14,REGION,POWER,33.0,1,CENTER,THRESHOLD,0,0,1
workflow-verification-20260916,5c1fd964cadeeb74d6e45aef16bd49af0b25c696ac3d2d2f216243c766006867,20260916,0.12.0,89,supply,orders,False,20,20,O11,16,BASE,POWER,37.44999999999999,1,REGION,THRESHOLD,0,0,1
workflow-verification-20260916,5c1fd964cadeeb74d6e45aef16bd49af0b25c696ac3d2d2f216243c766006867,20260916,0.12.0,89,supply,orders,False,20,20,O12,17,REGION,POWER,37.44999999999999,1,CENTER,THRESHOLD,0,0,1
workflow-verification-20260916,5c1fd964cadeeb74d6e45aef16bd49af0b25c696ac3d2d2f216243c766006867,20260916,0.12.0,89,supply,orders,False,20,20,O13,19,BASE,POWER,37.49999999999999,1,REGION,THRESHOLD,0,0,1
workflow-verification-20260916,5c1fd964cadeeb74d6e45aef16bd49af0b25c696ac3d2d2f216243c766006867,20260916,0.12.0,89,supply,orders,False,20,20,O14,20,REGION,POWER,37.49999999999999,1,CENTER,THRESHOLD,0,0,1
workflow-verification-20260916,5c1fd964cadeeb74d6e45aef16bd49af0b25c696ac3d2d2f216243c766006867,20260916,0.12.0,89,supply,orders,False,20,20,O15,22,BASE,POWER,38.999999999999986,1,REGION,THRESHOLD,0,0,1
workflow-verification-20260916,5c1fd964cadeeb74d6e45aef16bd49af0b25c696ac3d2d2f216243c766006867,20260916,0.12.0,89,supply,orders,False,20,20,O16,23,REGION,POWER,38.999999999999986,1,CENTER,THRESHOLD,0,0,1
workflow-verification-20260916,5c1fd964cadeeb74d6e45aef16bd49af0b25c696ac3d2d2f216243c766006867,20260916,0.12.0,89,supply,orders,False,20,20,O17,25,BASE,POWER,62.3,1,REGION,THRESHOLD,0,0,1
workflow-verification-20260916,5c1fd964cadeeb74d6e45aef16bd49af0b25c696ac3d2d2f216243c766006867,20260916,0.12.0,89,supply,orders,False,20,20,O18,26,REGION,POWER,62.3,1,CENTER,THRESHOLD,0,0,1
workflow-verification-20260916,5c1fd964cadeeb74d6e45aef16bd49af0b25c696ac3d2d2f216243c766006867,20260916,0.12.0,89,supply,orders,False,20,20,O19,28,BASE,POWER,65.5,1,REGION,THRESHOLD,0,0,1
workflow-verification-20260916,5c1fd964cadeeb74d6e45aef16bd49af0b25c696ac3d2d2f216243c766006867,20260916,0.12.0,89,supply,orders,False,20,20,O20,29,REGION,POWER,65.5,1,CENTER,THRESHOLD,0,0,1
workflow-verification-20260916,5c1fd964cadeeb74d6e45aef16bd49af0b25c696ac3d2d2f216243c766006867,20260916,0.12.0,90,supply,orders,False,23,23,O1,1,BASE,POWER,0,2,REGION,THRESHOLD,0,0,2
workflow-verification-20260916,5c1fd964cadeeb74d6e45aef16bd49af0b25c696ac3d2d2f216243c766006867,20260916,0.12.0,90,supply,orders,False,23,23,O2,2,REGION,POWER,0,2,CENTER,THRESHOLD,0,0,2
workflow-verification-20260916,5c1fd964cadeeb74d6e45aef16bd49af0b25c696ac3d2d2f216243c766006867,20260916,0.12.0,90,supply,orders,False,23,23,O3,4,BASE,POWER,9.0,1,REGION,THRESHOLD,0,0,1
workflow-verification-20260916,5c1fd964cadeeb74d6e45aef16bd49af0b25c696ac3d2d2f216243c766006867,20260916,0.12.0,90,supply,orders,False,23,23,O4,5,REGION,POWER,9.0,1,CENTER,THRESHOLD,0,0,1
workflow-verification-20260916,5c1fd964cadeeb74d6e45aef16bd49af0b25c696ac3d2d2f216243c766006867,20260916,0.12.0,90,supply,orders,False,23,23,O5,8,BASE,POWER,13.0,2,REGION,THRESHOLD,0,0,2
workflow-verification-20260916,5c1fd964cadeeb74d6e45aef16bd49af0b25c696ac3d2d2f216243c766006867,20260916,0.12.0,90,supply,orders,False,23,23,O6,9,REGION,POWER,13.0,2,CENTER,THRESHOLD,0,0,2
workflow-verification-20260916,5c1fd964cadeeb74d6e45aef16bd49af0b25c696ac3d2d2f216243c766006867,20260916,0.12.0,90,supply,orders,False,23,23,O7,12,BASE,POWER,13.8,2,REGION,THRESHOLD,0,0,2
workflow-verification-20260916,5c1fd964cadeeb74d6e45aef16bd49af0b25c696ac3d2d2f216243c766006867,20260916,0.12.0,90,supply,orders,False,23,23,O8,13,REGION,POWER,13.8,1,CENTER,THRESHOLD,0,0,1
workflow-verification-20260916,5c1fd964cadeeb74d6e45aef16bd49af0b25c696ac3d2d2f216243c766006867,20260916,0.12.0,90,supply,orders,False,23,23,O9,15,BASE,POWER,17.0,1,REGION,THRESHOLD,0,0,1
workflow-verification-20260916,5c1fd964cadeeb74d6e45aef16bd49af0b25c696ac3d2d2f216243c766006867,20260916,0.12.0,90,supply,orders,False,23,23,O10,16,REGION,POWER,17.0,1,CENTER,THRESHOLD,0,0,1
workflow-verification-20260916,5c1fd964cadeeb74d6e45aef16bd49af0b25c696ac3d2d2f216243c766006867,20260916,0.12.0,90,supply,orders,False,23,23,O11,19,BASE,POWER,33.0,2,REGION,THRESHOLD,0,0,2
workflow-verification-20260916,5c1fd964cadeeb74d6e45aef16bd49af0b25c696ac3d2d2f216243c766006867,20260916,0.12.0,90,supply,orders,False,23,23,O12,20,REGION,POWER,33.0,2,CENTER,THRESHOLD,0,0,2
workflow-verification-20260916,5c1fd964cadeeb74d6e45aef16bd49af0b25c696ac3d2d2f216243c766006867,20260916,0.12.0,90,supply,orders,False,23,23,O13,22,BASE,POWER,37.0,1,REGION,THRESHOLD,0,0,1
workflow-verification-20260916,5c1fd964cadeeb74d6e45aef16bd49af0b25c696ac3d2d2f216243c766006867,20260916,0.12.0,90,supply,orders,False,23,23,O14,23,REGION,POWER,37.0,1,CENTER,THRESHOLD,0,0,1
workflow-verification-20260916,5c1fd964cadeeb74d6e45aef16bd49af0b25c696ac3d2d2f216243c766006867,20260916,0.12.0,90,supply,orders,False,23,23,O15,25,BASE,POWER,41.0,1,REGION,THRESHOLD,0,0,1
workflow-verification-20260916,5c1fd964cadeeb74d6e45aef16bd49af0b25c696ac3d2d2f216243c766006867,20260916,0.12.0,90,supply,orders,False,23,23,O16,26,REGION,POWER,41.0,1,CENTER,THRESHOLD,0,0,1
workflow-verification-20260916,5c1fd964cadeeb74d6e45aef16bd49af0b25c696ac3d2d2f216243c766006867,20260916,0.12.0,90,supply,orders,False,23,23,O17,28,BASE,POWER,57.0,1,REGION,THRESHOLD,0,0,1
workflow-verification-20260916,5c1fd964cadeeb74d6e45aef16bd49af0b25c696ac3d2d2f216243c766006867,20260916,0.12.0,90,supply,orders,False,23,23,O18,29,REGION,POWER,57.0,1,CENTER,THRESHOLD,0,0,1
workflow-verification-20260916,5c1fd964cadeeb74d6e45aef16bd49af0b25c696ac3d2d2f216243c766006867,20260916,0.12.0,90,supply,orders,False,23,23,O19,31,BASE,POWER,57.9,1,REGION,THRESHOLD,0,0,1
workflow-verification-20260916,5c1fd964cadeeb74d6e45aef16bd49af0b25c696ac3d2d2f216243c766006867,20260916,0.12.0,90,supply,orders,False,23,23,O20,32,REGION,POWER,57.9,1,CENTER,THRESHOLD,0,0,1
workflow-verification-20260916,5c1fd964cadeeb74d6e45aef16bd49af0b25c696ac3d2d2f216243c766006867,20260916,0.12.0,90,supply,orders,False,23,23,O21,35,BASE,POWER,61.0,2,REGION,THRESHOLD,0,0,2
workflow-verification-20260916,5c1fd964cadeeb74d6e45aef16bd49af0b25c696ac3d2d2f216243c766006867,20260916,0.12.0,90,supply,orders,False,23,23,O22,36,REGION,POWER,61.0,2,CENTER,THRESHOLD,0,0,2
workflow-verification-20260916,5c1fd964cadeeb74d6e45aef16bd49af0b25c696ac3d2d2f216243c766006867,20260916,0.12.0,90,supply,orders,False,23,23,O23,38,BASE,POWER,61.8,1,REGION,THRESHOLD,0,0,1
workflow-verification-20260916,5c1fd964cadeeb74d6e45aef16bd49af0b25c696ac3d2d2f216243c766006867,20260916,0.12.0,91,supply,orders,False,12,12,O1,1,BASE,POWER,0,2,REGION,THRESHOLD,0,0,2
workflow-verification-20260916,5c1fd964cadeeb74d6e45aef16bd49af0b25c696ac3d2d2f216243c766006867,20260916,0.12.0,91,supply,orders,False,12,12,O2,2,REGION,POWER,0,2,CENTER,THRESHOLD,0,0,2
workflow-verification-20260916,5c1fd964cadeeb74d6e45aef16bd49af0b25c696ac3d2d2f216243c766006867,20260916,0.12.0,91,supply,orders,False,12,12,O3,4,BASE,POWER,9.0,1,REGION,THRESHOLD,0,0,1
workflow-verification-20260916,5c1fd964cadeeb74d6e45aef16bd49af0b25c696ac3d2d2f216243c766006867,20260916,0.12.0,91,supply,orders,False,12,12,O4,5,REGION,POWER,9.0,1,CENTER,THRESHOLD,0,0,1
workflow-verification-20260916,5c1fd964cadeeb74d6e45aef16bd49af0b25c696ac3d2d2f216243c766006867,20260916,0.12.0,91,supply,orders,False,12,12,O5,7,BASE,POWER,34.349999999999994,1,REGION,THRESHOLD,0,0,1
workflow-verification-20260916,5c1fd964cadeeb74d6e45aef16bd49af0b25c696ac3d2d2f216243c766006867,20260916,0.12.0,91,supply,orders,False,12,12,O6,8,REGION,POWER,34.349999999999994,1,CENTER,THRESHOLD,0,0,1
workflow-verification-20260916,5c1fd964cadeeb74d6e45aef16bd49af0b25c696ac3d2d2f216243c766006867,20260916,0.12.0,91,supply,orders,False,12,12,O7,10,BASE,POWER,37.349999999999994,1,REGION,THRESHOLD,0,0,1
workflow-verification-20260916,5c1fd964cadeeb74d6e45aef16bd49af0b25c696ac3d2d2f216243c766006867,20260916,0.12.0,91,supply,orders,False,12,12,O8,11,REGION,POWER,37.349999999999994,1,CENTER,THRESHOLD,0,0,1
workflow-verification-20260916,5c1fd964cadeeb74d6e45aef16bd49af0b25c696ac3d2d2f216243c766006867,20260916,0.12.0,91,supply,orders,False,12,12,O9,13,BASE,POWER,41.0,1,REGION,THRESHOLD,0,0,1
workflow-verification-20260916,5c1fd964cadeeb74d6e45aef16bd49af0b25c696ac3d2d2f216243c766006867,20260916,0.12.0,91,supply,orders,False,12,12,O10,14,REGION,POWER,41.0,1,CENTER,THRESHOLD,0,0,1
workflow-verification-20260916,5c1fd964cadeeb74d6e45aef16bd49af0b25c696ac3d2d2f216243c766006867,20260916,0.12.0,91,supply,orders,False,12,12,O11,16,BASE,POWER,57.0,1,REGION,THRESHOLD,0,0,1
workflow-verification-20260916,5c1fd964cadeeb74d6e45aef16bd49af0b25c696ac3d2d2f216243c766006867,20260916,0.12.0,91,supply,orders,False,12,12,O12,17,REGION,POWER,57.0,1,CENTER,THRESHOLD,0,0,1
workflow-verification-20260916,5c1fd964cadeeb74d6e45aef16bd49af0b25c696ac3d2d2f216243c766006867,20260916,0.12.0,92,supply,orders,False,12,12,O1,1,BASE,POWER,0,2,REGION,THRESHOLD,0,0,2
workflow-verification-20260916,5c1fd964cadeeb74d6e45aef16bd49af0b25c696ac3d2d2f216243c766006867,20260916,0.12.0,92,supply,orders,False,12,12,O2,2,REGION,POWER,0,2,CENTER,THRESHOLD,0,0,2
workflow-verification-20260916,5c1fd964cadeeb74d6e45aef16bd49af0b25c696ac3d2d2f216243c766006867,20260916,0.12.0,92,supply,orders,False,12,12,O3,4,BASE,POWER,9.0,1,REGION,THRESHOLD,0,0,1
workflow-verification-20260916,5c1fd964cadeeb74d6e45aef16bd49af0b25c696ac3d2d2f216243c766006867,20260916,0.12.0,92,supply,orders,False,12,12,O4,5,REGION,POWER,9.0,1,CENTER,THRESHOLD,0,0,1
workflow-verification-20260916,5c1fd964cadeeb74d6e45aef16bd49af0b25c696ac3d2d2f216243c766006867,20260916,0.12.0,92,supply,orders,False,12,12,O5,7,BASE,POWER,17.0,1,REGION,THRESHOLD,0,0,1
workflow-verification-20260916,5c1fd964cadeeb74d6e45aef16bd49af0b25c696ac3d2d2f216243c766006867,20260916,0.12.0,92,supply,orders,False,12,12,O6,8,REGION,POWER,17.0,1,CENTER,THRESHOLD,0,0,1
workflow-verification-20260916,5c1fd964cadeeb74d6e45aef16bd49af0b25c696ac3d2d2f216243c766006867,20260916,0.12.0,92,supply,orders,False,12,12,O7,10,BASE,POWER,17.9,1,REGION,THRESHOLD,0,0,1
workflow-verification-20260916,5c1fd964cadeeb74d6e45aef16bd49af0b25c696ac3d2d2f216243c766006867,20260916,0.12.0,92,supply,orders,False,12,12,O8,11,REGION,POWER,17.9,1,CENTER,THRESHOLD,0,0,1
workflow-verification-20260916,5c1fd964cadeeb74d6e45aef16bd49af0b25c696ac3d2d2f216243c766006867,20260916,0.12.0,92,supply,orders,False,12,12,O9,13,BASE,POWER,33.0,1,REGION,THRESHOLD,0,0,1
workflow-verification-20260916,5c1fd964cadeeb74d6e45aef16bd49af0b25c696ac3d2d2f216243c766006867,20260916,0.12.0,92,supply,orders,False,12,12,O10,14,REGION,POWER,33.0,1,CENTER,THRESHOLD,0,0,1
workflow-verification-20260916,5c1fd964cadeeb74d6e45aef16bd49af0b25c696ac3d2d2f216243c766006867,20260916,0.12.0,92,supply,orders,False,12,12,O11,17,BASE,POWER,57.0,2,REGION,THRESHOLD,0,0,2
workflow-verification-20260916,5c1fd964cadeeb74d6e45aef16bd49af0b25c696ac3d2d2f216243c766006867,20260916,0.12.0,92,supply,orders,False,12,12,O12,18,REGION,POWER,57.0,2,CENTER,THRESHOLD,0,0,2
workflow-verification-20260916,5c1fd964cadeeb74d6e45aef16bd49af0b25c696ac3d2d2f216243c766006867,20260916,0.12.0,93,supply,orders,False,22,22,O1,1,BASE,POWER,0,2,REGION,THRESHOLD,0,0,2
workflow-verification-20260916,5c1fd964cadeeb74d6e45aef16bd49af0b25c696ac3d2d2f216243c766006867,20260916,0.12.0,93,supply,orders,False,22,22,O2,2,REGION,POWER,0,2,CENTER,THRESHOLD,0,0,2
workflow-verification-20260916,5c1fd964cadeeb74d6e45aef16bd49af0b25c696ac3d2d2f216243c766006867,20260916,0.12.0,93,supply,orders,False,22,22,O3,5,BASE,POWER,9.0,2,REGION,THRESHOLD,0,0,2
workflow-verification-20260916,5c1fd964cadeeb74d6e45aef16bd49af0b25c696ac3d2d2f216243c766006867,20260916,0.12.0,93,supply,orders,False,22,22,O4,6,REGION,POWER,9.0,2,CENTER,THRESHOLD,0,0,2
workflow-verification-20260916,5c1fd964cadeeb74d6e45aef16bd49af0b25c696ac3d2d2f216243c766006867,20260916,0.12.0,93,supply,orders,False,22,22,O5,8,BASE,POWER,13.0,1,REGION,THRESHOLD,0,0,1
workflow-verification-20260916,5c1fd964cadeeb74d6e45aef16bd49af0b25c696ac3d2d2f216243c766006867,20260916,0.12.0,93,supply,orders,False,22,22,O6,9,REGION,POWER,13.0,1,CENTER,THRESHOLD,0,0,1
workflow-verification-20260916,5c1fd964cadeeb74d6e45aef16bd49af0b25c696ac3d2d2f216243c766006867,20260916,0.12.0,93,supply,orders,False,22,22,O7,11,BASE,POWER,17.0,1,REGION,THRESHOLD,0,0,1
workflow-verification-20260916,5c1fd964cadeeb74d6e45aef16bd49af0b25c696ac3d2d2f216243c766006867,20260916,0.12.0,93,supply,orders,False,22,22,O8,12,REGION,POWER,17.0,1,CENTER,THRESHOLD,0,0,1
workflow-verification-20260916,5c1fd964cadeeb74d6e45aef16bd49af0b25c696ac3d2d2f216243c766006867,20260916,0.12.0,93,supply,orders,False,22,22,O9,14,BASE,POWER,17.9,1,REGION,THRESHOLD,0,0,1
workflow-verification-20260916,5c1fd964cadeeb74d6e45aef16bd49af0b25c696ac3d2d2f216243c766006867,20260916,0.12.0,93,supply,orders,False,22,22,O10,15,REGION,POWER,17.9,1,CENTER,THRESHOLD,0,0,1
workflow-verification-20260916,5c1fd964cadeeb74d6e45aef16bd49af0b25c696ac3d2d2f216243c766006867,20260916,0.12.0,93,supply,orders,False,22,22,O11,17,BASE,POWER,33.0,1,REGION,THRESHOLD,0,0,1
workflow-verification-20260916,5c1fd964cadeeb74d6e45aef16bd49af0b25c696ac3d2d2f216243c766006867,20260916,0.12.0,93,supply,orders,False,22,22,O12,18,REGION,POWER,33.0,1,CENTER,THRESHOLD,0,0,1
workflow-verification-20260916,5c1fd964cadeeb74d6e45aef16bd49af0b25c696ac3d2d2f216243c766006867,20260916,0.12.0,93,supply,orders,False,22,22,O13,20,BASE,POWER,41.0,1,REGION,THRESHOLD,0,0,1
workflow-verification-20260916,5c1fd964cadeeb74d6e45aef16bd49af0b25c696ac3d2d2f216243c766006867,20260916,0.12.0,93,supply,orders,False,22,22,O14,21,REGION,POWER,41.0,1,CENTER,THRESHOLD,0,0,1
workflow-verification-20260916,5c1fd964cadeeb74d6e45aef16bd49af0b25c696ac3d2d2f216243c766006867,20260916,0.12.0,93,supply,orders,False,22,22,O15,23,BASE,POWER,57.0,1,REGION,THRESHOLD,0,0,1
workflow-verification-20260916,5c1fd964cadeeb74d6e45aef16bd49af0b25c696ac3d2d2f216243c766006867,20260916,0.12.0,93,supply,orders,False,22,22,O16,24,REGION,POWER,57.0,1,CENTER,THRESHOLD,0,0,1
workflow-verification-20260916,5c1fd964cadeeb74d6e45aef16bd49af0b25c696ac3d2d2f216243c766006867,20260916,0.12.0,93,supply,orders,False,22,22,O17,26,BASE,POWER,61.29999999999998,1,REGION,THRESHOLD,0,0,1
workflow-verification-20260916,5c1fd964cadeeb74d6e45aef16bd49af0b25c696ac3d2d2f216243c766006867,20260916,0.12.0,93,supply,orders,False,22,22,O18,27,REGION,POWER,61.29999999999998,1,CENTER,THRESHOLD,0,0,1
workflow-verification-20260916,5c1fd964cadeeb74d6e45aef16bd49af0b25c696ac3d2d2f216243c766006867,20260916,0.12.0,93,supply,orders,False,22,22,O19,29,BASE,POWER,65.30000000000001,1,REGION,THRESHOLD,0,0,1
workflow-verification-20260916,5c1fd964cadeeb74d6e45aef16bd49af0b25c696ac3d2d2f216243c766006867,20260916,0.12.0,93,supply,orders,False,22,22,O20,30,REGION,POWER,65.30000000000001,1,CENTER,THRESHOLD,0,0,1
workflow-verification-20260916,5c1fd964cadeeb74d6e45aef16bd49af0b25c696ac3d2d2f216243c766006867,20260916,0.12.0,93,supply,orders,False,22,22,O21,32,BASE,POWER,66.35,1,REGION,THRESHOLD,0,0,1
workflow-verification-20260916,5c1fd964cadeeb74d6e45aef16bd49af0b25c696ac3d2d2f216243c766006867,20260916,0.12.0,93,supply,orders,False,22,22,O22,33,REGION,POWER,66.35,1,CENTER,THRESHOLD,0,0,1
workflow-verification-20260916,5c1fd964cadeeb74d6e45aef16bd49af0b25c696ac3d2d2f216243c766006867,20260916,0.12.0,94,supply,orders,False,8,8,O1,1,BASE,POWER,0,2,REGION,THRESHOLD,0,0,2
workflow-verification-20260916,5c1fd964cadeeb74d6e45aef16bd49af0b25c696ac3d2d2f216243c766006867,20260916,0.12.0,94,supply,orders,False,8,8,O2,2,REGION,POWER,0,2,CENTER,THRESHOLD,0,0,2
workflow-verification-20260916,5c1fd964cadeeb74d6e45aef16bd49af0b25c696ac3d2d2f216243c766006867,20260916,0.12.0,94,supply,orders,False,8,8,O3,5,BASE,POWER,13.0,2,REGION,THRESHOLD,0,0,2
workflow-verification-20260916,5c1fd964cadeeb74d6e45aef16bd49af0b25c696ac3d2d2f216243c766006867,20260916,0.12.0,94,supply,orders,False,8,8,O4,6,REGION,POWER,13.0,2,CENTER,THRESHOLD,0,0,2
workflow-verification-20260916,5c1fd964cadeeb74d6e45aef16bd49af0b25c696ac3d2d2f216243c766006867,20260916,0.12.0,94,supply,orders,False,8,8,O5,8,BASE,POWER,33.0,1,REGION,THRESHOLD,0,0,1
workflow-verification-20260916,5c1fd964cadeeb74d6e45aef16bd49af0b25c696ac3d2d2f216243c766006867,20260916,0.12.0,94,supply,orders,False,8,8,O6,9,REGION,POWER,33.0,1,CENTER,THRESHOLD,0,0,1
workflow-verification-20260916,5c1fd964cadeeb74d6e45aef16bd49af0b25c696ac3d2d2f216243c766006867,20260916,0.12.0,94,supply,orders,False,8,8,O7,11,BASE,POWER,65.29999999999998,1,REGION,THRESHOLD,0,0,1
workflow-verification-20260916,5c1fd964cadeeb74d6e45aef16bd49af0b25c696ac3d2d2f216243c766006867,20260916,0.12.0,94,supply,orders,False,8,8,O8,12,REGION,POWER,65.29999999999998,1,CENTER,THRESHOLD,0,0,1
workflow-verification-20260916,5c1fd964cadeeb74d6e45aef16bd49af0b25c696ac3d2d2f216243c766006867,20260916,0.12.0,95,supply,orders,False,11,11,O1,1,BASE,POWER,0,2,REGION,THRESHOLD,0,0,2
workflow-verification-20260916,5c1fd964cadeeb74d6e45aef16bd49af0b25c696ac3d2d2f216243c766006867,20260916,0.12.0,95,supply,orders,False,11,11,O2,2,REGION,POWER,0,2,CENTER,THRESHOLD,0,0,2
workflow-verification-20260916,5c1fd964cadeeb74d6e45aef16bd49af0b25c696ac3d2d2f216243c766006867,20260916,0.12.0,95,supply,orders,False,11,11,O3,5,BASE,POWER,17.0,2,REGION,THRESHOLD,0,0,2
workflow-verification-20260916,5c1fd964cadeeb74d6e45aef16bd49af0b25c696ac3d2d2f216243c766006867,20260916,0.12.0,95,supply,orders,False,11,11,O4,6,REGION,POWER,17.0,2,CENTER,THRESHOLD,0,0,2
workflow-verification-20260916,5c1fd964cadeeb74d6e45aef16bd49af0b25c696ac3d2d2f216243c766006867,20260916,0.12.0,95,supply,orders,False,11,11,O5,8,BASE,POWER,17.799999999999997,1,REGION,THRESHOLD,0,0,1
workflow-verification-20260916,5c1fd964cadeeb74d6e45aef16bd49af0b25c696ac3d2d2f216243c766006867,20260916,0.12.0,95,supply,orders,False,11,11,O6,10,BASE,POWER,33.0,1,REGION,THRESHOLD,0,0,1
workflow-verification-20260916,5c1fd964cadeeb74d6e45aef16bd49af0b25c696ac3d2d2f216243c766006867,20260916,0.12.0,95,supply,orders,False,11,11,O7,11,REGION,POWER,33.0,1,CENTER,THRESHOLD,0,0,1
workflow-verification-20260916,5c1fd964cadeeb74d6e45aef16bd49af0b25c696ac3d2d2f216243c766006867,20260916,0.12.0,95,supply,orders,False,11,11,O8,13,BASE,POWER,57.0,1,REGION,THRESHOLD,0,0,1
workflow-verification-20260916,5c1fd964cadeeb74d6e45aef16bd49af0b25c696ac3d2d2f216243c766006867,20260916,0.12.0,95,supply,orders,False,11,11,O9,14,REGION,POWER,57.0,1,CENTER,THRESHOLD,0,0,1
workflow-verification-20260916,5c1fd964cadeeb74d6e45aef16bd49af0b25c696ac3d2d2f216243c766006867,20260916,0.12.0,95,supply,orders,False,11,11,O10,17,BASE,POWER,61.0,2,REGION,THRESHOLD,0,0,2
workflow-verification-20260916,5c1fd964cadeeb74d6e45aef16bd49af0b25c696ac3d2d2f216243c766006867,20260916,0.12.0,95,supply,orders,False,11,11,O11,18,REGION,POWER,61.0,2,CENTER,THRESHOLD,0,0,2
workflow-verification-20260916,5c1fd964cadeeb74d6e45aef16bd49af0b25c696ac3d2d2f216243c766006867,20260916,0.12.0,96,supply,orders,False,24,24,O1,1,BASE,POWER,0,2,REGION,THRESHOLD,0,0,2
workflow-verification-20260916,5c1fd964cadeeb74d6e45aef16bd49af0b25c696ac3d2d2f216243c766006867,20260916,0.12.0,96,supply,orders,False,24,24,O2,2,REGION,POWER,0,2,CENTER,THRESHOLD,0,0,2
workflow-verification-20260916,5c1fd964cadeeb74d6e45aef16bd49af0b25c696ac3d2d2f216243c766006867,20260916,0.12.0,96,supply,orders,False,24,24,O3,4,BASE,POWER,9.0,1,REGION,THRESHOLD,0,0,1
workflow-verification-20260916,5c1fd964cadeeb74d6e45aef16bd49af0b25c696ac3d2d2f216243c766006867,20260916,0.12.0,96,supply,orders,False,24,24,O4,5,REGION,POWER,9.0,1,CENTER,THRESHOLD,0,0,1
workflow-verification-20260916,5c1fd964cadeeb74d6e45aef16bd49af0b25c696ac3d2d2f216243c766006867,20260916,0.12.0,96,supply,orders,False,24,24,O5,7,BASE,POWER,13.0,1,REGION,THRESHOLD,0,0,1
workflow-verification-20260916,5c1fd964cadeeb74d6e45aef16bd49af0b25c696ac3d2d2f216243c766006867,20260916,0.12.0,96,supply,orders,False,24,24,O6,8,REGION,POWER,13.0,1,CENTER,THRESHOLD,0,0,1
workflow-verification-20260916,5c1fd964cadeeb74d6e45aef16bd49af0b25c696ac3d2d2f216243c766006867,20260916,0.12.0,96,supply,orders,False,24,24,O7,11,BASE,POWER,17.0,2,REGION,THRESHOLD,0,0,2
workflow-verification-20260916,5c1fd964cadeeb74d6e45aef16bd49af0b25c696ac3d2d2f216243c766006867,20260916,0.12.0,96,supply,orders,False,24,24,O8,12,REGION,POWER,17.0,2,CENTER,THRESHOLD,0,0,2
workflow-verification-20260916,5c1fd964cadeeb74d6e45aef16bd49af0b25c696ac3d2d2f216243c766006867,20260916,0.12.0,96,supply,orders,False,24,24,O9,14,BASE,POWER,33.0,1,REGION,THRESHOLD,0,0,1
workflow-verification-20260916,5c1fd964cadeeb74d6e45aef16bd49af0b25c696ac3d2d2f216243c766006867,20260916,0.12.0,96,supply,orders,False,24,24,O10,15,REGION,POWER,33.0,1,CENTER,THRESHOLD,0,0,1
workflow-verification-20260916,5c1fd964cadeeb74d6e45aef16bd49af0b25c696ac3d2d2f216243c766006867,20260916,0.12.0,96,supply,orders,False,24,24,O11,17,BASE,POWER,33.9,1,REGION,THRESHOLD,0,0,1
workflow-verification-20260916,5c1fd964cadeeb74d6e45aef16bd49af0b25c696ac3d2d2f216243c766006867,20260916,0.12.0,96,supply,orders,False,24,24,O12,18,REGION,POWER,33.9,1,CENTER,THRESHOLD,0,0,1
workflow-verification-20260916,5c1fd964cadeeb74d6e45aef16bd49af0b25c696ac3d2d2f216243c766006867,20260916,0.12.0,96,supply,orders,False,24,24,O13,20,BASE,POWER,37.0,1,REGION,THRESHOLD,0,0,1
workflow-verification-20260916,5c1fd964cadeeb74d6e45aef16bd49af0b25c696ac3d2d2f216243c766006867,20260916,0.12.0,96,supply,orders,False,24,24,O14,21,REGION,POWER,37.0,1,CENTER,THRESHOLD,0,0,1
workflow-verification-20260916,5c1fd964cadeeb74d6e45aef16bd49af0b25c696ac3d2d2f216243c766006867,20260916,0.12.0,96,supply,orders,False,24,24,O15,23,BASE,POWER,37.9,1,REGION,THRESHOLD,0,0,1
workflow-verification-20260916,5c1fd964cadeeb74d6e45aef16bd49af0b25c696ac3d2d2f216243c766006867,20260916,0.12.0,96,supply,orders,False,24,24,O16,24,REGION,POWER,37.9,1,CENTER,THRESHOLD,0,0,1
workflow-verification-20260916,5c1fd964cadeeb74d6e45aef16bd49af0b25c696ac3d2d2f216243c766006867,20260916,0.12.0,96,supply,orders,False,24,24,O17,26,BASE,POWER,41.0,1,REGION,THRESHOLD,0,0,1
workflow-verification-20260916,5c1fd964cadeeb74d6e45aef16bd49af0b25c696ac3d2d2f216243c766006867,20260916,0.12.0,96,supply,orders,False,24,24,O18,27,REGION,POWER,41.0,1,CENTER,THRESHOLD,0,0,1
workflow-verification-20260916,5c1fd964cadeeb74d6e45aef16bd49af0b25c696ac3d2d2f216243c766006867,20260916,0.12.0,96,supply,orders,False,24,24,O19,29,BASE,POWER,57.0,1,REGION,THRESHOLD,0,0,1
workflow-verification-20260916,5c1fd964cadeeb74d6e45aef16bd49af0b25c696ac3d2d2f216243c766006867,20260916,0.12.0,96,supply,orders,False,24,24,O20,30,REGION,POWER,57.0,1,CENTER,THRESHOLD,0,0,1
workflow-verification-20260916,5c1fd964cadeeb74d6e45aef16bd49af0b25c696ac3d2d2f216243c766006867,20260916,0.12.0,96,supply,orders,False,24,24,O21,32,BASE,POWER,62.349999999999994,1,REGION,THRESHOLD,0,0,1
workflow-verification-20260916,5c1fd964cadeeb74d6e45aef16bd49af0b25c696ac3d2d2f216243c766006867,20260916,0.12.0,96,supply,orders,False,24,24,O22,33,REGION,POWER,62.349999999999994,1,CENTER,THRESHOLD,0,0,1
workflow-verification-20260916,5c1fd964cadeeb74d6e45aef16bd49af0b25c696ac3d2d2f216243c766006867,20260916,0.12.0,96,supply,orders,False,24,24,O23,35,BASE,POWER,66.75000000000001,1,REGION,THRESHOLD,0,0,1
workflow-verification-20260916,5c1fd964cadeeb74d6e45aef16bd49af0b25c696ac3d2d2f216243c766006867,20260916,0.12.0,96,supply,orders,False,24,24,O24,36,REGION,POWER,66.75000000000001,1,CENTER,THRESHOLD,0,0,1
workflow-verification-20260916,5c1fd964cadeeb74d6e45aef16bd49af0b25c696ac3d2d2f216243c766006867,20260916,0.12.0,97,supply,orders,False,26,26,O1,1,BASE,POWER,0,2,REGION,THRESHOLD,0,0,2
workflow-verification-20260916,5c1fd964cadeeb74d6e45aef16bd49af0b25c696ac3d2d2f216243c766006867,20260916,0.12.0,97,supply,orders,False,26,26,O2,2,REGION,POWER,0,2,CENTER,THRESHOLD,0,0,2
workflow-verification-20260916,5c1fd964cadeeb74d6e45aef16bd49af0b25c696ac3d2d2f216243c766006867,20260916,0.12.0,97,supply,orders,False,26,26,O3,4,BASE,POWER,9.0,1,REGION,THRESHOLD,0,0,1
workflow-verification-20260916,5c1fd964cadeeb74d6e45aef16bd49af0b25c696ac3d2d2f216243c766006867,20260916,0.12.0,97,supply,orders,False,26,26,O4,5,REGION,POWER,9.0,1,CENTER,THRESHOLD,0,0,1
workflow-verification-20260916,5c1fd964cadeeb74d6e45aef16bd49af0b25c696ac3d2d2f216243c766006867,20260916,0.12.0,97,supply,orders,False,26,26,O5,7,BASE,POWER,13.0,1,REGION,THRESHOLD,0,0,1
workflow-verification-20260916,5c1fd964cadeeb74d6e45aef16bd49af0b25c696ac3d2d2f216243c766006867,20260916,0.12.0,97,supply,orders,False,26,26,O6,8,REGION,POWER,13.0,1,CENTER,THRESHOLD,0,0,1
workflow-verification-20260916,5c1fd964cadeeb74d6e45aef16bd49af0b25c696ac3d2d2f216243c766006867,20260916,0.12.0,97,supply,orders,False,26,26,O7,10,BASE,POWER,13.9,1,REGION,THRESHOLD,0,0,1
workflow-verification-20260916,5c1fd964cadeeb74d6e45aef16bd49af0b25c696ac3d2d2f216243c766006867,20260916,0.12.0,97,supply,orders,False,26,26,O8,11,REGION,POWER,13.9,1,CENTER,THRESHOLD,0,0,1
workflow-verification-20260916,5c1fd964cadeeb74d6e45aef16bd49af0b25c696ac3d2d2f216243c766006867,20260916,0.12.0,97,supply,orders,False,26,26,O9,14,BASE,POWER,17.0,2,REGION,THRESHOLD,0,0,2
workflow-verification-20260916,5c1fd964cadeeb74d6e45aef16bd49af0b25c696ac3d2d2f216243c766006867,20260916,0.12.0,97,supply,orders,False,26,26,O10,15,REGION,POWER,17.0,2,CENTER,THRESHOLD,0,0,2
workflow-verification-20260916,5c1fd964cadeeb74d6e45aef16bd49af0b25c696ac3d2d2f216243c766006867,20260916,0.12.0,97,supply,orders,False,26,26,O11,17,BASE,POWER,33.0,1,REGION,THRESHOLD,0,0,1
workflow-verification-20260916,5c1fd964cadeeb74d6e45aef16bd49af0b25c696ac3d2d2f216243c766006867,20260916,0.12.0,97,supply,orders,False,26,26,O12,18,REGION,POWER,33.0,1,CENTER,THRESHOLD,0,0,1
workflow-verification-20260916,5c1fd964cadeeb74d6e45aef16bd49af0b25c696ac3d2d2f216243c766006867,20260916,0.12.0,97,supply,orders,False,26,26,O13,20,BASE,POWER,37.0,1,REGION,THRESHOLD,0,0,1
workflow-verification-20260916,5c1fd964cadeeb74d6e45aef16bd49af0b25c696ac3d2d2f216243c766006867,20260916,0.12.0,97,supply,orders,False,26,26,O14,21,REGION,POWER,37.0,1,CENTER,THRESHOLD,0,0,1
workflow-verification-20260916,5c1fd964cadeeb74d6e45aef16bd49af0b25c696ac3d2d2f216243c766006867,20260916,0.12.0,97,supply,orders,False,26,26,O15,23,BASE,POWER,41.0,1,REGION,THRESHOLD,0,0,1
workflow-verification-20260916,5c1fd964cadeeb74d6e45aef16bd49af0b25c696ac3d2d2f216243c766006867,20260916,0.12.0,97,supply,orders,False,26,26,O16,24,REGION,POWER,41.0,1,CENTER,THRESHOLD,0,0,1
workflow-verification-20260916,5c1fd964cadeeb74d6e45aef16bd49af0b25c696ac3d2d2f216243c766006867,20260916,0.12.0,97,supply,orders,False,26,26,O17,26,BASE,POWER,57.0,1,REGION,THRESHOLD,0,0,1
workflow-verification-20260916,5c1fd964cadeeb74d6e45aef16bd49af0b25c696ac3d2d2f216243c766006867,20260916,0.12.0,97,supply,orders,False,26,26,O18,27,REGION,POWER,57.0,1,CENTER,THRESHOLD,0,0,1
workflow-verification-20260916,5c1fd964cadeeb74d6e45aef16bd49af0b25c696ac3d2d2f216243c766006867,20260916,0.12.0,97,supply,orders,False,26,26,O19,29,BASE,POWER,57.9,1,REGION,THRESHOLD,0,0,1
workflow-verification-20260916,5c1fd964cadeeb74d6e45aef16bd49af0b25c696ac3d2d2f216243c766006867,20260916,0.12.0,97,supply,orders,False,26,26,O20,30,REGION,POWER,57.9,1,CENTER,THRESHOLD,0,0,1
workflow-verification-20260916,5c1fd964cadeeb74d6e45aef16bd49af0b25c696ac3d2d2f216243c766006867,20260916,0.12.0,97,supply,orders,False,26,26,O21,32,BASE,POWER,61.15,1,REGION,THRESHOLD,0,0,1
workflow-verification-20260916,5c1fd964cadeeb74d6e45aef16bd49af0b25c696ac3d2d2f216243c766006867,20260916,0.12.0,97,supply,orders,False,26,26,O22,33,REGION,POWER,61.15,1,CENTER,THRESHOLD,0,0,1
workflow-verification-20260916,5c1fd964cadeeb74d6e45aef16bd49af0b25c696ac3d2d2f216243c766006867,20260916,0.12.0,97,supply,orders,False,26,26,O23,35,BASE,POWER,61.24999999999999,1,REGION,THRESHOLD,0,0,1
workflow-verification-20260916,5c1fd964cadeeb74d6e45aef16bd49af0b25c696ac3d2d2f216243c766006867,20260916,0.12.0,97,supply,orders,False,26,26,O24,36,REGION,POWER,61.24999999999999,1,CENTER,THRESHOLD,0,0,1
workflow-verification-20260916,5c1fd964cadeeb74d6e45aef16bd49af0b25c696ac3d2d2f216243c766006867,20260916,0.12.0,97,supply,orders,False,26,26,O25,38,BASE,POWER,65.0,1,REGION,THRESHOLD,0,0,1
workflow-verification-20260916,5c1fd964cadeeb74d6e45aef16bd49af0b25c696ac3d2d2f216243c766006867,20260916,0.12.0,97,supply,orders,False,26,26,O26,39,REGION,POWER,65.0,1,CENTER,THRESHOLD,0,0,1
workflow-verification-20260916,5c1fd964cadeeb74d6e45aef16bd49af0b25c696ac3d2d2f216243c766006867,20260916,0.12.0,98,supply,orders,False,22,22,O1,1,BASE,POWER,0,2,REGION,THRESHOLD,0,0,2
workflow-verification-20260916,5c1fd964cadeeb74d6e45aef16bd49af0b25c696ac3d2d2f216243c766006867,20260916,0.12.0,98,supply,orders,False,22,22,O2,2,REGION,POWER,0,2,CENTER,THRESHOLD,0,0,2
workflow-verification-20260916,5c1fd964cadeeb74d6e45aef16bd49af0b25c696ac3d2d2f216243c766006867,20260916,0.12.0,98,supply,orders,False,22,22,O3,4,BASE,POWER,9.0,1,REGION,THRESHOLD,0,0,1
workflow-verification-20260916,5c1fd964cadeeb74d6e45aef16bd49af0b25c696ac3d2d2f216243c766006867,20260916,0.12.0,98,supply,orders,False,22,22,O4,5,REGION,POWER,9.0,1,CENTER,THRESHOLD,0,0,1
workflow-verification-20260916,5c1fd964cadeeb74d6e45aef16bd49af0b25c696ac3d2d2f216243c766006867,20260916,0.12.0,98,supply,orders,False,22,22,O5,7,BASE,POWER,17.0,1,REGION,THRESHOLD,0,0,1
workflow-verification-20260916,5c1fd964cadeeb74d6e45aef16bd49af0b25c696ac3d2d2f216243c766006867,20260916,0.12.0,98,supply,orders,False,22,22,O6,8,REGION,POWER,17.0,1,CENTER,THRESHOLD,0,0,1
workflow-verification-20260916,5c1fd964cadeeb74d6e45aef16bd49af0b25c696ac3d2d2f216243c766006867,20260916,0.12.0,98,supply,orders,False,22,22,O7,10,BASE,POWER,17.9,1,REGION,THRESHOLD,0,0,1
workflow-verification-20260916,5c1fd964cadeeb74d6e45aef16bd49af0b25c696ac3d2d2f216243c766006867,20260916,0.12.0,98,supply,orders,False,22,22,O8,11,REGION,POWER,17.9,1,CENTER,THRESHOLD,0,0,1
workflow-verification-20260916,5c1fd964cadeeb74d6e45aef16bd49af0b25c696ac3d2d2f216243c766006867,20260916,0.12.0,98,supply,orders,False,22,22,O9,13,BASE,POWER,33.0,1,REGION,THRESHOLD,0,0,1
workflow-verification-20260916,5c1fd964cadeeb74d6e45aef16bd49af0b25c696ac3d2d2f216243c766006867,20260916,0.12.0,98,supply,orders,False,22,22,O10,14,REGION,POWER,33.0,1,CENTER,THRESHOLD,0,0,1
workflow-verification-20260916,5c1fd964cadeeb74d6e45aef16bd49af0b25c696ac3d2d2f216243c766006867,20260916,0.12.0,98,supply,orders,False,22,22,O11,16,BASE,POWER,33.9,1,REGION,THRESHOLD,0,0,1
workflow-verification-20260916,5c1fd964cadeeb74d6e45aef16bd49af0b25c696ac3d2d2f216243c766006867,20260916,0.12.0,98,supply,orders,False,22,22,O12,17,REGION,POWER,33.9,1,CENTER,THRESHOLD,0,0,1
workflow-verification-20260916,5c1fd964cadeeb74d6e45aef16bd49af0b25c696ac3d2d2f216243c766006867,20260916,0.12.0,98,supply,orders,False,22,22,O13,19,BASE,POWER,37.44999999999999,1,REGION,THRESHOLD,0,0,1
workflow-verification-20260916,5c1fd964cadeeb74d6e45aef16bd49af0b25c696ac3d2d2f216243c766006867,20260916,0.12.0,98,supply,orders,False,22,22,O14,20,REGION,POWER,37.44999999999999,1,CENTER,THRESHOLD,0,0,1
workflow-verification-20260916,5c1fd964cadeeb74d6e45aef16bd49af0b25c696ac3d2d2f216243c766006867,20260916,0.12.0,98,supply,orders,False,22,22,O15,22,BASE,POWER,65.19999999999999,1,REGION,THRESHOLD,0,0,1
workflow-verification-20260916,5c1fd964cadeeb74d6e45aef16bd49af0b25c696ac3d2d2f216243c766006867,20260916,0.12.0,98,supply,orders,False,22,22,O16,23,REGION,POWER,65.19999999999999,1,CENTER,THRESHOLD,0,0,1
workflow-verification-20260916,5c1fd964cadeeb74d6e45aef16bd49af0b25c696ac3d2d2f216243c766006867,20260916,0.12.0,98,supply,orders,False,22,22,O17,25,BASE,POWER,65.25000000000001,1,REGION,THRESHOLD,0,0,1
workflow-verification-20260916,5c1fd964cadeeb74d6e45aef16bd49af0b25c696ac3d2d2f216243c766006867,20260916,0.12.0,98,supply,orders,False,22,22,O18,26,REGION,POWER,65.25000000000001,1,CENTER,THRESHOLD,0,0,1
workflow-verification-20260916,5c1fd964cadeeb74d6e45aef16bd49af0b25c696ac3d2d2f216243c766006867,20260916,0.12.0,98,supply,orders,False,22,22,O19,28,BASE,POWER,66.4,1,REGION,THRESHOLD,0,0,1
workflow-verification-20260916,5c1fd964cadeeb74d6e45aef16bd49af0b25c696ac3d2d2f216243c766006867,20260916,0.12.0,98,supply,orders,False,22,22,O20,29,REGION,POWER,66.4,1,CENTER,THRESHOLD,0,0,1
workflow-verification-20260916,5c1fd964cadeeb74d6e45aef16bd49af0b25c696ac3d2d2f216243c766006867,20260916,0.12.0,98,supply,orders,False,22,22,O21,31,BASE,POWER,66.45000000000003,1,REGION,THRESHOLD,0,0,1
workflow-verification-20260916,5c1fd964cadeeb74d6e45aef16bd49af0b25c696ac3d2d2f216243c766006867,20260916,0.12.0,98,supply,orders,False,22,22,O22,32,REGION,POWER,66.45000000000003,1,CENTER,THRESHOLD,0,0,1
workflow-verification-20260916,5c1fd964cadeeb74d6e45aef16bd49af0b25c696ac3d2d2f216243c766006867,20260916,0.12.0,99,supply,orders,False,18,18,O1,1,BASE,POWER,0,2,REGION,THRESHOLD,0,0,2
workflow-verification-20260916,5c1fd964cadeeb74d6e45aef16bd49af0b25c696ac3d2d2f216243c766006867,20260916,0.12.0,99,supply,orders,False,18,18,O2,2,REGION,POWER,0,2,CENTER,THRESHOLD,0,0,2
workflow-verification-20260916,5c1fd964cadeeb74d6e45aef16bd49af0b25c696ac3d2d2f216243c766006867,20260916,0.12.0,99,supply,orders,False,18,18,O3,4,BASE,POWER,9.0,1,REGION,THRESHOLD,0,0,1
workflow-verification-20260916,5c1fd964cadeeb74d6e45aef16bd49af0b25c696ac3d2d2f216243c766006867,20260916,0.12.0,99,supply,orders,False,18,18,O4,5,REGION,POWER,9.0,1,CENTER,THRESHOLD,0,0,1
workflow-verification-20260916,5c1fd964cadeeb74d6e45aef16bd49af0b25c696ac3d2d2f216243c766006867,20260916,0.12.0,99,supply,orders,False,18,18,O5,7,BASE,POWER,33.0,1,REGION,THRESHOLD,0,0,1
workflow-verification-20260916,5c1fd964cadeeb74d6e45aef16bd49af0b25c696ac3d2d2f216243c766006867,20260916,0.12.0,99,supply,orders,False,18,18,O6,8,REGION,POWER,33.0,1,CENTER,THRESHOLD,0,0,1
workflow-verification-20260916,5c1fd964cadeeb74d6e45aef16bd49af0b25c696ac3d2d2f216243c766006867,20260916,0.12.0,99,supply,orders,False,18,18,O7,10,BASE,POWER,34.15,1,REGION,THRESHOLD,0,0,1
workflow-verification-20260916,5c1fd964cadeeb74d6e45aef16bd49af0b25c696ac3d2d2f216243c766006867,20260916,0.12.0,99,supply,orders,False,18,18,O8,11,REGION,POWER,34.15,1,CENTER,THRESHOLD,0,0,1
workflow-verification-20260916,5c1fd964cadeeb74d6e45aef16bd49af0b25c696ac3d2d2f216243c766006867,20260916,0.12.0,99,supply,orders,False,18,18,O9,13,BASE,POWER,37.14999999999999,1,REGION,THRESHOLD,0,0,1
workflow-verification-20260916,5c1fd964cadeeb74d6e45aef16bd49af0b25c696ac3d2d2f216243c766006867,20260916,0.12.0,99,supply,orders,False,18,18,O10,14,REGION,POWER,37.14999999999999,1,CENTER,THRESHOLD,0,0,1
workflow-verification-20260916,5c1fd964cadeeb74d6e45aef16bd49af0b25c696ac3d2d2f216243c766006867,20260916,0.12.0,99,supply,orders,False,18,18,O11,17,BASE,POWER,41.0,2,REGION,THRESHOLD,0,0,2
workflow-verification-20260916,5c1fd964cadeeb74d6e45aef16bd49af0b25c696ac3d2d2f216243c766006867,20260916,0.12.0,99,supply,orders,False,18,18,O12,18,REGION,POWER,41.0,2,CENTER,THRESHOLD,0,0,2
workflow-verification-20260916,5c1fd964cadeeb74d6e45aef16bd49af0b25c696ac3d2d2f216243c766006867,20260916,0.12.0,99,supply,orders,False,18,18,O13,20,BASE,POWER,57.0,1,REGION,THRESHOLD,0,0,1
workflow-verification-20260916,5c1fd964cadeeb74d6e45aef16bd49af0b25c696ac3d2d2f216243c766006867,20260916,0.12.0,99,supply,orders,False,18,18,O14,21,REGION,POWER,57.0,1,CENTER,THRESHOLD,0,0,1
workflow-verification-20260916,5c1fd964cadeeb74d6e45aef16bd49af0b25c696ac3d2d2f216243c766006867,20260916,0.12.0,99,supply,orders,False,18,18,O15,23,BASE,POWER,65.19999999999999,1,REGION,THRESHOLD,0,0,1
workflow-verification-20260916,5c1fd964cadeeb74d6e45aef16bd49af0b25c696ac3d2d2f216243c766006867,20260916,0.12.0,99,supply,orders,False,18,18,O16,24,REGION,POWER,65.19999999999999,1,CENTER,THRESHOLD,0,0,1
workflow-verification-20260916,5c1fd964cadeeb74d6e45aef16bd49af0b25c696ac3d2d2f216243c766006867,20260916,0.12.0,99,supply,orders,False,18,18,O17,26,BASE,POWER,65.3,1,REGION,THRESHOLD,0,0,1
workflow-verification-20260916,5c1fd964cadeeb74d6e45aef16bd49af0b25c696ac3d2d2f216243c766006867,20260916,0.12.0,99,supply,orders,False,18,18,O18,27,REGION,POWER,65.3,1,CENTER,THRESHOLD,0,0,1
workflow-verification-20260916,5c1fd964cadeeb74d6e45aef16bd49af0b25c696ac3d2d2f216243c766006867,20260916,0.12.0,100,supply,orders,False,14,14,O1,1,BASE,POWER,0,2,REGION,THRESHOLD,0,0,2
workflow-verification-20260916,5c1fd964cadeeb74d6e45aef16bd49af0b25c696ac3d2d2f216243c766006867,20260916,0.12.0,100,supply,orders,False,14,14,O2,2,REGION,POWER,0,2,CENTER,THRESHOLD,0,0,2
workflow-verification-20260916,5c1fd964cadeeb74d6e45aef16bd49af0b25c696ac3d2d2f216243c766006867,20260916,0.12.0,100,supply,orders,False,14,14,O3,5,BASE,POWER,9.0,2,REGION,THRESHOLD,0,0,2
workflow-verification-20260916,5c1fd964cadeeb74d6e45aef16bd49af0b25c696ac3d2d2f216243c766006867,20260916,0.12.0,100,supply,orders,False,14,14,O4,6,REGION,POWER,9.0,2,CENTER,THRESHOLD,0,0,2
workflow-verification-20260916,5c1fd964cadeeb74d6e45aef16bd49af0b25c696ac3d2d2f216243c766006867,20260916,0.12.0,100,supply,orders,False,14,14,O5,8,BASE,POWER,13.0,1,REGION,THRESHOLD,0,0,1
workflow-verification-20260916,5c1fd964cadeeb74d6e45aef16bd49af0b25c696ac3d2d2f216243c766006867,20260916,0.12.0,100,supply,orders,False,14,14,O6,9,REGION,POWER,13.0,1,CENTER,THRESHOLD,0,0,1
workflow-verification-20260916,5c1fd964cadeeb74d6e45aef16bd49af0b25c696ac3d2d2f216243c766006867,20260916,0.12.0,100,supply,orders,False,14,14,O7,11,BASE,POWER,13.9,1,REGION,THRESHOLD,0,0,1
workflow-verification-20260916,5c1fd964cadeeb74d6e45aef16bd49af0b25c696ac3d2d2f216243c766006867,20260916,0.12.0,100,supply,orders,False,14,14,O8,12,REGION,POWER,13.9,1,CENTER,THRESHOLD,0,0,1
workflow-verification-20260916,5c1fd964cadeeb74d6e45aef16bd49af0b25c696ac3d2d2f216243c766006867,20260916,0.12.0,100,supply,orders,False,14,14,O9,14,BASE,POWER,17.0,1,REGION,THRESHOLD,0,0,1
workflow-verification-20260916,5c1fd964cadeeb74d6e45aef16bd49af0b25c696ac3d2d2f216243c766006867,20260916,0.12.0,100,supply,orders,False,14,14,O10,15,REGION,POWER,17.0,1,CENTER,THRESHOLD,0,0,1
workflow-verification-20260916,5c1fd964cadeeb74d6e45aef16bd49af0b25c696ac3d2d2f216243c766006867,20260916,0.12.0,100,supply,orders,False,14,14,O11,17,BASE,POWER,33.0,1,REGION,THRESHOLD,0,0,1
workflow-verification-20260916,5c1fd964cadeeb74d6e45aef16bd49af0b25c696ac3d2d2f216243c766006867,20260916,0.12.0,100,supply,orders,False,14,14,O12,18,REGION,POWER,33.0,1,CENTER,THRESHOLD,0,0,1
workflow-verification-20260916,5c1fd964cadeeb74d6e45aef16bd49af0b25c696ac3d2d2f216243c766006867,20260916,0.12.0,100,supply,orders,False,14,14,O13,20,BASE,POWER,65.14999999999999,1,REGION,THRESHOLD,0,0,1
workflow-verification-20260916,5c1fd964cadeeb74d6e45aef16bd49af0b25c696ac3d2d2f216243c766006867,20260916,0.12.0,100,supply,orders,False,14,14,O14,21,REGION,POWER,65.14999999999999,1,CENTER,THRESHOLD,0,0,1
