replication,availability,failures,effective_supply_aircraft_hours,gap_aircraft_hours,actual_aircraft_flight_hours,fulfillment,completion_rate,requested,started,completed,aborted,cancelled,aircraft_sorties,completed_aircraft_sorties,preparation_aircraft_hours,ready_aircraft_hours,all_completed,out_aircraft_hours,on_station_aircraft_hours,return_aircraft_hours,abort_return_aircraft_hours
1,1.0,0,54.0,0.0,54.0,1.0,1.0,9,9,9,0,0,18,18,27.0,681.0,1,9.0,36.0,9.0,0.0
2,1.0,0,54.0,0.0,54.0,1.0,1.0,9,9,9,0,0,18,18,27.0,681.0,1,9.0,36.0,9.0,0.0
3,0.996779354266031,1,48.09634314353518,5.903656856464821,48.19268628707036,0.8906730211765774,0.8888888888888888,9,9,8,1,0,18,16,27.0,684.0728473705482,0,8.09634314353518,32.0,8.09634314353518,0.09634314353517937
4,1.0,0,54.0,0.0,54.0,1.0,1.0,9,9,9,0,0,18,18,27.0,681.0,1,9.0,36.0,9.0,0.0
5,0.9988473620882329,1,52.35264777662344,1.6473522233765578,53.35264777662344,0.9694934773448786,0.8888888888888888,9,9,8,1,0,18,16,27.0,681.1514730676097,0,9.0,35.35264777662344,9.0,1.0
6,0.995344445952725,1,49.50245494542541,4.497545054574587,50.50245494542541,0.9167121286189891,0.8888888888888888,9,9,8,1,0,18,16,27.0,680.975146357729,0,9.0,32.50245494542541,9.0,1.0
7,1.0,0,54.0,0.0,54.0,1.0,1.0,9,9,9,0,0,18,18,27.0,681.0,1,9.0,36.0,9.0,0.0
8,1.0,0,54.0,0.0,54.0,1.0,1.0,9,9,9,0,0,18,18,27.0,681.0,1,9.0,36.0,9.0,0.0
9,0.9979020576404799,1,49.442609485432996,4.557390514567004,50.442609485432996,0.9156038793598703,0.8888888888888888,9,9,8,1,0,18,16,27.0,683.2447683159415,0,9.0,32.442609485432996,9.0,1.0
10,1.0,0,54.0,0.0,54.0,1.0,1.0,9,9,9,0,0,18,18,27.0,681.0,1,9.0,36.0,9.0,0.0
11,0.99882759820142,1,48.84225271240743,5.157747287592571,49.68450542481486,0.9044861613408783,0.8888888888888888,9,9,8,1,0,18,16,27.0,684.7236657774156,0,8.84225271240743,32.0,8.84225271240743,0.8422527124074293
12,0.9962251044609005,1,49.42232236640743,4.577677633592572,50.42232236640743,0.915228191970508,0.8888888888888888,9,9,8,1,0,18,16,27.0,681.8161678878107,0,9.0,32.42232236640743,9.0,1.0
13,1.0,0,54.0,0.0,54.0,1.0,1.0,9,9,9,0,0,18,18,27.0,681.0,1,9.0,36.0,9.0,0.0
14,1.0,0,54.0,0.0,54.0,1.0,1.0,9,9,9,0,0,18,18,27.0,681.0,1,9.0,36.0,9.0,0.0
15,1.0,0,54.0,0.0,54.0,1.0,1.0,9,9,9,0,0,18,18,27.0,681.0,1,9.0,36.0,9.0,0.0
16,1.0,0,54.0,0.0,54.0,1.0,1.0,9,9,9,0,0,18,18,27.0,681.0,1,9.0,36.0,9.0,0.0
17,1.0,0,54.0,0.0,54.0,1.0,1.0,9,9,9,0,0,18,18,27.0,681.0,1,9.0,36.0,9.0,0.0
18,1.0,0,54.0,0.0,54.0,1.0,1.0,9,9,9,0,0,18,18,27.0,681.0,1,9.0,36.0,9.0,0.0
19,0.9980978980790819,1,52.79689508230146,1.2031049176985391,53.79689508230146,0.9777202793018789,0.8888888888888888,9,9,8,1,0,18,16,27.0,680.0596888580253,0,9.0,35.79689508230146,9.0,1.0
20,1.0,0,54.0,0.0,54.0,1.0,1.0,9,9,9,0,0,18,18,27.0,681.0,1,9.0,36.0,9.0,0.0
21,1.0,0,54.0,0.0,54.0,1.0,1.0,9,9,9,0,0,18,18,27.0,681.0,1,9.0,36.0,9.0,0.0
22,0.9973065538361235,1,50.451961679875254,3.5480383201247463,51.451961679875254,0.9342955866643565,0.8888888888888888,9,9,8,1,0,18,16,27.0,681.7209008345355,0,9.0,33.451961679875254,9.0,1.0
23,1.0,0,54.0,0.0,54.0,1.0,1.0,9,9,9,0,0,18,18,27.0,681.0,1,9.0,36.0,9.0,0.0
24,0.9983004213876983,1,49.03723917969222,4.962760820307778,50.03723917969222,0.9080970218461523,0.8888888888888888,9,9,8,1,0,18,16,27.0,683.9943248992791,0,9.0,32.03723917969222,9.0,1.0
25,1.0,0,54.0,0.0,54.0,1.0,1.0,9,9,9,0,0,18,18,27.0,681.0,1,9.0,36.0,9.0,0.0
26,0.9939538985210778,2,45.37034540751607,8.62965459248393,46.7270811926805,0.840191581620668,0.7777777777777778,9,9,7,2,0,18,14,27.0,683.727455022113,0,8.356735785164432,30.013609622351638,8.356735785164432,1.3567357851644317
27,0.9981777592867753,1,49.103796863997346,4.896203136002654,50.103796863997346,0.9093295715555064,0.8888888888888888,9,9,8,1,0,18,16,27.0,683.8217871597766,0,9.0,32.103796863997346,9.0,1.0
28,1.0,0,54.0,0.0,54.0,1.0,1.0,9,9,9,0,0,18,18,27.0,681.0,1,9.0,36.0,9.0,0.0
29,1.0,0,54.0,0.0,54.0,1.0,1.0,9,9,9,0,0,18,18,27.0,681.0,1,9.0,36.0,9.0,0.0
30,1.0,0,54.0,0.0,54.0,1.0,1.0,9,9,9,0,0,18,18,27.0,681.0,1,9.0,36.0,9.0,0.0
31,0.9961757341850956,1,53.311977749963646,0.6880222500363544,54.0,0.987258847221549,0.8888888888888888,9,9,8,1,0,18,16,27.0,678.0398454609408,0,9.0,36.0,9.0,0.6880222500363544
32,0.9987353757376909,1,53.36678593277745,0.6332140672225535,54.0,0.9882738135699527,0.8888888888888888,9,9,8,1,0,18,16,27.0,680.2239716709762,0,9.0,36.0,9.0,0.6332140672225535
33,1.0,0,54.0,0.0,54.0,1.0,1.0,9,9,9,0,0,18,18,27.0,681.0,1,9.0,36.0,9.0,0.0
34,1.0,0,54.0,0.0,54.0,1.0,1.0,9,9,9,0,0,18,18,27.0,681.0,1,9.0,36.0,9.0,0.0
35,0.9990801054578399,1,51.49396347519068,2.5060365248093177,52.49396347519068,0.9535919162072348,0.8888888888888888,9,9,8,1,0,18,16,27.0,682.211247640383,0,9.0,34.49396347519068,9.0,1.0
36,0.9910576710721396,2,49.65715652819815,4.342843471801849,51.65715652819815,0.9195769727444102,0.7777777777777778,9,9,7,2,0,18,14,27.0,676.6166712781305,0,9.0,33.65715652819815,9.0,2.0
37,0.998008629130487,1,49.7477868998307,4.2522131001693,50.7477868998307,0.9212553129598278,0.8888888888888888,9,9,8,1,0,18,16,27.0,683.03166866891,0,9.0,32.7477868998307,9.0,1.0
38,1.0,0,54.0,0.0,54.0,1.0,1.0,9,9,9,0,0,18,18,27.0,681.0,1,9.0,36.0,9.0,0.0
39,1.0,0,54.0,0.0,54.0,1.0,1.0,9,9,9,0,0,18,18,27.0,681.0,1,9.0,36.0,9.0,0.0
40,1.0,0,54.0,0.0,54.0,1.0,1.0,9,9,9,0,0,18,18,27.0,681.0,1,9.0,36.0,9.0,0.0
41,0.9970456186440261,1,49.27349105670814,4.726508943291861,50.27349105670814,0.9124720566057063,0.8888888888888888,9,9,8,1,0,18,16,27.0,682.6739234517304,0,9.0,32.27349105670814,9.0,1.0
42,1.0,0,54.0,0.0,54.0,1.0,1.0,9,9,9,0,0,18,18,27.0,681.0,1,9.0,36.0,9.0,0.0
43,1.0,0,54.0,0.0,54.0,1.0,1.0,9,9,9,0,0,18,18,27.0,681.0,1,9.0,36.0,9.0,0.0
44,1.0,0,54.0,0.0,54.0,1.0,1.0,9,9,9,0,0,18,18,27.0,681.0,1,9.0,36.0,9.0,0.0
45,0.9966534948426594,1,48.086500927770956,5.913499072229044,48.17300185554191,0.8904907579216844,0.8888888888888888,9,9,8,1,0,18,16,27.0,683.9788681524012,0,8.086500927770956,32.0,8.086500927770956,0.08650092777095608
46,0.9960461218587795,2,46.92243001769174,7.077569982308262,48.2124129669665,0.8689338892165137,0.7777777777777778,9,9,7,2,0,18,14,27.0,684.0164277936565,0,8.289982949274759,31.63244706841698,8.289982949274759,1.2899829492747585
47,1.0,0,54.0,0.0,54.0,1.0,1.0,9,9,9,0,0,18,18,27.0,681.0,1,9.0,36.0,9.0,0.0
48,1.0,0,54.0,0.0,54.0,1.0,1.0,9,9,9,0,0,18,18,27.0,681.0,1,9.0,36.0,9.0,0.0
49,1.0,0,54.0,0.0,54.0,1.0,1.0,9,9,9,0,0,18,18,27.0,681.0,1,9.0,36.0,9.0,0.0
50,1.0,0,54.0,0.0,54.0,1.0,1.0,9,9,9,0,0,18,18,27.0,681.0,1,9.0,36.0,9.0,0.0
51,0.9972646491643102,1,48.946352536027135,5.053647463972865,49.89270507205427,0.9064139358523543,0.8888888888888888,9,9,8,1,0,18,16,27.0,683.2171280739233,0,8.946352536027135,32.0,8.946352536027135,0.9463525360271348
52,0.9993751857630395,1,52.870616691075796,1.1293833089242042,53.870616691075796,0.9790854942791815,0.8888888888888888,9,9,8,1,0,18,16,27.0,681.0895438081903,0,9.0,35.870616691075796,9.0,1.0
53,0.9972239768481664,1,50.68113524354702,3.3188647564529816,51.68113524354702,0.938539541547167,0.8888888888888888,9,9,8,1,0,18,16,27.0,681.4203807532688,0,9.0,33.68113524354702,9.0,1.0
54,0.9979174957159773,1,52.92454830960885,1.075451690391148,53.92454830960885,0.9800842279557195,0.8888888888888888,9,9,8,1,0,18,16,27.0,679.7761679889956,0,9.0,35.92454830960885,9.0,1.0
55,0.9975037694504246,2,52.51578507312357,1.484214926876433,53.927854399894244,0.9725145383911772,0.7777777777777778,9,9,7,2,0,18,14,27.0,679.6214370686581,0,9.0,35.927854399894244,9.0,1.412069326770677
56,0.9978682859646816,2,49.8629597954759,4.137040204524098,50.93560447726979,0.9233881443606649,0.7777777777777778,9,9,7,2,0,18,14,27.0,682.758916937112,0,9.0,32.93560447726979,9.0,1.0726446817938893
57,1.0,0,54.0,0.0,54.0,1.0,1.0,9,9,9,0,0,18,18,27.0,681.0,1,9.0,36.0,9.0,0.0
58,0.9991908494259388,1,48.23424459896097,5.76575540103903,48.46848919792194,0.8932267518326106,0.8888888888888888,9,9,8,1,0,18,16,27.0,685.9495270055696,0,8.23424459896097,32.0,8.23424459896097,0.23424459896097005
59,0.9988327894199968,1,49.29091234970147,4.709087650298528,50.29091234970147,0.9127946731426199,0.8888888888888888,9,9,8,1,0,18,16,27.0,684.2006177091757,0,9.0,32.29091234970147,9.0,1.0
60,1.0,0,54.0,0.0,54.0,1.0,1.0,9,9,9,0,0,18,18,27.0,681.0,1,9.0,36.0,9.0,0.0
61,1.0,0,54.0,0.0,54.0,1.0,1.0,9,9,9,0,0,18,18,27.0,681.0,1,9.0,36.0,9.0,0.0
62,1.0,0,54.0,0.0,54.0,1.0,1.0,9,9,9,0,0,18,18,27.0,681.0,1,9.0,36.0,9.0,0.0
63,1.0,0,54.0,0.0,54.0,1.0,1.0,9,9,9,0,0,18,18,27.0,681.0,1,9.0,36.0,9.0,0.0
64,1.0,0,54.0,0.0,54.0,1.0,1.0,9,9,9,0,0,18,18,27.0,681.0,1,9.0,36.0,9.0,0.0
65,1.0,0,54.0,0.0,54.0,1.0,1.0,9,9,9,0,0,18,18,27.0,681.0,1,9.0,36.0,9.0,0.0
66,1.0,0,54.0,0.0,54.0,1.0,1.0,9,9,9,0,0,18,18,27.0,681.0,1,9.0,36.0,9.0,0.0
67,0.9986443898402846,1,50.12785617041378,3.8721438295862214,51.12785617041378,0.9282936327854403,0.8888888888888888,9,9,8,1,0,18,16,27.0,683.2008966515921,0,9.0,33.12785617041378,9.0,1.0
68,1.0,0,54.0,0.0,54.0,1.0,1.0,9,9,9,0,0,18,18,27.0,681.0,1,9.0,36.0,9.0,0.0
69,0.9983742347009416,1,49.4972869490192,4.502713050980802,50.4972869490192,0.916616424981837,0.8888888888888888,9,9,8,1,0,18,16,27.0,683.5980518325943,0,9.0,32.4972869490192,9.0,1.0
70,0.9984037120470027,1,48.67475095293118,5.325249047068823,49.349501905862354,0.9013842769061329,0.8888888888888888,9,9,8,1,0,18,16,27.0,684.6086807792135,0,8.674750952931177,32.0,8.674750952931177,0.674750952931177
71,0.9932988928773512,1,48.35052477338975,5.6494752266102495,48.7010495467795,0.8953800883961065,0.8888888888888888,9,9,8,1,0,18,16,27.0,680.6844562859467,0,8.35052477338975,32.0,8.35052477338975,0.3505247733897505
72,0.9989529299458276,2,42.71635059861728,11.283649401382718,43.432701197234564,0.7910435296040238,0.7777777777777778,9,9,7,2,0,18,14,27.0,691.0208055752692,0,7.716350598617286,28.0,7.716350598617286,0.7163505986172858
73,1.0,0,54.0,0.0,54.0,1.0,1.0,9,9,9,0,0,18,18,27.0,681.0,1,9.0,36.0,9.0,0.0
74,1.0,0,54.0,0.0,54.0,1.0,1.0,9,9,9,0,0,18,18,27.0,681.0,1,9.0,36.0,9.0,0.0
75,0.9983866917477976,1,49.441830197152186,4.558169802847814,50.441830197152186,0.9155894480954109,0.8888888888888888,9,9,8,1,0,18,16,27.0,683.6642714729451,0,9.0,32.441830197152186,9.0,1.0
76,1.0,0,54.0,0.0,54.0,1.0,1.0,9,9,9,0,0,18,18,27.0,681.0,1,9.0,36.0,9.0,0.0
77,1.0,0,54.0,0.0,54.0,1.0,1.0,9,9,9,0,0,18,18,27.0,681.0,1,9.0,36.0,9.0,0.0
78,1.0,0,54.0,0.0,54.0,1.0,1.0,9,9,9,0,0,18,18,27.0,681.0,1,9.0,36.0,9.0,0.0
79,1.0,0,54.0,0.0,54.0,1.0,1.0,9,9,9,0,0,18,18,27.0,681.0,1,9.0,36.0,9.0,0.0
80,0.9949139682551729,2,47.34322587749452,6.656774122505482,49.34322587749452,0.8767264051387874,0.7777777777777778,9,9,7,2,0,18,14,27.0,682.2624426949748,0,9.0,31.343225877494522,9.0,2.0
81,0.9987798595868247,1,53.53165266611755,0.4683473338824484,54.0,0.9913269012243991,0.8888888888888888,9,9,8,1,0,18,16,27.0,680.1799723499578,0,9.0,36.0,9.0,0.4683473338824484
82,0.9990633021120877,1,50.596589656793064,3.403410343206936,51.596589656793064,0.9369738825332049,0.8888888888888888,9,9,8,1,0,18,16,27.0,683.0941033680506,0,9.0,33.596589656793064,9.0,1.0
83,1.0,0,54.0,0.0,54.0,1.0,1.0,9,9,9,0,0,18,18,27.0,681.0,1,9.0,36.0,9.0,0.0
84,0.9942171052510668,2,48.74491394359727,5.255086056402732,50.74491394359727,0.9026835915480975,0.7777777777777778,9,9,7,2,0,18,14,27.0,680.2586649933246,0,9.0,32.74491394359727,9.0,2.0
85,0.9991268299865856,1,50.178341890305205,3.821658109694795,51.178341890305205,0.9292285535241704,0.8888888888888888,9,9,8,1,0,18,16,27.0,683.5672392181048,0,9.0,33.178341890305205,9.0,1.0
86,0.9948633884432803,1,51.51780209819373,2.4821979018062734,52.51780209819373,0.9540333721887727,0.8888888888888888,9,9,8,1,0,18,16,27.0,678.5441655168004,0,9.0,34.51780209819373,9.0,1.0
87,1.0,0,54.0,0.0,54.0,1.0,1.0,9,9,9,0,0,18,18,27.0,681.0,1,9.0,36.0,9.0,0.0
88,1.0,0,54.0,0.0,54.0,1.0,1.0,9,9,9,0,0,18,18,27.0,681.0,1,9.0,36.0,9.0,0.0
89,0.9981811683837704,1,50.7246056321937,3.2753943678062996,51.7246056321937,0.9393445487443278,0.8888888888888888,9,9,8,1,0,18,16,27.0,682.2039238513838,0,9.0,33.7246056321937,9.0,1.0
90,1.0,0,54.0,0.0,54.0,1.0,1.0,9,9,9,0,0,18,18,27.0,681.0,1,9.0,36.0,9.0,0.0
91,0.9915808241693519,1,49.03305809870227,4.96694190129773,50.03305809870227,0.9080195944204124,0.8888888888888888,9,9,8,1,0,18,16,27.0,678.1927739836178,0,9.0,32.03305809870227,9.000000000000004,1.0000000000000036
92,0.9977272159474536,1,51.299377954783836,2.7006220452161642,52.299377954783836,0.9499884806441451,0.8888888888888888,9,9,8,1,0,18,16,27.0,681.2369366238161,0,9.0,34.299377954783836,9.0,1.0
93,1.0,0,54.0,0.0,54.0,1.0,1.0,9,9,9,0,0,18,18,27.0,681.0,1,9.0,36.0,9.0,0.0
94,0.9982541314763064,1,49.24569669548927,4.754303304510728,50.24569669548927,0.9119573462127643,0.8888888888888888,9,9,8,1,0,18,16,27.0,683.7458729000396,0,9.0,32.24569669548927,9.0,1.0
95,0.9970815500837127,1,53.3026460405072,0.6973539594928013,54.0,0.9870860377871703,0.8888888888888888,9,9,8,1,0,18,16,27.0,678.8271362520741,0,9.0,36.0,9.0,0.6973539594928049
96,1.0,0,54.0,0.0,54.0,1.0,1.0,9,9,9,0,0,18,18,27.0,681.0,1,9.0,36.0,9.0,0.0
97,1.0,0,54.0,0.0,54.0,1.0,1.0,9,9,9,0,0,18,18,27.0,681.0,1,9.0,36.0,9.0,0.0
98,1.0,0,54.0,0.0,54.0,1.0,1.0,9,9,9,0,0,18,18,27.0,681.0,1,9.0,36.0,9.0,0.0
99,0.9979459844583098,1,52.334800800031545,1.6651991999684554,53.334800800031545,0.9691629777783619,0.8888888888888888,9,9,8,1,0,18,16,27.0,680.3905297719482,0,9.0,35.334800800031545,9.0,1.0
100,0.9986441487891013,1,50.224853473369876,3.775146526630124,51.224853473369876,0.9300898791364792,0.8888888888888888,9,9,8,1,0,18,16,27.0,683.1036910804137,0,9.0,33.224853473369876,9.0,1.0
101,0.999164847892136,1,52.0739646948776,1.9260353051223973,53.0739646948776,0.9643326795347704,0.8888888888888888,9,9,8,1,0,18,16,27.0,681.7044638839278,0,9.0,35.0739646948776,9.0,1.0
102,1.0,0,54.0,0.0,54.0,1.0,1.0,9,9,9,0,0,18,18,27.0,681.0,1,9.0,36.0,9.0,0.0
103,0.9968644240385418,1,49.14789279617267,4.85210720382733,50.14789279617267,0.9101461628920865,0.8888888888888888,9,9,8,1,0,18,16,27.0,682.6429695731274,0,9.0,32.14789279617267,9.0,1.0
104,1.0,0,54.0,0.0,54.0,1.0,1.0,9,9,9,0,0,18,18,27.0,681.0,1,9.0,36.0,9.0,0.0
105,1.0,0,54.0,0.0,54.0,1.0,1.0,9,9,9,0,0,18,18,27.0,681.0,1,9.0,36.0,9.0,0.0
106,0.9954704498288041,2,52.82687296322369,1.1731270367763074,53.82687296322369,0.9782754252448832,0.8888888888888888,9,9,8,1,0,18,16,27.0,677.9570003829431,0,9.0,35.82687296322369,9.0,1.0
107,1.0,0,54.0,0.0,54.0,1.0,1.0,9,9,9,0,0,18,18,27.0,681.0,1,9.0,36.0,9.0,0.0
108,1.0,0,54.0,0.0,54.0,1.0,1.0,9,9,9,0,0,18,18,27.0,681.0,1,9.0,36.0,9.0,0.0
109,1.0,0,54.0,0.0,54.0,1.0,1.0,9,9,9,0,0,18,18,27.0,681.0,1,9.0,36.0,9.0,0.0
110,1.0,0,54.0,0.0,54.0,1.0,1.0,9,9,9,0,0,18,18,27.0,681.0,1,9.0,36.0,9.0,0.0
111,0.9917075293054041,2,53.41748392113726,0.5825160788627386,54.0,0.9892126652062456,0.7777777777777778,9,9,7,2,0,18,14,26.5,674.6265633593005,0,9.0,36.0,9.0,0.5825160788627386
112,0.9967000996155659,1,52.3796608325697,1.620339167430302,53.3796608325697,0.9699937191216611,0.8888888888888888,9,9,8,1,0,18,16,27.0,679.2692252352792,0,9.0,35.3796608325697,9.0,1.0
113,0.9997777046903417,1,53.68833791826316,0.3116620817368414,54.0,0.9942284799678363,0.8888888888888888,9,9,8,1,0,18,16,27.0,680.9637678933236,0,9.0,36.0,9.0,0.3116620817368414
114,0.9993774681476566,1,51.17586441077154,2.8241355892284616,52.17586441077154,0.9477011927920655,0.8888888888888888,9,9,8,1,0,18,16,27.0,682.7862680688038,0,9.0,34.17586441077154,9.0,1.0
115,1.0,0,54.0,0.0,54.0,1.0,1.0,9,9,9,0,0,18,18,27.0,681.0,1,9.0,36.0,9.0,0.0
116,1.0,0,54.0,0.0,54.0,1.0,1.0,9,9,9,0,0,18,18,27.0,681.0,1,9.0,36.0,9.0,0.0
117,0.9978153158591665,1,48.77301337509495,5.226986624905052,49.546026750189895,0.9032039513906471,0.8888888888888888,9,9,8,1,0,18,16,27.0,683.9529128396773,0,8.773013375094948,32.0,8.773013375094948,0.7730133750949477
118,0.9976798685386897,2,48.88691419146576,5.113085808534237,50.53427766124685,0.9053132257678845,0.7777777777777778,9,9,7,2,0,18,14,27.0,683.2848104910717,0,9.0,32.53427766124685,9.0,1.6473634697810837
119,0.9994066693939914,1,48.63036732228946,5.369632677710541,49.26073464457892,0.9005623578201751,0.8888888888888888,9,9,8,1,0,18,16,27.0,685.5418113729743,0,8.630367322289459,32.0,8.630367322289459,0.6303673222894588
120,1.0,0,54.0,0.0,54.0,1.0,1.0,9,9,9,0,0,18,18,27.0,681.0,1,9.0,36.0,9.0,0.0
121,1.0,0,54.0,0.0,54.0,1.0,1.0,9,9,9,0,0,18,18,27.0,681.0,1,9.0,36.0,9.0,0.0
122,1.0,0,54.0,0.0,54.0,1.0,1.0,9,9,9,0,0,18,18,27.0,681.0,1,9.0,36.0,9.0,0.0
123,1.0,0,54.0,0.0,54.0,1.0,1.0,9,9,9,0,0,18,18,27.0,681.0,1,9.0,36.0,9.0,0.0
124,0.9989186851063353,1,48.39689769467786,5.603102305322139,48.79379538935572,0.8962388461977382,0.8888888888888888,9,9,8,1,0,18,16,27.0,685.4703973898569,0,8.396897694677861,32.0,8.396897694677861,0.39689769467786107
125,1.0,0,54.0,0.0,54.0,1.0,1.0,9,9,9,0,0,18,18,27.0,681.0,1,9.0,36.0,9.0,0.0
126,1.0,0,54.0,0.0,54.0,1.0,1.0,9,9,9,0,0,18,18,27.0,681.0,1,9.0,36.0,9.0,0.0
127,0.9967647566698182,1,50.794359101345975,3.205640898654025,51.794359101345975,0.9406362796545551,0.8888888888888888,9,9,8,1,0,18,16,27.0,680.9103906613769,0,9.0,33.794359101345975,9.0,1.0
128,1.0,0,54.0,0.0,54.0,1.0,1.0,9,9,9,0,0,18,18,27.0,681.0,1,9.0,36.0,9.0,0.0
129,1.0,0,54.0,0.0,54.0,1.0,1.0,9,9,9,0,0,18,18,27.0,681.0,1,9.0,36.0,9.0,0.0
130,0.9981374926276254,1,52.955901948997564,1.044098051002436,53.955901948997564,0.9806648509073623,0.8888888888888888,9,9,8,1,0,18,16,27.0,679.9348916812709,0,9.0,35.955901948997564,9.0,1.0
131,1.0,0,54.0,0.0,54.0,1.0,1.0,9,9,9,0,0,18,18,27.0,681.0,1,9.0,36.0,9.0,0.0
132,0.9934491246117015,2,49.17445303655853,4.825546963441468,51.17445303655853,0.9106380191955283,0.7777777777777778,9,9,7,2,0,18,14,27.0,679.1655906279516,0,9.0,33.17445303655853,9.0,2.0
133,1.0,0,54.0,0.0,54.0,1.0,1.0,9,9,9,0,0,18,18,27.0,681.0,1,9.0,36.0,9.0,0.0
134,1.0,0,54.0,0.0,54.0,1.0,1.0,9,9,9,0,0,18,18,27.0,681.0,1,9.0,36.0,9.0,0.0
135,1.0,0,54.0,0.0,54.0,1.0,1.0,9,9,9,0,0,18,18,27.0,681.0,1,9.0,36.0,9.0,0.0
136,1.0,0,54.0,0.0,54.0,1.0,1.0,9,9,9,0,0,18,18,27.0,681.0,1,9.0,36.0,9.0,0.0
137,1.0,0,54.0,0.0,54.0,1.0,1.0,9,9,9,0,0,18,18,27.0,681.0,1,9.0,36.0,9.0,0.0
138,0.9976628429614769,1,52.816557371026406,1.1834426289735944,53.816557371026406,0.9780843957597483,0.8888888888888888,9,9,8,1,0,18,16,27.0,679.6641389476895,0,9.0,35.816557371026406,9.0,1.0
139,0.9986541813018356,1,50.78267758113154,3.217322418868463,51.78267758113154,0.9404199552061395,0.8888888888888888,9,9,8,1,0,18,16,27.0,682.5545350636544,0,9.0,33.78267758113154,9.0,1.0
140,0.9988591935882414,1,50.93547891827586,3.0645210817241377,51.93547891827586,0.9432496095977011,0.8888888888888888,9,9,8,1,0,18,16,27.0,682.5788643419648,0,9.0,33.93547891827586,9.0,1.0
141,1.0,0,54.0,0.0,54.0,1.0,1.0,9,9,9,0,0,18,18,27.0,681.0,1,9.0,36.0,9.0,0.0
142,1.0,0,54.0,0.0,54.0,1.0,1.0,9,9,9,0,0,18,18,27.0,681.0,1,9.0,36.0,9.0,0.0
143,0.9990755210166437,1,50.498140402839056,3.5018595971609443,51.498140402839056,0.9351507482007233,0.8888888888888888,9,9,8,1,0,18,16,27.0,683.203109755541,0,9.0,33.498140402839056,9.0,1.0
144,1.0,0,54.0,0.0,54.0,1.0,1.0,9,9,9,0,0,18,18,27.0,681.0,1,9.0,36.0,9.0,0.0
145,0.9923944323140885,1,50.6282031650876,3.371796834912402,51.6282031650876,0.9375593178719925,0.8888888888888888,9,9,8,1,0,18,16,27.0,677.3005863542849,0,9.0,33.6282031650876,9.0,1.0
146,1.0,0,54.0,0.0,54.0,1.0,1.0,9,9,9,0,0,18,18,27.0,681.0,1,9.0,36.0,9.0,0.0
147,0.9968780000014174,1,52.15486040409841,1.8451395959015926,53.15486040409841,0.9658307482240446,0.8888888888888888,9,9,8,1,0,18,16,27.0,679.6477315971263,0,9.0,35.15486040409841,9.0,1.0
148,1.0,0,54.0,0.0,54.0,1.0,1.0,9,9,9,0,0,18,18,27.0,681.0,1,9.0,36.0,9.0,0.0
149,0.9961708296919476,1,48.754215919645006,5.245784080354994,49.50843183929001,0.9028558503637965,0.8888888888888888,9,9,8,1,0,18,16,27.0,682.5602729743753,0,8.754215919645006,32.0,8.754215919645006,0.7542159196450058
150,0.997497211873345,1,50.21645226958802,3.783547730411982,51.21645226958802,0.929934301288667,0.8888888888888888,9,9,8,1,0,18,16,27.0,682.1211387889821,0,9.0,33.21645226958802,9.0,1.0
151,0.9989213413528644,1,53.7674595322144,0.23254046778559712,54.0,0.9956936950410075,0.8888888888888888,9,9,8,1,0,18,16,27.0,680.1843091627675,0,9.0,36.0,9.0,0.23254046778559712
152,1.0,0,54.0,0.0,54.0,1.0,1.0,9,9,9,0,0,18,18,27.0,681.0,1,9.0,36.0,9.0,0.0
153,0.9988916588326018,1,52.83486877500496,1.1651312249950365,53.83486877500496,0.9784234958334252,0.8888888888888888,9,9,8,1,0,18,16,27.0,680.7075244563631,0,9.0,35.83486877500496,9.0,1.0
154,1.0,0,54.0,0.0,54.0,1.0,1.0,9,9,9,0,0,18,18,27.0,681.0,1,9.0,36.0,9.0,0.0
155,1.0,0,54.0,0.0,54.0,1.0,1.0,9,9,9,0,0,18,18,27.0,681.0,1,9.0,36.0,9.0,0.0
156,1.0,0,54.0,0.0,54.0,1.0,1.0,9,9,9,0,0,18,18,27.0,681.0,1,9.0,36.0,9.0,0.0
157,1.0,0,54.0,0.0,54.0,1.0,1.0,9,9,9,0,0,18,18,27.0,681.0,1,9.0,36.0,9.0,0.0
158,1.0,0,54.0,0.0,54.0,1.0,1.0,9,9,9,0,0,18,18,27.0,681.0,1,9.0,36.0,9.0,0.0
159,0.9979507450620312,1,53.068134997253246,0.9318650027467541,54.0,0.982743240689875,0.8888888888888888,9,9,8,1,0,18,16,27.0,679.6953762349683,0,9.0,36.0,9.0,0.9318650027467541
160,1.0,0,54.0,0.0,54.0,1.0,1.0,9,9,9,0,0,18,18,27.0,681.0,1,9.0,36.0,9.0,0.0
161,1.0,0,54.0,0.0,54.0,1.0,1.0,9,9,9,0,0,18,18,27.0,681.0,1,9.0,36.0,9.0,0.0
162,0.9977411657180681,1,51.56315931477589,2.4368406852241122,52.56315931477589,0.9548733206439979,0.8888888888888888,9,9,8,1,0,18,16,27.0,680.9852078656351,0,9.0,34.56315931477589,9.0,1.0
163,1.0,0,54.0,0.0,54.0,1.0,1.0,9,9,9,0,0,18,18,27.0,681.0,1,9.0,36.0,9.0,0.0
164,0.9945693212520014,2,46.22349020843551,7.776509791564493,48.22349020843551,0.8559905594154723,0.7777777777777778,9,9,7,2,0,18,14,27.0,683.0844033532937,0,9.0,30.223490208435507,9.0,2.0
165,1.0,0,54.0,0.0,54.0,1.0,1.0,9,9,9,0,0,18,18,27.0,681.0,1,9.0,36.0,9.0,0.0
166,0.9947366023775707,3,49.848661625304345,4.151338374695655,52.063623703614866,0.923123363431562,0.6666666666666666,9,9,6,3,0,18,12,27.000000000000007,679.4962817897615,0,9.0,34.063623703614866,9.0,2.2149620783105206
167,0.9992398313830577,1,52.75200600036749,1.247993999632513,53.75200600036749,0.9768890000068053,0.8888888888888888,9,9,8,1,0,18,16,27.0,681.0912083145945,0,9.0,35.75200600036749,9.0,1.0
168,0.9933005929144536,2,48.49634440681325,5.50365559318675,50.49634440681325,0.8980804519780231,0.7777777777777778,9,9,7,2,0,18,14,27.0,679.7153678712746,0,9.0,32.49634440681325,9.0,2.0
169,0.9955038959388323,2,47.939902429639034,6.060097570360966,49.939902429639034,0.8877759709192413,0.7777777777777778,9,9,7,2,0,18,14,27.0,682.1754636615119,0,9.0,31.93990242963903,9.0,2.0
170,1.0,0,54.0,0.0,54.0,1.0,1.0,9,9,9,0,0,18,18,27.0,681.0,1,9.0,36.0,9.0,0.0
171,0.9930594292293162,1,48.27422999459921,5.72577000540079,48.54845998919842,0.8939672221222076,0.8888888888888888,9,9,8,1,0,18,16,27.0,680.5920018622303,0,8.27422999459921,32.0,8.27422999459921,0.27422999459921016
172,1.0,0,54.0,0.0,54.0,1.0,1.0,9,9,9,0,0,18,18,27.0,681.0,1,9.0,36.0,9.0,0.0
173,1.0,0,54.0,0.0,54.0,1.0,1.0,9,9,9,0,0,18,18,27.0,681.0,1,9.0,36.0,9.0,0.0
174,1.0,0,54.0,0.0,54.0,1.0,1.0,9,9,9,0,0,18,18,27.0,681.0,1,9.0,36.0,9.0,0.0
175,1.0,0,54.0,0.0,54.0,1.0,1.0,9,9,9,0,0,18,18,27.0,681.0,1,9.0,36.0,9.0,0.0
176,0.9990890225475962,1,49.07710930802622,4.922890691973777,50.07710930802622,0.9088353575560412,0.8888888888888888,9,9,8,1,0,18,16,27.0,684.6358061730969,0,9.0,32.07710930802622,9.0,1.0
177,1.0,0,54.0,0.0,54.0,1.0,1.0,9,9,9,0,0,18,18,27.0,681.0,1,9.0,36.0,9.0,0.0
178,0.9962477465232317,1,50.57404810296275,3.425951897037251,51.57404810296275,0.936556446351162,0.8888888888888888,9,9,8,1,0,18,16,27.0,680.6840048931094,0,9.0,33.57404810296275,9.0,1.0
179,0.9986505288556066,1,51.54596100736997,2.454038992630032,52.54596100736997,0.9545548334698142,0.8888888888888888,9,9,8,1,0,18,16,27.0,681.7880959238742,0,9.0,34.54596100736997,9.0,1.0
180,0.9960695070318105,1,52.78374591837745,1.2162540816225516,53.78374591837745,0.9774767762662491,0.8888888888888888,9,9,8,1,0,18,16,27.0,678.320308157107,0,9.0,35.78374591837745,9.0,1.0
181,0.9994878560525549,1,53.21259168800054,0.7874083119994566,54.0,0.9854183645926027,0.8888888888888888,9,9,8,1,0,18,16,27.0,680.9512117854072,0,9.0,36.0,9.0,0.7874083119994566
182,0.9953651940970338,1,50.95148058744317,3.0485194125568285,51.95148058744317,0.9435459368045032,0.8888888888888888,9,9,8,1,0,18,16,27.0,679.5440471123941,0,9.0,33.95148058744317,9.0,1.0
183,1.0,0,54.0,0.0,54.0,1.0,1.0,9,9,9,0,0,18,18,27.0,681.0,1,9.0,36.0,9.0,0.0
184,0.9872010022905732,2,48.098571965399785,5.901428034600215,50.098571965399785,0.8907142956555516,0.7777777777777778,9,9,7,2,0,18,14,27.0,674.8430940136554,0,9.0,32.098571965399785,9.0,2.0
185,0.9922528056240878,1,49.25488629916508,4.745113700834921,50.25488629916508,0.9121275240586125,0.8888888888888888,9,9,8,1,0,18,16,27.0,678.5515377600468,0,9.0,32.25488629916508,9.0,1.0
186,1.0,0,54.0,0.0,54.0,1.0,1.0,9,9,9,0,0,18,18,27.0,681.0,1,9.0,36.0,9.0,0.0
187,1.0,0,54.0,0.0,54.0,1.0,1.0,9,9,9,0,0,18,18,27.0,681.0,1,9.0,36.0,9.0,0.0
188,1.0,0,54.0,0.0,54.0,1.0,1.0,9,9,9,0,0,18,18,27.0,681.0,1,9.0,36.0,9.0,0.0
189,0.9983696439289688,1,52.277465754129,1.7225342458710031,53.277465754129,0.9681012176690555,0.8888888888888888,9,9,8,1,0,18,16,27.0,680.8139066005,0,9.0,35.277465754129,9.0,1.0
190,1.0,0,54.0,0.0,54.0,1.0,1.0,9,9,9,0,0,18,18,27.0,681.0,1,9.0,36.0,9.0,0.0
191,1.0,0,54.0,0.0,54.0,1.0,1.0,9,9,9,0,0,18,18,27.0,681.0,1,9.0,36.0,9.0,0.0
192,1.0,0,54.0,0.0,54.0,1.0,1.0,9,9,9,0,0,18,18,27.0,681.0,1,9.0,36.0,9.0,0.0
193,1.0,0,54.0,0.0,54.0,1.0,1.0,9,9,9,0,0,18,18,27.0,681.0,1,9.0,36.0,9.0,0.0
194,0.9956986079274317,1,51.863446102722364,2.1365538972776363,52.863446102722364,0.9604341870874512,0.8888888888888888,9,9,8,1,0,18,16,27.0,678.9201511465786,0,9.0,34.863446102722364,9.0,1.0
195,1.0,0,54.0,0.0,54.0,1.0,1.0,9,9,9,0,0,18,18,27.0,681.0,1,9.0,36.0,9.0,0.0
196,1.0,0,54.0,0.0,54.0,1.0,1.0,9,9,9,0,0,18,18,27.0,681.0,1,9.0,36.0,9.0,0.0
197,0.9935421708423986,1,49.00770915316447,4.99229084683553,50.00770915316447,0.9075501695030458,0.8888888888888888,9,9,8,1,0,18,16,27.0,679.912726454668,0,9.0,32.00770915316447,9.0,1.0
198,0.99841020826851,1,51.068138470697065,2.9318615293029353,52.068138470697065,0.9457062679758715,0.8888888888888888,9,9,8,1,0,18,16,27.0,682.0582814732956,0,9.0,34.068138470697065,9.0,1.0
199,1.0,0,54.0,0.0,54.0,1.0,1.0,9,9,9,0,0,18,18,27.0,681.0,1,9.0,36.0,9.0,0.0
200,1.0,0,54.0,0.0,54.0,1.0,1.0,9,9,9,0,0,18,18,27.0,681.0,1,9.0,36.0,9.0,0.0
201,0.9878829950733741,1,48.605039256483714,5.394960743516286,49.21007851296743,0.9000933195645132,0.8888888888888888,9,9,8,1,0,18,16,27.0,675.6233488586697,0,8.605039256483714,32.0,8.605039256483714,0.6050392564837139
202,1.0,0,54.0,0.0,54.0,1.0,1.0,9,9,9,0,0,18,18,27.0,681.0,1,9.0,36.0,9.0,0.0
203,1.0,0,54.0,0.0,54.0,1.0,1.0,9,9,9,0,0,18,18,27.0,681.0,1,9.0,36.0,9.0,0.0
204,0.997894207244067,1,49.75302448379638,4.246975516203619,50.75302448379638,0.9213523052554885,0.8888888888888888,9,9,8,1,0,18,16,27.0,682.9275705750774,0,9.0,32.75302448379638,9.0,1.0
205,0.996179901132577,1,51.727625646402444,2.272374353597556,52.727625646402444,0.9579189934518971,0.8888888888888888,9,9,8,1,0,18,16,27.0,679.4718089321441,0,9.0,34.727625646402444,9.0,1.0
206,0.9955455153671294,1,51.40176843079476,2.5982315692052396,52.40176843079476,0.9518846005702734,0.8888888888888888,9,9,8,1,0,18,16,27.0,679.2495568464051,0,9.0,34.40176843079476,9.0,1.0
207,0.9944591973258293,2,47.55689821813914,6.443101781860861,48.82090294414803,0.88068330033591,0.7777777777777778,9,9,7,2,0,18,14,27.0,682.023845908373,0,8.410451472074016,32.0,8.410451472074016,1.2640047260088956
208,0.9956856537508817,1,49.58623852626101,4.413761473738987,50.58623852626101,0.9182636764122409,0.8888888888888888,9,9,8,1,0,18,16,27.0,681.1861663145007,0,9.0,32.58623852626101,9.000000000000004,1.0000000000000036
209,1.0,0,54.0,0.0,54.0,1.0,1.0,9,9,9,0,0,18,18,27.0,681.0,1,9.0,36.0,9.0,0.0
210,1.0,0,54.0,0.0,54.0,1.0,1.0,9,9,9,0,0,18,18,27.0,681.0,1,9.0,36.0,9.0,0.0
211,1.0,0,54.0,0.0,54.0,1.0,1.0,9,9,9,0,0,18,18,27.0,681.0,1,9.0,36.0,9.0,0.0
212,1.0,0,54.0,0.0,54.0,1.0,1.0,9,9,9,0,0,18,18,27.0,681.0,1,9.0,36.0,9.0,0.0
213,0.997747616684398,1,53.99328646590055,0.006713534099446861,54.0,0.9998756752944546,0.8888888888888888,9,9,8,1,0,18,16,27.0,679.0572975823698,0,9.0,36.0,9.0,0.006713534099446861
214,0.98758353215713,2,47.15928295500597,6.8407170449940295,48.554760124189855,0.8733200547223328,0.7777777777777778,9,9,7,2,0,18,14,27.0,676.4151502441624,0,8.395477169183884,31.763805785822086,8.395477169183884,1.3954771691838843
215,1.0,0,54.0,0.0,54.0,1.0,1.0,9,9,9,0,0,18,18,27.0,681.0,1,9.0,36.0,9.0,0.0
216,1.0,0,54.0,0.0,54.0,1.0,1.0,9,9,9,0,0,18,18,27.0,681.0,1,9.0,36.0,9.0,0.0
217,1.0,0,54.0,0.0,54.0,1.0,1.0,9,9,9,0,0,18,18,27.0,681.0,1,9.0,36.0,9.0,0.0
218,1.0,0,54.0,0.0,54.0,1.0,1.0,9,9,9,0,0,18,18,27.0,681.0,1,9.0,36.0,9.0,0.0
219,0.9952726175151755,1,53.32179290263623,0.6782070973637673,54.0,0.9874406093080784,0.8888888888888888,9,9,8,1,0,18,16,27.0,677.2546450817936,0,9.0,36.0,9.0,0.6782070973637673
220,0.9949225162822523,2,53.027856034355324,0.9721439656446762,54.0,0.981997333969543,0.7777777777777778,9,9,7,2,0,18,14,27.0,677.0991260506883,0,9.0,36.0,9.0,0.9721439656446762
221,1.0,0,54.0,0.0,54.0,1.0,1.0,9,9,9,0,0,18,18,27.0,681.0,1,9.0,36.0,9.0,0.0
222,1.0,0,54.0,0.0,54.0,1.0,1.0,9,9,9,0,0,18,18,27.0,681.0,1,9.0,36.0,9.0,0.0
223,1.0,0,54.0,0.0,54.0,1.0,1.0,9,9,9,0,0,18,18,27.0,681.0,1,9.0,36.0,9.0,0.0
224,1.0,0,54.0,0.0,54.0,1.0,1.0,9,9,9,0,0,18,18,27.0,681.0,1,9.0,36.0,9.0,0.0
225,0.9952544730690986,1,50.13376467025958,3.8662353297404195,51.13376467025958,0.9284030494492514,0.8888888888888888,9,9,8,1,0,18,16,27.0,680.2661000614416,0,9.0,33.13376467025958,9.0,1.0
226,0.9968818453874879,1,48.43886344989306,5.561136550106937,48.877726899786126,0.8970159898128345,0.8888888888888888,9,9,8,1,0,18,16,27.0,683.6476192399499,0,8.43886344989306,32.0,8.43886344989306,0.43886344989305925
227,1.0,0,54.0,0.0,54.0,1.0,1.0,9,9,9,0,0,18,18,27.0,681.0,1,9.0,36.0,9.0,0.0
228,1.0,0,54.0,0.0,54.0,1.0,1.0,9,9,9,0,0,18,18,27.0,681.0,1,9.0,36.0,9.0,0.0
229,1.0,0,54.0,0.0,54.0,1.0,1.0,9,9,9,0,0,18,18,27.0,681.0,1,9.0,36.0,9.0,0.0
230,1.0,0,54.0,0.0,54.0,1.0,1.0,9,9,9,0,0,18,18,27.0,681.0,1,9.0,36.0,9.0,0.0
231,0.9978685933734733,1,48.278961497783314,5.721038502216686,48.55792299556663,0.8940548425515429,0.8888888888888888,9,9,8,1,0,18,16,27.0,684.7400224280061,0,8.278961497783314,32.0,8.278961497783314,0.2789614977833139
232,0.9986713284383925,1,51.39186501203514,2.60813498796486,52.39186501203514,0.9517012039265766,0.8888888888888888,9,9,8,1,0,18,16,27.0,681.9601627587359,0,9.0,34.39186501203514,9.0,1.0
233,1.0,0,54.0,0.0,54.0,1.0,1.0,9,9,9,0,0,18,18,27.0,681.0,1,9.0,36.0,9.0,0.0
234,1.0,0,54.0,0.0,54.0,1.0,1.0,9,9,9,0,0,18,18,27.0,681.0,1,9.0,36.0,9.0,0.0
235,1.0,0,54.0,0.0,54.0,1.0,1.0,9,9,9,0,0,18,18,27.0,681.0,1,9.0,36.0,9.0,0.0
236,1.0,0,54.0,0.0,54.0,1.0,1.0,9,9,9,0,0,18,18,27.0,681.0,1,9.0,36.0,9.0,0.0
237,0.9960103254585456,2,50.74881593898766,3.2511840610123386,52.74881593898766,0.9397928877590308,0.7777777777777778,9,9,7,2,0,18,14,27.0,679.8041052571957,0,9.0,34.74881593898766,9.0,2.0
238,0.9951753943668935,2,53.75188613952008,0.24811386047991846,54.0,0.9954052988800015,0.8888888888888888,9,9,8,1,0,18,16,27.0,676.959805494601,0,9.0,36.0,9.0,0.24811386047991846
239,1.0,0,54.0,0.0,54.0,1.0,1.0,9,9,9,0,0,18,18,27.0,681.0,1,9.0,36.0,9.0,0.0
240,0.9880445809581478,3,46.29291778868429,7.707082211315708,48.99008159793583,0.8572762553460054,0.6666666666666666,9,9,6,3,0,18,12,26.5,677.5290182545298,0,9.0,30.990081597935827,9.0,2.697163809251535
241,0.9988580686869395,1,48.87046286753713,5.129537132462872,49.740925735074256,0.905008571621058,0.8888888888888888,9,9,8,1,0,18,16,27.0,684.70767704421,0,8.870462867537128,32.0,8.870462867537128,0.8704628675371282
242,0.9986514789842991,1,53.020579356621994,0.9794206433780062,54.0,0.9818625806781851,0.8888888888888888,9,9,8,1,0,18,16,27.0,680.3245881641233,0,9.0,36.0,9.0,0.9794206433780062
243,1.0,0,54.0,0.0,54.0,1.0,1.0,9,9,9,0,0,18,18,27.0,681.0,1,9.0,36.0,9.0,0.0
244,1.0,0,54.0,0.0,54.0,1.0,1.0,9,9,9,0,0,18,18,27.0,681.0,1,9.0,36.0,9.0,0.0
245,1.0,0,54.0,0.0,54.0,1.0,1.0,9,9,9,0,0,18,18,27.0,681.0,1,9.0,36.0,9.0,0.0
246,1.0,0,54.0,0.0,54.0,1.0,1.0,9,9,9,0,0,18,18,27.0,681.0,1,9.0,36.0,9.0,0.0
247,0.9953223899040134,1,53.879852858003886,0.12014714199611376,54.0,0.9977750529259979,0.8888888888888888,9,9,8,1,0,18,16,27.0,677.0186184480656,0,9.0,36.0,9.0,0.12014714199611021
248,1.0,0,54.0,0.0,54.0,1.0,1.0,9,9,9,0,0,18,18,27.0,681.0,1,9.0,36.0,9.0,0.0
249,1.0,0,54.0,0.0,54.0,1.0,1.0,9,9,9,0,0,18,18,27.0,681.0,1,9.0,36.0,9.0,0.0
250,1.0,0,54.0,0.0,54.0,1.0,1.0,9,9,9,0,0,18,18,27.0,681.0,1,9.0,36.0,9.0,0.0
251,1.0,0,54.0,0.0,54.0,1.0,1.0,9,9,9,0,0,18,18,27.0,681.0,1,9.0,36.0,9.0,0.0
252,0.9989479302658917,1,48.72603804324136,5.27396195675864,49.45207608648272,0.902334037837803,0.8888888888888888,9,9,8,1,0,18,16,27.0,685.0019546848685,0,8.72603804324136,32.0,8.72603804324136,0.7260380432413598
253,0.9984133943568407,1,48.80820101533526,5.191798984664743,49.616402030670514,0.9038555743580603,0.8888888888888888,9,9,8,1,0,18,16,27.0,684.4168712013075,0,8.808201015335257,32.0,8.808201015335257,0.808201015335257
254,1.0,0,54.0,0.0,54.0,1.0,1.0,9,9,9,0,0,18,18,27.0,681.0,1,9.0,36.0,9.0,0.0
255,1.0,0,54.0,0.0,54.0,1.0,1.0,9,9,9,0,0,18,18,27.0,681.0,1,9.0,36.0,9.0,0.0
256,1.0,0,54.0,0.0,54.0,1.0,1.0,9,9,9,0,0,18,18,27.0,681.0,1,9.0,36.0,9.0,0.0
257,1.0,0,54.0,0.0,54.0,1.0,1.0,9,9,9,0,0,18,18,27.0,681.0,1,9.0,36.0,9.0,0.0
258,1.0,0,54.0,0.0,54.0,1.0,1.0,9,9,9,0,0,18,18,27.0,681.0,1,9.0,36.0,9.0,0.0
259,0.9948236326220111,2,49.19307682960628,4.806923170393723,50.574336082110115,0.910982904251968,0.7777777777777778,9,9,7,2,0,18,14,27.0,680.6439121295593,0,9.0,32.574336082110115,9.0,1.3812592525038383
260,1.0,0,54.0,0.0,54.0,1.0,1.0,9,9,9,0,0,18,18,27.0,681.0,1,9.0,36.0,9.0,0.0
261,1.0,0,54.0,0.0,54.0,1.0,1.0,9,9,9,0,0,18,18,27.0,681.0,1,9.0,36.0,9.0,0.0
262,0.9989464814012697,1,48.95724200743449,5.042757992565512,49.914484014868975,0.9066155927302683,0.8888888888888888,9,9,8,1,0,18,16,27.0,684.6538969195453,0,8.957242007434488,32.0,8.957242007434488,0.9572420074344876
263,1.0,0,54.0,0.0,54.0,1.0,1.0,9,9,9,0,0,18,18,27.0,681.0,1,9.0,36.0,9.0,0.0
264,0.9958937334396433,2,46.89439567240733,7.105604327592673,48.89439567240733,0.8684147346742098,0.7777777777777778,9,9,7,2,0,18,14,27.0,683.5577900194445,0,9.0,30.894395672407327,9.0,2.0
265,0.999550816014648,1,53.95426023518655,0.04573976481344744,54.0,0.9991529673182695,0.8888888888888888,9,9,8,1,0,18,16,27.0,680.6347749190627,0,9.0,36.0,9.0,0.04573976481344744
266,0.9970876239336964,2,48.5021209315267,5.497879068473303,50.5021209315267,0.8981874246579018,0.7777777777777778,9,9,7,2,0,18,14,27.0,682.9815861471869,0,9.0,32.5021209315267,9.0,2.0
267,1.0,0,54.0,0.0,54.0,1.0,1.0,9,9,9,0,0,18,18,27.0,681.0,1,9.0,36.0,9.0,0.0
268,1.0,0,54.0,0.0,54.0,1.0,1.0,9,9,9,0,0,18,18,27.0,681.0,1,9.0,36.0,9.0,0.0
269,1.0,0,54.0,0.0,54.0,1.0,1.0,9,9,9,0,0,18,18,27.0,681.0,1,9.0,36.0,9.0,0.0
270,0.9936925965178013,1,52.986600204002286,1.0133997959977137,53.986600204002286,0.9812333371111535,0.8888888888888888,9,9,8,1,0,18,16,27.0,676.063803187378,0,9.0,35.986600204002286,9.0,1.0
271,1.0,0,54.0,0.0,54.0,1.0,1.0,9,9,9,0,0,18,18,27.0,681.0,1,9.0,36.0,9.0,0.0
272,1.0,0,54.0,0.0,54.0,1.0,1.0,9,9,9,0,0,18,18,27.0,681.0,1,9.0,36.0,9.0,0.0
273,1.0,0,54.0,0.0,54.0,1.0,1.0,9,9,9,0,0,18,18,27.0,681.0,1,9.0,36.0,9.0,0.0
274,0.9995367179970364,1,53.382786520232116,0.6172134797678837,54.0,0.9885701207450391,0.8888888888888888,9,9,8,1,0,18,16,27.0,680.9083310893233,0,9.0,36.0,9.0,0.6172134797678837
275,1.0,0,54.0,0.0,54.0,1.0,1.0,9,9,9,0,0,18,18,27.0,681.0,1,9.0,36.0,9.0,0.0
276,1.0,0,54.0,0.0,54.0,1.0,1.0,9,9,9,0,0,18,18,27.0,681.0,1,9.0,36.0,9.0,0.0
277,0.9941734881235765,3,50.47838154967063,3.5216184503293704,52.81266124712807,0.9347848435124191,0.6666666666666666,9,9,6,3,0,18,12,27.0,678.3203723403707,0,9.0,34.81266124712807,9.0,2.33427969745744
278,0.997108872477026,1,53.741747588480834,0.258252411519166,54.0,0.9952175479348303,0.8888888888888888,9,9,8,1,0,18,16,27.0,678.63119202591,0,9.0,36.0,9.0,0.258252411519166
279,0.9983499510762083,1,49.87529108065682,4.124708919343178,50.87529108065682,0.9236165014936448,0.8888888888888888,9,9,8,1,0,18,16,27.0,683.1990666491872,0,9.0,32.87529108065682,9.0,1.0
280,1.0,0,54.0,0.0,54.0,1.0,1.0,9,9,9,0,0,18,18,27.0,681.0,1,9.0,36.0,9.0,0.0
281,1.0,0,54.0,0.0,54.0,1.0,1.0,9,9,9,0,0,18,18,27.0,681.0,1,9.0,36.0,9.0,0.0
282,1.0,0,54.0,0.0,54.0,1.0,1.0,9,9,9,0,0,18,18,27.0,681.0,1,9.0,36.0,9.0,0.0
283,0.9995213101977641,1,48.21645536140454,5.783544638595458,48.43291072280908,0.8928973215074915,0.8888888888888888,9,9,8,1,0,18,16,27.0,686.2617289687614,0,8.216455361404542,32.0,8.216455361404542,0.2164553614045417
284,1.0,0,54.0,0.0,54.0,1.0,1.0,9,9,9,0,0,18,18,27.0,681.0,1,9.0,36.0,9.0,0.0
285,0.9985993679905779,1,49.103699925585744,4.896300074414256,50.103699925585744,0.9093277763997359,0.8888888888888888,9,9,8,1,0,18,16,27.0,684.1861540182734,0,9.0,32.103699925585744,9.0,1.0
286,1.0,0,54.0,0.0,54.0,1.0,1.0,9,9,9,0,0,18,18,27.0,681.0,1,9.0,36.0,9.0,0.0
287,0.9979652433571539,1,49.34426285016937,4.655737149830628,50.34426285016937,0.9137826453735068,0.8888888888888888,9,9,8,1,0,18,16,27.0,683.3977074104116,0,9.0,32.34426285016937,9.0,1.0
288,0.9986019016769242,1,49.94810670264933,4.0518932973506665,50.94810670264933,0.9249649389379506,0.8888888888888888,9,9,8,1,0,18,16,27.0,683.3439363462132,0,9.0,32.94810670264933,9.0,1.0
289,0.9851488871837967,2,44.88654874151918,9.113451258480822,46.88654874151918,0.831232384102207,0.7777777777777778,9,9,7,2,0,18,14,27.0,676.2820897852812,0,9.0,28.886548741519178,9.0,2.0
290,0.9977387031735785,1,52.14062233065832,1.8593776693416828,53.14062233065832,0.9655670801973762,0.8888888888888888,9,9,8,1,0,18,16,27.0,680.4056172113135,0,9.0,35.14062233065832,9.0,1.0
291,1.0,0,54.0,0.0,54.0,1.0,1.0,9,9,9,0,0,18,18,27.0,681.0,1,9.0,36.0,9.0,0.0
292,0.9975596323677222,1,48.42559614252254,5.5744038574774635,48.85119228504507,0.8967702989356026,0.8888888888888888,9,9,8,1,0,18,16,27.0,684.2531281519282,0,8.425596142522537,32.0,8.425596142522537,0.4255961425225365
293,0.9958668764661377,2,47.680777056774176,6.3192229432258245,48.25994522758177,0.8829773529032254,0.7777777777777778,9,9,7,2,0,18,14,27.0,683.458620124565,0,8.129972613790887,32.0,8.129972613790887,0.5791681708075949
294,0.999120732449179,1,50.03317768306081,3.9668223169391865,51.03317768306081,0.9265403274640891,0.8888888888888888,9,9,8,1,0,18,16,27.0,683.7071351530298,0,9.0,33.03317768306081,9.0,1.0
295,1.0,0,54.0,0.0,54.0,1.0,1.0,9,9,9,0,0,18,18,27.0,681.0,1,9.0,36.0,9.0,0.0
296,1.0,0,54.0,0.0,54.0,1.0,1.0,9,9,9,0,0,18,18,27.0,681.0,1,9.0,36.0,9.0,0.0
297,0.9990672920127404,1,49.16560731393584,4.834392686064163,50.16560731393582,0.9104742095173303,0.8888888888888888,9,9,8,1,0,18,16,27.0,684.5285329850719,0,9.0,32.16560731393584,8.999999999999986,0.9999999999999858
298,0.9976178257704021,2,47.46922202092957,6.530777979070429,49.46922202092957,0.8790596670542513,0.7777777777777778,9,9,7,2,0,18,14,27.0,684.4725794446979,0,9.0,31.46922202092957,9.0,2.0
299,1.0,0,54.0,0.0,54.0,1.0,1.0,9,9,9,0,0,18,18,27.0,681.0,1,9.0,36.0,9.0,0.0
300,1.0,0,54.0,0.0,54.0,1.0,1.0,9,9,9,0,0,18,18,27.0,681.0,1,9.0,36.0,9.0,0.0
301,1.0,0,54.0,0.0,54.0,1.0,1.0,9,9,9,0,0,18,18,27.0,681.0,1,9.0,36.0,9.0,0.0
302,1.0,0,54.0,0.0,54.0,1.0,1.0,9,9,9,0,0,18,18,27.0,681.0,1,9.0,36.0,9.0,0.0
303,1.0,0,54.0,0.0,54.0,1.0,1.0,9,9,9,0,0,18,18,27.0,681.0,1,9.0,36.0,9.0,0.0
304,1.0,0,54.0,0.0,54.0,1.0,1.0,9,9,9,0,0,18,18,27.0,681.0,1,9.0,36.0,9.0,0.0
305,1.0,0,54.0,0.0,54.0,1.0,1.0,9,9,9,0,0,18,18,27.0,681.0,1,9.0,36.0,9.0,0.0
306,1.0,0,54.0,0.0,54.0,1.0,1.0,9,9,9,0,0,18,18,27.0,681.0,1,9.0,36.0,9.0,0.0
307,0.9969780640813729,1,52.90191456245992,1.0980854375400781,53.90191456245992,0.9796650844899986,0.8888888888888888,9,9,8,1,0,18,16,27.0,678.9871328038463,0,9.0,35.90191456245992,9.0,1.0
308,1.0,0,54.0,0.0,54.0,1.0,1.0,9,9,9,0,0,18,18,27.0,681.0,1,9.0,36.0,9.0,0.0
309,1.0,0,54.0,0.0,54.0,1.0,1.0,9,9,9,0,0,18,18,27.0,681.0,1,9.0,36.0,9.0,0.0
310,1.0,0,54.0,0.0,54.0,1.0,1.0,9,9,9,0,0,18,18,27.0,681.0,1,9.0,36.0,9.0,0.0
311,0.9951968587700903,1,52.14489259805134,1.8551074019486578,53.14489259805134,0.965646159223173,0.8888888888888888,9,9,8,1,0,18,16,27.0,678.2051933793068,0,9.0,35.14489259805134,9.0,1.0
312,0.9957259034012824,2,49.98982551538661,4.010174484613387,51.98982551538661,0.9257375095441965,0.7777777777777778,9,9,7,2,0,18,14,27.0,680.3173550233214,0,9.0,33.98982551538661,9.0,2.0
313,1.0,0,54.0,0.0,54.0,1.0,1.0,9,9,9,0,0,18,18,27.0,681.0,1,9.0,36.0,9.0,0.0
314,0.996971873457349,1,49.80374765428059,4.196252345719408,50.80374765428059,0.9222916232274184,0.8888888888888888,9,9,8,1,0,18,16,27.0,682.0799510128688,0,9.0,32.80374765428059,9.0,1.0
315,1.0,0,54.0,0.0,54.0,1.0,1.0,9,9,9,0,0,18,18,27.0,681.0,1,9.0,36.0,9.0,0.0
316,1.0,0,54.0,0.0,54.0,1.0,1.0,9,9,9,0,0,18,18,27.0,681.0,1,9.0,36.0,9.0,0.0
317,1.0,0,54.0,0.0,54.0,1.0,1.0,9,9,9,0,0,18,18,27.0,681.0,1,9.0,36.0,9.0,0.0
318,1.0,0,54.0,0.0,54.0,1.0,1.0,9,9,9,0,0,18,18,27.0,681.0,1,9.0,36.0,9.0,0.0
319,1.0,0,54.0,0.0,54.0,1.0,1.0,9,9,9,0,0,18,18,27.0,681.0,1,9.0,36.0,9.0,0.0
320,1.0,0,54.0,0.0,54.0,1.0,1.0,9,9,9,0,0,18,18,27.0,681.0,1,9.0,36.0,9.0,0.0
321,1.0,0,54.0,0.0,54.0,1.0,1.0,9,9,9,0,0,18,18,27.0,681.0,1,9.0,36.0,9.0,0.0
322,0.9942990109773938,1,48.112760578662176,5.887239421337824,48.22552115732435,0.8909770477530032,0.8888888888888888,9,9,8,1,0,18,16,27.0,681.9052046164751,0,8.112760578662176,32.0,8.112760578662176,0.1127605786621757
323,0.9965339652234398,2,47.00337035921203,6.9966296407879724,48.69974546628872,0.8704327844298524,0.7777777777777778,9,9,7,2,0,18,14,27.0,684.1537880403016,0,8.69637510707669,31.306995252135337,8.69637510707669,1.6963751070766904
324,0.9917020973313236,1,50.891589965975285,3.1084100340247147,51.891589965975285,0.9424368512217646,0.8888888888888888,9,9,8,1,0,18,16,27.0,676.4390221282883,0,9.0,33.891589965975285,9.0,1.0
325,0.9984571450361811,1,53.27258354099163,0.7274164590083672,54.0,0.9865293248331783,0.8888888888888888,9,9,8,1,0,18,16,27.0,680.0306815407646,0,9.0,36.0,9.0,0.7274164590083672
326,1.0,0,54.0,0.0,54.0,1.0,1.0,9,9,9,0,0,18,18,27.0,681.0,1,9.0,36.0,9.0,0.0
327,1.0,0,54.0,0.0,54.0,1.0,1.0,9,9,9,0,0,18,18,27.0,681.0,1,9.0,36.0,9.0,0.0
328,1.0,0,54.0,0.0,54.0,1.0,1.0,9,9,9,0,0,18,18,27.0,681.0,1,9.0,36.0,9.0,0.0
329,1.0,0,54.0,0.0,54.0,1.0,1.0,9,9,9,0,0,18,18,27.0,681.0,1,9.0,36.0,9.0,0.0
330,0.9974479339054626,1,48.05350217435444,5.946497825645558,48.107004348708884,0.8898796698954526,0.8888888888888888,9,9,8,1,0,18,16,27.0,684.714761632788,0,8.053502174354442,32.0,8.053502174354442,0.053502174354441934
331,0.9984599113158752,1,52.57180825106073,1.4281917489392697,53.57180825106073,0.9735520046492728,0.8888888888888888,9,9,8,1,0,18,16,27.0,680.5975551258555,0,9.0,35.57180825106073,9.0,1.0
332,1.0,0,54.0,0.0,54.0,1.0,1.0,9,9,9,0,0,18,18,27.0,681.0,1,9.0,36.0,9.0,0.0
333,0.9980382181828756,2,52.0415490691845,1.958450930815502,53.64102062871966,0.9637323901700833,0.7777777777777778,9,9,7,2,0,18,14,27.0,680.4637356610524,0,9.0,35.64102062871966,9.0,1.5994715595351607
334,0.9941372861564588,1,49.16399569298436,4.836004307015642,50.16399569298436,0.9104443646848955,0.8888888888888888,9,9,8,1,0,18,16,27.0,680.270619546196,0,9.0,32.16399569298436,9.0,1.0
335,1.0,0,54.0,0.0,54.0,1.0,1.0,9,9,9,0,0,18,18,27.0,681.0,1,9.0,36.0,9.0,0.0
336,0.995104776248,1,51.0766366611895,2.9233633388105034,52.0766366611895,0.9458636418738796,0.8888888888888888,9,9,8,1,0,18,16,27.0,679.1938900170824,0,9.0,34.0766366611895,9.0,1.0
337,0.9991661625604318,1,49.30657566948621,4.693424330513793,50.30657566948621,0.913084734620115,0.8888888888888888,9,9,8,1,0,18,16,27.0,684.4729887827268,0,9.0,32.30657566948621,9.0,1.0
338,0.9967811157136379,1,49.488317801665204,4.511682198334796,50.488317801665204,0.9164503296604667,0.8888888888888888,9,9,8,1,0,18,16,27.0,682.2305661749178,0,9.0,32.488317801665204,9.0,1.0
339,1.0,0,54.0,0.0,54.0,1.0,1.0,9,9,9,0,0,18,18,27.0,681.0,1,9.0,36.0,9.0,0.0
340,1.0,0,54.0,0.0,54.0,1.0,1.0,9,9,9,0,0,18,18,27.0,681.0,1,9.0,36.0,9.0,0.0
341,0.9989059907199438,1,51.44924432881231,2.5507556711876873,52.44924432881231,0.9527637838668946,0.8888888888888888,9,9,8,1,0,18,16,27.0,682.1055316532191,0,9.0,34.44924432881231,9.0,1.0
342,0.997054985459455,2,49.23539396707113,4.764606032928867,51.23539396707113,0.9117665549457618,0.7777777777777778,9,9,7,2,0,18,14,27.0,682.220113469898,0,9.0,33.23539396707113,9.0,2.0
343,0.9982212631312046,1,52.8773104998523,1.1226895001477004,53.8773104998523,0.9792094537009685,0.8888888888888888,9,9,8,1,0,18,16,27.0,680.0858608455085,0,9.0,35.8773104998523,9.0,1.0
344,0.9907461184303122,3,49.988544869983826,4.011455130016174,52.52226581212136,0.9257137938885894,0.6666666666666666,9,9,6,3,0,18,12,27.0,675.7492409827371,0,9.0,34.52226581212136,9.0,2.533720942137535
345,1.0,0,54.0,0.0,54.0,1.0,1.0,9,9,9,0,0,18,18,27.0,681.0,1,9.0,36.0,9.0,0.0
346,1.0,0,54.0,0.0,54.0,1.0,1.0,9,9,9,0,0,18,18,27.0,681.0,1,9.0,36.0,9.0,0.0
347,0.9965157790414674,2,49.98972003538155,4.010279964618448,51.18904537280537,0.9257355562107695,0.7777777777777778,9,9,7,2,0,18,14,27.0,681.4002503877344,0,9.0,33.18904537280537,9.0,1.199325337423815
348,1.0,0,54.0,0.0,54.0,1.0,1.0,9,9,9,0,0,18,18,27.0,681.0,1,9.0,36.0,9.0,0.0
349,1.0,0,54.0,0.0,54.0,1.0,1.0,9,9,9,0,0,18,18,27.0,681.0,1,9.0,36.0,9.0,0.0
350,0.9985506998726907,1,49.35095745702574,4.649042542974257,50.35095745702574,0.9139066195745508,0.8888888888888888,9,9,8,1,0,18,16,27.0,683.8968472329791,0,9.0,32.35095745702574,9.0,1.0
351,1.0,0,54.0,0.0,54.0,1.0,1.0,9,9,9,0,0,18,18,27.0,681.0,1,9.0,36.0,9.0,0.0
352,0.998558364101421,1,49.88924875721254,4.110751242787458,50.889248757212556,0.9238749769854174,0.8888888888888888,9,9,8,1,0,18,16,27.0,683.3651778264152,0,9.0,32.88924875721254,9.000000000000014,1.0000000000000142
353,1.0,0,54.0,0.0,54.0,1.0,1.0,9,9,9,0,0,18,18,27.0,681.0,1,9.0,36.0,9.0,0.0
354,1.0,0,54.0,0.0,54.0,1.0,1.0,9,9,9,0,0,18,18,27.0,681.0,1,9.0,36.0,9.0,0.0
355,0.9944291076655147,2,47.256565873163495,6.743434126836505,49.256565873163495,0.8751215902437685,0.7777777777777778,9,9,7,2,0,18,14,27.0,681.9301831498414,0,9.0,31.256565873163495,9.0,2.0
356,0.9982744035246853,1,53.666156674340534,0.3338433256594655,54.0,0.9938177161914914,0.8888888888888888,9,9,8,1,0,18,16,27.0,679.6760063081579,0,9.0,36.0,9.0,0.3338433256594655
357,1.0,0,54.0,0.0,54.0,1.0,1.0,9,9,9,0,0,18,18,27.0,681.0,1,9.0,36.0,9.0,0.0
358,0.9989346388837131,1,51.80603938451817,2.193960615481828,52.80603938451817,0.9593710997132995,0.8888888888888888,9,9,8,1,0,18,16,27.0,681.7734886110101,0,9.0,34.80603938451817,9.0,1.0
359,1.0,0,54.0,0.0,54.0,1.0,1.0,9,9,9,0,0,18,18,27.0,681.0,1,9.0,36.0,9.0,0.0
360,1.0,0,54.0,0.0,54.0,1.0,1.0,9,9,9,0,0,18,18,27.0,681.0,1,9.0,36.0,9.0,0.0
361,1.0,0,54.0,0.0,54.0,1.0,1.0,9,9,9,0,0,18,18,27.0,681.0,1,9.0,36.0,9.0,0.0
362,0.9964513821111276,1,49.07512307104429,4.924876928955712,50.07512307104429,0.9087985753897091,0.8888888888888888,9,9,8,1,0,18,16,27.0,682.35887107297,0,9.0,32.07512307104429,9.0,1.0
363,1.0,0,54.0,0.0,54.0,1.0,1.0,9,9,9,0,0,18,18,27.0,681.0,1,9.0,36.0,9.0,0.0
364,1.0,0,54.0,0.0,54.0,1.0,1.0,9,9,9,0,0,18,18,27.0,681.0,1,9.0,36.0,9.0,0.0
365,0.9971664605601808,2,49.364158981334725,4.635841018665275,51.364158981334725,0.9141510922469394,0.7777777777777778,9,9,7,2,0,18,14,27.0,682.1876629426614,0,9.0,33.364158981334725,9.0,2.0
366,0.9929554009023691,2,48.18183628717584,5.818163712824159,49.2310903797881,0.8922562275402933,0.7777777777777778,9,9,7,2,0,18,14,27.0,680.2070030461649,0,8.61554518989405,32.0,8.61554518989405,1.0492540926122587
367,0.9957945392721709,2,48.836579119755925,5.163420880244075,49.67315823951185,0.9043810948102949,0.8888888888888888,9,9,8,1,0,18,16,27.0,682.134908369343,0,8.836579119755925,32.0,8.836579119755925,0.8365791197559247
368,0.9973320498835515,1,48.93537318895664,5.064626811043361,49.87074637791328,0.9062106146103082,0.8888888888888888,9,9,8,1,0,18,16,27.0,683.2918313159537,0,8.935373188956639,32.0,8.935373188956639,0.935373188956639
369,0.9807701608714336,2,44.684559530833354,9.315440469166646,45.97001443065162,0.8274918431635806,0.7777777777777778,9,9,7,2,0,18,14,27.0,673.0581320121762,0,8.285454899818262,29.39910463101509,8.285454899818262,1.2854548998182622
370,1.0,0,54.0,0.0,54.0,1.0,1.0,9,9,9,0,0,18,18,27.0,681.0,1,9.0,36.0,9.0,0.0
371,0.9991955789915052,1,50.529456959613725,3.470543040386275,51.529456959613725,0.9357306844372912,0.8888888888888888,9,9,8,1,0,18,16,27.0,683.2755232890468,0,9.0,33.529456959613725,9.0,1.0
372,1.0,0,54.0,0.0,54.0,1.0,1.0,9,9,9,0,0,18,18,27.0,681.0,1,9.0,36.0,9.0,0.0
373,1.0,0,54.0,0.0,54.0,1.0,1.0,9,9,9,0,0,18,18,27.0,681.0,1,9.0,36.0,9.0,0.0
374,1.0,0,54.0,0.0,54.0,1.0,1.0,9,9,9,0,0,18,18,27.0,681.0,1,9.0,36.0,9.0,0.0
375,1.0,0,54.0,0.0,54.0,1.0,1.0,9,9,9,0,0,18,18,27.0,681.0,1,9.0,36.0,9.0,0.0
376,1.0,0,54.0,0.0,54.0,1.0,1.0,9,9,9,0,0,18,18,27.0,681.0,1,9.0,36.0,9.0,0.0
377,1.0,0,54.0,0.0,54.0,1.0,1.0,9,9,9,0,0,18,18,27.0,681.0,1,9.0,36.0,9.0,0.0
378,1.0,0,54.0,0.0,54.0,1.0,1.0,9,9,9,0,0,18,18,27.0,681.0,1,9.0,36.0,9.0,0.0
379,0.9976681879291206,2,45.41253738645257,8.58746261354743,47.09081572315981,0.8409729145639365,0.7777777777777778,9,9,7,2,0,18,14,27.0,686.7336378159539,0,8.678278336707237,29.734259049745333,8.678278336707237,1.678278336707237
380,0.9970966963088046,1,48.32978850508319,5.670211494916813,48.65957701016637,0.8949960834274664,0.8888888888888888,9,9,8,1,0,18,16,27.0,683.9968628531823,0,8.329788505083187,32.0,8.329788505083187,0.3297885050831866
381,1.0,0,54.0,0.0,54.0,1.0,1.0,9,9,9,0,0,18,18,27.0,681.0,1,9.0,36.0,9.0,0.0
382,0.9930611608711467,1,52.94763995772476,1.0523600422752395,53.94763995772476,0.9805118510689771,0.8888888888888888,9,9,8,1,0,18,16,27.0,675.557203034946,0,9.0,35.94763995772476,9.0,1.0
383,1.0,0,54.0,0.0,54.0,1.0,1.0,9,9,9,0,0,18,18,27.0,681.0,1,9.0,36.0,9.0,0.0
384,1.0,0,54.0,0.0,54.0,1.0,1.0,9,9,9,0,0,18,18,27.0,681.0,1,9.0,36.0,9.0,0.0
385,1.0,0,54.0,0.0,54.0,1.0,1.0,9,9,9,0,0,18,18,27.0,681.0,1,9.0,36.0,9.0,0.0
386,0.9993189511497308,1,49.859728182981925,4.140271817018075,50.859728182981925,0.9233282996848504,0.8888888888888888,9,9,8,1,0,18,16,27.0,684.0518456103856,0,9.0,32.859728182981925,9.0,1.0
387,0.9960071226660341,2,49.30236474689967,4.69763525310033,51.30236474689967,0.9130067545722161,0.7777777777777778,9,9,7,2,0,18,14,27.0,681.2477892365538,0,9.0,33.30236474689967,9.0,2.0
388,1.0,0,54.0,0.0,54.0,1.0,1.0,9,9,9,0,0,18,18,27.0,681.0,1,9.0,36.0,9.0,0.0
389,1.0,0,54.0,0.0,54.0,1.0,1.0,9,9,9,0,0,18,18,27.0,681.0,1,9.0,36.0,9.0,0.0
390,1.0,0,54.0,0.0,54.0,1.0,1.0,9,9,9,0,0,18,18,27.0,681.0,1,9.0,36.0,9.0,0.0
391,1.0,0,54.0,0.0,54.0,1.0,1.0,9,9,9,0,0,18,18,27.0,681.0,1,9.0,36.0,9.0,0.0
392,1.0,0,54.0,0.0,54.0,1.0,1.0,9,9,9,0,0,18,18,27.0,681.0,1,9.0,36.0,9.0,0.0
393,1.0,0,54.0,0.0,54.0,1.0,1.0,9,9,9,0,0,18,18,27.0,681.0,1,9.0,36.0,9.0,0.0
394,1.0,0,54.0,0.0,54.0,1.0,1.0,9,9,9,0,0,18,18,27.0,681.0,1,9.0,36.0,9.0,0.0
395,0.9976154483234398,1,51.681590895602326,2.3184091043976736,52.681590895602326,0.9570664980667097,0.8888888888888888,9,9,8,1,0,18,16,27.0,680.7581564558498,0,9.0,34.681590895602326,9.0,1.0
396,1.0,0,54.0,0.0,54.0,1.0,1.0,9,9,9,0,0,18,18,27.0,681.0,1,9.0,36.0,9.0,0.0
397,0.9979857287207158,1,51.48497979077209,2.515020209227913,52.48497979077209,0.9534255516809645,0.8888888888888888,9,9,8,1,0,18,16,27.0,681.2746898239263,0,9.0,34.48497979077209,9.0,1.0
398,1.0,0,54.0,0.0,54.0,1.0,1.0,9,9,9,0,0,18,18,27.0,681.0,1,9.0,36.0,9.0,0.0
399,0.9991924406253534,1,51.175575329529465,2.8244246704705347,52.175575329529465,0.9476958394357309,0.8888888888888888,9,9,8,1,0,18,16,27.0,682.6266933707759,0,9.0,34.175575329529465,9.0,1.0
400,0.9988635765353683,1,50.98949900496841,3.0105009950315917,51.98949900496841,0.944249981573489,0.8888888888888888,9,9,8,1,0,18,16,27.0,682.5286311215897,0,9.0,33.98949900496841,9.0,1.0
401,1.0,0,54.0,0.0,54.0,1.0,1.0,9,9,9,0,0,18,18,27.0,681.0,1,9.0,36.0,9.0,0.0
402,1.0,0,54.0,0.0,54.0,1.0,1.0,9,9,9,0,0,18,18,27.0,681.0,1,9.0,36.0,9.0,0.0
403,1.0,0,54.0,0.0,54.0,1.0,1.0,9,9,9,0,0,18,18,27.0,681.0,1,9.0,36.0,9.0,0.0
404,1.0,0,54.0,0.0,54.0,1.0,1.0,9,9,9,0,0,18,18,27.0,681.0,1,9.0,36.0,9.0,0.0
405,0.9937700988087257,3,47.08982693763697,6.910173062363029,49.13461351601714,0.8720338321784624,0.6666666666666666,9,9,6,3,0,18,12,27.0,681.5051451439119,0,9.0,31.13461351601714,9.0,2.044786578380169
406,1.0,0,54.0,0.0,54.0,1.0,1.0,9,9,9,0,0,18,18,27.0,681.0,1,9.0,36.0,9.0,0.0
407,1.0,0,54.0,0.0,54.0,1.0,1.0,9,9,9,0,0,18,18,27.0,681.0,1,9.0,36.0,9.0,0.0
408,1.0,0,54.0,0.0,54.0,1.0,1.0,9,9,9,0,0,18,18,27.0,681.0,1,9.0,36.0,9.0,0.0
409,0.9976156878165717,1,52.311847805199136,1.688152194800864,53.311847805199136,0.9687379223185025,0.8888888888888888,9,9,8,1,0,18,16,27.0,680.1281064683187,0,9.0,35.311847805199136,9.0,1.0
410,1.0,0,54.0,0.0,54.0,1.0,1.0,9,9,9,0,0,18,18,27.0,681.0,1,9.0,36.0,9.0,0.0
411,1.0,0,54.0,0.0,54.0,1.0,1.0,9,9,9,0,0,18,18,27.0,681.0,1,9.0,36.0,9.0,0.0
412,1.0,0,54.0,0.0,54.0,1.0,1.0,9,9,9,0,0,18,18,27.0,681.0,1,9.0,36.0,9.0,0.0
413,1.0,0,54.0,0.0,54.0,1.0,1.0,9,9,9,0,0,18,18,27.0,681.0,1,9.0,36.0,9.0,0.0
414,0.9991184900864646,1,53.28376963880376,0.7162303611962386,54.0,0.9867364747926622,0.8888888888888888,9,9,8,1,0,18,16,27.0,680.5964906153035,0,9.0,36.0,9.0,0.7162303611962386
415,0.9973140188716579,1,49.20363048977299,4.796369510227009,50.20363048977299,0.9111783424032035,0.8888888888888888,9,9,8,1,0,18,16,27.0,682.9756818153396,0,9.0,32.20363048977299,9.0,1.0
416,1.0,0,54.0,0.0,54.0,1.0,1.0,9,9,9,0,0,18,18,27.0,681.0,1,9.0,36.0,9.0,0.0
417,0.9931677425299897,1,48.95979708637282,5.0402029136271835,49.91959417274563,0.906662909006904,0.8888888888888888,9,9,8,1,0,18,16,27.0,679.657233916352,0,8.959797086372816,32.0,8.959797086372816,0.9597970863728165
418,1.0,0,54.0,0.0,54.0,1.0,1.0,9,9,9,0,0,18,18,27.0,681.0,1,9.0,36.0,9.0,0.0
419,1.0,0,54.0,0.0,54.0,1.0,1.0,9,9,9,0,0,18,18,27.0,681.0,1,9.0,36.0,9.0,0.0
420,0.999286801140808,1,53.64839886292964,0.3516011370703609,54.0,0.9934888678320304,0.8888888888888888,9,9,8,1,0,18,16,27.0,680.5595967541933,0,9.0,36.0,9.0,0.3516011370703609
421,0.9978138768117601,1,52.17009268624773,1.8299073137522726,53.17009268624773,0.966112827523106,0.8888888888888888,9,9,8,1,0,18,16,27.0,680.441096879113,0,9.0,35.17009268624773,9.0,1.0
422,1.0,0,54.0,0.0,54.0,1.0,1.0,9,9,9,0,0,18,18,27.0,681.0,1,9.0,36.0,9.0,0.0
423,1.0,0,54.0,0.0,54.0,1.0,1.0,9,9,9,0,0,18,18,27.0,681.0,1,9.0,36.0,9.0,0.0
424,0.9940641862586644,2,46.291326928213195,7.708673071786805,48.291326928213195,0.857246794966911,0.7777777777777778,9,9,7,2,0,18,14,27.0,682.5801299992729,0,9.0,30.291326928213195,9.0,2.0
425,1.0,0,54.0,0.0,54.0,1.0,1.0,9,9,9,0,0,18,18,27.0,681.0,1,9.0,36.0,9.0,0.0
426,0.9990192371031369,1,48.59506512999751,5.404934870002492,49.190130259995016,0.8999086135184724,0.8888888888888888,9,9,8,1,0,18,16,27.0,685.2600231621141,0,8.595065129997508,32.0,8.595065129997508,0.5950651299975078
427,0.9986162842068684,1,48.688734764993356,5.311265235006644,49.37746952998671,0.9016432363887659,0.8888888888888888,9,9,8,1,0,18,16,27.0,684.7713674072443,0,8.688734764993356,32.0,8.688734764993356,0.688734764993356
428,1.0,0,54.0,0.0,54.0,1.0,1.0,9,9,9,0,0,18,18,27.0,681.0,1,9.0,36.0,9.0,0.0
429,1.0,0,54.0,0.0,54.0,1.0,1.0,9,9,9,0,0,18,18,27.0,681.0,1,9.0,36.0,9.0,0.0
430,1.0,0,54.0,0.0,54.0,1.0,1.0,9,9,9,0,0,18,18,27.0,681.0,1,9.0,36.0,9.0,0.0
431,1.0,0,54.0,0.0,54.0,1.0,1.0,9,9,9,0,0,18,18,27.0,681.0,1,9.0,36.0,9.0,0.0
432,0.9964946731613885,1,48.18791505465389,5.812084945346108,48.375830109307785,0.8923687973084055,0.8888888888888888,9,9,8,1,0,18,16,27.0,683.6895250294588,0,8.187915054653892,32.0,8.187915054653892,0.18791505465389235
433,0.999256356769884,1,49.70750776373036,4.292492236269638,50.70750776373036,0.9205094030320438,0.8888888888888888,9,9,8,1,0,18,16,27.0,684.1499844854495,0,9.0,32.70750776373036,9.0,1.0
434,0.9955249244780026,1,49.156340304464536,4.8436596955354645,50.15634030446455,0.9103025982308247,0.8888888888888888,9,9,8,1,0,18,16,27.0,681.4771944445297,0,9.0,32.156340304464536,9.000000000000014,1.0000000000000142
435,1.0,0,54.0,0.0,54.0,1.0,1.0,9,9,9,0,0,18,18,27.0,681.0,1,9.0,36.0,9.0,0.0
436,0.9975841789572009,1,49.50040043364106,4.499599566358938,50.50040043364106,0.9166740821044641,0.8888888888888888,9,9,8,1,0,18,16,27.0,682.9123301853805,0,9.0,32.50040043364106,9.0,1.0
437,1.0,0,54.0,0.0,54.0,1.0,1.0,9,9,9,0,0,18,18,27.0,681.0,1,9.0,36.0,9.0,0.0
438,0.9958197218562996,1,52.483190648065474,1.5168093519345263,53.483190648065474,0.9719109379271385,0.8888888888888888,9,9,8,1,0,18,16,27.0,678.4050490357774,0,9.0,35.483190648065474,9.0,1.0
439,1.0,0,54.0,0.0,54.0,1.0,1.0,9,9,9,0,0,18,18,27.0,681.0,1,9.0,36.0,9.0,0.0
440,1.0,0,54.0,0.0,54.0,1.0,1.0,9,9,9,0,0,18,18,27.0,681.0,1,9.0,36.0,9.0,0.0
441,0.9964507402076079,1,53.754807204618416,0.245192795381584,54.0,0.9954593926781188,0.8888888888888888,9,9,8,1,0,18,16,27.0,678.0560359370639,0,9.0,36.0,9.0,0.245192795381584
442,0.997786251594133,1,51.17849913616749,2.8215008638325116,52.17849913616749,0.9477499840031016,0.8888888888888888,9,9,8,1,0,18,16,27.0,681.4088222411635,0,9.0,34.17849913616749,9.0,1.0
443,1.0,0,54.0,0.0,54.0,1.0,1.0,9,9,9,0,0,18,18,27.0,681.0,1,9.0,36.0,9.0,0.0
444,0.9991855877834596,1,50.211663197338794,3.788336802661206,51.211663197338794,0.9298456147655332,0.8888888888888888,9,9,8,1,0,18,16,27.0,683.5846846475702,0,9.0,33.211663197338794,9.0,1.0
445,0.99770472376912,1,50.615628272736316,3.3843717272636837,51.615628272736316,0.937326449495117,0.8888888888888888,9,9,8,1,0,18,16,27.0,681.9012530637832,0,9.0,33.615628272736316,9.0,1.0
446,0.9909691327382427,1,50.25554175019988,3.744458249800118,51.25554175019988,0.9306581805592571,0.8888888888888888,9,9,8,1,0,18,16,27.0,676.4417889356419,0,9.0,33.25554175019988,9.0,1.0
447,1.0,0,54.0,0.0,54.0,1.0,1.0,9,9,9,0,0,18,18,27.0,681.0,1,9.0,36.0,9.0,0.0
448,0.9976113773617196,1,50.143853557737515,3.856146442262485,51.143853557737515,0.9285898806988429,0.8888888888888888,9,9,8,1,0,18,16,27.0,682.2923764827883,0,9.0,33.143853557737515,9.0,1.0
449,1.0,0,54.0,0.0,54.0,1.0,1.0,9,9,9,0,0,18,18,27.0,681.0,1,9.0,36.0,9.0,0.0
450,0.9991002495247008,1,52.5312444261927,1.4687555738073002,53.5312444261927,0.9728008227072722,0.8888888888888888,9,9,8,1,0,18,16,27.0,681.1913711631488,0,9.0,35.5312444261927,9.0,1.0
451,1.0,0,54.0,0.0,54.0,1.0,1.0,9,9,9,0,0,18,18,27.0,681.0,1,9.0,36.0,9.0,0.0
452,1.0,0,54.0,0.0,54.0,1.0,1.0,9,9,9,0,0,18,18,27.0,681.0,1,9.0,36.0,9.0,0.0
453,1.0,0,54.0,0.0,54.0,1.0,1.0,9,9,9,0,0,18,18,27.0,681.0,1,9.0,36.0,9.0,0.0
454,0.9976618843482938,1,49.05073897649601,4.949261023503993,50.05073897649601,0.9083470180832593,0.8888888888888888,9,9,8,1,0,18,16,27.0,683.4291291004299,0,9.0,32.05073897649601,9.0,1.0
455,1.0,0,54.0,0.0,54.0,1.0,1.0,9,9,9,0,0,18,18,27.0,681.0,1,9.0,36.0,9.0,0.0
456,0.9945306912406053,1,49.59082620659997,4.409173793400029,50.59082620659997,0.9183486334555551,0.8888888888888888,9,9,8,1,0,18,16,27.0,680.183691025283,0,9.0,32.59082620659997,9.0,1.0
457,1.0,0,54.0,0.0,54.0,1.0,1.0,9,9,9,0,0,18,18,27.0,681.0,1,9.0,36.0,9.0,0.0
458,1.0,0,54.0,0.0,54.0,1.0,1.0,9,9,9,0,0,18,18,27.0,681.0,1,9.0,36.0,9.0,0.0
459,0.9966576049163408,2,47.66713265324753,6.332867346752472,49.66713265324753,0.8827246787638431,0.7777777777777778,9,9,7,2,0,18,14,27.0,683.445037994471,0,9.0,31.667132653247528,9.0,2.0
460,0.9982791542756223,1,51.25245134948601,2.747548650513991,52.25245134948601,0.9491194694349261,0.8888888888888888,9,9,8,1,0,18,16,27.0,681.7607379446516,0,9.0,34.25245134948601,9.0,1.0
461,0.994705496583336,2,47.76367871674349,6.236321283256508,49.76367871674349,0.8845125688285832,0.7777777777777778,9,9,7,2,0,18,14,27.0,681.6618703312588,0,9.0,31.76367871674349,9.0,2.0
462,0.9992271667666676,1,51.31760686257658,2.682393137423418,52.31760686257658,0.9503260530106774,0.8888888888888888,9,9,8,1,0,18,16,27.0,682.5146652238241,0,9.0,34.31760686257658,9.0,1.0
463,1.0,0,54.0,0.0,54.0,1.0,1.0,9,9,9,0,0,18,18,27.0,681.0,1,9.0,36.0,9.0,0.0
464,1.0,0,54.0,0.0,54.0,1.0,1.0,9,9,9,0,0,18,18,27.0,681.0,1,9.0,36.0,9.0,0.0
465,0.9989028077818811,1,50.55878389050109,3.44121610949891,51.55878389050109,0.9362737757500201,0.8888888888888888,9,9,8,1,0,18,16,27.0,682.9932420330442,0,9.0,33.55878389050109,9.0,1.0
466,0.9936378272808215,1,53.598249429187305,0.4017505708126947,54.0,0.9925601746145797,0.8888888888888888,9,9,8,1,0,18,16,27.0,675.7039580560361,0,9.0,36.0,9.0,0.4017505708126947
467,0.9991359692287444,1,51.37152641410999,2.6284735858900135,52.37152641410999,0.951324563224259,0.8888888888888888,9,9,8,1,0,18,16,27.0,682.3819509995251,0,9.0,34.37152641410999,9.0,1.0
468,1.0,0,54.0,0.0,54.0,1.0,1.0,9,9,9,0,0,18,18,27.0,681.0,1,9.0,36.0,9.0,0.0
469,1.0,0,54.0,0.0,54.0,1.0,1.0,9,9,9,0,0,18,18,27.0,681.0,1,9.0,36.0,9.0,0.0
470,1.0,0,54.0,0.0,54.0,1.0,1.0,9,9,9,0,0,18,18,27.0,681.0,1,9.0,36.0,9.0,0.0
471,0.9950643289679485,1,53.60691434777789,0.393085652222112,54.0,0.9927206360699609,0.8888888888888888,9,9,8,1,0,18,16,27.0,676.9321230544185,0,9.0,36.0,9.0,0.393085652222112
472,1.0,0,54.0,0.0,54.0,1.0,1.0,9,9,9,0,0,18,18,27.0,681.0,1,9.0,36.0,9.0,0.0
473,1.0,0,54.0,0.0,54.0,1.0,1.0,9,9,9,0,0,18,18,27.0,681.0,1,9.0,36.0,9.0,0.0
474,1.0,0,54.0,0.0,54.0,1.0,1.0,9,9,9,0,0,18,18,27.0,681.0,1,9.0,36.0,9.0,0.0
475,1.0,0,54.0,0.0,54.0,1.0,1.0,9,9,9,0,0,18,18,27.0,681.0,1,9.0,36.0,9.0,0.0
476,0.9877331628944211,1,50.447150292954575,3.552849707045425,51.447150292954575,0.9342064869065662,0.8888888888888888,9,9,8,1,0,18,16,27.0,673.4543024478253,0,9.0,33.447150292954575,9.0,1.0
477,0.9970756269166224,1,52.099009928510895,1.9009900714891046,53.099009928510895,0.9647964801576092,0.8888888888888888,9,9,8,1,0,18,16,27.0,679.8743317274509,0,9.0,35.099009928510895,9.0,1.0
478,1.0,0,54.0,0.0,54.0,1.0,1.0,9,9,9,0,0,18,18,27.0,681.0,1,9.0,36.0,9.0,0.0
479,0.9895541457496015,1,51.96877494601999,2.031225053980009,52.96877494601999,0.9623847212225924,0.8888888888888888,9,9,8,1,0,18,16,27.0,673.5060069816357,0,9.0,34.96877494601999,9.0,1.0
480,1.0,0,54.0,0.0,54.0,1.0,1.0,9,9,9,0,0,18,18,27.0,681.0,1,9.0,36.0,9.0,0.0
481,0.9985482694136172,1,50.85876853411965,3.1412314658803524,51.85876853411965,0.9418290469281416,0.8888888888888888,9,9,8,1,0,18,16,27.0,682.3869362392456,0,9.0,33.85876853411965,9.0,1.0
482,1.0,0,54.0,0.0,54.0,1.0,1.0,9,9,9,0,0,18,18,27.0,681.0,1,9.0,36.0,9.0,0.0
483,1.0,0,54.0,0.0,54.0,1.0,1.0,9,9,9,0,0,18,18,27.0,681.0,1,9.0,36.0,9.0,0.0
484,0.9981742838647576,1,50.41091922416554,3.5890807758344607,51.41091922416554,0.9335355411882508,0.8888888888888888,9,9,8,1,0,18,16,27.0,682.511662034985,0,9.0,33.41091922416554,9.0,1.0
485,1.0,0,54.0,0.0,54.0,1.0,1.0,9,9,9,0,0,18,18,27.0,681.0,1,9.0,36.0,9.0,0.0
486,1.0,0,54.0,0.0,54.0,1.0,1.0,9,9,9,0,0,18,18,27.0,681.0,1,9.0,36.0,9.0,0.0
487,1.0,0,54.0,0.0,54.0,1.0,1.0,9,9,9,0,0,18,18,27.0,681.0,1,9.0,36.0,9.0,0.0
488,1.0,0,54.0,0.0,54.0,1.0,1.0,9,9,9,0,0,18,18,27.0,681.0,1,9.0,36.0,9.0,0.0
489,1.0,0,54.0,0.0,54.0,1.0,1.0,9,9,9,0,0,18,18,27.0,681.0,1,9.0,36.0,9.0,0.0
490,1.0,0,54.0,0.0,54.0,1.0,1.0,9,9,9,0,0,18,18,27.0,681.0,1,9.0,36.0,9.0,0.0
491,1.0,0,54.0,0.0,54.0,1.0,1.0,9,9,9,0,0,18,18,27.0,681.0,1,9.0,36.0,9.0,0.0
492,1.0,0,54.0,0.0,54.0,1.0,1.0,9,9,9,0,0,18,18,27.0,681.0,1,9.0,36.0,9.0,0.0
493,0.9895790183562538,1,52.57539689478013,1.424603105219873,53.57539689478013,0.9736184610144468,0.8888888888888888,9,9,8,1,0,18,16,27.0,672.9208749650231,0,9.0,35.57539689478013,9.0,1.0
494,1.0,0,54.0,0.0,54.0,1.0,1.0,9,9,9,0,0,18,18,27.0,681.0,1,9.0,36.0,9.0,0.0
495,0.9977655721382939,2,52.974146431733786,1.0258535682662142,54.0,0.9810027116987738,0.7777777777777778,9,9,7,2,0,18,14,27.0,679.582381111619,0,9.0,36.0,9.0,1.0258535682662142
496,0.9977833419592401,1,53.355699185594304,0.6443008144056961,54.0,0.9880685034369315,0.8888888888888888,9,9,8,1,0,18,16,27.0,679.4069578599863,0,9.0,36.0,9.0,0.6443008144056961
497,0.9988390587552026,1,49.33453689302874,4.665463106971259,50.33453689302874,0.9136025350560878,0.8888888888888888,9,9,8,1,0,18,16,27.0,684.1624098714663,0,9.0,32.33453689302874,9.0,1.0
498,0.992952311040362,2,49.89298111699508,4.107018883004919,51.706366263246935,0.9239440947591682,0.7777777777777778,9,9,7,2,0,18,14,27.0,678.1111230487517,0,9.0,33.706366263246935,9.0,1.8133851462518535
499,1.0,0,54.0,0.0,54.0,1.0,1.0,9,9,9,0,0,18,18,27.0,681.0,1,9.0,36.0,9.0,0.0
500,1.0,0,54.0,0.0,54.0,1.0,1.0,9,9,9,0,0,18,18,27.0,681.0,1,9.0,36.0,9.0,0.0
501,0.9907555998200915,1,51.11356600847785,2.8864339915221535,52.11356600847785,0.9465475186755157,0.8888888888888888,9,9,8,1,0,18,16,27.0,675.3992722360813,0,9.0,34.11356600847785,9.0,1.0
502,1.0,0,54.0,0.0,54.0,1.0,1.0,9,9,9,0,0,18,18,27.0,681.0,1,9.0,36.0,9.0,0.0
503,0.9975006054721794,1,52.75499506186163,1.245004938138372,53.75499506186163,0.9769443529974375,0.8888888888888888,9,9,8,1,0,18,16,27.0,679.5855280661015,0,9.0,35.75499506186163,9.0,1.0
504,0.9959736022371536,2,50.4301741104834,3.5698258895166006,52.4301741104834,0.9338921131571,0.7777777777777778,9,9,7,2,0,18,14,27.0,680.0910182224175,0,9.0,34.4301741104834,9.0,2.0
505,1.0,0,54.0,0.0,54.0,1.0,1.0,9,9,9,0,0,18,18,27.0,681.0,1,9.0,36.0,9.0,0.0
506,1.0,0,54.0,0.0,54.0,1.0,1.0,9,9,9,0,0,18,18,27.0,681.0,1,9.0,36.0,9.0,0.0
507,0.9992511968143716,1,49.9945402064795,4.005459793520501,50.9945402064795,0.9258248186385093,0.8888888888888888,9,9,8,1,0,18,16,27.0,683.8584938411376,0,9.0,32.9945402064795,9.0,1.0
508,1.0,0,54.0,0.0,54.0,1.0,1.0,9,9,9,0,0,18,18,27.0,681.0,1,9.0,36.0,9.0,0.0
509,0.9989270545716837,1,50.364028660115,3.6359713398850033,51.364028660115,0.932667197409537,0.8888888888888888,9,9,8,1,0,18,16,27.0,683.2089464898198,0,9.0,33.364028660115,9.0,1.0
510,0.9990986060904498,1,50.98425201996762,3.01574798003238,51.98425201996762,0.9441528151845856,0.8888888888888888,9,9,8,1,0,18,16,27.0,682.7369436421809,0,9.0,33.98425201996762,9.0,1.0
511,0.9989700708285064,1,50.87350524426731,3.1264947557326934,51.87350524426731,0.9421019489679131,0.8888888888888888,9,9,8,1,0,18,16,27.0,682.7366359515622,0,9.0,33.87350524426731,9.0,1.0
512,1.0,0,54.0,0.0,54.0,1.0,1.0,9,9,9,0,0,18,18,27.0,681.0,1,9.0,36.0,9.0,0.0
513,1.0,0,54.0,0.0,54.0,1.0,1.0,9,9,9,0,0,18,18,27.0,681.0,1,9.0,36.0,9.0,0.0
514,1.0,0,54.0,0.0,54.0,1.0,1.0,9,9,9,0,0,18,18,27.0,681.0,1,9.0,36.0,9.0,0.0
515,1.0,0,54.0,0.0,54.0,1.0,1.0,9,9,9,0,0,18,18,27.0,681.0,1,9.0,36.0,9.0,0.0
516,0.9981440270293097,1,49.39239982394891,4.607600176051093,50.39239982394891,0.9146740708138686,0.8888888888888888,9,9,8,1,0,18,16,27.0,683.5040395293746,0,9.0,32.39239982394891,9.0,1.0
517,0.9982660959405465,1,52.58422667520614,1.4157733247938609,53.58422667520614,0.9737819754667804,0.8888888888888888,9,9,8,1,0,18,16,27.0,680.417680217426,0,9.0,35.58422667520614,9.0,1.0
518,1.0,0,54.0,0.0,54.0,1.0,1.0,9,9,9,0,0,18,18,27.0,681.0,1,9.0,36.0,9.0,0.0
519,1.0,0,54.0,0.0,54.0,1.0,1.0,9,9,9,0,0,18,18,27.0,681.0,1,9.0,36.0,9.0,0.0
520,0.996413617285298,2,46.01254847135833,7.987451528641671,48.01254847135833,0.8520842309510802,0.7777777777777778,9,9,7,2,0,18,14,27.0,684.888816863139,0,9.0,30.012548471358325,9.0,2.0
521,0.9929153301462553,1,49.00847102436181,4.9915289756381895,50.00847102436181,0.9075642782289224,0.8888888888888888,9,9,8,1,0,18,16,27.0,679.3703742220027,0,9.0,32.00847102436181,9.0,1.0
522,0.996853684070223,1,48.524149247369635,5.475850752630365,49.04829849473927,0.898595356432771,0.8888888888888888,9,9,8,1,0,18,16,27.0,683.4953591656183,0,8.524149247369635,32.0,8.524149247369635,0.5241492473696354
523,0.9979797498231413,1,49.64856464995165,4.351435350048348,50.64856464995165,0.9194178638879935,0.8888888888888888,9,9,8,1,0,18,16,27.0,683.1059391972424,0,9.0,32.64856464995165,9.0,1.0
524,0.9946889116692325,1,52.88665117770529,1.1133488222947108,53.88665117770529,0.9793824292167647,0.8888888888888888,9,9,8,1,0,18,16,27.0,677.0245685045115,0,9.0,35.88665117770529,9.0,1.0
525,0.9933496955148914,1,51.79553550553129,2.2044644944687093,52.79553550553129,0.9591765834357646,0.8888888888888888,9,9,8,1,0,18,16,27.0,676.958601419335,0,9.0,34.79553550553129,9.0,1.0
526,0.9984242042981347,1,52.88324772783429,1.1167522721657122,53.88324772783429,0.9793194023673016,0.8888888888888888,9,9,8,1,0,18,16,27.0,680.2552647857541,0,9.0,35.88324772783429,9.0,1.0
527,1.0,0,54.0,0.0,54.0,1.0,1.0,9,9,9,0,0,18,18,27.0,681.0,1,9.0,36.0,9.0,0.0
528,1.0,0,54.0,0.0,54.0,1.0,1.0,9,9,9,0,0,18,18,27.0,681.0,1,9.0,36.0,9.0,0.0
529,1.0,0,54.0,0.0,54.0,1.0,1.0,9,9,9,0,0,18,18,27.0,681.0,1,9.0,36.0,9.0,0.0
530,1.0,0,54.0,0.0,54.0,1.0,1.0,9,9,9,0,0,18,18,27.0,681.0,1,9.0,36.0,9.0,0.0
531,1.0,0,54.0,0.0,54.0,1.0,1.0,9,9,9,0,0,18,18,27.0,681.0,1,9.0,36.0,9.0,0.0
532,0.9993045857467625,1,48.09558397852334,5.9044160214766634,48.19116795704667,0.890658962565247,0.8888888888888888,9,9,8,1,0,18,16,27.0,686.2557861174178,0,8.095583978523333,32.0,8.095583978523333,0.095583978523333
533,0.9999856199285339,1,48.01677726966488,5.983222730335122,48.03355453932976,0.8891995790678681,0.8888888888888888,9,9,8,1,0,18,16,27.0,686.962409713756,0,8.016777269664878,32.0,8.016777269664878,0.016777269664878247
534,1.0,0,54.0,0.0,54.0,1.0,1.0,9,9,9,0,0,18,18,27.0,681.0,1,9.0,36.0,9.0,0.0
535,0.9986111865378245,1,50.80543962311597,3.194560376884027,51.80543962311597,0.9408414745021476,0.8888888888888888,9,9,8,1,0,18,16,27.0,682.4946255455643,0,9.0,33.80543962311597,9.0,1.0
536,1.0,0,54.0,0.0,54.0,1.0,1.0,9,9,9,0,0,18,18,27.0,681.0,1,9.0,36.0,9.0,0.0
537,0.9947535785715472,2,46.144181493358246,7.855818506641754,47.21870692289848,0.8545218795066342,0.7777777777777778,9,9,7,2,0,18,14,27.0,683.7856476776884,0,8.07452542954023,31.069656063818016,8.07452542954023,1.0745254295402304
538,1.0,0,54.0,0.0,54.0,1.0,1.0,9,9,9,0,0,18,18,27.0,681.0,1,9.0,36.0,9.0,0.0
539,0.9974094304072805,1,50.863549898291964,3.1364501017080357,51.863549898291964,0.9419175907091104,0.8888888888888888,9,9,8,1,0,18,16,27.0,681.3981979735984,0,9.0,33.863549898291964,9.0,1.0
540,1.0,0,54.0,0.0,54.0,1.0,1.0,9,9,9,0,0,18,18,27.0,681.0,1,9.0,36.0,9.0,0.0
541,1.0,0,54.0,0.0,54.0,1.0,1.0,9,9,9,0,0,18,18,27.0,681.0,1,9.0,36.0,9.0,0.0
542,1.0,0,54.0,0.0,54.0,1.0,1.0,9,9,9,0,0,18,18,27.0,681.0,1,9.0,36.0,9.0,0.0
543,0.997273865582449,1,49.568244395653124,4.4317556043468755,50.568244395653124,0.9179304517713541,0.8888888888888888,9,9,8,1,0,18,16,27.0,682.5763754675828,0,9.0,32.568244395653124,9.0,1.0
544,0.9961755748879055,2,47.361677653283,6.638322346716997,49.060795474800344,0.877068104690426,0.7777777777777778,9,9,7,2,0,18,14,27.0,683.4844601391087,0,8.69911782151734,31.662559831765662,8.69911782151734,1.6991178215173406
545,1.0,0,54.0,0.0,54.0,1.0,1.0,9,9,9,0,0,18,18,27.0,681.0,1,9.0,36.0,9.0,0.0
546,0.9883169054018223,1,51.88480519975172,2.1151948002482825,52.88480519975172,0.9608297259213281,0.8888888888888888,9,9,8,1,0,18,16,27.0,672.5210010674227,0,9.0,34.88480519975172,9.0,1.0
547,1.0,0,54.0,0.0,54.0,1.0,1.0,9,9,9,0,0,18,18,27.0,681.0,1,9.0,36.0,9.0,0.0
548,1.0,0,54.0,0.0,54.0,1.0,1.0,9,9,9,0,0,18,18,27.0,681.0,1,9.0,36.0,9.0,0.0
549,0.9910176727362396,1,51.90102406987694,2.0989759301230606,52.90102406987694,0.9611300753680915,0.8888888888888888,9,9,8,1,0,18,16,27.0,674.8382451742341,0,9.0,34.90102406987694,9.0,1.0
550,1.0,0,54.0,0.0,54.0,1.0,1.0,9,9,9,0,0,18,18,27.0,681.0,1,9.0,36.0,9.0,0.0
551,0.9969389067672751,1,50.52721593364129,3.472784066358713,51.52721593364129,0.9356891839563202,0.8888888888888888,9,9,8,1,0,18,16,27.0,681.3279995132846,0,9.0,33.52721593364129,9.0,1.0
552,1.0,0,54.0,0.0,54.0,1.0,1.0,9,9,9,0,0,18,18,27.0,681.0,1,9.0,36.0,9.0,0.0
553,1.0,0,54.0,0.0,54.0,1.0,1.0,9,9,9,0,0,18,18,27.0,681.0,1,9.0,36.0,9.0,0.0
554,1.0,0,54.0,0.0,54.0,1.0,1.0,9,9,9,0,0,18,18,27.0,681.0,1,9.0,36.0,9.0,0.0
555,0.9924719967256252,2,49.6328663745133,4.3671336254867015,50.84544077566298,0.9191271550835796,0.7777777777777778,9,9,7,2,0,18,14,27.0,678.2566515958522,0,9.0,32.84544077566298,9.0,1.2125744011496806
556,0.997542019174995,1,50.89245472026296,3.107545279737039,51.89245472026296,0.9424528651900549,0.8888888888888888,9,9,8,1,0,18,16,27.0,681.4838498469327,0,9.0,33.89245472026296,9.0,1.0
557,0.9958270356888945,1,50.66524253258876,3.3347574674112366,51.66524253258876,0.9382452320849771,0.8888888888888888,9,9,8,1,0,18,16,27.0,680.2293163026162,0,9.0,33.66524253258876,9.0,1.0
558,0.9971348801779356,1,53.905617922255765,0.09438207774423546,54.0,0.9982521837454771,0.8888888888888888,9,9,8,1,0,18,16,27.0,678.5717275126085,0,9.0,36.0,9.0,0.09438207774423546
559,0.9975564188276688,1,50.468059043636586,3.531940956363414,51.468059043636586,0.9345936859932701,0.8888888888888888,9,9,8,1,0,18,16,27.0,681.9206868234694,0,9.0,33.468059043636586,9.0,1.0
560,1.0,0,54.0,0.0,54.0,1.0,1.0,9,9,9,0,0,18,18,27.0,681.0,1,9.0,36.0,9.0,0.0
561,1.0,0,54.0,0.0,54.0,1.0,1.0,9,9,9,0,0,18,18,27.0,681.0,1,9.0,36.0,9.0,0.0
562,0.9978187443882647,1,48.51375014979148,5.486249850208523,49.027500299582954,0.898402780551694,0.8888888888888888,9,9,8,1,0,18,16,27.0,684.3447699267734,0,8.513750149791477,32.0,8.513750149791477,0.5137501497914769
563,1.0,0,54.0,0.0,54.0,1.0,1.0,9,9,9,0,0,18,18,27.0,681.0,1,9.0,36.0,9.0,0.0
564,1.0,0,54.0,0.0,54.0,1.0,1.0,9,9,9,0,0,18,18,27.0,681.0,1,9.0,36.0,9.0,0.0
565,1.0,0,54.0,0.0,54.0,1.0,1.0,9,9,9,0,0,18,18,27.0,681.0,1,9.0,36.0,9.0,0.0
566,1.0,0,54.0,0.0,54.0,1.0,1.0,9,9,9,0,0,18,18,27.0,681.0,1,9.0,36.0,9.0,0.0
567,0.9984012034904596,1,48.40260829241477,5.597391707585231,48.80521658482954,0.8963445980076808,0.8888888888888888,9,9,8,1,0,18,16,27.0,685.0147273771349,0,8.402608292414765,32.0,8.402608292414765,0.40260829241476515
568,1.0,0,54.0,0.0,54.0,1.0,1.0,9,9,9,0,0,18,18,27.0,681.0,1,9.0,36.0,9.0,0.0
569,1.0,0,54.0,0.0,54.0,1.0,1.0,9,9,9,0,0,18,18,27.0,681.0,1,9.0,36.0,9.0,0.0
570,1.0,0,54.0,0.0,54.0,1.0,1.0,9,9,9,0,0,18,18,27.0,681.0,1,9.0,36.0,9.0,0.0
571,0.9978531468848634,1,49.08393826628304,4.916061733716958,50.08393826628304,0.9089618197459822,0.8888888888888888,9,9,8,1,0,18,16,27.0,683.5611806422387,0,9.0,32.08393826628304,9.0,1.0
572,0.9990708234136169,1,52.08867477873231,1.9113252212676883,53.08867477873231,0.9646050884950428,0.8888888888888888,9,9,8,1,0,18,16,27.0,681.6085166506325,0,9.0,35.08867477873231,9.0,1.0
573,0.9993977318595165,1,51.21187817151683,2.7881218284831704,52.21187817151683,0.9483681142873487,0.8888888888888888,9,9,8,1,0,18,16,27.0,682.7677621551055,0,9.0,34.21187817151683,9.0,1.0
574,0.9988705908708979,1,49.70878144434046,4.29121855565954,50.70878144434046,0.9205329897100085,0.8888888888888888,9,9,8,1,0,18,16,27.0,683.8154090681154,0,9.0,32.70878144434046,9.0,1.0
575,0.9970878596834309,2,49.07550038035069,4.9244996196493105,50.84456026995005,0.9088055625990868,0.7777777777777778,9,9,7,2,0,18,14,27.0,682.5238804413339,0,9.0,32.84456026995005,9.0,1.7690598895993617
576,1.0,0,54.0,0.0,54.0,1.0,1.0,9,9,9,0,0,18,18,27.0,681.0,1,9.0,36.0,9.0,0.0
577,1.0,0,54.0,0.0,54.0,1.0,1.0,9,9,9,0,0,18,18,27.0,681.0,1,9.0,36.0,9.0,0.0
578,0.9922382929164029,1,52.412271870660135,1.5877281293398653,53.412271870660135,0.970597627234447,0.8888888888888888,9,9,8,1,0,18,16,27.0,675.381613209112,0,9.0,35.412271870660135,9.0,1.0
579,1.0,0,54.0,0.0,54.0,1.0,1.0,9,9,9,0,0,18,18,27.0,681.0,1,9.0,36.0,9.0,0.0
580,1.0,0,54.0,0.0,54.0,1.0,1.0,9,9,9,0,0,18,18,27.0,681.0,1,9.0,36.0,9.0,0.0
581,1.0,0,54.0,0.0,54.0,1.0,1.0,9,9,9,0,0,18,18,27.0,681.0,1,9.0,36.0,9.0,0.0
582,1.0,0,54.0,0.0,54.0,1.0,1.0,9,9,9,0,0,18,18,27.0,681.0,1,9.0,36.0,9.0,0.0
583,1.0,0,54.0,0.0,54.0,1.0,1.0,9,9,9,0,0,18,18,27.0,681.0,1,9.0,36.0,9.0,0.0
584,1.0,0,54.0,0.0,54.0,1.0,1.0,9,9,9,0,0,18,18,27.0,681.0,1,9.0,36.0,9.0,0.0
585,1.0,0,54.0,0.0,54.0,1.0,1.0,9,9,9,0,0,18,18,27.0,681.0,1,9.0,36.0,9.0,0.0
586,0.9978029737579633,1,50.40711105041562,3.5928889495843777,51.40711105041562,0.9334650194521411,0.8888888888888888,9,9,8,1,0,18,16,27.0,682.1946582764647,0,9.0,33.40711105041562,9.0,1.0
587,1.0,0,54.0,0.0,54.0,1.0,1.0,9,9,9,0,0,18,18,27.0,681.0,1,9.0,36.0,9.0,0.0
588,0.9987722148883954,1,50.29022700849909,3.7097729915009126,51.29022700849909,0.9313005001573905,0.8888888888888888,9,9,8,1,0,18,16,27.0,683.1489666550747,0,9.0,33.29022700849909,9.0,1.0
589,1.0,0,54.0,0.0,54.0,1.0,1.0,9,9,9,0,0,18,18,27.0,681.0,1,9.0,36.0,9.0,0.0
590,1.0,0,54.0,0.0,54.0,1.0,1.0,9,9,9,0,0,18,18,27.0,681.0,1,9.0,36.0,9.0,0.0
591,1.0,0,54.0,0.0,54.0,1.0,1.0,9,9,9,0,0,18,18,27.0,681.0,1,9.0,36.0,9.0,0.0
592,0.9964528201632965,2,47.366599798757285,6.633400201242715,48.235916117849115,0.8771592555325424,0.7777777777777778,9,9,7,2,0,18,14,27.0,684.133978662785,0,8.117958058924557,32.0,8.117958058924557,0.8693163190918298
593,0.9987878350547571,1,48.429866055814585,5.5701339441854145,48.85973211162917,0.8968493714039738,0.8888888888888888,9,9,8,1,0,18,16,27.0,685.3078904035883,0,8.429866055814585,32.0,8.429866055814585,0.4298660558145855
594,1.0,0,54.0,0.0,54.0,1.0,1.0,9,9,9,0,0,18,18,27.0,681.0,1,9.0,36.0,9.0,0.0
595,0.9984544936958933,1,51.68277957689457,2.3172204231054323,52.68277957689457,0.9570885106832328,0.8888888888888888,9,9,8,1,0,18,16,27.0,681.4819029763573,0,9.0,34.68277957689457,9.0,1.0
596,1.0,0,54.0,0.0,54.0,1.0,1.0,9,9,9,0,0,18,18,27.0,681.0,1,9.0,36.0,9.0,0.0
597,1.0,0,54.0,0.0,54.0,1.0,1.0,9,9,9,0,0,18,18,27.0,681.0,1,9.0,36.0,9.0,0.0
598,1.0,0,54.0,0.0,54.0,1.0,1.0,9,9,9,0,0,18,18,27.0,681.0,1,9.0,36.0,9.0,0.0
599,1.0,0,54.0,0.0,54.0,1.0,1.0,9,9,9,0,0,18,18,27.0,681.0,1,9.0,36.0,9.0,0.0
600,1.0,0,54.0,0.0,54.0,1.0,1.0,9,9,9,0,0,18,18,27.0,681.0,1,9.0,36.0,9.0,0.0
601,1.0,0,54.0,0.0,54.0,1.0,1.0,9,9,9,0,0,18,18,27.0,681.0,1,9.0,36.0,9.0,0.0
602,1.0,0,54.0,0.0,54.0,1.0,1.0,9,9,9,0,0,18,18,27.0,681.0,1,9.0,36.0,9.0,0.0
603,0.9897075540485645,1,48.9696100946612,5.030389905338801,49.9392201893224,0.9068446313826148,0.8888888888888888,9,9,8,1,0,18,16,27.0,676.652911555968,0,8.9696100946612,32.0,8.9696100946612,0.9696100946611992
604,1.0,0,54.0,0.0,54.0,1.0,1.0,9,9,9,0,0,18,18,27.0,681.0,1,9.0,36.0,9.0,0.0
605,0.9953008492606691,1,50.3270323980436,3.672967601956401,51.3270323980436,0.9319820814452519,0.8888888888888888,9,9,8,1,0,18,16,27.0,680.1129013631744,0,9.0,33.3270323980436,9.0,1.0
606,0.9957655221053314,1,50.777162463680895,3.222837536319105,51.777162463680895,0.940317823401498,0.8888888888888888,9,9,8,1,0,18,16,27.0,680.0642486353254,0,9.0,33.777162463680895,9.0,1.0
607,1.0,0,54.0,0.0,54.0,1.0,1.0,9,9,9,0,0,18,18,27.0,681.0,1,9.0,36.0,9.0,0.0
608,1.0,0,54.0,0.0,54.0,1.0,1.0,9,9,9,0,0,18,18,27.0,681.0,1,9.0,36.0,9.0,0.0
609,1.0,0,54.0,0.0,54.0,1.0,1.0,9,9,9,0,0,18,18,27.0,681.0,1,9.0,36.0,9.0,0.0
610,0.9975021478664511,1,52.12481257668247,1.8751874233175272,53.12481257668247,0.9652743069756013,0.8888888888888888,9,9,8,1,0,18,16,27.0,680.2170431799312,0,9.0,35.12481257668247,9.0,1.0
611,1.0,0,54.0,0.0,54.0,1.0,1.0,9,9,9,0,0,18,18,27.0,681.0,1,9.0,36.0,9.0,0.0
612,1.0,0,54.0,0.0,54.0,1.0,1.0,9,9,9,0,0,18,18,27.0,681.0,1,9.0,36.0,9.0,0.0
613,1.0,0,54.0,0.0,54.0,1.0,1.0,9,9,9,0,0,18,18,27.0,681.0,1,9.0,36.0,9.0,0.0
614,1.0,0,54.0,0.0,54.0,1.0,1.0,9,9,9,0,0,18,18,27.0,681.0,1,9.0,36.0,9.0,0.0
615,0.9981023388876592,1,52.84591930267628,1.154080697323721,53.84591930267628,0.9786281352347459,0.8888888888888888,9,9,8,1,0,18,16,27.0,680.0145014962613,0,9.0,35.84591930267628,9.0,1.0
616,1.0,0,54.0,0.0,54.0,1.0,1.0,9,9,9,0,0,18,18,27.0,681.0,1,9.0,36.0,9.0,0.0
617,1.0,0,54.0,0.0,54.0,1.0,1.0,9,9,9,0,0,18,18,27.0,681.0,1,9.0,36.0,9.0,0.0
618,0.9942038783981717,2,45.19268986686235,8.807310133137648,46.726475487877266,0.8369016642011546,0.7777777777777778,9,9,7,2,0,18,14,27.0,684.0325682586506,0,8.53378562101491,29.658904245847438,8.53378562101491,1.5337856210149106
619,1.0,0,54.0,0.0,54.0,1.0,1.0,9,9,9,0,0,18,18,27.0,681.0,1,9.0,36.0,9.0,0.0
620,0.998991830659625,1,48.869437413488825,5.130562586511175,49.73887482697765,0.9049895817312745,0.8888888888888888,9,9,8,1,0,18,16,27.0,684.8247855696828,0,8.869437413488825,32.0,8.869437413488825,0.869437413488825
621,0.9973108034655611,1,52.94160750361041,1.0583924963895868,53.94160750361041,0.9804001389557484,0.8888888888888888,9,9,8,1,0,18,16,27.0,679.2349266906344,0,9.0,35.94160750361041,9.0,1.0
622,1.0,0,54.0,0.0,54.0,1.0,1.0,9,9,9,0,0,18,18,27.0,681.0,1,9.0,36.0,9.0,0.0
623,1.0,0,54.0,0.0,54.0,1.0,1.0,9,9,9,0,0,18,18,27.0,681.0,1,9.0,36.0,9.0,0.0
624,0.9982255697145392,1,52.527290826285835,1.4727091737141649,53.527290826285835,0.9727276078941821,0.8888888888888888,9,9,8,1,0,18,16,27.0,680.4396014070761,0,9.0,35.527290826285835,9.0,1.0
625,0.998831860517605,1,51.40227462665743,2.59772537334257,52.40227462665743,0.9518939745677302,0.8888888888888888,9,9,8,1,0,18,16,27.0,682.0884528605534,0,9.0,34.40227462665743,9.0,1.0
626,1.0,0,54.0,0.0,54.0,1.0,1.0,9,9,9,0,0,18,18,27.0,681.0,1,9.0,36.0,9.0,0.0
627,1.0,0,54.0,0.0,54.0,1.0,1.0,9,9,9,0,0,18,18,27.0,681.0,1,9.0,36.0,9.0,0.0
628,1.0,0,54.0,0.0,54.0,1.0,1.0,9,9,9,0,0,18,18,27.0,681.0,1,9.0,36.0,9.0,0.0
629,0.9921319942976239,1,48.53087922012959,5.4691207798704085,49.06175844025918,0.8987199855579554,0.8888888888888888,9,9,8,1,0,18,16,27.0,679.4057242429526,0,8.530879220129592,32.0,8.530879220129592,0.5308792201295915
630,1.0,0,54.0,0.0,54.0,1.0,1.0,9,9,9,0,0,18,18,27.0,681.0,1,9.0,36.0,9.0,0.0
631,0.9991433989741728,1,48.602429948423406,5.397570051576594,49.20485989684681,0.9000449990448779,0.8888888888888888,9,9,8,1,0,18,16,27.0,685.3562517910501,0,8.602429948423406,32.0,8.602429948423406,0.6024299484234064
632,0.9984006068868939,1,51.897299138276374,2.1027008617236262,52.897299138276374,0.9610610951532662,0.8888888888888888,9,9,8,1,0,18,16,27.0,681.220825212,0,9.0,34.897299138276374,9.0,1.0
633,1.0,0,54.0,0.0,54.0,1.0,1.0,9,9,9,0,0,18,18,27.0,681.0,1,9.0,36.0,9.0,0.0
634,1.0,0,54.0,0.0,54.0,1.0,1.0,9,9,9,0,0,18,18,27.0,681.0,1,9.0,36.0,9.0,0.0
635,1.0,0,54.0,0.0,54.0,1.0,1.0,9,9,9,0,0,18,18,27.0,681.0,1,9.0,36.0,9.0,0.0
636,0.9942128780966916,1,50.36027613605836,3.63972386394164,51.36027613605836,0.932597706223303,0.8888888888888888,9,9,8,1,0,18,16,27.0,679.1396505394831,0,9.0,33.36027613605836,9.0,1.0
637,1.0,0,54.0,0.0,54.0,1.0,1.0,9,9,9,0,0,18,18,27.0,681.0,1,9.0,36.0,9.0,0.0
638,0.9986041723306867,1,53.972632429358455,0.027367570641544603,54.0,0.9994931931362677,0.8888888888888888,9,9,8,1,0,18,16,27.0,679.807688679034,0,9.0,36.0,9.0,0.027367570641544603
639,1.0,0,54.0,0.0,54.0,1.0,1.0,9,9,9,0,0,18,18,27.0,681.0,1,9.0,36.0,9.0,0.0
640,1.0,0,54.0,0.0,54.0,1.0,1.0,9,9,9,0,0,18,18,27.0,681.0,1,9.0,36.0,9.0,0.0
641,1.0,0,54.0,0.0,54.0,1.0,1.0,9,9,9,0,0,18,18,27.0,681.0,1,9.0,36.0,9.0,0.0
642,0.9986824715340258,1,49.06413534449193,4.93586465550807,50.06413534449193,0.9085950989720728,0.8888888888888888,9,9,8,1,0,18,16,27.0,684.2975200609064,0,9.0,32.06413534449193,9.0,1.0
643,0.997669002499676,1,49.51545933439239,4.484540665607611,50.51545933439239,0.9169529506368961,0.8888888888888888,9,9,8,1,0,18,16,27.0,682.9705588253277,0,9.0,32.51545933439239,9.0,1.0
644,1.0,0,54.0,0.0,54.0,1.0,1.0,9,9,9,0,0,18,18,27.0,681.0,1,9.0,36.0,9.0,0.0
645,1.0,0,54.0,0.0,54.0,1.0,1.0,9,9,9,0,0,18,18,27.0,681.0,1,9.0,36.0,9.0,0.0
646,1.0,0,54.0,0.0,54.0,1.0,1.0,9,9,9,0,0,18,18,27.0,681.0,1,9.0,36.0,9.0,0.0
647,0.9994811332824208,1,53.84132695460676,0.15867304539324323,54.0,0.9970616102704954,0.8888888888888888,9,9,8,1,0,18,16,27.0,680.6310356787083,0,9.0,36.0,9.0,0.15867304539324323
648,1.0,0,54.0,0.0,54.0,1.0,1.0,9,9,9,0,0,18,18,27.0,681.0,1,9.0,36.0,9.0,0.0
649,0.9987528912042554,1,50.26280976745001,3.7371902325499917,51.26280976745001,0.9307927734712964,0.8888888888888888,9,9,8,1,0,18,16,27.0,683.1596882330266,0,9.0,33.26280976745001,9.0,1.0
650,1.0,0,54.0,0.0,54.0,1.0,1.0,9,9,9,0,0,18,18,27.0,681.0,1,9.0,36.0,9.0,0.0
651,0.9937365323556493,1,52.654801204564805,1.345198795435195,53.654801204564805,0.9750889111956446,0.8888888888888888,9,9,8,1,0,18,16,27.0,676.4335627507162,0,9.0,35.654801204564805,9.0,1.0
652,1.0,0,54.0,0.0,54.0,1.0,1.0,9,9,9,0,0,18,18,27.0,681.0,1,9.0,36.0,9.0,0.0
653,1.0,0,54.0,0.0,54.0,1.0,1.0,9,9,9,0,0,18,18,27.0,681.0,1,9.0,36.0,9.0,0.0
654,0.9955532308349521,1,49.96096808753409,4.039031912465909,50.96096808753409,0.9252031127321128,0.8888888888888888,9,9,8,1,0,18,16,27.0,680.6970233538646,0,9.0,32.96096808753409,9.0,1.0
655,0.9988341431513855,1,48.750719970107326,5.249280029892674,49.50143994021465,0.9027911105575431,0.8888888888888888,9,9,8,1,0,18,16,27.0,684.8666197276362,0,8.750719970107323,32.0,8.750719970107323,0.7507199701073226
656,0.9961131404214195,1,52.330464818443886,1.669535181556114,53.330464818443886,0.9690826818230349,0.8888888888888888,9,9,8,1,0,18,16,27.0,678.8112885056626,0,9.0,35.330464818443886,9.0,1.0
657,1.0,0,54.0,0.0,54.0,1.0,1.0,9,9,9,0,0,18,18,27.0,681.0,1,9.0,36.0,9.0,0.0
658,1.0,0,54.0,0.0,54.0,1.0,1.0,9,9,9,0,0,18,18,27.0,681.0,1,9.0,36.0,9.0,0.0
659,0.9910746684729475,3,48.45436835942682,5.545631640573177,49.08886446031764,0.8973031177671634,0.7777777777777778,9,9,7,2,0,18,14,27.0,678.5168971507544,0,8.544432230158819,32.0,8.544432230158819,0.6344961008908143
660,0.9988814934479099,1,50.92831880351041,3.0716811964895925,51.92831880351041,0.9431170148798224,0.8888888888888888,9,9,8,1,0,18,16,27.0,682.6052915354837,0,9.0,33.92831880351041,9.0,1.0
661,0.9936334440615953,1,51.35394216414896,2.646057835851039,52.35394216414896,0.9509989289657215,0.8888888888888888,9,9,8,1,0,18,16,27.0,677.6453535050694,0,9.0,34.35394216414896,9.0,1.0
662,1.0,0,54.0,0.0,54.0,1.0,1.0,9,9,9,0,0,18,18,27.0,681.0,1,9.0,36.0,9.0,0.0
663,1.0,0,54.0,0.0,54.0,1.0,1.0,9,9,9,0,0,18,18,27.0,681.0,1,9.0,36.0,9.0,0.0
664,1.0,0,54.0,0.0,54.0,1.0,1.0,9,9,9,0,0,18,18,27.0,681.0,1,9.0,36.0,9.0,0.0
665,0.9997025173350408,1,53.876305166231965,0.12369483376803458,54.0,0.9977093549302216,0.8888888888888888,9,9,8,1,0,18,16,27.0,680.8048223943592,0,9.0,36.0,9.0,0.12369483376803458
666,1.0,0,54.0,0.0,54.0,1.0,1.0,9,9,9,0,0,18,18,27.0,681.0,1,9.0,36.0,9.0,0.0
667,1.0,0,54.0,0.0,54.0,1.0,1.0,9,9,9,0,0,18,18,27.0,681.0,1,9.0,36.0,9.0,0.0
668,0.9984402801062022,1,51.4288918085833,2.571108191416698,52.4288918085833,0.9523868853441352,0.8888888888888888,9,9,8,1,0,18,16,27.0,681.7235102031754,0,9.0,34.4288918085833,9.0,1.0
669,1.0,0,54.0,0.0,54.0,1.0,1.0,9,9,9,0,0,18,18,27.0,681.0,1,9.0,36.0,9.0,0.0
670,1.0,0,54.0,0.0,54.0,1.0,1.0,9,9,9,0,0,18,18,27.0,681.0,1,9.0,36.0,9.0,0.0
671,0.9928549471428629,3,40.50101235721715,13.49898764278285,43.44341050414984,0.7500187473558731,0.6666666666666666,9,9,6,3,0,18,12,27.0,686.8544629007501,0,8.942398146932689,25.55861421028446,8.942398146932689,2.942398146932689
672,0.9995934433255323,1,53.47139736401485,0.5286026359851519,54.0,0.9902110622965713,0.8888888888888888,9,9,8,1,0,18,16,27.0,680.9130363512527,0,9.0,36.0,9.0,0.5286026359851519
673,1.0,0,54.0,0.0,54.0,1.0,1.0,9,9,9,0,0,18,18,27.0,681.0,1,9.0,36.0,9.0,0.0
674,0.9929898086867184,1,52.51883808593598,1.4811619140640175,53.51883808593598,0.9725710756654812,0.8888888888888888,9,9,8,1,0,18,16,27.0,675.9243566193888,0,9.0,35.51883808593598,9.0,1.0
675,1.0,0,54.0,0.0,54.0,1.0,1.0,9,9,9,0,0,18,18,27.0,681.0,1,9.0,36.0,9.0,0.0
676,0.9980222724253481,1,52.893292499416475,1.106707500583525,53.893292499416475,0.9795054166558607,0.8888888888888888,9,9,8,1,0,18,16,27.0,679.8979508760843,0,9.0,35.893292499416475,9.0,1.0
677,0.9969636253813045,1,50.95274495851115,3.047255041488853,51.95274495851115,0.9435693510835398,0.8888888888888888,9,9,8,1,0,18,16,27.0,680.9238273709359,0,9.0,33.95274495851115,9.0,1.0
678,1.0,0,54.0,0.0,54.0,1.0,1.0,9,9,9,0,0,18,18,27.0,681.0,1,9.0,36.0,9.0,0.0
679,1.0,0,54.0,0.0,54.0,1.0,1.0,9,9,9,0,0,18,18,27.0,681.0,1,9.0,36.0,9.0,0.0
680,0.9986685443101286,1,48.92121061740575,5.078789382594252,49.842421234811496,0.9059483447667731,0.8888888888888888,9,9,8,1,0,18,16,27.0,684.4678063578425,0,8.921210617405748,32.0,8.921210617405748,0.9212106174057482
681,1.0,0,54.0,0.0,54.0,1.0,1.0,9,9,9,0,0,18,18,27.0,681.0,1,9.0,36.0,9.0,0.0
682,0.9983407226036355,1,50.637526659568934,3.362473340431066,51.637526659568934,0.9377319751772025,0.8888888888888888,9,9,8,1,0,18,16,27.0,682.4288576699721,0,9.0,33.637526659568934,9.0,1.0
683,1.0,0,54.0,0.0,54.0,1.0,1.0,9,9,9,0,0,18,18,27.0,681.0,1,9.0,36.0,9.0,0.0
684,1.0,0,54.0,0.0,54.0,1.0,1.0,9,9,9,0,0,18,18,27.0,681.0,1,9.0,36.0,9.0,0.0
685,1.0,0,54.0,0.0,54.0,1.0,1.0,9,9,9,0,0,18,18,27.0,681.0,1,9.0,36.0,9.0,0.0
686,1.0,0,54.0,0.0,54.0,1.0,1.0,9,9,9,0,0,18,18,27.0,681.0,1,9.0,36.0,9.0,0.0
687,1.0,0,54.0,0.0,54.0,1.0,1.0,9,9,9,0,0,18,18,27.0,681.0,1,9.0,36.0,9.0,0.0
688,1.0,0,54.0,0.0,54.0,1.0,1.0,9,9,9,0,0,18,18,27.0,681.0,1,9.0,36.0,9.0,0.0
689,0.9975286297335569,1,53.35473288645744,0.645267113542559,54.0,0.9880506090084711,0.8888888888888888,9,9,8,1,0,18,16,27.0,679.1873696465644,0,9.0,36.0,9.0,0.645267113542559
690,0.9970421219000527,1,49.48087002452762,4.5191299754723815,50.48087002452762,0.9163124078616226,0.8888888888888888,9,9,8,1,0,18,16,27.0,682.463523297118,0,9.0,32.48087002452762,9.0,1.0
691,1.0,0,54.0,0.0,54.0,1.0,1.0,9,9,9,0,0,18,18,27.0,681.0,1,9.0,36.0,9.0,0.0
692,1.0,0,54.0,0.0,54.0,1.0,1.0,9,9,9,0,0,18,18,27.0,681.0,1,9.0,36.0,9.0,0.0
693,1.0,0,54.0,0.0,54.0,1.0,1.0,9,9,9,0,0,18,18,27.0,681.0,1,9.0,36.0,9.0,0.0
694,1.0,0,54.0,0.0,54.0,1.0,1.0,9,9,9,0,0,18,18,27.0,681.0,1,9.0,36.0,9.0,0.0
695,0.9991891834603462,1,52.45636878683234,1.5436312131676573,53.45636878683234,0.9714142367931915,0.8888888888888888,9,9,8,1,0,18,16,27.0,681.3430857229067,0,9.0,35.45636878683234,9.0,1.0
696,1.0,0,54.0,0.0,54.0,1.0,1.0,9,9,9,0,0,18,18,27.0,681.0,1,9.0,36.0,9.0,0.0
697,0.9978955334095553,1,49.883818810239305,4.116181189760695,50.883818810239305,0.9237744224118389,0.8888888888888888,9,9,8,1,0,18,16,27.0,682.7979220556165,0,9.0,32.883818810239305,9.0,1.0
698,0.9989427896141336,1,50.993567366917176,3.0064326330828237,51.993567366917176,0.9443253216095774,0.8888888888888888,9,9,8,1,0,18,16,27.0,682.5930028596943,0,9.0,33.993567366917176,9.0,1.0
699,0.9969936467107117,1,49.610146345256695,4.389853654743305,50.610146345256695,0.9187064138010499,0.8888888888888888,9,9,8,1,0,18,16,27.0,682.2923644127982,0,9.0,32.610146345256695,9.0,1.0
700,0.9980825342694558,1,53.399844989772944,0.6001550102270556,54.0,0.9888860183291286,0.8888888888888888,9,9,8,1,0,18,16,27.0,679.6433871139234,0,9.0,36.0,9.0,0.6001550102270556
701,0.9991922497948493,1,48.4975783549736,5.502421645026402,48.995156709947196,0.8981033028698815,0.8888888888888888,9,9,8,1,0,18,16,27.0,685.5557362902895,0,8.497578354973598,32.0,8.497578354973598,0.4975783549735979
702,1.0,0,54.0,0.0,54.0,1.0,1.0,9,9,9,0,0,18,18,27.0,681.0,1,9.0,36.0,9.0,0.0
703,1.0,0,54.0,0.0,54.0,1.0,1.0,9,9,9,0,0,18,18,27.0,681.0,1,9.0,36.0,9.0,0.0
704,0.9916102007264598,1,49.65706889707339,4.342931102926613,50.65706889707339,0.9195753499458035,0.8888888888888888,9,9,8,1,0,18,16,27.0,677.5941445305879,0,9.0,32.65706889707339,9.0,1.0
705,1.0,0,54.0,0.0,54.0,1.0,1.0,9,9,9,0,0,18,18,27.0,681.0,1,9.0,36.0,9.0,0.0
706,1.0,0,54.0,0.0,54.0,1.0,1.0,9,9,9,0,0,18,18,27.0,681.0,1,9.0,36.0,9.0,0.0
707,1.0,0,54.0,0.0,54.0,1.0,1.0,9,9,9,0,0,18,18,27.0,681.0,1,9.0,36.0,9.0,0.0
708,1.0,0,54.0,0.0,54.0,1.0,1.0,9,9,9,0,0,18,18,27.0,681.0,1,9.0,36.0,9.0,0.0
709,1.0,0,54.0,0.0,54.0,1.0,1.0,9,9,9,0,0,18,18,27.0,681.0,1,9.0,36.0,9.0,0.0
710,1.0,0,54.0,0.0,54.0,1.0,1.0,9,9,9,0,0,18,18,27.0,681.0,1,9.0,36.0,9.0,0.0
711,1.0,0,54.0,0.0,54.0,1.0,1.0,9,9,9,0,0,18,18,27.0,681.0,1,9.0,36.0,9.0,0.0
712,0.993097559332917,2,47.70882355342488,6.291176446575122,49.70882355342488,0.883496732470831,0.7777777777777778,9,9,7,2,0,18,14,27.0,680.3274677102154,0,9.0,31.708823553424875,9.0,2.0
713,0.999036091151081,1,50.084624593924275,3.915375406075725,51.084624593924275,0.9274930480356347,0.8888888888888888,9,9,8,1,0,18,16,27.0,683.5825581606098,0,9.0,33.084624593924275,9.0,1.0
714,1.0,0,54.0,0.0,54.0,1.0,1.0,9,9,9,0,0,18,18,27.0,681.0,1,9.0,36.0,9.0,0.0
715,1.0,0,54.0,0.0,54.0,1.0,1.0,9,9,9,0,0,18,18,27.0,681.0,1,9.0,36.0,9.0,0.0
716,0.9987165417287316,1,53.65989819475315,0.34010180524685296,54.0,0.9937018184213545,0.8888888888888888,9,9,8,1,0,18,16,27.0,680.0611429562475,0,9.0,36.0,9.0,0.34010180524685296
717,0.9952807481085517,2,51.653361897686075,2.346638102313925,53.127505040063156,0.9565437388460384,0.7777777777777778,9,9,7,2,0,18,14,27.0,678.5321328969142,0,9.0,35.127505040063156,9.0,1.4741431423770806
718,1.0,0,54.0,0.0,54.0,1.0,1.0,9,9,9,0,0,18,18,27.0,681.0,1,9.0,36.0,9.0,0.0
719,1.0,0,54.0,0.0,54.0,1.0,1.0,9,9,9,0,0,18,18,27.0,681.0,1,9.0,36.0,9.0,0.0
720,0.9996751727532064,1,48.35078522614967,5.649214773850332,48.701570452299336,0.8953849115953643,0.8888888888888888,9,9,8,1,0,18,16,27.0,686.1931714195459,0,8.350785226149668,32.0,8.350785226149668,0.350785226149668
721,1.0,0,54.0,0.0,54.0,1.0,1.0,9,9,9,0,0,18,18,27.0,681.0,1,9.0,36.0,9.0,0.0
722,0.9991183347485,1,52.45585311551558,1.5441468844844195,53.45585311551558,0.9714046873243626,0.8888888888888888,9,9,8,1,0,18,16,27.0,681.2823881071885,0,9.0,35.45585311551558,9.0,1.0
723,0.9955169801892058,2,46.24877263592524,7.751227364074758,47.771351515086664,0.8564587525171341,0.7777777777777778,9,9,7,2,0,18,14,27.0,684.1166088079679,0,8.522578879161422,30.72619375676382,8.522578879161422,1.522578879161422
724,1.0,0,54.0,0.0,54.0,1.0,1.0,9,9,9,0,0,18,18,27.0,681.0,1,9.0,36.0,9.0,0.0
725,0.9992104834369911,1,49.356599315509214,4.643400684490786,50.356599315509214,0.9140110984353558,0.8888888888888888,9,9,8,1,0,18,16,27.0,684.4612583740512,0,9.0,32.356599315509214,9.0,1.0
726,1.0,0,54.0,0.0,54.0,1.0,1.0,9,9,9,0,0,18,18,27.0,681.0,1,9.0,36.0,9.0,0.0
727,0.9954497304286795,2,44.66024628074476,9.339753719255242,46.66024628074476,0.8270415977915696,0.7777777777777778,9,9,7,2,0,18,14,27.0,685.4083208096342,0,9.0,28.660246280744754,9.0,2.0
728,1.0,0,54.0,0.0,54.0,1.0,1.0,9,9,9,0,0,18,18,27.0,681.0,1,9.0,36.0,9.0,0.0
729,0.9964970743354215,3,48.274919612000744,5.725080387999256,50.51591166209515,0.8939799928148285,0.6666666666666666,9,9,6,3,0,18,12,27.0,682.5780565887562,0,9.0,32.51591166209515,9.0,2.2409920500944054
730,1.0,0,54.0,0.0,54.0,1.0,1.0,9,9,9,0,0,18,18,27.0,681.0,1,9.0,36.0,9.0,0.0
731,1.0,0,54.0,0.0,54.0,1.0,1.0,9,9,9,0,0,18,18,27.0,681.0,1,9.0,36.0,9.0,0.0
732,1.0,0,54.0,0.0,54.0,1.0,1.0,9,9,9,0,0,18,18,27.0,681.0,1,9.0,36.0,9.0,0.0
733,1.0,0,54.0,0.0,54.0,1.0,1.0,9,9,9,0,0,18,18,27.0,681.0,1,9.0,36.0,9.0,0.0
734,0.9957469029259272,1,50.50131935489793,3.4986806451020698,51.50131935489793,0.935209617683295,0.8888888888888888,9,9,8,1,0,18,16,27.0,680.3240047731031,0,9.0,33.50131935489793,9.0,1.0
735,1.0,0,54.0,0.0,54.0,1.0,1.0,9,9,9,0,0,18,18,27.0,681.0,1,9.0,36.0,9.0,0.0
736,1.0,0,54.0,0.0,54.0,1.0,1.0,9,9,9,0,0,18,18,27.0,681.0,1,9.0,36.0,9.0,0.0
737,1.0,0,54.0,0.0,54.0,1.0,1.0,9,9,9,0,0,18,18,27.0,681.0,1,9.0,36.0,9.0,0.0
738,1.0,0,54.0,0.0,54.0,1.0,1.0,9,9,9,0,0,18,18,27.0,681.0,1,9.0,36.0,9.0,0.0
739,0.9963483588730644,1,53.176155414655554,0.823844585344446,54.0,0.9847436187899177,0.8888888888888888,9,9,8,1,0,18,16,27.0,678.2569043589998,0,9.0,36.0,9.0,0.823844585344446
740,0.9981169009570366,1,51.02839233145802,2.971607668541978,52.02839233145802,0.9449702283603337,0.8888888888888888,9,9,8,1,0,18,16,27.0,681.8446100954217,0,9.0,34.02839233145802,9.0,1.0
741,0.9951931110560224,1,48.765382160872925,5.2346178391270755,49.53076432174585,0.9030626326087579,0.8888888888888888,9,9,8,1,0,18,16,27.0,681.698774711094,0,8.765382160872925,32.0,8.765382160872925,0.7653821608729245
742,1.0,0,54.0,0.0,54.0,1.0,1.0,9,9,9,0,0,18,18,27.0,681.0,1,9.0,36.0,9.0,0.0
743,1.0,0,54.0,0.0,54.0,1.0,1.0,9,9,9,0,0,18,18,27.0,681.0,1,9.0,36.0,9.0,0.0
744,0.9981708339474429,1,48.57496412713088,5.425035872869117,49.149928254261766,0.899536372724646,0.8888888888888888,9,9,8,1,0,18,16,27.0,684.5571543398943,0,8.574964127130883,32.0,8.574964127130883,0.5749641271308832
745,0.9962373590760855,1,52.54719318510044,1.45280681489956,53.54719318510044,0.9730961700944526,0.8888888888888888,9,9,8,1,0,18,16,27.0,678.7018850566374,0,9.0,35.54719318510044,9.0,1.0
746,1.0,0,54.0,0.0,54.0,1.0,1.0,9,9,9,0,0,18,18,27.0,681.0,1,9.0,36.0,9.0,0.0
747,0.9986043856199487,1,51.30377469685979,2.69622530314021,52.30377469685979,0.9500699017936998,0.8888888888888888,9,9,8,1,0,18,16,27.0,681.9904144787758,0,9.0,34.30377469685979,9.0,1.0
748,1.0,0,54.0,0.0,54.0,1.0,1.0,9,9,9,0,0,18,18,27.0,681.0,1,9.0,36.0,9.0,0.0
749,1.0,0,54.0,0.0,54.0,1.0,1.0,9,9,9,0,0,18,18,27.0,681.0,1,9.0,36.0,9.0,0.0
750,0.996375056568231,2,50.64520615578891,3.3547938442110876,52.64520615578891,0.9378741880701651,0.7777777777777778,9,9,7,2,0,18,14,27.0,680.2228427191627,0,9.0,34.64520615578891,9.0,2.0
751,1.0,0,54.0,0.0,54.0,1.0,1.0,9,9,9,0,0,18,18,27.0,681.0,1,9.0,36.0,9.0,0.0
752,1.0,0,54.0,0.0,54.0,1.0,1.0,9,9,9,0,0,18,18,27.0,681.0,1,9.0,36.0,9.0,0.0
753,0.9967089557104616,1,52.57973014980675,1.4202698501932502,53.57973014980675,0.9736987064779028,0.8888888888888888,9,9,8,1,0,18,16,27.0,679.076807584032,0,9.0,35.57973014980675,9.0,1.0
754,1.0,0,54.0,0.0,54.0,1.0,1.0,9,9,9,0,0,18,18,27.0,681.0,1,9.0,36.0,9.0,0.0
755,1.0,0,54.0,0.0,54.0,1.0,1.0,9,9,9,0,0,18,18,27.0,681.0,1,9.0,36.0,9.0,0.0
756,1.0,0,54.0,0.0,54.0,1.0,1.0,9,9,9,0,0,18,18,27.0,681.0,1,9.0,36.0,9.0,0.0
757,1.0,0,54.0,0.0,54.0,1.0,1.0,9,9,9,0,0,18,18,27.0,681.0,1,9.0,36.0,9.0,0.0
758,1.0,0,54.0,0.0,54.0,1.0,1.0,9,9,9,0,0,18,18,27.0,681.0,1,9.0,36.0,9.0,0.0
759,0.9980933483007148,1,52.556389155639806,1.4436108443601938,53.556389155639806,0.9732664658451816,0.8888888888888888,9,9,8,1,0,18,16,27.0,680.2962637761777,0,9.0,35.556389155639806,9.0,1.0
760,0.9962751717478502,1,51.46910784225253,2.5308921577474734,52.46910784225253,0.9531316267083801,0.8888888888888888,9,9,8,1,0,18,16,27.0,679.8126405478898,0,9.0,34.46910784225253,9.0,1.0
761,0.9975117638171693,1,48.54635167970193,5.453648320298072,49.092703359403856,0.8990065125870728,0.8888888888888888,9,9,8,1,0,18,16,27.0,684.0306364184813,0,8.546351679701928,32.0,8.546351679701928,0.5463516797019281
762,1.0,0,54.0,0.0,54.0,1.0,1.0,9,9,9,0,0,18,18,27.0,681.0,1,9.0,36.0,9.0,0.0
763,1.0,0,54.0,0.0,54.0,1.0,1.0,9,9,9,0,0,18,18,27.0,681.0,1,9.0,36.0,9.0,0.0
764,1.0,0,54.0,0.0,54.0,1.0,1.0,9,9,9,0,0,18,18,27.0,681.0,1,9.0,36.0,9.0,0.0
765,1.0,0,54.0,0.0,54.0,1.0,1.0,9,9,9,0,0,18,18,27.0,681.0,1,9.0,36.0,9.0,0.0
766,0.9968226872996638,1,48.88037028896753,5.1196297110324736,49.76074057793505,0.9051920423882875,0.8888888888888888,9,9,8,1,0,18,16,27.0,682.9342463934582,0,8.88037028896753,32.0,8.88037028896753,0.88037028896753
767,1.0,0,54.0,0.0,54.0,1.0,1.0,9,9,9,0,0,18,18,27.0,681.0,1,9.0,36.0,9.0,0.0
768,0.9974359824946673,1,50.99478527443272,3.005214725567278,51.99478527443272,0.9443478754524578,0.8888888888888888,9,9,8,1,0,18,16,27.0,681.2899036009597,0,9.0,33.99478527443272,9.0,1.0
769,0.9987252898411617,1,52.97611781340537,1.0238821865946335,53.97611781340537,0.981039218766766,0.8888888888888888,9,9,8,1,0,18,16,27.0,680.4225326093584,0,9.0,35.97611781340537,9.0,1.0
770,1.0,0,54.0,0.0,54.0,1.0,1.0,9,9,9,0,0,18,18,27.0,681.0,1,9.0,36.0,9.0,0.0
771,1.0,0,54.0,0.0,54.0,1.0,1.0,9,9,9,0,0,18,18,27.0,681.0,1,9.0,36.0,9.0,0.0
772,1.0,0,54.0,0.0,54.0,1.0,1.0,9,9,9,0,0,18,18,27.0,681.0,1,9.0,36.0,9.0,0.0
773,0.9985831985397917,1,51.058035644516394,2.9419643554836057,52.058035644516394,0.9455191786021554,0.8888888888888888,9,9,8,1,0,18,16,27.0,682.2178478938637,0,9.0,34.058035644516394,9.0,1.0
774,0.9988440191652509,1,52.847730660203055,1.1522693397969448,53.847730660203055,0.9786616788926492,0.8888888888888888,9,9,8,1,0,18,16,27.0,680.6535018985738,0,9.0,35.847730660203055,9.0,1.0
775,1.0,0,54.0,0.0,54.0,1.0,1.0,9,9,9,0,0,18,18,27.0,681.0,1,9.0,36.0,9.0,0.0
776,1.0,0,54.0,0.0,54.0,1.0,1.0,9,9,9,0,0,18,18,27.0,681.0,1,9.0,36.0,9.0,0.0
777,1.0,0,54.0,0.0,54.0,1.0,1.0,9,9,9,0,0,18,18,27.0,681.0,1,9.0,36.0,9.0,0.0
778,0.9978067032483501,2,52.851532901316034,1.148467098683966,53.943042982965004,0.9787320907651117,0.7777777777777778,9,9,7,2,0,18,14,27.0,679.707703664434,0,9.0,35.943042982965004,9.0,1.0915100816489662
779,1.0,0,54.0,0.0,54.0,1.0,1.0,9,9,9,0,0,18,18,27.0,681.0,1,9.0,36.0,9.0,0.0
780,0.9983422110689966,1,52.78399655791916,1.21600344208084,53.78399655791916,0.9774814177392437,0.8888888888888888,9,9,8,1,0,18,16,27.0,680.2836738056939,0,9.0,35.78399655791916,9.0,1.0
781,0.9981996955425866,1,49.21478478808989,4.7852152119101135,50.21478478808989,0.911384903483146,0.8888888888888888,9,9,8,1,0,18,16,27.0,683.729752160705,0,9.0,32.21478478808989,8.999999999999996,0.9999999999999964
782,1.0,0,54.0,0.0,54.0,1.0,1.0,9,9,9,0,0,18,18,27.0,681.0,1,9.0,36.0,9.0,0.0
783,0.9986775337220576,1,50.01380557815932,3.986194421840679,51.01380557815932,0.9261815847807282,0.8888888888888888,9,9,8,1,0,18,16,27.0,683.3435835576984,0,9.0,33.01380557815932,9.0,1.0
784,1.0,0,54.0,0.0,54.0,1.0,1.0,9,9,9,0,0,18,18,27.0,681.0,1,9.0,36.0,9.0,0.0
785,0.9872412881755084,3,44.44868748533477,9.551312514665227,46.69504745429191,0.8231238423210143,0.6666666666666666,9,9,6,3,0,18,12,27.0,678.404605513826,0,9.0,28.69504745429191,9.0,2.246359968957133
786,1.0,0,54.0,0.0,54.0,1.0,1.0,9,9,9,0,0,18,18,27.0,681.0,1,9.0,36.0,9.0,0.0
787,0.9980008468137591,1,53.60244354373317,0.3975564562668268,54.0,0.9926378434024662,0.8888888888888888,9,9,8,1,0,18,16,27.0,679.4715098752213,0,9.0,36.0,9.0,0.39755645626682323
788,0.9884130971249301,2,51.31879085098589,2.6812091490141086,53.137288793817845,0.950347978721961,0.7777777777777778,9,9,7,2,0,18,14,27.0,672.7608760935378,0,9.0,35.137288793817845,9.0,1.8184979428319537
789,1.0,0,54.0,0.0,54.0,1.0,1.0,9,9,9,0,0,18,18,27.0,681.0,1,9.0,36.0,9.0,0.0
790,1.0,0,54.0,0.0,54.0,1.0,1.0,9,9,9,0,0,18,18,27.0,681.0,1,9.0,36.0,9.0,0.0
791,1.0,0,54.0,0.0,54.0,1.0,1.0,9,9,9,0,0,18,18,27.0,681.0,1,9.0,36.0,9.0,0.0
792,1.0,0,54.0,0.0,54.0,1.0,1.0,9,9,9,0,0,18,18,27.0,681.0,1,9.0,36.0,9.0,0.0
793,1.0,0,54.0,0.0,54.0,1.0,1.0,9,9,9,0,0,18,18,27.0,681.0,1,9.0,36.0,9.0,0.0
794,1.0,0,54.0,0.0,54.0,1.0,1.0,9,9,9,0,0,18,18,27.0,681.0,1,9.0,36.0,9.0,0.0
795,0.9973593220922774,1,48.823507838669,5.176492161330998,49.647015677338004,0.904139034049426,0.8888888888888888,9,9,8,1,0,18,16,27.0,683.4831925297242,0,8.823507838669002,32.0,8.823507838669002,0.823507838669002
796,0.9979545085309587,1,48.472390048982646,5.527609951017354,48.94478009796529,0.8976368527589379,0.8888888888888888,9,9,8,1,0,18,16,27.0,684.5241102972743,0,8.472390048982646,32.0,8.472390048982646,0.47239004898264625
797,0.9983872669496376,1,52.77967153043657,1.2203284695634267,53.77967153043657,0.9774013246377143,0.8888888888888888,9,9,8,1,0,18,16,27.0,680.3269271140502,0,9.0,35.77967153043657,9.0,1.0
798,0.9979254028284643,1,49.32316832055357,4.67683167944643,50.32316832055357,0.9133920059361772,0.8888888888888888,9,9,8,1,0,18,16,27.0,683.3843797232397,0,9.0,32.32316832055357,9.0,1.0
799,1.0,0,54.0,0.0,54.0,1.0,1.0,9,9,9,0,0,18,18,27.0,681.0,1,9.0,36.0,9.0,0.0
800,1.0,0,54.0,0.0,54.0,1.0,1.0,9,9,9,0,0,18,18,27.0,681.0,1,9.0,36.0,9.0,0.0
801,0.9926612597660396,1,49.81224050468191,4.18775949531809,50.81224050468191,0.9224488982348502,0.8888888888888888,9,9,8,1,0,18,16,27.0,678.3470879331762,0,9.0,32.81224050468191,9.0,1.0
802,0.9990758477610834,1,48.79924622283998,5.200753777160017,49.598492445679966,0.903689744867407,0.8888888888888888,9,9,8,1,0,18,16,27.0,685.0026631313161,0,8.799246222839987,32.0,8.799246222839987,0.7992462228399866
803,0.9980246744172299,1,53.64513428634021,0.354865713659791,54.0,0.9934284127100038,0.8888888888888888,9,9,8,1,0,18,16,27.0,679.4707515533165,0,9.0,36.0,9.0,0.354865713659791
804,0.9978000381060289,1,52.31329175504683,1.6867082449531665,53.31329175504683,0.968764662130497,0.8888888888888888,9,9,8,1,0,18,16,27.0,680.2859411685622,0,9.0,35.31329175504683,9.0,1.0
805,1.0,0,54.0,0.0,54.0,1.0,1.0,9,9,9,0,0,18,18,27.0,681.0,1,9.0,36.0,9.0,0.0
806,1.0,0,54.0,0.0,54.0,1.0,1.0,9,9,9,0,0,18,18,27.0,681.0,1,9.0,36.0,9.0,0.0
807,1.0,0,54.0,0.0,54.0,1.0,1.0,9,9,9,0,0,18,18,27.0,681.0,1,9.0,36.0,9.0,0.0
808,1.0,0,54.0,0.0,54.0,1.0,1.0,9,9,9,0,0,18,18,27.0,681.0,1,9.0,36.0,9.0,0.0
809,0.9945120182174614,1,52.056103257258286,1.943896742741714,53.056103257258286,0.9640019121714497,0.8888888888888888,9,9,8,1,0,18,16,27.0,677.7022804826283,0,9.0,35.056103257258286,9.0,1.0
810,0.9936338155918845,2,47.859990182228735,6.140009817771265,49.859990182228735,0.8862961144857173,0.7777777777777778,9,9,7,2,0,18,14,27.0,680.6396264891595,0,9.0,31.859990182228735,9.0,2.0
811,0.9985616705896014,1,51.037097231584184,2.962902768415816,52.037097231584184,0.945131430214522,0.8888888888888888,9,9,8,1,0,18,16,27.0,682.2201861578314,0,9.0,34.037097231584184,9.0,1.0
812,1.0,0,54.0,0.0,54.0,1.0,1.0,9,9,9,0,0,18,18,27.0,681.0,1,9.0,36.0,9.0,0.0
813,1.0,0,54.0,0.0,54.0,1.0,1.0,9,9,9,0,0,18,18,27.0,681.0,1,9.0,36.0,9.0,0.0
814,1.0,0,54.0,0.0,54.0,1.0,1.0,9,9,9,0,0,18,18,27.0,681.0,1,9.0,36.0,9.0,0.0
815,1.0,0,54.0,0.0,54.0,1.0,1.0,9,9,9,0,0,18,18,27.0,681.0,1,9.0,36.0,9.0,0.0
816,1.0,0,54.0,0.0,54.0,1.0,1.0,9,9,9,0,0,18,18,27.0,681.0,1,9.0,36.0,9.0,0.0
817,1.0,0,54.0,0.0,54.0,1.0,1.0,9,9,9,0,0,18,18,27.0,681.0,1,9.0,36.0,9.0,0.0
818,0.998571441713888,1,49.46093899602036,4.53906100397964,50.46093899602036,0.9159433147411178,0.8888888888888888,9,9,8,1,0,18,16,27.0,683.8047866447789,0,9.0,32.46093899602036,9.0,1.0
819,1.0,0,54.0,0.0,54.0,1.0,1.0,9,9,9,0,0,18,18,27.0,681.0,1,9.0,36.0,9.0,0.0
820,0.9994604085885741,1,48.74680622432682,5.253193775673182,49.493612448653636,0.90271863378383,0.8888888888888888,9,9,8,1,0,18,16,27.0,685.4135836840378,0,8.746806224326818,32.0,8.746806224326818,0.7468062243268179
821,1.0,0,54.0,0.0,54.0,1.0,1.0,9,9,9,0,0,18,18,27.0,681.0,1,9.0,36.0,9.0,0.0
822,0.999330379576245,1,49.66222242520733,4.337777574792668,50.66222242520733,0.9196707856519877,0.8888888888888888,9,9,8,1,0,18,16,27.0,684.2592255286684,0,9.0,32.66222242520733,9.0,1.0
823,0.9989296975887059,1,48.98286021940902,5.0171397805909805,49.96572043881804,0.90709000406313,0.8888888888888888,9,9,8,1,0,18,16,27.0,684.6009683875283,0,8.98286021940902,32.0,8.98286021940902,0.9828602194090195
824,0.9979407861879671,1,51.589088220447074,2.410911779552926,52.589088220447074,0.9553534855638347,0.8888888888888888,9,9,8,1,0,18,16,27.0,681.1317510459564,0,9.0,34.589088220447074,9.0,1.0
825,1.0,0,54.0,0.0,54.0,1.0,1.0,9,9,9,0,0,18,18,27.0,681.0,1,9.0,36.0,9.0,0.0
826,1.0,0,54.0,0.0,54.0,1.0,1.0,9,9,9,0,0,18,18,27.0,681.0,1,9.0,36.0,9.0,0.0
827,1.0,0,54.0,0.0,54.0,1.0,1.0,9,9,9,0,0,18,18,27.0,681.0,1,9.0,36.0,9.0,0.0
828,0.9993467757781868,1,49.49961251243906,4.500387487560943,50.49961251243906,0.9166594909710937,0.8888888888888888,9,9,8,1,0,18,16,27.0,684.4360017599145,0,9.0,32.49961251243906,9.0,1.0
829,1.0,0,54.0,0.0,54.0,1.0,1.0,9,9,9,0,0,18,18,27.0,681.0,1,9.0,36.0,9.0,0.0
830,1.0,0,54.0,0.0,54.0,1.0,1.0,9,9,9,0,0,18,18,27.0,681.0,1,9.0,36.0,9.0,0.0
831,0.9919228351676342,2,47.150935829696856,6.849064170303144,48.41699417959423,0.8731654783277195,0.7777777777777778,9,9,7,2,0,18,14,27.0,680.2373645801904,0,8.26605834989737,31.884877479799485,8.26605834989737,1.2660583498973708
832,0.9988209154433755,1,51.31755736172978,2.682442638270217,52.31755736172978,0.9503251363283293,0.8888888888888888,9,9,8,1,0,18,16,27.0,682.1637135813467,0,9.0,34.31755736172978,9.0,1.0
833,1.0,0,54.0,0.0,54.0,1.0,1.0,9,9,9,0,0,18,18,27.0,681.0,1,9.0,36.0,9.0,0.0
834,0.9978790369412479,1,50.60773232909659,3.392267670903408,51.60773232909659,0.9371802283166035,0.8888888888888888,9,9,8,1,0,18,16,27.0,682.0597555881416,0,9.0,33.60773232909659,9.0,1.0
835,1.0,0,54.0,0.0,54.0,1.0,1.0,9,9,9,0,0,18,18,27.0,681.0,1,9.0,36.0,9.0,0.0
836,1.0,0,54.0,0.0,54.0,1.0,1.0,9,9,9,0,0,18,18,27.0,681.0,1,9.0,36.0,9.0,0.0
837,0.9965096811608999,1,49.86142953571827,4.138570464281727,50.86142953571827,0.9233598062170051,0.8888888888888888,9,9,8,1,0,18,16,27.0,681.6229349872992,0,9.0,32.86142953571827,9.000000000000004,1.0000000000000036
838,1.0,0,54.0,0.0,54.0,1.0,1.0,9,9,9,0,0,18,18,27.0,681.0,1,9.0,36.0,9.0,0.0
839,1.0,0,54.0,0.0,54.0,1.0,1.0,9,9,9,0,0,18,18,27.0,681.0,1,9.0,36.0,9.0,0.0
840,0.989115292421067,1,52.342765866424216,1.657234133575784,53.342765866424216,0.9693104790078558,0.8888888888888888,9,9,8,1,0,18,16,27.0,672.7528467853776,0,9.0,35.342765866424216,9.0,1.0
841,1.0,0,54.0,0.0,54.0,1.0,1.0,9,9,9,0,0,18,18,27.0,681.0,1,9.0,36.0,9.0,0.0
842,0.998579743091293,1,49.4401294266046,4.559870573395401,50.440129426604585,0.9155579523445296,0.8888888888888888,9,9,8,1,0,18,16,27.0,683.8327686042726,0,9.0,32.4401294266046,8.999999999999986,0.9999999999999858
843,0.9918706366194475,2,47.89569389465881,6.104306105341188,49.89569389465881,0.8869572943455336,0.7777777777777778,9,9,7,2,0,18,14,27.0,679.0805361445437,0,9.0,31.895693894658812,9.0,2.0
844,0.9954928023988006,1,48.24274751932853,5.757252480671468,48.485495038657064,0.8933842133208988,0.8888888888888888,9,9,8,1,0,18,16,27.0,682.7416599935709,0,8.242747519328528,32.0,8.242747519328528,0.24274751932852823
845,1.0,0,54.0,0.0,54.0,1.0,1.0,9,9,9,0,0,18,18,27.0,681.0,1,9.0,36.0,9.0,0.0
846,1.0,0,54.0,0.0,54.0,1.0,1.0,9,9,9,0,0,18,18,27.0,681.0,1,9.0,36.0,9.0,0.0
847,0.9988655273572021,1,52.9187571649305,1.081242835069503,53.9187571649305,0.97997698453575,0.8888888888888888,9,9,8,1,0,18,16,27.0,680.6010584716921,0,9.0,35.9187571649305,9.0,1.0
848,1.0,0,54.0,0.0,54.0,1.0,1.0,9,9,9,0,0,18,18,27.0,681.0,1,9.0,36.0,9.0,0.0
849,1.0,0,54.0,0.0,54.0,1.0,1.0,9,9,9,0,0,18,18,27.0,681.0,1,9.0,36.0,9.0,0.0
850,0.9981149039045774,1,49.043680238725116,4.956319761274884,50.04368023872513,0.9082163007171318,0.8888888888888888,9,9,8,1,0,18,16,27.0,683.8275967348297,0,9.0,32.043680238725116,9.000000000000014,1.0000000000000142
851,1.0,0,54.0,0.0,54.0,1.0,1.0,9,9,9,0,0,18,18,27.0,681.0,1,9.0,36.0,9.0,0.0
852,0.999108602474964,1,51.670264273922974,2.3297357260770255,52.670264273922974,0.9568567458133884,0.8888888888888888,9,9,8,1,0,18,16,27.0,682.0595682644459,0,9.0,34.670264273922974,9.0,1.0
853,1.0,0,54.0,0.0,54.0,1.0,1.0,9,9,9,0,0,18,18,27.0,681.0,1,9.0,36.0,9.0,0.0
854,1.0,0,54.0,0.0,54.0,1.0,1.0,9,9,9,0,0,18,18,27.0,681.0,1,9.0,36.0,9.0,0.0
855,1.0,0,54.0,0.0,54.0,1.0,1.0,9,9,9,0,0,18,18,27.0,681.0,1,9.0,36.0,9.0,0.0
856,1.0,0,54.0,0.0,54.0,1.0,1.0,9,9,9,0,0,18,18,27.0,681.0,1,9.0,36.0,9.0,0.0
857,0.9993272707782862,1,50.92883302096797,3.0711669790320286,51.92883302096797,0.9431265374253328,0.8888888888888888,9,9,8,1,0,18,16,27.0,682.9899289314712,0,9.0,33.92883302096797,9.0,1.0
858,1.0,0,54.0,0.0,54.0,1.0,1.0,9,9,9,0,0,18,18,27.0,681.0,1,9.0,36.0,9.0,0.0
859,0.998927828322441,1,50.89858278824734,3.1014172117526613,51.89858278824734,0.9425663479305063,0.8888888888888888,9,9,8,1,0,18,16,27.0,682.6750608823417,0,9.0,33.89858278824734,9.0,1.0
860,1.0,0,54.0,0.0,54.0,1.0,1.0,9,9,9,0,0,18,18,27.0,681.0,1,9.0,36.0,9.0,0.0
861,0.9949358837969997,2,44.312672080467394,9.687327919532606,45.85888284099866,0.8206050385271739,0.7777777777777778,9,9,7,2,0,18,14,27.0,685.5388261398748,0,8.546210760531263,28.766461319936127,8.546210760531263,1.5462107605312632
862,0.992684105034734,1,49.82325899996404,4.17674100003596,50.82325899996404,0.9226529444437785,0.8888888888888888,9,9,8,1,0,18,16,27.0,678.3558077500461,0,9.0,32.82325899996404,9.0,1.0
863,0.9989754653215641,1,50.69017186046371,3.309828139536293,51.69017186046371,0.9387068863048834,0.8888888888888888,9,9,8,1,0,18,16,27.0,682.9246301773677,0,9.0,33.69017186046371,9.0,1.0
864,0.9991305097731709,1,52.665460632246706,1.334539367753294,53.665460632246706,0.9752863080045686,0.8888888888888888,9,9,8,1,0,18,16,27.0,681.0832998117728,0,9.0,35.665460632246706,9.0,1.0
865,1.0,0,54.0,0.0,54.0,1.0,1.0,9,9,9,0,0,18,18,27.0,681.0,1,9.0,36.0,9.0,0.0
866,0.9936528646792786,2,45.11853433657262,8.881465663427377,46.502104720271895,0.8355284136402338,0.7777777777777778,9,9,7,2,0,18,14,27.0,683.7057555544744,0,8.383570383699272,29.734963952873354,8.383570383699272,1.383570383699272
867,1.0,0,54.0,0.0,54.0,1.0,1.0,9,9,9,0,0,18,18,27.0,681.0,1,9.0,36.0,9.0,0.0
868,1.0,0,54.0,0.0,54.0,1.0,1.0,9,9,9,0,0,18,18,27.0,681.0,1,9.0,36.0,9.0,0.0
869,0.9985757936834944,2,52.29523399182719,1.704766008172811,53.74015476151166,0.9684302591079109,0.7777777777777778,9,9,7,2,0,18,14,27.0,680.7517913658696,0,9.0,35.74015476151166,9.0,1.4449207696844724
870,1.0,0,54.0,0.0,54.0,1.0,1.0,9,9,9,0,0,18,18,27.0,681.0,1,9.0,36.0,9.0,0.0
871,1.0,0,54.0,0.0,54.0,1.0,1.0,9,9,9,0,0,18,18,27.0,681.0,1,9.0,36.0,9.0,0.0
872,1.0,0,54.0,0.0,54.0,1.0,1.0,9,9,9,0,0,18,18,27.0,681.0,1,9.0,36.0,9.0,0.0
873,1.0,0,54.0,0.0,54.0,1.0,1.0,9,9,9,0,0,18,18,27.0,681.0,1,9.0,36.0,9.0,0.0
874,1.0,0,54.0,0.0,54.0,1.0,1.0,9,9,9,0,0,18,18,27.0,681.0,1,9.0,36.0,9.0,0.0
875,1.0,0,54.0,0.0,54.0,1.0,1.0,9,9,9,0,0,18,18,27.0,681.0,1,9.0,36.0,9.0,0.0
876,0.9991398368670339,1,51.672671104429384,2.3273288955706164,52.672671104429384,0.9569013167486923,0.8888888888888888,9,9,8,1,0,18,16,27.0,682.0841479486879,0,9.0,34.672671104429384,9.0,1.0
877,1.0,0,54.0,0.0,54.0,1.0,1.0,9,9,9,0,0,18,18,27.0,681.0,1,9.0,36.0,9.0,0.0
878,1.0,0,54.0,0.0,54.0,1.0,1.0,9,9,9,0,0,18,18,27.0,681.0,1,9.0,36.0,9.0,0.0
879,1.0,0,54.0,0.0,54.0,1.0,1.0,9,9,9,0,0,18,18,27.0,681.0,1,9.0,36.0,9.0,0.0
880,0.9991288066117753,1,48.003317443056105,5.996682556943895,48.00663488611221,0.8889503230195575,0.8888888888888888,9,9,8,1,0,18,16,27.000000000000007,686.2423127479899,0,8.003317443056105,32.0,8.003317443056105,0.0033174430561047075
881,1.0,0,54.0,0.0,54.0,1.0,1.0,9,9,9,0,0,18,18,27.0,681.0,1,9.0,36.0,9.0,0.0
882,0.9972509697685433,1,52.208745450227156,1.7912545497728445,53.208745450227156,0.9668286194486511,0.8888888888888888,9,9,8,1,0,18,16,27.0,679.9160924297943,0,9.0,35.208745450227156,9.0,1.0
883,0.9896248493544845,3,39.584164546935384,14.415835453064616,41.55314805809479,0.7330400842025071,0.6666666666666666,9,9,6,3,0,18,12,27.0,685.4672135397593,0,7.968983511159408,25.615181035775976,7.968983511159408,1.9689835111594078
884,0.9973687752700034,1,50.419028169808385,3.580971830191615,51.419028169808385,0.9336857068483034,0.8888888888888888,9,9,8,1,0,18,16,27.0,681.8075936634746,0,9.0,33.419028169808385,9.0,1.0
885,0.99192790096569,1,51.293349518743355,2.706650481256645,52.293349518743355,0.9498768429396918,0.8888888888888888,9,9,8,1,0,18,16,27.0,676.2323569156127,0,9.0,34.293349518743355,9.0,1.0
886,0.9992465692678195,1,52.38640738798557,1.613592612014429,53.38640738798557,0.9701186553330662,0.8888888888888888,9,9,8,1,0,18,16,27.0,681.4626284594106,0,9.0,35.38640738798557,9.0,1.0
887,1.0,0,54.0,0.0,54.0,1.0,1.0,9,9,9,0,0,18,18,27.0,681.0,1,9.0,36.0,9.0,0.0
888,0.9991204941821373,1,49.38279281767986,4.6172071823201435,50.38279281767986,0.9144961632903678,0.8888888888888888,9,9,8,1,0,18,16,27.0,684.3573141556868,0,9.0,32.38279281767986,9.0,1.0
889,1.0,0,54.0,0.0,54.0,1.0,1.0,9,9,9,0,0,18,18,27.0,681.0,1,9.0,36.0,9.0,0.0
890,0.9986371731226421,1,52.116368519770916,1.8836314802290843,53.116368519770916,0.9651179355513132,0.8888888888888888,9,9,8,1,0,18,16,27.0,681.2061490581918,0,9.0,35.116368519770916,9.0,1.0
891,0.998054760988096,1,50.85452230900664,3.14547769099336,51.85452230900664,0.9417504131297526,0.8888888888888888,9,9,8,1,0,18,16,27.0,681.9647911847082,0,9.0,33.85452230900664,9.0,1.0
892,0.9989630037508642,1,52.01318757158947,1.9868124284105306,53.01318757158947,0.9632071772516568,0.8888888888888888,9,9,8,1,0,18,16,27.0,681.5908476691573,0,9.0,35.01318757158947,9.0,1.0
893,1.0,0,54.0,0.0,54.0,1.0,1.0,9,9,9,0,0,18,18,27.0,681.0,1,9.0,36.0,9.0,0.0
894,0.9987999635569493,1,51.62828085635468,2.371719143645322,52.62828085635468,0.9560792751176792,0.8888888888888888,9,9,8,1,0,18,16,27.0,681.8348876568496,0,9.0,34.62828085635468,9.0,1.0
895,1.0,0,54.0,0.0,54.0,1.0,1.0,9,9,9,0,0,18,18,27.0,681.0,1,9.0,36.0,9.0,0.0
896,1.0,0,54.0,0.0,54.0,1.0,1.0,9,9,9,0,0,18,18,27.0,681.0,1,9.0,36.0,9.0,0.0
897,0.9960594109414584,1,53.14710138078564,0.8528986192143577,54.0,0.98420558112566,0.8888888888888888,9,9,8,1,0,18,16,27.0,678.0217803630273,0,9.0,36.0,9.0,0.8528986192143577
898,0.9972039265245686,1,51.15855177938026,2.841448220619739,52.15855177938026,0.9473805885070419,0.8888888888888888,9,9,8,1,0,18,16,27.0,680.9256407378471,0,9.0,34.15855177938026,9.0,1.0
899,1.0,0,54.0,0.0,54.0,1.0,1.0,9,9,9,0,0,18,18,27.0,681.0,1,9.0,36.0,9.0,0.0
900,1.0,0,54.0,0.0,54.0,1.0,1.0,9,9,9,0,0,18,18,27.0,681.0,1,9.0,36.0,9.0,0.0
901,0.9934785230311014,2,48.507282026145305,5.492717973854695,50.507282026145305,0.8982830004841723,0.7777777777777778,9,9,7,2,0,18,14,27.0,679.8581618727263,0,9.0,32.507282026145305,9.0,2.0
902,1.0,0,54.0,0.0,54.0,1.0,1.0,9,9,9,0,0,18,18,27.0,681.0,1,9.0,36.0,9.0,0.0
903,1.0,0,54.0,0.0,54.0,1.0,1.0,9,9,9,0,0,18,18,27.0,681.0,1,9.0,36.0,9.0,0.0
904,1.0,0,54.0,0.0,54.0,1.0,1.0,9,9,9,0,0,18,18,27.0,681.0,1,9.0,36.0,9.0,0.0
905,0.999160626665187,1,49.76810819957363,4.231891800426368,50.768108199573646,0.9216316333254376,0.8888888888888888,9,9,8,1,0,18,16,27.0,684.0066732391481,0,9.0,32.76810819957363,9.000000000000014,1.0000000000000142
906,0.9995090237079062,1,53.744991082172916,0.2550089178270838,54.0,0.9952776126328318,0.8888888888888888,9,9,8,1,0,18,16,27.0,680.7033009425445,0,9.0,36.0,9.0,0.25500891782708024
907,1.0,0,54.0,0.0,54.0,1.0,1.0,9,9,9,0,0,18,18,27.0,681.0,1,9.0,36.0,9.0,0.0
908,1.0,0,54.0,0.0,54.0,1.0,1.0,9,9,9,0,0,18,18,27.0,681.0,1,9.0,36.0,9.0,0.0
909,0.9959702898936054,2,48.05746169119868,5.942538308801318,50.05746169119868,0.8899529942814571,0.7777777777777778,9,9,7,2,0,18,14,27.0,682.4608687768763,0,9.0,32.05746169119868,9.0,2.0
910,1.0,0,54.0,0.0,54.0,1.0,1.0,9,9,9,0,0,18,18,27.0,681.0,1,9.0,36.0,9.0,0.0
911,1.0,0,54.0,0.0,54.0,1.0,1.0,9,9,9,0,0,18,18,27.0,681.0,1,9.0,36.0,9.0,0.0
912,1.0,0,54.0,0.0,54.0,1.0,1.0,9,9,9,0,0,18,18,27.0,681.0,1,9.0,36.0,9.0,0.0
913,1.0,0,54.0,0.0,54.0,1.0,1.0,9,9,9,0,0,18,18,27.0,681.0,1,9.0,36.0,9.0,0.0
914,1.0,0,54.0,0.0,54.0,1.0,1.0,9,9,9,0,0,18,18,27.0,681.0,1,9.0,36.0,9.0,0.0
915,0.9977097266916567,1,48.29025129435743,5.709748705642568,48.580502588714864,0.894263912858471,0.8888888888888888,9,9,8,1,0,18,16,27.0,684.5858269200553,0,8.290251294357432,32.0,8.290251294357432,0.29025129435743224
916,1.0,0,54.0,0.0,54.0,1.0,1.0,9,9,9,0,0,18,18,27.0,681.0,1,9.0,36.0,9.0,0.0
917,1.0,0,54.0,0.0,54.0,1.0,1.0,9,9,9,0,0,18,18,27.0,681.0,1,9.0,36.0,9.0,0.0
918,0.9961872896594057,1,53.03043480940973,0.9695651905902665,54.0,0.9820450890631433,0.8888888888888888,9,9,8,1,0,18,16,27.0,678.1906008610216,0,9.0,36.0,9.0,0.9695651905902665
919,0.9880273089535634,2,50.407931156043205,3.5920688439567954,51.46730949389506,0.9334802065933927,0.7777777777777778,9,9,7,2,0,18,14,27.0,673.7179746109096,0,9.0,33.46730949389506,9.0,1.0593783378518538
920,0.9938628993692732,2,46.98515273934137,7.014847260658627,48.98515273934137,0.8700954210989144,0.7777777777777778,9,9,7,2,0,18,14,27.0,681.7123923157106,0,9.0,30.985152739341373,9.0,2.0
921,1.0,0,54.0,0.0,54.0,1.0,1.0,9,9,9,0,0,18,18,27.0,681.0,1,9.0,36.0,9.0,0.0
922,1.0,0,54.0,0.0,54.0,1.0,1.0,9,9,9,0,0,18,18,27.0,681.0,1,9.0,36.0,9.0,0.0
923,0.9927112856150315,2,52.526419520149595,1.4735804798504049,53.66307530763984,0.9727114725953628,0.7777777777777778,9,9,7,2,0,18,14,27.0,675.6078033574926,0,9.0,35.66307530763984,9.0,1.1366557874902483
924,0.9963483746620923,1,52.31343386399422,1.68656613600578,53.31343386399422,0.9687672937776708,0.8888888888888888,9,9,8,1,0,18,16,27.0,679.0315618440534,0,9.0,35.31343386399422,9.0,1.0
925,1.0,0,54.0,0.0,54.0,1.0,1.0,9,9,9,0,0,18,18,27.0,681.0,1,9.0,36.0,9.0,0.0
926,1.0,0,54.0,0.0,54.0,1.0,1.0,9,9,9,0,0,18,18,27.0,681.0,1,9.0,36.0,9.0,0.0
927,1.0,0,54.0,0.0,54.0,1.0,1.0,9,9,9,0,0,18,18,27.0,681.0,1,9.0,36.0,9.0,0.0
928,1.0,0,54.0,0.0,54.0,1.0,1.0,9,9,9,0,0,18,18,27.0,681.0,1,9.0,36.0,9.0,0.0
929,0.9993951671680854,1,49.33326865997304,4.666731340026963,50.33326865997304,0.91357904925876,0.8888888888888888,9,9,8,1,0,18,16,27.0,684.6441557732528,0,9.0,32.33326865997304,9.0,1.0
930,1.0,0,54.0,0.0,54.0,1.0,1.0,9,9,9,0,0,18,18,27.0,681.0,1,9.0,36.0,9.0,0.0
931,1.0,0,54.0,0.0,54.0,1.0,1.0,9,9,9,0,0,18,18,27.0,681.0,1,9.0,36.0,9.0,0.0
932,0.9989199063525069,2,52.787017059796284,1.212982940203716,53.787017059796284,0.9775373529591904,0.8888888888888888,9,9,8,1,0,18,16,27.0,680.7797820287697,0,9.0,35.787017059796284,9.0,1.0
933,1.0,0,54.0,0.0,54.0,1.0,1.0,9,9,9,0,0,18,18,27.0,681.0,1,9.0,36.0,9.0,0.0
934,1.0,0,54.0,0.0,54.0,1.0,1.0,9,9,9,0,0,18,18,27.0,681.0,1,9.0,36.0,9.0,0.0
935,1.0,0,54.0,0.0,54.0,1.0,1.0,9,9,9,0,0,18,18,27.0,681.0,1,9.0,36.0,9.0,0.0
936,0.9990683387750364,1,51.91022074038469,2.0897792596153124,52.91022074038469,0.9613003840811979,0.8888888888888888,9,9,8,1,0,18,16,27.0,681.7848239612468,0,9.0,34.91022074038469,9.0,1.0
937,0.9985931888094096,1,49.157266722713146,4.842733277286854,50.157266722713146,0.9103197541243175,0.8888888888888888,9,9,8,1,0,18,16,27.0,684.1272484086168,0,9.0,32.157266722713146,9.0,1.0
938,0.9956331425088106,1,51.79591575948845,2.2040842405115484,52.79591575948845,0.9591836251757121,0.8888888888888888,9,9,8,1,0,18,16,27.0,678.931119368124,0,9.0,34.79591575948845,9.0,1.0
939,1.0,0,54.0,0.0,54.0,1.0,1.0,9,9,9,0,0,18,18,27.0,681.0,1,9.0,36.0,9.0,0.0
940,1.0,0,54.0,0.0,54.0,1.0,1.0,9,9,9,0,0,18,18,27.0,681.0,1,9.0,36.0,9.0,0.0
941,0.9994207447861994,1,52.33154962023683,1.668450379763172,53.33154962023683,0.9691027707451264,0.8888888888888888,9,9,8,1,0,18,16,27.0,681.6679738750391,0,9.0,35.33154962023683,9.0,1.0
942,1.0,0,54.0,0.0,54.0,1.0,1.0,9,9,9,0,0,18,18,27.0,681.0,1,9.0,36.0,9.0,0.0
943,1.0,0,54.0,0.0,54.0,1.0,1.0,9,9,9,0,0,18,18,27.0,681.0,1,9.0,36.0,9.0,0.0
944,0.9979417632520643,1,52.61948839857135,1.3805116014286511,53.61948839857135,0.9744349703439139,0.8888888888888888,9,9,8,1,0,18,16,27.0,680.1021950512121,0,9.0,35.61948839857135,9.0,1.0
945,0.9940950881639652,2,49.70307060273146,4.296929397268542,51.23152750399976,0.9204272333839159,0.7777777777777778,9,9,7,2,0,18,14,27.0,679.4308571203004,0,9.0,33.23152750399976,9.0,1.5284569012682994
946,0.9969494336363174,1,53.087743525258816,0.9122564747411843,54.0,0.983106361578867,0.8888888888888888,9,9,8,1,0,18,16,27.0,678.8204388991488,0,9.0,36.0,9.0,0.9122564747411843
947,1.0,0,54.0,0.0,54.0,1.0,1.0,9,9,9,0,0,18,18,27.0,681.0,1,9.0,36.0,9.0,0.0
948,1.0,0,54.0,0.0,54.0,1.0,1.0,9,9,9,0,0,18,18,27.0,681.0,1,9.0,36.0,9.0,0.0
949,1.0,0,54.0,0.0,54.0,1.0,1.0,9,9,9,0,0,18,18,27.0,681.0,1,9.0,36.0,9.0,0.0
950,1.0,0,54.0,0.0,54.0,1.0,1.0,9,9,9,0,0,18,18,27.0,681.0,1,9.0,36.0,9.0,0.0
951,1.0,0,54.0,0.0,54.0,1.0,1.0,9,9,9,0,0,18,18,27.0,681.0,1,9.0,36.0,9.0,0.0
952,1.0,0,54.0,0.0,54.0,1.0,1.0,9,9,9,0,0,18,18,27.0,681.0,1,9.0,36.0,9.0,0.0
953,0.9928124906999561,2,49.839643868252566,4.1603561317474345,51.839643868252566,0.9229563679306031,0.7777777777777778,9,9,7,2,0,18,14,27.0,677.9503480965095,0,9.0,33.839643868252566,9.0,2.0
954,0.9950760437096149,2,53.026114978980246,0.973885021019754,54.0,0.9819650922033379,0.7777777777777778,9,9,7,2,0,18,14,27.0,677.2326442756171,0,9.0,36.0,9.0,0.973885021019754
955,1.0,0,54.0,0.0,54.0,1.0,1.0,9,9,9,0,0,18,18,27.0,681.0,1,9.0,36.0,9.0,0.0
956,1.0,0,54.0,0.0,54.0,1.0,1.0,9,9,9,0,0,18,18,27.0,681.0,1,9.0,36.0,9.0,0.0
957,1.0,0,54.0,0.0,54.0,1.0,1.0,9,9,9,0,0,18,18,27.0,681.0,1,9.0,36.0,9.0,0.0
958,0.9884502609892546,2,46.207694132859345,7.792305867140655,47.29069021507743,0.8556980394973953,0.7777777777777778,9,9,7,2,0,18,14,27.0,678.2718333207476,0,8.082996082218088,31.124698050641257,8.082996082218088,1.082996082218088
959,1.0,0,54.0,0.0,54.0,1.0,1.0,9,9,9,0,0,18,18,27.0,681.0,1,9.0,36.0,9.0,0.0
960,1.0,0,54.0,0.0,54.0,1.0,1.0,9,9,9,0,0,18,18,27.0,681.0,1,9.0,36.0,9.0,0.0
961,1.0,0,54.0,0.0,54.0,1.0,1.0,9,9,9,0,0,18,18,27.0,681.0,1,9.0,36.0,9.0,0.0
962,0.9992952362413873,1,49.89266827742651,4.107331722573491,50.89266827742651,0.9239383014338243,0.8888888888888888,9,9,8,1,0,18,16,27.0,683.998415835132,0,9.0,32.89266827742651,9.0,1.0
963,1.0,0,54.0,0.0,54.0,1.0,1.0,9,9,9,0,0,18,18,27.0,681.0,1,9.0,36.0,9.0,0.0
964,0.9982700120755946,1,51.582725084528676,2.4172749154713244,52.582725084528676,0.955235649713494,0.8888888888888888,9,9,8,1,0,18,16,27.0,681.4225653487852,0,9.0,34.582725084528676,9.0,1.0
965,1.0,0,54.0,0.0,54.0,1.0,1.0,9,9,9,0,0,18,18,27.0,681.0,1,9.0,36.0,9.0,0.0
966,1.0,0,54.0,0.0,54.0,1.0,1.0,9,9,9,0,0,18,18,27.0,681.0,1,9.0,36.0,9.0,0.0
967,0.9970204960681889,1,48.94105580556233,5.058944194437672,49.88211161112466,0.9063158482511542,0.8888888888888888,9,9,8,1,0,18,16,27.0,683.0141248945718,0,8.941055805562328,32.0,8.941055805562328,0.9410558055623284
968,0.9985481931089895,1,48.58384018144505,5.416159818554952,49.167680362890096,0.8997007441008342,0.8888888888888888,9,9,8,1,0,18,16,27.0,684.8698785739992,0,8.583840181445048,32.0,8.583840181445048,0.5838401814450478
969,0.9908888537348292,1,50.03332420571143,3.9666757942885695,51.03332420571143,0.926543040846508,0.8888888888888888,9,9,8,1,0,18,16,27.0,676.594645421181,0,9.0,33.03332420571143,9.0,1.0
970,0.998193988035896,2,44.559570512478444,9.440429487521556,45.572303844724914,0.8251772317125637,0.7777777777777778,9,9,7,2,0,18,14,27.0,688.3736684844125,0,8.01273333224647,29.546837180231975,8.01273333224647,1.0127333322464693
971,1.0,0,54.0,0.0,54.0,1.0,1.0,9,9,9,0,0,18,18,27.0,681.0,1,9.0,36.0,9.0,0.0
972,0.9912779816465366,3,47.13791523265153,6.86208476734847,49.17639078473235,0.8729243561602135,0.6666666666666666,9,9,6,3,0,18,12,27.0,679.3070231339154,0,8.924235451421353,31.327919881889642,8.924235451421353,2.0384755520808184
973,0.9979687952960129,2,46.09098274930062,7.909017250699378,47.181027886787675,0.8535367175796411,0.7777777777777778,9,9,7,2,0,18,14,27.0,686.6090338177111,0,8.090045137487053,31.00093761181357,8.090045137487053,1.0900451374870528
974,1.0,0,54.0,0.0,54.0,1.0,1.0,9,9,9,0,0,18,18,27.0,681.0,1,9.0,36.0,9.0,0.0
975,0.9987658319114533,1,48.515552291640546,5.484447708359454,49.03110458328109,0.898436153548899,0.8888888888888888,9,9,8,1,0,18,16,27.0,685.1603503340349,0,8.515552291640546,32.0,8.515552291640546,0.515552291640546
976,1.0,0,54.0,0.0,54.0,1.0,1.0,9,9,9,0,0,18,18,27.0,681.0,1,9.0,36.0,9.0,0.0
977,1.0,0,54.0,0.0,54.0,1.0,1.0,9,9,9,0,0,18,18,27.0,681.0,1,9.0,36.0,9.0,0.0
978,1.0,0,54.0,0.0,54.0,1.0,1.0,9,9,9,0,0,18,18,27.0,681.0,1,9.0,36.0,9.0,0.0
979,0.9941052034612791,2,47.02195785658685,6.978042143413148,48.814530112314884,0.870776997344201,0.7777777777777778,9,9,7,2,0,18,14,27.0,681.9886518060941,0,8.792572255728032,31.22938560085882,8.792572255728032,1.7925722557280324
980,0.9979102507051257,1,53.529098699967975,0.47090130003202546,54.0,0.9912796055549625,0.8888888888888888,9,9,8,1,0,18,16,27.0,679.4299072592446,0,9.0,36.0,9.0,0.47090130003202546
981,1.0,0,54.0,0.0,54.0,1.0,1.0,9,9,9,0,0,18,18,27.0,681.0,1,9.0,36.0,9.0,0.0
982,0.9909580620922294,1,53.57753411736584,0.42246588263415674,54.0,0.992176557728997,0.8888888888888888,9,9,8,1,0,18,16,27.0,673.3989985890032,0,9.0,36.0,9.0,0.42246588263415674
983,0.9979293752620096,1,52.90248108278416,1.0975189172158366,53.90248108278416,0.9796755756071142,0.8888888888888888,9,9,8,1,0,18,16,27.0,679.8084991435923,0,9.0,35.90248108278416,9.0,1.0
984,1.0,0,54.0,0.0,54.0,1.0,1.0,9,9,9,0,0,18,18,27.0,681.0,1,9.0,36.0,9.0,0.0
985,1.0,0,54.0,0.0,54.0,1.0,1.0,9,9,9,0,0,18,18,27.0,681.0,1,9.0,36.0,9.0,0.0
986,0.9981859601747418,1,50.34303173284552,3.6569682671544825,51.34303173284552,0.9322783654230652,0.8888888888888888,9,9,8,1,0,18,16,27.0,682.5896378581315,0,9.0,33.34303173284552,9.0,1.0
987,0.9917287395657829,1,52.56548435448546,1.4345156455145371,53.56548435448546,0.9734348954534345,0.8888888888888888,9,9,8,1,0,18,16,27.0,674.788146630351,0,9.0,35.56548435448546,9.0,1.0
988,1.0,0,54.0,0.0,54.0,1.0,1.0,9,9,9,0,0,18,18,27.0,681.0,1,9.0,36.0,9.0,0.0
989,0.9984075597214555,1,52.881336897658215,1.1186631023417846,53.881336897658215,0.9792840166233003,0.8888888888888888,9,9,8,1,0,18,16,27.0,680.2427947016793,0,9.0,35.881336897658215,9.0,1.0
990,1.0,0,54.0,0.0,54.0,1.0,1.0,9,9,9,0,0,18,18,27.0,681.0,1,9.0,36.0,9.0,0.0
991,1.0,0,54.0,0.0,54.0,1.0,1.0,9,9,9,0,0,18,18,27.0,681.0,1,9.0,36.0,9.0,0.0
992,1.0,0,54.0,0.0,54.0,1.0,1.0,9,9,9,0,0,18,18,27.0,681.0,1,9.0,36.0,9.0,0.0
993,1.0,0,54.0,0.0,54.0,1.0,1.0,9,9,9,0,0,18,18,27.0,681.0,1,9.0,36.0,9.0,0.0
994,1.0,0,54.0,0.0,54.0,1.0,1.0,9,9,9,0,0,18,18,27.0,681.0,1,9.0,36.0,9.0,0.0
995,0.9971645327639647,1,51.49731482715089,2.5026851728491124,52.49731482715089,0.953653978280572,0.8888888888888888,9,9,8,1,0,18,16,27.0,680.5528414809144,0,9.0,34.49731482715089,9.0,1.0
996,0.99864197705854,1,49.10584906033782,4.8941509396621825,50.10584906033782,0.9093675751914411,0.8888888888888888,9,9,8,1,0,18,16,27.0,684.2208191182408,0,9.0,32.10584906033782,9.0,1.0
997,1.0,0,54.0,0.0,54.0,1.0,1.0,9,9,9,0,0,18,18,27.0,681.0,1,9.0,36.0,9.0,0.0
998,0.997558097179221,1,52.890726445760286,1.1092735542397136,53.890726445760286,0.979457897143709,0.8888888888888888,9,9,8,1,0,18,16,27.0,679.4994695170866,0,9.0,35.890726445760286,9.0,1.0
999,1.0,0,54.0,0.0,54.0,1.0,1.0,9,9,9,0,0,18,18,27.0,681.0,1,9.0,36.0,9.0,0.0
1000,0.9973180137638434,1,49.14357084489107,4.856429155108927,50.14357084489107,0.9100661267572421,0.8888888888888888,9,9,8,1,0,18,16,27.0,683.0391930470696,0,9.0,32.14357084489107,9.0,1.0
