run_id,model_hash,seed,engine,replication,section,dataset,details_truncated,detail_total,detail_retained,id,sequence,station,iid,created,owner,quantity,fulfilled,completed
m3-periodic,ee0bec387c023d5d0ab8464c286e0564fdf9e899852c4db249384f154598db79,20260916,0.10.0,1,supply,demands,False,4,4,D1,3,BASE,POWER,16.700000000000003,J000002,1,1,16.700000000000003
m3-periodic,ee0bec387c023d5d0ab8464c286e0564fdf9e899852c4db249384f154598db79,20260916,0.10.0,1,supply,demands,False,4,4,D2,4,BASE,POWER,16.800000000000004,J000001,1,1,16.800000000000004
m3-periodic,ee0bec387c023d5d0ab8464c286e0564fdf9e899852c4db249384f154598db79,20260916,0.10.0,1,supply,demands,False,4,4,D3,7,BASE,POWER,60.7,J000011,1,1,60.7
m3-periodic,ee0bec387c023d5d0ab8464c286e0564fdf9e899852c4db249384f154598db79,20260916,0.10.0,1,supply,demands,False,4,4,D4,8,BASE,POWER,60.800000000000004,J000010,1,1,60.800000000000004
m3-periodic,ee0bec387c023d5d0ab8464c286e0564fdf9e899852c4db249384f154598db79,20260916,0.10.0,2,supply,demands,False,4,4,D1,3,BASE,POWER,16.700000000000003,J000002,1,1,16.700000000000003
m3-periodic,ee0bec387c023d5d0ab8464c286e0564fdf9e899852c4db249384f154598db79,20260916,0.10.0,2,supply,demands,False,4,4,D2,6,BASE,POWER,32.800000000000004,J000004,1,1,32.800000000000004
m3-periodic,ee0bec387c023d5d0ab8464c286e0564fdf9e899852c4db249384f154598db79,20260916,0.10.0,2,supply,demands,False,4,4,D3,9,BASE,POWER,56.800000000000004,J000007,1,1,56.800000000000004
m3-periodic,ee0bec387c023d5d0ab8464c286e0564fdf9e899852c4db249384f154598db79,20260916,0.10.0,2,supply,demands,False,4,4,D4,10,BASE,POWER,60.7,J000011,1,1,60.7
m3-periodic,ee0bec387c023d5d0ab8464c286e0564fdf9e899852c4db249384f154598db79,20260916,0.10.0,3,supply,demands,False,2,2,D1,3,BASE,POWER,16.800000000000004,J000001,1,1,16.800000000000004
m3-periodic,ee0bec387c023d5d0ab8464c286e0564fdf9e899852c4db249384f154598db79,20260916,0.10.0,3,supply,demands,False,2,2,D2,6,BASE,POWER,60.7,J000010,1,1,60.7
m3-periodic,ee0bec387c023d5d0ab8464c286e0564fdf9e899852c4db249384f154598db79,20260916,0.10.0,4,supply,demands,False,6,6,D1,3,BASE,POWER,16.700000000000003,J000002,1,1,16.700000000000003
m3-periodic,ee0bec387c023d5d0ab8464c286e0564fdf9e899852c4db249384f154598db79,20260916,0.10.0,4,supply,demands,False,6,6,D2,4,BASE,POWER,16.800000000000004,J000001,1,1,16.800000000000004
m3-periodic,ee0bec387c023d5d0ab8464c286e0564fdf9e899852c4db249384f154598db79,20260916,0.10.0,4,supply,demands,False,6,6,D3,7,BASE,POWER,32.800000000000004,J000005,1,1,32.800000000000004
m3-periodic,ee0bec387c023d5d0ab8464c286e0564fdf9e899852c4db249384f154598db79,20260916,0.10.0,4,supply,demands,False,6,6,D4,10,BASE,POWER,56.7,J000009,1,1,56.7
m3-periodic,ee0bec387c023d5d0ab8464c286e0564fdf9e899852c4db249384f154598db79,20260916,0.10.0,4,supply,demands,False,6,6,D5,11,BASE,POWER,56.800000000000004,J000008,1,1,56.800000000000004
m3-periodic,ee0bec387c023d5d0ab8464c286e0564fdf9e899852c4db249384f154598db79,20260916,0.10.0,4,supply,demands,False,6,6,D6,12,BASE,POWER,60.800000000000004,J000012,1,1,64.5
m3-periodic,ee0bec387c023d5d0ab8464c286e0564fdf9e899852c4db249384f154598db79,20260916,0.10.0,5,supply,demands,False,5,5,D1,3,BASE,POWER,32.7,J000003,1,1,32.7
m3-periodic,ee0bec387c023d5d0ab8464c286e0564fdf9e899852c4db249384f154598db79,20260916,0.10.0,5,supply,demands,False,5,5,D2,4,BASE,POWER,32.800000000000004,J000002,1,1,32.800000000000004
m3-periodic,ee0bec387c023d5d0ab8464c286e0564fdf9e899852c4db249384f154598db79,20260916,0.10.0,5,supply,demands,False,5,5,D3,5,BASE,POWER,36.800000000000004,J000006,1,1,40.5
m3-periodic,ee0bec387c023d5d0ab8464c286e0564fdf9e899852c4db249384f154598db79,20260916,0.10.0,5,supply,demands,False,5,5,D4,8,BASE,POWER,60.800000000000004,J000009,1,1,60.800000000000004
m3-periodic,ee0bec387c023d5d0ab8464c286e0564fdf9e899852c4db249384f154598db79,20260916,0.10.0,5,supply,demands,False,5,5,D5,9,BASE,POWER,63.64231541645415,J000014,1,1,63.64231541645415
m3-periodic,ee0bec387c023d5d0ab8464c286e0564fdf9e899852c4db249384f154598db79,20260916,0.10.0,6,supply,demands,False,6,6,D1,3,BASE,POWER,15.785639491293086,J000002,1,1,15.785639491293086
m3-periodic,ee0bec387c023d5d0ab8464c286e0564fdf9e899852c4db249384f154598db79,20260916,0.10.0,6,supply,demands,False,6,6,D2,6,BASE,POWER,32.7,J000006,1,1,32.7
m3-periodic,ee0bec387c023d5d0ab8464c286e0564fdf9e899852c4db249384f154598db79,20260916,0.10.0,6,supply,demands,False,6,6,D3,7,BASE,POWER,32.800000000000004,J000005,1,1,32.800000000000004
m3-periodic,ee0bec387c023d5d0ab8464c286e0564fdf9e899852c4db249384f154598db79,20260916,0.10.0,6,supply,demands,False,6,6,D4,10,BASE,POWER,56.800000000000004,J000009,1,1,56.800000000000004
m3-periodic,ee0bec387c023d5d0ab8464c286e0564fdf9e899852c4db249384f154598db79,20260916,0.10.0,6,supply,demands,False,6,6,D5,11,BASE,POWER,60.7,J000013,1,1,60.7
m3-periodic,ee0bec387c023d5d0ab8464c286e0564fdf9e899852c4db249384f154598db79,20260916,0.10.0,6,supply,demands,False,6,6,D6,12,BASE,POWER,60.800000000000004,J000012,1,1,64.5
m3-periodic,ee0bec387c023d5d0ab8464c286e0564fdf9e899852c4db249384f154598db79,20260916,0.10.0,7,supply,demands,False,4,4,D1,3,BASE,POWER,16.700000000000003,J000002,1,1,16.700000000000003
m3-periodic,ee0bec387c023d5d0ab8464c286e0564fdf9e899852c4db249384f154598db79,20260916,0.10.0,7,supply,demands,False,4,4,D2,4,BASE,POWER,16.800000000000004,J000001,1,1,16.800000000000004
m3-periodic,ee0bec387c023d5d0ab8464c286e0564fdf9e899852c4db249384f154598db79,20260916,0.10.0,7,supply,demands,False,4,4,D3,7,BASE,POWER,32.7,J000006,1,1,32.7
m3-periodic,ee0bec387c023d5d0ab8464c286e0564fdf9e899852c4db249384f154598db79,20260916,0.10.0,7,supply,demands,False,4,4,D4,10,BASE,POWER,63.16441104630573,J000013,1,1,63.16441104630573
m3-periodic,ee0bec387c023d5d0ab8464c286e0564fdf9e899852c4db249384f154598db79,20260916,0.10.0,8,supply,demands,False,3,3,D1,3,BASE,POWER,16.700000000000003,J000002,1,1,16.700000000000003
m3-periodic,ee0bec387c023d5d0ab8464c286e0564fdf9e899852c4db249384f154598db79,20260916,0.10.0,8,supply,demands,False,3,3,D2,4,BASE,POWER,16.800000000000004,J000001,1,1,16.800000000000004
m3-periodic,ee0bec387c023d5d0ab8464c286e0564fdf9e899852c4db249384f154598db79,20260916,0.10.0,8,supply,demands,False,3,3,D3,7,BASE,POWER,32.7,J000006,1,1,32.7
m3-periodic,ee0bec387c023d5d0ab8464c286e0564fdf9e899852c4db249384f154598db79,20260916,0.10.0,9,supply,demands,False,6,6,D1,3,BASE,POWER,16.700000000000003,J000002,1,1,16.700000000000003
m3-periodic,ee0bec387c023d5d0ab8464c286e0564fdf9e899852c4db249384f154598db79,20260916,0.10.0,9,supply,demands,False,6,6,D2,4,BASE,POWER,16.800000000000004,J000001,1,1,16.800000000000004
m3-periodic,ee0bec387c023d5d0ab8464c286e0564fdf9e899852c4db249384f154598db79,20260916,0.10.0,9,supply,demands,False,6,6,D3,7,BASE,POWER,32.7,J000006,1,1,32.7
m3-periodic,ee0bec387c023d5d0ab8464c286e0564fdf9e899852c4db249384f154598db79,20260916,0.10.0,9,supply,demands,False,6,6,D4,8,BASE,POWER,35.78096592830619,J000008,1,1,35.78096592830619
m3-periodic,ee0bec387c023d5d0ab8464c286e0564fdf9e899852c4db249384f154598db79,20260916,0.10.0,9,supply,demands,False,6,6,D5,11,BASE,POWER,56.7,J000010,1,1,56.7
m3-periodic,ee0bec387c023d5d0ab8464c286e0564fdf9e899852c4db249384f154598db79,20260916,0.10.0,9,supply,demands,False,6,6,D6,14,BASE,POWER,64.69999999999999,J000014,1,1,64.69999999999999
m3-periodic,ee0bec387c023d5d0ab8464c286e0564fdf9e899852c4db249384f154598db79,20260916,0.10.0,10,supply,demands,False,5,5,D1,3,BASE,POWER,16.800000000000004,J000001,1,1,16.800000000000004
m3-periodic,ee0bec387c023d5d0ab8464c286e0564fdf9e899852c4db249384f154598db79,20260916,0.10.0,10,supply,demands,False,5,5,D2,6,BASE,POWER,32.7,J000005,1,1,32.7
m3-periodic,ee0bec387c023d5d0ab8464c286e0564fdf9e899852c4db249384f154598db79,20260916,0.10.0,10,supply,demands,False,5,5,D3,7,BASE,POWER,32.800000000000004,J000004,1,1,32.800000000000004
m3-periodic,ee0bec387c023d5d0ab8464c286e0564fdf9e899852c4db249384f154598db79,20260916,0.10.0,10,supply,demands,False,5,5,D4,10,BASE,POWER,56.800000000000004,J000009,1,1,56.800000000000004
m3-periodic,ee0bec387c023d5d0ab8464c286e0564fdf9e899852c4db249384f154598db79,20260916,0.10.0,10,supply,demands,False,5,5,D5,11,BASE,POWER,60.7,J000012,1,1,60.7
m3-periodic,ee0bec387c023d5d0ab8464c286e0564fdf9e899852c4db249384f154598db79,20260916,0.10.0,11,supply,demands,False,4,4,D1,3,BASE,POWER,16.700000000000003,J000002,1,1,16.700000000000003
m3-periodic,ee0bec387c023d5d0ab8464c286e0564fdf9e899852c4db249384f154598db79,20260916,0.10.0,11,supply,demands,False,4,4,D2,6,BASE,POWER,32.7,J000005,1,1,32.7
m3-periodic,ee0bec387c023d5d0ab8464c286e0564fdf9e899852c4db249384f154598db79,20260916,0.10.0,11,supply,demands,False,4,4,D3,9,BASE,POWER,56.800000000000004,J000007,1,1,56.800000000000004
m3-periodic,ee0bec387c023d5d0ab8464c286e0564fdf9e899852c4db249384f154598db79,20260916,0.10.0,11,supply,demands,False,4,4,D4,10,BASE,POWER,59.56715742442405,J000012,1,1,59.56715742442405
m3-periodic,ee0bec387c023d5d0ab8464c286e0564fdf9e899852c4db249384f154598db79,20260916,0.10.0,12,supply,demands,False,4,4,D1,3,BASE,POWER,12.247915383224957,J000001,1,1,12.247915383224957
m3-periodic,ee0bec387c023d5d0ab8464c286e0564fdf9e899852c4db249384f154598db79,20260916,0.10.0,12,supply,demands,False,4,4,D2,6,BASE,POWER,16.800000000000004,J000005,1,1,16.800000000000004
m3-periodic,ee0bec387c023d5d0ab8464c286e0564fdf9e899852c4db249384f154598db79,20260916,0.10.0,12,supply,demands,False,4,4,D3,9,BASE,POWER,40.7,J000008,1,1,40.7
m3-periodic,ee0bec387c023d5d0ab8464c286e0564fdf9e899852c4db249384f154598db79,20260916,0.10.0,12,supply,demands,False,4,4,D4,12,BASE,POWER,60.7,J000012,1,1,60.7
m3-periodic,ee0bec387c023d5d0ab8464c286e0564fdf9e899852c4db249384f154598db79,20260916,0.10.0,13,supply,demands,False,4,4,D1,3,BASE,POWER,16.700000000000003,J000002,1,1,16.700000000000003
m3-periodic,ee0bec387c023d5d0ab8464c286e0564fdf9e899852c4db249384f154598db79,20260916,0.10.0,13,supply,demands,False,4,4,D2,6,BASE,POWER,32.800000000000004,J000004,1,1,32.800000000000004
m3-periodic,ee0bec387c023d5d0ab8464c286e0564fdf9e899852c4db249384f154598db79,20260916,0.10.0,13,supply,demands,False,4,4,D3,9,BASE,POWER,60.7,J000010,1,1,60.7
m3-periodic,ee0bec387c023d5d0ab8464c286e0564fdf9e899852c4db249384f154598db79,20260916,0.10.0,13,supply,demands,False,4,4,D4,10,BASE,POWER,60.800000000000004,J000009,1,1,60.800000000000004
m3-periodic,ee0bec387c023d5d0ab8464c286e0564fdf9e899852c4db249384f154598db79,20260916,0.10.0,14,supply,demands,False,3,3,D1,3,BASE,POWER,16.700000000000003,J000002,1,1,16.700000000000003
m3-periodic,ee0bec387c023d5d0ab8464c286e0564fdf9e899852c4db249384f154598db79,20260916,0.10.0,14,supply,demands,False,3,3,D2,6,BASE,POWER,32.7,J000005,1,1,32.7
m3-periodic,ee0bec387c023d5d0ab8464c286e0564fdf9e899852c4db249384f154598db79,20260916,0.10.0,14,supply,demands,False,3,3,D3,9,BASE,POWER,56.800000000000004,J000007,1,1,56.800000000000004
m3-periodic,ee0bec387c023d5d0ab8464c286e0564fdf9e899852c4db249384f154598db79,20260916,0.10.0,15,supply,demands,False,5,5,D1,3,BASE,POWER,16.800000000000004,J000001,1,1,16.800000000000004
m3-periodic,ee0bec387c023d5d0ab8464c286e0564fdf9e899852c4db249384f154598db79,20260916,0.10.0,15,supply,demands,False,5,5,D2,6,BASE,POWER,32.7,J000005,1,1,32.7
m3-periodic,ee0bec387c023d5d0ab8464c286e0564fdf9e899852c4db249384f154598db79,20260916,0.10.0,15,supply,demands,False,5,5,D3,9,BASE,POWER,56.7,J000008,1,1,56.7
m3-periodic,ee0bec387c023d5d0ab8464c286e0564fdf9e899852c4db249384f154598db79,20260916,0.10.0,15,supply,demands,False,5,5,D4,10,BASE,POWER,56.800000000000004,J000007,1,1,56.800000000000004
m3-periodic,ee0bec387c023d5d0ab8464c286e0564fdf9e899852c4db249384f154598db79,20260916,0.10.0,15,supply,demands,False,5,5,D5,11,BASE,POWER,60.800000000000004,J000011,1,1,64.5
m3-periodic,ee0bec387c023d5d0ab8464c286e0564fdf9e899852c4db249384f154598db79,20260916,0.10.0,16,supply,demands,False,5,5,D1,3,BASE,POWER,16.629303920137772,J000001,1,1,16.629303920137772
m3-periodic,ee0bec387c023d5d0ab8464c286e0564fdf9e899852c4db249384f154598db79,20260916,0.10.0,16,supply,demands,False,5,5,D2,4,BASE,POWER,16.729303920137774,J000003,1,1,16.729303920137774
m3-periodic,ee0bec387c023d5d0ab8464c286e0564fdf9e899852c4db249384f154598db79,20260916,0.10.0,16,supply,demands,False,5,5,D3,7,BASE,POWER,32.800000000000004,J000006,1,1,32.800000000000004
m3-periodic,ee0bec387c023d5d0ab8464c286e0564fdf9e899852c4db249384f154598db79,20260916,0.10.0,16,supply,demands,False,5,5,D4,10,BASE,POWER,56.800000000000004,J000009,1,1,56.800000000000004
m3-periodic,ee0bec387c023d5d0ab8464c286e0564fdf9e899852c4db249384f154598db79,20260916,0.10.0,16,supply,demands,False,5,5,D5,11,BASE,POWER,60.800000000000004,J000012,1,1,60.800000000000004
m3-periodic,ee0bec387c023d5d0ab8464c286e0564fdf9e899852c4db249384f154598db79,20260916,0.10.0,17,supply,demands,False,5,5,D1,3,BASE,POWER,16.700000000000003,J000002,1,1,16.700000000000003
m3-periodic,ee0bec387c023d5d0ab8464c286e0564fdf9e899852c4db249384f154598db79,20260916,0.10.0,17,supply,demands,False,5,5,D2,4,BASE,POWER,16.800000000000004,J000001,1,1,16.800000000000004
m3-periodic,ee0bec387c023d5d0ab8464c286e0564fdf9e899852c4db249384f154598db79,20260916,0.10.0,17,supply,demands,False,5,5,D3,7,BASE,POWER,32.7,J000006,1,1,32.7
m3-periodic,ee0bec387c023d5d0ab8464c286e0564fdf9e899852c4db249384f154598db79,20260916,0.10.0,17,supply,demands,False,5,5,D4,10,BASE,POWER,60.7,J000011,1,1,60.7
m3-periodic,ee0bec387c023d5d0ab8464c286e0564fdf9e899852c4db249384f154598db79,20260916,0.10.0,17,supply,demands,False,5,5,D5,11,BASE,POWER,60.800000000000004,J000010,1,1,60.800000000000004
m3-periodic,ee0bec387c023d5d0ab8464c286e0564fdf9e899852c4db249384f154598db79,20260916,0.10.0,18,supply,demands,False,5,5,D1,3,BASE,POWER,16.800000000000004,J000001,1,1,16.800000000000004
m3-periodic,ee0bec387c023d5d0ab8464c286e0564fdf9e899852c4db249384f154598db79,20260916,0.10.0,18,supply,demands,False,5,5,D2,6,BASE,POWER,32.7,J000005,1,1,32.7
m3-periodic,ee0bec387c023d5d0ab8464c286e0564fdf9e899852c4db249384f154598db79,20260916,0.10.0,18,supply,demands,False,5,5,D3,7,BASE,POWER,32.800000000000004,J000004,1,1,32.800000000000004
m3-periodic,ee0bec387c023d5d0ab8464c286e0564fdf9e899852c4db249384f154598db79,20260916,0.10.0,18,supply,demands,False,5,5,D4,10,BASE,POWER,56.7,J000009,1,1,56.7
m3-periodic,ee0bec387c023d5d0ab8464c286e0564fdf9e899852c4db249384f154598db79,20260916,0.10.0,18,supply,demands,False,5,5,D5,11,BASE,POWER,56.800000000000004,J000008,1,1,56.800000000000004
m3-periodic,ee0bec387c023d5d0ab8464c286e0564fdf9e899852c4db249384f154598db79,20260916,0.10.0,19,supply,demands,False,3,3,D1,3,BASE,POWER,32.800000000000004,J000003,1,1,32.800000000000004
m3-periodic,ee0bec387c023d5d0ab8464c286e0564fdf9e899852c4db249384f154598db79,20260916,0.10.0,19,supply,demands,False,3,3,D2,6,BASE,POWER,56.7,J000007,1,1,56.7
m3-periodic,ee0bec387c023d5d0ab8464c286e0564fdf9e899852c4db249384f154598db79,20260916,0.10.0,19,supply,demands,False,3,3,D3,7,BASE,POWER,60.7,J000010,1,1,60.7
m3-periodic,ee0bec387c023d5d0ab8464c286e0564fdf9e899852c4db249384f154598db79,20260916,0.10.0,20,supply,demands,False,6,6,D1,3,BASE,POWER,6.647751139948372,J000001,1,1,6.647751139948372
m3-periodic,ee0bec387c023d5d0ab8464c286e0564fdf9e899852c4db249384f154598db79,20260916,0.10.0,20,supply,demands,False,6,6,D2,6,BASE,POWER,32.7,J000004,1,1,32.7
m3-periodic,ee0bec387c023d5d0ab8464c286e0564fdf9e899852c4db249384f154598db79,20260916,0.10.0,20,supply,demands,False,6,6,D3,7,BASE,POWER,36.7,J000007,1,1,36.7
m3-periodic,ee0bec387c023d5d0ab8464c286e0564fdf9e899852c4db249384f154598db79,20260916,0.10.0,20,supply,demands,False,6,6,D4,8,BASE,POWER,36.800000000000004,J000006,1,1,40.5
m3-periodic,ee0bec387c023d5d0ab8464c286e0564fdf9e899852c4db249384f154598db79,20260916,0.10.0,20,supply,demands,False,6,6,D5,11,BASE,POWER,56.42996406409169,J000010,1,1,56.42996406409169
m3-periodic,ee0bec387c023d5d0ab8464c286e0564fdf9e899852c4db249384f154598db79,20260916,0.10.0,20,supply,demands,False,6,6,D6,12,BASE,POWER,60.7,J000013,1,1,60.7
m3-periodic,ee0bec387c023d5d0ab8464c286e0564fdf9e899852c4db249384f154598db79,20260916,0.10.0,21,supply,demands,False,5,5,D1,3,BASE,POWER,16.800000000000004,J000001,1,1,16.800000000000004
m3-periodic,ee0bec387c023d5d0ab8464c286e0564fdf9e899852c4db249384f154598db79,20260916,0.10.0,21,supply,demands,False,5,5,D2,6,BASE,POWER,32.7,J000005,1,1,32.7
m3-periodic,ee0bec387c023d5d0ab8464c286e0564fdf9e899852c4db249384f154598db79,20260916,0.10.0,21,supply,demands,False,5,5,D3,7,BASE,POWER,32.800000000000004,J000004,1,1,32.800000000000004
m3-periodic,ee0bec387c023d5d0ab8464c286e0564fdf9e899852c4db249384f154598db79,20260916,0.10.0,21,supply,demands,False,5,5,D4,10,BASE,POWER,56.800000000000004,J000008,1,1,56.800000000000004
m3-periodic,ee0bec387c023d5d0ab8464c286e0564fdf9e899852c4db249384f154598db79,20260916,0.10.0,21,supply,demands,False,5,5,D5,11,BASE,POWER,60.7,J000012,1,1,60.7
m3-periodic,ee0bec387c023d5d0ab8464c286e0564fdf9e899852c4db249384f154598db79,20260916,0.10.0,22,supply,demands,False,4,4,D1,3,BASE,POWER,16.700000000000003,J000002,1,1,16.700000000000003
m3-periodic,ee0bec387c023d5d0ab8464c286e0564fdf9e899852c4db249384f154598db79,20260916,0.10.0,22,supply,demands,False,4,4,D2,6,BASE,POWER,31.133640400741946,J000004,1,1,31.133640400741946
m3-periodic,ee0bec387c023d5d0ab8464c286e0564fdf9e899852c4db249384f154598db79,20260916,0.10.0,22,supply,demands,False,4,4,D3,9,BASE,POWER,36.7,J000007,1,1,36.7
m3-periodic,ee0bec387c023d5d0ab8464c286e0564fdf9e899852c4db249384f154598db79,20260916,0.10.0,22,supply,demands,False,4,4,D4,12,BASE,POWER,56.7,J000009,1,1,56.7
m3-periodic,ee0bec387c023d5d0ab8464c286e0564fdf9e899852c4db249384f154598db79,20260916,0.10.0,23,supply,demands,False,4,4,D1,3,BASE,POWER,32.800000000000004,J000003,1,1,32.800000000000004
m3-periodic,ee0bec387c023d5d0ab8464c286e0564fdf9e899852c4db249384f154598db79,20260916,0.10.0,23,supply,demands,False,4,4,D2,6,BASE,POWER,40.63752630928576,J000006,1,1,40.63752630928576
m3-periodic,ee0bec387c023d5d0ab8464c286e0564fdf9e899852c4db249384f154598db79,20260916,0.10.0,23,supply,demands,False,4,4,D3,9,BASE,POWER,56.7,J000009,1,1,56.7
m3-periodic,ee0bec387c023d5d0ab8464c286e0564fdf9e899852c4db249384f154598db79,20260916,0.10.0,23,supply,demands,False,4,4,D4,10,BASE,POWER,56.800000000000004,J000008,1,1,56.800000000000004
m3-periodic,ee0bec387c023d5d0ab8464c286e0564fdf9e899852c4db249384f154598db79,20260916,0.10.0,24,supply,demands,False,2,2,D1,3,BASE,POWER,16.800000000000004,J000001,1,1,16.800000000000004
m3-periodic,ee0bec387c023d5d0ab8464c286e0564fdf9e899852c4db249384f154598db79,20260916,0.10.0,24,supply,demands,False,2,2,D2,6,BASE,POWER,32.7,J000005,1,1,32.7
m3-periodic,ee0bec387c023d5d0ab8464c286e0564fdf9e899852c4db249384f154598db79,20260916,0.10.0,25,supply,demands,False,6,6,D1,3,BASE,POWER,16.700000000000003,J000002,1,1,16.700000000000003
m3-periodic,ee0bec387c023d5d0ab8464c286e0564fdf9e899852c4db249384f154598db79,20260916,0.10.0,25,supply,demands,False,6,6,D2,4,BASE,POWER,16.800000000000004,J000001,1,1,16.800000000000004
m3-periodic,ee0bec387c023d5d0ab8464c286e0564fdf9e899852c4db249384f154598db79,20260916,0.10.0,25,supply,demands,False,6,6,D3,7,BASE,POWER,32.800000000000004,J000005,1,1,32.800000000000004
m3-periodic,ee0bec387c023d5d0ab8464c286e0564fdf9e899852c4db249384f154598db79,20260916,0.10.0,25,supply,demands,False,6,6,D4,10,BASE,POWER,56.800000000000004,J000008,1,1,56.800000000000004
m3-periodic,ee0bec387c023d5d0ab8464c286e0564fdf9e899852c4db249384f154598db79,20260916,0.10.0,25,supply,demands,False,6,6,D5,11,BASE,POWER,60.7,J000012,1,1,60.7
m3-periodic,ee0bec387c023d5d0ab8464c286e0564fdf9e899852c4db249384f154598db79,20260916,0.10.0,25,supply,demands,False,6,6,D6,12,BASE,POWER,60.800000000000004,J000011,1,1,64.5
m3-periodic,ee0bec387c023d5d0ab8464c286e0564fdf9e899852c4db249384f154598db79,20260916,0.10.0,26,supply,demands,False,3,3,D1,3,BASE,POWER,32.800000000000004,J000003,1,1,32.800000000000004
m3-periodic,ee0bec387c023d5d0ab8464c286e0564fdf9e899852c4db249384f154598db79,20260916,0.10.0,26,supply,demands,False,3,3,D2,6,BASE,POWER,56.800000000000004,J000006,1,1,56.800000000000004
m3-periodic,ee0bec387c023d5d0ab8464c286e0564fdf9e899852c4db249384f154598db79,20260916,0.10.0,26,supply,demands,False,3,3,D3,7,BASE,POWER,60.7,J000010,1,1,60.7
m3-periodic,ee0bec387c023d5d0ab8464c286e0564fdf9e899852c4db249384f154598db79,20260916,0.10.0,27,supply,demands,False,4,4,D1,3,BASE,POWER,16.700000000000003,J000002,1,1,16.700000000000003
m3-periodic,ee0bec387c023d5d0ab8464c286e0564fdf9e899852c4db249384f154598db79,20260916,0.10.0,27,supply,demands,False,4,4,D2,4,BASE,POWER,16.800000000000004,J000001,1,1,16.800000000000004
m3-periodic,ee0bec387c023d5d0ab8464c286e0564fdf9e899852c4db249384f154598db79,20260916,0.10.0,27,supply,demands,False,4,4,D3,7,BASE,POWER,60.7,J000010,1,1,60.7
m3-periodic,ee0bec387c023d5d0ab8464c286e0564fdf9e899852c4db249384f154598db79,20260916,0.10.0,27,supply,demands,False,4,4,D4,8,BASE,POWER,60.800000000000004,J000009,1,1,60.800000000000004
m3-periodic,ee0bec387c023d5d0ab8464c286e0564fdf9e899852c4db249384f154598db79,20260916,0.10.0,28,supply,demands,False,7,7,D1,3,BASE,POWER,16.700000000000003,J000002,1,1,16.700000000000003
m3-periodic,ee0bec387c023d5d0ab8464c286e0564fdf9e899852c4db249384f154598db79,20260916,0.10.0,28,supply,demands,False,7,7,D2,4,BASE,POWER,16.800000000000004,J000001,1,1,16.800000000000004
m3-periodic,ee0bec387c023d5d0ab8464c286e0564fdf9e899852c4db249384f154598db79,20260916,0.10.0,28,supply,demands,False,7,7,D3,7,BASE,POWER,32.7,J000006,1,1,32.7
m3-periodic,ee0bec387c023d5d0ab8464c286e0564fdf9e899852c4db249384f154598db79,20260916,0.10.0,28,supply,demands,False,7,7,D4,8,BASE,POWER,32.800000000000004,J000005,1,1,32.800000000000004
m3-periodic,ee0bec387c023d5d0ab8464c286e0564fdf9e899852c4db249384f154598db79,20260916,0.10.0,28,supply,demands,False,7,7,D5,11,BASE,POWER,56.7,J000010,1,1,56.7
m3-periodic,ee0bec387c023d5d0ab8464c286e0564fdf9e899852c4db249384f154598db79,20260916,0.10.0,28,supply,demands,False,7,7,D6,12,BASE,POWER,60.7,J000013,1,1,60.7
m3-periodic,ee0bec387c023d5d0ab8464c286e0564fdf9e899852c4db249384f154598db79,20260916,0.10.0,28,supply,demands,False,7,7,D7,13,BASE,POWER,60.800000000000004,J000012,1,1,64.5
m3-periodic,ee0bec387c023d5d0ab8464c286e0564fdf9e899852c4db249384f154598db79,20260916,0.10.0,29,supply,demands,False,4,4,D1,3,BASE,POWER,14.8341152166745,J000001,1,1,14.8341152166745
m3-periodic,ee0bec387c023d5d0ab8464c286e0564fdf9e899852c4db249384f154598db79,20260916,0.10.0,29,supply,demands,False,4,4,D2,6,BASE,POWER,32.800000000000004,J000004,1,1,32.800000000000004
m3-periodic,ee0bec387c023d5d0ab8464c286e0564fdf9e899852c4db249384f154598db79,20260916,0.10.0,29,supply,demands,False,4,4,D3,9,BASE,POWER,56.7,J000008,1,1,56.7
m3-periodic,ee0bec387c023d5d0ab8464c286e0564fdf9e899852c4db249384f154598db79,20260916,0.10.0,29,supply,demands,False,4,4,D4,10,BASE,POWER,60.800000000000004,J000010,1,1,60.800000000000004
m3-periodic,ee0bec387c023d5d0ab8464c286e0564fdf9e899852c4db249384f154598db79,20260916,0.10.0,30,supply,demands,False,5,5,D1,3,BASE,POWER,16.700000000000003,J000002,1,1,16.700000000000003
m3-periodic,ee0bec387c023d5d0ab8464c286e0564fdf9e899852c4db249384f154598db79,20260916,0.10.0,30,supply,demands,False,5,5,D2,6,BASE,POWER,31.325270775541227,J000004,1,1,31.325270775541227
m3-periodic,ee0bec387c023d5d0ab8464c286e0564fdf9e899852c4db249384f154598db79,20260916,0.10.0,30,supply,demands,False,5,5,D3,7,BASE,POWER,31.42527077554123,J000006,1,1,31.42527077554123
m3-periodic,ee0bec387c023d5d0ab8464c286e0564fdf9e899852c4db249384f154598db79,20260916,0.10.0,30,supply,demands,False,5,5,D4,10,BASE,POWER,60.7,J000012,1,1,60.7
m3-periodic,ee0bec387c023d5d0ab8464c286e0564fdf9e899852c4db249384f154598db79,20260916,0.10.0,30,supply,demands,False,5,5,D5,11,BASE,POWER,60.800000000000004,J000011,1,1,60.800000000000004
m3-periodic,ee0bec387c023d5d0ab8464c286e0564fdf9e899852c4db249384f154598db79,20260916,0.10.0,31,supply,demands,False,5,5,D1,3,BASE,POWER,16.700000000000003,J000002,1,1,16.700000000000003
m3-periodic,ee0bec387c023d5d0ab8464c286e0564fdf9e899852c4db249384f154598db79,20260916,0.10.0,31,supply,demands,False,5,5,D2,4,BASE,POWER,16.800000000000004,J000001,1,1,16.800000000000004
m3-periodic,ee0bec387c023d5d0ab8464c286e0564fdf9e899852c4db249384f154598db79,20260916,0.10.0,31,supply,demands,False,5,5,D3,7,BASE,POWER,32.7,J000006,1,1,32.7
m3-periodic,ee0bec387c023d5d0ab8464c286e0564fdf9e899852c4db249384f154598db79,20260916,0.10.0,31,supply,demands,False,5,5,D4,8,BASE,POWER,32.800000000000004,J000005,1,1,32.800000000000004
m3-periodic,ee0bec387c023d5d0ab8464c286e0564fdf9e899852c4db249384f154598db79,20260916,0.10.0,31,supply,demands,False,5,5,D5,11,BASE,POWER,56.800000000000004,J000009,1,1,56.800000000000004
m3-periodic,ee0bec387c023d5d0ab8464c286e0564fdf9e899852c4db249384f154598db79,20260916,0.10.0,32,supply,demands,False,5,5,D1,3,BASE,POWER,32.7,J000004,1,1,32.7
m3-periodic,ee0bec387c023d5d0ab8464c286e0564fdf9e899852c4db249384f154598db79,20260916,0.10.0,32,supply,demands,False,5,5,D2,4,BASE,POWER,32.800000000000004,J000003,1,1,32.800000000000004
m3-periodic,ee0bec387c023d5d0ab8464c286e0564fdf9e899852c4db249384f154598db79,20260916,0.10.0,32,supply,demands,False,5,5,D3,7,BASE,POWER,55.58134533513109,J000008,1,1,55.58134533513109
m3-periodic,ee0bec387c023d5d0ab8464c286e0564fdf9e899852c4db249384f154598db79,20260916,0.10.0,32,supply,demands,False,5,5,D4,10,BASE,POWER,60.7,J000012,1,1,60.7
m3-periodic,ee0bec387c023d5d0ab8464c286e0564fdf9e899852c4db249384f154598db79,20260916,0.10.0,32,supply,demands,False,5,5,D5,11,BASE,POWER,60.800000000000004,J000011,1,1,60.800000000000004
m3-periodic,ee0bec387c023d5d0ab8464c286e0564fdf9e899852c4db249384f154598db79,20260916,0.10.0,33,supply,demands,False,6,6,D1,3,BASE,POWER,16.700000000000003,J000002,1,1,16.700000000000003
m3-periodic,ee0bec387c023d5d0ab8464c286e0564fdf9e899852c4db249384f154598db79,20260916,0.10.0,33,supply,demands,False,6,6,D2,6,BASE,POWER,32.7,J000005,1,1,32.7
m3-periodic,ee0bec387c023d5d0ab8464c286e0564fdf9e899852c4db249384f154598db79,20260916,0.10.0,33,supply,demands,False,6,6,D3,7,BASE,POWER,32.800000000000004,J000004,1,1,32.800000000000004
m3-periodic,ee0bec387c023d5d0ab8464c286e0564fdf9e899852c4db249384f154598db79,20260916,0.10.0,33,supply,demands,False,6,6,D4,10,BASE,POWER,56.7,J000009,1,1,56.7
m3-periodic,ee0bec387c023d5d0ab8464c286e0564fdf9e899852c4db249384f154598db79,20260916,0.10.0,33,supply,demands,False,6,6,D5,11,BASE,POWER,60.7,J000012,1,1,60.7
m3-periodic,ee0bec387c023d5d0ab8464c286e0564fdf9e899852c4db249384f154598db79,20260916,0.10.0,33,supply,demands,False,6,6,D6,14,BASE,POWER,64.69999999999999,J000014,1,1,64.69999999999999
m3-periodic,ee0bec387c023d5d0ab8464c286e0564fdf9e899852c4db249384f154598db79,20260916,0.10.0,34,supply,demands,False,4,4,D1,3,BASE,POWER,16.700000000000003,J000002,1,1,16.700000000000003
m3-periodic,ee0bec387c023d5d0ab8464c286e0564fdf9e899852c4db249384f154598db79,20260916,0.10.0,34,supply,demands,False,4,4,D2,6,BASE,POWER,32.800000000000004,J000004,1,1,32.800000000000004
m3-periodic,ee0bec387c023d5d0ab8464c286e0564fdf9e899852c4db249384f154598db79,20260916,0.10.0,34,supply,demands,False,4,4,D3,7,BASE,POWER,35.847377474199206,J000007,1,1,35.847377474199206
m3-periodic,ee0bec387c023d5d0ab8464c286e0564fdf9e899852c4db249384f154598db79,20260916,0.10.0,34,supply,demands,False,4,4,D4,10,BASE,POWER,56.7,J000009,1,1,56.7
m3-periodic,ee0bec387c023d5d0ab8464c286e0564fdf9e899852c4db249384f154598db79,20260916,0.10.0,35,supply,demands,False,6,6,D1,3,BASE,POWER,16.800000000000004,J000001,1,1,16.800000000000004
m3-periodic,ee0bec387c023d5d0ab8464c286e0564fdf9e899852c4db249384f154598db79,20260916,0.10.0,35,supply,demands,False,6,6,D2,6,BASE,POWER,32.7,J000005,1,1,32.7
m3-periodic,ee0bec387c023d5d0ab8464c286e0564fdf9e899852c4db249384f154598db79,20260916,0.10.0,35,supply,demands,False,6,6,D3,9,BASE,POWER,56.7,J000008,1,1,56.7
m3-periodic,ee0bec387c023d5d0ab8464c286e0564fdf9e899852c4db249384f154598db79,20260916,0.10.0,35,supply,demands,False,6,6,D4,10,BASE,POWER,56.800000000000004,J000007,1,1,56.800000000000004
m3-periodic,ee0bec387c023d5d0ab8464c286e0564fdf9e899852c4db249384f154598db79,20260916,0.10.0,35,supply,demands,False,6,6,D5,11,BASE,POWER,60.7,J000012,1,1,64.5
m3-periodic,ee0bec387c023d5d0ab8464c286e0564fdf9e899852c4db249384f154598db79,20260916,0.10.0,35,supply,demands,False,6,6,D6,12,BASE,POWER,60.800000000000004,J000011,1,1,64.5
m3-periodic,ee0bec387c023d5d0ab8464c286e0564fdf9e899852c4db249384f154598db79,20260916,0.10.0,36,supply,demands,False,6,6,D1,3,BASE,POWER,16.800000000000004,J000001,1,1,16.800000000000004
m3-periodic,ee0bec387c023d5d0ab8464c286e0564fdf9e899852c4db249384f154598db79,20260916,0.10.0,36,supply,demands,False,6,6,D2,6,BASE,POWER,32.7,J000005,1,1,32.7
m3-periodic,ee0bec387c023d5d0ab8464c286e0564fdf9e899852c4db249384f154598db79,20260916,0.10.0,36,supply,demands,False,6,6,D3,7,BASE,POWER,32.800000000000004,J000004,1,1,32.800000000000004
m3-periodic,ee0bec387c023d5d0ab8464c286e0564fdf9e899852c4db249384f154598db79,20260916,0.10.0,36,supply,demands,False,6,6,D4,10,BASE,POWER,56.7,J000009,1,1,56.7
m3-periodic,ee0bec387c023d5d0ab8464c286e0564fdf9e899852c4db249384f154598db79,20260916,0.10.0,36,supply,demands,False,6,6,D5,11,BASE,POWER,60.7,J000012,1,1,60.7
m3-periodic,ee0bec387c023d5d0ab8464c286e0564fdf9e899852c4db249384f154598db79,20260916,0.10.0,36,supply,demands,False,6,6,D6,12,BASE,POWER,60.800000000000004,J000011,1,1,64.5
m3-periodic,ee0bec387c023d5d0ab8464c286e0564fdf9e899852c4db249384f154598db79,20260916,0.10.0,37,supply,demands,False,5,5,D1,3,BASE,POWER,16.700000000000003,J000002,1,1,16.700000000000003
m3-periodic,ee0bec387c023d5d0ab8464c286e0564fdf9e899852c4db249384f154598db79,20260916,0.10.0,37,supply,demands,False,5,5,D2,6,BASE,POWER,30.761047161468582,J000005,1,1,30.761047161468582
m3-periodic,ee0bec387c023d5d0ab8464c286e0564fdf9e899852c4db249384f154598db79,20260916,0.10.0,37,supply,demands,False,5,5,D3,9,BASE,POWER,56.7,J000008,1,1,56.7
m3-periodic,ee0bec387c023d5d0ab8464c286e0564fdf9e899852c4db249384f154598db79,20260916,0.10.0,37,supply,demands,False,5,5,D4,10,BASE,POWER,60.7,J000011,1,1,60.7
m3-periodic,ee0bec387c023d5d0ab8464c286e0564fdf9e899852c4db249384f154598db79,20260916,0.10.0,37,supply,demands,False,5,5,D5,11,BASE,POWER,60.800000000000004,J000010,1,1,64.5
m3-periodic,ee0bec387c023d5d0ab8464c286e0564fdf9e899852c4db249384f154598db79,20260916,0.10.0,38,supply,demands,False,5,5,D1,3,BASE,POWER,16.800000000000004,J000001,1,1,16.800000000000004
m3-periodic,ee0bec387c023d5d0ab8464c286e0564fdf9e899852c4db249384f154598db79,20260916,0.10.0,38,supply,demands,False,5,5,D2,6,BASE,POWER,32.800000000000004,J000004,1,1,32.800000000000004
m3-periodic,ee0bec387c023d5d0ab8464c286e0564fdf9e899852c4db249384f154598db79,20260916,0.10.0,38,supply,demands,False,5,5,D3,9,BASE,POWER,56.7,J000008,1,1,56.7
m3-periodic,ee0bec387c023d5d0ab8464c286e0564fdf9e899852c4db249384f154598db79,20260916,0.10.0,38,supply,demands,False,5,5,D4,10,BASE,POWER,60.7,J000011,1,1,60.7
m3-periodic,ee0bec387c023d5d0ab8464c286e0564fdf9e899852c4db249384f154598db79,20260916,0.10.0,38,supply,demands,False,5,5,D5,11,BASE,POWER,60.800000000000004,J000010,1,1,64.5
m3-periodic,ee0bec387c023d5d0ab8464c286e0564fdf9e899852c4db249384f154598db79,20260916,0.10.0,39,supply,demands,False,3,3,D1,3,BASE,POWER,16.700000000000003,J000002,1,1,16.700000000000003
m3-periodic,ee0bec387c023d5d0ab8464c286e0564fdf9e899852c4db249384f154598db79,20260916,0.10.0,39,supply,demands,False,3,3,D2,6,BASE,POWER,32.800000000000004,J000004,1,1,32.800000000000004
m3-periodic,ee0bec387c023d5d0ab8464c286e0564fdf9e899852c4db249384f154598db79,20260916,0.10.0,39,supply,demands,False,3,3,D3,9,BASE,POWER,56.800000000000004,J000007,1,1,56.800000000000004
m3-periodic,ee0bec387c023d5d0ab8464c286e0564fdf9e899852c4db249384f154598db79,20260916,0.10.0,40,supply,demands,False,6,6,D1,3,BASE,POWER,12.7,J000001,1,1,12.7
m3-periodic,ee0bec387c023d5d0ab8464c286e0564fdf9e899852c4db249384f154598db79,20260916,0.10.0,40,supply,demands,False,6,6,D2,6,BASE,POWER,16.700000000000003,J000004,1,1,16.700000000000003
m3-periodic,ee0bec387c023d5d0ab8464c286e0564fdf9e899852c4db249384f154598db79,20260916,0.10.0,40,supply,demands,False,6,6,D3,9,BASE,POWER,32.7,J000006,1,1,32.7
m3-periodic,ee0bec387c023d5d0ab8464c286e0564fdf9e899852c4db249384f154598db79,20260916,0.10.0,40,supply,demands,False,6,6,D4,12,BASE,POWER,40.7,J000008,1,1,40.7
m3-periodic,ee0bec387c023d5d0ab8464c286e0564fdf9e899852c4db249384f154598db79,20260916,0.10.0,40,supply,demands,False,6,6,D5,15,BASE,POWER,55.351309325851254,J000010,1,1,55.351309325851254
m3-periodic,ee0bec387c023d5d0ab8464c286e0564fdf9e899852c4db249384f154598db79,20260916,0.10.0,40,supply,demands,False,6,6,D6,18,BASE,POWER,60.7,J000014,1,1,60.7
m3-periodic,ee0bec387c023d5d0ab8464c286e0564fdf9e899852c4db249384f154598db79,20260916,0.10.0,41,supply,demands,False,3,3,D1,3,BASE,POWER,16.700000000000003,J000002,1,1,16.700000000000003
m3-periodic,ee0bec387c023d5d0ab8464c286e0564fdf9e899852c4db249384f154598db79,20260916,0.10.0,41,supply,demands,False,3,3,D2,6,BASE,POWER,32.800000000000004,J000004,1,1,32.800000000000004
m3-periodic,ee0bec387c023d5d0ab8464c286e0564fdf9e899852c4db249384f154598db79,20260916,0.10.0,41,supply,demands,False,3,3,D3,9,BASE,POWER,64.69999999999999,J000010,1,1,64.69999999999999
m3-periodic,ee0bec387c023d5d0ab8464c286e0564fdf9e899852c4db249384f154598db79,20260916,0.10.0,42,supply,demands,False,5,5,D1,3,BASE,POWER,16.700000000000003,J000002,1,1,16.700000000000003
m3-periodic,ee0bec387c023d5d0ab8464c286e0564fdf9e899852c4db249384f154598db79,20260916,0.10.0,42,supply,demands,False,5,5,D2,4,BASE,POWER,16.800000000000004,J000001,1,1,16.800000000000004
m3-periodic,ee0bec387c023d5d0ab8464c286e0564fdf9e899852c4db249384f154598db79,20260916,0.10.0,42,supply,demands,False,5,5,D3,7,BASE,POWER,32.7,J000006,1,1,32.7
m3-periodic,ee0bec387c023d5d0ab8464c286e0564fdf9e899852c4db249384f154598db79,20260916,0.10.0,42,supply,demands,False,5,5,D4,8,BASE,POWER,32.800000000000004,J000005,1,1,32.800000000000004
m3-periodic,ee0bec387c023d5d0ab8464c286e0564fdf9e899852c4db249384f154598db79,20260916,0.10.0,42,supply,demands,False,5,5,D5,11,BASE,POWER,60.7,J000012,1,1,60.7
m3-periodic,ee0bec387c023d5d0ab8464c286e0564fdf9e899852c4db249384f154598db79,20260916,0.10.0,43,supply,demands,False,5,5,D1,3,BASE,POWER,32.800000000000004,J000004,1,1,32.800000000000004
m3-periodic,ee0bec387c023d5d0ab8464c286e0564fdf9e899852c4db249384f154598db79,20260916,0.10.0,43,supply,demands,False,5,5,D2,6,BASE,POWER,56.7,J000008,1,1,56.7
m3-periodic,ee0bec387c023d5d0ab8464c286e0564fdf9e899852c4db249384f154598db79,20260916,0.10.0,43,supply,demands,False,5,5,D3,7,BASE,POWER,56.800000000000004,J000007,1,1,56.800000000000004
m3-periodic,ee0bec387c023d5d0ab8464c286e0564fdf9e899852c4db249384f154598db79,20260916,0.10.0,43,supply,demands,False,5,5,D4,8,BASE,POWER,60.7,J000012,1,1,64.5
m3-periodic,ee0bec387c023d5d0ab8464c286e0564fdf9e899852c4db249384f154598db79,20260916,0.10.0,43,supply,demands,False,5,5,D5,9,BASE,POWER,60.800000000000004,J000011,1,1,64.5
m3-periodic,ee0bec387c023d5d0ab8464c286e0564fdf9e899852c4db249384f154598db79,20260916,0.10.0,44,supply,demands,False,6,6,D1,3,BASE,POWER,16.700000000000003,J000002,1,1,16.700000000000003
m3-periodic,ee0bec387c023d5d0ab8464c286e0564fdf9e899852c4db249384f154598db79,20260916,0.10.0,44,supply,demands,False,6,6,D2,4,BASE,POWER,16.800000000000004,J000001,1,1,16.800000000000004
m3-periodic,ee0bec387c023d5d0ab8464c286e0564fdf9e899852c4db249384f154598db79,20260916,0.10.0,44,supply,demands,False,6,6,D3,7,BASE,POWER,32.7,J000006,1,1,32.7
m3-periodic,ee0bec387c023d5d0ab8464c286e0564fdf9e899852c4db249384f154598db79,20260916,0.10.0,44,supply,demands,False,6,6,D4,10,BASE,POWER,56.7,J000009,1,1,56.7
m3-periodic,ee0bec387c023d5d0ab8464c286e0564fdf9e899852c4db249384f154598db79,20260916,0.10.0,44,supply,demands,False,6,6,D5,11,BASE,POWER,56.800000000000004,J000008,1,1,56.800000000000004
m3-periodic,ee0bec387c023d5d0ab8464c286e0564fdf9e899852c4db249384f154598db79,20260916,0.10.0,44,supply,demands,False,6,6,D6,12,BASE,POWER,60.800000000000004,J000012,1,1,64.5
m3-periodic,ee0bec387c023d5d0ab8464c286e0564fdf9e899852c4db249384f154598db79,20260916,0.10.0,45,supply,demands,False,5,5,D1,3,BASE,POWER,16.700000000000003,J000002,1,1,16.700000000000003
m3-periodic,ee0bec387c023d5d0ab8464c286e0564fdf9e899852c4db249384f154598db79,20260916,0.10.0,45,supply,demands,False,5,5,D2,4,BASE,POWER,16.800000000000004,J000001,1,1,16.800000000000004
m3-periodic,ee0bec387c023d5d0ab8464c286e0564fdf9e899852c4db249384f154598db79,20260916,0.10.0,45,supply,demands,False,5,5,D3,7,BASE,POWER,56.7,J000009,1,1,56.7
m3-periodic,ee0bec387c023d5d0ab8464c286e0564fdf9e899852c4db249384f154598db79,20260916,0.10.0,45,supply,demands,False,5,5,D4,8,BASE,POWER,56.800000000000004,J000008,1,1,56.800000000000004
m3-periodic,ee0bec387c023d5d0ab8464c286e0564fdf9e899852c4db249384f154598db79,20260916,0.10.0,45,supply,demands,False,5,5,D5,9,BASE,POWER,60.800000000000004,J000012,1,1,64.5
m3-periodic,ee0bec387c023d5d0ab8464c286e0564fdf9e899852c4db249384f154598db79,20260916,0.10.0,46,supply,demands,False,3,3,D1,3,BASE,POWER,16.700000000000003,J000002,1,1,16.700000000000003
m3-periodic,ee0bec387c023d5d0ab8464c286e0564fdf9e899852c4db249384f154598db79,20260916,0.10.0,46,supply,demands,False,3,3,D2,6,BASE,POWER,32.800000000000004,J000004,1,1,32.800000000000004
m3-periodic,ee0bec387c023d5d0ab8464c286e0564fdf9e899852c4db249384f154598db79,20260916,0.10.0,46,supply,demands,False,3,3,D3,9,BASE,POWER,60.800000000000004,J000009,1,1,60.800000000000004
m3-periodic,ee0bec387c023d5d0ab8464c286e0564fdf9e899852c4db249384f154598db79,20260916,0.10.0,47,supply,demands,False,7,7,D1,3,BASE,POWER,16.700000000000003,J000002,1,1,16.700000000000003
m3-periodic,ee0bec387c023d5d0ab8464c286e0564fdf9e899852c4db249384f154598db79,20260916,0.10.0,47,supply,demands,False,7,7,D2,6,BASE,POWER,32.800000000000004,J000004,1,1,32.800000000000004
m3-periodic,ee0bec387c023d5d0ab8464c286e0564fdf9e899852c4db249384f154598db79,20260916,0.10.0,47,supply,demands,False,7,7,D3,7,BASE,POWER,36.7,J000007,1,1,36.7
m3-periodic,ee0bec387c023d5d0ab8464c286e0564fdf9e899852c4db249384f154598db79,20260916,0.10.0,47,supply,demands,False,7,7,D4,10,BASE,POWER,56.7,J000009,1,1,56.7
m3-periodic,ee0bec387c023d5d0ab8464c286e0564fdf9e899852c4db249384f154598db79,20260916,0.10.0,47,supply,demands,False,7,7,D5,11,BASE,POWER,60.800000000000004,J000011,1,1,60.800000000000004
m3-periodic,ee0bec387c023d5d0ab8464c286e0564fdf9e899852c4db249384f154598db79,20260916,0.10.0,47,supply,demands,False,7,7,D6,12,BASE,POWER,63.790000372586746,J000014,1,1,64.5
m3-periodic,ee0bec387c023d5d0ab8464c286e0564fdf9e899852c4db249384f154598db79,20260916,0.10.0,47,supply,demands,False,7,7,D7,13,BASE,POWER,63.89000037258675,J000015,1,1,64.5
m3-periodic,ee0bec387c023d5d0ab8464c286e0564fdf9e899852c4db249384f154598db79,20260916,0.10.0,48,supply,demands,False,3,3,D1,3,BASE,POWER,16.800000000000004,J000001,1,1,16.800000000000004
m3-periodic,ee0bec387c023d5d0ab8464c286e0564fdf9e899852c4db249384f154598db79,20260916,0.10.0,48,supply,demands,False,3,3,D2,6,BASE,POWER,60.7,J000008,1,1,60.7
m3-periodic,ee0bec387c023d5d0ab8464c286e0564fdf9e899852c4db249384f154598db79,20260916,0.10.0,48,supply,demands,False,3,3,D3,9,BASE,POWER,64.69999999999999,J000012,1,1,64.69999999999999
m3-periodic,ee0bec387c023d5d0ab8464c286e0564fdf9e899852c4db249384f154598db79,20260916,0.10.0,49,supply,demands,False,4,4,D1,3,BASE,POWER,16.700000000000003,J000002,1,1,16.700000000000003
m3-periodic,ee0bec387c023d5d0ab8464c286e0564fdf9e899852c4db249384f154598db79,20260916,0.10.0,49,supply,demands,False,4,4,D2,6,BASE,POWER,56.7,J000007,1,1,56.7
m3-periodic,ee0bec387c023d5d0ab8464c286e0564fdf9e899852c4db249384f154598db79,20260916,0.10.0,49,supply,demands,False,4,4,D3,7,BASE,POWER,56.800000000000004,J000006,1,1,56.800000000000004
m3-periodic,ee0bec387c023d5d0ab8464c286e0564fdf9e899852c4db249384f154598db79,20260916,0.10.0,49,supply,demands,False,4,4,D4,8,BASE,POWER,60.7,J000011,1,1,64.5
m3-periodic,ee0bec387c023d5d0ab8464c286e0564fdf9e899852c4db249384f154598db79,20260916,0.10.0,50,supply,demands,False,7,7,D1,3,BASE,POWER,16.700000000000003,J000002,1,1,16.700000000000003
m3-periodic,ee0bec387c023d5d0ab8464c286e0564fdf9e899852c4db249384f154598db79,20260916,0.10.0,50,supply,demands,False,7,7,D2,4,BASE,POWER,16.800000000000004,J000001,1,1,16.800000000000004
m3-periodic,ee0bec387c023d5d0ab8464c286e0564fdf9e899852c4db249384f154598db79,20260916,0.10.0,50,supply,demands,False,7,7,D3,7,BASE,POWER,32.800000000000004,J000005,1,1,32.800000000000004
m3-periodic,ee0bec387c023d5d0ab8464c286e0564fdf9e899852c4db249384f154598db79,20260916,0.10.0,50,supply,demands,False,7,7,D4,10,BASE,POWER,56.7,J000009,1,1,56.7
m3-periodic,ee0bec387c023d5d0ab8464c286e0564fdf9e899852c4db249384f154598db79,20260916,0.10.0,50,supply,demands,False,7,7,D5,11,BASE,POWER,60.09593216050288,J000012,1,1,60.09593216050288
m3-periodic,ee0bec387c023d5d0ab8464c286e0564fdf9e899852c4db249384f154598db79,20260916,0.10.0,50,supply,demands,False,7,7,D6,12,BASE,POWER,60.195932160502885,J000013,1,1,64.5
m3-periodic,ee0bec387c023d5d0ab8464c286e0564fdf9e899852c4db249384f154598db79,20260916,0.10.0,50,supply,demands,False,7,7,D7,13,BASE,POWER,63.33561336830547,J000016,1,1,64.5
m3-periodic,ee0bec387c023d5d0ab8464c286e0564fdf9e899852c4db249384f154598db79,20260916,0.10.0,51,supply,demands,False,3,3,D1,3,BASE,POWER,32.7,J000004,1,1,32.7
m3-periodic,ee0bec387c023d5d0ab8464c286e0564fdf9e899852c4db249384f154598db79,20260916,0.10.0,51,supply,demands,False,3,3,D2,4,BASE,POWER,32.800000000000004,J000003,1,1,32.800000000000004
m3-periodic,ee0bec387c023d5d0ab8464c286e0564fdf9e899852c4db249384f154598db79,20260916,0.10.0,51,supply,demands,False,3,3,D3,7,BASE,POWER,56.800000000000004,J000007,1,1,56.800000000000004
m3-periodic,ee0bec387c023d5d0ab8464c286e0564fdf9e899852c4db249384f154598db79,20260916,0.10.0,52,supply,demands,False,5,5,D1,3,BASE,POWER,16.700000000000003,J000002,1,1,16.700000000000003
m3-periodic,ee0bec387c023d5d0ab8464c286e0564fdf9e899852c4db249384f154598db79,20260916,0.10.0,52,supply,demands,False,5,5,D2,4,BASE,POWER,16.800000000000004,J000001,1,1,16.800000000000004
m3-periodic,ee0bec387c023d5d0ab8464c286e0564fdf9e899852c4db249384f154598db79,20260916,0.10.0,52,supply,demands,False,5,5,D3,7,BASE,POWER,32.800000000000004,J000005,1,1,32.800000000000004
m3-periodic,ee0bec387c023d5d0ab8464c286e0564fdf9e899852c4db249384f154598db79,20260916,0.10.0,52,supply,demands,False,5,5,D4,10,BASE,POWER,60.7,J000011,1,1,60.7
m3-periodic,ee0bec387c023d5d0ab8464c286e0564fdf9e899852c4db249384f154598db79,20260916,0.10.0,52,supply,demands,False,5,5,D5,11,BASE,POWER,60.800000000000004,J000010,1,1,60.800000000000004
m3-periodic,ee0bec387c023d5d0ab8464c286e0564fdf9e899852c4db249384f154598db79,20260916,0.10.0,53,supply,demands,False,5,5,D1,3,BASE,POWER,16.800000000000004,J000001,1,1,16.800000000000004
m3-periodic,ee0bec387c023d5d0ab8464c286e0564fdf9e899852c4db249384f154598db79,20260916,0.10.0,53,supply,demands,False,5,5,D2,6,BASE,POWER,32.7,J000005,1,1,32.7
m3-periodic,ee0bec387c023d5d0ab8464c286e0564fdf9e899852c4db249384f154598db79,20260916,0.10.0,53,supply,demands,False,5,5,D3,7,BASE,POWER,32.800000000000004,J000004,1,1,32.800000000000004
m3-periodic,ee0bec387c023d5d0ab8464c286e0564fdf9e899852c4db249384f154598db79,20260916,0.10.0,53,supply,demands,False,5,5,D4,10,BASE,POWER,56.800000000000004,J000008,1,1,56.800000000000004
m3-periodic,ee0bec387c023d5d0ab8464c286e0564fdf9e899852c4db249384f154598db79,20260916,0.10.0,53,supply,demands,False,5,5,D5,11,BASE,POWER,60.7,J000012,1,1,60.7
m3-periodic,ee0bec387c023d5d0ab8464c286e0564fdf9e899852c4db249384f154598db79,20260916,0.10.0,54,supply,demands,False,6,6,D1,3,BASE,POWER,16.700000000000003,J000002,1,1,16.700000000000003
m3-periodic,ee0bec387c023d5d0ab8464c286e0564fdf9e899852c4db249384f154598db79,20260916,0.10.0,54,supply,demands,False,6,6,D2,4,BASE,POWER,16.800000000000004,J000001,1,1,16.800000000000004
m3-periodic,ee0bec387c023d5d0ab8464c286e0564fdf9e899852c4db249384f154598db79,20260916,0.10.0,54,supply,demands,False,6,6,D3,7,BASE,POWER,32.7,J000006,1,1,32.7
m3-periodic,ee0bec387c023d5d0ab8464c286e0564fdf9e899852c4db249384f154598db79,20260916,0.10.0,54,supply,demands,False,6,6,D4,10,BASE,POWER,56.7,J000009,1,1,56.7
m3-periodic,ee0bec387c023d5d0ab8464c286e0564fdf9e899852c4db249384f154598db79,20260916,0.10.0,54,supply,demands,False,6,6,D5,11,BASE,POWER,56.800000000000004,J000008,1,1,56.800000000000004
m3-periodic,ee0bec387c023d5d0ab8464c286e0564fdf9e899852c4db249384f154598db79,20260916,0.10.0,54,supply,demands,False,6,6,D6,12,BASE,POWER,60.01828637329657,J000014,1,1,64.5
m3-periodic,ee0bec387c023d5d0ab8464c286e0564fdf9e899852c4db249384f154598db79,20260916,0.10.0,55,supply,demands,False,4,4,D1,3,BASE,POWER,12.7,J000001,1,1,12.7
m3-periodic,ee0bec387c023d5d0ab8464c286e0564fdf9e899852c4db249384f154598db79,20260916,0.10.0,55,supply,demands,False,4,4,D2,6,BASE,POWER,16.700000000000003,J000004,1,1,16.700000000000003
m3-periodic,ee0bec387c023d5d0ab8464c286e0564fdf9e899852c4db249384f154598db79,20260916,0.10.0,55,supply,demands,False,4,4,D3,9,BASE,POWER,56.800000000000004,J000008,1,1,56.800000000000004
m3-periodic,ee0bec387c023d5d0ab8464c286e0564fdf9e899852c4db249384f154598db79,20260916,0.10.0,55,supply,demands,False,4,4,D4,10,BASE,POWER,60.7,J000011,1,1,60.7
m3-periodic,ee0bec387c023d5d0ab8464c286e0564fdf9e899852c4db249384f154598db79,20260916,0.10.0,56,supply,demands,False,3,3,D1,3,BASE,POWER,16.700000000000003,J000002,1,1,16.700000000000003
m3-periodic,ee0bec387c023d5d0ab8464c286e0564fdf9e899852c4db249384f154598db79,20260916,0.10.0,56,supply,demands,False,3,3,D2,6,BASE,POWER,32.7,J000005,1,1,32.7
m3-periodic,ee0bec387c023d5d0ab8464c286e0564fdf9e899852c4db249384f154598db79,20260916,0.10.0,56,supply,demands,False,3,3,D3,9,BASE,POWER,60.800000000000004,J000009,1,1,60.800000000000004
m3-periodic,ee0bec387c023d5d0ab8464c286e0564fdf9e899852c4db249384f154598db79,20260916,0.10.0,57,supply,demands,False,6,6,D1,3,BASE,POWER,16.700000000000003,J000002,1,1,16.700000000000003
m3-periodic,ee0bec387c023d5d0ab8464c286e0564fdf9e899852c4db249384f154598db79,20260916,0.10.0,57,supply,demands,False,6,6,D2,6,BASE,POWER,31.016363849752217,J000005,1,1,31.016363849752217
m3-periodic,ee0bec387c023d5d0ab8464c286e0564fdf9e899852c4db249384f154598db79,20260916,0.10.0,57,supply,demands,False,6,6,D3,9,BASE,POWER,40.053691096735314,J000007,1,1,40.053691096735314
m3-periodic,ee0bec387c023d5d0ab8464c286e0564fdf9e899852c4db249384f154598db79,20260916,0.10.0,57,supply,demands,False,6,6,D4,12,BASE,POWER,56.7,J000010,1,1,56.7
m3-periodic,ee0bec387c023d5d0ab8464c286e0564fdf9e899852c4db249384f154598db79,20260916,0.10.0,57,supply,demands,False,6,6,D5,13,BASE,POWER,56.800000000000004,J000009,1,1,56.800000000000004
m3-periodic,ee0bec387c023d5d0ab8464c286e0564fdf9e899852c4db249384f154598db79,20260916,0.10.0,57,supply,demands,False,6,6,D6,14,BASE,POWER,60.7,J000013,1,1,64.5
m3-periodic,ee0bec387c023d5d0ab8464c286e0564fdf9e899852c4db249384f154598db79,20260916,0.10.0,58,supply,demands,False,7,7,D1,3,BASE,POWER,16.700000000000003,J000002,1,1,16.700000000000003
m3-periodic,ee0bec387c023d5d0ab8464c286e0564fdf9e899852c4db249384f154598db79,20260916,0.10.0,58,supply,demands,False,7,7,D2,4,BASE,POWER,16.800000000000004,J000001,1,1,16.800000000000004
m3-periodic,ee0bec387c023d5d0ab8464c286e0564fdf9e899852c4db249384f154598db79,20260916,0.10.0,58,supply,demands,False,7,7,D3,7,BASE,POWER,32.7,J000006,1,1,32.7
m3-periodic,ee0bec387c023d5d0ab8464c286e0564fdf9e899852c4db249384f154598db79,20260916,0.10.0,58,supply,demands,False,7,7,D4,10,BASE,POWER,56.7,J000009,1,1,56.7
m3-periodic,ee0bec387c023d5d0ab8464c286e0564fdf9e899852c4db249384f154598db79,20260916,0.10.0,58,supply,demands,False,7,7,D5,11,BASE,POWER,60.7,J000012,1,1,60.7
m3-periodic,ee0bec387c023d5d0ab8464c286e0564fdf9e899852c4db249384f154598db79,20260916,0.10.0,58,supply,demands,False,7,7,D6,12,BASE,POWER,60.800000000000004,J000011,1,1,64.5
m3-periodic,ee0bec387c023d5d0ab8464c286e0564fdf9e899852c4db249384f154598db79,20260916,0.10.0,58,supply,demands,False,7,7,D7,15,BASE,POWER,64.85,J000015,1,1,64.85
m3-periodic,ee0bec387c023d5d0ab8464c286e0564fdf9e899852c4db249384f154598db79,20260916,0.10.0,59,supply,demands,False,2,2,D1,3,BASE,POWER,32.137206354266894,J000004,1,1,32.137206354266894
m3-periodic,ee0bec387c023d5d0ab8464c286e0564fdf9e899852c4db249384f154598db79,20260916,0.10.0,59,supply,demands,False,2,2,D2,6,BASE,POWER,56.800000000000004,J000009,1,1,56.800000000000004
m3-periodic,ee0bec387c023d5d0ab8464c286e0564fdf9e899852c4db249384f154598db79,20260916,0.10.0,60,supply,demands,False,4,4,D1,3,BASE,POWER,16.800000000000004,J000002,1,1,16.800000000000004
m3-periodic,ee0bec387c023d5d0ab8464c286e0564fdf9e899852c4db249384f154598db79,20260916,0.10.0,60,supply,demands,False,4,4,D2,6,BASE,POWER,56.7,J000008,1,1,56.7
m3-periodic,ee0bec387c023d5d0ab8464c286e0564fdf9e899852c4db249384f154598db79,20260916,0.10.0,60,supply,demands,False,4,4,D3,7,BASE,POWER,56.800000000000004,J000007,1,1,56.800000000000004
m3-periodic,ee0bec387c023d5d0ab8464c286e0564fdf9e899852c4db249384f154598db79,20260916,0.10.0,60,supply,demands,False,4,4,D4,8,BASE,POWER,60.7,J000011,1,1,64.5
m3-periodic,ee0bec387c023d5d0ab8464c286e0564fdf9e899852c4db249384f154598db79,20260916,0.10.0,61,supply,demands,False,6,6,D1,3,BASE,POWER,8.508946826891572,J000001,1,1,8.508946826891572
m3-periodic,ee0bec387c023d5d0ab8464c286e0564fdf9e899852c4db249384f154598db79,20260916,0.10.0,61,supply,demands,False,6,6,D2,6,BASE,POWER,16.700000000000003,J000003,1,1,16.700000000000003
m3-periodic,ee0bec387c023d5d0ab8464c286e0564fdf9e899852c4db249384f154598db79,20260916,0.10.0,61,supply,demands,False,6,6,D3,9,BASE,POWER,32.800000000000004,J000005,1,1,32.800000000000004
m3-periodic,ee0bec387c023d5d0ab8464c286e0564fdf9e899852c4db249384f154598db79,20260916,0.10.0,61,supply,demands,False,6,6,D4,12,BASE,POWER,60.7,J000011,1,1,60.7
m3-periodic,ee0bec387c023d5d0ab8464c286e0564fdf9e899852c4db249384f154598db79,20260916,0.10.0,61,supply,demands,False,6,6,D5,13,BASE,POWER,60.800000000000004,J000010,1,1,60.800000000000004
m3-periodic,ee0bec387c023d5d0ab8464c286e0564fdf9e899852c4db249384f154598db79,20260916,0.10.0,61,supply,demands,False,6,6,D6,16,BASE,POWER,64.69999999999999,J000014,1,1,64.69999999999999
m3-periodic,ee0bec387c023d5d0ab8464c286e0564fdf9e899852c4db249384f154598db79,20260916,0.10.0,62,supply,demands,False,5,5,D1,3,BASE,POWER,32.800000000000004,J000003,1,1,32.800000000000004
m3-periodic,ee0bec387c023d5d0ab8464c286e0564fdf9e899852c4db249384f154598db79,20260916,0.10.0,62,supply,demands,False,5,5,D2,4,BASE,POWER,36.36915699401563,J000006,1,1,36.36915699401563
m3-periodic,ee0bec387c023d5d0ab8464c286e0564fdf9e899852c4db249384f154598db79,20260916,0.10.0,62,supply,demands,False,5,5,D3,7,BASE,POWER,55.96683741978587,J000008,1,1,55.96683741978587
m3-periodic,ee0bec387c023d5d0ab8464c286e0564fdf9e899852c4db249384f154598db79,20260916,0.10.0,62,supply,demands,False,5,5,D4,10,BASE,POWER,60.7,J000012,1,1,60.7
m3-periodic,ee0bec387c023d5d0ab8464c286e0564fdf9e899852c4db249384f154598db79,20260916,0.10.0,62,supply,demands,False,5,5,D5,11,BASE,POWER,60.800000000000004,J000011,1,1,60.800000000000004
m3-periodic,ee0bec387c023d5d0ab8464c286e0564fdf9e899852c4db249384f154598db79,20260916,0.10.0,63,supply,demands,False,4,4,D1,3,BASE,POWER,16.800000000000004,J000001,1,1,16.800000000000004
m3-periodic,ee0bec387c023d5d0ab8464c286e0564fdf9e899852c4db249384f154598db79,20260916,0.10.0,63,supply,demands,False,4,4,D2,6,BASE,POWER,31.14611053308525,J000004,1,1,31.14611053308525
m3-periodic,ee0bec387c023d5d0ab8464c286e0564fdf9e899852c4db249384f154598db79,20260916,0.10.0,63,supply,demands,False,4,4,D3,9,BASE,POWER,56.800000000000004,J000007,1,1,56.800000000000004
m3-periodic,ee0bec387c023d5d0ab8464c286e0564fdf9e899852c4db249384f154598db79,20260916,0.10.0,63,supply,demands,False,4,4,D4,10,BASE,POWER,60.7,J000011,1,1,60.7
m3-periodic,ee0bec387c023d5d0ab8464c286e0564fdf9e899852c4db249384f154598db79,20260916,0.10.0,64,supply,demands,False,6,6,D1,3,BASE,POWER,16.700000000000003,J000002,1,1,16.700000000000003
m3-periodic,ee0bec387c023d5d0ab8464c286e0564fdf9e899852c4db249384f154598db79,20260916,0.10.0,64,supply,demands,False,6,6,D2,4,BASE,POWER,16.800000000000004,J000001,1,1,16.800000000000004
m3-periodic,ee0bec387c023d5d0ab8464c286e0564fdf9e899852c4db249384f154598db79,20260916,0.10.0,64,supply,demands,False,6,6,D3,7,BASE,POWER,32.7,J000006,1,1,32.7
m3-periodic,ee0bec387c023d5d0ab8464c286e0564fdf9e899852c4db249384f154598db79,20260916,0.10.0,64,supply,demands,False,6,6,D4,8,BASE,POWER,32.800000000000004,J000005,1,1,32.800000000000004
m3-periodic,ee0bec387c023d5d0ab8464c286e0564fdf9e899852c4db249384f154598db79,20260916,0.10.0,64,supply,demands,False,6,6,D5,11,BASE,POWER,56.800000000000004,J000009,1,1,56.800000000000004
m3-periodic,ee0bec387c023d5d0ab8464c286e0564fdf9e899852c4db249384f154598db79,20260916,0.10.0,64,supply,demands,False,6,6,D6,12,BASE,POWER,60.800000000000004,J000012,1,1,60.800000000000004
m3-periodic,ee0bec387c023d5d0ab8464c286e0564fdf9e899852c4db249384f154598db79,20260916,0.10.0,65,supply,demands,False,7,7,D1,3,BASE,POWER,16.700000000000003,J000002,1,1,16.700000000000003
m3-periodic,ee0bec387c023d5d0ab8464c286e0564fdf9e899852c4db249384f154598db79,20260916,0.10.0,65,supply,demands,False,7,7,D2,4,BASE,POWER,16.800000000000004,J000001,1,1,16.800000000000004
m3-periodic,ee0bec387c023d5d0ab8464c286e0564fdf9e899852c4db249384f154598db79,20260916,0.10.0,65,supply,demands,False,7,7,D3,7,BASE,POWER,32.7,J000006,1,1,32.7
m3-periodic,ee0bec387c023d5d0ab8464c286e0564fdf9e899852c4db249384f154598db79,20260916,0.10.0,65,supply,demands,False,7,7,D4,8,BASE,POWER,32.800000000000004,J000005,1,1,32.800000000000004
m3-periodic,ee0bec387c023d5d0ab8464c286e0564fdf9e899852c4db249384f154598db79,20260916,0.10.0,65,supply,demands,False,7,7,D5,11,BASE,POWER,56.7,J000010,1,1,56.7
m3-periodic,ee0bec387c023d5d0ab8464c286e0564fdf9e899852c4db249384f154598db79,20260916,0.10.0,65,supply,demands,False,7,7,D6,12,BASE,POWER,60.7,J000013,1,1,60.7
m3-periodic,ee0bec387c023d5d0ab8464c286e0564fdf9e899852c4db249384f154598db79,20260916,0.10.0,65,supply,demands,False,7,7,D7,13,BASE,POWER,60.800000000000004,J000012,1,1,64.5
m3-periodic,ee0bec387c023d5d0ab8464c286e0564fdf9e899852c4db249384f154598db79,20260916,0.10.0,66,supply,demands,False,5,5,D1,3,BASE,POWER,32.7,J000004,1,1,32.7
m3-periodic,ee0bec387c023d5d0ab8464c286e0564fdf9e899852c4db249384f154598db79,20260916,0.10.0,66,supply,demands,False,5,5,D2,4,BASE,POWER,32.800000000000004,J000003,1,1,32.800000000000004
m3-periodic,ee0bec387c023d5d0ab8464c286e0564fdf9e899852c4db249384f154598db79,20260916,0.10.0,66,supply,demands,False,5,5,D3,7,BASE,POWER,56.7,J000008,1,1,56.7
m3-periodic,ee0bec387c023d5d0ab8464c286e0564fdf9e899852c4db249384f154598db79,20260916,0.10.0,66,supply,demands,False,5,5,D4,8,BASE,POWER,60.7,J000011,1,1,60.7
m3-periodic,ee0bec387c023d5d0ab8464c286e0564fdf9e899852c4db249384f154598db79,20260916,0.10.0,66,supply,demands,False,5,5,D5,9,BASE,POWER,63.58991625885856,J000013,1,1,64.5
m3-periodic,ee0bec387c023d5d0ab8464c286e0564fdf9e899852c4db249384f154598db79,20260916,0.10.0,67,supply,demands,False,3,3,D1,3,BASE,POWER,16.800000000000004,J000001,1,1,16.800000000000004
m3-periodic,ee0bec387c023d5d0ab8464c286e0564fdf9e899852c4db249384f154598db79,20260916,0.10.0,67,supply,demands,False,3,3,D2,6,BASE,POWER,56.800000000000004,J000006,1,1,56.800000000000004
m3-periodic,ee0bec387c023d5d0ab8464c286e0564fdf9e899852c4db249384f154598db79,20260916,0.10.0,67,supply,demands,False,3,3,D3,7,BASE,POWER,60.7,J000009,1,1,60.7
m3-periodic,ee0bec387c023d5d0ab8464c286e0564fdf9e899852c4db249384f154598db79,20260916,0.10.0,68,supply,demands,False,6,6,D1,3,BASE,POWER,16.700000000000003,J000002,1,1,16.700000000000003
m3-periodic,ee0bec387c023d5d0ab8464c286e0564fdf9e899852c4db249384f154598db79,20260916,0.10.0,68,supply,demands,False,6,6,D2,6,BASE,POWER,32.7,J000005,1,1,32.7
m3-periodic,ee0bec387c023d5d0ab8464c286e0564fdf9e899852c4db249384f154598db79,20260916,0.10.0,68,supply,demands,False,6,6,D3,7,BASE,POWER,32.800000000000004,J000004,1,1,32.800000000000004
m3-periodic,ee0bec387c023d5d0ab8464c286e0564fdf9e899852c4db249384f154598db79,20260916,0.10.0,68,supply,demands,False,6,6,D4,10,BASE,POWER,56.7,J000010,1,1,56.7
m3-periodic,ee0bec387c023d5d0ab8464c286e0564fdf9e899852c4db249384f154598db79,20260916,0.10.0,68,supply,demands,False,6,6,D5,11,BASE,POWER,56.800000000000004,J000009,1,1,56.800000000000004
m3-periodic,ee0bec387c023d5d0ab8464c286e0564fdf9e899852c4db249384f154598db79,20260916,0.10.0,68,supply,demands,False,6,6,D6,12,BASE,POWER,60.7,J000013,1,1,64.5
m3-periodic,ee0bec387c023d5d0ab8464c286e0564fdf9e899852c4db249384f154598db79,20260916,0.10.0,69,supply,demands,False,6,6,D1,3,BASE,POWER,16.800000000000004,J000001,1,1,16.800000000000004
m3-periodic,ee0bec387c023d5d0ab8464c286e0564fdf9e899852c4db249384f154598db79,20260916,0.10.0,69,supply,demands,False,6,6,D2,6,BASE,POWER,32.7,J000005,1,1,32.7
m3-periodic,ee0bec387c023d5d0ab8464c286e0564fdf9e899852c4db249384f154598db79,20260916,0.10.0,69,supply,demands,False,6,6,D3,7,BASE,POWER,32.800000000000004,J000004,1,1,32.800000000000004
m3-periodic,ee0bec387c023d5d0ab8464c286e0564fdf9e899852c4db249384f154598db79,20260916,0.10.0,69,supply,demands,False,6,6,D4,8,BASE,POWER,38.36005656042818,J000008,1,1,40.5
m3-periodic,ee0bec387c023d5d0ab8464c286e0564fdf9e899852c4db249384f154598db79,20260916,0.10.0,69,supply,demands,False,6,6,D5,11,BASE,POWER,56.7,J000011,1,1,56.7
m3-periodic,ee0bec387c023d5d0ab8464c286e0564fdf9e899852c4db249384f154598db79,20260916,0.10.0,69,supply,demands,False,6,6,D6,12,BASE,POWER,56.800000000000004,J000010,1,1,56.800000000000004
m3-periodic,ee0bec387c023d5d0ab8464c286e0564fdf9e899852c4db249384f154598db79,20260916,0.10.0,70,supply,demands,False,4,4,D1,3,BASE,POWER,16.700000000000003,J000002,1,1,16.700000000000003
m3-periodic,ee0bec387c023d5d0ab8464c286e0564fdf9e899852c4db249384f154598db79,20260916,0.10.0,70,supply,demands,False,4,4,D2,4,BASE,POWER,16.800000000000004,J000001,1,1,16.800000000000004
m3-periodic,ee0bec387c023d5d0ab8464c286e0564fdf9e899852c4db249384f154598db79,20260916,0.10.0,70,supply,demands,False,4,4,D3,7,BASE,POWER,56.800000000000004,J000007,1,1,56.800000000000004
m3-periodic,ee0bec387c023d5d0ab8464c286e0564fdf9e899852c4db249384f154598db79,20260916,0.10.0,70,supply,demands,False,4,4,D4,8,BASE,POWER,60.7,J000011,1,1,60.7
m3-periodic,ee0bec387c023d5d0ab8464c286e0564fdf9e899852c4db249384f154598db79,20260916,0.10.0,71,supply,demands,False,3,3,D1,3,BASE,POWER,16.700000000000003,J000002,1,1,16.700000000000003
m3-periodic,ee0bec387c023d5d0ab8464c286e0564fdf9e899852c4db249384f154598db79,20260916,0.10.0,71,supply,demands,False,3,3,D2,6,BASE,POWER,56.800000000000004,J000006,1,1,56.800000000000004
m3-periodic,ee0bec387c023d5d0ab8464c286e0564fdf9e899852c4db249384f154598db79,20260916,0.10.0,71,supply,demands,False,3,3,D3,9,BASE,POWER,64.42414132014099,J000010,1,1,64.42414132014099
m3-periodic,ee0bec387c023d5d0ab8464c286e0564fdf9e899852c4db249384f154598db79,20260916,0.10.0,72,supply,demands,False,6,6,D1,3,BASE,POWER,14.71819708485943,J000002,1,1,14.71819708485943
m3-periodic,ee0bec387c023d5d0ab8464c286e0564fdf9e899852c4db249384f154598db79,20260916,0.10.0,72,supply,demands,False,6,6,D2,6,BASE,POWER,32.7,J000005,1,1,32.7
m3-periodic,ee0bec387c023d5d0ab8464c286e0564fdf9e899852c4db249384f154598db79,20260916,0.10.0,72,supply,demands,False,6,6,D3,7,BASE,POWER,32.800000000000004,J000004,1,1,32.800000000000004
m3-periodic,ee0bec387c023d5d0ab8464c286e0564fdf9e899852c4db249384f154598db79,20260916,0.10.0,72,supply,demands,False,6,6,D4,10,BASE,POWER,56.800000000000004,J000008,1,1,56.800000000000004
m3-periodic,ee0bec387c023d5d0ab8464c286e0564fdf9e899852c4db249384f154598db79,20260916,0.10.0,72,supply,demands,False,6,6,D5,11,BASE,POWER,60.7,J000012,1,1,60.7
m3-periodic,ee0bec387c023d5d0ab8464c286e0564fdf9e899852c4db249384f154598db79,20260916,0.10.0,72,supply,demands,False,6,6,D6,12,BASE,POWER,60.800000000000004,J000011,1,1,64.5
m3-periodic,ee0bec387c023d5d0ab8464c286e0564fdf9e899852c4db249384f154598db79,20260916,0.10.0,73,supply,demands,False,6,6,D1,3,BASE,POWER,14.261439124737848,J000001,1,1,14.261439124737848
m3-periodic,ee0bec387c023d5d0ab8464c286e0564fdf9e899852c4db249384f154598db79,20260916,0.10.0,73,supply,demands,False,6,6,D2,6,BASE,POWER,32.800000000000004,J000003,1,1,32.800000000000004
m3-periodic,ee0bec387c023d5d0ab8464c286e0564fdf9e899852c4db249384f154598db79,20260916,0.10.0,73,supply,demands,False,6,6,D3,7,BASE,POWER,36.7,J000006,1,1,36.7
m3-periodic,ee0bec387c023d5d0ab8464c286e0564fdf9e899852c4db249384f154598db79,20260916,0.10.0,73,supply,demands,False,6,6,D4,10,BASE,POWER,60.7,J000010,1,1,60.7
m3-periodic,ee0bec387c023d5d0ab8464c286e0564fdf9e899852c4db249384f154598db79,20260916,0.10.0,73,supply,demands,False,6,6,D5,11,BASE,POWER,60.800000000000004,J000009,1,1,60.800000000000004
m3-periodic,ee0bec387c023d5d0ab8464c286e0564fdf9e899852c4db249384f154598db79,20260916,0.10.0,73,supply,demands,False,6,6,D6,14,BASE,POWER,64.69999999999999,J000013,1,1,64.69999999999999
m3-periodic,ee0bec387c023d5d0ab8464c286e0564fdf9e899852c4db249384f154598db79,20260916,0.10.0,74,supply,demands,False,4,4,D1,3,BASE,POWER,32.7,J000004,1,1,32.7
m3-periodic,ee0bec387c023d5d0ab8464c286e0564fdf9e899852c4db249384f154598db79,20260916,0.10.0,74,supply,demands,False,4,4,D2,6,BASE,POWER,56.7,J000007,1,1,56.7
m3-periodic,ee0bec387c023d5d0ab8464c286e0564fdf9e899852c4db249384f154598db79,20260916,0.10.0,74,supply,demands,False,4,4,D3,7,BASE,POWER,60.7,J000010,1,1,60.7
m3-periodic,ee0bec387c023d5d0ab8464c286e0564fdf9e899852c4db249384f154598db79,20260916,0.10.0,74,supply,demands,False,4,4,D4,8,BASE,POWER,60.800000000000004,J000009,1,1,64.5
m3-periodic,ee0bec387c023d5d0ab8464c286e0564fdf9e899852c4db249384f154598db79,20260916,0.10.0,75,supply,demands,False,6,6,D1,3,BASE,POWER,16.700000000000003,J000002,1,1,16.700000000000003
m3-periodic,ee0bec387c023d5d0ab8464c286e0564fdf9e899852c4db249384f154598db79,20260916,0.10.0,75,supply,demands,False,6,6,D2,6,BASE,POWER,36.7,J000006,1,1,36.7
m3-periodic,ee0bec387c023d5d0ab8464c286e0564fdf9e899852c4db249384f154598db79,20260916,0.10.0,75,supply,demands,False,6,6,D3,9,BASE,POWER,56.7,J000008,1,1,56.7
m3-periodic,ee0bec387c023d5d0ab8464c286e0564fdf9e899852c4db249384f154598db79,20260916,0.10.0,75,supply,demands,False,6,6,D4,10,BASE,POWER,60.7,J000011,1,1,60.7
m3-periodic,ee0bec387c023d5d0ab8464c286e0564fdf9e899852c4db249384f154598db79,20260916,0.10.0,75,supply,demands,False,6,6,D5,11,BASE,POWER,60.800000000000004,J000010,1,1,64.5
m3-periodic,ee0bec387c023d5d0ab8464c286e0564fdf9e899852c4db249384f154598db79,20260916,0.10.0,75,supply,demands,False,6,6,D6,14,BASE,POWER,64.85,J000014,1,1,64.85
m3-periodic,ee0bec387c023d5d0ab8464c286e0564fdf9e899852c4db249384f154598db79,20260916,0.10.0,76,supply,demands,False,3,3,D1,3,BASE,POWER,40.7,J000006,1,1,40.7
m3-periodic,ee0bec387c023d5d0ab8464c286e0564fdf9e899852c4db249384f154598db79,20260916,0.10.0,76,supply,demands,False,3,3,D2,6,BASE,POWER,56.69550137433614,J000008,1,1,56.69550137433614
m3-periodic,ee0bec387c023d5d0ab8464c286e0564fdf9e899852c4db249384f154598db79,20260916,0.10.0,76,supply,demands,False,3,3,D3,7,BASE,POWER,59.63919658537795,J000013,1,1,59.63919658537795
m3-periodic,ee0bec387c023d5d0ab8464c286e0564fdf9e899852c4db249384f154598db79,20260916,0.10.0,77,supply,demands,False,6,6,D1,3,BASE,POWER,16.700000000000003,J000002,1,1,16.700000000000003
m3-periodic,ee0bec387c023d5d0ab8464c286e0564fdf9e899852c4db249384f154598db79,20260916,0.10.0,77,supply,demands,False,6,6,D2,4,BASE,POWER,16.800000000000004,J000001,1,1,16.800000000000004
m3-periodic,ee0bec387c023d5d0ab8464c286e0564fdf9e899852c4db249384f154598db79,20260916,0.10.0,77,supply,demands,False,6,6,D3,7,BASE,POWER,32.13395419637033,J000005,1,1,32.13395419637033
m3-periodic,ee0bec387c023d5d0ab8464c286e0564fdf9e899852c4db249384f154598db79,20260916,0.10.0,77,supply,demands,False,6,6,D4,10,BASE,POWER,56.7,J000010,1,1,56.7
m3-periodic,ee0bec387c023d5d0ab8464c286e0564fdf9e899852c4db249384f154598db79,20260916,0.10.0,77,supply,demands,False,6,6,D5,11,BASE,POWER,56.800000000000004,J000009,1,1,56.800000000000004
m3-periodic,ee0bec387c023d5d0ab8464c286e0564fdf9e899852c4db249384f154598db79,20260916,0.10.0,77,supply,demands,False,6,6,D6,12,BASE,POWER,60.800000000000004,J000013,1,1,64.5
m3-periodic,ee0bec387c023d5d0ab8464c286e0564fdf9e899852c4db249384f154598db79,20260916,0.10.0,78,supply,demands,False,5,5,D1,3,BASE,POWER,16.700000000000003,J000002,1,1,16.700000000000003
m3-periodic,ee0bec387c023d5d0ab8464c286e0564fdf9e899852c4db249384f154598db79,20260916,0.10.0,78,supply,demands,False,5,5,D2,4,BASE,POWER,16.800000000000004,J000001,1,1,16.800000000000004
m3-periodic,ee0bec387c023d5d0ab8464c286e0564fdf9e899852c4db249384f154598db79,20260916,0.10.0,78,supply,demands,False,5,5,D3,7,BASE,POWER,32.7,J000006,1,1,32.7
m3-periodic,ee0bec387c023d5d0ab8464c286e0564fdf9e899852c4db249384f154598db79,20260916,0.10.0,78,supply,demands,False,5,5,D4,8,BASE,POWER,32.800000000000004,J000005,1,1,32.800000000000004
m3-periodic,ee0bec387c023d5d0ab8464c286e0564fdf9e899852c4db249384f154598db79,20260916,0.10.0,78,supply,demands,False,5,5,D5,11,BASE,POWER,56.800000000000004,J000009,1,1,56.800000000000004
m3-periodic,ee0bec387c023d5d0ab8464c286e0564fdf9e899852c4db249384f154598db79,20260916,0.10.0,79,supply,demands,False,4,4,D1,3,BASE,POWER,32.7,J000004,1,1,32.7
m3-periodic,ee0bec387c023d5d0ab8464c286e0564fdf9e899852c4db249384f154598db79,20260916,0.10.0,79,supply,demands,False,4,4,D2,6,BASE,POWER,56.7,J000007,1,1,56.7
m3-periodic,ee0bec387c023d5d0ab8464c286e0564fdf9e899852c4db249384f154598db79,20260916,0.10.0,79,supply,demands,False,4,4,D3,7,BASE,POWER,60.7,J000010,1,1,60.7
m3-periodic,ee0bec387c023d5d0ab8464c286e0564fdf9e899852c4db249384f154598db79,20260916,0.10.0,79,supply,demands,False,4,4,D4,8,BASE,POWER,60.800000000000004,J000009,1,1,64.5
m3-periodic,ee0bec387c023d5d0ab8464c286e0564fdf9e899852c4db249384f154598db79,20260916,0.10.0,80,supply,demands,False,4,4,D1,3,BASE,POWER,16.04108967580516,J000002,1,1,16.04108967580516
m3-periodic,ee0bec387c023d5d0ab8464c286e0564fdf9e899852c4db249384f154598db79,20260916,0.10.0,80,supply,demands,False,4,4,D2,6,BASE,POWER,36.7,J000006,1,1,36.7
m3-periodic,ee0bec387c023d5d0ab8464c286e0564fdf9e899852c4db249384f154598db79,20260916,0.10.0,80,supply,demands,False,4,4,D3,9,BASE,POWER,60.7,J000010,1,1,60.7
m3-periodic,ee0bec387c023d5d0ab8464c286e0564fdf9e899852c4db249384f154598db79,20260916,0.10.0,80,supply,demands,False,4,4,D4,12,BASE,POWER,64.69999999999999,J000012,1,1,64.69999999999999
m3-periodic,ee0bec387c023d5d0ab8464c286e0564fdf9e899852c4db249384f154598db79,20260916,0.10.0,81,supply,demands,False,5,5,D1,3,BASE,POWER,16.700000000000003,J000002,1,1,16.700000000000003
m3-periodic,ee0bec387c023d5d0ab8464c286e0564fdf9e899852c4db249384f154598db79,20260916,0.10.0,81,supply,demands,False,5,5,D2,4,BASE,POWER,16.800000000000004,J000001,1,1,16.800000000000004
m3-periodic,ee0bec387c023d5d0ab8464c286e0564fdf9e899852c4db249384f154598db79,20260916,0.10.0,81,supply,demands,False,5,5,D3,7,BASE,POWER,32.800000000000004,J000005,1,1,32.800000000000004
m3-periodic,ee0bec387c023d5d0ab8464c286e0564fdf9e899852c4db249384f154598db79,20260916,0.10.0,81,supply,demands,False,5,5,D4,8,BASE,POWER,39.10778590811812,J000008,1,1,39.10778590811812
m3-periodic,ee0bec387c023d5d0ab8464c286e0564fdf9e899852c4db249384f154598db79,20260916,0.10.0,81,supply,demands,False,5,5,D5,11,BASE,POWER,56.7,J000011,1,1,56.7
m3-periodic,ee0bec387c023d5d0ab8464c286e0564fdf9e899852c4db249384f154598db79,20260916,0.10.0,82,supply,demands,False,4,4,D1,3,BASE,POWER,16.700000000000003,J000002,1,1,16.700000000000003
m3-periodic,ee0bec387c023d5d0ab8464c286e0564fdf9e899852c4db249384f154598db79,20260916,0.10.0,82,supply,demands,False,4,4,D2,6,BASE,POWER,31.32408601533359,J000004,1,1,31.32408601533359
m3-periodic,ee0bec387c023d5d0ab8464c286e0564fdf9e899852c4db249384f154598db79,20260916,0.10.0,82,supply,demands,False,4,4,D3,9,BASE,POWER,60.7,J000011,1,1,60.7
m3-periodic,ee0bec387c023d5d0ab8464c286e0564fdf9e899852c4db249384f154598db79,20260916,0.10.0,82,supply,demands,False,4,4,D4,12,BASE,POWER,64.69999999999999,J000013,1,1,64.69999999999999
m3-periodic,ee0bec387c023d5d0ab8464c286e0564fdf9e899852c4db249384f154598db79,20260916,0.10.0,83,supply,demands,False,4,4,D1,3,BASE,POWER,16.700000000000003,J000002,1,1,16.700000000000003
m3-periodic,ee0bec387c023d5d0ab8464c286e0564fdf9e899852c4db249384f154598db79,20260916,0.10.0,83,supply,demands,False,4,4,D2,6,BASE,POWER,32.7,J000005,1,1,32.7
m3-periodic,ee0bec387c023d5d0ab8464c286e0564fdf9e899852c4db249384f154598db79,20260916,0.10.0,83,supply,demands,False,4,4,D3,7,BASE,POWER,32.800000000000004,J000004,1,1,32.800000000000004
m3-periodic,ee0bec387c023d5d0ab8464c286e0564fdf9e899852c4db249384f154598db79,20260916,0.10.0,83,supply,demands,False,4,4,D4,10,BASE,POWER,60.7,J000012,1,1,60.7
m3-periodic,ee0bec387c023d5d0ab8464c286e0564fdf9e899852c4db249384f154598db79,20260916,0.10.0,84,supply,demands,False,7,7,D1,3,BASE,POWER,7.295610829199724,J000001,1,1,7.295610829199724
m3-periodic,ee0bec387c023d5d0ab8464c286e0564fdf9e899852c4db249384f154598db79,20260916,0.10.0,84,supply,demands,False,7,7,D2,6,BASE,POWER,16.700000000000003,J000003,1,1,16.700000000000003
m3-periodic,ee0bec387c023d5d0ab8464c286e0564fdf9e899852c4db249384f154598db79,20260916,0.10.0,84,supply,demands,False,7,7,D3,9,BASE,POWER,32.7,J000006,1,1,32.7
m3-periodic,ee0bec387c023d5d0ab8464c286e0564fdf9e899852c4db249384f154598db79,20260916,0.10.0,84,supply,demands,False,7,7,D4,12,BASE,POWER,56.7,J000009,1,1,56.7
m3-periodic,ee0bec387c023d5d0ab8464c286e0564fdf9e899852c4db249384f154598db79,20260916,0.10.0,84,supply,demands,False,7,7,D5,13,BASE,POWER,60.7,J000012,1,1,60.7
m3-periodic,ee0bec387c023d5d0ab8464c286e0564fdf9e899852c4db249384f154598db79,20260916,0.10.0,84,supply,demands,False,7,7,D6,14,BASE,POWER,60.800000000000004,J000011,1,1,64.5
m3-periodic,ee0bec387c023d5d0ab8464c286e0564fdf9e899852c4db249384f154598db79,20260916,0.10.0,84,supply,demands,False,7,7,D7,17,BASE,POWER,64.85,J000015,1,1,64.85
m3-periodic,ee0bec387c023d5d0ab8464c286e0564fdf9e899852c4db249384f154598db79,20260916,0.10.0,85,supply,demands,False,6,6,D1,3,BASE,POWER,16.700000000000003,J000002,1,1,16.700000000000003
m3-periodic,ee0bec387c023d5d0ab8464c286e0564fdf9e899852c4db249384f154598db79,20260916,0.10.0,85,supply,demands,False,6,6,D2,4,BASE,POWER,16.800000000000004,J000001,1,1,16.800000000000004
m3-periodic,ee0bec387c023d5d0ab8464c286e0564fdf9e899852c4db249384f154598db79,20260916,0.10.0,85,supply,demands,False,6,6,D3,7,BASE,POWER,30.831314231829644,J000005,1,1,30.831314231829644
m3-periodic,ee0bec387c023d5d0ab8464c286e0564fdf9e899852c4db249384f154598db79,20260916,0.10.0,85,supply,demands,False,6,6,D4,10,BASE,POWER,56.7,J000009,1,1,56.7
m3-periodic,ee0bec387c023d5d0ab8464c286e0564fdf9e899852c4db249384f154598db79,20260916,0.10.0,85,supply,demands,False,6,6,D5,11,BASE,POWER,60.7,J000012,1,1,60.7
m3-periodic,ee0bec387c023d5d0ab8464c286e0564fdf9e899852c4db249384f154598db79,20260916,0.10.0,85,supply,demands,False,6,6,D6,12,BASE,POWER,60.800000000000004,J000011,1,1,64.5
m3-periodic,ee0bec387c023d5d0ab8464c286e0564fdf9e899852c4db249384f154598db79,20260916,0.10.0,86,supply,demands,False,3,3,D1,3,BASE,POWER,16.700000000000003,J000002,1,1,16.700000000000003
m3-periodic,ee0bec387c023d5d0ab8464c286e0564fdf9e899852c4db249384f154598db79,20260916,0.10.0,86,supply,demands,False,3,3,D2,6,BASE,POWER,32.800000000000004,J000004,1,1,32.800000000000004
m3-periodic,ee0bec387c023d5d0ab8464c286e0564fdf9e899852c4db249384f154598db79,20260916,0.10.0,86,supply,demands,False,3,3,D3,7,BASE,POWER,36.7,J000007,1,1,36.7
m3-periodic,ee0bec387c023d5d0ab8464c286e0564fdf9e899852c4db249384f154598db79,20260916,0.10.0,87,supply,demands,False,5,5,D1,3,BASE,POWER,16.700000000000003,J000002,1,1,16.700000000000003
m3-periodic,ee0bec387c023d5d0ab8464c286e0564fdf9e899852c4db249384f154598db79,20260916,0.10.0,87,supply,demands,False,5,5,D2,6,BASE,POWER,56.7,J000007,1,1,56.7
m3-periodic,ee0bec387c023d5d0ab8464c286e0564fdf9e899852c4db249384f154598db79,20260916,0.10.0,87,supply,demands,False,5,5,D3,7,BASE,POWER,56.800000000000004,J000006,1,1,56.800000000000004
m3-periodic,ee0bec387c023d5d0ab8464c286e0564fdf9e899852c4db249384f154598db79,20260916,0.10.0,87,supply,demands,False,5,5,D4,8,BASE,POWER,60.7,J000011,1,1,64.5
m3-periodic,ee0bec387c023d5d0ab8464c286e0564fdf9e899852c4db249384f154598db79,20260916,0.10.0,87,supply,demands,False,5,5,D5,9,BASE,POWER,60.800000000000004,J000010,1,1,64.5
m3-periodic,ee0bec387c023d5d0ab8464c286e0564fdf9e899852c4db249384f154598db79,20260916,0.10.0,88,supply,demands,False,6,6,D1,3,BASE,POWER,16.700000000000003,J000003,1,1,16.700000000000003
m3-periodic,ee0bec387c023d5d0ab8464c286e0564fdf9e899852c4db249384f154598db79,20260916,0.10.0,88,supply,demands,False,6,6,D2,6,BASE,POWER,31.717012662692294,J000005,1,1,31.717012662692294
m3-periodic,ee0bec387c023d5d0ab8464c286e0564fdf9e899852c4db249384f154598db79,20260916,0.10.0,88,supply,demands,False,6,6,D3,9,BASE,POWER,56.7,J000009,1,1,56.7
m3-periodic,ee0bec387c023d5d0ab8464c286e0564fdf9e899852c4db249384f154598db79,20260916,0.10.0,88,supply,demands,False,6,6,D4,10,BASE,POWER,56.800000000000004,J000008,1,1,56.800000000000004
m3-periodic,ee0bec387c023d5d0ab8464c286e0564fdf9e899852c4db249384f154598db79,20260916,0.10.0,88,supply,demands,False,6,6,D5,11,BASE,POWER,60.7,J000013,1,1,64.5
m3-periodic,ee0bec387c023d5d0ab8464c286e0564fdf9e899852c4db249384f154598db79,20260916,0.10.0,88,supply,demands,False,6,6,D6,12,BASE,POWER,60.800000000000004,J000012,1,1,64.5
m3-periodic,ee0bec387c023d5d0ab8464c286e0564fdf9e899852c4db249384f154598db79,20260916,0.10.0,89,supply,demands,False,3,3,D1,3,BASE,POWER,16.800000000000004,J000001,1,1,16.800000000000004
m3-periodic,ee0bec387c023d5d0ab8464c286e0564fdf9e899852c4db249384f154598db79,20260916,0.10.0,89,supply,demands,False,3,3,D2,6,BASE,POWER,56.800000000000004,J000006,1,1,56.800000000000004
m3-periodic,ee0bec387c023d5d0ab8464c286e0564fdf9e899852c4db249384f154598db79,20260916,0.10.0,89,supply,demands,False,3,3,D3,7,BASE,POWER,60.7,J000010,1,1,60.7
m3-periodic,ee0bec387c023d5d0ab8464c286e0564fdf9e899852c4db249384f154598db79,20260916,0.10.0,90,supply,demands,False,7,7,D1,3,BASE,POWER,16.800000000000004,J000001,1,1,16.800000000000004
m3-periodic,ee0bec387c023d5d0ab8464c286e0564fdf9e899852c4db249384f154598db79,20260916,0.10.0,90,supply,demands,False,7,7,D2,6,BASE,POWER,32.7,J000005,1,1,32.7
m3-periodic,ee0bec387c023d5d0ab8464c286e0564fdf9e899852c4db249384f154598db79,20260916,0.10.0,90,supply,demands,False,7,7,D3,7,BASE,POWER,32.800000000000004,J000004,1,1,32.800000000000004
m3-periodic,ee0bec387c023d5d0ab8464c286e0564fdf9e899852c4db249384f154598db79,20260916,0.10.0,90,supply,demands,False,7,7,D4,10,BASE,POWER,56.7,J000009,1,1,56.7
m3-periodic,ee0bec387c023d5d0ab8464c286e0564fdf9e899852c4db249384f154598db79,20260916,0.10.0,90,supply,demands,False,7,7,D5,11,BASE,POWER,56.800000000000004,J000008,1,1,56.800000000000004
m3-periodic,ee0bec387c023d5d0ab8464c286e0564fdf9e899852c4db249384f154598db79,20260916,0.10.0,90,supply,demands,False,7,7,D6,12,BASE,POWER,60.7,J000013,1,1,64.5
m3-periodic,ee0bec387c023d5d0ab8464c286e0564fdf9e899852c4db249384f154598db79,20260916,0.10.0,90,supply,demands,False,7,7,D7,13,BASE,POWER,62.34848385586153,J000015,1,1,64.5
m3-periodic,ee0bec387c023d5d0ab8464c286e0564fdf9e899852c4db249384f154598db79,20260916,0.10.0,91,supply,demands,False,3,3,D1,3,BASE,POWER,16.617755467997572,J000002,1,1,16.617755467997572
m3-periodic,ee0bec387c023d5d0ab8464c286e0564fdf9e899852c4db249384f154598db79,20260916,0.10.0,91,supply,demands,False,3,3,D2,6,BASE,POWER,56.7,J000008,1,1,56.7
m3-periodic,ee0bec387c023d5d0ab8464c286e0564fdf9e899852c4db249384f154598db79,20260916,0.10.0,91,supply,demands,False,3,3,D3,7,BASE,POWER,56.800000000000004,J000007,1,1,56.800000000000004
m3-periodic,ee0bec387c023d5d0ab8464c286e0564fdf9e899852c4db249384f154598db79,20260916,0.10.0,92,supply,demands,False,5,5,D1,3,BASE,POWER,16.800000000000004,J000002,1,1,16.800000000000004
m3-periodic,ee0bec387c023d5d0ab8464c286e0564fdf9e899852c4db249384f154598db79,20260916,0.10.0,92,supply,demands,False,5,5,D2,6,BASE,POWER,32.7,J000005,1,1,32.7
m3-periodic,ee0bec387c023d5d0ab8464c286e0564fdf9e899852c4db249384f154598db79,20260916,0.10.0,92,supply,demands,False,5,5,D3,9,BASE,POWER,40.7,J000007,1,1,40.7
m3-periodic,ee0bec387c023d5d0ab8464c286e0564fdf9e899852c4db249384f154598db79,20260916,0.10.0,92,supply,demands,False,5,5,D4,12,BASE,POWER,56.7,J000010,1,1,56.7
m3-periodic,ee0bec387c023d5d0ab8464c286e0564fdf9e899852c4db249384f154598db79,20260916,0.10.0,92,supply,demands,False,5,5,D5,13,BASE,POWER,60.7,J000012,1,1,60.7
m3-periodic,ee0bec387c023d5d0ab8464c286e0564fdf9e899852c4db249384f154598db79,20260916,0.10.0,93,supply,demands,False,5,5,D1,3,BASE,POWER,16.700000000000003,J000002,1,1,16.700000000000003
m3-periodic,ee0bec387c023d5d0ab8464c286e0564fdf9e899852c4db249384f154598db79,20260916,0.10.0,93,supply,demands,False,5,5,D2,4,BASE,POWER,16.800000000000004,J000001,1,1,16.800000000000004
m3-periodic,ee0bec387c023d5d0ab8464c286e0564fdf9e899852c4db249384f154598db79,20260916,0.10.0,93,supply,demands,False,5,5,D3,7,BASE,POWER,32.800000000000004,J000005,1,1,32.800000000000004
m3-periodic,ee0bec387c023d5d0ab8464c286e0564fdf9e899852c4db249384f154598db79,20260916,0.10.0,93,supply,demands,False,5,5,D4,10,BASE,POWER,56.7,J000009,1,1,56.7
m3-periodic,ee0bec387c023d5d0ab8464c286e0564fdf9e899852c4db249384f154598db79,20260916,0.10.0,93,supply,demands,False,5,5,D5,11,BASE,POWER,60.800000000000004,J000011,1,1,60.800000000000004
m3-periodic,ee0bec387c023d5d0ab8464c286e0564fdf9e899852c4db249384f154598db79,20260916,0.10.0,94,supply,demands,False,4,4,D1,3,BASE,POWER,16.700000000000003,J000002,1,1,16.700000000000003
m3-periodic,ee0bec387c023d5d0ab8464c286e0564fdf9e899852c4db249384f154598db79,20260916,0.10.0,94,supply,demands,False,4,4,D2,4,BASE,POWER,16.800000000000004,J000001,1,1,16.800000000000004
m3-periodic,ee0bec387c023d5d0ab8464c286e0564fdf9e899852c4db249384f154598db79,20260916,0.10.0,94,supply,demands,False,4,4,D3,7,BASE,POWER,32.800000000000004,J000005,1,1,32.800000000000004
m3-periodic,ee0bec387c023d5d0ab8464c286e0564fdf9e899852c4db249384f154598db79,20260916,0.10.0,94,supply,demands,False,4,4,D4,10,BASE,POWER,56.7,J000009,1,1,56.7
m3-periodic,ee0bec387c023d5d0ab8464c286e0564fdf9e899852c4db249384f154598db79,20260916,0.10.0,95,supply,demands,False,5,5,D1,3,BASE,POWER,16.700000000000003,J000002,1,1,16.700000000000003
m3-periodic,ee0bec387c023d5d0ab8464c286e0564fdf9e899852c4db249384f154598db79,20260916,0.10.0,95,supply,demands,False,5,5,D2,6,BASE,POWER,32.7,J000005,1,1,32.7
m3-periodic,ee0bec387c023d5d0ab8464c286e0564fdf9e899852c4db249384f154598db79,20260916,0.10.0,95,supply,demands,False,5,5,D3,9,BASE,POWER,56.7,J000008,1,1,56.7
m3-periodic,ee0bec387c023d5d0ab8464c286e0564fdf9e899852c4db249384f154598db79,20260916,0.10.0,95,supply,demands,False,5,5,D4,10,BASE,POWER,56.800000000000004,J000007,1,1,56.800000000000004
m3-periodic,ee0bec387c023d5d0ab8464c286e0564fdf9e899852c4db249384f154598db79,20260916,0.10.0,95,supply,demands,False,5,5,D5,11,BASE,POWER,60.800000000000004,J000011,1,1,64.5
m3-periodic,ee0bec387c023d5d0ab8464c286e0564fdf9e899852c4db249384f154598db79,20260916,0.10.0,96,supply,demands,False,7,7,D1,3,BASE,POWER,16.700000000000003,J000002,1,1,16.700000000000003
m3-periodic,ee0bec387c023d5d0ab8464c286e0564fdf9e899852c4db249384f154598db79,20260916,0.10.0,96,supply,demands,False,7,7,D2,4,BASE,POWER,16.800000000000004,J000001,1,1,16.800000000000004
m3-periodic,ee0bec387c023d5d0ab8464c286e0564fdf9e899852c4db249384f154598db79,20260916,0.10.0,96,supply,demands,False,7,7,D3,7,BASE,POWER,32.800000000000004,J000005,1,1,32.800000000000004
m3-periodic,ee0bec387c023d5d0ab8464c286e0564fdf9e899852c4db249384f154598db79,20260916,0.10.0,96,supply,demands,False,7,7,D4,10,BASE,POWER,56.7,J000009,1,1,56.7
m3-periodic,ee0bec387c023d5d0ab8464c286e0564fdf9e899852c4db249384f154598db79,20260916,0.10.0,96,supply,demands,False,7,7,D5,11,BASE,POWER,56.800000000000004,J000008,1,1,56.800000000000004
m3-periodic,ee0bec387c023d5d0ab8464c286e0564fdf9e899852c4db249384f154598db79,20260916,0.10.0,96,supply,demands,False,7,7,D6,12,BASE,POWER,60.7,J000013,1,1,64.5
m3-periodic,ee0bec387c023d5d0ab8464c286e0564fdf9e899852c4db249384f154598db79,20260916,0.10.0,96,supply,demands,False,7,7,D7,13,BASE,POWER,60.800000000000004,J000012,1,1,64.5
m3-periodic,ee0bec387c023d5d0ab8464c286e0564fdf9e899852c4db249384f154598db79,20260916,0.10.0,97,supply,demands,False,8,8,D1,3,BASE,POWER,8.7,J000001,1,1,8.7
m3-periodic,ee0bec387c023d5d0ab8464c286e0564fdf9e899852c4db249384f154598db79,20260916,0.10.0,97,supply,demands,False,8,8,D2,6,BASE,POWER,16.700000000000003,J000003,1,1,16.700000000000003
m3-periodic,ee0bec387c023d5d0ab8464c286e0564fdf9e899852c4db249384f154598db79,20260916,0.10.0,97,supply,demands,False,8,8,D3,9,BASE,POWER,32.800000000000004,J000005,1,1,32.800000000000004
m3-periodic,ee0bec387c023d5d0ab8464c286e0564fdf9e899852c4db249384f154598db79,20260916,0.10.0,97,supply,demands,False,8,8,D4,10,BASE,POWER,36.7,J000008,1,1,36.7
m3-periodic,ee0bec387c023d5d0ab8464c286e0564fdf9e899852c4db249384f154598db79,20260916,0.10.0,97,supply,demands,False,8,8,D5,13,BASE,POWER,56.7,J000010,1,1,56.7
m3-periodic,ee0bec387c023d5d0ab8464c286e0564fdf9e899852c4db249384f154598db79,20260916,0.10.0,97,supply,demands,False,8,8,D6,14,BASE,POWER,60.7,J000013,1,1,60.7
m3-periodic,ee0bec387c023d5d0ab8464c286e0564fdf9e899852c4db249384f154598db79,20260916,0.10.0,97,supply,demands,False,8,8,D7,15,BASE,POWER,60.800000000000004,J000012,1,1,64.5
m3-periodic,ee0bec387c023d5d0ab8464c286e0564fdf9e899852c4db249384f154598db79,20260916,0.10.0,97,supply,demands,False,8,8,D8,18,BASE,POWER,64.85,J000016,1,1,64.85
m3-periodic,ee0bec387c023d5d0ab8464c286e0564fdf9e899852c4db249384f154598db79,20260916,0.10.0,98,supply,demands,False,5,5,D1,3,BASE,POWER,16.800000000000004,J000001,1,1,16.800000000000004
m3-periodic,ee0bec387c023d5d0ab8464c286e0564fdf9e899852c4db249384f154598db79,20260916,0.10.0,98,supply,demands,False,5,5,D2,6,BASE,POWER,32.7,J000005,1,1,32.7
m3-periodic,ee0bec387c023d5d0ab8464c286e0564fdf9e899852c4db249384f154598db79,20260916,0.10.0,98,supply,demands,False,5,5,D3,9,BASE,POWER,56.7,J000008,1,1,56.7
m3-periodic,ee0bec387c023d5d0ab8464c286e0564fdf9e899852c4db249384f154598db79,20260916,0.10.0,98,supply,demands,False,5,5,D4,10,BASE,POWER,56.800000000000004,J000007,1,1,56.800000000000004
m3-periodic,ee0bec387c023d5d0ab8464c286e0564fdf9e899852c4db249384f154598db79,20260916,0.10.0,98,supply,demands,False,5,5,D5,11,BASE,POWER,60.269244237106825,J000012,1,1,64.5
m3-periodic,ee0bec387c023d5d0ab8464c286e0564fdf9e899852c4db249384f154598db79,20260916,0.10.0,99,supply,demands,False,6,6,D1,3,BASE,POWER,16.800000000000004,J000001,1,1,16.800000000000004
m3-periodic,ee0bec387c023d5d0ab8464c286e0564fdf9e899852c4db249384f154598db79,20260916,0.10.0,99,supply,demands,False,6,6,D2,6,BASE,POWER,32.7,J000005,1,1,32.7
m3-periodic,ee0bec387c023d5d0ab8464c286e0564fdf9e899852c4db249384f154598db79,20260916,0.10.0,99,supply,demands,False,6,6,D3,9,BASE,POWER,56.7,J000008,1,1,56.7
m3-periodic,ee0bec387c023d5d0ab8464c286e0564fdf9e899852c4db249384f154598db79,20260916,0.10.0,99,supply,demands,False,6,6,D4,10,BASE,POWER,56.800000000000004,J000007,1,1,56.800000000000004
m3-periodic,ee0bec387c023d5d0ab8464c286e0564fdf9e899852c4db249384f154598db79,20260916,0.10.0,99,supply,demands,False,6,6,D5,11,BASE,POWER,60.7,J000012,1,1,64.5
m3-periodic,ee0bec387c023d5d0ab8464c286e0564fdf9e899852c4db249384f154598db79,20260916,0.10.0,99,supply,demands,False,6,6,D6,12,BASE,POWER,62.67679437173871,J000014,1,1,64.5
m3-periodic,ee0bec387c023d5d0ab8464c286e0564fdf9e899852c4db249384f154598db79,20260916,0.10.0,100,supply,demands,False,6,6,D1,3,BASE,POWER,16.700000000000003,J000002,1,1,16.700000000000003
m3-periodic,ee0bec387c023d5d0ab8464c286e0564fdf9e899852c4db249384f154598db79,20260916,0.10.0,100,supply,demands,False,6,6,D2,4,BASE,POWER,16.800000000000004,J000001,1,1,16.800000000000004
m3-periodic,ee0bec387c023d5d0ab8464c286e0564fdf9e899852c4db249384f154598db79,20260916,0.10.0,100,supply,demands,False,6,6,D3,7,BASE,POWER,32.800000000000004,J000005,1,1,32.800000000000004
m3-periodic,ee0bec387c023d5d0ab8464c286e0564fdf9e899852c4db249384f154598db79,20260916,0.10.0,100,supply,demands,False,6,6,D4,10,BASE,POWER,56.800000000000004,J000008,1,1,56.800000000000004
m3-periodic,ee0bec387c023d5d0ab8464c286e0564fdf9e899852c4db249384f154598db79,20260916,0.10.0,100,supply,demands,False,6,6,D5,11,BASE,POWER,60.7,J000012,1,1,60.7
m3-periodic,ee0bec387c023d5d0ab8464c286e0564fdf9e899852c4db249384f154598db79,20260916,0.10.0,100,supply,demands,False,6,6,D6,12,BASE,POWER,60.800000000000004,J000011,1,1,64.5
m3-periodic,ee0bec387c023d5d0ab8464c286e0564fdf9e899852c4db249384f154598db79,20260916,0.10.0,101,supply,demands,False,5,5,D1,3,BASE,POWER,16.700000000000003,J000002,1,1,16.700000000000003
m3-periodic,ee0bec387c023d5d0ab8464c286e0564fdf9e899852c4db249384f154598db79,20260916,0.10.0,101,supply,demands,False,5,5,D2,4,BASE,POWER,16.800000000000004,J000001,1,1,16.800000000000004
m3-periodic,ee0bec387c023d5d0ab8464c286e0564fdf9e899852c4db249384f154598db79,20260916,0.10.0,101,supply,demands,False,5,5,D3,7,BASE,POWER,32.7,J000006,1,1,32.7
m3-periodic,ee0bec387c023d5d0ab8464c286e0564fdf9e899852c4db249384f154598db79,20260916,0.10.0,101,supply,demands,False,5,5,D4,10,BASE,POWER,56.7,J000009,1,1,56.7
m3-periodic,ee0bec387c023d5d0ab8464c286e0564fdf9e899852c4db249384f154598db79,20260916,0.10.0,101,supply,demands,False,5,5,D5,11,BASE,POWER,60.800000000000004,J000011,1,1,60.800000000000004
m3-periodic,ee0bec387c023d5d0ab8464c286e0564fdf9e899852c4db249384f154598db79,20260916,0.10.0,102,supply,demands,False,4,4,D1,3,BASE,POWER,16.700000000000003,J000002,1,1,16.700000000000003
m3-periodic,ee0bec387c023d5d0ab8464c286e0564fdf9e899852c4db249384f154598db79,20260916,0.10.0,102,supply,demands,False,4,4,D2,6,BASE,POWER,32.7,J000005,1,1,32.7
m3-periodic,ee0bec387c023d5d0ab8464c286e0564fdf9e899852c4db249384f154598db79,20260916,0.10.0,102,supply,demands,False,4,4,D3,9,BASE,POWER,56.7,J000009,1,1,56.7
m3-periodic,ee0bec387c023d5d0ab8464c286e0564fdf9e899852c4db249384f154598db79,20260916,0.10.0,102,supply,demands,False,4,4,D4,12,BASE,POWER,64.69999999999999,J000011,1,1,64.69999999999999
m3-periodic,ee0bec387c023d5d0ab8464c286e0564fdf9e899852c4db249384f154598db79,20260916,0.10.0,103,supply,demands,False,6,6,D1,3,BASE,POWER,16.700000000000003,J000002,1,1,16.700000000000003
m3-periodic,ee0bec387c023d5d0ab8464c286e0564fdf9e899852c4db249384f154598db79,20260916,0.10.0,103,supply,demands,False,6,6,D2,4,BASE,POWER,16.800000000000004,J000001,1,1,16.800000000000004
m3-periodic,ee0bec387c023d5d0ab8464c286e0564fdf9e899852c4db249384f154598db79,20260916,0.10.0,103,supply,demands,False,6,6,D3,7,BASE,POWER,32.7,J000006,1,1,32.7
m3-periodic,ee0bec387c023d5d0ab8464c286e0564fdf9e899852c4db249384f154598db79,20260916,0.10.0,103,supply,demands,False,6,6,D4,8,BASE,POWER,32.800000000000004,J000005,1,1,32.800000000000004
m3-periodic,ee0bec387c023d5d0ab8464c286e0564fdf9e899852c4db249384f154598db79,20260916,0.10.0,103,supply,demands,False,6,6,D5,11,BASE,POWER,56.7,J000010,1,1,56.7
m3-periodic,ee0bec387c023d5d0ab8464c286e0564fdf9e899852c4db249384f154598db79,20260916,0.10.0,103,supply,demands,False,6,6,D6,12,BASE,POWER,56.800000000000004,J000009,1,1,56.800000000000004
m3-periodic,ee0bec387c023d5d0ab8464c286e0564fdf9e899852c4db249384f154598db79,20260916,0.10.0,104,supply,demands,False,4,4,D1,3,BASE,POWER,16.800000000000004,J000001,1,1,16.800000000000004
m3-periodic,ee0bec387c023d5d0ab8464c286e0564fdf9e899852c4db249384f154598db79,20260916,0.10.0,104,supply,demands,False,4,4,D2,6,BASE,POWER,55.25406614512642,J000007,1,1,55.25406614512642
m3-periodic,ee0bec387c023d5d0ab8464c286e0564fdf9e899852c4db249384f154598db79,20260916,0.10.0,104,supply,demands,False,4,4,D3,9,BASE,POWER,60.7,J000011,1,1,60.7
m3-periodic,ee0bec387c023d5d0ab8464c286e0564fdf9e899852c4db249384f154598db79,20260916,0.10.0,104,supply,demands,False,4,4,D4,10,BASE,POWER,60.800000000000004,J000010,1,1,60.800000000000004
m3-periodic,ee0bec387c023d5d0ab8464c286e0564fdf9e899852c4db249384f154598db79,20260916,0.10.0,105,supply,demands,False,6,6,D1,3,BASE,POWER,16.700000000000003,J000002,1,1,16.700000000000003
m3-periodic,ee0bec387c023d5d0ab8464c286e0564fdf9e899852c4db249384f154598db79,20260916,0.10.0,105,supply,demands,False,6,6,D2,4,BASE,POWER,16.800000000000004,J000001,1,1,16.800000000000004
m3-periodic,ee0bec387c023d5d0ab8464c286e0564fdf9e899852c4db249384f154598db79,20260916,0.10.0,105,supply,demands,False,6,6,D3,7,BASE,POWER,32.7,J000006,1,1,32.7
m3-periodic,ee0bec387c023d5d0ab8464c286e0564fdf9e899852c4db249384f154598db79,20260916,0.10.0,105,supply,demands,False,6,6,D4,10,BASE,POWER,56.12035502809924,J000010,1,1,56.12035502809924
m3-periodic,ee0bec387c023d5d0ab8464c286e0564fdf9e899852c4db249384f154598db79,20260916,0.10.0,105,supply,demands,False,6,6,D5,11,BASE,POWER,60.7,J000013,1,1,60.7
m3-periodic,ee0bec387c023d5d0ab8464c286e0564fdf9e899852c4db249384f154598db79,20260916,0.10.0,105,supply,demands,False,6,6,D6,12,BASE,POWER,60.800000000000004,J000012,1,1,64.5
m3-periodic,ee0bec387c023d5d0ab8464c286e0564fdf9e899852c4db249384f154598db79,20260916,0.10.0,106,supply,demands,False,4,4,D1,3,BASE,POWER,16.700000000000003,J000002,1,1,16.700000000000003
m3-periodic,ee0bec387c023d5d0ab8464c286e0564fdf9e899852c4db249384f154598db79,20260916,0.10.0,106,supply,demands,False,4,4,D2,6,BASE,POWER,56.7,J000007,1,1,56.7
m3-periodic,ee0bec387c023d5d0ab8464c286e0564fdf9e899852c4db249384f154598db79,20260916,0.10.0,106,supply,demands,False,4,4,D3,7,BASE,POWER,60.7,J000010,1,1,60.7
m3-periodic,ee0bec387c023d5d0ab8464c286e0564fdf9e899852c4db249384f154598db79,20260916,0.10.0,106,supply,demands,False,4,4,D4,8,BASE,POWER,60.800000000000004,J000009,1,1,64.5
m3-periodic,ee0bec387c023d5d0ab8464c286e0564fdf9e899852c4db249384f154598db79,20260916,0.10.0,107,supply,demands,False,4,4,D1,3,BASE,POWER,16.700000000000003,J000002,1,1,16.700000000000003
m3-periodic,ee0bec387c023d5d0ab8464c286e0564fdf9e899852c4db249384f154598db79,20260916,0.10.0,107,supply,demands,False,4,4,D2,6,BASE,POWER,32.800000000000004,J000004,1,1,32.800000000000004
m3-periodic,ee0bec387c023d5d0ab8464c286e0564fdf9e899852c4db249384f154598db79,20260916,0.10.0,107,supply,demands,False,4,4,D3,9,BASE,POWER,56.7,J000008,1,1,56.7
m3-periodic,ee0bec387c023d5d0ab8464c286e0564fdf9e899852c4db249384f154598db79,20260916,0.10.0,107,supply,demands,False,4,4,D4,10,BASE,POWER,60.7,J000011,1,1,60.7
m3-periodic,ee0bec387c023d5d0ab8464c286e0564fdf9e899852c4db249384f154598db79,20260916,0.10.0,108,supply,demands,False,5,5,D1,3,BASE,POWER,16.800000000000004,J000001,1,1,16.800000000000004
m3-periodic,ee0bec387c023d5d0ab8464c286e0564fdf9e899852c4db249384f154598db79,20260916,0.10.0,108,supply,demands,False,5,5,D2,6,BASE,POWER,32.59484791005954,J000004,1,1,32.59484791005954
m3-periodic,ee0bec387c023d5d0ab8464c286e0564fdf9e899852c4db249384f154598db79,20260916,0.10.0,108,supply,demands,False,5,5,D3,7,BASE,POWER,32.69484791005954,J000006,1,1,32.69484791005954
m3-periodic,ee0bec387c023d5d0ab8464c286e0564fdf9e899852c4db249384f154598db79,20260916,0.10.0,108,supply,demands,False,5,5,D4,10,BASE,POWER,56.7,J000011,1,1,56.7
m3-periodic,ee0bec387c023d5d0ab8464c286e0564fdf9e899852c4db249384f154598db79,20260916,0.10.0,108,supply,demands,False,5,5,D5,11,BASE,POWER,60.7,J000013,1,1,60.7
m3-periodic,ee0bec387c023d5d0ab8464c286e0564fdf9e899852c4db249384f154598db79,20260916,0.10.0,109,supply,demands,False,5,5,D1,3,BASE,POWER,16.700000000000003,J000002,1,1,16.700000000000003
m3-periodic,ee0bec387c023d5d0ab8464c286e0564fdf9e899852c4db249384f154598db79,20260916,0.10.0,109,supply,demands,False,5,5,D2,6,BASE,POWER,31.839968982849367,J000005,1,1,31.839968982849367
m3-periodic,ee0bec387c023d5d0ab8464c286e0564fdf9e899852c4db249384f154598db79,20260916,0.10.0,109,supply,demands,False,5,5,D3,7,BASE,POWER,31.93996898284937,J000006,1,1,31.93996898284937
m3-periodic,ee0bec387c023d5d0ab8464c286e0564fdf9e899852c4db249384f154598db79,20260916,0.10.0,109,supply,demands,False,5,5,D4,10,BASE,POWER,56.7,J000011,1,1,56.7
m3-periodic,ee0bec387c023d5d0ab8464c286e0564fdf9e899852c4db249384f154598db79,20260916,0.10.0,109,supply,demands,False,5,5,D5,11,BASE,POWER,56.800000000000004,J000010,1,1,56.800000000000004
m3-periodic,ee0bec387c023d5d0ab8464c286e0564fdf9e899852c4db249384f154598db79,20260916,0.10.0,110,supply,demands,False,5,5,D1,3,BASE,POWER,16.700000000000003,J000002,1,1,16.700000000000003
m3-periodic,ee0bec387c023d5d0ab8464c286e0564fdf9e899852c4db249384f154598db79,20260916,0.10.0,110,supply,demands,False,5,5,D2,6,BASE,POWER,32.7,J000005,1,1,32.7
m3-periodic,ee0bec387c023d5d0ab8464c286e0564fdf9e899852c4db249384f154598db79,20260916,0.10.0,110,supply,demands,False,5,5,D3,7,BASE,POWER,32.800000000000004,J000004,1,1,32.800000000000004
m3-periodic,ee0bec387c023d5d0ab8464c286e0564fdf9e899852c4db249384f154598db79,20260916,0.10.0,110,supply,demands,False,5,5,D4,10,BASE,POWER,60.7,J000012,1,1,60.7
m3-periodic,ee0bec387c023d5d0ab8464c286e0564fdf9e899852c4db249384f154598db79,20260916,0.10.0,110,supply,demands,False,5,5,D5,11,BASE,POWER,60.800000000000004,J000011,1,1,60.800000000000004
m3-periodic,ee0bec387c023d5d0ab8464c286e0564fdf9e899852c4db249384f154598db79,20260916,0.10.0,111,supply,demands,False,4,4,D1,3,BASE,POWER,16.800000000000004,J000001,1,1,16.800000000000004
m3-periodic,ee0bec387c023d5d0ab8464c286e0564fdf9e899852c4db249384f154598db79,20260916,0.10.0,111,supply,demands,False,4,4,D2,6,BASE,POWER,55.38348759516625,J000006,1,1,55.38348759516625
m3-periodic,ee0bec387c023d5d0ab8464c286e0564fdf9e899852c4db249384f154598db79,20260916,0.10.0,111,supply,demands,False,4,4,D3,7,BASE,POWER,55.48348759516625,J000008,1,1,55.48348759516625
m3-periodic,ee0bec387c023d5d0ab8464c286e0564fdf9e899852c4db249384f154598db79,20260916,0.10.0,111,supply,demands,False,4,4,D4,10,BASE,POWER,60.800000000000004,J000011,1,1,60.800000000000004
m3-periodic,ee0bec387c023d5d0ab8464c286e0564fdf9e899852c4db249384f154598db79,20260916,0.10.0,112,supply,demands,False,6,6,D1,3,BASE,POWER,16.700000000000003,J000002,1,1,16.700000000000003
m3-periodic,ee0bec387c023d5d0ab8464c286e0564fdf9e899852c4db249384f154598db79,20260916,0.10.0,112,supply,demands,False,6,6,D2,6,BASE,POWER,32.7,J000005,1,1,32.7
m3-periodic,ee0bec387c023d5d0ab8464c286e0564fdf9e899852c4db249384f154598db79,20260916,0.10.0,112,supply,demands,False,6,6,D3,7,BASE,POWER,32.800000000000004,J000004,1,1,32.800000000000004
m3-periodic,ee0bec387c023d5d0ab8464c286e0564fdf9e899852c4db249384f154598db79,20260916,0.10.0,112,supply,demands,False,6,6,D4,10,BASE,POWER,56.7,J000009,1,1,56.7
m3-periodic,ee0bec387c023d5d0ab8464c286e0564fdf9e899852c4db249384f154598db79,20260916,0.10.0,112,supply,demands,False,6,6,D5,11,BASE,POWER,56.800000000000004,J000008,1,1,56.800000000000004
m3-periodic,ee0bec387c023d5d0ab8464c286e0564fdf9e899852c4db249384f154598db79,20260916,0.10.0,112,supply,demands,False,6,6,D6,12,BASE,POWER,60.7,J000013,1,1,64.5
m3-periodic,ee0bec387c023d5d0ab8464c286e0564fdf9e899852c4db249384f154598db79,20260916,0.10.0,113,supply,demands,False,5,5,D1,3,BASE,POWER,16.800000000000004,J000001,1,1,16.800000000000004
m3-periodic,ee0bec387c023d5d0ab8464c286e0564fdf9e899852c4db249384f154598db79,20260916,0.10.0,113,supply,demands,False,5,5,D2,6,BASE,POWER,32.7,J000005,1,1,32.7
m3-periodic,ee0bec387c023d5d0ab8464c286e0564fdf9e899852c4db249384f154598db79,20260916,0.10.0,113,supply,demands,False,5,5,D3,9,BASE,POWER,56.800000000000004,J000007,1,1,56.800000000000004
m3-periodic,ee0bec387c023d5d0ab8464c286e0564fdf9e899852c4db249384f154598db79,20260916,0.10.0,113,supply,demands,False,5,5,D4,10,BASE,POWER,60.7,J000011,1,1,60.7
m3-periodic,ee0bec387c023d5d0ab8464c286e0564fdf9e899852c4db249384f154598db79,20260916,0.10.0,113,supply,demands,False,5,5,D5,11,BASE,POWER,60.800000000000004,J000010,1,1,64.5
m3-periodic,ee0bec387c023d5d0ab8464c286e0564fdf9e899852c4db249384f154598db79,20260916,0.10.0,114,supply,demands,False,4,4,D1,3,BASE,POWER,16.700000000000003,J000002,1,1,16.700000000000003
m3-periodic,ee0bec387c023d5d0ab8464c286e0564fdf9e899852c4db249384f154598db79,20260916,0.10.0,114,supply,demands,False,4,4,D2,4,BASE,POWER,16.800000000000004,J000001,1,1,16.800000000000004
m3-periodic,ee0bec387c023d5d0ab8464c286e0564fdf9e899852c4db249384f154598db79,20260916,0.10.0,114,supply,demands,False,4,4,D3,7,BASE,POWER,32.800000000000004,J000005,1,1,32.800000000000004
m3-periodic,ee0bec387c023d5d0ab8464c286e0564fdf9e899852c4db249384f154598db79,20260916,0.10.0,114,supply,demands,False,4,4,D4,10,BASE,POWER,56.800000000000004,J000010,1,1,56.800000000000004
m3-periodic,ee0bec387c023d5d0ab8464c286e0564fdf9e899852c4db249384f154598db79,20260916,0.10.0,115,supply,demands,False,6,6,D1,3,BASE,POWER,16.700000000000003,J000002,1,1,16.700000000000003
m3-periodic,ee0bec387c023d5d0ab8464c286e0564fdf9e899852c4db249384f154598db79,20260916,0.10.0,115,supply,demands,False,6,6,D2,4,BASE,POWER,16.800000000000004,J000001,1,1,16.800000000000004
m3-periodic,ee0bec387c023d5d0ab8464c286e0564fdf9e899852c4db249384f154598db79,20260916,0.10.0,115,supply,demands,False,6,6,D3,7,BASE,POWER,32.7,J000006,1,1,32.7
m3-periodic,ee0bec387c023d5d0ab8464c286e0564fdf9e899852c4db249384f154598db79,20260916,0.10.0,115,supply,demands,False,6,6,D4,8,BASE,POWER,39.76027776017266,J000008,1,1,39.76027776017266
m3-periodic,ee0bec387c023d5d0ab8464c286e0564fdf9e899852c4db249384f154598db79,20260916,0.10.0,115,supply,demands,False,6,6,D5,11,BASE,POWER,56.800000000000004,J000010,1,1,56.800000000000004
m3-periodic,ee0bec387c023d5d0ab8464c286e0564fdf9e899852c4db249384f154598db79,20260916,0.10.0,115,supply,demands,False,6,6,D6,12,BASE,POWER,60.7,J000013,1,1,60.7
m3-periodic,ee0bec387c023d5d0ab8464c286e0564fdf9e899852c4db249384f154598db79,20260916,0.10.0,116,supply,demands,False,7,7,D1,3,BASE,POWER,16.700000000000003,J000002,1,1,16.700000000000003
m3-periodic,ee0bec387c023d5d0ab8464c286e0564fdf9e899852c4db249384f154598db79,20260916,0.10.0,116,supply,demands,False,7,7,D2,4,BASE,POWER,16.800000000000004,J000001,1,1,16.800000000000004
m3-periodic,ee0bec387c023d5d0ab8464c286e0564fdf9e899852c4db249384f154598db79,20260916,0.10.0,116,supply,demands,False,7,7,D3,7,BASE,POWER,32.7,J000006,1,1,32.7
m3-periodic,ee0bec387c023d5d0ab8464c286e0564fdf9e899852c4db249384f154598db79,20260916,0.10.0,116,supply,demands,False,7,7,D4,8,BASE,POWER,32.800000000000004,J000007,1,1,32.800000000000004
m3-periodic,ee0bec387c023d5d0ab8464c286e0564fdf9e899852c4db249384f154598db79,20260916,0.10.0,116,supply,demands,False,7,7,D5,9,BASE,POWER,39.40598010077644,J000010,1,1,40.5
m3-periodic,ee0bec387c023d5d0ab8464c286e0564fdf9e899852c4db249384f154598db79,20260916,0.10.0,116,supply,demands,False,7,7,D6,12,BASE,POWER,56.800000000000004,J000012,1,1,56.800000000000004
m3-periodic,ee0bec387c023d5d0ab8464c286e0564fdf9e899852c4db249384f154598db79,20260916,0.10.0,116,supply,demands,False,7,7,D7,13,BASE,POWER,60.7,J000015,1,1,60.7
m3-periodic,ee0bec387c023d5d0ab8464c286e0564fdf9e899852c4db249384f154598db79,20260916,0.10.0,117,supply,demands,False,4,4,D1,3,BASE,POWER,8.253013543424029,J000001,1,1,8.253013543424029
m3-periodic,ee0bec387c023d5d0ab8464c286e0564fdf9e899852c4db249384f154598db79,20260916,0.10.0,117,supply,demands,False,4,4,D2,6,BASE,POWER,16.700000000000003,J000003,1,1,16.700000000000003
m3-periodic,ee0bec387c023d5d0ab8464c286e0564fdf9e899852c4db249384f154598db79,20260916,0.10.0,117,supply,demands,False,4,4,D3,9,BASE,POWER,60.800000000000004,J000009,1,1,60.800000000000004
m3-periodic,ee0bec387c023d5d0ab8464c286e0564fdf9e899852c4db249384f154598db79,20260916,0.10.0,117,supply,demands,False,4,4,D4,12,BASE,POWER,64.69999999999999,J000012,1,1,64.69999999999999
m3-periodic,ee0bec387c023d5d0ab8464c286e0564fdf9e899852c4db249384f154598db79,20260916,0.10.0,118,supply,demands,False,5,5,D1,3,BASE,POWER,16.700000000000003,J000003,1,1,16.700000000000003
m3-periodic,ee0bec387c023d5d0ab8464c286e0564fdf9e899852c4db249384f154598db79,20260916,0.10.0,118,supply,demands,False,5,5,D2,4,BASE,POWER,16.800000000000004,J000002,1,1,16.800000000000004
m3-periodic,ee0bec387c023d5d0ab8464c286e0564fdf9e899852c4db249384f154598db79,20260916,0.10.0,118,supply,demands,False,5,5,D3,7,BASE,POWER,32.7,J000006,1,1,32.7
m3-periodic,ee0bec387c023d5d0ab8464c286e0564fdf9e899852c4db249384f154598db79,20260916,0.10.0,118,supply,demands,False,5,5,D4,10,BASE,POWER,40.7,J000008,1,1,40.7
m3-periodic,ee0bec387c023d5d0ab8464c286e0564fdf9e899852c4db249384f154598db79,20260916,0.10.0,118,supply,demands,False,5,5,D5,13,BASE,POWER,56.800000000000004,J000010,1,1,56.800000000000004
m3-periodic,ee0bec387c023d5d0ab8464c286e0564fdf9e899852c4db249384f154598db79,20260916,0.10.0,119,supply,demands,False,3,3,D1,3,BASE,POWER,15.6186930653651,J000001,1,1,15.6186930653651
m3-periodic,ee0bec387c023d5d0ab8464c286e0564fdf9e899852c4db249384f154598db79,20260916,0.10.0,119,supply,demands,False,3,3,D2,6,BASE,POWER,32.800000000000004,J000005,1,1,32.800000000000004
m3-periodic,ee0bec387c023d5d0ab8464c286e0564fdf9e899852c4db249384f154598db79,20260916,0.10.0,119,supply,demands,False,3,3,D3,9,BASE,POWER,60.800000000000004,J000010,1,1,60.800000000000004
m3-periodic,ee0bec387c023d5d0ab8464c286e0564fdf9e899852c4db249384f154598db79,20260916,0.10.0,120,supply,demands,False,6,6,D1,3,BASE,POWER,14.545258647920235,J000001,1,1,14.545258647920235
m3-periodic,ee0bec387c023d5d0ab8464c286e0564fdf9e899852c4db249384f154598db79,20260916,0.10.0,120,supply,demands,False,6,6,D2,6,BASE,POWER,32.800000000000004,J000003,1,1,32.800000000000004
m3-periodic,ee0bec387c023d5d0ab8464c286e0564fdf9e899852c4db249384f154598db79,20260916,0.10.0,120,supply,demands,False,6,6,D3,9,BASE,POWER,56.7,J000007,1,1,56.7
m3-periodic,ee0bec387c023d5d0ab8464c286e0564fdf9e899852c4db249384f154598db79,20260916,0.10.0,120,supply,demands,False,6,6,D4,10,BASE,POWER,60.7,J000010,1,1,60.7
m3-periodic,ee0bec387c023d5d0ab8464c286e0564fdf9e899852c4db249384f154598db79,20260916,0.10.0,120,supply,demands,False,6,6,D5,11,BASE,POWER,60.800000000000004,J000009,1,1,64.5
m3-periodic,ee0bec387c023d5d0ab8464c286e0564fdf9e899852c4db249384f154598db79,20260916,0.10.0,120,supply,demands,False,6,6,D6,14,BASE,POWER,64.85,J000014,1,1,64.85
m3-periodic,ee0bec387c023d5d0ab8464c286e0564fdf9e899852c4db249384f154598db79,20260916,0.10.0,121,supply,demands,False,3,3,D1,3,BASE,POWER,16.800000000000004,J000001,1,1,16.800000000000004
m3-periodic,ee0bec387c023d5d0ab8464c286e0564fdf9e899852c4db249384f154598db79,20260916,0.10.0,121,supply,demands,False,3,3,D2,6,BASE,POWER,32.800000000000004,J000004,1,1,32.800000000000004
m3-periodic,ee0bec387c023d5d0ab8464c286e0564fdf9e899852c4db249384f154598db79,20260916,0.10.0,121,supply,demands,False,3,3,D3,9,BASE,POWER,60.800000000000004,J000009,1,1,60.800000000000004
m3-periodic,ee0bec387c023d5d0ab8464c286e0564fdf9e899852c4db249384f154598db79,20260916,0.10.0,122,supply,demands,False,2,2,D1,3,BASE,POWER,40.7,J000005,1,1,40.7
m3-periodic,ee0bec387c023d5d0ab8464c286e0564fdf9e899852c4db249384f154598db79,20260916,0.10.0,122,supply,demands,False,2,2,D2,6,BASE,POWER,56.7,J000008,1,1,56.7
m3-periodic,ee0bec387c023d5d0ab8464c286e0564fdf9e899852c4db249384f154598db79,20260916,0.10.0,123,supply,demands,False,4,4,D1,3,BASE,POWER,16.700000000000003,J000002,1,1,16.700000000000003
m3-periodic,ee0bec387c023d5d0ab8464c286e0564fdf9e899852c4db249384f154598db79,20260916,0.10.0,123,supply,demands,False,4,4,D2,6,BASE,POWER,56.800000000000004,J000006,1,1,56.800000000000004
m3-periodic,ee0bec387c023d5d0ab8464c286e0564fdf9e899852c4db249384f154598db79,20260916,0.10.0,123,supply,demands,False,4,4,D3,7,BASE,POWER,60.7,J000010,1,1,60.7
m3-periodic,ee0bec387c023d5d0ab8464c286e0564fdf9e899852c4db249384f154598db79,20260916,0.10.0,123,supply,demands,False,4,4,D4,8,BASE,POWER,60.800000000000004,J000009,1,1,64.5
m3-periodic,ee0bec387c023d5d0ab8464c286e0564fdf9e899852c4db249384f154598db79,20260916,0.10.0,124,supply,demands,False,5,5,D1,3,BASE,POWER,16.700000000000003,J000002,1,1,16.700000000000003
m3-periodic,ee0bec387c023d5d0ab8464c286e0564fdf9e899852c4db249384f154598db79,20260916,0.10.0,124,supply,demands,False,5,5,D2,4,BASE,POWER,16.800000000000004,J000001,1,1,16.800000000000004
m3-periodic,ee0bec387c023d5d0ab8464c286e0564fdf9e899852c4db249384f154598db79,20260916,0.10.0,124,supply,demands,False,5,5,D3,7,BASE,POWER,32.7,J000006,1,1,32.7
m3-periodic,ee0bec387c023d5d0ab8464c286e0564fdf9e899852c4db249384f154598db79,20260916,0.10.0,124,supply,demands,False,5,5,D4,10,BASE,POWER,60.7,J000011,1,1,60.7
m3-periodic,ee0bec387c023d5d0ab8464c286e0564fdf9e899852c4db249384f154598db79,20260916,0.10.0,124,supply,demands,False,5,5,D5,11,BASE,POWER,60.800000000000004,J000010,1,1,60.800000000000004
m3-periodic,ee0bec387c023d5d0ab8464c286e0564fdf9e899852c4db249384f154598db79,20260916,0.10.0,125,supply,demands,False,4,4,D1,3,BASE,POWER,16.800000000000004,J000001,1,1,16.800000000000004
m3-periodic,ee0bec387c023d5d0ab8464c286e0564fdf9e899852c4db249384f154598db79,20260916,0.10.0,125,supply,demands,False,4,4,D2,6,BASE,POWER,32.800000000000004,J000004,1,1,32.800000000000004
m3-periodic,ee0bec387c023d5d0ab8464c286e0564fdf9e899852c4db249384f154598db79,20260916,0.10.0,125,supply,demands,False,4,4,D3,9,BASE,POWER,56.7,J000008,1,1,56.7
m3-periodic,ee0bec387c023d5d0ab8464c286e0564fdf9e899852c4db249384f154598db79,20260916,0.10.0,125,supply,demands,False,4,4,D4,10,BASE,POWER,60.800000000000004,J000010,1,1,60.800000000000004
m3-periodic,ee0bec387c023d5d0ab8464c286e0564fdf9e899852c4db249384f154598db79,20260916,0.10.0,126,supply,demands,False,5,5,D1,3,BASE,POWER,32.7,J000004,1,1,32.7
m3-periodic,ee0bec387c023d5d0ab8464c286e0564fdf9e899852c4db249384f154598db79,20260916,0.10.0,126,supply,demands,False,5,5,D2,6,BASE,POWER,56.7,J000007,1,1,56.7
m3-periodic,ee0bec387c023d5d0ab8464c286e0564fdf9e899852c4db249384f154598db79,20260916,0.10.0,126,supply,demands,False,5,5,D3,7,BASE,POWER,56.800000000000004,J000006,1,1,56.800000000000004
m3-periodic,ee0bec387c023d5d0ab8464c286e0564fdf9e899852c4db249384f154598db79,20260916,0.10.0,126,supply,demands,False,5,5,D4,8,BASE,POWER,60.7,J000011,1,1,64.5
m3-periodic,ee0bec387c023d5d0ab8464c286e0564fdf9e899852c4db249384f154598db79,20260916,0.10.0,126,supply,demands,False,5,5,D5,9,BASE,POWER,60.800000000000004,J000010,1,1,64.5
m3-periodic,ee0bec387c023d5d0ab8464c286e0564fdf9e899852c4db249384f154598db79,20260916,0.10.0,127,supply,demands,False,5,5,D1,3,BASE,POWER,16.700000000000003,J000002,1,1,16.700000000000003
m3-periodic,ee0bec387c023d5d0ab8464c286e0564fdf9e899852c4db249384f154598db79,20260916,0.10.0,127,supply,demands,False,5,5,D2,6,BASE,POWER,56.7,J000007,1,1,56.7
m3-periodic,ee0bec387c023d5d0ab8464c286e0564fdf9e899852c4db249384f154598db79,20260916,0.10.0,127,supply,demands,False,5,5,D3,7,BASE,POWER,56.800000000000004,J000006,1,1,56.800000000000004
m3-periodic,ee0bec387c023d5d0ab8464c286e0564fdf9e899852c4db249384f154598db79,20260916,0.10.0,127,supply,demands,False,5,5,D4,8,BASE,POWER,60.7,J000011,1,1,64.5
m3-periodic,ee0bec387c023d5d0ab8464c286e0564fdf9e899852c4db249384f154598db79,20260916,0.10.0,127,supply,demands,False,5,5,D5,9,BASE,POWER,60.800000000000004,J000010,1,1,64.5
m3-periodic,ee0bec387c023d5d0ab8464c286e0564fdf9e899852c4db249384f154598db79,20260916,0.10.0,128,supply,demands,False,5,5,D1,3,BASE,POWER,10.896901083687467,J000001,1,1,10.896901083687467
m3-periodic,ee0bec387c023d5d0ab8464c286e0564fdf9e899852c4db249384f154598db79,20260916,0.10.0,128,supply,demands,False,5,5,D2,6,BASE,POWER,16.800000000000004,J000003,1,1,16.800000000000004
m3-periodic,ee0bec387c023d5d0ab8464c286e0564fdf9e899852c4db249384f154598db79,20260916,0.10.0,128,supply,demands,False,5,5,D3,9,BASE,POWER,40.7,J000007,1,1,40.7
m3-periodic,ee0bec387c023d5d0ab8464c286e0564fdf9e899852c4db249384f154598db79,20260916,0.10.0,128,supply,demands,False,5,5,D4,12,BASE,POWER,56.800000000000004,J000009,1,1,56.800000000000004
m3-periodic,ee0bec387c023d5d0ab8464c286e0564fdf9e899852c4db249384f154598db79,20260916,0.10.0,128,supply,demands,False,5,5,D5,13,BASE,POWER,60.7,J000012,1,1,60.7
m3-periodic,ee0bec387c023d5d0ab8464c286e0564fdf9e899852c4db249384f154598db79,20260916,0.10.0,129,supply,demands,False,5,5,D1,3,BASE,POWER,6.235474024329314,J000001,1,1,6.235474024329314
m3-periodic,ee0bec387c023d5d0ab8464c286e0564fdf9e899852c4db249384f154598db79,20260916,0.10.0,129,supply,demands,False,5,5,D2,6,BASE,POWER,32.800000000000004,J000003,1,1,32.800000000000004
m3-periodic,ee0bec387c023d5d0ab8464c286e0564fdf9e899852c4db249384f154598db79,20260916,0.10.0,129,supply,demands,False,5,5,D3,7,BASE,POWER,36.7,J000007,1,1,36.7
m3-periodic,ee0bec387c023d5d0ab8464c286e0564fdf9e899852c4db249384f154598db79,20260916,0.10.0,129,supply,demands,False,5,5,D4,8,BASE,POWER,36.800000000000004,J000006,1,1,40.5
m3-periodic,ee0bec387c023d5d0ab8464c286e0564fdf9e899852c4db249384f154598db79,20260916,0.10.0,129,supply,demands,False,5,5,D5,11,BASE,POWER,60.800000000000004,J000010,1,1,60.800000000000004
m3-periodic,ee0bec387c023d5d0ab8464c286e0564fdf9e899852c4db249384f154598db79,20260916,0.10.0,130,supply,demands,False,5,5,D1,3,BASE,POWER,16.800000000000004,J000001,1,1,16.800000000000004
m3-periodic,ee0bec387c023d5d0ab8464c286e0564fdf9e899852c4db249384f154598db79,20260916,0.10.0,130,supply,demands,False,5,5,D2,6,BASE,POWER,32.800000000000004,J000004,1,1,32.800000000000004
m3-periodic,ee0bec387c023d5d0ab8464c286e0564fdf9e899852c4db249384f154598db79,20260916,0.10.0,130,supply,demands,False,5,5,D3,9,BASE,POWER,56.7,J000008,1,1,56.7
m3-periodic,ee0bec387c023d5d0ab8464c286e0564fdf9e899852c4db249384f154598db79,20260916,0.10.0,130,supply,demands,False,5,5,D4,10,BASE,POWER,56.800000000000004,J000007,1,1,56.800000000000004
m3-periodic,ee0bec387c023d5d0ab8464c286e0564fdf9e899852c4db249384f154598db79,20260916,0.10.0,130,supply,demands,False,5,5,D5,11,BASE,POWER,60.7,J000012,1,1,64.5
m3-periodic,ee0bec387c023d5d0ab8464c286e0564fdf9e899852c4db249384f154598db79,20260916,0.10.0,131,supply,demands,False,4,4,D1,3,BASE,POWER,16.700000000000003,J000003,1,1,16.700000000000003
m3-periodic,ee0bec387c023d5d0ab8464c286e0564fdf9e899852c4db249384f154598db79,20260916,0.10.0,131,supply,demands,False,4,4,D2,6,BASE,POWER,56.7,J000008,1,1,56.7
m3-periodic,ee0bec387c023d5d0ab8464c286e0564fdf9e899852c4db249384f154598db79,20260916,0.10.0,131,supply,demands,False,4,4,D3,7,BASE,POWER,56.800000000000004,J000007,1,1,56.800000000000004
m3-periodic,ee0bec387c023d5d0ab8464c286e0564fdf9e899852c4db249384f154598db79,20260916,0.10.0,131,supply,demands,False,4,4,D4,8,BASE,POWER,60.7,J000011,1,1,64.5
m3-periodic,ee0bec387c023d5d0ab8464c286e0564fdf9e899852c4db249384f154598db79,20260916,0.10.0,132,supply,demands,False,5,5,D1,3,BASE,POWER,16.700000000000003,J000002,1,1,16.700000000000003
m3-periodic,ee0bec387c023d5d0ab8464c286e0564fdf9e899852c4db249384f154598db79,20260916,0.10.0,132,supply,demands,False,5,5,D2,4,BASE,POWER,16.800000000000004,J000001,1,1,16.800000000000004
m3-periodic,ee0bec387c023d5d0ab8464c286e0564fdf9e899852c4db249384f154598db79,20260916,0.10.0,132,supply,demands,False,5,5,D3,7,BASE,POWER,32.800000000000004,J000005,1,1,32.800000000000004
m3-periodic,ee0bec387c023d5d0ab8464c286e0564fdf9e899852c4db249384f154598db79,20260916,0.10.0,132,supply,demands,False,5,5,D4,10,BASE,POWER,56.800000000000004,J000008,1,1,56.800000000000004
m3-periodic,ee0bec387c023d5d0ab8464c286e0564fdf9e899852c4db249384f154598db79,20260916,0.10.0,132,supply,demands,False,5,5,D5,11,BASE,POWER,60.7,J000012,1,1,60.7
m3-periodic,ee0bec387c023d5d0ab8464c286e0564fdf9e899852c4db249384f154598db79,20260916,0.10.0,133,supply,demands,False,3,3,D1,3,BASE,POWER,16.700000000000003,J000002,1,1,16.700000000000003
m3-periodic,ee0bec387c023d5d0ab8464c286e0564fdf9e899852c4db249384f154598db79,20260916,0.10.0,133,supply,demands,False,3,3,D2,6,BASE,POWER,32.7,J000005,1,1,32.7
m3-periodic,ee0bec387c023d5d0ab8464c286e0564fdf9e899852c4db249384f154598db79,20260916,0.10.0,133,supply,demands,False,3,3,D3,7,BASE,POWER,32.800000000000004,J000004,1,1,32.800000000000004
m3-periodic,ee0bec387c023d5d0ab8464c286e0564fdf9e899852c4db249384f154598db79,20260916,0.10.0,134,supply,demands,False,5,5,D1,3,BASE,POWER,32.7,J000005,1,1,32.7
m3-periodic,ee0bec387c023d5d0ab8464c286e0564fdf9e899852c4db249384f154598db79,20260916,0.10.0,134,supply,demands,False,5,5,D2,6,BASE,POWER,56.7,J000008,1,1,56.7
m3-periodic,ee0bec387c023d5d0ab8464c286e0564fdf9e899852c4db249384f154598db79,20260916,0.10.0,134,supply,demands,False,5,5,D3,7,BASE,POWER,56.800000000000004,J000007,1,1,56.800000000000004
m3-periodic,ee0bec387c023d5d0ab8464c286e0564fdf9e899852c4db249384f154598db79,20260916,0.10.0,134,supply,demands,False,5,5,D4,8,BASE,POWER,60.7,J000012,1,1,64.5
m3-periodic,ee0bec387c023d5d0ab8464c286e0564fdf9e899852c4db249384f154598db79,20260916,0.10.0,134,supply,demands,False,5,5,D5,9,BASE,POWER,60.800000000000004,J000011,1,1,64.5
m3-periodic,ee0bec387c023d5d0ab8464c286e0564fdf9e899852c4db249384f154598db79,20260916,0.10.0,135,supply,demands,False,6,6,D1,3,BASE,POWER,12.7,J000001,1,1,12.7
m3-periodic,ee0bec387c023d5d0ab8464c286e0564fdf9e899852c4db249384f154598db79,20260916,0.10.0,135,supply,demands,False,6,6,D2,6,BASE,POWER,16.700000000000003,J000004,1,1,16.700000000000003
m3-periodic,ee0bec387c023d5d0ab8464c286e0564fdf9e899852c4db249384f154598db79,20260916,0.10.0,135,supply,demands,False,6,6,D3,7,BASE,POWER,16.800000000000004,J000003,1,1,16.800000000000004
m3-periodic,ee0bec387c023d5d0ab8464c286e0564fdf9e899852c4db249384f154598db79,20260916,0.10.0,135,supply,demands,False,6,6,D4,10,BASE,POWER,32.7,J000007,1,1,32.7
m3-periodic,ee0bec387c023d5d0ab8464c286e0564fdf9e899852c4db249384f154598db79,20260916,0.10.0,135,supply,demands,False,6,6,D5,13,BASE,POWER,40.7,J000009,1,1,40.7
m3-periodic,ee0bec387c023d5d0ab8464c286e0564fdf9e899852c4db249384f154598db79,20260916,0.10.0,135,supply,demands,False,6,6,D6,16,BASE,POWER,56.800000000000004,J000013,1,1,56.800000000000004
m3-periodic,ee0bec387c023d5d0ab8464c286e0564fdf9e899852c4db249384f154598db79,20260916,0.10.0,136,supply,demands,False,5,5,D1,3,BASE,POWER,16.700000000000003,J000003,1,1,16.700000000000003
m3-periodic,ee0bec387c023d5d0ab8464c286e0564fdf9e899852c4db249384f154598db79,20260916,0.10.0,136,supply,demands,False,5,5,D2,4,BASE,POWER,16.800000000000004,J000002,1,1,16.800000000000004
m3-periodic,ee0bec387c023d5d0ab8464c286e0564fdf9e899852c4db249384f154598db79,20260916,0.10.0,136,supply,demands,False,5,5,D3,7,BASE,POWER,32.7,J000006,1,1,32.7
m3-periodic,ee0bec387c023d5d0ab8464c286e0564fdf9e899852c4db249384f154598db79,20260916,0.10.0,136,supply,demands,False,5,5,D4,10,BASE,POWER,56.800000000000004,J000010,1,1,56.800000000000004
m3-periodic,ee0bec387c023d5d0ab8464c286e0564fdf9e899852c4db249384f154598db79,20260916,0.10.0,136,supply,demands,False,5,5,D5,11,BASE,POWER,60.7,J000013,1,1,60.7
m3-periodic,ee0bec387c023d5d0ab8464c286e0564fdf9e899852c4db249384f154598db79,20260916,0.10.0,137,supply,demands,False,5,5,D1,3,BASE,POWER,14.532854685179181,J000001,1,1,14.532854685179181
m3-periodic,ee0bec387c023d5d0ab8464c286e0564fdf9e899852c4db249384f154598db79,20260916,0.10.0,137,supply,demands,False,5,5,D2,6,BASE,POWER,32.7,J000004,1,1,32.7
m3-periodic,ee0bec387c023d5d0ab8464c286e0564fdf9e899852c4db249384f154598db79,20260916,0.10.0,137,supply,demands,False,5,5,D3,7,BASE,POWER,32.800000000000004,J000003,1,1,32.800000000000004
m3-periodic,ee0bec387c023d5d0ab8464c286e0564fdf9e899852c4db249384f154598db79,20260916,0.10.0,137,supply,demands,False,5,5,D4,10,BASE,POWER,56.7,J000008,1,1,56.7
m3-periodic,ee0bec387c023d5d0ab8464c286e0564fdf9e899852c4db249384f154598db79,20260916,0.10.0,137,supply,demands,False,5,5,D5,11,BASE,POWER,60.800000000000004,J000010,1,1,60.800000000000004
m3-periodic,ee0bec387c023d5d0ab8464c286e0564fdf9e899852c4db249384f154598db79,20260916,0.10.0,138,supply,demands,False,3,3,D1,3,BASE,POWER,16.800000000000004,J000001,1,1,16.800000000000004
m3-periodic,ee0bec387c023d5d0ab8464c286e0564fdf9e899852c4db249384f154598db79,20260916,0.10.0,138,supply,demands,False,3,3,D2,6,BASE,POWER,56.7,J000007,1,1,56.7
m3-periodic,ee0bec387c023d5d0ab8464c286e0564fdf9e899852c4db249384f154598db79,20260916,0.10.0,138,supply,demands,False,3,3,D3,7,BASE,POWER,60.800000000000004,J000009,1,1,60.800000000000004
m3-periodic,ee0bec387c023d5d0ab8464c286e0564fdf9e899852c4db249384f154598db79,20260916,0.10.0,139,supply,demands,False,4,4,D1,3,BASE,POWER,12.7,J000001,1,1,12.7
m3-periodic,ee0bec387c023d5d0ab8464c286e0564fdf9e899852c4db249384f154598db79,20260916,0.10.0,139,supply,demands,False,4,4,D2,6,BASE,POWER,16.700000000000003,J000004,1,1,16.700000000000003
m3-periodic,ee0bec387c023d5d0ab8464c286e0564fdf9e899852c4db249384f154598db79,20260916,0.10.0,139,supply,demands,False,4,4,D3,7,BASE,POWER,16.800000000000004,J000003,1,1,16.800000000000004
m3-periodic,ee0bec387c023d5d0ab8464c286e0564fdf9e899852c4db249384f154598db79,20260916,0.10.0,139,supply,demands,False,4,4,D4,10,BASE,POWER,56.800000000000004,J000010,1,1,56.800000000000004
m3-periodic,ee0bec387c023d5d0ab8464c286e0564fdf9e899852c4db249384f154598db79,20260916,0.10.0,140,supply,demands,False,4,4,D1,3,BASE,POWER,32.7,J000004,1,1,32.7
m3-periodic,ee0bec387c023d5d0ab8464c286e0564fdf9e899852c4db249384f154598db79,20260916,0.10.0,140,supply,demands,False,4,4,D2,4,BASE,POWER,36.7,J000006,1,1,36.7
m3-periodic,ee0bec387c023d5d0ab8464c286e0564fdf9e899852c4db249384f154598db79,20260916,0.10.0,140,supply,demands,False,4,4,D3,7,BASE,POWER,60.7,J000011,1,1,60.7
m3-periodic,ee0bec387c023d5d0ab8464c286e0564fdf9e899852c4db249384f154598db79,20260916,0.10.0,140,supply,demands,False,4,4,D4,10,BASE,POWER,64.69999999999999,J000013,1,1,64.69999999999999
m3-periodic,ee0bec387c023d5d0ab8464c286e0564fdf9e899852c4db249384f154598db79,20260916,0.10.0,141,supply,demands,False,6,6,D1,3,BASE,POWER,8.7,J000002,1,1,8.7
m3-periodic,ee0bec387c023d5d0ab8464c286e0564fdf9e899852c4db249384f154598db79,20260916,0.10.0,141,supply,demands,False,6,6,D2,6,BASE,POWER,32.7,J000005,1,1,32.7
m3-periodic,ee0bec387c023d5d0ab8464c286e0564fdf9e899852c4db249384f154598db79,20260916,0.10.0,141,supply,demands,False,6,6,D3,7,BASE,POWER,36.800000000000004,J000007,1,1,36.800000000000004
m3-periodic,ee0bec387c023d5d0ab8464c286e0564fdf9e899852c4db249384f154598db79,20260916,0.10.0,141,supply,demands,False,6,6,D4,10,BASE,POWER,60.7,J000011,1,1,60.7
m3-periodic,ee0bec387c023d5d0ab8464c286e0564fdf9e899852c4db249384f154598db79,20260916,0.10.0,141,supply,demands,False,6,6,D5,11,BASE,POWER,60.800000000000004,J000010,1,1,60.800000000000004
m3-periodic,ee0bec387c023d5d0ab8464c286e0564fdf9e899852c4db249384f154598db79,20260916,0.10.0,141,supply,demands,False,6,6,D6,14,BASE,POWER,64.69999999999999,J000015,1,1,64.69999999999999
m3-periodic,ee0bec387c023d5d0ab8464c286e0564fdf9e899852c4db249384f154598db79,20260916,0.10.0,142,supply,demands,False,5,5,D1,3,BASE,POWER,32.800000000000004,J000003,1,1,32.800000000000004
m3-periodic,ee0bec387c023d5d0ab8464c286e0564fdf9e899852c4db249384f154598db79,20260916,0.10.0,142,supply,demands,False,5,5,D2,6,BASE,POWER,56.7,J000006,1,1,56.7
m3-periodic,ee0bec387c023d5d0ab8464c286e0564fdf9e899852c4db249384f154598db79,20260916,0.10.0,142,supply,demands,False,5,5,D3,7,BASE,POWER,56.800000000000004,J000008,1,1,56.800000000000004
m3-periodic,ee0bec387c023d5d0ab8464c286e0564fdf9e899852c4db249384f154598db79,20260916,0.10.0,142,supply,demands,False,5,5,D4,8,BASE,POWER,60.7,J000012,1,1,64.5
m3-periodic,ee0bec387c023d5d0ab8464c286e0564fdf9e899852c4db249384f154598db79,20260916,0.10.0,142,supply,demands,False,5,5,D5,9,BASE,POWER,60.800000000000004,J000011,1,1,64.5
m3-periodic,ee0bec387c023d5d0ab8464c286e0564fdf9e899852c4db249384f154598db79,20260916,0.10.0,143,supply,demands,False,4,4,D1,3,BASE,POWER,31.980260118760363,J000005,1,1,31.980260118760363
m3-periodic,ee0bec387c023d5d0ab8464c286e0564fdf9e899852c4db249384f154598db79,20260916,0.10.0,143,supply,demands,False,4,4,D2,6,BASE,POWER,36.7,J000007,1,1,36.7
m3-periodic,ee0bec387c023d5d0ab8464c286e0564fdf9e899852c4db249384f154598db79,20260916,0.10.0,143,supply,demands,False,4,4,D3,9,BASE,POWER,55.12238755892224,J000009,1,1,55.12238755892224
m3-periodic,ee0bec387c023d5d0ab8464c286e0564fdf9e899852c4db249384f154598db79,20260916,0.10.0,143,supply,demands,False,4,4,D4,12,BASE,POWER,64.69999999999999,J000013,1,1,64.69999999999999
m3-periodic,ee0bec387c023d5d0ab8464c286e0564fdf9e899852c4db249384f154598db79,20260916,0.10.0,144,supply,demands,False,4,4,D1,3,BASE,POWER,32.7,J000004,1,1,32.7
m3-periodic,ee0bec387c023d5d0ab8464c286e0564fdf9e899852c4db249384f154598db79,20260916,0.10.0,144,supply,demands,False,4,4,D2,4,BASE,POWER,32.800000000000004,J000003,1,1,32.800000000000004
m3-periodic,ee0bec387c023d5d0ab8464c286e0564fdf9e899852c4db249384f154598db79,20260916,0.10.0,144,supply,demands,False,4,4,D3,7,BASE,POWER,56.7,J000008,1,1,56.7
m3-periodic,ee0bec387c023d5d0ab8464c286e0564fdf9e899852c4db249384f154598db79,20260916,0.10.0,144,supply,demands,False,4,4,D4,8,BASE,POWER,56.800000000000004,J000007,1,1,56.800000000000004
m3-periodic,ee0bec387c023d5d0ab8464c286e0564fdf9e899852c4db249384f154598db79,20260916,0.10.0,145,supply,demands,False,6,6,D1,3,BASE,POWER,16.700000000000003,J000002,1,1,16.700000000000003
m3-periodic,ee0bec387c023d5d0ab8464c286e0564fdf9e899852c4db249384f154598db79,20260916,0.10.0,145,supply,demands,False,6,6,D2,4,BASE,POWER,16.800000000000004,J000001,1,1,16.800000000000004
m3-periodic,ee0bec387c023d5d0ab8464c286e0564fdf9e899852c4db249384f154598db79,20260916,0.10.0,145,supply,demands,False,6,6,D3,7,BASE,POWER,36.606287949335915,J000007,1,1,36.606287949335915
m3-periodic,ee0bec387c023d5d0ab8464c286e0564fdf9e899852c4db249384f154598db79,20260916,0.10.0,145,supply,demands,False,6,6,D4,10,BASE,POWER,56.7,J000009,1,1,56.7
m3-periodic,ee0bec387c023d5d0ab8464c286e0564fdf9e899852c4db249384f154598db79,20260916,0.10.0,145,supply,demands,False,6,6,D5,11,BASE,POWER,60.7,J000012,1,1,60.7
m3-periodic,ee0bec387c023d5d0ab8464c286e0564fdf9e899852c4db249384f154598db79,20260916,0.10.0,145,supply,demands,False,6,6,D6,14,BASE,POWER,64.69999999999999,J000014,1,1,64.69999999999999
m3-periodic,ee0bec387c023d5d0ab8464c286e0564fdf9e899852c4db249384f154598db79,20260916,0.10.0,146,supply,demands,False,4,4,D1,3,BASE,POWER,16.700000000000003,J000002,1,1,16.700000000000003
m3-periodic,ee0bec387c023d5d0ab8464c286e0564fdf9e899852c4db249384f154598db79,20260916,0.10.0,146,supply,demands,False,4,4,D2,4,BASE,POWER,16.800000000000004,J000001,1,1,16.800000000000004
m3-periodic,ee0bec387c023d5d0ab8464c286e0564fdf9e899852c4db249384f154598db79,20260916,0.10.0,146,supply,demands,False,4,4,D3,7,BASE,POWER,32.7,J000006,1,1,32.7
m3-periodic,ee0bec387c023d5d0ab8464c286e0564fdf9e899852c4db249384f154598db79,20260916,0.10.0,146,supply,demands,False,4,4,D4,10,BASE,POWER,60.800000000000004,J000010,1,1,60.800000000000004
m3-periodic,ee0bec387c023d5d0ab8464c286e0564fdf9e899852c4db249384f154598db79,20260916,0.10.0,147,supply,demands,False,5,5,D1,3,BASE,POWER,16.800000000000004,J000001,1,1,16.800000000000004
m3-periodic,ee0bec387c023d5d0ab8464c286e0564fdf9e899852c4db249384f154598db79,20260916,0.10.0,147,supply,demands,False,5,5,D2,6,BASE,POWER,32.800000000000004,J000004,1,1,32.800000000000004
m3-periodic,ee0bec387c023d5d0ab8464c286e0564fdf9e899852c4db249384f154598db79,20260916,0.10.0,147,supply,demands,False,5,5,D3,9,BASE,POWER,60.7,J000010,1,1,60.7
m3-periodic,ee0bec387c023d5d0ab8464c286e0564fdf9e899852c4db249384f154598db79,20260916,0.10.0,147,supply,demands,False,5,5,D4,10,BASE,POWER,60.800000000000004,J000009,1,1,60.800000000000004
m3-periodic,ee0bec387c023d5d0ab8464c286e0564fdf9e899852c4db249384f154598db79,20260916,0.10.0,147,supply,demands,False,5,5,D5,13,BASE,POWER,64.69999999999999,J000013,1,1,64.69999999999999
m3-periodic,ee0bec387c023d5d0ab8464c286e0564fdf9e899852c4db249384f154598db79,20260916,0.10.0,148,supply,demands,False,6,6,D1,3,BASE,POWER,16.700000000000003,J000002,1,1,16.700000000000003
m3-periodic,ee0bec387c023d5d0ab8464c286e0564fdf9e899852c4db249384f154598db79,20260916,0.10.0,148,supply,demands,False,6,6,D2,4,BASE,POWER,16.800000000000004,J000001,1,1,16.800000000000004
m3-periodic,ee0bec387c023d5d0ab8464c286e0564fdf9e899852c4db249384f154598db79,20260916,0.10.0,148,supply,demands,False,6,6,D3,7,BASE,POWER,32.7,J000006,1,1,32.7
m3-periodic,ee0bec387c023d5d0ab8464c286e0564fdf9e899852c4db249384f154598db79,20260916,0.10.0,148,supply,demands,False,6,6,D4,10,BASE,POWER,56.800000000000004,J000008,1,1,56.800000000000004
m3-periodic,ee0bec387c023d5d0ab8464c286e0564fdf9e899852c4db249384f154598db79,20260916,0.10.0,148,supply,demands,False,6,6,D5,11,BASE,POWER,60.7,J000012,1,1,60.7
m3-periodic,ee0bec387c023d5d0ab8464c286e0564fdf9e899852c4db249384f154598db79,20260916,0.10.0,148,supply,demands,False,6,6,D6,12,BASE,POWER,60.800000000000004,J000011,1,1,64.5
m3-periodic,ee0bec387c023d5d0ab8464c286e0564fdf9e899852c4db249384f154598db79,20260916,0.10.0,149,supply,demands,False,5,5,D1,3,BASE,POWER,16.800000000000004,J000001,1,1,16.800000000000004
m3-periodic,ee0bec387c023d5d0ab8464c286e0564fdf9e899852c4db249384f154598db79,20260916,0.10.0,149,supply,demands,False,5,5,D2,6,BASE,POWER,32.7,J000005,1,1,32.7
m3-periodic,ee0bec387c023d5d0ab8464c286e0564fdf9e899852c4db249384f154598db79,20260916,0.10.0,149,supply,demands,False,5,5,D3,9,BASE,POWER,56.7,J000008,1,1,56.7
m3-periodic,ee0bec387c023d5d0ab8464c286e0564fdf9e899852c4db249384f154598db79,20260916,0.10.0,149,supply,demands,False,5,5,D4,10,BASE,POWER,60.7,J000011,1,1,60.7
m3-periodic,ee0bec387c023d5d0ab8464c286e0564fdf9e899852c4db249384f154598db79,20260916,0.10.0,149,supply,demands,False,5,5,D5,11,BASE,POWER,60.800000000000004,J000010,1,1,64.5
m3-periodic,ee0bec387c023d5d0ab8464c286e0564fdf9e899852c4db249384f154598db79,20260916,0.10.0,150,supply,demands,False,3,3,D1,3,BASE,POWER,16.800000000000004,J000001,1,1,16.800000000000004
m3-periodic,ee0bec387c023d5d0ab8464c286e0564fdf9e899852c4db249384f154598db79,20260916,0.10.0,150,supply,demands,False,3,3,D2,6,BASE,POWER,32.800000000000004,J000004,1,1,32.800000000000004
m3-periodic,ee0bec387c023d5d0ab8464c286e0564fdf9e899852c4db249384f154598db79,20260916,0.10.0,150,supply,demands,False,3,3,D3,9,BASE,POWER,56.7,J000007,1,1,56.7
m3-periodic,ee0bec387c023d5d0ab8464c286e0564fdf9e899852c4db249384f154598db79,20260916,0.10.0,151,supply,demands,False,7,7,D1,3,BASE,POWER,16.700000000000003,J000002,1,1,16.700000000000003
m3-periodic,ee0bec387c023d5d0ab8464c286e0564fdf9e899852c4db249384f154598db79,20260916,0.10.0,151,supply,demands,False,7,7,D2,4,BASE,POWER,16.800000000000004,J000001,1,1,16.800000000000004
m3-periodic,ee0bec387c023d5d0ab8464c286e0564fdf9e899852c4db249384f154598db79,20260916,0.10.0,151,supply,demands,False,7,7,D3,7,BASE,POWER,32.7,J000006,1,1,32.7
m3-periodic,ee0bec387c023d5d0ab8464c286e0564fdf9e899852c4db249384f154598db79,20260916,0.10.0,151,supply,demands,False,7,7,D4,8,BASE,POWER,32.800000000000004,J000005,1,1,32.800000000000004
m3-periodic,ee0bec387c023d5d0ab8464c286e0564fdf9e899852c4db249384f154598db79,20260916,0.10.0,151,supply,demands,False,7,7,D5,11,BASE,POWER,56.7,J000010,1,1,56.7
m3-periodic,ee0bec387c023d5d0ab8464c286e0564fdf9e899852c4db249384f154598db79,20260916,0.10.0,151,supply,demands,False,7,7,D6,12,BASE,POWER,60.800000000000004,J000012,1,1,60.800000000000004
m3-periodic,ee0bec387c023d5d0ab8464c286e0564fdf9e899852c4db249384f154598db79,20260916,0.10.0,151,supply,demands,False,7,7,D7,15,BASE,POWER,64.69999999999999,J000015,1,1,64.69999999999999
m3-periodic,ee0bec387c023d5d0ab8464c286e0564fdf9e899852c4db249384f154598db79,20260916,0.10.0,152,supply,demands,False,5,5,D1,3,BASE,POWER,16.700000000000003,J000002,1,1,16.700000000000003
m3-periodic,ee0bec387c023d5d0ab8464c286e0564fdf9e899852c4db249384f154598db79,20260916,0.10.0,152,supply,demands,False,5,5,D2,4,BASE,POWER,16.800000000000004,J000001,1,1,16.800000000000004
m3-periodic,ee0bec387c023d5d0ab8464c286e0564fdf9e899852c4db249384f154598db79,20260916,0.10.0,152,supply,demands,False,5,5,D3,7,BASE,POWER,32.7,J000006,1,1,32.7
m3-periodic,ee0bec387c023d5d0ab8464c286e0564fdf9e899852c4db249384f154598db79,20260916,0.10.0,152,supply,demands,False,5,5,D4,8,BASE,POWER,32.800000000000004,J000005,1,1,32.800000000000004
m3-periodic,ee0bec387c023d5d0ab8464c286e0564fdf9e899852c4db249384f154598db79,20260916,0.10.0,152,supply,demands,False,5,5,D5,11,BASE,POWER,56.7,J000010,1,1,56.7
m3-periodic,ee0bec387c023d5d0ab8464c286e0564fdf9e899852c4db249384f154598db79,20260916,0.10.0,153,supply,demands,False,3,3,D1,3,BASE,POWER,16.700000000000003,J000002,1,1,16.700000000000003
m3-periodic,ee0bec387c023d5d0ab8464c286e0564fdf9e899852c4db249384f154598db79,20260916,0.10.0,153,supply,demands,False,3,3,D2,4,BASE,POWER,16.800000000000004,J000001,1,1,16.800000000000004
m3-periodic,ee0bec387c023d5d0ab8464c286e0564fdf9e899852c4db249384f154598db79,20260916,0.10.0,153,supply,demands,False,3,3,D3,7,BASE,POWER,60.800000000000004,J000009,1,1,60.800000000000004
m3-periodic,ee0bec387c023d5d0ab8464c286e0564fdf9e899852c4db249384f154598db79,20260916,0.10.0,154,supply,demands,False,3,3,D1,3,BASE,POWER,32.7,J000005,1,1,32.7
m3-periodic,ee0bec387c023d5d0ab8464c286e0564fdf9e899852c4db249384f154598db79,20260916,0.10.0,154,supply,demands,False,3,3,D2,6,BASE,POWER,60.800000000000004,J000008,1,1,60.800000000000004
m3-periodic,ee0bec387c023d5d0ab8464c286e0564fdf9e899852c4db249384f154598db79,20260916,0.10.0,154,supply,demands,False,3,3,D3,9,BASE,POWER,64.69999999999999,J000011,1,1,64.69999999999999
m3-periodic,ee0bec387c023d5d0ab8464c286e0564fdf9e899852c4db249384f154598db79,20260916,0.10.0,155,supply,demands,False,2,2,D1,3,BASE,POWER,16.700000000000003,J000002,1,1,16.700000000000003
m3-periodic,ee0bec387c023d5d0ab8464c286e0564fdf9e899852c4db249384f154598db79,20260916,0.10.0,155,supply,demands,False,2,2,D2,6,BASE,POWER,56.7,J000007,1,1,56.7
m3-periodic,ee0bec387c023d5d0ab8464c286e0564fdf9e899852c4db249384f154598db79,20260916,0.10.0,156,supply,demands,False,7,7,D1,3,BASE,POWER,16.700000000000003,J000002,1,1,16.700000000000003
m3-periodic,ee0bec387c023d5d0ab8464c286e0564fdf9e899852c4db249384f154598db79,20260916,0.10.0,156,supply,demands,False,7,7,D2,6,BASE,POWER,31.78713834832849,J000004,1,1,31.78713834832849
m3-periodic,ee0bec387c023d5d0ab8464c286e0564fdf9e899852c4db249384f154598db79,20260916,0.10.0,156,supply,demands,False,7,7,D3,7,BASE,POWER,31.88713834832849,J000006,1,1,31.88713834832849
m3-periodic,ee0bec387c023d5d0ab8464c286e0564fdf9e899852c4db249384f154598db79,20260916,0.10.0,156,supply,demands,False,7,7,D4,10,BASE,POWER,56.7,J000010,1,1,56.7
m3-periodic,ee0bec387c023d5d0ab8464c286e0564fdf9e899852c4db249384f154598db79,20260916,0.10.0,156,supply,demands,False,7,7,D5,11,BASE,POWER,56.800000000000004,J000009,1,1,56.800000000000004
m3-periodic,ee0bec387c023d5d0ab8464c286e0564fdf9e899852c4db249384f154598db79,20260916,0.10.0,156,supply,demands,False,7,7,D6,12,BASE,POWER,60.7,J000014,1,1,64.5
m3-periodic,ee0bec387c023d5d0ab8464c286e0564fdf9e899852c4db249384f154598db79,20260916,0.10.0,156,supply,demands,False,7,7,D7,13,BASE,POWER,60.800000000000004,J000013,1,1,64.5
m3-periodic,ee0bec387c023d5d0ab8464c286e0564fdf9e899852c4db249384f154598db79,20260916,0.10.0,157,supply,demands,False,6,6,D1,3,BASE,POWER,16.700000000000003,J000002,1,1,16.700000000000003
m3-periodic,ee0bec387c023d5d0ab8464c286e0564fdf9e899852c4db249384f154598db79,20260916,0.10.0,157,supply,demands,False,6,6,D2,4,BASE,POWER,16.800000000000004,J000001,1,1,16.800000000000004
m3-periodic,ee0bec387c023d5d0ab8464c286e0564fdf9e899852c4db249384f154598db79,20260916,0.10.0,157,supply,demands,False,6,6,D3,7,BASE,POWER,32.800000000000004,J000005,1,1,32.800000000000004
m3-periodic,ee0bec387c023d5d0ab8464c286e0564fdf9e899852c4db249384f154598db79,20260916,0.10.0,157,supply,demands,False,6,6,D4,10,BASE,POWER,56.7,J000009,1,1,56.7
m3-periodic,ee0bec387c023d5d0ab8464c286e0564fdf9e899852c4db249384f154598db79,20260916,0.10.0,157,supply,demands,False,6,6,D5,11,BASE,POWER,56.800000000000004,J000008,1,1,56.800000000000004
m3-periodic,ee0bec387c023d5d0ab8464c286e0564fdf9e899852c4db249384f154598db79,20260916,0.10.0,157,supply,demands,False,6,6,D6,12,BASE,POWER,59.25202408782007,J000012,1,1,64.5
m3-periodic,ee0bec387c023d5d0ab8464c286e0564fdf9e899852c4db249384f154598db79,20260916,0.10.0,158,supply,demands,False,5,5,D1,3,BASE,POWER,16.800000000000004,J000001,1,1,16.800000000000004
m3-periodic,ee0bec387c023d5d0ab8464c286e0564fdf9e899852c4db249384f154598db79,20260916,0.10.0,158,supply,demands,False,5,5,D2,6,BASE,POWER,32.7,J000005,1,1,32.7
m3-periodic,ee0bec387c023d5d0ab8464c286e0564fdf9e899852c4db249384f154598db79,20260916,0.10.0,158,supply,demands,False,5,5,D3,7,BASE,POWER,32.800000000000004,J000004,1,1,32.800000000000004
m3-periodic,ee0bec387c023d5d0ab8464c286e0564fdf9e899852c4db249384f154598db79,20260916,0.10.0,158,supply,demands,False,5,5,D4,10,BASE,POWER,59.610084526543126,J000012,1,1,59.610084526543126
m3-periodic,ee0bec387c023d5d0ab8464c286e0564fdf9e899852c4db249384f154598db79,20260916,0.10.0,158,supply,demands,False,5,5,D5,13,BASE,POWER,64.21783942791893,J000014,1,1,64.21783942791893
m3-periodic,ee0bec387c023d5d0ab8464c286e0564fdf9e899852c4db249384f154598db79,20260916,0.10.0,159,supply,demands,False,5,5,D1,3,BASE,POWER,16.800000000000004,J000003,1,1,16.800000000000004
m3-periodic,ee0bec387c023d5d0ab8464c286e0564fdf9e899852c4db249384f154598db79,20260916,0.10.0,159,supply,demands,False,5,5,D2,6,BASE,POWER,54.83627874249731,J000008,1,1,54.83627874249731
m3-periodic,ee0bec387c023d5d0ab8464c286e0564fdf9e899852c4db249384f154598db79,20260916,0.10.0,159,supply,demands,False,5,5,D3,7,BASE,POWER,54.936278742497315,J000007,1,1,54.936278742497315
m3-periodic,ee0bec387c023d5d0ab8464c286e0564fdf9e899852c4db249384f154598db79,20260916,0.10.0,159,supply,demands,False,5,5,D4,10,BASE,POWER,60.7,J000012,1,1,60.7
m3-periodic,ee0bec387c023d5d0ab8464c286e0564fdf9e899852c4db249384f154598db79,20260916,0.10.0,159,supply,demands,False,5,5,D5,11,BASE,POWER,60.800000000000004,J000011,1,1,60.800000000000004
m3-periodic,ee0bec387c023d5d0ab8464c286e0564fdf9e899852c4db249384f154598db79,20260916,0.10.0,160,supply,demands,False,3,3,D1,3,BASE,POWER,56.7,J000006,1,1,56.7
m3-periodic,ee0bec387c023d5d0ab8464c286e0564fdf9e899852c4db249384f154598db79,20260916,0.10.0,160,supply,demands,False,3,3,D2,4,BASE,POWER,60.7,J000009,1,1,60.7
m3-periodic,ee0bec387c023d5d0ab8464c286e0564fdf9e899852c4db249384f154598db79,20260916,0.10.0,160,supply,demands,False,3,3,D3,5,BASE,POWER,60.800000000000004,J000008,1,1,64.5
m3-periodic,ee0bec387c023d5d0ab8464c286e0564fdf9e899852c4db249384f154598db79,20260916,0.10.0,161,supply,demands,False,4,4,D1,3,BASE,POWER,16.700000000000003,J000002,1,1,16.700000000000003
m3-periodic,ee0bec387c023d5d0ab8464c286e0564fdf9e899852c4db249384f154598db79,20260916,0.10.0,161,supply,demands,False,4,4,D2,4,BASE,POWER,16.800000000000004,J000001,1,1,16.800000000000004
m3-periodic,ee0bec387c023d5d0ab8464c286e0564fdf9e899852c4db249384f154598db79,20260916,0.10.0,161,supply,demands,False,4,4,D3,7,BASE,POWER,39.82748913562585,J000007,1,1,39.82748913562585
m3-periodic,ee0bec387c023d5d0ab8464c286e0564fdf9e899852c4db249384f154598db79,20260916,0.10.0,161,supply,demands,False,4,4,D4,10,BASE,POWER,56.7,J000010,1,1,56.7
m3-periodic,ee0bec387c023d5d0ab8464c286e0564fdf9e899852c4db249384f154598db79,20260916,0.10.0,162,supply,demands,False,5,5,D1,3,BASE,POWER,16.700000000000003,J000002,1,1,16.700000000000003
m3-periodic,ee0bec387c023d5d0ab8464c286e0564fdf9e899852c4db249384f154598db79,20260916,0.10.0,162,supply,demands,False,5,5,D2,6,BASE,POWER,32.800000000000004,J000004,1,1,32.800000000000004
m3-periodic,ee0bec387c023d5d0ab8464c286e0564fdf9e899852c4db249384f154598db79,20260916,0.10.0,162,supply,demands,False,5,5,D3,9,BASE,POWER,56.38966045726298,J000008,1,1,56.38966045726298
m3-periodic,ee0bec387c023d5d0ab8464c286e0564fdf9e899852c4db249384f154598db79,20260916,0.10.0,162,supply,demands,False,5,5,D4,10,BASE,POWER,56.48966045726298,J000009,1,1,56.48966045726298
m3-periodic,ee0bec387c023d5d0ab8464c286e0564fdf9e899852c4db249384f154598db79,20260916,0.10.0,162,supply,demands,False,5,5,D5,11,BASE,POWER,60.800000000000004,J000012,1,1,64.5
m3-periodic,ee0bec387c023d5d0ab8464c286e0564fdf9e899852c4db249384f154598db79,20260916,0.10.0,163,supply,demands,False,6,6,D1,3,BASE,POWER,16.700000000000003,J000002,1,1,16.700000000000003
m3-periodic,ee0bec387c023d5d0ab8464c286e0564fdf9e899852c4db249384f154598db79,20260916,0.10.0,163,supply,demands,False,6,6,D2,4,BASE,POWER,16.800000000000004,J000001,1,1,16.800000000000004
m3-periodic,ee0bec387c023d5d0ab8464c286e0564fdf9e899852c4db249384f154598db79,20260916,0.10.0,163,supply,demands,False,6,6,D3,7,BASE,POWER,32.800000000000004,J000005,1,1,32.800000000000004
m3-periodic,ee0bec387c023d5d0ab8464c286e0564fdf9e899852c4db249384f154598db79,20260916,0.10.0,163,supply,demands,False,6,6,D4,10,BASE,POWER,40.7,J000008,1,1,40.7
m3-periodic,ee0bec387c023d5d0ab8464c286e0564fdf9e899852c4db249384f154598db79,20260916,0.10.0,163,supply,demands,False,6,6,D5,13,BASE,POWER,56.800000000000004,J000010,1,1,56.800000000000004
m3-periodic,ee0bec387c023d5d0ab8464c286e0564fdf9e899852c4db249384f154598db79,20260916,0.10.0,163,supply,demands,False,6,6,D6,14,BASE,POWER,60.7,J000013,1,1,60.7
m3-periodic,ee0bec387c023d5d0ab8464c286e0564fdf9e899852c4db249384f154598db79,20260916,0.10.0,164,supply,demands,False,6,6,D1,3,BASE,POWER,16.700000000000003,J000002,1,1,16.700000000000003
m3-periodic,ee0bec387c023d5d0ab8464c286e0564fdf9e899852c4db249384f154598db79,20260916,0.10.0,164,supply,demands,False,6,6,D2,4,BASE,POWER,16.800000000000004,J000001,1,1,16.800000000000004
m3-periodic,ee0bec387c023d5d0ab8464c286e0564fdf9e899852c4db249384f154598db79,20260916,0.10.0,164,supply,demands,False,6,6,D3,7,BASE,POWER,32.7,J000006,1,1,32.7
m3-periodic,ee0bec387c023d5d0ab8464c286e0564fdf9e899852c4db249384f154598db79,20260916,0.10.0,164,supply,demands,False,6,6,D4,10,BASE,POWER,56.7,J000009,1,1,56.7
m3-periodic,ee0bec387c023d5d0ab8464c286e0564fdf9e899852c4db249384f154598db79,20260916,0.10.0,164,supply,demands,False,6,6,D5,11,BASE,POWER,60.7,J000012,1,1,60.7
m3-periodic,ee0bec387c023d5d0ab8464c286e0564fdf9e899852c4db249384f154598db79,20260916,0.10.0,164,supply,demands,False,6,6,D6,12,BASE,POWER,60.800000000000004,J000011,1,1,64.5
m3-periodic,ee0bec387c023d5d0ab8464c286e0564fdf9e899852c4db249384f154598db79,20260916,0.10.0,165,supply,demands,False,5,5,D1,3,BASE,POWER,16.800000000000004,J000001,1,1,16.800000000000004
m3-periodic,ee0bec387c023d5d0ab8464c286e0564fdf9e899852c4db249384f154598db79,20260916,0.10.0,165,supply,demands,False,5,5,D2,6,BASE,POWER,32.800000000000004,J000004,1,1,32.800000000000004
m3-periodic,ee0bec387c023d5d0ab8464c286e0564fdf9e899852c4db249384f154598db79,20260916,0.10.0,165,supply,demands,False,5,5,D3,9,BASE,POWER,56.800000000000004,J000007,1,1,56.800000000000004
m3-periodic,ee0bec387c023d5d0ab8464c286e0564fdf9e899852c4db249384f154598db79,20260916,0.10.0,165,supply,demands,False,5,5,D4,10,BASE,POWER,60.7,J000011,1,1,60.7
m3-periodic,ee0bec387c023d5d0ab8464c286e0564fdf9e899852c4db249384f154598db79,20260916,0.10.0,165,supply,demands,False,5,5,D5,11,BASE,POWER,60.800000000000004,J000010,1,1,64.5
m3-periodic,ee0bec387c023d5d0ab8464c286e0564fdf9e899852c4db249384f154598db79,20260916,0.10.0,166,supply,demands,False,5,5,D1,3,BASE,POWER,16.700000000000003,J000002,1,1,16.700000000000003
m3-periodic,ee0bec387c023d5d0ab8464c286e0564fdf9e899852c4db249384f154598db79,20260916,0.10.0,166,supply,demands,False,5,5,D2,6,BASE,POWER,30.557589805680905,J000004,1,1,30.557589805680905
m3-periodic,ee0bec387c023d5d0ab8464c286e0564fdf9e899852c4db249384f154598db79,20260916,0.10.0,166,supply,demands,False,5,5,D3,9,BASE,POWER,40.7,J000007,1,1,40.7
m3-periodic,ee0bec387c023d5d0ab8464c286e0564fdf9e899852c4db249384f154598db79,20260916,0.10.0,166,supply,demands,False,5,5,D4,12,BASE,POWER,56.7,J000010,1,1,56.7
m3-periodic,ee0bec387c023d5d0ab8464c286e0564fdf9e899852c4db249384f154598db79,20260916,0.10.0,166,supply,demands,False,5,5,D5,15,BASE,POWER,64.69999999999999,J000012,1,1,64.69999999999999
m3-periodic,ee0bec387c023d5d0ab8464c286e0564fdf9e899852c4db249384f154598db79,20260916,0.10.0,167,supply,demands,False,2,2,D1,3,BASE,POWER,16.700000000000003,J000002,1,1,16.700000000000003
m3-periodic,ee0bec387c023d5d0ab8464c286e0564fdf9e899852c4db249384f154598db79,20260916,0.10.0,167,supply,demands,False,2,2,D2,6,BASE,POWER,32.800000000000004,J000004,1,1,32.800000000000004
m3-periodic,ee0bec387c023d5d0ab8464c286e0564fdf9e899852c4db249384f154598db79,20260916,0.10.0,168,supply,demands,False,6,6,D1,3,BASE,POWER,16.800000000000004,J000001,1,1,16.800000000000004
m3-periodic,ee0bec387c023d5d0ab8464c286e0564fdf9e899852c4db249384f154598db79,20260916,0.10.0,168,supply,demands,False,6,6,D2,6,BASE,POWER,32.7,J000005,1,1,32.7
m3-periodic,ee0bec387c023d5d0ab8464c286e0564fdf9e899852c4db249384f154598db79,20260916,0.10.0,168,supply,demands,False,6,6,D3,9,BASE,POWER,56.7,J000008,1,1,56.7
m3-periodic,ee0bec387c023d5d0ab8464c286e0564fdf9e899852c4db249384f154598db79,20260916,0.10.0,168,supply,demands,False,6,6,D4,10,BASE,POWER,56.800000000000004,J000007,1,1,56.800000000000004
m3-periodic,ee0bec387c023d5d0ab8464c286e0564fdf9e899852c4db249384f154598db79,20260916,0.10.0,168,supply,demands,False,6,6,D5,11,BASE,POWER,60.7,J000012,1,1,64.5
m3-periodic,ee0bec387c023d5d0ab8464c286e0564fdf9e899852c4db249384f154598db79,20260916,0.10.0,168,supply,demands,False,6,6,D6,12,BASE,POWER,60.800000000000004,J000011,1,1,64.5
m3-periodic,ee0bec387c023d5d0ab8464c286e0564fdf9e899852c4db249384f154598db79,20260916,0.10.0,169,supply,demands,False,4,4,D1,3,BASE,POWER,16.700000000000003,J000002,1,1,16.700000000000003
m3-periodic,ee0bec387c023d5d0ab8464c286e0564fdf9e899852c4db249384f154598db79,20260916,0.10.0,169,supply,demands,False,4,4,D2,4,BASE,POWER,16.800000000000004,J000001,1,1,16.800000000000004
m3-periodic,ee0bec387c023d5d0ab8464c286e0564fdf9e899852c4db249384f154598db79,20260916,0.10.0,169,supply,demands,False,4,4,D3,7,BASE,POWER,32.800000000000004,J000005,1,1,32.800000000000004
m3-periodic,ee0bec387c023d5d0ab8464c286e0564fdf9e899852c4db249384f154598db79,20260916,0.10.0,169,supply,demands,False,4,4,D4,10,BASE,POWER,56.800000000000004,J000009,1,1,56.800000000000004
m3-periodic,ee0bec387c023d5d0ab8464c286e0564fdf9e899852c4db249384f154598db79,20260916,0.10.0,170,supply,demands,False,4,4,D1,3,BASE,POWER,16.700000000000003,J000002,1,1,16.700000000000003
m3-periodic,ee0bec387c023d5d0ab8464c286e0564fdf9e899852c4db249384f154598db79,20260916,0.10.0,170,supply,demands,False,4,4,D2,6,BASE,POWER,55.89363459478245,J000007,1,1,55.89363459478245
m3-periodic,ee0bec387c023d5d0ab8464c286e0564fdf9e899852c4db249384f154598db79,20260916,0.10.0,170,supply,demands,False,4,4,D3,9,BASE,POWER,60.7,J000011,1,1,60.7
m3-periodic,ee0bec387c023d5d0ab8464c286e0564fdf9e899852c4db249384f154598db79,20260916,0.10.0,170,supply,demands,False,4,4,D4,10,BASE,POWER,60.800000000000004,J000010,1,1,60.800000000000004
m3-periodic,ee0bec387c023d5d0ab8464c286e0564fdf9e899852c4db249384f154598db79,20260916,0.10.0,171,supply,demands,False,7,7,D1,3,BASE,POWER,16.700000000000003,J000002,1,1,16.700000000000003
m3-periodic,ee0bec387c023d5d0ab8464c286e0564fdf9e899852c4db249384f154598db79,20260916,0.10.0,171,supply,demands,False,7,7,D2,4,BASE,POWER,16.800000000000004,J000001,1,1,16.800000000000004
m3-periodic,ee0bec387c023d5d0ab8464c286e0564fdf9e899852c4db249384f154598db79,20260916,0.10.0,171,supply,demands,False,7,7,D3,7,BASE,POWER,32.800000000000004,J000005,1,1,32.800000000000004
m3-periodic,ee0bec387c023d5d0ab8464c286e0564fdf9e899852c4db249384f154598db79,20260916,0.10.0,171,supply,demands,False,7,7,D4,8,BASE,POWER,39.53512289015549,J000008,1,1,39.53512289015549
m3-periodic,ee0bec387c023d5d0ab8464c286e0564fdf9e899852c4db249384f154598db79,20260916,0.10.0,171,supply,demands,False,7,7,D5,11,BASE,POWER,56.7,J000011,1,1,56.7
m3-periodic,ee0bec387c023d5d0ab8464c286e0564fdf9e899852c4db249384f154598db79,20260916,0.10.0,171,supply,demands,False,7,7,D6,12,BASE,POWER,56.800000000000004,J000010,1,1,56.800000000000004
m3-periodic,ee0bec387c023d5d0ab8464c286e0564fdf9e899852c4db249384f154598db79,20260916,0.10.0,171,supply,demands,False,7,7,D7,13,BASE,POWER,60.7,J000014,1,1,64.5
m3-periodic,ee0bec387c023d5d0ab8464c286e0564fdf9e899852c4db249384f154598db79,20260916,0.10.0,172,supply,demands,False,5,5,D1,3,BASE,POWER,7.633402294671569,J000001,1,1,7.633402294671569
m3-periodic,ee0bec387c023d5d0ab8464c286e0564fdf9e899852c4db249384f154598db79,20260916,0.10.0,172,supply,demands,False,5,5,D2,6,BASE,POWER,32.800000000000004,J000004,1,1,32.800000000000004
m3-periodic,ee0bec387c023d5d0ab8464c286e0564fdf9e899852c4db249384f154598db79,20260916,0.10.0,172,supply,demands,False,5,5,D3,7,BASE,POWER,36.7,J000007,1,1,36.7
m3-periodic,ee0bec387c023d5d0ab8464c286e0564fdf9e899852c4db249384f154598db79,20260916,0.10.0,172,supply,demands,False,5,5,D4,10,BASE,POWER,60.7,J000012,1,1,60.7
m3-periodic,ee0bec387c023d5d0ab8464c286e0564fdf9e899852c4db249384f154598db79,20260916,0.10.0,172,supply,demands,False,5,5,D5,13,BASE,POWER,64.69999999999999,J000014,1,1,64.69999999999999
m3-periodic,ee0bec387c023d5d0ab8464c286e0564fdf9e899852c4db249384f154598db79,20260916,0.10.0,173,supply,demands,False,4,4,D1,3,BASE,POWER,16.700000000000003,J000002,1,1,16.700000000000003
m3-periodic,ee0bec387c023d5d0ab8464c286e0564fdf9e899852c4db249384f154598db79,20260916,0.10.0,173,supply,demands,False,4,4,D2,4,BASE,POWER,16.800000000000004,J000001,1,1,16.800000000000004
m3-periodic,ee0bec387c023d5d0ab8464c286e0564fdf9e899852c4db249384f154598db79,20260916,0.10.0,173,supply,demands,False,4,4,D3,7,BASE,POWER,32.800000000000004,J000005,1,1,32.800000000000004
m3-periodic,ee0bec387c023d5d0ab8464c286e0564fdf9e899852c4db249384f154598db79,20260916,0.10.0,173,supply,demands,False,4,4,D4,10,BASE,POWER,56.7,J000009,1,1,56.7
m3-periodic,ee0bec387c023d5d0ab8464c286e0564fdf9e899852c4db249384f154598db79,20260916,0.10.0,174,supply,demands,False,5,5,D1,3,BASE,POWER,32.7,J000003,1,1,32.7
m3-periodic,ee0bec387c023d5d0ab8464c286e0564fdf9e899852c4db249384f154598db79,20260916,0.10.0,174,supply,demands,False,5,5,D2,4,BASE,POWER,32.800000000000004,J000002,1,1,32.800000000000004
m3-periodic,ee0bec387c023d5d0ab8464c286e0564fdf9e899852c4db249384f154598db79,20260916,0.10.0,174,supply,demands,False,5,5,D3,5,BASE,POWER,36.7,J000007,1,1,40.5
m3-periodic,ee0bec387c023d5d0ab8464c286e0564fdf9e899852c4db249384f154598db79,20260916,0.10.0,174,supply,demands,False,5,5,D4,8,BASE,POWER,60.800000000000004,J000009,1,1,60.800000000000004
m3-periodic,ee0bec387c023d5d0ab8464c286e0564fdf9e899852c4db249384f154598db79,20260916,0.10.0,174,supply,demands,False,5,5,D5,11,BASE,POWER,64.79999999999998,J000012,1,1,64.79999999999998
m3-periodic,ee0bec387c023d5d0ab8464c286e0564fdf9e899852c4db249384f154598db79,20260916,0.10.0,175,supply,demands,False,8,8,D1,3,BASE,POWER,16.700000000000003,J000002,1,1,16.700000000000003
m3-periodic,ee0bec387c023d5d0ab8464c286e0564fdf9e899852c4db249384f154598db79,20260916,0.10.0,175,supply,demands,False,8,8,D2,4,BASE,POWER,16.800000000000004,J000001,1,1,16.800000000000004
m3-periodic,ee0bec387c023d5d0ab8464c286e0564fdf9e899852c4db249384f154598db79,20260916,0.10.0,175,supply,demands,False,8,8,D3,7,BASE,POWER,32.7,J000006,1,1,32.7
m3-periodic,ee0bec387c023d5d0ab8464c286e0564fdf9e899852c4db249384f154598db79,20260916,0.10.0,175,supply,demands,False,8,8,D4,8,BASE,POWER,32.800000000000004,J000005,1,1,32.800000000000004
m3-periodic,ee0bec387c023d5d0ab8464c286e0564fdf9e899852c4db249384f154598db79,20260916,0.10.0,175,supply,demands,False,8,8,D5,11,BASE,POWER,56.7,J000010,1,1,56.7
m3-periodic,ee0bec387c023d5d0ab8464c286e0564fdf9e899852c4db249384f154598db79,20260916,0.10.0,175,supply,demands,False,8,8,D6,12,BASE,POWER,56.800000000000004,J000009,1,1,56.800000000000004
m3-periodic,ee0bec387c023d5d0ab8464c286e0564fdf9e899852c4db249384f154598db79,20260916,0.10.0,175,supply,demands,False,8,8,D7,13,BASE,POWER,58.85049002816292,J000014,1,1,64.5
m3-periodic,ee0bec387c023d5d0ab8464c286e0564fdf9e899852c4db249384f154598db79,20260916,0.10.0,175,supply,demands,False,8,8,D8,14,BASE,POWER,58.950490028162925,J000013,1,1,64.5
m3-periodic,ee0bec387c023d5d0ab8464c286e0564fdf9e899852c4db249384f154598db79,20260916,0.10.0,176,supply,demands,False,4,4,D1,3,BASE,POWER,16.700000000000003,J000002,1,1,16.700000000000003
m3-periodic,ee0bec387c023d5d0ab8464c286e0564fdf9e899852c4db249384f154598db79,20260916,0.10.0,176,supply,demands,False,4,4,D2,4,BASE,POWER,16.800000000000004,J000001,1,1,16.800000000000004
m3-periodic,ee0bec387c023d5d0ab8464c286e0564fdf9e899852c4db249384f154598db79,20260916,0.10.0,176,supply,demands,False,4,4,D3,7,BASE,POWER,32.48372429382511,J000007,1,1,32.48372429382511
m3-periodic,ee0bec387c023d5d0ab8464c286e0564fdf9e899852c4db249384f154598db79,20260916,0.10.0,176,supply,demands,False,4,4,D4,10,BASE,POWER,60.208364665625616,J000013,1,1,60.208364665625616
m3-periodic,ee0bec387c023d5d0ab8464c286e0564fdf9e899852c4db249384f154598db79,20260916,0.10.0,177,supply,demands,False,7,7,D1,3,BASE,POWER,16.800000000000004,J000001,1,1,16.800000000000004
m3-periodic,ee0bec387c023d5d0ab8464c286e0564fdf9e899852c4db249384f154598db79,20260916,0.10.0,177,supply,demands,False,7,7,D2,6,BASE,POWER,32.7,J000005,1,1,32.7
m3-periodic,ee0bec387c023d5d0ab8464c286e0564fdf9e899852c4db249384f154598db79,20260916,0.10.0,177,supply,demands,False,7,7,D3,7,BASE,POWER,32.800000000000004,J000004,1,1,32.800000000000004
m3-periodic,ee0bec387c023d5d0ab8464c286e0564fdf9e899852c4db249384f154598db79,20260916,0.10.0,177,supply,demands,False,7,7,D4,10,BASE,POWER,56.7,J000009,1,1,56.7
m3-periodic,ee0bec387c023d5d0ab8464c286e0564fdf9e899852c4db249384f154598db79,20260916,0.10.0,177,supply,demands,False,7,7,D5,11,BASE,POWER,60.7,J000012,1,1,60.7
m3-periodic,ee0bec387c023d5d0ab8464c286e0564fdf9e899852c4db249384f154598db79,20260916,0.10.0,177,supply,demands,False,7,7,D6,12,BASE,POWER,60.800000000000004,J000011,1,1,64.5
m3-periodic,ee0bec387c023d5d0ab8464c286e0564fdf9e899852c4db249384f154598db79,20260916,0.10.0,177,supply,demands,False,7,7,D7,15,BASE,POWER,64.85,J000015,1,1,64.85
m3-periodic,ee0bec387c023d5d0ab8464c286e0564fdf9e899852c4db249384f154598db79,20260916,0.10.0,178,supply,demands,False,3,3,D1,3,BASE,POWER,16.700000000000003,J000002,1,1,16.700000000000003
m3-periodic,ee0bec387c023d5d0ab8464c286e0564fdf9e899852c4db249384f154598db79,20260916,0.10.0,178,supply,demands,False,3,3,D2,4,BASE,POWER,16.800000000000004,J000001,1,1,16.800000000000004
m3-periodic,ee0bec387c023d5d0ab8464c286e0564fdf9e899852c4db249384f154598db79,20260916,0.10.0,178,supply,demands,False,3,3,D3,7,BASE,POWER,60.7,J000010,1,1,60.7
m3-periodic,ee0bec387c023d5d0ab8464c286e0564fdf9e899852c4db249384f154598db79,20260916,0.10.0,179,supply,demands,False,4,4,D1,3,BASE,POWER,16.700000000000003,J000002,1,1,16.700000000000003
m3-periodic,ee0bec387c023d5d0ab8464c286e0564fdf9e899852c4db249384f154598db79,20260916,0.10.0,179,supply,demands,False,4,4,D2,4,BASE,POWER,16.800000000000004,J000001,1,1,16.800000000000004
m3-periodic,ee0bec387c023d5d0ab8464c286e0564fdf9e899852c4db249384f154598db79,20260916,0.10.0,179,supply,demands,False,4,4,D3,7,BASE,POWER,56.7,J000008,1,1,56.7
m3-periodic,ee0bec387c023d5d0ab8464c286e0564fdf9e899852c4db249384f154598db79,20260916,0.10.0,179,supply,demands,False,4,4,D4,8,BASE,POWER,60.800000000000004,J000010,1,1,60.800000000000004
m3-periodic,ee0bec387c023d5d0ab8464c286e0564fdf9e899852c4db249384f154598db79,20260916,0.10.0,180,supply,demands,False,7,7,D1,3,BASE,POWER,16.450821801689337,J000002,1,1,16.450821801689337
m3-periodic,ee0bec387c023d5d0ab8464c286e0564fdf9e899852c4db249384f154598db79,20260916,0.10.0,180,supply,demands,False,7,7,D2,4,BASE,POWER,16.550821801689338,J000003,1,1,16.550821801689338
m3-periodic,ee0bec387c023d5d0ab8464c286e0564fdf9e899852c4db249384f154598db79,20260916,0.10.0,180,supply,demands,False,7,7,D3,7,BASE,POWER,32.7,J000007,1,1,32.7
m3-periodic,ee0bec387c023d5d0ab8464c286e0564fdf9e899852c4db249384f154598db79,20260916,0.10.0,180,supply,demands,False,7,7,D4,8,BASE,POWER,32.800000000000004,J000006,1,1,32.800000000000004
m3-periodic,ee0bec387c023d5d0ab8464c286e0564fdf9e899852c4db249384f154598db79,20260916,0.10.0,180,supply,demands,False,7,7,D5,11,BASE,POWER,56.7,J000011,1,1,56.7
m3-periodic,ee0bec387c023d5d0ab8464c286e0564fdf9e899852c4db249384f154598db79,20260916,0.10.0,180,supply,demands,False,7,7,D6,12,BASE,POWER,60.7,J000014,1,1,60.7
m3-periodic,ee0bec387c023d5d0ab8464c286e0564fdf9e899852c4db249384f154598db79,20260916,0.10.0,180,supply,demands,False,7,7,D7,13,BASE,POWER,60.800000000000004,J000013,1,1,64.5
m3-periodic,ee0bec387c023d5d0ab8464c286e0564fdf9e899852c4db249384f154598db79,20260916,0.10.0,181,supply,demands,False,7,7,D1,3,BASE,POWER,16.800000000000004,J000001,1,1,16.800000000000004
m3-periodic,ee0bec387c023d5d0ab8464c286e0564fdf9e899852c4db249384f154598db79,20260916,0.10.0,181,supply,demands,False,7,7,D2,6,BASE,POWER,32.7,J000005,1,1,32.7
m3-periodic,ee0bec387c023d5d0ab8464c286e0564fdf9e899852c4db249384f154598db79,20260916,0.10.0,181,supply,demands,False,7,7,D3,7,BASE,POWER,32.800000000000004,J000004,1,1,32.800000000000004
m3-periodic,ee0bec387c023d5d0ab8464c286e0564fdf9e899852c4db249384f154598db79,20260916,0.10.0,181,supply,demands,False,7,7,D4,8,BASE,POWER,36.676942496477935,J000008,1,1,40.5
m3-periodic,ee0bec387c023d5d0ab8464c286e0564fdf9e899852c4db249384f154598db79,20260916,0.10.0,181,supply,demands,False,7,7,D5,11,BASE,POWER,55.695536516258485,J000010,1,1,55.695536516258485
m3-periodic,ee0bec387c023d5d0ab8464c286e0564fdf9e899852c4db249384f154598db79,20260916,0.10.0,181,supply,demands,False,7,7,D6,14,BASE,POWER,60.7,J000014,1,1,60.7
m3-periodic,ee0bec387c023d5d0ab8464c286e0564fdf9e899852c4db249384f154598db79,20260916,0.10.0,181,supply,demands,False,7,7,D7,15,BASE,POWER,60.800000000000004,J000013,1,1,60.800000000000004
m3-periodic,ee0bec387c023d5d0ab8464c286e0564fdf9e899852c4db249384f154598db79,20260916,0.10.0,182,supply,demands,False,4,4,D1,3,BASE,POWER,36.7,J000005,1,1,36.7
m3-periodic,ee0bec387c023d5d0ab8464c286e0564fdf9e899852c4db249384f154598db79,20260916,0.10.0,182,supply,demands,False,4,4,D2,6,BASE,POWER,60.7,J000009,1,1,60.7
m3-periodic,ee0bec387c023d5d0ab8464c286e0564fdf9e899852c4db249384f154598db79,20260916,0.10.0,182,supply,demands,False,4,4,D3,7,BASE,POWER,60.800000000000004,J000008,1,1,60.800000000000004
m3-periodic,ee0bec387c023d5d0ab8464c286e0564fdf9e899852c4db249384f154598db79,20260916,0.10.0,182,supply,demands,False,4,4,D4,10,BASE,POWER,64.69999999999999,J000012,1,1,64.69999999999999
m3-periodic,ee0bec387c023d5d0ab8464c286e0564fdf9e899852c4db249384f154598db79,20260916,0.10.0,183,supply,demands,False,4,4,D1,3,BASE,POWER,32.800000000000004,J000003,1,1,32.800000000000004
m3-periodic,ee0bec387c023d5d0ab8464c286e0564fdf9e899852c4db249384f154598db79,20260916,0.10.0,183,supply,demands,False,4,4,D2,6,BASE,POWER,54.60162920472678,J000006,1,1,54.60162920472678
m3-periodic,ee0bec387c023d5d0ab8464c286e0564fdf9e899852c4db249384f154598db79,20260916,0.10.0,183,supply,demands,False,4,4,D3,9,BASE,POWER,60.800000000000004,J000008,1,1,60.800000000000004
m3-periodic,ee0bec387c023d5d0ab8464c286e0564fdf9e899852c4db249384f154598db79,20260916,0.10.0,183,supply,demands,False,4,4,D4,12,BASE,POWER,64.69999999999999,J000011,1,1,64.69999999999999
m3-periodic,ee0bec387c023d5d0ab8464c286e0564fdf9e899852c4db249384f154598db79,20260916,0.10.0,184,supply,demands,False,5,5,D1,3,BASE,POWER,7.166612188839636,J000001,1,1,7.166612188839636
m3-periodic,ee0bec387c023d5d0ab8464c286e0564fdf9e899852c4db249384f154598db79,20260916,0.10.0,184,supply,demands,False,5,5,D2,6,BASE,POWER,32.800000000000004,J000004,1,1,32.800000000000004
m3-periodic,ee0bec387c023d5d0ab8464c286e0564fdf9e899852c4db249384f154598db79,20260916,0.10.0,184,supply,demands,False,5,5,D3,7,BASE,POWER,36.7,J000007,1,1,36.7
m3-periodic,ee0bec387c023d5d0ab8464c286e0564fdf9e899852c4db249384f154598db79,20260916,0.10.0,184,supply,demands,False,5,5,D4,10,BASE,POWER,56.7,J000009,1,1,56.7
m3-periodic,ee0bec387c023d5d0ab8464c286e0564fdf9e899852c4db249384f154598db79,20260916,0.10.0,184,supply,demands,False,5,5,D5,11,BASE,POWER,62.696844176321804,J000013,1,1,62.696844176321804
m3-periodic,ee0bec387c023d5d0ab8464c286e0564fdf9e899852c4db249384f154598db79,20260916,0.10.0,185,supply,demands,False,5,5,D1,3,BASE,POWER,16.800000000000004,J000001,1,1,16.800000000000004
m3-periodic,ee0bec387c023d5d0ab8464c286e0564fdf9e899852c4db249384f154598db79,20260916,0.10.0,185,supply,demands,False,5,5,D2,6,BASE,POWER,32.800000000000004,J000004,1,1,32.800000000000004
m3-periodic,ee0bec387c023d5d0ab8464c286e0564fdf9e899852c4db249384f154598db79,20260916,0.10.0,185,supply,demands,False,5,5,D3,7,BASE,POWER,34.499544964617755,J000007,1,1,34.499544964617755
m3-periodic,ee0bec387c023d5d0ab8464c286e0564fdf9e899852c4db249384f154598db79,20260916,0.10.0,185,supply,demands,False,5,5,D4,10,BASE,POWER,60.7,J000010,1,1,60.7
m3-periodic,ee0bec387c023d5d0ab8464c286e0564fdf9e899852c4db249384f154598db79,20260916,0.10.0,185,supply,demands,False,5,5,D5,13,BASE,POWER,64.79999999999998,J000012,1,1,64.79999999999998
m3-periodic,ee0bec387c023d5d0ab8464c286e0564fdf9e899852c4db249384f154598db79,20260916,0.10.0,186,supply,demands,False,4,4,D1,3,BASE,POWER,16.700000000000003,J000002,1,1,16.700000000000003
m3-periodic,ee0bec387c023d5d0ab8464c286e0564fdf9e899852c4db249384f154598db79,20260916,0.10.0,186,supply,demands,False,4,4,D2,6,BASE,POWER,32.7,J000005,1,1,32.7
m3-periodic,ee0bec387c023d5d0ab8464c286e0564fdf9e899852c4db249384f154598db79,20260916,0.10.0,186,supply,demands,False,4,4,D3,7,BASE,POWER,32.800000000000004,J000004,1,1,32.800000000000004
m3-periodic,ee0bec387c023d5d0ab8464c286e0564fdf9e899852c4db249384f154598db79,20260916,0.10.0,186,supply,demands,False,4,4,D4,10,BASE,POWER,56.7,J000010,1,1,56.7
m3-periodic,ee0bec387c023d5d0ab8464c286e0564fdf9e899852c4db249384f154598db79,20260916,0.10.0,187,supply,demands,False,5,5,D1,3,BASE,POWER,16.800000000000004,J000001,1,1,16.800000000000004
m3-periodic,ee0bec387c023d5d0ab8464c286e0564fdf9e899852c4db249384f154598db79,20260916,0.10.0,187,supply,demands,False,5,5,D2,6,BASE,POWER,32.7,J000005,1,1,32.7
m3-periodic,ee0bec387c023d5d0ab8464c286e0564fdf9e899852c4db249384f154598db79,20260916,0.10.0,187,supply,demands,False,5,5,D3,7,BASE,POWER,32.800000000000004,J000004,1,1,32.800000000000004
m3-periodic,ee0bec387c023d5d0ab8464c286e0564fdf9e899852c4db249384f154598db79,20260916,0.10.0,187,supply,demands,False,5,5,D4,10,BASE,POWER,56.800000000000004,J000008,1,1,56.800000000000004
m3-periodic,ee0bec387c023d5d0ab8464c286e0564fdf9e899852c4db249384f154598db79,20260916,0.10.0,187,supply,demands,False,5,5,D5,11,BASE,POWER,60.800000000000004,J000011,1,1,60.800000000000004
m3-periodic,ee0bec387c023d5d0ab8464c286e0564fdf9e899852c4db249384f154598db79,20260916,0.10.0,188,supply,demands,False,3,3,D1,3,BASE,POWER,16.800000000000004,J000002,1,1,16.800000000000004
m3-periodic,ee0bec387c023d5d0ab8464c286e0564fdf9e899852c4db249384f154598db79,20260916,0.10.0,188,supply,demands,False,3,3,D2,6,BASE,POWER,40.800000000000004,J000005,1,1,40.800000000000004
m3-periodic,ee0bec387c023d5d0ab8464c286e0564fdf9e899852c4db249384f154598db79,20260916,0.10.0,188,supply,demands,False,3,3,D3,9,BASE,POWER,56.800000000000004,J000008,1,1,56.800000000000004
m3-periodic,ee0bec387c023d5d0ab8464c286e0564fdf9e899852c4db249384f154598db79,20260916,0.10.0,189,supply,demands,False,5,5,D1,3,BASE,POWER,32.7,J000004,1,1,32.7
m3-periodic,ee0bec387c023d5d0ab8464c286e0564fdf9e899852c4db249384f154598db79,20260916,0.10.0,189,supply,demands,False,5,5,D2,4,BASE,POWER,32.800000000000004,J000003,1,1,32.800000000000004
m3-periodic,ee0bec387c023d5d0ab8464c286e0564fdf9e899852c4db249384f154598db79,20260916,0.10.0,189,supply,demands,False,5,5,D3,7,BASE,POWER,56.7,J000008,1,1,56.7
m3-periodic,ee0bec387c023d5d0ab8464c286e0564fdf9e899852c4db249384f154598db79,20260916,0.10.0,189,supply,demands,False,5,5,D4,8,BASE,POWER,56.800000000000004,J000007,1,1,56.800000000000004
m3-periodic,ee0bec387c023d5d0ab8464c286e0564fdf9e899852c4db249384f154598db79,20260916,0.10.0,189,supply,demands,False,5,5,D5,11,BASE,POWER,64.69999999999999,J000013,1,1,64.69999999999999
m3-periodic,ee0bec387c023d5d0ab8464c286e0564fdf9e899852c4db249384f154598db79,20260916,0.10.0,190,supply,demands,False,6,6,D1,3,BASE,POWER,16.800000000000004,J000001,1,1,16.800000000000004
m3-periodic,ee0bec387c023d5d0ab8464c286e0564fdf9e899852c4db249384f154598db79,20260916,0.10.0,190,supply,demands,False,6,6,D2,6,BASE,POWER,31.73186418340034,J000004,1,1,31.73186418340034
m3-periodic,ee0bec387c023d5d0ab8464c286e0564fdf9e899852c4db249384f154598db79,20260916,0.10.0,190,supply,demands,False,6,6,D3,7,BASE,POWER,31.83186418340034,J000006,1,1,31.83186418340034
m3-periodic,ee0bec387c023d5d0ab8464c286e0564fdf9e899852c4db249384f154598db79,20260916,0.10.0,190,supply,demands,False,6,6,D4,10,BASE,POWER,56.7,J000011,1,1,56.7
m3-periodic,ee0bec387c023d5d0ab8464c286e0564fdf9e899852c4db249384f154598db79,20260916,0.10.0,190,supply,demands,False,6,6,D5,11,BASE,POWER,56.800000000000004,J000010,1,1,56.800000000000004
m3-periodic,ee0bec387c023d5d0ab8464c286e0564fdf9e899852c4db249384f154598db79,20260916,0.10.0,190,supply,demands,False,6,6,D6,14,BASE,POWER,64.36029050589251,J000015,1,1,64.5
m3-periodic,ee0bec387c023d5d0ab8464c286e0564fdf9e899852c4db249384f154598db79,20260916,0.10.0,191,supply,demands,False,5,5,D1,3,BASE,POWER,12.32368760189623,J000001,1,1,12.32368760189623
m3-periodic,ee0bec387c023d5d0ab8464c286e0564fdf9e899852c4db249384f154598db79,20260916,0.10.0,191,supply,demands,False,5,5,D2,6,BASE,POWER,16.700000000000003,J000004,1,1,16.700000000000003
m3-periodic,ee0bec387c023d5d0ab8464c286e0564fdf9e899852c4db249384f154598db79,20260916,0.10.0,191,supply,demands,False,5,5,D3,9,BASE,POWER,40.7,J000008,1,1,40.7
m3-periodic,ee0bec387c023d5d0ab8464c286e0564fdf9e899852c4db249384f154598db79,20260916,0.10.0,191,supply,demands,False,5,5,D4,12,BASE,POWER,60.7,J000011,1,1,60.7
m3-periodic,ee0bec387c023d5d0ab8464c286e0564fdf9e899852c4db249384f154598db79,20260916,0.10.0,191,supply,demands,False,5,5,D5,15,BASE,POWER,64.69999999999999,J000013,1,1,64.69999999999999
m3-periodic,ee0bec387c023d5d0ab8464c286e0564fdf9e899852c4db249384f154598db79,20260916,0.10.0,192,supply,demands,False,5,5,D1,3,BASE,POWER,16.800000000000004,J000001,1,1,16.800000000000004
m3-periodic,ee0bec387c023d5d0ab8464c286e0564fdf9e899852c4db249384f154598db79,20260916,0.10.0,192,supply,demands,False,5,5,D2,6,BASE,POWER,32.800000000000004,J000004,1,1,32.800000000000004
m3-periodic,ee0bec387c023d5d0ab8464c286e0564fdf9e899852c4db249384f154598db79,20260916,0.10.0,192,supply,demands,False,5,5,D3,9,BASE,POWER,60.7,J000009,1,1,60.7
m3-periodic,ee0bec387c023d5d0ab8464c286e0564fdf9e899852c4db249384f154598db79,20260916,0.10.0,192,supply,demands,False,5,5,D4,10,BASE,POWER,60.800000000000004,J000008,1,1,60.800000000000004
m3-periodic,ee0bec387c023d5d0ab8464c286e0564fdf9e899852c4db249384f154598db79,20260916,0.10.0,192,supply,demands,False,5,5,D5,13,BASE,POWER,64.69999999999999,J000012,1,1,64.69999999999999
m3-periodic,ee0bec387c023d5d0ab8464c286e0564fdf9e899852c4db249384f154598db79,20260916,0.10.0,193,supply,demands,False,5,5,D1,3,BASE,POWER,16.700000000000003,J000002,1,1,16.700000000000003
m3-periodic,ee0bec387c023d5d0ab8464c286e0564fdf9e899852c4db249384f154598db79,20260916,0.10.0,193,supply,demands,False,5,5,D2,6,BASE,POWER,32.7,J000005,1,1,32.7
m3-periodic,ee0bec387c023d5d0ab8464c286e0564fdf9e899852c4db249384f154598db79,20260916,0.10.0,193,supply,demands,False,5,5,D3,7,BASE,POWER,32.800000000000004,J000004,1,1,32.800000000000004
m3-periodic,ee0bec387c023d5d0ab8464c286e0564fdf9e899852c4db249384f154598db79,20260916,0.10.0,193,supply,demands,False,5,5,D4,10,BASE,POWER,56.009492497722285,J000010,1,1,56.009492497722285
m3-periodic,ee0bec387c023d5d0ab8464c286e0564fdf9e899852c4db249384f154598db79,20260916,0.10.0,193,supply,demands,False,5,5,D5,11,BASE,POWER,60.800000000000004,J000012,1,1,60.800000000000004
m3-periodic,ee0bec387c023d5d0ab8464c286e0564fdf9e899852c4db249384f154598db79,20260916,0.10.0,194,supply,demands,False,5,5,D1,3,BASE,POWER,12.237171914779902,J000001,1,1,12.237171914779902
m3-periodic,ee0bec387c023d5d0ab8464c286e0564fdf9e899852c4db249384f154598db79,20260916,0.10.0,194,supply,demands,False,5,5,D2,6,BASE,POWER,16.700000000000003,J000004,1,1,16.700000000000003
m3-periodic,ee0bec387c023d5d0ab8464c286e0564fdf9e899852c4db249384f154598db79,20260916,0.10.0,194,supply,demands,False,5,5,D3,7,BASE,POWER,16.800000000000004,J000003,1,1,16.800000000000004
m3-periodic,ee0bec387c023d5d0ab8464c286e0564fdf9e899852c4db249384f154598db79,20260916,0.10.0,194,supply,demands,False,5,5,D4,10,BASE,POWER,32.7,J000007,1,1,32.7
m3-periodic,ee0bec387c023d5d0ab8464c286e0564fdf9e899852c4db249384f154598db79,20260916,0.10.0,194,supply,demands,False,5,5,D5,13,BASE,POWER,56.800000000000004,J000010,1,1,56.800000000000004
m3-periodic,ee0bec387c023d5d0ab8464c286e0564fdf9e899852c4db249384f154598db79,20260916,0.10.0,195,supply,demands,False,6,6,D1,3,BASE,POWER,16.800000000000004,J000001,1,1,16.800000000000004
m3-periodic,ee0bec387c023d5d0ab8464c286e0564fdf9e899852c4db249384f154598db79,20260916,0.10.0,195,supply,demands,False,6,6,D2,6,BASE,POWER,32.7,J000005,1,1,32.7
m3-periodic,ee0bec387c023d5d0ab8464c286e0564fdf9e899852c4db249384f154598db79,20260916,0.10.0,195,supply,demands,False,6,6,D3,7,BASE,POWER,32.800000000000004,J000004,1,1,32.800000000000004
m3-periodic,ee0bec387c023d5d0ab8464c286e0564fdf9e899852c4db249384f154598db79,20260916,0.10.0,195,supply,demands,False,6,6,D4,10,BASE,POWER,56.800000000000004,J000008,1,1,56.800000000000004
m3-periodic,ee0bec387c023d5d0ab8464c286e0564fdf9e899852c4db249384f154598db79,20260916,0.10.0,195,supply,demands,False,6,6,D5,11,BASE,POWER,60.7,J000012,1,1,60.7
m3-periodic,ee0bec387c023d5d0ab8464c286e0564fdf9e899852c4db249384f154598db79,20260916,0.10.0,195,supply,demands,False,6,6,D6,12,BASE,POWER,60.800000000000004,J000011,1,1,64.5
m3-periodic,ee0bec387c023d5d0ab8464c286e0564fdf9e899852c4db249384f154598db79,20260916,0.10.0,196,supply,demands,False,1,1,D1,3,BASE,POWER,56.800000000000004,J000006,1,1,56.800000000000004
m3-periodic,ee0bec387c023d5d0ab8464c286e0564fdf9e899852c4db249384f154598db79,20260916,0.10.0,197,supply,demands,False,5,5,D1,3,BASE,POWER,16.700000000000003,J000002,1,1,16.700000000000003
m3-periodic,ee0bec387c023d5d0ab8464c286e0564fdf9e899852c4db249384f154598db79,20260916,0.10.0,197,supply,demands,False,5,5,D2,6,BASE,POWER,32.800000000000004,J000004,1,1,32.800000000000004
m3-periodic,ee0bec387c023d5d0ab8464c286e0564fdf9e899852c4db249384f154598db79,20260916,0.10.0,197,supply,demands,False,5,5,D3,9,BASE,POWER,56.7,J000008,1,1,56.7
m3-periodic,ee0bec387c023d5d0ab8464c286e0564fdf9e899852c4db249384f154598db79,20260916,0.10.0,197,supply,demands,False,5,5,D4,10,BASE,POWER,56.800000000000004,J000007,1,1,56.800000000000004
m3-periodic,ee0bec387c023d5d0ab8464c286e0564fdf9e899852c4db249384f154598db79,20260916,0.10.0,197,supply,demands,False,5,5,D5,11,BASE,POWER,60.800000000000004,J000011,1,1,64.5
m3-periodic,ee0bec387c023d5d0ab8464c286e0564fdf9e899852c4db249384f154598db79,20260916,0.10.0,198,supply,demands,False,6,6,D1,3,BASE,POWER,11.73333683235341,J000001,1,1,11.73333683235341
m3-periodic,ee0bec387c023d5d0ab8464c286e0564fdf9e899852c4db249384f154598db79,20260916,0.10.0,198,supply,demands,False,6,6,D2,4,BASE,POWER,15.948981877043979,J000005,1,1,15.948981877043979
m3-periodic,ee0bec387c023d5d0ab8464c286e0564fdf9e899852c4db249384f154598db79,20260916,0.10.0,198,supply,demands,False,6,6,D3,7,BASE,POWER,32.7,J000007,1,1,32.7
m3-periodic,ee0bec387c023d5d0ab8464c286e0564fdf9e899852c4db249384f154598db79,20260916,0.10.0,198,supply,demands,False,6,6,D4,10,BASE,POWER,40.7,J000009,1,1,40.7
m3-periodic,ee0bec387c023d5d0ab8464c286e0564fdf9e899852c4db249384f154598db79,20260916,0.10.0,198,supply,demands,False,6,6,D5,13,BASE,POWER,56.7,J000012,1,1,56.7
m3-periodic,ee0bec387c023d5d0ab8464c286e0564fdf9e899852c4db249384f154598db79,20260916,0.10.0,198,supply,demands,False,6,6,D6,14,BASE,POWER,56.800000000000004,J000011,1,1,56.800000000000004
m3-periodic,ee0bec387c023d5d0ab8464c286e0564fdf9e899852c4db249384f154598db79,20260916,0.10.0,199,supply,demands,False,6,6,D1,3,BASE,POWER,16.800000000000004,J000001,1,1,16.800000000000004
m3-periodic,ee0bec387c023d5d0ab8464c286e0564fdf9e899852c4db249384f154598db79,20260916,0.10.0,199,supply,demands,False,6,6,D2,6,BASE,POWER,32.7,J000005,1,1,32.7
m3-periodic,ee0bec387c023d5d0ab8464c286e0564fdf9e899852c4db249384f154598db79,20260916,0.10.0,199,supply,demands,False,6,6,D3,7,BASE,POWER,32.800000000000004,J000004,1,1,32.800000000000004
m3-periodic,ee0bec387c023d5d0ab8464c286e0564fdf9e899852c4db249384f154598db79,20260916,0.10.0,199,supply,demands,False,6,6,D4,10,BASE,POWER,56.800000000000004,J000008,1,1,56.800000000000004
m3-periodic,ee0bec387c023d5d0ab8464c286e0564fdf9e899852c4db249384f154598db79,20260916,0.10.0,199,supply,demands,False,6,6,D5,11,BASE,POWER,60.7,J000012,1,1,60.7
m3-periodic,ee0bec387c023d5d0ab8464c286e0564fdf9e899852c4db249384f154598db79,20260916,0.10.0,199,supply,demands,False,6,6,D6,12,BASE,POWER,60.800000000000004,J000011,1,1,64.5
m3-periodic,ee0bec387c023d5d0ab8464c286e0564fdf9e899852c4db249384f154598db79,20260916,0.10.0,200,supply,demands,False,2,2,D1,3,BASE,POWER,56.7,J000006,1,1,56.7
m3-periodic,ee0bec387c023d5d0ab8464c286e0564fdf9e899852c4db249384f154598db79,20260916,0.10.0,200,supply,demands,False,2,2,D2,4,BASE,POWER,60.7,J000009,1,1,60.7
m3-periodic,ee0bec387c023d5d0ab8464c286e0564fdf9e899852c4db249384f154598db79,20260916,0.10.0,201,supply,demands,False,3,3,D1,3,BASE,POWER,32.800000000000004,J000003,1,1,32.800000000000004
m3-periodic,ee0bec387c023d5d0ab8464c286e0564fdf9e899852c4db249384f154598db79,20260916,0.10.0,201,supply,demands,False,3,3,D2,6,BASE,POWER,56.7,J000007,1,1,56.7
m3-periodic,ee0bec387c023d5d0ab8464c286e0564fdf9e899852c4db249384f154598db79,20260916,0.10.0,201,supply,demands,False,3,3,D3,7,BASE,POWER,60.7,J000010,1,1,60.7
m3-periodic,ee0bec387c023d5d0ab8464c286e0564fdf9e899852c4db249384f154598db79,20260916,0.10.0,202,supply,demands,False,3,3,D1,3,BASE,POWER,16.700000000000003,J000002,1,1,16.700000000000003
m3-periodic,ee0bec387c023d5d0ab8464c286e0564fdf9e899852c4db249384f154598db79,20260916,0.10.0,202,supply,demands,False,3,3,D2,4,BASE,POWER,16.800000000000004,J000001,1,1,16.800000000000004
m3-periodic,ee0bec387c023d5d0ab8464c286e0564fdf9e899852c4db249384f154598db79,20260916,0.10.0,202,supply,demands,False,3,3,D3,7,BASE,POWER,56.800000000000004,J000007,1,1,56.800000000000004
m3-periodic,ee0bec387c023d5d0ab8464c286e0564fdf9e899852c4db249384f154598db79,20260916,0.10.0,203,supply,demands,False,7,7,D1,3,BASE,POWER,16.700000000000003,J000002,1,1,16.700000000000003
m3-periodic,ee0bec387c023d5d0ab8464c286e0564fdf9e899852c4db249384f154598db79,20260916,0.10.0,203,supply,demands,False,7,7,D2,4,BASE,POWER,16.800000000000004,J000001,1,1,16.800000000000004
m3-periodic,ee0bec387c023d5d0ab8464c286e0564fdf9e899852c4db249384f154598db79,20260916,0.10.0,203,supply,demands,False,7,7,D3,7,BASE,POWER,32.7,J000006,1,1,32.7
m3-periodic,ee0bec387c023d5d0ab8464c286e0564fdf9e899852c4db249384f154598db79,20260916,0.10.0,203,supply,demands,False,7,7,D4,10,BASE,POWER,56.7,J000009,1,1,56.7
m3-periodic,ee0bec387c023d5d0ab8464c286e0564fdf9e899852c4db249384f154598db79,20260916,0.10.0,203,supply,demands,False,7,7,D5,11,BASE,POWER,56.800000000000004,J000008,1,1,56.800000000000004
m3-periodic,ee0bec387c023d5d0ab8464c286e0564fdf9e899852c4db249384f154598db79,20260916,0.10.0,203,supply,demands,False,7,7,D6,12,BASE,POWER,60.7,J000013,1,1,64.5
m3-periodic,ee0bec387c023d5d0ab8464c286e0564fdf9e899852c4db249384f154598db79,20260916,0.10.0,203,supply,demands,False,7,7,D7,13,BASE,POWER,60.800000000000004,J000012,1,1,64.5
m3-periodic,ee0bec387c023d5d0ab8464c286e0564fdf9e899852c4db249384f154598db79,20260916,0.10.0,204,supply,demands,False,5,5,D1,3,BASE,POWER,16.700000000000003,J000002,1,1,16.700000000000003
m3-periodic,ee0bec387c023d5d0ab8464c286e0564fdf9e899852c4db249384f154598db79,20260916,0.10.0,204,supply,demands,False,5,5,D2,6,BASE,POWER,32.7,J000005,1,1,32.7
m3-periodic,ee0bec387c023d5d0ab8464c286e0564fdf9e899852c4db249384f154598db79,20260916,0.10.0,204,supply,demands,False,5,5,D3,9,BASE,POWER,60.7,J000010,1,1,60.7
m3-periodic,ee0bec387c023d5d0ab8464c286e0564fdf9e899852c4db249384f154598db79,20260916,0.10.0,204,supply,demands,False,5,5,D4,10,BASE,POWER,60.800000000000004,J000009,1,1,60.800000000000004
m3-periodic,ee0bec387c023d5d0ab8464c286e0564fdf9e899852c4db249384f154598db79,20260916,0.10.0,204,supply,demands,False,5,5,D5,13,BASE,POWER,64.69999999999999,J000013,1,1,64.69999999999999
m3-periodic,ee0bec387c023d5d0ab8464c286e0564fdf9e899852c4db249384f154598db79,20260916,0.10.0,205,supply,demands,False,3,3,D1,3,BASE,POWER,16.700000000000003,J000002,1,1,16.700000000000003
m3-periodic,ee0bec387c023d5d0ab8464c286e0564fdf9e899852c4db249384f154598db79,20260916,0.10.0,205,supply,demands,False,3,3,D2,6,BASE,POWER,32.7,J000005,1,1,32.7
m3-periodic,ee0bec387c023d5d0ab8464c286e0564fdf9e899852c4db249384f154598db79,20260916,0.10.0,205,supply,demands,False,3,3,D3,7,BASE,POWER,32.800000000000004,J000004,1,1,32.800000000000004
m3-periodic,ee0bec387c023d5d0ab8464c286e0564fdf9e899852c4db249384f154598db79,20260916,0.10.0,206,supply,demands,False,4,4,D1,3,BASE,POWER,32.7,J000003,1,1,32.7
m3-periodic,ee0bec387c023d5d0ab8464c286e0564fdf9e899852c4db249384f154598db79,20260916,0.10.0,206,supply,demands,False,4,4,D2,4,BASE,POWER,32.800000000000004,J000002,1,1,32.800000000000004
m3-periodic,ee0bec387c023d5d0ab8464c286e0564fdf9e899852c4db249384f154598db79,20260916,0.10.0,206,supply,demands,False,4,4,D3,7,BASE,POWER,56.7,J000007,1,1,56.7
m3-periodic,ee0bec387c023d5d0ab8464c286e0564fdf9e899852c4db249384f154598db79,20260916,0.10.0,206,supply,demands,False,4,4,D4,8,BASE,POWER,60.7,J000010,1,1,60.7
m3-periodic,ee0bec387c023d5d0ab8464c286e0564fdf9e899852c4db249384f154598db79,20260916,0.10.0,207,supply,demands,False,4,4,D1,3,BASE,POWER,15.78087133954491,J000001,1,1,15.78087133954491
m3-periodic,ee0bec387c023d5d0ab8464c286e0564fdf9e899852c4db249384f154598db79,20260916,0.10.0,207,supply,demands,False,4,4,D2,4,BASE,POWER,15.88087133954491,J000003,1,1,15.88087133954491
m3-periodic,ee0bec387c023d5d0ab8464c286e0564fdf9e899852c4db249384f154598db79,20260916,0.10.0,207,supply,demands,False,4,4,D3,7,BASE,POWER,32.619570378201416,J000006,1,1,32.619570378201416
m3-periodic,ee0bec387c023d5d0ab8464c286e0564fdf9e899852c4db249384f154598db79,20260916,0.10.0,207,supply,demands,False,4,4,D4,10,BASE,POWER,56.800000000000004,J000010,1,1,56.800000000000004
m3-periodic,ee0bec387c023d5d0ab8464c286e0564fdf9e899852c4db249384f154598db79,20260916,0.10.0,208,supply,demands,False,7,7,D1,3,BASE,POWER,12.7,J000001,1,1,12.7
m3-periodic,ee0bec387c023d5d0ab8464c286e0564fdf9e899852c4db249384f154598db79,20260916,0.10.0,208,supply,demands,False,7,7,D2,6,BASE,POWER,16.700000000000003,J000004,1,1,16.700000000000003
m3-periodic,ee0bec387c023d5d0ab8464c286e0564fdf9e899852c4db249384f154598db79,20260916,0.10.0,208,supply,demands,False,7,7,D3,7,BASE,POWER,16.800000000000004,J000003,1,1,16.800000000000004
m3-periodic,ee0bec387c023d5d0ab8464c286e0564fdf9e899852c4db249384f154598db79,20260916,0.10.0,208,supply,demands,False,7,7,D4,10,BASE,POWER,40.7,J000008,1,1,40.7
m3-periodic,ee0bec387c023d5d0ab8464c286e0564fdf9e899852c4db249384f154598db79,20260916,0.10.0,208,supply,demands,False,7,7,D5,13,BASE,POWER,56.7,J000011,1,1,56.7
m3-periodic,ee0bec387c023d5d0ab8464c286e0564fdf9e899852c4db249384f154598db79,20260916,0.10.0,208,supply,demands,False,7,7,D6,14,BASE,POWER,56.800000000000004,J000010,1,1,56.800000000000004
m3-periodic,ee0bec387c023d5d0ab8464c286e0564fdf9e899852c4db249384f154598db79,20260916,0.10.0,208,supply,demands,False,7,7,D7,15,BASE,POWER,60.7,J000014,1,1,64.5
m3-periodic,ee0bec387c023d5d0ab8464c286e0564fdf9e899852c4db249384f154598db79,20260916,0.10.0,209,supply,demands,False,5,5,D1,3,BASE,POWER,16.800000000000004,J000001,1,1,16.800000000000004
m3-periodic,ee0bec387c023d5d0ab8464c286e0564fdf9e899852c4db249384f154598db79,20260916,0.10.0,209,supply,demands,False,5,5,D2,6,BASE,POWER,32.7,J000005,1,1,32.7
m3-periodic,ee0bec387c023d5d0ab8464c286e0564fdf9e899852c4db249384f154598db79,20260916,0.10.0,209,supply,demands,False,5,5,D3,9,BASE,POWER,56.7,J000008,1,1,56.7
m3-periodic,ee0bec387c023d5d0ab8464c286e0564fdf9e899852c4db249384f154598db79,20260916,0.10.0,209,supply,demands,False,5,5,D4,10,BASE,POWER,60.7,J000011,1,1,60.7
m3-periodic,ee0bec387c023d5d0ab8464c286e0564fdf9e899852c4db249384f154598db79,20260916,0.10.0,209,supply,demands,False,5,5,D5,11,BASE,POWER,60.800000000000004,J000010,1,1,64.5
m3-periodic,ee0bec387c023d5d0ab8464c286e0564fdf9e899852c4db249384f154598db79,20260916,0.10.0,210,supply,demands,False,3,3,D1,3,BASE,POWER,16.700000000000003,J000002,1,1,16.700000000000003
m3-periodic,ee0bec387c023d5d0ab8464c286e0564fdf9e899852c4db249384f154598db79,20260916,0.10.0,210,supply,demands,False,3,3,D2,6,BASE,POWER,56.800000000000004,J000006,1,1,56.800000000000004
m3-periodic,ee0bec387c023d5d0ab8464c286e0564fdf9e899852c4db249384f154598db79,20260916,0.10.0,210,supply,demands,False,3,3,D3,7,BASE,POWER,60.800000000000004,J000009,1,1,60.800000000000004
m3-periodic,ee0bec387c023d5d0ab8464c286e0564fdf9e899852c4db249384f154598db79,20260916,0.10.0,211,supply,demands,False,5,5,D1,3,BASE,POWER,16.700000000000003,J000002,1,1,16.700000000000003
m3-periodic,ee0bec387c023d5d0ab8464c286e0564fdf9e899852c4db249384f154598db79,20260916,0.10.0,211,supply,demands,False,5,5,D2,6,BASE,POWER,32.7,J000005,1,1,32.7
m3-periodic,ee0bec387c023d5d0ab8464c286e0564fdf9e899852c4db249384f154598db79,20260916,0.10.0,211,supply,demands,False,5,5,D3,7,BASE,POWER,32.800000000000004,J000004,1,1,32.800000000000004
m3-periodic,ee0bec387c023d5d0ab8464c286e0564fdf9e899852c4db249384f154598db79,20260916,0.10.0,211,supply,demands,False,5,5,D4,10,BASE,POWER,54.632821732365,J000008,1,1,54.632821732365
m3-periodic,ee0bec387c023d5d0ab8464c286e0564fdf9e899852c4db249384f154598db79,20260916,0.10.0,211,supply,demands,False,5,5,D5,13,BASE,POWER,60.7,J000011,1,1,60.7
m3-periodic,ee0bec387c023d5d0ab8464c286e0564fdf9e899852c4db249384f154598db79,20260916,0.10.0,212,supply,demands,False,6,6,D1,3,BASE,POWER,16.700000000000003,J000002,1,1,16.700000000000003
m3-periodic,ee0bec387c023d5d0ab8464c286e0564fdf9e899852c4db249384f154598db79,20260916,0.10.0,212,supply,demands,False,6,6,D2,4,BASE,POWER,16.800000000000004,J000001,1,1,16.800000000000004
m3-periodic,ee0bec387c023d5d0ab8464c286e0564fdf9e899852c4db249384f154598db79,20260916,0.10.0,212,supply,demands,False,6,6,D3,7,BASE,POWER,32.296743950484505,J000007,1,1,32.296743950484505
m3-periodic,ee0bec387c023d5d0ab8464c286e0564fdf9e899852c4db249384f154598db79,20260916,0.10.0,212,supply,demands,False,6,6,D4,8,BASE,POWER,38.367223170573894,J000009,1,1,38.367223170573894
m3-periodic,ee0bec387c023d5d0ab8464c286e0564fdf9e899852c4db249384f154598db79,20260916,0.10.0,212,supply,demands,False,6,6,D5,11,BASE,POWER,56.522208209098274,J000011,1,1,56.522208209098274
m3-periodic,ee0bec387c023d5d0ab8464c286e0564fdf9e899852c4db249384f154598db79,20260916,0.10.0,212,supply,demands,False,6,6,D6,12,BASE,POWER,56.622208209098275,J000013,1,1,56.622208209098275
m3-periodic,ee0bec387c023d5d0ab8464c286e0564fdf9e899852c4db249384f154598db79,20260916,0.10.0,213,supply,demands,False,7,7,D1,3,BASE,POWER,15.426086011845765,J000002,1,1,15.426086011845765
m3-periodic,ee0bec387c023d5d0ab8464c286e0564fdf9e899852c4db249384f154598db79,20260916,0.10.0,213,supply,demands,False,7,7,D2,6,BASE,POWER,32.7,J000006,1,1,32.7
m3-periodic,ee0bec387c023d5d0ab8464c286e0564fdf9e899852c4db249384f154598db79,20260916,0.10.0,213,supply,demands,False,7,7,D3,7,BASE,POWER,32.800000000000004,J000005,1,1,32.800000000000004
m3-periodic,ee0bec387c023d5d0ab8464c286e0564fdf9e899852c4db249384f154598db79,20260916,0.10.0,213,supply,demands,False,7,7,D4,10,BASE,POWER,55.49448229216677,J000010,1,1,55.49448229216677
m3-periodic,ee0bec387c023d5d0ab8464c286e0564fdf9e899852c4db249384f154598db79,20260916,0.10.0,213,supply,demands,False,7,7,D5,11,BASE,POWER,55.594482292166774,J000011,1,1,55.594482292166774
m3-periodic,ee0bec387c023d5d0ab8464c286e0564fdf9e899852c4db249384f154598db79,20260916,0.10.0,213,supply,demands,False,7,7,D6,14,BASE,POWER,60.7,J000015,1,1,60.7
m3-periodic,ee0bec387c023d5d0ab8464c286e0564fdf9e899852c4db249384f154598db79,20260916,0.10.0,213,supply,demands,False,7,7,D7,15,BASE,POWER,60.800000000000004,J000014,1,1,60.800000000000004
m3-periodic,ee0bec387c023d5d0ab8464c286e0564fdf9e899852c4db249384f154598db79,20260916,0.10.0,214,supply,demands,False,7,7,D1,3,BASE,POWER,16.700000000000003,J000002,1,1,16.700000000000003
m3-periodic,ee0bec387c023d5d0ab8464c286e0564fdf9e899852c4db249384f154598db79,20260916,0.10.0,214,supply,demands,False,7,7,D2,4,BASE,POWER,16.800000000000004,J000001,1,1,16.800000000000004
m3-periodic,ee0bec387c023d5d0ab8464c286e0564fdf9e899852c4db249384f154598db79,20260916,0.10.0,214,supply,demands,False,7,7,D3,7,BASE,POWER,32.7,J000006,1,1,32.7
m3-periodic,ee0bec387c023d5d0ab8464c286e0564fdf9e899852c4db249384f154598db79,20260916,0.10.0,214,supply,demands,False,7,7,D4,8,BASE,POWER,32.800000000000004,J000005,1,1,32.800000000000004
m3-periodic,ee0bec387c023d5d0ab8464c286e0564fdf9e899852c4db249384f154598db79,20260916,0.10.0,214,supply,demands,False,7,7,D5,11,BASE,POWER,56.7,J000010,1,1,56.7
m3-periodic,ee0bec387c023d5d0ab8464c286e0564fdf9e899852c4db249384f154598db79,20260916,0.10.0,214,supply,demands,False,7,7,D6,12,BASE,POWER,56.800000000000004,J000009,1,1,56.800000000000004
m3-periodic,ee0bec387c023d5d0ab8464c286e0564fdf9e899852c4db249384f154598db79,20260916,0.10.0,214,supply,demands,False,7,7,D7,13,BASE,POWER,60.800000000000004,J000013,1,1,64.5
m3-periodic,ee0bec387c023d5d0ab8464c286e0564fdf9e899852c4db249384f154598db79,20260916,0.10.0,215,supply,demands,False,5,5,D1,3,BASE,POWER,16.700000000000003,J000002,1,1,16.700000000000003
m3-periodic,ee0bec387c023d5d0ab8464c286e0564fdf9e899852c4db249384f154598db79,20260916,0.10.0,215,supply,demands,False,5,5,D2,4,BASE,POWER,16.800000000000004,J000001,1,1,16.800000000000004
m3-periodic,ee0bec387c023d5d0ab8464c286e0564fdf9e899852c4db249384f154598db79,20260916,0.10.0,215,supply,demands,False,5,5,D3,7,BASE,POWER,32.7,J000006,1,1,32.7
m3-periodic,ee0bec387c023d5d0ab8464c286e0564fdf9e899852c4db249384f154598db79,20260916,0.10.0,215,supply,demands,False,5,5,D4,8,BASE,POWER,32.800000000000004,J000005,1,1,32.800000000000004
m3-periodic,ee0bec387c023d5d0ab8464c286e0564fdf9e899852c4db249384f154598db79,20260916,0.10.0,215,supply,demands,False,5,5,D5,11,BASE,POWER,56.800000000000004,J000009,1,1,56.800000000000004
m3-periodic,ee0bec387c023d5d0ab8464c286e0564fdf9e899852c4db249384f154598db79,20260916,0.10.0,216,supply,demands,False,7,7,D1,3,BASE,POWER,8.7,J000001,1,1,8.7
m3-periodic,ee0bec387c023d5d0ab8464c286e0564fdf9e899852c4db249384f154598db79,20260916,0.10.0,216,supply,demands,False,7,7,D2,6,BASE,POWER,16.700000000000003,J000003,1,1,16.700000000000003
m3-periodic,ee0bec387c023d5d0ab8464c286e0564fdf9e899852c4db249384f154598db79,20260916,0.10.0,216,supply,demands,False,7,7,D3,9,BASE,POWER,32.7,J000006,1,1,32.7
m3-periodic,ee0bec387c023d5d0ab8464c286e0564fdf9e899852c4db249384f154598db79,20260916,0.10.0,216,supply,demands,False,7,7,D4,10,BASE,POWER,36.7,J000008,1,1,36.7
m3-periodic,ee0bec387c023d5d0ab8464c286e0564fdf9e899852c4db249384f154598db79,20260916,0.10.0,216,supply,demands,False,7,7,D5,13,BASE,POWER,56.0269321591875,J000011,1,1,56.0269321591875
m3-periodic,ee0bec387c023d5d0ab8464c286e0564fdf9e899852c4db249384f154598db79,20260916,0.10.0,216,supply,demands,False,7,7,D6,14,BASE,POWER,60.800000000000004,J000013,1,1,60.800000000000004
m3-periodic,ee0bec387c023d5d0ab8464c286e0564fdf9e899852c4db249384f154598db79,20260916,0.10.0,216,supply,demands,False,7,7,D7,17,BASE,POWER,64.69999999999999,J000016,1,1,64.69999999999999
m3-periodic,ee0bec387c023d5d0ab8464c286e0564fdf9e899852c4db249384f154598db79,20260916,0.10.0,217,supply,demands,False,6,6,D1,3,BASE,POWER,16.700000000000003,J000002,1,1,16.700000000000003
m3-periodic,ee0bec387c023d5d0ab8464c286e0564fdf9e899852c4db249384f154598db79,20260916,0.10.0,217,supply,demands,False,6,6,D2,6,BASE,POWER,32.7,J000005,1,1,32.7
m3-periodic,ee0bec387c023d5d0ab8464c286e0564fdf9e899852c4db249384f154598db79,20260916,0.10.0,217,supply,demands,False,6,6,D3,9,BASE,POWER,56.7,J000008,1,1,56.7
m3-periodic,ee0bec387c023d5d0ab8464c286e0564fdf9e899852c4db249384f154598db79,20260916,0.10.0,217,supply,demands,False,6,6,D4,10,BASE,POWER,56.800000000000004,J000007,1,1,56.800000000000004
m3-periodic,ee0bec387c023d5d0ab8464c286e0564fdf9e899852c4db249384f154598db79,20260916,0.10.0,217,supply,demands,False,6,6,D5,11,BASE,POWER,60.7,J000012,1,1,64.5
m3-periodic,ee0bec387c023d5d0ab8464c286e0564fdf9e899852c4db249384f154598db79,20260916,0.10.0,217,supply,demands,False,6,6,D6,12,BASE,POWER,60.800000000000004,J000011,1,1,64.5
m3-periodic,ee0bec387c023d5d0ab8464c286e0564fdf9e899852c4db249384f154598db79,20260916,0.10.0,218,supply,demands,False,8,8,D1,3,BASE,POWER,16.700000000000003,J000002,1,1,16.700000000000003
m3-periodic,ee0bec387c023d5d0ab8464c286e0564fdf9e899852c4db249384f154598db79,20260916,0.10.0,218,supply,demands,False,8,8,D2,6,BASE,POWER,32.7,J000005,1,1,32.7
m3-periodic,ee0bec387c023d5d0ab8464c286e0564fdf9e899852c4db249384f154598db79,20260916,0.10.0,218,supply,demands,False,8,8,D3,7,BASE,POWER,32.800000000000004,J000004,1,1,32.800000000000004
m3-periodic,ee0bec387c023d5d0ab8464c286e0564fdf9e899852c4db249384f154598db79,20260916,0.10.0,218,supply,demands,False,8,8,D4,10,BASE,POWER,56.7,J000009,1,1,56.7
m3-periodic,ee0bec387c023d5d0ab8464c286e0564fdf9e899852c4db249384f154598db79,20260916,0.10.0,218,supply,demands,False,8,8,D5,11,BASE,POWER,56.800000000000004,J000008,1,1,56.800000000000004
m3-periodic,ee0bec387c023d5d0ab8464c286e0564fdf9e899852c4db249384f154598db79,20260916,0.10.0,218,supply,demands,False,8,8,D6,12,BASE,POWER,60.7,J000013,1,1,64.5
m3-periodic,ee0bec387c023d5d0ab8464c286e0564fdf9e899852c4db249384f154598db79,20260916,0.10.0,218,supply,demands,False,8,8,D7,13,BASE,POWER,60.800000000000004,J000012,1,1,64.5
m3-periodic,ee0bec387c023d5d0ab8464c286e0564fdf9e899852c4db249384f154598db79,20260916,0.10.0,218,supply,demands,False,8,8,D8,16,BASE,POWER,64.00434026742785,J000016,1,1,65.5
m3-periodic,ee0bec387c023d5d0ab8464c286e0564fdf9e899852c4db249384f154598db79,20260916,0.10.0,219,supply,demands,False,3,3,D1,3,BASE,POWER,56.7,J000006,1,1,56.7
m3-periodic,ee0bec387c023d5d0ab8464c286e0564fdf9e899852c4db249384f154598db79,20260916,0.10.0,219,supply,demands,False,3,3,D2,4,BASE,POWER,56.800000000000004,J000005,1,1,56.800000000000004
m3-periodic,ee0bec387c023d5d0ab8464c286e0564fdf9e899852c4db249384f154598db79,20260916,0.10.0,219,supply,demands,False,3,3,D3,5,BASE,POWER,60.800000000000004,J000009,1,1,64.5
m3-periodic,ee0bec387c023d5d0ab8464c286e0564fdf9e899852c4db249384f154598db79,20260916,0.10.0,220,supply,demands,False,6,6,D1,3,BASE,POWER,16.700000000000003,J000002,1,1,16.700000000000003
m3-periodic,ee0bec387c023d5d0ab8464c286e0564fdf9e899852c4db249384f154598db79,20260916,0.10.0,220,supply,demands,False,6,6,D2,4,BASE,POWER,16.800000000000004,J000001,1,1,16.800000000000004
m3-periodic,ee0bec387c023d5d0ab8464c286e0564fdf9e899852c4db249384f154598db79,20260916,0.10.0,220,supply,demands,False,6,6,D3,7,BASE,POWER,32.7,J000006,1,1,32.7
m3-periodic,ee0bec387c023d5d0ab8464c286e0564fdf9e899852c4db249384f154598db79,20260916,0.10.0,220,supply,demands,False,6,6,D4,10,BASE,POWER,56.7,J000009,1,1,56.7
m3-periodic,ee0bec387c023d5d0ab8464c286e0564fdf9e899852c4db249384f154598db79,20260916,0.10.0,220,supply,demands,False,6,6,D5,11,BASE,POWER,56.800000000000004,J000008,1,1,56.800000000000004
m3-periodic,ee0bec387c023d5d0ab8464c286e0564fdf9e899852c4db249384f154598db79,20260916,0.10.0,220,supply,demands,False,6,6,D6,12,BASE,POWER,60.7,J000013,1,1,64.5
m3-periodic,ee0bec387c023d5d0ab8464c286e0564fdf9e899852c4db249384f154598db79,20260916,0.10.0,221,supply,demands,False,5,5,D1,3,BASE,POWER,16.700000000000003,J000002,1,1,16.700000000000003
m3-periodic,ee0bec387c023d5d0ab8464c286e0564fdf9e899852c4db249384f154598db79,20260916,0.10.0,221,supply,demands,False,5,5,D2,6,BASE,POWER,32.7,J000005,1,1,32.7
m3-periodic,ee0bec387c023d5d0ab8464c286e0564fdf9e899852c4db249384f154598db79,20260916,0.10.0,221,supply,demands,False,5,5,D3,7,BASE,POWER,32.800000000000004,J000004,1,1,32.800000000000004
m3-periodic,ee0bec387c023d5d0ab8464c286e0564fdf9e899852c4db249384f154598db79,20260916,0.10.0,221,supply,demands,False,5,5,D4,10,BASE,POWER,40.7,J000008,1,1,40.7
m3-periodic,ee0bec387c023d5d0ab8464c286e0564fdf9e899852c4db249384f154598db79,20260916,0.10.0,221,supply,demands,False,5,5,D5,13,BASE,POWER,56.37120666170328,J000010,1,1,56.37120666170328
m3-periodic,ee0bec387c023d5d0ab8464c286e0564fdf9e899852c4db249384f154598db79,20260916,0.10.0,222,supply,demands,False,6,6,D1,3,BASE,POWER,16.700000000000003,J000002,1,1,16.700000000000003
m3-periodic,ee0bec387c023d5d0ab8464c286e0564fdf9e899852c4db249384f154598db79,20260916,0.10.0,222,supply,demands,False,6,6,D2,4,BASE,POWER,16.800000000000004,J000001,1,1,16.800000000000004
m3-periodic,ee0bec387c023d5d0ab8464c286e0564fdf9e899852c4db249384f154598db79,20260916,0.10.0,222,supply,demands,False,6,6,D3,7,BASE,POWER,32.7,J000006,1,1,32.7
m3-periodic,ee0bec387c023d5d0ab8464c286e0564fdf9e899852c4db249384f154598db79,20260916,0.10.0,222,supply,demands,False,6,6,D4,8,BASE,POWER,32.800000000000004,J000005,1,1,32.800000000000004
m3-periodic,ee0bec387c023d5d0ab8464c286e0564fdf9e899852c4db249384f154598db79,20260916,0.10.0,222,supply,demands,False,6,6,D5,11,BASE,POWER,56.800000000000004,J000009,1,1,56.800000000000004
m3-periodic,ee0bec387c023d5d0ab8464c286e0564fdf9e899852c4db249384f154598db79,20260916,0.10.0,222,supply,demands,False,6,6,D6,12,BASE,POWER,60.7,J000013,1,1,60.7
m3-periodic,ee0bec387c023d5d0ab8464c286e0564fdf9e899852c4db249384f154598db79,20260916,0.10.0,223,supply,demands,False,3,3,D1,3,BASE,POWER,16.700000000000003,J000002,1,1,16.700000000000003
m3-periodic,ee0bec387c023d5d0ab8464c286e0564fdf9e899852c4db249384f154598db79,20260916,0.10.0,223,supply,demands,False,3,3,D2,4,BASE,POWER,16.800000000000004,J000003,1,1,16.800000000000004
m3-periodic,ee0bec387c023d5d0ab8464c286e0564fdf9e899852c4db249384f154598db79,20260916,0.10.0,223,supply,demands,False,3,3,D3,7,BASE,POWER,31.87078851517783,J000006,1,1,31.87078851517783
m3-periodic,ee0bec387c023d5d0ab8464c286e0564fdf9e899852c4db249384f154598db79,20260916,0.10.0,224,supply,demands,False,6,6,D1,3,BASE,POWER,16.800000000000004,J000001,1,1,16.800000000000004
m3-periodic,ee0bec387c023d5d0ab8464c286e0564fdf9e899852c4db249384f154598db79,20260916,0.10.0,224,supply,demands,False,6,6,D2,6,BASE,POWER,32.7,J000005,1,1,32.7
m3-periodic,ee0bec387c023d5d0ab8464c286e0564fdf9e899852c4db249384f154598db79,20260916,0.10.0,224,supply,demands,False,6,6,D3,9,BASE,POWER,56.7,J000008,1,1,56.7
m3-periodic,ee0bec387c023d5d0ab8464c286e0564fdf9e899852c4db249384f154598db79,20260916,0.10.0,224,supply,demands,False,6,6,D4,10,BASE,POWER,56.800000000000004,J000007,1,1,56.800000000000004
m3-periodic,ee0bec387c023d5d0ab8464c286e0564fdf9e899852c4db249384f154598db79,20260916,0.10.0,224,supply,demands,False,6,6,D5,11,BASE,POWER,60.7,J000012,1,1,64.5
m3-periodic,ee0bec387c023d5d0ab8464c286e0564fdf9e899852c4db249384f154598db79,20260916,0.10.0,224,supply,demands,False,6,6,D6,12,BASE,POWER,60.800000000000004,J000011,1,1,64.5
m3-periodic,ee0bec387c023d5d0ab8464c286e0564fdf9e899852c4db249384f154598db79,20260916,0.10.0,225,supply,demands,False,5,5,D1,3,BASE,POWER,16.700000000000003,J000002,1,1,16.700000000000003
m3-periodic,ee0bec387c023d5d0ab8464c286e0564fdf9e899852c4db249384f154598db79,20260916,0.10.0,225,supply,demands,False,5,5,D2,6,BASE,POWER,36.7,J000006,1,1,36.7
m3-periodic,ee0bec387c023d5d0ab8464c286e0564fdf9e899852c4db249384f154598db79,20260916,0.10.0,225,supply,demands,False,5,5,D3,9,BASE,POWER,56.7,J000008,1,1,56.7
m3-periodic,ee0bec387c023d5d0ab8464c286e0564fdf9e899852c4db249384f154598db79,20260916,0.10.0,225,supply,demands,False,5,5,D4,10,BASE,POWER,60.800000000000004,J000010,1,1,60.800000000000004
m3-periodic,ee0bec387c023d5d0ab8464c286e0564fdf9e899852c4db249384f154598db79,20260916,0.10.0,225,supply,demands,False,5,5,D5,13,BASE,POWER,64.69999999999999,J000013,1,1,64.69999999999999
m3-periodic,ee0bec387c023d5d0ab8464c286e0564fdf9e899852c4db249384f154598db79,20260916,0.10.0,226,supply,demands,False,6,6,D1,3,BASE,POWER,16.800000000000004,J000001,1,1,16.800000000000004
m3-periodic,ee0bec387c023d5d0ab8464c286e0564fdf9e899852c4db249384f154598db79,20260916,0.10.0,226,supply,demands,False,6,6,D2,6,BASE,POWER,32.7,J000005,1,1,32.7
m3-periodic,ee0bec387c023d5d0ab8464c286e0564fdf9e899852c4db249384f154598db79,20260916,0.10.0,226,supply,demands,False,6,6,D3,7,BASE,POWER,32.800000000000004,J000004,1,1,32.800000000000004
m3-periodic,ee0bec387c023d5d0ab8464c286e0564fdf9e899852c4db249384f154598db79,20260916,0.10.0,226,supply,demands,False,6,6,D4,10,BASE,POWER,56.7,J000009,1,1,56.7
m3-periodic,ee0bec387c023d5d0ab8464c286e0564fdf9e899852c4db249384f154598db79,20260916,0.10.0,226,supply,demands,False,6,6,D5,11,BASE,POWER,60.7,J000012,1,1,60.7
m3-periodic,ee0bec387c023d5d0ab8464c286e0564fdf9e899852c4db249384f154598db79,20260916,0.10.0,226,supply,demands,False,6,6,D6,12,BASE,POWER,60.800000000000004,J000011,1,1,64.5
m3-periodic,ee0bec387c023d5d0ab8464c286e0564fdf9e899852c4db249384f154598db79,20260916,0.10.0,227,supply,demands,False,6,6,D1,3,BASE,POWER,16.700000000000003,J000002,1,1,16.700000000000003
m3-periodic,ee0bec387c023d5d0ab8464c286e0564fdf9e899852c4db249384f154598db79,20260916,0.10.0,227,supply,demands,False,6,6,D2,6,BASE,POWER,32.7,J000005,1,1,32.7
m3-periodic,ee0bec387c023d5d0ab8464c286e0564fdf9e899852c4db249384f154598db79,20260916,0.10.0,227,supply,demands,False,6,6,D3,9,BASE,POWER,56.7,J000008,1,1,56.7
m3-periodic,ee0bec387c023d5d0ab8464c286e0564fdf9e899852c4db249384f154598db79,20260916,0.10.0,227,supply,demands,False,6,6,D4,10,BASE,POWER,56.800000000000004,J000007,1,1,56.800000000000004
m3-periodic,ee0bec387c023d5d0ab8464c286e0564fdf9e899852c4db249384f154598db79,20260916,0.10.0,227,supply,demands,False,6,6,D5,11,BASE,POWER,59.59896449269578,J000011,1,1,64.5
m3-periodic,ee0bec387c023d5d0ab8464c286e0564fdf9e899852c4db249384f154598db79,20260916,0.10.0,227,supply,demands,False,6,6,D6,12,BASE,POWER,59.69896449269578,J000013,1,1,64.5
m3-periodic,ee0bec387c023d5d0ab8464c286e0564fdf9e899852c4db249384f154598db79,20260916,0.10.0,228,supply,demands,False,4,4,D1,3,BASE,POWER,32.7,J000004,1,1,32.7
m3-periodic,ee0bec387c023d5d0ab8464c286e0564fdf9e899852c4db249384f154598db79,20260916,0.10.0,228,supply,demands,False,4,4,D2,4,BASE,POWER,36.7,J000006,1,1,36.7
m3-periodic,ee0bec387c023d5d0ab8464c286e0564fdf9e899852c4db249384f154598db79,20260916,0.10.0,228,supply,demands,False,4,4,D3,7,BASE,POWER,55.7472812462679,J000008,1,1,55.7472812462679
m3-periodic,ee0bec387c023d5d0ab8464c286e0564fdf9e899852c4db249384f154598db79,20260916,0.10.0,228,supply,demands,False,4,4,D4,10,BASE,POWER,60.7,J000012,1,1,60.7
m3-periodic,ee0bec387c023d5d0ab8464c286e0564fdf9e899852c4db249384f154598db79,20260916,0.10.0,229,supply,demands,False,4,4,D1,3,BASE,POWER,32.800000000000004,J000003,1,1,32.800000000000004
m3-periodic,ee0bec387c023d5d0ab8464c286e0564fdf9e899852c4db249384f154598db79,20260916,0.10.0,229,supply,demands,False,4,4,D2,4,BASE,POWER,36.7,J000006,1,1,36.7
m3-periodic,ee0bec387c023d5d0ab8464c286e0564fdf9e899852c4db249384f154598db79,20260916,0.10.0,229,supply,demands,False,4,4,D3,7,BASE,POWER,60.800000000000004,J000009,1,1,60.800000000000004
m3-periodic,ee0bec387c023d5d0ab8464c286e0564fdf9e899852c4db249384f154598db79,20260916,0.10.0,229,supply,demands,False,4,4,D4,10,BASE,POWER,64.69999999999999,J000012,1,1,64.69999999999999
m3-periodic,ee0bec387c023d5d0ab8464c286e0564fdf9e899852c4db249384f154598db79,20260916,0.10.0,230,supply,demands,False,6,6,D1,3,BASE,POWER,16.800000000000004,J000001,1,1,16.800000000000004
m3-periodic,ee0bec387c023d5d0ab8464c286e0564fdf9e899852c4db249384f154598db79,20260916,0.10.0,230,supply,demands,False,6,6,D2,6,BASE,POWER,32.7,J000005,1,1,32.7
m3-periodic,ee0bec387c023d5d0ab8464c286e0564fdf9e899852c4db249384f154598db79,20260916,0.10.0,230,supply,demands,False,6,6,D3,7,BASE,POWER,32.800000000000004,J000004,1,1,32.800000000000004
m3-periodic,ee0bec387c023d5d0ab8464c286e0564fdf9e899852c4db249384f154598db79,20260916,0.10.0,230,supply,demands,False,6,6,D4,10,BASE,POWER,56.7,J000009,1,1,56.7
m3-periodic,ee0bec387c023d5d0ab8464c286e0564fdf9e899852c4db249384f154598db79,20260916,0.10.0,230,supply,demands,False,6,6,D5,11,BASE,POWER,56.800000000000004,J000008,1,1,56.800000000000004
m3-periodic,ee0bec387c023d5d0ab8464c286e0564fdf9e899852c4db249384f154598db79,20260916,0.10.0,230,supply,demands,False,6,6,D6,12,BASE,POWER,60.800000000000004,J000012,1,1,64.5
m3-periodic,ee0bec387c023d5d0ab8464c286e0564fdf9e899852c4db249384f154598db79,20260916,0.10.0,231,supply,demands,False,5,5,D1,3,BASE,POWER,16.700000000000003,J000003,1,1,16.700000000000003
m3-periodic,ee0bec387c023d5d0ab8464c286e0564fdf9e899852c4db249384f154598db79,20260916,0.10.0,231,supply,demands,False,5,5,D2,4,BASE,POWER,16.800000000000004,J000002,1,1,16.800000000000004
m3-periodic,ee0bec387c023d5d0ab8464c286e0564fdf9e899852c4db249384f154598db79,20260916,0.10.0,231,supply,demands,False,5,5,D3,7,BASE,POWER,32.7,J000006,1,1,32.7
m3-periodic,ee0bec387c023d5d0ab8464c286e0564fdf9e899852c4db249384f154598db79,20260916,0.10.0,231,supply,demands,False,5,5,D4,10,BASE,POWER,56.7,J000010,1,1,56.7
m3-periodic,ee0bec387c023d5d0ab8464c286e0564fdf9e899852c4db249384f154598db79,20260916,0.10.0,231,supply,demands,False,5,5,D5,11,BASE,POWER,56.800000000000004,J000009,1,1,56.800000000000004
m3-periodic,ee0bec387c023d5d0ab8464c286e0564fdf9e899852c4db249384f154598db79,20260916,0.10.0,232,supply,demands,False,6,6,D1,3,BASE,POWER,16.800000000000004,J000001,1,1,16.800000000000004
m3-periodic,ee0bec387c023d5d0ab8464c286e0564fdf9e899852c4db249384f154598db79,20260916,0.10.0,232,supply,demands,False,6,6,D2,6,BASE,POWER,32.7,J000005,1,1,32.7
m3-periodic,ee0bec387c023d5d0ab8464c286e0564fdf9e899852c4db249384f154598db79,20260916,0.10.0,232,supply,demands,False,6,6,D3,7,BASE,POWER,32.800000000000004,J000004,1,1,32.800000000000004
m3-periodic,ee0bec387c023d5d0ab8464c286e0564fdf9e899852c4db249384f154598db79,20260916,0.10.0,232,supply,demands,False,6,6,D4,10,BASE,POWER,56.800000000000004,J000008,1,1,56.800000000000004
m3-periodic,ee0bec387c023d5d0ab8464c286e0564fdf9e899852c4db249384f154598db79,20260916,0.10.0,232,supply,demands,False,6,6,D5,11,BASE,POWER,60.7,J000012,1,1,60.7
m3-periodic,ee0bec387c023d5d0ab8464c286e0564fdf9e899852c4db249384f154598db79,20260916,0.10.0,232,supply,demands,False,6,6,D6,12,BASE,POWER,60.800000000000004,J000011,1,1,64.5
m3-periodic,ee0bec387c023d5d0ab8464c286e0564fdf9e899852c4db249384f154598db79,20260916,0.10.0,233,supply,demands,False,6,6,D1,3,BASE,POWER,16.380230922665845,J000002,1,1,16.380230922665845
m3-periodic,ee0bec387c023d5d0ab8464c286e0564fdf9e899852c4db249384f154598db79,20260916,0.10.0,233,supply,demands,False,6,6,D2,4,BASE,POWER,16.480230922665847,J000003,1,1,16.480230922665847
m3-periodic,ee0bec387c023d5d0ab8464c286e0564fdf9e899852c4db249384f154598db79,20260916,0.10.0,233,supply,demands,False,6,6,D3,7,BASE,POWER,32.7,J000007,1,1,32.7
m3-periodic,ee0bec387c023d5d0ab8464c286e0564fdf9e899852c4db249384f154598db79,20260916,0.10.0,233,supply,demands,False,6,6,D4,8,BASE,POWER,32.800000000000004,J000006,1,1,32.800000000000004
m3-periodic,ee0bec387c023d5d0ab8464c286e0564fdf9e899852c4db249384f154598db79,20260916,0.10.0,233,supply,demands,False,6,6,D5,11,BASE,POWER,56.800000000000004,J000010,1,1,56.800000000000004
m3-periodic,ee0bec387c023d5d0ab8464c286e0564fdf9e899852c4db249384f154598db79,20260916,0.10.0,233,supply,demands,False,6,6,D6,12,BASE,POWER,60.7,J000014,1,1,60.7
m3-periodic,ee0bec387c023d5d0ab8464c286e0564fdf9e899852c4db249384f154598db79,20260916,0.10.0,234,supply,demands,False,6,6,D1,3,BASE,POWER,16.700000000000003,J000002,1,1,16.700000000000003
m3-periodic,ee0bec387c023d5d0ab8464c286e0564fdf9e899852c4db249384f154598db79,20260916,0.10.0,234,supply,demands,False,6,6,D2,6,BASE,POWER,32.7,J000005,1,1,32.7
m3-periodic,ee0bec387c023d5d0ab8464c286e0564fdf9e899852c4db249384f154598db79,20260916,0.10.0,234,supply,demands,False,6,6,D3,7,BASE,POWER,32.800000000000004,J000004,1,1,32.800000000000004
m3-periodic,ee0bec387c023d5d0ab8464c286e0564fdf9e899852c4db249384f154598db79,20260916,0.10.0,234,supply,demands,False,6,6,D4,10,BASE,POWER,56.7,J000010,1,1,56.7
m3-periodic,ee0bec387c023d5d0ab8464c286e0564fdf9e899852c4db249384f154598db79,20260916,0.10.0,234,supply,demands,False,6,6,D5,11,BASE,POWER,56.800000000000004,J000009,1,1,56.800000000000004
m3-periodic,ee0bec387c023d5d0ab8464c286e0564fdf9e899852c4db249384f154598db79,20260916,0.10.0,234,supply,demands,False,6,6,D6,12,BASE,POWER,59.8240497067742,J000013,1,1,64.5
m3-periodic,ee0bec387c023d5d0ab8464c286e0564fdf9e899852c4db249384f154598db79,20260916,0.10.0,235,supply,demands,False,5,5,D1,3,BASE,POWER,16.800000000000004,J000001,1,1,16.800000000000004
m3-periodic,ee0bec387c023d5d0ab8464c286e0564fdf9e899852c4db249384f154598db79,20260916,0.10.0,235,supply,demands,False,5,5,D2,6,BASE,POWER,32.7,J000005,1,1,32.7
m3-periodic,ee0bec387c023d5d0ab8464c286e0564fdf9e899852c4db249384f154598db79,20260916,0.10.0,235,supply,demands,False,5,5,D3,9,BASE,POWER,56.800000000000004,J000007,1,1,56.800000000000004
m3-periodic,ee0bec387c023d5d0ab8464c286e0564fdf9e899852c4db249384f154598db79,20260916,0.10.0,235,supply,demands,False,5,5,D4,10,BASE,POWER,60.7,J000011,1,1,60.7
m3-periodic,ee0bec387c023d5d0ab8464c286e0564fdf9e899852c4db249384f154598db79,20260916,0.10.0,235,supply,demands,False,5,5,D5,11,BASE,POWER,60.800000000000004,J000010,1,1,64.5
m3-periodic,ee0bec387c023d5d0ab8464c286e0564fdf9e899852c4db249384f154598db79,20260916,0.10.0,236,supply,demands,False,5,5,D1,3,BASE,POWER,7.7420765765421145,J000001,1,1,7.7420765765421145
m3-periodic,ee0bec387c023d5d0ab8464c286e0564fdf9e899852c4db249384f154598db79,20260916,0.10.0,236,supply,demands,False,5,5,D2,6,BASE,POWER,16.700000000000003,J000003,1,1,16.700000000000003
m3-periodic,ee0bec387c023d5d0ab8464c286e0564fdf9e899852c4db249384f154598db79,20260916,0.10.0,236,supply,demands,False,5,5,D3,9,BASE,POWER,32.7,J000006,1,1,32.7
m3-periodic,ee0bec387c023d5d0ab8464c286e0564fdf9e899852c4db249384f154598db79,20260916,0.10.0,236,supply,demands,False,5,5,D4,10,BASE,POWER,36.7,J000008,1,1,36.7
m3-periodic,ee0bec387c023d5d0ab8464c286e0564fdf9e899852c4db249384f154598db79,20260916,0.10.0,236,supply,demands,False,5,5,D5,13,BASE,POWER,60.800000000000004,J000012,1,1,60.800000000000004
m3-periodic,ee0bec387c023d5d0ab8464c286e0564fdf9e899852c4db249384f154598db79,20260916,0.10.0,237,supply,demands,False,5,5,D1,3,BASE,POWER,16.700000000000003,J000002,1,1,16.700000000000003
m3-periodic,ee0bec387c023d5d0ab8464c286e0564fdf9e899852c4db249384f154598db79,20260916,0.10.0,237,supply,demands,False,5,5,D2,6,BASE,POWER,32.800000000000004,J000004,1,1,32.800000000000004
m3-periodic,ee0bec387c023d5d0ab8464c286e0564fdf9e899852c4db249384f154598db79,20260916,0.10.0,237,supply,demands,False,5,5,D3,9,BASE,POWER,56.7,J000008,1,1,56.7
m3-periodic,ee0bec387c023d5d0ab8464c286e0564fdf9e899852c4db249384f154598db79,20260916,0.10.0,237,supply,demands,False,5,5,D4,10,BASE,POWER,56.800000000000004,J000007,1,1,56.800000000000004
m3-periodic,ee0bec387c023d5d0ab8464c286e0564fdf9e899852c4db249384f154598db79,20260916,0.10.0,237,supply,demands,False,5,5,D5,11,BASE,POWER,60.7,J000012,1,1,64.5
m3-periodic,ee0bec387c023d5d0ab8464c286e0564fdf9e899852c4db249384f154598db79,20260916,0.10.0,238,supply,demands,False,7,7,D1,3,BASE,POWER,16.700000000000003,J000002,1,1,16.700000000000003
m3-periodic,ee0bec387c023d5d0ab8464c286e0564fdf9e899852c4db249384f154598db79,20260916,0.10.0,238,supply,demands,False,7,7,D2,4,BASE,POWER,16.800000000000004,J000001,1,1,16.800000000000004
m3-periodic,ee0bec387c023d5d0ab8464c286e0564fdf9e899852c4db249384f154598db79,20260916,0.10.0,238,supply,demands,False,7,7,D3,7,BASE,POWER,32.7,J000006,1,1,32.7
m3-periodic,ee0bec387c023d5d0ab8464c286e0564fdf9e899852c4db249384f154598db79,20260916,0.10.0,238,supply,demands,False,7,7,D4,8,BASE,POWER,32.800000000000004,J000005,1,1,32.800000000000004
m3-periodic,ee0bec387c023d5d0ab8464c286e0564fdf9e899852c4db249384f154598db79,20260916,0.10.0,238,supply,demands,False,7,7,D5,11,BASE,POWER,56.7,J000010,1,1,56.7
m3-periodic,ee0bec387c023d5d0ab8464c286e0564fdf9e899852c4db249384f154598db79,20260916,0.10.0,238,supply,demands,False,7,7,D6,12,BASE,POWER,56.800000000000004,J000009,1,1,56.800000000000004
m3-periodic,ee0bec387c023d5d0ab8464c286e0564fdf9e899852c4db249384f154598db79,20260916,0.10.0,238,supply,demands,False,7,7,D7,13,BASE,POWER,60.7,J000014,1,1,64.5
m3-periodic,ee0bec387c023d5d0ab8464c286e0564fdf9e899852c4db249384f154598db79,20260916,0.10.0,239,supply,demands,False,5,5,D1,3,BASE,POWER,16.700000000000003,J000002,1,1,16.700000000000003
m3-periodic,ee0bec387c023d5d0ab8464c286e0564fdf9e899852c4db249384f154598db79,20260916,0.10.0,239,supply,demands,False,5,5,D2,6,BASE,POWER,32.800000000000004,J000004,1,1,32.800000000000004
m3-periodic,ee0bec387c023d5d0ab8464c286e0564fdf9e899852c4db249384f154598db79,20260916,0.10.0,239,supply,demands,False,5,5,D3,9,BASE,POWER,56.800000000000004,J000007,1,1,56.800000000000004
m3-periodic,ee0bec387c023d5d0ab8464c286e0564fdf9e899852c4db249384f154598db79,20260916,0.10.0,239,supply,demands,False,5,5,D4,10,BASE,POWER,60.800000000000004,J000010,1,1,60.800000000000004
m3-periodic,ee0bec387c023d5d0ab8464c286e0564fdf9e899852c4db249384f154598db79,20260916,0.10.0,239,supply,demands,False,5,5,D5,11,BASE,POWER,63.66541011107098,J000013,1,1,64.5
m3-periodic,ee0bec387c023d5d0ab8464c286e0564fdf9e899852c4db249384f154598db79,20260916,0.10.0,240,supply,demands,False,8,8,D1,3,BASE,POWER,7.801242693538108,J000001,1,1,7.801242693538108
m3-periodic,ee0bec387c023d5d0ab8464c286e0564fdf9e899852c4db249384f154598db79,20260916,0.10.0,240,supply,demands,False,8,8,D2,6,BASE,POWER,16.700000000000003,J000003,1,1,16.700000000000003
m3-periodic,ee0bec387c023d5d0ab8464c286e0564fdf9e899852c4db249384f154598db79,20260916,0.10.0,240,supply,demands,False,8,8,D3,9,BASE,POWER,32.7,J000006,1,1,32.7
m3-periodic,ee0bec387c023d5d0ab8464c286e0564fdf9e899852c4db249384f154598db79,20260916,0.10.0,240,supply,demands,False,8,8,D4,10,BASE,POWER,32.800000000000004,J000005,1,1,32.800000000000004
m3-periodic,ee0bec387c023d5d0ab8464c286e0564fdf9e899852c4db249384f154598db79,20260916,0.10.0,240,supply,demands,False,8,8,D5,11,BASE,POWER,36.7,J000009,1,1,40.5
m3-periodic,ee0bec387c023d5d0ab8464c286e0564fdf9e899852c4db249384f154598db79,20260916,0.10.0,240,supply,demands,False,8,8,D6,14,BASE,POWER,56.7,J000011,1,1,56.7
m3-periodic,ee0bec387c023d5d0ab8464c286e0564fdf9e899852c4db249384f154598db79,20260916,0.10.0,240,supply,demands,False,8,8,D7,15,BASE,POWER,60.7,J000014,1,1,60.7
m3-periodic,ee0bec387c023d5d0ab8464c286e0564fdf9e899852c4db249384f154598db79,20260916,0.10.0,240,supply,demands,False,8,8,D8,16,BASE,POWER,60.800000000000004,J000013,1,1,64.5
m3-periodic,ee0bec387c023d5d0ab8464c286e0564fdf9e899852c4db249384f154598db79,20260916,0.10.0,241,supply,demands,False,5,5,D1,3,BASE,POWER,32.7,J000004,1,1,32.7
m3-periodic,ee0bec387c023d5d0ab8464c286e0564fdf9e899852c4db249384f154598db79,20260916,0.10.0,241,supply,demands,False,5,5,D2,4,BASE,POWER,32.800000000000004,J000003,1,1,32.800000000000004
m3-periodic,ee0bec387c023d5d0ab8464c286e0564fdf9e899852c4db249384f154598db79,20260916,0.10.0,241,supply,demands,False,5,5,D3,7,BASE,POWER,56.7,J000008,1,1,56.7
m3-periodic,ee0bec387c023d5d0ab8464c286e0564fdf9e899852c4db249384f154598db79,20260916,0.10.0,241,supply,demands,False,5,5,D4,8,BASE,POWER,56.800000000000004,J000007,1,1,56.800000000000004
m3-periodic,ee0bec387c023d5d0ab8464c286e0564fdf9e899852c4db249384f154598db79,20260916,0.10.0,241,supply,demands,False,5,5,D5,9,BASE,POWER,60.800000000000004,J000011,1,1,64.5
m3-periodic,ee0bec387c023d5d0ab8464c286e0564fdf9e899852c4db249384f154598db79,20260916,0.10.0,242,supply,demands,False,4,4,D1,3,BASE,POWER,32.7,J000003,1,1,32.7
m3-periodic,ee0bec387c023d5d0ab8464c286e0564fdf9e899852c4db249384f154598db79,20260916,0.10.0,242,supply,demands,False,4,4,D2,6,BASE,POWER,40.7,J000007,1,1,40.7
m3-periodic,ee0bec387c023d5d0ab8464c286e0564fdf9e899852c4db249384f154598db79,20260916,0.10.0,242,supply,demands,False,4,4,D3,9,BASE,POWER,54.41855913520554,J000009,1,1,54.41855913520554
m3-periodic,ee0bec387c023d5d0ab8464c286e0564fdf9e899852c4db249384f154598db79,20260916,0.10.0,242,supply,demands,False,4,4,D4,12,BASE,POWER,60.7,J000011,1,1,60.7
m3-periodic,ee0bec387c023d5d0ab8464c286e0564fdf9e899852c4db249384f154598db79,20260916,0.10.0,243,supply,demands,False,7,7,D1,3,BASE,POWER,8.143857796748023,J000001,1,1,8.143857796748023
m3-periodic,ee0bec387c023d5d0ab8464c286e0564fdf9e899852c4db249384f154598db79,20260916,0.10.0,243,supply,demands,False,7,7,D2,6,BASE,POWER,16.700000000000003,J000003,1,1,16.700000000000003
m3-periodic,ee0bec387c023d5d0ab8464c286e0564fdf9e899852c4db249384f154598db79,20260916,0.10.0,243,supply,demands,False,7,7,D3,9,BASE,POWER,32.7,J000006,1,1,32.7
m3-periodic,ee0bec387c023d5d0ab8464c286e0564fdf9e899852c4db249384f154598db79,20260916,0.10.0,243,supply,demands,False,7,7,D4,10,BASE,POWER,32.800000000000004,J000005,1,1,32.800000000000004
m3-periodic,ee0bec387c023d5d0ab8464c286e0564fdf9e899852c4db249384f154598db79,20260916,0.10.0,243,supply,demands,False,7,7,D5,11,BASE,POWER,36.7,J000009,1,1,40.5
m3-periodic,ee0bec387c023d5d0ab8464c286e0564fdf9e899852c4db249384f154598db79,20260916,0.10.0,243,supply,demands,False,7,7,D6,14,BASE,POWER,60.7,J000013,1,1,60.7
m3-periodic,ee0bec387c023d5d0ab8464c286e0564fdf9e899852c4db249384f154598db79,20260916,0.10.0,243,supply,demands,False,7,7,D7,15,BASE,POWER,60.800000000000004,J000012,1,1,60.800000000000004
m3-periodic,ee0bec387c023d5d0ab8464c286e0564fdf9e899852c4db249384f154598db79,20260916,0.10.0,244,supply,demands,False,3,3,D1,3,BASE,POWER,16.1623396231415,J000001,1,1,16.1623396231415
m3-periodic,ee0bec387c023d5d0ab8464c286e0564fdf9e899852c4db249384f154598db79,20260916,0.10.0,244,supply,demands,False,3,3,D2,6,BASE,POWER,60.3905737616573,J000010,1,1,60.3905737616573
m3-periodic,ee0bec387c023d5d0ab8464c286e0564fdf9e899852c4db249384f154598db79,20260916,0.10.0,244,supply,demands,False,3,3,D3,7,BASE,POWER,60.4905737616573,J000011,1,1,60.4905737616573
m3-periodic,ee0bec387c023d5d0ab8464c286e0564fdf9e899852c4db249384f154598db79,20260916,0.10.0,245,supply,demands,False,6,6,D1,3,BASE,POWER,16.700000000000003,J000002,1,1,16.700000000000003
m3-periodic,ee0bec387c023d5d0ab8464c286e0564fdf9e899852c4db249384f154598db79,20260916,0.10.0,245,supply,demands,False,6,6,D2,6,BASE,POWER,32.7,J000005,1,1,32.7
m3-periodic,ee0bec387c023d5d0ab8464c286e0564fdf9e899852c4db249384f154598db79,20260916,0.10.0,245,supply,demands,False,6,6,D3,7,BASE,POWER,32.800000000000004,J000004,1,1,32.800000000000004
m3-periodic,ee0bec387c023d5d0ab8464c286e0564fdf9e899852c4db249384f154598db79,20260916,0.10.0,245,supply,demands,False,6,6,D4,10,BASE,POWER,56.7,J000009,1,1,56.7
m3-periodic,ee0bec387c023d5d0ab8464c286e0564fdf9e899852c4db249384f154598db79,20260916,0.10.0,245,supply,demands,False,6,6,D5,11,BASE,POWER,56.800000000000004,J000008,1,1,56.800000000000004
m3-periodic,ee0bec387c023d5d0ab8464c286e0564fdf9e899852c4db249384f154598db79,20260916,0.10.0,245,supply,demands,False,6,6,D6,12,BASE,POWER,60.7,J000013,1,1,64.5
m3-periodic,ee0bec387c023d5d0ab8464c286e0564fdf9e899852c4db249384f154598db79,20260916,0.10.0,246,supply,demands,False,4,4,D1,3,BASE,POWER,16.700000000000003,J000002,1,1,16.700000000000003
m3-periodic,ee0bec387c023d5d0ab8464c286e0564fdf9e899852c4db249384f154598db79,20260916,0.10.0,246,supply,demands,False,4,4,D2,4,BASE,POWER,16.800000000000004,J000001,1,1,16.800000000000004
m3-periodic,ee0bec387c023d5d0ab8464c286e0564fdf9e899852c4db249384f154598db79,20260916,0.10.0,246,supply,demands,False,4,4,D3,7,BASE,POWER,32.800000000000004,J000005,1,1,32.800000000000004
m3-periodic,ee0bec387c023d5d0ab8464c286e0564fdf9e899852c4db249384f154598db79,20260916,0.10.0,246,supply,demands,False,4,4,D4,10,BASE,POWER,56.800000000000004,J000008,1,1,56.800000000000004
m3-periodic,ee0bec387c023d5d0ab8464c286e0564fdf9e899852c4db249384f154598db79,20260916,0.10.0,247,supply,demands,False,7,7,D1,3,BASE,POWER,16.700000000000003,J000002,1,1,16.700000000000003
m3-periodic,ee0bec387c023d5d0ab8464c286e0564fdf9e899852c4db249384f154598db79,20260916,0.10.0,247,supply,demands,False,7,7,D2,4,BASE,POWER,16.800000000000004,J000001,1,1,16.800000000000004
m3-periodic,ee0bec387c023d5d0ab8464c286e0564fdf9e899852c4db249384f154598db79,20260916,0.10.0,247,supply,demands,False,7,7,D3,7,BASE,POWER,32.7,J000006,1,1,32.7
m3-periodic,ee0bec387c023d5d0ab8464c286e0564fdf9e899852c4db249384f154598db79,20260916,0.10.0,247,supply,demands,False,7,7,D4,8,BASE,POWER,32.800000000000004,J000005,1,1,32.800000000000004
m3-periodic,ee0bec387c023d5d0ab8464c286e0564fdf9e899852c4db249384f154598db79,20260916,0.10.0,247,supply,demands,False,7,7,D5,9,BASE,POWER,36.1640081889087,J000009,1,1,40.5
m3-periodic,ee0bec387c023d5d0ab8464c286e0564fdf9e899852c4db249384f154598db79,20260916,0.10.0,247,supply,demands,False,7,7,D6,12,BASE,POWER,60.7,J000013,1,1,60.7
m3-periodic,ee0bec387c023d5d0ab8464c286e0564fdf9e899852c4db249384f154598db79,20260916,0.10.0,247,supply,demands,False,7,7,D7,15,BASE,POWER,64.69999999999999,J000015,1,1,64.69999999999999
m3-periodic,ee0bec387c023d5d0ab8464c286e0564fdf9e899852c4db249384f154598db79,20260916,0.10.0,248,supply,demands,False,4,4,D1,3,BASE,POWER,16.800000000000004,J000001,1,1,16.800000000000004
m3-periodic,ee0bec387c023d5d0ab8464c286e0564fdf9e899852c4db249384f154598db79,20260916,0.10.0,248,supply,demands,False,4,4,D2,6,BASE,POWER,32.800000000000004,J000004,1,1,32.800000000000004
m3-periodic,ee0bec387c023d5d0ab8464c286e0564fdf9e899852c4db249384f154598db79,20260916,0.10.0,248,supply,demands,False,4,4,D3,9,BASE,POWER,56.7,J000008,1,1,56.7
m3-periodic,ee0bec387c023d5d0ab8464c286e0564fdf9e899852c4db249384f154598db79,20260916,0.10.0,248,supply,demands,False,4,4,D4,10,BASE,POWER,60.7,J000011,1,1,60.7
m3-periodic,ee0bec387c023d5d0ab8464c286e0564fdf9e899852c4db249384f154598db79,20260916,0.10.0,249,supply,demands,False,5,5,D1,3,BASE,POWER,32.7,J000004,1,1,32.7
m3-periodic,ee0bec387c023d5d0ab8464c286e0564fdf9e899852c4db249384f154598db79,20260916,0.10.0,249,supply,demands,False,5,5,D2,6,BASE,POWER,56.7,J000007,1,1,56.7
m3-periodic,ee0bec387c023d5d0ab8464c286e0564fdf9e899852c4db249384f154598db79,20260916,0.10.0,249,supply,demands,False,5,5,D3,7,BASE,POWER,60.7,J000010,1,1,60.7
m3-periodic,ee0bec387c023d5d0ab8464c286e0564fdf9e899852c4db249384f154598db79,20260916,0.10.0,249,supply,demands,False,5,5,D4,8,BASE,POWER,60.800000000000004,J000009,1,1,64.5
m3-periodic,ee0bec387c023d5d0ab8464c286e0564fdf9e899852c4db249384f154598db79,20260916,0.10.0,249,supply,demands,False,5,5,D5,11,BASE,POWER,64.85,J000014,1,1,64.85
m3-periodic,ee0bec387c023d5d0ab8464c286e0564fdf9e899852c4db249384f154598db79,20260916,0.10.0,250,supply,demands,False,6,6,D1,3,BASE,POWER,16.700000000000003,J000002,1,1,16.700000000000003
m3-periodic,ee0bec387c023d5d0ab8464c286e0564fdf9e899852c4db249384f154598db79,20260916,0.10.0,250,supply,demands,False,6,6,D2,6,BASE,POWER,32.7,J000005,1,1,32.7
m3-periodic,ee0bec387c023d5d0ab8464c286e0564fdf9e899852c4db249384f154598db79,20260916,0.10.0,250,supply,demands,False,6,6,D3,7,BASE,POWER,36.7,J000007,1,1,36.7
m3-periodic,ee0bec387c023d5d0ab8464c286e0564fdf9e899852c4db249384f154598db79,20260916,0.10.0,250,supply,demands,False,6,6,D4,10,BASE,POWER,56.16125335845814,J000010,1,1,56.16125335845814
m3-periodic,ee0bec387c023d5d0ab8464c286e0564fdf9e899852c4db249384f154598db79,20260916,0.10.0,250,supply,demands,False,6,6,D5,11,BASE,POWER,60.7,J000013,1,1,60.7
m3-periodic,ee0bec387c023d5d0ab8464c286e0564fdf9e899852c4db249384f154598db79,20260916,0.10.0,250,supply,demands,False,6,6,D6,12,BASE,POWER,60.800000000000004,J000012,1,1,64.5
m3-periodic,ee0bec387c023d5d0ab8464c286e0564fdf9e899852c4db249384f154598db79,20260916,0.10.0,251,supply,demands,False,5,5,D1,3,BASE,POWER,16.800000000000004,J000001,1,1,16.800000000000004
m3-periodic,ee0bec387c023d5d0ab8464c286e0564fdf9e899852c4db249384f154598db79,20260916,0.10.0,251,supply,demands,False,5,5,D2,6,BASE,POWER,32.7,J000005,1,1,32.7
m3-periodic,ee0bec387c023d5d0ab8464c286e0564fdf9e899852c4db249384f154598db79,20260916,0.10.0,251,supply,demands,False,5,5,D3,9,BASE,POWER,56.7,J000008,1,1,56.7
m3-periodic,ee0bec387c023d5d0ab8464c286e0564fdf9e899852c4db249384f154598db79,20260916,0.10.0,251,supply,demands,False,5,5,D4,10,BASE,POWER,60.7,J000011,1,1,60.7
m3-periodic,ee0bec387c023d5d0ab8464c286e0564fdf9e899852c4db249384f154598db79,20260916,0.10.0,251,supply,demands,False,5,5,D5,11,BASE,POWER,60.800000000000004,J000010,1,1,64.5
m3-periodic,ee0bec387c023d5d0ab8464c286e0564fdf9e899852c4db249384f154598db79,20260916,0.10.0,252,supply,demands,False,5,5,D1,3,BASE,POWER,16.800000000000004,J000001,1,1,16.800000000000004
m3-periodic,ee0bec387c023d5d0ab8464c286e0564fdf9e899852c4db249384f154598db79,20260916,0.10.0,252,supply,demands,False,5,5,D2,6,BASE,POWER,32.7,J000005,1,1,32.7
m3-periodic,ee0bec387c023d5d0ab8464c286e0564fdf9e899852c4db249384f154598db79,20260916,0.10.0,252,supply,demands,False,5,5,D3,9,BASE,POWER,56.800000000000004,J000007,1,1,56.800000000000004
m3-periodic,ee0bec387c023d5d0ab8464c286e0564fdf9e899852c4db249384f154598db79,20260916,0.10.0,252,supply,demands,False,5,5,D4,10,BASE,POWER,60.7,J000011,1,1,60.7
m3-periodic,ee0bec387c023d5d0ab8464c286e0564fdf9e899852c4db249384f154598db79,20260916,0.10.0,252,supply,demands,False,5,5,D5,11,BASE,POWER,60.800000000000004,J000010,1,1,64.5
m3-periodic,ee0bec387c023d5d0ab8464c286e0564fdf9e899852c4db249384f154598db79,20260916,0.10.0,253,supply,demands,False,7,7,D1,3,BASE,POWER,16.700000000000003,J000002,1,1,16.700000000000003
m3-periodic,ee0bec387c023d5d0ab8464c286e0564fdf9e899852c4db249384f154598db79,20260916,0.10.0,253,supply,demands,False,7,7,D2,4,BASE,POWER,16.800000000000004,J000001,1,1,16.800000000000004
m3-periodic,ee0bec387c023d5d0ab8464c286e0564fdf9e899852c4db249384f154598db79,20260916,0.10.0,253,supply,demands,False,7,7,D3,7,BASE,POWER,32.7,J000006,1,1,32.7
m3-periodic,ee0bec387c023d5d0ab8464c286e0564fdf9e899852c4db249384f154598db79,20260916,0.10.0,253,supply,demands,False,7,7,D4,8,BASE,POWER,32.800000000000004,J000005,1,1,32.800000000000004
m3-periodic,ee0bec387c023d5d0ab8464c286e0564fdf9e899852c4db249384f154598db79,20260916,0.10.0,253,supply,demands,False,7,7,D5,11,BASE,POWER,56.7,J000010,1,1,56.7
m3-periodic,ee0bec387c023d5d0ab8464c286e0564fdf9e899852c4db249384f154598db79,20260916,0.10.0,253,supply,demands,False,7,7,D6,12,BASE,POWER,56.800000000000004,J000009,1,1,56.800000000000004
m3-periodic,ee0bec387c023d5d0ab8464c286e0564fdf9e899852c4db249384f154598db79,20260916,0.10.0,253,supply,demands,False,7,7,D7,13,BASE,POWER,60.7,J000014,1,1,64.5
m3-periodic,ee0bec387c023d5d0ab8464c286e0564fdf9e899852c4db249384f154598db79,20260916,0.10.0,254,supply,demands,False,6,6,D1,3,BASE,POWER,16.700000000000003,J000002,1,1,16.700000000000003
m3-periodic,ee0bec387c023d5d0ab8464c286e0564fdf9e899852c4db249384f154598db79,20260916,0.10.0,254,supply,demands,False,6,6,D2,4,BASE,POWER,16.800000000000004,J000001,1,1,16.800000000000004
m3-periodic,ee0bec387c023d5d0ab8464c286e0564fdf9e899852c4db249384f154598db79,20260916,0.10.0,254,supply,demands,False,6,6,D3,7,BASE,POWER,32.7,J000006,1,1,32.7
m3-periodic,ee0bec387c023d5d0ab8464c286e0564fdf9e899852c4db249384f154598db79,20260916,0.10.0,254,supply,demands,False,6,6,D4,8,BASE,POWER,32.800000000000004,J000005,1,1,32.800000000000004
m3-periodic,ee0bec387c023d5d0ab8464c286e0564fdf9e899852c4db249384f154598db79,20260916,0.10.0,254,supply,demands,False,6,6,D5,9,BASE,POWER,35.380514205040946,J000009,1,1,40.5
m3-periodic,ee0bec387c023d5d0ab8464c286e0564fdf9e899852c4db249384f154598db79,20260916,0.10.0,254,supply,demands,False,6,6,D6,12,BASE,POWER,64.69999999999999,J000015,1,1,64.69999999999999
m3-periodic,ee0bec387c023d5d0ab8464c286e0564fdf9e899852c4db249384f154598db79,20260916,0.10.0,255,supply,demands,False,6,6,D1,3,BASE,POWER,16.633758160210917,J000004,1,1,16.633758160210917
m3-periodic,ee0bec387c023d5d0ab8464c286e0564fdf9e899852c4db249384f154598db79,20260916,0.10.0,255,supply,demands,False,6,6,D2,4,BASE,POWER,16.733758160210918,J000003,1,1,16.733758160210918
m3-periodic,ee0bec387c023d5d0ab8464c286e0564fdf9e899852c4db249384f154598db79,20260916,0.10.0,255,supply,demands,False,6,6,D3,7,BASE,POWER,56.7,J000010,1,1,56.7
m3-periodic,ee0bec387c023d5d0ab8464c286e0564fdf9e899852c4db249384f154598db79,20260916,0.10.0,255,supply,demands,False,6,6,D4,8,BASE,POWER,56.800000000000004,J000009,1,1,56.800000000000004
m3-periodic,ee0bec387c023d5d0ab8464c286e0564fdf9e899852c4db249384f154598db79,20260916,0.10.0,255,supply,demands,False,6,6,D5,9,BASE,POWER,60.7,J000014,1,1,64.5
m3-periodic,ee0bec387c023d5d0ab8464c286e0564fdf9e899852c4db249384f154598db79,20260916,0.10.0,255,supply,demands,False,6,6,D6,10,BASE,POWER,60.800000000000004,J000013,1,1,64.5
m3-periodic,ee0bec387c023d5d0ab8464c286e0564fdf9e899852c4db249384f154598db79,20260916,0.10.0,256,supply,demands,False,5,5,D1,3,BASE,POWER,16.700000000000003,J000002,1,1,16.700000000000003
m3-periodic,ee0bec387c023d5d0ab8464c286e0564fdf9e899852c4db249384f154598db79,20260916,0.10.0,256,supply,demands,False,5,5,D2,4,BASE,POWER,16.800000000000004,J000001,1,1,16.800000000000004
m3-periodic,ee0bec387c023d5d0ab8464c286e0564fdf9e899852c4db249384f154598db79,20260916,0.10.0,256,supply,demands,False,5,5,D3,7,BASE,POWER,32.7,J000006,1,1,32.7
m3-periodic,ee0bec387c023d5d0ab8464c286e0564fdf9e899852c4db249384f154598db79,20260916,0.10.0,256,supply,demands,False,5,5,D4,8,BASE,POWER,32.800000000000004,J000005,1,1,32.800000000000004
m3-periodic,ee0bec387c023d5d0ab8464c286e0564fdf9e899852c4db249384f154598db79,20260916,0.10.0,256,supply,demands,False,5,5,D5,11,BASE,POWER,60.7,J000013,1,1,60.7
m3-periodic,ee0bec387c023d5d0ab8464c286e0564fdf9e899852c4db249384f154598db79,20260916,0.10.0,257,supply,demands,False,5,5,D1,3,BASE,POWER,16.700000000000003,J000003,1,1,16.700000000000003
m3-periodic,ee0bec387c023d5d0ab8464c286e0564fdf9e899852c4db249384f154598db79,20260916,0.10.0,257,supply,demands,False,5,5,D2,6,BASE,POWER,32.7,J000005,1,1,32.7
m3-periodic,ee0bec387c023d5d0ab8464c286e0564fdf9e899852c4db249384f154598db79,20260916,0.10.0,257,supply,demands,False,5,5,D3,9,BASE,POWER,40.7,J000007,1,1,40.7
m3-periodic,ee0bec387c023d5d0ab8464c286e0564fdf9e899852c4db249384f154598db79,20260916,0.10.0,257,supply,demands,False,5,5,D4,12,BASE,POWER,56.7,J000011,1,1,56.7
m3-periodic,ee0bec387c023d5d0ab8464c286e0564fdf9e899852c4db249384f154598db79,20260916,0.10.0,257,supply,demands,False,5,5,D5,13,BASE,POWER,56.800000000000004,J000010,1,1,56.800000000000004
m3-periodic,ee0bec387c023d5d0ab8464c286e0564fdf9e899852c4db249384f154598db79,20260916,0.10.0,258,supply,demands,False,5,5,D1,3,BASE,POWER,16.800000000000004,J000001,1,1,16.800000000000004
m3-periodic,ee0bec387c023d5d0ab8464c286e0564fdf9e899852c4db249384f154598db79,20260916,0.10.0,258,supply,demands,False,5,5,D2,6,BASE,POWER,32.800000000000004,J000004,1,1,32.800000000000004
m3-periodic,ee0bec387c023d5d0ab8464c286e0564fdf9e899852c4db249384f154598db79,20260916,0.10.0,258,supply,demands,False,5,5,D3,9,BASE,POWER,55.60144198735594,J000007,1,1,55.60144198735594
m3-periodic,ee0bec387c023d5d0ab8464c286e0564fdf9e899852c4db249384f154598db79,20260916,0.10.0,258,supply,demands,False,5,5,D4,10,BASE,POWER,55.70144198735594,J000009,1,1,55.70144198735594
m3-periodic,ee0bec387c023d5d0ab8464c286e0564fdf9e899852c4db249384f154598db79,20260916,0.10.0,258,supply,demands,False,5,5,D5,13,BASE,POWER,60.800000000000004,J000012,1,1,60.800000000000004
m3-periodic,ee0bec387c023d5d0ab8464c286e0564fdf9e899852c4db249384f154598db79,20260916,0.10.0,259,supply,demands,False,6,6,D1,3,BASE,POWER,16.700000000000003,J000002,1,1,16.700000000000003
m3-periodic,ee0bec387c023d5d0ab8464c286e0564fdf9e899852c4db249384f154598db79,20260916,0.10.0,259,supply,demands,False,6,6,D2,6,BASE,POWER,32.7,J000005,1,1,32.7
m3-periodic,ee0bec387c023d5d0ab8464c286e0564fdf9e899852c4db249384f154598db79,20260916,0.10.0,259,supply,demands,False,6,6,D3,7,BASE,POWER,32.800000000000004,J000004,1,1,32.800000000000004
m3-periodic,ee0bec387c023d5d0ab8464c286e0564fdf9e899852c4db249384f154598db79,20260916,0.10.0,259,supply,demands,False,6,6,D4,10,BASE,POWER,55.07376834898548,J000009,1,1,55.07376834898548
m3-periodic,ee0bec387c023d5d0ab8464c286e0564fdf9e899852c4db249384f154598db79,20260916,0.10.0,259,supply,demands,False,6,6,D5,11,BASE,POWER,55.17376834898548,J000008,1,1,55.17376834898548
m3-periodic,ee0bec387c023d5d0ab8464c286e0564fdf9e899852c4db249384f154598db79,20260916,0.10.0,259,supply,demands,False,6,6,D6,14,BASE,POWER,60.800000000000004,J000012,1,1,60.800000000000004
m3-periodic,ee0bec387c023d5d0ab8464c286e0564fdf9e899852c4db249384f154598db79,20260916,0.10.0,260,supply,demands,False,5,5,D1,3,BASE,POWER,14.947293449160615,J000002,1,1,14.947293449160615
m3-periodic,ee0bec387c023d5d0ab8464c286e0564fdf9e899852c4db249384f154598db79,20260916,0.10.0,260,supply,demands,False,5,5,D2,6,BASE,POWER,31.7793841789956,J000004,1,1,31.7793841789956
m3-periodic,ee0bec387c023d5d0ab8464c286e0564fdf9e899852c4db249384f154598db79,20260916,0.10.0,260,supply,demands,False,5,5,D3,9,BASE,POWER,55.07074303992343,J000009,1,1,55.07074303992343
m3-periodic,ee0bec387c023d5d0ab8464c286e0564fdf9e899852c4db249384f154598db79,20260916,0.10.0,260,supply,demands,False,5,5,D4,12,BASE,POWER,60.7,J000012,1,1,60.7
m3-periodic,ee0bec387c023d5d0ab8464c286e0564fdf9e899852c4db249384f154598db79,20260916,0.10.0,260,supply,demands,False,5,5,D5,13,BASE,POWER,60.800000000000004,J000011,1,1,60.800000000000004
m3-periodic,ee0bec387c023d5d0ab8464c286e0564fdf9e899852c4db249384f154598db79,20260916,0.10.0,261,supply,demands,False,6,6,D1,3,BASE,POWER,16.700000000000003,J000002,1,1,16.700000000000003
m3-periodic,ee0bec387c023d5d0ab8464c286e0564fdf9e899852c4db249384f154598db79,20260916,0.10.0,261,supply,demands,False,6,6,D2,4,BASE,POWER,16.800000000000004,J000001,1,1,16.800000000000004
m3-periodic,ee0bec387c023d5d0ab8464c286e0564fdf9e899852c4db249384f154598db79,20260916,0.10.0,261,supply,demands,False,6,6,D3,7,BASE,POWER,32.7,J000006,1,1,32.7
m3-periodic,ee0bec387c023d5d0ab8464c286e0564fdf9e899852c4db249384f154598db79,20260916,0.10.0,261,supply,demands,False,6,6,D4,8,BASE,POWER,32.800000000000004,J000005,1,1,32.800000000000004
m3-periodic,ee0bec387c023d5d0ab8464c286e0564fdf9e899852c4db249384f154598db79,20260916,0.10.0,261,supply,demands,False,6,6,D5,11,BASE,POWER,56.800000000000004,J000009,1,1,56.800000000000004
m3-periodic,ee0bec387c023d5d0ab8464c286e0564fdf9e899852c4db249384f154598db79,20260916,0.10.0,261,supply,demands,False,6,6,D6,12,BASE,POWER,60.800000000000004,J000012,1,1,60.800000000000004
m3-periodic,ee0bec387c023d5d0ab8464c286e0564fdf9e899852c4db249384f154598db79,20260916,0.10.0,262,supply,demands,False,2,2,D1,3,BASE,POWER,16.700000000000003,J000002,1,1,16.700000000000003
m3-periodic,ee0bec387c023d5d0ab8464c286e0564fdf9e899852c4db249384f154598db79,20260916,0.10.0,262,supply,demands,False,2,2,D2,6,BASE,POWER,32.7,J000005,1,1,32.7
m3-periodic,ee0bec387c023d5d0ab8464c286e0564fdf9e899852c4db249384f154598db79,20260916,0.10.0,263,supply,demands,False,5,5,D1,3,BASE,POWER,32.7,J000004,1,1,32.7
m3-periodic,ee0bec387c023d5d0ab8464c286e0564fdf9e899852c4db249384f154598db79,20260916,0.10.0,263,supply,demands,False,5,5,D2,6,BASE,POWER,56.7,J000007,1,1,56.7
m3-periodic,ee0bec387c023d5d0ab8464c286e0564fdf9e899852c4db249384f154598db79,20260916,0.10.0,263,supply,demands,False,5,5,D3,7,BASE,POWER,60.7,J000010,1,1,60.7
m3-periodic,ee0bec387c023d5d0ab8464c286e0564fdf9e899852c4db249384f154598db79,20260916,0.10.0,263,supply,demands,False,5,5,D4,8,BASE,POWER,60.800000000000004,J000009,1,1,64.5
m3-periodic,ee0bec387c023d5d0ab8464c286e0564fdf9e899852c4db249384f154598db79,20260916,0.10.0,263,supply,demands,False,5,5,D5,11,BASE,POWER,64.31804027698232,J000013,1,1,64.5
m3-periodic,ee0bec387c023d5d0ab8464c286e0564fdf9e899852c4db249384f154598db79,20260916,0.10.0,264,supply,demands,False,3,3,D1,3,BASE,POWER,16.700000000000003,J000002,1,1,16.700000000000003
m3-periodic,ee0bec387c023d5d0ab8464c286e0564fdf9e899852c4db249384f154598db79,20260916,0.10.0,264,supply,demands,False,3,3,D2,6,BASE,POWER,32.800000000000004,J000004,1,1,32.800000000000004
m3-periodic,ee0bec387c023d5d0ab8464c286e0564fdf9e899852c4db249384f154598db79,20260916,0.10.0,264,supply,demands,False,3,3,D3,9,BASE,POWER,56.7,J000008,1,1,56.7
m3-periodic,ee0bec387c023d5d0ab8464c286e0564fdf9e899852c4db249384f154598db79,20260916,0.10.0,265,supply,demands,False,6,6,D1,3,BASE,POWER,16.700000000000003,J000002,1,1,16.700000000000003
m3-periodic,ee0bec387c023d5d0ab8464c286e0564fdf9e899852c4db249384f154598db79,20260916,0.10.0,265,supply,demands,False,6,6,D2,4,BASE,POWER,16.800000000000004,J000001,1,1,16.800000000000004
m3-periodic,ee0bec387c023d5d0ab8464c286e0564fdf9e899852c4db249384f154598db79,20260916,0.10.0,265,supply,demands,False,6,6,D3,7,BASE,POWER,32.7,J000006,1,1,32.7
m3-periodic,ee0bec387c023d5d0ab8464c286e0564fdf9e899852c4db249384f154598db79,20260916,0.10.0,265,supply,demands,False,6,6,D4,8,BASE,POWER,32.800000000000004,J000005,1,1,32.800000000000004
m3-periodic,ee0bec387c023d5d0ab8464c286e0564fdf9e899852c4db249384f154598db79,20260916,0.10.0,265,supply,demands,False,6,6,D5,11,BASE,POWER,56.7,J000010,1,1,56.7
m3-periodic,ee0bec387c023d5d0ab8464c286e0564fdf9e899852c4db249384f154598db79,20260916,0.10.0,265,supply,demands,False,6,6,D6,12,BASE,POWER,56.800000000000004,J000009,1,1,56.800000000000004
m3-periodic,ee0bec387c023d5d0ab8464c286e0564fdf9e899852c4db249384f154598db79,20260916,0.10.0,266,supply,demands,False,3,3,D1,3,BASE,POWER,32.800000000000004,J000003,1,1,32.800000000000004
m3-periodic,ee0bec387c023d5d0ab8464c286e0564fdf9e899852c4db249384f154598db79,20260916,0.10.0,266,supply,demands,False,3,3,D2,6,BASE,POWER,56.7,J000007,1,1,56.7
m3-periodic,ee0bec387c023d5d0ab8464c286e0564fdf9e899852c4db249384f154598db79,20260916,0.10.0,266,supply,demands,False,3,3,D3,7,BASE,POWER,60.7,J000010,1,1,60.7
m3-periodic,ee0bec387c023d5d0ab8464c286e0564fdf9e899852c4db249384f154598db79,20260916,0.10.0,267,supply,demands,False,5,5,D1,3,BASE,POWER,16.700000000000003,J000002,1,1,16.700000000000003
m3-periodic,ee0bec387c023d5d0ab8464c286e0564fdf9e899852c4db249384f154598db79,20260916,0.10.0,267,supply,demands,False,5,5,D2,6,BASE,POWER,32.800000000000004,J000004,1,1,32.800000000000004
m3-periodic,ee0bec387c023d5d0ab8464c286e0564fdf9e899852c4db249384f154598db79,20260916,0.10.0,267,supply,demands,False,5,5,D3,9,BASE,POWER,56.7,J000008,1,1,56.7
m3-periodic,ee0bec387c023d5d0ab8464c286e0564fdf9e899852c4db249384f154598db79,20260916,0.10.0,267,supply,demands,False,5,5,D4,10,BASE,POWER,56.800000000000004,J000007,1,1,56.800000000000004
m3-periodic,ee0bec387c023d5d0ab8464c286e0564fdf9e899852c4db249384f154598db79,20260916,0.10.0,267,supply,demands,False,5,5,D5,11,BASE,POWER,59.77949375366536,J000011,1,1,64.5
m3-periodic,ee0bec387c023d5d0ab8464c286e0564fdf9e899852c4db249384f154598db79,20260916,0.10.0,268,supply,demands,False,5,5,D1,3,BASE,POWER,16.800000000000004,J000001,1,1,16.800000000000004
m3-periodic,ee0bec387c023d5d0ab8464c286e0564fdf9e899852c4db249384f154598db79,20260916,0.10.0,268,supply,demands,False,5,5,D2,6,BASE,POWER,32.7,J000005,1,1,32.7
m3-periodic,ee0bec387c023d5d0ab8464c286e0564fdf9e899852c4db249384f154598db79,20260916,0.10.0,268,supply,demands,False,5,5,D3,9,BASE,POWER,56.7,J000008,1,1,56.7
m3-periodic,ee0bec387c023d5d0ab8464c286e0564fdf9e899852c4db249384f154598db79,20260916,0.10.0,268,supply,demands,False,5,5,D4,10,BASE,POWER,60.7,J000011,1,1,60.7
m3-periodic,ee0bec387c023d5d0ab8464c286e0564fdf9e899852c4db249384f154598db79,20260916,0.10.0,268,supply,demands,False,5,5,D5,11,BASE,POWER,60.800000000000004,J000010,1,1,64.5
m3-periodic,ee0bec387c023d5d0ab8464c286e0564fdf9e899852c4db249384f154598db79,20260916,0.10.0,269,supply,demands,False,5,5,D1,3,BASE,POWER,16.700000000000003,J000003,1,1,16.700000000000003
m3-periodic,ee0bec387c023d5d0ab8464c286e0564fdf9e899852c4db249384f154598db79,20260916,0.10.0,269,supply,demands,False,5,5,D2,4,BASE,POWER,16.800000000000004,J000002,1,1,16.800000000000004
m3-periodic,ee0bec387c023d5d0ab8464c286e0564fdf9e899852c4db249384f154598db79,20260916,0.10.0,269,supply,demands,False,5,5,D3,7,BASE,POWER,32.7,J000006,1,1,32.7
m3-periodic,ee0bec387c023d5d0ab8464c286e0564fdf9e899852c4db249384f154598db79,20260916,0.10.0,269,supply,demands,False,5,5,D4,10,BASE,POWER,40.7,J000008,1,1,40.7
m3-periodic,ee0bec387c023d5d0ab8464c286e0564fdf9e899852c4db249384f154598db79,20260916,0.10.0,269,supply,demands,False,5,5,D5,13,BASE,POWER,60.7,J000012,1,1,60.7
m3-periodic,ee0bec387c023d5d0ab8464c286e0564fdf9e899852c4db249384f154598db79,20260916,0.10.0,270,supply,demands,False,5,5,D1,3,BASE,POWER,16.800000000000004,J000001,1,1,16.800000000000004
m3-periodic,ee0bec387c023d5d0ab8464c286e0564fdf9e899852c4db249384f154598db79,20260916,0.10.0,270,supply,demands,False,5,5,D2,6,BASE,POWER,32.800000000000004,J000004,1,1,32.800000000000004
m3-periodic,ee0bec387c023d5d0ab8464c286e0564fdf9e899852c4db249384f154598db79,20260916,0.10.0,270,supply,demands,False,5,5,D3,9,BASE,POWER,60.7,J000009,1,1,60.7
m3-periodic,ee0bec387c023d5d0ab8464c286e0564fdf9e899852c4db249384f154598db79,20260916,0.10.0,270,supply,demands,False,5,5,D4,10,BASE,POWER,60.800000000000004,J000008,1,1,60.800000000000004
m3-periodic,ee0bec387c023d5d0ab8464c286e0564fdf9e899852c4db249384f154598db79,20260916,0.10.0,270,supply,demands,False,5,5,D5,13,BASE,POWER,64.69999999999999,J000013,1,1,64.69999999999999
m3-periodic,ee0bec387c023d5d0ab8464c286e0564fdf9e899852c4db249384f154598db79,20260916,0.10.0,271,supply,demands,False,7,7,D1,3,BASE,POWER,14.76317266039839,J000002,1,1,14.76317266039839
m3-periodic,ee0bec387c023d5d0ab8464c286e0564fdf9e899852c4db249384f154598db79,20260916,0.10.0,271,supply,demands,False,7,7,D2,4,BASE,POWER,14.863172660398389,J000001,1,1,14.863172660398389
m3-periodic,ee0bec387c023d5d0ab8464c286e0564fdf9e899852c4db249384f154598db79,20260916,0.10.0,271,supply,demands,False,7,7,D3,7,BASE,POWER,32.7,J000005,1,1,32.7
m3-periodic,ee0bec387c023d5d0ab8464c286e0564fdf9e899852c4db249384f154598db79,20260916,0.10.0,271,supply,demands,False,7,7,D4,8,BASE,POWER,32.800000000000004,J000007,1,1,32.800000000000004
m3-periodic,ee0bec387c023d5d0ab8464c286e0564fdf9e899852c4db249384f154598db79,20260916,0.10.0,271,supply,demands,False,7,7,D5,11,BASE,POWER,40.012607760746114,J000010,1,1,40.5
m3-periodic,ee0bec387c023d5d0ab8464c286e0564fdf9e899852c4db249384f154598db79,20260916,0.10.0,271,supply,demands,False,7,7,D6,14,BASE,POWER,56.7,J000013,1,1,56.7
m3-periodic,ee0bec387c023d5d0ab8464c286e0564fdf9e899852c4db249384f154598db79,20260916,0.10.0,271,supply,demands,False,7,7,D7,15,BASE,POWER,60.7,J000015,1,1,60.7
m3-periodic,ee0bec387c023d5d0ab8464c286e0564fdf9e899852c4db249384f154598db79,20260916,0.10.0,272,supply,demands,False,5,5,D1,3,BASE,POWER,16.700000000000003,J000002,1,1,16.700000000000003
m3-periodic,ee0bec387c023d5d0ab8464c286e0564fdf9e899852c4db249384f154598db79,20260916,0.10.0,272,supply,demands,False,5,5,D2,6,BASE,POWER,32.7,J000005,1,1,32.7
m3-periodic,ee0bec387c023d5d0ab8464c286e0564fdf9e899852c4db249384f154598db79,20260916,0.10.0,272,supply,demands,False,5,5,D3,9,BASE,POWER,56.7,J000008,1,1,56.7
m3-periodic,ee0bec387c023d5d0ab8464c286e0564fdf9e899852c4db249384f154598db79,20260916,0.10.0,272,supply,demands,False,5,5,D4,10,BASE,POWER,60.7,J000011,1,1,60.7
m3-periodic,ee0bec387c023d5d0ab8464c286e0564fdf9e899852c4db249384f154598db79,20260916,0.10.0,272,supply,demands,False,5,5,D5,11,BASE,POWER,60.800000000000004,J000010,1,1,64.5
m3-periodic,ee0bec387c023d5d0ab8464c286e0564fdf9e899852c4db249384f154598db79,20260916,0.10.0,273,supply,demands,False,6,6,D1,3,BASE,POWER,16.800000000000004,J000001,1,1,16.800000000000004
m3-periodic,ee0bec387c023d5d0ab8464c286e0564fdf9e899852c4db249384f154598db79,20260916,0.10.0,273,supply,demands,False,6,6,D2,6,BASE,POWER,32.7,J000005,1,1,32.7
m3-periodic,ee0bec387c023d5d0ab8464c286e0564fdf9e899852c4db249384f154598db79,20260916,0.10.0,273,supply,demands,False,6,6,D3,9,BASE,POWER,54.93655135263975,J000008,1,1,54.93655135263975
m3-periodic,ee0bec387c023d5d0ab8464c286e0564fdf9e899852c4db249384f154598db79,20260916,0.10.0,273,supply,demands,False,6,6,D4,10,BASE,POWER,55.036551352639755,J000007,1,1,55.036551352639755
m3-periodic,ee0bec387c023d5d0ab8464c286e0564fdf9e899852c4db249384f154598db79,20260916,0.10.0,273,supply,demands,False,6,6,D5,13,BASE,POWER,60.7,J000012,1,1,60.7
m3-periodic,ee0bec387c023d5d0ab8464c286e0564fdf9e899852c4db249384f154598db79,20260916,0.10.0,273,supply,demands,False,6,6,D6,14,BASE,POWER,60.800000000000004,J000013,1,1,60.800000000000004
m3-periodic,ee0bec387c023d5d0ab8464c286e0564fdf9e899852c4db249384f154598db79,20260916,0.10.0,274,supply,demands,False,5,5,D1,3,BASE,POWER,16.800000000000004,J000001,1,1,16.800000000000004
m3-periodic,ee0bec387c023d5d0ab8464c286e0564fdf9e899852c4db249384f154598db79,20260916,0.10.0,274,supply,demands,False,5,5,D2,6,BASE,POWER,32.7,J000005,1,1,32.7
m3-periodic,ee0bec387c023d5d0ab8464c286e0564fdf9e899852c4db249384f154598db79,20260916,0.10.0,274,supply,demands,False,5,5,D3,9,BASE,POWER,56.7,J000008,1,1,56.7
m3-periodic,ee0bec387c023d5d0ab8464c286e0564fdf9e899852c4db249384f154598db79,20260916,0.10.0,274,supply,demands,False,5,5,D4,10,BASE,POWER,56.800000000000004,J000007,1,1,56.800000000000004
m3-periodic,ee0bec387c023d5d0ab8464c286e0564fdf9e899852c4db249384f154598db79,20260916,0.10.0,274,supply,demands,False,5,5,D5,11,BASE,POWER,60.800000000000004,J000011,1,1,64.5
m3-periodic,ee0bec387c023d5d0ab8464c286e0564fdf9e899852c4db249384f154598db79,20260916,0.10.0,275,supply,demands,False,3,3,D1,3,BASE,POWER,16.700000000000003,J000002,1,1,16.700000000000003
m3-periodic,ee0bec387c023d5d0ab8464c286e0564fdf9e899852c4db249384f154598db79,20260916,0.10.0,275,supply,demands,False,3,3,D2,6,BASE,POWER,32.800000000000004,J000004,1,1,32.800000000000004
m3-periodic,ee0bec387c023d5d0ab8464c286e0564fdf9e899852c4db249384f154598db79,20260916,0.10.0,275,supply,demands,False,3,3,D3,9,BASE,POWER,60.7,J000010,1,1,60.7
m3-periodic,ee0bec387c023d5d0ab8464c286e0564fdf9e899852c4db249384f154598db79,20260916,0.10.0,276,supply,demands,False,3,3,D1,3,BASE,POWER,32.7,J000004,1,1,32.7
m3-periodic,ee0bec387c023d5d0ab8464c286e0564fdf9e899852c4db249384f154598db79,20260916,0.10.0,276,supply,demands,False,3,3,D2,6,BASE,POWER,56.800000000000004,J000006,1,1,56.800000000000004
m3-periodic,ee0bec387c023d5d0ab8464c286e0564fdf9e899852c4db249384f154598db79,20260916,0.10.0,276,supply,demands,False,3,3,D3,7,BASE,POWER,60.7,J000010,1,1,60.7
m3-periodic,ee0bec387c023d5d0ab8464c286e0564fdf9e899852c4db249384f154598db79,20260916,0.10.0,277,supply,demands,False,5,5,D1,3,BASE,POWER,16.700000000000003,J000002,1,1,16.700000000000003
m3-periodic,ee0bec387c023d5d0ab8464c286e0564fdf9e899852c4db249384f154598db79,20260916,0.10.0,277,supply,demands,False,5,5,D2,6,BASE,POWER,32.800000000000004,J000004,1,1,32.800000000000004
m3-periodic,ee0bec387c023d5d0ab8464c286e0564fdf9e899852c4db249384f154598db79,20260916,0.10.0,277,supply,demands,False,5,5,D3,9,BASE,POWER,56.7,J000008,1,1,56.7
m3-periodic,ee0bec387c023d5d0ab8464c286e0564fdf9e899852c4db249384f154598db79,20260916,0.10.0,277,supply,demands,False,5,5,D4,10,BASE,POWER,56.800000000000004,J000007,1,1,56.800000000000004
m3-periodic,ee0bec387c023d5d0ab8464c286e0564fdf9e899852c4db249384f154598db79,20260916,0.10.0,277,supply,demands,False,5,5,D5,11,BASE,POWER,63.5346593075506,J000013,1,1,64.5
m3-periodic,ee0bec387c023d5d0ab8464c286e0564fdf9e899852c4db249384f154598db79,20260916,0.10.0,278,supply,demands,False,5,5,D1,3,BASE,POWER,16.800000000000004,J000001,1,1,16.800000000000004
m3-periodic,ee0bec387c023d5d0ab8464c286e0564fdf9e899852c4db249384f154598db79,20260916,0.10.0,278,supply,demands,False,5,5,D2,6,BASE,POWER,32.800000000000004,J000004,1,1,32.800000000000004
m3-periodic,ee0bec387c023d5d0ab8464c286e0564fdf9e899852c4db249384f154598db79,20260916,0.10.0,278,supply,demands,False,5,5,D3,9,BASE,POWER,56.800000000000004,J000007,1,1,56.800000000000004
m3-periodic,ee0bec387c023d5d0ab8464c286e0564fdf9e899852c4db249384f154598db79,20260916,0.10.0,278,supply,demands,False,5,5,D4,10,BASE,POWER,60.7,J000011,1,1,60.7
m3-periodic,ee0bec387c023d5d0ab8464c286e0564fdf9e899852c4db249384f154598db79,20260916,0.10.0,278,supply,demands,False,5,5,D5,11,BASE,POWER,60.800000000000004,J000010,1,1,64.5
m3-periodic,ee0bec387c023d5d0ab8464c286e0564fdf9e899852c4db249384f154598db79,20260916,0.10.0,279,supply,demands,False,6,6,D1,3,BASE,POWER,16.700000000000003,J000002,1,1,16.700000000000003
m3-periodic,ee0bec387c023d5d0ab8464c286e0564fdf9e899852c4db249384f154598db79,20260916,0.10.0,279,supply,demands,False,6,6,D2,6,BASE,POWER,32.7,J000005,1,1,32.7
m3-periodic,ee0bec387c023d5d0ab8464c286e0564fdf9e899852c4db249384f154598db79,20260916,0.10.0,279,supply,demands,False,6,6,D3,7,BASE,POWER,32.800000000000004,J000004,1,1,32.800000000000004
m3-periodic,ee0bec387c023d5d0ab8464c286e0564fdf9e899852c4db249384f154598db79,20260916,0.10.0,279,supply,demands,False,6,6,D4,10,BASE,POWER,56.7,J000009,1,1,56.7
m3-periodic,ee0bec387c023d5d0ab8464c286e0564fdf9e899852c4db249384f154598db79,20260916,0.10.0,279,supply,demands,False,6,6,D5,11,BASE,POWER,60.7,J000012,1,1,60.7
m3-periodic,ee0bec387c023d5d0ab8464c286e0564fdf9e899852c4db249384f154598db79,20260916,0.10.0,279,supply,demands,False,6,6,D6,12,BASE,POWER,60.800000000000004,J000011,1,1,64.5
m3-periodic,ee0bec387c023d5d0ab8464c286e0564fdf9e899852c4db249384f154598db79,20260916,0.10.0,280,supply,demands,False,5,5,D1,3,BASE,POWER,16.800000000000004,J000001,1,1,16.800000000000004
m3-periodic,ee0bec387c023d5d0ab8464c286e0564fdf9e899852c4db249384f154598db79,20260916,0.10.0,280,supply,demands,False,5,5,D2,6,BASE,POWER,56.7,J000007,1,1,56.7
m3-periodic,ee0bec387c023d5d0ab8464c286e0564fdf9e899852c4db249384f154598db79,20260916,0.10.0,280,supply,demands,False,5,5,D3,7,BASE,POWER,56.800000000000004,J000006,1,1,56.800000000000004
m3-periodic,ee0bec387c023d5d0ab8464c286e0564fdf9e899852c4db249384f154598db79,20260916,0.10.0,280,supply,demands,False,5,5,D4,8,BASE,POWER,59.79681643515882,J000011,1,1,64.5
m3-periodic,ee0bec387c023d5d0ab8464c286e0564fdf9e899852c4db249384f154598db79,20260916,0.10.0,280,supply,demands,False,5,5,D5,9,BASE,POWER,59.89681643515882,J000012,1,1,64.5
m3-periodic,ee0bec387c023d5d0ab8464c286e0564fdf9e899852c4db249384f154598db79,20260916,0.10.0,281,supply,demands,False,5,5,D1,3,BASE,POWER,16.800000000000004,J000001,1,1,16.800000000000004
m3-periodic,ee0bec387c023d5d0ab8464c286e0564fdf9e899852c4db249384f154598db79,20260916,0.10.0,281,supply,demands,False,5,5,D2,6,BASE,POWER,32.7,J000005,1,1,32.7
m3-periodic,ee0bec387c023d5d0ab8464c286e0564fdf9e899852c4db249384f154598db79,20260916,0.10.0,281,supply,demands,False,5,5,D3,7,BASE,POWER,32.800000000000004,J000004,1,1,32.800000000000004
m3-periodic,ee0bec387c023d5d0ab8464c286e0564fdf9e899852c4db249384f154598db79,20260916,0.10.0,281,supply,demands,False,5,5,D4,10,BASE,POWER,56.7,J000009,1,1,56.7
m3-periodic,ee0bec387c023d5d0ab8464c286e0564fdf9e899852c4db249384f154598db79,20260916,0.10.0,281,supply,demands,False,5,5,D5,11,BASE,POWER,60.800000000000004,J000011,1,1,60.800000000000004
m3-periodic,ee0bec387c023d5d0ab8464c286e0564fdf9e899852c4db249384f154598db79,20260916,0.10.0,282,supply,demands,False,5,5,D1,3,BASE,POWER,12.7,J000001,1,1,12.7
m3-periodic,ee0bec387c023d5d0ab8464c286e0564fdf9e899852c4db249384f154598db79,20260916,0.10.0,282,supply,demands,False,5,5,D2,6,BASE,POWER,16.800000000000004,J000003,1,1,16.800000000000004
m3-periodic,ee0bec387c023d5d0ab8464c286e0564fdf9e899852c4db249384f154598db79,20260916,0.10.0,282,supply,demands,False,5,5,D3,9,BASE,POWER,32.7,J000006,1,1,32.7
m3-periodic,ee0bec387c023d5d0ab8464c286e0564fdf9e899852c4db249384f154598db79,20260916,0.10.0,282,supply,demands,False,5,5,D4,12,BASE,POWER,56.800000000000004,J000009,1,1,56.800000000000004
m3-periodic,ee0bec387c023d5d0ab8464c286e0564fdf9e899852c4db249384f154598db79,20260916,0.10.0,282,supply,demands,False,5,5,D5,13,BASE,POWER,60.7,J000012,1,1,60.7
m3-periodic,ee0bec387c023d5d0ab8464c286e0564fdf9e899852c4db249384f154598db79,20260916,0.10.0,283,supply,demands,False,5,5,D1,3,BASE,POWER,16.800000000000004,J000001,1,1,16.800000000000004
m3-periodic,ee0bec387c023d5d0ab8464c286e0564fdf9e899852c4db249384f154598db79,20260916,0.10.0,283,supply,demands,False,5,5,D2,6,BASE,POWER,32.800000000000004,J000004,1,1,32.800000000000004
m3-periodic,ee0bec387c023d5d0ab8464c286e0564fdf9e899852c4db249384f154598db79,20260916,0.10.0,283,supply,demands,False,5,5,D3,9,BASE,POWER,56.800000000000004,J000007,1,1,56.800000000000004
m3-periodic,ee0bec387c023d5d0ab8464c286e0564fdf9e899852c4db249384f154598db79,20260916,0.10.0,283,supply,demands,False,5,5,D4,10,BASE,POWER,60.7,J000011,1,1,60.7
m3-periodic,ee0bec387c023d5d0ab8464c286e0564fdf9e899852c4db249384f154598db79,20260916,0.10.0,283,supply,demands,False,5,5,D5,11,BASE,POWER,60.800000000000004,J000010,1,1,64.5
m3-periodic,ee0bec387c023d5d0ab8464c286e0564fdf9e899852c4db249384f154598db79,20260916,0.10.0,284,supply,demands,False,6,6,D1,3,BASE,POWER,16.700000000000003,J000002,1,1,16.700000000000003
m3-periodic,ee0bec387c023d5d0ab8464c286e0564fdf9e899852c4db249384f154598db79,20260916,0.10.0,284,supply,demands,False,6,6,D2,4,BASE,POWER,16.800000000000004,J000001,1,1,16.800000000000004
m3-periodic,ee0bec387c023d5d0ab8464c286e0564fdf9e899852c4db249384f154598db79,20260916,0.10.0,284,supply,demands,False,6,6,D3,7,BASE,POWER,32.800000000000004,J000005,1,1,32.800000000000004
m3-periodic,ee0bec387c023d5d0ab8464c286e0564fdf9e899852c4db249384f154598db79,20260916,0.10.0,284,supply,demands,False,6,6,D4,10,BASE,POWER,56.7,J000009,1,1,56.7
m3-periodic,ee0bec387c023d5d0ab8464c286e0564fdf9e899852c4db249384f154598db79,20260916,0.10.0,284,supply,demands,False,6,6,D5,11,BASE,POWER,60.7,J000012,1,1,60.7
m3-periodic,ee0bec387c023d5d0ab8464c286e0564fdf9e899852c4db249384f154598db79,20260916,0.10.0,284,supply,demands,False,6,6,D6,12,BASE,POWER,60.800000000000004,J000011,1,1,64.5
m3-periodic,ee0bec387c023d5d0ab8464c286e0564fdf9e899852c4db249384f154598db79,20260916,0.10.0,285,supply,demands,False,5,5,D1,3,BASE,POWER,16.700000000000003,J000002,1,1,16.700000000000003
m3-periodic,ee0bec387c023d5d0ab8464c286e0564fdf9e899852c4db249384f154598db79,20260916,0.10.0,285,supply,demands,False,5,5,D2,6,BASE,POWER,32.7,J000005,1,1,32.7
m3-periodic,ee0bec387c023d5d0ab8464c286e0564fdf9e899852c4db249384f154598db79,20260916,0.10.0,285,supply,demands,False,5,5,D3,7,BASE,POWER,32.800000000000004,J000004,1,1,32.800000000000004
m3-periodic,ee0bec387c023d5d0ab8464c286e0564fdf9e899852c4db249384f154598db79,20260916,0.10.0,285,supply,demands,False,5,5,D4,10,BASE,POWER,56.800000000000004,J000008,1,1,56.800000000000004
m3-periodic,ee0bec387c023d5d0ab8464c286e0564fdf9e899852c4db249384f154598db79,20260916,0.10.0,285,supply,demands,False,5,5,D5,11,BASE,POWER,60.7,J000012,1,1,60.7
m3-periodic,ee0bec387c023d5d0ab8464c286e0564fdf9e899852c4db249384f154598db79,20260916,0.10.0,286,supply,demands,False,6,6,D1,3,BASE,POWER,16.700000000000003,J000002,1,1,16.700000000000003
m3-periodic,ee0bec387c023d5d0ab8464c286e0564fdf9e899852c4db249384f154598db79,20260916,0.10.0,286,supply,demands,False,6,6,D2,4,BASE,POWER,16.800000000000004,J000003,1,1,16.800000000000004
m3-periodic,ee0bec387c023d5d0ab8464c286e0564fdf9e899852c4db249384f154598db79,20260916,0.10.0,286,supply,demands,False,6,6,D3,7,BASE,POWER,32.7,J000007,1,1,32.7
m3-periodic,ee0bec387c023d5d0ab8464c286e0564fdf9e899852c4db249384f154598db79,20260916,0.10.0,286,supply,demands,False,6,6,D4,8,BASE,POWER,32.800000000000004,J000006,1,1,32.800000000000004
m3-periodic,ee0bec387c023d5d0ab8464c286e0564fdf9e899852c4db249384f154598db79,20260916,0.10.0,286,supply,demands,False,6,6,D5,11,BASE,POWER,56.800000000000004,J000010,1,1,56.800000000000004
m3-periodic,ee0bec387c023d5d0ab8464c286e0564fdf9e899852c4db249384f154598db79,20260916,0.10.0,286,supply,demands,False,6,6,D6,12,BASE,POWER,60.7,J000014,1,1,60.7
m3-periodic,ee0bec387c023d5d0ab8464c286e0564fdf9e899852c4db249384f154598db79,20260916,0.10.0,287,supply,demands,False,4,4,D1,3,BASE,POWER,16.800000000000004,J000002,1,1,16.800000000000004
m3-periodic,ee0bec387c023d5d0ab8464c286e0564fdf9e899852c4db249384f154598db79,20260916,0.10.0,287,supply,demands,False,4,4,D2,6,BASE,POWER,32.7,J000005,1,1,32.7
m3-periodic,ee0bec387c023d5d0ab8464c286e0564fdf9e899852c4db249384f154598db79,20260916,0.10.0,287,supply,demands,False,4,4,D3,9,BASE,POWER,40.7,J000007,1,1,40.7
m3-periodic,ee0bec387c023d5d0ab8464c286e0564fdf9e899852c4db249384f154598db79,20260916,0.10.0,287,supply,demands,False,4,4,D4,12,BASE,POWER,60.7,J000011,1,1,60.7
m3-periodic,ee0bec387c023d5d0ab8464c286e0564fdf9e899852c4db249384f154598db79,20260916,0.10.0,288,supply,demands,False,4,4,D1,3,BASE,POWER,32.7,J000004,1,1,32.7
m3-periodic,ee0bec387c023d5d0ab8464c286e0564fdf9e899852c4db249384f154598db79,20260916,0.10.0,288,supply,demands,False,4,4,D2,4,BASE,POWER,32.800000000000004,J000003,1,1,32.800000000000004
m3-periodic,ee0bec387c023d5d0ab8464c286e0564fdf9e899852c4db249384f154598db79,20260916,0.10.0,288,supply,demands,False,4,4,D3,5,BASE,POWER,38.892846476221195,J000007,1,1,40.5
m3-periodic,ee0bec387c023d5d0ab8464c286e0564fdf9e899852c4db249384f154598db79,20260916,0.10.0,288,supply,demands,False,4,4,D4,8,BASE,POWER,54.868305178856005,J000010,1,1,54.868305178856005
m3-periodic,ee0bec387c023d5d0ab8464c286e0564fdf9e899852c4db249384f154598db79,20260916,0.10.0,289,supply,demands,False,5,5,D1,3,BASE,POWER,16.700000000000003,J000002,1,1,16.700000000000003
m3-periodic,ee0bec387c023d5d0ab8464c286e0564fdf9e899852c4db249384f154598db79,20260916,0.10.0,289,supply,demands,False,5,5,D2,4,BASE,POWER,16.800000000000004,J000001,1,1,16.800000000000004
m3-periodic,ee0bec387c023d5d0ab8464c286e0564fdf9e899852c4db249384f154598db79,20260916,0.10.0,289,supply,demands,False,5,5,D3,7,BASE,POWER,32.800000000000004,J000005,1,1,32.800000000000004
m3-periodic,ee0bec387c023d5d0ab8464c286e0564fdf9e899852c4db249384f154598db79,20260916,0.10.0,289,supply,demands,False,5,5,D4,10,BASE,POWER,60.7,J000011,1,1,60.7
m3-periodic,ee0bec387c023d5d0ab8464c286e0564fdf9e899852c4db249384f154598db79,20260916,0.10.0,289,supply,demands,False,5,5,D5,11,BASE,POWER,60.800000000000004,J000010,1,1,60.800000000000004
m3-periodic,ee0bec387c023d5d0ab8464c286e0564fdf9e899852c4db249384f154598db79,20260916,0.10.0,290,supply,demands,False,5,5,D1,3,BASE,POWER,16.700000000000003,J000002,1,1,16.700000000000003
m3-periodic,ee0bec387c023d5d0ab8464c286e0564fdf9e899852c4db249384f154598db79,20260916,0.10.0,290,supply,demands,False,5,5,D2,6,BASE,POWER,32.7,J000005,1,1,32.7
m3-periodic,ee0bec387c023d5d0ab8464c286e0564fdf9e899852c4db249384f154598db79,20260916,0.10.0,290,supply,demands,False,5,5,D3,7,BASE,POWER,32.800000000000004,J000004,1,1,32.800000000000004
m3-periodic,ee0bec387c023d5d0ab8464c286e0564fdf9e899852c4db249384f154598db79,20260916,0.10.0,290,supply,demands,False,5,5,D4,10,BASE,POWER,56.800000000000004,J000008,1,1,56.800000000000004
m3-periodic,ee0bec387c023d5d0ab8464c286e0564fdf9e899852c4db249384f154598db79,20260916,0.10.0,290,supply,demands,False,5,5,D5,11,BASE,POWER,60.7,J000012,1,1,60.7
m3-periodic,ee0bec387c023d5d0ab8464c286e0564fdf9e899852c4db249384f154598db79,20260916,0.10.0,291,supply,demands,False,4,4,D1,3,BASE,POWER,16.697004815678337,J000003,1,1,16.697004815678337
m3-periodic,ee0bec387c023d5d0ab8464c286e0564fdf9e899852c4db249384f154598db79,20260916,0.10.0,291,supply,demands,False,4,4,D2,6,BASE,POWER,34.35000000000001,J000007,1,1,34.35000000000001
m3-periodic,ee0bec387c023d5d0ab8464c286e0564fdf9e899852c4db249384f154598db79,20260916,0.10.0,291,supply,demands,False,4,4,D3,9,BASE,POWER,60.800000000000004,J000009,1,1,60.800000000000004
m3-periodic,ee0bec387c023d5d0ab8464c286e0564fdf9e899852c4db249384f154598db79,20260916,0.10.0,291,supply,demands,False,4,4,D4,12,BASE,POWER,64.69999999999999,J000013,1,1,64.69999999999999
m3-periodic,ee0bec387c023d5d0ab8464c286e0564fdf9e899852c4db249384f154598db79,20260916,0.10.0,292,supply,demands,False,6,6,D1,3,BASE,POWER,16.700000000000003,J000002,1,1,16.700000000000003
m3-periodic,ee0bec387c023d5d0ab8464c286e0564fdf9e899852c4db249384f154598db79,20260916,0.10.0,292,supply,demands,False,6,6,D2,4,BASE,POWER,16.800000000000004,J000001,1,1,16.800000000000004
m3-periodic,ee0bec387c023d5d0ab8464c286e0564fdf9e899852c4db249384f154598db79,20260916,0.10.0,292,supply,demands,False,6,6,D3,7,BASE,POWER,32.7,J000006,1,1,32.7
m3-periodic,ee0bec387c023d5d0ab8464c286e0564fdf9e899852c4db249384f154598db79,20260916,0.10.0,292,supply,demands,False,6,6,D4,10,BASE,POWER,56.800000000000004,J000008,1,1,56.800000000000004
m3-periodic,ee0bec387c023d5d0ab8464c286e0564fdf9e899852c4db249384f154598db79,20260916,0.10.0,292,supply,demands,False,6,6,D5,11,BASE,POWER,60.7,J000012,1,1,60.7
m3-periodic,ee0bec387c023d5d0ab8464c286e0564fdf9e899852c4db249384f154598db79,20260916,0.10.0,292,supply,demands,False,6,6,D6,12,BASE,POWER,60.800000000000004,J000011,1,1,64.5
m3-periodic,ee0bec387c023d5d0ab8464c286e0564fdf9e899852c4db249384f154598db79,20260916,0.10.0,293,supply,demands,False,7,7,D1,3,BASE,POWER,16.700000000000003,J000002,1,1,16.700000000000003
m3-periodic,ee0bec387c023d5d0ab8464c286e0564fdf9e899852c4db249384f154598db79,20260916,0.10.0,293,supply,demands,False,7,7,D2,4,BASE,POWER,16.800000000000004,J000001,1,1,16.800000000000004
m3-periodic,ee0bec387c023d5d0ab8464c286e0564fdf9e899852c4db249384f154598db79,20260916,0.10.0,293,supply,demands,False,7,7,D3,7,BASE,POWER,32.7,J000006,1,1,32.7
m3-periodic,ee0bec387c023d5d0ab8464c286e0564fdf9e899852c4db249384f154598db79,20260916,0.10.0,293,supply,demands,False,7,7,D4,8,BASE,POWER,32.800000000000004,J000005,1,1,32.800000000000004
m3-periodic,ee0bec387c023d5d0ab8464c286e0564fdf9e899852c4db249384f154598db79,20260916,0.10.0,293,supply,demands,False,7,7,D5,9,BASE,POWER,38.488467551575695,J000009,1,1,40.5
m3-periodic,ee0bec387c023d5d0ab8464c286e0564fdf9e899852c4db249384f154598db79,20260916,0.10.0,293,supply,demands,False,7,7,D6,12,BASE,POWER,56.7,J000012,1,1,56.7
m3-periodic,ee0bec387c023d5d0ab8464c286e0564fdf9e899852c4db249384f154598db79,20260916,0.10.0,293,supply,demands,False,7,7,D7,13,BASE,POWER,56.800000000000004,J000011,1,1,56.800000000000004
m3-periodic,ee0bec387c023d5d0ab8464c286e0564fdf9e899852c4db249384f154598db79,20260916,0.10.0,294,supply,demands,False,5,5,D1,3,BASE,POWER,16.800000000000004,J000001,1,1,16.800000000000004
m3-periodic,ee0bec387c023d5d0ab8464c286e0564fdf9e899852c4db249384f154598db79,20260916,0.10.0,294,supply,demands,False,5,5,D2,6,BASE,POWER,32.800000000000004,J000004,1,1,32.800000000000004
m3-periodic,ee0bec387c023d5d0ab8464c286e0564fdf9e899852c4db249384f154598db79,20260916,0.10.0,294,supply,demands,False,5,5,D3,9,BASE,POWER,54.68184178940051,J000007,1,1,54.68184178940051
m3-periodic,ee0bec387c023d5d0ab8464c286e0564fdf9e899852c4db249384f154598db79,20260916,0.10.0,294,supply,demands,False,5,5,D4,12,BASE,POWER,60.7,J000010,1,1,60.7
m3-periodic,ee0bec387c023d5d0ab8464c286e0564fdf9e899852c4db249384f154598db79,20260916,0.10.0,294,supply,demands,False,5,5,D5,13,BASE,POWER,60.800000000000004,J000009,1,1,60.800000000000004
m3-periodic,ee0bec387c023d5d0ab8464c286e0564fdf9e899852c4db249384f154598db79,20260916,0.10.0,295,supply,demands,False,4,4,D1,3,BASE,POWER,16.800000000000004,J000001,1,1,16.800000000000004
m3-periodic,ee0bec387c023d5d0ab8464c286e0564fdf9e899852c4db249384f154598db79,20260916,0.10.0,295,supply,demands,False,4,4,D2,6,BASE,POWER,32.7,J000005,1,1,32.7
m3-periodic,ee0bec387c023d5d0ab8464c286e0564fdf9e899852c4db249384f154598db79,20260916,0.10.0,295,supply,demands,False,4,4,D3,9,BASE,POWER,56.800000000000004,J000007,1,1,56.800000000000004
m3-periodic,ee0bec387c023d5d0ab8464c286e0564fdf9e899852c4db249384f154598db79,20260916,0.10.0,295,supply,demands,False,4,4,D4,10,BASE,POWER,60.7,J000011,1,1,60.7
m3-periodic,ee0bec387c023d5d0ab8464c286e0564fdf9e899852c4db249384f154598db79,20260916,0.10.0,296,supply,demands,False,3,3,D1,3,BASE,POWER,16.700000000000003,J000003,1,1,16.700000000000003
m3-periodic,ee0bec387c023d5d0ab8464c286e0564fdf9e899852c4db249384f154598db79,20260916,0.10.0,296,supply,demands,False,3,3,D2,6,BASE,POWER,60.7,J000009,1,1,60.7
m3-periodic,ee0bec387c023d5d0ab8464c286e0564fdf9e899852c4db249384f154598db79,20260916,0.10.0,296,supply,demands,False,3,3,D3,9,BASE,POWER,64.69999999999999,J000011,1,1,64.69999999999999
m3-periodic,ee0bec387c023d5d0ab8464c286e0564fdf9e899852c4db249384f154598db79,20260916,0.10.0,297,supply,demands,False,5,5,D1,3,BASE,POWER,16.700000000000003,J000002,1,1,16.700000000000003
m3-periodic,ee0bec387c023d5d0ab8464c286e0564fdf9e899852c4db249384f154598db79,20260916,0.10.0,297,supply,demands,False,5,5,D2,6,BASE,POWER,32.800000000000004,J000004,1,1,32.800000000000004
m3-periodic,ee0bec387c023d5d0ab8464c286e0564fdf9e899852c4db249384f154598db79,20260916,0.10.0,297,supply,demands,False,5,5,D3,7,BASE,POWER,39.48506323572983,J000007,1,1,39.48506323572983
m3-periodic,ee0bec387c023d5d0ab8464c286e0564fdf9e899852c4db249384f154598db79,20260916,0.10.0,297,supply,demands,False,5,5,D4,10,BASE,POWER,56.800000000000004,J000009,1,1,56.800000000000004
m3-periodic,ee0bec387c023d5d0ab8464c286e0564fdf9e899852c4db249384f154598db79,20260916,0.10.0,297,supply,demands,False,5,5,D5,11,BASE,POWER,60.7,J000012,1,1,60.7
m3-periodic,ee0bec387c023d5d0ab8464c286e0564fdf9e899852c4db249384f154598db79,20260916,0.10.0,298,supply,demands,False,4,4,D1,3,BASE,POWER,32.800000000000004,J000004,1,1,32.800000000000004
m3-periodic,ee0bec387c023d5d0ab8464c286e0564fdf9e899852c4db249384f154598db79,20260916,0.10.0,298,supply,demands,False,4,4,D2,6,BASE,POWER,55.25304673957338,J000007,1,1,55.25304673957338
m3-periodic,ee0bec387c023d5d0ab8464c286e0564fdf9e899852c4db249384f154598db79,20260916,0.10.0,298,supply,demands,False,4,4,D3,7,BASE,POWER,55.35304673957338,J000009,1,1,55.35304673957338
m3-periodic,ee0bec387c023d5d0ab8464c286e0564fdf9e899852c4db249384f154598db79,20260916,0.10.0,298,supply,demands,False,4,4,D4,10,BASE,POWER,60.7,J000013,1,1,60.7
m3-periodic,ee0bec387c023d5d0ab8464c286e0564fdf9e899852c4db249384f154598db79,20260916,0.10.0,299,supply,demands,False,3,3,D1,3,BASE,POWER,16.700000000000003,J000002,1,1,16.700000000000003
m3-periodic,ee0bec387c023d5d0ab8464c286e0564fdf9e899852c4db249384f154598db79,20260916,0.10.0,299,supply,demands,False,3,3,D2,4,BASE,POWER,16.800000000000004,J000001,1,1,16.800000000000004
m3-periodic,ee0bec387c023d5d0ab8464c286e0564fdf9e899852c4db249384f154598db79,20260916,0.10.0,299,supply,demands,False,3,3,D3,7,BASE,POWER,32.7,J000006,1,1,32.7
m3-periodic,ee0bec387c023d5d0ab8464c286e0564fdf9e899852c4db249384f154598db79,20260916,0.10.0,300,supply,demands,False,4,4,D1,3,BASE,POWER,6.613114171230697,J000001,1,1,6.613114171230697
m3-periodic,ee0bec387c023d5d0ab8464c286e0564fdf9e899852c4db249384f154598db79,20260916,0.10.0,300,supply,demands,False,4,4,D2,6,BASE,POWER,32.800000000000004,J000003,1,1,32.800000000000004
m3-periodic,ee0bec387c023d5d0ab8464c286e0564fdf9e899852c4db249384f154598db79,20260916,0.10.0,300,supply,demands,False,4,4,D3,7,BASE,POWER,36.800000000000004,J000006,1,1,36.800000000000004
m3-periodic,ee0bec387c023d5d0ab8464c286e0564fdf9e899852c4db249384f154598db79,20260916,0.10.0,300,supply,demands,False,4,4,D4,10,BASE,POWER,64.79999999999998,J000011,1,1,64.79999999999998
m3-periodic,ee0bec387c023d5d0ab8464c286e0564fdf9e899852c4db249384f154598db79,20260916,0.10.0,301,supply,demands,False,4,4,D1,3,BASE,POWER,32.7,J000004,1,1,32.7
m3-periodic,ee0bec387c023d5d0ab8464c286e0564fdf9e899852c4db249384f154598db79,20260916,0.10.0,301,supply,demands,False,4,4,D2,6,BASE,POWER,56.7,J000007,1,1,56.7
m3-periodic,ee0bec387c023d5d0ab8464c286e0564fdf9e899852c4db249384f154598db79,20260916,0.10.0,301,supply,demands,False,4,4,D3,7,BASE,POWER,56.800000000000004,J000006,1,1,56.800000000000004
m3-periodic,ee0bec387c023d5d0ab8464c286e0564fdf9e899852c4db249384f154598db79,20260916,0.10.0,301,supply,demands,False,4,4,D4,8,BASE,POWER,60.7,J000011,1,1,64.5
m3-periodic,ee0bec387c023d5d0ab8464c286e0564fdf9e899852c4db249384f154598db79,20260916,0.10.0,302,supply,demands,False,5,5,D1,3,BASE,POWER,16.800000000000004,J000001,1,1,16.800000000000004
m3-periodic,ee0bec387c023d5d0ab8464c286e0564fdf9e899852c4db249384f154598db79,20260916,0.10.0,302,supply,demands,False,5,5,D2,6,BASE,POWER,55.957853586322244,J000006,1,1,55.957853586322244
m3-periodic,ee0bec387c023d5d0ab8464c286e0564fdf9e899852c4db249384f154598db79,20260916,0.10.0,302,supply,demands,False,5,5,D3,9,BASE,POWER,56.057853586322246,J000008,1,1,56.057853586322246
m3-periodic,ee0bec387c023d5d0ab8464c286e0564fdf9e899852c4db249384f154598db79,20260916,0.10.0,302,supply,demands,False,5,5,D4,10,BASE,POWER,60.7,J000012,1,1,60.7
m3-periodic,ee0bec387c023d5d0ab8464c286e0564fdf9e899852c4db249384f154598db79,20260916,0.10.0,302,supply,demands,False,5,5,D5,11,BASE,POWER,63.81331051837151,J000014,1,1,64.5
m3-periodic,ee0bec387c023d5d0ab8464c286e0564fdf9e899852c4db249384f154598db79,20260916,0.10.0,303,supply,demands,False,5,5,D1,3,BASE,POWER,16.700000000000003,J000002,1,1,16.700000000000003
m3-periodic,ee0bec387c023d5d0ab8464c286e0564fdf9e899852c4db249384f154598db79,20260916,0.10.0,303,supply,demands,False,5,5,D2,4,BASE,POWER,16.800000000000004,J000001,1,1,16.800000000000004
m3-periodic,ee0bec387c023d5d0ab8464c286e0564fdf9e899852c4db249384f154598db79,20260916,0.10.0,303,supply,demands,False,5,5,D3,7,BASE,POWER,32.7,J000006,1,1,32.7
m3-periodic,ee0bec387c023d5d0ab8464c286e0564fdf9e899852c4db249384f154598db79,20260916,0.10.0,303,supply,demands,False,5,5,D4,10,BASE,POWER,56.800000000000004,J000009,1,1,56.800000000000004
m3-periodic,ee0bec387c023d5d0ab8464c286e0564fdf9e899852c4db249384f154598db79,20260916,0.10.0,303,supply,demands,False,5,5,D5,11,BASE,POWER,60.7,J000012,1,1,60.7
m3-periodic,ee0bec387c023d5d0ab8464c286e0564fdf9e899852c4db249384f154598db79,20260916,0.10.0,304,supply,demands,False,6,6,D1,3,BASE,POWER,8.7,J000001,1,1,8.7
m3-periodic,ee0bec387c023d5d0ab8464c286e0564fdf9e899852c4db249384f154598db79,20260916,0.10.0,304,supply,demands,False,6,6,D2,6,BASE,POWER,36.7,J000006,1,1,36.7
m3-periodic,ee0bec387c023d5d0ab8464c286e0564fdf9e899852c4db249384f154598db79,20260916,0.10.0,304,supply,demands,False,6,6,D3,9,BASE,POWER,56.7,J000008,1,1,56.7
m3-periodic,ee0bec387c023d5d0ab8464c286e0564fdf9e899852c4db249384f154598db79,20260916,0.10.0,304,supply,demands,False,6,6,D4,10,BASE,POWER,60.45127865787087,J000010,1,1,60.45127865787087
m3-periodic,ee0bec387c023d5d0ab8464c286e0564fdf9e899852c4db249384f154598db79,20260916,0.10.0,304,supply,demands,False,6,6,D5,11,BASE,POWER,60.551278657870874,J000012,1,1,64.5
m3-periodic,ee0bec387c023d5d0ab8464c286e0564fdf9e899852c4db249384f154598db79,20260916,0.10.0,304,supply,demands,False,6,6,D6,14,BASE,POWER,64.85,J000015,1,1,64.85
m3-periodic,ee0bec387c023d5d0ab8464c286e0564fdf9e899852c4db249384f154598db79,20260916,0.10.0,305,supply,demands,False,4,4,D1,3,BASE,POWER,16.700000000000003,J000003,1,1,16.700000000000003
m3-periodic,ee0bec387c023d5d0ab8464c286e0564fdf9e899852c4db249384f154598db79,20260916,0.10.0,305,supply,demands,False,4,4,D2,6,BASE,POWER,56.7,J000008,1,1,56.7
m3-periodic,ee0bec387c023d5d0ab8464c286e0564fdf9e899852c4db249384f154598db79,20260916,0.10.0,305,supply,demands,False,4,4,D3,7,BASE,POWER,60.7,J000011,1,1,60.7
m3-periodic,ee0bec387c023d5d0ab8464c286e0564fdf9e899852c4db249384f154598db79,20260916,0.10.0,305,supply,demands,False,4,4,D4,10,BASE,POWER,64.69999999999999,J000013,1,1,64.69999999999999
m3-periodic,ee0bec387c023d5d0ab8464c286e0564fdf9e899852c4db249384f154598db79,20260916,0.10.0,306,supply,demands,False,5,5,D1,3,BASE,POWER,16.800000000000004,J000001,1,1,16.800000000000004
m3-periodic,ee0bec387c023d5d0ab8464c286e0564fdf9e899852c4db249384f154598db79,20260916,0.10.0,306,supply,demands,False,5,5,D2,6,BASE,POWER,32.7,J000005,1,1,32.7
m3-periodic,ee0bec387c023d5d0ab8464c286e0564fdf9e899852c4db249384f154598db79,20260916,0.10.0,306,supply,demands,False,5,5,D3,7,BASE,POWER,32.800000000000004,J000004,1,1,32.800000000000004
m3-periodic,ee0bec387c023d5d0ab8464c286e0564fdf9e899852c4db249384f154598db79,20260916,0.10.0,306,supply,demands,False,5,5,D4,10,BASE,POWER,56.7,J000009,1,1,56.7
m3-periodic,ee0bec387c023d5d0ab8464c286e0564fdf9e899852c4db249384f154598db79,20260916,0.10.0,306,supply,demands,False,5,5,D5,11,BASE,POWER,63.37458966623585,J000013,1,1,63.37458966623585
m3-periodic,ee0bec387c023d5d0ab8464c286e0564fdf9e899852c4db249384f154598db79,20260916,0.10.0,307,supply,demands,False,6,6,D1,3,BASE,POWER,16.800000000000004,J000001,1,1,16.800000000000004
m3-periodic,ee0bec387c023d5d0ab8464c286e0564fdf9e899852c4db249384f154598db79,20260916,0.10.0,307,supply,demands,False,6,6,D2,6,BASE,POWER,32.7,J000005,1,1,32.7
m3-periodic,ee0bec387c023d5d0ab8464c286e0564fdf9e899852c4db249384f154598db79,20260916,0.10.0,307,supply,demands,False,6,6,D3,9,BASE,POWER,56.7,J000008,1,1,56.7
m3-periodic,ee0bec387c023d5d0ab8464c286e0564fdf9e899852c4db249384f154598db79,20260916,0.10.0,307,supply,demands,False,6,6,D4,10,BASE,POWER,56.800000000000004,J000007,1,1,56.800000000000004
m3-periodic,ee0bec387c023d5d0ab8464c286e0564fdf9e899852c4db249384f154598db79,20260916,0.10.0,307,supply,demands,False,6,6,D5,11,BASE,POWER,60.7,J000012,1,1,64.5
m3-periodic,ee0bec387c023d5d0ab8464c286e0564fdf9e899852c4db249384f154598db79,20260916,0.10.0,307,supply,demands,False,6,6,D6,12,BASE,POWER,60.800000000000004,J000011,1,1,64.5
m3-periodic,ee0bec387c023d5d0ab8464c286e0564fdf9e899852c4db249384f154598db79,20260916,0.10.0,308,supply,demands,False,5,5,D1,3,BASE,POWER,16.700000000000003,J000002,1,1,16.700000000000003
m3-periodic,ee0bec387c023d5d0ab8464c286e0564fdf9e899852c4db249384f154598db79,20260916,0.10.0,308,supply,demands,False,5,5,D2,4,BASE,POWER,16.800000000000004,J000001,1,1,16.800000000000004
m3-periodic,ee0bec387c023d5d0ab8464c286e0564fdf9e899852c4db249384f154598db79,20260916,0.10.0,308,supply,demands,False,5,5,D3,7,BASE,POWER,32.7,J000006,1,1,32.7
m3-periodic,ee0bec387c023d5d0ab8464c286e0564fdf9e899852c4db249384f154598db79,20260916,0.10.0,308,supply,demands,False,5,5,D4,10,BASE,POWER,56.7,J000009,1,1,56.7
m3-periodic,ee0bec387c023d5d0ab8464c286e0564fdf9e899852c4db249384f154598db79,20260916,0.10.0,308,supply,demands,False,5,5,D5,11,BASE,POWER,60.800000000000004,J000011,1,1,60.800000000000004
m3-periodic,ee0bec387c023d5d0ab8464c286e0564fdf9e899852c4db249384f154598db79,20260916,0.10.0,309,supply,demands,False,7,7,D1,3,BASE,POWER,16.700000000000003,J000002,1,1,16.700000000000003
m3-periodic,ee0bec387c023d5d0ab8464c286e0564fdf9e899852c4db249384f154598db79,20260916,0.10.0,309,supply,demands,False,7,7,D2,4,BASE,POWER,16.800000000000004,J000001,1,1,16.800000000000004
m3-periodic,ee0bec387c023d5d0ab8464c286e0564fdf9e899852c4db249384f154598db79,20260916,0.10.0,309,supply,demands,False,7,7,D3,7,BASE,POWER,32.7,J000006,1,1,32.7
m3-periodic,ee0bec387c023d5d0ab8464c286e0564fdf9e899852c4db249384f154598db79,20260916,0.10.0,309,supply,demands,False,7,7,D4,8,BASE,POWER,32.800000000000004,J000005,1,1,32.800000000000004
m3-periodic,ee0bec387c023d5d0ab8464c286e0564fdf9e899852c4db249384f154598db79,20260916,0.10.0,309,supply,demands,False,7,7,D5,11,BASE,POWER,56.7,J000010,1,1,56.7
m3-periodic,ee0bec387c023d5d0ab8464c286e0564fdf9e899852c4db249384f154598db79,20260916,0.10.0,309,supply,demands,False,7,7,D6,12,BASE,POWER,56.800000000000004,J000009,1,1,56.800000000000004
m3-periodic,ee0bec387c023d5d0ab8464c286e0564fdf9e899852c4db249384f154598db79,20260916,0.10.0,309,supply,demands,False,7,7,D7,13,BASE,POWER,60.7,J000014,1,1,64.5
m3-periodic,ee0bec387c023d5d0ab8464c286e0564fdf9e899852c4db249384f154598db79,20260916,0.10.0,310,supply,demands,False,6,6,D1,3,BASE,POWER,16.700000000000003,J000002,1,1,16.700000000000003
m3-periodic,ee0bec387c023d5d0ab8464c286e0564fdf9e899852c4db249384f154598db79,20260916,0.10.0,310,supply,demands,False,6,6,D2,6,BASE,POWER,32.7,J000005,1,1,32.7
m3-periodic,ee0bec387c023d5d0ab8464c286e0564fdf9e899852c4db249384f154598db79,20260916,0.10.0,310,supply,demands,False,6,6,D3,7,BASE,POWER,32.800000000000004,J000004,1,1,32.800000000000004
m3-periodic,ee0bec387c023d5d0ab8464c286e0564fdf9e899852c4db249384f154598db79,20260916,0.10.0,310,supply,demands,False,6,6,D4,10,BASE,POWER,56.7,J000009,1,1,56.7
m3-periodic,ee0bec387c023d5d0ab8464c286e0564fdf9e899852c4db249384f154598db79,20260916,0.10.0,310,supply,demands,False,6,6,D5,11,BASE,POWER,60.7,J000012,1,1,60.7
m3-periodic,ee0bec387c023d5d0ab8464c286e0564fdf9e899852c4db249384f154598db79,20260916,0.10.0,310,supply,demands,False,6,6,D6,12,BASE,POWER,60.800000000000004,J000011,1,1,64.5
m3-periodic,ee0bec387c023d5d0ab8464c286e0564fdf9e899852c4db249384f154598db79,20260916,0.10.0,311,supply,demands,False,5,5,D1,3,BASE,POWER,12.7,J000001,1,1,12.7
m3-periodic,ee0bec387c023d5d0ab8464c286e0564fdf9e899852c4db249384f154598db79,20260916,0.10.0,311,supply,demands,False,5,5,D2,4,BASE,POWER,15.45334940943491,J000003,1,1,15.45334940943491
m3-periodic,ee0bec387c023d5d0ab8464c286e0564fdf9e899852c4db249384f154598db79,20260916,0.10.0,311,supply,demands,False,5,5,D3,7,BASE,POWER,31.33083131859019,J000007,1,1,31.33083131859019
m3-periodic,ee0bec387c023d5d0ab8464c286e0564fdf9e899852c4db249384f154598db79,20260916,0.10.0,311,supply,demands,False,5,5,D4,10,BASE,POWER,56.7,J000011,1,1,56.7
m3-periodic,ee0bec387c023d5d0ab8464c286e0564fdf9e899852c4db249384f154598db79,20260916,0.10.0,311,supply,demands,False,5,5,D5,11,BASE,POWER,56.800000000000004,J000010,1,1,56.800000000000004
m3-periodic,ee0bec387c023d5d0ab8464c286e0564fdf9e899852c4db249384f154598db79,20260916,0.10.0,312,supply,demands,False,5,5,D1,3,BASE,POWER,16.700000000000003,J000002,1,1,16.700000000000003
m3-periodic,ee0bec387c023d5d0ab8464c286e0564fdf9e899852c4db249384f154598db79,20260916,0.10.0,312,supply,demands,False,5,5,D2,6,BASE,POWER,32.800000000000004,J000004,1,1,32.800000000000004
m3-periodic,ee0bec387c023d5d0ab8464c286e0564fdf9e899852c4db249384f154598db79,20260916,0.10.0,312,supply,demands,False,5,5,D3,7,BASE,POWER,36.7,J000007,1,1,36.7
m3-periodic,ee0bec387c023d5d0ab8464c286e0564fdf9e899852c4db249384f154598db79,20260916,0.10.0,312,supply,demands,False,5,5,D4,10,BASE,POWER,56.7,J000009,1,1,56.7
m3-periodic,ee0bec387c023d5d0ab8464c286e0564fdf9e899852c4db249384f154598db79,20260916,0.10.0,312,supply,demands,False,5,5,D5,13,BASE,POWER,64.69999999999999,J000013,1,1,64.69999999999999
m3-periodic,ee0bec387c023d5d0ab8464c286e0564fdf9e899852c4db249384f154598db79,20260916,0.10.0,313,supply,demands,False,4,4,D1,3,BASE,POWER,16.800000000000004,J000001,1,1,16.800000000000004
m3-periodic,ee0bec387c023d5d0ab8464c286e0564fdf9e899852c4db249384f154598db79,20260916,0.10.0,313,supply,demands,False,4,4,D2,6,BASE,POWER,56.800000000000004,J000006,1,1,56.800000000000004
m3-periodic,ee0bec387c023d5d0ab8464c286e0564fdf9e899852c4db249384f154598db79,20260916,0.10.0,313,supply,demands,False,4,4,D3,7,BASE,POWER,60.7,J000010,1,1,60.7
m3-periodic,ee0bec387c023d5d0ab8464c286e0564fdf9e899852c4db249384f154598db79,20260916,0.10.0,313,supply,demands,False,4,4,D4,8,BASE,POWER,60.800000000000004,J000009,1,1,64.5
m3-periodic,ee0bec387c023d5d0ab8464c286e0564fdf9e899852c4db249384f154598db79,20260916,0.10.0,314,supply,demands,False,5,5,D1,3,BASE,POWER,16.800000000000004,J000001,1,1,16.800000000000004
m3-periodic,ee0bec387c023d5d0ab8464c286e0564fdf9e899852c4db249384f154598db79,20260916,0.10.0,314,supply,demands,False,5,5,D2,6,BASE,POWER,32.7,J000005,1,1,32.7
m3-periodic,ee0bec387c023d5d0ab8464c286e0564fdf9e899852c4db249384f154598db79,20260916,0.10.0,314,supply,demands,False,5,5,D3,7,BASE,POWER,32.800000000000004,J000004,1,1,32.800000000000004
m3-periodic,ee0bec387c023d5d0ab8464c286e0564fdf9e899852c4db249384f154598db79,20260916,0.10.0,314,supply,demands,False,5,5,D4,10,BASE,POWER,56.800000000000004,J000008,1,1,56.800000000000004
m3-periodic,ee0bec387c023d5d0ab8464c286e0564fdf9e899852c4db249384f154598db79,20260916,0.10.0,314,supply,demands,False,5,5,D5,11,BASE,POWER,60.800000000000004,J000011,1,1,60.800000000000004
m3-periodic,ee0bec387c023d5d0ab8464c286e0564fdf9e899852c4db249384f154598db79,20260916,0.10.0,315,supply,demands,False,6,6,D1,3,BASE,POWER,16.700000000000003,J000002,1,1,16.700000000000003
m3-periodic,ee0bec387c023d5d0ab8464c286e0564fdf9e899852c4db249384f154598db79,20260916,0.10.0,315,supply,demands,False,6,6,D2,6,BASE,POWER,32.7,J000005,1,1,32.7
m3-periodic,ee0bec387c023d5d0ab8464c286e0564fdf9e899852c4db249384f154598db79,20260916,0.10.0,315,supply,demands,False,6,6,D3,7,BASE,POWER,32.800000000000004,J000004,1,1,32.800000000000004
m3-periodic,ee0bec387c023d5d0ab8464c286e0564fdf9e899852c4db249384f154598db79,20260916,0.10.0,315,supply,demands,False,6,6,D4,10,BASE,POWER,56.7,J000009,1,1,56.7
m3-periodic,ee0bec387c023d5d0ab8464c286e0564fdf9e899852c4db249384f154598db79,20260916,0.10.0,315,supply,demands,False,6,6,D5,11,BASE,POWER,56.800000000000004,J000008,1,1,56.800000000000004
m3-periodic,ee0bec387c023d5d0ab8464c286e0564fdf9e899852c4db249384f154598db79,20260916,0.10.0,315,supply,demands,False,6,6,D6,12,BASE,POWER,60.7,J000013,1,1,64.5
m3-periodic,ee0bec387c023d5d0ab8464c286e0564fdf9e899852c4db249384f154598db79,20260916,0.10.0,316,supply,demands,False,2,2,D1,3,BASE,POWER,16.305875271710356,J000001,1,1,16.305875271710356
m3-periodic,ee0bec387c023d5d0ab8464c286e0564fdf9e899852c4db249384f154598db79,20260916,0.10.0,316,supply,demands,False,2,2,D2,6,BASE,POWER,56.800000000000004,J000007,1,1,56.800000000000004
m3-periodic,ee0bec387c023d5d0ab8464c286e0564fdf9e899852c4db249384f154598db79,20260916,0.10.0,317,supply,demands,False,7,7,D1,3,BASE,POWER,16.700000000000003,J000002,1,1,16.700000000000003
m3-periodic,ee0bec387c023d5d0ab8464c286e0564fdf9e899852c4db249384f154598db79,20260916,0.10.0,317,supply,demands,False,7,7,D2,4,BASE,POWER,16.800000000000004,J000001,1,1,16.800000000000004
m3-periodic,ee0bec387c023d5d0ab8464c286e0564fdf9e899852c4db249384f154598db79,20260916,0.10.0,317,supply,demands,False,7,7,D3,7,BASE,POWER,32.7,J000006,1,1,32.7
m3-periodic,ee0bec387c023d5d0ab8464c286e0564fdf9e899852c4db249384f154598db79,20260916,0.10.0,317,supply,demands,False,7,7,D4,8,BASE,POWER,32.800000000000004,J000005,1,1,32.800000000000004
m3-periodic,ee0bec387c023d5d0ab8464c286e0564fdf9e899852c4db249384f154598db79,20260916,0.10.0,317,supply,demands,False,7,7,D5,11,BASE,POWER,56.7,J000010,1,1,56.7
m3-periodic,ee0bec387c023d5d0ab8464c286e0564fdf9e899852c4db249384f154598db79,20260916,0.10.0,317,supply,demands,False,7,7,D6,12,BASE,POWER,60.800000000000004,J000012,1,1,60.800000000000004
m3-periodic,ee0bec387c023d5d0ab8464c286e0564fdf9e899852c4db249384f154598db79,20260916,0.10.0,317,supply,demands,False,7,7,D7,15,BASE,POWER,64.51403080067743,J000015,1,1,64.51403080067743
m3-periodic,ee0bec387c023d5d0ab8464c286e0564fdf9e899852c4db249384f154598db79,20260916,0.10.0,318,supply,demands,False,6,6,D1,3,BASE,POWER,16.700000000000003,J000002,1,1,16.700000000000003
m3-periodic,ee0bec387c023d5d0ab8464c286e0564fdf9e899852c4db249384f154598db79,20260916,0.10.0,318,supply,demands,False,6,6,D2,4,BASE,POWER,16.800000000000004,J000001,1,1,16.800000000000004
m3-periodic,ee0bec387c023d5d0ab8464c286e0564fdf9e899852c4db249384f154598db79,20260916,0.10.0,318,supply,demands,False,6,6,D3,7,BASE,POWER,32.800000000000004,J000005,1,1,32.800000000000004
m3-periodic,ee0bec387c023d5d0ab8464c286e0564fdf9e899852c4db249384f154598db79,20260916,0.10.0,318,supply,demands,False,6,6,D4,10,BASE,POWER,56.7,J000009,1,1,56.7
m3-periodic,ee0bec387c023d5d0ab8464c286e0564fdf9e899852c4db249384f154598db79,20260916,0.10.0,318,supply,demands,False,6,6,D5,11,BASE,POWER,56.800000000000004,J000008,1,1,56.800000000000004
m3-periodic,ee0bec387c023d5d0ab8464c286e0564fdf9e899852c4db249384f154598db79,20260916,0.10.0,318,supply,demands,False,6,6,D6,12,BASE,POWER,60.7,J000013,1,1,64.5
m3-periodic,ee0bec387c023d5d0ab8464c286e0564fdf9e899852c4db249384f154598db79,20260916,0.10.0,319,supply,demands,False,7,7,D1,3,BASE,POWER,16.700000000000003,J000002,1,1,16.700000000000003
m3-periodic,ee0bec387c023d5d0ab8464c286e0564fdf9e899852c4db249384f154598db79,20260916,0.10.0,319,supply,demands,False,7,7,D2,4,BASE,POWER,16.800000000000004,J000001,1,1,16.800000000000004
m3-periodic,ee0bec387c023d5d0ab8464c286e0564fdf9e899852c4db249384f154598db79,20260916,0.10.0,319,supply,demands,False,7,7,D3,7,BASE,POWER,32.7,J000006,1,1,32.7
m3-periodic,ee0bec387c023d5d0ab8464c286e0564fdf9e899852c4db249384f154598db79,20260916,0.10.0,319,supply,demands,False,7,7,D4,8,BASE,POWER,32.800000000000004,J000005,1,1,32.800000000000004
m3-periodic,ee0bec387c023d5d0ab8464c286e0564fdf9e899852c4db249384f154598db79,20260916,0.10.0,319,supply,demands,False,7,7,D5,11,BASE,POWER,56.7,J000011,1,1,56.7
m3-periodic,ee0bec387c023d5d0ab8464c286e0564fdf9e899852c4db249384f154598db79,20260916,0.10.0,319,supply,demands,False,7,7,D6,12,BASE,POWER,56.800000000000004,J000010,1,1,56.800000000000004
m3-periodic,ee0bec387c023d5d0ab8464c286e0564fdf9e899852c4db249384f154598db79,20260916,0.10.0,319,supply,demands,False,7,7,D7,13,BASE,POWER,60.7,J000014,1,1,64.5
m3-periodic,ee0bec387c023d5d0ab8464c286e0564fdf9e899852c4db249384f154598db79,20260916,0.10.0,320,supply,demands,False,5,5,D1,3,BASE,POWER,16.800000000000004,J000001,1,1,16.800000000000004
m3-periodic,ee0bec387c023d5d0ab8464c286e0564fdf9e899852c4db249384f154598db79,20260916,0.10.0,320,supply,demands,False,5,5,D2,6,BASE,POWER,32.7,J000005,1,1,32.7
m3-periodic,ee0bec387c023d5d0ab8464c286e0564fdf9e899852c4db249384f154598db79,20260916,0.10.0,320,supply,demands,False,5,5,D3,7,BASE,POWER,32.800000000000004,J000004,1,1,32.800000000000004
m3-periodic,ee0bec387c023d5d0ab8464c286e0564fdf9e899852c4db249384f154598db79,20260916,0.10.0,320,supply,demands,False,5,5,D4,10,BASE,POWER,56.7,J000009,1,1,56.7
m3-periodic,ee0bec387c023d5d0ab8464c286e0564fdf9e899852c4db249384f154598db79,20260916,0.10.0,320,supply,demands,False,5,5,D5,11,BASE,POWER,60.800000000000004,J000011,1,1,60.800000000000004
m3-periodic,ee0bec387c023d5d0ab8464c286e0564fdf9e899852c4db249384f154598db79,20260916,0.10.0,321,supply,demands,False,1,1,D1,3,BASE,POWER,16.800000000000004,J000001,1,1,16.800000000000004
m3-periodic,ee0bec387c023d5d0ab8464c286e0564fdf9e899852c4db249384f154598db79,20260916,0.10.0,322,supply,demands,False,6,6,D1,3,BASE,POWER,16.800000000000004,J000001,1,1,16.800000000000004
m3-periodic,ee0bec387c023d5d0ab8464c286e0564fdf9e899852c4db249384f154598db79,20260916,0.10.0,322,supply,demands,False,6,6,D2,6,BASE,POWER,32.7,J000005,1,1,32.7
m3-periodic,ee0bec387c023d5d0ab8464c286e0564fdf9e899852c4db249384f154598db79,20260916,0.10.0,322,supply,demands,False,6,6,D3,7,BASE,POWER,32.800000000000004,J000004,1,1,32.800000000000004
m3-periodic,ee0bec387c023d5d0ab8464c286e0564fdf9e899852c4db249384f154598db79,20260916,0.10.0,322,supply,demands,False,6,6,D4,10,BASE,POWER,60.7,J000010,1,1,60.7
m3-periodic,ee0bec387c023d5d0ab8464c286e0564fdf9e899852c4db249384f154598db79,20260916,0.10.0,322,supply,demands,False,6,6,D5,11,BASE,POWER,60.800000000000004,J000009,1,1,60.800000000000004
m3-periodic,ee0bec387c023d5d0ab8464c286e0564fdf9e899852c4db249384f154598db79,20260916,0.10.0,322,supply,demands,False,6,6,D6,14,BASE,POWER,64.69999999999999,J000014,1,1,64.69999999999999
m3-periodic,ee0bec387c023d5d0ab8464c286e0564fdf9e899852c4db249384f154598db79,20260916,0.10.0,323,supply,demands,False,5,5,D1,3,BASE,POWER,16.700000000000003,J000002,1,1,16.700000000000003
m3-periodic,ee0bec387c023d5d0ab8464c286e0564fdf9e899852c4db249384f154598db79,20260916,0.10.0,323,supply,demands,False,5,5,D2,6,BASE,POWER,32.7,J000005,1,1,32.7
m3-periodic,ee0bec387c023d5d0ab8464c286e0564fdf9e899852c4db249384f154598db79,20260916,0.10.0,323,supply,demands,False,5,5,D3,7,BASE,POWER,32.800000000000004,J000004,1,1,32.800000000000004
m3-periodic,ee0bec387c023d5d0ab8464c286e0564fdf9e899852c4db249384f154598db79,20260916,0.10.0,323,supply,demands,False,5,5,D4,10,BASE,POWER,56.800000000000004,J000010,1,1,56.800000000000004
m3-periodic,ee0bec387c023d5d0ab8464c286e0564fdf9e899852c4db249384f154598db79,20260916,0.10.0,323,supply,demands,False,5,5,D5,11,BASE,POWER,60.7,J000013,1,1,60.7
m3-periodic,ee0bec387c023d5d0ab8464c286e0564fdf9e899852c4db249384f154598db79,20260916,0.10.0,324,supply,demands,False,5,5,D1,3,BASE,POWER,16.800000000000004,J000001,1,1,16.800000000000004
m3-periodic,ee0bec387c023d5d0ab8464c286e0564fdf9e899852c4db249384f154598db79,20260916,0.10.0,324,supply,demands,False,5,5,D2,6,BASE,POWER,32.7,J000005,1,1,32.7
m3-periodic,ee0bec387c023d5d0ab8464c286e0564fdf9e899852c4db249384f154598db79,20260916,0.10.0,324,supply,demands,False,5,5,D3,9,BASE,POWER,56.800000000000004,J000007,1,1,56.800000000000004
m3-periodic,ee0bec387c023d5d0ab8464c286e0564fdf9e899852c4db249384f154598db79,20260916,0.10.0,324,supply,demands,False,5,5,D4,10,BASE,POWER,60.7,J000011,1,1,60.7
m3-periodic,ee0bec387c023d5d0ab8464c286e0564fdf9e899852c4db249384f154598db79,20260916,0.10.0,324,supply,demands,False,5,5,D5,11,BASE,POWER,60.800000000000004,J000010,1,1,64.5
m3-periodic,ee0bec387c023d5d0ab8464c286e0564fdf9e899852c4db249384f154598db79,20260916,0.10.0,325,supply,demands,False,7,7,D1,3,BASE,POWER,16.700000000000003,J000002,1,1,16.700000000000003
m3-periodic,ee0bec387c023d5d0ab8464c286e0564fdf9e899852c4db249384f154598db79,20260916,0.10.0,325,supply,demands,False,7,7,D2,4,BASE,POWER,16.800000000000004,J000001,1,1,16.800000000000004
m3-periodic,ee0bec387c023d5d0ab8464c286e0564fdf9e899852c4db249384f154598db79,20260916,0.10.0,325,supply,demands,False,7,7,D3,7,BASE,POWER,32.7,J000006,1,1,32.7
m3-periodic,ee0bec387c023d5d0ab8464c286e0564fdf9e899852c4db249384f154598db79,20260916,0.10.0,325,supply,demands,False,7,7,D4,8,BASE,POWER,32.800000000000004,J000005,1,1,32.800000000000004
m3-periodic,ee0bec387c023d5d0ab8464c286e0564fdf9e899852c4db249384f154598db79,20260916,0.10.0,325,supply,demands,False,7,7,D5,11,BASE,POWER,56.7,J000010,1,1,56.7
m3-periodic,ee0bec387c023d5d0ab8464c286e0564fdf9e899852c4db249384f154598db79,20260916,0.10.0,325,supply,demands,False,7,7,D6,12,BASE,POWER,56.800000000000004,J000009,1,1,56.800000000000004
m3-periodic,ee0bec387c023d5d0ab8464c286e0564fdf9e899852c4db249384f154598db79,20260916,0.10.0,325,supply,demands,False,7,7,D7,13,BASE,POWER,60.7,J000014,1,1,64.5
m3-periodic,ee0bec387c023d5d0ab8464c286e0564fdf9e899852c4db249384f154598db79,20260916,0.10.0,326,supply,demands,False,2,2,D1,3,BASE,POWER,56.7,J000007,1,1,56.7
m3-periodic,ee0bec387c023d5d0ab8464c286e0564fdf9e899852c4db249384f154598db79,20260916,0.10.0,326,supply,demands,False,2,2,D2,4,BASE,POWER,60.7,J000009,1,1,60.7
m3-periodic,ee0bec387c023d5d0ab8464c286e0564fdf9e899852c4db249384f154598db79,20260916,0.10.0,327,supply,demands,False,5,5,D1,3,BASE,POWER,16.700000000000003,J000002,1,1,16.700000000000003
m3-periodic,ee0bec387c023d5d0ab8464c286e0564fdf9e899852c4db249384f154598db79,20260916,0.10.0,327,supply,demands,False,5,5,D2,6,BASE,POWER,32.800000000000004,J000004,1,1,32.800000000000004
m3-periodic,ee0bec387c023d5d0ab8464c286e0564fdf9e899852c4db249384f154598db79,20260916,0.10.0,327,supply,demands,False,5,5,D3,9,BASE,POWER,54.57472001947262,J000007,1,1,54.57472001947262
m3-periodic,ee0bec387c023d5d0ab8464c286e0564fdf9e899852c4db249384f154598db79,20260916,0.10.0,327,supply,demands,False,5,5,D4,12,BASE,POWER,60.7,J000010,1,1,60.7
m3-periodic,ee0bec387c023d5d0ab8464c286e0564fdf9e899852c4db249384f154598db79,20260916,0.10.0,327,supply,demands,False,5,5,D5,15,BASE,POWER,64.69999999999999,J000012,1,1,64.69999999999999
m3-periodic,ee0bec387c023d5d0ab8464c286e0564fdf9e899852c4db249384f154598db79,20260916,0.10.0,328,supply,demands,False,5,5,D1,3,BASE,POWER,16.700000000000003,J000002,1,1,16.700000000000003
m3-periodic,ee0bec387c023d5d0ab8464c286e0564fdf9e899852c4db249384f154598db79,20260916,0.10.0,328,supply,demands,False,5,5,D2,6,BASE,POWER,32.7,J000005,1,1,32.7
m3-periodic,ee0bec387c023d5d0ab8464c286e0564fdf9e899852c4db249384f154598db79,20260916,0.10.0,328,supply,demands,False,5,5,D3,7,BASE,POWER,32.800000000000004,J000004,1,1,32.800000000000004
m3-periodic,ee0bec387c023d5d0ab8464c286e0564fdf9e899852c4db249384f154598db79,20260916,0.10.0,328,supply,demands,False,5,5,D4,10,BASE,POWER,56.7,J000009,1,1,56.7
m3-periodic,ee0bec387c023d5d0ab8464c286e0564fdf9e899852c4db249384f154598db79,20260916,0.10.0,328,supply,demands,False,5,5,D5,11,BASE,POWER,60.800000000000004,J000011,1,1,60.800000000000004
m3-periodic,ee0bec387c023d5d0ab8464c286e0564fdf9e899852c4db249384f154598db79,20260916,0.10.0,329,supply,demands,False,6,6,D1,3,BASE,POWER,8.202292823791957,J000001,1,1,8.202292823791957
m3-periodic,ee0bec387c023d5d0ab8464c286e0564fdf9e899852c4db249384f154598db79,20260916,0.10.0,329,supply,demands,False,6,6,D2,6,BASE,POWER,36.7,J000006,1,1,36.7
m3-periodic,ee0bec387c023d5d0ab8464c286e0564fdf9e899852c4db249384f154598db79,20260916,0.10.0,329,supply,demands,False,6,6,D3,9,BASE,POWER,56.7,J000008,1,1,56.7
m3-periodic,ee0bec387c023d5d0ab8464c286e0564fdf9e899852c4db249384f154598db79,20260916,0.10.0,329,supply,demands,False,6,6,D4,10,BASE,POWER,60.15518325222233,J000011,1,1,60.15518325222233
m3-periodic,ee0bec387c023d5d0ab8464c286e0564fdf9e899852c4db249384f154598db79,20260916,0.10.0,329,supply,demands,False,6,6,D5,11,BASE,POWER,60.25518325222233,J000012,1,1,64.5
m3-periodic,ee0bec387c023d5d0ab8464c286e0564fdf9e899852c4db249384f154598db79,20260916,0.10.0,329,supply,demands,False,6,6,D6,14,BASE,POWER,64.85,J000015,1,1,64.85
m3-periodic,ee0bec387c023d5d0ab8464c286e0564fdf9e899852c4db249384f154598db79,20260916,0.10.0,330,supply,demands,False,5,5,D1,3,BASE,POWER,16.700000000000003,J000002,1,1,16.700000000000003
m3-periodic,ee0bec387c023d5d0ab8464c286e0564fdf9e899852c4db249384f154598db79,20260916,0.10.0,330,supply,demands,False,5,5,D2,4,BASE,POWER,16.800000000000004,J000001,1,1,16.800000000000004
m3-periodic,ee0bec387c023d5d0ab8464c286e0564fdf9e899852c4db249384f154598db79,20260916,0.10.0,330,supply,demands,False,5,5,D3,7,BASE,POWER,32.7,J000006,1,1,32.7
m3-periodic,ee0bec387c023d5d0ab8464c286e0564fdf9e899852c4db249384f154598db79,20260916,0.10.0,330,supply,demands,False,5,5,D4,8,BASE,POWER,32.800000000000004,J000005,1,1,32.800000000000004
m3-periodic,ee0bec387c023d5d0ab8464c286e0564fdf9e899852c4db249384f154598db79,20260916,0.10.0,330,supply,demands,False,5,5,D5,11,BASE,POWER,60.7,J000012,1,1,60.7
m3-periodic,ee0bec387c023d5d0ab8464c286e0564fdf9e899852c4db249384f154598db79,20260916,0.10.0,331,supply,demands,False,3,3,D1,3,BASE,POWER,11.63274621184772,J000001,1,1,11.63274621184772
m3-periodic,ee0bec387c023d5d0ab8464c286e0564fdf9e899852c4db249384f154598db79,20260916,0.10.0,331,supply,demands,False,3,3,D2,6,BASE,POWER,38.797297210109164,J000007,1,1,38.797297210109164
m3-periodic,ee0bec387c023d5d0ab8464c286e0564fdf9e899852c4db249384f154598db79,20260916,0.10.0,331,supply,demands,False,3,3,D3,9,BASE,POWER,56.800000000000004,J000009,1,1,56.800000000000004
m3-periodic,ee0bec387c023d5d0ab8464c286e0564fdf9e899852c4db249384f154598db79,20260916,0.10.0,332,supply,demands,False,4,4,D1,3,BASE,POWER,16.700000000000003,J000002,1,1,16.700000000000003
m3-periodic,ee0bec387c023d5d0ab8464c286e0564fdf9e899852c4db249384f154598db79,20260916,0.10.0,332,supply,demands,False,4,4,D2,6,BASE,POWER,31.84277921056344,J000005,1,1,31.84277921056344
m3-periodic,ee0bec387c023d5d0ab8464c286e0564fdf9e899852c4db249384f154598db79,20260916,0.10.0,332,supply,demands,False,4,4,D3,9,BASE,POWER,56.7,J000009,1,1,56.7
m3-periodic,ee0bec387c023d5d0ab8464c286e0564fdf9e899852c4db249384f154598db79,20260916,0.10.0,332,supply,demands,False,4,4,D4,10,BASE,POWER,60.800000000000004,J000011,1,1,60.800000000000004
m3-periodic,ee0bec387c023d5d0ab8464c286e0564fdf9e899852c4db249384f154598db79,20260916,0.10.0,333,supply,demands,False,5,5,D1,3,BASE,POWER,16.700000000000003,J000002,1,1,16.700000000000003
m3-periodic,ee0bec387c023d5d0ab8464c286e0564fdf9e899852c4db249384f154598db79,20260916,0.10.0,333,supply,demands,False,5,5,D2,4,BASE,POWER,16.800000000000004,J000001,1,1,16.800000000000004
m3-periodic,ee0bec387c023d5d0ab8464c286e0564fdf9e899852c4db249384f154598db79,20260916,0.10.0,333,supply,demands,False,5,5,D3,7,BASE,POWER,32.72177653195764,J000007,1,1,32.72177653195764
m3-periodic,ee0bec387c023d5d0ab8464c286e0564fdf9e899852c4db249384f154598db79,20260916,0.10.0,333,supply,demands,False,5,5,D4,10,BASE,POWER,56.7,J000010,1,1,56.7
m3-periodic,ee0bec387c023d5d0ab8464c286e0564fdf9e899852c4db249384f154598db79,20260916,0.10.0,333,supply,demands,False,5,5,D5,13,BASE,POWER,64.20626163210022,J000015,1,1,64.20626163210022
m3-periodic,ee0bec387c023d5d0ab8464c286e0564fdf9e899852c4db249384f154598db79,20260916,0.10.0,334,supply,demands,False,3,3,D1,3,BASE,POWER,16.800000000000004,J000001,1,1,16.800000000000004
m3-periodic,ee0bec387c023d5d0ab8464c286e0564fdf9e899852c4db249384f154598db79,20260916,0.10.0,334,supply,demands,False,3,3,D2,6,BASE,POWER,60.7,J000009,1,1,60.7
m3-periodic,ee0bec387c023d5d0ab8464c286e0564fdf9e899852c4db249384f154598db79,20260916,0.10.0,334,supply,demands,False,3,3,D3,7,BASE,POWER,60.800000000000004,J000008,1,1,60.800000000000004
m3-periodic,ee0bec387c023d5d0ab8464c286e0564fdf9e899852c4db249384f154598db79,20260916,0.10.0,335,supply,demands,False,4,4,D1,3,BASE,POWER,16.700000000000003,J000002,1,1,16.700000000000003
m3-periodic,ee0bec387c023d5d0ab8464c286e0564fdf9e899852c4db249384f154598db79,20260916,0.10.0,335,supply,demands,False,4,4,D2,6,BASE,POWER,56.7,J000007,1,1,56.7
m3-periodic,ee0bec387c023d5d0ab8464c286e0564fdf9e899852c4db249384f154598db79,20260916,0.10.0,335,supply,demands,False,4,4,D3,7,BASE,POWER,56.800000000000004,J000006,1,1,56.800000000000004
m3-periodic,ee0bec387c023d5d0ab8464c286e0564fdf9e899852c4db249384f154598db79,20260916,0.10.0,335,supply,demands,False,4,4,D4,8,BASE,POWER,60.800000000000004,J000010,1,1,64.5
m3-periodic,ee0bec387c023d5d0ab8464c286e0564fdf9e899852c4db249384f154598db79,20260916,0.10.0,336,supply,demands,False,4,4,D1,3,BASE,POWER,16.800000000000004,J000001,1,1,16.800000000000004
m3-periodic,ee0bec387c023d5d0ab8464c286e0564fdf9e899852c4db249384f154598db79,20260916,0.10.0,336,supply,demands,False,4,4,D2,6,BASE,POWER,56.11536808891055,J000006,1,1,56.11536808891055
m3-periodic,ee0bec387c023d5d0ab8464c286e0564fdf9e899852c4db249384f154598db79,20260916,0.10.0,336,supply,demands,False,4,4,D3,7,BASE,POWER,60.7,J000011,1,1,60.7
m3-periodic,ee0bec387c023d5d0ab8464c286e0564fdf9e899852c4db249384f154598db79,20260916,0.10.0,336,supply,demands,False,4,4,D4,8,BASE,POWER,60.800000000000004,J000010,1,1,64.5
m3-periodic,ee0bec387c023d5d0ab8464c286e0564fdf9e899852c4db249384f154598db79,20260916,0.10.0,337,supply,demands,False,6,6,D1,3,BASE,POWER,16.700000000000003,J000002,1,1,16.700000000000003
m3-periodic,ee0bec387c023d5d0ab8464c286e0564fdf9e899852c4db249384f154598db79,20260916,0.10.0,337,supply,demands,False,6,6,D2,4,BASE,POWER,16.800000000000004,J000001,1,1,16.800000000000004
m3-periodic,ee0bec387c023d5d0ab8464c286e0564fdf9e899852c4db249384f154598db79,20260916,0.10.0,337,supply,demands,False,6,6,D3,7,BASE,POWER,32.800000000000004,J000005,1,1,32.800000000000004
m3-periodic,ee0bec387c023d5d0ab8464c286e0564fdf9e899852c4db249384f154598db79,20260916,0.10.0,337,supply,demands,False,6,6,D4,8,BASE,POWER,35.52460955888885,J000008,1,1,35.52460955888885
m3-periodic,ee0bec387c023d5d0ab8464c286e0564fdf9e899852c4db249384f154598db79,20260916,0.10.0,337,supply,demands,False,6,6,D5,11,BASE,POWER,56.7,J000010,1,1,56.7
m3-periodic,ee0bec387c023d5d0ab8464c286e0564fdf9e899852c4db249384f154598db79,20260916,0.10.0,337,supply,demands,False,6,6,D6,14,BASE,POWER,64.69999999999999,J000014,1,1,64.69999999999999
m3-periodic,ee0bec387c023d5d0ab8464c286e0564fdf9e899852c4db249384f154598db79,20260916,0.10.0,338,supply,demands,False,5,5,D1,3,BASE,POWER,16.700000000000003,J000002,1,1,16.700000000000003
m3-periodic,ee0bec387c023d5d0ab8464c286e0564fdf9e899852c4db249384f154598db79,20260916,0.10.0,338,supply,demands,False,5,5,D2,4,BASE,POWER,16.800000000000004,J000001,1,1,16.800000000000004
m3-periodic,ee0bec387c023d5d0ab8464c286e0564fdf9e899852c4db249384f154598db79,20260916,0.10.0,338,supply,demands,False,5,5,D3,7,BASE,POWER,32.7,J000006,1,1,32.7
m3-periodic,ee0bec387c023d5d0ab8464c286e0564fdf9e899852c4db249384f154598db79,20260916,0.10.0,338,supply,demands,False,5,5,D4,10,BASE,POWER,40.05649925724067,J000008,1,1,40.05649925724067
m3-periodic,ee0bec387c023d5d0ab8464c286e0564fdf9e899852c4db249384f154598db79,20260916,0.10.0,338,supply,demands,False,5,5,D5,13,BASE,POWER,56.800000000000004,J000010,1,1,56.800000000000004
m3-periodic,ee0bec387c023d5d0ab8464c286e0564fdf9e899852c4db249384f154598db79,20260916,0.10.0,339,supply,demands,False,6,6,D1,3,BASE,POWER,16.800000000000004,J000001,1,1,16.800000000000004
m3-periodic,ee0bec387c023d5d0ab8464c286e0564fdf9e899852c4db249384f154598db79,20260916,0.10.0,339,supply,demands,False,6,6,D2,6,BASE,POWER,32.7,J000005,1,1,32.7
m3-periodic,ee0bec387c023d5d0ab8464c286e0564fdf9e899852c4db249384f154598db79,20260916,0.10.0,339,supply,demands,False,6,6,D3,7,BASE,POWER,32.800000000000004,J000004,1,1,32.800000000000004
m3-periodic,ee0bec387c023d5d0ab8464c286e0564fdf9e899852c4db249384f154598db79,20260916,0.10.0,339,supply,demands,False,6,6,D4,10,BASE,POWER,56.800000000000004,J000008,1,1,56.800000000000004
m3-periodic,ee0bec387c023d5d0ab8464c286e0564fdf9e899852c4db249384f154598db79,20260916,0.10.0,339,supply,demands,False,6,6,D5,11,BASE,POWER,60.7,J000012,1,1,60.7
m3-periodic,ee0bec387c023d5d0ab8464c286e0564fdf9e899852c4db249384f154598db79,20260916,0.10.0,339,supply,demands,False,6,6,D6,12,BASE,POWER,60.800000000000004,J000011,1,1,64.5
m3-periodic,ee0bec387c023d5d0ab8464c286e0564fdf9e899852c4db249384f154598db79,20260916,0.10.0,340,supply,demands,False,4,4,D1,3,BASE,POWER,32.7,J000003,1,1,32.7
m3-periodic,ee0bec387c023d5d0ab8464c286e0564fdf9e899852c4db249384f154598db79,20260916,0.10.0,340,supply,demands,False,4,4,D2,4,BASE,POWER,36.7,J000005,1,1,36.7
m3-periodic,ee0bec387c023d5d0ab8464c286e0564fdf9e899852c4db249384f154598db79,20260916,0.10.0,340,supply,demands,False,4,4,D3,7,BASE,POWER,56.7,J000008,1,1,56.7
m3-periodic,ee0bec387c023d5d0ab8464c286e0564fdf9e899852c4db249384f154598db79,20260916,0.10.0,340,supply,demands,False,4,4,D4,8,BASE,POWER,59.78985251040118,J000010,1,1,59.78985251040118
m3-periodic,ee0bec387c023d5d0ab8464c286e0564fdf9e899852c4db249384f154598db79,20260916,0.10.0,341,supply,demands,False,3,3,D1,3,BASE,POWER,56.800000000000004,J000006,1,1,56.800000000000004
m3-periodic,ee0bec387c023d5d0ab8464c286e0564fdf9e899852c4db249384f154598db79,20260916,0.10.0,341,supply,demands,False,3,3,D2,4,BASE,POWER,60.7,J000010,1,1,60.7
m3-periodic,ee0bec387c023d5d0ab8464c286e0564fdf9e899852c4db249384f154598db79,20260916,0.10.0,341,supply,demands,False,3,3,D3,5,BASE,POWER,60.800000000000004,J000009,1,1,64.5
m3-periodic,ee0bec387c023d5d0ab8464c286e0564fdf9e899852c4db249384f154598db79,20260916,0.10.0,342,supply,demands,False,4,4,D1,3,BASE,POWER,16.700000000000003,J000002,1,1,16.700000000000003
m3-periodic,ee0bec387c023d5d0ab8464c286e0564fdf9e899852c4db249384f154598db79,20260916,0.10.0,342,supply,demands,False,4,4,D2,4,BASE,POWER,16.800000000000004,J000001,1,1,16.800000000000004
m3-periodic,ee0bec387c023d5d0ab8464c286e0564fdf9e899852c4db249384f154598db79,20260916,0.10.0,342,supply,demands,False,4,4,D3,7,BASE,POWER,32.15578229344378,J000005,1,1,32.15578229344378
m3-periodic,ee0bec387c023d5d0ab8464c286e0564fdf9e899852c4db249384f154598db79,20260916,0.10.0,342,supply,demands,False,4,4,D4,10,BASE,POWER,56.7,J000010,1,1,56.7
m3-periodic,ee0bec387c023d5d0ab8464c286e0564fdf9e899852c4db249384f154598db79,20260916,0.10.0,343,supply,demands,False,3,3,D1,3,BASE,POWER,32.7,J000004,1,1,32.7
m3-periodic,ee0bec387c023d5d0ab8464c286e0564fdf9e899852c4db249384f154598db79,20260916,0.10.0,343,supply,demands,False,3,3,D2,6,BASE,POWER,56.7,J000007,1,1,56.7
m3-periodic,ee0bec387c023d5d0ab8464c286e0564fdf9e899852c4db249384f154598db79,20260916,0.10.0,343,supply,demands,False,3,3,D3,7,BASE,POWER,60.800000000000004,J000009,1,1,60.800000000000004
m3-periodic,ee0bec387c023d5d0ab8464c286e0564fdf9e899852c4db249384f154598db79,20260916,0.10.0,344,supply,demands,False,6,6,D1,3,BASE,POWER,16.700000000000003,J000002,1,1,16.700000000000003
m3-periodic,ee0bec387c023d5d0ab8464c286e0564fdf9e899852c4db249384f154598db79,20260916,0.10.0,344,supply,demands,False,6,6,D2,4,BASE,POWER,16.800000000000004,J000001,1,1,16.800000000000004
m3-periodic,ee0bec387c023d5d0ab8464c286e0564fdf9e899852c4db249384f154598db79,20260916,0.10.0,344,supply,demands,False,6,6,D3,7,BASE,POWER,32.7,J000006,1,1,32.7
m3-periodic,ee0bec387c023d5d0ab8464c286e0564fdf9e899852c4db249384f154598db79,20260916,0.10.0,344,supply,demands,False,6,6,D4,10,BASE,POWER,60.7,J000011,1,1,60.7
m3-periodic,ee0bec387c023d5d0ab8464c286e0564fdf9e899852c4db249384f154598db79,20260916,0.10.0,344,supply,demands,False,6,6,D5,11,BASE,POWER,60.800000000000004,J000010,1,1,60.800000000000004
m3-periodic,ee0bec387c023d5d0ab8464c286e0564fdf9e899852c4db249384f154598db79,20260916,0.10.0,344,supply,demands,False,6,6,D6,14,BASE,POWER,64.27644774819294,J000014,1,1,64.5
m3-periodic,ee0bec387c023d5d0ab8464c286e0564fdf9e899852c4db249384f154598db79,20260916,0.10.0,345,supply,demands,False,7,7,D1,3,BASE,POWER,8.005560812549787,J000001,1,1,8.005560812549787
m3-periodic,ee0bec387c023d5d0ab8464c286e0564fdf9e899852c4db249384f154598db79,20260916,0.10.0,345,supply,demands,False,7,7,D2,6,BASE,POWER,16.700000000000003,J000003,1,1,16.700000000000003
m3-periodic,ee0bec387c023d5d0ab8464c286e0564fdf9e899852c4db249384f154598db79,20260916,0.10.0,345,supply,demands,False,7,7,D3,9,BASE,POWER,32.7,J000006,1,1,32.7
m3-periodic,ee0bec387c023d5d0ab8464c286e0564fdf9e899852c4db249384f154598db79,20260916,0.10.0,345,supply,demands,False,7,7,D4,12,BASE,POWER,56.7,J000009,1,1,56.7
m3-periodic,ee0bec387c023d5d0ab8464c286e0564fdf9e899852c4db249384f154598db79,20260916,0.10.0,345,supply,demands,False,7,7,D5,13,BASE,POWER,60.7,J000012,1,1,60.7
m3-periodic,ee0bec387c023d5d0ab8464c286e0564fdf9e899852c4db249384f154598db79,20260916,0.10.0,345,supply,demands,False,7,7,D6,14,BASE,POWER,60.800000000000004,J000011,1,1,64.5
m3-periodic,ee0bec387c023d5d0ab8464c286e0564fdf9e899852c4db249384f154598db79,20260916,0.10.0,345,supply,demands,False,7,7,D7,17,BASE,POWER,64.85,J000015,1,1,64.85
m3-periodic,ee0bec387c023d5d0ab8464c286e0564fdf9e899852c4db249384f154598db79,20260916,0.10.0,346,supply,demands,False,2,2,D1,3,BASE,POWER,15.373989447633866,J000002,1,1,15.373989447633866
m3-periodic,ee0bec387c023d5d0ab8464c286e0564fdf9e899852c4db249384f154598db79,20260916,0.10.0,346,supply,demands,False,2,2,D2,6,BASE,POWER,32.800000000000004,J000005,1,1,32.800000000000004
m3-periodic,ee0bec387c023d5d0ab8464c286e0564fdf9e899852c4db249384f154598db79,20260916,0.10.0,347,supply,demands,False,3,3,D1,3,BASE,POWER,16.800000000000004,J000001,1,1,16.800000000000004
m3-periodic,ee0bec387c023d5d0ab8464c286e0564fdf9e899852c4db249384f154598db79,20260916,0.10.0,347,supply,demands,False,3,3,D2,6,BASE,POWER,32.800000000000004,J000004,1,1,32.800000000000004
m3-periodic,ee0bec387c023d5d0ab8464c286e0564fdf9e899852c4db249384f154598db79,20260916,0.10.0,347,supply,demands,False,3,3,D3,9,BASE,POWER,60.800000000000004,J000009,1,1,60.800000000000004
m3-periodic,ee0bec387c023d5d0ab8464c286e0564fdf9e899852c4db249384f154598db79,20260916,0.10.0,348,supply,demands,False,4,4,D1,3,BASE,POWER,16.800000000000004,J000001,1,1,16.800000000000004
m3-periodic,ee0bec387c023d5d0ab8464c286e0564fdf9e899852c4db249384f154598db79,20260916,0.10.0,348,supply,demands,False,4,4,D2,6,BASE,POWER,56.7,J000007,1,1,56.7
m3-periodic,ee0bec387c023d5d0ab8464c286e0564fdf9e899852c4db249384f154598db79,20260916,0.10.0,348,supply,demands,False,4,4,D3,7,BASE,POWER,56.800000000000004,J000006,1,1,56.800000000000004
m3-periodic,ee0bec387c023d5d0ab8464c286e0564fdf9e899852c4db249384f154598db79,20260916,0.10.0,348,supply,demands,False,4,4,D4,8,BASE,POWER,60.800000000000004,J000010,1,1,64.5
m3-periodic,ee0bec387c023d5d0ab8464c286e0564fdf9e899852c4db249384f154598db79,20260916,0.10.0,349,supply,demands,False,4,4,D1,3,BASE,POWER,16.800000000000004,J000001,1,1,16.800000000000004
m3-periodic,ee0bec387c023d5d0ab8464c286e0564fdf9e899852c4db249384f154598db79,20260916,0.10.0,349,supply,demands,False,4,4,D2,6,BASE,POWER,32.7,J000005,1,1,32.7
m3-periodic,ee0bec387c023d5d0ab8464c286e0564fdf9e899852c4db249384f154598db79,20260916,0.10.0,349,supply,demands,False,4,4,D3,9,BASE,POWER,56.7,J000008,1,1,56.7
m3-periodic,ee0bec387c023d5d0ab8464c286e0564fdf9e899852c4db249384f154598db79,20260916,0.10.0,349,supply,demands,False,4,4,D4,10,BASE,POWER,60.7,J000011,1,1,60.7
m3-periodic,ee0bec387c023d5d0ab8464c286e0564fdf9e899852c4db249384f154598db79,20260916,0.10.0,350,supply,demands,False,4,4,D1,3,BASE,POWER,16.800000000000004,J000001,1,1,16.800000000000004
m3-periodic,ee0bec387c023d5d0ab8464c286e0564fdf9e899852c4db249384f154598db79,20260916,0.10.0,350,supply,demands,False,4,4,D2,6,BASE,POWER,56.7,J000007,1,1,56.7
m3-periodic,ee0bec387c023d5d0ab8464c286e0564fdf9e899852c4db249384f154598db79,20260916,0.10.0,350,supply,demands,False,4,4,D3,7,BASE,POWER,56.800000000000004,J000006,1,1,56.800000000000004
m3-periodic,ee0bec387c023d5d0ab8464c286e0564fdf9e899852c4db249384f154598db79,20260916,0.10.0,350,supply,demands,False,4,4,D4,8,BASE,POWER,60.800000000000004,J000010,1,1,64.5
m3-periodic,ee0bec387c023d5d0ab8464c286e0564fdf9e899852c4db249384f154598db79,20260916,0.10.0,351,supply,demands,False,5,5,D1,3,BASE,POWER,11.908887288757725,J000001,1,1,11.908887288757725
m3-periodic,ee0bec387c023d5d0ab8464c286e0564fdf9e899852c4db249384f154598db79,20260916,0.10.0,351,supply,demands,False,5,5,D2,6,BASE,POWER,16.700000000000003,J000004,1,1,16.700000000000003
m3-periodic,ee0bec387c023d5d0ab8464c286e0564fdf9e899852c4db249384f154598db79,20260916,0.10.0,351,supply,demands,False,5,5,D3,7,BASE,POWER,16.800000000000004,J000003,1,1,16.800000000000004
m3-periodic,ee0bec387c023d5d0ab8464c286e0564fdf9e899852c4db249384f154598db79,20260916,0.10.0,351,supply,demands,False,5,5,D4,10,BASE,POWER,32.7,J000007,1,1,32.7
m3-periodic,ee0bec387c023d5d0ab8464c286e0564fdf9e899852c4db249384f154598db79,20260916,0.10.0,351,supply,demands,False,5,5,D5,13,BASE,POWER,60.7,J000012,1,1,60.7
m3-periodic,ee0bec387c023d5d0ab8464c286e0564fdf9e899852c4db249384f154598db79,20260916,0.10.0,352,supply,demands,False,5,5,D1,3,BASE,POWER,16.700000000000003,J000002,1,1,16.700000000000003
m3-periodic,ee0bec387c023d5d0ab8464c286e0564fdf9e899852c4db249384f154598db79,20260916,0.10.0,352,supply,demands,False,5,5,D2,4,BASE,POWER,16.800000000000004,J000001,1,1,16.800000000000004
m3-periodic,ee0bec387c023d5d0ab8464c286e0564fdf9e899852c4db249384f154598db79,20260916,0.10.0,352,supply,demands,False,5,5,D3,7,BASE,POWER,32.800000000000004,J000005,1,1,32.800000000000004
m3-periodic,ee0bec387c023d5d0ab8464c286e0564fdf9e899852c4db249384f154598db79,20260916,0.10.0,352,supply,demands,False,5,5,D4,10,BASE,POWER,56.7,J000009,1,1,56.7
m3-periodic,ee0bec387c023d5d0ab8464c286e0564fdf9e899852c4db249384f154598db79,20260916,0.10.0,352,supply,demands,False,5,5,D5,11,BASE,POWER,60.800000000000004,J000011,1,1,60.800000000000004
m3-periodic,ee0bec387c023d5d0ab8464c286e0564fdf9e899852c4db249384f154598db79,20260916,0.10.0,353,supply,demands,False,6,6,D1,3,BASE,POWER,16.700000000000003,J000002,1,1,16.700000000000003
m3-periodic,ee0bec387c023d5d0ab8464c286e0564fdf9e899852c4db249384f154598db79,20260916,0.10.0,353,supply,demands,False,6,6,D2,4,BASE,POWER,16.800000000000004,J000001,1,1,16.800000000000004
m3-periodic,ee0bec387c023d5d0ab8464c286e0564fdf9e899852c4db249384f154598db79,20260916,0.10.0,353,supply,demands,False,6,6,D3,7,BASE,POWER,32.7,J000006,1,1,32.7
m3-periodic,ee0bec387c023d5d0ab8464c286e0564fdf9e899852c4db249384f154598db79,20260916,0.10.0,353,supply,demands,False,6,6,D4,8,BASE,POWER,32.800000000000004,J000005,1,1,32.800000000000004
m3-periodic,ee0bec387c023d5d0ab8464c286e0564fdf9e899852c4db249384f154598db79,20260916,0.10.0,353,supply,demands,False,6,6,D5,11,BASE,POWER,56.800000000000004,J000009,1,1,56.800000000000004
m3-periodic,ee0bec387c023d5d0ab8464c286e0564fdf9e899852c4db249384f154598db79,20260916,0.10.0,353,supply,demands,False,6,6,D6,12,BASE,POWER,60.800000000000004,J000012,1,1,60.800000000000004
m3-periodic,ee0bec387c023d5d0ab8464c286e0564fdf9e899852c4db249384f154598db79,20260916,0.10.0,354,supply,demands,False,4,4,D1,3,BASE,POWER,16.800000000000004,J000001,1,1,16.800000000000004
m3-periodic,ee0bec387c023d5d0ab8464c286e0564fdf9e899852c4db249384f154598db79,20260916,0.10.0,354,supply,demands,False,4,4,D2,6,BASE,POWER,32.7,J000005,1,1,32.7
m3-periodic,ee0bec387c023d5d0ab8464c286e0564fdf9e899852c4db249384f154598db79,20260916,0.10.0,354,supply,demands,False,4,4,D3,7,BASE,POWER,32.800000000000004,J000004,1,1,32.800000000000004
m3-periodic,ee0bec387c023d5d0ab8464c286e0564fdf9e899852c4db249384f154598db79,20260916,0.10.0,354,supply,demands,False,4,4,D4,10,BASE,POWER,56.7,J000009,1,1,56.7
m3-periodic,ee0bec387c023d5d0ab8464c286e0564fdf9e899852c4db249384f154598db79,20260916,0.10.0,355,supply,demands,False,7,7,D1,3,BASE,POWER,16.700000000000003,J000002,1,1,16.700000000000003
m3-periodic,ee0bec387c023d5d0ab8464c286e0564fdf9e899852c4db249384f154598db79,20260916,0.10.0,355,supply,demands,False,7,7,D2,4,BASE,POWER,16.800000000000004,J000001,1,1,16.800000000000004
m3-periodic,ee0bec387c023d5d0ab8464c286e0564fdf9e899852c4db249384f154598db79,20260916,0.10.0,355,supply,demands,False,7,7,D3,7,BASE,POWER,32.7,J000006,1,1,32.7
m3-periodic,ee0bec387c023d5d0ab8464c286e0564fdf9e899852c4db249384f154598db79,20260916,0.10.0,355,supply,demands,False,7,7,D4,8,BASE,POWER,32.800000000000004,J000005,1,1,32.800000000000004
m3-periodic,ee0bec387c023d5d0ab8464c286e0564fdf9e899852c4db249384f154598db79,20260916,0.10.0,355,supply,demands,False,7,7,D5,11,BASE,POWER,56.7,J000010,1,1,56.7
m3-periodic,ee0bec387c023d5d0ab8464c286e0564fdf9e899852c4db249384f154598db79,20260916,0.10.0,355,supply,demands,False,7,7,D6,12,BASE,POWER,56.800000000000004,J000009,1,1,56.800000000000004
m3-periodic,ee0bec387c023d5d0ab8464c286e0564fdf9e899852c4db249384f154598db79,20260916,0.10.0,355,supply,demands,False,7,7,D7,13,BASE,POWER,60.7,J000014,1,1,64.5
m3-periodic,ee0bec387c023d5d0ab8464c286e0564fdf9e899852c4db249384f154598db79,20260916,0.10.0,356,supply,demands,False,4,4,D1,3,BASE,POWER,16.471778361489278,J000003,1,1,16.471778361489278
m3-periodic,ee0bec387c023d5d0ab8464c286e0564fdf9e899852c4db249384f154598db79,20260916,0.10.0,356,supply,demands,False,4,4,D2,6,BASE,POWER,32.7,J000006,1,1,32.7
m3-periodic,ee0bec387c023d5d0ab8464c286e0564fdf9e899852c4db249384f154598db79,20260916,0.10.0,356,supply,demands,False,4,4,D3,7,BASE,POWER,32.800000000000004,J000005,1,1,32.800000000000004
m3-periodic,ee0bec387c023d5d0ab8464c286e0564fdf9e899852c4db249384f154598db79,20260916,0.10.0,356,supply,demands,False,4,4,D4,10,BASE,POWER,56.7,J000010,1,1,56.7
m3-periodic,ee0bec387c023d5d0ab8464c286e0564fdf9e899852c4db249384f154598db79,20260916,0.10.0,357,supply,demands,False,6,6,D1,3,BASE,POWER,16.079428076559513,J000001,1,1,16.079428076559513
m3-periodic,ee0bec387c023d5d0ab8464c286e0564fdf9e899852c4db249384f154598db79,20260916,0.10.0,357,supply,demands,False,6,6,D2,4,BASE,POWER,16.179428076559514,J000003,1,1,16.179428076559514
m3-periodic,ee0bec387c023d5d0ab8464c286e0564fdf9e899852c4db249384f154598db79,20260916,0.10.0,357,supply,demands,False,6,6,D3,7,BASE,POWER,32.7,J000007,1,1,32.7
m3-periodic,ee0bec387c023d5d0ab8464c286e0564fdf9e899852c4db249384f154598db79,20260916,0.10.0,357,supply,demands,False,6,6,D4,8,BASE,POWER,32.800000000000004,J000006,1,1,32.800000000000004
m3-periodic,ee0bec387c023d5d0ab8464c286e0564fdf9e899852c4db249384f154598db79,20260916,0.10.0,357,supply,demands,False,6,6,D5,11,BASE,POWER,60.7,J000013,1,1,60.7
m3-periodic,ee0bec387c023d5d0ab8464c286e0564fdf9e899852c4db249384f154598db79,20260916,0.10.0,357,supply,demands,False,6,6,D6,12,BASE,POWER,60.800000000000004,J000012,1,1,60.800000000000004
m3-periodic,ee0bec387c023d5d0ab8464c286e0564fdf9e899852c4db249384f154598db79,20260916,0.10.0,358,supply,demands,False,5,5,D1,3,BASE,POWER,16.700000000000003,J000002,1,1,16.700000000000003
m3-periodic,ee0bec387c023d5d0ab8464c286e0564fdf9e899852c4db249384f154598db79,20260916,0.10.0,358,supply,demands,False,5,5,D2,6,BASE,POWER,30.321208925073677,J000004,1,1,30.321208925073677
m3-periodic,ee0bec387c023d5d0ab8464c286e0564fdf9e899852c4db249384f154598db79,20260916,0.10.0,358,supply,demands,False,5,5,D3,9,BASE,POWER,36.7,J000006,1,1,36.7
m3-periodic,ee0bec387c023d5d0ab8464c286e0564fdf9e899852c4db249384f154598db79,20260916,0.10.0,358,supply,demands,False,5,5,D4,12,BASE,POWER,56.7,J000009,1,1,56.7
m3-periodic,ee0bec387c023d5d0ab8464c286e0564fdf9e899852c4db249384f154598db79,20260916,0.10.0,358,supply,demands,False,5,5,D5,13,BASE,POWER,60.7,J000011,1,1,60.7
m3-periodic,ee0bec387c023d5d0ab8464c286e0564fdf9e899852c4db249384f154598db79,20260916,0.10.0,359,supply,demands,False,4,4,D1,3,BASE,POWER,32.800000000000004,J000003,1,1,32.800000000000004
m3-periodic,ee0bec387c023d5d0ab8464c286e0564fdf9e899852c4db249384f154598db79,20260916,0.10.0,359,supply,demands,False,4,4,D2,6,BASE,POWER,56.7,J000007,1,1,56.7
m3-periodic,ee0bec387c023d5d0ab8464c286e0564fdf9e899852c4db249384f154598db79,20260916,0.10.0,359,supply,demands,False,4,4,D3,7,BASE,POWER,56.800000000000004,J000008,1,1,56.800000000000004
m3-periodic,ee0bec387c023d5d0ab8464c286e0564fdf9e899852c4db249384f154598db79,20260916,0.10.0,359,supply,demands,False,4,4,D4,8,BASE,POWER,60.7,J000012,1,1,64.5
m3-periodic,ee0bec387c023d5d0ab8464c286e0564fdf9e899852c4db249384f154598db79,20260916,0.10.0,360,supply,demands,False,6,6,D1,3,BASE,POWER,16.700000000000003,J000002,1,1,16.700000000000003
m3-periodic,ee0bec387c023d5d0ab8464c286e0564fdf9e899852c4db249384f154598db79,20260916,0.10.0,360,supply,demands,False,6,6,D2,4,BASE,POWER,16.800000000000004,J000001,1,1,16.800000000000004
m3-periodic,ee0bec387c023d5d0ab8464c286e0564fdf9e899852c4db249384f154598db79,20260916,0.10.0,360,supply,demands,False,6,6,D3,7,BASE,POWER,32.7,J000006,1,1,32.7
m3-periodic,ee0bec387c023d5d0ab8464c286e0564fdf9e899852c4db249384f154598db79,20260916,0.10.0,360,supply,demands,False,6,6,D4,8,BASE,POWER,32.800000000000004,J000005,1,1,32.800000000000004
m3-periodic,ee0bec387c023d5d0ab8464c286e0564fdf9e899852c4db249384f154598db79,20260916,0.10.0,360,supply,demands,False,6,6,D5,11,BASE,POWER,56.44230207598697,J000009,1,1,56.44230207598697
m3-periodic,ee0bec387c023d5d0ab8464c286e0564fdf9e899852c4db249384f154598db79,20260916,0.10.0,360,supply,demands,False,6,6,D6,12,BASE,POWER,60.7,J000014,1,1,60.7
m3-periodic,ee0bec387c023d5d0ab8464c286e0564fdf9e899852c4db249384f154598db79,20260916,0.10.0,361,supply,demands,False,6,6,D1,3,BASE,POWER,16.700000000000003,J000002,1,1,16.700000000000003
m3-periodic,ee0bec387c023d5d0ab8464c286e0564fdf9e899852c4db249384f154598db79,20260916,0.10.0,361,supply,demands,False,6,6,D2,4,BASE,POWER,16.800000000000004,J000001,1,1,16.800000000000004
m3-periodic,ee0bec387c023d5d0ab8464c286e0564fdf9e899852c4db249384f154598db79,20260916,0.10.0,361,supply,demands,False,6,6,D3,7,BASE,POWER,32.7,J000006,1,1,32.7
m3-periodic,ee0bec387c023d5d0ab8464c286e0564fdf9e899852c4db249384f154598db79,20260916,0.10.0,361,supply,demands,False,6,6,D4,10,BASE,POWER,56.7,J000009,1,1,56.7
m3-periodic,ee0bec387c023d5d0ab8464c286e0564fdf9e899852c4db249384f154598db79,20260916,0.10.0,361,supply,demands,False,6,6,D5,11,BASE,POWER,56.800000000000004,J000008,1,1,56.800000000000004
m3-periodic,ee0bec387c023d5d0ab8464c286e0564fdf9e899852c4db249384f154598db79,20260916,0.10.0,361,supply,demands,False,6,6,D6,12,BASE,POWER,60.800000000000004,J000012,1,1,64.5
m3-periodic,ee0bec387c023d5d0ab8464c286e0564fdf9e899852c4db249384f154598db79,20260916,0.10.0,362,supply,demands,False,6,6,D1,3,BASE,POWER,12.7,J000001,1,1,12.7
m3-periodic,ee0bec387c023d5d0ab8464c286e0564fdf9e899852c4db249384f154598db79,20260916,0.10.0,362,supply,demands,False,6,6,D2,6,BASE,POWER,16.700000000000003,J000004,1,1,16.700000000000003
m3-periodic,ee0bec387c023d5d0ab8464c286e0564fdf9e899852c4db249384f154598db79,20260916,0.10.0,362,supply,demands,False,6,6,D3,7,BASE,POWER,16.800000000000004,J000003,1,1,16.800000000000004
m3-periodic,ee0bec387c023d5d0ab8464c286e0564fdf9e899852c4db249384f154598db79,20260916,0.10.0,362,supply,demands,False,6,6,D4,10,BASE,POWER,32.7,J000007,1,1,32.7
m3-periodic,ee0bec387c023d5d0ab8464c286e0564fdf9e899852c4db249384f154598db79,20260916,0.10.0,362,supply,demands,False,6,6,D5,13,BASE,POWER,40.7,J000009,1,1,40.7
m3-periodic,ee0bec387c023d5d0ab8464c286e0564fdf9e899852c4db249384f154598db79,20260916,0.10.0,362,supply,demands,False,6,6,D6,16,BASE,POWER,56.800000000000004,J000011,1,1,56.800000000000004
m3-periodic,ee0bec387c023d5d0ab8464c286e0564fdf9e899852c4db249384f154598db79,20260916,0.10.0,363,supply,demands,False,5,5,D1,3,BASE,POWER,16.800000000000004,J000001,1,1,16.800000000000004
m3-periodic,ee0bec387c023d5d0ab8464c286e0564fdf9e899852c4db249384f154598db79,20260916,0.10.0,363,supply,demands,False,5,5,D2,6,BASE,POWER,32.7,J000005,1,1,32.7
m3-periodic,ee0bec387c023d5d0ab8464c286e0564fdf9e899852c4db249384f154598db79,20260916,0.10.0,363,supply,demands,False,5,5,D3,7,BASE,POWER,32.800000000000004,J000004,1,1,32.800000000000004
m3-periodic,ee0bec387c023d5d0ab8464c286e0564fdf9e899852c4db249384f154598db79,20260916,0.10.0,363,supply,demands,False,5,5,D4,10,BASE,POWER,60.7,J000011,1,1,60.7
m3-periodic,ee0bec387c023d5d0ab8464c286e0564fdf9e899852c4db249384f154598db79,20260916,0.10.0,363,supply,demands,False,5,5,D5,11,BASE,POWER,60.800000000000004,J000010,1,1,60.800000000000004
m3-periodic,ee0bec387c023d5d0ab8464c286e0564fdf9e899852c4db249384f154598db79,20260916,0.10.0,364,supply,demands,False,6,6,D1,3,BASE,POWER,16.700000000000003,J000002,1,1,16.700000000000003
m3-periodic,ee0bec387c023d5d0ab8464c286e0564fdf9e899852c4db249384f154598db79,20260916,0.10.0,364,supply,demands,False,6,6,D2,4,BASE,POWER,16.800000000000004,J000001,1,1,16.800000000000004
m3-periodic,ee0bec387c023d5d0ab8464c286e0564fdf9e899852c4db249384f154598db79,20260916,0.10.0,364,supply,demands,False,6,6,D3,7,BASE,POWER,32.800000000000004,J000005,1,1,32.800000000000004
m3-periodic,ee0bec387c023d5d0ab8464c286e0564fdf9e899852c4db249384f154598db79,20260916,0.10.0,364,supply,demands,False,6,6,D4,10,BASE,POWER,56.800000000000004,J000008,1,1,56.800000000000004
m3-periodic,ee0bec387c023d5d0ab8464c286e0564fdf9e899852c4db249384f154598db79,20260916,0.10.0,364,supply,demands,False,6,6,D5,11,BASE,POWER,60.7,J000012,1,1,60.7
m3-periodic,ee0bec387c023d5d0ab8464c286e0564fdf9e899852c4db249384f154598db79,20260916,0.10.0,364,supply,demands,False,6,6,D6,12,BASE,POWER,60.800000000000004,J000011,1,1,64.5
m3-periodic,ee0bec387c023d5d0ab8464c286e0564fdf9e899852c4db249384f154598db79,20260916,0.10.0,365,supply,demands,False,2,2,D1,3,BASE,POWER,56.7,J000006,1,1,56.7
m3-periodic,ee0bec387c023d5d0ab8464c286e0564fdf9e899852c4db249384f154598db79,20260916,0.10.0,365,supply,demands,False,2,2,D2,4,BASE,POWER,56.800000000000004,J000005,1,1,56.800000000000004
m3-periodic,ee0bec387c023d5d0ab8464c286e0564fdf9e899852c4db249384f154598db79,20260916,0.10.0,366,supply,demands,False,4,4,D1,3,BASE,POWER,32.7,J000004,1,1,32.7
m3-periodic,ee0bec387c023d5d0ab8464c286e0564fdf9e899852c4db249384f154598db79,20260916,0.10.0,366,supply,demands,False,4,4,D2,4,BASE,POWER,32.800000000000004,J000003,1,1,32.800000000000004
m3-periodic,ee0bec387c023d5d0ab8464c286e0564fdf9e899852c4db249384f154598db79,20260916,0.10.0,366,supply,demands,False,4,4,D3,7,BASE,POWER,56.800000000000004,J000007,1,1,56.800000000000004
m3-periodic,ee0bec387c023d5d0ab8464c286e0564fdf9e899852c4db249384f154598db79,20260916,0.10.0,366,supply,demands,False,4,4,D4,8,BASE,POWER,60.800000000000004,J000010,1,1,60.800000000000004
m3-periodic,ee0bec387c023d5d0ab8464c286e0564fdf9e899852c4db249384f154598db79,20260916,0.10.0,367,supply,demands,False,8,8,D1,3,BASE,POWER,16.700000000000003,J000002,1,1,16.700000000000003
m3-periodic,ee0bec387c023d5d0ab8464c286e0564fdf9e899852c4db249384f154598db79,20260916,0.10.0,367,supply,demands,False,8,8,D2,4,BASE,POWER,16.800000000000004,J000001,1,1,16.800000000000004
m3-periodic,ee0bec387c023d5d0ab8464c286e0564fdf9e899852c4db249384f154598db79,20260916,0.10.0,367,supply,demands,False,8,8,D3,7,BASE,POWER,32.7,J000006,1,1,32.7
m3-periodic,ee0bec387c023d5d0ab8464c286e0564fdf9e899852c4db249384f154598db79,20260916,0.10.0,367,supply,demands,False,8,8,D4,8,BASE,POWER,32.800000000000004,J000005,1,1,32.800000000000004
m3-periodic,ee0bec387c023d5d0ab8464c286e0564fdf9e899852c4db249384f154598db79,20260916,0.10.0,367,supply,demands,False,8,8,D5,11,BASE,POWER,56.7,J000010,1,1,56.7
m3-periodic,ee0bec387c023d5d0ab8464c286e0564fdf9e899852c4db249384f154598db79,20260916,0.10.0,367,supply,demands,False,8,8,D6,12,BASE,POWER,60.7,J000013,1,1,60.7
m3-periodic,ee0bec387c023d5d0ab8464c286e0564fdf9e899852c4db249384f154598db79,20260916,0.10.0,367,supply,demands,False,8,8,D7,13,BASE,POWER,60.800000000000004,J000012,1,1,64.5
m3-periodic,ee0bec387c023d5d0ab8464c286e0564fdf9e899852c4db249384f154598db79,20260916,0.10.0,367,supply,demands,False,8,8,D8,14,BASE,POWER,62.23459699832179,J000016,1,1,64.5
m3-periodic,ee0bec387c023d5d0ab8464c286e0564fdf9e899852c4db249384f154598db79,20260916,0.10.0,368,supply,demands,False,7,7,D1,3,BASE,POWER,16.700000000000003,J000003,1,1,16.700000000000003
m3-periodic,ee0bec387c023d5d0ab8464c286e0564fdf9e899852c4db249384f154598db79,20260916,0.10.0,368,supply,demands,False,7,7,D2,4,BASE,POWER,16.800000000000004,J000002,1,1,16.800000000000004
m3-periodic,ee0bec387c023d5d0ab8464c286e0564fdf9e899852c4db249384f154598db79,20260916,0.10.0,368,supply,demands,False,7,7,D3,7,BASE,POWER,32.7,J000006,1,1,32.7
m3-periodic,ee0bec387c023d5d0ab8464c286e0564fdf9e899852c4db249384f154598db79,20260916,0.10.0,368,supply,demands,False,7,7,D4,10,BASE,POWER,40.7,J000008,1,1,40.7
m3-periodic,ee0bec387c023d5d0ab8464c286e0564fdf9e899852c4db249384f154598db79,20260916,0.10.0,368,supply,demands,False,7,7,D5,13,BASE,POWER,56.7,J000011,1,1,56.7
m3-periodic,ee0bec387c023d5d0ab8464c286e0564fdf9e899852c4db249384f154598db79,20260916,0.10.0,368,supply,demands,False,7,7,D6,14,BASE,POWER,56.800000000000004,J000010,1,1,56.800000000000004
m3-periodic,ee0bec387c023d5d0ab8464c286e0564fdf9e899852c4db249384f154598db79,20260916,0.10.0,368,supply,demands,False,7,7,D7,15,BASE,POWER,60.7,J000014,1,1,64.5
m3-periodic,ee0bec387c023d5d0ab8464c286e0564fdf9e899852c4db249384f154598db79,20260916,0.10.0,369,supply,demands,False,7,7,D1,3,BASE,POWER,16.800000000000004,J000001,1,1,16.800000000000004
m3-periodic,ee0bec387c023d5d0ab8464c286e0564fdf9e899852c4db249384f154598db79,20260916,0.10.0,369,supply,demands,False,7,7,D2,6,BASE,POWER,32.7,J000005,1,1,32.7
m3-periodic,ee0bec387c023d5d0ab8464c286e0564fdf9e899852c4db249384f154598db79,20260916,0.10.0,369,supply,demands,False,7,7,D3,7,BASE,POWER,32.800000000000004,J000004,1,1,32.800000000000004
m3-periodic,ee0bec387c023d5d0ab8464c286e0564fdf9e899852c4db249384f154598db79,20260916,0.10.0,369,supply,demands,False,7,7,D4,8,BASE,POWER,35.197419833476175,J000008,1,1,40.5
m3-periodic,ee0bec387c023d5d0ab8464c286e0564fdf9e899852c4db249384f154598db79,20260916,0.10.0,369,supply,demands,False,7,7,D5,11,BASE,POWER,56.7,J000010,1,1,56.7
m3-periodic,ee0bec387c023d5d0ab8464c286e0564fdf9e899852c4db249384f154598db79,20260916,0.10.0,369,supply,demands,False,7,7,D6,12,BASE,POWER,60.7,J000013,1,1,60.7
m3-periodic,ee0bec387c023d5d0ab8464c286e0564fdf9e899852c4db249384f154598db79,20260916,0.10.0,369,supply,demands,False,7,7,D7,15,BASE,POWER,64.69999999999999,J000015,1,1,64.69999999999999
m3-periodic,ee0bec387c023d5d0ab8464c286e0564fdf9e899852c4db249384f154598db79,20260916,0.10.0,370,supply,demands,False,6,6,D1,3,BASE,POWER,16.800000000000004,J000001,1,1,16.800000000000004
m3-periodic,ee0bec387c023d5d0ab8464c286e0564fdf9e899852c4db249384f154598db79,20260916,0.10.0,370,supply,demands,False,6,6,D2,6,BASE,POWER,32.7,J000005,1,1,32.7
m3-periodic,ee0bec387c023d5d0ab8464c286e0564fdf9e899852c4db249384f154598db79,20260916,0.10.0,370,supply,demands,False,6,6,D3,7,BASE,POWER,32.800000000000004,J000004,1,1,32.800000000000004
m3-periodic,ee0bec387c023d5d0ab8464c286e0564fdf9e899852c4db249384f154598db79,20260916,0.10.0,370,supply,demands,False,6,6,D4,10,BASE,POWER,56.800000000000004,J000008,1,1,56.800000000000004
m3-periodic,ee0bec387c023d5d0ab8464c286e0564fdf9e899852c4db249384f154598db79,20260916,0.10.0,370,supply,demands,False,6,6,D5,11,BASE,POWER,60.7,J000012,1,1,60.7
m3-periodic,ee0bec387c023d5d0ab8464c286e0564fdf9e899852c4db249384f154598db79,20260916,0.10.0,370,supply,demands,False,6,6,D6,12,BASE,POWER,60.800000000000004,J000011,1,1,64.5
m3-periodic,ee0bec387c023d5d0ab8464c286e0564fdf9e899852c4db249384f154598db79,20260916,0.10.0,371,supply,demands,False,5,5,D1,3,BASE,POWER,16.800000000000004,J000001,1,1,16.800000000000004
m3-periodic,ee0bec387c023d5d0ab8464c286e0564fdf9e899852c4db249384f154598db79,20260916,0.10.0,371,supply,demands,False,5,5,D2,6,BASE,POWER,56.7,J000007,1,1,56.7
m3-periodic,ee0bec387c023d5d0ab8464c286e0564fdf9e899852c4db249384f154598db79,20260916,0.10.0,371,supply,demands,False,5,5,D3,7,BASE,POWER,56.800000000000004,J000006,1,1,56.800000000000004
m3-periodic,ee0bec387c023d5d0ab8464c286e0564fdf9e899852c4db249384f154598db79,20260916,0.10.0,371,supply,demands,False,5,5,D4,8,BASE,POWER,60.7,J000011,1,1,64.5
m3-periodic,ee0bec387c023d5d0ab8464c286e0564fdf9e899852c4db249384f154598db79,20260916,0.10.0,371,supply,demands,False,5,5,D5,9,BASE,POWER,60.800000000000004,J000010,1,1,64.5
m3-periodic,ee0bec387c023d5d0ab8464c286e0564fdf9e899852c4db249384f154598db79,20260916,0.10.0,372,supply,demands,False,5,5,D1,3,BASE,POWER,16.700000000000003,J000002,1,1,16.700000000000003
m3-periodic,ee0bec387c023d5d0ab8464c286e0564fdf9e899852c4db249384f154598db79,20260916,0.10.0,372,supply,demands,False,5,5,D2,6,BASE,POWER,32.7,J000005,1,1,32.7
m3-periodic,ee0bec387c023d5d0ab8464c286e0564fdf9e899852c4db249384f154598db79,20260916,0.10.0,372,supply,demands,False,5,5,D3,7,BASE,POWER,32.800000000000004,J000004,1,1,32.800000000000004
m3-periodic,ee0bec387c023d5d0ab8464c286e0564fdf9e899852c4db249384f154598db79,20260916,0.10.0,372,supply,demands,False,5,5,D4,10,BASE,POWER,60.800000000000004,J000010,1,1,60.800000000000004
m3-periodic,ee0bec387c023d5d0ab8464c286e0564fdf9e899852c4db249384f154598db79,20260916,0.10.0,372,supply,demands,False,5,5,D5,13,BASE,POWER,64.69999999999999,J000013,1,1,64.69999999999999
m3-periodic,ee0bec387c023d5d0ab8464c286e0564fdf9e899852c4db249384f154598db79,20260916,0.10.0,373,supply,demands,False,6,6,D1,3,BASE,POWER,16.800000000000004,J000001,1,1,16.800000000000004
m3-periodic,ee0bec387c023d5d0ab8464c286e0564fdf9e899852c4db249384f154598db79,20260916,0.10.0,373,supply,demands,False,6,6,D2,6,BASE,POWER,32.7,J000005,1,1,32.7
m3-periodic,ee0bec387c023d5d0ab8464c286e0564fdf9e899852c4db249384f154598db79,20260916,0.10.0,373,supply,demands,False,6,6,D3,7,BASE,POWER,32.800000000000004,J000004,1,1,32.800000000000004
m3-periodic,ee0bec387c023d5d0ab8464c286e0564fdf9e899852c4db249384f154598db79,20260916,0.10.0,373,supply,demands,False,6,6,D4,10,BASE,POWER,56.7,J000009,1,1,56.7
m3-periodic,ee0bec387c023d5d0ab8464c286e0564fdf9e899852c4db249384f154598db79,20260916,0.10.0,373,supply,demands,False,6,6,D5,11,BASE,POWER,60.800000000000004,J000011,1,1,60.800000000000004
m3-periodic,ee0bec387c023d5d0ab8464c286e0564fdf9e899852c4db249384f154598db79,20260916,0.10.0,373,supply,demands,False,6,6,D6,14,BASE,POWER,64.69999999999999,J000014,1,1,64.69999999999999
m3-periodic,ee0bec387c023d5d0ab8464c286e0564fdf9e899852c4db249384f154598db79,20260916,0.10.0,374,supply,demands,False,5,5,D1,3,BASE,POWER,16.700000000000003,J000002,1,1,16.700000000000003
m3-periodic,ee0bec387c023d5d0ab8464c286e0564fdf9e899852c4db249384f154598db79,20260916,0.10.0,374,supply,demands,False,5,5,D2,4,BASE,POWER,16.800000000000004,J000001,1,1,16.800000000000004
m3-periodic,ee0bec387c023d5d0ab8464c286e0564fdf9e899852c4db249384f154598db79,20260916,0.10.0,374,supply,demands,False,5,5,D3,7,BASE,POWER,31.758266354781234,J000006,1,1,31.758266354781234
m3-periodic,ee0bec387c023d5d0ab8464c286e0564fdf9e899852c4db249384f154598db79,20260916,0.10.0,374,supply,demands,False,5,5,D4,10,BASE,POWER,56.7,J000010,1,1,56.7
m3-periodic,ee0bec387c023d5d0ab8464c286e0564fdf9e899852c4db249384f154598db79,20260916,0.10.0,374,supply,demands,False,5,5,D5,11,BASE,POWER,56.800000000000004,J000009,1,1,56.800000000000004
m3-periodic,ee0bec387c023d5d0ab8464c286e0564fdf9e899852c4db249384f154598db79,20260916,0.10.0,375,supply,demands,False,4,4,D1,3,BASE,POWER,16.700000000000003,J000002,1,1,16.700000000000003
m3-periodic,ee0bec387c023d5d0ab8464c286e0564fdf9e899852c4db249384f154598db79,20260916,0.10.0,375,supply,demands,False,4,4,D2,6,BASE,POWER,56.800000000000004,J000007,1,1,56.800000000000004
m3-periodic,ee0bec387c023d5d0ab8464c286e0564fdf9e899852c4db249384f154598db79,20260916,0.10.0,375,supply,demands,False,4,4,D3,7,BASE,POWER,60.7,J000011,1,1,60.7
m3-periodic,ee0bec387c023d5d0ab8464c286e0564fdf9e899852c4db249384f154598db79,20260916,0.10.0,375,supply,demands,False,4,4,D4,8,BASE,POWER,60.800000000000004,J000010,1,1,64.5
m3-periodic,ee0bec387c023d5d0ab8464c286e0564fdf9e899852c4db249384f154598db79,20260916,0.10.0,376,supply,demands,False,7,7,D1,3,BASE,POWER,16.700000000000003,J000002,1,1,16.700000000000003
m3-periodic,ee0bec387c023d5d0ab8464c286e0564fdf9e899852c4db249384f154598db79,20260916,0.10.0,376,supply,demands,False,7,7,D2,6,BASE,POWER,30.789726017533653,J000005,1,1,30.789726017533653
m3-periodic,ee0bec387c023d5d0ab8464c286e0564fdf9e899852c4db249384f154598db79,20260916,0.10.0,376,supply,demands,False,7,7,D3,9,BASE,POWER,56.7,J000008,1,1,56.7
m3-periodic,ee0bec387c023d5d0ab8464c286e0564fdf9e899852c4db249384f154598db79,20260916,0.10.0,376,supply,demands,False,7,7,D4,10,BASE,POWER,56.800000000000004,J000007,1,1,56.800000000000004
m3-periodic,ee0bec387c023d5d0ab8464c286e0564fdf9e899852c4db249384f154598db79,20260916,0.10.0,376,supply,demands,False,7,7,D5,11,BASE,POWER,60.7,J000012,1,1,64.5
m3-periodic,ee0bec387c023d5d0ab8464c286e0564fdf9e899852c4db249384f154598db79,20260916,0.10.0,376,supply,demands,False,7,7,D6,12,BASE,POWER,60.800000000000004,J000011,1,1,64.5
m3-periodic,ee0bec387c023d5d0ab8464c286e0564fdf9e899852c4db249384f154598db79,20260916,0.10.0,376,supply,demands,False,7,7,D7,13,BASE,POWER,63.49759000890313,J000015,1,1,65.5
m3-periodic,ee0bec387c023d5d0ab8464c286e0564fdf9e899852c4db249384f154598db79,20260916,0.10.0,377,supply,demands,False,4,4,D1,3,BASE,POWER,15.357502845228261,J000002,1,1,15.357502845228261
m3-periodic,ee0bec387c023d5d0ab8464c286e0564fdf9e899852c4db249384f154598db79,20260916,0.10.0,377,supply,demands,False,4,4,D2,6,BASE,POWER,32.800000000000004,J000005,1,1,32.800000000000004
m3-periodic,ee0bec387c023d5d0ab8464c286e0564fdf9e899852c4db249384f154598db79,20260916,0.10.0,377,supply,demands,False,4,4,D3,9,BASE,POWER,56.7,J000009,1,1,56.7
m3-periodic,ee0bec387c023d5d0ab8464c286e0564fdf9e899852c4db249384f154598db79,20260916,0.10.0,377,supply,demands,False,4,4,D4,10,BASE,POWER,56.800000000000004,J000008,1,1,56.800000000000004
m3-periodic,ee0bec387c023d5d0ab8464c286e0564fdf9e899852c4db249384f154598db79,20260916,0.10.0,378,supply,demands,False,3,3,D1,3,BASE,POWER,32.800000000000004,J000003,1,1,32.800000000000004
m3-periodic,ee0bec387c023d5d0ab8464c286e0564fdf9e899852c4db249384f154598db79,20260916,0.10.0,378,supply,demands,False,3,3,D2,6,BASE,POWER,56.7,J000007,1,1,56.7
m3-periodic,ee0bec387c023d5d0ab8464c286e0564fdf9e899852c4db249384f154598db79,20260916,0.10.0,378,supply,demands,False,3,3,D3,7,BASE,POWER,60.7,J000010,1,1,60.7
m3-periodic,ee0bec387c023d5d0ab8464c286e0564fdf9e899852c4db249384f154598db79,20260916,0.10.0,379,supply,demands,False,4,4,D1,3,BASE,POWER,16.700000000000003,J000002,1,1,16.700000000000003
m3-periodic,ee0bec387c023d5d0ab8464c286e0564fdf9e899852c4db249384f154598db79,20260916,0.10.0,379,supply,demands,False,4,4,D2,6,BASE,POWER,32.7,J000005,1,1,32.7
m3-periodic,ee0bec387c023d5d0ab8464c286e0564fdf9e899852c4db249384f154598db79,20260916,0.10.0,379,supply,demands,False,4,4,D3,9,BASE,POWER,56.7,J000008,1,1,56.7
m3-periodic,ee0bec387c023d5d0ab8464c286e0564fdf9e899852c4db249384f154598db79,20260916,0.10.0,379,supply,demands,False,4,4,D4,10,BASE,POWER,56.800000000000004,J000007,1,1,56.800000000000004
m3-periodic,ee0bec387c023d5d0ab8464c286e0564fdf9e899852c4db249384f154598db79,20260916,0.10.0,380,supply,demands,False,4,4,D1,3,BASE,POWER,16.700000000000003,J000002,1,1,16.700000000000003
m3-periodic,ee0bec387c023d5d0ab8464c286e0564fdf9e899852c4db249384f154598db79,20260916,0.10.0,380,supply,demands,False,4,4,D2,6,BASE,POWER,56.7,J000007,1,1,56.7
m3-periodic,ee0bec387c023d5d0ab8464c286e0564fdf9e899852c4db249384f154598db79,20260916,0.10.0,380,supply,demands,False,4,4,D3,7,BASE,POWER,56.800000000000004,J000006,1,1,56.800000000000004
m3-periodic,ee0bec387c023d5d0ab8464c286e0564fdf9e899852c4db249384f154598db79,20260916,0.10.0,380,supply,demands,False,4,4,D4,8,BASE,POWER,60.7,J000011,1,1,64.5
m3-periodic,ee0bec387c023d5d0ab8464c286e0564fdf9e899852c4db249384f154598db79,20260916,0.10.0,381,supply,demands,False,7,7,D1,3,BASE,POWER,16.700000000000003,J000002,1,1,16.700000000000003
m3-periodic,ee0bec387c023d5d0ab8464c286e0564fdf9e899852c4db249384f154598db79,20260916,0.10.0,381,supply,demands,False,7,7,D2,4,BASE,POWER,16.800000000000004,J000001,1,1,16.800000000000004
m3-periodic,ee0bec387c023d5d0ab8464c286e0564fdf9e899852c4db249384f154598db79,20260916,0.10.0,381,supply,demands,False,7,7,D3,7,BASE,POWER,32.7,J000006,1,1,32.7
m3-periodic,ee0bec387c023d5d0ab8464c286e0564fdf9e899852c4db249384f154598db79,20260916,0.10.0,381,supply,demands,False,7,7,D4,8,BASE,POWER,32.800000000000004,J000005,1,1,32.800000000000004
m3-periodic,ee0bec387c023d5d0ab8464c286e0564fdf9e899852c4db249384f154598db79,20260916,0.10.0,381,supply,demands,False,7,7,D5,11,BASE,POWER,56.800000000000004,J000009,1,1,56.800000000000004
m3-periodic,ee0bec387c023d5d0ab8464c286e0564fdf9e899852c4db249384f154598db79,20260916,0.10.0,381,supply,demands,False,7,7,D6,12,BASE,POWER,60.7,J000013,1,1,60.7
m3-periodic,ee0bec387c023d5d0ab8464c286e0564fdf9e899852c4db249384f154598db79,20260916,0.10.0,381,supply,demands,False,7,7,D7,13,BASE,POWER,60.800000000000004,J000012,1,1,64.5
m3-periodic,ee0bec387c023d5d0ab8464c286e0564fdf9e899852c4db249384f154598db79,20260916,0.10.0,382,supply,demands,False,5,5,D1,3,BASE,POWER,16.700000000000003,J000002,1,1,16.700000000000003
m3-periodic,ee0bec387c023d5d0ab8464c286e0564fdf9e899852c4db249384f154598db79,20260916,0.10.0,382,supply,demands,False,5,5,D2,4,BASE,POWER,16.800000000000004,J000001,1,1,16.800000000000004
m3-periodic,ee0bec387c023d5d0ab8464c286e0564fdf9e899852c4db249384f154598db79,20260916,0.10.0,382,supply,demands,False,5,5,D3,7,BASE,POWER,32.7,J000006,1,1,32.7
m3-periodic,ee0bec387c023d5d0ab8464c286e0564fdf9e899852c4db249384f154598db79,20260916,0.10.0,382,supply,demands,False,5,5,D4,10,BASE,POWER,56.800000000000004,J000008,1,1,56.800000000000004
m3-periodic,ee0bec387c023d5d0ab8464c286e0564fdf9e899852c4db249384f154598db79,20260916,0.10.0,382,supply,demands,False,5,5,D5,11,BASE,POWER,60.7,J000012,1,1,60.7
m3-periodic,ee0bec387c023d5d0ab8464c286e0564fdf9e899852c4db249384f154598db79,20260916,0.10.0,383,supply,demands,False,7,7,D1,3,BASE,POWER,7.005873243566729,J000001,1,1,7.005873243566729
m3-periodic,ee0bec387c023d5d0ab8464c286e0564fdf9e899852c4db249384f154598db79,20260916,0.10.0,383,supply,demands,False,7,7,D2,6,BASE,POWER,16.700000000000003,J000003,1,1,16.700000000000003
m3-periodic,ee0bec387c023d5d0ab8464c286e0564fdf9e899852c4db249384f154598db79,20260916,0.10.0,383,supply,demands,False,7,7,D3,9,BASE,POWER,32.7,J000006,1,1,32.7
m3-periodic,ee0bec387c023d5d0ab8464c286e0564fdf9e899852c4db249384f154598db79,20260916,0.10.0,383,supply,demands,False,7,7,D4,10,BASE,POWER,32.800000000000004,J000005,1,1,32.800000000000004
m3-periodic,ee0bec387c023d5d0ab8464c286e0564fdf9e899852c4db249384f154598db79,20260916,0.10.0,383,supply,demands,False,7,7,D5,11,BASE,POWER,36.7,J000009,1,1,40.5
m3-periodic,ee0bec387c023d5d0ab8464c286e0564fdf9e899852c4db249384f154598db79,20260916,0.10.0,383,supply,demands,False,7,7,D6,14,BASE,POWER,56.7,J000011,1,1,56.7
m3-periodic,ee0bec387c023d5d0ab8464c286e0564fdf9e899852c4db249384f154598db79,20260916,0.10.0,383,supply,demands,False,7,7,D7,15,BASE,POWER,60.7,J000014,1,1,60.7
m3-periodic,ee0bec387c023d5d0ab8464c286e0564fdf9e899852c4db249384f154598db79,20260916,0.10.0,384,supply,demands,False,3,3,D1,3,BASE,POWER,32.7,J000004,1,1,32.7
m3-periodic,ee0bec387c023d5d0ab8464c286e0564fdf9e899852c4db249384f154598db79,20260916,0.10.0,384,supply,demands,False,3,3,D2,6,BASE,POWER,60.7,J000009,1,1,60.7
m3-periodic,ee0bec387c023d5d0ab8464c286e0564fdf9e899852c4db249384f154598db79,20260916,0.10.0,384,supply,demands,False,3,3,D3,7,BASE,POWER,60.800000000000004,J000008,1,1,60.800000000000004
m3-periodic,ee0bec387c023d5d0ab8464c286e0564fdf9e899852c4db249384f154598db79,20260916,0.10.0,385,supply,demands,False,5,5,D1,3,BASE,POWER,16.700000000000003,J000002,1,1,16.700000000000003
m3-periodic,ee0bec387c023d5d0ab8464c286e0564fdf9e899852c4db249384f154598db79,20260916,0.10.0,385,supply,demands,False,5,5,D2,4,BASE,POWER,16.800000000000004,J000001,1,1,16.800000000000004
m3-periodic,ee0bec387c023d5d0ab8464c286e0564fdf9e899852c4db249384f154598db79,20260916,0.10.0,385,supply,demands,False,5,5,D3,7,BASE,POWER,56.7,J000008,1,1,56.7
m3-periodic,ee0bec387c023d5d0ab8464c286e0564fdf9e899852c4db249384f154598db79,20260916,0.10.0,385,supply,demands,False,5,5,D4,8,BASE,POWER,60.7,J000011,1,1,60.7
m3-periodic,ee0bec387c023d5d0ab8464c286e0564fdf9e899852c4db249384f154598db79,20260916,0.10.0,385,supply,demands,False,5,5,D5,9,BASE,POWER,60.800000000000004,J000010,1,1,64.5
m3-periodic,ee0bec387c023d5d0ab8464c286e0564fdf9e899852c4db249384f154598db79,20260916,0.10.0,386,supply,demands,False,5,5,D1,3,BASE,POWER,16.700000000000003,J000002,1,1,16.700000000000003
m3-periodic,ee0bec387c023d5d0ab8464c286e0564fdf9e899852c4db249384f154598db79,20260916,0.10.0,386,supply,demands,False,5,5,D2,4,BASE,POWER,16.800000000000004,J000001,1,1,16.800000000000004
m3-periodic,ee0bec387c023d5d0ab8464c286e0564fdf9e899852c4db249384f154598db79,20260916,0.10.0,386,supply,demands,False,5,5,D3,7,BASE,POWER,32.7,J000006,1,1,32.7
m3-periodic,ee0bec387c023d5d0ab8464c286e0564fdf9e899852c4db249384f154598db79,20260916,0.10.0,386,supply,demands,False,5,5,D4,8,BASE,POWER,32.800000000000004,J000005,1,1,32.800000000000004
m3-periodic,ee0bec387c023d5d0ab8464c286e0564fdf9e899852c4db249384f154598db79,20260916,0.10.0,386,supply,demands,False,5,5,D5,11,BASE,POWER,60.800000000000004,J000011,1,1,60.800000000000004
m3-periodic,ee0bec387c023d5d0ab8464c286e0564fdf9e899852c4db249384f154598db79,20260916,0.10.0,387,supply,demands,False,3,3,D1,3,BASE,POWER,16.800000000000004,J000001,1,1,16.800000000000004
m3-periodic,ee0bec387c023d5d0ab8464c286e0564fdf9e899852c4db249384f154598db79,20260916,0.10.0,387,supply,demands,False,3,3,D2,6,BASE,POWER,60.800000000000004,J000007,1,1,60.800000000000004
m3-periodic,ee0bec387c023d5d0ab8464c286e0564fdf9e899852c4db249384f154598db79,20260916,0.10.0,387,supply,demands,False,3,3,D3,9,BASE,POWER,64.69999999999999,J000010,1,1,64.69999999999999
m3-periodic,ee0bec387c023d5d0ab8464c286e0564fdf9e899852c4db249384f154598db79,20260916,0.10.0,388,supply,demands,False,5,5,D1,3,BASE,POWER,16.800000000000004,J000001,1,1,16.800000000000004
m3-periodic,ee0bec387c023d5d0ab8464c286e0564fdf9e899852c4db249384f154598db79,20260916,0.10.0,388,supply,demands,False,5,5,D2,6,BASE,POWER,32.7,J000005,1,1,32.7
m3-periodic,ee0bec387c023d5d0ab8464c286e0564fdf9e899852c4db249384f154598db79,20260916,0.10.0,388,supply,demands,False,5,5,D3,7,BASE,POWER,32.800000000000004,J000004,1,1,32.800000000000004
m3-periodic,ee0bec387c023d5d0ab8464c286e0564fdf9e899852c4db249384f154598db79,20260916,0.10.0,388,supply,demands,False,5,5,D4,10,BASE,POWER,56.800000000000004,J000008,1,1,56.800000000000004
m3-periodic,ee0bec387c023d5d0ab8464c286e0564fdf9e899852c4db249384f154598db79,20260916,0.10.0,388,supply,demands,False,5,5,D5,11,BASE,POWER,60.800000000000004,J000011,1,1,60.800000000000004
m3-periodic,ee0bec387c023d5d0ab8464c286e0564fdf9e899852c4db249384f154598db79,20260916,0.10.0,389,supply,demands,False,6,6,D1,3,BASE,POWER,16.800000000000004,J000001,1,1,16.800000000000004
m3-periodic,ee0bec387c023d5d0ab8464c286e0564fdf9e899852c4db249384f154598db79,20260916,0.10.0,389,supply,demands,False,6,6,D2,6,BASE,POWER,32.7,J000005,1,1,32.7
m3-periodic,ee0bec387c023d5d0ab8464c286e0564fdf9e899852c4db249384f154598db79,20260916,0.10.0,389,supply,demands,False,6,6,D3,9,BASE,POWER,56.7,J000008,1,1,56.7
m3-periodic,ee0bec387c023d5d0ab8464c286e0564fdf9e899852c4db249384f154598db79,20260916,0.10.0,389,supply,demands,False,6,6,D4,10,BASE,POWER,56.800000000000004,J000007,1,1,56.800000000000004
m3-periodic,ee0bec387c023d5d0ab8464c286e0564fdf9e899852c4db249384f154598db79,20260916,0.10.0,389,supply,demands,False,6,6,D5,11,BASE,POWER,60.7,J000012,1,1,64.5
m3-periodic,ee0bec387c023d5d0ab8464c286e0564fdf9e899852c4db249384f154598db79,20260916,0.10.0,389,supply,demands,False,6,6,D6,12,BASE,POWER,60.800000000000004,J000011,1,1,64.5
m3-periodic,ee0bec387c023d5d0ab8464c286e0564fdf9e899852c4db249384f154598db79,20260916,0.10.0,390,supply,demands,False,7,7,D1,3,BASE,POWER,16.700000000000003,J000002,1,1,16.700000000000003
m3-periodic,ee0bec387c023d5d0ab8464c286e0564fdf9e899852c4db249384f154598db79,20260916,0.10.0,390,supply,demands,False,7,7,D2,4,BASE,POWER,16.800000000000004,J000001,1,1,16.800000000000004
m3-periodic,ee0bec387c023d5d0ab8464c286e0564fdf9e899852c4db249384f154598db79,20260916,0.10.0,390,supply,demands,False,7,7,D3,7,BASE,POWER,32.800000000000004,J000005,1,1,32.800000000000004
m3-periodic,ee0bec387c023d5d0ab8464c286e0564fdf9e899852c4db249384f154598db79,20260916,0.10.0,390,supply,demands,False,7,7,D4,10,BASE,POWER,56.7,J000009,1,1,56.7
m3-periodic,ee0bec387c023d5d0ab8464c286e0564fdf9e899852c4db249384f154598db79,20260916,0.10.0,390,supply,demands,False,7,7,D5,11,BASE,POWER,56.800000000000004,J000008,1,1,56.800000000000004
m3-periodic,ee0bec387c023d5d0ab8464c286e0564fdf9e899852c4db249384f154598db79,20260916,0.10.0,390,supply,demands,False,7,7,D6,12,BASE,POWER,58.991797222003484,J000013,1,1,64.5
m3-periodic,ee0bec387c023d5d0ab8464c286e0564fdf9e899852c4db249384f154598db79,20260916,0.10.0,390,supply,demands,False,7,7,D7,13,BASE,POWER,59.091797222003486,J000012,1,1,64.5
m3-periodic,ee0bec387c023d5d0ab8464c286e0564fdf9e899852c4db249384f154598db79,20260916,0.10.0,391,supply,demands,False,5,5,D1,3,BASE,POWER,16.700000000000003,J000002,1,1,16.700000000000003
m3-periodic,ee0bec387c023d5d0ab8464c286e0564fdf9e899852c4db249384f154598db79,20260916,0.10.0,391,supply,demands,False,5,5,D2,6,BASE,POWER,32.800000000000004,J000004,1,1,32.800000000000004
m3-periodic,ee0bec387c023d5d0ab8464c286e0564fdf9e899852c4db249384f154598db79,20260916,0.10.0,391,supply,demands,False,5,5,D3,9,BASE,POWER,56.7,J000008,1,1,56.7
m3-periodic,ee0bec387c023d5d0ab8464c286e0564fdf9e899852c4db249384f154598db79,20260916,0.10.0,391,supply,demands,False,5,5,D4,10,BASE,POWER,56.800000000000004,J000007,1,1,56.800000000000004
m3-periodic,ee0bec387c023d5d0ab8464c286e0564fdf9e899852c4db249384f154598db79,20260916,0.10.0,391,supply,demands,False,5,5,D5,11,BASE,POWER,60.7,J000012,1,1,64.5
m3-periodic,ee0bec387c023d5d0ab8464c286e0564fdf9e899852c4db249384f154598db79,20260916,0.10.0,392,supply,demands,False,4,4,D1,3,BASE,POWER,16.700000000000003,J000002,1,1,16.700000000000003
m3-periodic,ee0bec387c023d5d0ab8464c286e0564fdf9e899852c4db249384f154598db79,20260916,0.10.0,392,supply,demands,False,4,4,D2,4,BASE,POWER,16.800000000000004,J000001,1,1,16.800000000000004
m3-periodic,ee0bec387c023d5d0ab8464c286e0564fdf9e899852c4db249384f154598db79,20260916,0.10.0,392,supply,demands,False,4,4,D3,7,BASE,POWER,56.7,J000008,1,1,56.7
m3-periodic,ee0bec387c023d5d0ab8464c286e0564fdf9e899852c4db249384f154598db79,20260916,0.10.0,392,supply,demands,False,4,4,D4,8,BASE,POWER,60.800000000000004,J000010,1,1,60.800000000000004
m3-periodic,ee0bec387c023d5d0ab8464c286e0564fdf9e899852c4db249384f154598db79,20260916,0.10.0,393,supply,demands,False,4,4,D1,3,BASE,POWER,16.800000000000004,J000001,1,1,16.800000000000004
m3-periodic,ee0bec387c023d5d0ab8464c286e0564fdf9e899852c4db249384f154598db79,20260916,0.10.0,393,supply,demands,False,4,4,D2,6,BASE,POWER,32.800000000000004,J000004,1,1,32.800000000000004
m3-periodic,ee0bec387c023d5d0ab8464c286e0564fdf9e899852c4db249384f154598db79,20260916,0.10.0,393,supply,demands,False,4,4,D3,9,BASE,POWER,60.7,J000010,1,1,60.7
m3-periodic,ee0bec387c023d5d0ab8464c286e0564fdf9e899852c4db249384f154598db79,20260916,0.10.0,393,supply,demands,False,4,4,D4,10,BASE,POWER,60.800000000000004,J000009,1,1,60.800000000000004
m3-periodic,ee0bec387c023d5d0ab8464c286e0564fdf9e899852c4db249384f154598db79,20260916,0.10.0,394,supply,demands,False,4,4,D1,3,BASE,POWER,10.991700595992011,J000001,1,1,10.991700595992011
m3-periodic,ee0bec387c023d5d0ab8464c286e0564fdf9e899852c4db249384f154598db79,20260916,0.10.0,394,supply,demands,False,4,4,D2,6,BASE,POWER,16.700000000000003,J000004,1,1,16.700000000000003
m3-periodic,ee0bec387c023d5d0ab8464c286e0564fdf9e899852c4db249384f154598db79,20260916,0.10.0,394,supply,demands,False,4,4,D3,9,BASE,POWER,54.78404447442031,J000009,1,1,54.78404447442031
m3-periodic,ee0bec387c023d5d0ab8464c286e0564fdf9e899852c4db249384f154598db79,20260916,0.10.0,394,supply,demands,False,4,4,D4,12,BASE,POWER,60.7,J000011,1,1,60.7
m3-periodic,ee0bec387c023d5d0ab8464c286e0564fdf9e899852c4db249384f154598db79,20260916,0.10.0,395,supply,demands,False,7,7,D1,3,BASE,POWER,16.700000000000003,J000002,1,1,16.700000000000003
m3-periodic,ee0bec387c023d5d0ab8464c286e0564fdf9e899852c4db249384f154598db79,20260916,0.10.0,395,supply,demands,False,7,7,D2,6,BASE,POWER,32.7,J000005,1,1,32.7
m3-periodic,ee0bec387c023d5d0ab8464c286e0564fdf9e899852c4db249384f154598db79,20260916,0.10.0,395,supply,demands,False,7,7,D3,9,BASE,POWER,56.7,J000008,1,1,56.7
m3-periodic,ee0bec387c023d5d0ab8464c286e0564fdf9e899852c4db249384f154598db79,20260916,0.10.0,395,supply,demands,False,7,7,D4,10,BASE,POWER,56.800000000000004,J000007,1,1,56.800000000000004
m3-periodic,ee0bec387c023d5d0ab8464c286e0564fdf9e899852c4db249384f154598db79,20260916,0.10.0,395,supply,demands,False,7,7,D5,11,BASE,POWER,60.7,J000012,1,1,64.5
m3-periodic,ee0bec387c023d5d0ab8464c286e0564fdf9e899852c4db249384f154598db79,20260916,0.10.0,395,supply,demands,False,7,7,D6,12,BASE,POWER,60.800000000000004,J000011,1,1,64.5
m3-periodic,ee0bec387c023d5d0ab8464c286e0564fdf9e899852c4db249384f154598db79,20260916,0.10.0,395,supply,demands,False,7,7,D7,13,BASE,POWER,63.295206110608525,J000015,1,1,65.5
m3-periodic,ee0bec387c023d5d0ab8464c286e0564fdf9e899852c4db249384f154598db79,20260916,0.10.0,396,supply,demands,False,5,5,D1,3,BASE,POWER,16.700000000000003,J000002,1,1,16.700000000000003
m3-periodic,ee0bec387c023d5d0ab8464c286e0564fdf9e899852c4db249384f154598db79,20260916,0.10.0,396,supply,demands,False,5,5,D2,4,BASE,POWER,16.800000000000004,J000001,1,1,16.800000000000004
m3-periodic,ee0bec387c023d5d0ab8464c286e0564fdf9e899852c4db249384f154598db79,20260916,0.10.0,396,supply,demands,False,5,5,D3,7,BASE,POWER,32.7,J000006,1,1,32.7
m3-periodic,ee0bec387c023d5d0ab8464c286e0564fdf9e899852c4db249384f154598db79,20260916,0.10.0,396,supply,demands,False,5,5,D4,8,BASE,POWER,32.800000000000004,J000005,1,1,32.800000000000004
m3-periodic,ee0bec387c023d5d0ab8464c286e0564fdf9e899852c4db249384f154598db79,20260916,0.10.0,396,supply,demands,False,5,5,D5,11,BASE,POWER,56.7,J000010,1,1,56.7
m3-periodic,ee0bec387c023d5d0ab8464c286e0564fdf9e899852c4db249384f154598db79,20260916,0.10.0,397,supply,demands,False,5,5,D1,3,BASE,POWER,16.700000000000003,J000002,1,1,16.700000000000003
m3-periodic,ee0bec387c023d5d0ab8464c286e0564fdf9e899852c4db249384f154598db79,20260916,0.10.0,397,supply,demands,False,5,5,D2,6,BASE,POWER,32.7,J000005,1,1,32.7
m3-periodic,ee0bec387c023d5d0ab8464c286e0564fdf9e899852c4db249384f154598db79,20260916,0.10.0,397,supply,demands,False,5,5,D3,7,BASE,POWER,32.800000000000004,J000004,1,1,32.800000000000004
m3-periodic,ee0bec387c023d5d0ab8464c286e0564fdf9e899852c4db249384f154598db79,20260916,0.10.0,397,supply,demands,False,5,5,D4,10,BASE,POWER,56.800000000000004,J000008,1,1,56.800000000000004
m3-periodic,ee0bec387c023d5d0ab8464c286e0564fdf9e899852c4db249384f154598db79,20260916,0.10.0,397,supply,demands,False,5,5,D5,11,BASE,POWER,60.800000000000004,J000011,1,1,60.800000000000004
m3-periodic,ee0bec387c023d5d0ab8464c286e0564fdf9e899852c4db249384f154598db79,20260916,0.10.0,398,supply,demands,False,6,6,D1,3,BASE,POWER,16.700000000000003,J000002,1,1,16.700000000000003
m3-periodic,ee0bec387c023d5d0ab8464c286e0564fdf9e899852c4db249384f154598db79,20260916,0.10.0,398,supply,demands,False,6,6,D2,4,BASE,POWER,16.800000000000004,J000001,1,1,16.800000000000004
m3-periodic,ee0bec387c023d5d0ab8464c286e0564fdf9e899852c4db249384f154598db79,20260916,0.10.0,398,supply,demands,False,6,6,D3,7,BASE,POWER,32.800000000000004,J000005,1,1,32.800000000000004
m3-periodic,ee0bec387c023d5d0ab8464c286e0564fdf9e899852c4db249384f154598db79,20260916,0.10.0,398,supply,demands,False,6,6,D4,10,BASE,POWER,56.7,J000009,1,1,56.7
m3-periodic,ee0bec387c023d5d0ab8464c286e0564fdf9e899852c4db249384f154598db79,20260916,0.10.0,398,supply,demands,False,6,6,D5,11,BASE,POWER,60.7,J000012,1,1,60.7
m3-periodic,ee0bec387c023d5d0ab8464c286e0564fdf9e899852c4db249384f154598db79,20260916,0.10.0,398,supply,demands,False,6,6,D6,12,BASE,POWER,60.800000000000004,J000011,1,1,64.5
m3-periodic,ee0bec387c023d5d0ab8464c286e0564fdf9e899852c4db249384f154598db79,20260916,0.10.0,399,supply,demands,False,5,5,D1,3,BASE,POWER,16.700000000000003,J000002,1,1,16.700000000000003
m3-periodic,ee0bec387c023d5d0ab8464c286e0564fdf9e899852c4db249384f154598db79,20260916,0.10.0,399,supply,demands,False,5,5,D2,6,BASE,POWER,32.7,J000005,1,1,32.7
m3-periodic,ee0bec387c023d5d0ab8464c286e0564fdf9e899852c4db249384f154598db79,20260916,0.10.0,399,supply,demands,False,5,5,D3,7,BASE,POWER,32.800000000000004,J000004,1,1,32.800000000000004
m3-periodic,ee0bec387c023d5d0ab8464c286e0564fdf9e899852c4db249384f154598db79,20260916,0.10.0,399,supply,demands,False,5,5,D4,10,BASE,POWER,56.7,J000009,1,1,56.7
m3-periodic,ee0bec387c023d5d0ab8464c286e0564fdf9e899852c4db249384f154598db79,20260916,0.10.0,399,supply,demands,False,5,5,D5,11,BASE,POWER,60.800000000000004,J000011,1,1,60.800000000000004
m3-periodic,ee0bec387c023d5d0ab8464c286e0564fdf9e899852c4db249384f154598db79,20260916,0.10.0,400,supply,demands,False,6,6,D1,3,BASE,POWER,14.943303969781319,J000002,1,1,14.943303969781319
m3-periodic,ee0bec387c023d5d0ab8464c286e0564fdf9e899852c4db249384f154598db79,20260916,0.10.0,400,supply,demands,False,6,6,D2,4,BASE,POWER,15.043303969781318,J000001,1,1,15.043303969781318
m3-periodic,ee0bec387c023d5d0ab8464c286e0564fdf9e899852c4db249384f154598db79,20260916,0.10.0,400,supply,demands,False,6,6,D3,7,BASE,POWER,56.7,J000008,1,1,56.7
m3-periodic,ee0bec387c023d5d0ab8464c286e0564fdf9e899852c4db249384f154598db79,20260916,0.10.0,400,supply,demands,False,6,6,D4,8,BASE,POWER,56.800000000000004,J000007,1,1,56.800000000000004
m3-periodic,ee0bec387c023d5d0ab8464c286e0564fdf9e899852c4db249384f154598db79,20260916,0.10.0,400,supply,demands,False,6,6,D5,9,BASE,POWER,60.7,J000012,1,1,64.5
m3-periodic,ee0bec387c023d5d0ab8464c286e0564fdf9e899852c4db249384f154598db79,20260916,0.10.0,400,supply,demands,False,6,6,D6,10,BASE,POWER,60.800000000000004,J000011,1,1,64.5
m3-periodic,ee0bec387c023d5d0ab8464c286e0564fdf9e899852c4db249384f154598db79,20260916,0.10.0,401,supply,demands,False,6,6,D1,3,BASE,POWER,16.700000000000003,J000002,1,1,16.700000000000003
m3-periodic,ee0bec387c023d5d0ab8464c286e0564fdf9e899852c4db249384f154598db79,20260916,0.10.0,401,supply,demands,False,6,6,D2,6,BASE,POWER,32.7,J000005,1,1,32.7
m3-periodic,ee0bec387c023d5d0ab8464c286e0564fdf9e899852c4db249384f154598db79,20260916,0.10.0,401,supply,demands,False,6,6,D3,7,BASE,POWER,32.800000000000004,J000006,1,1,32.800000000000004
m3-periodic,ee0bec387c023d5d0ab8464c286e0564fdf9e899852c4db249384f154598db79,20260916,0.10.0,401,supply,demands,False,6,6,D4,10,BASE,POWER,56.7,J000010,1,1,56.7
m3-periodic,ee0bec387c023d5d0ab8464c286e0564fdf9e899852c4db249384f154598db79,20260916,0.10.0,401,supply,demands,False,6,6,D5,11,BASE,POWER,56.800000000000004,J000009,1,1,56.800000000000004
m3-periodic,ee0bec387c023d5d0ab8464c286e0564fdf9e899852c4db249384f154598db79,20260916,0.10.0,401,supply,demands,False,6,6,D6,12,BASE,POWER,60.7,J000014,1,1,64.5
m3-periodic,ee0bec387c023d5d0ab8464c286e0564fdf9e899852c4db249384f154598db79,20260916,0.10.0,402,supply,demands,False,6,6,D1,3,BASE,POWER,16.700000000000003,J000002,1,1,16.700000000000003
m3-periodic,ee0bec387c023d5d0ab8464c286e0564fdf9e899852c4db249384f154598db79,20260916,0.10.0,402,supply,demands,False,6,6,D2,4,BASE,POWER,16.800000000000004,J000001,1,1,16.800000000000004
m3-periodic,ee0bec387c023d5d0ab8464c286e0564fdf9e899852c4db249384f154598db79,20260916,0.10.0,402,supply,demands,False,6,6,D3,7,BASE,POWER,32.7,J000006,1,1,32.7
m3-periodic,ee0bec387c023d5d0ab8464c286e0564fdf9e899852c4db249384f154598db79,20260916,0.10.0,402,supply,demands,False,6,6,D4,8,BASE,POWER,32.800000000000004,J000005,1,1,32.800000000000004
m3-periodic,ee0bec387c023d5d0ab8464c286e0564fdf9e899852c4db249384f154598db79,20260916,0.10.0,402,supply,demands,False,6,6,D5,11,BASE,POWER,56.7,J000010,1,1,56.7
m3-periodic,ee0bec387c023d5d0ab8464c286e0564fdf9e899852c4db249384f154598db79,20260916,0.10.0,402,supply,demands,False,6,6,D6,12,BASE,POWER,60.7,J000013,1,1,60.7
m3-periodic,ee0bec387c023d5d0ab8464c286e0564fdf9e899852c4db249384f154598db79,20260916,0.10.0,403,supply,demands,False,3,3,D1,3,BASE,POWER,32.800000000000004,J000003,1,1,32.800000000000004
m3-periodic,ee0bec387c023d5d0ab8464c286e0564fdf9e899852c4db249384f154598db79,20260916,0.10.0,403,supply,demands,False,3,3,D2,6,BASE,POWER,56.800000000000004,J000006,1,1,56.800000000000004
m3-periodic,ee0bec387c023d5d0ab8464c286e0564fdf9e899852c4db249384f154598db79,20260916,0.10.0,403,supply,demands,False,3,3,D3,7,BASE,POWER,60.800000000000004,J000009,1,1,60.800000000000004
m3-periodic,ee0bec387c023d5d0ab8464c286e0564fdf9e899852c4db249384f154598db79,20260916,0.10.0,404,supply,demands,False,4,4,D1,3,BASE,POWER,16.700000000000003,J000002,1,1,16.700000000000003
m3-periodic,ee0bec387c023d5d0ab8464c286e0564fdf9e899852c4db249384f154598db79,20260916,0.10.0,404,supply,demands,False,4,4,D2,4,BASE,POWER,16.800000000000004,J000001,1,1,16.800000000000004
m3-periodic,ee0bec387c023d5d0ab8464c286e0564fdf9e899852c4db249384f154598db79,20260916,0.10.0,404,supply,demands,False,4,4,D3,7,BASE,POWER,56.7,J000008,1,1,56.7
m3-periodic,ee0bec387c023d5d0ab8464c286e0564fdf9e899852c4db249384f154598db79,20260916,0.10.0,404,supply,demands,False,4,4,D4,8,BASE,POWER,60.7,J000011,1,1,60.7
m3-periodic,ee0bec387c023d5d0ab8464c286e0564fdf9e899852c4db249384f154598db79,20260916,0.10.0,405,supply,demands,False,5,5,D1,3,BASE,POWER,12.155769124071952,J000001,1,1,12.155769124071952
m3-periodic,ee0bec387c023d5d0ab8464c286e0564fdf9e899852c4db249384f154598db79,20260916,0.10.0,405,supply,demands,False,5,5,D2,6,BASE,POWER,16.700000000000003,J000004,1,1,16.700000000000003
m3-periodic,ee0bec387c023d5d0ab8464c286e0564fdf9e899852c4db249384f154598db79,20260916,0.10.0,405,supply,demands,False,5,5,D3,7,BASE,POWER,16.800000000000004,J000003,1,1,16.800000000000004
m3-periodic,ee0bec387c023d5d0ab8464c286e0564fdf9e899852c4db249384f154598db79,20260916,0.10.0,405,supply,demands,False,5,5,D4,10,BASE,POWER,32.7,J000007,1,1,32.7
m3-periodic,ee0bec387c023d5d0ab8464c286e0564fdf9e899852c4db249384f154598db79,20260916,0.10.0,405,supply,demands,False,5,5,D5,13,BASE,POWER,56.800000000000004,J000010,1,1,56.800000000000004
m3-periodic,ee0bec387c023d5d0ab8464c286e0564fdf9e899852c4db249384f154598db79,20260916,0.10.0,406,supply,demands,False,4,4,D1,3,BASE,POWER,16.700000000000003,J000002,1,1,16.700000000000003
m3-periodic,ee0bec387c023d5d0ab8464c286e0564fdf9e899852c4db249384f154598db79,20260916,0.10.0,406,supply,demands,False,4,4,D2,6,BASE,POWER,32.7,J000005,1,1,32.7
m3-periodic,ee0bec387c023d5d0ab8464c286e0564fdf9e899852c4db249384f154598db79,20260916,0.10.0,406,supply,demands,False,4,4,D3,9,BASE,POWER,40.22446499684059,J000007,1,1,40.22446499684059
m3-periodic,ee0bec387c023d5d0ab8464c286e0564fdf9e899852c4db249384f154598db79,20260916,0.10.0,406,supply,demands,False,4,4,D4,12,BASE,POWER,56.800000000000004,J000011,1,1,56.800000000000004
m3-periodic,ee0bec387c023d5d0ab8464c286e0564fdf9e899852c4db249384f154598db79,20260916,0.10.0,407,supply,demands,False,5,5,D1,3,BASE,POWER,16.800000000000004,J000001,1,1,16.800000000000004
m3-periodic,ee0bec387c023d5d0ab8464c286e0564fdf9e899852c4db249384f154598db79,20260916,0.10.0,407,supply,demands,False,5,5,D2,6,BASE,POWER,32.800000000000004,J000004,1,1,32.800000000000004
m3-periodic,ee0bec387c023d5d0ab8464c286e0564fdf9e899852c4db249384f154598db79,20260916,0.10.0,407,supply,demands,False,5,5,D3,9,BASE,POWER,56.7,J000008,1,1,56.7
m3-periodic,ee0bec387c023d5d0ab8464c286e0564fdf9e899852c4db249384f154598db79,20260916,0.10.0,407,supply,demands,False,5,5,D4,10,BASE,POWER,56.800000000000004,J000007,1,1,56.800000000000004
m3-periodic,ee0bec387c023d5d0ab8464c286e0564fdf9e899852c4db249384f154598db79,20260916,0.10.0,407,supply,demands,False,5,5,D5,11,BASE,POWER,60.800000000000004,J000011,1,1,64.5
m3-periodic,ee0bec387c023d5d0ab8464c286e0564fdf9e899852c4db249384f154598db79,20260916,0.10.0,408,supply,demands,False,3,3,D1,3,BASE,POWER,16.800000000000004,J000003,1,1,16.800000000000004
m3-periodic,ee0bec387c023d5d0ab8464c286e0564fdf9e899852c4db249384f154598db79,20260916,0.10.0,408,supply,demands,False,3,3,D2,6,BASE,POWER,32.47123476478913,J000006,1,1,32.47123476478913
m3-periodic,ee0bec387c023d5d0ab8464c286e0564fdf9e899852c4db249384f154598db79,20260916,0.10.0,408,supply,demands,False,3,3,D3,9,BASE,POWER,56.7,J000010,1,1,56.7
m3-periodic,ee0bec387c023d5d0ab8464c286e0564fdf9e899852c4db249384f154598db79,20260916,0.10.0,409,supply,demands,False,4,4,D1,3,BASE,POWER,16.800000000000004,J000001,1,1,16.800000000000004
m3-periodic,ee0bec387c023d5d0ab8464c286e0564fdf9e899852c4db249384f154598db79,20260916,0.10.0,409,supply,demands,False,4,4,D2,6,BASE,POWER,32.7,J000005,1,1,32.7
m3-periodic,ee0bec387c023d5d0ab8464c286e0564fdf9e899852c4db249384f154598db79,20260916,0.10.0,409,supply,demands,False,4,4,D3,9,BASE,POWER,56.54068661478823,J000008,1,1,56.54068661478823
m3-periodic,ee0bec387c023d5d0ab8464c286e0564fdf9e899852c4db249384f154598db79,20260916,0.10.0,409,supply,demands,False,4,4,D4,10,BASE,POWER,60.7,J000012,1,1,60.7
m3-periodic,ee0bec387c023d5d0ab8464c286e0564fdf9e899852c4db249384f154598db79,20260916,0.10.0,410,supply,demands,False,6,6,D1,3,BASE,POWER,16.544639578485906,J000003,1,1,16.544639578485906
m3-periodic,ee0bec387c023d5d0ab8464c286e0564fdf9e899852c4db249384f154598db79,20260916,0.10.0,410,supply,demands,False,6,6,D2,6,BASE,POWER,32.7,J000006,1,1,32.7
m3-periodic,ee0bec387c023d5d0ab8464c286e0564fdf9e899852c4db249384f154598db79,20260916,0.10.0,410,supply,demands,False,6,6,D3,7,BASE,POWER,32.800000000000004,J000005,1,1,32.800000000000004
m3-periodic,ee0bec387c023d5d0ab8464c286e0564fdf9e899852c4db249384f154598db79,20260916,0.10.0,410,supply,demands,False,6,6,D4,10,BASE,POWER,56.7,J000010,1,1,56.7
m3-periodic,ee0bec387c023d5d0ab8464c286e0564fdf9e899852c4db249384f154598db79,20260916,0.10.0,410,supply,demands,False,6,6,D5,11,BASE,POWER,60.7,J000013,1,1,60.7
m3-periodic,ee0bec387c023d5d0ab8464c286e0564fdf9e899852c4db249384f154598db79,20260916,0.10.0,410,supply,demands,False,6,6,D6,12,BASE,POWER,60.800000000000004,J000012,1,1,64.5
m3-periodic,ee0bec387c023d5d0ab8464c286e0564fdf9e899852c4db249384f154598db79,20260916,0.10.0,411,supply,demands,False,4,4,D1,3,BASE,POWER,16.700000000000003,J000002,1,1,16.700000000000003
m3-periodic,ee0bec387c023d5d0ab8464c286e0564fdf9e899852c4db249384f154598db79,20260916,0.10.0,411,supply,demands,False,4,4,D2,6,BASE,POWER,32.7,J000005,1,1,32.7
m3-periodic,ee0bec387c023d5d0ab8464c286e0564fdf9e899852c4db249384f154598db79,20260916,0.10.0,411,supply,demands,False,4,4,D3,7,BASE,POWER,32.800000000000004,J000004,1,1,32.800000000000004
m3-periodic,ee0bec387c023d5d0ab8464c286e0564fdf9e899852c4db249384f154598db79,20260916,0.10.0,411,supply,demands,False,4,4,D4,10,BASE,POWER,56.7,J000010,1,1,56.7
m3-periodic,ee0bec387c023d5d0ab8464c286e0564fdf9e899852c4db249384f154598db79,20260916,0.10.0,412,supply,demands,False,5,5,D1,3,BASE,POWER,16.800000000000004,J000001,1,1,16.800000000000004
m3-periodic,ee0bec387c023d5d0ab8464c286e0564fdf9e899852c4db249384f154598db79,20260916,0.10.0,412,supply,demands,False,5,5,D2,6,BASE,POWER,32.7,J000005,1,1,32.7
m3-periodic,ee0bec387c023d5d0ab8464c286e0564fdf9e899852c4db249384f154598db79,20260916,0.10.0,412,supply,demands,False,5,5,D3,7,BASE,POWER,32.800000000000004,J000004,1,1,32.800000000000004
m3-periodic,ee0bec387c023d5d0ab8464c286e0564fdf9e899852c4db249384f154598db79,20260916,0.10.0,412,supply,demands,False,5,5,D4,10,BASE,POWER,56.800000000000004,J000008,1,1,56.800000000000004
m3-periodic,ee0bec387c023d5d0ab8464c286e0564fdf9e899852c4db249384f154598db79,20260916,0.10.0,412,supply,demands,False,5,5,D5,11,BASE,POWER,59.87642355932074,J000013,1,1,59.87642355932074
m3-periodic,ee0bec387c023d5d0ab8464c286e0564fdf9e899852c4db249384f154598db79,20260916,0.10.0,413,supply,demands,False,4,4,D1,3,BASE,POWER,16.700000000000003,J000002,1,1,16.700000000000003
m3-periodic,ee0bec387c023d5d0ab8464c286e0564fdf9e899852c4db249384f154598db79,20260916,0.10.0,413,supply,demands,False,4,4,D2,6,BASE,POWER,32.800000000000004,J000004,1,1,32.800000000000004
m3-periodic,ee0bec387c023d5d0ab8464c286e0564fdf9e899852c4db249384f154598db79,20260916,0.10.0,413,supply,demands,False,4,4,D3,9,BASE,POWER,60.7,J000010,1,1,60.7
m3-periodic,ee0bec387c023d5d0ab8464c286e0564fdf9e899852c4db249384f154598db79,20260916,0.10.0,413,supply,demands,False,4,4,D4,10,BASE,POWER,60.800000000000004,J000009,1,1,60.800000000000004
m3-periodic,ee0bec387c023d5d0ab8464c286e0564fdf9e899852c4db249384f154598db79,20260916,0.10.0,414,supply,demands,False,4,4,D1,3,BASE,POWER,16.800000000000004,J000001,1,1,16.800000000000004
m3-periodic,ee0bec387c023d5d0ab8464c286e0564fdf9e899852c4db249384f154598db79,20260916,0.10.0,414,supply,demands,False,4,4,D2,6,BASE,POWER,56.7,J000007,1,1,56.7
m3-periodic,ee0bec387c023d5d0ab8464c286e0564fdf9e899852c4db249384f154598db79,20260916,0.10.0,414,supply,demands,False,4,4,D3,7,BASE,POWER,56.800000000000004,J000006,1,1,56.800000000000004
m3-periodic,ee0bec387c023d5d0ab8464c286e0564fdf9e899852c4db249384f154598db79,20260916,0.10.0,414,supply,demands,False,4,4,D4,8,BASE,POWER,60.800000000000004,J000010,1,1,64.5
m3-periodic,ee0bec387c023d5d0ab8464c286e0564fdf9e899852c4db249384f154598db79,20260916,0.10.0,415,supply,demands,False,4,4,D1,3,BASE,POWER,36.7,J000005,1,1,36.7
m3-periodic,ee0bec387c023d5d0ab8464c286e0564fdf9e899852c4db249384f154598db79,20260916,0.10.0,415,supply,demands,False,4,4,D2,6,BASE,POWER,56.7,J000007,1,1,56.7
m3-periodic,ee0bec387c023d5d0ab8464c286e0564fdf9e899852c4db249384f154598db79,20260916,0.10.0,415,supply,demands,False,4,4,D3,7,BASE,POWER,60.800000000000004,J000009,1,1,60.800000000000004
m3-periodic,ee0bec387c023d5d0ab8464c286e0564fdf9e899852c4db249384f154598db79,20260916,0.10.0,415,supply,demands,False,4,4,D4,10,BASE,POWER,64.69999999999999,J000012,1,1,64.69999999999999
m3-periodic,ee0bec387c023d5d0ab8464c286e0564fdf9e899852c4db249384f154598db79,20260916,0.10.0,416,supply,demands,False,4,4,D1,3,BASE,POWER,32.800000000000004,J000003,1,1,32.800000000000004
m3-periodic,ee0bec387c023d5d0ab8464c286e0564fdf9e899852c4db249384f154598db79,20260916,0.10.0,416,supply,demands,False,4,4,D2,6,BASE,POWER,56.7,J000007,1,1,56.7
m3-periodic,ee0bec387c023d5d0ab8464c286e0564fdf9e899852c4db249384f154598db79,20260916,0.10.0,416,supply,demands,False,4,4,D3,7,BASE,POWER,56.800000000000004,J000006,1,1,56.800000000000004
m3-periodic,ee0bec387c023d5d0ab8464c286e0564fdf9e899852c4db249384f154598db79,20260916,0.10.0,416,supply,demands,False,4,4,D4,8,BASE,POWER,60.7,J000011,1,1,64.5
m3-periodic,ee0bec387c023d5d0ab8464c286e0564fdf9e899852c4db249384f154598db79,20260916,0.10.0,417,supply,demands,False,8,8,D1,3,BASE,POWER,16.700000000000003,J000002,1,1,16.700000000000003
m3-periodic,ee0bec387c023d5d0ab8464c286e0564fdf9e899852c4db249384f154598db79,20260916,0.10.0,417,supply,demands,False,8,8,D2,4,BASE,POWER,16.800000000000004,J000001,1,1,16.800000000000004
m3-periodic,ee0bec387c023d5d0ab8464c286e0564fdf9e899852c4db249384f154598db79,20260916,0.10.0,417,supply,demands,False,8,8,D3,7,BASE,POWER,32.44576345924992,J000005,1,1,32.44576345924992
m3-periodic,ee0bec387c023d5d0ab8464c286e0564fdf9e899852c4db249384f154598db79,20260916,0.10.0,417,supply,demands,False,8,8,D4,8,BASE,POWER,32.54576345924992,J000007,1,1,32.54576345924992
m3-periodic,ee0bec387c023d5d0ab8464c286e0564fdf9e899852c4db249384f154598db79,20260916,0.10.0,417,supply,demands,False,8,8,D5,9,BASE,POWER,39.64200806654455,J000010,1,1,40.5
m3-periodic,ee0bec387c023d5d0ab8464c286e0564fdf9e899852c4db249384f154598db79,20260916,0.10.0,417,supply,demands,False,8,8,D6,12,BASE,POWER,56.7,J000013,1,1,56.7
m3-periodic,ee0bec387c023d5d0ab8464c286e0564fdf9e899852c4db249384f154598db79,20260916,0.10.0,417,supply,demands,False,8,8,D7,13,BASE,POWER,56.800000000000004,J000012,1,1,56.800000000000004
m3-periodic,ee0bec387c023d5d0ab8464c286e0564fdf9e899852c4db249384f154598db79,20260916,0.10.0,417,supply,demands,False,8,8,D8,14,BASE,POWER,60.7,J000016,1,1,64.5
m3-periodic,ee0bec387c023d5d0ab8464c286e0564fdf9e899852c4db249384f154598db79,20260916,0.10.0,418,supply,demands,False,2,2,D1,3,BASE,POWER,30.618834458934607,J000003,1,1,30.618834458934607
m3-periodic,ee0bec387c023d5d0ab8464c286e0564fdf9e899852c4db249384f154598db79,20260916,0.10.0,418,supply,demands,False,2,2,D2,6,BASE,POWER,56.800000000000004,J000006,1,1,56.800000000000004
m3-periodic,ee0bec387c023d5d0ab8464c286e0564fdf9e899852c4db249384f154598db79,20260916,0.10.0,419,supply,demands,False,4,4,D1,3,BASE,POWER,16.800000000000004,J000002,1,1,16.800000000000004
m3-periodic,ee0bec387c023d5d0ab8464c286e0564fdf9e899852c4db249384f154598db79,20260916,0.10.0,419,supply,demands,False,4,4,D2,6,BASE,POWER,40.7,J000006,1,1,40.7
m3-periodic,ee0bec387c023d5d0ab8464c286e0564fdf9e899852c4db249384f154598db79,20260916,0.10.0,419,supply,demands,False,4,4,D3,7,BASE,POWER,40.800000000000004,J000005,1,1,40.800000000000004
m3-periodic,ee0bec387c023d5d0ab8464c286e0564fdf9e899852c4db249384f154598db79,20260916,0.10.0,419,supply,demands,False,4,4,D4,10,BASE,POWER,56.800000000000004,J000009,1,1,56.800000000000004
m3-periodic,ee0bec387c023d5d0ab8464c286e0564fdf9e899852c4db249384f154598db79,20260916,0.10.0,420,supply,demands,False,6,6,D1,3,BASE,POWER,16.700000000000003,J000002,1,1,16.700000000000003
m3-periodic,ee0bec387c023d5d0ab8464c286e0564fdf9e899852c4db249384f154598db79,20260916,0.10.0,420,supply,demands,False,6,6,D2,6,BASE,POWER,32.800000000000004,J000004,1,1,32.800000000000004
m3-periodic,ee0bec387c023d5d0ab8464c286e0564fdf9e899852c4db249384f154598db79,20260916,0.10.0,420,supply,demands,False,6,6,D3,7,BASE,POWER,36.7,J000007,1,1,36.7
m3-periodic,ee0bec387c023d5d0ab8464c286e0564fdf9e899852c4db249384f154598db79,20260916,0.10.0,420,supply,demands,False,6,6,D4,10,BASE,POWER,60.7,J000011,1,1,60.7
m3-periodic,ee0bec387c023d5d0ab8464c286e0564fdf9e899852c4db249384f154598db79,20260916,0.10.0,420,supply,demands,False,6,6,D5,11,BASE,POWER,60.800000000000004,J000010,1,1,60.800000000000004
m3-periodic,ee0bec387c023d5d0ab8464c286e0564fdf9e899852c4db249384f154598db79,20260916,0.10.0,420,supply,demands,False,6,6,D6,14,BASE,POWER,64.69999999999999,J000014,1,1,64.69999999999999
m3-periodic,ee0bec387c023d5d0ab8464c286e0564fdf9e899852c4db249384f154598db79,20260916,0.10.0,421,supply,demands,False,4,4,D1,3,BASE,POWER,16.800000000000004,J000001,1,1,16.800000000000004
m3-periodic,ee0bec387c023d5d0ab8464c286e0564fdf9e899852c4db249384f154598db79,20260916,0.10.0,421,supply,demands,False,4,4,D2,6,BASE,POWER,32.7,J000005,1,1,32.7
m3-periodic,ee0bec387c023d5d0ab8464c286e0564fdf9e899852c4db249384f154598db79,20260916,0.10.0,421,supply,demands,False,4,4,D3,9,BASE,POWER,60.7,J000010,1,1,60.7
m3-periodic,ee0bec387c023d5d0ab8464c286e0564fdf9e899852c4db249384f154598db79,20260916,0.10.0,421,supply,demands,False,4,4,D4,10,BASE,POWER,60.800000000000004,J000009,1,1,60.800000000000004
m3-periodic,ee0bec387c023d5d0ab8464c286e0564fdf9e899852c4db249384f154598db79,20260916,0.10.0,422,supply,demands,False,6,6,D1,3,BASE,POWER,16.700000000000003,J000002,1,1,16.700000000000003
m3-periodic,ee0bec387c023d5d0ab8464c286e0564fdf9e899852c4db249384f154598db79,20260916,0.10.0,422,supply,demands,False,6,6,D2,4,BASE,POWER,16.800000000000004,J000001,1,1,16.800000000000004
m3-periodic,ee0bec387c023d5d0ab8464c286e0564fdf9e899852c4db249384f154598db79,20260916,0.10.0,422,supply,demands,False,6,6,D3,7,BASE,POWER,32.7,J000006,1,1,32.7
m3-periodic,ee0bec387c023d5d0ab8464c286e0564fdf9e899852c4db249384f154598db79,20260916,0.10.0,422,supply,demands,False,6,6,D4,10,BASE,POWER,56.800000000000004,J000008,1,1,56.800000000000004
m3-periodic,ee0bec387c023d5d0ab8464c286e0564fdf9e899852c4db249384f154598db79,20260916,0.10.0,422,supply,demands,False,6,6,D5,11,BASE,POWER,60.7,J000012,1,1,60.7
m3-periodic,ee0bec387c023d5d0ab8464c286e0564fdf9e899852c4db249384f154598db79,20260916,0.10.0,422,supply,demands,False,6,6,D6,12,BASE,POWER,60.800000000000004,J000011,1,1,64.5
m3-periodic,ee0bec387c023d5d0ab8464c286e0564fdf9e899852c4db249384f154598db79,20260916,0.10.0,423,supply,demands,False,8,8,D1,3,BASE,POWER,16.700000000000003,J000002,1,1,16.700000000000003
m3-periodic,ee0bec387c023d5d0ab8464c286e0564fdf9e899852c4db249384f154598db79,20260916,0.10.0,423,supply,demands,False,8,8,D2,4,BASE,POWER,16.800000000000004,J000001,1,1,16.800000000000004
m3-periodic,ee0bec387c023d5d0ab8464c286e0564fdf9e899852c4db249384f154598db79,20260916,0.10.0,423,supply,demands,False,8,8,D3,7,BASE,POWER,32.7,J000006,1,1,32.7
m3-periodic,ee0bec387c023d5d0ab8464c286e0564fdf9e899852c4db249384f154598db79,20260916,0.10.0,423,supply,demands,False,8,8,D4,8,BASE,POWER,32.800000000000004,J000005,1,1,32.800000000000004
m3-periodic,ee0bec387c023d5d0ab8464c286e0564fdf9e899852c4db249384f154598db79,20260916,0.10.0,423,supply,demands,False,8,8,D5,11,BASE,POWER,56.7,J000010,1,1,56.7
m3-periodic,ee0bec387c023d5d0ab8464c286e0564fdf9e899852c4db249384f154598db79,20260916,0.10.0,423,supply,demands,False,8,8,D6,12,BASE,POWER,56.800000000000004,J000009,1,1,56.800000000000004
m3-periodic,ee0bec387c023d5d0ab8464c286e0564fdf9e899852c4db249384f154598db79,20260916,0.10.0,423,supply,demands,False,8,8,D7,13,BASE,POWER,60.7,J000014,1,1,64.5
m3-periodic,ee0bec387c023d5d0ab8464c286e0564fdf9e899852c4db249384f154598db79,20260916,0.10.0,423,supply,demands,False,8,8,D8,16,BASE,POWER,64.30915659570891,J000016,1,1,64.5
m3-periodic,ee0bec387c023d5d0ab8464c286e0564fdf9e899852c4db249384f154598db79,20260916,0.10.0,424,supply,demands,False,6,6,D1,3,BASE,POWER,16.700000000000003,J000002,1,1,16.700000000000003
m3-periodic,ee0bec387c023d5d0ab8464c286e0564fdf9e899852c4db249384f154598db79,20260916,0.10.0,424,supply,demands,False,6,6,D2,4,BASE,POWER,16.800000000000004,J000001,1,1,16.800000000000004
m3-periodic,ee0bec387c023d5d0ab8464c286e0564fdf9e899852c4db249384f154598db79,20260916,0.10.0,424,supply,demands,False,6,6,D3,7,BASE,POWER,31.381015996936714,J000006,1,1,31.381015996936714
m3-periodic,ee0bec387c023d5d0ab8464c286e0564fdf9e899852c4db249384f154598db79,20260916,0.10.0,424,supply,demands,False,6,6,D4,8,BASE,POWER,31.481015996936716,J000007,1,1,31.481015996936716
m3-periodic,ee0bec387c023d5d0ab8464c286e0564fdf9e899852c4db249384f154598db79,20260916,0.10.0,424,supply,demands,False,6,6,D5,11,BASE,POWER,34.23573051122362,J000010,1,1,34.23573051122362
m3-periodic,ee0bec387c023d5d0ab8464c286e0564fdf9e899852c4db249384f154598db79,20260916,0.10.0,424,supply,demands,False,6,6,D6,14,BASE,POWER,64.79999999999998,J000014,1,1,64.79999999999998
m3-periodic,ee0bec387c023d5d0ab8464c286e0564fdf9e899852c4db249384f154598db79,20260916,0.10.0,425,supply,demands,False,5,5,D1,3,BASE,POWER,16.700000000000003,J000002,1,1,16.700000000000003
m3-periodic,ee0bec387c023d5d0ab8464c286e0564fdf9e899852c4db249384f154598db79,20260916,0.10.0,425,supply,demands,False,5,5,D2,6,BASE,POWER,32.800000000000004,J000004,1,1,32.800000000000004
m3-periodic,ee0bec387c023d5d0ab8464c286e0564fdf9e899852c4db249384f154598db79,20260916,0.10.0,425,supply,demands,False,5,5,D3,9,BASE,POWER,56.7,J000008,1,1,56.7
m3-periodic,ee0bec387c023d5d0ab8464c286e0564fdf9e899852c4db249384f154598db79,20260916,0.10.0,425,supply,demands,False,5,5,D4,10,BASE,POWER,56.800000000000004,J000007,1,1,56.800000000000004
m3-periodic,ee0bec387c023d5d0ab8464c286e0564fdf9e899852c4db249384f154598db79,20260916,0.10.0,425,supply,demands,False,5,5,D5,11,BASE,POWER,60.7,J000012,1,1,64.5
m3-periodic,ee0bec387c023d5d0ab8464c286e0564fdf9e899852c4db249384f154598db79,20260916,0.10.0,426,supply,demands,False,6,6,D1,3,BASE,POWER,16.700000000000003,J000002,1,1,16.700000000000003
m3-periodic,ee0bec387c023d5d0ab8464c286e0564fdf9e899852c4db249384f154598db79,20260916,0.10.0,426,supply,demands,False,6,6,D2,4,BASE,POWER,16.800000000000004,J000001,1,1,16.800000000000004
m3-periodic,ee0bec387c023d5d0ab8464c286e0564fdf9e899852c4db249384f154598db79,20260916,0.10.0,426,supply,demands,False,6,6,D3,7,BASE,POWER,56.7,J000008,1,1,56.7
m3-periodic,ee0bec387c023d5d0ab8464c286e0564fdf9e899852c4db249384f154598db79,20260916,0.10.0,426,supply,demands,False,6,6,D4,8,BASE,POWER,56.800000000000004,J000007,1,1,56.800000000000004
m3-periodic,ee0bec387c023d5d0ab8464c286e0564fdf9e899852c4db249384f154598db79,20260916,0.10.0,426,supply,demands,False,6,6,D5,9,BASE,POWER,60.7,J000012,1,1,64.5
m3-periodic,ee0bec387c023d5d0ab8464c286e0564fdf9e899852c4db249384f154598db79,20260916,0.10.0,426,supply,demands,False,6,6,D6,10,BASE,POWER,60.800000000000004,J000011,1,1,64.5
m3-periodic,ee0bec387c023d5d0ab8464c286e0564fdf9e899852c4db249384f154598db79,20260916,0.10.0,427,supply,demands,False,4,4,D1,3,BASE,POWER,16.800000000000004,J000002,1,1,16.800000000000004
m3-periodic,ee0bec387c023d5d0ab8464c286e0564fdf9e899852c4db249384f154598db79,20260916,0.10.0,427,supply,demands,False,4,4,D2,6,BASE,POWER,31.311155562790596,J000005,1,1,31.311155562790596
m3-periodic,ee0bec387c023d5d0ab8464c286e0564fdf9e899852c4db249384f154598db79,20260916,0.10.0,427,supply,demands,False,4,4,D3,9,BASE,POWER,40.7,J000007,1,1,40.7
m3-periodic,ee0bec387c023d5d0ab8464c286e0564fdf9e899852c4db249384f154598db79,20260916,0.10.0,427,supply,demands,False,4,4,D4,12,BASE,POWER,56.7,J000010,1,1,56.7
m3-periodic,ee0bec387c023d5d0ab8464c286e0564fdf9e899852c4db249384f154598db79,20260916,0.10.0,428,supply,demands,False,3,3,D1,3,BASE,POWER,16.800000000000004,J000001,1,1,16.800000000000004
m3-periodic,ee0bec387c023d5d0ab8464c286e0564fdf9e899852c4db249384f154598db79,20260916,0.10.0,428,supply,demands,False,3,3,D2,6,BASE,POWER,32.800000000000004,J000004,1,1,32.800000000000004
m3-periodic,ee0bec387c023d5d0ab8464c286e0564fdf9e899852c4db249384f154598db79,20260916,0.10.0,428,supply,demands,False,3,3,D3,9,BASE,POWER,60.800000000000004,J000009,1,1,60.800000000000004
m3-periodic,ee0bec387c023d5d0ab8464c286e0564fdf9e899852c4db249384f154598db79,20260916,0.10.0,429,supply,demands,False,4,4,D1,3,BASE,POWER,16.700000000000003,J000002,1,1,16.700000000000003
m3-periodic,ee0bec387c023d5d0ab8464c286e0564fdf9e899852c4db249384f154598db79,20260916,0.10.0,429,supply,demands,False,4,4,D2,6,BASE,POWER,59.283829615709706,J000009,1,1,59.283829615709706
m3-periodic,ee0bec387c023d5d0ab8464c286e0564fdf9e899852c4db249384f154598db79,20260916,0.10.0,429,supply,demands,False,4,4,D3,7,BASE,POWER,59.38382961570971,J000010,1,1,59.38382961570971
m3-periodic,ee0bec387c023d5d0ab8464c286e0564fdf9e899852c4db249384f154598db79,20260916,0.10.0,429,supply,demands,False,4,4,D4,10,BASE,POWER,64.69999999999999,J000013,1,1,64.69999999999999
m3-periodic,ee0bec387c023d5d0ab8464c286e0564fdf9e899852c4db249384f154598db79,20260916,0.10.0,430,supply,demands,False,6,6,D1,3,BASE,POWER,16.700000000000003,J000002,1,1,16.700000000000003
m3-periodic,ee0bec387c023d5d0ab8464c286e0564fdf9e899852c4db249384f154598db79,20260916,0.10.0,430,supply,demands,False,6,6,D2,4,BASE,POWER,16.800000000000004,J000001,1,1,16.800000000000004
m3-periodic,ee0bec387c023d5d0ab8464c286e0564fdf9e899852c4db249384f154598db79,20260916,0.10.0,430,supply,demands,False,6,6,D3,7,BASE,POWER,32.7,J000006,1,1,32.7
m3-periodic,ee0bec387c023d5d0ab8464c286e0564fdf9e899852c4db249384f154598db79,20260916,0.10.0,430,supply,demands,False,6,6,D4,8,BASE,POWER,32.800000000000004,J000005,1,1,32.800000000000004
m3-periodic,ee0bec387c023d5d0ab8464c286e0564fdf9e899852c4db249384f154598db79,20260916,0.10.0,430,supply,demands,False,6,6,D5,9,BASE,POWER,39.188125675866466,J000009,1,1,40.5
m3-periodic,ee0bec387c023d5d0ab8464c286e0564fdf9e899852c4db249384f154598db79,20260916,0.10.0,430,supply,demands,False,6,6,D6,12,BASE,POWER,55.16690451589691,J000012,1,1,55.16690451589691
m3-periodic,ee0bec387c023d5d0ab8464c286e0564fdf9e899852c4db249384f154598db79,20260916,0.10.0,431,supply,demands,False,5,5,D1,3,BASE,POWER,32.7,J000004,1,1,32.7
m3-periodic,ee0bec387c023d5d0ab8464c286e0564fdf9e899852c4db249384f154598db79,20260916,0.10.0,431,supply,demands,False,5,5,D2,4,BASE,POWER,32.800000000000004,J000003,1,1,32.800000000000004
m3-periodic,ee0bec387c023d5d0ab8464c286e0564fdf9e899852c4db249384f154598db79,20260916,0.10.0,431,supply,demands,False,5,5,D3,7,BASE,POWER,56.7,J000008,1,1,56.7
m3-periodic,ee0bec387c023d5d0ab8464c286e0564fdf9e899852c4db249384f154598db79,20260916,0.10.0,431,supply,demands,False,5,5,D4,8,BASE,POWER,60.800000000000004,J000010,1,1,60.800000000000004
m3-periodic,ee0bec387c023d5d0ab8464c286e0564fdf9e899852c4db249384f154598db79,20260916,0.10.0,431,supply,demands,False,5,5,D5,11,BASE,POWER,64.69999999999999,J000013,1,1,64.69999999999999
m3-periodic,ee0bec387c023d5d0ab8464c286e0564fdf9e899852c4db249384f154598db79,20260916,0.10.0,432,supply,demands,False,3,3,D1,3,BASE,POWER,32.7,J000004,1,1,32.7
m3-periodic,ee0bec387c023d5d0ab8464c286e0564fdf9e899852c4db249384f154598db79,20260916,0.10.0,432,supply,demands,False,3,3,D2,4,BASE,POWER,32.800000000000004,J000003,1,1,32.800000000000004
m3-periodic,ee0bec387c023d5d0ab8464c286e0564fdf9e899852c4db249384f154598db79,20260916,0.10.0,432,supply,demands,False,3,3,D3,7,BASE,POWER,60.7,J000011,1,1,60.7
m3-periodic,ee0bec387c023d5d0ab8464c286e0564fdf9e899852c4db249384f154598db79,20260916,0.10.0,433,supply,demands,False,4,4,D1,3,BASE,POWER,16.700000000000003,J000002,1,1,16.700000000000003
m3-periodic,ee0bec387c023d5d0ab8464c286e0564fdf9e899852c4db249384f154598db79,20260916,0.10.0,433,supply,demands,False,4,4,D2,6,BASE,POWER,32.7,J000005,1,1,32.7
m3-periodic,ee0bec387c023d5d0ab8464c286e0564fdf9e899852c4db249384f154598db79,20260916,0.10.0,433,supply,demands,False,4,4,D3,9,BASE,POWER,56.002687639339065,J000010,1,1,56.002687639339065
m3-periodic,ee0bec387c023d5d0ab8464c286e0564fdf9e899852c4db249384f154598db79,20260916,0.10.0,433,supply,demands,False,4,4,D4,10,BASE,POWER,60.800000000000004,J000012,1,1,60.800000000000004
m3-periodic,ee0bec387c023d5d0ab8464c286e0564fdf9e899852c4db249384f154598db79,20260916,0.10.0,434,supply,demands,False,6,6,D1,3,BASE,POWER,7.786584274376346,J000001,1,1,7.786584274376346
m3-periodic,ee0bec387c023d5d0ab8464c286e0564fdf9e899852c4db249384f154598db79,20260916,0.10.0,434,supply,demands,False,6,6,D2,6,BASE,POWER,16.700000000000003,J000003,1,1,16.700000000000003
m3-periodic,ee0bec387c023d5d0ab8464c286e0564fdf9e899852c4db249384f154598db79,20260916,0.10.0,434,supply,demands,False,6,6,D3,9,BASE,POWER,32.7,J000006,1,1,32.7
m3-periodic,ee0bec387c023d5d0ab8464c286e0564fdf9e899852c4db249384f154598db79,20260916,0.10.0,434,supply,demands,False,6,6,D4,12,BASE,POWER,60.7,J000011,1,1,60.7
m3-periodic,ee0bec387c023d5d0ab8464c286e0564fdf9e899852c4db249384f154598db79,20260916,0.10.0,434,supply,demands,False,6,6,D5,13,BASE,POWER,60.800000000000004,J000010,1,1,60.800000000000004
m3-periodic,ee0bec387c023d5d0ab8464c286e0564fdf9e899852c4db249384f154598db79,20260916,0.10.0,434,supply,demands,False,6,6,D6,16,BASE,POWER,64.69999999999999,J000014,1,1,64.69999999999999
m3-periodic,ee0bec387c023d5d0ab8464c286e0564fdf9e899852c4db249384f154598db79,20260916,0.10.0,435,supply,demands,False,5,5,D1,3,BASE,POWER,32.7,J000004,1,1,32.7
m3-periodic,ee0bec387c023d5d0ab8464c286e0564fdf9e899852c4db249384f154598db79,20260916,0.10.0,435,supply,demands,False,5,5,D2,4,BASE,POWER,32.800000000000004,J000003,1,1,32.800000000000004
m3-periodic,ee0bec387c023d5d0ab8464c286e0564fdf9e899852c4db249384f154598db79,20260916,0.10.0,435,supply,demands,False,5,5,D3,7,BASE,POWER,56.7,J000008,1,1,56.7
m3-periodic,ee0bec387c023d5d0ab8464c286e0564fdf9e899852c4db249384f154598db79,20260916,0.10.0,435,supply,demands,False,5,5,D4,8,BASE,POWER,60.7,J000011,1,1,60.7
m3-periodic,ee0bec387c023d5d0ab8464c286e0564fdf9e899852c4db249384f154598db79,20260916,0.10.0,435,supply,demands,False,5,5,D5,9,BASE,POWER,60.800000000000004,J000010,1,1,64.5
m3-periodic,ee0bec387c023d5d0ab8464c286e0564fdf9e899852c4db249384f154598db79,20260916,0.10.0,436,supply,demands,False,7,7,D1,3,BASE,POWER,16.700000000000003,J000002,1,1,16.700000000000003
m3-periodic,ee0bec387c023d5d0ab8464c286e0564fdf9e899852c4db249384f154598db79,20260916,0.10.0,436,supply,demands,False,7,7,D2,4,BASE,POWER,16.800000000000004,J000001,1,1,16.800000000000004
m3-periodic,ee0bec387c023d5d0ab8464c286e0564fdf9e899852c4db249384f154598db79,20260916,0.10.0,436,supply,demands,False,7,7,D3,7,BASE,POWER,32.7,J000006,1,1,32.7
m3-periodic,ee0bec387c023d5d0ab8464c286e0564fdf9e899852c4db249384f154598db79,20260916,0.10.0,436,supply,demands,False,7,7,D4,8,BASE,POWER,32.800000000000004,J000005,1,1,32.800000000000004
m3-periodic,ee0bec387c023d5d0ab8464c286e0564fdf9e899852c4db249384f154598db79,20260916,0.10.0,436,supply,demands,False,7,7,D5,11,BASE,POWER,56.7,J000010,1,1,56.7
m3-periodic,ee0bec387c023d5d0ab8464c286e0564fdf9e899852c4db249384f154598db79,20260916,0.10.0,436,supply,demands,False,7,7,D6,12,BASE,POWER,60.800000000000004,J000012,1,1,60.800000000000004
m3-periodic,ee0bec387c023d5d0ab8464c286e0564fdf9e899852c4db249384f154598db79,20260916,0.10.0,436,supply,demands,False,7,7,D7,15,BASE,POWER,64.69999999999999,J000015,1,1,64.69999999999999
m3-periodic,ee0bec387c023d5d0ab8464c286e0564fdf9e899852c4db249384f154598db79,20260916,0.10.0,437,supply,demands,False,3,3,D1,3,BASE,POWER,32.7,J000005,1,1,32.7
m3-periodic,ee0bec387c023d5d0ab8464c286e0564fdf9e899852c4db249384f154598db79,20260916,0.10.0,437,supply,demands,False,3,3,D2,4,BASE,POWER,32.800000000000004,J000004,1,1,32.800000000000004
m3-periodic,ee0bec387c023d5d0ab8464c286e0564fdf9e899852c4db249384f154598db79,20260916,0.10.0,437,supply,demands,False,3,3,D3,7,BASE,POWER,56.800000000000004,J000008,1,1,56.800000000000004
m3-periodic,ee0bec387c023d5d0ab8464c286e0564fdf9e899852c4db249384f154598db79,20260916,0.10.0,438,supply,demands,False,5,5,D1,3,BASE,POWER,16.800000000000004,J000001,1,1,16.800000000000004
m3-periodic,ee0bec387c023d5d0ab8464c286e0564fdf9e899852c4db249384f154598db79,20260916,0.10.0,438,supply,demands,False,5,5,D2,6,BASE,POWER,32.7,J000005,1,1,32.7
m3-periodic,ee0bec387c023d5d0ab8464c286e0564fdf9e899852c4db249384f154598db79,20260916,0.10.0,438,supply,demands,False,5,5,D3,7,BASE,POWER,32.800000000000004,J000004,1,1,32.800000000000004
m3-periodic,ee0bec387c023d5d0ab8464c286e0564fdf9e899852c4db249384f154598db79,20260916,0.10.0,438,supply,demands,False,5,5,D4,10,BASE,POWER,60.7,J000011,1,1,60.7
m3-periodic,ee0bec387c023d5d0ab8464c286e0564fdf9e899852c4db249384f154598db79,20260916,0.10.0,438,supply,demands,False,5,5,D5,11,BASE,POWER,60.800000000000004,J000010,1,1,60.800000000000004
m3-periodic,ee0bec387c023d5d0ab8464c286e0564fdf9e899852c4db249384f154598db79,20260916,0.10.0,439,supply,demands,False,3,3,D1,3,BASE,POWER,12.485376921681286,J000001,1,1,12.485376921681286
m3-periodic,ee0bec387c023d5d0ab8464c286e0564fdf9e899852c4db249384f154598db79,20260916,0.10.0,439,supply,demands,False,3,3,D2,6,BASE,POWER,32.7,J000006,1,1,32.7
m3-periodic,ee0bec387c023d5d0ab8464c286e0564fdf9e899852c4db249384f154598db79,20260916,0.10.0,439,supply,demands,False,3,3,D3,9,BASE,POWER,56.800000000000004,J000009,1,1,56.800000000000004
m3-periodic,ee0bec387c023d5d0ab8464c286e0564fdf9e899852c4db249384f154598db79,20260916,0.10.0,440,supply,demands,False,7,7,D1,3,BASE,POWER,11.212963136391657,J000001,1,1,11.212963136391657
m3-periodic,ee0bec387c023d5d0ab8464c286e0564fdf9e899852c4db249384f154598db79,20260916,0.10.0,440,supply,demands,False,7,7,D2,6,BASE,POWER,16.700000000000003,J000004,1,1,16.700000000000003
m3-periodic,ee0bec387c023d5d0ab8464c286e0564fdf9e899852c4db249384f154598db79,20260916,0.10.0,440,supply,demands,False,7,7,D3,7,BASE,POWER,16.800000000000004,J000003,1,1,16.800000000000004
m3-periodic,ee0bec387c023d5d0ab8464c286e0564fdf9e899852c4db249384f154598db79,20260916,0.10.0,440,supply,demands,False,7,7,D4,10,BASE,POWER,32.7,J000007,1,1,32.7
m3-periodic,ee0bec387c023d5d0ab8464c286e0564fdf9e899852c4db249384f154598db79,20260916,0.10.0,440,supply,demands,False,7,7,D5,11,BASE,POWER,35.657446916341016,J000009,1,1,35.657446916341016
m3-periodic,ee0bec387c023d5d0ab8464c286e0564fdf9e899852c4db249384f154598db79,20260916,0.10.0,440,supply,demands,False,7,7,D6,14,BASE,POWER,60.7,J000013,1,1,60.7
m3-periodic,ee0bec387c023d5d0ab8464c286e0564fdf9e899852c4db249384f154598db79,20260916,0.10.0,440,supply,demands,False,7,7,D7,17,BASE,POWER,64.69999999999999,J000015,1,1,64.69999999999999
m3-periodic,ee0bec387c023d5d0ab8464c286e0564fdf9e899852c4db249384f154598db79,20260916,0.10.0,441,supply,demands,False,5,5,D1,3,BASE,POWER,32.7,J000003,1,1,32.7
m3-periodic,ee0bec387c023d5d0ab8464c286e0564fdf9e899852c4db249384f154598db79,20260916,0.10.0,441,supply,demands,False,5,5,D2,4,BASE,POWER,32.800000000000004,J000002,1,1,32.800000000000004
m3-periodic,ee0bec387c023d5d0ab8464c286e0564fdf9e899852c4db249384f154598db79,20260916,0.10.0,441,supply,demands,False,5,5,D3,7,BASE,POWER,60.7,J000009,1,1,60.7
m3-periodic,ee0bec387c023d5d0ab8464c286e0564fdf9e899852c4db249384f154598db79,20260916,0.10.0,441,supply,demands,False,5,5,D4,8,BASE,POWER,60.800000000000004,J000008,1,1,60.800000000000004
m3-periodic,ee0bec387c023d5d0ab8464c286e0564fdf9e899852c4db249384f154598db79,20260916,0.10.0,441,supply,demands,False,5,5,D5,11,BASE,POWER,64.69999999999999,J000012,1,1,64.69999999999999
m3-periodic,ee0bec387c023d5d0ab8464c286e0564fdf9e899852c4db249384f154598db79,20260916,0.10.0,442,supply,demands,False,4,4,D1,3,BASE,POWER,16.700000000000003,J000002,1,1,16.700000000000003
m3-periodic,ee0bec387c023d5d0ab8464c286e0564fdf9e899852c4db249384f154598db79,20260916,0.10.0,442,supply,demands,False,4,4,D2,4,BASE,POWER,16.800000000000004,J000001,1,1,16.800000000000004
m3-periodic,ee0bec387c023d5d0ab8464c286e0564fdf9e899852c4db249384f154598db79,20260916,0.10.0,442,supply,demands,False,4,4,D3,7,BASE,POWER,32.7,J000006,1,1,32.7
m3-periodic,ee0bec387c023d5d0ab8464c286e0564fdf9e899852c4db249384f154598db79,20260916,0.10.0,442,supply,demands,False,4,4,D4,10,BASE,POWER,60.7,J000011,1,1,60.7
m3-periodic,ee0bec387c023d5d0ab8464c286e0564fdf9e899852c4db249384f154598db79,20260916,0.10.0,443,supply,demands,False,5,5,D1,3,BASE,POWER,16.700000000000003,J000002,1,1,16.700000000000003
m3-periodic,ee0bec387c023d5d0ab8464c286e0564fdf9e899852c4db249384f154598db79,20260916,0.10.0,443,supply,demands,False,5,5,D2,6,BASE,POWER,32.7,J000005,1,1,32.7
m3-periodic,ee0bec387c023d5d0ab8464c286e0564fdf9e899852c4db249384f154598db79,20260916,0.10.0,443,supply,demands,False,5,5,D3,9,BASE,POWER,56.7,J000009,1,1,56.7
m3-periodic,ee0bec387c023d5d0ab8464c286e0564fdf9e899852c4db249384f154598db79,20260916,0.10.0,443,supply,demands,False,5,5,D4,10,BASE,POWER,56.800000000000004,J000008,1,1,56.800000000000004
m3-periodic,ee0bec387c023d5d0ab8464c286e0564fdf9e899852c4db249384f154598db79,20260916,0.10.0,443,supply,demands,False,5,5,D5,11,BASE,POWER,60.7,J000012,1,1,64.5
m3-periodic,ee0bec387c023d5d0ab8464c286e0564fdf9e899852c4db249384f154598db79,20260916,0.10.0,444,supply,demands,False,2,2,D1,3,BASE,POWER,16.800000000000004,J000001,1,1,16.800000000000004
m3-periodic,ee0bec387c023d5d0ab8464c286e0564fdf9e899852c4db249384f154598db79,20260916,0.10.0,444,supply,demands,False,2,2,D2,6,BASE,POWER,56.7,J000007,1,1,56.7
m3-periodic,ee0bec387c023d5d0ab8464c286e0564fdf9e899852c4db249384f154598db79,20260916,0.10.0,445,supply,demands,False,4,4,D1,3,BASE,POWER,16.800000000000004,J000001,1,1,16.800000000000004
m3-periodic,ee0bec387c023d5d0ab8464c286e0564fdf9e899852c4db249384f154598db79,20260916,0.10.0,445,supply,demands,False,4,4,D2,6,BASE,POWER,32.800000000000004,J000004,1,1,32.800000000000004
m3-periodic,ee0bec387c023d5d0ab8464c286e0564fdf9e899852c4db249384f154598db79,20260916,0.10.0,445,supply,demands,False,4,4,D3,9,BASE,POWER,60.7,J000010,1,1,60.7
m3-periodic,ee0bec387c023d5d0ab8464c286e0564fdf9e899852c4db249384f154598db79,20260916,0.10.0,445,supply,demands,False,4,4,D4,10,BASE,POWER,60.800000000000004,J000009,1,1,60.800000000000004
m3-periodic,ee0bec387c023d5d0ab8464c286e0564fdf9e899852c4db249384f154598db79,20260916,0.10.0,446,supply,demands,False,5,5,D1,3,BASE,POWER,16.700000000000003,J000002,1,1,16.700000000000003
m3-periodic,ee0bec387c023d5d0ab8464c286e0564fdf9e899852c4db249384f154598db79,20260916,0.10.0,446,supply,demands,False,5,5,D2,6,BASE,POWER,30.473355038830938,J000004,1,1,30.473355038830938
m3-periodic,ee0bec387c023d5d0ab8464c286e0564fdf9e899852c4db249384f154598db79,20260916,0.10.0,446,supply,demands,False,5,5,D3,9,BASE,POWER,40.7,J000007,1,1,40.7
m3-periodic,ee0bec387c023d5d0ab8464c286e0564fdf9e899852c4db249384f154598db79,20260916,0.10.0,446,supply,demands,False,5,5,D4,12,BASE,POWER,56.7,J000009,1,1,56.7
m3-periodic,ee0bec387c023d5d0ab8464c286e0564fdf9e899852c4db249384f154598db79,20260916,0.10.0,446,supply,demands,False,5,5,D5,13,BASE,POWER,60.7,J000011,1,1,60.7
m3-periodic,ee0bec387c023d5d0ab8464c286e0564fdf9e899852c4db249384f154598db79,20260916,0.10.0,447,supply,demands,False,5,5,D1,3,BASE,POWER,16.700000000000003,J000002,1,1,16.700000000000003
m3-periodic,ee0bec387c023d5d0ab8464c286e0564fdf9e899852c4db249384f154598db79,20260916,0.10.0,447,supply,demands,False,5,5,D2,6,BASE,POWER,32.7,J000005,1,1,32.7
m3-periodic,ee0bec387c023d5d0ab8464c286e0564fdf9e899852c4db249384f154598db79,20260916,0.10.0,447,supply,demands,False,5,5,D3,9,BASE,POWER,40.7,J000007,1,1,40.7
m3-periodic,ee0bec387c023d5d0ab8464c286e0564fdf9e899852c4db249384f154598db79,20260916,0.10.0,447,supply,demands,False,5,5,D4,12,BASE,POWER,56.7,J000010,1,1,56.7
m3-periodic,ee0bec387c023d5d0ab8464c286e0564fdf9e899852c4db249384f154598db79,20260916,0.10.0,447,supply,demands,False,5,5,D5,13,BASE,POWER,60.7,J000012,1,1,60.7
m3-periodic,ee0bec387c023d5d0ab8464c286e0564fdf9e899852c4db249384f154598db79,20260916,0.10.0,448,supply,demands,False,4,4,D1,3,BASE,POWER,56.800000000000004,J000005,1,1,56.800000000000004
m3-periodic,ee0bec387c023d5d0ab8464c286e0564fdf9e899852c4db249384f154598db79,20260916,0.10.0,448,supply,demands,False,4,4,D2,4,BASE,POWER,60.7,J000009,1,1,60.7
m3-periodic,ee0bec387c023d5d0ab8464c286e0564fdf9e899852c4db249384f154598db79,20260916,0.10.0,448,supply,demands,False,4,4,D3,5,BASE,POWER,60.800000000000004,J000008,1,1,64.5
m3-periodic,ee0bec387c023d5d0ab8464c286e0564fdf9e899852c4db249384f154598db79,20260916,0.10.0,448,supply,demands,False,4,4,D4,6,BASE,POWER,63.27720070662691,J000012,1,1,64.5
m3-periodic,ee0bec387c023d5d0ab8464c286e0564fdf9e899852c4db249384f154598db79,20260916,0.10.0,449,supply,demands,False,4,4,D1,3,BASE,POWER,12.35055740662915,J000001,1,1,12.35055740662915
m3-periodic,ee0bec387c023d5d0ab8464c286e0564fdf9e899852c4db249384f154598db79,20260916,0.10.0,449,supply,demands,False,4,4,D2,6,BASE,POWER,30.37772196843813,J000005,1,1,30.37772196843813
m3-periodic,ee0bec387c023d5d0ab8464c286e0564fdf9e899852c4db249384f154598db79,20260916,0.10.0,449,supply,demands,False,4,4,D3,9,BASE,POWER,40.7,J000007,1,1,40.7
m3-periodic,ee0bec387c023d5d0ab8464c286e0564fdf9e899852c4db249384f154598db79,20260916,0.10.0,449,supply,demands,False,4,4,D4,12,BASE,POWER,56.7,J000010,1,1,56.7
m3-periodic,ee0bec387c023d5d0ab8464c286e0564fdf9e899852c4db249384f154598db79,20260916,0.10.0,450,supply,demands,False,5,5,D1,3,BASE,POWER,32.7,J000005,1,1,32.7
m3-periodic,ee0bec387c023d5d0ab8464c286e0564fdf9e899852c4db249384f154598db79,20260916,0.10.0,450,supply,demands,False,5,5,D2,4,BASE,POWER,36.7,J000007,1,1,36.7
m3-periodic,ee0bec387c023d5d0ab8464c286e0564fdf9e899852c4db249384f154598db79,20260916,0.10.0,450,supply,demands,False,5,5,D3,7,BASE,POWER,56.7,J000009,1,1,56.7
m3-periodic,ee0bec387c023d5d0ab8464c286e0564fdf9e899852c4db249384f154598db79,20260916,0.10.0,450,supply,demands,False,5,5,D4,8,BASE,POWER,60.7,J000012,1,1,60.7
m3-periodic,ee0bec387c023d5d0ab8464c286e0564fdf9e899852c4db249384f154598db79,20260916,0.10.0,450,supply,demands,False,5,5,D5,9,BASE,POWER,60.800000000000004,J000011,1,1,64.5
m3-periodic,ee0bec387c023d5d0ab8464c286e0564fdf9e899852c4db249384f154598db79,20260916,0.10.0,451,supply,demands,False,5,5,D1,3,BASE,POWER,16.700000000000003,J000002,1,1,16.700000000000003
m3-periodic,ee0bec387c023d5d0ab8464c286e0564fdf9e899852c4db249384f154598db79,20260916,0.10.0,451,supply,demands,False,5,5,D2,6,BASE,POWER,32.7,J000005,1,1,32.7
m3-periodic,ee0bec387c023d5d0ab8464c286e0564fdf9e899852c4db249384f154598db79,20260916,0.10.0,451,supply,demands,False,5,5,D3,9,BASE,POWER,40.595129394045514,J000007,1,1,40.595129394045514
m3-periodic,ee0bec387c023d5d0ab8464c286e0564fdf9e899852c4db249384f154598db79,20260916,0.10.0,451,supply,demands,False,5,5,D4,12,BASE,POWER,56.800000000000004,J000009,1,1,56.800000000000004
m3-periodic,ee0bec387c023d5d0ab8464c286e0564fdf9e899852c4db249384f154598db79,20260916,0.10.0,451,supply,demands,False,5,5,D5,13,BASE,POWER,60.7,J000012,1,1,60.7
m3-periodic,ee0bec387c023d5d0ab8464c286e0564fdf9e899852c4db249384f154598db79,20260916,0.10.0,452,supply,demands,False,5,5,D1,3,BASE,POWER,32.7,J000004,1,1,32.7
m3-periodic,ee0bec387c023d5d0ab8464c286e0564fdf9e899852c4db249384f154598db79,20260916,0.10.0,452,supply,demands,False,5,5,D2,4,BASE,POWER,32.800000000000004,J000003,1,1,32.800000000000004
m3-periodic,ee0bec387c023d5d0ab8464c286e0564fdf9e899852c4db249384f154598db79,20260916,0.10.0,452,supply,demands,False,5,5,D3,7,BASE,POWER,56.7,J000008,1,1,56.7
m3-periodic,ee0bec387c023d5d0ab8464c286e0564fdf9e899852c4db249384f154598db79,20260916,0.10.0,452,supply,demands,False,5,5,D4,8,BASE,POWER,56.800000000000004,J000007,1,1,56.800000000000004
m3-periodic,ee0bec387c023d5d0ab8464c286e0564fdf9e899852c4db249384f154598db79,20260916,0.10.0,452,supply,demands,False,5,5,D5,9,BASE,POWER,60.7,J000012,1,1,64.5
m3-periodic,ee0bec387c023d5d0ab8464c286e0564fdf9e899852c4db249384f154598db79,20260916,0.10.0,453,supply,demands,False,4,4,D1,3,BASE,POWER,56.7,J000006,1,1,56.7
m3-periodic,ee0bec387c023d5d0ab8464c286e0564fdf9e899852c4db249384f154598db79,20260916,0.10.0,453,supply,demands,False,4,4,D2,4,BASE,POWER,60.7,J000009,1,1,60.7
m3-periodic,ee0bec387c023d5d0ab8464c286e0564fdf9e899852c4db249384f154598db79,20260916,0.10.0,453,supply,demands,False,4,4,D3,5,BASE,POWER,60.800000000000004,J000008,1,1,64.5
m3-periodic,ee0bec387c023d5d0ab8464c286e0564fdf9e899852c4db249384f154598db79,20260916,0.10.0,453,supply,demands,False,4,4,D4,8,BASE,POWER,64.85,J000012,1,1,64.85
m3-periodic,ee0bec387c023d5d0ab8464c286e0564fdf9e899852c4db249384f154598db79,20260916,0.10.0,454,supply,demands,False,5,5,D1,3,BASE,POWER,16.800000000000004,J000001,1,1,16.800000000000004
m3-periodic,ee0bec387c023d5d0ab8464c286e0564fdf9e899852c4db249384f154598db79,20260916,0.10.0,454,supply,demands,False,5,5,D2,6,BASE,POWER,32.7,J000005,1,1,32.7
m3-periodic,ee0bec387c023d5d0ab8464c286e0564fdf9e899852c4db249384f154598db79,20260916,0.10.0,454,supply,demands,False,5,5,D3,9,BASE,POWER,56.7,J000008,1,1,56.7
m3-periodic,ee0bec387c023d5d0ab8464c286e0564fdf9e899852c4db249384f154598db79,20260916,0.10.0,454,supply,demands,False,5,5,D4,10,BASE,POWER,56.800000000000004,J000007,1,1,56.800000000000004
m3-periodic,ee0bec387c023d5d0ab8464c286e0564fdf9e899852c4db249384f154598db79,20260916,0.10.0,454,supply,demands,False,5,5,D5,11,BASE,POWER,60.800000000000004,J000011,1,1,64.5
m3-periodic,ee0bec387c023d5d0ab8464c286e0564fdf9e899852c4db249384f154598db79,20260916,0.10.0,455,supply,demands,False,6,6,D1,3,BASE,POWER,16.800000000000004,J000001,1,1,16.800000000000004
m3-periodic,ee0bec387c023d5d0ab8464c286e0564fdf9e899852c4db249384f154598db79,20260916,0.10.0,455,supply,demands,False,6,6,D2,6,BASE,POWER,32.7,J000005,1,1,32.7
m3-periodic,ee0bec387c023d5d0ab8464c286e0564fdf9e899852c4db249384f154598db79,20260916,0.10.0,455,supply,demands,False,6,6,D3,7,BASE,POWER,32.800000000000004,J000004,1,1,32.800000000000004
m3-periodic,ee0bec387c023d5d0ab8464c286e0564fdf9e899852c4db249384f154598db79,20260916,0.10.0,455,supply,demands,False,6,6,D4,10,BASE,POWER,56.7,J000009,1,1,56.7
m3-periodic,ee0bec387c023d5d0ab8464c286e0564fdf9e899852c4db249384f154598db79,20260916,0.10.0,455,supply,demands,False,6,6,D5,11,BASE,POWER,60.7,J000012,1,1,60.7
m3-periodic,ee0bec387c023d5d0ab8464c286e0564fdf9e899852c4db249384f154598db79,20260916,0.10.0,455,supply,demands,False,6,6,D6,12,BASE,POWER,60.800000000000004,J000011,1,1,64.5
m3-periodic,ee0bec387c023d5d0ab8464c286e0564fdf9e899852c4db249384f154598db79,20260916,0.10.0,456,supply,demands,False,3,3,D1,3,BASE,POWER,32.7,J000004,1,1,32.7
m3-periodic,ee0bec387c023d5d0ab8464c286e0564fdf9e899852c4db249384f154598db79,20260916,0.10.0,456,supply,demands,False,3,3,D2,4,BASE,POWER,32.800000000000004,J000003,1,1,32.800000000000004
m3-periodic,ee0bec387c023d5d0ab8464c286e0564fdf9e899852c4db249384f154598db79,20260916,0.10.0,456,supply,demands,False,3,3,D3,7,BASE,POWER,59.43795731489818,J000011,1,1,59.43795731489818
m3-periodic,ee0bec387c023d5d0ab8464c286e0564fdf9e899852c4db249384f154598db79,20260916,0.10.0,457,supply,demands,False,5,5,D1,3,BASE,POWER,32.800000000000004,J000003,1,1,32.800000000000004
m3-periodic,ee0bec387c023d5d0ab8464c286e0564fdf9e899852c4db249384f154598db79,20260916,0.10.0,457,supply,demands,False,5,5,D2,6,BASE,POWER,56.01775608137336,J000006,1,1,56.01775608137336
m3-periodic,ee0bec387c023d5d0ab8464c286e0564fdf9e899852c4db249384f154598db79,20260916,0.10.0,457,supply,demands,False,5,5,D3,7,BASE,POWER,56.117756081373365,J000008,1,1,56.117756081373365
m3-periodic,ee0bec387c023d5d0ab8464c286e0564fdf9e899852c4db249384f154598db79,20260916,0.10.0,457,supply,demands,False,5,5,D4,8,BASE,POWER,60.7,J000012,1,1,64.5
m3-periodic,ee0bec387c023d5d0ab8464c286e0564fdf9e899852c4db249384f154598db79,20260916,0.10.0,457,supply,demands,False,5,5,D5,9,BASE,POWER,60.800000000000004,J000011,1,1,64.5
m3-periodic,ee0bec387c023d5d0ab8464c286e0564fdf9e899852c4db249384f154598db79,20260916,0.10.0,458,supply,demands,False,5,5,D1,3,BASE,POWER,16.700000000000003,J000002,1,1,16.700000000000003
m3-periodic,ee0bec387c023d5d0ab8464c286e0564fdf9e899852c4db249384f154598db79,20260916,0.10.0,458,supply,demands,False,5,5,D2,6,BASE,POWER,31.32812657693031,J000005,1,1,31.32812657693031
m3-periodic,ee0bec387c023d5d0ab8464c286e0564fdf9e899852c4db249384f154598db79,20260916,0.10.0,458,supply,demands,False,5,5,D3,7,BASE,POWER,31.42812657693031,J000006,1,1,31.42812657693031
m3-periodic,ee0bec387c023d5d0ab8464c286e0564fdf9e899852c4db249384f154598db79,20260916,0.10.0,458,supply,demands,False,5,5,D4,10,BASE,POWER,59.517033806889714,J000011,1,1,59.517033806889714
m3-periodic,ee0bec387c023d5d0ab8464c286e0564fdf9e899852c4db249384f154598db79,20260916,0.10.0,458,supply,demands,False,5,5,D5,11,BASE,POWER,59.617033806889715,J000013,1,1,59.617033806889715
m3-periodic,ee0bec387c023d5d0ab8464c286e0564fdf9e899852c4db249384f154598db79,20260916,0.10.0,459,supply,demands,False,5,5,D1,3,BASE,POWER,8.124683467446587,J000001,1,1,8.124683467446587
m3-periodic,ee0bec387c023d5d0ab8464c286e0564fdf9e899852c4db249384f154598db79,20260916,0.10.0,459,supply,demands,False,5,5,D2,6,BASE,POWER,16.700000000000003,J000003,1,1,16.700000000000003
m3-periodic,ee0bec387c023d5d0ab8464c286e0564fdf9e899852c4db249384f154598db79,20260916,0.10.0,459,supply,demands,False,5,5,D3,9,BASE,POWER,31.92245331458523,J000007,1,1,31.92245331458523
m3-periodic,ee0bec387c023d5d0ab8464c286e0564fdf9e899852c4db249384f154598db79,20260916,0.10.0,459,supply,demands,False,5,5,D4,12,BASE,POWER,60.800000000000004,J000011,1,1,60.800000000000004
m3-periodic,ee0bec387c023d5d0ab8464c286e0564fdf9e899852c4db249384f154598db79,20260916,0.10.0,459,supply,demands,False,5,5,D5,15,BASE,POWER,64.69999999999999,J000015,1,1,64.69999999999999
m3-periodic,ee0bec387c023d5d0ab8464c286e0564fdf9e899852c4db249384f154598db79,20260916,0.10.0,460,supply,demands,False,7,7,D1,3,BASE,POWER,16.700000000000003,J000002,1,1,16.700000000000003
m3-periodic,ee0bec387c023d5d0ab8464c286e0564fdf9e899852c4db249384f154598db79,20260916,0.10.0,460,supply,demands,False,7,7,D2,4,BASE,POWER,16.800000000000004,J000001,1,1,16.800000000000004
m3-periodic,ee0bec387c023d5d0ab8464c286e0564fdf9e899852c4db249384f154598db79,20260916,0.10.0,460,supply,demands,False,7,7,D3,7,BASE,POWER,32.800000000000004,J000005,1,1,32.800000000000004
m3-periodic,ee0bec387c023d5d0ab8464c286e0564fdf9e899852c4db249384f154598db79,20260916,0.10.0,460,supply,demands,False,7,7,D4,10,BASE,POWER,56.7,J000009,1,1,56.7
m3-periodic,ee0bec387c023d5d0ab8464c286e0564fdf9e899852c4db249384f154598db79,20260916,0.10.0,460,supply,demands,False,7,7,D5,11,BASE,POWER,60.7,J000012,1,1,60.7
m3-periodic,ee0bec387c023d5d0ab8464c286e0564fdf9e899852c4db249384f154598db79,20260916,0.10.0,460,supply,demands,False,7,7,D6,12,BASE,POWER,60.800000000000004,J000011,1,1,64.5
m3-periodic,ee0bec387c023d5d0ab8464c286e0564fdf9e899852c4db249384f154598db79,20260916,0.10.0,460,supply,demands,False,7,7,D7,15,BASE,POWER,64.85,J000015,1,1,64.85
m3-periodic,ee0bec387c023d5d0ab8464c286e0564fdf9e899852c4db249384f154598db79,20260916,0.10.0,461,supply,demands,False,4,4,D1,3,BASE,POWER,16.800000000000004,J000001,1,1,16.800000000000004
m3-periodic,ee0bec387c023d5d0ab8464c286e0564fdf9e899852c4db249384f154598db79,20260916,0.10.0,461,supply,demands,False,4,4,D2,6,BASE,POWER,32.7,J000005,1,1,32.7
m3-periodic,ee0bec387c023d5d0ab8464c286e0564fdf9e899852c4db249384f154598db79,20260916,0.10.0,461,supply,demands,False,4,4,D3,7,BASE,POWER,32.800000000000004,J000004,1,1,32.800000000000004
m3-periodic,ee0bec387c023d5d0ab8464c286e0564fdf9e899852c4db249384f154598db79,20260916,0.10.0,461,supply,demands,False,4,4,D4,10,BASE,POWER,59.92567316463257,J000010,1,1,59.92567316463257
m3-periodic,ee0bec387c023d5d0ab8464c286e0564fdf9e899852c4db249384f154598db79,20260916,0.10.0,462,supply,demands,False,6,6,D1,3,BASE,POWER,32.800000000000004,J000003,1,1,32.800000000000004
m3-periodic,ee0bec387c023d5d0ab8464c286e0564fdf9e899852c4db249384f154598db79,20260916,0.10.0,462,supply,demands,False,6,6,D2,4,BASE,POWER,34.81413139845017,J000006,1,1,34.81413139845017
m3-periodic,ee0bec387c023d5d0ab8464c286e0564fdf9e899852c4db249384f154598db79,20260916,0.10.0,462,supply,demands,False,6,6,D3,7,BASE,POWER,56.7,J000008,1,1,56.7
m3-periodic,ee0bec387c023d5d0ab8464c286e0564fdf9e899852c4db249384f154598db79,20260916,0.10.0,462,supply,demands,False,6,6,D4,8,BASE,POWER,60.7,J000011,1,1,60.7
m3-periodic,ee0bec387c023d5d0ab8464c286e0564fdf9e899852c4db249384f154598db79,20260916,0.10.0,462,supply,demands,False,6,6,D5,9,BASE,POWER,60.800000000000004,J000010,1,1,64.5
m3-periodic,ee0bec387c023d5d0ab8464c286e0564fdf9e899852c4db249384f154598db79,20260916,0.10.0,462,supply,demands,False,6,6,D6,12,BASE,POWER,64.85,J000014,1,1,64.85
m3-periodic,ee0bec387c023d5d0ab8464c286e0564fdf9e899852c4db249384f154598db79,20260916,0.10.0,463,supply,demands,False,4,4,D1,3,BASE,POWER,56.7,J000006,1,1,56.7
m3-periodic,ee0bec387c023d5d0ab8464c286e0564fdf9e899852c4db249384f154598db79,20260916,0.10.0,463,supply,demands,False,4,4,D2,4,BASE,POWER,56.800000000000004,J000005,1,1,56.800000000000004
m3-periodic,ee0bec387c023d5d0ab8464c286e0564fdf9e899852c4db249384f154598db79,20260916,0.10.0,463,supply,demands,False,4,4,D3,5,BASE,POWER,60.7,J000010,1,1,64.5
m3-periodic,ee0bec387c023d5d0ab8464c286e0564fdf9e899852c4db249384f154598db79,20260916,0.10.0,463,supply,demands,False,4,4,D4,6,BASE,POWER,60.800000000000004,J000009,1,1,64.5
m3-periodic,ee0bec387c023d5d0ab8464c286e0564fdf9e899852c4db249384f154598db79,20260916,0.10.0,464,supply,demands,False,5,5,D1,3,BASE,POWER,12.378606477426857,J000001,1,1,12.378606477426857
m3-periodic,ee0bec387c023d5d0ab8464c286e0564fdf9e899852c4db249384f154598db79,20260916,0.10.0,464,supply,demands,False,5,5,D2,6,BASE,POWER,16.700000000000003,J000004,1,1,16.700000000000003
m3-periodic,ee0bec387c023d5d0ab8464c286e0564fdf9e899852c4db249384f154598db79,20260916,0.10.0,464,supply,demands,False,5,5,D3,7,BASE,POWER,16.800000000000004,J000003,1,1,16.800000000000004
m3-periodic,ee0bec387c023d5d0ab8464c286e0564fdf9e899852c4db249384f154598db79,20260916,0.10.0,464,supply,demands,False,5,5,D4,10,BASE,POWER,40.7,J000008,1,1,40.7
m3-periodic,ee0bec387c023d5d0ab8464c286e0564fdf9e899852c4db249384f154598db79,20260916,0.10.0,464,supply,demands,False,5,5,D5,13,BASE,POWER,56.800000000000004,J000010,1,1,56.800000000000004
m3-periodic,ee0bec387c023d5d0ab8464c286e0564fdf9e899852c4db249384f154598db79,20260916,0.10.0,465,supply,demands,False,4,4,D1,3,BASE,POWER,16.700000000000003,J000002,1,1,16.700000000000003
m3-periodic,ee0bec387c023d5d0ab8464c286e0564fdf9e899852c4db249384f154598db79,20260916,0.10.0,465,supply,demands,False,4,4,D2,4,BASE,POWER,16.800000000000004,J000001,1,1,16.800000000000004
m3-periodic,ee0bec387c023d5d0ab8464c286e0564fdf9e899852c4db249384f154598db79,20260916,0.10.0,465,supply,demands,False,4,4,D3,7,BASE,POWER,56.7,J000008,1,1,56.7
m3-periodic,ee0bec387c023d5d0ab8464c286e0564fdf9e899852c4db249384f154598db79,20260916,0.10.0,465,supply,demands,False,4,4,D4,8,BASE,POWER,59.59235948141669,J000012,1,1,59.59235948141669
m3-periodic,ee0bec387c023d5d0ab8464c286e0564fdf9e899852c4db249384f154598db79,20260916,0.10.0,466,supply,demands,False,3,3,D1,3,BASE,POWER,16.700000000000003,J000002,1,1,16.700000000000003
m3-periodic,ee0bec387c023d5d0ab8464c286e0564fdf9e899852c4db249384f154598db79,20260916,0.10.0,466,supply,demands,False,3,3,D2,6,BASE,POWER,32.7,J000005,1,1,32.7
m3-periodic,ee0bec387c023d5d0ab8464c286e0564fdf9e899852c4db249384f154598db79,20260916,0.10.0,466,supply,demands,False,3,3,D3,9,BASE,POWER,60.800000000000004,J000009,1,1,60.800000000000004
m3-periodic,ee0bec387c023d5d0ab8464c286e0564fdf9e899852c4db249384f154598db79,20260916,0.10.0,467,supply,demands,False,5,5,D1,3,BASE,POWER,16.700000000000003,J000002,1,1,16.700000000000003
m3-periodic,ee0bec387c023d5d0ab8464c286e0564fdf9e899852c4db249384f154598db79,20260916,0.10.0,467,supply,demands,False,5,5,D2,6,BASE,POWER,32.7,J000005,1,1,32.7
m3-periodic,ee0bec387c023d5d0ab8464c286e0564fdf9e899852c4db249384f154598db79,20260916,0.10.0,467,supply,demands,False,5,5,D3,7,BASE,POWER,32.800000000000004,J000004,1,1,32.800000000000004
m3-periodic,ee0bec387c023d5d0ab8464c286e0564fdf9e899852c4db249384f154598db79,20260916,0.10.0,467,supply,demands,False,5,5,D4,10,BASE,POWER,56.7,J000009,1,1,56.7
m3-periodic,ee0bec387c023d5d0ab8464c286e0564fdf9e899852c4db249384f154598db79,20260916,0.10.0,467,supply,demands,False,5,5,D5,11,BASE,POWER,60.800000000000004,J000011,1,1,60.800000000000004
m3-periodic,ee0bec387c023d5d0ab8464c286e0564fdf9e899852c4db249384f154598db79,20260916,0.10.0,468,supply,demands,False,4,4,D1,3,BASE,POWER,16.700000000000003,J000002,1,1,16.700000000000003
m3-periodic,ee0bec387c023d5d0ab8464c286e0564fdf9e899852c4db249384f154598db79,20260916,0.10.0,468,supply,demands,False,4,4,D2,6,BASE,POWER,32.800000000000004,J000004,1,1,32.800000000000004
m3-periodic,ee0bec387c023d5d0ab8464c286e0564fdf9e899852c4db249384f154598db79,20260916,0.10.0,468,supply,demands,False,4,4,D3,9,BASE,POWER,56.7,J000008,1,1,56.7
m3-periodic,ee0bec387c023d5d0ab8464c286e0564fdf9e899852c4db249384f154598db79,20260916,0.10.0,468,supply,demands,False,4,4,D4,10,BASE,POWER,56.800000000000004,J000007,1,1,56.800000000000004
m3-periodic,ee0bec387c023d5d0ab8464c286e0564fdf9e899852c4db249384f154598db79,20260916,0.10.0,469,supply,demands,False,4,4,D1,3,BASE,POWER,16.700000000000003,J000002,1,1,16.700000000000003
m3-periodic,ee0bec387c023d5d0ab8464c286e0564fdf9e899852c4db249384f154598db79,20260916,0.10.0,469,supply,demands,False,4,4,D2,6,BASE,POWER,32.800000000000004,J000004,1,1,32.800000000000004
m3-periodic,ee0bec387c023d5d0ab8464c286e0564fdf9e899852c4db249384f154598db79,20260916,0.10.0,469,supply,demands,False,4,4,D3,9,BASE,POWER,56.800000000000004,J000007,1,1,56.800000000000004
m3-periodic,ee0bec387c023d5d0ab8464c286e0564fdf9e899852c4db249384f154598db79,20260916,0.10.0,469,supply,demands,False,4,4,D4,10,BASE,POWER,60.800000000000004,J000010,1,1,60.800000000000004
m3-periodic,ee0bec387c023d5d0ab8464c286e0564fdf9e899852c4db249384f154598db79,20260916,0.10.0,470,supply,demands,False,4,4,D1,3,BASE,POWER,16.700000000000003,J000002,1,1,16.700000000000003
m3-periodic,ee0bec387c023d5d0ab8464c286e0564fdf9e899852c4db249384f154598db79,20260916,0.10.0,470,supply,demands,False,4,4,D2,4,BASE,POWER,16.800000000000004,J000001,1,1,16.800000000000004
m3-periodic,ee0bec387c023d5d0ab8464c286e0564fdf9e899852c4db249384f154598db79,20260916,0.10.0,470,supply,demands,False,4,4,D3,7,BASE,POWER,32.7,J000006,1,1,32.7
m3-periodic,ee0bec387c023d5d0ab8464c286e0564fdf9e899852c4db249384f154598db79,20260916,0.10.0,470,supply,demands,False,4,4,D4,10,BASE,POWER,60.800000000000004,J000010,1,1,60.800000000000004
m3-periodic,ee0bec387c023d5d0ab8464c286e0564fdf9e899852c4db249384f154598db79,20260916,0.10.0,471,supply,demands,False,5,5,D1,3,BASE,POWER,12.7,J000001,1,1,12.7
m3-periodic,ee0bec387c023d5d0ab8464c286e0564fdf9e899852c4db249384f154598db79,20260916,0.10.0,471,supply,demands,False,5,5,D2,6,BASE,POWER,16.700000000000003,J000004,1,1,16.700000000000003
m3-periodic,ee0bec387c023d5d0ab8464c286e0564fdf9e899852c4db249384f154598db79,20260916,0.10.0,471,supply,demands,False,5,5,D3,7,BASE,POWER,16.800000000000004,J000003,1,1,16.800000000000004
m3-periodic,ee0bec387c023d5d0ab8464c286e0564fdf9e899852c4db249384f154598db79,20260916,0.10.0,471,supply,demands,False,5,5,D4,10,BASE,POWER,40.7,J000008,1,1,40.7
m3-periodic,ee0bec387c023d5d0ab8464c286e0564fdf9e899852c4db249384f154598db79,20260916,0.10.0,471,supply,demands,False,5,5,D5,13,BASE,POWER,60.7,J000012,1,1,60.7
m3-periodic,ee0bec387c023d5d0ab8464c286e0564fdf9e899852c4db249384f154598db79,20260916,0.10.0,472,supply,demands,False,7,7,D1,3,BASE,POWER,16.700000000000003,J000002,1,1,16.700000000000003
m3-periodic,ee0bec387c023d5d0ab8464c286e0564fdf9e899852c4db249384f154598db79,20260916,0.10.0,472,supply,demands,False,7,7,D2,4,BASE,POWER,16.800000000000004,J000001,1,1,16.800000000000004
m3-periodic,ee0bec387c023d5d0ab8464c286e0564fdf9e899852c4db249384f154598db79,20260916,0.10.0,472,supply,demands,False,7,7,D3,7,BASE,POWER,32.7,J000006,1,1,32.7
m3-periodic,ee0bec387c023d5d0ab8464c286e0564fdf9e899852c4db249384f154598db79,20260916,0.10.0,472,supply,demands,False,7,7,D4,8,BASE,POWER,32.800000000000004,J000005,1,1,32.800000000000004
m3-periodic,ee0bec387c023d5d0ab8464c286e0564fdf9e899852c4db249384f154598db79,20260916,0.10.0,472,supply,demands,False,7,7,D5,11,BASE,POWER,56.800000000000004,J000009,1,1,56.800000000000004
m3-periodic,ee0bec387c023d5d0ab8464c286e0564fdf9e899852c4db249384f154598db79,20260916,0.10.0,472,supply,demands,False,7,7,D6,12,BASE,POWER,60.7,J000013,1,1,60.7
m3-periodic,ee0bec387c023d5d0ab8464c286e0564fdf9e899852c4db249384f154598db79,20260916,0.10.0,472,supply,demands,False,7,7,D7,13,BASE,POWER,60.800000000000004,J000012,1,1,64.5
m3-periodic,ee0bec387c023d5d0ab8464c286e0564fdf9e899852c4db249384f154598db79,20260916,0.10.0,473,supply,demands,False,5,5,D1,3,BASE,POWER,16.700000000000003,J000002,1,1,16.700000000000003
m3-periodic,ee0bec387c023d5d0ab8464c286e0564fdf9e899852c4db249384f154598db79,20260916,0.10.0,473,supply,demands,False,5,5,D2,6,BASE,POWER,32.7,J000005,1,1,32.7
m3-periodic,ee0bec387c023d5d0ab8464c286e0564fdf9e899852c4db249384f154598db79,20260916,0.10.0,473,supply,demands,False,5,5,D3,7,BASE,POWER,32.800000000000004,J000004,1,1,32.800000000000004
m3-periodic,ee0bec387c023d5d0ab8464c286e0564fdf9e899852c4db249384f154598db79,20260916,0.10.0,473,supply,demands,False,5,5,D4,10,BASE,POWER,56.800000000000004,J000008,1,1,56.800000000000004
m3-periodic,ee0bec387c023d5d0ab8464c286e0564fdf9e899852c4db249384f154598db79,20260916,0.10.0,473,supply,demands,False,5,5,D5,11,BASE,POWER,60.11341219764286,J000013,1,1,60.11341219764286
m3-periodic,ee0bec387c023d5d0ab8464c286e0564fdf9e899852c4db249384f154598db79,20260916,0.10.0,474,supply,demands,False,5,5,D1,3,BASE,POWER,16.800000000000004,J000001,1,1,16.800000000000004
m3-periodic,ee0bec387c023d5d0ab8464c286e0564fdf9e899852c4db249384f154598db79,20260916,0.10.0,474,supply,demands,False,5,5,D2,6,BASE,POWER,32.7,J000005,1,1,32.7
m3-periodic,ee0bec387c023d5d0ab8464c286e0564fdf9e899852c4db249384f154598db79,20260916,0.10.0,474,supply,demands,False,5,5,D3,9,BASE,POWER,56.7,J000008,1,1,56.7
m3-periodic,ee0bec387c023d5d0ab8464c286e0564fdf9e899852c4db249384f154598db79,20260916,0.10.0,474,supply,demands,False,5,5,D4,10,BASE,POWER,56.800000000000004,J000007,1,1,56.800000000000004
m3-periodic,ee0bec387c023d5d0ab8464c286e0564fdf9e899852c4db249384f154598db79,20260916,0.10.0,474,supply,demands,False,5,5,D5,11,BASE,POWER,60.7,J000011,1,1,64.5
m3-periodic,ee0bec387c023d5d0ab8464c286e0564fdf9e899852c4db249384f154598db79,20260916,0.10.0,475,supply,demands,False,4,4,D1,3,BASE,POWER,16.800000000000004,J000001,1,1,16.800000000000004
m3-periodic,ee0bec387c023d5d0ab8464c286e0564fdf9e899852c4db249384f154598db79,20260916,0.10.0,475,supply,demands,False,4,4,D2,6,BASE,POWER,32.7,J000005,1,1,32.7
m3-periodic,ee0bec387c023d5d0ab8464c286e0564fdf9e899852c4db249384f154598db79,20260916,0.10.0,475,supply,demands,False,4,4,D3,9,BASE,POWER,56.7,J000008,1,1,56.7
m3-periodic,ee0bec387c023d5d0ab8464c286e0564fdf9e899852c4db249384f154598db79,20260916,0.10.0,475,supply,demands,False,4,4,D4,10,BASE,POWER,56.800000000000004,J000007,1,1,56.800000000000004
m3-periodic,ee0bec387c023d5d0ab8464c286e0564fdf9e899852c4db249384f154598db79,20260916,0.10.0,476,supply,demands,False,6,6,D1,3,BASE,POWER,11.993385713468566,J000001,1,1,11.993385713468566
m3-periodic,ee0bec387c023d5d0ab8464c286e0564fdf9e899852c4db249384f154598db79,20260916,0.10.0,476,supply,demands,False,6,6,D2,6,BASE,POWER,16.700000000000003,J000004,1,1,16.700000000000003
m3-periodic,ee0bec387c023d5d0ab8464c286e0564fdf9e899852c4db249384f154598db79,20260916,0.10.0,476,supply,demands,False,6,6,D3,7,BASE,POWER,16.800000000000004,J000003,1,1,16.800000000000004
m3-periodic,ee0bec387c023d5d0ab8464c286e0564fdf9e899852c4db249384f154598db79,20260916,0.10.0,476,supply,demands,False,6,6,D4,10,BASE,POWER,40.7,J000008,1,1,40.7
m3-periodic,ee0bec387c023d5d0ab8464c286e0564fdf9e899852c4db249384f154598db79,20260916,0.10.0,476,supply,demands,False,6,6,D5,13,BASE,POWER,56.7,J000011,1,1,56.7
m3-periodic,ee0bec387c023d5d0ab8464c286e0564fdf9e899852c4db249384f154598db79,20260916,0.10.0,476,supply,demands,False,6,6,D6,14,BASE,POWER,60.7,J000013,1,1,60.7
m3-periodic,ee0bec387c023d5d0ab8464c286e0564fdf9e899852c4db249384f154598db79,20260916,0.10.0,477,supply,demands,False,5,5,D1,3,BASE,POWER,7.195126570186771,J000001,1,1,7.195126570186771
m3-periodic,ee0bec387c023d5d0ab8464c286e0564fdf9e899852c4db249384f154598db79,20260916,0.10.0,477,supply,demands,False,5,5,D2,6,BASE,POWER,16.700000000000003,J000003,1,1,16.700000000000003
m3-periodic,ee0bec387c023d5d0ab8464c286e0564fdf9e899852c4db249384f154598db79,20260916,0.10.0,477,supply,demands,False,5,5,D3,9,BASE,POWER,32.800000000000004,J000005,1,1,32.800000000000004
m3-periodic,ee0bec387c023d5d0ab8464c286e0564fdf9e899852c4db249384f154598db79,20260916,0.10.0,477,supply,demands,False,5,5,D4,12,BASE,POWER,60.800000000000004,J000011,1,1,60.800000000000004
m3-periodic,ee0bec387c023d5d0ab8464c286e0564fdf9e899852c4db249384f154598db79,20260916,0.10.0,477,supply,demands,False,5,5,D5,15,BASE,POWER,64.79999999999998,J000014,1,1,64.79999999999998
m3-periodic,ee0bec387c023d5d0ab8464c286e0564fdf9e899852c4db249384f154598db79,20260916,0.10.0,478,supply,demands,False,7,7,D1,3,BASE,POWER,15.9369006133318,J000002,1,1,15.9369006133318
m3-periodic,ee0bec387c023d5d0ab8464c286e0564fdf9e899852c4db249384f154598db79,20260916,0.10.0,478,supply,demands,False,7,7,D2,6,BASE,POWER,16.0369006133318,J000003,1,1,16.0369006133318
m3-periodic,ee0bec387c023d5d0ab8464c286e0564fdf9e899852c4db249384f154598db79,20260916,0.10.0,478,supply,demands,False,7,7,D3,9,BASE,POWER,32.7,J000007,1,1,32.7
m3-periodic,ee0bec387c023d5d0ab8464c286e0564fdf9e899852c4db249384f154598db79,20260916,0.10.0,478,supply,demands,False,7,7,D4,10,BASE,POWER,32.800000000000004,J000006,1,1,32.800000000000004
m3-periodic,ee0bec387c023d5d0ab8464c286e0564fdf9e899852c4db249384f154598db79,20260916,0.10.0,478,supply,demands,False,7,7,D5,13,BASE,POWER,56.7,J000011,1,1,56.7
m3-periodic,ee0bec387c023d5d0ab8464c286e0564fdf9e899852c4db249384f154598db79,20260916,0.10.0,478,supply,demands,False,7,7,D6,14,BASE,POWER,56.800000000000004,J000010,1,1,56.800000000000004
m3-periodic,ee0bec387c023d5d0ab8464c286e0564fdf9e899852c4db249384f154598db79,20260916,0.10.0,478,supply,demands,False,7,7,D7,15,BASE,POWER,60.800000000000004,J000014,1,1,64.5
m3-periodic,ee0bec387c023d5d0ab8464c286e0564fdf9e899852c4db249384f154598db79,20260916,0.10.0,479,supply,demands,False,6,6,D1,3,BASE,POWER,16.700000000000003,J000002,1,1,16.700000000000003
m3-periodic,ee0bec387c023d5d0ab8464c286e0564fdf9e899852c4db249384f154598db79,20260916,0.10.0,479,supply,demands,False,6,6,D2,6,BASE,POWER,30.673121167471294,J000004,1,1,30.673121167471294
m3-periodic,ee0bec387c023d5d0ab8464c286e0564fdf9e899852c4db249384f154598db79,20260916,0.10.0,479,supply,demands,False,6,6,D3,9,BASE,POWER,40.7,J000006,1,1,40.7
m3-periodic,ee0bec387c023d5d0ab8464c286e0564fdf9e899852c4db249384f154598db79,20260916,0.10.0,479,supply,demands,False,6,6,D4,12,BASE,POWER,56.7,J000009,1,1,56.7
m3-periodic,ee0bec387c023d5d0ab8464c286e0564fdf9e899852c4db249384f154598db79,20260916,0.10.0,479,supply,demands,False,6,6,D5,13,BASE,POWER,56.800000000000004,J000008,1,1,56.800000000000004
m3-periodic,ee0bec387c023d5d0ab8464c286e0564fdf9e899852c4db249384f154598db79,20260916,0.10.0,479,supply,demands,False,6,6,D6,14,BASE,POWER,60.7,J000012,1,1,64.5
m3-periodic,ee0bec387c023d5d0ab8464c286e0564fdf9e899852c4db249384f154598db79,20260916,0.10.0,480,supply,demands,False,3,3,D1,3,BASE,POWER,16.800000000000004,J000001,1,1,16.800000000000004
m3-periodic,ee0bec387c023d5d0ab8464c286e0564fdf9e899852c4db249384f154598db79,20260916,0.10.0,480,supply,demands,False,3,3,D2,6,BASE,POWER,32.800000000000004,J000004,1,1,32.800000000000004
m3-periodic,ee0bec387c023d5d0ab8464c286e0564fdf9e899852c4db249384f154598db79,20260916,0.10.0,480,supply,demands,False,3,3,D3,9,BASE,POWER,60.800000000000004,J000009,1,1,60.800000000000004
m3-periodic,ee0bec387c023d5d0ab8464c286e0564fdf9e899852c4db249384f154598db79,20260916,0.10.0,481,supply,demands,False,5,5,D1,3,BASE,POWER,16.700000000000003,J000002,1,1,16.700000000000003
m3-periodic,ee0bec387c023d5d0ab8464c286e0564fdf9e899852c4db249384f154598db79,20260916,0.10.0,481,supply,demands,False,5,5,D2,4,BASE,POWER,16.800000000000004,J000001,1,1,16.800000000000004
m3-periodic,ee0bec387c023d5d0ab8464c286e0564fdf9e899852c4db249384f154598db79,20260916,0.10.0,481,supply,demands,False,5,5,D3,7,BASE,POWER,32.7,J000006,1,1,32.7
m3-periodic,ee0bec387c023d5d0ab8464c286e0564fdf9e899852c4db249384f154598db79,20260916,0.10.0,481,supply,demands,False,5,5,D4,8,BASE,POWER,32.800000000000004,J000005,1,1,32.800000000000004
m3-periodic,ee0bec387c023d5d0ab8464c286e0564fdf9e899852c4db249384f154598db79,20260916,0.10.0,481,supply,demands,False,5,5,D5,11,BASE,POWER,60.7,J000012,1,1,60.7
m3-periodic,ee0bec387c023d5d0ab8464c286e0564fdf9e899852c4db249384f154598db79,20260916,0.10.0,482,supply,demands,False,7,7,D1,3,BASE,POWER,16.700000000000003,J000002,1,1,16.700000000000003
m3-periodic,ee0bec387c023d5d0ab8464c286e0564fdf9e899852c4db249384f154598db79,20260916,0.10.0,482,supply,demands,False,7,7,D2,4,BASE,POWER,16.800000000000004,J000001,1,1,16.800000000000004
m3-periodic,ee0bec387c023d5d0ab8464c286e0564fdf9e899852c4db249384f154598db79,20260916,0.10.0,482,supply,demands,False,7,7,D3,7,BASE,POWER,32.44751671726674,J000005,1,1,32.44751671726674
m3-periodic,ee0bec387c023d5d0ab8464c286e0564fdf9e899852c4db249384f154598db79,20260916,0.10.0,482,supply,demands,False,7,7,D4,8,BASE,POWER,32.54751671726674,J000007,1,1,32.54751671726674
m3-periodic,ee0bec387c023d5d0ab8464c286e0564fdf9e899852c4db249384f154598db79,20260916,0.10.0,482,supply,demands,False,7,7,D5,11,BASE,POWER,56.7,J000011,1,1,56.7
m3-periodic,ee0bec387c023d5d0ab8464c286e0564fdf9e899852c4db249384f154598db79,20260916,0.10.0,482,supply,demands,False,7,7,D6,12,BASE,POWER,60.7,J000014,1,1,60.7
m3-periodic,ee0bec387c023d5d0ab8464c286e0564fdf9e899852c4db249384f154598db79,20260916,0.10.0,482,supply,demands,False,7,7,D7,13,BASE,POWER,60.800000000000004,J000013,1,1,64.5
m3-periodic,ee0bec387c023d5d0ab8464c286e0564fdf9e899852c4db249384f154598db79,20260916,0.10.0,483,supply,demands,False,4,4,D1,3,BASE,POWER,16.700000000000003,J000002,1,1,16.700000000000003
m3-periodic,ee0bec387c023d5d0ab8464c286e0564fdf9e899852c4db249384f154598db79,20260916,0.10.0,483,supply,demands,False,4,4,D2,6,BASE,POWER,32.7,J000005,1,1,32.7
m3-periodic,ee0bec387c023d5d0ab8464c286e0564fdf9e899852c4db249384f154598db79,20260916,0.10.0,483,supply,demands,False,4,4,D3,9,BASE,POWER,60.7,J000010,1,1,60.7
m3-periodic,ee0bec387c023d5d0ab8464c286e0564fdf9e899852c4db249384f154598db79,20260916,0.10.0,483,supply,demands,False,4,4,D4,10,BASE,POWER,60.800000000000004,J000009,1,1,60.800000000000004
m3-periodic,ee0bec387c023d5d0ab8464c286e0564fdf9e899852c4db249384f154598db79,20260916,0.10.0,484,supply,demands,False,5,5,D1,3,BASE,POWER,16.700000000000003,J000002,1,1,16.700000000000003
m3-periodic,ee0bec387c023d5d0ab8464c286e0564fdf9e899852c4db249384f154598db79,20260916,0.10.0,484,supply,demands,False,5,5,D2,6,BASE,POWER,32.800000000000004,J000004,1,1,32.800000000000004
m3-periodic,ee0bec387c023d5d0ab8464c286e0564fdf9e899852c4db249384f154598db79,20260916,0.10.0,484,supply,demands,False,5,5,D3,9,BASE,POWER,56.7,J000008,1,1,56.7
m3-periodic,ee0bec387c023d5d0ab8464c286e0564fdf9e899852c4db249384f154598db79,20260916,0.10.0,484,supply,demands,False,5,5,D4,10,BASE,POWER,56.800000000000004,J000007,1,1,56.800000000000004
m3-periodic,ee0bec387c023d5d0ab8464c286e0564fdf9e899852c4db249384f154598db79,20260916,0.10.0,484,supply,demands,False,5,5,D5,11,BASE,POWER,60.7,J000012,1,1,64.5
m3-periodic,ee0bec387c023d5d0ab8464c286e0564fdf9e899852c4db249384f154598db79,20260916,0.10.0,485,supply,demands,False,5,5,D1,3,BASE,POWER,16.800000000000004,J000001,1,1,16.800000000000004
m3-periodic,ee0bec387c023d5d0ab8464c286e0564fdf9e899852c4db249384f154598db79,20260916,0.10.0,485,supply,demands,False,5,5,D2,6,BASE,POWER,32.7,J000005,1,1,32.7
m3-periodic,ee0bec387c023d5d0ab8464c286e0564fdf9e899852c4db249384f154598db79,20260916,0.10.0,485,supply,demands,False,5,5,D3,9,BASE,POWER,56.7,J000008,1,1,56.7
m3-periodic,ee0bec387c023d5d0ab8464c286e0564fdf9e899852c4db249384f154598db79,20260916,0.10.0,485,supply,demands,False,5,5,D4,10,BASE,POWER,56.800000000000004,J000007,1,1,56.800000000000004
m3-periodic,ee0bec387c023d5d0ab8464c286e0564fdf9e899852c4db249384f154598db79,20260916,0.10.0,485,supply,demands,False,5,5,D5,11,BASE,POWER,60.7,J000012,1,1,64.5
m3-periodic,ee0bec387c023d5d0ab8464c286e0564fdf9e899852c4db249384f154598db79,20260916,0.10.0,486,supply,demands,False,5,5,D1,3,BASE,POWER,16.700000000000003,J000002,1,1,16.700000000000003
m3-periodic,ee0bec387c023d5d0ab8464c286e0564fdf9e899852c4db249384f154598db79,20260916,0.10.0,486,supply,demands,False,5,5,D2,6,BASE,POWER,31.920701620369844,J000006,1,1,31.920701620369844
m3-periodic,ee0bec387c023d5d0ab8464c286e0564fdf9e899852c4db249384f154598db79,20260916,0.10.0,486,supply,demands,False,5,5,D3,9,BASE,POWER,56.800000000000004,J000008,1,1,56.800000000000004
m3-periodic,ee0bec387c023d5d0ab8464c286e0564fdf9e899852c4db249384f154598db79,20260916,0.10.0,486,supply,demands,False,5,5,D4,10,BASE,POWER,60.7,J000012,1,1,60.7
m3-periodic,ee0bec387c023d5d0ab8464c286e0564fdf9e899852c4db249384f154598db79,20260916,0.10.0,486,supply,demands,False,5,5,D5,11,BASE,POWER,60.800000000000004,J000011,1,1,64.5
m3-periodic,ee0bec387c023d5d0ab8464c286e0564fdf9e899852c4db249384f154598db79,20260916,0.10.0,487,supply,demands,False,5,5,D1,3,BASE,POWER,16.700000000000003,J000002,1,1,16.700000000000003
m3-periodic,ee0bec387c023d5d0ab8464c286e0564fdf9e899852c4db249384f154598db79,20260916,0.10.0,487,supply,demands,False,5,5,D2,6,BASE,POWER,30.489866494390917,J000004,1,1,30.489866494390917
m3-periodic,ee0bec387c023d5d0ab8464c286e0564fdf9e899852c4db249384f154598db79,20260916,0.10.0,487,supply,demands,False,5,5,D3,9,BASE,POWER,56.7,J000008,1,1,56.7
m3-periodic,ee0bec387c023d5d0ab8464c286e0564fdf9e899852c4db249384f154598db79,20260916,0.10.0,487,supply,demands,False,5,5,D4,10,BASE,POWER,56.800000000000004,J000007,1,1,56.800000000000004
m3-periodic,ee0bec387c023d5d0ab8464c286e0564fdf9e899852c4db249384f154598db79,20260916,0.10.0,487,supply,demands,False,5,5,D5,11,BASE,POWER,60.7,J000011,1,1,64.5
m3-periodic,ee0bec387c023d5d0ab8464c286e0564fdf9e899852c4db249384f154598db79,20260916,0.10.0,488,supply,demands,False,2,2,D1,3,BASE,POWER,16.700000000000003,J000002,1,1,16.700000000000003
m3-periodic,ee0bec387c023d5d0ab8464c286e0564fdf9e899852c4db249384f154598db79,20260916,0.10.0,488,supply,demands,False,2,2,D2,6,BASE,POWER,60.800000000000004,J000009,1,1,60.800000000000004
m3-periodic,ee0bec387c023d5d0ab8464c286e0564fdf9e899852c4db249384f154598db79,20260916,0.10.0,489,supply,demands,False,7,7,D1,3,BASE,POWER,16.700000000000003,J000002,1,1,16.700000000000003
m3-periodic,ee0bec387c023d5d0ab8464c286e0564fdf9e899852c4db249384f154598db79,20260916,0.10.0,489,supply,demands,False,7,7,D2,4,BASE,POWER,16.800000000000004,J000001,1,1,16.800000000000004
m3-periodic,ee0bec387c023d5d0ab8464c286e0564fdf9e899852c4db249384f154598db79,20260916,0.10.0,489,supply,demands,False,7,7,D3,7,BASE,POWER,32.800000000000004,J000005,1,1,32.800000000000004
m3-periodic,ee0bec387c023d5d0ab8464c286e0564fdf9e899852c4db249384f154598db79,20260916,0.10.0,489,supply,demands,False,7,7,D4,10,BASE,POWER,56.7,J000009,1,1,56.7
m3-periodic,ee0bec387c023d5d0ab8464c286e0564fdf9e899852c4db249384f154598db79,20260916,0.10.0,489,supply,demands,False,7,7,D5,11,BASE,POWER,56.800000000000004,J000008,1,1,56.800000000000004
m3-periodic,ee0bec387c023d5d0ab8464c286e0564fdf9e899852c4db249384f154598db79,20260916,0.10.0,489,supply,demands,False,7,7,D6,12,BASE,POWER,60.7,J000013,1,1,64.5
m3-periodic,ee0bec387c023d5d0ab8464c286e0564fdf9e899852c4db249384f154598db79,20260916,0.10.0,489,supply,demands,False,7,7,D7,13,BASE,POWER,60.800000000000004,J000012,1,1,64.5
m3-periodic,ee0bec387c023d5d0ab8464c286e0564fdf9e899852c4db249384f154598db79,20260916,0.10.0,490,supply,demands,False,4,4,D1,3,BASE,POWER,16.800000000000004,J000001,1,1,16.800000000000004
m3-periodic,ee0bec387c023d5d0ab8464c286e0564fdf9e899852c4db249384f154598db79,20260916,0.10.0,490,supply,demands,False,4,4,D2,6,BASE,POWER,60.7,J000009,1,1,60.7
m3-periodic,ee0bec387c023d5d0ab8464c286e0564fdf9e899852c4db249384f154598db79,20260916,0.10.0,490,supply,demands,False,4,4,D3,7,BASE,POWER,60.800000000000004,J000008,1,1,60.800000000000004
m3-periodic,ee0bec387c023d5d0ab8464c286e0564fdf9e899852c4db249384f154598db79,20260916,0.10.0,490,supply,demands,False,4,4,D4,10,BASE,POWER,64.69999999999999,J000012,1,1,64.69999999999999
m3-periodic,ee0bec387c023d5d0ab8464c286e0564fdf9e899852c4db249384f154598db79,20260916,0.10.0,491,supply,demands,False,6,6,D1,3,BASE,POWER,16.800000000000004,J000001,1,1,16.800000000000004
m3-periodic,ee0bec387c023d5d0ab8464c286e0564fdf9e899852c4db249384f154598db79,20260916,0.10.0,491,supply,demands,False,6,6,D2,6,BASE,POWER,32.7,J000005,1,1,32.7
m3-periodic,ee0bec387c023d5d0ab8464c286e0564fdf9e899852c4db249384f154598db79,20260916,0.10.0,491,supply,demands,False,6,6,D3,9,BASE,POWER,56.7,J000008,1,1,56.7
m3-periodic,ee0bec387c023d5d0ab8464c286e0564fdf9e899852c4db249384f154598db79,20260916,0.10.0,491,supply,demands,False,6,6,D4,10,BASE,POWER,56.800000000000004,J000007,1,1,56.800000000000004
m3-periodic,ee0bec387c023d5d0ab8464c286e0564fdf9e899852c4db249384f154598db79,20260916,0.10.0,491,supply,demands,False,6,6,D5,11,BASE,POWER,60.7,J000012,1,1,64.5
m3-periodic,ee0bec387c023d5d0ab8464c286e0564fdf9e899852c4db249384f154598db79,20260916,0.10.0,491,supply,demands,False,6,6,D6,12,BASE,POWER,60.800000000000004,J000011,1,1,64.5
m3-periodic,ee0bec387c023d5d0ab8464c286e0564fdf9e899852c4db249384f154598db79,20260916,0.10.0,492,supply,demands,False,6,6,D1,3,BASE,POWER,16.700000000000003,J000002,1,1,16.700000000000003
m3-periodic,ee0bec387c023d5d0ab8464c286e0564fdf9e899852c4db249384f154598db79,20260916,0.10.0,492,supply,demands,False,6,6,D2,4,BASE,POWER,16.800000000000004,J000001,1,1,16.800000000000004
m3-periodic,ee0bec387c023d5d0ab8464c286e0564fdf9e899852c4db249384f154598db79,20260916,0.10.0,492,supply,demands,False,6,6,D3,7,BASE,POWER,32.800000000000004,J000005,1,1,32.800000000000004
m3-periodic,ee0bec387c023d5d0ab8464c286e0564fdf9e899852c4db249384f154598db79,20260916,0.10.0,492,supply,demands,False,6,6,D4,10,BASE,POWER,56.800000000000004,J000008,1,1,56.800000000000004
m3-periodic,ee0bec387c023d5d0ab8464c286e0564fdf9e899852c4db249384f154598db79,20260916,0.10.0,492,supply,demands,False,6,6,D5,11,BASE,POWER,60.7,J000012,1,1,60.7
m3-periodic,ee0bec387c023d5d0ab8464c286e0564fdf9e899852c4db249384f154598db79,20260916,0.10.0,492,supply,demands,False,6,6,D6,12,BASE,POWER,60.800000000000004,J000011,1,1,64.5
m3-periodic,ee0bec387c023d5d0ab8464c286e0564fdf9e899852c4db249384f154598db79,20260916,0.10.0,493,supply,demands,False,4,4,D1,3,BASE,POWER,32.7,J000004,1,1,32.7
m3-periodic,ee0bec387c023d5d0ab8464c286e0564fdf9e899852c4db249384f154598db79,20260916,0.10.0,493,supply,demands,False,4,4,D2,4,BASE,POWER,32.800000000000004,J000003,1,1,32.800000000000004
m3-periodic,ee0bec387c023d5d0ab8464c286e0564fdf9e899852c4db249384f154598db79,20260916,0.10.0,493,supply,demands,False,4,4,D3,7,BASE,POWER,56.7,J000008,1,1,56.7
m3-periodic,ee0bec387c023d5d0ab8464c286e0564fdf9e899852c4db249384f154598db79,20260916,0.10.0,493,supply,demands,False,4,4,D4,8,BASE,POWER,60.7,J000011,1,1,60.7
m3-periodic,ee0bec387c023d5d0ab8464c286e0564fdf9e899852c4db249384f154598db79,20260916,0.10.0,494,supply,demands,False,5,5,D1,3,BASE,POWER,32.7,J000004,1,1,32.7
m3-periodic,ee0bec387c023d5d0ab8464c286e0564fdf9e899852c4db249384f154598db79,20260916,0.10.0,494,supply,demands,False,5,5,D2,4,BASE,POWER,32.800000000000004,J000003,1,1,32.800000000000004
m3-periodic,ee0bec387c023d5d0ab8464c286e0564fdf9e899852c4db249384f154598db79,20260916,0.10.0,494,supply,demands,False,5,5,D3,7,BASE,POWER,56.7,J000008,1,1,56.7
m3-periodic,ee0bec387c023d5d0ab8464c286e0564fdf9e899852c4db249384f154598db79,20260916,0.10.0,494,supply,demands,False,5,5,D4,8,BASE,POWER,60.800000000000004,J000010,1,1,60.800000000000004
m3-periodic,ee0bec387c023d5d0ab8464c286e0564fdf9e899852c4db249384f154598db79,20260916,0.10.0,494,supply,demands,False,5,5,D5,11,BASE,POWER,64.69999999999999,J000013,1,1,64.69999999999999
m3-periodic,ee0bec387c023d5d0ab8464c286e0564fdf9e899852c4db249384f154598db79,20260916,0.10.0,495,supply,demands,False,6,6,D1,3,BASE,POWER,16.700000000000003,J000002,1,1,16.700000000000003
m3-periodic,ee0bec387c023d5d0ab8464c286e0564fdf9e899852c4db249384f154598db79,20260916,0.10.0,495,supply,demands,False,6,6,D2,4,BASE,POWER,16.800000000000004,J000001,1,1,16.800000000000004
m3-periodic,ee0bec387c023d5d0ab8464c286e0564fdf9e899852c4db249384f154598db79,20260916,0.10.0,495,supply,demands,False,6,6,D3,7,BASE,POWER,32.7,J000006,1,1,32.7
m3-periodic,ee0bec387c023d5d0ab8464c286e0564fdf9e899852c4db249384f154598db79,20260916,0.10.0,495,supply,demands,False,6,6,D4,8,BASE,POWER,32.800000000000004,J000005,1,1,32.800000000000004
m3-periodic,ee0bec387c023d5d0ab8464c286e0564fdf9e899852c4db249384f154598db79,20260916,0.10.0,495,supply,demands,False,6,6,D5,11,BASE,POWER,56.7,J000011,1,1,56.7
m3-periodic,ee0bec387c023d5d0ab8464c286e0564fdf9e899852c4db249384f154598db79,20260916,0.10.0,495,supply,demands,False,6,6,D6,12,BASE,POWER,56.800000000000004,J000010,1,1,56.800000000000004
m3-periodic,ee0bec387c023d5d0ab8464c286e0564fdf9e899852c4db249384f154598db79,20260916,0.10.0,496,supply,demands,False,5,5,D1,3,BASE,POWER,16.700000000000003,J000002,1,1,16.700000000000003
m3-periodic,ee0bec387c023d5d0ab8464c286e0564fdf9e899852c4db249384f154598db79,20260916,0.10.0,496,supply,demands,False,5,5,D2,4,BASE,POWER,16.800000000000004,J000001,1,1,16.800000000000004
m3-periodic,ee0bec387c023d5d0ab8464c286e0564fdf9e899852c4db249384f154598db79,20260916,0.10.0,496,supply,demands,False,5,5,D3,7,BASE,POWER,56.7,J000009,1,1,56.7
m3-periodic,ee0bec387c023d5d0ab8464c286e0564fdf9e899852c4db249384f154598db79,20260916,0.10.0,496,supply,demands,False,5,5,D4,8,BASE,POWER,60.7,J000012,1,1,60.7
m3-periodic,ee0bec387c023d5d0ab8464c286e0564fdf9e899852c4db249384f154598db79,20260916,0.10.0,496,supply,demands,False,5,5,D5,9,BASE,POWER,60.800000000000004,J000011,1,1,64.5
m3-periodic,ee0bec387c023d5d0ab8464c286e0564fdf9e899852c4db249384f154598db79,20260916,0.10.0,497,supply,demands,False,6,6,D1,3,BASE,POWER,16.700000000000003,J000002,1,1,16.700000000000003
m3-periodic,ee0bec387c023d5d0ab8464c286e0564fdf9e899852c4db249384f154598db79,20260916,0.10.0,497,supply,demands,False,6,6,D2,6,BASE,POWER,32.7,J000005,1,1,32.7
m3-periodic,ee0bec387c023d5d0ab8464c286e0564fdf9e899852c4db249384f154598db79,20260916,0.10.0,497,supply,demands,False,6,6,D3,7,BASE,POWER,32.800000000000004,J000004,1,1,32.800000000000004
m3-periodic,ee0bec387c023d5d0ab8464c286e0564fdf9e899852c4db249384f154598db79,20260916,0.10.0,497,supply,demands,False,6,6,D4,8,BASE,POWER,34.92338892026363,J000008,1,1,40.5
m3-periodic,ee0bec387c023d5d0ab8464c286e0564fdf9e899852c4db249384f154598db79,20260916,0.10.0,497,supply,demands,False,6,6,D5,11,BASE,POWER,60.7,J000012,1,1,60.7
m3-periodic,ee0bec387c023d5d0ab8464c286e0564fdf9e899852c4db249384f154598db79,20260916,0.10.0,497,supply,demands,False,6,6,D6,14,BASE,POWER,64.69999999999999,J000014,1,1,64.69999999999999
m3-periodic,ee0bec387c023d5d0ab8464c286e0564fdf9e899852c4db249384f154598db79,20260916,0.10.0,498,supply,demands,False,6,6,D1,3,BASE,POWER,16.800000000000004,J000001,1,1,16.800000000000004
m3-periodic,ee0bec387c023d5d0ab8464c286e0564fdf9e899852c4db249384f154598db79,20260916,0.10.0,498,supply,demands,False,6,6,D2,6,BASE,POWER,32.7,J000005,1,1,32.7
m3-periodic,ee0bec387c023d5d0ab8464c286e0564fdf9e899852c4db249384f154598db79,20260916,0.10.0,498,supply,demands,False,6,6,D3,9,BASE,POWER,56.7,J000008,1,1,56.7
m3-periodic,ee0bec387c023d5d0ab8464c286e0564fdf9e899852c4db249384f154598db79,20260916,0.10.0,498,supply,demands,False,6,6,D4,10,BASE,POWER,56.800000000000004,J000007,1,1,56.800000000000004
m3-periodic,ee0bec387c023d5d0ab8464c286e0564fdf9e899852c4db249384f154598db79,20260916,0.10.0,498,supply,demands,False,6,6,D5,11,BASE,POWER,60.7,J000012,1,1,64.5
m3-periodic,ee0bec387c023d5d0ab8464c286e0564fdf9e899852c4db249384f154598db79,20260916,0.10.0,498,supply,demands,False,6,6,D6,12,BASE,POWER,60.800000000000004,J000011,1,1,64.5
m3-periodic,ee0bec387c023d5d0ab8464c286e0564fdf9e899852c4db249384f154598db79,20260916,0.10.0,499,supply,demands,False,4,4,D1,3,BASE,POWER,32.800000000000004,J000003,1,1,32.800000000000004
m3-periodic,ee0bec387c023d5d0ab8464c286e0564fdf9e899852c4db249384f154598db79,20260916,0.10.0,499,supply,demands,False,4,4,D2,6,BASE,POWER,55.19617370663222,J000007,1,1,55.19617370663222
m3-periodic,ee0bec387c023d5d0ab8464c286e0564fdf9e899852c4db249384f154598db79,20260916,0.10.0,499,supply,demands,False,4,4,D3,9,BASE,POWER,60.7,J000010,1,1,60.7
m3-periodic,ee0bec387c023d5d0ab8464c286e0564fdf9e899852c4db249384f154598db79,20260916,0.10.0,499,supply,demands,False,4,4,D4,10,BASE,POWER,60.800000000000004,J000009,1,1,60.800000000000004
m3-periodic,ee0bec387c023d5d0ab8464c286e0564fdf9e899852c4db249384f154598db79,20260916,0.10.0,500,supply,demands,False,3,3,D1,3,BASE,POWER,32.7,J000004,1,1,32.7
m3-periodic,ee0bec387c023d5d0ab8464c286e0564fdf9e899852c4db249384f154598db79,20260916,0.10.0,500,supply,demands,False,3,3,D2,6,BASE,POWER,60.7,J000009,1,1,60.7
m3-periodic,ee0bec387c023d5d0ab8464c286e0564fdf9e899852c4db249384f154598db79,20260916,0.10.0,500,supply,demands,False,3,3,D3,7,BASE,POWER,60.800000000000004,J000008,1,1,60.800000000000004
m3-periodic,ee0bec387c023d5d0ab8464c286e0564fdf9e899852c4db249384f154598db79,20260916,0.10.0,501,supply,demands,False,4,4,D1,3,BASE,POWER,16.700000000000003,J000002,1,1,16.700000000000003
m3-periodic,ee0bec387c023d5d0ab8464c286e0564fdf9e899852c4db249384f154598db79,20260916,0.10.0,501,supply,demands,False,4,4,D2,4,BASE,POWER,16.800000000000004,J000001,1,1,16.800000000000004
m3-periodic,ee0bec387c023d5d0ab8464c286e0564fdf9e899852c4db249384f154598db79,20260916,0.10.0,501,supply,demands,False,4,4,D3,7,BASE,POWER,32.7,J000006,1,1,32.7
m3-periodic,ee0bec387c023d5d0ab8464c286e0564fdf9e899852c4db249384f154598db79,20260916,0.10.0,501,supply,demands,False,4,4,D4,10,BASE,POWER,60.800000000000004,J000010,1,1,60.800000000000004
m3-periodic,ee0bec387c023d5d0ab8464c286e0564fdf9e899852c4db249384f154598db79,20260916,0.10.0,502,supply,demands,False,7,7,D1,3,BASE,POWER,10.352742757321924,J000001,1,1,10.352742757321924
m3-periodic,ee0bec387c023d5d0ab8464c286e0564fdf9e899852c4db249384f154598db79,20260916,0.10.0,502,supply,demands,False,7,7,D2,6,BASE,POWER,16.700000000000003,J000004,1,1,16.700000000000003
m3-periodic,ee0bec387c023d5d0ab8464c286e0564fdf9e899852c4db249384f154598db79,20260916,0.10.0,502,supply,demands,False,7,7,D3,7,BASE,POWER,16.800000000000004,J000003,1,1,16.800000000000004
m3-periodic,ee0bec387c023d5d0ab8464c286e0564fdf9e899852c4db249384f154598db79,20260916,0.10.0,502,supply,demands,False,7,7,D4,10,BASE,POWER,36.7,J000007,1,1,36.7
m3-periodic,ee0bec387c023d5d0ab8464c286e0564fdf9e899852c4db249384f154598db79,20260916,0.10.0,502,supply,demands,False,7,7,D5,13,BASE,POWER,40.7,J000010,1,1,40.7
m3-periodic,ee0bec387c023d5d0ab8464c286e0564fdf9e899852c4db249384f154598db79,20260916,0.10.0,502,supply,demands,False,7,7,D6,16,BASE,POWER,56.7,J000012,1,1,56.7
m3-periodic,ee0bec387c023d5d0ab8464c286e0564fdf9e899852c4db249384f154598db79,20260916,0.10.0,502,supply,demands,False,7,7,D7,19,BASE,POWER,64.69999999999999,J000015,1,1,64.69999999999999
m3-periodic,ee0bec387c023d5d0ab8464c286e0564fdf9e899852c4db249384f154598db79,20260916,0.10.0,503,supply,demands,False,6,6,D1,3,BASE,POWER,16.700000000000003,J000002,1,1,16.700000000000003
m3-periodic,ee0bec387c023d5d0ab8464c286e0564fdf9e899852c4db249384f154598db79,20260916,0.10.0,503,supply,demands,False,6,6,D2,6,BASE,POWER,32.7,J000005,1,1,32.7
m3-periodic,ee0bec387c023d5d0ab8464c286e0564fdf9e899852c4db249384f154598db79,20260916,0.10.0,503,supply,demands,False,6,6,D3,7,BASE,POWER,32.800000000000004,J000004,1,1,32.800000000000004
m3-periodic,ee0bec387c023d5d0ab8464c286e0564fdf9e899852c4db249384f154598db79,20260916,0.10.0,503,supply,demands,False,6,6,D4,10,BASE,POWER,56.7,J000009,1,1,56.7
m3-periodic,ee0bec387c023d5d0ab8464c286e0564fdf9e899852c4db249384f154598db79,20260916,0.10.0,503,supply,demands,False,6,6,D5,11,BASE,POWER,59.183400743219266,J000012,1,1,59.183400743219266
m3-periodic,ee0bec387c023d5d0ab8464c286e0564fdf9e899852c4db249384f154598db79,20260916,0.10.0,503,supply,demands,False,6,6,D6,12,BASE,POWER,59.28340074321927,J000011,1,1,64.5
m3-periodic,ee0bec387c023d5d0ab8464c286e0564fdf9e899852c4db249384f154598db79,20260916,0.10.0,504,supply,demands,False,3,3,D1,3,BASE,POWER,56.1970213648074,J000007,1,1,56.1970213648074
m3-periodic,ee0bec387c023d5d0ab8464c286e0564fdf9e899852c4db249384f154598db79,20260916,0.10.0,504,supply,demands,False,3,3,D2,4,BASE,POWER,56.2970213648074,J000008,1,1,56.2970213648074
m3-periodic,ee0bec387c023d5d0ab8464c286e0564fdf9e899852c4db249384f154598db79,20260916,0.10.0,504,supply,demands,False,3,3,D3,5,BASE,POWER,60.800000000000004,J000011,1,1,64.5
m3-periodic,ee0bec387c023d5d0ab8464c286e0564fdf9e899852c4db249384f154598db79,20260916,0.10.0,505,supply,demands,False,5,5,D1,3,BASE,POWER,16.800000000000004,J000001,1,1,16.800000000000004
m3-periodic,ee0bec387c023d5d0ab8464c286e0564fdf9e899852c4db249384f154598db79,20260916,0.10.0,505,supply,demands,False,5,5,D2,6,BASE,POWER,32.7,J000005,1,1,32.7
m3-periodic,ee0bec387c023d5d0ab8464c286e0564fdf9e899852c4db249384f154598db79,20260916,0.10.0,505,supply,demands,False,5,5,D3,9,BASE,POWER,56.7,J000008,1,1,56.7
m3-periodic,ee0bec387c023d5d0ab8464c286e0564fdf9e899852c4db249384f154598db79,20260916,0.10.0,505,supply,demands,False,5,5,D4,10,BASE,POWER,56.800000000000004,J000007,1,1,56.800000000000004
m3-periodic,ee0bec387c023d5d0ab8464c286e0564fdf9e899852c4db249384f154598db79,20260916,0.10.0,505,supply,demands,False,5,5,D5,11,BASE,POWER,60.800000000000004,J000011,1,1,64.5
m3-periodic,ee0bec387c023d5d0ab8464c286e0564fdf9e899852c4db249384f154598db79,20260916,0.10.0,506,supply,demands,False,4,4,D1,3,BASE,POWER,32.7,J000004,1,1,32.7
m3-periodic,ee0bec387c023d5d0ab8464c286e0564fdf9e899852c4db249384f154598db79,20260916,0.10.0,506,supply,demands,False,4,4,D2,6,BASE,POWER,40.7,J000006,1,1,40.7
m3-periodic,ee0bec387c023d5d0ab8464c286e0564fdf9e899852c4db249384f154598db79,20260916,0.10.0,506,supply,demands,False,4,4,D3,9,BASE,POWER,56.7,J000009,1,1,56.7
m3-periodic,ee0bec387c023d5d0ab8464c286e0564fdf9e899852c4db249384f154598db79,20260916,0.10.0,506,supply,demands,False,4,4,D4,10,BASE,POWER,60.7,J000011,1,1,60.7
m3-periodic,ee0bec387c023d5d0ab8464c286e0564fdf9e899852c4db249384f154598db79,20260916,0.10.0,507,supply,demands,False,3,3,D1,3,BASE,POWER,56.7,J000006,1,1,56.7
m3-periodic,ee0bec387c023d5d0ab8464c286e0564fdf9e899852c4db249384f154598db79,20260916,0.10.0,507,supply,demands,False,3,3,D2,4,BASE,POWER,56.800000000000004,J000005,1,1,56.800000000000004
m3-periodic,ee0bec387c023d5d0ab8464c286e0564fdf9e899852c4db249384f154598db79,20260916,0.10.0,507,supply,demands,False,3,3,D3,5,BASE,POWER,60.800000000000004,J000009,1,1,64.5
m3-periodic,ee0bec387c023d5d0ab8464c286e0564fdf9e899852c4db249384f154598db79,20260916,0.10.0,508,supply,demands,False,6,6,D1,3,BASE,POWER,7.9624888364382285,J000001,1,1,7.9624888364382285
m3-periodic,ee0bec387c023d5d0ab8464c286e0564fdf9e899852c4db249384f154598db79,20260916,0.10.0,508,supply,demands,False,6,6,D2,6,BASE,POWER,16.700000000000003,J000003,1,1,16.700000000000003
m3-periodic,ee0bec387c023d5d0ab8464c286e0564fdf9e899852c4db249384f154598db79,20260916,0.10.0,508,supply,demands,False,6,6,D3,9,BASE,POWER,32.800000000000004,J000005,1,1,32.800000000000004
m3-periodic,ee0bec387c023d5d0ab8464c286e0564fdf9e899852c4db249384f154598db79,20260916,0.10.0,508,supply,demands,False,6,6,D4,10,BASE,POWER,36.7,J000008,1,1,36.7
m3-periodic,ee0bec387c023d5d0ab8464c286e0564fdf9e899852c4db249384f154598db79,20260916,0.10.0,508,supply,demands,False,6,6,D5,13,BASE,POWER,56.7,J000010,1,1,56.7
m3-periodic,ee0bec387c023d5d0ab8464c286e0564fdf9e899852c4db249384f154598db79,20260916,0.10.0,508,supply,demands,False,6,6,D6,14,BASE,POWER,60.7,J000013,1,1,60.7
m3-periodic,ee0bec387c023d5d0ab8464c286e0564fdf9e899852c4db249384f154598db79,20260916,0.10.0,509,supply,demands,False,7,7,D1,3,BASE,POWER,16.700000000000003,J000002,1,1,16.700000000000003
m3-periodic,ee0bec387c023d5d0ab8464c286e0564fdf9e899852c4db249384f154598db79,20260916,0.10.0,509,supply,demands,False,7,7,D2,4,BASE,POWER,16.800000000000004,J000001,1,1,16.800000000000004
m3-periodic,ee0bec387c023d5d0ab8464c286e0564fdf9e899852c4db249384f154598db79,20260916,0.10.0,509,supply,demands,False,7,7,D3,7,BASE,POWER,32.7,J000006,1,1,32.7
m3-periodic,ee0bec387c023d5d0ab8464c286e0564fdf9e899852c4db249384f154598db79,20260916,0.10.0,509,supply,demands,False,7,7,D4,8,BASE,POWER,32.800000000000004,J000005,1,1,32.800000000000004
m3-periodic,ee0bec387c023d5d0ab8464c286e0564fdf9e899852c4db249384f154598db79,20260916,0.10.0,509,supply,demands,False,7,7,D5,11,BASE,POWER,56.7,J000010,1,1,56.7
m3-periodic,ee0bec387c023d5d0ab8464c286e0564fdf9e899852c4db249384f154598db79,20260916,0.10.0,509,supply,demands,False,7,7,D6,12,BASE,POWER,60.7,J000013,1,1,60.7
m3-periodic,ee0bec387c023d5d0ab8464c286e0564fdf9e899852c4db249384f154598db79,20260916,0.10.0,509,supply,demands,False,7,7,D7,13,BASE,POWER,60.800000000000004,J000012,1,1,64.5
m3-periodic,ee0bec387c023d5d0ab8464c286e0564fdf9e899852c4db249384f154598db79,20260916,0.10.0,510,supply,demands,False,7,7,D1,3,BASE,POWER,16.800000000000004,J000001,1,1,16.800000000000004
m3-periodic,ee0bec387c023d5d0ab8464c286e0564fdf9e899852c4db249384f154598db79,20260916,0.10.0,510,supply,demands,False,7,7,D2,6,BASE,POWER,32.7,J000005,1,1,32.7
m3-periodic,ee0bec387c023d5d0ab8464c286e0564fdf9e899852c4db249384f154598db79,20260916,0.10.0,510,supply,demands,False,7,7,D3,7,BASE,POWER,32.800000000000004,J000004,1,1,32.800000000000004
m3-periodic,ee0bec387c023d5d0ab8464c286e0564fdf9e899852c4db249384f154598db79,20260916,0.10.0,510,supply,demands,False,7,7,D4,8,BASE,POWER,34.498474405296506,J000008,1,1,40.5
m3-periodic,ee0bec387c023d5d0ab8464c286e0564fdf9e899852c4db249384f154598db79,20260916,0.10.0,510,supply,demands,False,7,7,D5,11,BASE,POWER,56.391599164181685,J000010,1,1,56.391599164181685
m3-periodic,ee0bec387c023d5d0ab8464c286e0564fdf9e899852c4db249384f154598db79,20260916,0.10.0,510,supply,demands,False,7,7,D6,12,BASE,POWER,60.800000000000004,J000012,1,1,60.800000000000004
m3-periodic,ee0bec387c023d5d0ab8464c286e0564fdf9e899852c4db249384f154598db79,20260916,0.10.0,510,supply,demands,False,7,7,D7,15,BASE,POWER,64.69999999999999,J000015,1,1,64.69999999999999
m3-periodic,ee0bec387c023d5d0ab8464c286e0564fdf9e899852c4db249384f154598db79,20260916,0.10.0,511,supply,demands,False,5,5,D1,3,BASE,POWER,16.700000000000003,J000002,1,1,16.700000000000003
m3-periodic,ee0bec387c023d5d0ab8464c286e0564fdf9e899852c4db249384f154598db79,20260916,0.10.0,511,supply,demands,False,5,5,D2,6,BASE,POWER,32.7,J000005,1,1,32.7
m3-periodic,ee0bec387c023d5d0ab8464c286e0564fdf9e899852c4db249384f154598db79,20260916,0.10.0,511,supply,demands,False,5,5,D3,7,BASE,POWER,32.800000000000004,J000004,1,1,32.800000000000004
m3-periodic,ee0bec387c023d5d0ab8464c286e0564fdf9e899852c4db249384f154598db79,20260916,0.10.0,511,supply,demands,False,5,5,D4,10,BASE,POWER,56.7,J000009,1,1,56.7
m3-periodic,ee0bec387c023d5d0ab8464c286e0564fdf9e899852c4db249384f154598db79,20260916,0.10.0,511,supply,demands,False,5,5,D5,11,BASE,POWER,60.7,J000012,1,1,60.7
m3-periodic,ee0bec387c023d5d0ab8464c286e0564fdf9e899852c4db249384f154598db79,20260916,0.10.0,512,supply,demands,False,3,3,D1,3,BASE,POWER,36.7,J000006,1,1,36.7
m3-periodic,ee0bec387c023d5d0ab8464c286e0564fdf9e899852c4db249384f154598db79,20260916,0.10.0,512,supply,demands,False,3,3,D2,6,BASE,POWER,60.7,J000010,1,1,60.7
m3-periodic,ee0bec387c023d5d0ab8464c286e0564fdf9e899852c4db249384f154598db79,20260916,0.10.0,512,supply,demands,False,3,3,D3,7,BASE,POWER,60.800000000000004,J000009,1,1,60.800000000000004
m3-periodic,ee0bec387c023d5d0ab8464c286e0564fdf9e899852c4db249384f154598db79,20260916,0.10.0,513,supply,demands,False,4,4,D1,3,BASE,POWER,16.700000000000003,J000002,1,1,16.700000000000003
m3-periodic,ee0bec387c023d5d0ab8464c286e0564fdf9e899852c4db249384f154598db79,20260916,0.10.0,513,supply,demands,False,4,4,D2,6,BASE,POWER,56.7,J000007,1,1,56.7
m3-periodic,ee0bec387c023d5d0ab8464c286e0564fdf9e899852c4db249384f154598db79,20260916,0.10.0,513,supply,demands,False,4,4,D3,7,BASE,POWER,56.800000000000004,J000006,1,1,56.800000000000004
m3-periodic,ee0bec387c023d5d0ab8464c286e0564fdf9e899852c4db249384f154598db79,20260916,0.10.0,513,supply,demands,False,4,4,D4,8,BASE,POWER,60.800000000000004,J000010,1,1,64.5
m3-periodic,ee0bec387c023d5d0ab8464c286e0564fdf9e899852c4db249384f154598db79,20260916,0.10.0,514,supply,demands,False,5,5,D1,3,BASE,POWER,16.800000000000004,J000001,1,1,16.800000000000004
m3-periodic,ee0bec387c023d5d0ab8464c286e0564fdf9e899852c4db249384f154598db79,20260916,0.10.0,514,supply,demands,False,5,5,D2,6,BASE,POWER,32.7,J000005,1,1,32.7
m3-periodic,ee0bec387c023d5d0ab8464c286e0564fdf9e899852c4db249384f154598db79,20260916,0.10.0,514,supply,demands,False,5,5,D3,7,BASE,POWER,32.800000000000004,J000004,1,1,32.800000000000004
m3-periodic,ee0bec387c023d5d0ab8464c286e0564fdf9e899852c4db249384f154598db79,20260916,0.10.0,514,supply,demands,False,5,5,D4,10,BASE,POWER,56.800000000000004,J000008,1,1,56.800000000000004
m3-periodic,ee0bec387c023d5d0ab8464c286e0564fdf9e899852c4db249384f154598db79,20260916,0.10.0,514,supply,demands,False,5,5,D5,11,BASE,POWER,60.800000000000004,J000011,1,1,60.800000000000004
m3-periodic,ee0bec387c023d5d0ab8464c286e0564fdf9e899852c4db249384f154598db79,20260916,0.10.0,515,supply,demands,False,6,6,D1,3,BASE,POWER,16.700000000000003,J000002,1,1,16.700000000000003
m3-periodic,ee0bec387c023d5d0ab8464c286e0564fdf9e899852c4db249384f154598db79,20260916,0.10.0,515,supply,demands,False,6,6,D2,4,BASE,POWER,16.800000000000004,J000001,1,1,16.800000000000004
m3-periodic,ee0bec387c023d5d0ab8464c286e0564fdf9e899852c4db249384f154598db79,20260916,0.10.0,515,supply,demands,False,6,6,D3,7,BASE,POWER,32.800000000000004,J000005,1,1,32.800000000000004
m3-periodic,ee0bec387c023d5d0ab8464c286e0564fdf9e899852c4db249384f154598db79,20260916,0.10.0,515,supply,demands,False,6,6,D4,10,BASE,POWER,56.7,J000009,1,1,56.7
m3-periodic,ee0bec387c023d5d0ab8464c286e0564fdf9e899852c4db249384f154598db79,20260916,0.10.0,515,supply,demands,False,6,6,D5,11,BASE,POWER,60.7,J000012,1,1,60.7
m3-periodic,ee0bec387c023d5d0ab8464c286e0564fdf9e899852c4db249384f154598db79,20260916,0.10.0,515,supply,demands,False,6,6,D6,12,BASE,POWER,60.800000000000004,J000011,1,1,64.5
m3-periodic,ee0bec387c023d5d0ab8464c286e0564fdf9e899852c4db249384f154598db79,20260916,0.10.0,516,supply,demands,False,5,5,D1,3,BASE,POWER,32.7,J000004,1,1,32.7
m3-periodic,ee0bec387c023d5d0ab8464c286e0564fdf9e899852c4db249384f154598db79,20260916,0.10.0,516,supply,demands,False,5,5,D2,6,BASE,POWER,56.7,J000007,1,1,56.7
m3-periodic,ee0bec387c023d5d0ab8464c286e0564fdf9e899852c4db249384f154598db79,20260916,0.10.0,516,supply,demands,False,5,5,D3,7,BASE,POWER,56.800000000000004,J000006,1,1,56.800000000000004
m3-periodic,ee0bec387c023d5d0ab8464c286e0564fdf9e899852c4db249384f154598db79,20260916,0.10.0,516,supply,demands,False,5,5,D4,8,BASE,POWER,60.7,J000011,1,1,64.5
m3-periodic,ee0bec387c023d5d0ab8464c286e0564fdf9e899852c4db249384f154598db79,20260916,0.10.0,516,supply,demands,False,5,5,D5,9,BASE,POWER,60.800000000000004,J000010,1,1,64.5
m3-periodic,ee0bec387c023d5d0ab8464c286e0564fdf9e899852c4db249384f154598db79,20260916,0.10.0,517,supply,demands,False,7,7,D1,3,BASE,POWER,16.700000000000003,J000002,1,1,16.700000000000003
m3-periodic,ee0bec387c023d5d0ab8464c286e0564fdf9e899852c4db249384f154598db79,20260916,0.10.0,517,supply,demands,False,7,7,D2,4,BASE,POWER,16.800000000000004,J000001,1,1,16.800000000000004
m3-periodic,ee0bec387c023d5d0ab8464c286e0564fdf9e899852c4db249384f154598db79,20260916,0.10.0,517,supply,demands,False,7,7,D3,7,BASE,POWER,32.7,J000006,1,1,32.7
m3-periodic,ee0bec387c023d5d0ab8464c286e0564fdf9e899852c4db249384f154598db79,20260916,0.10.0,517,supply,demands,False,7,7,D4,8,BASE,POWER,32.800000000000004,J000005,1,1,32.800000000000004
m3-periodic,ee0bec387c023d5d0ab8464c286e0564fdf9e899852c4db249384f154598db79,20260916,0.10.0,517,supply,demands,False,7,7,D5,11,BASE,POWER,56.7,J000010,1,1,56.7
m3-periodic,ee0bec387c023d5d0ab8464c286e0564fdf9e899852c4db249384f154598db79,20260916,0.10.0,517,supply,demands,False,7,7,D6,12,BASE,POWER,56.800000000000004,J000011,1,1,56.800000000000004
m3-periodic,ee0bec387c023d5d0ab8464c286e0564fdf9e899852c4db249384f154598db79,20260916,0.10.0,517,supply,demands,False,7,7,D7,13,BASE,POWER,60.800000000000004,J000014,1,1,64.5
m3-periodic,ee0bec387c023d5d0ab8464c286e0564fdf9e899852c4db249384f154598db79,20260916,0.10.0,518,supply,demands,False,7,7,D1,3,BASE,POWER,16.700000000000003,J000002,1,1,16.700000000000003
m3-periodic,ee0bec387c023d5d0ab8464c286e0564fdf9e899852c4db249384f154598db79,20260916,0.10.0,518,supply,demands,False,7,7,D2,6,BASE,POWER,32.800000000000004,J000004,1,1,32.800000000000004
m3-periodic,ee0bec387c023d5d0ab8464c286e0564fdf9e899852c4db249384f154598db79,20260916,0.10.0,518,supply,demands,False,7,7,D3,7,BASE,POWER,35.92415011670652,J000007,1,1,35.92415011670652
m3-periodic,ee0bec387c023d5d0ab8464c286e0564fdf9e899852c4db249384f154598db79,20260916,0.10.0,518,supply,demands,False,7,7,D4,10,BASE,POWER,60.7,J000011,1,1,60.7
m3-periodic,ee0bec387c023d5d0ab8464c286e0564fdf9e899852c4db249384f154598db79,20260916,0.10.0,518,supply,demands,False,7,7,D5,11,BASE,POWER,60.800000000000004,J000010,1,1,60.800000000000004
m3-periodic,ee0bec387c023d5d0ab8464c286e0564fdf9e899852c4db249384f154598db79,20260916,0.10.0,518,supply,demands,False,7,7,D6,14,BASE,POWER,64.51006989414356,J000014,1,1,64.51006989414356
m3-periodic,ee0bec387c023d5d0ab8464c286e0564fdf9e899852c4db249384f154598db79,20260916,0.10.0,518,supply,demands,False,7,7,D7,15,BASE,POWER,64.61006989414355,J000015,1,1,64.61006989414355
m3-periodic,ee0bec387c023d5d0ab8464c286e0564fdf9e899852c4db249384f154598db79,20260916,0.10.0,519,supply,demands,False,3,3,D1,3,BASE,POWER,16.800000000000004,J000001,1,1,16.800000000000004
m3-periodic,ee0bec387c023d5d0ab8464c286e0564fdf9e899852c4db249384f154598db79,20260916,0.10.0,519,supply,demands,False,3,3,D2,6,BASE,POWER,60.7,J000009,1,1,60.7
m3-periodic,ee0bec387c023d5d0ab8464c286e0564fdf9e899852c4db249384f154598db79,20260916,0.10.0,519,supply,demands,False,3,3,D3,7,BASE,POWER,60.800000000000004,J000008,1,1,60.800000000000004
m3-periodic,ee0bec387c023d5d0ab8464c286e0564fdf9e899852c4db249384f154598db79,20260916,0.10.0,520,supply,demands,False,6,6,D1,3,BASE,POWER,15.275533864838401,J000001,1,1,15.275533864838401
m3-periodic,ee0bec387c023d5d0ab8464c286e0564fdf9e899852c4db249384f154598db79,20260916,0.10.0,520,supply,demands,False,6,6,D2,6,BASE,POWER,32.7,J000006,1,1,32.7
m3-periodic,ee0bec387c023d5d0ab8464c286e0564fdf9e899852c4db249384f154598db79,20260916,0.10.0,520,supply,demands,False,6,6,D3,7,BASE,POWER,32.800000000000004,J000005,1,1,32.800000000000004
m3-periodic,ee0bec387c023d5d0ab8464c286e0564fdf9e899852c4db249384f154598db79,20260916,0.10.0,520,supply,demands,False,6,6,D4,10,BASE,POWER,56.7,J000010,1,1,56.7
m3-periodic,ee0bec387c023d5d0ab8464c286e0564fdf9e899852c4db249384f154598db79,20260916,0.10.0,520,supply,demands,False,6,6,D5,11,BASE,POWER,56.800000000000004,J000009,1,1,56.800000000000004
m3-periodic,ee0bec387c023d5d0ab8464c286e0564fdf9e899852c4db249384f154598db79,20260916,0.10.0,520,supply,demands,False,6,6,D6,12,BASE,POWER,60.800000000000004,J000013,1,1,64.5
m3-periodic,ee0bec387c023d5d0ab8464c286e0564fdf9e899852c4db249384f154598db79,20260916,0.10.0,521,supply,demands,False,4,4,D1,3,BASE,POWER,16.800000000000004,J000001,1,1,16.800000000000004
m3-periodic,ee0bec387c023d5d0ab8464c286e0564fdf9e899852c4db249384f154598db79,20260916,0.10.0,521,supply,demands,False,4,4,D2,6,BASE,POWER,32.7,J000005,1,1,32.7
m3-periodic,ee0bec387c023d5d0ab8464c286e0564fdf9e899852c4db249384f154598db79,20260916,0.10.0,521,supply,demands,False,4,4,D3,9,BASE,POWER,56.7,J000008,1,1,56.7
m3-periodic,ee0bec387c023d5d0ab8464c286e0564fdf9e899852c4db249384f154598db79,20260916,0.10.0,521,supply,demands,False,4,4,D4,10,BASE,POWER,60.7,J000011,1,1,60.7
m3-periodic,ee0bec387c023d5d0ab8464c286e0564fdf9e899852c4db249384f154598db79,20260916,0.10.0,522,supply,demands,False,5,5,D1,3,BASE,POWER,16.700000000000003,J000002,1,1,16.700000000000003
m3-periodic,ee0bec387c023d5d0ab8464c286e0564fdf9e899852c4db249384f154598db79,20260916,0.10.0,522,supply,demands,False,5,5,D2,6,BASE,POWER,32.7,J000005,1,1,32.7
m3-periodic,ee0bec387c023d5d0ab8464c286e0564fdf9e899852c4db249384f154598db79,20260916,0.10.0,522,supply,demands,False,5,5,D3,9,BASE,POWER,56.800000000000004,J000007,1,1,56.800000000000004
m3-periodic,ee0bec387c023d5d0ab8464c286e0564fdf9e899852c4db249384f154598db79,20260916,0.10.0,522,supply,demands,False,5,5,D4,10,BASE,POWER,60.7,J000011,1,1,60.7
m3-periodic,ee0bec387c023d5d0ab8464c286e0564fdf9e899852c4db249384f154598db79,20260916,0.10.0,522,supply,demands,False,5,5,D5,11,BASE,POWER,60.800000000000004,J000010,1,1,64.5
m3-periodic,ee0bec387c023d5d0ab8464c286e0564fdf9e899852c4db249384f154598db79,20260916,0.10.0,523,supply,demands,False,5,5,D1,3,BASE,POWER,16.700000000000003,J000002,1,1,16.700000000000003
m3-periodic,ee0bec387c023d5d0ab8464c286e0564fdf9e899852c4db249384f154598db79,20260916,0.10.0,523,supply,demands,False,5,5,D2,6,BASE,POWER,32.800000000000004,J000004,1,1,32.800000000000004
m3-periodic,ee0bec387c023d5d0ab8464c286e0564fdf9e899852c4db249384f154598db79,20260916,0.10.0,523,supply,demands,False,5,5,D3,9,BASE,POWER,56.800000000000004,J000007,1,1,56.800000000000004
m3-periodic,ee0bec387c023d5d0ab8464c286e0564fdf9e899852c4db249384f154598db79,20260916,0.10.0,523,supply,demands,False,5,5,D4,10,BASE,POWER,60.7,J000011,1,1,60.7
m3-periodic,ee0bec387c023d5d0ab8464c286e0564fdf9e899852c4db249384f154598db79,20260916,0.10.0,523,supply,demands,False,5,5,D5,11,BASE,POWER,60.800000000000004,J000010,1,1,64.5
m3-periodic,ee0bec387c023d5d0ab8464c286e0564fdf9e899852c4db249384f154598db79,20260916,0.10.0,524,supply,demands,False,6,6,D1,3,BASE,POWER,32.7,J000004,1,1,32.7
m3-periodic,ee0bec387c023d5d0ab8464c286e0564fdf9e899852c4db249384f154598db79,20260916,0.10.0,524,supply,demands,False,6,6,D2,4,BASE,POWER,32.800000000000004,J000003,1,1,32.800000000000004
m3-periodic,ee0bec387c023d5d0ab8464c286e0564fdf9e899852c4db249384f154598db79,20260916,0.10.0,524,supply,demands,False,6,6,D3,5,BASE,POWER,34.20194908468531,J000007,1,1,40.5
m3-periodic,ee0bec387c023d5d0ab8464c286e0564fdf9e899852c4db249384f154598db79,20260916,0.10.0,524,supply,demands,False,6,6,D4,8,BASE,POWER,60.7,J000010,1,1,60.7
m3-periodic,ee0bec387c023d5d0ab8464c286e0564fdf9e899852c4db249384f154598db79,20260916,0.10.0,524,supply,demands,False,6,6,D5,9,BASE,POWER,60.800000000000004,J000009,1,1,60.800000000000004
m3-periodic,ee0bec387c023d5d0ab8464c286e0564fdf9e899852c4db249384f154598db79,20260916,0.10.0,524,supply,demands,False,6,6,D6,12,BASE,POWER,64.69999999999999,J000014,1,1,64.69999999999999
m3-periodic,ee0bec387c023d5d0ab8464c286e0564fdf9e899852c4db249384f154598db79,20260916,0.10.0,525,supply,demands,False,5,5,D1,3,BASE,POWER,16.700000000000003,J000002,1,1,16.700000000000003
m3-periodic,ee0bec387c023d5d0ab8464c286e0564fdf9e899852c4db249384f154598db79,20260916,0.10.0,525,supply,demands,False,5,5,D2,6,BASE,POWER,55.44415460733664,J000007,1,1,55.44415460733664
m3-periodic,ee0bec387c023d5d0ab8464c286e0564fdf9e899852c4db249384f154598db79,20260916,0.10.0,525,supply,demands,False,5,5,D3,7,BASE,POWER,55.544154607336644,J000008,1,1,55.544154607336644
m3-periodic,ee0bec387c023d5d0ab8464c286e0564fdf9e899852c4db249384f154598db79,20260916,0.10.0,525,supply,demands,False,5,5,D4,10,BASE,POWER,60.7,J000012,1,1,60.7
m3-periodic,ee0bec387c023d5d0ab8464c286e0564fdf9e899852c4db249384f154598db79,20260916,0.10.0,525,supply,demands,False,5,5,D5,11,BASE,POWER,60.800000000000004,J000011,1,1,60.800000000000004
m3-periodic,ee0bec387c023d5d0ab8464c286e0564fdf9e899852c4db249384f154598db79,20260916,0.10.0,526,supply,demands,False,7,7,D1,3,BASE,POWER,16.700000000000003,J000002,1,1,16.700000000000003
m3-periodic,ee0bec387c023d5d0ab8464c286e0564fdf9e899852c4db249384f154598db79,20260916,0.10.0,526,supply,demands,False,7,7,D2,4,BASE,POWER,16.800000000000004,J000001,1,1,16.800000000000004
m3-periodic,ee0bec387c023d5d0ab8464c286e0564fdf9e899852c4db249384f154598db79,20260916,0.10.0,526,supply,demands,False,7,7,D3,7,BASE,POWER,32.800000000000004,J000005,1,1,32.800000000000004
m3-periodic,ee0bec387c023d5d0ab8464c286e0564fdf9e899852c4db249384f154598db79,20260916,0.10.0,526,supply,demands,False,7,7,D4,10,BASE,POWER,56.7,J000009,1,1,56.7
m3-periodic,ee0bec387c023d5d0ab8464c286e0564fdf9e899852c4db249384f154598db79,20260916,0.10.0,526,supply,demands,False,7,7,D5,11,BASE,POWER,56.800000000000004,J000008,1,1,56.800000000000004
m3-periodic,ee0bec387c023d5d0ab8464c286e0564fdf9e899852c4db249384f154598db79,20260916,0.10.0,526,supply,demands,False,7,7,D6,12,BASE,POWER,60.7,J000013,1,1,64.5
m3-periodic,ee0bec387c023d5d0ab8464c286e0564fdf9e899852c4db249384f154598db79,20260916,0.10.0,526,supply,demands,False,7,7,D7,13,BASE,POWER,60.800000000000004,J000012,1,1,64.5
m3-periodic,ee0bec387c023d5d0ab8464c286e0564fdf9e899852c4db249384f154598db79,20260916,0.10.0,527,supply,demands,False,4,4,D1,3,BASE,POWER,16.800000000000004,J000001,1,1,16.800000000000004
m3-periodic,ee0bec387c023d5d0ab8464c286e0564fdf9e899852c4db249384f154598db79,20260916,0.10.0,527,supply,demands,False,4,4,D2,6,BASE,POWER,32.7,J000005,1,1,32.7
m3-periodic,ee0bec387c023d5d0ab8464c286e0564fdf9e899852c4db249384f154598db79,20260916,0.10.0,527,supply,demands,False,4,4,D3,7,BASE,POWER,32.800000000000004,J000004,1,1,32.800000000000004
m3-periodic,ee0bec387c023d5d0ab8464c286e0564fdf9e899852c4db249384f154598db79,20260916,0.10.0,527,supply,demands,False,4,4,D4,10,BASE,POWER,60.7,J000011,1,1,60.7
m3-periodic,ee0bec387c023d5d0ab8464c286e0564fdf9e899852c4db249384f154598db79,20260916,0.10.0,528,supply,demands,False,5,5,D1,3,BASE,POWER,7.644200281926113,J000001,1,1,7.644200281926113
m3-periodic,ee0bec387c023d5d0ab8464c286e0564fdf9e899852c4db249384f154598db79,20260916,0.10.0,528,supply,demands,False,5,5,D2,6,BASE,POWER,32.800000000000004,J000004,1,1,32.800000000000004
m3-periodic,ee0bec387c023d5d0ab8464c286e0564fdf9e899852c4db249384f154598db79,20260916,0.10.0,528,supply,demands,False,5,5,D3,9,BASE,POWER,60.7,J000011,1,1,60.7
m3-periodic,ee0bec387c023d5d0ab8464c286e0564fdf9e899852c4db249384f154598db79,20260916,0.10.0,528,supply,demands,False,5,5,D4,10,BASE,POWER,60.800000000000004,J000010,1,1,60.800000000000004
m3-periodic,ee0bec387c023d5d0ab8464c286e0564fdf9e899852c4db249384f154598db79,20260916,0.10.0,528,supply,demands,False,5,5,D5,13,BASE,POWER,64.69999999999999,J000014,1,1,64.69999999999999
m3-periodic,ee0bec387c023d5d0ab8464c286e0564fdf9e899852c4db249384f154598db79,20260916,0.10.0,529,supply,demands,False,7,7,D1,3,BASE,POWER,7.563352475199883,J000001,1,1,7.563352475199883
m3-periodic,ee0bec387c023d5d0ab8464c286e0564fdf9e899852c4db249384f154598db79,20260916,0.10.0,529,supply,demands,False,7,7,D2,6,BASE,POWER,16.700000000000003,J000003,1,1,16.700000000000003
m3-periodic,ee0bec387c023d5d0ab8464c286e0564fdf9e899852c4db249384f154598db79,20260916,0.10.0,529,supply,demands,False,7,7,D3,9,BASE,POWER,32.7,J000006,1,1,32.7
m3-periodic,ee0bec387c023d5d0ab8464c286e0564fdf9e899852c4db249384f154598db79,20260916,0.10.0,529,supply,demands,False,7,7,D4,10,BASE,POWER,32.800000000000004,J000005,1,1,32.800000000000004
m3-periodic,ee0bec387c023d5d0ab8464c286e0564fdf9e899852c4db249384f154598db79,20260916,0.10.0,529,supply,demands,False,7,7,D5,11,BASE,POWER,36.7,J000009,1,1,40.5
m3-periodic,ee0bec387c023d5d0ab8464c286e0564fdf9e899852c4db249384f154598db79,20260916,0.10.0,529,supply,demands,False,7,7,D6,14,BASE,POWER,60.7,J000013,1,1,60.7
m3-periodic,ee0bec387c023d5d0ab8464c286e0564fdf9e899852c4db249384f154598db79,20260916,0.10.0,529,supply,demands,False,7,7,D7,17,BASE,POWER,64.69999999999999,J000015,1,1,64.69999999999999
m3-periodic,ee0bec387c023d5d0ab8464c286e0564fdf9e899852c4db249384f154598db79,20260916,0.10.0,530,supply,demands,False,5,5,D1,3,BASE,POWER,16.800000000000004,J000001,1,1,16.800000000000004
m3-periodic,ee0bec387c023d5d0ab8464c286e0564fdf9e899852c4db249384f154598db79,20260916,0.10.0,530,supply,demands,False,5,5,D2,6,BASE,POWER,32.800000000000004,J000004,1,1,32.800000000000004
m3-periodic,ee0bec387c023d5d0ab8464c286e0564fdf9e899852c4db249384f154598db79,20260916,0.10.0,530,supply,demands,False,5,5,D3,9,BASE,POWER,56.7,J000009,1,1,56.7
m3-periodic,ee0bec387c023d5d0ab8464c286e0564fdf9e899852c4db249384f154598db79,20260916,0.10.0,530,supply,demands,False,5,5,D4,10,BASE,POWER,56.800000000000004,J000008,1,1,56.800000000000004
m3-periodic,ee0bec387c023d5d0ab8464c286e0564fdf9e899852c4db249384f154598db79,20260916,0.10.0,530,supply,demands,False,5,5,D5,11,BASE,POWER,60.7,J000012,1,1,64.5
m3-periodic,ee0bec387c023d5d0ab8464c286e0564fdf9e899852c4db249384f154598db79,20260916,0.10.0,531,supply,demands,False,5,5,D1,3,BASE,POWER,7.722539240711292,J000001,1,1,7.722539240711292
m3-periodic,ee0bec387c023d5d0ab8464c286e0564fdf9e899852c4db249384f154598db79,20260916,0.10.0,531,supply,demands,False,5,5,D2,6,BASE,POWER,16.700000000000003,J000003,1,1,16.700000000000003
m3-periodic,ee0bec387c023d5d0ab8464c286e0564fdf9e899852c4db249384f154598db79,20260916,0.10.0,531,supply,demands,False,5,5,D3,9,BASE,POWER,56.7,J000008,1,1,56.7
m3-periodic,ee0bec387c023d5d0ab8464c286e0564fdf9e899852c4db249384f154598db79,20260916,0.10.0,531,supply,demands,False,5,5,D4,10,BASE,POWER,60.7,J000011,1,1,60.7
m3-periodic,ee0bec387c023d5d0ab8464c286e0564fdf9e899852c4db249384f154598db79,20260916,0.10.0,531,supply,demands,False,5,5,D5,11,BASE,POWER,60.800000000000004,J000010,1,1,64.5
m3-periodic,ee0bec387c023d5d0ab8464c286e0564fdf9e899852c4db249384f154598db79,20260916,0.10.0,532,supply,demands,False,4,4,D1,3,BASE,POWER,32.7,J000004,1,1,32.7
m3-periodic,ee0bec387c023d5d0ab8464c286e0564fdf9e899852c4db249384f154598db79,20260916,0.10.0,532,supply,demands,False,4,4,D2,4,BASE,POWER,32.800000000000004,J000003,1,1,32.800000000000004
m3-periodic,ee0bec387c023d5d0ab8464c286e0564fdf9e899852c4db249384f154598db79,20260916,0.10.0,532,supply,demands,False,4,4,D3,7,BASE,POWER,60.7,J000010,1,1,60.7
m3-periodic,ee0bec387c023d5d0ab8464c286e0564fdf9e899852c4db249384f154598db79,20260916,0.10.0,532,supply,demands,False,4,4,D4,8,BASE,POWER,60.800000000000004,J000009,1,1,60.800000000000004
m3-periodic,ee0bec387c023d5d0ab8464c286e0564fdf9e899852c4db249384f154598db79,20260916,0.10.0,533,supply,demands,False,4,4,D1,3,BASE,POWER,16.800000000000004,J000001,1,1,16.800000000000004
m3-periodic,ee0bec387c023d5d0ab8464c286e0564fdf9e899852c4db249384f154598db79,20260916,0.10.0,533,supply,demands,False,4,4,D2,6,BASE,POWER,32.7,J000005,1,1,32.7
m3-periodic,ee0bec387c023d5d0ab8464c286e0564fdf9e899852c4db249384f154598db79,20260916,0.10.0,533,supply,demands,False,4,4,D3,7,BASE,POWER,32.800000000000004,J000004,1,1,32.800000000000004
m3-periodic,ee0bec387c023d5d0ab8464c286e0564fdf9e899852c4db249384f154598db79,20260916,0.10.0,533,supply,demands,False,4,4,D4,10,BASE,POWER,56.800000000000004,J000008,1,1,56.800000000000004
m3-periodic,ee0bec387c023d5d0ab8464c286e0564fdf9e899852c4db249384f154598db79,20260916,0.10.0,534,supply,demands,False,5,5,D1,3,BASE,POWER,16.800000000000004,J000001,1,1,16.800000000000004
m3-periodic,ee0bec387c023d5d0ab8464c286e0564fdf9e899852c4db249384f154598db79,20260916,0.10.0,534,supply,demands,False,5,5,D2,6,BASE,POWER,32.7,J000005,1,1,32.7
m3-periodic,ee0bec387c023d5d0ab8464c286e0564fdf9e899852c4db249384f154598db79,20260916,0.10.0,534,supply,demands,False,5,5,D3,7,BASE,POWER,32.800000000000004,J000004,1,1,32.800000000000004
m3-periodic,ee0bec387c023d5d0ab8464c286e0564fdf9e899852c4db249384f154598db79,20260916,0.10.0,534,supply,demands,False,5,5,D4,10,BASE,POWER,56.800000000000004,J000008,1,1,56.800000000000004
m3-periodic,ee0bec387c023d5d0ab8464c286e0564fdf9e899852c4db249384f154598db79,20260916,0.10.0,534,supply,demands,False,5,5,D5,11,BASE,POWER,60.7,J000012,1,1,60.7
m3-periodic,ee0bec387c023d5d0ab8464c286e0564fdf9e899852c4db249384f154598db79,20260916,0.10.0,535,supply,demands,False,4,4,D1,3,BASE,POWER,32.800000000000004,J000003,1,1,32.800000000000004
m3-periodic,ee0bec387c023d5d0ab8464c286e0564fdf9e899852c4db249384f154598db79,20260916,0.10.0,535,supply,demands,False,4,4,D2,4,BASE,POWER,36.7,J000006,1,1,36.7
m3-periodic,ee0bec387c023d5d0ab8464c286e0564fdf9e899852c4db249384f154598db79,20260916,0.10.0,535,supply,demands,False,4,4,D3,7,BASE,POWER,56.7,J000008,1,1,56.7
m3-periodic,ee0bec387c023d5d0ab8464c286e0564fdf9e899852c4db249384f154598db79,20260916,0.10.0,535,supply,demands,False,4,4,D4,8,BASE,POWER,60.7,J000011,1,1,60.7
m3-periodic,ee0bec387c023d5d0ab8464c286e0564fdf9e899852c4db249384f154598db79,20260916,0.10.0,536,supply,demands,False,4,4,D1,3,BASE,POWER,16.700000000000003,J000002,1,1,16.700000000000003
m3-periodic,ee0bec387c023d5d0ab8464c286e0564fdf9e899852c4db249384f154598db79,20260916,0.10.0,536,supply,demands,False,4,4,D2,4,BASE,POWER,16.800000000000004,J000001,1,1,16.800000000000004
m3-periodic,ee0bec387c023d5d0ab8464c286e0564fdf9e899852c4db249384f154598db79,20260916,0.10.0,536,supply,demands,False,4,4,D3,7,BASE,POWER,32.7,J000006,1,1,32.7
m3-periodic,ee0bec387c023d5d0ab8464c286e0564fdf9e899852c4db249384f154598db79,20260916,0.10.0,536,supply,demands,False,4,4,D4,10,BASE,POWER,60.7,J000011,1,1,60.7
m3-periodic,ee0bec387c023d5d0ab8464c286e0564fdf9e899852c4db249384f154598db79,20260916,0.10.0,537,supply,demands,False,5,5,D1,3,BASE,POWER,16.700000000000003,J000002,1,1,16.700000000000003
m3-periodic,ee0bec387c023d5d0ab8464c286e0564fdf9e899852c4db249384f154598db79,20260916,0.10.0,537,supply,demands,False,5,5,D2,4,BASE,POWER,16.800000000000004,J000001,1,1,16.800000000000004
m3-periodic,ee0bec387c023d5d0ab8464c286e0564fdf9e899852c4db249384f154598db79,20260916,0.10.0,537,supply,demands,False,5,5,D3,7,BASE,POWER,32.7,J000006,1,1,32.7
m3-periodic,ee0bec387c023d5d0ab8464c286e0564fdf9e899852c4db249384f154598db79,20260916,0.10.0,537,supply,demands,False,5,5,D4,10,BASE,POWER,56.800000000000004,J000008,1,1,56.800000000000004
m3-periodic,ee0bec387c023d5d0ab8464c286e0564fdf9e899852c4db249384f154598db79,20260916,0.10.0,537,supply,demands,False,5,5,D5,11,BASE,POWER,60.800000000000004,J000011,1,1,60.800000000000004
m3-periodic,ee0bec387c023d5d0ab8464c286e0564fdf9e899852c4db249384f154598db79,20260916,0.10.0,538,supply,demands,False,6,6,D1,3,BASE,POWER,16.700000000000003,J000002,1,1,16.700000000000003
m3-periodic,ee0bec387c023d5d0ab8464c286e0564fdf9e899852c4db249384f154598db79,20260916,0.10.0,538,supply,demands,False,6,6,D2,4,BASE,POWER,16.800000000000004,J000001,1,1,16.800000000000004
m3-periodic,ee0bec387c023d5d0ab8464c286e0564fdf9e899852c4db249384f154598db79,20260916,0.10.0,538,supply,demands,False,6,6,D3,7,BASE,POWER,31.439623523193998,J000005,1,1,31.439623523193998
m3-periodic,ee0bec387c023d5d0ab8464c286e0564fdf9e899852c4db249384f154598db79,20260916,0.10.0,538,supply,demands,False,6,6,D4,10,BASE,POWER,56.7,J000010,1,1,56.7
m3-periodic,ee0bec387c023d5d0ab8464c286e0564fdf9e899852c4db249384f154598db79,20260916,0.10.0,538,supply,demands,False,6,6,D5,11,BASE,POWER,60.7,J000013,1,1,60.7
m3-periodic,ee0bec387c023d5d0ab8464c286e0564fdf9e899852c4db249384f154598db79,20260916,0.10.0,538,supply,demands,False,6,6,D6,12,BASE,POWER,60.800000000000004,J000012,1,1,64.5
m3-periodic,ee0bec387c023d5d0ab8464c286e0564fdf9e899852c4db249384f154598db79,20260916,0.10.0,539,supply,demands,False,5,5,D1,3,BASE,POWER,16.800000000000004,J000001,1,1,16.800000000000004
m3-periodic,ee0bec387c023d5d0ab8464c286e0564fdf9e899852c4db249384f154598db79,20260916,0.10.0,539,supply,demands,False,5,5,D2,6,BASE,POWER,32.7,J000005,1,1,32.7
m3-periodic,ee0bec387c023d5d0ab8464c286e0564fdf9e899852c4db249384f154598db79,20260916,0.10.0,539,supply,demands,False,5,5,D3,7,BASE,POWER,32.800000000000004,J000004,1,1,32.800000000000004
m3-periodic,ee0bec387c023d5d0ab8464c286e0564fdf9e899852c4db249384f154598db79,20260916,0.10.0,539,supply,demands,False,5,5,D4,10,BASE,POWER,56.7,J000009,1,1,56.7
m3-periodic,ee0bec387c023d5d0ab8464c286e0564fdf9e899852c4db249384f154598db79,20260916,0.10.0,539,supply,demands,False,5,5,D5,11,BASE,POWER,60.800000000000004,J000011,1,1,60.800000000000004
m3-periodic,ee0bec387c023d5d0ab8464c286e0564fdf9e899852c4db249384f154598db79,20260916,0.10.0,540,supply,demands,False,5,5,D1,3,BASE,POWER,16.800000000000004,J000001,1,1,16.800000000000004
m3-periodic,ee0bec387c023d5d0ab8464c286e0564fdf9e899852c4db249384f154598db79,20260916,0.10.0,540,supply,demands,False,5,5,D2,6,BASE,POWER,32.800000000000004,J000004,1,1,32.800000000000004
m3-periodic,ee0bec387c023d5d0ab8464c286e0564fdf9e899852c4db249384f154598db79,20260916,0.10.0,540,supply,demands,False,5,5,D3,9,BASE,POWER,56.7,J000008,1,1,56.7
m3-periodic,ee0bec387c023d5d0ab8464c286e0564fdf9e899852c4db249384f154598db79,20260916,0.10.0,540,supply,demands,False,5,5,D4,10,BASE,POWER,56.800000000000004,J000007,1,1,56.800000000000004
m3-periodic,ee0bec387c023d5d0ab8464c286e0564fdf9e899852c4db249384f154598db79,20260916,0.10.0,540,supply,demands,False,5,5,D5,11,BASE,POWER,60.7,J000012,1,1,64.5
m3-periodic,ee0bec387c023d5d0ab8464c286e0564fdf9e899852c4db249384f154598db79,20260916,0.10.0,541,supply,demands,False,5,5,D1,3,BASE,POWER,32.7,J000004,1,1,32.7
m3-periodic,ee0bec387c023d5d0ab8464c286e0564fdf9e899852c4db249384f154598db79,20260916,0.10.0,541,supply,demands,False,5,5,D2,4,BASE,POWER,32.800000000000004,J000003,1,1,32.800000000000004
m3-periodic,ee0bec387c023d5d0ab8464c286e0564fdf9e899852c4db249384f154598db79,20260916,0.10.0,541,supply,demands,False,5,5,D3,7,BASE,POWER,56.7,J000008,1,1,56.7
m3-periodic,ee0bec387c023d5d0ab8464c286e0564fdf9e899852c4db249384f154598db79,20260916,0.10.0,541,supply,demands,False,5,5,D4,8,BASE,POWER,56.800000000000004,J000007,1,1,56.800000000000004
m3-periodic,ee0bec387c023d5d0ab8464c286e0564fdf9e899852c4db249384f154598db79,20260916,0.10.0,541,supply,demands,False,5,5,D5,9,BASE,POWER,60.800000000000004,J000011,1,1,64.5
m3-periodic,ee0bec387c023d5d0ab8464c286e0564fdf9e899852c4db249384f154598db79,20260916,0.10.0,542,supply,demands,False,6,6,D1,3,BASE,POWER,16.700000000000003,J000003,1,1,16.700000000000003
m3-periodic,ee0bec387c023d5d0ab8464c286e0564fdf9e899852c4db249384f154598db79,20260916,0.10.0,542,supply,demands,False,6,6,D2,4,BASE,POWER,16.800000000000004,J000002,1,1,16.800000000000004
m3-periodic,ee0bec387c023d5d0ab8464c286e0564fdf9e899852c4db249384f154598db79,20260916,0.10.0,542,supply,demands,False,6,6,D3,7,BASE,POWER,32.7,J000006,1,1,32.7
m3-periodic,ee0bec387c023d5d0ab8464c286e0564fdf9e899852c4db249384f154598db79,20260916,0.10.0,542,supply,demands,False,6,6,D4,10,BASE,POWER,56.7,J000010,1,1,56.7
m3-periodic,ee0bec387c023d5d0ab8464c286e0564fdf9e899852c4db249384f154598db79,20260916,0.10.0,542,supply,demands,False,6,6,D5,11,BASE,POWER,56.800000000000004,J000009,1,1,56.800000000000004
m3-periodic,ee0bec387c023d5d0ab8464c286e0564fdf9e899852c4db249384f154598db79,20260916,0.10.0,542,supply,demands,False,6,6,D6,12,BASE,POWER,60.7,J000013,1,1,64.5
m3-periodic,ee0bec387c023d5d0ab8464c286e0564fdf9e899852c4db249384f154598db79,20260916,0.10.0,543,supply,demands,False,5,5,D1,3,BASE,POWER,6.240425955254558,J000001,1,1,6.240425955254558
m3-periodic,ee0bec387c023d5d0ab8464c286e0564fdf9e899852c4db249384f154598db79,20260916,0.10.0,543,supply,demands,False,5,5,D2,6,BASE,POWER,32.800000000000004,J000003,1,1,32.800000000000004
m3-periodic,ee0bec387c023d5d0ab8464c286e0564fdf9e899852c4db249384f154598db79,20260916,0.10.0,543,supply,demands,False,5,5,D3,9,BASE,POWER,60.7,J000010,1,1,60.7
m3-periodic,ee0bec387c023d5d0ab8464c286e0564fdf9e899852c4db249384f154598db79,20260916,0.10.0,543,supply,demands,False,5,5,D4,12,BASE,POWER,64.69999999999999,J000013,1,1,64.69999999999999
m3-periodic,ee0bec387c023d5d0ab8464c286e0564fdf9e899852c4db249384f154598db79,20260916,0.10.0,543,supply,demands,False,5,5,D5,13,BASE,POWER,64.79999999999998,J000012,1,1,64.79999999999998
m3-periodic,ee0bec387c023d5d0ab8464c286e0564fdf9e899852c4db249384f154598db79,20260916,0.10.0,544,supply,demands,False,4,4,D1,3,BASE,POWER,10.644129680243516,J000001,1,1,10.644129680243516
m3-periodic,ee0bec387c023d5d0ab8464c286e0564fdf9e899852c4db249384f154598db79,20260916,0.10.0,544,supply,demands,False,4,4,D2,6,BASE,POWER,16.800000000000004,J000003,1,1,16.800000000000004
m3-periodic,ee0bec387c023d5d0ab8464c286e0564fdf9e899852c4db249384f154598db79,20260916,0.10.0,544,supply,demands,False,4,4,D3,9,BASE,POWER,40.7,J000007,1,1,40.7
m3-periodic,ee0bec387c023d5d0ab8464c286e0564fdf9e899852c4db249384f154598db79,20260916,0.10.0,544,supply,demands,False,4,4,D4,12,BASE,POWER,56.7,J000010,1,1,56.7
m3-periodic,ee0bec387c023d5d0ab8464c286e0564fdf9e899852c4db249384f154598db79,20260916,0.10.0,545,supply,demands,False,3,3,D1,3,BASE,POWER,16.700000000000003,J000003,1,1,16.700000000000003
m3-periodic,ee0bec387c023d5d0ab8464c286e0564fdf9e899852c4db249384f154598db79,20260916,0.10.0,545,supply,demands,False,3,3,D2,4,BASE,POWER,16.800000000000004,J000002,1,1,16.800000000000004
m3-periodic,ee0bec387c023d5d0ab8464c286e0564fdf9e899852c4db249384f154598db79,20260916,0.10.0,545,supply,demands,False,3,3,D3,7,BASE,POWER,40.7,J000007,1,1,40.7
m3-periodic,ee0bec387c023d5d0ab8464c286e0564fdf9e899852c4db249384f154598db79,20260916,0.10.0,546,supply,demands,False,2,2,D1,3,BASE,POWER,32.7,J000003,1,1,32.7
m3-periodic,ee0bec387c023d5d0ab8464c286e0564fdf9e899852c4db249384f154598db79,20260916,0.10.0,546,supply,demands,False,2,2,D2,6,BASE,POWER,60.800000000000004,J000007,1,1,60.800000000000004
m3-periodic,ee0bec387c023d5d0ab8464c286e0564fdf9e899852c4db249384f154598db79,20260916,0.10.0,547,supply,demands,False,4,4,D1,3,BASE,POWER,16.700000000000003,J000002,1,1,16.700000000000003
m3-periodic,ee0bec387c023d5d0ab8464c286e0564fdf9e899852c4db249384f154598db79,20260916,0.10.0,547,supply,demands,False,4,4,D2,6,BASE,POWER,56.7,J000007,1,1,56.7
m3-periodic,ee0bec387c023d5d0ab8464c286e0564fdf9e899852c4db249384f154598db79,20260916,0.10.0,547,supply,demands,False,4,4,D3,7,BASE,POWER,56.800000000000004,J000006,1,1,56.800000000000004
m3-periodic,ee0bec387c023d5d0ab8464c286e0564fdf9e899852c4db249384f154598db79,20260916,0.10.0,547,supply,demands,False,4,4,D4,8,BASE,POWER,60.800000000000004,J000010,1,1,64.5
m3-periodic,ee0bec387c023d5d0ab8464c286e0564fdf9e899852c4db249384f154598db79,20260916,0.10.0,548,supply,demands,False,6,6,D1,3,BASE,POWER,15.306659003481952,J000003,1,1,15.306659003481952
m3-periodic,ee0bec387c023d5d0ab8464c286e0564fdf9e899852c4db249384f154598db79,20260916,0.10.0,548,supply,demands,False,6,6,D2,6,BASE,POWER,32.7,J000006,1,1,32.7
m3-periodic,ee0bec387c023d5d0ab8464c286e0564fdf9e899852c4db249384f154598db79,20260916,0.10.0,548,supply,demands,False,6,6,D3,7,BASE,POWER,32.800000000000004,J000005,1,1,32.800000000000004
m3-periodic,ee0bec387c023d5d0ab8464c286e0564fdf9e899852c4db249384f154598db79,20260916,0.10.0,548,supply,demands,False,6,6,D4,10,BASE,POWER,56.7,J000010,1,1,56.7
m3-periodic,ee0bec387c023d5d0ab8464c286e0564fdf9e899852c4db249384f154598db79,20260916,0.10.0,548,supply,demands,False,6,6,D5,11,BASE,POWER,56.800000000000004,J000009,1,1,56.800000000000004
m3-periodic,ee0bec387c023d5d0ab8464c286e0564fdf9e899852c4db249384f154598db79,20260916,0.10.0,548,supply,demands,False,6,6,D6,12,BASE,POWER,60.7,J000014,1,1,64.5
m3-periodic,ee0bec387c023d5d0ab8464c286e0564fdf9e899852c4db249384f154598db79,20260916,0.10.0,549,supply,demands,False,7,7,D1,3,BASE,POWER,16.700000000000003,J000003,1,1,16.700000000000003
m3-periodic,ee0bec387c023d5d0ab8464c286e0564fdf9e899852c4db249384f154598db79,20260916,0.10.0,549,supply,demands,False,7,7,D2,4,BASE,POWER,16.800000000000004,J000002,1,1,16.800000000000004
m3-periodic,ee0bec387c023d5d0ab8464c286e0564fdf9e899852c4db249384f154598db79,20260916,0.10.0,549,supply,demands,False,7,7,D3,7,BASE,POWER,32.7,J000006,1,1,32.7
m3-periodic,ee0bec387c023d5d0ab8464c286e0564fdf9e899852c4db249384f154598db79,20260916,0.10.0,549,supply,demands,False,7,7,D4,10,BASE,POWER,40.7,J000008,1,1,40.7
m3-periodic,ee0bec387c023d5d0ab8464c286e0564fdf9e899852c4db249384f154598db79,20260916,0.10.0,549,supply,demands,False,7,7,D5,13,BASE,POWER,56.7,J000011,1,1,56.7
m3-periodic,ee0bec387c023d5d0ab8464c286e0564fdf9e899852c4db249384f154598db79,20260916,0.10.0,549,supply,demands,False,7,7,D6,14,BASE,POWER,56.800000000000004,J000010,1,1,56.800000000000004
m3-periodic,ee0bec387c023d5d0ab8464c286e0564fdf9e899852c4db249384f154598db79,20260916,0.10.0,549,supply,demands,False,7,7,D7,15,BASE,POWER,60.7,J000014,1,1,64.5
m3-periodic,ee0bec387c023d5d0ab8464c286e0564fdf9e899852c4db249384f154598db79,20260916,0.10.0,550,supply,demands,False,6,6,D1,3,BASE,POWER,16.700000000000003,J000002,1,1,16.700000000000003
m3-periodic,ee0bec387c023d5d0ab8464c286e0564fdf9e899852c4db249384f154598db79,20260916,0.10.0,550,supply,demands,False,6,6,D2,4,BASE,POWER,16.800000000000004,J000001,1,1,16.800000000000004
m3-periodic,ee0bec387c023d5d0ab8464c286e0564fdf9e899852c4db249384f154598db79,20260916,0.10.0,550,supply,demands,False,6,6,D3,7,BASE,POWER,32.7,J000006,1,1,32.7
m3-periodic,ee0bec387c023d5d0ab8464c286e0564fdf9e899852c4db249384f154598db79,20260916,0.10.0,550,supply,demands,False,6,6,D4,8,BASE,POWER,32.800000000000004,J000005,1,1,32.800000000000004
m3-periodic,ee0bec387c023d5d0ab8464c286e0564fdf9e899852c4db249384f154598db79,20260916,0.10.0,550,supply,demands,False,6,6,D5,11,BASE,POWER,56.7,J000010,1,1,56.7
m3-periodic,ee0bec387c023d5d0ab8464c286e0564fdf9e899852c4db249384f154598db79,20260916,0.10.0,550,supply,demands,False,6,6,D6,12,BASE,POWER,60.800000000000004,J000012,1,1,60.800000000000004
m3-periodic,ee0bec387c023d5d0ab8464c286e0564fdf9e899852c4db249384f154598db79,20260916,0.10.0,551,supply,demands,False,5,5,D1,3,BASE,POWER,16.700000000000003,J000001,1,1,16.700000000000003
m3-periodic,ee0bec387c023d5d0ab8464c286e0564fdf9e899852c4db249384f154598db79,20260916,0.10.0,551,supply,demands,False,5,5,D2,6,BASE,POWER,32.800000000000004,J000005,1,1,32.800000000000004
m3-periodic,ee0bec387c023d5d0ab8464c286e0564fdf9e899852c4db249384f154598db79,20260916,0.10.0,551,supply,demands,False,5,5,D3,9,BASE,POWER,56.7,J000009,1,1,56.7
m3-periodic,ee0bec387c023d5d0ab8464c286e0564fdf9e899852c4db249384f154598db79,20260916,0.10.0,551,supply,demands,False,5,5,D4,10,BASE,POWER,60.7,J000011,1,1,60.7
m3-periodic,ee0bec387c023d5d0ab8464c286e0564fdf9e899852c4db249384f154598db79,20260916,0.10.0,551,supply,demands,False,5,5,D5,11,BASE,POWER,60.800000000000004,J000013,1,1,64.5
m3-periodic,ee0bec387c023d5d0ab8464c286e0564fdf9e899852c4db249384f154598db79,20260916,0.10.0,552,supply,demands,False,4,4,D1,3,BASE,POWER,16.800000000000004,J000001,1,1,16.800000000000004
m3-periodic,ee0bec387c023d5d0ab8464c286e0564fdf9e899852c4db249384f154598db79,20260916,0.10.0,552,supply,demands,False,4,4,D2,6,BASE,POWER,56.7,J000007,1,1,56.7
m3-periodic,ee0bec387c023d5d0ab8464c286e0564fdf9e899852c4db249384f154598db79,20260916,0.10.0,552,supply,demands,False,4,4,D3,7,BASE,POWER,56.800000000000004,J000006,1,1,56.800000000000004
m3-periodic,ee0bec387c023d5d0ab8464c286e0564fdf9e899852c4db249384f154598db79,20260916,0.10.0,552,supply,demands,False,4,4,D4,8,BASE,POWER,60.7,J000011,1,1,64.5
m3-periodic,ee0bec387c023d5d0ab8464c286e0564fdf9e899852c4db249384f154598db79,20260916,0.10.0,553,supply,demands,False,8,8,D1,3,BASE,POWER,16.700000000000003,J000002,1,1,16.700000000000003
m3-periodic,ee0bec387c023d5d0ab8464c286e0564fdf9e899852c4db249384f154598db79,20260916,0.10.0,553,supply,demands,False,8,8,D2,4,BASE,POWER,16.800000000000004,J000001,1,1,16.800000000000004
m3-periodic,ee0bec387c023d5d0ab8464c286e0564fdf9e899852c4db249384f154598db79,20260916,0.10.0,553,supply,demands,False,8,8,D3,7,BASE,POWER,32.7,J000006,1,1,32.7
m3-periodic,ee0bec387c023d5d0ab8464c286e0564fdf9e899852c4db249384f154598db79,20260916,0.10.0,553,supply,demands,False,8,8,D4,8,BASE,POWER,32.800000000000004,J000005,1,1,32.800000000000004
m3-periodic,ee0bec387c023d5d0ab8464c286e0564fdf9e899852c4db249384f154598db79,20260916,0.10.0,553,supply,demands,False,8,8,D5,11,BASE,POWER,56.7,J000010,1,1,56.7
m3-periodic,ee0bec387c023d5d0ab8464c286e0564fdf9e899852c4db249384f154598db79,20260916,0.10.0,553,supply,demands,False,8,8,D6,12,BASE,POWER,56.800000000000004,J000009,1,1,56.800000000000004
m3-periodic,ee0bec387c023d5d0ab8464c286e0564fdf9e899852c4db249384f154598db79,20260916,0.10.0,553,supply,demands,False,8,8,D7,13,BASE,POWER,60.7,J000014,1,1,64.5
m3-periodic,ee0bec387c023d5d0ab8464c286e0564fdf9e899852c4db249384f154598db79,20260916,0.10.0,553,supply,demands,False,8,8,D8,14,BASE,POWER,60.800000000000004,J000013,1,1,64.5
m3-periodic,ee0bec387c023d5d0ab8464c286e0564fdf9e899852c4db249384f154598db79,20260916,0.10.0,554,supply,demands,False,2,2,D1,3,BASE,POWER,16.800000000000004,J000001,1,1,16.800000000000004
m3-periodic,ee0bec387c023d5d0ab8464c286e0564fdf9e899852c4db249384f154598db79,20260916,0.10.0,554,supply,demands,False,2,2,D2,6,BASE,POWER,32.7,J000005,1,1,32.7
m3-periodic,ee0bec387c023d5d0ab8464c286e0564fdf9e899852c4db249384f154598db79,20260916,0.10.0,555,supply,demands,False,7,7,D1,3,BASE,POWER,16.700000000000003,J000002,1,1,16.700000000000003
m3-periodic,ee0bec387c023d5d0ab8464c286e0564fdf9e899852c4db249384f154598db79,20260916,0.10.0,555,supply,demands,False,7,7,D2,6,BASE,POWER,32.7,J000005,1,1,32.7
m3-periodic,ee0bec387c023d5d0ab8464c286e0564fdf9e899852c4db249384f154598db79,20260916,0.10.0,555,supply,demands,False,7,7,D3,7,BASE,POWER,32.800000000000004,J000004,1,1,32.800000000000004
m3-periodic,ee0bec387c023d5d0ab8464c286e0564fdf9e899852c4db249384f154598db79,20260916,0.10.0,555,supply,demands,False,7,7,D4,10,BASE,POWER,56.7,J000009,1,1,56.7
m3-periodic,ee0bec387c023d5d0ab8464c286e0564fdf9e899852c4db249384f154598db79,20260916,0.10.0,555,supply,demands,False,7,7,D5,11,BASE,POWER,56.800000000000004,J000008,1,1,56.800000000000004
m3-periodic,ee0bec387c023d5d0ab8464c286e0564fdf9e899852c4db249384f154598db79,20260916,0.10.0,555,supply,demands,False,7,7,D6,12,BASE,POWER,60.7,J000013,1,1,64.5
m3-periodic,ee0bec387c023d5d0ab8464c286e0564fdf9e899852c4db249384f154598db79,20260916,0.10.0,555,supply,demands,False,7,7,D7,13,BASE,POWER,60.800000000000004,J000012,1,1,64.5
m3-periodic,ee0bec387c023d5d0ab8464c286e0564fdf9e899852c4db249384f154598db79,20260916,0.10.0,556,supply,demands,False,7,7,D1,3,BASE,POWER,16.700000000000003,J000001,1,1,16.700000000000003
m3-periodic,ee0bec387c023d5d0ab8464c286e0564fdf9e899852c4db249384f154598db79,20260916,0.10.0,556,supply,demands,False,7,7,D2,4,BASE,POWER,16.800000000000004,J000003,1,1,16.800000000000004
m3-periodic,ee0bec387c023d5d0ab8464c286e0564fdf9e899852c4db249384f154598db79,20260916,0.10.0,556,supply,demands,False,7,7,D3,7,BASE,POWER,32.7,J000007,1,1,32.7
m3-periodic,ee0bec387c023d5d0ab8464c286e0564fdf9e899852c4db249384f154598db79,20260916,0.10.0,556,supply,demands,False,7,7,D4,8,BASE,POWER,32.800000000000004,J000006,1,1,32.800000000000004
m3-periodic,ee0bec387c023d5d0ab8464c286e0564fdf9e899852c4db249384f154598db79,20260916,0.10.0,556,supply,demands,False,7,7,D5,11,BASE,POWER,56.7,J000011,1,1,56.7
m3-periodic,ee0bec387c023d5d0ab8464c286e0564fdf9e899852c4db249384f154598db79,20260916,0.10.0,556,supply,demands,False,7,7,D6,12,BASE,POWER,56.800000000000004,J000010,1,1,56.800000000000004
m3-periodic,ee0bec387c023d5d0ab8464c286e0564fdf9e899852c4db249384f154598db79,20260916,0.10.0,556,supply,demands,False,7,7,D7,13,BASE,POWER,60.7,J000015,1,1,64.5
m3-periodic,ee0bec387c023d5d0ab8464c286e0564fdf9e899852c4db249384f154598db79,20260916,0.10.0,557,supply,demands,False,6,6,D1,3,BASE,POWER,15.361542247910357,J000001,1,1,15.361542247910357
m3-periodic,ee0bec387c023d5d0ab8464c286e0564fdf9e899852c4db249384f154598db79,20260916,0.10.0,557,supply,demands,False,6,6,D2,4,BASE,POWER,15.461542247910357,J000003,1,1,15.461542247910357
m3-periodic,ee0bec387c023d5d0ab8464c286e0564fdf9e899852c4db249384f154598db79,20260916,0.10.0,557,supply,demands,False,6,6,D3,7,BASE,POWER,32.800000000000004,J000006,1,1,32.800000000000004
m3-periodic,ee0bec387c023d5d0ab8464c286e0564fdf9e899852c4db249384f154598db79,20260916,0.10.0,557,supply,demands,False,6,6,D4,10,BASE,POWER,56.7,J000010,1,1,56.7
m3-periodic,ee0bec387c023d5d0ab8464c286e0564fdf9e899852c4db249384f154598db79,20260916,0.10.0,557,supply,demands,False,6,6,D5,11,BASE,POWER,60.7,J000013,1,1,60.7
m3-periodic,ee0bec387c023d5d0ab8464c286e0564fdf9e899852c4db249384f154598db79,20260916,0.10.0,557,supply,demands,False,6,6,D6,12,BASE,POWER,60.800000000000004,J000012,1,1,64.5
m3-periodic,ee0bec387c023d5d0ab8464c286e0564fdf9e899852c4db249384f154598db79,20260916,0.10.0,558,supply,demands,False,5,5,D1,3,BASE,POWER,16.700000000000003,J000002,1,1,16.700000000000003
m3-periodic,ee0bec387c023d5d0ab8464c286e0564fdf9e899852c4db249384f154598db79,20260916,0.10.0,558,supply,demands,False,5,5,D2,4,BASE,POWER,16.800000000000004,J000001,1,1,16.800000000000004
m3-periodic,ee0bec387c023d5d0ab8464c286e0564fdf9e899852c4db249384f154598db79,20260916,0.10.0,558,supply,demands,False,5,5,D3,7,BASE,POWER,32.7,J000006,1,1,32.7
m3-periodic,ee0bec387c023d5d0ab8464c286e0564fdf9e899852c4db249384f154598db79,20260916,0.10.0,558,supply,demands,False,5,5,D4,10,BASE,POWER,56.7,J000009,1,1,56.7
m3-periodic,ee0bec387c023d5d0ab8464c286e0564fdf9e899852c4db249384f154598db79,20260916,0.10.0,558,supply,demands,False,5,5,D5,11,BASE,POWER,60.800000000000004,J000011,1,1,60.800000000000004
m3-periodic,ee0bec387c023d5d0ab8464c286e0564fdf9e899852c4db249384f154598db79,20260916,0.10.0,559,supply,demands,False,5,5,D1,3,BASE,POWER,16.700000000000003,J000002,1,1,16.700000000000003
m3-periodic,ee0bec387c023d5d0ab8464c286e0564fdf9e899852c4db249384f154598db79,20260916,0.10.0,559,supply,demands,False,5,5,D2,4,BASE,POWER,16.800000000000004,J000001,1,1,16.800000000000004
m3-periodic,ee0bec387c023d5d0ab8464c286e0564fdf9e899852c4db249384f154598db79,20260916,0.10.0,559,supply,demands,False,5,5,D3,7,BASE,POWER,60.800000000000004,J000008,1,1,60.800000000000004
m3-periodic,ee0bec387c023d5d0ab8464c286e0564fdf9e899852c4db249384f154598db79,20260916,0.10.0,559,supply,demands,False,5,5,D4,8,BASE,POWER,63.62457493401537,J000012,1,1,63.62457493401537
m3-periodic,ee0bec387c023d5d0ab8464c286e0564fdf9e899852c4db249384f154598db79,20260916,0.10.0,559,supply,demands,False,5,5,D5,9,BASE,POWER,63.72457493401537,J000013,1,1,64.5
m3-periodic,ee0bec387c023d5d0ab8464c286e0564fdf9e899852c4db249384f154598db79,20260916,0.10.0,560,supply,demands,False,4,4,D1,3,BASE,POWER,32.65324988745027,J000002,1,1,32.65324988745027
m3-periodic,ee0bec387c023d5d0ab8464c286e0564fdf9e899852c4db249384f154598db79,20260916,0.10.0,560,supply,demands,False,4,4,D2,6,BASE,POWER,56.7,J000007,1,1,56.7
m3-periodic,ee0bec387c023d5d0ab8464c286e0564fdf9e899852c4db249384f154598db79,20260916,0.10.0,560,supply,demands,False,4,4,D3,7,BASE,POWER,59.45286655651015,J000010,1,1,59.45286655651015
m3-periodic,ee0bec387c023d5d0ab8464c286e0564fdf9e899852c4db249384f154598db79,20260916,0.10.0,560,supply,demands,False,4,4,D4,8,BASE,POWER,59.55286655651015,J000011,1,1,64.5
m3-periodic,ee0bec387c023d5d0ab8464c286e0564fdf9e899852c4db249384f154598db79,20260916,0.10.0,561,supply,demands,False,6,6,D1,3,BASE,POWER,16.700000000000003,J000002,1,1,16.700000000000003
m3-periodic,ee0bec387c023d5d0ab8464c286e0564fdf9e899852c4db249384f154598db79,20260916,0.10.0,561,supply,demands,False,6,6,D2,4,BASE,POWER,16.800000000000004,J000001,1,1,16.800000000000004
m3-periodic,ee0bec387c023d5d0ab8464c286e0564fdf9e899852c4db249384f154598db79,20260916,0.10.0,561,supply,demands,False,6,6,D3,7,BASE,POWER,32.7,J000006,1,1,32.7
m3-periodic,ee0bec387c023d5d0ab8464c286e0564fdf9e899852c4db249384f154598db79,20260916,0.10.0,561,supply,demands,False,6,6,D4,8,BASE,POWER,32.800000000000004,J000005,1,1,32.800000000000004
m3-periodic,ee0bec387c023d5d0ab8464c286e0564fdf9e899852c4db249384f154598db79,20260916,0.10.0,561,supply,demands,False,6,6,D5,11,BASE,POWER,56.800000000000004,J000009,1,1,56.800000000000004
m3-periodic,ee0bec387c023d5d0ab8464c286e0564fdf9e899852c4db249384f154598db79,20260916,0.10.0,561,supply,demands,False,6,6,D6,12,BASE,POWER,60.7,J000013,1,1,60.7
m3-periodic,ee0bec387c023d5d0ab8464c286e0564fdf9e899852c4db249384f154598db79,20260916,0.10.0,562,supply,demands,False,4,4,D1,3,BASE,POWER,16.700000000000003,J000002,1,1,16.700000000000003
m3-periodic,ee0bec387c023d5d0ab8464c286e0564fdf9e899852c4db249384f154598db79,20260916,0.10.0,562,supply,demands,False,4,4,D2,6,BASE,POWER,32.7,J000005,1,1,32.7
m3-periodic,ee0bec387c023d5d0ab8464c286e0564fdf9e899852c4db249384f154598db79,20260916,0.10.0,562,supply,demands,False,4,4,D3,9,BASE,POWER,56.800000000000004,J000007,1,1,56.800000000000004
m3-periodic,ee0bec387c023d5d0ab8464c286e0564fdf9e899852c4db249384f154598db79,20260916,0.10.0,562,supply,demands,False,4,4,D4,10,BASE,POWER,60.7,J000011,1,1,60.7
m3-periodic,ee0bec387c023d5d0ab8464c286e0564fdf9e899852c4db249384f154598db79,20260916,0.10.0,563,supply,demands,False,4,4,D1,3,BASE,POWER,32.7,J000004,1,1,32.7
m3-periodic,ee0bec387c023d5d0ab8464c286e0564fdf9e899852c4db249384f154598db79,20260916,0.10.0,563,supply,demands,False,4,4,D2,6,BASE,POWER,56.41407327745562,J000007,1,1,56.41407327745562
m3-periodic,ee0bec387c023d5d0ab8464c286e0564fdf9e899852c4db249384f154598db79,20260916,0.10.0,563,supply,demands,False,4,4,D3,7,BASE,POWER,60.7,J000010,1,1,60.7
m3-periodic,ee0bec387c023d5d0ab8464c286e0564fdf9e899852c4db249384f154598db79,20260916,0.10.0,563,supply,demands,False,4,4,D4,8,BASE,POWER,60.800000000000004,J000009,1,1,64.5
m3-periodic,ee0bec387c023d5d0ab8464c286e0564fdf9e899852c4db249384f154598db79,20260916,0.10.0,564,supply,demands,False,4,4,D1,3,BASE,POWER,16.700000000000003,J000002,1,1,16.700000000000003
m3-periodic,ee0bec387c023d5d0ab8464c286e0564fdf9e899852c4db249384f154598db79,20260916,0.10.0,564,supply,demands,False,4,4,D2,6,BASE,POWER,32.800000000000004,J000004,1,1,32.800000000000004
m3-periodic,ee0bec387c023d5d0ab8464c286e0564fdf9e899852c4db249384f154598db79,20260916,0.10.0,564,supply,demands,False,4,4,D3,7,BASE,POWER,39.1724028878715,J000007,1,1,39.1724028878715
m3-periodic,ee0bec387c023d5d0ab8464c286e0564fdf9e899852c4db249384f154598db79,20260916,0.10.0,564,supply,demands,False,4,4,D4,10,BASE,POWER,56.800000000000004,J000009,1,1,56.800000000000004
m3-periodic,ee0bec387c023d5d0ab8464c286e0564fdf9e899852c4db249384f154598db79,20260916,0.10.0,565,supply,demands,False,5,5,D1,3,BASE,POWER,16.700000000000003,J000002,1,1,16.700000000000003
m3-periodic,ee0bec387c023d5d0ab8464c286e0564fdf9e899852c4db249384f154598db79,20260916,0.10.0,565,supply,demands,False,5,5,D2,6,BASE,POWER,32.7,J000005,1,1,32.7
m3-periodic,ee0bec387c023d5d0ab8464c286e0564fdf9e899852c4db249384f154598db79,20260916,0.10.0,565,supply,demands,False,5,5,D3,9,BASE,POWER,60.7,J000010,1,1,60.7
m3-periodic,ee0bec387c023d5d0ab8464c286e0564fdf9e899852c4db249384f154598db79,20260916,0.10.0,565,supply,demands,False,5,5,D4,10,BASE,POWER,60.800000000000004,J000009,1,1,60.800000000000004
m3-periodic,ee0bec387c023d5d0ab8464c286e0564fdf9e899852c4db249384f154598db79,20260916,0.10.0,565,supply,demands,False,5,5,D5,13,BASE,POWER,64.69999999999999,J000013,1,1,64.69999999999999
m3-periodic,ee0bec387c023d5d0ab8464c286e0564fdf9e899852c4db249384f154598db79,20260916,0.10.0,566,supply,demands,False,4,4,D1,3,BASE,POWER,16.700000000000003,J000002,1,1,16.700000000000003
m3-periodic,ee0bec387c023d5d0ab8464c286e0564fdf9e899852c4db249384f154598db79,20260916,0.10.0,566,supply,demands,False,4,4,D2,6,BASE,POWER,32.7,J000005,1,1,32.7
m3-periodic,ee0bec387c023d5d0ab8464c286e0564fdf9e899852c4db249384f154598db79,20260916,0.10.0,566,supply,demands,False,4,4,D3,9,BASE,POWER,56.7,J000008,1,1,56.7
m3-periodic,ee0bec387c023d5d0ab8464c286e0564fdf9e899852c4db249384f154598db79,20260916,0.10.0,566,supply,demands,False,4,4,D4,10,BASE,POWER,56.800000000000004,J000007,1,1,56.800000000000004
m3-periodic,ee0bec387c023d5d0ab8464c286e0564fdf9e899852c4db249384f154598db79,20260916,0.10.0,567,supply,demands,False,4,4,D1,3,BASE,POWER,32.7,J000004,1,1,32.7
m3-periodic,ee0bec387c023d5d0ab8464c286e0564fdf9e899852c4db249384f154598db79,20260916,0.10.0,567,supply,demands,False,4,4,D2,4,BASE,POWER,32.800000000000004,J000003,1,1,32.800000000000004
m3-periodic,ee0bec387c023d5d0ab8464c286e0564fdf9e899852c4db249384f154598db79,20260916,0.10.0,567,supply,demands,False,4,4,D3,7,BASE,POWER,56.7,J000008,1,1,56.7
m3-periodic,ee0bec387c023d5d0ab8464c286e0564fdf9e899852c4db249384f154598db79,20260916,0.10.0,567,supply,demands,False,4,4,D4,8,BASE,POWER,60.7,J000011,1,1,60.7
m3-periodic,ee0bec387c023d5d0ab8464c286e0564fdf9e899852c4db249384f154598db79,20260916,0.10.0,568,supply,demands,False,6,6,D1,3,BASE,POWER,16.700000000000003,J000002,1,1,16.700000000000003
m3-periodic,ee0bec387c023d5d0ab8464c286e0564fdf9e899852c4db249384f154598db79,20260916,0.10.0,568,supply,demands,False,6,6,D2,6,BASE,POWER,32.7,J000005,1,1,32.7
m3-periodic,ee0bec387c023d5d0ab8464c286e0564fdf9e899852c4db249384f154598db79,20260916,0.10.0,568,supply,demands,False,6,6,D3,7,BASE,POWER,32.800000000000004,J000004,1,1,32.800000000000004
m3-periodic,ee0bec387c023d5d0ab8464c286e0564fdf9e899852c4db249384f154598db79,20260916,0.10.0,568,supply,demands,False,6,6,D4,10,BASE,POWER,56.679223952634686,J000010,1,1,56.679223952634686
m3-periodic,ee0bec387c023d5d0ab8464c286e0564fdf9e899852c4db249384f154598db79,20260916,0.10.0,568,supply,demands,False,6,6,D5,11,BASE,POWER,60.31769102872747,J000012,1,1,60.31769102872747
m3-periodic,ee0bec387c023d5d0ab8464c286e0564fdf9e899852c4db249384f154598db79,20260916,0.10.0,568,supply,demands,False,6,6,D6,12,BASE,POWER,60.41769102872747,J000014,1,1,64.5
m3-periodic,ee0bec387c023d5d0ab8464c286e0564fdf9e899852c4db249384f154598db79,20260916,0.10.0,569,supply,demands,False,4,4,D1,3,BASE,POWER,32.800000000000004,J000003,1,1,32.800000000000004
m3-periodic,ee0bec387c023d5d0ab8464c286e0564fdf9e899852c4db249384f154598db79,20260916,0.10.0,569,supply,demands,False,4,4,D2,6,BASE,POWER,56.7,J000007,1,1,56.7
m3-periodic,ee0bec387c023d5d0ab8464c286e0564fdf9e899852c4db249384f154598db79,20260916,0.10.0,569,supply,demands,False,4,4,D3,7,BASE,POWER,56.800000000000004,J000006,1,1,56.800000000000004
m3-periodic,ee0bec387c023d5d0ab8464c286e0564fdf9e899852c4db249384f154598db79,20260916,0.10.0,569,supply,demands,False,4,4,D4,8,BASE,POWER,60.800000000000004,J000010,1,1,64.5
m3-periodic,ee0bec387c023d5d0ab8464c286e0564fdf9e899852c4db249384f154598db79,20260916,0.10.0,570,supply,demands,False,3,3,D1,3,BASE,POWER,32.7,J000004,1,1,32.7
m3-periodic,ee0bec387c023d5d0ab8464c286e0564fdf9e899852c4db249384f154598db79,20260916,0.10.0,570,supply,demands,False,3,3,D2,4,BASE,POWER,32.800000000000004,J000003,1,1,32.800000000000004
m3-periodic,ee0bec387c023d5d0ab8464c286e0564fdf9e899852c4db249384f154598db79,20260916,0.10.0,570,supply,demands,False,3,3,D3,7,BASE,POWER,60.800000000000004,J000009,1,1,60.800000000000004
m3-periodic,ee0bec387c023d5d0ab8464c286e0564fdf9e899852c4db249384f154598db79,20260916,0.10.0,571,supply,demands,False,4,4,D1,3,BASE,POWER,16.800000000000004,J000001,1,1,16.800000000000004
m3-periodic,ee0bec387c023d5d0ab8464c286e0564fdf9e899852c4db249384f154598db79,20260916,0.10.0,571,supply,demands,False,4,4,D2,6,BASE,POWER,32.800000000000004,J000004,1,1,32.800000000000004
m3-periodic,ee0bec387c023d5d0ab8464c286e0564fdf9e899852c4db249384f154598db79,20260916,0.10.0,571,supply,demands,False,4,4,D3,9,BASE,POWER,60.7,J000010,1,1,60.7
m3-periodic,ee0bec387c023d5d0ab8464c286e0564fdf9e899852c4db249384f154598db79,20260916,0.10.0,571,supply,demands,False,4,4,D4,10,BASE,POWER,60.800000000000004,J000009,1,1,60.800000000000004
m3-periodic,ee0bec387c023d5d0ab8464c286e0564fdf9e899852c4db249384f154598db79,20260916,0.10.0,572,supply,demands,False,5,5,D1,3,BASE,POWER,16.800000000000004,J000001,1,1,16.800000000000004
m3-periodic,ee0bec387c023d5d0ab8464c286e0564fdf9e899852c4db249384f154598db79,20260916,0.10.0,572,supply,demands,False,5,5,D2,6,BASE,POWER,56.7,J000008,1,1,56.7
m3-periodic,ee0bec387c023d5d0ab8464c286e0564fdf9e899852c4db249384f154598db79,20260916,0.10.0,572,supply,demands,False,5,5,D3,7,BASE,POWER,56.800000000000004,J000007,1,1,56.800000000000004
m3-periodic,ee0bec387c023d5d0ab8464c286e0564fdf9e899852c4db249384f154598db79,20260916,0.10.0,572,supply,demands,False,5,5,D4,8,BASE,POWER,60.7,J000012,1,1,64.5
m3-periodic,ee0bec387c023d5d0ab8464c286e0564fdf9e899852c4db249384f154598db79,20260916,0.10.0,572,supply,demands,False,5,5,D5,9,BASE,POWER,60.800000000000004,J000011,1,1,64.5
m3-periodic,ee0bec387c023d5d0ab8464c286e0564fdf9e899852c4db249384f154598db79,20260916,0.10.0,573,supply,demands,False,5,5,D1,3,BASE,POWER,16.700000000000003,J000002,1,1,16.700000000000003
m3-periodic,ee0bec387c023d5d0ab8464c286e0564fdf9e899852c4db249384f154598db79,20260916,0.10.0,573,supply,demands,False,5,5,D2,6,BASE,POWER,32.7,J000005,1,1,32.7
m3-periodic,ee0bec387c023d5d0ab8464c286e0564fdf9e899852c4db249384f154598db79,20260916,0.10.0,573,supply,demands,False,5,5,D3,7,BASE,POWER,32.800000000000004,J000004,1,1,32.800000000000004
m3-periodic,ee0bec387c023d5d0ab8464c286e0564fdf9e899852c4db249384f154598db79,20260916,0.10.0,573,supply,demands,False,5,5,D4,10,BASE,POWER,56.7,J000009,1,1,56.7
m3-periodic,ee0bec387c023d5d0ab8464c286e0564fdf9e899852c4db249384f154598db79,20260916,0.10.0,573,supply,demands,False,5,5,D5,11,BASE,POWER,60.7,J000012,1,1,60.7
m3-periodic,ee0bec387c023d5d0ab8464c286e0564fdf9e899852c4db249384f154598db79,20260916,0.10.0,574,supply,demands,False,5,5,D1,3,BASE,POWER,16.700000000000003,J000002,1,1,16.700000000000003
m3-periodic,ee0bec387c023d5d0ab8464c286e0564fdf9e899852c4db249384f154598db79,20260916,0.10.0,574,supply,demands,False,5,5,D2,6,BASE,POWER,32.7,J000005,1,1,32.7
m3-periodic,ee0bec387c023d5d0ab8464c286e0564fdf9e899852c4db249384f154598db79,20260916,0.10.0,574,supply,demands,False,5,5,D3,7,BASE,POWER,32.800000000000004,J000004,1,1,32.800000000000004
m3-periodic,ee0bec387c023d5d0ab8464c286e0564fdf9e899852c4db249384f154598db79,20260916,0.10.0,574,supply,demands,False,5,5,D4,10,BASE,POWER,60.7,J000011,1,1,60.7
m3-periodic,ee0bec387c023d5d0ab8464c286e0564fdf9e899852c4db249384f154598db79,20260916,0.10.0,574,supply,demands,False,5,5,D5,11,BASE,POWER,60.800000000000004,J000010,1,1,60.800000000000004
m3-periodic,ee0bec387c023d5d0ab8464c286e0564fdf9e899852c4db249384f154598db79,20260916,0.10.0,575,supply,demands,False,5,5,D1,3,BASE,POWER,16.800000000000004,J000001,1,1,16.800000000000004
m3-periodic,ee0bec387c023d5d0ab8464c286e0564fdf9e899852c4db249384f154598db79,20260916,0.10.0,575,supply,demands,False,5,5,D2,6,BASE,POWER,32.800000000000004,J000004,1,1,32.800000000000004
m3-periodic,ee0bec387c023d5d0ab8464c286e0564fdf9e899852c4db249384f154598db79,20260916,0.10.0,575,supply,demands,False,5,5,D3,9,BASE,POWER,56.800000000000004,J000007,1,1,56.800000000000004
m3-periodic,ee0bec387c023d5d0ab8464c286e0564fdf9e899852c4db249384f154598db79,20260916,0.10.0,575,supply,demands,False,5,5,D4,10,BASE,POWER,60.7,J000011,1,1,60.7
m3-periodic,ee0bec387c023d5d0ab8464c286e0564fdf9e899852c4db249384f154598db79,20260916,0.10.0,575,supply,demands,False,5,5,D5,11,BASE,POWER,60.800000000000004,J000010,1,1,64.5
m3-periodic,ee0bec387c023d5d0ab8464c286e0564fdf9e899852c4db249384f154598db79,20260916,0.10.0,576,supply,demands,False,4,4,D1,3,BASE,POWER,32.7,J000004,1,1,32.7
m3-periodic,ee0bec387c023d5d0ab8464c286e0564fdf9e899852c4db249384f154598db79,20260916,0.10.0,576,supply,demands,False,4,4,D2,4,BASE,POWER,32.800000000000004,J000003,1,1,32.800000000000004
m3-periodic,ee0bec387c023d5d0ab8464c286e0564fdf9e899852c4db249384f154598db79,20260916,0.10.0,576,supply,demands,False,4,4,D3,7,BASE,POWER,56.800000000000004,J000007,1,1,56.800000000000004
m3-periodic,ee0bec387c023d5d0ab8464c286e0564fdf9e899852c4db249384f154598db79,20260916,0.10.0,576,supply,demands,False,4,4,D4,8,BASE,POWER,60.7,J000011,1,1,60.7
m3-periodic,ee0bec387c023d5d0ab8464c286e0564fdf9e899852c4db249384f154598db79,20260916,0.10.0,577,supply,demands,False,5,5,D1,3,BASE,POWER,16.800000000000004,J000001,1,1,16.800000000000004
m3-periodic,ee0bec387c023d5d0ab8464c286e0564fdf9e899852c4db249384f154598db79,20260916,0.10.0,577,supply,demands,False,5,5,D2,6,BASE,POWER,32.7,J000005,1,1,32.7
m3-periodic,ee0bec387c023d5d0ab8464c286e0564fdf9e899852c4db249384f154598db79,20260916,0.10.0,577,supply,demands,False,5,5,D3,9,BASE,POWER,56.7,J000008,1,1,56.7
m3-periodic,ee0bec387c023d5d0ab8464c286e0564fdf9e899852c4db249384f154598db79,20260916,0.10.0,577,supply,demands,False,5,5,D4,10,BASE,POWER,60.7,J000011,1,1,60.7
m3-periodic,ee0bec387c023d5d0ab8464c286e0564fdf9e899852c4db249384f154598db79,20260916,0.10.0,577,supply,demands,False,5,5,D5,11,BASE,POWER,60.800000000000004,J000010,1,1,64.5
m3-periodic,ee0bec387c023d5d0ab8464c286e0564fdf9e899852c4db249384f154598db79,20260916,0.10.0,578,supply,demands,False,6,6,D1,3,BASE,POWER,16.800000000000004,J000001,1,1,16.800000000000004
m3-periodic,ee0bec387c023d5d0ab8464c286e0564fdf9e899852c4db249384f154598db79,20260916,0.10.0,578,supply,demands,False,6,6,D2,6,BASE,POWER,32.7,J000005,1,1,32.7
m3-periodic,ee0bec387c023d5d0ab8464c286e0564fdf9e899852c4db249384f154598db79,20260916,0.10.0,578,supply,demands,False,6,6,D3,7,BASE,POWER,32.800000000000004,J000004,1,1,32.800000000000004
m3-periodic,ee0bec387c023d5d0ab8464c286e0564fdf9e899852c4db249384f154598db79,20260916,0.10.0,578,supply,demands,False,6,6,D4,10,BASE,POWER,56.7,J000009,1,1,56.7
m3-periodic,ee0bec387c023d5d0ab8464c286e0564fdf9e899852c4db249384f154598db79,20260916,0.10.0,578,supply,demands,False,6,6,D5,11,BASE,POWER,60.7,J000012,1,1,60.7
m3-periodic,ee0bec387c023d5d0ab8464c286e0564fdf9e899852c4db249384f154598db79,20260916,0.10.0,578,supply,demands,False,6,6,D6,12,BASE,POWER,60.800000000000004,J000011,1,1,64.5
m3-periodic,ee0bec387c023d5d0ab8464c286e0564fdf9e899852c4db249384f154598db79,20260916,0.10.0,579,supply,demands,False,4,4,D1,3,BASE,POWER,32.28867958543473,J000004,1,1,32.28867958543473
m3-periodic,ee0bec387c023d5d0ab8464c286e0564fdf9e899852c4db249384f154598db79,20260916,0.10.0,579,supply,demands,False,4,4,D2,4,BASE,POWER,32.38867958543473,J000005,1,1,32.38867958543473
m3-periodic,ee0bec387c023d5d0ab8464c286e0564fdf9e899852c4db249384f154598db79,20260916,0.10.0,579,supply,demands,False,4,4,D3,7,BASE,POWER,56.7,J000009,1,1,56.7
m3-periodic,ee0bec387c023d5d0ab8464c286e0564fdf9e899852c4db249384f154598db79,20260916,0.10.0,579,supply,demands,False,4,4,D4,8,BASE,POWER,60.7,J000012,1,1,60.7
m3-periodic,ee0bec387c023d5d0ab8464c286e0564fdf9e899852c4db249384f154598db79,20260916,0.10.0,580,supply,demands,False,4,4,D1,3,BASE,POWER,16.700000000000003,J000002,1,1,16.700000000000003
m3-periodic,ee0bec387c023d5d0ab8464c286e0564fdf9e899852c4db249384f154598db79,20260916,0.10.0,580,supply,demands,False,4,4,D2,4,BASE,POWER,16.800000000000004,J000001,1,1,16.800000000000004
m3-periodic,ee0bec387c023d5d0ab8464c286e0564fdf9e899852c4db249384f154598db79,20260916,0.10.0,580,supply,demands,False,4,4,D3,7,BASE,POWER,56.7,J000008,1,1,56.7
m3-periodic,ee0bec387c023d5d0ab8464c286e0564fdf9e899852c4db249384f154598db79,20260916,0.10.0,580,supply,demands,False,4,4,D4,8,BASE,POWER,59.595213801342474,J000012,1,1,59.595213801342474
m3-periodic,ee0bec387c023d5d0ab8464c286e0564fdf9e899852c4db249384f154598db79,20260916,0.10.0,581,supply,demands,False,4,4,D1,3,BASE,POWER,16.700000000000003,J000002,1,1,16.700000000000003
m3-periodic,ee0bec387c023d5d0ab8464c286e0564fdf9e899852c4db249384f154598db79,20260916,0.10.0,581,supply,demands,False,4,4,D2,4,BASE,POWER,16.800000000000004,J000001,1,1,16.800000000000004
m3-periodic,ee0bec387c023d5d0ab8464c286e0564fdf9e899852c4db249384f154598db79,20260916,0.10.0,581,supply,demands,False,4,4,D3,7,BASE,POWER,56.7,J000008,1,1,56.7
m3-periodic,ee0bec387c023d5d0ab8464c286e0564fdf9e899852c4db249384f154598db79,20260916,0.10.0,581,supply,demands,False,4,4,D4,8,BASE,POWER,63.457451430029295,J000012,1,1,63.457451430029295
m3-periodic,ee0bec387c023d5d0ab8464c286e0564fdf9e899852c4db249384f154598db79,20260916,0.10.0,582,supply,demands,False,4,4,D1,3,BASE,POWER,16.700000000000003,J000002,1,1,16.700000000000003
m3-periodic,ee0bec387c023d5d0ab8464c286e0564fdf9e899852c4db249384f154598db79,20260916,0.10.0,582,supply,demands,False,4,4,D2,4,BASE,POWER,16.800000000000004,J000001,1,1,16.800000000000004
m3-periodic,ee0bec387c023d5d0ab8464c286e0564fdf9e899852c4db249384f154598db79,20260916,0.10.0,582,supply,demands,False,4,4,D3,7,BASE,POWER,56.800000000000004,J000007,1,1,56.800000000000004
m3-periodic,ee0bec387c023d5d0ab8464c286e0564fdf9e899852c4db249384f154598db79,20260916,0.10.0,582,supply,demands,False,4,4,D4,8,BASE,POWER,60.800000000000004,J000010,1,1,60.800000000000004
m3-periodic,ee0bec387c023d5d0ab8464c286e0564fdf9e899852c4db249384f154598db79,20260916,0.10.0,583,supply,demands,False,3,3,D1,3,BASE,POWER,32.7,J000004,1,1,32.7
m3-periodic,ee0bec387c023d5d0ab8464c286e0564fdf9e899852c4db249384f154598db79,20260916,0.10.0,583,supply,demands,False,3,3,D2,6,BASE,POWER,56.7,J000008,1,1,56.7
m3-periodic,ee0bec387c023d5d0ab8464c286e0564fdf9e899852c4db249384f154598db79,20260916,0.10.0,583,supply,demands,False,3,3,D3,7,BASE,POWER,56.800000000000004,J000007,1,1,56.800000000000004
m3-periodic,ee0bec387c023d5d0ab8464c286e0564fdf9e899852c4db249384f154598db79,20260916,0.10.0,584,supply,demands,False,6,6,D1,3,BASE,POWER,16.700000000000003,J000002,1,1,16.700000000000003
m3-periodic,ee0bec387c023d5d0ab8464c286e0564fdf9e899852c4db249384f154598db79,20260916,0.10.0,584,supply,demands,False,6,6,D2,6,BASE,POWER,32.7,J000005,1,1,32.7
m3-periodic,ee0bec387c023d5d0ab8464c286e0564fdf9e899852c4db249384f154598db79,20260916,0.10.0,584,supply,demands,False,6,6,D3,7,BASE,POWER,32.800000000000004,J000004,1,1,32.800000000000004
m3-periodic,ee0bec387c023d5d0ab8464c286e0564fdf9e899852c4db249384f154598db79,20260916,0.10.0,584,supply,demands,False,6,6,D4,10,BASE,POWER,56.7,J000009,1,1,56.7
m3-periodic,ee0bec387c023d5d0ab8464c286e0564fdf9e899852c4db249384f154598db79,20260916,0.10.0,584,supply,demands,False,6,6,D5,11,BASE,POWER,60.7,J000012,1,1,60.7
m3-periodic,ee0bec387c023d5d0ab8464c286e0564fdf9e899852c4db249384f154598db79,20260916,0.10.0,584,supply,demands,False,6,6,D6,12,BASE,POWER,60.800000000000004,J000011,1,1,64.5
m3-periodic,ee0bec387c023d5d0ab8464c286e0564fdf9e899852c4db249384f154598db79,20260916,0.10.0,585,supply,demands,False,5,5,D1,3,BASE,POWER,16.800000000000004,J000001,1,1,16.800000000000004
m3-periodic,ee0bec387c023d5d0ab8464c286e0564fdf9e899852c4db249384f154598db79,20260916,0.10.0,585,supply,demands,False,5,5,D2,6,BASE,POWER,32.7,J000005,1,1,32.7
m3-periodic,ee0bec387c023d5d0ab8464c286e0564fdf9e899852c4db249384f154598db79,20260916,0.10.0,585,supply,demands,False,5,5,D3,7,BASE,POWER,32.800000000000004,J000004,1,1,32.800000000000004
m3-periodic,ee0bec387c023d5d0ab8464c286e0564fdf9e899852c4db249384f154598db79,20260916,0.10.0,585,supply,demands,False,5,5,D4,10,BASE,POWER,56.800000000000004,J000009,1,1,56.800000000000004
m3-periodic,ee0bec387c023d5d0ab8464c286e0564fdf9e899852c4db249384f154598db79,20260916,0.10.0,585,supply,demands,False,5,5,D5,11,BASE,POWER,60.7,J000012,1,1,60.7
m3-periodic,ee0bec387c023d5d0ab8464c286e0564fdf9e899852c4db249384f154598db79,20260916,0.10.0,586,supply,demands,False,6,6,D1,3,BASE,POWER,16.700000000000003,J000001,1,1,16.700000000000003
m3-periodic,ee0bec387c023d5d0ab8464c286e0564fdf9e899852c4db249384f154598db79,20260916,0.10.0,586,supply,demands,False,6,6,D2,4,BASE,POWER,16.800000000000004,J000003,1,1,16.800000000000004
m3-periodic,ee0bec387c023d5d0ab8464c286e0564fdf9e899852c4db249384f154598db79,20260916,0.10.0,586,supply,demands,False,6,6,D3,7,BASE,POWER,32.7,J000007,1,1,32.7
m3-periodic,ee0bec387c023d5d0ab8464c286e0564fdf9e899852c4db249384f154598db79,20260916,0.10.0,586,supply,demands,False,6,6,D4,8,BASE,POWER,32.800000000000004,J000006,1,1,32.800000000000004
m3-periodic,ee0bec387c023d5d0ab8464c286e0564fdf9e899852c4db249384f154598db79,20260916,0.10.0,586,supply,demands,False,6,6,D5,11,BASE,POWER,56.800000000000004,J000010,1,1,56.800000000000004
m3-periodic,ee0bec387c023d5d0ab8464c286e0564fdf9e899852c4db249384f154598db79,20260916,0.10.0,586,supply,demands,False,6,6,D6,12,BASE,POWER,60.7,J000014,1,1,60.7
m3-periodic,ee0bec387c023d5d0ab8464c286e0564fdf9e899852c4db249384f154598db79,20260916,0.10.0,587,supply,demands,False,6,6,D1,3,BASE,POWER,16.700000000000003,J000002,1,1,16.700000000000003
m3-periodic,ee0bec387c023d5d0ab8464c286e0564fdf9e899852c4db249384f154598db79,20260916,0.10.0,587,supply,demands,False,6,6,D2,6,BASE,POWER,32.7,J000005,1,1,32.7
m3-periodic,ee0bec387c023d5d0ab8464c286e0564fdf9e899852c4db249384f154598db79,20260916,0.10.0,587,supply,demands,False,6,6,D3,7,BASE,POWER,32.800000000000004,J000004,1,1,32.800000000000004
m3-periodic,ee0bec387c023d5d0ab8464c286e0564fdf9e899852c4db249384f154598db79,20260916,0.10.0,587,supply,demands,False,6,6,D4,10,BASE,POWER,56.7,J000010,1,1,56.7
m3-periodic,ee0bec387c023d5d0ab8464c286e0564fdf9e899852c4db249384f154598db79,20260916,0.10.0,587,supply,demands,False,6,6,D5,11,BASE,POWER,56.800000000000004,J000009,1,1,56.800000000000004
m3-periodic,ee0bec387c023d5d0ab8464c286e0564fdf9e899852c4db249384f154598db79,20260916,0.10.0,587,supply,demands,False,6,6,D6,12,BASE,POWER,60.7,J000013,1,1,64.5
m3-periodic,ee0bec387c023d5d0ab8464c286e0564fdf9e899852c4db249384f154598db79,20260916,0.10.0,588,supply,demands,False,6,6,D1,3,BASE,POWER,32.7,J000004,1,1,32.7
m3-periodic,ee0bec387c023d5d0ab8464c286e0564fdf9e899852c4db249384f154598db79,20260916,0.10.0,588,supply,demands,False,6,6,D2,4,BASE,POWER,32.800000000000004,J000003,1,1,32.800000000000004
m3-periodic,ee0bec387c023d5d0ab8464c286e0564fdf9e899852c4db249384f154598db79,20260916,0.10.0,588,supply,demands,False,6,6,D3,7,BASE,POWER,56.7,J000008,1,1,56.7
m3-periodic,ee0bec387c023d5d0ab8464c286e0564fdf9e899852c4db249384f154598db79,20260916,0.10.0,588,supply,demands,False,6,6,D4,8,BASE,POWER,56.800000000000004,J000007,1,1,56.800000000000004
m3-periodic,ee0bec387c023d5d0ab8464c286e0564fdf9e899852c4db249384f154598db79,20260916,0.10.0,588,supply,demands,False,6,6,D5,9,BASE,POWER,60.7,J000012,1,1,64.5
m3-periodic,ee0bec387c023d5d0ab8464c286e0564fdf9e899852c4db249384f154598db79,20260916,0.10.0,588,supply,demands,False,6,6,D6,10,BASE,POWER,60.800000000000004,J000011,1,1,64.5
m3-periodic,ee0bec387c023d5d0ab8464c286e0564fdf9e899852c4db249384f154598db79,20260916,0.10.0,589,supply,demands,False,6,6,D1,3,BASE,POWER,16.800000000000004,J000001,1,1,16.800000000000004
m3-periodic,ee0bec387c023d5d0ab8464c286e0564fdf9e899852c4db249384f154598db79,20260916,0.10.0,589,supply,demands,False,6,6,D2,6,BASE,POWER,32.800000000000004,J000004,1,1,32.800000000000004
m3-periodic,ee0bec387c023d5d0ab8464c286e0564fdf9e899852c4db249384f154598db79,20260916,0.10.0,589,supply,demands,False,6,6,D3,9,BASE,POWER,56.7,J000008,1,1,56.7
m3-periodic,ee0bec387c023d5d0ab8464c286e0564fdf9e899852c4db249384f154598db79,20260916,0.10.0,589,supply,demands,False,6,6,D4,10,BASE,POWER,60.7,J000011,1,1,60.7
m3-periodic,ee0bec387c023d5d0ab8464c286e0564fdf9e899852c4db249384f154598db79,20260916,0.10.0,589,supply,demands,False,6,6,D5,11,BASE,POWER,60.800000000000004,J000010,1,1,64.5
m3-periodic,ee0bec387c023d5d0ab8464c286e0564fdf9e899852c4db249384f154598db79,20260916,0.10.0,589,supply,demands,False,6,6,D6,12,BASE,POWER,63.83325777183857,J000014,1,1,64.5
m3-periodic,ee0bec387c023d5d0ab8464c286e0564fdf9e899852c4db249384f154598db79,20260916,0.10.0,590,supply,demands,False,6,6,D1,3,BASE,POWER,16.700000000000003,J000002,1,1,16.700000000000003
m3-periodic,ee0bec387c023d5d0ab8464c286e0564fdf9e899852c4db249384f154598db79,20260916,0.10.0,590,supply,demands,False,6,6,D2,4,BASE,POWER,16.800000000000004,J000001,1,1,16.800000000000004
m3-periodic,ee0bec387c023d5d0ab8464c286e0564fdf9e899852c4db249384f154598db79,20260916,0.10.0,590,supply,demands,False,6,6,D3,7,BASE,POWER,32.7,J000006,1,1,32.7
m3-periodic,ee0bec387c023d5d0ab8464c286e0564fdf9e899852c4db249384f154598db79,20260916,0.10.0,590,supply,demands,False,6,6,D4,8,BASE,POWER,32.800000000000004,J000005,1,1,32.800000000000004
m3-periodic,ee0bec387c023d5d0ab8464c286e0564fdf9e899852c4db249384f154598db79,20260916,0.10.0,590,supply,demands,False,6,6,D5,11,BASE,POWER,56.7,J000010,1,1,56.7
m3-periodic,ee0bec387c023d5d0ab8464c286e0564fdf9e899852c4db249384f154598db79,20260916,0.10.0,590,supply,demands,False,6,6,D6,12,BASE,POWER,56.800000000000004,J000009,1,1,56.800000000000004
m3-periodic,ee0bec387c023d5d0ab8464c286e0564fdf9e899852c4db249384f154598db79,20260916,0.10.0,591,supply,demands,False,6,6,D1,3,BASE,POWER,16.700000000000003,J000002,1,1,16.700000000000003
m3-periodic,ee0bec387c023d5d0ab8464c286e0564fdf9e899852c4db249384f154598db79,20260916,0.10.0,591,supply,demands,False,6,6,D2,4,BASE,POWER,16.800000000000004,J000001,1,1,16.800000000000004
m3-periodic,ee0bec387c023d5d0ab8464c286e0564fdf9e899852c4db249384f154598db79,20260916,0.10.0,591,supply,demands,False,6,6,D3,7,BASE,POWER,32.800000000000004,J000005,1,1,32.800000000000004
m3-periodic,ee0bec387c023d5d0ab8464c286e0564fdf9e899852c4db249384f154598db79,20260916,0.10.0,591,supply,demands,False,6,6,D4,8,BASE,POWER,35.87697836497311,J000008,1,1,35.87697836497311
m3-periodic,ee0bec387c023d5d0ab8464c286e0564fdf9e899852c4db249384f154598db79,20260916,0.10.0,591,supply,demands,False,6,6,D5,11,BASE,POWER,60.800000000000004,J000011,1,1,60.800000000000004
m3-periodic,ee0bec387c023d5d0ab8464c286e0564fdf9e899852c4db249384f154598db79,20260916,0.10.0,591,supply,demands,False,6,6,D6,14,BASE,POWER,64.69999999999999,J000014,1,1,64.69999999999999
m3-periodic,ee0bec387c023d5d0ab8464c286e0564fdf9e899852c4db249384f154598db79,20260916,0.10.0,592,supply,demands,False,5,5,D1,3,BASE,POWER,16.700000000000003,J000002,1,1,16.700000000000003
m3-periodic,ee0bec387c023d5d0ab8464c286e0564fdf9e899852c4db249384f154598db79,20260916,0.10.0,592,supply,demands,False,5,5,D2,4,BASE,POWER,16.800000000000004,J000001,1,1,16.800000000000004
m3-periodic,ee0bec387c023d5d0ab8464c286e0564fdf9e899852c4db249384f154598db79,20260916,0.10.0,592,supply,demands,False,5,5,D3,7,BASE,POWER,56.800000000000004,J000007,1,1,56.800000000000004
m3-periodic,ee0bec387c023d5d0ab8464c286e0564fdf9e899852c4db249384f154598db79,20260916,0.10.0,592,supply,demands,False,5,5,D4,8,BASE,POWER,60.7,J000011,1,1,60.7
m3-periodic,ee0bec387c023d5d0ab8464c286e0564fdf9e899852c4db249384f154598db79,20260916,0.10.0,592,supply,demands,False,5,5,D5,9,BASE,POWER,60.800000000000004,J000010,1,1,64.5
m3-periodic,ee0bec387c023d5d0ab8464c286e0564fdf9e899852c4db249384f154598db79,20260916,0.10.0,593,supply,demands,False,3,3,D1,3,BASE,POWER,32.7,J000004,1,1,32.7
m3-periodic,ee0bec387c023d5d0ab8464c286e0564fdf9e899852c4db249384f154598db79,20260916,0.10.0,593,supply,demands,False,3,3,D2,4,BASE,POWER,32.800000000000004,J000003,1,1,32.800000000000004
m3-periodic,ee0bec387c023d5d0ab8464c286e0564fdf9e899852c4db249384f154598db79,20260916,0.10.0,593,supply,demands,False,3,3,D3,7,BASE,POWER,60.7,J000010,1,1,60.7
m3-periodic,ee0bec387c023d5d0ab8464c286e0564fdf9e899852c4db249384f154598db79,20260916,0.10.0,594,supply,demands,False,6,6,D1,3,BASE,POWER,16.700000000000003,J000002,1,1,16.700000000000003
m3-periodic,ee0bec387c023d5d0ab8464c286e0564fdf9e899852c4db249384f154598db79,20260916,0.10.0,594,supply,demands,False,6,6,D2,4,BASE,POWER,16.800000000000004,J000001,1,1,16.800000000000004
m3-periodic,ee0bec387c023d5d0ab8464c286e0564fdf9e899852c4db249384f154598db79,20260916,0.10.0,594,supply,demands,False,6,6,D3,7,BASE,POWER,32.7,J000006,1,1,32.7
m3-periodic,ee0bec387c023d5d0ab8464c286e0564fdf9e899852c4db249384f154598db79,20260916,0.10.0,594,supply,demands,False,6,6,D4,10,BASE,POWER,56.800000000000004,J000008,1,1,56.800000000000004
m3-periodic,ee0bec387c023d5d0ab8464c286e0564fdf9e899852c4db249384f154598db79,20260916,0.10.0,594,supply,demands,False,6,6,D5,11,BASE,POWER,60.7,J000012,1,1,60.7
m3-periodic,ee0bec387c023d5d0ab8464c286e0564fdf9e899852c4db249384f154598db79,20260916,0.10.0,594,supply,demands,False,6,6,D6,12,BASE,POWER,60.800000000000004,J000011,1,1,64.5
m3-periodic,ee0bec387c023d5d0ab8464c286e0564fdf9e899852c4db249384f154598db79,20260916,0.10.0,595,supply,demands,False,7,7,D1,3,BASE,POWER,16.700000000000003,J000002,1,1,16.700000000000003
m3-periodic,ee0bec387c023d5d0ab8464c286e0564fdf9e899852c4db249384f154598db79,20260916,0.10.0,595,supply,demands,False,7,7,D2,4,BASE,POWER,16.800000000000004,J000001,1,1,16.800000000000004
m3-periodic,ee0bec387c023d5d0ab8464c286e0564fdf9e899852c4db249384f154598db79,20260916,0.10.0,595,supply,demands,False,7,7,D3,7,BASE,POWER,32.7,J000006,1,1,32.7
m3-periodic,ee0bec387c023d5d0ab8464c286e0564fdf9e899852c4db249384f154598db79,20260916,0.10.0,595,supply,demands,False,7,7,D4,8,BASE,POWER,32.800000000000004,J000005,1,1,32.800000000000004
m3-periodic,ee0bec387c023d5d0ab8464c286e0564fdf9e899852c4db249384f154598db79,20260916,0.10.0,595,supply,demands,False,7,7,D5,11,BASE,POWER,56.800000000000004,J000011,1,1,56.800000000000004
m3-periodic,ee0bec387c023d5d0ab8464c286e0564fdf9e899852c4db249384f154598db79,20260916,0.10.0,595,supply,demands,False,7,7,D6,12,BASE,POWER,60.7,J000014,1,1,60.7
m3-periodic,ee0bec387c023d5d0ab8464c286e0564fdf9e899852c4db249384f154598db79,20260916,0.10.0,595,supply,demands,False,7,7,D7,13,BASE,POWER,60.800000000000004,J000013,1,1,64.5
m3-periodic,ee0bec387c023d5d0ab8464c286e0564fdf9e899852c4db249384f154598db79,20260916,0.10.0,596,supply,demands,False,5,5,D1,3,BASE,POWER,16.700000000000003,J000002,1,1,16.700000000000003
m3-periodic,ee0bec387c023d5d0ab8464c286e0564fdf9e899852c4db249384f154598db79,20260916,0.10.0,596,supply,demands,False,5,5,D2,6,BASE,POWER,32.7,J000005,1,1,32.7
m3-periodic,ee0bec387c023d5d0ab8464c286e0564fdf9e899852c4db249384f154598db79,20260916,0.10.0,596,supply,demands,False,5,5,D3,9,BASE,POWER,56.800000000000004,J000008,1,1,56.800000000000004
m3-periodic,ee0bec387c023d5d0ab8464c286e0564fdf9e899852c4db249384f154598db79,20260916,0.10.0,596,supply,demands,False,5,5,D4,10,BASE,POWER,60.7,J000012,1,1,60.7
m3-periodic,ee0bec387c023d5d0ab8464c286e0564fdf9e899852c4db249384f154598db79,20260916,0.10.0,596,supply,demands,False,5,5,D5,11,BASE,POWER,60.800000000000004,J000011,1,1,64.5
m3-periodic,ee0bec387c023d5d0ab8464c286e0564fdf9e899852c4db249384f154598db79,20260916,0.10.0,597,supply,demands,False,7,7,D1,3,BASE,POWER,16.66512798466293,J000002,1,1,16.66512798466293
m3-periodic,ee0bec387c023d5d0ab8464c286e0564fdf9e899852c4db249384f154598db79,20260916,0.10.0,597,supply,demands,False,7,7,D2,4,BASE,POWER,16.765127984662932,J000003,1,1,16.765127984662932
m3-periodic,ee0bec387c023d5d0ab8464c286e0564fdf9e899852c4db249384f154598db79,20260916,0.10.0,597,supply,demands,False,7,7,D3,7,BASE,POWER,32.7,J000007,1,1,32.7
m3-periodic,ee0bec387c023d5d0ab8464c286e0564fdf9e899852c4db249384f154598db79,20260916,0.10.0,597,supply,demands,False,7,7,D4,8,BASE,POWER,32.800000000000004,J000006,1,1,32.800000000000004
m3-periodic,ee0bec387c023d5d0ab8464c286e0564fdf9e899852c4db249384f154598db79,20260916,0.10.0,597,supply,demands,False,7,7,D5,11,BASE,POWER,56.7,J000011,1,1,56.7
m3-periodic,ee0bec387c023d5d0ab8464c286e0564fdf9e899852c4db249384f154598db79,20260916,0.10.0,597,supply,demands,False,7,7,D6,12,BASE,POWER,56.800000000000004,J000010,1,1,56.800000000000004
m3-periodic,ee0bec387c023d5d0ab8464c286e0564fdf9e899852c4db249384f154598db79,20260916,0.10.0,597,supply,demands,False,7,7,D7,13,BASE,POWER,60.7,J000015,1,1,64.5
m3-periodic,ee0bec387c023d5d0ab8464c286e0564fdf9e899852c4db249384f154598db79,20260916,0.10.0,598,supply,demands,False,3,3,D1,3,BASE,POWER,16.800000000000004,J000001,1,1,16.800000000000004
m3-periodic,ee0bec387c023d5d0ab8464c286e0564fdf9e899852c4db249384f154598db79,20260916,0.10.0,598,supply,demands,False,3,3,D2,6,BASE,POWER,32.7,J000005,1,1,32.7
m3-periodic,ee0bec387c023d5d0ab8464c286e0564fdf9e899852c4db249384f154598db79,20260916,0.10.0,598,supply,demands,False,3,3,D3,9,BASE,POWER,60.7,J000011,1,1,60.7
m3-periodic,ee0bec387c023d5d0ab8464c286e0564fdf9e899852c4db249384f154598db79,20260916,0.10.0,599,supply,demands,False,4,4,D1,3,BASE,POWER,15.50993181015102,J000003,1,1,15.50993181015102
m3-periodic,ee0bec387c023d5d0ab8464c286e0564fdf9e899852c4db249384f154598db79,20260916,0.10.0,599,supply,demands,False,4,4,D2,6,BASE,POWER,32.7,J000006,1,1,32.7
m3-periodic,ee0bec387c023d5d0ab8464c286e0564fdf9e899852c4db249384f154598db79,20260916,0.10.0,599,supply,demands,False,4,4,D3,9,BASE,POWER,56.800000000000004,J000008,1,1,56.800000000000004
m3-periodic,ee0bec387c023d5d0ab8464c286e0564fdf9e899852c4db249384f154598db79,20260916,0.10.0,599,supply,demands,False,4,4,D4,10,BASE,POWER,60.7,J000012,1,1,60.7
m3-periodic,ee0bec387c023d5d0ab8464c286e0564fdf9e899852c4db249384f154598db79,20260916,0.10.0,600,supply,demands,False,4,4,D1,3,BASE,POWER,16.700000000000003,J000003,1,1,16.700000000000003
m3-periodic,ee0bec387c023d5d0ab8464c286e0564fdf9e899852c4db249384f154598db79,20260916,0.10.0,600,supply,demands,False,4,4,D2,4,BASE,POWER,16.800000000000004,J000002,1,1,16.800000000000004
m3-periodic,ee0bec387c023d5d0ab8464c286e0564fdf9e899852c4db249384f154598db79,20260916,0.10.0,600,supply,demands,False,4,4,D3,7,BASE,POWER,40.7,J000008,1,1,40.7
m3-periodic,ee0bec387c023d5d0ab8464c286e0564fdf9e899852c4db249384f154598db79,20260916,0.10.0,600,supply,demands,False,4,4,D4,10,BASE,POWER,56.800000000000004,J000010,1,1,56.800000000000004
m3-periodic,ee0bec387c023d5d0ab8464c286e0564fdf9e899852c4db249384f154598db79,20260916,0.10.0,601,supply,demands,False,4,4,D1,3,BASE,POWER,16.700000000000003,J000002,1,1,16.700000000000003
m3-periodic,ee0bec387c023d5d0ab8464c286e0564fdf9e899852c4db249384f154598db79,20260916,0.10.0,601,supply,demands,False,4,4,D2,6,BASE,POWER,32.800000000000004,J000004,1,1,32.800000000000004
m3-periodic,ee0bec387c023d5d0ab8464c286e0564fdf9e899852c4db249384f154598db79,20260916,0.10.0,601,supply,demands,False,4,4,D3,9,BASE,POWER,56.7,J000008,1,1,56.7
m3-periodic,ee0bec387c023d5d0ab8464c286e0564fdf9e899852c4db249384f154598db79,20260916,0.10.0,601,supply,demands,False,4,4,D4,12,BASE,POWER,64.36953440652812,J000012,1,1,64.36953440652812
m3-periodic,ee0bec387c023d5d0ab8464c286e0564fdf9e899852c4db249384f154598db79,20260916,0.10.0,602,supply,demands,False,5,5,D1,3,BASE,POWER,15.870643365279589,J000001,1,1,15.870643365279589
m3-periodic,ee0bec387c023d5d0ab8464c286e0564fdf9e899852c4db249384f154598db79,20260916,0.10.0,602,supply,demands,False,5,5,D2,4,BASE,POWER,15.970643365279589,J000003,1,1,15.970643365279589
m3-periodic,ee0bec387c023d5d0ab8464c286e0564fdf9e899852c4db249384f154598db79,20260916,0.10.0,602,supply,demands,False,5,5,D3,7,BASE,POWER,56.800000000000004,J000008,1,1,56.800000000000004
m3-periodic,ee0bec387c023d5d0ab8464c286e0564fdf9e899852c4db249384f154598db79,20260916,0.10.0,602,supply,demands,False,5,5,D4,8,BASE,POWER,60.7,J000012,1,1,60.7
m3-periodic,ee0bec387c023d5d0ab8464c286e0564fdf9e899852c4db249384f154598db79,20260916,0.10.0,602,supply,demands,False,5,5,D5,9,BASE,POWER,60.800000000000004,J000011,1,1,64.5
m3-periodic,ee0bec387c023d5d0ab8464c286e0564fdf9e899852c4db249384f154598db79,20260916,0.10.0,603,supply,demands,False,7,7,D1,3,BASE,POWER,16.700000000000003,J000002,1,1,16.700000000000003
m3-periodic,ee0bec387c023d5d0ab8464c286e0564fdf9e899852c4db249384f154598db79,20260916,0.10.0,603,supply,demands,False,7,7,D2,4,BASE,POWER,16.800000000000004,J000001,1,1,16.800000000000004
m3-periodic,ee0bec387c023d5d0ab8464c286e0564fdf9e899852c4db249384f154598db79,20260916,0.10.0,603,supply,demands,False,7,7,D3,7,BASE,POWER,32.800000000000004,J000005,1,1,32.800000000000004
m3-periodic,ee0bec387c023d5d0ab8464c286e0564fdf9e899852c4db249384f154598db79,20260916,0.10.0,603,supply,demands,False,7,7,D4,10,BASE,POWER,56.7,J000009,1,1,56.7
m3-periodic,ee0bec387c023d5d0ab8464c286e0564fdf9e899852c4db249384f154598db79,20260916,0.10.0,603,supply,demands,False,7,7,D5,11,BASE,POWER,56.800000000000004,J000008,1,1,56.800000000000004
m3-periodic,ee0bec387c023d5d0ab8464c286e0564fdf9e899852c4db249384f154598db79,20260916,0.10.0,603,supply,demands,False,7,7,D6,12,BASE,POWER,60.7,J000013,1,1,64.5
m3-periodic,ee0bec387c023d5d0ab8464c286e0564fdf9e899852c4db249384f154598db79,20260916,0.10.0,603,supply,demands,False,7,7,D7,13,BASE,POWER,60.800000000000004,J000012,1,1,64.5
m3-periodic,ee0bec387c023d5d0ab8464c286e0564fdf9e899852c4db249384f154598db79,20260916,0.10.0,604,supply,demands,False,5,5,D1,3,BASE,POWER,16.700000000000003,J000003,1,1,16.700000000000003
m3-periodic,ee0bec387c023d5d0ab8464c286e0564fdf9e899852c4db249384f154598db79,20260916,0.10.0,604,supply,demands,False,5,5,D2,4,BASE,POWER,16.800000000000004,J000002,1,1,16.800000000000004
m3-periodic,ee0bec387c023d5d0ab8464c286e0564fdf9e899852c4db249384f154598db79,20260916,0.10.0,604,supply,demands,False,5,5,D3,7,BASE,POWER,56.7,J000008,1,1,56.7
m3-periodic,ee0bec387c023d5d0ab8464c286e0564fdf9e899852c4db249384f154598db79,20260916,0.10.0,604,supply,demands,False,5,5,D4,8,BASE,POWER,56.800000000000004,J000007,1,1,56.800000000000004
m3-periodic,ee0bec387c023d5d0ab8464c286e0564fdf9e899852c4db249384f154598db79,20260916,0.10.0,604,supply,demands,False,5,5,D5,9,BASE,POWER,60.7,J000012,1,1,64.5
m3-periodic,ee0bec387c023d5d0ab8464c286e0564fdf9e899852c4db249384f154598db79,20260916,0.10.0,605,supply,demands,False,5,5,D1,3,BASE,POWER,16.700000000000003,J000002,1,1,16.700000000000003
m3-periodic,ee0bec387c023d5d0ab8464c286e0564fdf9e899852c4db249384f154598db79,20260916,0.10.0,605,supply,demands,False,5,5,D2,6,BASE,POWER,56.7,J000007,1,1,56.7
m3-periodic,ee0bec387c023d5d0ab8464c286e0564fdf9e899852c4db249384f154598db79,20260916,0.10.0,605,supply,demands,False,5,5,D3,7,BASE,POWER,56.800000000000004,J000006,1,1,56.800000000000004
m3-periodic,ee0bec387c023d5d0ab8464c286e0564fdf9e899852c4db249384f154598db79,20260916,0.10.0,605,supply,demands,False,5,5,D4,8,BASE,POWER,60.7,J000011,1,1,64.5
m3-periodic,ee0bec387c023d5d0ab8464c286e0564fdf9e899852c4db249384f154598db79,20260916,0.10.0,605,supply,demands,False,5,5,D5,9,BASE,POWER,60.800000000000004,J000010,1,1,64.5
m3-periodic,ee0bec387c023d5d0ab8464c286e0564fdf9e899852c4db249384f154598db79,20260916,0.10.0,606,supply,demands,False,6,6,D1,3,BASE,POWER,16.700000000000003,J000002,1,1,16.700000000000003
m3-periodic,ee0bec387c023d5d0ab8464c286e0564fdf9e899852c4db249384f154598db79,20260916,0.10.0,606,supply,demands,False,6,6,D2,4,BASE,POWER,16.800000000000004,J000001,1,1,16.800000000000004
m3-periodic,ee0bec387c023d5d0ab8464c286e0564fdf9e899852c4db249384f154598db79,20260916,0.10.0,606,supply,demands,False,6,6,D3,7,BASE,POWER,32.800000000000004,J000005,1,1,32.800000000000004
m3-periodic,ee0bec387c023d5d0ab8464c286e0564fdf9e899852c4db249384f154598db79,20260916,0.10.0,606,supply,demands,False,6,6,D4,8,BASE,POWER,36.00614348514104,J000008,1,1,36.00614348514104
m3-periodic,ee0bec387c023d5d0ab8464c286e0564fdf9e899852c4db249384f154598db79,20260916,0.10.0,606,supply,demands,False,6,6,D5,11,BASE,POWER,60.800000000000004,J000011,1,1,60.800000000000004
m3-periodic,ee0bec387c023d5d0ab8464c286e0564fdf9e899852c4db249384f154598db79,20260916,0.10.0,606,supply,demands,False,6,6,D6,14,BASE,POWER,64.69999999999999,J000014,1,1,64.69999999999999
m3-periodic,ee0bec387c023d5d0ab8464c286e0564fdf9e899852c4db249384f154598db79,20260916,0.10.0,607,supply,demands,False,5,5,D1,3,BASE,POWER,16.10370882519072,J000002,1,1,16.10370882519072
m3-periodic,ee0bec387c023d5d0ab8464c286e0564fdf9e899852c4db249384f154598db79,20260916,0.10.0,607,supply,demands,False,5,5,D2,6,BASE,POWER,56.7,J000007,1,1,56.7
m3-periodic,ee0bec387c023d5d0ab8464c286e0564fdf9e899852c4db249384f154598db79,20260916,0.10.0,607,supply,demands,False,5,5,D3,7,BASE,POWER,60.7,J000010,1,1,60.7
m3-periodic,ee0bec387c023d5d0ab8464c286e0564fdf9e899852c4db249384f154598db79,20260916,0.10.0,607,supply,demands,False,5,5,D4,8,BASE,POWER,60.800000000000004,J000009,1,1,64.5
m3-periodic,ee0bec387c023d5d0ab8464c286e0564fdf9e899852c4db249384f154598db79,20260916,0.10.0,607,supply,demands,False,5,5,D5,11,BASE,POWER,64.85,J000014,1,1,64.85
m3-periodic,ee0bec387c023d5d0ab8464c286e0564fdf9e899852c4db249384f154598db79,20260916,0.10.0,608,supply,demands,False,6,6,D1,3,BASE,POWER,16.800000000000004,J000001,1,1,16.800000000000004
m3-periodic,ee0bec387c023d5d0ab8464c286e0564fdf9e899852c4db249384f154598db79,20260916,0.10.0,608,supply,demands,False,6,6,D2,6,BASE,POWER,32.7,J000005,1,1,32.7
m3-periodic,ee0bec387c023d5d0ab8464c286e0564fdf9e899852c4db249384f154598db79,20260916,0.10.0,608,supply,demands,False,6,6,D3,9,BASE,POWER,56.7,J000008,1,1,56.7
m3-periodic,ee0bec387c023d5d0ab8464c286e0564fdf9e899852c4db249384f154598db79,20260916,0.10.0,608,supply,demands,False,6,6,D4,10,BASE,POWER,56.800000000000004,J000007,1,1,56.800000000000004
m3-periodic,ee0bec387c023d5d0ab8464c286e0564fdf9e899852c4db249384f154598db79,20260916,0.10.0,608,supply,demands,False,6,6,D5,11,BASE,POWER,60.7,J000012,1,1,64.5
m3-periodic,ee0bec387c023d5d0ab8464c286e0564fdf9e899852c4db249384f154598db79,20260916,0.10.0,608,supply,demands,False,6,6,D6,12,BASE,POWER,60.800000000000004,J000011,1,1,64.5
m3-periodic,ee0bec387c023d5d0ab8464c286e0564fdf9e899852c4db249384f154598db79,20260916,0.10.0,609,supply,demands,False,4,4,D1,3,BASE,POWER,16.800000000000004,J000001,1,1,16.800000000000004
m3-periodic,ee0bec387c023d5d0ab8464c286e0564fdf9e899852c4db249384f154598db79,20260916,0.10.0,609,supply,demands,False,4,4,D2,6,BASE,POWER,32.7,J000005,1,1,32.7
m3-periodic,ee0bec387c023d5d0ab8464c286e0564fdf9e899852c4db249384f154598db79,20260916,0.10.0,609,supply,demands,False,4,4,D3,7,BASE,POWER,32.800000000000004,J000004,1,1,32.800000000000004
m3-periodic,ee0bec387c023d5d0ab8464c286e0564fdf9e899852c4db249384f154598db79,20260916,0.10.0,609,supply,demands,False,4,4,D4,10,BASE,POWER,56.7,J000009,1,1,56.7
m3-periodic,ee0bec387c023d5d0ab8464c286e0564fdf9e899852c4db249384f154598db79,20260916,0.10.0,610,supply,demands,False,4,4,D1,3,BASE,POWER,16.700000000000003,J000002,1,1,16.700000000000003
m3-periodic,ee0bec387c023d5d0ab8464c286e0564fdf9e899852c4db249384f154598db79,20260916,0.10.0,610,supply,demands,False,4,4,D2,6,BASE,POWER,32.40684911632141,J000006,1,1,32.40684911632141
m3-periodic,ee0bec387c023d5d0ab8464c286e0564fdf9e899852c4db249384f154598db79,20260916,0.10.0,610,supply,demands,False,4,4,D3,9,BASE,POWER,56.7,J000009,1,1,56.7
m3-periodic,ee0bec387c023d5d0ab8464c286e0564fdf9e899852c4db249384f154598db79,20260916,0.10.0,610,supply,demands,False,4,4,D4,10,BASE,POWER,60.7,J000012,1,1,60.7
m3-periodic,ee0bec387c023d5d0ab8464c286e0564fdf9e899852c4db249384f154598db79,20260916,0.10.0,611,supply,demands,False,5,5,D1,3,BASE,POWER,6.506481158069498,J000001,1,1,6.506481158069498
m3-periodic,ee0bec387c023d5d0ab8464c286e0564fdf9e899852c4db249384f154598db79,20260916,0.10.0,611,supply,demands,False,5,5,D2,6,BASE,POWER,60.7,J000008,1,1,60.7
m3-periodic,ee0bec387c023d5d0ab8464c286e0564fdf9e899852c4db249384f154598db79,20260916,0.10.0,611,supply,demands,False,5,5,D3,7,BASE,POWER,60.800000000000004,J000007,1,1,60.800000000000004
m3-periodic,ee0bec387c023d5d0ab8464c286e0564fdf9e899852c4db249384f154598db79,20260916,0.10.0,611,supply,demands,False,5,5,D4,10,BASE,POWER,64.69999999999999,J000012,1,1,64.69999999999999
m3-periodic,ee0bec387c023d5d0ab8464c286e0564fdf9e899852c4db249384f154598db79,20260916,0.10.0,611,supply,demands,False,5,5,D5,11,BASE,POWER,64.79999999999998,J000011,1,1,64.79999999999998
m3-periodic,ee0bec387c023d5d0ab8464c286e0564fdf9e899852c4db249384f154598db79,20260916,0.10.0,612,supply,demands,False,7,7,D1,3,BASE,POWER,16.700000000000003,J000002,1,1,16.700000000000003
m3-periodic,ee0bec387c023d5d0ab8464c286e0564fdf9e899852c4db249384f154598db79,20260916,0.10.0,612,supply,demands,False,7,7,D2,6,BASE,POWER,32.7,J000005,1,1,32.7
m3-periodic,ee0bec387c023d5d0ab8464c286e0564fdf9e899852c4db249384f154598db79,20260916,0.10.0,612,supply,demands,False,7,7,D3,7,BASE,POWER,32.800000000000004,J000004,1,1,32.800000000000004
m3-periodic,ee0bec387c023d5d0ab8464c286e0564fdf9e899852c4db249384f154598db79,20260916,0.10.0,612,supply,demands,False,7,7,D4,10,BASE,POWER,56.7,J000009,1,1,56.7
m3-periodic,ee0bec387c023d5d0ab8464c286e0564fdf9e899852c4db249384f154598db79,20260916,0.10.0,612,supply,demands,False,7,7,D5,11,BASE,POWER,56.800000000000004,J000008,1,1,56.800000000000004
m3-periodic,ee0bec387c023d5d0ab8464c286e0564fdf9e899852c4db249384f154598db79,20260916,0.10.0,612,supply,demands,False,7,7,D6,12,BASE,POWER,60.7,J000013,1,1,64.5
m3-periodic,ee0bec387c023d5d0ab8464c286e0564fdf9e899852c4db249384f154598db79,20260916,0.10.0,612,supply,demands,False,7,7,D7,13,BASE,POWER,60.800000000000004,J000012,1,1,64.5
m3-periodic,ee0bec387c023d5d0ab8464c286e0564fdf9e899852c4db249384f154598db79,20260916,0.10.0,613,supply,demands,False,4,4,D1,3,BASE,POWER,16.27947656425063,J000001,1,1,16.27947656425063
m3-periodic,ee0bec387c023d5d0ab8464c286e0564fdf9e899852c4db249384f154598db79,20260916,0.10.0,613,supply,demands,False,4,4,D2,4,BASE,POWER,16.37947656425063,J000003,1,1,16.37947656425063
m3-periodic,ee0bec387c023d5d0ab8464c286e0564fdf9e899852c4db249384f154598db79,20260916,0.10.0,613,supply,demands,False,4,4,D3,7,BASE,POWER,56.800000000000004,J000009,1,1,56.800000000000004
m3-periodic,ee0bec387c023d5d0ab8464c286e0564fdf9e899852c4db249384f154598db79,20260916,0.10.0,613,supply,demands,False,4,4,D4,8,BASE,POWER,60.7,J000012,1,1,60.7
m3-periodic,ee0bec387c023d5d0ab8464c286e0564fdf9e899852c4db249384f154598db79,20260916,0.10.0,614,supply,demands,False,5,5,D1,3,BASE,POWER,16.800000000000004,J000001,1,1,16.800000000000004
m3-periodic,ee0bec387c023d5d0ab8464c286e0564fdf9e899852c4db249384f154598db79,20260916,0.10.0,614,supply,demands,False,5,5,D2,6,BASE,POWER,32.64528819714282,J000004,1,1,32.64528819714282
m3-periodic,ee0bec387c023d5d0ab8464c286e0564fdf9e899852c4db249384f154598db79,20260916,0.10.0,614,supply,demands,False,5,5,D3,7,BASE,POWER,32.74528819714282,J000006,1,1,32.74528819714282
m3-periodic,ee0bec387c023d5d0ab8464c286e0564fdf9e899852c4db249384f154598db79,20260916,0.10.0,614,supply,demands,False,5,5,D4,10,BASE,POWER,56.800000000000004,J000010,1,1,56.800000000000004
m3-periodic,ee0bec387c023d5d0ab8464c286e0564fdf9e899852c4db249384f154598db79,20260916,0.10.0,614,supply,demands,False,5,5,D5,11,BASE,POWER,60.7,J000013,1,1,60.7
m3-periodic,ee0bec387c023d5d0ab8464c286e0564fdf9e899852c4db249384f154598db79,20260916,0.10.0,615,supply,demands,False,5,5,D1,3,BASE,POWER,16.700000000000003,J000002,1,1,16.700000000000003
m3-periodic,ee0bec387c023d5d0ab8464c286e0564fdf9e899852c4db249384f154598db79,20260916,0.10.0,615,supply,demands,False,5,5,D2,4,BASE,POWER,16.800000000000004,J000001,1,1,16.800000000000004
m3-periodic,ee0bec387c023d5d0ab8464c286e0564fdf9e899852c4db249384f154598db79,20260916,0.10.0,615,supply,demands,False,5,5,D3,7,BASE,POWER,31.388067919442587,J000007,1,1,31.388067919442587
m3-periodic,ee0bec387c023d5d0ab8464c286e0564fdf9e899852c4db249384f154598db79,20260916,0.10.0,615,supply,demands,False,5,5,D4,10,BASE,POWER,56.7,J000010,1,1,56.7
m3-periodic,ee0bec387c023d5d0ab8464c286e0564fdf9e899852c4db249384f154598db79,20260916,0.10.0,615,supply,demands,False,5,5,D5,11,BASE,POWER,56.800000000000004,J000009,1,1,56.800000000000004
m3-periodic,ee0bec387c023d5d0ab8464c286e0564fdf9e899852c4db249384f154598db79,20260916,0.10.0,616,supply,demands,False,3,3,D1,3,BASE,POWER,16.700000000000003,J000002,1,1,16.700000000000003
m3-periodic,ee0bec387c023d5d0ab8464c286e0564fdf9e899852c4db249384f154598db79,20260916,0.10.0,616,supply,demands,False,3,3,D2,6,BASE,POWER,56.7,J000007,1,1,56.7
m3-periodic,ee0bec387c023d5d0ab8464c286e0564fdf9e899852c4db249384f154598db79,20260916,0.10.0,616,supply,demands,False,3,3,D3,7,BASE,POWER,56.800000000000004,J000006,1,1,56.800000000000004
m3-periodic,ee0bec387c023d5d0ab8464c286e0564fdf9e899852c4db249384f154598db79,20260916,0.10.0,617,supply,demands,False,7,7,D1,3,BASE,POWER,16.700000000000003,J000002,1,1,16.700000000000003
m3-periodic,ee0bec387c023d5d0ab8464c286e0564fdf9e899852c4db249384f154598db79,20260916,0.10.0,617,supply,demands,False,7,7,D2,4,BASE,POWER,16.800000000000004,J000001,1,1,16.800000000000004
m3-periodic,ee0bec387c023d5d0ab8464c286e0564fdf9e899852c4db249384f154598db79,20260916,0.10.0,617,supply,demands,False,7,7,D3,7,BASE,POWER,32.7,J000006,1,1,32.7
m3-periodic,ee0bec387c023d5d0ab8464c286e0564fdf9e899852c4db249384f154598db79,20260916,0.10.0,617,supply,demands,False,7,7,D4,8,BASE,POWER,36.7,J000008,1,1,36.7
m3-periodic,ee0bec387c023d5d0ab8464c286e0564fdf9e899852c4db249384f154598db79,20260916,0.10.0,617,supply,demands,False,7,7,D5,11,BASE,POWER,56.7,J000010,1,1,56.7
m3-periodic,ee0bec387c023d5d0ab8464c286e0564fdf9e899852c4db249384f154598db79,20260916,0.10.0,617,supply,demands,False,7,7,D6,12,BASE,POWER,60.7,J000013,1,1,60.7
m3-periodic,ee0bec387c023d5d0ab8464c286e0564fdf9e899852c4db249384f154598db79,20260916,0.10.0,617,supply,demands,False,7,7,D7,15,BASE,POWER,64.69999999999999,J000015,1,1,64.69999999999999
m3-periodic,ee0bec387c023d5d0ab8464c286e0564fdf9e899852c4db249384f154598db79,20260916,0.10.0,618,supply,demands,False,4,4,D1,3,BASE,POWER,16.700000000000003,J000003,1,1,16.700000000000003
m3-periodic,ee0bec387c023d5d0ab8464c286e0564fdf9e899852c4db249384f154598db79,20260916,0.10.0,618,supply,demands,False,4,4,D2,6,BASE,POWER,56.7,J000008,1,1,56.7
m3-periodic,ee0bec387c023d5d0ab8464c286e0564fdf9e899852c4db249384f154598db79,20260916,0.10.0,618,supply,demands,False,4,4,D3,7,BASE,POWER,56.800000000000004,J000007,1,1,56.800000000000004
m3-periodic,ee0bec387c023d5d0ab8464c286e0564fdf9e899852c4db249384f154598db79,20260916,0.10.0,618,supply,demands,False,4,4,D4,8,BASE,POWER,60.7,J000011,1,1,64.5
m3-periodic,ee0bec387c023d5d0ab8464c286e0564fdf9e899852c4db249384f154598db79,20260916,0.10.0,619,supply,demands,False,2,2,D1,3,BASE,POWER,16.700000000000003,J000002,1,1,16.700000000000003
m3-periodic,ee0bec387c023d5d0ab8464c286e0564fdf9e899852c4db249384f154598db79,20260916,0.10.0,619,supply,demands,False,2,2,D2,6,BASE,POWER,56.7,J000008,1,1,56.7
m3-periodic,ee0bec387c023d5d0ab8464c286e0564fdf9e899852c4db249384f154598db79,20260916,0.10.0,620,supply,demands,False,8,8,D1,3,BASE,POWER,16.700000000000003,J000002,1,1,16.700000000000003
m3-periodic,ee0bec387c023d5d0ab8464c286e0564fdf9e899852c4db249384f154598db79,20260916,0.10.0,620,supply,demands,False,8,8,D2,4,BASE,POWER,16.800000000000004,J000001,1,1,16.800000000000004
m3-periodic,ee0bec387c023d5d0ab8464c286e0564fdf9e899852c4db249384f154598db79,20260916,0.10.0,620,supply,demands,False,8,8,D3,7,BASE,POWER,32.7,J000006,1,1,32.7
m3-periodic,ee0bec387c023d5d0ab8464c286e0564fdf9e899852c4db249384f154598db79,20260916,0.10.0,620,supply,demands,False,8,8,D4,8,BASE,POWER,32.800000000000004,J000005,1,1,32.800000000000004
m3-periodic,ee0bec387c023d5d0ab8464c286e0564fdf9e899852c4db249384f154598db79,20260916,0.10.0,620,supply,demands,False,8,8,D5,11,BASE,POWER,56.7,J000010,1,1,56.7
m3-periodic,ee0bec387c023d5d0ab8464c286e0564fdf9e899852c4db249384f154598db79,20260916,0.10.0,620,supply,demands,False,8,8,D6,12,BASE,POWER,56.800000000000004,J000009,1,1,56.800000000000004
m3-periodic,ee0bec387c023d5d0ab8464c286e0564fdf9e899852c4db249384f154598db79,20260916,0.10.0,620,supply,demands,False,8,8,D7,13,BASE,POWER,60.7,J000014,1,1,64.5
m3-periodic,ee0bec387c023d5d0ab8464c286e0564fdf9e899852c4db249384f154598db79,20260916,0.10.0,620,supply,demands,False,8,8,D8,14,BASE,POWER,60.800000000000004,J000013,1,1,64.5
m3-periodic,ee0bec387c023d5d0ab8464c286e0564fdf9e899852c4db249384f154598db79,20260916,0.10.0,621,supply,demands,False,8,8,D1,3,BASE,POWER,16.700000000000003,J000001,1,1,16.700000000000003
m3-periodic,ee0bec387c023d5d0ab8464c286e0564fdf9e899852c4db249384f154598db79,20260916,0.10.0,621,supply,demands,False,8,8,D2,4,BASE,POWER,16.800000000000004,J000003,1,1,16.800000000000004
m3-periodic,ee0bec387c023d5d0ab8464c286e0564fdf9e899852c4db249384f154598db79,20260916,0.10.0,621,supply,demands,False,8,8,D3,7,BASE,POWER,32.7,J000007,1,1,32.7
m3-periodic,ee0bec387c023d5d0ab8464c286e0564fdf9e899852c4db249384f154598db79,20260916,0.10.0,621,supply,demands,False,8,8,D4,8,BASE,POWER,32.800000000000004,J000006,1,1,32.800000000000004
m3-periodic,ee0bec387c023d5d0ab8464c286e0564fdf9e899852c4db249384f154598db79,20260916,0.10.0,621,supply,demands,False,8,8,D5,11,BASE,POWER,56.7,J000011,1,1,56.7
m3-periodic,ee0bec387c023d5d0ab8464c286e0564fdf9e899852c4db249384f154598db79,20260916,0.10.0,621,supply,demands,False,8,8,D6,12,BASE,POWER,56.800000000000004,J000010,1,1,56.800000000000004
m3-periodic,ee0bec387c023d5d0ab8464c286e0564fdf9e899852c4db249384f154598db79,20260916,0.10.0,621,supply,demands,False,8,8,D7,13,BASE,POWER,60.7,J000015,1,1,64.5
m3-periodic,ee0bec387c023d5d0ab8464c286e0564fdf9e899852c4db249384f154598db79,20260916,0.10.0,621,supply,demands,False,8,8,D8,14,BASE,POWER,60.800000000000004,J000014,1,1,64.5
m3-periodic,ee0bec387c023d5d0ab8464c286e0564fdf9e899852c4db249384f154598db79,20260916,0.10.0,622,supply,demands,False,3,3,D1,3,BASE,POWER,16.700000000000003,J000002,1,1,16.700000000000003
m3-periodic,ee0bec387c023d5d0ab8464c286e0564fdf9e899852c4db249384f154598db79,20260916,0.10.0,622,supply,demands,False,3,3,D2,6,BASE,POWER,32.7,J000005,1,1,32.7
m3-periodic,ee0bec387c023d5d0ab8464c286e0564fdf9e899852c4db249384f154598db79,20260916,0.10.0,622,supply,demands,False,3,3,D3,9,BASE,POWER,64.69999999999999,J000011,1,1,64.69999999999999
m3-periodic,ee0bec387c023d5d0ab8464c286e0564fdf9e899852c4db249384f154598db79,20260916,0.10.0,623,supply,demands,False,8,8,D1,3,BASE,POWER,16.700000000000003,J000002,1,1,16.700000000000003
m3-periodic,ee0bec387c023d5d0ab8464c286e0564fdf9e899852c4db249384f154598db79,20260916,0.10.0,623,supply,demands,False,8,8,D2,4,BASE,POWER,16.800000000000004,J000001,1,1,16.800000000000004
m3-periodic,ee0bec387c023d5d0ab8464c286e0564fdf9e899852c4db249384f154598db79,20260916,0.10.0,623,supply,demands,False,8,8,D3,7,BASE,POWER,32.7,J000006,1,1,32.7
m3-periodic,ee0bec387c023d5d0ab8464c286e0564fdf9e899852c4db249384f154598db79,20260916,0.10.0,623,supply,demands,False,8,8,D4,8,BASE,POWER,32.800000000000004,J000005,1,1,32.800000000000004
m3-periodic,ee0bec387c023d5d0ab8464c286e0564fdf9e899852c4db249384f154598db79,20260916,0.10.0,623,supply,demands,False,8,8,D5,11,BASE,POWER,56.7,J000010,1,1,56.7
m3-periodic,ee0bec387c023d5d0ab8464c286e0564fdf9e899852c4db249384f154598db79,20260916,0.10.0,623,supply,demands,False,8,8,D6,12,BASE,POWER,56.800000000000004,J000009,1,1,56.800000000000004
m3-periodic,ee0bec387c023d5d0ab8464c286e0564fdf9e899852c4db249384f154598db79,20260916,0.10.0,623,supply,demands,False,8,8,D7,13,BASE,POWER,59.65412780152046,J000014,1,1,64.5
m3-periodic,ee0bec387c023d5d0ab8464c286e0564fdf9e899852c4db249384f154598db79,20260916,0.10.0,623,supply,demands,False,8,8,D8,14,BASE,POWER,59.75412780152046,J000015,1,1,64.5
m3-periodic,ee0bec387c023d5d0ab8464c286e0564fdf9e899852c4db249384f154598db79,20260916,0.10.0,624,supply,demands,False,2,2,D1,3,BASE,POWER,56.7,J000006,1,1,56.7
m3-periodic,ee0bec387c023d5d0ab8464c286e0564fdf9e899852c4db249384f154598db79,20260916,0.10.0,624,supply,demands,False,2,2,D2,4,BASE,POWER,60.7,J000008,1,1,60.7
m3-periodic,ee0bec387c023d5d0ab8464c286e0564fdf9e899852c4db249384f154598db79,20260916,0.10.0,625,supply,demands,False,5,5,D1,3,BASE,POWER,16.700000000000003,J000002,1,1,16.700000000000003
m3-periodic,ee0bec387c023d5d0ab8464c286e0564fdf9e899852c4db249384f154598db79,20260916,0.10.0,625,supply,demands,False,5,5,D2,4,BASE,POWER,16.800000000000004,J000001,1,1,16.800000000000004
m3-periodic,ee0bec387c023d5d0ab8464c286e0564fdf9e899852c4db249384f154598db79,20260916,0.10.0,625,supply,demands,False,5,5,D3,7,BASE,POWER,32.7,J000006,1,1,32.7
m3-periodic,ee0bec387c023d5d0ab8464c286e0564fdf9e899852c4db249384f154598db79,20260916,0.10.0,625,supply,demands,False,5,5,D4,10,BASE,POWER,54.920867750858136,J000009,1,1,54.920867750858136
m3-periodic,ee0bec387c023d5d0ab8464c286e0564fdf9e899852c4db249384f154598db79,20260916,0.10.0,625,supply,demands,False,5,5,D5,13,BASE,POWER,60.800000000000004,J000011,1,1,60.800000000000004
m3-periodic,ee0bec387c023d5d0ab8464c286e0564fdf9e899852c4db249384f154598db79,20260916,0.10.0,626,supply,demands,False,3,3,D1,3,BASE,POWER,16.700000000000003,J000003,1,1,16.700000000000003
m3-periodic,ee0bec387c023d5d0ab8464c286e0564fdf9e899852c4db249384f154598db79,20260916,0.10.0,626,supply,demands,False,3,3,D2,4,BASE,POWER,16.800000000000004,J000002,1,1,16.800000000000004
m3-periodic,ee0bec387c023d5d0ab8464c286e0564fdf9e899852c4db249384f154598db79,20260916,0.10.0,626,supply,demands,False,3,3,D3,7,BASE,POWER,56.7,J000009,1,1,56.7
m3-periodic,ee0bec387c023d5d0ab8464c286e0564fdf9e899852c4db249384f154598db79,20260916,0.10.0,627,supply,demands,False,5,5,D1,3,BASE,POWER,16.700000000000003,J000002,1,1,16.700000000000003
m3-periodic,ee0bec387c023d5d0ab8464c286e0564fdf9e899852c4db249384f154598db79,20260916,0.10.0,627,supply,demands,False,5,5,D2,6,BASE,POWER,32.7,J000005,1,1,32.7
m3-periodic,ee0bec387c023d5d0ab8464c286e0564fdf9e899852c4db249384f154598db79,20260916,0.10.0,627,supply,demands,False,5,5,D3,9,BASE,POWER,56.7,J000008,1,1,56.7
m3-periodic,ee0bec387c023d5d0ab8464c286e0564fdf9e899852c4db249384f154598db79,20260916,0.10.0,627,supply,demands,False,5,5,D4,10,BASE,POWER,60.7,J000011,1,1,60.7
m3-periodic,ee0bec387c023d5d0ab8464c286e0564fdf9e899852c4db249384f154598db79,20260916,0.10.0,627,supply,demands,False,5,5,D5,11,BASE,POWER,60.800000000000004,J000010,1,1,64.5
m3-periodic,ee0bec387c023d5d0ab8464c286e0564fdf9e899852c4db249384f154598db79,20260916,0.10.0,628,supply,demands,False,6,6,D1,3,BASE,POWER,16.800000000000004,J000001,1,1,16.800000000000004
m3-periodic,ee0bec387c023d5d0ab8464c286e0564fdf9e899852c4db249384f154598db79,20260916,0.10.0,628,supply,demands,False,6,6,D2,6,BASE,POWER,32.800000000000004,J000004,1,1,32.800000000000004
m3-periodic,ee0bec387c023d5d0ab8464c286e0564fdf9e899852c4db249384f154598db79,20260916,0.10.0,628,supply,demands,False,6,6,D3,7,BASE,POWER,35.52339943098994,J000007,1,1,35.52339943098994
m3-periodic,ee0bec387c023d5d0ab8464c286e0564fdf9e899852c4db249384f154598db79,20260916,0.10.0,628,supply,demands,False,6,6,D4,10,BASE,POWER,56.7,J000009,1,1,56.7
m3-periodic,ee0bec387c023d5d0ab8464c286e0564fdf9e899852c4db249384f154598db79,20260916,0.10.0,628,supply,demands,False,6,6,D5,11,BASE,POWER,60.800000000000004,J000011,1,1,60.800000000000004
m3-periodic,ee0bec387c023d5d0ab8464c286e0564fdf9e899852c4db249384f154598db79,20260916,0.10.0,628,supply,demands,False,6,6,D6,14,BASE,POWER,64.69999999999999,J000014,1,1,64.69999999999999
m3-periodic,ee0bec387c023d5d0ab8464c286e0564fdf9e899852c4db249384f154598db79,20260916,0.10.0,629,supply,demands,False,8,8,D1,3,BASE,POWER,16.700000000000003,J000002,1,1,16.700000000000003
m3-periodic,ee0bec387c023d5d0ab8464c286e0564fdf9e899852c4db249384f154598db79,20260916,0.10.0,629,supply,demands,False,8,8,D2,4,BASE,POWER,16.800000000000004,J000001,1,1,16.800000000000004
m3-periodic,ee0bec387c023d5d0ab8464c286e0564fdf9e899852c4db249384f154598db79,20260916,0.10.0,629,supply,demands,False,8,8,D3,7,BASE,POWER,32.7,J000006,1,1,32.7
m3-periodic,ee0bec387c023d5d0ab8464c286e0564fdf9e899852c4db249384f154598db79,20260916,0.10.0,629,supply,demands,False,8,8,D4,8,BASE,POWER,32.800000000000004,J000005,1,1,32.800000000000004
m3-periodic,ee0bec387c023d5d0ab8464c286e0564fdf9e899852c4db249384f154598db79,20260916,0.10.0,629,supply,demands,False,8,8,D5,11,BASE,POWER,56.7,J000010,1,1,56.7
m3-periodic,ee0bec387c023d5d0ab8464c286e0564fdf9e899852c4db249384f154598db79,20260916,0.10.0,629,supply,demands,False,8,8,D6,12,BASE,POWER,56.800000000000004,J000009,1,1,56.800000000000004
m3-periodic,ee0bec387c023d5d0ab8464c286e0564fdf9e899852c4db249384f154598db79,20260916,0.10.0,629,supply,demands,False,8,8,D7,13,BASE,POWER,60.7,J000014,1,1,64.5
m3-periodic,ee0bec387c023d5d0ab8464c286e0564fdf9e899852c4db249384f154598db79,20260916,0.10.0,629,supply,demands,False,8,8,D8,14,BASE,POWER,60.800000000000004,J000013,1,1,64.5
m3-periodic,ee0bec387c023d5d0ab8464c286e0564fdf9e899852c4db249384f154598db79,20260916,0.10.0,630,supply,demands,False,4,4,D1,3,BASE,POWER,11.443027111298827,J000001,1,1,11.443027111298827
m3-periodic,ee0bec387c023d5d0ab8464c286e0564fdf9e899852c4db249384f154598db79,20260916,0.10.0,630,supply,demands,False,4,4,D2,6,BASE,POWER,16.700000000000003,J000004,1,1,16.700000000000003
m3-periodic,ee0bec387c023d5d0ab8464c286e0564fdf9e899852c4db249384f154598db79,20260916,0.10.0,630,supply,demands,False,4,4,D3,7,BASE,POWER,16.800000000000004,J000003,1,1,16.800000000000004
m3-periodic,ee0bec387c023d5d0ab8464c286e0564fdf9e899852c4db249384f154598db79,20260916,0.10.0,630,supply,demands,False,4,4,D4,10,BASE,POWER,32.7,J000007,1,1,32.7
m3-periodic,ee0bec387c023d5d0ab8464c286e0564fdf9e899852c4db249384f154598db79,20260916,0.10.0,631,supply,demands,False,3,3,D1,3,BASE,POWER,8.7,J000001,1,1,8.7
m3-periodic,ee0bec387c023d5d0ab8464c286e0564fdf9e899852c4db249384f154598db79,20260916,0.10.0,631,supply,demands,False,3,3,D2,6,BASE,POWER,40.7,J000006,1,1,40.7
m3-periodic,ee0bec387c023d5d0ab8464c286e0564fdf9e899852c4db249384f154598db79,20260916,0.10.0,631,supply,demands,False,3,3,D3,9,BASE,POWER,64.69999999999999,J000011,1,1,64.69999999999999
m3-periodic,ee0bec387c023d5d0ab8464c286e0564fdf9e899852c4db249384f154598db79,20260916,0.10.0,632,supply,demands,False,4,4,D1,3,BASE,POWER,32.7,J000004,1,1,32.7
m3-periodic,ee0bec387c023d5d0ab8464c286e0564fdf9e899852c4db249384f154598db79,20260916,0.10.0,632,supply,demands,False,4,4,D2,4,BASE,POWER,36.7,J000006,1,1,36.7
m3-periodic,ee0bec387c023d5d0ab8464c286e0564fdf9e899852c4db249384f154598db79,20260916,0.10.0,632,supply,demands,False,4,4,D3,7,BASE,POWER,60.7,J000010,1,1,60.7
m3-periodic,ee0bec387c023d5d0ab8464c286e0564fdf9e899852c4db249384f154598db79,20260916,0.10.0,632,supply,demands,False,4,4,D4,10,BASE,POWER,64.69999999999999,J000012,1,1,64.69999999999999
m3-periodic,ee0bec387c023d5d0ab8464c286e0564fdf9e899852c4db249384f154598db79,20260916,0.10.0,633,supply,demands,False,6,6,D1,3,BASE,POWER,16.700000000000003,J000002,1,1,16.700000000000003
m3-periodic,ee0bec387c023d5d0ab8464c286e0564fdf9e899852c4db249384f154598db79,20260916,0.10.0,633,supply,demands,False,6,6,D2,4,BASE,POWER,16.800000000000004,J000001,1,1,16.800000000000004
m3-periodic,ee0bec387c023d5d0ab8464c286e0564fdf9e899852c4db249384f154598db79,20260916,0.10.0,633,supply,demands,False,6,6,D3,7,BASE,POWER,32.800000000000004,J000005,1,1,32.800000000000004
m3-periodic,ee0bec387c023d5d0ab8464c286e0564fdf9e899852c4db249384f154598db79,20260916,0.10.0,633,supply,demands,False,6,6,D4,10,BASE,POWER,55.75895006833558,J000008,1,1,55.75895006833558
m3-periodic,ee0bec387c023d5d0ab8464c286e0564fdf9e899852c4db249384f154598db79,20260916,0.10.0,633,supply,demands,False,6,6,D5,11,BASE,POWER,55.85895006833558,J000010,1,1,55.85895006833558
m3-periodic,ee0bec387c023d5d0ab8464c286e0564fdf9e899852c4db249384f154598db79,20260916,0.10.0,633,supply,demands,False,6,6,D6,14,BASE,POWER,60.800000000000004,J000013,1,1,60.800000000000004
m3-periodic,ee0bec387c023d5d0ab8464c286e0564fdf9e899852c4db249384f154598db79,20260916,0.10.0,634,supply,demands,False,7,7,D1,3,BASE,POWER,16.700000000000003,J000002,1,1,16.700000000000003
m3-periodic,ee0bec387c023d5d0ab8464c286e0564fdf9e899852c4db249384f154598db79,20260916,0.10.0,634,supply,demands,False,7,7,D2,4,BASE,POWER,16.800000000000004,J000001,1,1,16.800000000000004
m3-periodic,ee0bec387c023d5d0ab8464c286e0564fdf9e899852c4db249384f154598db79,20260916,0.10.0,634,supply,demands,False,7,7,D3,7,BASE,POWER,32.7,J000006,1,1,32.7
m3-periodic,ee0bec387c023d5d0ab8464c286e0564fdf9e899852c4db249384f154598db79,20260916,0.10.0,634,supply,demands,False,7,7,D4,8,BASE,POWER,32.800000000000004,J000005,1,1,32.800000000000004
m3-periodic,ee0bec387c023d5d0ab8464c286e0564fdf9e899852c4db249384f154598db79,20260916,0.10.0,634,supply,demands,False,7,7,D5,11,BASE,POWER,56.800000000000004,J000009,1,1,56.800000000000004
m3-periodic,ee0bec387c023d5d0ab8464c286e0564fdf9e899852c4db249384f154598db79,20260916,0.10.0,634,supply,demands,False,7,7,D6,12,BASE,POWER,60.7,J000013,1,1,60.7
m3-periodic,ee0bec387c023d5d0ab8464c286e0564fdf9e899852c4db249384f154598db79,20260916,0.10.0,634,supply,demands,False,7,7,D7,13,BASE,POWER,60.800000000000004,J000012,1,1,64.5
m3-periodic,ee0bec387c023d5d0ab8464c286e0564fdf9e899852c4db249384f154598db79,20260916,0.10.0,635,supply,demands,False,6,6,D1,3,BASE,POWER,8.371293238089988,J000001,1,1,8.371293238089988
m3-periodic,ee0bec387c023d5d0ab8464c286e0564fdf9e899852c4db249384f154598db79,20260916,0.10.0,635,supply,demands,False,6,6,D2,4,BASE,POWER,15.499491328023444,J000004,1,1,15.499491328023444
m3-periodic,ee0bec387c023d5d0ab8464c286e0564fdf9e899852c4db249384f154598db79,20260916,0.10.0,635,supply,demands,False,6,6,D3,7,BASE,POWER,32.7,J000007,1,1,32.7
m3-periodic,ee0bec387c023d5d0ab8464c286e0564fdf9e899852c4db249384f154598db79,20260916,0.10.0,635,supply,demands,False,6,6,D4,8,BASE,POWER,32.800000000000004,J000006,1,1,32.800000000000004
m3-periodic,ee0bec387c023d5d0ab8464c286e0564fdf9e899852c4db249384f154598db79,20260916,0.10.0,635,supply,demands,False,6,6,D5,11,BASE,POWER,56.800000000000004,J000010,1,1,56.800000000000004
m3-periodic,ee0bec387c023d5d0ab8464c286e0564fdf9e899852c4db249384f154598db79,20260916,0.10.0,635,supply,demands,False,6,6,D6,12,BASE,POWER,60.800000000000004,J000013,1,1,60.800000000000004
m3-periodic,ee0bec387c023d5d0ab8464c286e0564fdf9e899852c4db249384f154598db79,20260916,0.10.0,636,supply,demands,False,2,2,D1,3,BASE,POWER,16.700000000000003,J000002,1,1,16.700000000000003
m3-periodic,ee0bec387c023d5d0ab8464c286e0564fdf9e899852c4db249384f154598db79,20260916,0.10.0,636,supply,demands,False,2,2,D2,4,BASE,POWER,16.800000000000004,J000001,1,1,16.800000000000004
m3-periodic,ee0bec387c023d5d0ab8464c286e0564fdf9e899852c4db249384f154598db79,20260916,0.10.0,637,supply,demands,False,4,4,D1,3,BASE,POWER,16.700000000000003,J000002,1,1,16.700000000000003
m3-periodic,ee0bec387c023d5d0ab8464c286e0564fdf9e899852c4db249384f154598db79,20260916,0.10.0,637,supply,demands,False,4,4,D2,4,BASE,POWER,16.800000000000004,J000001,1,1,16.800000000000004
m3-periodic,ee0bec387c023d5d0ab8464c286e0564fdf9e899852c4db249384f154598db79,20260916,0.10.0,637,supply,demands,False,4,4,D3,7,BASE,POWER,32.800000000000004,J000005,1,1,32.800000000000004
m3-periodic,ee0bec387c023d5d0ab8464c286e0564fdf9e899852c4db249384f154598db79,20260916,0.10.0,637,supply,demands,False,4,4,D4,10,BASE,POWER,60.800000000000004,J000010,1,1,60.800000000000004
m3-periodic,ee0bec387c023d5d0ab8464c286e0564fdf9e899852c4db249384f154598db79,20260916,0.10.0,638,supply,demands,False,3,3,D1,3,BASE,POWER,32.7,J000004,1,1,32.7
m3-periodic,ee0bec387c023d5d0ab8464c286e0564fdf9e899852c4db249384f154598db79,20260916,0.10.0,638,supply,demands,False,3,3,D2,6,BASE,POWER,56.800000000000004,J000007,1,1,56.800000000000004
m3-periodic,ee0bec387c023d5d0ab8464c286e0564fdf9e899852c4db249384f154598db79,20260916,0.10.0,638,supply,demands,False,3,3,D3,7,BASE,POWER,60.7,J000010,1,1,60.7
m3-periodic,ee0bec387c023d5d0ab8464c286e0564fdf9e899852c4db249384f154598db79,20260916,0.10.0,639,supply,demands,False,8,8,D1,3,BASE,POWER,16.700000000000003,J000002,1,1,16.700000000000003
m3-periodic,ee0bec387c023d5d0ab8464c286e0564fdf9e899852c4db249384f154598db79,20260916,0.10.0,639,supply,demands,False,8,8,D2,4,BASE,POWER,16.800000000000004,J000001,1,1,16.800000000000004
m3-periodic,ee0bec387c023d5d0ab8464c286e0564fdf9e899852c4db249384f154598db79,20260916,0.10.0,639,supply,demands,False,8,8,D3,7,BASE,POWER,32.7,J000006,1,1,32.7
m3-periodic,ee0bec387c023d5d0ab8464c286e0564fdf9e899852c4db249384f154598db79,20260916,0.10.0,639,supply,demands,False,8,8,D4,8,BASE,POWER,32.800000000000004,J000005,1,1,32.800000000000004
m3-periodic,ee0bec387c023d5d0ab8464c286e0564fdf9e899852c4db249384f154598db79,20260916,0.10.0,639,supply,demands,False,8,8,D5,11,BASE,POWER,56.7,J000010,1,1,56.7
m3-periodic,ee0bec387c023d5d0ab8464c286e0564fdf9e899852c4db249384f154598db79,20260916,0.10.0,639,supply,demands,False,8,8,D6,12,BASE,POWER,56.800000000000004,J000009,1,1,56.800000000000004
m3-periodic,ee0bec387c023d5d0ab8464c286e0564fdf9e899852c4db249384f154598db79,20260916,0.10.0,639,supply,demands,False,8,8,D7,13,BASE,POWER,60.7,J000014,1,1,64.5
m3-periodic,ee0bec387c023d5d0ab8464c286e0564fdf9e899852c4db249384f154598db79,20260916,0.10.0,639,supply,demands,False,8,8,D8,14,BASE,POWER,60.800000000000004,J000013,1,1,64.5
m3-periodic,ee0bec387c023d5d0ab8464c286e0564fdf9e899852c4db249384f154598db79,20260916,0.10.0,640,supply,demands,False,8,8,D1,3,BASE,POWER,16.700000000000003,J000002,1,1,16.700000000000003
m3-periodic,ee0bec387c023d5d0ab8464c286e0564fdf9e899852c4db249384f154598db79,20260916,0.10.0,640,supply,demands,False,8,8,D2,4,BASE,POWER,16.800000000000004,J000001,1,1,16.800000000000004
m3-periodic,ee0bec387c023d5d0ab8464c286e0564fdf9e899852c4db249384f154598db79,20260916,0.10.0,640,supply,demands,False,8,8,D3,7,BASE,POWER,32.7,J000006,1,1,32.7
m3-periodic,ee0bec387c023d5d0ab8464c286e0564fdf9e899852c4db249384f154598db79,20260916,0.10.0,640,supply,demands,False,8,8,D4,8,BASE,POWER,32.800000000000004,J000005,1,1,32.800000000000004
m3-periodic,ee0bec387c023d5d0ab8464c286e0564fdf9e899852c4db249384f154598db79,20260916,0.10.0,640,supply,demands,False,8,8,D5,11,BASE,POWER,56.7,J000010,1,1,56.7
m3-periodic,ee0bec387c023d5d0ab8464c286e0564fdf9e899852c4db249384f154598db79,20260916,0.10.0,640,supply,demands,False,8,8,D6,12,BASE,POWER,60.7,J000013,1,1,60.7
m3-periodic,ee0bec387c023d5d0ab8464c286e0564fdf9e899852c4db249384f154598db79,20260916,0.10.0,640,supply,demands,False,8,8,D7,13,BASE,POWER,60.800000000000004,J000012,1,1,64.5
m3-periodic,ee0bec387c023d5d0ab8464c286e0564fdf9e899852c4db249384f154598db79,20260916,0.10.0,640,supply,demands,False,8,8,D8,16,BASE,POWER,64.57665299026658,J000017,1,1,64.57665299026658
m3-periodic,ee0bec387c023d5d0ab8464c286e0564fdf9e899852c4db249384f154598db79,20260916,0.10.0,641,supply,demands,False,4,4,D1,3,BASE,POWER,16.700000000000003,J000002,1,1,16.700000000000003
m3-periodic,ee0bec387c023d5d0ab8464c286e0564fdf9e899852c4db249384f154598db79,20260916,0.10.0,641,supply,demands,False,4,4,D2,6,BASE,POWER,32.800000000000004,J000004,1,1,32.800000000000004
m3-periodic,ee0bec387c023d5d0ab8464c286e0564fdf9e899852c4db249384f154598db79,20260916,0.10.0,641,supply,demands,False,4,4,D3,9,BASE,POWER,60.7,J000010,1,1,60.7
m3-periodic,ee0bec387c023d5d0ab8464c286e0564fdf9e899852c4db249384f154598db79,20260916,0.10.0,641,supply,demands,False,4,4,D4,10,BASE,POWER,60.800000000000004,J000009,1,1,60.800000000000004
m3-periodic,ee0bec387c023d5d0ab8464c286e0564fdf9e899852c4db249384f154598db79,20260916,0.10.0,642,supply,demands,False,5,5,D1,3,BASE,POWER,12.7,J000001,1,1,12.7
m3-periodic,ee0bec387c023d5d0ab8464c286e0564fdf9e899852c4db249384f154598db79,20260916,0.10.0,642,supply,demands,False,5,5,D2,6,BASE,POWER,16.700000000000003,J000004,1,1,16.700000000000003
m3-periodic,ee0bec387c023d5d0ab8464c286e0564fdf9e899852c4db249384f154598db79,20260916,0.10.0,642,supply,demands,False,5,5,D3,7,BASE,POWER,16.800000000000004,J000003,1,1,16.800000000000004
m3-periodic,ee0bec387c023d5d0ab8464c286e0564fdf9e899852c4db249384f154598db79,20260916,0.10.0,642,supply,demands,False,5,5,D4,10,BASE,POWER,56.7,J000010,1,1,56.7
m3-periodic,ee0bec387c023d5d0ab8464c286e0564fdf9e899852c4db249384f154598db79,20260916,0.10.0,642,supply,demands,False,5,5,D5,11,BASE,POWER,60.7,J000012,1,1,60.7
m3-periodic,ee0bec387c023d5d0ab8464c286e0564fdf9e899852c4db249384f154598db79,20260916,0.10.0,643,supply,demands,False,7,7,D1,3,BASE,POWER,16.700000000000003,J000002,1,1,16.700000000000003
m3-periodic,ee0bec387c023d5d0ab8464c286e0564fdf9e899852c4db249384f154598db79,20260916,0.10.0,643,supply,demands,False,7,7,D2,4,BASE,POWER,16.800000000000004,J000001,1,1,16.800000000000004
m3-periodic,ee0bec387c023d5d0ab8464c286e0564fdf9e899852c4db249384f154598db79,20260916,0.10.0,643,supply,demands,False,7,7,D3,7,BASE,POWER,32.800000000000004,J000005,1,1,32.800000000000004
m3-periodic,ee0bec387c023d5d0ab8464c286e0564fdf9e899852c4db249384f154598db79,20260916,0.10.0,643,supply,demands,False,7,7,D4,10,BASE,POWER,54.27380364140063,J000008,1,1,54.27380364140063
m3-periodic,ee0bec387c023d5d0ab8464c286e0564fdf9e899852c4db249384f154598db79,20260916,0.10.0,643,supply,demands,False,7,7,D5,13,BASE,POWER,59.02687491796894,J000011,1,1,59.02687491796894
m3-periodic,ee0bec387c023d5d0ab8464c286e0564fdf9e899852c4db249384f154598db79,20260916,0.10.0,643,supply,demands,False,7,7,D6,14,BASE,POWER,59.12687491796894,J000010,1,1,59.12687491796894
m3-periodic,ee0bec387c023d5d0ab8464c286e0564fdf9e899852c4db249384f154598db79,20260916,0.10.0,643,supply,demands,False,7,7,D7,17,BASE,POWER,64.69999999999999,J000014,1,1,64.69999999999999
m3-periodic,ee0bec387c023d5d0ab8464c286e0564fdf9e899852c4db249384f154598db79,20260916,0.10.0,644,supply,demands,False,6,6,D1,3,BASE,POWER,8.7,J000001,1,1,8.7
m3-periodic,ee0bec387c023d5d0ab8464c286e0564fdf9e899852c4db249384f154598db79,20260916,0.10.0,644,supply,demands,False,6,6,D2,4,BASE,POWER,11.71284582606764,J000003,1,1,11.71284582606764
m3-periodic,ee0bec387c023d5d0ab8464c286e0564fdf9e899852c4db249384f154598db79,20260916,0.10.0,644,supply,demands,False,6,6,D3,7,BASE,POWER,32.7,J000006,1,1,32.7
m3-periodic,ee0bec387c023d5d0ab8464c286e0564fdf9e899852c4db249384f154598db79,20260916,0.10.0,644,supply,demands,False,6,6,D4,8,BASE,POWER,36.7,J000008,1,1,36.7
m3-periodic,ee0bec387c023d5d0ab8464c286e0564fdf9e899852c4db249384f154598db79,20260916,0.10.0,644,supply,demands,False,6,6,D5,11,BASE,POWER,40.7,J000010,1,1,40.7
m3-periodic,ee0bec387c023d5d0ab8464c286e0564fdf9e899852c4db249384f154598db79,20260916,0.10.0,644,supply,demands,False,6,6,D6,14,BASE,POWER,56.7,J000012,1,1,56.7
m3-periodic,ee0bec387c023d5d0ab8464c286e0564fdf9e899852c4db249384f154598db79,20260916,0.10.0,645,supply,demands,False,5,5,D1,3,BASE,POWER,16.800000000000004,J000001,1,1,16.800000000000004
m3-periodic,ee0bec387c023d5d0ab8464c286e0564fdf9e899852c4db249384f154598db79,20260916,0.10.0,645,supply,demands,False,5,5,D2,6,BASE,POWER,32.800000000000004,J000004,1,1,32.800000000000004
m3-periodic,ee0bec387c023d5d0ab8464c286e0564fdf9e899852c4db249384f154598db79,20260916,0.10.0,645,supply,demands,False,5,5,D3,9,BASE,POWER,56.7,J000008,1,1,56.7
m3-periodic,ee0bec387c023d5d0ab8464c286e0564fdf9e899852c4db249384f154598db79,20260916,0.10.0,645,supply,demands,False,5,5,D4,10,BASE,POWER,60.7,J000011,1,1,60.7
m3-periodic,ee0bec387c023d5d0ab8464c286e0564fdf9e899852c4db249384f154598db79,20260916,0.10.0,645,supply,demands,False,5,5,D5,11,BASE,POWER,60.800000000000004,J000010,1,1,64.5
m3-periodic,ee0bec387c023d5d0ab8464c286e0564fdf9e899852c4db249384f154598db79,20260916,0.10.0,646,supply,demands,False,3,3,D1,3,BASE,POWER,32.7,J000004,1,1,32.7
m3-periodic,ee0bec387c023d5d0ab8464c286e0564fdf9e899852c4db249384f154598db79,20260916,0.10.0,646,supply,demands,False,3,3,D2,4,BASE,POWER,32.800000000000004,J000003,1,1,32.800000000000004
m3-periodic,ee0bec387c023d5d0ab8464c286e0564fdf9e899852c4db249384f154598db79,20260916,0.10.0,646,supply,demands,False,3,3,D3,7,BASE,POWER,60.800000000000004,J000011,1,1,60.800000000000004
m3-periodic,ee0bec387c023d5d0ab8464c286e0564fdf9e899852c4db249384f154598db79,20260916,0.10.0,647,supply,demands,False,5,5,D1,3,BASE,POWER,32.7,J000004,1,1,32.7
m3-periodic,ee0bec387c023d5d0ab8464c286e0564fdf9e899852c4db249384f154598db79,20260916,0.10.0,647,supply,demands,False,5,5,D2,4,BASE,POWER,32.800000000000004,J000003,1,1,32.800000000000004
m3-periodic,ee0bec387c023d5d0ab8464c286e0564fdf9e899852c4db249384f154598db79,20260916,0.10.0,647,supply,demands,False,5,5,D3,5,BASE,POWER,35.60657261696663,J000007,1,1,40.5
m3-periodic,ee0bec387c023d5d0ab8464c286e0564fdf9e899852c4db249384f154598db79,20260916,0.10.0,647,supply,demands,False,5,5,D4,8,BASE,POWER,63.83964690852947,J000013,1,1,63.83964690852947
m3-periodic,ee0bec387c023d5d0ab8464c286e0564fdf9e899852c4db249384f154598db79,20260916,0.10.0,647,supply,demands,False,5,5,D5,9,BASE,POWER,63.93964690852947,J000014,1,1,63.93964690852947
m3-periodic,ee0bec387c023d5d0ab8464c286e0564fdf9e899852c4db249384f154598db79,20260916,0.10.0,648,supply,demands,False,4,4,D1,3,BASE,POWER,16.800000000000004,J000001,1,1,16.800000000000004
m3-periodic,ee0bec387c023d5d0ab8464c286e0564fdf9e899852c4db249384f154598db79,20260916,0.10.0,648,supply,demands,False,4,4,D2,6,BASE,POWER,56.7,J000007,1,1,56.7
m3-periodic,ee0bec387c023d5d0ab8464c286e0564fdf9e899852c4db249384f154598db79,20260916,0.10.0,648,supply,demands,False,4,4,D3,7,BASE,POWER,56.800000000000004,J000006,1,1,56.800000000000004
m3-periodic,ee0bec387c023d5d0ab8464c286e0564fdf9e899852c4db249384f154598db79,20260916,0.10.0,648,supply,demands,False,4,4,D4,8,BASE,POWER,60.800000000000004,J000010,1,1,64.5
m3-periodic,ee0bec387c023d5d0ab8464c286e0564fdf9e899852c4db249384f154598db79,20260916,0.10.0,649,supply,demands,False,4,4,D1,3,BASE,POWER,16.700000000000003,J000002,1,1,16.700000000000003
m3-periodic,ee0bec387c023d5d0ab8464c286e0564fdf9e899852c4db249384f154598db79,20260916,0.10.0,649,supply,demands,False,4,4,D2,6,BASE,POWER,32.800000000000004,J000004,1,1,32.800000000000004
m3-periodic,ee0bec387c023d5d0ab8464c286e0564fdf9e899852c4db249384f154598db79,20260916,0.10.0,649,supply,demands,False,4,4,D3,9,BASE,POWER,60.7,J000010,1,1,60.7
m3-periodic,ee0bec387c023d5d0ab8464c286e0564fdf9e899852c4db249384f154598db79,20260916,0.10.0,649,supply,demands,False,4,4,D4,10,BASE,POWER,60.800000000000004,J000009,1,1,60.800000000000004
m3-periodic,ee0bec387c023d5d0ab8464c286e0564fdf9e899852c4db249384f154598db79,20260916,0.10.0,650,supply,demands,False,7,7,D1,3,BASE,POWER,12.7,J000001,1,1,12.7
m3-periodic,ee0bec387c023d5d0ab8464c286e0564fdf9e899852c4db249384f154598db79,20260916,0.10.0,650,supply,demands,False,7,7,D2,6,BASE,POWER,16.700000000000003,J000004,1,1,16.700000000000003
m3-periodic,ee0bec387c023d5d0ab8464c286e0564fdf9e899852c4db249384f154598db79,20260916,0.10.0,650,supply,demands,False,7,7,D3,7,BASE,POWER,16.800000000000004,J000003,1,1,16.800000000000004
m3-periodic,ee0bec387c023d5d0ab8464c286e0564fdf9e899852c4db249384f154598db79,20260916,0.10.0,650,supply,demands,False,7,7,D4,10,BASE,POWER,40.7,J000008,1,1,40.7
m3-periodic,ee0bec387c023d5d0ab8464c286e0564fdf9e899852c4db249384f154598db79,20260916,0.10.0,650,supply,demands,False,7,7,D5,13,BASE,POWER,56.7,J000011,1,1,56.7
m3-periodic,ee0bec387c023d5d0ab8464c286e0564fdf9e899852c4db249384f154598db79,20260916,0.10.0,650,supply,demands,False,7,7,D6,14,BASE,POWER,56.800000000000004,J000010,1,1,56.800000000000004
m3-periodic,ee0bec387c023d5d0ab8464c286e0564fdf9e899852c4db249384f154598db79,20260916,0.10.0,650,supply,demands,False,7,7,D7,15,BASE,POWER,60.7,J000014,1,1,64.5
m3-periodic,ee0bec387c023d5d0ab8464c286e0564fdf9e899852c4db249384f154598db79,20260916,0.10.0,651,supply,demands,False,4,4,D1,3,BASE,POWER,16.800000000000004,J000001,1,1,16.800000000000004
m3-periodic,ee0bec387c023d5d0ab8464c286e0564fdf9e899852c4db249384f154598db79,20260916,0.10.0,651,supply,demands,False,4,4,D2,6,BASE,POWER,32.7,J000005,1,1,32.7
m3-periodic,ee0bec387c023d5d0ab8464c286e0564fdf9e899852c4db249384f154598db79,20260916,0.10.0,651,supply,demands,False,4,4,D3,7,BASE,POWER,32.800000000000004,J000004,1,1,32.800000000000004
m3-periodic,ee0bec387c023d5d0ab8464c286e0564fdf9e899852c4db249384f154598db79,20260916,0.10.0,651,supply,demands,False,4,4,D4,10,BASE,POWER,56.800000000000004,J000008,1,1,56.800000000000004
m3-periodic,ee0bec387c023d5d0ab8464c286e0564fdf9e899852c4db249384f154598db79,20260916,0.10.0,652,supply,demands,False,6,6,D1,3,BASE,POWER,16.800000000000004,J000001,1,1,16.800000000000004
m3-periodic,ee0bec387c023d5d0ab8464c286e0564fdf9e899852c4db249384f154598db79,20260916,0.10.0,652,supply,demands,False,6,6,D2,6,BASE,POWER,32.7,J000005,1,1,32.7
m3-periodic,ee0bec387c023d5d0ab8464c286e0564fdf9e899852c4db249384f154598db79,20260916,0.10.0,652,supply,demands,False,6,6,D3,7,BASE,POWER,32.800000000000004,J000004,1,1,32.800000000000004
m3-periodic,ee0bec387c023d5d0ab8464c286e0564fdf9e899852c4db249384f154598db79,20260916,0.10.0,652,supply,demands,False,6,6,D4,10,BASE,POWER,56.7,J000009,1,1,56.7
m3-periodic,ee0bec387c023d5d0ab8464c286e0564fdf9e899852c4db249384f154598db79,20260916,0.10.0,652,supply,demands,False,6,6,D5,11,BASE,POWER,56.800000000000004,J000008,1,1,56.800000000000004
m3-periodic,ee0bec387c023d5d0ab8464c286e0564fdf9e899852c4db249384f154598db79,20260916,0.10.0,652,supply,demands,False,6,6,D6,12,BASE,POWER,60.800000000000004,J000012,1,1,64.5
m3-periodic,ee0bec387c023d5d0ab8464c286e0564fdf9e899852c4db249384f154598db79,20260916,0.10.0,653,supply,demands,False,7,7,D1,3,BASE,POWER,16.700000000000003,J000002,1,1,16.700000000000003
m3-periodic,ee0bec387c023d5d0ab8464c286e0564fdf9e899852c4db249384f154598db79,20260916,0.10.0,653,supply,demands,False,7,7,D2,4,BASE,POWER,16.800000000000004,J000001,1,1,16.800000000000004
m3-periodic,ee0bec387c023d5d0ab8464c286e0564fdf9e899852c4db249384f154598db79,20260916,0.10.0,653,supply,demands,False,7,7,D3,7,BASE,POWER,32.7,J000006,1,1,32.7
m3-periodic,ee0bec387c023d5d0ab8464c286e0564fdf9e899852c4db249384f154598db79,20260916,0.10.0,653,supply,demands,False,7,7,D4,8,BASE,POWER,32.800000000000004,J000005,1,1,32.800000000000004
m3-periodic,ee0bec387c023d5d0ab8464c286e0564fdf9e899852c4db249384f154598db79,20260916,0.10.0,653,supply,demands,False,7,7,D5,11,BASE,POWER,56.7,J000010,1,1,56.7
m3-periodic,ee0bec387c023d5d0ab8464c286e0564fdf9e899852c4db249384f154598db79,20260916,0.10.0,653,supply,demands,False,7,7,D6,12,BASE,POWER,56.800000000000004,J000009,1,1,56.800000000000004
m3-periodic,ee0bec387c023d5d0ab8464c286e0564fdf9e899852c4db249384f154598db79,20260916,0.10.0,653,supply,demands,False,7,7,D7,13,BASE,POWER,60.800000000000004,J000013,1,1,64.5
m3-periodic,ee0bec387c023d5d0ab8464c286e0564fdf9e899852c4db249384f154598db79,20260916,0.10.0,654,supply,demands,False,4,4,D1,3,BASE,POWER,32.7,J000004,1,1,32.7
m3-periodic,ee0bec387c023d5d0ab8464c286e0564fdf9e899852c4db249384f154598db79,20260916,0.10.0,654,supply,demands,False,4,4,D2,4,BASE,POWER,32.800000000000004,J000003,1,1,32.800000000000004
m3-periodic,ee0bec387c023d5d0ab8464c286e0564fdf9e899852c4db249384f154598db79,20260916,0.10.0,654,supply,demands,False,4,4,D3,7,BASE,POWER,56.7,J000008,1,1,56.7
m3-periodic,ee0bec387c023d5d0ab8464c286e0564fdf9e899852c4db249384f154598db79,20260916,0.10.0,654,supply,demands,False,4,4,D4,8,BASE,POWER,60.7,J000011,1,1,60.7
m3-periodic,ee0bec387c023d5d0ab8464c286e0564fdf9e899852c4db249384f154598db79,20260916,0.10.0,655,supply,demands,False,2,2,D1,3,BASE,POWER,31.206929390119377,J000003,1,1,31.206929390119377
m3-periodic,ee0bec387c023d5d0ab8464c286e0564fdf9e899852c4db249384f154598db79,20260916,0.10.0,655,supply,demands,False,2,2,D2,4,BASE,POWER,31.30692939011938,J000005,1,1,31.30692939011938
m3-periodic,ee0bec387c023d5d0ab8464c286e0564fdf9e899852c4db249384f154598db79,20260916,0.10.0,656,supply,demands,False,4,4,D1,3,BASE,POWER,16.800000000000004,J000002,1,1,16.800000000000004
m3-periodic,ee0bec387c023d5d0ab8464c286e0564fdf9e899852c4db249384f154598db79,20260916,0.10.0,656,supply,demands,False,4,4,D2,6,BASE,POWER,40.7,J000006,1,1,40.7
m3-periodic,ee0bec387c023d5d0ab8464c286e0564fdf9e899852c4db249384f154598db79,20260916,0.10.0,656,supply,demands,False,4,4,D3,9,BASE,POWER,56.7,J000008,1,1,56.7
m3-periodic,ee0bec387c023d5d0ab8464c286e0564fdf9e899852c4db249384f154598db79,20260916,0.10.0,656,supply,demands,False,4,4,D4,10,BASE,POWER,60.7,J000012,1,1,60.7
m3-periodic,ee0bec387c023d5d0ab8464c286e0564fdf9e899852c4db249384f154598db79,20260916,0.10.0,657,supply,demands,False,5,5,D1,3,BASE,POWER,7.459775558452417,J000001,1,1,7.459775558452417
m3-periodic,ee0bec387c023d5d0ab8464c286e0564fdf9e899852c4db249384f154598db79,20260916,0.10.0,657,supply,demands,False,5,5,D2,6,BASE,POWER,16.700000000000003,J000003,1,1,16.700000000000003
m3-periodic,ee0bec387c023d5d0ab8464c286e0564fdf9e899852c4db249384f154598db79,20260916,0.10.0,657,supply,demands,False,5,5,D3,9,BASE,POWER,32.800000000000004,J000005,1,1,32.800000000000004
m3-periodic,ee0bec387c023d5d0ab8464c286e0564fdf9e899852c4db249384f154598db79,20260916,0.10.0,657,supply,demands,False,5,5,D4,12,BASE,POWER,56.7,J000009,1,1,56.7
m3-periodic,ee0bec387c023d5d0ab8464c286e0564fdf9e899852c4db249384f154598db79,20260916,0.10.0,657,supply,demands,False,5,5,D5,13,BASE,POWER,60.800000000000004,J000011,1,1,60.800000000000004
m3-periodic,ee0bec387c023d5d0ab8464c286e0564fdf9e899852c4db249384f154598db79,20260916,0.10.0,658,supply,demands,False,4,4,D1,3,BASE,POWER,16.700000000000003,J000002,1,1,16.700000000000003
m3-periodic,ee0bec387c023d5d0ab8464c286e0564fdf9e899852c4db249384f154598db79,20260916,0.10.0,658,supply,demands,False,4,4,D2,6,BASE,POWER,32.800000000000004,J000004,1,1,32.800000000000004
m3-periodic,ee0bec387c023d5d0ab8464c286e0564fdf9e899852c4db249384f154598db79,20260916,0.10.0,658,supply,demands,False,4,4,D3,9,BASE,POWER,56.7,J000008,1,1,56.7
m3-periodic,ee0bec387c023d5d0ab8464c286e0564fdf9e899852c4db249384f154598db79,20260916,0.10.0,658,supply,demands,False,4,4,D4,10,BASE,POWER,56.800000000000004,J000007,1,1,56.800000000000004
m3-periodic,ee0bec387c023d5d0ab8464c286e0564fdf9e899852c4db249384f154598db79,20260916,0.10.0,659,supply,demands,False,4,4,D1,3,BASE,POWER,32.7,J000003,1,1,32.7
m3-periodic,ee0bec387c023d5d0ab8464c286e0564fdf9e899852c4db249384f154598db79,20260916,0.10.0,659,supply,demands,False,4,4,D2,4,BASE,POWER,32.800000000000004,J000002,1,1,32.800000000000004
m3-periodic,ee0bec387c023d5d0ab8464c286e0564fdf9e899852c4db249384f154598db79,20260916,0.10.0,659,supply,demands,False,4,4,D3,7,BASE,POWER,56.7,J000007,1,1,56.7
m3-periodic,ee0bec387c023d5d0ab8464c286e0564fdf9e899852c4db249384f154598db79,20260916,0.10.0,659,supply,demands,False,4,4,D4,8,BASE,POWER,60.7,J000010,1,1,60.7
m3-periodic,ee0bec387c023d5d0ab8464c286e0564fdf9e899852c4db249384f154598db79,20260916,0.10.0,660,supply,demands,False,6,6,D1,3,BASE,POWER,16.700000000000003,J000002,1,1,16.700000000000003
m3-periodic,ee0bec387c023d5d0ab8464c286e0564fdf9e899852c4db249384f154598db79,20260916,0.10.0,660,supply,demands,False,6,6,D2,4,BASE,POWER,16.800000000000004,J000001,1,1,16.800000000000004
m3-periodic,ee0bec387c023d5d0ab8464c286e0564fdf9e899852c4db249384f154598db79,20260916,0.10.0,660,supply,demands,False,6,6,D3,7,BASE,POWER,32.800000000000004,J000005,1,1,32.800000000000004
m3-periodic,ee0bec387c023d5d0ab8464c286e0564fdf9e899852c4db249384f154598db79,20260916,0.10.0,660,supply,demands,False,6,6,D4,10,BASE,POWER,56.7,J000009,1,1,56.7
m3-periodic,ee0bec387c023d5d0ab8464c286e0564fdf9e899852c4db249384f154598db79,20260916,0.10.0,660,supply,demands,False,6,6,D5,11,BASE,POWER,56.800000000000004,J000008,1,1,56.800000000000004
m3-periodic,ee0bec387c023d5d0ab8464c286e0564fdf9e899852c4db249384f154598db79,20260916,0.10.0,660,supply,demands,False,6,6,D6,12,BASE,POWER,60.7,J000013,1,1,64.5
m3-periodic,ee0bec387c023d5d0ab8464c286e0564fdf9e899852c4db249384f154598db79,20260916,0.10.0,661,supply,demands,False,5,5,D1,3,BASE,POWER,10.957138687908877,J000001,1,1,10.957138687908877
m3-periodic,ee0bec387c023d5d0ab8464c286e0564fdf9e899852c4db249384f154598db79,20260916,0.10.0,661,supply,demands,False,5,5,D2,6,BASE,POWER,32.7,J000005,1,1,32.7
m3-periodic,ee0bec387c023d5d0ab8464c286e0564fdf9e899852c4db249384f154598db79,20260916,0.10.0,661,supply,demands,False,5,5,D3,9,BASE,POWER,40.7,J000007,1,1,40.7
m3-periodic,ee0bec387c023d5d0ab8464c286e0564fdf9e899852c4db249384f154598db79,20260916,0.10.0,661,supply,demands,False,5,5,D4,12,BASE,POWER,56.7,J000010,1,1,56.7
m3-periodic,ee0bec387c023d5d0ab8464c286e0564fdf9e899852c4db249384f154598db79,20260916,0.10.0,661,supply,demands,False,5,5,D5,13,BASE,POWER,56.800000000000004,J000009,1,1,56.800000000000004
m3-periodic,ee0bec387c023d5d0ab8464c286e0564fdf9e899852c4db249384f154598db79,20260916,0.10.0,662,supply,demands,False,6,6,D1,3,BASE,POWER,16.700000000000003,J000002,1,1,16.700000000000003
m3-periodic,ee0bec387c023d5d0ab8464c286e0564fdf9e899852c4db249384f154598db79,20260916,0.10.0,662,supply,demands,False,6,6,D2,4,BASE,POWER,16.800000000000004,J000001,1,1,16.800000000000004
m3-periodic,ee0bec387c023d5d0ab8464c286e0564fdf9e899852c4db249384f154598db79,20260916,0.10.0,662,supply,demands,False,6,6,D3,7,BASE,POWER,32.7,J000006,1,1,32.7
m3-periodic,ee0bec387c023d5d0ab8464c286e0564fdf9e899852c4db249384f154598db79,20260916,0.10.0,662,supply,demands,False,6,6,D4,10,BASE,POWER,56.800000000000004,J000008,1,1,56.800000000000004
m3-periodic,ee0bec387c023d5d0ab8464c286e0564fdf9e899852c4db249384f154598db79,20260916,0.10.0,662,supply,demands,False,6,6,D5,11,BASE,POWER,60.7,J000012,1,1,60.7
m3-periodic,ee0bec387c023d5d0ab8464c286e0564fdf9e899852c4db249384f154598db79,20260916,0.10.0,662,supply,demands,False,6,6,D6,12,BASE,POWER,60.800000000000004,J000011,1,1,64.5
m3-periodic,ee0bec387c023d5d0ab8464c286e0564fdf9e899852c4db249384f154598db79,20260916,0.10.0,663,supply,demands,False,6,6,D1,3,BASE,POWER,16.700000000000003,J000002,1,1,16.700000000000003
m3-periodic,ee0bec387c023d5d0ab8464c286e0564fdf9e899852c4db249384f154598db79,20260916,0.10.0,663,supply,demands,False,6,6,D2,4,BASE,POWER,16.800000000000004,J000001,1,1,16.800000000000004
m3-periodic,ee0bec387c023d5d0ab8464c286e0564fdf9e899852c4db249384f154598db79,20260916,0.10.0,663,supply,demands,False,6,6,D3,7,BASE,POWER,32.7,J000006,1,1,32.7
m3-periodic,ee0bec387c023d5d0ab8464c286e0564fdf9e899852c4db249384f154598db79,20260916,0.10.0,663,supply,demands,False,6,6,D4,10,BASE,POWER,56.7,J000009,1,1,56.7
m3-periodic,ee0bec387c023d5d0ab8464c286e0564fdf9e899852c4db249384f154598db79,20260916,0.10.0,663,supply,demands,False,6,6,D5,11,BASE,POWER,56.800000000000004,J000008,1,1,56.800000000000004
m3-periodic,ee0bec387c023d5d0ab8464c286e0564fdf9e899852c4db249384f154598db79,20260916,0.10.0,663,supply,demands,False,6,6,D6,12,BASE,POWER,60.7,J000013,1,1,64.5
m3-periodic,ee0bec387c023d5d0ab8464c286e0564fdf9e899852c4db249384f154598db79,20260916,0.10.0,664,supply,demands,False,4,4,D1,3,BASE,POWER,12.7,J000001,1,1,12.7
m3-periodic,ee0bec387c023d5d0ab8464c286e0564fdf9e899852c4db249384f154598db79,20260916,0.10.0,664,supply,demands,False,4,4,D2,6,BASE,POWER,16.800000000000004,J000003,1,1,16.800000000000004
m3-periodic,ee0bec387c023d5d0ab8464c286e0564fdf9e899852c4db249384f154598db79,20260916,0.10.0,664,supply,demands,False,4,4,D3,9,BASE,POWER,31.005319771354266,J000007,1,1,31.005319771354266
m3-periodic,ee0bec387c023d5d0ab8464c286e0564fdf9e899852c4db249384f154598db79,20260916,0.10.0,664,supply,demands,False,4,4,D4,12,BASE,POWER,56.7,J000010,1,1,56.7
m3-periodic,ee0bec387c023d5d0ab8464c286e0564fdf9e899852c4db249384f154598db79,20260916,0.10.0,665,supply,demands,False,6,6,D1,3,BASE,POWER,15.445933472441732,J000002,1,1,15.445933472441732
m3-periodic,ee0bec387c023d5d0ab8464c286e0564fdf9e899852c4db249384f154598db79,20260916,0.10.0,665,supply,demands,False,6,6,D2,4,BASE,POWER,15.545933472441732,J000003,1,1,15.545933472441732
m3-periodic,ee0bec387c023d5d0ab8464c286e0564fdf9e899852c4db249384f154598db79,20260916,0.10.0,665,supply,demands,False,6,6,D3,7,BASE,POWER,32.7,J000007,1,1,32.7
m3-periodic,ee0bec387c023d5d0ab8464c286e0564fdf9e899852c4db249384f154598db79,20260916,0.10.0,665,supply,demands,False,6,6,D4,8,BASE,POWER,32.800000000000004,J000006,1,1,32.800000000000004
m3-periodic,ee0bec387c023d5d0ab8464c286e0564fdf9e899852c4db249384f154598db79,20260916,0.10.0,665,supply,demands,False,6,6,D5,11,BASE,POWER,56.7,J000011,1,1,56.7
m3-periodic,ee0bec387c023d5d0ab8464c286e0564fdf9e899852c4db249384f154598db79,20260916,0.10.0,665,supply,demands,False,6,6,D6,12,BASE,POWER,56.800000000000004,J000010,1,1,56.800000000000004
m3-periodic,ee0bec387c023d5d0ab8464c286e0564fdf9e899852c4db249384f154598db79,20260916,0.10.0,666,supply,demands,False,4,4,D1,3,BASE,POWER,16.700000000000003,J000002,1,1,16.700000000000003
m3-periodic,ee0bec387c023d5d0ab8464c286e0564fdf9e899852c4db249384f154598db79,20260916,0.10.0,666,supply,demands,False,4,4,D2,6,BASE,POWER,32.7,J000005,1,1,32.7
m3-periodic,ee0bec387c023d5d0ab8464c286e0564fdf9e899852c4db249384f154598db79,20260916,0.10.0,666,supply,demands,False,4,4,D3,9,BASE,POWER,56.7,J000008,1,1,56.7
m3-periodic,ee0bec387c023d5d0ab8464c286e0564fdf9e899852c4db249384f154598db79,20260916,0.10.0,666,supply,demands,False,4,4,D4,10,BASE,POWER,60.800000000000004,J000010,1,1,60.800000000000004
m3-periodic,ee0bec387c023d5d0ab8464c286e0564fdf9e899852c4db249384f154598db79,20260916,0.10.0,667,supply,demands,False,4,4,D1,3,BASE,POWER,16.800000000000004,J000001,1,1,16.800000000000004
m3-periodic,ee0bec387c023d5d0ab8464c286e0564fdf9e899852c4db249384f154598db79,20260916,0.10.0,667,supply,demands,False,4,4,D2,6,BASE,POWER,32.7,J000005,1,1,32.7
m3-periodic,ee0bec387c023d5d0ab8464c286e0564fdf9e899852c4db249384f154598db79,20260916,0.10.0,667,supply,demands,False,4,4,D3,9,BASE,POWER,56.800000000000004,J000007,1,1,56.800000000000004
m3-periodic,ee0bec387c023d5d0ab8464c286e0564fdf9e899852c4db249384f154598db79,20260916,0.10.0,667,supply,demands,False,4,4,D4,10,BASE,POWER,60.800000000000004,J000010,1,1,60.800000000000004
m3-periodic,ee0bec387c023d5d0ab8464c286e0564fdf9e899852c4db249384f154598db79,20260916,0.10.0,668,supply,demands,False,4,4,D1,3,BASE,POWER,16.700000000000003,J000002,1,1,16.700000000000003
m3-periodic,ee0bec387c023d5d0ab8464c286e0564fdf9e899852c4db249384f154598db79,20260916,0.10.0,668,supply,demands,False,4,4,D2,6,BASE,POWER,32.800000000000004,J000004,1,1,32.800000000000004
m3-periodic,ee0bec387c023d5d0ab8464c286e0564fdf9e899852c4db249384f154598db79,20260916,0.10.0,668,supply,demands,False,4,4,D3,9,BASE,POWER,60.7,J000010,1,1,60.7
m3-periodic,ee0bec387c023d5d0ab8464c286e0564fdf9e899852c4db249384f154598db79,20260916,0.10.0,668,supply,demands,False,4,4,D4,10,BASE,POWER,60.800000000000004,J000009,1,1,60.800000000000004
m3-periodic,ee0bec387c023d5d0ab8464c286e0564fdf9e899852c4db249384f154598db79,20260916,0.10.0,669,supply,demands,False,3,3,D1,3,BASE,POWER,7.184948101098156,J000001,1,1,7.184948101098156
m3-periodic,ee0bec387c023d5d0ab8464c286e0564fdf9e899852c4db249384f154598db79,20260916,0.10.0,669,supply,demands,False,3,3,D2,6,BASE,POWER,60.800000000000004,J000009,1,1,60.800000000000004
m3-periodic,ee0bec387c023d5d0ab8464c286e0564fdf9e899852c4db249384f154598db79,20260916,0.10.0,669,supply,demands,False,3,3,D3,9,BASE,POWER,64.69999999999999,J000012,1,1,64.69999999999999
m3-periodic,ee0bec387c023d5d0ab8464c286e0564fdf9e899852c4db249384f154598db79,20260916,0.10.0,670,supply,demands,False,6,6,D1,3,BASE,POWER,16.800000000000004,J000001,1,1,16.800000000000004
m3-periodic,ee0bec387c023d5d0ab8464c286e0564fdf9e899852c4db249384f154598db79,20260916,0.10.0,670,supply,demands,False,6,6,D2,6,BASE,POWER,32.7,J000005,1,1,32.7
m3-periodic,ee0bec387c023d5d0ab8464c286e0564fdf9e899852c4db249384f154598db79,20260916,0.10.0,670,supply,demands,False,6,6,D3,7,BASE,POWER,32.800000000000004,J000004,1,1,32.800000000000004
m3-periodic,ee0bec387c023d5d0ab8464c286e0564fdf9e899852c4db249384f154598db79,20260916,0.10.0,670,supply,demands,False,6,6,D4,10,BASE,POWER,56.800000000000004,J000008,1,1,56.800000000000004
m3-periodic,ee0bec387c023d5d0ab8464c286e0564fdf9e899852c4db249384f154598db79,20260916,0.10.0,670,supply,demands,False,6,6,D5,11,BASE,POWER,60.7,J000012,1,1,60.7
m3-periodic,ee0bec387c023d5d0ab8464c286e0564fdf9e899852c4db249384f154598db79,20260916,0.10.0,670,supply,demands,False,6,6,D6,12,BASE,POWER,60.800000000000004,J000011,1,1,64.5
m3-periodic,ee0bec387c023d5d0ab8464c286e0564fdf9e899852c4db249384f154598db79,20260916,0.10.0,671,supply,demands,False,4,4,D1,3,BASE,POWER,16.700000000000003,J000002,1,1,16.700000000000003
m3-periodic,ee0bec387c023d5d0ab8464c286e0564fdf9e899852c4db249384f154598db79,20260916,0.10.0,671,supply,demands,False,4,4,D2,4,BASE,POWER,16.800000000000004,J000001,1,1,16.800000000000004
m3-periodic,ee0bec387c023d5d0ab8464c286e0564fdf9e899852c4db249384f154598db79,20260916,0.10.0,671,supply,demands,False,4,4,D3,7,BASE,POWER,56.7,J000008,1,1,56.7
m3-periodic,ee0bec387c023d5d0ab8464c286e0564fdf9e899852c4db249384f154598db79,20260916,0.10.0,671,supply,demands,False,4,4,D4,8,BASE,POWER,56.800000000000004,J000007,1,1,56.800000000000004
m3-periodic,ee0bec387c023d5d0ab8464c286e0564fdf9e899852c4db249384f154598db79,20260916,0.10.0,672,supply,demands,False,5,5,D1,3,BASE,POWER,15.811368068050285,J000002,1,1,15.811368068050285
m3-periodic,ee0bec387c023d5d0ab8464c286e0564fdf9e899852c4db249384f154598db79,20260916,0.10.0,672,supply,demands,False,5,5,D2,6,BASE,POWER,32.800000000000004,J000005,1,1,32.800000000000004
m3-periodic,ee0bec387c023d5d0ab8464c286e0564fdf9e899852c4db249384f154598db79,20260916,0.10.0,672,supply,demands,False,5,5,D3,9,BASE,POWER,56.800000000000004,J000008,1,1,56.800000000000004
m3-periodic,ee0bec387c023d5d0ab8464c286e0564fdf9e899852c4db249384f154598db79,20260916,0.10.0,672,supply,demands,False,5,5,D4,10,BASE,POWER,60.7,J000012,1,1,60.7
m3-periodic,ee0bec387c023d5d0ab8464c286e0564fdf9e899852c4db249384f154598db79,20260916,0.10.0,672,supply,demands,False,5,5,D5,11,BASE,POWER,60.800000000000004,J000011,1,1,64.5
m3-periodic,ee0bec387c023d5d0ab8464c286e0564fdf9e899852c4db249384f154598db79,20260916,0.10.0,673,supply,demands,False,5,5,D1,3,BASE,POWER,8.7,J000001,1,1,8.7
m3-periodic,ee0bec387c023d5d0ab8464c286e0564fdf9e899852c4db249384f154598db79,20260916,0.10.0,673,supply,demands,False,5,5,D2,6,BASE,POWER,16.700000000000003,J000003,1,1,16.700000000000003
m3-periodic,ee0bec387c023d5d0ab8464c286e0564fdf9e899852c4db249384f154598db79,20260916,0.10.0,673,supply,demands,False,5,5,D3,9,BASE,POWER,31.445000239957363,J000007,1,1,31.445000239957363
m3-periodic,ee0bec387c023d5d0ab8464c286e0564fdf9e899852c4db249384f154598db79,20260916,0.10.0,673,supply,demands,False,5,5,D4,12,BASE,POWER,60.800000000000004,J000011,1,1,60.800000000000004
m3-periodic,ee0bec387c023d5d0ab8464c286e0564fdf9e899852c4db249384f154598db79,20260916,0.10.0,673,supply,demands,False,5,5,D5,15,BASE,POWER,64.69999999999999,J000014,1,1,64.69999999999999
m3-periodic,ee0bec387c023d5d0ab8464c286e0564fdf9e899852c4db249384f154598db79,20260916,0.10.0,674,supply,demands,False,4,4,D1,3,BASE,POWER,16.700000000000003,J000002,1,1,16.700000000000003
m3-periodic,ee0bec387c023d5d0ab8464c286e0564fdf9e899852c4db249384f154598db79,20260916,0.10.0,674,supply,demands,False,4,4,D2,6,BASE,POWER,55.23456005202704,J000009,1,1,55.23456005202704
m3-periodic,ee0bec387c023d5d0ab8464c286e0564fdf9e899852c4db249384f154598db79,20260916,0.10.0,674,supply,demands,False,4,4,D3,7,BASE,POWER,55.334560052027044,J000008,1,1,55.334560052027044
m3-periodic,ee0bec387c023d5d0ab8464c286e0564fdf9e899852c4db249384f154598db79,20260916,0.10.0,674,supply,demands,False,4,4,D4,10,BASE,POWER,60.800000000000004,J000012,1,1,60.800000000000004
m3-periodic,ee0bec387c023d5d0ab8464c286e0564fdf9e899852c4db249384f154598db79,20260916,0.10.0,675,supply,demands,False,4,4,D1,3,BASE,POWER,16.700000000000003,J000002,1,1,16.700000000000003
m3-periodic,ee0bec387c023d5d0ab8464c286e0564fdf9e899852c4db249384f154598db79,20260916,0.10.0,675,supply,demands,False,4,4,D2,4,BASE,POWER,16.800000000000004,J000001,1,1,16.800000000000004
m3-periodic,ee0bec387c023d5d0ab8464c286e0564fdf9e899852c4db249384f154598db79,20260916,0.10.0,675,supply,demands,False,4,4,D3,7,BASE,POWER,56.7,J000008,1,1,56.7
m3-periodic,ee0bec387c023d5d0ab8464c286e0564fdf9e899852c4db249384f154598db79,20260916,0.10.0,675,supply,demands,False,4,4,D4,8,BASE,POWER,60.800000000000004,J000010,1,1,60.800000000000004
m3-periodic,ee0bec387c023d5d0ab8464c286e0564fdf9e899852c4db249384f154598db79,20260916,0.10.0,676,supply,demands,False,5,5,D1,3,BASE,POWER,32.7,J000004,1,1,32.7
m3-periodic,ee0bec387c023d5d0ab8464c286e0564fdf9e899852c4db249384f154598db79,20260916,0.10.0,676,supply,demands,False,5,5,D2,4,BASE,POWER,32.800000000000004,J000003,1,1,32.800000000000004
m3-periodic,ee0bec387c023d5d0ab8464c286e0564fdf9e899852c4db249384f154598db79,20260916,0.10.0,676,supply,demands,False,5,5,D3,7,BASE,POWER,56.7,J000008,1,1,56.7
m3-periodic,ee0bec387c023d5d0ab8464c286e0564fdf9e899852c4db249384f154598db79,20260916,0.10.0,676,supply,demands,False,5,5,D4,8,BASE,POWER,56.800000000000004,J000007,1,1,56.800000000000004
m3-periodic,ee0bec387c023d5d0ab8464c286e0564fdf9e899852c4db249384f154598db79,20260916,0.10.0,676,supply,demands,False,5,5,D5,9,BASE,POWER,60.800000000000004,J000011,1,1,64.5
m3-periodic,ee0bec387c023d5d0ab8464c286e0564fdf9e899852c4db249384f154598db79,20260916,0.10.0,677,supply,demands,False,5,5,D1,3,BASE,POWER,16.700000000000003,J000002,1,1,16.700000000000003
m3-periodic,ee0bec387c023d5d0ab8464c286e0564fdf9e899852c4db249384f154598db79,20260916,0.10.0,677,supply,demands,False,5,5,D2,6,BASE,POWER,32.7,J000005,1,1,32.7
m3-periodic,ee0bec387c023d5d0ab8464c286e0564fdf9e899852c4db249384f154598db79,20260916,0.10.0,677,supply,demands,False,5,5,D3,9,BASE,POWER,56.7,J000009,1,1,56.7
m3-periodic,ee0bec387c023d5d0ab8464c286e0564fdf9e899852c4db249384f154598db79,20260916,0.10.0,677,supply,demands,False,5,5,D4,10,BASE,POWER,56.800000000000004,J000008,1,1,56.800000000000004
m3-periodic,ee0bec387c023d5d0ab8464c286e0564fdf9e899852c4db249384f154598db79,20260916,0.10.0,677,supply,demands,False,5,5,D5,11,BASE,POWER,60.7,J000012,1,1,64.5
m3-periodic,ee0bec387c023d5d0ab8464c286e0564fdf9e899852c4db249384f154598db79,20260916,0.10.0,678,supply,demands,False,4,4,D1,3,BASE,POWER,16.700000000000003,J000002,1,1,16.700000000000003
m3-periodic,ee0bec387c023d5d0ab8464c286e0564fdf9e899852c4db249384f154598db79,20260916,0.10.0,678,supply,demands,False,4,4,D2,6,BASE,POWER,32.7,J000005,1,1,32.7
m3-periodic,ee0bec387c023d5d0ab8464c286e0564fdf9e899852c4db249384f154598db79,20260916,0.10.0,678,supply,demands,False,4,4,D3,9,BASE,POWER,56.7,J000008,1,1,56.7
m3-periodic,ee0bec387c023d5d0ab8464c286e0564fdf9e899852c4db249384f154598db79,20260916,0.10.0,678,supply,demands,False,4,4,D4,10,BASE,POWER,60.7,J000011,1,1,60.7
m3-periodic,ee0bec387c023d5d0ab8464c286e0564fdf9e899852c4db249384f154598db79,20260916,0.10.0,679,supply,demands,False,3,3,D1,3,BASE,POWER,32.7,J000004,1,1,32.7
m3-periodic,ee0bec387c023d5d0ab8464c286e0564fdf9e899852c4db249384f154598db79,20260916,0.10.0,679,supply,demands,False,3,3,D2,4,BASE,POWER,32.800000000000004,J000003,1,1,32.800000000000004
m3-periodic,ee0bec387c023d5d0ab8464c286e0564fdf9e899852c4db249384f154598db79,20260916,0.10.0,679,supply,demands,False,3,3,D3,7,BASE,POWER,60.800000000000004,J000009,1,1,60.800000000000004
m3-periodic,ee0bec387c023d5d0ab8464c286e0564fdf9e899852c4db249384f154598db79,20260916,0.10.0,680,supply,demands,False,3,3,D1,3,BASE,POWER,32.800000000000004,J000003,1,1,32.800000000000004
m3-periodic,ee0bec387c023d5d0ab8464c286e0564fdf9e899852c4db249384f154598db79,20260916,0.10.0,680,supply,demands,False,3,3,D2,4,BASE,POWER,38.43747933287469,J000006,1,1,38.43747933287469
m3-periodic,ee0bec387c023d5d0ab8464c286e0564fdf9e899852c4db249384f154598db79,20260916,0.10.0,680,supply,demands,False,3,3,D3,7,BASE,POWER,56.800000000000004,J000008,1,1,56.800000000000004
m3-periodic,ee0bec387c023d5d0ab8464c286e0564fdf9e899852c4db249384f154598db79,20260916,0.10.0,681,supply,demands,False,7,7,D1,3,BASE,POWER,8.7,J000001,1,1,8.7
m3-periodic,ee0bec387c023d5d0ab8464c286e0564fdf9e899852c4db249384f154598db79,20260916,0.10.0,681,supply,demands,False,7,7,D2,6,BASE,POWER,16.700000000000003,J000003,1,1,16.700000000000003
m3-periodic,ee0bec387c023d5d0ab8464c286e0564fdf9e899852c4db249384f154598db79,20260916,0.10.0,681,supply,demands,False,7,7,D3,9,BASE,POWER,32.7,J000006,1,1,32.7
m3-periodic,ee0bec387c023d5d0ab8464c286e0564fdf9e899852c4db249384f154598db79,20260916,0.10.0,681,supply,demands,False,7,7,D4,10,BASE,POWER,32.800000000000004,J000005,1,1,32.800000000000004
m3-periodic,ee0bec387c023d5d0ab8464c286e0564fdf9e899852c4db249384f154598db79,20260916,0.10.0,681,supply,demands,False,7,7,D5,13,BASE,POWER,56.7,J000010,1,1,56.7
m3-periodic,ee0bec387c023d5d0ab8464c286e0564fdf9e899852c4db249384f154598db79,20260916,0.10.0,681,supply,demands,False,7,7,D6,14,BASE,POWER,60.7,J000013,1,1,60.7
m3-periodic,ee0bec387c023d5d0ab8464c286e0564fdf9e899852c4db249384f154598db79,20260916,0.10.0,681,supply,demands,False,7,7,D7,15,BASE,POWER,60.800000000000004,J000012,1,1,64.5
m3-periodic,ee0bec387c023d5d0ab8464c286e0564fdf9e899852c4db249384f154598db79,20260916,0.10.0,682,supply,demands,False,4,4,D1,3,BASE,POWER,16.700000000000003,J000002,1,1,16.700000000000003
m3-periodic,ee0bec387c023d5d0ab8464c286e0564fdf9e899852c4db249384f154598db79,20260916,0.10.0,682,supply,demands,False,4,4,D2,6,BASE,POWER,32.7,J000005,1,1,32.7
m3-periodic,ee0bec387c023d5d0ab8464c286e0564fdf9e899852c4db249384f154598db79,20260916,0.10.0,682,supply,demands,False,4,4,D3,7,BASE,POWER,32.800000000000004,J000004,1,1,32.800000000000004
m3-periodic,ee0bec387c023d5d0ab8464c286e0564fdf9e899852c4db249384f154598db79,20260916,0.10.0,682,supply,demands,False,4,4,D4,10,BASE,POWER,56.800000000000004,J000008,1,1,56.800000000000004
m3-periodic,ee0bec387c023d5d0ab8464c286e0564fdf9e899852c4db249384f154598db79,20260916,0.10.0,683,supply,demands,False,4,4,D1,3,BASE,POWER,32.7,J000004,1,1,32.7
m3-periodic,ee0bec387c023d5d0ab8464c286e0564fdf9e899852c4db249384f154598db79,20260916,0.10.0,683,supply,demands,False,4,4,D2,4,BASE,POWER,32.800000000000004,J000003,1,1,32.800000000000004
m3-periodic,ee0bec387c023d5d0ab8464c286e0564fdf9e899852c4db249384f154598db79,20260916,0.10.0,683,supply,demands,False,4,4,D3,7,BASE,POWER,60.7,J000010,1,1,60.7
m3-periodic,ee0bec387c023d5d0ab8464c286e0564fdf9e899852c4db249384f154598db79,20260916,0.10.0,683,supply,demands,False,4,4,D4,8,BASE,POWER,60.800000000000004,J000009,1,1,60.800000000000004
m3-periodic,ee0bec387c023d5d0ab8464c286e0564fdf9e899852c4db249384f154598db79,20260916,0.10.0,684,supply,demands,False,4,4,D1,3,BASE,POWER,16.800000000000004,J000001,1,1,16.800000000000004
m3-periodic,ee0bec387c023d5d0ab8464c286e0564fdf9e899852c4db249384f154598db79,20260916,0.10.0,684,supply,demands,False,4,4,D2,6,BASE,POWER,32.7,J000005,1,1,32.7
m3-periodic,ee0bec387c023d5d0ab8464c286e0564fdf9e899852c4db249384f154598db79,20260916,0.10.0,684,supply,demands,False,4,4,D3,7,BASE,POWER,32.800000000000004,J000004,1,1,32.800000000000004
m3-periodic,ee0bec387c023d5d0ab8464c286e0564fdf9e899852c4db249384f154598db79,20260916,0.10.0,684,supply,demands,False,4,4,D4,10,BASE,POWER,56.7,J000009,1,1,56.7
m3-periodic,ee0bec387c023d5d0ab8464c286e0564fdf9e899852c4db249384f154598db79,20260916,0.10.0,685,supply,demands,False,4,4,D1,3,BASE,POWER,32.7,J000004,1,1,32.7
m3-periodic,ee0bec387c023d5d0ab8464c286e0564fdf9e899852c4db249384f154598db79,20260916,0.10.0,685,supply,demands,False,4,4,D2,4,BASE,POWER,32.800000000000004,J000003,1,1,32.800000000000004
m3-periodic,ee0bec387c023d5d0ab8464c286e0564fdf9e899852c4db249384f154598db79,20260916,0.10.0,685,supply,demands,False,4,4,D3,7,BASE,POWER,56.800000000000004,J000007,1,1,56.800000000000004
m3-periodic,ee0bec387c023d5d0ab8464c286e0564fdf9e899852c4db249384f154598db79,20260916,0.10.0,685,supply,demands,False,4,4,D4,8,BASE,POWER,60.800000000000004,J000010,1,1,60.800000000000004
m3-periodic,ee0bec387c023d5d0ab8464c286e0564fdf9e899852c4db249384f154598db79,20260916,0.10.0,686,supply,demands,False,4,4,D1,3,BASE,POWER,16.048244332943057,J000003,1,1,16.048244332943057
m3-periodic,ee0bec387c023d5d0ab8464c286e0564fdf9e899852c4db249384f154598db79,20260916,0.10.0,686,supply,demands,False,4,4,D2,6,BASE,POWER,32.7,J000006,1,1,32.7
m3-periodic,ee0bec387c023d5d0ab8464c286e0564fdf9e899852c4db249384f154598db79,20260916,0.10.0,686,supply,demands,False,4,4,D3,9,BASE,POWER,56.800000000000004,J000008,1,1,56.800000000000004
m3-periodic,ee0bec387c023d5d0ab8464c286e0564fdf9e899852c4db249384f154598db79,20260916,0.10.0,686,supply,demands,False,4,4,D4,10,BASE,POWER,60.7,J000012,1,1,60.7
m3-periodic,ee0bec387c023d5d0ab8464c286e0564fdf9e899852c4db249384f154598db79,20260916,0.10.0,687,supply,demands,False,6,6,D1,3,BASE,POWER,16.700000000000003,J000002,1,1,16.700000000000003
m3-periodic,ee0bec387c023d5d0ab8464c286e0564fdf9e899852c4db249384f154598db79,20260916,0.10.0,687,supply,demands,False,6,6,D2,6,BASE,POWER,32.7,J000005,1,1,32.7
m3-periodic,ee0bec387c023d5d0ab8464c286e0564fdf9e899852c4db249384f154598db79,20260916,0.10.0,687,supply,demands,False,6,6,D3,7,BASE,POWER,32.800000000000004,J000004,1,1,32.800000000000004
m3-periodic,ee0bec387c023d5d0ab8464c286e0564fdf9e899852c4db249384f154598db79,20260916,0.10.0,687,supply,demands,False,6,6,D4,10,BASE,POWER,56.7,J000009,1,1,56.7
m3-periodic,ee0bec387c023d5d0ab8464c286e0564fdf9e899852c4db249384f154598db79,20260916,0.10.0,687,supply,demands,False,6,6,D5,11,BASE,POWER,60.7,J000012,1,1,60.7
m3-periodic,ee0bec387c023d5d0ab8464c286e0564fdf9e899852c4db249384f154598db79,20260916,0.10.0,687,supply,demands,False,6,6,D6,12,BASE,POWER,60.800000000000004,J000011,1,1,64.5
m3-periodic,ee0bec387c023d5d0ab8464c286e0564fdf9e899852c4db249384f154598db79,20260916,0.10.0,688,supply,demands,False,5,5,D1,3,BASE,POWER,16.700000000000003,J000002,1,1,16.700000000000003
m3-periodic,ee0bec387c023d5d0ab8464c286e0564fdf9e899852c4db249384f154598db79,20260916,0.10.0,688,supply,demands,False,5,5,D2,4,BASE,POWER,16.800000000000004,J000001,1,1,16.800000000000004
m3-periodic,ee0bec387c023d5d0ab8464c286e0564fdf9e899852c4db249384f154598db79,20260916,0.10.0,688,supply,demands,False,5,5,D3,7,BASE,POWER,32.7,J000006,1,1,32.7
m3-periodic,ee0bec387c023d5d0ab8464c286e0564fdf9e899852c4db249384f154598db79,20260916,0.10.0,688,supply,demands,False,5,5,D4,10,BASE,POWER,56.7,J000009,1,1,56.7
m3-periodic,ee0bec387c023d5d0ab8464c286e0564fdf9e899852c4db249384f154598db79,20260916,0.10.0,688,supply,demands,False,5,5,D5,11,BASE,POWER,60.7,J000012,1,1,60.7
m3-periodic,ee0bec387c023d5d0ab8464c286e0564fdf9e899852c4db249384f154598db79,20260916,0.10.0,689,supply,demands,False,6,6,D1,3,BASE,POWER,16.700000000000003,J000002,1,1,16.700000000000003
m3-periodic,ee0bec387c023d5d0ab8464c286e0564fdf9e899852c4db249384f154598db79,20260916,0.10.0,689,supply,demands,False,6,6,D2,4,BASE,POWER,16.800000000000004,J000001,1,1,16.800000000000004
m3-periodic,ee0bec387c023d5d0ab8464c286e0564fdf9e899852c4db249384f154598db79,20260916,0.10.0,689,supply,demands,False,6,6,D3,7,BASE,POWER,56.800000000000004,J000007,1,1,56.800000000000004
m3-periodic,ee0bec387c023d5d0ab8464c286e0564fdf9e899852c4db249384f154598db79,20260916,0.10.0,689,supply,demands,False,6,6,D4,8,BASE,POWER,60.7,J000011,1,1,60.7
m3-periodic,ee0bec387c023d5d0ab8464c286e0564fdf9e899852c4db249384f154598db79,20260916,0.10.0,689,supply,demands,False,6,6,D5,9,BASE,POWER,60.800000000000004,J000010,1,1,64.5
m3-periodic,ee0bec387c023d5d0ab8464c286e0564fdf9e899852c4db249384f154598db79,20260916,0.10.0,689,supply,demands,False,6,6,D6,12,BASE,POWER,64.15615000780468,J000014,1,1,64.5
m3-periodic,ee0bec387c023d5d0ab8464c286e0564fdf9e899852c4db249384f154598db79,20260916,0.10.0,690,supply,demands,False,3,3,D1,3,BASE,POWER,16.700000000000003,J000002,1,1,16.700000000000003
m3-periodic,ee0bec387c023d5d0ab8464c286e0564fdf9e899852c4db249384f154598db79,20260916,0.10.0,690,supply,demands,False,3,3,D2,4,BASE,POWER,16.800000000000004,J000001,1,1,16.800000000000004
m3-periodic,ee0bec387c023d5d0ab8464c286e0564fdf9e899852c4db249384f154598db79,20260916,0.10.0,690,supply,demands,False,3,3,D3,7,BASE,POWER,31.33726533637258,J000005,1,1,31.33726533637258
m3-periodic,ee0bec387c023d5d0ab8464c286e0564fdf9e899852c4db249384f154598db79,20260916,0.10.0,691,supply,demands,False,8,8,D1,3,BASE,POWER,16.700000000000003,J000003,1,1,16.700000000000003
m3-periodic,ee0bec387c023d5d0ab8464c286e0564fdf9e899852c4db249384f154598db79,20260916,0.10.0,691,supply,demands,False,8,8,D2,4,BASE,POWER,16.800000000000004,J000002,1,1,16.800000000000004
m3-periodic,ee0bec387c023d5d0ab8464c286e0564fdf9e899852c4db249384f154598db79,20260916,0.10.0,691,supply,demands,False,8,8,D3,7,BASE,POWER,32.7,J000006,1,1,32.7
m3-periodic,ee0bec387c023d5d0ab8464c286e0564fdf9e899852c4db249384f154598db79,20260916,0.10.0,691,supply,demands,False,8,8,D4,10,BASE,POWER,40.7,J000008,1,1,40.7
m3-periodic,ee0bec387c023d5d0ab8464c286e0564fdf9e899852c4db249384f154598db79,20260916,0.10.0,691,supply,demands,False,8,8,D5,13,BASE,POWER,56.7,J000011,1,1,56.7
m3-periodic,ee0bec387c023d5d0ab8464c286e0564fdf9e899852c4db249384f154598db79,20260916,0.10.0,691,supply,demands,False,8,8,D6,14,BASE,POWER,56.800000000000004,J000010,1,1,56.800000000000004
m3-periodic,ee0bec387c023d5d0ab8464c286e0564fdf9e899852c4db249384f154598db79,20260916,0.10.0,691,supply,demands,False,8,8,D7,15,BASE,POWER,60.7,J000014,1,1,64.5
m3-periodic,ee0bec387c023d5d0ab8464c286e0564fdf9e899852c4db249384f154598db79,20260916,0.10.0,691,supply,demands,False,8,8,D8,18,BASE,POWER,64.36312772480922,J000016,1,1,64.5
m3-periodic,ee0bec387c023d5d0ab8464c286e0564fdf9e899852c4db249384f154598db79,20260916,0.10.0,692,supply,demands,False,6,6,D1,3,BASE,POWER,16.276848462581892,J000002,1,1,16.276848462581892
m3-periodic,ee0bec387c023d5d0ab8464c286e0564fdf9e899852c4db249384f154598db79,20260916,0.10.0,692,supply,demands,False,6,6,D2,4,BASE,POWER,16.376848462581894,J000003,1,1,16.376848462581894
m3-periodic,ee0bec387c023d5d0ab8464c286e0564fdf9e899852c4db249384f154598db79,20260916,0.10.0,692,supply,demands,False,6,6,D3,7,BASE,POWER,32.7,J000007,1,1,32.7
m3-periodic,ee0bec387c023d5d0ab8464c286e0564fdf9e899852c4db249384f154598db79,20260916,0.10.0,692,supply,demands,False,6,6,D4,8,BASE,POWER,32.800000000000004,J000006,1,1,32.800000000000004
m3-periodic,ee0bec387c023d5d0ab8464c286e0564fdf9e899852c4db249384f154598db79,20260916,0.10.0,692,supply,demands,False,6,6,D5,11,BASE,POWER,56.7,J000011,1,1,56.7
m3-periodic,ee0bec387c023d5d0ab8464c286e0564fdf9e899852c4db249384f154598db79,20260916,0.10.0,692,supply,demands,False,6,6,D6,12,BASE,POWER,60.7,J000014,1,1,60.7
m3-periodic,ee0bec387c023d5d0ab8464c286e0564fdf9e899852c4db249384f154598db79,20260916,0.10.0,693,supply,demands,False,4,4,D1,3,BASE,POWER,16.700000000000003,J000002,1,1,16.700000000000003
m3-periodic,ee0bec387c023d5d0ab8464c286e0564fdf9e899852c4db249384f154598db79,20260916,0.10.0,693,supply,demands,False,4,4,D2,6,BASE,POWER,36.7,J000007,1,1,36.7
m3-periodic,ee0bec387c023d5d0ab8464c286e0564fdf9e899852c4db249384f154598db79,20260916,0.10.0,693,supply,demands,False,4,4,D3,7,BASE,POWER,39.65541785254416,J000009,1,1,39.65541785254416
m3-periodic,ee0bec387c023d5d0ab8464c286e0564fdf9e899852c4db249384f154598db79,20260916,0.10.0,693,supply,demands,False,4,4,D4,10,BASE,POWER,64.69999999999999,J000013,1,1,64.69999999999999
m3-periodic,ee0bec387c023d5d0ab8464c286e0564fdf9e899852c4db249384f154598db79,20260916,0.10.0,694,supply,demands,False,4,4,D1,3,BASE,POWER,16.800000000000004,J000001,1,1,16.800000000000004
m3-periodic,ee0bec387c023d5d0ab8464c286e0564fdf9e899852c4db249384f154598db79,20260916,0.10.0,694,supply,demands,False,4,4,D2,6,BASE,POWER,56.7,J000007,1,1,56.7
m3-periodic,ee0bec387c023d5d0ab8464c286e0564fdf9e899852c4db249384f154598db79,20260916,0.10.0,694,supply,demands,False,4,4,D3,7,BASE,POWER,56.800000000000004,J000006,1,1,56.800000000000004
m3-periodic,ee0bec387c023d5d0ab8464c286e0564fdf9e899852c4db249384f154598db79,20260916,0.10.0,694,supply,demands,False,4,4,D4,8,BASE,POWER,60.800000000000004,J000010,1,1,64.5
m3-periodic,ee0bec387c023d5d0ab8464c286e0564fdf9e899852c4db249384f154598db79,20260916,0.10.0,695,supply,demands,False,4,4,D1,3,BASE,POWER,7.741761089389314,J000001,1,1,7.741761089389314
m3-periodic,ee0bec387c023d5d0ab8464c286e0564fdf9e899852c4db249384f154598db79,20260916,0.10.0,695,supply,demands,False,4,4,D2,6,BASE,POWER,15.175257977494635,J000003,1,1,15.175257977494635
m3-periodic,ee0bec387c023d5d0ab8464c286e0564fdf9e899852c4db249384f154598db79,20260916,0.10.0,695,supply,demands,False,4,4,D3,9,BASE,POWER,32.173658464109145,J000007,1,1,32.173658464109145
m3-periodic,ee0bec387c023d5d0ab8464c286e0564fdf9e899852c4db249384f154598db79,20260916,0.10.0,695,supply,demands,False,4,4,D4,12,BASE,POWER,60.7,J000012,1,1,60.7
m3-periodic,ee0bec387c023d5d0ab8464c286e0564fdf9e899852c4db249384f154598db79,20260916,0.10.0,696,supply,demands,False,5,5,D1,3,BASE,POWER,15.405253393516983,J000003,1,1,15.405253393516983
m3-periodic,ee0bec387c023d5d0ab8464c286e0564fdf9e899852c4db249384f154598db79,20260916,0.10.0,696,supply,demands,False,5,5,D2,6,BASE,POWER,32.800000000000004,J000005,1,1,32.800000000000004
m3-periodic,ee0bec387c023d5d0ab8464c286e0564fdf9e899852c4db249384f154598db79,20260916,0.10.0,696,supply,demands,False,5,5,D3,9,BASE,POWER,54.43177940734972,J000008,1,1,54.43177940734972
m3-periodic,ee0bec387c023d5d0ab8464c286e0564fdf9e899852c4db249384f154598db79,20260916,0.10.0,696,supply,demands,False,5,5,D4,12,BASE,POWER,59.79154035965335,J000012,1,1,59.79154035965335
m3-periodic,ee0bec387c023d5d0ab8464c286e0564fdf9e899852c4db249384f154598db79,20260916,0.10.0,696,supply,demands,False,5,5,D5,15,BASE,POWER,64.69999999999999,J000014,1,1,64.69999999999999
m3-periodic,ee0bec387c023d5d0ab8464c286e0564fdf9e899852c4db249384f154598db79,20260916,0.10.0,697,supply,demands,False,7,7,D1,3,BASE,POWER,16.800000000000004,J000001,1,1,16.800000000000004
m3-periodic,ee0bec387c023d5d0ab8464c286e0564fdf9e899852c4db249384f154598db79,20260916,0.10.0,697,supply,demands,False,7,7,D2,6,BASE,POWER,32.7,J000005,1,1,32.7
m3-periodic,ee0bec387c023d5d0ab8464c286e0564fdf9e899852c4db249384f154598db79,20260916,0.10.0,697,supply,demands,False,7,7,D3,7,BASE,POWER,32.800000000000004,J000004,1,1,32.800000000000004
m3-periodic,ee0bec387c023d5d0ab8464c286e0564fdf9e899852c4db249384f154598db79,20260916,0.10.0,697,supply,demands,False,7,7,D4,10,BASE,POWER,56.7,J000009,1,1,56.7
m3-periodic,ee0bec387c023d5d0ab8464c286e0564fdf9e899852c4db249384f154598db79,20260916,0.10.0,697,supply,demands,False,7,7,D5,11,BASE,POWER,56.800000000000004,J000008,1,1,56.800000000000004
m3-periodic,ee0bec387c023d5d0ab8464c286e0564fdf9e899852c4db249384f154598db79,20260916,0.10.0,697,supply,demands,False,7,7,D6,12,BASE,POWER,60.7,J000013,1,1,64.5
m3-periodic,ee0bec387c023d5d0ab8464c286e0564fdf9e899852c4db249384f154598db79,20260916,0.10.0,697,supply,demands,False,7,7,D7,13,BASE,POWER,60.800000000000004,J000012,1,1,64.5
m3-periodic,ee0bec387c023d5d0ab8464c286e0564fdf9e899852c4db249384f154598db79,20260916,0.10.0,698,supply,demands,False,6,6,D1,3,BASE,POWER,16.700000000000003,J000002,1,1,16.700000000000003
m3-periodic,ee0bec387c023d5d0ab8464c286e0564fdf9e899852c4db249384f154598db79,20260916,0.10.0,698,supply,demands,False,6,6,D2,6,BASE,POWER,32.7,J000005,1,1,32.7
m3-periodic,ee0bec387c023d5d0ab8464c286e0564fdf9e899852c4db249384f154598db79,20260916,0.10.0,698,supply,demands,False,6,6,D3,9,BASE,POWER,56.7,J000008,1,1,56.7
m3-periodic,ee0bec387c023d5d0ab8464c286e0564fdf9e899852c4db249384f154598db79,20260916,0.10.0,698,supply,demands,False,6,6,D4,10,BASE,POWER,56.800000000000004,J000007,1,1,56.800000000000004
m3-periodic,ee0bec387c023d5d0ab8464c286e0564fdf9e899852c4db249384f154598db79,20260916,0.10.0,698,supply,demands,False,6,6,D5,11,BASE,POWER,60.7,J000012,1,1,64.5
m3-periodic,ee0bec387c023d5d0ab8464c286e0564fdf9e899852c4db249384f154598db79,20260916,0.10.0,698,supply,demands,False,6,6,D6,12,BASE,POWER,60.800000000000004,J000011,1,1,64.5
m3-periodic,ee0bec387c023d5d0ab8464c286e0564fdf9e899852c4db249384f154598db79,20260916,0.10.0,699,supply,demands,False,3,3,D1,3,BASE,POWER,31.601088792190048,J000004,1,1,31.601088792190048
m3-periodic,ee0bec387c023d5d0ab8464c286e0564fdf9e899852c4db249384f154598db79,20260916,0.10.0,699,supply,demands,False,3,3,D2,6,BASE,POWER,56.7,J000008,1,1,56.7
m3-periodic,ee0bec387c023d5d0ab8464c286e0564fdf9e899852c4db249384f154598db79,20260916,0.10.0,699,supply,demands,False,3,3,D3,7,BASE,POWER,56.800000000000004,J000007,1,1,56.800000000000004
m3-periodic,ee0bec387c023d5d0ab8464c286e0564fdf9e899852c4db249384f154598db79,20260916,0.10.0,700,supply,demands,False,4,4,D1,3,BASE,POWER,16.700000000000003,J000002,1,1,16.700000000000003
m3-periodic,ee0bec387c023d5d0ab8464c286e0564fdf9e899852c4db249384f154598db79,20260916,0.10.0,700,supply,demands,False,4,4,D2,4,BASE,POWER,16.800000000000004,J000001,1,1,16.800000000000004
m3-periodic,ee0bec387c023d5d0ab8464c286e0564fdf9e899852c4db249384f154598db79,20260916,0.10.0,700,supply,demands,False,4,4,D3,7,BASE,POWER,56.7,J000008,1,1,56.7
m3-periodic,ee0bec387c023d5d0ab8464c286e0564fdf9e899852c4db249384f154598db79,20260916,0.10.0,700,supply,demands,False,4,4,D4,8,BASE,POWER,56.800000000000004,J000007,1,1,56.800000000000004
m3-periodic,ee0bec387c023d5d0ab8464c286e0564fdf9e899852c4db249384f154598db79,20260916,0.10.0,701,supply,demands,False,5,5,D1,3,BASE,POWER,12.138481216219086,J000001,1,1,12.138481216219086
m3-periodic,ee0bec387c023d5d0ab8464c286e0564fdf9e899852c4db249384f154598db79,20260916,0.10.0,701,supply,demands,False,5,5,D2,6,BASE,POWER,16.800000000000004,J000003,1,1,16.800000000000004
m3-periodic,ee0bec387c023d5d0ab8464c286e0564fdf9e899852c4db249384f154598db79,20260916,0.10.0,701,supply,demands,False,5,5,D3,9,BASE,POWER,32.7,J000006,1,1,32.7
m3-periodic,ee0bec387c023d5d0ab8464c286e0564fdf9e899852c4db249384f154598db79,20260916,0.10.0,701,supply,demands,False,5,5,D4,12,BASE,POWER,40.7,J000008,1,1,40.7
m3-periodic,ee0bec387c023d5d0ab8464c286e0564fdf9e899852c4db249384f154598db79,20260916,0.10.0,701,supply,demands,False,5,5,D5,15,BASE,POWER,56.7,J000011,1,1,56.7
m3-periodic,ee0bec387c023d5d0ab8464c286e0564fdf9e899852c4db249384f154598db79,20260916,0.10.0,702,supply,demands,False,6,6,D1,3,BASE,POWER,32.7,J000004,1,1,32.7
m3-periodic,ee0bec387c023d5d0ab8464c286e0564fdf9e899852c4db249384f154598db79,20260916,0.10.0,702,supply,demands,False,6,6,D2,4,BASE,POWER,32.800000000000004,J000003,1,1,32.800000000000004
m3-periodic,ee0bec387c023d5d0ab8464c286e0564fdf9e899852c4db249384f154598db79,20260916,0.10.0,702,supply,demands,False,6,6,D3,7,BASE,POWER,56.7,J000008,1,1,56.7
m3-periodic,ee0bec387c023d5d0ab8464c286e0564fdf9e899852c4db249384f154598db79,20260916,0.10.0,702,supply,demands,False,6,6,D4,8,BASE,POWER,56.800000000000004,J000007,1,1,56.800000000000004
m3-periodic,ee0bec387c023d5d0ab8464c286e0564fdf9e899852c4db249384f154598db79,20260916,0.10.0,702,supply,demands,False,6,6,D5,9,BASE,POWER,60.800000000000004,J000011,1,1,64.5
m3-periodic,ee0bec387c023d5d0ab8464c286e0564fdf9e899852c4db249384f154598db79,20260916,0.10.0,702,supply,demands,False,6,6,D6,10,BASE,POWER,63.75491483077195,J000014,1,1,64.5
m3-periodic,ee0bec387c023d5d0ab8464c286e0564fdf9e899852c4db249384f154598db79,20260916,0.10.0,703,supply,demands,False,2,2,D1,3,BASE,POWER,56.7,J000006,1,1,56.7
m3-periodic,ee0bec387c023d5d0ab8464c286e0564fdf9e899852c4db249384f154598db79,20260916,0.10.0,703,supply,demands,False,2,2,D2,4,BASE,POWER,60.800000000000004,J000010,1,1,60.800000000000004
m3-periodic,ee0bec387c023d5d0ab8464c286e0564fdf9e899852c4db249384f154598db79,20260916,0.10.0,704,supply,demands,False,5,5,D1,3,BASE,POWER,16.800000000000004,J000001,1,1,16.800000000000004
m3-periodic,ee0bec387c023d5d0ab8464c286e0564fdf9e899852c4db249384f154598db79,20260916,0.10.0,704,supply,demands,False,5,5,D2,6,BASE,POWER,32.7,J000005,1,1,32.7
m3-periodic,ee0bec387c023d5d0ab8464c286e0564fdf9e899852c4db249384f154598db79,20260916,0.10.0,704,supply,demands,False,5,5,D3,9,BASE,POWER,56.7,J000008,1,1,56.7
m3-periodic,ee0bec387c023d5d0ab8464c286e0564fdf9e899852c4db249384f154598db79,20260916,0.10.0,704,supply,demands,False,5,5,D4,10,BASE,POWER,56.800000000000004,J000007,1,1,56.800000000000004
m3-periodic,ee0bec387c023d5d0ab8464c286e0564fdf9e899852c4db249384f154598db79,20260916,0.10.0,704,supply,demands,False,5,5,D5,11,BASE,POWER,60.800000000000004,J000011,1,1,64.5
m3-periodic,ee0bec387c023d5d0ab8464c286e0564fdf9e899852c4db249384f154598db79,20260916,0.10.0,705,supply,demands,False,6,6,D1,3,BASE,POWER,16.700000000000003,J000002,1,1,16.700000000000003
m3-periodic,ee0bec387c023d5d0ab8464c286e0564fdf9e899852c4db249384f154598db79,20260916,0.10.0,705,supply,demands,False,6,6,D2,4,BASE,POWER,16.800000000000004,J000001,1,1,16.800000000000004
m3-periodic,ee0bec387c023d5d0ab8464c286e0564fdf9e899852c4db249384f154598db79,20260916,0.10.0,705,supply,demands,False,6,6,D3,7,BASE,POWER,32.7,J000006,1,1,32.7
m3-periodic,ee0bec387c023d5d0ab8464c286e0564fdf9e899852c4db249384f154598db79,20260916,0.10.0,705,supply,demands,False,6,6,D4,8,BASE,POWER,32.800000000000004,J000005,1,1,32.800000000000004
m3-periodic,ee0bec387c023d5d0ab8464c286e0564fdf9e899852c4db249384f154598db79,20260916,0.10.0,705,supply,demands,False,6,6,D5,11,BASE,POWER,60.7,J000012,1,1,60.7
m3-periodic,ee0bec387c023d5d0ab8464c286e0564fdf9e899852c4db249384f154598db79,20260916,0.10.0,705,supply,demands,False,6,6,D6,12,BASE,POWER,60.800000000000004,J000011,1,1,60.800000000000004
m3-periodic,ee0bec387c023d5d0ab8464c286e0564fdf9e899852c4db249384f154598db79,20260916,0.10.0,706,supply,demands,False,5,5,D1,3,BASE,POWER,32.7,J000005,1,1,32.7
m3-periodic,ee0bec387c023d5d0ab8464c286e0564fdf9e899852c4db249384f154598db79,20260916,0.10.0,706,supply,demands,False,5,5,D2,6,BASE,POWER,56.7,J000008,1,1,56.7
m3-periodic,ee0bec387c023d5d0ab8464c286e0564fdf9e899852c4db249384f154598db79,20260916,0.10.0,706,supply,demands,False,5,5,D3,7,BASE,POWER,56.800000000000004,J000007,1,1,56.800000000000004
m3-periodic,ee0bec387c023d5d0ab8464c286e0564fdf9e899852c4db249384f154598db79,20260916,0.10.0,706,supply,demands,False,5,5,D4,8,BASE,POWER,60.7,J000012,1,1,64.5
m3-periodic,ee0bec387c023d5d0ab8464c286e0564fdf9e899852c4db249384f154598db79,20260916,0.10.0,706,supply,demands,False,5,5,D5,9,BASE,POWER,60.800000000000004,J000011,1,1,64.5
m3-periodic,ee0bec387c023d5d0ab8464c286e0564fdf9e899852c4db249384f154598db79,20260916,0.10.0,707,supply,demands,False,4,4,D1,3,BASE,POWER,16.700000000000003,J000002,1,1,16.700000000000003
m3-periodic,ee0bec387c023d5d0ab8464c286e0564fdf9e899852c4db249384f154598db79,20260916,0.10.0,707,supply,demands,False,4,4,D2,6,BASE,POWER,56.7,J000007,1,1,56.7
m3-periodic,ee0bec387c023d5d0ab8464c286e0564fdf9e899852c4db249384f154598db79,20260916,0.10.0,707,supply,demands,False,4,4,D3,7,BASE,POWER,56.800000000000004,J000006,1,1,56.800000000000004
m3-periodic,ee0bec387c023d5d0ab8464c286e0564fdf9e899852c4db249384f154598db79,20260916,0.10.0,707,supply,demands,False,4,4,D4,8,BASE,POWER,60.7,J000011,1,1,64.5
m3-periodic,ee0bec387c023d5d0ab8464c286e0564fdf9e899852c4db249384f154598db79,20260916,0.10.0,708,supply,demands,False,6,6,D1,3,BASE,POWER,16.700000000000003,J000002,1,1,16.700000000000003
m3-periodic,ee0bec387c023d5d0ab8464c286e0564fdf9e899852c4db249384f154598db79,20260916,0.10.0,708,supply,demands,False,6,6,D2,4,BASE,POWER,16.800000000000004,J000001,1,1,16.800000000000004
m3-periodic,ee0bec387c023d5d0ab8464c286e0564fdf9e899852c4db249384f154598db79,20260916,0.10.0,708,supply,demands,False,6,6,D3,7,BASE,POWER,32.800000000000004,J000005,1,1,32.800000000000004
m3-periodic,ee0bec387c023d5d0ab8464c286e0564fdf9e899852c4db249384f154598db79,20260916,0.10.0,708,supply,demands,False,6,6,D4,10,BASE,POWER,56.7,J000009,1,1,56.7
m3-periodic,ee0bec387c023d5d0ab8464c286e0564fdf9e899852c4db249384f154598db79,20260916,0.10.0,708,supply,demands,False,6,6,D5,11,BASE,POWER,56.800000000000004,J000008,1,1,56.800000000000004
m3-periodic,ee0bec387c023d5d0ab8464c286e0564fdf9e899852c4db249384f154598db79,20260916,0.10.0,708,supply,demands,False,6,6,D6,12,BASE,POWER,60.800000000000004,J000012,1,1,64.5
m3-periodic,ee0bec387c023d5d0ab8464c286e0564fdf9e899852c4db249384f154598db79,20260916,0.10.0,709,supply,demands,False,5,5,D1,3,BASE,POWER,32.800000000000004,J000003,1,1,32.800000000000004
m3-periodic,ee0bec387c023d5d0ab8464c286e0564fdf9e899852c4db249384f154598db79,20260916,0.10.0,709,supply,demands,False,5,5,D2,6,BASE,POWER,56.7,J000007,1,1,56.7
m3-periodic,ee0bec387c023d5d0ab8464c286e0564fdf9e899852c4db249384f154598db79,20260916,0.10.0,709,supply,demands,False,5,5,D3,7,BASE,POWER,56.800000000000004,J000006,1,1,56.800000000000004
m3-periodic,ee0bec387c023d5d0ab8464c286e0564fdf9e899852c4db249384f154598db79,20260916,0.10.0,709,supply,demands,False,5,5,D4,8,BASE,POWER,60.7,J000011,1,1,64.5
m3-periodic,ee0bec387c023d5d0ab8464c286e0564fdf9e899852c4db249384f154598db79,20260916,0.10.0,709,supply,demands,False,5,5,D5,9,BASE,POWER,60.800000000000004,J000010,1,1,64.5
m3-periodic,ee0bec387c023d5d0ab8464c286e0564fdf9e899852c4db249384f154598db79,20260916,0.10.0,710,supply,demands,False,5,5,D1,3,BASE,POWER,16.700000000000003,J000002,1,1,16.700000000000003
m3-periodic,ee0bec387c023d5d0ab8464c286e0564fdf9e899852c4db249384f154598db79,20260916,0.10.0,710,supply,demands,False,5,5,D2,4,BASE,POWER,16.800000000000004,J000001,1,1,16.800000000000004
m3-periodic,ee0bec387c023d5d0ab8464c286e0564fdf9e899852c4db249384f154598db79,20260916,0.10.0,710,supply,demands,False,5,5,D3,7,BASE,POWER,56.7,J000008,1,1,56.7
m3-periodic,ee0bec387c023d5d0ab8464c286e0564fdf9e899852c4db249384f154598db79,20260916,0.10.0,710,supply,demands,False,5,5,D4,8,BASE,POWER,56.800000000000004,J000007,1,1,56.800000000000004
m3-periodic,ee0bec387c023d5d0ab8464c286e0564fdf9e899852c4db249384f154598db79,20260916,0.10.0,710,supply,demands,False,5,5,D5,9,BASE,POWER,60.800000000000004,J000013,1,1,64.5
m3-periodic,ee0bec387c023d5d0ab8464c286e0564fdf9e899852c4db249384f154598db79,20260916,0.10.0,711,supply,demands,False,4,4,D1,3,BASE,POWER,16.700000000000003,J000002,1,1,16.700000000000003
m3-periodic,ee0bec387c023d5d0ab8464c286e0564fdf9e899852c4db249384f154598db79,20260916,0.10.0,711,supply,demands,False,4,4,D2,4,BASE,POWER,16.800000000000004,J000001,1,1,16.800000000000004
m3-periodic,ee0bec387c023d5d0ab8464c286e0564fdf9e899852c4db249384f154598db79,20260916,0.10.0,711,supply,demands,False,4,4,D3,7,BASE,POWER,56.7,J000008,1,1,56.7
m3-periodic,ee0bec387c023d5d0ab8464c286e0564fdf9e899852c4db249384f154598db79,20260916,0.10.0,711,supply,demands,False,4,4,D4,8,BASE,POWER,60.7,J000011,1,1,60.7
m3-periodic,ee0bec387c023d5d0ab8464c286e0564fdf9e899852c4db249384f154598db79,20260916,0.10.0,712,supply,demands,False,5,5,D1,3,BASE,POWER,16.700000000000003,J000002,1,1,16.700000000000003
m3-periodic,ee0bec387c023d5d0ab8464c286e0564fdf9e899852c4db249384f154598db79,20260916,0.10.0,712,supply,demands,False,5,5,D2,4,BASE,POWER,16.800000000000004,J000001,1,1,16.800000000000004
m3-periodic,ee0bec387c023d5d0ab8464c286e0564fdf9e899852c4db249384f154598db79,20260916,0.10.0,712,supply,demands,False,5,5,D3,7,BASE,POWER,32.7,J000006,1,1,32.7
m3-periodic,ee0bec387c023d5d0ab8464c286e0564fdf9e899852c4db249384f154598db79,20260916,0.10.0,712,supply,demands,False,5,5,D4,8,BASE,POWER,32.800000000000004,J000005,1,1,32.800000000000004
m3-periodic,ee0bec387c023d5d0ab8464c286e0564fdf9e899852c4db249384f154598db79,20260916,0.10.0,712,supply,demands,False,5,5,D5,11,BASE,POWER,60.7,J000013,1,1,60.7
m3-periodic,ee0bec387c023d5d0ab8464c286e0564fdf9e899852c4db249384f154598db79,20260916,0.10.0,713,supply,demands,False,3,3,D1,3,BASE,POWER,32.7,J000004,1,1,32.7
m3-periodic,ee0bec387c023d5d0ab8464c286e0564fdf9e899852c4db249384f154598db79,20260916,0.10.0,713,supply,demands,False,3,3,D2,6,BASE,POWER,60.31295394128289,J000009,1,1,60.31295394128289
m3-periodic,ee0bec387c023d5d0ab8464c286e0564fdf9e899852c4db249384f154598db79,20260916,0.10.0,713,supply,demands,False,3,3,D3,7,BASE,POWER,60.41295394128289,J000010,1,1,60.41295394128289
m3-periodic,ee0bec387c023d5d0ab8464c286e0564fdf9e899852c4db249384f154598db79,20260916,0.10.0,714,supply,demands,False,3,3,D1,3,BASE,POWER,16.800000000000004,J000001,1,1,16.800000000000004
m3-periodic,ee0bec387c023d5d0ab8464c286e0564fdf9e899852c4db249384f154598db79,20260916,0.10.0,714,supply,demands,False,3,3,D2,6,BASE,POWER,56.7,J000008,1,1,56.7
m3-periodic,ee0bec387c023d5d0ab8464c286e0564fdf9e899852c4db249384f154598db79,20260916,0.10.0,714,supply,demands,False,3,3,D3,7,BASE,POWER,60.800000000000004,J000010,1,1,60.800000000000004
m3-periodic,ee0bec387c023d5d0ab8464c286e0564fdf9e899852c4db249384f154598db79,20260916,0.10.0,715,supply,demands,False,3,3,D1,3,BASE,POWER,32.7,J000004,1,1,32.7
m3-periodic,ee0bec387c023d5d0ab8464c286e0564fdf9e899852c4db249384f154598db79,20260916,0.10.0,715,supply,demands,False,3,3,D2,4,BASE,POWER,32.800000000000004,J000003,1,1,32.800000000000004
m3-periodic,ee0bec387c023d5d0ab8464c286e0564fdf9e899852c4db249384f154598db79,20260916,0.10.0,715,supply,demands,False,3,3,D3,7,BASE,POWER,60.800000000000004,J000009,1,1,60.800000000000004
m3-periodic,ee0bec387c023d5d0ab8464c286e0564fdf9e899852c4db249384f154598db79,20260916,0.10.0,716,supply,demands,False,4,4,D1,3,BASE,POWER,16.700000000000003,J000002,1,1,16.700000000000003
m3-periodic,ee0bec387c023d5d0ab8464c286e0564fdf9e899852c4db249384f154598db79,20260916,0.10.0,716,supply,demands,False,4,4,D2,6,BASE,POWER,36.267111154990424,J000005,1,1,36.267111154990424
m3-periodic,ee0bec387c023d5d0ab8464c286e0564fdf9e899852c4db249384f154598db79,20260916,0.10.0,716,supply,demands,False,4,4,D3,9,BASE,POWER,56.7,J000008,1,1,56.7
m3-periodic,ee0bec387c023d5d0ab8464c286e0564fdf9e899852c4db249384f154598db79,20260916,0.10.0,716,supply,demands,False,4,4,D4,12,BASE,POWER,64.69999999999999,J000011,1,1,64.69999999999999
m3-periodic,ee0bec387c023d5d0ab8464c286e0564fdf9e899852c4db249384f154598db79,20260916,0.10.0,717,supply,demands,False,5,5,D1,3,BASE,POWER,16.700000000000003,J000002,1,1,16.700000000000003
m3-periodic,ee0bec387c023d5d0ab8464c286e0564fdf9e899852c4db249384f154598db79,20260916,0.10.0,717,supply,demands,False,5,5,D2,4,BASE,POWER,16.800000000000004,J000001,1,1,16.800000000000004
m3-periodic,ee0bec387c023d5d0ab8464c286e0564fdf9e899852c4db249384f154598db79,20260916,0.10.0,717,supply,demands,False,5,5,D3,7,BASE,POWER,32.800000000000004,J000005,1,1,32.800000000000004
m3-periodic,ee0bec387c023d5d0ab8464c286e0564fdf9e899852c4db249384f154598db79,20260916,0.10.0,717,supply,demands,False,5,5,D4,10,BASE,POWER,60.7,J000011,1,1,60.7
m3-periodic,ee0bec387c023d5d0ab8464c286e0564fdf9e899852c4db249384f154598db79,20260916,0.10.0,717,supply,demands,False,5,5,D5,11,BASE,POWER,60.800000000000004,J000010,1,1,60.800000000000004
m3-periodic,ee0bec387c023d5d0ab8464c286e0564fdf9e899852c4db249384f154598db79,20260916,0.10.0,718,supply,demands,False,7,7,D1,3,BASE,POWER,16.700000000000003,J000002,1,1,16.700000000000003
m3-periodic,ee0bec387c023d5d0ab8464c286e0564fdf9e899852c4db249384f154598db79,20260916,0.10.0,718,supply,demands,False,7,7,D2,4,BASE,POWER,16.800000000000004,J000001,1,1,16.800000000000004
m3-periodic,ee0bec387c023d5d0ab8464c286e0564fdf9e899852c4db249384f154598db79,20260916,0.10.0,718,supply,demands,False,7,7,D3,7,BASE,POWER,32.7,J000006,1,1,32.7
m3-periodic,ee0bec387c023d5d0ab8464c286e0564fdf9e899852c4db249384f154598db79,20260916,0.10.0,718,supply,demands,False,7,7,D4,8,BASE,POWER,32.800000000000004,J000005,1,1,32.800000000000004
m3-periodic,ee0bec387c023d5d0ab8464c286e0564fdf9e899852c4db249384f154598db79,20260916,0.10.0,718,supply,demands,False,7,7,D5,11,BASE,POWER,56.7,J000010,1,1,56.7
m3-periodic,ee0bec387c023d5d0ab8464c286e0564fdf9e899852c4db249384f154598db79,20260916,0.10.0,718,supply,demands,False,7,7,D6,12,BASE,POWER,56.800000000000004,J000009,1,1,56.800000000000004
m3-periodic,ee0bec387c023d5d0ab8464c286e0564fdf9e899852c4db249384f154598db79,20260916,0.10.0,718,supply,demands,False,7,7,D7,13,BASE,POWER,60.800000000000004,J000013,1,1,64.5
m3-periodic,ee0bec387c023d5d0ab8464c286e0564fdf9e899852c4db249384f154598db79,20260916,0.10.0,719,supply,demands,False,6,6,D1,3,BASE,POWER,16.700000000000003,J000002,1,1,16.700000000000003
m3-periodic,ee0bec387c023d5d0ab8464c286e0564fdf9e899852c4db249384f154598db79,20260916,0.10.0,719,supply,demands,False,6,6,D2,4,BASE,POWER,16.800000000000004,J000001,1,1,16.800000000000004
m3-periodic,ee0bec387c023d5d0ab8464c286e0564fdf9e899852c4db249384f154598db79,20260916,0.10.0,719,supply,demands,False,6,6,D3,7,BASE,POWER,32.7,J000006,1,1,32.7
m3-periodic,ee0bec387c023d5d0ab8464c286e0564fdf9e899852c4db249384f154598db79,20260916,0.10.0,719,supply,demands,False,6,6,D4,8,BASE,POWER,32.800000000000004,J000005,1,1,32.800000000000004
m3-periodic,ee0bec387c023d5d0ab8464c286e0564fdf9e899852c4db249384f154598db79,20260916,0.10.0,719,supply,demands,False,6,6,D5,11,BASE,POWER,60.800000000000004,J000010,1,1,60.800000000000004
m3-periodic,ee0bec387c023d5d0ab8464c286e0564fdf9e899852c4db249384f154598db79,20260916,0.10.0,719,supply,demands,False,6,6,D6,14,BASE,POWER,64.69999999999999,J000013,1,1,64.69999999999999
m3-periodic,ee0bec387c023d5d0ab8464c286e0564fdf9e899852c4db249384f154598db79,20260916,0.10.0,720,supply,demands,False,5,5,D1,3,BASE,POWER,16.700000000000003,J000002,1,1,16.700000000000003
m3-periodic,ee0bec387c023d5d0ab8464c286e0564fdf9e899852c4db249384f154598db79,20260916,0.10.0,720,supply,demands,False,5,5,D2,6,BASE,POWER,32.7,J000005,1,1,32.7
m3-periodic,ee0bec387c023d5d0ab8464c286e0564fdf9e899852c4db249384f154598db79,20260916,0.10.0,720,supply,demands,False,5,5,D3,7,BASE,POWER,36.7,J000007,1,1,36.7
m3-periodic,ee0bec387c023d5d0ab8464c286e0564fdf9e899852c4db249384f154598db79,20260916,0.10.0,720,supply,demands,False,5,5,D4,10,BASE,POWER,60.7,J000011,1,1,60.7
m3-periodic,ee0bec387c023d5d0ab8464c286e0564fdf9e899852c4db249384f154598db79,20260916,0.10.0,720,supply,demands,False,5,5,D5,13,BASE,POWER,64.69999999999999,J000013,1,1,64.69999999999999
m3-periodic,ee0bec387c023d5d0ab8464c286e0564fdf9e899852c4db249384f154598db79,20260916,0.10.0,721,supply,demands,False,4,4,D1,3,BASE,POWER,16.800000000000004,J000001,1,1,16.800000000000004
m3-periodic,ee0bec387c023d5d0ab8464c286e0564fdf9e899852c4db249384f154598db79,20260916,0.10.0,721,supply,demands,False,4,4,D2,6,BASE,POWER,32.800000000000004,J000004,1,1,32.800000000000004
m3-periodic,ee0bec387c023d5d0ab8464c286e0564fdf9e899852c4db249384f154598db79,20260916,0.10.0,721,supply,demands,False,4,4,D3,9,BASE,POWER,56.7,J000008,1,1,56.7
m3-periodic,ee0bec387c023d5d0ab8464c286e0564fdf9e899852c4db249384f154598db79,20260916,0.10.0,721,supply,demands,False,4,4,D4,10,BASE,POWER,60.7,J000011,1,1,60.7
m3-periodic,ee0bec387c023d5d0ab8464c286e0564fdf9e899852c4db249384f154598db79,20260916,0.10.0,722,supply,demands,False,5,5,D1,3,BASE,POWER,16.700000000000003,J000002,1,1,16.700000000000003
m3-periodic,ee0bec387c023d5d0ab8464c286e0564fdf9e899852c4db249384f154598db79,20260916,0.10.0,722,supply,demands,False,5,5,D2,6,BASE,POWER,32.7,J000005,1,1,32.7
m3-periodic,ee0bec387c023d5d0ab8464c286e0564fdf9e899852c4db249384f154598db79,20260916,0.10.0,722,supply,demands,False,5,5,D3,9,BASE,POWER,56.7,J000008,1,1,56.7
m3-periodic,ee0bec387c023d5d0ab8464c286e0564fdf9e899852c4db249384f154598db79,20260916,0.10.0,722,supply,demands,False,5,5,D4,10,BASE,POWER,56.800000000000004,J000007,1,1,56.800000000000004
m3-periodic,ee0bec387c023d5d0ab8464c286e0564fdf9e899852c4db249384f154598db79,20260916,0.10.0,722,supply,demands,False,5,5,D5,11,BASE,POWER,60.7,J000012,1,1,64.5
m3-periodic,ee0bec387c023d5d0ab8464c286e0564fdf9e899852c4db249384f154598db79,20260916,0.10.0,723,supply,demands,False,5,5,D1,3,BASE,POWER,16.800000000000004,J000001,1,1,16.800000000000004
m3-periodic,ee0bec387c023d5d0ab8464c286e0564fdf9e899852c4db249384f154598db79,20260916,0.10.0,723,supply,demands,False,5,5,D2,6,BASE,POWER,32.7,J000005,1,1,32.7
m3-periodic,ee0bec387c023d5d0ab8464c286e0564fdf9e899852c4db249384f154598db79,20260916,0.10.0,723,supply,demands,False,5,5,D3,7,BASE,POWER,32.800000000000004,J000004,1,1,32.800000000000004
m3-periodic,ee0bec387c023d5d0ab8464c286e0564fdf9e899852c4db249384f154598db79,20260916,0.10.0,723,supply,demands,False,5,5,D4,10,BASE,POWER,56.485589976911086,J000010,1,1,56.485589976911086
m3-periodic,ee0bec387c023d5d0ab8464c286e0564fdf9e899852c4db249384f154598db79,20260916,0.10.0,723,supply,demands,False,5,5,D5,11,BASE,POWER,60.800000000000004,J000012,1,1,60.800000000000004
m3-periodic,ee0bec387c023d5d0ab8464c286e0564fdf9e899852c4db249384f154598db79,20260916,0.10.0,724,supply,demands,False,4,4,D1,3,BASE,POWER,11.667440160392506,J000001,1,1,11.667440160392506
m3-periodic,ee0bec387c023d5d0ab8464c286e0564fdf9e899852c4db249384f154598db79,20260916,0.10.0,724,supply,demands,False,4,4,D2,6,BASE,POWER,32.7,J000005,1,1,32.7
m3-periodic,ee0bec387c023d5d0ab8464c286e0564fdf9e899852c4db249384f154598db79,20260916,0.10.0,724,supply,demands,False,4,4,D3,9,BASE,POWER,40.7,J000007,1,1,40.7
m3-periodic,ee0bec387c023d5d0ab8464c286e0564fdf9e899852c4db249384f154598db79,20260916,0.10.0,724,supply,demands,False,4,4,D4,12,BASE,POWER,56.800000000000004,J000009,1,1,56.800000000000004
m3-periodic,ee0bec387c023d5d0ab8464c286e0564fdf9e899852c4db249384f154598db79,20260916,0.10.0,725,supply,demands,False,5,5,D1,3,BASE,POWER,16.700000000000003,J000002,1,1,16.700000000000003
m3-periodic,ee0bec387c023d5d0ab8464c286e0564fdf9e899852c4db249384f154598db79,20260916,0.10.0,725,supply,demands,False,5,5,D2,6,BASE,POWER,32.7,J000005,1,1,32.7
m3-periodic,ee0bec387c023d5d0ab8464c286e0564fdf9e899852c4db249384f154598db79,20260916,0.10.0,725,supply,demands,False,5,5,D3,9,BASE,POWER,56.800000000000004,J000007,1,1,56.800000000000004
m3-periodic,ee0bec387c023d5d0ab8464c286e0564fdf9e899852c4db249384f154598db79,20260916,0.10.0,725,supply,demands,False,5,5,D4,10,BASE,POWER,60.7,J000011,1,1,60.7
m3-periodic,ee0bec387c023d5d0ab8464c286e0564fdf9e899852c4db249384f154598db79,20260916,0.10.0,725,supply,demands,False,5,5,D5,11,BASE,POWER,63.4349440213186,J000013,1,1,64.5
m3-periodic,ee0bec387c023d5d0ab8464c286e0564fdf9e899852c4db249384f154598db79,20260916,0.10.0,726,supply,demands,False,6,6,D1,3,BASE,POWER,36.7,J000004,1,1,36.7
m3-periodic,ee0bec387c023d5d0ab8464c286e0564fdf9e899852c4db249384f154598db79,20260916,0.10.0,726,supply,demands,False,6,6,D2,4,BASE,POWER,36.800000000000004,J000006,1,1,36.800000000000004
m3-periodic,ee0bec387c023d5d0ab8464c286e0564fdf9e899852c4db249384f154598db79,20260916,0.10.0,726,supply,demands,False,6,6,D3,7,BASE,POWER,55.05612329431963,J000009,1,1,55.05612329431963
m3-periodic,ee0bec387c023d5d0ab8464c286e0564fdf9e899852c4db249384f154598db79,20260916,0.10.0,726,supply,demands,False,6,6,D4,10,BASE,POWER,60.7,J000012,1,1,60.7
m3-periodic,ee0bec387c023d5d0ab8464c286e0564fdf9e899852c4db249384f154598db79,20260916,0.10.0,726,supply,demands,False,6,6,D5,11,BASE,POWER,60.800000000000004,J000011,1,1,60.800000000000004
m3-periodic,ee0bec387c023d5d0ab8464c286e0564fdf9e899852c4db249384f154598db79,20260916,0.10.0,726,supply,demands,False,6,6,D6,14,BASE,POWER,64.69999999999999,J000015,1,1,64.69999999999999
m3-periodic,ee0bec387c023d5d0ab8464c286e0564fdf9e899852c4db249384f154598db79,20260916,0.10.0,727,supply,demands,False,5,5,D1,3,BASE,POWER,32.7,J000004,1,1,32.7
m3-periodic,ee0bec387c023d5d0ab8464c286e0564fdf9e899852c4db249384f154598db79,20260916,0.10.0,727,supply,demands,False,5,5,D2,6,BASE,POWER,56.7,J000007,1,1,56.7
m3-periodic,ee0bec387c023d5d0ab8464c286e0564fdf9e899852c4db249384f154598db79,20260916,0.10.0,727,supply,demands,False,5,5,D3,7,BASE,POWER,60.7,J000010,1,1,60.7
m3-periodic,ee0bec387c023d5d0ab8464c286e0564fdf9e899852c4db249384f154598db79,20260916,0.10.0,727,supply,demands,False,5,5,D4,8,BASE,POWER,60.800000000000004,J000009,1,1,64.5
m3-periodic,ee0bec387c023d5d0ab8464c286e0564fdf9e899852c4db249384f154598db79,20260916,0.10.0,727,supply,demands,False,5,5,D5,9,BASE,POWER,63.67076011406588,J000013,1,1,64.5
m3-periodic,ee0bec387c023d5d0ab8464c286e0564fdf9e899852c4db249384f154598db79,20260916,0.10.0,728,supply,demands,False,3,3,D1,3,BASE,POWER,16.632823445876824,J000002,1,1,16.632823445876824
m3-periodic,ee0bec387c023d5d0ab8464c286e0564fdf9e899852c4db249384f154598db79,20260916,0.10.0,728,supply,demands,False,3,3,D2,4,BASE,POWER,16.732823445876825,J000003,1,1,16.732823445876825
m3-periodic,ee0bec387c023d5d0ab8464c286e0564fdf9e899852c4db249384f154598db79,20260916,0.10.0,728,supply,demands,False,3,3,D3,7,BASE,POWER,56.7,J000010,1,1,56.7
m3-periodic,ee0bec387c023d5d0ab8464c286e0564fdf9e899852c4db249384f154598db79,20260916,0.10.0,729,supply,demands,False,5,5,D1,3,BASE,POWER,16.700000000000003,J000002,1,1,16.700000000000003
m3-periodic,ee0bec387c023d5d0ab8464c286e0564fdf9e899852c4db249384f154598db79,20260916,0.10.0,729,supply,demands,False,5,5,D2,6,BASE,POWER,32.800000000000004,J000004,1,1,32.800000000000004
m3-periodic,ee0bec387c023d5d0ab8464c286e0564fdf9e899852c4db249384f154598db79,20260916,0.10.0,729,supply,demands,False,5,5,D3,9,BASE,POWER,56.7,J000008,1,1,56.7
m3-periodic,ee0bec387c023d5d0ab8464c286e0564fdf9e899852c4db249384f154598db79,20260916,0.10.0,729,supply,demands,False,5,5,D4,10,BASE,POWER,60.7,J000011,1,1,60.7
m3-periodic,ee0bec387c023d5d0ab8464c286e0564fdf9e899852c4db249384f154598db79,20260916,0.10.0,729,supply,demands,False,5,5,D5,11,BASE,POWER,60.800000000000004,J000010,1,1,64.5
m3-periodic,ee0bec387c023d5d0ab8464c286e0564fdf9e899852c4db249384f154598db79,20260916,0.10.0,730,supply,demands,False,7,7,D1,3,BASE,POWER,16.700000000000003,J000002,1,1,16.700000000000003
m3-periodic,ee0bec387c023d5d0ab8464c286e0564fdf9e899852c4db249384f154598db79,20260916,0.10.0,730,supply,demands,False,7,7,D2,4,BASE,POWER,16.800000000000004,J000001,1,1,16.800000000000004
m3-periodic,ee0bec387c023d5d0ab8464c286e0564fdf9e899852c4db249384f154598db79,20260916,0.10.0,730,supply,demands,False,7,7,D3,7,BASE,POWER,32.800000000000004,J000005,1,1,32.800000000000004
m3-periodic,ee0bec387c023d5d0ab8464c286e0564fdf9e899852c4db249384f154598db79,20260916,0.10.0,730,supply,demands,False,7,7,D4,8,BASE,POWER,35.49851436066329,J000008,1,1,35.49851436066329
m3-periodic,ee0bec387c023d5d0ab8464c286e0564fdf9e899852c4db249384f154598db79,20260916,0.10.0,730,supply,demands,False,7,7,D5,11,BASE,POWER,56.7,J000010,1,1,56.7
m3-periodic,ee0bec387c023d5d0ab8464c286e0564fdf9e899852c4db249384f154598db79,20260916,0.10.0,730,supply,demands,False,7,7,D6,12,BASE,POWER,60.7,J000013,1,1,60.7
m3-periodic,ee0bec387c023d5d0ab8464c286e0564fdf9e899852c4db249384f154598db79,20260916,0.10.0,730,supply,demands,False,7,7,D7,13,BASE,POWER,60.800000000000004,J000012,1,1,64.5
m3-periodic,ee0bec387c023d5d0ab8464c286e0564fdf9e899852c4db249384f154598db79,20260916,0.10.0,731,supply,demands,False,7,7,D1,3,BASE,POWER,16.700000000000003,J000002,1,1,16.700000000000003
m3-periodic,ee0bec387c023d5d0ab8464c286e0564fdf9e899852c4db249384f154598db79,20260916,0.10.0,731,supply,demands,False,7,7,D2,4,BASE,POWER,16.800000000000004,J000001,1,1,16.800000000000004
m3-periodic,ee0bec387c023d5d0ab8464c286e0564fdf9e899852c4db249384f154598db79,20260916,0.10.0,731,supply,demands,False,7,7,D3,7,BASE,POWER,32.7,J000006,1,1,32.7
m3-periodic,ee0bec387c023d5d0ab8464c286e0564fdf9e899852c4db249384f154598db79,20260916,0.10.0,731,supply,demands,False,7,7,D4,10,BASE,POWER,56.7,J000009,1,1,56.7
m3-periodic,ee0bec387c023d5d0ab8464c286e0564fdf9e899852c4db249384f154598db79,20260916,0.10.0,731,supply,demands,False,7,7,D5,11,BASE,POWER,56.800000000000004,J000008,1,1,56.800000000000004
m3-periodic,ee0bec387c023d5d0ab8464c286e0564fdf9e899852c4db249384f154598db79,20260916,0.10.0,731,supply,demands,False,7,7,D6,12,BASE,POWER,60.7,J000013,1,1,64.5
m3-periodic,ee0bec387c023d5d0ab8464c286e0564fdf9e899852c4db249384f154598db79,20260916,0.10.0,731,supply,demands,False,7,7,D7,13,BASE,POWER,60.800000000000004,J000012,1,1,64.5
m3-periodic,ee0bec387c023d5d0ab8464c286e0564fdf9e899852c4db249384f154598db79,20260916,0.10.0,732,supply,demands,False,2,2,D1,3,BASE,POWER,16.700000000000003,J000002,1,1,16.700000000000003
m3-periodic,ee0bec387c023d5d0ab8464c286e0564fdf9e899852c4db249384f154598db79,20260916,0.10.0,732,supply,demands,False,2,2,D2,6,BASE,POWER,32.800000000000004,J000004,1,1,32.800000000000004
m3-periodic,ee0bec387c023d5d0ab8464c286e0564fdf9e899852c4db249384f154598db79,20260916,0.10.0,733,supply,demands,False,5,5,D1,3,BASE,POWER,16.700000000000003,J000002,1,1,16.700000000000003
m3-periodic,ee0bec387c023d5d0ab8464c286e0564fdf9e899852c4db249384f154598db79,20260916,0.10.0,733,supply,demands,False,5,5,D2,4,BASE,POWER,16.800000000000004,J000001,1,1,16.800000000000004
m3-periodic,ee0bec387c023d5d0ab8464c286e0564fdf9e899852c4db249384f154598db79,20260916,0.10.0,733,supply,demands,False,5,5,D3,7,BASE,POWER,32.7,J000006,1,1,32.7
m3-periodic,ee0bec387c023d5d0ab8464c286e0564fdf9e899852c4db249384f154598db79,20260916,0.10.0,733,supply,demands,False,5,5,D4,8,BASE,POWER,32.800000000000004,J000005,1,1,32.800000000000004
m3-periodic,ee0bec387c023d5d0ab8464c286e0564fdf9e899852c4db249384f154598db79,20260916,0.10.0,733,supply,demands,False,5,5,D5,11,BASE,POWER,55.75017706409817,J000011,1,1,55.75017706409817
m3-periodic,ee0bec387c023d5d0ab8464c286e0564fdf9e899852c4db249384f154598db79,20260916,0.10.0,734,supply,demands,False,6,6,D1,3,BASE,POWER,11.114744838525047,J000001,1,1,11.114744838525047
m3-periodic,ee0bec387c023d5d0ab8464c286e0564fdf9e899852c4db249384f154598db79,20260916,0.10.0,734,supply,demands,False,6,6,D2,6,BASE,POWER,16.700000000000003,J000005,1,1,16.700000000000003
m3-periodic,ee0bec387c023d5d0ab8464c286e0564fdf9e899852c4db249384f154598db79,20260916,0.10.0,734,supply,demands,False,6,6,D3,7,BASE,POWER,16.800000000000004,J000004,1,1,16.800000000000004
m3-periodic,ee0bec387c023d5d0ab8464c286e0564fdf9e899852c4db249384f154598db79,20260916,0.10.0,734,supply,demands,False,6,6,D4,10,BASE,POWER,40.7,J000009,1,1,40.7
m3-periodic,ee0bec387c023d5d0ab8464c286e0564fdf9e899852c4db249384f154598db79,20260916,0.10.0,734,supply,demands,False,6,6,D5,13,BASE,POWER,56.7,J000012,1,1,56.7
m3-periodic,ee0bec387c023d5d0ab8464c286e0564fdf9e899852c4db249384f154598db79,20260916,0.10.0,734,supply,demands,False,6,6,D6,14,BASE,POWER,56.800000000000004,J000011,1,1,56.800000000000004
m3-periodic,ee0bec387c023d5d0ab8464c286e0564fdf9e899852c4db249384f154598db79,20260916,0.10.0,735,supply,demands,False,5,5,D1,3,BASE,POWER,8.39500238568895,J000001,1,1,8.39500238568895
m3-periodic,ee0bec387c023d5d0ab8464c286e0564fdf9e899852c4db249384f154598db79,20260916,0.10.0,735,supply,demands,False,5,5,D2,6,BASE,POWER,16.700000000000003,J000003,1,1,16.700000000000003
m3-periodic,ee0bec387c023d5d0ab8464c286e0564fdf9e899852c4db249384f154598db79,20260916,0.10.0,735,supply,demands,False,5,5,D3,9,BASE,POWER,32.7,J000006,1,1,32.7
m3-periodic,ee0bec387c023d5d0ab8464c286e0564fdf9e899852c4db249384f154598db79,20260916,0.10.0,735,supply,demands,False,5,5,D4,10,BASE,POWER,36.7,J000008,1,1,36.7
m3-periodic,ee0bec387c023d5d0ab8464c286e0564fdf9e899852c4db249384f154598db79,20260916,0.10.0,735,supply,demands,False,5,5,D5,13,BASE,POWER,60.7,J000012,1,1,60.7
m3-periodic,ee0bec387c023d5d0ab8464c286e0564fdf9e899852c4db249384f154598db79,20260916,0.10.0,736,supply,demands,False,5,5,D1,3,BASE,POWER,16.700000000000003,J000002,1,1,16.700000000000003
m3-periodic,ee0bec387c023d5d0ab8464c286e0564fdf9e899852c4db249384f154598db79,20260916,0.10.0,736,supply,demands,False,5,5,D2,4,BASE,POWER,16.800000000000004,J000001,1,1,16.800000000000004
m3-periodic,ee0bec387c023d5d0ab8464c286e0564fdf9e899852c4db249384f154598db79,20260916,0.10.0,736,supply,demands,False,5,5,D3,7,BASE,POWER,56.7,J000009,1,1,56.7
m3-periodic,ee0bec387c023d5d0ab8464c286e0564fdf9e899852c4db249384f154598db79,20260916,0.10.0,736,supply,demands,False,5,5,D4,8,BASE,POWER,56.800000000000004,J000008,1,1,56.800000000000004
m3-periodic,ee0bec387c023d5d0ab8464c286e0564fdf9e899852c4db249384f154598db79,20260916,0.10.0,736,supply,demands,False,5,5,D5,9,BASE,POWER,60.7,J000013,1,1,64.5
m3-periodic,ee0bec387c023d5d0ab8464c286e0564fdf9e899852c4db249384f154598db79,20260916,0.10.0,737,supply,demands,False,5,5,D1,3,BASE,POWER,16.700000000000003,J000002,1,1,16.700000000000003
m3-periodic,ee0bec387c023d5d0ab8464c286e0564fdf9e899852c4db249384f154598db79,20260916,0.10.0,737,supply,demands,False,5,5,D2,4,BASE,POWER,16.800000000000004,J000001,1,1,16.800000000000004
m3-periodic,ee0bec387c023d5d0ab8464c286e0564fdf9e899852c4db249384f154598db79,20260916,0.10.0,737,supply,demands,False,5,5,D3,7,BASE,POWER,32.7,J000006,1,1,32.7
m3-periodic,ee0bec387c023d5d0ab8464c286e0564fdf9e899852c4db249384f154598db79,20260916,0.10.0,737,supply,demands,False,5,5,D4,10,BASE,POWER,56.7,J000010,1,1,56.7
m3-periodic,ee0bec387c023d5d0ab8464c286e0564fdf9e899852c4db249384f154598db79,20260916,0.10.0,737,supply,demands,False,5,5,D5,11,BASE,POWER,56.800000000000004,J000009,1,1,56.800000000000004
m3-periodic,ee0bec387c023d5d0ab8464c286e0564fdf9e899852c4db249384f154598db79,20260916,0.10.0,738,supply,demands,False,4,4,D1,3,BASE,POWER,16.453914402790843,J000002,1,1,16.453914402790843
m3-periodic,ee0bec387c023d5d0ab8464c286e0564fdf9e899852c4db249384f154598db79,20260916,0.10.0,738,supply,demands,False,4,4,D2,4,BASE,POWER,16.553914402790845,J000003,1,1,16.553914402790845
m3-periodic,ee0bec387c023d5d0ab8464c286e0564fdf9e899852c4db249384f154598db79,20260916,0.10.0,738,supply,demands,False,4,4,D3,7,BASE,POWER,56.7,J000010,1,1,56.7
m3-periodic,ee0bec387c023d5d0ab8464c286e0564fdf9e899852c4db249384f154598db79,20260916,0.10.0,738,supply,demands,False,4,4,D4,8,BASE,POWER,56.800000000000004,J000009,1,1,56.800000000000004
m3-periodic,ee0bec387c023d5d0ab8464c286e0564fdf9e899852c4db249384f154598db79,20260916,0.10.0,739,supply,demands,False,5,5,D1,3,BASE,POWER,16.700000000000003,J000002,1,1,16.700000000000003
m3-periodic,ee0bec387c023d5d0ab8464c286e0564fdf9e899852c4db249384f154598db79,20260916,0.10.0,739,supply,demands,False,5,5,D2,4,BASE,POWER,16.800000000000004,J000001,1,1,16.800000000000004
m3-periodic,ee0bec387c023d5d0ab8464c286e0564fdf9e899852c4db249384f154598db79,20260916,0.10.0,739,supply,demands,False,5,5,D3,7,BASE,POWER,32.7,J000006,1,1,32.7
m3-periodic,ee0bec387c023d5d0ab8464c286e0564fdf9e899852c4db249384f154598db79,20260916,0.10.0,739,supply,demands,False,5,5,D4,8,BASE,POWER,32.800000000000004,J000005,1,1,32.800000000000004
m3-periodic,ee0bec387c023d5d0ab8464c286e0564fdf9e899852c4db249384f154598db79,20260916,0.10.0,739,supply,demands,False,5,5,D5,11,BASE,POWER,56.800000000000004,J000009,1,1,56.800000000000004
m3-periodic,ee0bec387c023d5d0ab8464c286e0564fdf9e899852c4db249384f154598db79,20260916,0.10.0,740,supply,demands,False,5,5,D1,3,BASE,POWER,16.800000000000004,J000001,1,1,16.800000000000004
m3-periodic,ee0bec387c023d5d0ab8464c286e0564fdf9e899852c4db249384f154598db79,20260916,0.10.0,740,supply,demands,False,5,5,D2,6,BASE,POWER,32.7,J000005,1,1,32.7
m3-periodic,ee0bec387c023d5d0ab8464c286e0564fdf9e899852c4db249384f154598db79,20260916,0.10.0,740,supply,demands,False,5,5,D3,7,BASE,POWER,32.800000000000004,J000004,1,1,32.800000000000004
m3-periodic,ee0bec387c023d5d0ab8464c286e0564fdf9e899852c4db249384f154598db79,20260916,0.10.0,740,supply,demands,False,5,5,D4,8,BASE,POWER,39.36199743202799,J000008,1,1,40.5
m3-periodic,ee0bec387c023d5d0ab8464c286e0564fdf9e899852c4db249384f154598db79,20260916,0.10.0,740,supply,demands,False,5,5,D5,11,BASE,POWER,56.800000000000004,J000010,1,1,56.800000000000004
m3-periodic,ee0bec387c023d5d0ab8464c286e0564fdf9e899852c4db249384f154598db79,20260916,0.10.0,741,supply,demands,False,3,3,D1,3,BASE,POWER,16.700000000000003,J000002,1,1,16.700000000000003
m3-periodic,ee0bec387c023d5d0ab8464c286e0564fdf9e899852c4db249384f154598db79,20260916,0.10.0,741,supply,demands,False,3,3,D2,6,BASE,POWER,32.7,J000005,1,1,32.7
m3-periodic,ee0bec387c023d5d0ab8464c286e0564fdf9e899852c4db249384f154598db79,20260916,0.10.0,741,supply,demands,False,3,3,D3,9,BASE,POWER,60.800000000000004,J000009,1,1,60.800000000000004
m3-periodic,ee0bec387c023d5d0ab8464c286e0564fdf9e899852c4db249384f154598db79,20260916,0.10.0,742,supply,demands,False,4,4,D1,3,BASE,POWER,16.800000000000004,J000001,1,1,16.800000000000004
m3-periodic,ee0bec387c023d5d0ab8464c286e0564fdf9e899852c4db249384f154598db79,20260916,0.10.0,742,supply,demands,False,4,4,D2,6,BASE,POWER,32.800000000000004,J000004,1,1,32.800000000000004
m3-periodic,ee0bec387c023d5d0ab8464c286e0564fdf9e899852c4db249384f154598db79,20260916,0.10.0,742,supply,demands,False,4,4,D3,9,BASE,POWER,56.7,J000008,1,1,56.7
m3-periodic,ee0bec387c023d5d0ab8464c286e0564fdf9e899852c4db249384f154598db79,20260916,0.10.0,742,supply,demands,False,4,4,D4,10,BASE,POWER,60.7,J000011,1,1,60.7
m3-periodic,ee0bec387c023d5d0ab8464c286e0564fdf9e899852c4db249384f154598db79,20260916,0.10.0,743,supply,demands,False,8,8,D1,3,BASE,POWER,11.897592358749671,J000001,1,1,11.897592358749671
m3-periodic,ee0bec387c023d5d0ab8464c286e0564fdf9e899852c4db249384f154598db79,20260916,0.10.0,743,supply,demands,False,8,8,D2,6,BASE,POWER,16.700000000000003,J000003,1,1,16.700000000000003
m3-periodic,ee0bec387c023d5d0ab8464c286e0564fdf9e899852c4db249384f154598db79,20260916,0.10.0,743,supply,demands,False,8,8,D3,9,BASE,POWER,32.7,J000007,1,1,32.7
m3-periodic,ee0bec387c023d5d0ab8464c286e0564fdf9e899852c4db249384f154598db79,20260916,0.10.0,743,supply,demands,False,8,8,D4,10,BASE,POWER,35.68426004481933,J000009,1,1,35.68426004481933
m3-periodic,ee0bec387c023d5d0ab8464c286e0564fdf9e899852c4db249384f154598db79,20260916,0.10.0,743,supply,demands,False,8,8,D5,13,BASE,POWER,40.7,J000011,1,1,40.7
m3-periodic,ee0bec387c023d5d0ab8464c286e0564fdf9e899852c4db249384f154598db79,20260916,0.10.0,743,supply,demands,False,8,8,D6,16,BASE,POWER,56.7,J000013,1,1,56.7
m3-periodic,ee0bec387c023d5d0ab8464c286e0564fdf9e899852c4db249384f154598db79,20260916,0.10.0,743,supply,demands,False,8,8,D7,17,BASE,POWER,60.7,J000015,1,1,60.7
m3-periodic,ee0bec387c023d5d0ab8464c286e0564fdf9e899852c4db249384f154598db79,20260916,0.10.0,743,supply,demands,False,8,8,D8,20,BASE,POWER,64.69999999999999,J000017,1,1,64.69999999999999
m3-periodic,ee0bec387c023d5d0ab8464c286e0564fdf9e899852c4db249384f154598db79,20260916,0.10.0,744,supply,demands,False,6,6,D1,3,BASE,POWER,8.7,J000001,1,1,8.7
m3-periodic,ee0bec387c023d5d0ab8464c286e0564fdf9e899852c4db249384f154598db79,20260916,0.10.0,744,supply,demands,False,6,6,D2,6,BASE,POWER,32.7,J000005,1,1,32.7
m3-periodic,ee0bec387c023d5d0ab8464c286e0564fdf9e899852c4db249384f154598db79,20260916,0.10.0,744,supply,demands,False,6,6,D3,7,BASE,POWER,32.800000000000004,J000004,1,1,32.800000000000004
m3-periodic,ee0bec387c023d5d0ab8464c286e0564fdf9e899852c4db249384f154598db79,20260916,0.10.0,744,supply,demands,False,6,6,D4,10,BASE,POWER,60.7,J000011,1,1,60.7
m3-periodic,ee0bec387c023d5d0ab8464c286e0564fdf9e899852c4db249384f154598db79,20260916,0.10.0,744,supply,demands,False,6,6,D5,11,BASE,POWER,60.800000000000004,J000010,1,1,60.800000000000004
m3-periodic,ee0bec387c023d5d0ab8464c286e0564fdf9e899852c4db249384f154598db79,20260916,0.10.0,744,supply,demands,False,6,6,D6,14,BASE,POWER,64.69999999999999,J000014,1,1,64.69999999999999
m3-periodic,ee0bec387c023d5d0ab8464c286e0564fdf9e899852c4db249384f154598db79,20260916,0.10.0,745,supply,demands,False,2,2,D1,3,BASE,POWER,16.035029245321986,J000001,1,1,16.035029245321986
m3-periodic,ee0bec387c023d5d0ab8464c286e0564fdf9e899852c4db249384f154598db79,20260916,0.10.0,745,supply,demands,False,2,2,D2,4,BASE,POWER,16.135029245321988,J000003,1,1,16.135029245321988
m3-periodic,ee0bec387c023d5d0ab8464c286e0564fdf9e899852c4db249384f154598db79,20260916,0.10.0,746,supply,demands,False,6,6,D1,3,BASE,POWER,7.680677280938457,J000002,1,1,7.680677280938457
m3-periodic,ee0bec387c023d5d0ab8464c286e0564fdf9e899852c4db249384f154598db79,20260916,0.10.0,746,supply,demands,False,6,6,D2,4,BASE,POWER,7.780677280938456,J000001,1,1,7.780677280938456
m3-periodic,ee0bec387c023d5d0ab8464c286e0564fdf9e899852c4db249384f154598db79,20260916,0.10.0,746,supply,demands,False,6,6,D3,7,BASE,POWER,32.800000000000004,J000006,1,1,32.800000000000004
m3-periodic,ee0bec387c023d5d0ab8464c286e0564fdf9e899852c4db249384f154598db79,20260916,0.10.0,746,supply,demands,False,6,6,D4,10,BASE,POWER,56.7,J000010,1,1,56.7
m3-periodic,ee0bec387c023d5d0ab8464c286e0564fdf9e899852c4db249384f154598db79,20260916,0.10.0,746,supply,demands,False,6,6,D5,11,BASE,POWER,60.7,J000013,1,1,60.7
m3-periodic,ee0bec387c023d5d0ab8464c286e0564fdf9e899852c4db249384f154598db79,20260916,0.10.0,746,supply,demands,False,6,6,D6,14,BASE,POWER,64.69999999999999,J000015,1,1,64.69999999999999
m3-periodic,ee0bec387c023d5d0ab8464c286e0564fdf9e899852c4db249384f154598db79,20260916,0.10.0,747,supply,demands,False,2,2,D1,3,BASE,POWER,32.7,J000004,1,1,32.7
m3-periodic,ee0bec387c023d5d0ab8464c286e0564fdf9e899852c4db249384f154598db79,20260916,0.10.0,747,supply,demands,False,2,2,D2,6,BASE,POWER,60.7,J000009,1,1,60.7
m3-periodic,ee0bec387c023d5d0ab8464c286e0564fdf9e899852c4db249384f154598db79,20260916,0.10.0,748,supply,demands,False,4,4,D1,3,BASE,POWER,16.700000000000003,J000002,1,1,16.700000000000003
m3-periodic,ee0bec387c023d5d0ab8464c286e0564fdf9e899852c4db249384f154598db79,20260916,0.10.0,748,supply,demands,False,4,4,D2,6,BASE,POWER,32.800000000000004,J000004,1,1,32.800000000000004
m3-periodic,ee0bec387c023d5d0ab8464c286e0564fdf9e899852c4db249384f154598db79,20260916,0.10.0,748,supply,demands,False,4,4,D3,9,BASE,POWER,56.7,J000008,1,1,56.7
m3-periodic,ee0bec387c023d5d0ab8464c286e0564fdf9e899852c4db249384f154598db79,20260916,0.10.0,748,supply,demands,False,4,4,D4,10,BASE,POWER,56.800000000000004,J000007,1,1,56.800000000000004
m3-periodic,ee0bec387c023d5d0ab8464c286e0564fdf9e899852c4db249384f154598db79,20260916,0.10.0,749,supply,demands,False,4,4,D1,3,BASE,POWER,16.700000000000003,J000002,1,1,16.700000000000003
m3-periodic,ee0bec387c023d5d0ab8464c286e0564fdf9e899852c4db249384f154598db79,20260916,0.10.0,749,supply,demands,False,4,4,D2,4,BASE,POWER,16.800000000000004,J000001,1,1,16.800000000000004
m3-periodic,ee0bec387c023d5d0ab8464c286e0564fdf9e899852c4db249384f154598db79,20260916,0.10.0,749,supply,demands,False,4,4,D3,7,BASE,POWER,32.7,J000006,1,1,32.7
m3-periodic,ee0bec387c023d5d0ab8464c286e0564fdf9e899852c4db249384f154598db79,20260916,0.10.0,749,supply,demands,False,4,4,D4,10,BASE,POWER,56.800000000000004,J000008,1,1,56.800000000000004
m3-periodic,ee0bec387c023d5d0ab8464c286e0564fdf9e899852c4db249384f154598db79,20260916,0.10.0,750,supply,demands,False,2,2,D1,3,BASE,POWER,32.800000000000004,J000003,1,1,32.800000000000004
m3-periodic,ee0bec387c023d5d0ab8464c286e0564fdf9e899852c4db249384f154598db79,20260916,0.10.0,750,supply,demands,False,2,2,D2,6,BASE,POWER,56.800000000000004,J000006,1,1,56.800000000000004
m3-periodic,ee0bec387c023d5d0ab8464c286e0564fdf9e899852c4db249384f154598db79,20260916,0.10.0,751,supply,demands,False,5,5,D1,3,BASE,POWER,16.800000000000004,J000001,1,1,16.800000000000004
m3-periodic,ee0bec387c023d5d0ab8464c286e0564fdf9e899852c4db249384f154598db79,20260916,0.10.0,751,supply,demands,False,5,5,D2,6,BASE,POWER,32.800000000000004,J000004,1,1,32.800000000000004
m3-periodic,ee0bec387c023d5d0ab8464c286e0564fdf9e899852c4db249384f154598db79,20260916,0.10.0,751,supply,demands,False,5,5,D3,9,BASE,POWER,56.7,J000008,1,1,56.7
m3-periodic,ee0bec387c023d5d0ab8464c286e0564fdf9e899852c4db249384f154598db79,20260916,0.10.0,751,supply,demands,False,5,5,D4,10,BASE,POWER,56.800000000000004,J000007,1,1,56.800000000000004
m3-periodic,ee0bec387c023d5d0ab8464c286e0564fdf9e899852c4db249384f154598db79,20260916,0.10.0,751,supply,demands,False,5,5,D5,11,BASE,POWER,59.66012234972933,J000011,1,1,64.5
m3-periodic,ee0bec387c023d5d0ab8464c286e0564fdf9e899852c4db249384f154598db79,20260916,0.10.0,752,supply,demands,False,7,7,D1,3,BASE,POWER,16.700000000000003,J000002,1,1,16.700000000000003
m3-periodic,ee0bec387c023d5d0ab8464c286e0564fdf9e899852c4db249384f154598db79,20260916,0.10.0,752,supply,demands,False,7,7,D2,6,BASE,POWER,32.7,J000005,1,1,32.7
m3-periodic,ee0bec387c023d5d0ab8464c286e0564fdf9e899852c4db249384f154598db79,20260916,0.10.0,752,supply,demands,False,7,7,D3,7,BASE,POWER,32.800000000000004,J000004,1,1,32.800000000000004
m3-periodic,ee0bec387c023d5d0ab8464c286e0564fdf9e899852c4db249384f154598db79,20260916,0.10.0,752,supply,demands,False,7,7,D4,8,BASE,POWER,36.7,J000008,1,1,40.5
m3-periodic,ee0bec387c023d5d0ab8464c286e0564fdf9e899852c4db249384f154598db79,20260916,0.10.0,752,supply,demands,False,7,7,D5,11,BASE,POWER,56.7,J000010,1,1,56.7
m3-periodic,ee0bec387c023d5d0ab8464c286e0564fdf9e899852c4db249384f154598db79,20260916,0.10.0,752,supply,demands,False,7,7,D6,12,BASE,POWER,59.69839123218503,J000013,1,1,59.69839123218503
m3-periodic,ee0bec387c023d5d0ab8464c286e0564fdf9e899852c4db249384f154598db79,20260916,0.10.0,752,supply,demands,False,7,7,D7,13,BASE,POWER,59.79839123218503,J000014,1,1,64.5
m3-periodic,ee0bec387c023d5d0ab8464c286e0564fdf9e899852c4db249384f154598db79,20260916,0.10.0,753,supply,demands,False,5,5,D1,3,BASE,POWER,16.700000000000003,J000002,1,1,16.700000000000003
m3-periodic,ee0bec387c023d5d0ab8464c286e0564fdf9e899852c4db249384f154598db79,20260916,0.10.0,753,supply,demands,False,5,5,D2,4,BASE,POWER,16.800000000000004,J000001,1,1,16.800000000000004
m3-periodic,ee0bec387c023d5d0ab8464c286e0564fdf9e899852c4db249384f154598db79,20260916,0.10.0,753,supply,demands,False,5,5,D3,7,BASE,POWER,32.7,J000006,1,1,32.7
m3-periodic,ee0bec387c023d5d0ab8464c286e0564fdf9e899852c4db249384f154598db79,20260916,0.10.0,753,supply,demands,False,5,5,D4,8,BASE,POWER,38.78323192428354,J000008,1,1,38.78323192428354
m3-periodic,ee0bec387c023d5d0ab8464c286e0564fdf9e899852c4db249384f154598db79,20260916,0.10.0,753,supply,demands,False,5,5,D5,11,BASE,POWER,56.7,J000011,1,1,56.7
m3-periodic,ee0bec387c023d5d0ab8464c286e0564fdf9e899852c4db249384f154598db79,20260916,0.10.0,754,supply,demands,False,5,5,D1,3,BASE,POWER,32.800000000000004,J000003,1,1,32.800000000000004
m3-periodic,ee0bec387c023d5d0ab8464c286e0564fdf9e899852c4db249384f154598db79,20260916,0.10.0,754,supply,demands,False,5,5,D2,6,BASE,POWER,56.7,J000007,1,1,56.7
m3-periodic,ee0bec387c023d5d0ab8464c286e0564fdf9e899852c4db249384f154598db79,20260916,0.10.0,754,supply,demands,False,5,5,D3,7,BASE,POWER,56.800000000000004,J000006,1,1,56.800000000000004
m3-periodic,ee0bec387c023d5d0ab8464c286e0564fdf9e899852c4db249384f154598db79,20260916,0.10.0,754,supply,demands,False,5,5,D4,8,BASE,POWER,60.7,J000011,1,1,64.5
m3-periodic,ee0bec387c023d5d0ab8464c286e0564fdf9e899852c4db249384f154598db79,20260916,0.10.0,754,supply,demands,False,5,5,D5,9,BASE,POWER,60.800000000000004,J000010,1,1,64.5
m3-periodic,ee0bec387c023d5d0ab8464c286e0564fdf9e899852c4db249384f154598db79,20260916,0.10.0,755,supply,demands,False,6,6,D1,3,BASE,POWER,16.800000000000004,J000001,1,1,16.800000000000004
m3-periodic,ee0bec387c023d5d0ab8464c286e0564fdf9e899852c4db249384f154598db79,20260916,0.10.0,755,supply,demands,False,6,6,D2,6,BASE,POWER,31.570365612823867,J000005,1,1,31.570365612823867
m3-periodic,ee0bec387c023d5d0ab8464c286e0564fdf9e899852c4db249384f154598db79,20260916,0.10.0,755,supply,demands,False,6,6,D3,7,BASE,POWER,31.67036561282387,J000006,1,1,31.67036561282387
m3-periodic,ee0bec387c023d5d0ab8464c286e0564fdf9e899852c4db249384f154598db79,20260916,0.10.0,755,supply,demands,False,6,6,D4,10,BASE,POWER,56.7,J000010,1,1,56.7
m3-periodic,ee0bec387c023d5d0ab8464c286e0564fdf9e899852c4db249384f154598db79,20260916,0.10.0,755,supply,demands,False,6,6,D5,11,BASE,POWER,56.800000000000004,J000009,1,1,56.800000000000004
m3-periodic,ee0bec387c023d5d0ab8464c286e0564fdf9e899852c4db249384f154598db79,20260916,0.10.0,755,supply,demands,False,6,6,D6,12,BASE,POWER,60.800000000000004,J000013,1,1,64.5
m3-periodic,ee0bec387c023d5d0ab8464c286e0564fdf9e899852c4db249384f154598db79,20260916,0.10.0,756,supply,demands,False,3,3,D1,3,BASE,POWER,32.800000000000004,J000003,1,1,32.800000000000004
m3-periodic,ee0bec387c023d5d0ab8464c286e0564fdf9e899852c4db249384f154598db79,20260916,0.10.0,756,supply,demands,False,3,3,D2,6,BASE,POWER,56.7,J000007,1,1,56.7
m3-periodic,ee0bec387c023d5d0ab8464c286e0564fdf9e899852c4db249384f154598db79,20260916,0.10.0,756,supply,demands,False,3,3,D3,7,BASE,POWER,60.800000000000004,J000009,1,1,60.800000000000004
m3-periodic,ee0bec387c023d5d0ab8464c286e0564fdf9e899852c4db249384f154598db79,20260916,0.10.0,757,supply,demands,False,7,7,D1,3,BASE,POWER,7.258440903769121,J000001,1,1,7.258440903769121
m3-periodic,ee0bec387c023d5d0ab8464c286e0564fdf9e899852c4db249384f154598db79,20260916,0.10.0,757,supply,demands,False,7,7,D2,6,BASE,POWER,16.700000000000003,J000003,1,1,16.700000000000003
m3-periodic,ee0bec387c023d5d0ab8464c286e0564fdf9e899852c4db249384f154598db79,20260916,0.10.0,757,supply,demands,False,7,7,D3,9,BASE,POWER,36.7,J000007,1,1,36.7
m3-periodic,ee0bec387c023d5d0ab8464c286e0564fdf9e899852c4db249384f154598db79,20260916,0.10.0,757,supply,demands,False,7,7,D4,12,BASE,POWER,56.7,J000009,1,1,56.7
m3-periodic,ee0bec387c023d5d0ab8464c286e0564fdf9e899852c4db249384f154598db79,20260916,0.10.0,757,supply,demands,False,7,7,D5,13,BASE,POWER,60.7,J000012,1,1,60.7
m3-periodic,ee0bec387c023d5d0ab8464c286e0564fdf9e899852c4db249384f154598db79,20260916,0.10.0,757,supply,demands,False,7,7,D6,14,BASE,POWER,60.800000000000004,J000011,1,1,64.5
m3-periodic,ee0bec387c023d5d0ab8464c286e0564fdf9e899852c4db249384f154598db79,20260916,0.10.0,757,supply,demands,False,7,7,D7,17,BASE,POWER,64.85,J000015,1,1,64.85
m3-periodic,ee0bec387c023d5d0ab8464c286e0564fdf9e899852c4db249384f154598db79,20260916,0.10.0,758,supply,demands,False,7,7,D1,3,BASE,POWER,16.800000000000004,J000001,1,1,16.800000000000004
m3-periodic,ee0bec387c023d5d0ab8464c286e0564fdf9e899852c4db249384f154598db79,20260916,0.10.0,758,supply,demands,False,7,7,D2,6,BASE,POWER,32.7,J000005,1,1,32.7
m3-periodic,ee0bec387c023d5d0ab8464c286e0564fdf9e899852c4db249384f154598db79,20260916,0.10.0,758,supply,demands,False,7,7,D3,7,BASE,POWER,32.800000000000004,J000004,1,1,32.800000000000004
m3-periodic,ee0bec387c023d5d0ab8464c286e0564fdf9e899852c4db249384f154598db79,20260916,0.10.0,758,supply,demands,False,7,7,D4,8,BASE,POWER,36.7,J000008,1,1,40.5
m3-periodic,ee0bec387c023d5d0ab8464c286e0564fdf9e899852c4db249384f154598db79,20260916,0.10.0,758,supply,demands,False,7,7,D5,11,BASE,POWER,56.3146887713516,J000010,1,1,56.3146887713516
m3-periodic,ee0bec387c023d5d0ab8464c286e0564fdf9e899852c4db249384f154598db79,20260916,0.10.0,758,supply,demands,False,7,7,D6,12,BASE,POWER,60.7,J000014,1,1,60.7
m3-periodic,ee0bec387c023d5d0ab8464c286e0564fdf9e899852c4db249384f154598db79,20260916,0.10.0,758,supply,demands,False,7,7,D7,13,BASE,POWER,60.800000000000004,J000013,1,1,64.5
m3-periodic,ee0bec387c023d5d0ab8464c286e0564fdf9e899852c4db249384f154598db79,20260916,0.10.0,759,supply,demands,False,4,4,D1,3,BASE,POWER,16.800000000000004,J000001,1,1,16.800000000000004
m3-periodic,ee0bec387c023d5d0ab8464c286e0564fdf9e899852c4db249384f154598db79,20260916,0.10.0,759,supply,demands,False,4,4,D2,6,BASE,POWER,32.800000000000004,J000004,1,1,32.800000000000004
m3-periodic,ee0bec387c023d5d0ab8464c286e0564fdf9e899852c4db249384f154598db79,20260916,0.10.0,759,supply,demands,False,4,4,D3,9,BASE,POWER,55.85875944353555,J000008,1,1,55.85875944353555
m3-periodic,ee0bec387c023d5d0ab8464c286e0564fdf9e899852c4db249384f154598db79,20260916,0.10.0,759,supply,demands,False,4,4,D4,12,BASE,POWER,60.7,J000012,1,1,60.7
m3-periodic,ee0bec387c023d5d0ab8464c286e0564fdf9e899852c4db249384f154598db79,20260916,0.10.0,760,supply,demands,False,5,5,D1,3,BASE,POWER,16.700000000000003,J000002,1,1,16.700000000000003
m3-periodic,ee0bec387c023d5d0ab8464c286e0564fdf9e899852c4db249384f154598db79,20260916,0.10.0,760,supply,demands,False,5,5,D2,4,BASE,POWER,16.800000000000004,J000001,1,1,16.800000000000004
m3-periodic,ee0bec387c023d5d0ab8464c286e0564fdf9e899852c4db249384f154598db79,20260916,0.10.0,760,supply,demands,False,5,5,D3,7,BASE,POWER,32.7,J000006,1,1,32.7
m3-periodic,ee0bec387c023d5d0ab8464c286e0564fdf9e899852c4db249384f154598db79,20260916,0.10.0,760,supply,demands,False,5,5,D4,8,BASE,POWER,32.800000000000004,J000005,1,1,32.800000000000004
m3-periodic,ee0bec387c023d5d0ab8464c286e0564fdf9e899852c4db249384f154598db79,20260916,0.10.0,760,supply,demands,False,5,5,D5,11,BASE,POWER,60.800000000000004,J000011,1,1,60.800000000000004
m3-periodic,ee0bec387c023d5d0ab8464c286e0564fdf9e899852c4db249384f154598db79,20260916,0.10.0,761,supply,demands,False,5,5,D1,3,BASE,POWER,16.700000000000003,J000002,1,1,16.700000000000003
m3-periodic,ee0bec387c023d5d0ab8464c286e0564fdf9e899852c4db249384f154598db79,20260916,0.10.0,761,supply,demands,False,5,5,D2,6,BASE,POWER,32.7,J000005,1,1,32.7
m3-periodic,ee0bec387c023d5d0ab8464c286e0564fdf9e899852c4db249384f154598db79,20260916,0.10.0,761,supply,demands,False,5,5,D3,7,BASE,POWER,39.11806774225401,J000007,1,1,39.11806774225401
m3-periodic,ee0bec387c023d5d0ab8464c286e0564fdf9e899852c4db249384f154598db79,20260916,0.10.0,761,supply,demands,False,5,5,D4,10,BASE,POWER,56.7,J000010,1,1,56.7
m3-periodic,ee0bec387c023d5d0ab8464c286e0564fdf9e899852c4db249384f154598db79,20260916,0.10.0,761,supply,demands,False,5,5,D5,11,BASE,POWER,56.800000000000004,J000009,1,1,56.800000000000004
m3-periodic,ee0bec387c023d5d0ab8464c286e0564fdf9e899852c4db249384f154598db79,20260916,0.10.0,762,supply,demands,False,5,5,D1,3,BASE,POWER,8.7,J000001,1,1,8.7
m3-periodic,ee0bec387c023d5d0ab8464c286e0564fdf9e899852c4db249384f154598db79,20260916,0.10.0,762,supply,demands,False,5,5,D2,6,BASE,POWER,32.800000000000004,J000004,1,1,32.800000000000004
m3-periodic,ee0bec387c023d5d0ab8464c286e0564fdf9e899852c4db249384f154598db79,20260916,0.10.0,762,supply,demands,False,5,5,D3,7,BASE,POWER,36.7,J000007,1,1,36.7
m3-periodic,ee0bec387c023d5d0ab8464c286e0564fdf9e899852c4db249384f154598db79,20260916,0.10.0,762,supply,demands,False,5,5,D4,10,BASE,POWER,56.7,J000009,1,1,56.7
m3-periodic,ee0bec387c023d5d0ab8464c286e0564fdf9e899852c4db249384f154598db79,20260916,0.10.0,762,supply,demands,False,5,5,D5,11,BASE,POWER,60.800000000000004,J000011,1,1,60.800000000000004
m3-periodic,ee0bec387c023d5d0ab8464c286e0564fdf9e899852c4db249384f154598db79,20260916,0.10.0,763,supply,demands,False,3,3,D1,3,BASE,POWER,32.800000000000004,J000003,1,1,32.800000000000004
m3-periodic,ee0bec387c023d5d0ab8464c286e0564fdf9e899852c4db249384f154598db79,20260916,0.10.0,763,supply,demands,False,3,3,D2,6,BASE,POWER,60.7,J000009,1,1,60.7
m3-periodic,ee0bec387c023d5d0ab8464c286e0564fdf9e899852c4db249384f154598db79,20260916,0.10.0,763,supply,demands,False,3,3,D3,7,BASE,POWER,60.800000000000004,J000008,1,1,60.800000000000004
m3-periodic,ee0bec387c023d5d0ab8464c286e0564fdf9e899852c4db249384f154598db79,20260916,0.10.0,764,supply,demands,False,4,4,D1,3,BASE,POWER,31.146188179727375,J000006,1,1,31.146188179727375
m3-periodic,ee0bec387c023d5d0ab8464c286e0564fdf9e899852c4db249384f154598db79,20260916,0.10.0,764,supply,demands,False,4,4,D2,4,BASE,POWER,31.246188179727376,J000004,1,1,31.246188179727376
m3-periodic,ee0bec387c023d5d0ab8464c286e0564fdf9e899852c4db249384f154598db79,20260916,0.10.0,764,supply,demands,False,4,4,D3,7,BASE,POWER,56.800000000000004,J000009,1,1,56.800000000000004
m3-periodic,ee0bec387c023d5d0ab8464c286e0564fdf9e899852c4db249384f154598db79,20260916,0.10.0,764,supply,demands,False,4,4,D4,8,BASE,POWER,58.73726122181776,J000013,1,1,58.73726122181776
m3-periodic,ee0bec387c023d5d0ab8464c286e0564fdf9e899852c4db249384f154598db79,20260916,0.10.0,765,supply,demands,False,1,1,D1,3,BASE,POWER,56.800000000000004,J000006,1,1,56.800000000000004
m3-periodic,ee0bec387c023d5d0ab8464c286e0564fdf9e899852c4db249384f154598db79,20260916,0.10.0,766,supply,demands,False,6,6,D1,3,BASE,POWER,12.7,J000001,1,1,12.7
m3-periodic,ee0bec387c023d5d0ab8464c286e0564fdf9e899852c4db249384f154598db79,20260916,0.10.0,766,supply,demands,False,6,6,D2,6,BASE,POWER,16.700000000000003,J000004,1,1,16.700000000000003
m3-periodic,ee0bec387c023d5d0ab8464c286e0564fdf9e899852c4db249384f154598db79,20260916,0.10.0,766,supply,demands,False,6,6,D3,7,BASE,POWER,16.800000000000004,J000003,1,1,16.800000000000004
m3-periodic,ee0bec387c023d5d0ab8464c286e0564fdf9e899852c4db249384f154598db79,20260916,0.10.0,766,supply,demands,False,6,6,D4,10,BASE,POWER,40.7,J000008,1,1,40.7
m3-periodic,ee0bec387c023d5d0ab8464c286e0564fdf9e899852c4db249384f154598db79,20260916,0.10.0,766,supply,demands,False,6,6,D5,13,BASE,POWER,56.7,J000011,1,1,56.7
m3-periodic,ee0bec387c023d5d0ab8464c286e0564fdf9e899852c4db249384f154598db79,20260916,0.10.0,766,supply,demands,False,6,6,D6,14,BASE,POWER,56.800000000000004,J000010,1,1,56.800000000000004
m3-periodic,ee0bec387c023d5d0ab8464c286e0564fdf9e899852c4db249384f154598db79,20260916,0.10.0,767,supply,demands,False,2,2,D1,3,BASE,POWER,32.800000000000004,J000003,1,1,32.800000000000004
m3-periodic,ee0bec387c023d5d0ab8464c286e0564fdf9e899852c4db249384f154598db79,20260916,0.10.0,767,supply,demands,False,2,2,D2,6,BASE,POWER,60.7,J000009,1,1,60.7
m3-periodic,ee0bec387c023d5d0ab8464c286e0564fdf9e899852c4db249384f154598db79,20260916,0.10.0,768,supply,demands,False,6,6,D1,3,BASE,POWER,15.516139600548643,J000003,1,1,15.516139600548643
m3-periodic,ee0bec387c023d5d0ab8464c286e0564fdf9e899852c4db249384f154598db79,20260916,0.10.0,768,supply,demands,False,6,6,D2,6,BASE,POWER,32.7,J000006,1,1,32.7
m3-periodic,ee0bec387c023d5d0ab8464c286e0564fdf9e899852c4db249384f154598db79,20260916,0.10.0,768,supply,demands,False,6,6,D3,7,BASE,POWER,32.800000000000004,J000005,1,1,32.800000000000004
m3-periodic,ee0bec387c023d5d0ab8464c286e0564fdf9e899852c4db249384f154598db79,20260916,0.10.0,768,supply,demands,False,6,6,D4,10,BASE,POWER,56.7,J000010,1,1,56.7
m3-periodic,ee0bec387c023d5d0ab8464c286e0564fdf9e899852c4db249384f154598db79,20260916,0.10.0,768,supply,demands,False,6,6,D5,11,BASE,POWER,56.800000000000004,J000009,1,1,56.800000000000004
m3-periodic,ee0bec387c023d5d0ab8464c286e0564fdf9e899852c4db249384f154598db79,20260916,0.10.0,768,supply,demands,False,6,6,D6,12,BASE,POWER,60.7,J000014,1,1,64.5
m3-periodic,ee0bec387c023d5d0ab8464c286e0564fdf9e899852c4db249384f154598db79,20260916,0.10.0,769,supply,demands,False,5,5,D1,3,BASE,POWER,16.700000000000003,J000002,1,1,16.700000000000003
m3-periodic,ee0bec387c023d5d0ab8464c286e0564fdf9e899852c4db249384f154598db79,20260916,0.10.0,769,supply,demands,False,5,5,D2,6,BASE,POWER,32.7,J000005,1,1,32.7
m3-periodic,ee0bec387c023d5d0ab8464c286e0564fdf9e899852c4db249384f154598db79,20260916,0.10.0,769,supply,demands,False,5,5,D3,9,BASE,POWER,56.7,J000008,1,1,56.7
m3-periodic,ee0bec387c023d5d0ab8464c286e0564fdf9e899852c4db249384f154598db79,20260916,0.10.0,769,supply,demands,False,5,5,D4,10,BASE,POWER,56.800000000000004,J000007,1,1,56.800000000000004
m3-periodic,ee0bec387c023d5d0ab8464c286e0564fdf9e899852c4db249384f154598db79,20260916,0.10.0,769,supply,demands,False,5,5,D5,11,BASE,POWER,60.7,J000012,1,1,64.5
m3-periodic,ee0bec387c023d5d0ab8464c286e0564fdf9e899852c4db249384f154598db79,20260916,0.10.0,770,supply,demands,False,5,5,D1,3,BASE,POWER,8.10842669665089,J000001,1,1,8.10842669665089
m3-periodic,ee0bec387c023d5d0ab8464c286e0564fdf9e899852c4db249384f154598db79,20260916,0.10.0,770,supply,demands,False,5,5,D2,6,BASE,POWER,32.7,J000005,1,1,32.7
m3-periodic,ee0bec387c023d5d0ab8464c286e0564fdf9e899852c4db249384f154598db79,20260916,0.10.0,770,supply,demands,False,5,5,D3,7,BASE,POWER,32.800000000000004,J000004,1,1,32.800000000000004
m3-periodic,ee0bec387c023d5d0ab8464c286e0564fdf9e899852c4db249384f154598db79,20260916,0.10.0,770,supply,demands,False,5,5,D4,8,BASE,POWER,36.7,J000008,1,1,40.5
m3-periodic,ee0bec387c023d5d0ab8464c286e0564fdf9e899852c4db249384f154598db79,20260916,0.10.0,770,supply,demands,False,5,5,D5,11,BASE,POWER,64.69999999999999,J000013,1,1,64.69999999999999
m3-periodic,ee0bec387c023d5d0ab8464c286e0564fdf9e899852c4db249384f154598db79,20260916,0.10.0,771,supply,demands,False,4,4,D1,3,BASE,POWER,16.800000000000004,J000001,1,1,16.800000000000004
m3-periodic,ee0bec387c023d5d0ab8464c286e0564fdf9e899852c4db249384f154598db79,20260916,0.10.0,771,supply,demands,False,4,4,D2,6,BASE,POWER,32.800000000000004,J000004,1,1,32.800000000000004
m3-periodic,ee0bec387c023d5d0ab8464c286e0564fdf9e899852c4db249384f154598db79,20260916,0.10.0,771,supply,demands,False,4,4,D3,9,BASE,POWER,56.7,J000008,1,1,56.7
m3-periodic,ee0bec387c023d5d0ab8464c286e0564fdf9e899852c4db249384f154598db79,20260916,0.10.0,771,supply,demands,False,4,4,D4,10,BASE,POWER,56.800000000000004,J000007,1,1,56.800000000000004
m3-periodic,ee0bec387c023d5d0ab8464c286e0564fdf9e899852c4db249384f154598db79,20260916,0.10.0,772,supply,demands,False,7,7,D1,3,BASE,POWER,16.700000000000003,J000002,1,1,16.700000000000003
m3-periodic,ee0bec387c023d5d0ab8464c286e0564fdf9e899852c4db249384f154598db79,20260916,0.10.0,772,supply,demands,False,7,7,D2,4,BASE,POWER,16.800000000000004,J000001,1,1,16.800000000000004
m3-periodic,ee0bec387c023d5d0ab8464c286e0564fdf9e899852c4db249384f154598db79,20260916,0.10.0,772,supply,demands,False,7,7,D3,7,BASE,POWER,32.7,J000006,1,1,32.7
m3-periodic,ee0bec387c023d5d0ab8464c286e0564fdf9e899852c4db249384f154598db79,20260916,0.10.0,772,supply,demands,False,7,7,D4,8,BASE,POWER,32.800000000000004,J000005,1,1,32.800000000000004
m3-periodic,ee0bec387c023d5d0ab8464c286e0564fdf9e899852c4db249384f154598db79,20260916,0.10.0,772,supply,demands,False,7,7,D5,9,BASE,POWER,36.7,J000009,1,1,40.5
m3-periodic,ee0bec387c023d5d0ab8464c286e0564fdf9e899852c4db249384f154598db79,20260916,0.10.0,772,supply,demands,False,7,7,D6,12,BASE,POWER,60.7,J000013,1,1,60.7
m3-periodic,ee0bec387c023d5d0ab8464c286e0564fdf9e899852c4db249384f154598db79,20260916,0.10.0,772,supply,demands,False,7,7,D7,13,BASE,POWER,60.800000000000004,J000012,1,1,60.800000000000004
m3-periodic,ee0bec387c023d5d0ab8464c286e0564fdf9e899852c4db249384f154598db79,20260916,0.10.0,773,supply,demands,False,3,3,D1,3,BASE,POWER,32.7,J000004,1,1,32.7
m3-periodic,ee0bec387c023d5d0ab8464c286e0564fdf9e899852c4db249384f154598db79,20260916,0.10.0,773,supply,demands,False,3,3,D2,6,BASE,POWER,56.7,J000007,1,1,56.7
m3-periodic,ee0bec387c023d5d0ab8464c286e0564fdf9e899852c4db249384f154598db79,20260916,0.10.0,773,supply,demands,False,3,3,D3,7,BASE,POWER,60.800000000000004,J000009,1,1,60.800000000000004
m3-periodic,ee0bec387c023d5d0ab8464c286e0564fdf9e899852c4db249384f154598db79,20260916,0.10.0,774,supply,demands,False,6,6,D1,3,BASE,POWER,16.800000000000004,J000001,1,1,16.800000000000004
m3-periodic,ee0bec387c023d5d0ab8464c286e0564fdf9e899852c4db249384f154598db79,20260916,0.10.0,774,supply,demands,False,6,6,D2,6,BASE,POWER,32.800000000000004,J000004,1,1,32.800000000000004
m3-periodic,ee0bec387c023d5d0ab8464c286e0564fdf9e899852c4db249384f154598db79,20260916,0.10.0,774,supply,demands,False,6,6,D3,9,BASE,POWER,56.7,J000008,1,1,56.7
m3-periodic,ee0bec387c023d5d0ab8464c286e0564fdf9e899852c4db249384f154598db79,20260916,0.10.0,774,supply,demands,False,6,6,D4,10,BASE,POWER,56.800000000000004,J000007,1,1,56.800000000000004
m3-periodic,ee0bec387c023d5d0ab8464c286e0564fdf9e899852c4db249384f154598db79,20260916,0.10.0,774,supply,demands,False,6,6,D5,11,BASE,POWER,60.7,J000012,1,1,64.5
m3-periodic,ee0bec387c023d5d0ab8464c286e0564fdf9e899852c4db249384f154598db79,20260916,0.10.0,774,supply,demands,False,6,6,D6,12,BASE,POWER,60.800000000000004,J000011,1,1,64.5
m3-periodic,ee0bec387c023d5d0ab8464c286e0564fdf9e899852c4db249384f154598db79,20260916,0.10.0,775,supply,demands,False,4,4,D1,3,BASE,POWER,16.700000000000003,J000002,1,1,16.700000000000003
m3-periodic,ee0bec387c023d5d0ab8464c286e0564fdf9e899852c4db249384f154598db79,20260916,0.10.0,775,supply,demands,False,4,4,D2,6,BASE,POWER,32.800000000000004,J000004,1,1,32.800000000000004
m3-periodic,ee0bec387c023d5d0ab8464c286e0564fdf9e899852c4db249384f154598db79,20260916,0.10.0,775,supply,demands,False,4,4,D3,9,BASE,POWER,60.800000000000004,J000009,1,1,60.800000000000004
m3-periodic,ee0bec387c023d5d0ab8464c286e0564fdf9e899852c4db249384f154598db79,20260916,0.10.0,775,supply,demands,False,4,4,D4,12,BASE,POWER,64.69999999999999,J000012,1,1,64.69999999999999
m3-periodic,ee0bec387c023d5d0ab8464c286e0564fdf9e899852c4db249384f154598db79,20260916,0.10.0,776,supply,demands,False,4,4,D1,3,BASE,POWER,16.800000000000004,J000001,1,1,16.800000000000004
m3-periodic,ee0bec387c023d5d0ab8464c286e0564fdf9e899852c4db249384f154598db79,20260916,0.10.0,776,supply,demands,False,4,4,D2,6,BASE,POWER,56.7,J000007,1,1,56.7
m3-periodic,ee0bec387c023d5d0ab8464c286e0564fdf9e899852c4db249384f154598db79,20260916,0.10.0,776,supply,demands,False,4,4,D3,7,BASE,POWER,56.800000000000004,J000006,1,1,56.800000000000004
m3-periodic,ee0bec387c023d5d0ab8464c286e0564fdf9e899852c4db249384f154598db79,20260916,0.10.0,776,supply,demands,False,4,4,D4,8,BASE,POWER,60.7,J000011,1,1,64.5
m3-periodic,ee0bec387c023d5d0ab8464c286e0564fdf9e899852c4db249384f154598db79,20260916,0.10.0,777,supply,demands,False,5,5,D1,3,BASE,POWER,16.700000000000003,J000002,1,1,16.700000000000003
m3-periodic,ee0bec387c023d5d0ab8464c286e0564fdf9e899852c4db249384f154598db79,20260916,0.10.0,777,supply,demands,False,5,5,D2,6,BASE,POWER,32.800000000000004,J000004,1,1,32.800000000000004
m3-periodic,ee0bec387c023d5d0ab8464c286e0564fdf9e899852c4db249384f154598db79,20260916,0.10.0,777,supply,demands,False,5,5,D3,9,BASE,POWER,56.7,J000009,1,1,56.7
m3-periodic,ee0bec387c023d5d0ab8464c286e0564fdf9e899852c4db249384f154598db79,20260916,0.10.0,777,supply,demands,False,5,5,D4,10,BASE,POWER,56.800000000000004,J000008,1,1,56.800000000000004
m3-periodic,ee0bec387c023d5d0ab8464c286e0564fdf9e899852c4db249384f154598db79,20260916,0.10.0,777,supply,demands,False,5,5,D5,11,BASE,POWER,60.7,J000012,1,1,64.5
m3-periodic,ee0bec387c023d5d0ab8464c286e0564fdf9e899852c4db249384f154598db79,20260916,0.10.0,778,supply,demands,False,5,5,D1,3,BASE,POWER,32.7,J000004,1,1,32.7
m3-periodic,ee0bec387c023d5d0ab8464c286e0564fdf9e899852c4db249384f154598db79,20260916,0.10.0,778,supply,demands,False,5,5,D2,4,BASE,POWER,32.800000000000004,J000003,1,1,32.800000000000004
m3-periodic,ee0bec387c023d5d0ab8464c286e0564fdf9e899852c4db249384f154598db79,20260916,0.10.0,778,supply,demands,False,5,5,D3,7,BASE,POWER,56.800000000000004,J000007,1,1,56.800000000000004
m3-periodic,ee0bec387c023d5d0ab8464c286e0564fdf9e899852c4db249384f154598db79,20260916,0.10.0,778,supply,demands,False,5,5,D4,8,BASE,POWER,60.7,J000011,1,1,60.7
m3-periodic,ee0bec387c023d5d0ab8464c286e0564fdf9e899852c4db249384f154598db79,20260916,0.10.0,778,supply,demands,False,5,5,D5,9,BASE,POWER,60.800000000000004,J000010,1,1,64.5
m3-periodic,ee0bec387c023d5d0ab8464c286e0564fdf9e899852c4db249384f154598db79,20260916,0.10.0,779,supply,demands,False,3,3,D1,3,BASE,POWER,16.700000000000003,J000003,1,1,16.700000000000003
m3-periodic,ee0bec387c023d5d0ab8464c286e0564fdf9e899852c4db249384f154598db79,20260916,0.10.0,779,supply,demands,False,3,3,D2,6,BASE,POWER,56.7,J000008,1,1,56.7
m3-periodic,ee0bec387c023d5d0ab8464c286e0564fdf9e899852c4db249384f154598db79,20260916,0.10.0,779,supply,demands,False,3,3,D3,7,BASE,POWER,60.7,J000010,1,1,60.7
m3-periodic,ee0bec387c023d5d0ab8464c286e0564fdf9e899852c4db249384f154598db79,20260916,0.10.0,780,supply,demands,False,4,4,D1,3,BASE,POWER,32.800000000000004,J000003,1,1,32.800000000000004
m3-periodic,ee0bec387c023d5d0ab8464c286e0564fdf9e899852c4db249384f154598db79,20260916,0.10.0,780,supply,demands,False,4,4,D2,6,BASE,POWER,56.7,J000007,1,1,56.7
m3-periodic,ee0bec387c023d5d0ab8464c286e0564fdf9e899852c4db249384f154598db79,20260916,0.10.0,780,supply,demands,False,4,4,D3,7,BASE,POWER,56.800000000000004,J000006,1,1,56.800000000000004
m3-periodic,ee0bec387c023d5d0ab8464c286e0564fdf9e899852c4db249384f154598db79,20260916,0.10.0,780,supply,demands,False,4,4,D4,8,BASE,POWER,60.800000000000004,J000010,1,1,64.5
m3-periodic,ee0bec387c023d5d0ab8464c286e0564fdf9e899852c4db249384f154598db79,20260916,0.10.0,781,supply,demands,False,5,5,D1,3,BASE,POWER,16.700000000000003,J000002,1,1,16.700000000000003
m3-periodic,ee0bec387c023d5d0ab8464c286e0564fdf9e899852c4db249384f154598db79,20260916,0.10.0,781,supply,demands,False,5,5,D2,4,BASE,POWER,16.800000000000004,J000001,1,1,16.800000000000004
m3-periodic,ee0bec387c023d5d0ab8464c286e0564fdf9e899852c4db249384f154598db79,20260916,0.10.0,781,supply,demands,False,5,5,D3,7,BASE,POWER,32.7,J000006,1,1,32.7
m3-periodic,ee0bec387c023d5d0ab8464c286e0564fdf9e899852c4db249384f154598db79,20260916,0.10.0,781,supply,demands,False,5,5,D4,8,BASE,POWER,32.800000000000004,J000007,1,1,32.800000000000004
m3-periodic,ee0bec387c023d5d0ab8464c286e0564fdf9e899852c4db249384f154598db79,20260916,0.10.0,781,supply,demands,False,5,5,D5,11,BASE,POWER,63.74593605662945,J000014,1,1,63.74593605662945
m3-periodic,ee0bec387c023d5d0ab8464c286e0564fdf9e899852c4db249384f154598db79,20260916,0.10.0,782,supply,demands,False,5,5,D1,3,BASE,POWER,16.566363588786125,J000003,1,1,16.566363588786125
m3-periodic,ee0bec387c023d5d0ab8464c286e0564fdf9e899852c4db249384f154598db79,20260916,0.10.0,782,supply,demands,False,5,5,D2,6,BASE,POWER,32.7,J000006,1,1,32.7
m3-periodic,ee0bec387c023d5d0ab8464c286e0564fdf9e899852c4db249384f154598db79,20260916,0.10.0,782,supply,demands,False,5,5,D3,9,BASE,POWER,56.7,J000009,1,1,56.7
m3-periodic,ee0bec387c023d5d0ab8464c286e0564fdf9e899852c4db249384f154598db79,20260916,0.10.0,782,supply,demands,False,5,5,D4,10,BASE,POWER,56.800000000000004,J000008,1,1,56.800000000000004
m3-periodic,ee0bec387c023d5d0ab8464c286e0564fdf9e899852c4db249384f154598db79,20260916,0.10.0,782,supply,demands,False,5,5,D5,11,BASE,POWER,60.7,J000013,1,1,64.5
m3-periodic,ee0bec387c023d5d0ab8464c286e0564fdf9e899852c4db249384f154598db79,20260916,0.10.0,783,supply,demands,False,5,5,D1,3,BASE,POWER,32.7,J000004,1,1,32.7
m3-periodic,ee0bec387c023d5d0ab8464c286e0564fdf9e899852c4db249384f154598db79,20260916,0.10.0,783,supply,demands,False,5,5,D2,4,BASE,POWER,32.800000000000004,J000003,1,1,32.800000000000004
m3-periodic,ee0bec387c023d5d0ab8464c286e0564fdf9e899852c4db249384f154598db79,20260916,0.10.0,783,supply,demands,False,5,5,D3,7,BASE,POWER,56.7,J000008,1,1,56.7
m3-periodic,ee0bec387c023d5d0ab8464c286e0564fdf9e899852c4db249384f154598db79,20260916,0.10.0,783,supply,demands,False,5,5,D4,8,BASE,POWER,56.800000000000004,J000007,1,1,56.800000000000004
m3-periodic,ee0bec387c023d5d0ab8464c286e0564fdf9e899852c4db249384f154598db79,20260916,0.10.0,783,supply,demands,False,5,5,D5,9,BASE,POWER,60.7,J000012,1,1,64.5
m3-periodic,ee0bec387c023d5d0ab8464c286e0564fdf9e899852c4db249384f154598db79,20260916,0.10.0,784,supply,demands,False,5,5,D1,3,BASE,POWER,16.800000000000004,J000001,1,1,16.800000000000004
m3-periodic,ee0bec387c023d5d0ab8464c286e0564fdf9e899852c4db249384f154598db79,20260916,0.10.0,784,supply,demands,False,5,5,D2,6,BASE,POWER,32.7,J000005,1,1,32.7
m3-periodic,ee0bec387c023d5d0ab8464c286e0564fdf9e899852c4db249384f154598db79,20260916,0.10.0,784,supply,demands,False,5,5,D3,9,BASE,POWER,56.7,J000008,1,1,56.7
m3-periodic,ee0bec387c023d5d0ab8464c286e0564fdf9e899852c4db249384f154598db79,20260916,0.10.0,784,supply,demands,False,5,5,D4,10,BASE,POWER,56.800000000000004,J000007,1,1,56.800000000000004
m3-periodic,ee0bec387c023d5d0ab8464c286e0564fdf9e899852c4db249384f154598db79,20260916,0.10.0,784,supply,demands,False,5,5,D5,11,BASE,POWER,60.7,J000012,1,1,64.5
m3-periodic,ee0bec387c023d5d0ab8464c286e0564fdf9e899852c4db249384f154598db79,20260916,0.10.0,785,supply,demands,False,5,5,D1,3,BASE,POWER,32.7,J000004,1,1,32.7
m3-periodic,ee0bec387c023d5d0ab8464c286e0564fdf9e899852c4db249384f154598db79,20260916,0.10.0,785,supply,demands,False,5,5,D2,4,BASE,POWER,32.800000000000004,J000003,1,1,32.800000000000004
m3-periodic,ee0bec387c023d5d0ab8464c286e0564fdf9e899852c4db249384f154598db79,20260916,0.10.0,785,supply,demands,False,5,5,D3,7,BASE,POWER,56.7,J000008,1,1,56.7
m3-periodic,ee0bec387c023d5d0ab8464c286e0564fdf9e899852c4db249384f154598db79,20260916,0.10.0,785,supply,demands,False,5,5,D4,8,BASE,POWER,56.800000000000004,J000007,1,1,56.800000000000004
m3-periodic,ee0bec387c023d5d0ab8464c286e0564fdf9e899852c4db249384f154598db79,20260916,0.10.0,785,supply,demands,False,5,5,D5,9,BASE,POWER,60.800000000000004,J000011,1,1,64.5
m3-periodic,ee0bec387c023d5d0ab8464c286e0564fdf9e899852c4db249384f154598db79,20260916,0.10.0,786,supply,demands,False,3,3,D1,3,BASE,POWER,16.700000000000003,J000002,1,1,16.700000000000003
m3-periodic,ee0bec387c023d5d0ab8464c286e0564fdf9e899852c4db249384f154598db79,20260916,0.10.0,786,supply,demands,False,3,3,D2,6,BASE,POWER,32.7,J000005,1,1,32.7
m3-periodic,ee0bec387c023d5d0ab8464c286e0564fdf9e899852c4db249384f154598db79,20260916,0.10.0,786,supply,demands,False,3,3,D3,9,BASE,POWER,56.7,J000009,1,1,56.7
m3-periodic,ee0bec387c023d5d0ab8464c286e0564fdf9e899852c4db249384f154598db79,20260916,0.10.0,787,supply,demands,False,4,4,D1,3,BASE,POWER,16.800000000000004,J000001,1,1,16.800000000000004
m3-periodic,ee0bec387c023d5d0ab8464c286e0564fdf9e899852c4db249384f154598db79,20260916,0.10.0,787,supply,demands,False,4,4,D2,6,BASE,POWER,32.7,J000005,1,1,32.7
m3-periodic,ee0bec387c023d5d0ab8464c286e0564fdf9e899852c4db249384f154598db79,20260916,0.10.0,787,supply,demands,False,4,4,D3,9,BASE,POWER,56.800000000000004,J000008,1,1,56.800000000000004
m3-periodic,ee0bec387c023d5d0ab8464c286e0564fdf9e899852c4db249384f154598db79,20260916,0.10.0,787,supply,demands,False,4,4,D4,10,BASE,POWER,60.7,J000011,1,1,60.7
m3-periodic,ee0bec387c023d5d0ab8464c286e0564fdf9e899852c4db249384f154598db79,20260916,0.10.0,788,supply,demands,False,6,6,D1,3,BASE,POWER,11.281577856928827,J000001,1,1,11.281577856928827
m3-periodic,ee0bec387c023d5d0ab8464c286e0564fdf9e899852c4db249384f154598db79,20260916,0.10.0,788,supply,demands,False,6,6,D2,6,BASE,POWER,16.700000000000003,J000004,1,1,16.700000000000003
m3-periodic,ee0bec387c023d5d0ab8464c286e0564fdf9e899852c4db249384f154598db79,20260916,0.10.0,788,supply,demands,False,6,6,D3,7,BASE,POWER,16.800000000000004,J000003,1,1,16.800000000000004
m3-periodic,ee0bec387c023d5d0ab8464c286e0564fdf9e899852c4db249384f154598db79,20260916,0.10.0,788,supply,demands,False,6,6,D4,10,BASE,POWER,40.7,J000008,1,1,40.7
m3-periodic,ee0bec387c023d5d0ab8464c286e0564fdf9e899852c4db249384f154598db79,20260916,0.10.0,788,supply,demands,False,6,6,D5,13,BASE,POWER,56.800000000000004,J000010,1,1,56.800000000000004
m3-periodic,ee0bec387c023d5d0ab8464c286e0564fdf9e899852c4db249384f154598db79,20260916,0.10.0,788,supply,demands,False,6,6,D6,14,BASE,POWER,60.7,J000013,1,1,60.7
m3-periodic,ee0bec387c023d5d0ab8464c286e0564fdf9e899852c4db249384f154598db79,20260916,0.10.0,789,supply,demands,False,2,2,D1,3,BASE,POWER,16.800000000000004,J000002,1,1,16.800000000000004
m3-periodic,ee0bec387c023d5d0ab8464c286e0564fdf9e899852c4db249384f154598db79,20260916,0.10.0,789,supply,demands,False,2,2,D2,6,BASE,POWER,32.7,J000005,1,1,32.7
m3-periodic,ee0bec387c023d5d0ab8464c286e0564fdf9e899852c4db249384f154598db79,20260916,0.10.0,790,supply,demands,False,5,5,D1,3,BASE,POWER,16.700000000000003,J000002,1,1,16.700000000000003
m3-periodic,ee0bec387c023d5d0ab8464c286e0564fdf9e899852c4db249384f154598db79,20260916,0.10.0,790,supply,demands,False,5,5,D2,6,BASE,POWER,32.7,J000005,1,1,32.7
m3-periodic,ee0bec387c023d5d0ab8464c286e0564fdf9e899852c4db249384f154598db79,20260916,0.10.0,790,supply,demands,False,5,5,D3,9,BASE,POWER,56.7,J000008,1,1,56.7
m3-periodic,ee0bec387c023d5d0ab8464c286e0564fdf9e899852c4db249384f154598db79,20260916,0.10.0,790,supply,demands,False,5,5,D4,10,BASE,POWER,60.315779187970435,J000010,1,1,60.315779187970435
m3-periodic,ee0bec387c023d5d0ab8464c286e0564fdf9e899852c4db249384f154598db79,20260916,0.10.0,790,supply,demands,False,5,5,D5,11,BASE,POWER,60.415779187970436,J000012,1,1,64.5
m3-periodic,ee0bec387c023d5d0ab8464c286e0564fdf9e899852c4db249384f154598db79,20260916,0.10.0,791,supply,demands,False,4,4,D1,3,BASE,POWER,16.800000000000004,J000001,1,1,16.800000000000004
m3-periodic,ee0bec387c023d5d0ab8464c286e0564fdf9e899852c4db249384f154598db79,20260916,0.10.0,791,supply,demands,False,4,4,D2,6,BASE,POWER,32.7,J000005,1,1,32.7
m3-periodic,ee0bec387c023d5d0ab8464c286e0564fdf9e899852c4db249384f154598db79,20260916,0.10.0,791,supply,demands,False,4,4,D3,7,BASE,POWER,32.800000000000004,J000004,1,1,32.800000000000004
m3-periodic,ee0bec387c023d5d0ab8464c286e0564fdf9e899852c4db249384f154598db79,20260916,0.10.0,791,supply,demands,False,4,4,D4,8,BASE,POWER,36.098354352439905,J000008,1,1,40.5
m3-periodic,ee0bec387c023d5d0ab8464c286e0564fdf9e899852c4db249384f154598db79,20260916,0.10.0,792,supply,demands,False,6,6,D1,3,BASE,POWER,16.700000000000003,J000002,1,1,16.700000000000003
m3-periodic,ee0bec387c023d5d0ab8464c286e0564fdf9e899852c4db249384f154598db79,20260916,0.10.0,792,supply,demands,False,6,6,D2,4,BASE,POWER,16.800000000000004,J000001,1,1,16.800000000000004
m3-periodic,ee0bec387c023d5d0ab8464c286e0564fdf9e899852c4db249384f154598db79,20260916,0.10.0,792,supply,demands,False,6,6,D3,7,BASE,POWER,56.7,J000008,1,1,56.7
m3-periodic,ee0bec387c023d5d0ab8464c286e0564fdf9e899852c4db249384f154598db79,20260916,0.10.0,792,supply,demands,False,6,6,D4,8,BASE,POWER,56.800000000000004,J000007,1,1,56.800000000000004
m3-periodic,ee0bec387c023d5d0ab8464c286e0564fdf9e899852c4db249384f154598db79,20260916,0.10.0,792,supply,demands,False,6,6,D5,9,BASE,POWER,60.7,J000012,1,1,64.5
m3-periodic,ee0bec387c023d5d0ab8464c286e0564fdf9e899852c4db249384f154598db79,20260916,0.10.0,792,supply,demands,False,6,6,D6,10,BASE,POWER,60.800000000000004,J000011,1,1,64.5
m3-periodic,ee0bec387c023d5d0ab8464c286e0564fdf9e899852c4db249384f154598db79,20260916,0.10.0,793,supply,demands,False,5,5,D1,3,BASE,POWER,16.800000000000004,J000001,1,1,16.800000000000004
m3-periodic,ee0bec387c023d5d0ab8464c286e0564fdf9e899852c4db249384f154598db79,20260916,0.10.0,793,supply,demands,False,5,5,D2,6,BASE,POWER,32.800000000000004,J000004,1,1,32.800000000000004
m3-periodic,ee0bec387c023d5d0ab8464c286e0564fdf9e899852c4db249384f154598db79,20260916,0.10.0,793,supply,demands,False,5,5,D3,7,BASE,POWER,39.87478569127385,J000007,1,1,39.87478569127385
m3-periodic,ee0bec387c023d5d0ab8464c286e0564fdf9e899852c4db249384f154598db79,20260916,0.10.0,793,supply,demands,False,5,5,D4,10,BASE,POWER,56.7,J000010,1,1,56.7
m3-periodic,ee0bec387c023d5d0ab8464c286e0564fdf9e899852c4db249384f154598db79,20260916,0.10.0,793,supply,demands,False,5,5,D5,11,BASE,POWER,56.800000000000004,J000009,1,1,56.800000000000004
m3-periodic,ee0bec387c023d5d0ab8464c286e0564fdf9e899852c4db249384f154598db79,20260916,0.10.0,794,supply,demands,False,5,5,D1,3,BASE,POWER,16.700000000000003,J000002,1,1,16.700000000000003
m3-periodic,ee0bec387c023d5d0ab8464c286e0564fdf9e899852c4db249384f154598db79,20260916,0.10.0,794,supply,demands,False,5,5,D2,4,BASE,POWER,16.800000000000004,J000001,1,1,16.800000000000004
m3-periodic,ee0bec387c023d5d0ab8464c286e0564fdf9e899852c4db249384f154598db79,20260916,0.10.0,794,supply,demands,False,5,5,D3,7,BASE,POWER,32.7,J000006,1,1,32.7
m3-periodic,ee0bec387c023d5d0ab8464c286e0564fdf9e899852c4db249384f154598db79,20260916,0.10.0,794,supply,demands,False,5,5,D4,8,BASE,POWER,32.800000000000004,J000005,1,1,32.800000000000004
m3-periodic,ee0bec387c023d5d0ab8464c286e0564fdf9e899852c4db249384f154598db79,20260916,0.10.0,794,supply,demands,False,5,5,D5,11,BASE,POWER,60.7,J000012,1,1,60.7
m3-periodic,ee0bec387c023d5d0ab8464c286e0564fdf9e899852c4db249384f154598db79,20260916,0.10.0,795,supply,demands,False,3,3,D1,3,BASE,POWER,16.800000000000004,J000001,1,1,16.800000000000004
m3-periodic,ee0bec387c023d5d0ab8464c286e0564fdf9e899852c4db249384f154598db79,20260916,0.10.0,795,supply,demands,False,3,3,D2,6,BASE,POWER,32.800000000000004,J000004,1,1,32.800000000000004
m3-periodic,ee0bec387c023d5d0ab8464c286e0564fdf9e899852c4db249384f154598db79,20260916,0.10.0,795,supply,demands,False,3,3,D3,9,BASE,POWER,56.7,J000008,1,1,56.7
m3-periodic,ee0bec387c023d5d0ab8464c286e0564fdf9e899852c4db249384f154598db79,20260916,0.10.0,796,supply,demands,False,5,5,D1,3,BASE,POWER,16.700000000000003,J000002,1,1,16.700000000000003
m3-periodic,ee0bec387c023d5d0ab8464c286e0564fdf9e899852c4db249384f154598db79,20260916,0.10.0,796,supply,demands,False,5,5,D2,6,BASE,POWER,56.7,J000008,1,1,56.7
m3-periodic,ee0bec387c023d5d0ab8464c286e0564fdf9e899852c4db249384f154598db79,20260916,0.10.0,796,supply,demands,False,5,5,D3,7,BASE,POWER,60.315032600416494,J000011,1,1,60.315032600416494
m3-periodic,ee0bec387c023d5d0ab8464c286e0564fdf9e899852c4db249384f154598db79,20260916,0.10.0,796,supply,demands,False,5,5,D4,8,BASE,POWER,60.415032600416495,J000012,1,1,64.5
m3-periodic,ee0bec387c023d5d0ab8464c286e0564fdf9e899852c4db249384f154598db79,20260916,0.10.0,796,supply,demands,False,5,5,D5,11,BASE,POWER,64.85,J000015,1,1,64.85
m3-periodic,ee0bec387c023d5d0ab8464c286e0564fdf9e899852c4db249384f154598db79,20260916,0.10.0,797,supply,demands,False,6,6,D1,3,BASE,POWER,32.7,J000004,1,1,32.7
m3-periodic,ee0bec387c023d5d0ab8464c286e0564fdf9e899852c4db249384f154598db79,20260916,0.10.0,797,supply,demands,False,6,6,D2,4,BASE,POWER,32.800000000000004,J000003,1,1,32.800000000000004
m3-periodic,ee0bec387c023d5d0ab8464c286e0564fdf9e899852c4db249384f154598db79,20260916,0.10.0,797,supply,demands,False,6,6,D3,7,BASE,POWER,56.7,J000008,1,1,56.7
m3-periodic,ee0bec387c023d5d0ab8464c286e0564fdf9e899852c4db249384f154598db79,20260916,0.10.0,797,supply,demands,False,6,6,D4,8,BASE,POWER,56.800000000000004,J000007,1,1,56.800000000000004
m3-periodic,ee0bec387c023d5d0ab8464c286e0564fdf9e899852c4db249384f154598db79,20260916,0.10.0,797,supply,demands,False,6,6,D5,9,BASE,POWER,60.7,J000012,1,1,64.5
m3-periodic,ee0bec387c023d5d0ab8464c286e0564fdf9e899852c4db249384f154598db79,20260916,0.10.0,797,supply,demands,False,6,6,D6,10,BASE,POWER,63.634217908876124,J000014,1,1,64.5
m3-periodic,ee0bec387c023d5d0ab8464c286e0564fdf9e899852c4db249384f154598db79,20260916,0.10.0,798,supply,demands,False,4,4,D1,3,BASE,POWER,16.700000000000003,J000002,1,1,16.700000000000003
m3-periodic,ee0bec387c023d5d0ab8464c286e0564fdf9e899852c4db249384f154598db79,20260916,0.10.0,798,supply,demands,False,4,4,D2,4,BASE,POWER,16.800000000000004,J000001,1,1,16.800000000000004
m3-periodic,ee0bec387c023d5d0ab8464c286e0564fdf9e899852c4db249384f154598db79,20260916,0.10.0,798,supply,demands,False,4,4,D3,7,BASE,POWER,60.7,J000010,1,1,60.7
m3-periodic,ee0bec387c023d5d0ab8464c286e0564fdf9e899852c4db249384f154598db79,20260916,0.10.0,798,supply,demands,False,4,4,D4,8,BASE,POWER,60.800000000000004,J000009,1,1,60.800000000000004
m3-periodic,ee0bec387c023d5d0ab8464c286e0564fdf9e899852c4db249384f154598db79,20260916,0.10.0,799,supply,demands,False,3,3,D1,3,BASE,POWER,16.700000000000003,J000002,1,1,16.700000000000003
m3-periodic,ee0bec387c023d5d0ab8464c286e0564fdf9e899852c4db249384f154598db79,20260916,0.10.0,799,supply,demands,False,3,3,D2,6,BASE,POWER,32.800000000000004,J000004,1,1,32.800000000000004
m3-periodic,ee0bec387c023d5d0ab8464c286e0564fdf9e899852c4db249384f154598db79,20260916,0.10.0,799,supply,demands,False,3,3,D3,9,BASE,POWER,56.800000000000004,J000007,1,1,56.800000000000004
m3-periodic,ee0bec387c023d5d0ab8464c286e0564fdf9e899852c4db249384f154598db79,20260916,0.10.0,800,supply,demands,False,6,6,D1,3,BASE,POWER,16.700000000000003,J000002,1,1,16.700000000000003
m3-periodic,ee0bec387c023d5d0ab8464c286e0564fdf9e899852c4db249384f154598db79,20260916,0.10.0,800,supply,demands,False,6,6,D2,6,BASE,POWER,32.800000000000004,J000004,1,1,32.800000000000004
m3-periodic,ee0bec387c023d5d0ab8464c286e0564fdf9e899852c4db249384f154598db79,20260916,0.10.0,800,supply,demands,False,6,6,D3,9,BASE,POWER,56.7,J000008,1,1,56.7
m3-periodic,ee0bec387c023d5d0ab8464c286e0564fdf9e899852c4db249384f154598db79,20260916,0.10.0,800,supply,demands,False,6,6,D4,10,BASE,POWER,56.800000000000004,J000007,1,1,56.800000000000004
m3-periodic,ee0bec387c023d5d0ab8464c286e0564fdf9e899852c4db249384f154598db79,20260916,0.10.0,800,supply,demands,False,6,6,D5,11,BASE,POWER,60.7,J000012,1,1,64.5
m3-periodic,ee0bec387c023d5d0ab8464c286e0564fdf9e899852c4db249384f154598db79,20260916,0.10.0,800,supply,demands,False,6,6,D6,12,BASE,POWER,60.800000000000004,J000011,1,1,64.5
m3-periodic,ee0bec387c023d5d0ab8464c286e0564fdf9e899852c4db249384f154598db79,20260916,0.10.0,801,supply,demands,False,4,4,D1,3,BASE,POWER,15.99388914890988,J000002,1,1,15.99388914890988
m3-periodic,ee0bec387c023d5d0ab8464c286e0564fdf9e899852c4db249384f154598db79,20260916,0.10.0,801,supply,demands,False,4,4,D2,6,BASE,POWER,35.067432701539,J000007,1,1,35.067432701539
m3-periodic,ee0bec387c023d5d0ab8464c286e0564fdf9e899852c4db249384f154598db79,20260916,0.10.0,801,supply,demands,False,4,4,D3,9,BASE,POWER,60.7,J000011,1,1,60.7
m3-periodic,ee0bec387c023d5d0ab8464c286e0564fdf9e899852c4db249384f154598db79,20260916,0.10.0,801,supply,demands,False,4,4,D4,12,BASE,POWER,64.79999999999998,J000013,1,1,64.79999999999998
m3-periodic,ee0bec387c023d5d0ab8464c286e0564fdf9e899852c4db249384f154598db79,20260916,0.10.0,802,supply,demands,False,5,5,D1,3,BASE,POWER,16.700000000000003,J000002,1,1,16.700000000000003
m3-periodic,ee0bec387c023d5d0ab8464c286e0564fdf9e899852c4db249384f154598db79,20260916,0.10.0,802,supply,demands,False,5,5,D2,6,BASE,POWER,32.800000000000004,J000004,1,1,32.800000000000004
m3-periodic,ee0bec387c023d5d0ab8464c286e0564fdf9e899852c4db249384f154598db79,20260916,0.10.0,802,supply,demands,False,5,5,D3,9,BASE,POWER,56.7,J000008,1,1,56.7
m3-periodic,ee0bec387c023d5d0ab8464c286e0564fdf9e899852c4db249384f154598db79,20260916,0.10.0,802,supply,demands,False,5,5,D4,10,BASE,POWER,60.7,J000011,1,1,60.7
m3-periodic,ee0bec387c023d5d0ab8464c286e0564fdf9e899852c4db249384f154598db79,20260916,0.10.0,802,supply,demands,False,5,5,D5,11,BASE,POWER,60.800000000000004,J000010,1,1,64.5
m3-periodic,ee0bec387c023d5d0ab8464c286e0564fdf9e899852c4db249384f154598db79,20260916,0.10.0,803,supply,demands,False,3,3,D1,3,BASE,POWER,32.7,J000004,1,1,32.7
m3-periodic,ee0bec387c023d5d0ab8464c286e0564fdf9e899852c4db249384f154598db79,20260916,0.10.0,803,supply,demands,False,3,3,D2,6,BASE,POWER,56.7,J000008,1,1,56.7
m3-periodic,ee0bec387c023d5d0ab8464c286e0564fdf9e899852c4db249384f154598db79,20260916,0.10.0,803,supply,demands,False,3,3,D3,7,BASE,POWER,56.800000000000004,J000007,1,1,56.800000000000004
m3-periodic,ee0bec387c023d5d0ab8464c286e0564fdf9e899852c4db249384f154598db79,20260916,0.10.0,804,supply,demands,False,5,5,D1,3,BASE,POWER,16.700000000000003,J000002,1,1,16.700000000000003
m3-periodic,ee0bec387c023d5d0ab8464c286e0564fdf9e899852c4db249384f154598db79,20260916,0.10.0,804,supply,demands,False,5,5,D2,6,BASE,POWER,32.7,J000005,1,1,32.7
m3-periodic,ee0bec387c023d5d0ab8464c286e0564fdf9e899852c4db249384f154598db79,20260916,0.10.0,804,supply,demands,False,5,5,D3,9,BASE,POWER,40.7,J000007,1,1,40.7
m3-periodic,ee0bec387c023d5d0ab8464c286e0564fdf9e899852c4db249384f154598db79,20260916,0.10.0,804,supply,demands,False,5,5,D4,12,BASE,POWER,56.7,J000010,1,1,56.7
m3-periodic,ee0bec387c023d5d0ab8464c286e0564fdf9e899852c4db249384f154598db79,20260916,0.10.0,804,supply,demands,False,5,5,D5,13,BASE,POWER,56.800000000000004,J000009,1,1,56.800000000000004
m3-periodic,ee0bec387c023d5d0ab8464c286e0564fdf9e899852c4db249384f154598db79,20260916,0.10.0,805,supply,demands,False,1,1,D1,3,BASE,POWER,56.7,J000006,1,1,56.7
m3-periodic,ee0bec387c023d5d0ab8464c286e0564fdf9e899852c4db249384f154598db79,20260916,0.10.0,806,supply,demands,False,4,4,D1,3,BASE,POWER,16.700000000000003,J000002,1,1,16.700000000000003
m3-periodic,ee0bec387c023d5d0ab8464c286e0564fdf9e899852c4db249384f154598db79,20260916,0.10.0,806,supply,demands,False,4,4,D2,6,BASE,POWER,32.7,J000005,1,1,32.7
m3-periodic,ee0bec387c023d5d0ab8464c286e0564fdf9e899852c4db249384f154598db79,20260916,0.10.0,806,supply,demands,False,4,4,D3,9,BASE,POWER,56.800000000000004,J000007,1,1,56.800000000000004
m3-periodic,ee0bec387c023d5d0ab8464c286e0564fdf9e899852c4db249384f154598db79,20260916,0.10.0,806,supply,demands,False,4,4,D4,10,BASE,POWER,60.800000000000004,J000010,1,1,60.800000000000004
m3-periodic,ee0bec387c023d5d0ab8464c286e0564fdf9e899852c4db249384f154598db79,20260916,0.10.0,807,supply,demands,False,6,6,D1,3,BASE,POWER,16.700000000000003,J000002,1,1,16.700000000000003
m3-periodic,ee0bec387c023d5d0ab8464c286e0564fdf9e899852c4db249384f154598db79,20260916,0.10.0,807,supply,demands,False,6,6,D2,4,BASE,POWER,16.800000000000004,J000001,1,1,16.800000000000004
m3-periodic,ee0bec387c023d5d0ab8464c286e0564fdf9e899852c4db249384f154598db79,20260916,0.10.0,807,supply,demands,False,6,6,D3,7,BASE,POWER,31.955889043706314,J000006,1,1,31.955889043706314
m3-periodic,ee0bec387c023d5d0ab8464c286e0564fdf9e899852c4db249384f154598db79,20260916,0.10.0,807,supply,demands,False,6,6,D4,10,BASE,POWER,32.055889043706316,J000007,1,1,32.055889043706316
m3-periodic,ee0bec387c023d5d0ab8464c286e0564fdf9e899852c4db249384f154598db79,20260916,0.10.0,807,supply,demands,False,6,6,D5,13,BASE,POWER,60.7,J000014,1,1,60.7
m3-periodic,ee0bec387c023d5d0ab8464c286e0564fdf9e899852c4db249384f154598db79,20260916,0.10.0,807,supply,demands,False,6,6,D6,14,BASE,POWER,60.800000000000004,J000013,1,1,60.800000000000004
m3-periodic,ee0bec387c023d5d0ab8464c286e0564fdf9e899852c4db249384f154598db79,20260916,0.10.0,808,supply,demands,False,2,2,D1,3,BASE,POWER,32.7,J000004,1,1,32.7
m3-periodic,ee0bec387c023d5d0ab8464c286e0564fdf9e899852c4db249384f154598db79,20260916,0.10.0,808,supply,demands,False,2,2,D2,6,BASE,POWER,60.7,J000009,1,1,60.7
m3-periodic,ee0bec387c023d5d0ab8464c286e0564fdf9e899852c4db249384f154598db79,20260916,0.10.0,809,supply,demands,False,4,4,D1,3,BASE,POWER,16.800000000000004,J000001,1,1,16.800000000000004
m3-periodic,ee0bec387c023d5d0ab8464c286e0564fdf9e899852c4db249384f154598db79,20260916,0.10.0,809,supply,demands,False,4,4,D2,6,BASE,POWER,32.65249479307108,J000004,1,1,32.65249479307108
m3-periodic,ee0bec387c023d5d0ab8464c286e0564fdf9e899852c4db249384f154598db79,20260916,0.10.0,809,supply,demands,False,4,4,D3,7,BASE,POWER,32.75249479307108,J000006,1,1,32.75249479307108
m3-periodic,ee0bec387c023d5d0ab8464c286e0564fdf9e899852c4db249384f154598db79,20260916,0.10.0,809,supply,demands,False,4,4,D4,10,BASE,POWER,56.673954412661246,J000009,1,1,56.673954412661246
m3-periodic,ee0bec387c023d5d0ab8464c286e0564fdf9e899852c4db249384f154598db79,20260916,0.10.0,810,supply,demands,False,6,6,D1,3,BASE,POWER,16.800000000000004,J000001,1,1,16.800000000000004
m3-periodic,ee0bec387c023d5d0ab8464c286e0564fdf9e899852c4db249384f154598db79,20260916,0.10.0,810,supply,demands,False,6,6,D2,6,BASE,POWER,31.703326836658746,J000005,1,1,31.703326836658746
m3-periodic,ee0bec387c023d5d0ab8464c286e0564fdf9e899852c4db249384f154598db79,20260916,0.10.0,810,supply,demands,False,6,6,D3,7,BASE,POWER,31.803326836658748,J000006,1,1,31.803326836658748
m3-periodic,ee0bec387c023d5d0ab8464c286e0564fdf9e899852c4db249384f154598db79,20260916,0.10.0,810,supply,demands,False,6,6,D4,10,BASE,POWER,56.7,J000010,1,1,56.7
m3-periodic,ee0bec387c023d5d0ab8464c286e0564fdf9e899852c4db249384f154598db79,20260916,0.10.0,810,supply,demands,False,6,6,D5,11,BASE,POWER,56.800000000000004,J000009,1,1,56.800000000000004
m3-periodic,ee0bec387c023d5d0ab8464c286e0564fdf9e899852c4db249384f154598db79,20260916,0.10.0,810,supply,demands,False,6,6,D6,12,BASE,POWER,60.7,J000014,1,1,64.5
m3-periodic,ee0bec387c023d5d0ab8464c286e0564fdf9e899852c4db249384f154598db79,20260916,0.10.0,811,supply,demands,False,4,4,D1,3,BASE,POWER,16.800000000000004,J000001,1,1,16.800000000000004
m3-periodic,ee0bec387c023d5d0ab8464c286e0564fdf9e899852c4db249384f154598db79,20260916,0.10.0,811,supply,demands,False,4,4,D2,6,BASE,POWER,56.7,J000007,1,1,56.7
m3-periodic,ee0bec387c023d5d0ab8464c286e0564fdf9e899852c4db249384f154598db79,20260916,0.10.0,811,supply,demands,False,4,4,D3,7,BASE,POWER,60.7,J000010,1,1,60.7
m3-periodic,ee0bec387c023d5d0ab8464c286e0564fdf9e899852c4db249384f154598db79,20260916,0.10.0,811,supply,demands,False,4,4,D4,8,BASE,POWER,60.800000000000004,J000009,1,1,64.5
m3-periodic,ee0bec387c023d5d0ab8464c286e0564fdf9e899852c4db249384f154598db79,20260916,0.10.0,812,supply,demands,False,4,4,D1,3,BASE,POWER,16.800000000000004,J000001,1,1,16.800000000000004
m3-periodic,ee0bec387c023d5d0ab8464c286e0564fdf9e899852c4db249384f154598db79,20260916,0.10.0,812,supply,demands,False,4,4,D2,6,BASE,POWER,56.7,J000007,1,1,56.7
m3-periodic,ee0bec387c023d5d0ab8464c286e0564fdf9e899852c4db249384f154598db79,20260916,0.10.0,812,supply,demands,False,4,4,D3,7,BASE,POWER,56.800000000000004,J000006,1,1,56.800000000000004
m3-periodic,ee0bec387c023d5d0ab8464c286e0564fdf9e899852c4db249384f154598db79,20260916,0.10.0,812,supply,demands,False,4,4,D4,8,BASE,POWER,58.95703196875237,J000010,1,1,64.5
m3-periodic,ee0bec387c023d5d0ab8464c286e0564fdf9e899852c4db249384f154598db79,20260916,0.10.0,813,supply,demands,False,5,5,D1,3,BASE,POWER,16.800000000000004,J000001,1,1,16.800000000000004
m3-periodic,ee0bec387c023d5d0ab8464c286e0564fdf9e899852c4db249384f154598db79,20260916,0.10.0,813,supply,demands,False,5,5,D2,6,BASE,POWER,36.7,J000005,1,1,36.7
m3-periodic,ee0bec387c023d5d0ab8464c286e0564fdf9e899852c4db249384f154598db79,20260916,0.10.0,813,supply,demands,False,5,5,D3,9,BASE,POWER,56.7,J000008,1,1,56.7
m3-periodic,ee0bec387c023d5d0ab8464c286e0564fdf9e899852c4db249384f154598db79,20260916,0.10.0,813,supply,demands,False,5,5,D4,10,BASE,POWER,60.7,J000010,1,1,60.7
m3-periodic,ee0bec387c023d5d0ab8464c286e0564fdf9e899852c4db249384f154598db79,20260916,0.10.0,813,supply,demands,False,5,5,D5,13,BASE,POWER,64.69999999999999,J000012,1,1,64.69999999999999
m3-periodic,ee0bec387c023d5d0ab8464c286e0564fdf9e899852c4db249384f154598db79,20260916,0.10.0,814,supply,demands,False,6,6,D1,3,BASE,POWER,16.800000000000004,J000001,1,1,16.800000000000004
m3-periodic,ee0bec387c023d5d0ab8464c286e0564fdf9e899852c4db249384f154598db79,20260916,0.10.0,814,supply,demands,False,6,6,D2,6,BASE,POWER,32.800000000000004,J000004,1,1,32.800000000000004
m3-periodic,ee0bec387c023d5d0ab8464c286e0564fdf9e899852c4db249384f154598db79,20260916,0.10.0,814,supply,demands,False,6,6,D3,9,BASE,POWER,56.7,J000008,1,1,56.7
m3-periodic,ee0bec387c023d5d0ab8464c286e0564fdf9e899852c4db249384f154598db79,20260916,0.10.0,814,supply,demands,False,6,6,D4,10,BASE,POWER,56.800000000000004,J000007,1,1,56.800000000000004
m3-periodic,ee0bec387c023d5d0ab8464c286e0564fdf9e899852c4db249384f154598db79,20260916,0.10.0,814,supply,demands,False,6,6,D5,11,BASE,POWER,60.7,J000012,1,1,64.5
m3-periodic,ee0bec387c023d5d0ab8464c286e0564fdf9e899852c4db249384f154598db79,20260916,0.10.0,814,supply,demands,False,6,6,D6,12,BASE,POWER,60.800000000000004,J000011,1,1,64.5
m3-periodic,ee0bec387c023d5d0ab8464c286e0564fdf9e899852c4db249384f154598db79,20260916,0.10.0,815,supply,demands,False,2,2,D1,3,BASE,POWER,32.7,J000004,1,1,32.7
m3-periodic,ee0bec387c023d5d0ab8464c286e0564fdf9e899852c4db249384f154598db79,20260916,0.10.0,815,supply,demands,False,2,2,D2,6,BASE,POWER,60.7,J000010,1,1,60.7
m3-periodic,ee0bec387c023d5d0ab8464c286e0564fdf9e899852c4db249384f154598db79,20260916,0.10.0,816,supply,demands,False,4,4,D1,3,BASE,POWER,16.700000000000003,J000002,1,1,16.700000000000003
m3-periodic,ee0bec387c023d5d0ab8464c286e0564fdf9e899852c4db249384f154598db79,20260916,0.10.0,816,supply,demands,False,4,4,D2,4,BASE,POWER,16.800000000000004,J000001,1,1,16.800000000000004
m3-periodic,ee0bec387c023d5d0ab8464c286e0564fdf9e899852c4db249384f154598db79,20260916,0.10.0,816,supply,demands,False,4,4,D3,7,BASE,POWER,56.800000000000004,J000007,1,1,56.800000000000004
m3-periodic,ee0bec387c023d5d0ab8464c286e0564fdf9e899852c4db249384f154598db79,20260916,0.10.0,816,supply,demands,False,4,4,D4,8,BASE,POWER,59.26258470037953,J000010,1,1,59.26258470037953
m3-periodic,ee0bec387c023d5d0ab8464c286e0564fdf9e899852c4db249384f154598db79,20260916,0.10.0,817,supply,demands,False,5,5,D1,3,BASE,POWER,16.800000000000004,J000001,1,1,16.800000000000004
m3-periodic,ee0bec387c023d5d0ab8464c286e0564fdf9e899852c4db249384f154598db79,20260916,0.10.0,817,supply,demands,False,5,5,D2,6,BASE,POWER,32.7,J000005,1,1,32.7
m3-periodic,ee0bec387c023d5d0ab8464c286e0564fdf9e899852c4db249384f154598db79,20260916,0.10.0,817,supply,demands,False,5,5,D3,7,BASE,POWER,32.800000000000004,J000004,1,1,32.800000000000004
m3-periodic,ee0bec387c023d5d0ab8464c286e0564fdf9e899852c4db249384f154598db79,20260916,0.10.0,817,supply,demands,False,5,5,D4,10,BASE,POWER,56.800000000000004,J000008,1,1,56.800000000000004
m3-periodic,ee0bec387c023d5d0ab8464c286e0564fdf9e899852c4db249384f154598db79,20260916,0.10.0,817,supply,demands,False,5,5,D5,11,BASE,POWER,60.800000000000004,J000011,1,1,60.800000000000004
m3-periodic,ee0bec387c023d5d0ab8464c286e0564fdf9e899852c4db249384f154598db79,20260916,0.10.0,818,supply,demands,False,5,5,D1,3,BASE,POWER,16.700000000000003,J000002,1,1,16.700000000000003
m3-periodic,ee0bec387c023d5d0ab8464c286e0564fdf9e899852c4db249384f154598db79,20260916,0.10.0,818,supply,demands,False,5,5,D2,4,BASE,POWER,16.800000000000004,J000001,1,1,16.800000000000004
m3-periodic,ee0bec387c023d5d0ab8464c286e0564fdf9e899852c4db249384f154598db79,20260916,0.10.0,818,supply,demands,False,5,5,D3,7,BASE,POWER,32.7,J000006,1,1,32.7
m3-periodic,ee0bec387c023d5d0ab8464c286e0564fdf9e899852c4db249384f154598db79,20260916,0.10.0,818,supply,demands,False,5,5,D4,10,BASE,POWER,56.800000000000004,J000008,1,1,56.800000000000004
m3-periodic,ee0bec387c023d5d0ab8464c286e0564fdf9e899852c4db249384f154598db79,20260916,0.10.0,818,supply,demands,False,5,5,D5,11,BASE,POWER,60.800000000000004,J000011,1,1,60.800000000000004
m3-periodic,ee0bec387c023d5d0ab8464c286e0564fdf9e899852c4db249384f154598db79,20260916,0.10.0,819,supply,demands,False,4,4,D1,3,BASE,POWER,16.700000000000003,J000002,1,1,16.700000000000003
m3-periodic,ee0bec387c023d5d0ab8464c286e0564fdf9e899852c4db249384f154598db79,20260916,0.10.0,819,supply,demands,False,4,4,D2,6,BASE,POWER,32.7,J000005,1,1,32.7
m3-periodic,ee0bec387c023d5d0ab8464c286e0564fdf9e899852c4db249384f154598db79,20260916,0.10.0,819,supply,demands,False,4,4,D3,9,BASE,POWER,56.800000000000004,J000007,1,1,56.800000000000004
m3-periodic,ee0bec387c023d5d0ab8464c286e0564fdf9e899852c4db249384f154598db79,20260916,0.10.0,819,supply,demands,False,4,4,D4,10,BASE,POWER,60.7,J000011,1,1,60.7
m3-periodic,ee0bec387c023d5d0ab8464c286e0564fdf9e899852c4db249384f154598db79,20260916,0.10.0,820,supply,demands,False,4,4,D1,3,BASE,POWER,16.700000000000003,J000002,1,1,16.700000000000003
m3-periodic,ee0bec387c023d5d0ab8464c286e0564fdf9e899852c4db249384f154598db79,20260916,0.10.0,820,supply,demands,False,4,4,D2,4,BASE,POWER,16.800000000000004,J000001,1,1,16.800000000000004
m3-periodic,ee0bec387c023d5d0ab8464c286e0564fdf9e899852c4db249384f154598db79,20260916,0.10.0,820,supply,demands,False,4,4,D3,7,BASE,POWER,32.800000000000004,J000005,1,1,32.800000000000004
m3-periodic,ee0bec387c023d5d0ab8464c286e0564fdf9e899852c4db249384f154598db79,20260916,0.10.0,820,supply,demands,False,4,4,D4,10,BASE,POWER,60.7,J000010,1,1,60.7
m3-periodic,ee0bec387c023d5d0ab8464c286e0564fdf9e899852c4db249384f154598db79,20260916,0.10.0,821,supply,demands,False,5,5,D1,3,BASE,POWER,16.700000000000003,J000002,1,1,16.700000000000003
m3-periodic,ee0bec387c023d5d0ab8464c286e0564fdf9e899852c4db249384f154598db79,20260916,0.10.0,821,supply,demands,False,5,5,D2,4,BASE,POWER,16.800000000000004,J000001,1,1,16.800000000000004
m3-periodic,ee0bec387c023d5d0ab8464c286e0564fdf9e899852c4db249384f154598db79,20260916,0.10.0,821,supply,demands,False,5,5,D3,7,BASE,POWER,32.800000000000004,J000005,1,1,32.800000000000004
m3-periodic,ee0bec387c023d5d0ab8464c286e0564fdf9e899852c4db249384f154598db79,20260916,0.10.0,821,supply,demands,False,5,5,D4,10,BASE,POWER,60.7,J000011,1,1,60.7
m3-periodic,ee0bec387c023d5d0ab8464c286e0564fdf9e899852c4db249384f154598db79,20260916,0.10.0,821,supply,demands,False,5,5,D5,13,BASE,POWER,64.69999999999999,J000013,1,1,64.69999999999999
m3-periodic,ee0bec387c023d5d0ab8464c286e0564fdf9e899852c4db249384f154598db79,20260916,0.10.0,822,supply,demands,False,3,3,D1,3,BASE,POWER,16.700000000000003,J000002,1,1,16.700000000000003
m3-periodic,ee0bec387c023d5d0ab8464c286e0564fdf9e899852c4db249384f154598db79,20260916,0.10.0,822,supply,demands,False,3,3,D2,4,BASE,POWER,16.800000000000004,J000001,1,1,16.800000000000004
m3-periodic,ee0bec387c023d5d0ab8464c286e0564fdf9e899852c4db249384f154598db79,20260916,0.10.0,822,supply,demands,False,3,3,D3,7,BASE,POWER,60.7,J000010,1,1,60.7
m3-periodic,ee0bec387c023d5d0ab8464c286e0564fdf9e899852c4db249384f154598db79,20260916,0.10.0,823,supply,demands,False,4,4,D1,3,BASE,POWER,16.800000000000004,J000001,1,1,16.800000000000004
m3-periodic,ee0bec387c023d5d0ab8464c286e0564fdf9e899852c4db249384f154598db79,20260916,0.10.0,823,supply,demands,False,4,4,D2,6,BASE,POWER,32.7,J000005,1,1,32.7
m3-periodic,ee0bec387c023d5d0ab8464c286e0564fdf9e899852c4db249384f154598db79,20260916,0.10.0,823,supply,demands,False,4,4,D3,9,BASE,POWER,56.7,J000009,1,1,56.7
m3-periodic,ee0bec387c023d5d0ab8464c286e0564fdf9e899852c4db249384f154598db79,20260916,0.10.0,823,supply,demands,False,4,4,D4,10,BASE,POWER,60.7,J000011,1,1,60.7
m3-periodic,ee0bec387c023d5d0ab8464c286e0564fdf9e899852c4db249384f154598db79,20260916,0.10.0,824,supply,demands,False,3,3,D1,3,BASE,POWER,32.7,J000004,1,1,32.7
m3-periodic,ee0bec387c023d5d0ab8464c286e0564fdf9e899852c4db249384f154598db79,20260916,0.10.0,824,supply,demands,False,3,3,D2,4,BASE,POWER,32.800000000000004,J000003,1,1,32.800000000000004
m3-periodic,ee0bec387c023d5d0ab8464c286e0564fdf9e899852c4db249384f154598db79,20260916,0.10.0,824,supply,demands,False,3,3,D3,7,BASE,POWER,56.7,J000008,1,1,56.7
m3-periodic,ee0bec387c023d5d0ab8464c286e0564fdf9e899852c4db249384f154598db79,20260916,0.10.0,825,supply,demands,False,6,6,D1,3,BASE,POWER,16.800000000000004,J000001,1,1,16.800000000000004
m3-periodic,ee0bec387c023d5d0ab8464c286e0564fdf9e899852c4db249384f154598db79,20260916,0.10.0,825,supply,demands,False,6,6,D2,6,BASE,POWER,32.7,J000005,1,1,32.7
m3-periodic,ee0bec387c023d5d0ab8464c286e0564fdf9e899852c4db249384f154598db79,20260916,0.10.0,825,supply,demands,False,6,6,D3,7,BASE,POWER,32.800000000000004,J000004,1,1,32.800000000000004
m3-periodic,ee0bec387c023d5d0ab8464c286e0564fdf9e899852c4db249384f154598db79,20260916,0.10.0,825,supply,demands,False,6,6,D4,10,BASE,POWER,56.7,J000009,1,1,56.7
m3-periodic,ee0bec387c023d5d0ab8464c286e0564fdf9e899852c4db249384f154598db79,20260916,0.10.0,825,supply,demands,False,6,6,D5,11,BASE,POWER,56.800000000000004,J000008,1,1,56.800000000000004
m3-periodic,ee0bec387c023d5d0ab8464c286e0564fdf9e899852c4db249384f154598db79,20260916,0.10.0,825,supply,demands,False,6,6,D6,14,BASE,POWER,64.69999999999999,J000014,1,1,64.69999999999999
m3-periodic,ee0bec387c023d5d0ab8464c286e0564fdf9e899852c4db249384f154598db79,20260916,0.10.0,826,supply,demands,False,4,4,D1,3,BASE,POWER,16.700000000000003,J000002,1,1,16.700000000000003
m3-periodic,ee0bec387c023d5d0ab8464c286e0564fdf9e899852c4db249384f154598db79,20260916,0.10.0,826,supply,demands,False,4,4,D2,6,BASE,POWER,32.7,J000005,1,1,32.7
m3-periodic,ee0bec387c023d5d0ab8464c286e0564fdf9e899852c4db249384f154598db79,20260916,0.10.0,826,supply,demands,False,4,4,D3,9,BASE,POWER,60.7,J000010,1,1,60.7
m3-periodic,ee0bec387c023d5d0ab8464c286e0564fdf9e899852c4db249384f154598db79,20260916,0.10.0,826,supply,demands,False,4,4,D4,10,BASE,POWER,60.800000000000004,J000009,1,1,60.800000000000004
m3-periodic,ee0bec387c023d5d0ab8464c286e0564fdf9e899852c4db249384f154598db79,20260916,0.10.0,827,supply,demands,False,7,7,D1,3,BASE,POWER,16.700000000000003,J000002,1,1,16.700000000000003
m3-periodic,ee0bec387c023d5d0ab8464c286e0564fdf9e899852c4db249384f154598db79,20260916,0.10.0,827,supply,demands,False,7,7,D2,4,BASE,POWER,16.800000000000004,J000001,1,1,16.800000000000004
m3-periodic,ee0bec387c023d5d0ab8464c286e0564fdf9e899852c4db249384f154598db79,20260916,0.10.0,827,supply,demands,False,7,7,D3,7,BASE,POWER,32.7,J000006,1,1,32.7
m3-periodic,ee0bec387c023d5d0ab8464c286e0564fdf9e899852c4db249384f154598db79,20260916,0.10.0,827,supply,demands,False,7,7,D4,8,BASE,POWER,32.800000000000004,J000005,1,1,32.800000000000004
m3-periodic,ee0bec387c023d5d0ab8464c286e0564fdf9e899852c4db249384f154598db79,20260916,0.10.0,827,supply,demands,False,7,7,D5,11,BASE,POWER,56.7,J000010,1,1,56.7
m3-periodic,ee0bec387c023d5d0ab8464c286e0564fdf9e899852c4db249384f154598db79,20260916,0.10.0,827,supply,demands,False,7,7,D6,12,BASE,POWER,60.7,J000013,1,1,60.7
m3-periodic,ee0bec387c023d5d0ab8464c286e0564fdf9e899852c4db249384f154598db79,20260916,0.10.0,827,supply,demands,False,7,7,D7,13,BASE,POWER,60.800000000000004,J000012,1,1,64.5
m3-periodic,ee0bec387c023d5d0ab8464c286e0564fdf9e899852c4db249384f154598db79,20260916,0.10.0,828,supply,demands,False,6,6,D1,3,BASE,POWER,16.700000000000003,J000002,1,1,16.700000000000003
m3-periodic,ee0bec387c023d5d0ab8464c286e0564fdf9e899852c4db249384f154598db79,20260916,0.10.0,828,supply,demands,False,6,6,D2,4,BASE,POWER,16.800000000000004,J000001,1,1,16.800000000000004
m3-periodic,ee0bec387c023d5d0ab8464c286e0564fdf9e899852c4db249384f154598db79,20260916,0.10.0,828,supply,demands,False,6,6,D3,7,BASE,POWER,56.7,J000008,1,1,56.7
m3-periodic,ee0bec387c023d5d0ab8464c286e0564fdf9e899852c4db249384f154598db79,20260916,0.10.0,828,supply,demands,False,6,6,D4,8,BASE,POWER,56.800000000000004,J000007,1,1,56.800000000000004
m3-periodic,ee0bec387c023d5d0ab8464c286e0564fdf9e899852c4db249384f154598db79,20260916,0.10.0,828,supply,demands,False,6,6,D5,9,BASE,POWER,60.7,J000012,1,1,64.5
m3-periodic,ee0bec387c023d5d0ab8464c286e0564fdf9e899852c4db249384f154598db79,20260916,0.10.0,828,supply,demands,False,6,6,D6,10,BASE,POWER,60.800000000000004,J000011,1,1,64.5
m3-periodic,ee0bec387c023d5d0ab8464c286e0564fdf9e899852c4db249384f154598db79,20260916,0.10.0,829,supply,demands,False,5,5,D1,3,BASE,POWER,16.800000000000004,J000001,1,1,16.800000000000004
m3-periodic,ee0bec387c023d5d0ab8464c286e0564fdf9e899852c4db249384f154598db79,20260916,0.10.0,829,supply,demands,False,5,5,D2,6,BASE,POWER,32.7,J000005,1,1,32.7
m3-periodic,ee0bec387c023d5d0ab8464c286e0564fdf9e899852c4db249384f154598db79,20260916,0.10.0,829,supply,demands,False,5,5,D3,7,BASE,POWER,32.800000000000004,J000004,1,1,32.800000000000004
m3-periodic,ee0bec387c023d5d0ab8464c286e0564fdf9e899852c4db249384f154598db79,20260916,0.10.0,829,supply,demands,False,5,5,D4,10,BASE,POWER,60.7,J000012,1,1,60.7
m3-periodic,ee0bec387c023d5d0ab8464c286e0564fdf9e899852c4db249384f154598db79,20260916,0.10.0,829,supply,demands,False,5,5,D5,11,BASE,POWER,60.800000000000004,J000011,1,1,60.800000000000004
m3-periodic,ee0bec387c023d5d0ab8464c286e0564fdf9e899852c4db249384f154598db79,20260916,0.10.0,830,supply,demands,False,4,4,D1,3,BASE,POWER,16.700000000000003,J000002,1,1,16.700000000000003
m3-periodic,ee0bec387c023d5d0ab8464c286e0564fdf9e899852c4db249384f154598db79,20260916,0.10.0,830,supply,demands,False,4,4,D2,6,BASE,POWER,32.7,J000005,1,1,32.7
m3-periodic,ee0bec387c023d5d0ab8464c286e0564fdf9e899852c4db249384f154598db79,20260916,0.10.0,830,supply,demands,False,4,4,D3,9,BASE,POWER,40.7,J000007,1,1,40.7
m3-periodic,ee0bec387c023d5d0ab8464c286e0564fdf9e899852c4db249384f154598db79,20260916,0.10.0,830,supply,demands,False,4,4,D4,12,BASE,POWER,60.7,J000011,1,1,60.7
m3-periodic,ee0bec387c023d5d0ab8464c286e0564fdf9e899852c4db249384f154598db79,20260916,0.10.0,831,supply,demands,False,4,4,D1,3,BASE,POWER,32.800000000000004,J000003,1,1,32.800000000000004
m3-periodic,ee0bec387c023d5d0ab8464c286e0564fdf9e899852c4db249384f154598db79,20260916,0.10.0,831,supply,demands,False,4,4,D2,6,BASE,POWER,56.7,J000007,1,1,56.7
m3-periodic,ee0bec387c023d5d0ab8464c286e0564fdf9e899852c4db249384f154598db79,20260916,0.10.0,831,supply,demands,False,4,4,D3,7,BASE,POWER,60.7,J000010,1,1,60.7
m3-periodic,ee0bec387c023d5d0ab8464c286e0564fdf9e899852c4db249384f154598db79,20260916,0.10.0,831,supply,demands,False,4,4,D4,8,BASE,POWER,60.800000000000004,J000009,1,1,64.5
m3-periodic,ee0bec387c023d5d0ab8464c286e0564fdf9e899852c4db249384f154598db79,20260916,0.10.0,832,supply,demands,False,5,5,D1,3,BASE,POWER,16.584154159427797,J000002,1,1,16.584154159427797
m3-periodic,ee0bec387c023d5d0ab8464c286e0564fdf9e899852c4db249384f154598db79,20260916,0.10.0,832,supply,demands,False,5,5,D2,4,BASE,POWER,16.6841541594278,J000003,1,1,16.6841541594278
m3-periodic,ee0bec387c023d5d0ab8464c286e0564fdf9e899852c4db249384f154598db79,20260916,0.10.0,832,supply,demands,False,5,5,D3,7,BASE,POWER,32.7,J000007,1,1,32.7
m3-periodic,ee0bec387c023d5d0ab8464c286e0564fdf9e899852c4db249384f154598db79,20260916,0.10.0,832,supply,demands,False,5,5,D4,10,BASE,POWER,60.7,J000013,1,1,60.7
m3-periodic,ee0bec387c023d5d0ab8464c286e0564fdf9e899852c4db249384f154598db79,20260916,0.10.0,832,supply,demands,False,5,5,D5,11,BASE,POWER,60.800000000000004,J000012,1,1,60.800000000000004
m3-periodic,ee0bec387c023d5d0ab8464c286e0564fdf9e899852c4db249384f154598db79,20260916,0.10.0,833,supply,demands,False,4,4,D1,3,BASE,POWER,56.7,J000006,1,1,56.7
m3-periodic,ee0bec387c023d5d0ab8464c286e0564fdf9e899852c4db249384f154598db79,20260916,0.10.0,833,supply,demands,False,4,4,D2,4,BASE,POWER,56.800000000000004,J000005,1,1,56.800000000000004
m3-periodic,ee0bec387c023d5d0ab8464c286e0564fdf9e899852c4db249384f154598db79,20260916,0.10.0,833,supply,demands,False,4,4,D3,5,BASE,POWER,60.601129428951985,J000010,1,1,64.5
m3-periodic,ee0bec387c023d5d0ab8464c286e0564fdf9e899852c4db249384f154598db79,20260916,0.10.0,833,supply,demands,False,4,4,D4,6,BASE,POWER,60.70112942895199,J000011,1,1,64.5
m3-periodic,ee0bec387c023d5d0ab8464c286e0564fdf9e899852c4db249384f154598db79,20260916,0.10.0,834,supply,demands,False,5,5,D1,3,BASE,POWER,16.700000000000003,J000002,1,1,16.700000000000003
m3-periodic,ee0bec387c023d5d0ab8464c286e0564fdf9e899852c4db249384f154598db79,20260916,0.10.0,834,supply,demands,False,5,5,D2,6,BASE,POWER,32.7,J000005,1,1,32.7
m3-periodic,ee0bec387c023d5d0ab8464c286e0564fdf9e899852c4db249384f154598db79,20260916,0.10.0,834,supply,demands,False,5,5,D3,7,BASE,POWER,32.800000000000004,J000004,1,1,32.800000000000004
m3-periodic,ee0bec387c023d5d0ab8464c286e0564fdf9e899852c4db249384f154598db79,20260916,0.10.0,834,supply,demands,False,5,5,D4,10,BASE,POWER,56.7,J000009,1,1,56.7
m3-periodic,ee0bec387c023d5d0ab8464c286e0564fdf9e899852c4db249384f154598db79,20260916,0.10.0,834,supply,demands,False,5,5,D5,11,BASE,POWER,60.7,J000012,1,1,60.7
m3-periodic,ee0bec387c023d5d0ab8464c286e0564fdf9e899852c4db249384f154598db79,20260916,0.10.0,835,supply,demands,False,7,7,D1,3,BASE,POWER,16.700000000000003,J000002,1,1,16.700000000000003
m3-periodic,ee0bec387c023d5d0ab8464c286e0564fdf9e899852c4db249384f154598db79,20260916,0.10.0,835,supply,demands,False,7,7,D2,4,BASE,POWER,16.800000000000004,J000001,1,1,16.800000000000004
m3-periodic,ee0bec387c023d5d0ab8464c286e0564fdf9e899852c4db249384f154598db79,20260916,0.10.0,835,supply,demands,False,7,7,D3,7,BASE,POWER,32.7,J000006,1,1,32.7
m3-periodic,ee0bec387c023d5d0ab8464c286e0564fdf9e899852c4db249384f154598db79,20260916,0.10.0,835,supply,demands,False,7,7,D4,8,BASE,POWER,32.800000000000004,J000005,1,1,32.800000000000004
m3-periodic,ee0bec387c023d5d0ab8464c286e0564fdf9e899852c4db249384f154598db79,20260916,0.10.0,835,supply,demands,False,7,7,D5,11,BASE,POWER,56.7,J000010,1,1,56.7
m3-periodic,ee0bec387c023d5d0ab8464c286e0564fdf9e899852c4db249384f154598db79,20260916,0.10.0,835,supply,demands,False,7,7,D6,12,BASE,POWER,60.7,J000013,1,1,60.7
m3-periodic,ee0bec387c023d5d0ab8464c286e0564fdf9e899852c4db249384f154598db79,20260916,0.10.0,835,supply,demands,False,7,7,D7,13,BASE,POWER,60.800000000000004,J000012,1,1,64.5
m3-periodic,ee0bec387c023d5d0ab8464c286e0564fdf9e899852c4db249384f154598db79,20260916,0.10.0,836,supply,demands,False,6,6,D1,3,BASE,POWER,16.700000000000003,J000002,1,1,16.700000000000003
m3-periodic,ee0bec387c023d5d0ab8464c286e0564fdf9e899852c4db249384f154598db79,20260916,0.10.0,836,supply,demands,False,6,6,D2,4,BASE,POWER,16.800000000000004,J000001,1,1,16.800000000000004
m3-periodic,ee0bec387c023d5d0ab8464c286e0564fdf9e899852c4db249384f154598db79,20260916,0.10.0,836,supply,demands,False,6,6,D3,7,BASE,POWER,32.7,J000006,1,1,32.7
m3-periodic,ee0bec387c023d5d0ab8464c286e0564fdf9e899852c4db249384f154598db79,20260916,0.10.0,836,supply,demands,False,6,6,D4,8,BASE,POWER,32.800000000000004,J000005,1,1,32.800000000000004
m3-periodic,ee0bec387c023d5d0ab8464c286e0564fdf9e899852c4db249384f154598db79,20260916,0.10.0,836,supply,demands,False,6,6,D5,11,BASE,POWER,56.7,J000010,1,1,56.7
m3-periodic,ee0bec387c023d5d0ab8464c286e0564fdf9e899852c4db249384f154598db79,20260916,0.10.0,836,supply,demands,False,6,6,D6,12,BASE,POWER,60.7,J000013,1,1,60.7
m3-periodic,ee0bec387c023d5d0ab8464c286e0564fdf9e899852c4db249384f154598db79,20260916,0.10.0,837,supply,demands,False,5,5,D1,3,BASE,POWER,16.700000000000003,J000002,1,1,16.700000000000003
m3-periodic,ee0bec387c023d5d0ab8464c286e0564fdf9e899852c4db249384f154598db79,20260916,0.10.0,837,supply,demands,False,5,5,D2,4,BASE,POWER,16.800000000000004,J000001,1,1,16.800000000000004
m3-periodic,ee0bec387c023d5d0ab8464c286e0564fdf9e899852c4db249384f154598db79,20260916,0.10.0,837,supply,demands,False,5,5,D3,7,BASE,POWER,32.7,J000006,1,1,32.7
m3-periodic,ee0bec387c023d5d0ab8464c286e0564fdf9e899852c4db249384f154598db79,20260916,0.10.0,837,supply,demands,False,5,5,D4,8,BASE,POWER,32.800000000000004,J000005,1,1,32.800000000000004
m3-periodic,ee0bec387c023d5d0ab8464c286e0564fdf9e899852c4db249384f154598db79,20260916,0.10.0,837,supply,demands,False,5,5,D5,11,BASE,POWER,60.800000000000004,J000011,1,1,60.800000000000004
m3-periodic,ee0bec387c023d5d0ab8464c286e0564fdf9e899852c4db249384f154598db79,20260916,0.10.0,838,supply,demands,False,5,5,D1,3,BASE,POWER,16.700000000000003,J000002,1,1,16.700000000000003
m3-periodic,ee0bec387c023d5d0ab8464c286e0564fdf9e899852c4db249384f154598db79,20260916,0.10.0,838,supply,demands,False,5,5,D2,4,BASE,POWER,16.800000000000004,J000001,1,1,16.800000000000004
m3-periodic,ee0bec387c023d5d0ab8464c286e0564fdf9e899852c4db249384f154598db79,20260916,0.10.0,838,supply,demands,False,5,5,D3,7,BASE,POWER,32.800000000000004,J000005,1,1,32.800000000000004
m3-periodic,ee0bec387c023d5d0ab8464c286e0564fdf9e899852c4db249384f154598db79,20260916,0.10.0,838,supply,demands,False,5,5,D4,10,BASE,POWER,56.7,J000009,1,1,56.7
m3-periodic,ee0bec387c023d5d0ab8464c286e0564fdf9e899852c4db249384f154598db79,20260916,0.10.0,838,supply,demands,False,5,5,D5,11,BASE,POWER,60.800000000000004,J000012,1,1,60.800000000000004
m3-periodic,ee0bec387c023d5d0ab8464c286e0564fdf9e899852c4db249384f154598db79,20260916,0.10.0,839,supply,demands,False,3,3,D1,3,BASE,POWER,36.7,J000005,1,1,36.7
m3-periodic,ee0bec387c023d5d0ab8464c286e0564fdf9e899852c4db249384f154598db79,20260916,0.10.0,839,supply,demands,False,3,3,D2,6,BASE,POWER,59.99698948102462,J000010,1,1,59.99698948102462
m3-periodic,ee0bec387c023d5d0ab8464c286e0564fdf9e899852c4db249384f154598db79,20260916,0.10.0,839,supply,demands,False,3,3,D3,9,BASE,POWER,64.69999999999999,J000012,1,1,64.69999999999999
m3-periodic,ee0bec387c023d5d0ab8464c286e0564fdf9e899852c4db249384f154598db79,20260916,0.10.0,840,supply,demands,False,5,5,D1,3,BASE,POWER,16.700000000000003,J000002,1,1,16.700000000000003
m3-periodic,ee0bec387c023d5d0ab8464c286e0564fdf9e899852c4db249384f154598db79,20260916,0.10.0,840,supply,demands,False,5,5,D2,4,BASE,POWER,16.800000000000004,J000001,1,1,16.800000000000004
m3-periodic,ee0bec387c023d5d0ab8464c286e0564fdf9e899852c4db249384f154598db79,20260916,0.10.0,840,supply,demands,False,5,5,D3,7,BASE,POWER,56.04479428695136,J000008,1,1,56.04479428695136
m3-periodic,ee0bec387c023d5d0ab8464c286e0564fdf9e899852c4db249384f154598db79,20260916,0.10.0,840,supply,demands,False,5,5,D4,8,BASE,POWER,56.14479428695136,J000009,1,1,56.14479428695136
m3-periodic,ee0bec387c023d5d0ab8464c286e0564fdf9e899852c4db249384f154598db79,20260916,0.10.0,840,supply,demands,False,5,5,D5,9,BASE,POWER,60.7,J000013,1,1,64.5
m3-periodic,ee0bec387c023d5d0ab8464c286e0564fdf9e899852c4db249384f154598db79,20260916,0.10.0,841,supply,demands,False,6,6,D1,3,BASE,POWER,16.700000000000003,J000002,1,1,16.700000000000003
m3-periodic,ee0bec387c023d5d0ab8464c286e0564fdf9e899852c4db249384f154598db79,20260916,0.10.0,841,supply,demands,False,6,6,D2,4,BASE,POWER,16.800000000000004,J000001,1,1,16.800000000000004
m3-periodic,ee0bec387c023d5d0ab8464c286e0564fdf9e899852c4db249384f154598db79,20260916,0.10.0,841,supply,demands,False,6,6,D3,7,BASE,POWER,32.800000000000004,J000005,1,1,32.800000000000004
m3-periodic,ee0bec387c023d5d0ab8464c286e0564fdf9e899852c4db249384f154598db79,20260916,0.10.0,841,supply,demands,False,6,6,D4,10,BASE,POWER,60.7,J000011,1,1,60.7
m3-periodic,ee0bec387c023d5d0ab8464c286e0564fdf9e899852c4db249384f154598db79,20260916,0.10.0,841,supply,demands,False,6,6,D5,11,BASE,POWER,60.800000000000004,J000010,1,1,60.800000000000004
m3-periodic,ee0bec387c023d5d0ab8464c286e0564fdf9e899852c4db249384f154598db79,20260916,0.10.0,841,supply,demands,False,6,6,D6,12,BASE,POWER,63.531144156724324,J000014,1,1,64.5
m3-periodic,ee0bec387c023d5d0ab8464c286e0564fdf9e899852c4db249384f154598db79,20260916,0.10.0,842,supply,demands,False,5,5,D1,3,BASE,POWER,16.700000000000003,J000002,1,1,16.700000000000003
m3-periodic,ee0bec387c023d5d0ab8464c286e0564fdf9e899852c4db249384f154598db79,20260916,0.10.0,842,supply,demands,False,5,5,D2,6,BASE,POWER,32.7,J000005,1,1,32.7
m3-periodic,ee0bec387c023d5d0ab8464c286e0564fdf9e899852c4db249384f154598db79,20260916,0.10.0,842,supply,demands,False,5,5,D3,9,BASE,POWER,56.7,J000008,1,1,56.7
m3-periodic,ee0bec387c023d5d0ab8464c286e0564fdf9e899852c4db249384f154598db79,20260916,0.10.0,842,supply,demands,False,5,5,D4,10,BASE,POWER,56.800000000000004,J000007,1,1,56.800000000000004
m3-periodic,ee0bec387c023d5d0ab8464c286e0564fdf9e899852c4db249384f154598db79,20260916,0.10.0,842,supply,demands,False,5,5,D5,11,BASE,POWER,60.800000000000004,J000011,1,1,64.5
m3-periodic,ee0bec387c023d5d0ab8464c286e0564fdf9e899852c4db249384f154598db79,20260916,0.10.0,843,supply,demands,False,4,4,D1,3,BASE,POWER,16.700000000000003,J000002,1,1,16.700000000000003
m3-periodic,ee0bec387c023d5d0ab8464c286e0564fdf9e899852c4db249384f154598db79,20260916,0.10.0,843,supply,demands,False,4,4,D2,6,BASE,POWER,32.800000000000004,J000004,1,1,32.800000000000004
m3-periodic,ee0bec387c023d5d0ab8464c286e0564fdf9e899852c4db249384f154598db79,20260916,0.10.0,843,supply,demands,False,4,4,D3,9,BASE,POWER,56.800000000000004,J000007,1,1,56.800000000000004
m3-periodic,ee0bec387c023d5d0ab8464c286e0564fdf9e899852c4db249384f154598db79,20260916,0.10.0,843,supply,demands,False,4,4,D4,10,BASE,POWER,60.800000000000004,J000010,1,1,60.800000000000004
m3-periodic,ee0bec387c023d5d0ab8464c286e0564fdf9e899852c4db249384f154598db79,20260916,0.10.0,844,supply,demands,False,2,2,D1,3,BASE,POWER,56.800000000000004,J000005,1,1,56.800000000000004
m3-periodic,ee0bec387c023d5d0ab8464c286e0564fdf9e899852c4db249384f154598db79,20260916,0.10.0,844,supply,demands,False,2,2,D2,4,BASE,POWER,60.7,J000009,1,1,60.7
m3-periodic,ee0bec387c023d5d0ab8464c286e0564fdf9e899852c4db249384f154598db79,20260916,0.10.0,845,supply,demands,False,5,5,D1,3,BASE,POWER,16.800000000000004,J000001,1,1,16.800000000000004
m3-periodic,ee0bec387c023d5d0ab8464c286e0564fdf9e899852c4db249384f154598db79,20260916,0.10.0,845,supply,demands,False,5,5,D2,6,BASE,POWER,32.7,J000005,1,1,32.7
m3-periodic,ee0bec387c023d5d0ab8464c286e0564fdf9e899852c4db249384f154598db79,20260916,0.10.0,845,supply,demands,False,5,5,D3,7,BASE,POWER,32.800000000000004,J000004,1,1,32.800000000000004
m3-periodic,ee0bec387c023d5d0ab8464c286e0564fdf9e899852c4db249384f154598db79,20260916,0.10.0,845,supply,demands,False,5,5,D4,10,BASE,POWER,60.7,J000010,1,1,60.7
m3-periodic,ee0bec387c023d5d0ab8464c286e0564fdf9e899852c4db249384f154598db79,20260916,0.10.0,845,supply,demands,False,5,5,D5,11,BASE,POWER,60.800000000000004,J000009,1,1,60.800000000000004
m3-periodic,ee0bec387c023d5d0ab8464c286e0564fdf9e899852c4db249384f154598db79,20260916,0.10.0,846,supply,demands,False,4,4,D1,3,BASE,POWER,16.700000000000003,J000002,1,1,16.700000000000003
m3-periodic,ee0bec387c023d5d0ab8464c286e0564fdf9e899852c4db249384f154598db79,20260916,0.10.0,846,supply,demands,False,4,4,D2,6,BASE,POWER,32.7,J000005,1,1,32.7
m3-periodic,ee0bec387c023d5d0ab8464c286e0564fdf9e899852c4db249384f154598db79,20260916,0.10.0,846,supply,demands,False,4,4,D3,9,BASE,POWER,40.7,J000007,1,1,40.7
m3-periodic,ee0bec387c023d5d0ab8464c286e0564fdf9e899852c4db249384f154598db79,20260916,0.10.0,846,supply,demands,False,4,4,D4,12,BASE,POWER,56.18337045082588,J000009,1,1,56.18337045082588
m3-periodic,ee0bec387c023d5d0ab8464c286e0564fdf9e899852c4db249384f154598db79,20260916,0.10.0,847,supply,demands,False,5,5,D1,3,BASE,POWER,16.700000000000003,J000002,1,1,16.700000000000003
m3-periodic,ee0bec387c023d5d0ab8464c286e0564fdf9e899852c4db249384f154598db79,20260916,0.10.0,847,supply,demands,False,5,5,D2,4,BASE,POWER,16.800000000000004,J000001,1,1,16.800000000000004
m3-periodic,ee0bec387c023d5d0ab8464c286e0564fdf9e899852c4db249384f154598db79,20260916,0.10.0,847,supply,demands,False,5,5,D3,7,BASE,POWER,32.7,J000006,1,1,32.7
m3-periodic,ee0bec387c023d5d0ab8464c286e0564fdf9e899852c4db249384f154598db79,20260916,0.10.0,847,supply,demands,False,5,5,D4,10,BASE,POWER,56.7,J000009,1,1,56.7
m3-periodic,ee0bec387c023d5d0ab8464c286e0564fdf9e899852c4db249384f154598db79,20260916,0.10.0,847,supply,demands,False,5,5,D5,11,BASE,POWER,60.7,J000012,1,1,60.7
m3-periodic,ee0bec387c023d5d0ab8464c286e0564fdf9e899852c4db249384f154598db79,20260916,0.10.0,848,supply,demands,False,4,4,D1,3,BASE,POWER,16.700000000000003,J000003,1,1,16.700000000000003
m3-periodic,ee0bec387c023d5d0ab8464c286e0564fdf9e899852c4db249384f154598db79,20260916,0.10.0,848,supply,demands,False,4,4,D2,6,BASE,POWER,40.7,J000006,1,1,40.7
m3-periodic,ee0bec387c023d5d0ab8464c286e0564fdf9e899852c4db249384f154598db79,20260916,0.10.0,848,supply,demands,False,4,4,D3,9,BASE,POWER,55.374630653025434,J000008,1,1,55.374630653025434
m3-periodic,ee0bec387c023d5d0ab8464c286e0564fdf9e899852c4db249384f154598db79,20260916,0.10.0,848,supply,demands,False,4,4,D4,10,BASE,POWER,55.474630653025436,J000010,1,1,55.474630653025436
m3-periodic,ee0bec387c023d5d0ab8464c286e0564fdf9e899852c4db249384f154598db79,20260916,0.10.0,849,supply,demands,False,5,5,D1,3,BASE,POWER,8.210585440288092,J000001,1,1,8.210585440288092
m3-periodic,ee0bec387c023d5d0ab8464c286e0564fdf9e899852c4db249384f154598db79,20260916,0.10.0,849,supply,demands,False,5,5,D2,6,BASE,POWER,16.700000000000003,J000003,1,1,16.700000000000003
m3-periodic,ee0bec387c023d5d0ab8464c286e0564fdf9e899852c4db249384f154598db79,20260916,0.10.0,849,supply,demands,False,5,5,D3,9,BASE,POWER,32.800000000000004,J000005,1,1,32.800000000000004
m3-periodic,ee0bec387c023d5d0ab8464c286e0564fdf9e899852c4db249384f154598db79,20260916,0.10.0,849,supply,demands,False,5,5,D4,10,BASE,POWER,36.7,J000008,1,1,36.7
m3-periodic,ee0bec387c023d5d0ab8464c286e0564fdf9e899852c4db249384f154598db79,20260916,0.10.0,849,supply,demands,False,5,5,D5,13,BASE,POWER,64.69999999999999,J000013,1,1,64.69999999999999
m3-periodic,ee0bec387c023d5d0ab8464c286e0564fdf9e899852c4db249384f154598db79,20260916,0.10.0,850,supply,demands,False,2,2,D1,3,BASE,POWER,16.700000000000003,J000002,1,1,16.700000000000003
m3-periodic,ee0bec387c023d5d0ab8464c286e0564fdf9e899852c4db249384f154598db79,20260916,0.10.0,850,supply,demands,False,2,2,D2,4,BASE,POWER,16.800000000000004,J000001,1,1,16.800000000000004
m3-periodic,ee0bec387c023d5d0ab8464c286e0564fdf9e899852c4db249384f154598db79,20260916,0.10.0,851,supply,demands,False,6,6,D1,3,BASE,POWER,14.776115729844307,J000002,1,1,14.776115729844307
m3-periodic,ee0bec387c023d5d0ab8464c286e0564fdf9e899852c4db249384f154598db79,20260916,0.10.0,851,supply,demands,False,6,6,D2,4,BASE,POWER,14.876115729844306,J000001,1,1,14.876115729844306
m3-periodic,ee0bec387c023d5d0ab8464c286e0564fdf9e899852c4db249384f154598db79,20260916,0.10.0,851,supply,demands,False,6,6,D3,7,BASE,POWER,32.800000000000004,J000005,1,1,32.800000000000004
m3-periodic,ee0bec387c023d5d0ab8464c286e0564fdf9e899852c4db249384f154598db79,20260916,0.10.0,851,supply,demands,False,6,6,D4,10,BASE,POWER,56.800000000000004,J000008,1,1,56.800000000000004
m3-periodic,ee0bec387c023d5d0ab8464c286e0564fdf9e899852c4db249384f154598db79,20260916,0.10.0,851,supply,demands,False,6,6,D5,11,BASE,POWER,60.7,J000012,1,1,60.7
m3-periodic,ee0bec387c023d5d0ab8464c286e0564fdf9e899852c4db249384f154598db79,20260916,0.10.0,851,supply,demands,False,6,6,D6,12,BASE,POWER,60.800000000000004,J000011,1,1,64.5
m3-periodic,ee0bec387c023d5d0ab8464c286e0564fdf9e899852c4db249384f154598db79,20260916,0.10.0,852,supply,demands,False,6,6,D1,3,BASE,POWER,16.700000000000003,J000002,1,1,16.700000000000003
m3-periodic,ee0bec387c023d5d0ab8464c286e0564fdf9e899852c4db249384f154598db79,20260916,0.10.0,852,supply,demands,False,6,6,D2,4,BASE,POWER,16.800000000000004,J000001,1,1,16.800000000000004
m3-periodic,ee0bec387c023d5d0ab8464c286e0564fdf9e899852c4db249384f154598db79,20260916,0.10.0,852,supply,demands,False,6,6,D3,7,BASE,POWER,32.7,J000006,1,1,32.7
m3-periodic,ee0bec387c023d5d0ab8464c286e0564fdf9e899852c4db249384f154598db79,20260916,0.10.0,852,supply,demands,False,6,6,D4,10,BASE,POWER,56.53565535922717,J000009,1,1,56.53565535922717
m3-periodic,ee0bec387c023d5d0ab8464c286e0564fdf9e899852c4db249384f154598db79,20260916,0.10.0,852,supply,demands,False,6,6,D5,11,BASE,POWER,60.7,J000013,1,1,60.7
m3-periodic,ee0bec387c023d5d0ab8464c286e0564fdf9e899852c4db249384f154598db79,20260916,0.10.0,852,supply,demands,False,6,6,D6,12,BASE,POWER,60.800000000000004,J000012,1,1,64.5
m3-periodic,ee0bec387c023d5d0ab8464c286e0564fdf9e899852c4db249384f154598db79,20260916,0.10.0,853,supply,demands,False,5,5,D1,3,BASE,POWER,16.700000000000003,J000002,1,1,16.700000000000003
m3-periodic,ee0bec387c023d5d0ab8464c286e0564fdf9e899852c4db249384f154598db79,20260916,0.10.0,853,supply,demands,False,5,5,D2,4,BASE,POWER,16.800000000000004,J000001,1,1,16.800000000000004
m3-periodic,ee0bec387c023d5d0ab8464c286e0564fdf9e899852c4db249384f154598db79,20260916,0.10.0,853,supply,demands,False,5,5,D3,7,BASE,POWER,31.60592402956495,J000005,1,1,31.60592402956495
m3-periodic,ee0bec387c023d5d0ab8464c286e0564fdf9e899852c4db249384f154598db79,20260916,0.10.0,853,supply,demands,False,5,5,D4,10,BASE,POWER,56.7,J000010,1,1,56.7
m3-periodic,ee0bec387c023d5d0ab8464c286e0564fdf9e899852c4db249384f154598db79,20260916,0.10.0,853,supply,demands,False,5,5,D5,11,BASE,POWER,60.7,J000013,1,1,60.7
m3-periodic,ee0bec387c023d5d0ab8464c286e0564fdf9e899852c4db249384f154598db79,20260916,0.10.0,854,supply,demands,False,5,5,D1,3,BASE,POWER,16.700000000000003,J000002,1,1,16.700000000000003
m3-periodic,ee0bec387c023d5d0ab8464c286e0564fdf9e899852c4db249384f154598db79,20260916,0.10.0,854,supply,demands,False,5,5,D2,4,BASE,POWER,16.800000000000004,J000001,1,1,16.800000000000004
m3-periodic,ee0bec387c023d5d0ab8464c286e0564fdf9e899852c4db249384f154598db79,20260916,0.10.0,854,supply,demands,False,5,5,D3,7,BASE,POWER,32.7,J000006,1,1,32.7
m3-periodic,ee0bec387c023d5d0ab8464c286e0564fdf9e899852c4db249384f154598db79,20260916,0.10.0,854,supply,demands,False,5,5,D4,8,BASE,POWER,32.800000000000004,J000007,1,1,32.800000000000004
m3-periodic,ee0bec387c023d5d0ab8464c286e0564fdf9e899852c4db249384f154598db79,20260916,0.10.0,854,supply,demands,False,5,5,D5,11,BASE,POWER,56.800000000000004,J000011,1,1,56.800000000000004
m3-periodic,ee0bec387c023d5d0ab8464c286e0564fdf9e899852c4db249384f154598db79,20260916,0.10.0,855,supply,demands,False,5,5,D1,3,BASE,POWER,16.700000000000003,J000002,1,1,16.700000000000003
m3-periodic,ee0bec387c023d5d0ab8464c286e0564fdf9e899852c4db249384f154598db79,20260916,0.10.0,855,supply,demands,False,5,5,D2,4,BASE,POWER,16.800000000000004,J000001,1,1,16.800000000000004
m3-periodic,ee0bec387c023d5d0ab8464c286e0564fdf9e899852c4db249384f154598db79,20260916,0.10.0,855,supply,demands,False,5,5,D3,7,BASE,POWER,32.7,J000006,1,1,32.7
m3-periodic,ee0bec387c023d5d0ab8464c286e0564fdf9e899852c4db249384f154598db79,20260916,0.10.0,855,supply,demands,False,5,5,D4,10,BASE,POWER,56.800000000000004,J000008,1,1,56.800000000000004
m3-periodic,ee0bec387c023d5d0ab8464c286e0564fdf9e899852c4db249384f154598db79,20260916,0.10.0,855,supply,demands,False,5,5,D5,11,BASE,POWER,60.7,J000012,1,1,60.7
m3-periodic,ee0bec387c023d5d0ab8464c286e0564fdf9e899852c4db249384f154598db79,20260916,0.10.0,856,supply,demands,False,6,6,D1,3,BASE,POWER,16.700000000000003,J000002,1,1,16.700000000000003
m3-periodic,ee0bec387c023d5d0ab8464c286e0564fdf9e899852c4db249384f154598db79,20260916,0.10.0,856,supply,demands,False,6,6,D2,4,BASE,POWER,16.800000000000004,J000001,1,1,16.800000000000004
m3-periodic,ee0bec387c023d5d0ab8464c286e0564fdf9e899852c4db249384f154598db79,20260916,0.10.0,856,supply,demands,False,6,6,D3,7,BASE,POWER,32.800000000000004,J000005,1,1,32.800000000000004
m3-periodic,ee0bec387c023d5d0ab8464c286e0564fdf9e899852c4db249384f154598db79,20260916,0.10.0,856,supply,demands,False,6,6,D4,10,BASE,POWER,56.800000000000004,J000008,1,1,56.800000000000004
m3-periodic,ee0bec387c023d5d0ab8464c286e0564fdf9e899852c4db249384f154598db79,20260916,0.10.0,856,supply,demands,False,6,6,D5,11,BASE,POWER,60.7,J000012,1,1,60.7
m3-periodic,ee0bec387c023d5d0ab8464c286e0564fdf9e899852c4db249384f154598db79,20260916,0.10.0,856,supply,demands,False,6,6,D6,12,BASE,POWER,60.800000000000004,J000011,1,1,64.5
m3-periodic,ee0bec387c023d5d0ab8464c286e0564fdf9e899852c4db249384f154598db79,20260916,0.10.0,857,supply,demands,False,5,5,D1,3,BASE,POWER,16.800000000000004,J000001,1,1,16.800000000000004
m3-periodic,ee0bec387c023d5d0ab8464c286e0564fdf9e899852c4db249384f154598db79,20260916,0.10.0,857,supply,demands,False,5,5,D2,6,BASE,POWER,32.800000000000004,J000004,1,1,32.800000000000004
m3-periodic,ee0bec387c023d5d0ab8464c286e0564fdf9e899852c4db249384f154598db79,20260916,0.10.0,857,supply,demands,False,5,5,D3,9,BASE,POWER,56.7,J000008,1,1,56.7
m3-periodic,ee0bec387c023d5d0ab8464c286e0564fdf9e899852c4db249384f154598db79,20260916,0.10.0,857,supply,demands,False,5,5,D4,10,BASE,POWER,60.7,J000011,1,1,60.7
m3-periodic,ee0bec387c023d5d0ab8464c286e0564fdf9e899852c4db249384f154598db79,20260916,0.10.0,857,supply,demands,False,5,5,D5,13,BASE,POWER,64.69999999999999,J000013,1,1,64.69999999999999
m3-periodic,ee0bec387c023d5d0ab8464c286e0564fdf9e899852c4db249384f154598db79,20260916,0.10.0,858,supply,demands,False,7,7,D1,3,BASE,POWER,16.800000000000004,J000001,1,1,16.800000000000004
m3-periodic,ee0bec387c023d5d0ab8464c286e0564fdf9e899852c4db249384f154598db79,20260916,0.10.0,858,supply,demands,False,7,7,D2,6,BASE,POWER,32.7,J000005,1,1,32.7
m3-periodic,ee0bec387c023d5d0ab8464c286e0564fdf9e899852c4db249384f154598db79,20260916,0.10.0,858,supply,demands,False,7,7,D3,7,BASE,POWER,32.800000000000004,J000004,1,1,32.800000000000004
m3-periodic,ee0bec387c023d5d0ab8464c286e0564fdf9e899852c4db249384f154598db79,20260916,0.10.0,858,supply,demands,False,7,7,D4,10,BASE,POWER,40.7,J000008,1,1,40.7
m3-periodic,ee0bec387c023d5d0ab8464c286e0564fdf9e899852c4db249384f154598db79,20260916,0.10.0,858,supply,demands,False,7,7,D5,13,BASE,POWER,56.7,J000011,1,1,56.7
m3-periodic,ee0bec387c023d5d0ab8464c286e0564fdf9e899852c4db249384f154598db79,20260916,0.10.0,858,supply,demands,False,7,7,D6,14,BASE,POWER,56.800000000000004,J000010,1,1,56.800000000000004
m3-periodic,ee0bec387c023d5d0ab8464c286e0564fdf9e899852c4db249384f154598db79,20260916,0.10.0,858,supply,demands,False,7,7,D7,15,BASE,POWER,60.7,J000014,1,1,64.5
m3-periodic,ee0bec387c023d5d0ab8464c286e0564fdf9e899852c4db249384f154598db79,20260916,0.10.0,860,supply,demands,False,3,3,D1,3,BASE,POWER,32.7,J000004,1,1,32.7
m3-periodic,ee0bec387c023d5d0ab8464c286e0564fdf9e899852c4db249384f154598db79,20260916,0.10.0,860,supply,demands,False,3,3,D2,6,BASE,POWER,56.7,J000007,1,1,56.7
m3-periodic,ee0bec387c023d5d0ab8464c286e0564fdf9e899852c4db249384f154598db79,20260916,0.10.0,860,supply,demands,False,3,3,D3,7,BASE,POWER,60.800000000000004,J000009,1,1,60.800000000000004
m3-periodic,ee0bec387c023d5d0ab8464c286e0564fdf9e899852c4db249384f154598db79,20260916,0.10.0,861,supply,demands,False,4,4,D1,3,BASE,POWER,16.505814948190388,J000001,1,1,16.505814948190388
m3-periodic,ee0bec387c023d5d0ab8464c286e0564fdf9e899852c4db249384f154598db79,20260916,0.10.0,861,supply,demands,False,4,4,D2,6,BASE,POWER,32.7,J000006,1,1,32.7
m3-periodic,ee0bec387c023d5d0ab8464c286e0564fdf9e899852c4db249384f154598db79,20260916,0.10.0,861,supply,demands,False,4,4,D3,9,BASE,POWER,56.800000000000004,J000008,1,1,56.800000000000004
m3-periodic,ee0bec387c023d5d0ab8464c286e0564fdf9e899852c4db249384f154598db79,20260916,0.10.0,861,supply,demands,False,4,4,D4,10,BASE,POWER,60.800000000000004,J000011,1,1,60.800000000000004
m3-periodic,ee0bec387c023d5d0ab8464c286e0564fdf9e899852c4db249384f154598db79,20260916,0.10.0,862,supply,demands,False,5,5,D1,3,BASE,POWER,16.700000000000003,J000002,1,1,16.700000000000003
m3-periodic,ee0bec387c023d5d0ab8464c286e0564fdf9e899852c4db249384f154598db79,20260916,0.10.0,862,supply,demands,False,5,5,D2,4,BASE,POWER,16.800000000000004,J000001,1,1,16.800000000000004
m3-periodic,ee0bec387c023d5d0ab8464c286e0564fdf9e899852c4db249384f154598db79,20260916,0.10.0,862,supply,demands,False,5,5,D3,7,BASE,POWER,32.7,J000006,1,1,32.7
m3-periodic,ee0bec387c023d5d0ab8464c286e0564fdf9e899852c4db249384f154598db79,20260916,0.10.0,862,supply,demands,False,5,5,D4,8,BASE,POWER,39.491333316435146,J000008,1,1,39.491333316435146
m3-periodic,ee0bec387c023d5d0ab8464c286e0564fdf9e899852c4db249384f154598db79,20260916,0.10.0,862,supply,demands,False,5,5,D5,11,BASE,POWER,60.7,J000012,1,1,60.7
m3-periodic,ee0bec387c023d5d0ab8464c286e0564fdf9e899852c4db249384f154598db79,20260916,0.10.0,863,supply,demands,False,6,6,D1,3,BASE,POWER,16.700000000000003,J000002,1,1,16.700000000000003
m3-periodic,ee0bec387c023d5d0ab8464c286e0564fdf9e899852c4db249384f154598db79,20260916,0.10.0,863,supply,demands,False,6,6,D2,6,BASE,POWER,32.7,J000005,1,1,32.7
m3-periodic,ee0bec387c023d5d0ab8464c286e0564fdf9e899852c4db249384f154598db79,20260916,0.10.0,863,supply,demands,False,6,6,D3,9,BASE,POWER,56.7,J000008,1,1,56.7
m3-periodic,ee0bec387c023d5d0ab8464c286e0564fdf9e899852c4db249384f154598db79,20260916,0.10.0,863,supply,demands,False,6,6,D4,10,BASE,POWER,56.800000000000004,J000007,1,1,56.800000000000004
m3-periodic,ee0bec387c023d5d0ab8464c286e0564fdf9e899852c4db249384f154598db79,20260916,0.10.0,863,supply,demands,False,6,6,D5,11,BASE,POWER,60.7,J000012,1,1,64.5
m3-periodic,ee0bec387c023d5d0ab8464c286e0564fdf9e899852c4db249384f154598db79,20260916,0.10.0,863,supply,demands,False,6,6,D6,12,BASE,POWER,60.800000000000004,J000011,1,1,64.5
m3-periodic,ee0bec387c023d5d0ab8464c286e0564fdf9e899852c4db249384f154598db79,20260916,0.10.0,864,supply,demands,False,3,3,D1,3,BASE,POWER,16.800000000000004,J000001,1,1,16.800000000000004
m3-periodic,ee0bec387c023d5d0ab8464c286e0564fdf9e899852c4db249384f154598db79,20260916,0.10.0,864,supply,demands,False,3,3,D2,6,BASE,POWER,56.800000000000004,J000007,1,1,56.800000000000004
m3-periodic,ee0bec387c023d5d0ab8464c286e0564fdf9e899852c4db249384f154598db79,20260916,0.10.0,864,supply,demands,False,3,3,D3,7,BASE,POWER,60.7,J000010,1,1,60.7
m3-periodic,ee0bec387c023d5d0ab8464c286e0564fdf9e899852c4db249384f154598db79,20260916,0.10.0,865,supply,demands,False,3,3,D1,3,BASE,POWER,32.7,J000004,1,1,32.7
m3-periodic,ee0bec387c023d5d0ab8464c286e0564fdf9e899852c4db249384f154598db79,20260916,0.10.0,865,supply,demands,False,3,3,D2,6,BASE,POWER,56.800000000000004,J000006,1,1,56.800000000000004
m3-periodic,ee0bec387c023d5d0ab8464c286e0564fdf9e899852c4db249384f154598db79,20260916,0.10.0,865,supply,demands,False,3,3,D3,7,BASE,POWER,60.7,J000010,1,1,60.7
m3-periodic,ee0bec387c023d5d0ab8464c286e0564fdf9e899852c4db249384f154598db79,20260916,0.10.0,866,supply,demands,False,6,6,D1,3,BASE,POWER,32.7,J000004,1,1,32.7
m3-periodic,ee0bec387c023d5d0ab8464c286e0564fdf9e899852c4db249384f154598db79,20260916,0.10.0,866,supply,demands,False,6,6,D2,4,BASE,POWER,36.4014649152015,J000006,1,1,36.4014649152015
m3-periodic,ee0bec387c023d5d0ab8464c286e0564fdf9e899852c4db249384f154598db79,20260916,0.10.0,866,supply,demands,False,6,6,D3,7,BASE,POWER,40.7,J000008,1,1,40.7
m3-periodic,ee0bec387c023d5d0ab8464c286e0564fdf9e899852c4db249384f154598db79,20260916,0.10.0,866,supply,demands,False,6,6,D4,10,BASE,POWER,56.7,J000010,1,1,56.7
m3-periodic,ee0bec387c023d5d0ab8464c286e0564fdf9e899852c4db249384f154598db79,20260916,0.10.0,866,supply,demands,False,6,6,D5,11,BASE,POWER,60.7,J000012,1,1,60.7
m3-periodic,ee0bec387c023d5d0ab8464c286e0564fdf9e899852c4db249384f154598db79,20260916,0.10.0,866,supply,demands,False,6,6,D6,14,BASE,POWER,64.69999999999999,J000014,1,1,64.69999999999999
m3-periodic,ee0bec387c023d5d0ab8464c286e0564fdf9e899852c4db249384f154598db79,20260916,0.10.0,867,supply,demands,False,3,3,D1,3,BASE,POWER,32.7,J000004,1,1,32.7
m3-periodic,ee0bec387c023d5d0ab8464c286e0564fdf9e899852c4db249384f154598db79,20260916,0.10.0,867,supply,demands,False,3,3,D2,6,BASE,POWER,56.7,J000007,1,1,56.7
m3-periodic,ee0bec387c023d5d0ab8464c286e0564fdf9e899852c4db249384f154598db79,20260916,0.10.0,867,supply,demands,False,3,3,D3,7,BASE,POWER,60.7,J000010,1,1,60.7
m3-periodic,ee0bec387c023d5d0ab8464c286e0564fdf9e899852c4db249384f154598db79,20260916,0.10.0,868,supply,demands,False,6,6,D1,3,BASE,POWER,16.700000000000003,J000002,1,1,16.700000000000003
m3-periodic,ee0bec387c023d5d0ab8464c286e0564fdf9e899852c4db249384f154598db79,20260916,0.10.0,868,supply,demands,False,6,6,D2,4,BASE,POWER,16.800000000000004,J000001,1,1,16.800000000000004
m3-periodic,ee0bec387c023d5d0ab8464c286e0564fdf9e899852c4db249384f154598db79,20260916,0.10.0,868,supply,demands,False,6,6,D3,7,BASE,POWER,32.7,J000006,1,1,32.7
m3-periodic,ee0bec387c023d5d0ab8464c286e0564fdf9e899852c4db249384f154598db79,20260916,0.10.0,868,supply,demands,False,6,6,D4,8,BASE,POWER,32.800000000000004,J000005,1,1,32.800000000000004
m3-periodic,ee0bec387c023d5d0ab8464c286e0564fdf9e899852c4db249384f154598db79,20260916,0.10.0,868,supply,demands,False,6,6,D5,11,BASE,POWER,56.7,J000010,1,1,56.7
m3-periodic,ee0bec387c023d5d0ab8464c286e0564fdf9e899852c4db249384f154598db79,20260916,0.10.0,868,supply,demands,False,6,6,D6,12,BASE,POWER,56.800000000000004,J000009,1,1,56.800000000000004
m3-periodic,ee0bec387c023d5d0ab8464c286e0564fdf9e899852c4db249384f154598db79,20260916,0.10.0,869,supply,demands,False,7,7,D1,3,BASE,POWER,16.800000000000004,J000001,1,1,16.800000000000004
m3-periodic,ee0bec387c023d5d0ab8464c286e0564fdf9e899852c4db249384f154598db79,20260916,0.10.0,869,supply,demands,False,7,7,D2,6,BASE,POWER,32.7,J000005,1,1,32.7
m3-periodic,ee0bec387c023d5d0ab8464c286e0564fdf9e899852c4db249384f154598db79,20260916,0.10.0,869,supply,demands,False,7,7,D3,7,BASE,POWER,32.800000000000004,J000004,1,1,32.800000000000004
m3-periodic,ee0bec387c023d5d0ab8464c286e0564fdf9e899852c4db249384f154598db79,20260916,0.10.0,869,supply,demands,False,7,7,D4,10,BASE,POWER,56.09941735917323,J000009,1,1,56.09941735917323
m3-periodic,ee0bec387c023d5d0ab8464c286e0564fdf9e899852c4db249384f154598db79,20260916,0.10.0,869,supply,demands,False,7,7,D5,11,BASE,POWER,56.19941735917323,J000010,1,1,56.19941735917323
m3-periodic,ee0bec387c023d5d0ab8464c286e0564fdf9e899852c4db249384f154598db79,20260916,0.10.0,869,supply,demands,False,7,7,D6,12,BASE,POWER,60.7,J000014,1,1,64.5
m3-periodic,ee0bec387c023d5d0ab8464c286e0564fdf9e899852c4db249384f154598db79,20260916,0.10.0,869,supply,demands,False,7,7,D7,13,BASE,POWER,60.800000000000004,J000013,1,1,64.5
m3-periodic,ee0bec387c023d5d0ab8464c286e0564fdf9e899852c4db249384f154598db79,20260916,0.10.0,870,supply,demands,False,4,4,D1,3,BASE,POWER,32.800000000000004,J000002,1,1,32.800000000000004
m3-periodic,ee0bec387c023d5d0ab8464c286e0564fdf9e899852c4db249384f154598db79,20260916,0.10.0,870,supply,demands,False,4,4,D2,4,BASE,POWER,36.7,J000006,1,1,36.7
m3-periodic,ee0bec387c023d5d0ab8464c286e0564fdf9e899852c4db249384f154598db79,20260916,0.10.0,870,supply,demands,False,4,4,D3,7,BASE,POWER,60.7,J000009,1,1,60.7
m3-periodic,ee0bec387c023d5d0ab8464c286e0564fdf9e899852c4db249384f154598db79,20260916,0.10.0,870,supply,demands,False,4,4,D4,10,BASE,POWER,64.79999999999998,J000011,1,1,64.79999999999998
m3-periodic,ee0bec387c023d5d0ab8464c286e0564fdf9e899852c4db249384f154598db79,20260916,0.10.0,871,supply,demands,False,5,5,D1,3,BASE,POWER,16.700000000000003,J000002,1,1,16.700000000000003
m3-periodic,ee0bec387c023d5d0ab8464c286e0564fdf9e899852c4db249384f154598db79,20260916,0.10.0,871,supply,demands,False,5,5,D2,4,BASE,POWER,16.800000000000004,J000001,1,1,16.800000000000004
m3-periodic,ee0bec387c023d5d0ab8464c286e0564fdf9e899852c4db249384f154598db79,20260916,0.10.0,871,supply,demands,False,5,5,D3,7,BASE,POWER,32.7,J000006,1,1,32.7
m3-periodic,ee0bec387c023d5d0ab8464c286e0564fdf9e899852c4db249384f154598db79,20260916,0.10.0,871,supply,demands,False,5,5,D4,8,BASE,POWER,32.800000000000004,J000005,1,1,32.800000000000004
m3-periodic,ee0bec387c023d5d0ab8464c286e0564fdf9e899852c4db249384f154598db79,20260916,0.10.0,871,supply,demands,False,5,5,D5,11,BASE,POWER,56.7,J000011,1,1,56.7
m3-periodic,ee0bec387c023d5d0ab8464c286e0564fdf9e899852c4db249384f154598db79,20260916,0.10.0,872,supply,demands,False,5,5,D1,3,BASE,POWER,16.700000000000003,J000003,1,1,16.700000000000003
m3-periodic,ee0bec387c023d5d0ab8464c286e0564fdf9e899852c4db249384f154598db79,20260916,0.10.0,872,supply,demands,False,5,5,D2,4,BASE,POWER,16.800000000000004,J000002,1,1,16.800000000000004
m3-periodic,ee0bec387c023d5d0ab8464c286e0564fdf9e899852c4db249384f154598db79,20260916,0.10.0,872,supply,demands,False,5,5,D3,7,BASE,POWER,32.7,J000006,1,1,32.7
m3-periodic,ee0bec387c023d5d0ab8464c286e0564fdf9e899852c4db249384f154598db79,20260916,0.10.0,872,supply,demands,False,5,5,D4,10,BASE,POWER,40.7,J000008,1,1,40.7
m3-periodic,ee0bec387c023d5d0ab8464c286e0564fdf9e899852c4db249384f154598db79,20260916,0.10.0,872,supply,demands,False,5,5,D5,13,BASE,POWER,60.7,J000012,1,1,60.7
m3-periodic,ee0bec387c023d5d0ab8464c286e0564fdf9e899852c4db249384f154598db79,20260916,0.10.0,873,supply,demands,False,5,5,D1,3,BASE,POWER,11.833148459838903,J000001,1,1,11.833148459838903
m3-periodic,ee0bec387c023d5d0ab8464c286e0564fdf9e899852c4db249384f154598db79,20260916,0.10.0,873,supply,demands,False,5,5,D2,6,BASE,POWER,16.700000000000003,J000004,1,1,16.700000000000003
m3-periodic,ee0bec387c023d5d0ab8464c286e0564fdf9e899852c4db249384f154598db79,20260916,0.10.0,873,supply,demands,False,5,5,D3,7,BASE,POWER,16.800000000000004,J000003,1,1,16.800000000000004
m3-periodic,ee0bec387c023d5d0ab8464c286e0564fdf9e899852c4db249384f154598db79,20260916,0.10.0,873,supply,demands,False,5,5,D4,10,BASE,POWER,36.7,J000008,1,1,36.7
m3-periodic,ee0bec387c023d5d0ab8464c286e0564fdf9e899852c4db249384f154598db79,20260916,0.10.0,873,supply,demands,False,5,5,D5,13,BASE,POWER,56.7,J000011,1,1,56.7
m3-periodic,ee0bec387c023d5d0ab8464c286e0564fdf9e899852c4db249384f154598db79,20260916,0.10.0,874,supply,demands,False,4,4,D1,3,BASE,POWER,16.800000000000004,J000002,1,1,16.800000000000004
m3-periodic,ee0bec387c023d5d0ab8464c286e0564fdf9e899852c4db249384f154598db79,20260916,0.10.0,874,supply,demands,False,4,4,D2,6,BASE,POWER,32.7,J000005,1,1,32.7
m3-periodic,ee0bec387c023d5d0ab8464c286e0564fdf9e899852c4db249384f154598db79,20260916,0.10.0,874,supply,demands,False,4,4,D3,9,BASE,POWER,40.7,J000007,1,1,40.7
m3-periodic,ee0bec387c023d5d0ab8464c286e0564fdf9e899852c4db249384f154598db79,20260916,0.10.0,874,supply,demands,False,4,4,D4,12,BASE,POWER,56.800000000000004,J000009,1,1,56.800000000000004
m3-periodic,ee0bec387c023d5d0ab8464c286e0564fdf9e899852c4db249384f154598db79,20260916,0.10.0,875,supply,demands,False,4,4,D1,3,BASE,POWER,16.800000000000004,J000001,1,1,16.800000000000004
m3-periodic,ee0bec387c023d5d0ab8464c286e0564fdf9e899852c4db249384f154598db79,20260916,0.10.0,875,supply,demands,False,4,4,D2,6,BASE,POWER,32.7,J000005,1,1,32.7
m3-periodic,ee0bec387c023d5d0ab8464c286e0564fdf9e899852c4db249384f154598db79,20260916,0.10.0,875,supply,demands,False,4,4,D3,9,BASE,POWER,60.7,J000010,1,1,60.7
m3-periodic,ee0bec387c023d5d0ab8464c286e0564fdf9e899852c4db249384f154598db79,20260916,0.10.0,875,supply,demands,False,4,4,D4,10,BASE,POWER,60.800000000000004,J000009,1,1,60.800000000000004
m3-periodic,ee0bec387c023d5d0ab8464c286e0564fdf9e899852c4db249384f154598db79,20260916,0.10.0,876,supply,demands,False,5,5,D1,3,BASE,POWER,16.700000000000003,J000002,1,1,16.700000000000003
m3-periodic,ee0bec387c023d5d0ab8464c286e0564fdf9e899852c4db249384f154598db79,20260916,0.10.0,876,supply,demands,False,5,5,D2,4,BASE,POWER,16.800000000000004,J000001,1,1,16.800000000000004
m3-periodic,ee0bec387c023d5d0ab8464c286e0564fdf9e899852c4db249384f154598db79,20260916,0.10.0,876,supply,demands,False,5,5,D3,7,BASE,POWER,32.7,J000006,1,1,32.7
m3-periodic,ee0bec387c023d5d0ab8464c286e0564fdf9e899852c4db249384f154598db79,20260916,0.10.0,876,supply,demands,False,5,5,D4,8,BASE,POWER,32.800000000000004,J000005,1,1,32.800000000000004
m3-periodic,ee0bec387c023d5d0ab8464c286e0564fdf9e899852c4db249384f154598db79,20260916,0.10.0,876,supply,demands,False,5,5,D5,11,BASE,POWER,56.800000000000004,J000009,1,1,56.800000000000004
m3-periodic,ee0bec387c023d5d0ab8464c286e0564fdf9e899852c4db249384f154598db79,20260916,0.10.0,877,supply,demands,False,5,5,D1,3,BASE,POWER,16.700000000000003,J000002,1,1,16.700000000000003
m3-periodic,ee0bec387c023d5d0ab8464c286e0564fdf9e899852c4db249384f154598db79,20260916,0.10.0,877,supply,demands,False,5,5,D2,4,BASE,POWER,16.800000000000004,J000001,1,1,16.800000000000004
m3-periodic,ee0bec387c023d5d0ab8464c286e0564fdf9e899852c4db249384f154598db79,20260916,0.10.0,877,supply,demands,False,5,5,D3,7,BASE,POWER,32.800000000000004,J000005,1,1,32.800000000000004
m3-periodic,ee0bec387c023d5d0ab8464c286e0564fdf9e899852c4db249384f154598db79,20260916,0.10.0,877,supply,demands,False,5,5,D4,10,BASE,POWER,56.7,J000009,1,1,56.7
m3-periodic,ee0bec387c023d5d0ab8464c286e0564fdf9e899852c4db249384f154598db79,20260916,0.10.0,877,supply,demands,False,5,5,D5,11,BASE,POWER,60.7,J000012,1,1,60.7
m3-periodic,ee0bec387c023d5d0ab8464c286e0564fdf9e899852c4db249384f154598db79,20260916,0.10.0,878,supply,demands,False,6,6,D1,3,BASE,POWER,16.700000000000003,J000002,1,1,16.700000000000003
m3-periodic,ee0bec387c023d5d0ab8464c286e0564fdf9e899852c4db249384f154598db79,20260916,0.10.0,878,supply,demands,False,6,6,D2,4,BASE,POWER,16.800000000000004,J000001,1,1,16.800000000000004
m3-periodic,ee0bec387c023d5d0ab8464c286e0564fdf9e899852c4db249384f154598db79,20260916,0.10.0,878,supply,demands,False,6,6,D3,7,BASE,POWER,32.7,J000006,1,1,32.7
m3-periodic,ee0bec387c023d5d0ab8464c286e0564fdf9e899852c4db249384f154598db79,20260916,0.10.0,878,supply,demands,False,6,6,D4,10,BASE,POWER,56.800000000000004,J000008,1,1,56.800000000000004
m3-periodic,ee0bec387c023d5d0ab8464c286e0564fdf9e899852c4db249384f154598db79,20260916,0.10.0,878,supply,demands,False,6,6,D5,11,BASE,POWER,59.67416689912466,J000011,1,1,59.67416689912466
m3-periodic,ee0bec387c023d5d0ab8464c286e0564fdf9e899852c4db249384f154598db79,20260916,0.10.0,878,supply,demands,False,6,6,D6,12,BASE,POWER,59.77416689912466,J000013,1,1,64.5
m3-periodic,ee0bec387c023d5d0ab8464c286e0564fdf9e899852c4db249384f154598db79,20260916,0.10.0,879,supply,demands,False,4,4,D1,3,BASE,POWER,16.700000000000003,J000002,1,1,16.700000000000003
m3-periodic,ee0bec387c023d5d0ab8464c286e0564fdf9e899852c4db249384f154598db79,20260916,0.10.0,879,supply,demands,False,4,4,D2,4,BASE,POWER,16.800000000000004,J000001,1,1,16.800000000000004
m3-periodic,ee0bec387c023d5d0ab8464c286e0564fdf9e899852c4db249384f154598db79,20260916,0.10.0,879,supply,demands,False,4,4,D3,7,BASE,POWER,32.7,J000006,1,1,32.7
m3-periodic,ee0bec387c023d5d0ab8464c286e0564fdf9e899852c4db249384f154598db79,20260916,0.10.0,879,supply,demands,False,4,4,D4,10,BASE,POWER,56.0196500899622,J000009,1,1,56.0196500899622
m3-periodic,ee0bec387c023d5d0ab8464c286e0564fdf9e899852c4db249384f154598db79,20260916,0.10.0,880,supply,demands,False,4,4,D1,3,BASE,POWER,32.7,J000004,1,1,32.7
m3-periodic,ee0bec387c023d5d0ab8464c286e0564fdf9e899852c4db249384f154598db79,20260916,0.10.0,880,supply,demands,False,4,4,D2,4,BASE,POWER,32.800000000000004,J000003,1,1,32.800000000000004
m3-periodic,ee0bec387c023d5d0ab8464c286e0564fdf9e899852c4db249384f154598db79,20260916,0.10.0,880,supply,demands,False,4,4,D3,7,BASE,POWER,56.7,J000008,1,1,56.7
m3-periodic,ee0bec387c023d5d0ab8464c286e0564fdf9e899852c4db249384f154598db79,20260916,0.10.0,880,supply,demands,False,4,4,D4,8,BASE,POWER,56.800000000000004,J000007,1,1,56.800000000000004
m3-periodic,ee0bec387c023d5d0ab8464c286e0564fdf9e899852c4db249384f154598db79,20260916,0.10.0,881,supply,demands,False,5,5,D1,3,BASE,POWER,16.800000000000004,J000001,1,1,16.800000000000004
m3-periodic,ee0bec387c023d5d0ab8464c286e0564fdf9e899852c4db249384f154598db79,20260916,0.10.0,881,supply,demands,False,5,5,D2,6,BASE,POWER,32.7,J000005,1,1,32.7
m3-periodic,ee0bec387c023d5d0ab8464c286e0564fdf9e899852c4db249384f154598db79,20260916,0.10.0,881,supply,demands,False,5,5,D3,9,BASE,POWER,56.7,J000008,1,1,56.7
m3-periodic,ee0bec387c023d5d0ab8464c286e0564fdf9e899852c4db249384f154598db79,20260916,0.10.0,881,supply,demands,False,5,5,D4,10,BASE,POWER,56.800000000000004,J000007,1,1,56.800000000000004
m3-periodic,ee0bec387c023d5d0ab8464c286e0564fdf9e899852c4db249384f154598db79,20260916,0.10.0,881,supply,demands,False,5,5,D5,11,BASE,POWER,60.800000000000004,J000011,1,1,64.5
m3-periodic,ee0bec387c023d5d0ab8464c286e0564fdf9e899852c4db249384f154598db79,20260916,0.10.0,882,supply,demands,False,4,4,D1,3,BASE,POWER,16.700000000000003,J000003,1,1,16.700000000000003
m3-periodic,ee0bec387c023d5d0ab8464c286e0564fdf9e899852c4db249384f154598db79,20260916,0.10.0,882,supply,demands,False,4,4,D2,4,BASE,POWER,16.800000000000004,J000002,1,1,16.800000000000004
m3-periodic,ee0bec387c023d5d0ab8464c286e0564fdf9e899852c4db249384f154598db79,20260916,0.10.0,882,supply,demands,False,4,4,D3,7,BASE,POWER,32.7,J000006,1,1,32.7
m3-periodic,ee0bec387c023d5d0ab8464c286e0564fdf9e899852c4db249384f154598db79,20260916,0.10.0,882,supply,demands,False,4,4,D4,10,BASE,POWER,56.7,J000011,1,1,56.7
m3-periodic,ee0bec387c023d5d0ab8464c286e0564fdf9e899852c4db249384f154598db79,20260916,0.10.0,883,supply,demands,False,8,8,D1,3,BASE,POWER,16.700000000000003,J000002,1,1,16.700000000000003
m3-periodic,ee0bec387c023d5d0ab8464c286e0564fdf9e899852c4db249384f154598db79,20260916,0.10.0,883,supply,demands,False,8,8,D2,4,BASE,POWER,16.800000000000004,J000001,1,1,16.800000000000004
m3-periodic,ee0bec387c023d5d0ab8464c286e0564fdf9e899852c4db249384f154598db79,20260916,0.10.0,883,supply,demands,False,8,8,D3,7,BASE,POWER,32.7,J000006,1,1,32.7
m3-periodic,ee0bec387c023d5d0ab8464c286e0564fdf9e899852c4db249384f154598db79,20260916,0.10.0,883,supply,demands,False,8,8,D4,8,BASE,POWER,32.800000000000004,J000005,1,1,32.800000000000004
m3-periodic,ee0bec387c023d5d0ab8464c286e0564fdf9e899852c4db249384f154598db79,20260916,0.10.0,883,supply,demands,False,8,8,D5,11,BASE,POWER,56.7,J000010,1,1,56.7
m3-periodic,ee0bec387c023d5d0ab8464c286e0564fdf9e899852c4db249384f154598db79,20260916,0.10.0,883,supply,demands,False,8,8,D6,12,BASE,POWER,60.7,J000013,1,1,60.7
m3-periodic,ee0bec387c023d5d0ab8464c286e0564fdf9e899852c4db249384f154598db79,20260916,0.10.0,883,supply,demands,False,8,8,D7,13,BASE,POWER,60.800000000000004,J000012,1,1,64.5
m3-periodic,ee0bec387c023d5d0ab8464c286e0564fdf9e899852c4db249384f154598db79,20260916,0.10.0,883,supply,demands,False,8,8,D8,14,BASE,POWER,63.553952348637914,J000016,1,1,64.5
m3-periodic,ee0bec387c023d5d0ab8464c286e0564fdf9e899852c4db249384f154598db79,20260916,0.10.0,884,supply,demands,False,6,6,D1,3,BASE,POWER,16.700000000000003,J000002,1,1,16.700000000000003
m3-periodic,ee0bec387c023d5d0ab8464c286e0564fdf9e899852c4db249384f154598db79,20260916,0.10.0,884,supply,demands,False,6,6,D2,4,BASE,POWER,16.800000000000004,J000001,1,1,16.800000000000004
m3-periodic,ee0bec387c023d5d0ab8464c286e0564fdf9e899852c4db249384f154598db79,20260916,0.10.0,884,supply,demands,False,6,6,D3,7,BASE,POWER,32.7,J000006,1,1,32.7
m3-periodic,ee0bec387c023d5d0ab8464c286e0564fdf9e899852c4db249384f154598db79,20260916,0.10.0,884,supply,demands,False,6,6,D4,8,BASE,POWER,32.800000000000004,J000005,1,1,32.800000000000004
m3-periodic,ee0bec387c023d5d0ab8464c286e0564fdf9e899852c4db249384f154598db79,20260916,0.10.0,884,supply,demands,False,6,6,D5,11,BASE,POWER,56.7,J000010,1,1,56.7
m3-periodic,ee0bec387c023d5d0ab8464c286e0564fdf9e899852c4db249384f154598db79,20260916,0.10.0,884,supply,demands,False,6,6,D6,12,BASE,POWER,60.800000000000004,J000012,1,1,60.800000000000004
m3-periodic,ee0bec387c023d5d0ab8464c286e0564fdf9e899852c4db249384f154598db79,20260916,0.10.0,885,supply,demands,False,6,6,D1,3,BASE,POWER,16.700000000000003,J000002,1,1,16.700000000000003
m3-periodic,ee0bec387c023d5d0ab8464c286e0564fdf9e899852c4db249384f154598db79,20260916,0.10.0,885,supply,demands,False,6,6,D2,4,BASE,POWER,16.800000000000004,J000001,1,1,16.800000000000004
m3-periodic,ee0bec387c023d5d0ab8464c286e0564fdf9e899852c4db249384f154598db79,20260916,0.10.0,885,supply,demands,False,6,6,D3,7,BASE,POWER,32.7,J000006,1,1,32.7
m3-periodic,ee0bec387c023d5d0ab8464c286e0564fdf9e899852c4db249384f154598db79,20260916,0.10.0,885,supply,demands,False,6,6,D4,8,BASE,POWER,32.800000000000004,J000005,1,1,32.800000000000004
m3-periodic,ee0bec387c023d5d0ab8464c286e0564fdf9e899852c4db249384f154598db79,20260916,0.10.0,885,supply,demands,False,6,6,D5,11,BASE,POWER,56.800000000000004,J000009,1,1,56.800000000000004
m3-periodic,ee0bec387c023d5d0ab8464c286e0564fdf9e899852c4db249384f154598db79,20260916,0.10.0,885,supply,demands,False,6,6,D6,12,BASE,POWER,60.04197436960832,J000013,1,1,60.04197436960832
m3-periodic,ee0bec387c023d5d0ab8464c286e0564fdf9e899852c4db249384f154598db79,20260916,0.10.0,886,supply,demands,False,8,8,D1,3,BASE,POWER,7.448644884134085,J000001,1,1,7.448644884134085
m3-periodic,ee0bec387c023d5d0ab8464c286e0564fdf9e899852c4db249384f154598db79,20260916,0.10.0,886,supply,demands,False,8,8,D2,6,BASE,POWER,10.943549620640884,J000003,1,1,10.943549620640884
m3-periodic,ee0bec387c023d5d0ab8464c286e0564fdf9e899852c4db249384f154598db79,20260916,0.10.0,886,supply,demands,False,8,8,D3,9,BASE,POWER,32.7,J000006,1,1,32.7
m3-periodic,ee0bec387c023d5d0ab8464c286e0564fdf9e899852c4db249384f154598db79,20260916,0.10.0,886,supply,demands,False,8,8,D4,10,BASE,POWER,36.7,J000008,1,1,36.7
m3-periodic,ee0bec387c023d5d0ab8464c286e0564fdf9e899852c4db249384f154598db79,20260916,0.10.0,886,supply,demands,False,8,8,D5,13,BASE,POWER,40.7,J000010,1,1,40.7
m3-periodic,ee0bec387c023d5d0ab8464c286e0564fdf9e899852c4db249384f154598db79,20260916,0.10.0,886,supply,demands,False,8,8,D6,16,BASE,POWER,60.43119351573666,J000013,1,1,60.43119351573666
m3-periodic,ee0bec387c023d5d0ab8464c286e0564fdf9e899852c4db249384f154598db79,20260916,0.10.0,886,supply,demands,False,8,8,D7,17,BASE,POWER,60.53119351573666,J000014,1,1,60.53119351573666
m3-periodic,ee0bec387c023d5d0ab8464c286e0564fdf9e899852c4db249384f154598db79,20260916,0.10.0,886,supply,demands,False,8,8,D8,20,BASE,POWER,64.69999999999999,J000017,1,1,64.69999999999999
m3-periodic,ee0bec387c023d5d0ab8464c286e0564fdf9e899852c4db249384f154598db79,20260916,0.10.0,887,supply,demands,False,3,3,D1,3,BASE,POWER,16.800000000000004,J000001,1,1,16.800000000000004
m3-periodic,ee0bec387c023d5d0ab8464c286e0564fdf9e899852c4db249384f154598db79,20260916,0.10.0,887,supply,demands,False,3,3,D2,6,BASE,POWER,32.800000000000004,J000004,1,1,32.800000000000004
m3-periodic,ee0bec387c023d5d0ab8464c286e0564fdf9e899852c4db249384f154598db79,20260916,0.10.0,887,supply,demands,False,3,3,D3,9,BASE,POWER,60.7,J000010,1,1,60.7
m3-periodic,ee0bec387c023d5d0ab8464c286e0564fdf9e899852c4db249384f154598db79,20260916,0.10.0,888,supply,demands,False,6,6,D1,3,BASE,POWER,8.7,J000001,1,1,8.7
m3-periodic,ee0bec387c023d5d0ab8464c286e0564fdf9e899852c4db249384f154598db79,20260916,0.10.0,888,supply,demands,False,6,6,D2,6,BASE,POWER,16.3512970685464,J000003,1,1,16.3512970685464
m3-periodic,ee0bec387c023d5d0ab8464c286e0564fdf9e899852c4db249384f154598db79,20260916,0.10.0,888,supply,demands,False,6,6,D3,9,BASE,POWER,32.800000000000004,J000006,1,1,32.800000000000004
m3-periodic,ee0bec387c023d5d0ab8464c286e0564fdf9e899852c4db249384f154598db79,20260916,0.10.0,888,supply,demands,False,6,6,D4,12,BASE,POWER,56.7,J000010,1,1,56.7
m3-periodic,ee0bec387c023d5d0ab8464c286e0564fdf9e899852c4db249384f154598db79,20260916,0.10.0,888,supply,demands,False,6,6,D5,13,BASE,POWER,56.800000000000004,J000009,1,1,56.800000000000004
m3-periodic,ee0bec387c023d5d0ab8464c286e0564fdf9e899852c4db249384f154598db79,20260916,0.10.0,888,supply,demands,False,6,6,D6,14,BASE,POWER,59.4890307795521,J000013,1,1,64.5
m3-periodic,ee0bec387c023d5d0ab8464c286e0564fdf9e899852c4db249384f154598db79,20260916,0.10.0,889,supply,demands,False,4,4,D1,3,BASE,POWER,16.700000000000003,J000002,1,1,16.700000000000003
m3-periodic,ee0bec387c023d5d0ab8464c286e0564fdf9e899852c4db249384f154598db79,20260916,0.10.0,889,supply,demands,False,4,4,D2,6,BASE,POWER,32.7,J000005,1,1,32.7
m3-periodic,ee0bec387c023d5d0ab8464c286e0564fdf9e899852c4db249384f154598db79,20260916,0.10.0,889,supply,demands,False,4,4,D3,7,BASE,POWER,32.800000000000004,J000004,1,1,32.800000000000004
m3-periodic,ee0bec387c023d5d0ab8464c286e0564fdf9e899852c4db249384f154598db79,20260916,0.10.0,889,supply,demands,False,4,4,D4,10,BASE,POWER,60.7,J000011,1,1,60.7
m3-periodic,ee0bec387c023d5d0ab8464c286e0564fdf9e899852c4db249384f154598db79,20260916,0.10.0,890,supply,demands,False,2,2,D1,3,BASE,POWER,16.700000000000003,J000002,1,1,16.700000000000003
m3-periodic,ee0bec387c023d5d0ab8464c286e0564fdf9e899852c4db249384f154598db79,20260916,0.10.0,890,supply,demands,False,2,2,D2,6,BASE,POWER,56.800000000000004,J000006,1,1,56.800000000000004
m3-periodic,ee0bec387c023d5d0ab8464c286e0564fdf9e899852c4db249384f154598db79,20260916,0.10.0,891,supply,demands,False,4,4,D1,3,BASE,POWER,16.700000000000003,J000002,1,1,16.700000000000003
m3-periodic,ee0bec387c023d5d0ab8464c286e0564fdf9e899852c4db249384f154598db79,20260916,0.10.0,891,supply,demands,False,4,4,D2,6,BASE,POWER,31.960260525504395,J000006,1,1,31.960260525504395
m3-periodic,ee0bec387c023d5d0ab8464c286e0564fdf9e899852c4db249384f154598db79,20260916,0.10.0,891,supply,demands,False,4,4,D3,9,BASE,POWER,60.800000000000004,J000010,1,1,60.800000000000004
m3-periodic,ee0bec387c023d5d0ab8464c286e0564fdf9e899852c4db249384f154598db79,20260916,0.10.0,891,supply,demands,False,4,4,D4,12,BASE,POWER,64.69999999999999,J000013,1,1,64.69999999999999
m3-periodic,ee0bec387c023d5d0ab8464c286e0564fdf9e899852c4db249384f154598db79,20260916,0.10.0,892,supply,demands,False,3,3,D1,3,BASE,POWER,32.800000000000004,J000003,1,1,32.800000000000004
m3-periodic,ee0bec387c023d5d0ab8464c286e0564fdf9e899852c4db249384f154598db79,20260916,0.10.0,892,supply,demands,False,3,3,D2,6,BASE,POWER,56.7,J000007,1,1,56.7
m3-periodic,ee0bec387c023d5d0ab8464c286e0564fdf9e899852c4db249384f154598db79,20260916,0.10.0,892,supply,demands,False,3,3,D3,7,BASE,POWER,60.800000000000004,J000009,1,1,60.800000000000004
m3-periodic,ee0bec387c023d5d0ab8464c286e0564fdf9e899852c4db249384f154598db79,20260916,0.10.0,893,supply,demands,False,3,3,D1,3,BASE,POWER,32.800000000000004,J000003,1,1,32.800000000000004
m3-periodic,ee0bec387c023d5d0ab8464c286e0564fdf9e899852c4db249384f154598db79,20260916,0.10.0,893,supply,demands,False,3,3,D2,6,BASE,POWER,56.7,J000007,1,1,56.7
m3-periodic,ee0bec387c023d5d0ab8464c286e0564fdf9e899852c4db249384f154598db79,20260916,0.10.0,893,supply,demands,False,3,3,D3,7,BASE,POWER,60.800000000000004,J000009,1,1,60.800000000000004
m3-periodic,ee0bec387c023d5d0ab8464c286e0564fdf9e899852c4db249384f154598db79,20260916,0.10.0,894,supply,demands,False,4,4,D1,3,BASE,POWER,16.700000000000003,J000002,1,1,16.700000000000003
m3-periodic,ee0bec387c023d5d0ab8464c286e0564fdf9e899852c4db249384f154598db79,20260916,0.10.0,894,supply,demands,False,4,4,D2,6,BASE,POWER,56.800000000000004,J000006,1,1,56.800000000000004
m3-periodic,ee0bec387c023d5d0ab8464c286e0564fdf9e899852c4db249384f154598db79,20260916,0.10.0,894,supply,demands,False,4,4,D3,7,BASE,POWER,60.7,J000010,1,1,60.7
m3-periodic,ee0bec387c023d5d0ab8464c286e0564fdf9e899852c4db249384f154598db79,20260916,0.10.0,894,supply,demands,False,4,4,D4,8,BASE,POWER,60.800000000000004,J000009,1,1,64.5
m3-periodic,ee0bec387c023d5d0ab8464c286e0564fdf9e899852c4db249384f154598db79,20260916,0.10.0,895,supply,demands,False,5,5,D1,3,BASE,POWER,16.800000000000004,J000001,1,1,16.800000000000004
m3-periodic,ee0bec387c023d5d0ab8464c286e0564fdf9e899852c4db249384f154598db79,20260916,0.10.0,895,supply,demands,False,5,5,D2,6,BASE,POWER,56.7,J000007,1,1,56.7
m3-periodic,ee0bec387c023d5d0ab8464c286e0564fdf9e899852c4db249384f154598db79,20260916,0.10.0,895,supply,demands,False,5,5,D3,7,BASE,POWER,56.800000000000004,J000006,1,1,56.800000000000004
m3-periodic,ee0bec387c023d5d0ab8464c286e0564fdf9e899852c4db249384f154598db79,20260916,0.10.0,895,supply,demands,False,5,5,D4,8,BASE,POWER,60.7,J000011,1,1,64.5
m3-periodic,ee0bec387c023d5d0ab8464c286e0564fdf9e899852c4db249384f154598db79,20260916,0.10.0,895,supply,demands,False,5,5,D5,9,BASE,POWER,60.800000000000004,J000010,1,1,64.5
m3-periodic,ee0bec387c023d5d0ab8464c286e0564fdf9e899852c4db249384f154598db79,20260916,0.10.0,896,supply,demands,False,6,6,D1,3,BASE,POWER,16.700000000000003,J000002,1,1,16.700000000000003
m3-periodic,ee0bec387c023d5d0ab8464c286e0564fdf9e899852c4db249384f154598db79,20260916,0.10.0,896,supply,demands,False,6,6,D2,4,BASE,POWER,16.800000000000004,J000001,1,1,16.800000000000004
m3-periodic,ee0bec387c023d5d0ab8464c286e0564fdf9e899852c4db249384f154598db79,20260916,0.10.0,896,supply,demands,False,6,6,D3,7,BASE,POWER,32.7,J000006,1,1,32.7
m3-periodic,ee0bec387c023d5d0ab8464c286e0564fdf9e899852c4db249384f154598db79,20260916,0.10.0,896,supply,demands,False,6,6,D4,8,BASE,POWER,32.800000000000004,J000005,1,1,32.800000000000004
m3-periodic,ee0bec387c023d5d0ab8464c286e0564fdf9e899852c4db249384f154598db79,20260916,0.10.0,896,supply,demands,False,6,6,D5,11,BASE,POWER,56.800000000000004,J000009,1,1,56.800000000000004
m3-periodic,ee0bec387c023d5d0ab8464c286e0564fdf9e899852c4db249384f154598db79,20260916,0.10.0,896,supply,demands,False,6,6,D6,12,BASE,POWER,60.800000000000004,J000012,1,1,60.800000000000004
m3-periodic,ee0bec387c023d5d0ab8464c286e0564fdf9e899852c4db249384f154598db79,20260916,0.10.0,897,supply,demands,False,6,6,D1,3,BASE,POWER,7.478015633524722,J000001,1,1,7.478015633524722
m3-periodic,ee0bec387c023d5d0ab8464c286e0564fdf9e899852c4db249384f154598db79,20260916,0.10.0,897,supply,demands,False,6,6,D2,6,BASE,POWER,36.7,J000006,1,1,36.7
m3-periodic,ee0bec387c023d5d0ab8464c286e0564fdf9e899852c4db249384f154598db79,20260916,0.10.0,897,supply,demands,False,6,6,D3,9,BASE,POWER,56.7,J000008,1,1,56.7
m3-periodic,ee0bec387c023d5d0ab8464c286e0564fdf9e899852c4db249384f154598db79,20260916,0.10.0,897,supply,demands,False,6,6,D4,10,BASE,POWER,60.7,J000011,1,1,60.7
m3-periodic,ee0bec387c023d5d0ab8464c286e0564fdf9e899852c4db249384f154598db79,20260916,0.10.0,897,supply,demands,False,6,6,D5,11,BASE,POWER,60.800000000000004,J000010,1,1,64.5
m3-periodic,ee0bec387c023d5d0ab8464c286e0564fdf9e899852c4db249384f154598db79,20260916,0.10.0,897,supply,demands,False,6,6,D6,14,BASE,POWER,64.85,J000014,1,1,64.85
m3-periodic,ee0bec387c023d5d0ab8464c286e0564fdf9e899852c4db249384f154598db79,20260916,0.10.0,898,supply,demands,False,4,4,D1,3,BASE,POWER,30.746925666728345,J000004,1,1,30.746925666728345
m3-periodic,ee0bec387c023d5d0ab8464c286e0564fdf9e899852c4db249384f154598db79,20260916,0.10.0,898,supply,demands,False,4,4,D2,4,BASE,POWER,30.846925666728346,J000003,1,1,30.846925666728346
m3-periodic,ee0bec387c023d5d0ab8464c286e0564fdf9e899852c4db249384f154598db79,20260916,0.10.0,898,supply,demands,False,4,4,D3,7,BASE,POWER,56.7,J000008,1,1,56.7
m3-periodic,ee0bec387c023d5d0ab8464c286e0564fdf9e899852c4db249384f154598db79,20260916,0.10.0,898,supply,demands,False,4,4,D4,8,BASE,POWER,60.800000000000004,J000010,1,1,60.800000000000004
m3-periodic,ee0bec387c023d5d0ab8464c286e0564fdf9e899852c4db249384f154598db79,20260916,0.10.0,899,supply,demands,False,4,4,D1,3,BASE,POWER,16.700000000000003,J000002,1,1,16.700000000000003
m3-periodic,ee0bec387c023d5d0ab8464c286e0564fdf9e899852c4db249384f154598db79,20260916,0.10.0,899,supply,demands,False,4,4,D2,4,BASE,POWER,16.800000000000004,J000001,1,1,16.800000000000004
m3-periodic,ee0bec387c023d5d0ab8464c286e0564fdf9e899852c4db249384f154598db79,20260916,0.10.0,899,supply,demands,False,4,4,D3,7,BASE,POWER,32.800000000000004,J000005,1,1,32.800000000000004
m3-periodic,ee0bec387c023d5d0ab8464c286e0564fdf9e899852c4db249384f154598db79,20260916,0.10.0,899,supply,demands,False,4,4,D4,10,BASE,POWER,56.7,J000010,1,1,56.7
m3-periodic,ee0bec387c023d5d0ab8464c286e0564fdf9e899852c4db249384f154598db79,20260916,0.10.0,900,supply,demands,False,6,6,D1,3,BASE,POWER,16.24412348568638,J000002,1,1,16.24412348568638
m3-periodic,ee0bec387c023d5d0ab8464c286e0564fdf9e899852c4db249384f154598db79,20260916,0.10.0,900,supply,demands,False,6,6,D2,4,BASE,POWER,16.34412348568638,J000003,1,1,16.34412348568638
m3-periodic,ee0bec387c023d5d0ab8464c286e0564fdf9e899852c4db249384f154598db79,20260916,0.10.0,900,supply,demands,False,6,6,D3,7,BASE,POWER,32.7,J000007,1,1,32.7
m3-periodic,ee0bec387c023d5d0ab8464c286e0564fdf9e899852c4db249384f154598db79,20260916,0.10.0,900,supply,demands,False,6,6,D4,10,BASE,POWER,56.800000000000004,J000009,1,1,56.800000000000004
m3-periodic,ee0bec387c023d5d0ab8464c286e0564fdf9e899852c4db249384f154598db79,20260916,0.10.0,900,supply,demands,False,6,6,D5,11,BASE,POWER,60.7,J000013,1,1,60.7
m3-periodic,ee0bec387c023d5d0ab8464c286e0564fdf9e899852c4db249384f154598db79,20260916,0.10.0,900,supply,demands,False,6,6,D6,12,BASE,POWER,60.800000000000004,J000012,1,1,64.5
m3-periodic,ee0bec387c023d5d0ab8464c286e0564fdf9e899852c4db249384f154598db79,20260916,0.10.0,901,supply,demands,False,6,6,D1,3,BASE,POWER,7.246544952043928,J000001,1,1,7.246544952043928
m3-periodic,ee0bec387c023d5d0ab8464c286e0564fdf9e899852c4db249384f154598db79,20260916,0.10.0,901,supply,demands,False,6,6,D2,6,BASE,POWER,16.700000000000003,J000003,1,1,16.700000000000003
m3-periodic,ee0bec387c023d5d0ab8464c286e0564fdf9e899852c4db249384f154598db79,20260916,0.10.0,901,supply,demands,False,6,6,D3,9,BASE,POWER,32.7,J000006,1,1,32.7
m3-periodic,ee0bec387c023d5d0ab8464c286e0564fdf9e899852c4db249384f154598db79,20260916,0.10.0,901,supply,demands,False,6,6,D4,10,BASE,POWER,36.7,J000008,1,1,36.7
m3-periodic,ee0bec387c023d5d0ab8464c286e0564fdf9e899852c4db249384f154598db79,20260916,0.10.0,901,supply,demands,False,6,6,D5,13,BASE,POWER,56.7,J000010,1,1,56.7
m3-periodic,ee0bec387c023d5d0ab8464c286e0564fdf9e899852c4db249384f154598db79,20260916,0.10.0,901,supply,demands,False,6,6,D6,14,BASE,POWER,60.800000000000004,J000012,1,1,60.800000000000004
m3-periodic,ee0bec387c023d5d0ab8464c286e0564fdf9e899852c4db249384f154598db79,20260916,0.10.0,902,supply,demands,False,6,6,D1,3,BASE,POWER,16.800000000000004,J000001,1,1,16.800000000000004
m3-periodic,ee0bec387c023d5d0ab8464c286e0564fdf9e899852c4db249384f154598db79,20260916,0.10.0,902,supply,demands,False,6,6,D2,6,BASE,POWER,32.800000000000004,J000004,1,1,32.800000000000004
m3-periodic,ee0bec387c023d5d0ab8464c286e0564fdf9e899852c4db249384f154598db79,20260916,0.10.0,902,supply,demands,False,6,6,D3,9,BASE,POWER,56.7,J000008,1,1,56.7
m3-periodic,ee0bec387c023d5d0ab8464c286e0564fdf9e899852c4db249384f154598db79,20260916,0.10.0,902,supply,demands,False,6,6,D4,10,BASE,POWER,56.800000000000004,J000007,1,1,56.800000000000004
m3-periodic,ee0bec387c023d5d0ab8464c286e0564fdf9e899852c4db249384f154598db79,20260916,0.10.0,902,supply,demands,False,6,6,D5,11,BASE,POWER,60.7,J000012,1,1,64.5
m3-periodic,ee0bec387c023d5d0ab8464c286e0564fdf9e899852c4db249384f154598db79,20260916,0.10.0,902,supply,demands,False,6,6,D6,12,BASE,POWER,60.800000000000004,J000011,1,1,64.5
m3-periodic,ee0bec387c023d5d0ab8464c286e0564fdf9e899852c4db249384f154598db79,20260916,0.10.0,903,supply,demands,False,6,6,D1,3,BASE,POWER,16.700000000000003,J000002,1,1,16.700000000000003
m3-periodic,ee0bec387c023d5d0ab8464c286e0564fdf9e899852c4db249384f154598db79,20260916,0.10.0,903,supply,demands,False,6,6,D2,4,BASE,POWER,16.800000000000004,J000001,1,1,16.800000000000004
m3-periodic,ee0bec387c023d5d0ab8464c286e0564fdf9e899852c4db249384f154598db79,20260916,0.10.0,903,supply,demands,False,6,6,D3,7,BASE,POWER,32.800000000000004,J000005,1,1,32.800000000000004
m3-periodic,ee0bec387c023d5d0ab8464c286e0564fdf9e899852c4db249384f154598db79,20260916,0.10.0,903,supply,demands,False,6,6,D4,10,BASE,POWER,56.7,J000009,1,1,56.7
m3-periodic,ee0bec387c023d5d0ab8464c286e0564fdf9e899852c4db249384f154598db79,20260916,0.10.0,903,supply,demands,False,6,6,D5,11,BASE,POWER,60.7,J000012,1,1,60.7
m3-periodic,ee0bec387c023d5d0ab8464c286e0564fdf9e899852c4db249384f154598db79,20260916,0.10.0,903,supply,demands,False,6,6,D6,12,BASE,POWER,60.800000000000004,J000011,1,1,64.5
m3-periodic,ee0bec387c023d5d0ab8464c286e0564fdf9e899852c4db249384f154598db79,20260916,0.10.0,904,supply,demands,False,4,4,D1,3,BASE,POWER,16.700000000000003,J000002,1,1,16.700000000000003
m3-periodic,ee0bec387c023d5d0ab8464c286e0564fdf9e899852c4db249384f154598db79,20260916,0.10.0,904,supply,demands,False,4,4,D2,4,BASE,POWER,16.800000000000004,J000001,1,1,16.800000000000004
m3-periodic,ee0bec387c023d5d0ab8464c286e0564fdf9e899852c4db249384f154598db79,20260916,0.10.0,904,supply,demands,False,4,4,D3,7,BASE,POWER,32.800000000000004,J000005,1,1,32.800000000000004
m3-periodic,ee0bec387c023d5d0ab8464c286e0564fdf9e899852c4db249384f154598db79,20260916,0.10.0,904,supply,demands,False,4,4,D4,10,BASE,POWER,56.800000000000004,J000008,1,1,56.800000000000004
m3-periodic,ee0bec387c023d5d0ab8464c286e0564fdf9e899852c4db249384f154598db79,20260916,0.10.0,905,supply,demands,False,7,7,D1,3,BASE,POWER,16.700000000000003,J000002,1,1,16.700000000000003
m3-periodic,ee0bec387c023d5d0ab8464c286e0564fdf9e899852c4db249384f154598db79,20260916,0.10.0,905,supply,demands,False,7,7,D2,6,BASE,POWER,32.7,J000005,1,1,32.7
m3-periodic,ee0bec387c023d5d0ab8464c286e0564fdf9e899852c4db249384f154598db79,20260916,0.10.0,905,supply,demands,False,7,7,D3,7,BASE,POWER,32.800000000000004,J000004,1,1,32.800000000000004
m3-periodic,ee0bec387c023d5d0ab8464c286e0564fdf9e899852c4db249384f154598db79,20260916,0.10.0,905,supply,demands,False,7,7,D4,10,BASE,POWER,56.7,J000009,1,1,56.7
m3-periodic,ee0bec387c023d5d0ab8464c286e0564fdf9e899852c4db249384f154598db79,20260916,0.10.0,905,supply,demands,False,7,7,D5,11,BASE,POWER,56.800000000000004,J000008,1,1,56.800000000000004
m3-periodic,ee0bec387c023d5d0ab8464c286e0564fdf9e899852c4db249384f154598db79,20260916,0.10.0,905,supply,demands,False,7,7,D6,12,BASE,POWER,60.7,J000012,1,1,64.5
m3-periodic,ee0bec387c023d5d0ab8464c286e0564fdf9e899852c4db249384f154598db79,20260916,0.10.0,905,supply,demands,False,7,7,D7,13,BASE,POWER,60.800000000000004,J000014,1,1,64.5
m3-periodic,ee0bec387c023d5d0ab8464c286e0564fdf9e899852c4db249384f154598db79,20260916,0.10.0,906,supply,demands,False,6,6,D1,3,BASE,POWER,16.700000000000003,J000002,1,1,16.700000000000003
m3-periodic,ee0bec387c023d5d0ab8464c286e0564fdf9e899852c4db249384f154598db79,20260916,0.10.0,906,supply,demands,False,6,6,D2,4,BASE,POWER,16.800000000000004,J000001,1,1,16.800000000000004
m3-periodic,ee0bec387c023d5d0ab8464c286e0564fdf9e899852c4db249384f154598db79,20260916,0.10.0,906,supply,demands,False,6,6,D3,7,BASE,POWER,32.7,J000006,1,1,32.7
m3-periodic,ee0bec387c023d5d0ab8464c286e0564fdf9e899852c4db249384f154598db79,20260916,0.10.0,906,supply,demands,False,6,6,D4,8,BASE,POWER,32.800000000000004,J000005,1,1,32.800000000000004
m3-periodic,ee0bec387c023d5d0ab8464c286e0564fdf9e899852c4db249384f154598db79,20260916,0.10.0,906,supply,demands,False,6,6,D5,11,BASE,POWER,56.09881443736472,J000010,1,1,56.09881443736472
m3-periodic,ee0bec387c023d5d0ab8464c286e0564fdf9e899852c4db249384f154598db79,20260916,0.10.0,906,supply,demands,False,6,6,D6,12,BASE,POWER,60.7,J000014,1,1,60.7
m3-periodic,ee0bec387c023d5d0ab8464c286e0564fdf9e899852c4db249384f154598db79,20260916,0.10.0,907,supply,demands,False,4,4,D1,3,BASE,POWER,32.7,J000004,1,1,32.7
m3-periodic,ee0bec387c023d5d0ab8464c286e0564fdf9e899852c4db249384f154598db79,20260916,0.10.0,907,supply,demands,False,4,4,D2,6,BASE,POWER,56.800000000000004,J000006,1,1,56.800000000000004
m3-periodic,ee0bec387c023d5d0ab8464c286e0564fdf9e899852c4db249384f154598db79,20260916,0.10.0,907,supply,demands,False,4,4,D3,7,BASE,POWER,60.7,J000010,1,1,60.7
m3-periodic,ee0bec387c023d5d0ab8464c286e0564fdf9e899852c4db249384f154598db79,20260916,0.10.0,907,supply,demands,False,4,4,D4,8,BASE,POWER,60.800000000000004,J000009,1,1,64.5
m3-periodic,ee0bec387c023d5d0ab8464c286e0564fdf9e899852c4db249384f154598db79,20260916,0.10.0,908,supply,demands,False,5,5,D1,3,BASE,POWER,16.800000000000004,J000001,1,1,16.800000000000004
m3-periodic,ee0bec387c023d5d0ab8464c286e0564fdf9e899852c4db249384f154598db79,20260916,0.10.0,908,supply,demands,False,5,5,D2,6,BASE,POWER,32.800000000000004,J000004,1,1,32.800000000000004
m3-periodic,ee0bec387c023d5d0ab8464c286e0564fdf9e899852c4db249384f154598db79,20260916,0.10.0,908,supply,demands,False,5,5,D3,7,BASE,POWER,35.146561578368576,J000007,1,1,35.146561578368576
m3-periodic,ee0bec387c023d5d0ab8464c286e0564fdf9e899852c4db249384f154598db79,20260916,0.10.0,908,supply,demands,False,5,5,D4,10,BASE,POWER,56.7,J000009,1,1,56.7
m3-periodic,ee0bec387c023d5d0ab8464c286e0564fdf9e899852c4db249384f154598db79,20260916,0.10.0,908,supply,demands,False,5,5,D5,11,BASE,POWER,60.800000000000004,J000011,1,1,60.800000000000004
m3-periodic,ee0bec387c023d5d0ab8464c286e0564fdf9e899852c4db249384f154598db79,20260916,0.10.0,909,supply,demands,False,4,4,D1,3,BASE,POWER,16.800000000000004,J000001,1,1,16.800000000000004
m3-periodic,ee0bec387c023d5d0ab8464c286e0564fdf9e899852c4db249384f154598db79,20260916,0.10.0,909,supply,demands,False,4,4,D2,6,BASE,POWER,32.800000000000004,J000004,1,1,32.800000000000004
m3-periodic,ee0bec387c023d5d0ab8464c286e0564fdf9e899852c4db249384f154598db79,20260916,0.10.0,909,supply,demands,False,4,4,D3,9,BASE,POWER,60.7,J000010,1,1,60.7
m3-periodic,ee0bec387c023d5d0ab8464c286e0564fdf9e899852c4db249384f154598db79,20260916,0.10.0,909,supply,demands,False,4,4,D4,10,BASE,POWER,60.800000000000004,J000009,1,1,60.800000000000004
m3-periodic,ee0bec387c023d5d0ab8464c286e0564fdf9e899852c4db249384f154598db79,20260916,0.10.0,910,supply,demands,False,3,3,D1,3,BASE,POWER,32.7,J000004,1,1,32.7
m3-periodic,ee0bec387c023d5d0ab8464c286e0564fdf9e899852c4db249384f154598db79,20260916,0.10.0,910,supply,demands,False,3,3,D2,4,BASE,POWER,32.800000000000004,J000003,1,1,32.800000000000004
m3-periodic,ee0bec387c023d5d0ab8464c286e0564fdf9e899852c4db249384f154598db79,20260916,0.10.0,910,supply,demands,False,3,3,D3,7,BASE,POWER,60.800000000000004,J000009,1,1,60.800000000000004
m3-periodic,ee0bec387c023d5d0ab8464c286e0564fdf9e899852c4db249384f154598db79,20260916,0.10.0,911,supply,demands,False,5,5,D1,3,BASE,POWER,16.800000000000004,J000001,1,1,16.800000000000004
m3-periodic,ee0bec387c023d5d0ab8464c286e0564fdf9e899852c4db249384f154598db79,20260916,0.10.0,911,supply,demands,False,5,5,D2,6,BASE,POWER,32.7,J000005,1,1,32.7
m3-periodic,ee0bec387c023d5d0ab8464c286e0564fdf9e899852c4db249384f154598db79,20260916,0.10.0,911,supply,demands,False,5,5,D3,9,BASE,POWER,56.7,J000008,1,1,56.7
m3-periodic,ee0bec387c023d5d0ab8464c286e0564fdf9e899852c4db249384f154598db79,20260916,0.10.0,911,supply,demands,False,5,5,D4,10,BASE,POWER,56.800000000000004,J000007,1,1,56.800000000000004
m3-periodic,ee0bec387c023d5d0ab8464c286e0564fdf9e899852c4db249384f154598db79,20260916,0.10.0,911,supply,demands,False,5,5,D5,11,BASE,POWER,58.89196679154513,J000012,1,1,64.5
m3-periodic,ee0bec387c023d5d0ab8464c286e0564fdf9e899852c4db249384f154598db79,20260916,0.10.0,912,supply,demands,False,5,5,D1,3,BASE,POWER,16.800000000000004,J000001,1,1,16.800000000000004
m3-periodic,ee0bec387c023d5d0ab8464c286e0564fdf9e899852c4db249384f154598db79,20260916,0.10.0,912,supply,demands,False,5,5,D2,6,BASE,POWER,32.7,J000005,1,1,32.7
m3-periodic,ee0bec387c023d5d0ab8464c286e0564fdf9e899852c4db249384f154598db79,20260916,0.10.0,912,supply,demands,False,5,5,D3,7,BASE,POWER,32.800000000000004,J000004,1,1,32.800000000000004
m3-periodic,ee0bec387c023d5d0ab8464c286e0564fdf9e899852c4db249384f154598db79,20260916,0.10.0,912,supply,demands,False,5,5,D4,8,BASE,POWER,36.7,J000008,1,1,40.5
m3-periodic,ee0bec387c023d5d0ab8464c286e0564fdf9e899852c4db249384f154598db79,20260916,0.10.0,912,supply,demands,False,5,5,D5,11,BASE,POWER,60.800000000000004,J000011,1,1,60.800000000000004
m3-periodic,ee0bec387c023d5d0ab8464c286e0564fdf9e899852c4db249384f154598db79,20260916,0.10.0,913,supply,demands,False,6,6,D1,3,BASE,POWER,16.800000000000004,J000001,1,1,16.800000000000004
m3-periodic,ee0bec387c023d5d0ab8464c286e0564fdf9e899852c4db249384f154598db79,20260916,0.10.0,913,supply,demands,False,6,6,D2,6,BASE,POWER,32.7,J000005,1,1,32.7
m3-periodic,ee0bec387c023d5d0ab8464c286e0564fdf9e899852c4db249384f154598db79,20260916,0.10.0,913,supply,demands,False,6,6,D3,7,BASE,POWER,32.800000000000004,J000004,1,1,32.800000000000004
m3-periodic,ee0bec387c023d5d0ab8464c286e0564fdf9e899852c4db249384f154598db79,20260916,0.10.0,913,supply,demands,False,6,6,D4,10,BASE,POWER,56.7,J000009,1,1,56.7
m3-periodic,ee0bec387c023d5d0ab8464c286e0564fdf9e899852c4db249384f154598db79,20260916,0.10.0,913,supply,demands,False,6,6,D5,11,BASE,POWER,56.800000000000004,J000008,1,1,56.800000000000004
m3-periodic,ee0bec387c023d5d0ab8464c286e0564fdf9e899852c4db249384f154598db79,20260916,0.10.0,913,supply,demands,False,6,6,D6,12,BASE,POWER,60.800000000000004,J000012,1,1,64.5
m3-periodic,ee0bec387c023d5d0ab8464c286e0564fdf9e899852c4db249384f154598db79,20260916,0.10.0,914,supply,demands,False,2,2,D1,3,BASE,POWER,16.700000000000003,J000002,1,1,16.700000000000003
m3-periodic,ee0bec387c023d5d0ab8464c286e0564fdf9e899852c4db249384f154598db79,20260916,0.10.0,914,supply,demands,False,2,2,D2,6,BASE,POWER,56.05840800989173,J000008,1,1,56.05840800989173
m3-periodic,ee0bec387c023d5d0ab8464c286e0564fdf9e899852c4db249384f154598db79,20260916,0.10.0,915,supply,demands,False,5,5,D1,3,BASE,POWER,16.700000000000003,J000002,1,1,16.700000000000003
m3-periodic,ee0bec387c023d5d0ab8464c286e0564fdf9e899852c4db249384f154598db79,20260916,0.10.0,915,supply,demands,False,5,5,D2,4,BASE,POWER,16.800000000000004,J000001,1,1,16.800000000000004
m3-periodic,ee0bec387c023d5d0ab8464c286e0564fdf9e899852c4db249384f154598db79,20260916,0.10.0,915,supply,demands,False,5,5,D3,7,BASE,POWER,56.7,J000008,1,1,56.7
m3-periodic,ee0bec387c023d5d0ab8464c286e0564fdf9e899852c4db249384f154598db79,20260916,0.10.0,915,supply,demands,False,5,5,D4,8,BASE,POWER,56.800000000000004,J000007,1,1,56.800000000000004
m3-periodic,ee0bec387c023d5d0ab8464c286e0564fdf9e899852c4db249384f154598db79,20260916,0.10.0,915,supply,demands,False,5,5,D5,9,BASE,POWER,60.800000000000004,J000011,1,1,64.5
m3-periodic,ee0bec387c023d5d0ab8464c286e0564fdf9e899852c4db249384f154598db79,20260916,0.10.0,916,supply,demands,False,4,4,D1,3,BASE,POWER,16.700000000000003,J000003,1,1,16.700000000000003
m3-periodic,ee0bec387c023d5d0ab8464c286e0564fdf9e899852c4db249384f154598db79,20260916,0.10.0,916,supply,demands,False,4,4,D2,6,BASE,POWER,32.7,J000005,1,1,32.7
m3-periodic,ee0bec387c023d5d0ab8464c286e0564fdf9e899852c4db249384f154598db79,20260916,0.10.0,916,supply,demands,False,4,4,D3,9,BASE,POWER,56.7,J000009,1,1,56.7
m3-periodic,ee0bec387c023d5d0ab8464c286e0564fdf9e899852c4db249384f154598db79,20260916,0.10.0,916,supply,demands,False,4,4,D4,10,BASE,POWER,60.7,J000011,1,1,60.7
m3-periodic,ee0bec387c023d5d0ab8464c286e0564fdf9e899852c4db249384f154598db79,20260916,0.10.0,917,supply,demands,False,6,6,D1,3,BASE,POWER,16.700000000000003,J000002,1,1,16.700000000000003
m3-periodic,ee0bec387c023d5d0ab8464c286e0564fdf9e899852c4db249384f154598db79,20260916,0.10.0,917,supply,demands,False,6,6,D2,4,BASE,POWER,16.800000000000004,J000001,1,1,16.800000000000004
m3-periodic,ee0bec387c023d5d0ab8464c286e0564fdf9e899852c4db249384f154598db79,20260916,0.10.0,917,supply,demands,False,6,6,D3,7,BASE,POWER,32.800000000000004,J000005,1,1,32.800000000000004
m3-periodic,ee0bec387c023d5d0ab8464c286e0564fdf9e899852c4db249384f154598db79,20260916,0.10.0,917,supply,demands,False,6,6,D4,10,BASE,POWER,56.7,J000009,1,1,56.7
m3-periodic,ee0bec387c023d5d0ab8464c286e0564fdf9e899852c4db249384f154598db79,20260916,0.10.0,917,supply,demands,False,6,6,D5,11,BASE,POWER,60.7,J000012,1,1,60.7
m3-periodic,ee0bec387c023d5d0ab8464c286e0564fdf9e899852c4db249384f154598db79,20260916,0.10.0,917,supply,demands,False,6,6,D6,12,BASE,POWER,60.800000000000004,J000011,1,1,64.5
m3-periodic,ee0bec387c023d5d0ab8464c286e0564fdf9e899852c4db249384f154598db79,20260916,0.10.0,918,supply,demands,False,4,4,D1,3,BASE,POWER,16.700000000000003,J000002,1,1,16.700000000000003
m3-periodic,ee0bec387c023d5d0ab8464c286e0564fdf9e899852c4db249384f154598db79,20260916,0.10.0,918,supply,demands,False,4,4,D2,4,BASE,POWER,16.800000000000004,J000001,1,1,16.800000000000004
m3-periodic,ee0bec387c023d5d0ab8464c286e0564fdf9e899852c4db249384f154598db79,20260916,0.10.0,918,supply,demands,False,4,4,D3,7,BASE,POWER,32.800000000000004,J000005,1,1,32.800000000000004
m3-periodic,ee0bec387c023d5d0ab8464c286e0564fdf9e899852c4db249384f154598db79,20260916,0.10.0,918,supply,demands,False,4,4,D4,8,BASE,POWER,39.90324751485929,J000008,1,1,39.90324751485929
m3-periodic,ee0bec387c023d5d0ab8464c286e0564fdf9e899852c4db249384f154598db79,20260916,0.10.0,919,supply,demands,False,5,5,D1,3,BASE,POWER,16.28384725793902,J000003,1,1,16.28384725793902
m3-periodic,ee0bec387c023d5d0ab8464c286e0564fdf9e899852c4db249384f154598db79,20260916,0.10.0,919,supply,demands,False,5,5,D2,6,BASE,POWER,56.7,J000008,1,1,56.7
m3-periodic,ee0bec387c023d5d0ab8464c286e0564fdf9e899852c4db249384f154598db79,20260916,0.10.0,919,supply,demands,False,5,5,D3,7,BASE,POWER,56.800000000000004,J000007,1,1,56.800000000000004
m3-periodic,ee0bec387c023d5d0ab8464c286e0564fdf9e899852c4db249384f154598db79,20260916,0.10.0,919,supply,demands,False,5,5,D4,8,BASE,POWER,60.7,J000012,1,1,64.5
m3-periodic,ee0bec387c023d5d0ab8464c286e0564fdf9e899852c4db249384f154598db79,20260916,0.10.0,919,supply,demands,False,5,5,D5,9,BASE,POWER,60.800000000000004,J000011,1,1,64.5
m3-periodic,ee0bec387c023d5d0ab8464c286e0564fdf9e899852c4db249384f154598db79,20260916,0.10.0,920,supply,demands,False,6,6,D1,3,BASE,POWER,16.800000000000004,J000001,1,1,16.800000000000004
m3-periodic,ee0bec387c023d5d0ab8464c286e0564fdf9e899852c4db249384f154598db79,20260916,0.10.0,920,supply,demands,False,6,6,D2,6,BASE,POWER,30.767389809981253,J000005,1,1,30.767389809981253
m3-periodic,ee0bec387c023d5d0ab8464c286e0564fdf9e899852c4db249384f154598db79,20260916,0.10.0,920,supply,demands,False,6,6,D3,7,BASE,POWER,30.867389809981255,J000004,1,1,30.867389809981255
m3-periodic,ee0bec387c023d5d0ab8464c286e0564fdf9e899852c4db249384f154598db79,20260916,0.10.0,920,supply,demands,False,6,6,D4,10,BASE,POWER,56.7,J000009,1,1,56.7
m3-periodic,ee0bec387c023d5d0ab8464c286e0564fdf9e899852c4db249384f154598db79,20260916,0.10.0,920,supply,demands,False,6,6,D5,11,BASE,POWER,60.7,J000012,1,1,60.7
m3-periodic,ee0bec387c023d5d0ab8464c286e0564fdf9e899852c4db249384f154598db79,20260916,0.10.0,920,supply,demands,False,6,6,D6,12,BASE,POWER,60.800000000000004,J000011,1,1,64.5
m3-periodic,ee0bec387c023d5d0ab8464c286e0564fdf9e899852c4db249384f154598db79,20260916,0.10.0,921,supply,demands,False,3,3,D1,3,BASE,POWER,16.700000000000003,J000002,1,1,16.700000000000003
m3-periodic,ee0bec387c023d5d0ab8464c286e0564fdf9e899852c4db249384f154598db79,20260916,0.10.0,921,supply,demands,False,3,3,D2,6,BASE,POWER,32.7,J000005,1,1,32.7
m3-periodic,ee0bec387c023d5d0ab8464c286e0564fdf9e899852c4db249384f154598db79,20260916,0.10.0,921,supply,demands,False,3,3,D3,7,BASE,POWER,32.800000000000004,J000004,1,1,32.800000000000004
m3-periodic,ee0bec387c023d5d0ab8464c286e0564fdf9e899852c4db249384f154598db79,20260916,0.10.0,922,supply,demands,False,4,4,D1,3,BASE,POWER,16.700000000000003,J000002,1,1,16.700000000000003
m3-periodic,ee0bec387c023d5d0ab8464c286e0564fdf9e899852c4db249384f154598db79,20260916,0.10.0,922,supply,demands,False,4,4,D2,6,BASE,POWER,32.800000000000004,J000004,1,1,32.800000000000004
m3-periodic,ee0bec387c023d5d0ab8464c286e0564fdf9e899852c4db249384f154598db79,20260916,0.10.0,922,supply,demands,False,4,4,D3,9,BASE,POWER,56.7,J000008,1,1,56.7
m3-periodic,ee0bec387c023d5d0ab8464c286e0564fdf9e899852c4db249384f154598db79,20260916,0.10.0,922,supply,demands,False,4,4,D4,10,BASE,POWER,60.800000000000004,J000010,1,1,60.800000000000004
m3-periodic,ee0bec387c023d5d0ab8464c286e0564fdf9e899852c4db249384f154598db79,20260916,0.10.0,923,supply,demands,False,5,5,D1,3,BASE,POWER,16.700000000000003,J000002,1,1,16.700000000000003
m3-periodic,ee0bec387c023d5d0ab8464c286e0564fdf9e899852c4db249384f154598db79,20260916,0.10.0,923,supply,demands,False,5,5,D2,4,BASE,POWER,16.800000000000004,J000001,1,1,16.800000000000004
m3-periodic,ee0bec387c023d5d0ab8464c286e0564fdf9e899852c4db249384f154598db79,20260916,0.10.0,923,supply,demands,False,5,5,D3,7,BASE,POWER,32.7,J000006,1,1,32.7
m3-periodic,ee0bec387c023d5d0ab8464c286e0564fdf9e899852c4db249384f154598db79,20260916,0.10.0,923,supply,demands,False,5,5,D4,8,BASE,POWER,32.800000000000004,J000005,1,1,32.800000000000004
m3-periodic,ee0bec387c023d5d0ab8464c286e0564fdf9e899852c4db249384f154598db79,20260916,0.10.0,923,supply,demands,False,5,5,D5,11,BASE,POWER,60.800000000000004,J000011,1,1,60.800000000000004
m3-periodic,ee0bec387c023d5d0ab8464c286e0564fdf9e899852c4db249384f154598db79,20260916,0.10.0,924,supply,demands,False,6,6,D1,3,BASE,POWER,16.800000000000004,J000001,1,1,16.800000000000004
m3-periodic,ee0bec387c023d5d0ab8464c286e0564fdf9e899852c4db249384f154598db79,20260916,0.10.0,924,supply,demands,False,6,6,D2,6,BASE,POWER,32.7,J000005,1,1,32.7
m3-periodic,ee0bec387c023d5d0ab8464c286e0564fdf9e899852c4db249384f154598db79,20260916,0.10.0,924,supply,demands,False,6,6,D3,9,BASE,POWER,56.7,J000008,1,1,56.7
m3-periodic,ee0bec387c023d5d0ab8464c286e0564fdf9e899852c4db249384f154598db79,20260916,0.10.0,924,supply,demands,False,6,6,D4,10,BASE,POWER,56.800000000000004,J000007,1,1,56.800000000000004
m3-periodic,ee0bec387c023d5d0ab8464c286e0564fdf9e899852c4db249384f154598db79,20260916,0.10.0,924,supply,demands,False,6,6,D5,11,BASE,POWER,60.7,J000012,1,1,64.5
m3-periodic,ee0bec387c023d5d0ab8464c286e0564fdf9e899852c4db249384f154598db79,20260916,0.10.0,924,supply,demands,False,6,6,D6,12,BASE,POWER,63.194433942290416,J000014,1,1,64.5
m3-periodic,ee0bec387c023d5d0ab8464c286e0564fdf9e899852c4db249384f154598db79,20260916,0.10.0,925,supply,demands,False,5,5,D1,3,BASE,POWER,16.700000000000003,J000002,1,1,16.700000000000003
m3-periodic,ee0bec387c023d5d0ab8464c286e0564fdf9e899852c4db249384f154598db79,20260916,0.10.0,925,supply,demands,False,5,5,D2,6,BASE,POWER,32.800000000000004,J000004,1,1,32.800000000000004
m3-periodic,ee0bec387c023d5d0ab8464c286e0564fdf9e899852c4db249384f154598db79,20260916,0.10.0,925,supply,demands,False,5,5,D3,9,BASE,POWER,55.545115355153385,J000008,1,1,55.545115355153385
m3-periodic,ee0bec387c023d5d0ab8464c286e0564fdf9e899852c4db249384f154598db79,20260916,0.10.0,925,supply,demands,False,5,5,D4,10,BASE,POWER,55.645115355153386,J000009,1,1,55.645115355153386
m3-periodic,ee0bec387c023d5d0ab8464c286e0564fdf9e899852c4db249384f154598db79,20260916,0.10.0,925,supply,demands,False,5,5,D5,13,BASE,POWER,60.800000000000004,J000012,1,1,60.800000000000004
m3-periodic,ee0bec387c023d5d0ab8464c286e0564fdf9e899852c4db249384f154598db79,20260916,0.10.0,926,supply,demands,False,5,5,D1,3,BASE,POWER,16.700000000000003,J000002,1,1,16.700000000000003
m3-periodic,ee0bec387c023d5d0ab8464c286e0564fdf9e899852c4db249384f154598db79,20260916,0.10.0,926,supply,demands,False,5,5,D2,4,BASE,POWER,16.800000000000004,J000001,1,1,16.800000000000004
m3-periodic,ee0bec387c023d5d0ab8464c286e0564fdf9e899852c4db249384f154598db79,20260916,0.10.0,926,supply,demands,False,5,5,D3,7,BASE,POWER,32.7,J000006,1,1,32.7
m3-periodic,ee0bec387c023d5d0ab8464c286e0564fdf9e899852c4db249384f154598db79,20260916,0.10.0,926,supply,demands,False,5,5,D4,10,BASE,POWER,56.7,J000009,1,1,56.7
m3-periodic,ee0bec387c023d5d0ab8464c286e0564fdf9e899852c4db249384f154598db79,20260916,0.10.0,926,supply,demands,False,5,5,D5,11,BASE,POWER,60.7,J000012,1,1,60.7
m3-periodic,ee0bec387c023d5d0ab8464c286e0564fdf9e899852c4db249384f154598db79,20260916,0.10.0,927,supply,demands,False,3,3,D1,3,BASE,POWER,7.7395959036493425,J000001,1,1,7.7395959036493425
m3-periodic,ee0bec387c023d5d0ab8464c286e0564fdf9e899852c4db249384f154598db79,20260916,0.10.0,927,supply,demands,False,3,3,D2,6,BASE,POWER,60.7,J000010,1,1,60.7
m3-periodic,ee0bec387c023d5d0ab8464c286e0564fdf9e899852c4db249384f154598db79,20260916,0.10.0,927,supply,demands,False,3,3,D3,7,BASE,POWER,60.800000000000004,J000011,1,1,60.800000000000004
m3-periodic,ee0bec387c023d5d0ab8464c286e0564fdf9e899852c4db249384f154598db79,20260916,0.10.0,928,supply,demands,False,5,5,D1,3,BASE,POWER,32.7,J000004,1,1,32.7
m3-periodic,ee0bec387c023d5d0ab8464c286e0564fdf9e899852c4db249384f154598db79,20260916,0.10.0,928,supply,demands,False,5,5,D2,4,BASE,POWER,32.800000000000004,J000003,1,1,32.800000000000004
m3-periodic,ee0bec387c023d5d0ab8464c286e0564fdf9e899852c4db249384f154598db79,20260916,0.10.0,928,supply,demands,False,5,5,D3,7,BASE,POWER,56.7,J000008,1,1,56.7
m3-periodic,ee0bec387c023d5d0ab8464c286e0564fdf9e899852c4db249384f154598db79,20260916,0.10.0,928,supply,demands,False,5,5,D4,8,BASE,POWER,56.800000000000004,J000007,1,1,56.800000000000004
m3-periodic,ee0bec387c023d5d0ab8464c286e0564fdf9e899852c4db249384f154598db79,20260916,0.10.0,928,supply,demands,False,5,5,D5,9,BASE,POWER,60.7,J000012,1,1,64.5
m3-periodic,ee0bec387c023d5d0ab8464c286e0564fdf9e899852c4db249384f154598db79,20260916,0.10.0,929,supply,demands,False,5,5,D1,3,BASE,POWER,16.700000000000003,J000002,1,1,16.700000000000003
m3-periodic,ee0bec387c023d5d0ab8464c286e0564fdf9e899852c4db249384f154598db79,20260916,0.10.0,929,supply,demands,False,5,5,D2,6,BASE,POWER,32.7,J000005,1,1,32.7
m3-periodic,ee0bec387c023d5d0ab8464c286e0564fdf9e899852c4db249384f154598db79,20260916,0.10.0,929,supply,demands,False,5,5,D3,9,BASE,POWER,56.7,J000008,1,1,56.7
m3-periodic,ee0bec387c023d5d0ab8464c286e0564fdf9e899852c4db249384f154598db79,20260916,0.10.0,929,supply,demands,False,5,5,D4,10,BASE,POWER,56.800000000000004,J000007,1,1,56.800000000000004
m3-periodic,ee0bec387c023d5d0ab8464c286e0564fdf9e899852c4db249384f154598db79,20260916,0.10.0,929,supply,demands,False,5,5,D5,11,BASE,POWER,60.7,J000012,1,1,64.5
m3-periodic,ee0bec387c023d5d0ab8464c286e0564fdf9e899852c4db249384f154598db79,20260916,0.10.0,930,supply,demands,False,6,6,D1,3,BASE,POWER,16.800000000000004,J000001,1,1,16.800000000000004
m3-periodic,ee0bec387c023d5d0ab8464c286e0564fdf9e899852c4db249384f154598db79,20260916,0.10.0,930,supply,demands,False,6,6,D2,6,BASE,POWER,32.03201265500566,J000005,1,1,32.03201265500566
m3-periodic,ee0bec387c023d5d0ab8464c286e0564fdf9e899852c4db249384f154598db79,20260916,0.10.0,930,supply,demands,False,6,6,D3,7,BASE,POWER,36.7,J000008,1,1,36.7
m3-periodic,ee0bec387c023d5d0ab8464c286e0564fdf9e899852c4db249384f154598db79,20260916,0.10.0,930,supply,demands,False,6,6,D4,10,BASE,POWER,56.7,J000010,1,1,56.7
m3-periodic,ee0bec387c023d5d0ab8464c286e0564fdf9e899852c4db249384f154598db79,20260916,0.10.0,930,supply,demands,False,6,6,D5,11,BASE,POWER,60.800000000000004,J000012,1,1,60.800000000000004
m3-periodic,ee0bec387c023d5d0ab8464c286e0564fdf9e899852c4db249384f154598db79,20260916,0.10.0,930,supply,demands,False,6,6,D6,14,BASE,POWER,64.69999999999999,J000015,1,1,64.69999999999999
m3-periodic,ee0bec387c023d5d0ab8464c286e0564fdf9e899852c4db249384f154598db79,20260916,0.10.0,931,supply,demands,False,7,7,D1,3,BASE,POWER,32.7,J000004,1,1,32.7
m3-periodic,ee0bec387c023d5d0ab8464c286e0564fdf9e899852c4db249384f154598db79,20260916,0.10.0,931,supply,demands,False,7,7,D2,4,BASE,POWER,32.800000000000004,J000003,1,1,32.800000000000004
m3-periodic,ee0bec387c023d5d0ab8464c286e0564fdf9e899852c4db249384f154598db79,20260916,0.10.0,931,supply,demands,False,7,7,D3,5,BASE,POWER,36.7,J000007,1,1,40.5
m3-periodic,ee0bec387c023d5d0ab8464c286e0564fdf9e899852c4db249384f154598db79,20260916,0.10.0,931,supply,demands,False,7,7,D4,8,BASE,POWER,56.7,J000009,1,1,56.7
m3-periodic,ee0bec387c023d5d0ab8464c286e0564fdf9e899852c4db249384f154598db79,20260916,0.10.0,931,supply,demands,False,7,7,D5,9,BASE,POWER,60.7,J000012,1,1,60.7
m3-periodic,ee0bec387c023d5d0ab8464c286e0564fdf9e899852c4db249384f154598db79,20260916,0.10.0,931,supply,demands,False,7,7,D6,10,BASE,POWER,60.800000000000004,J000011,1,1,64.5
m3-periodic,ee0bec387c023d5d0ab8464c286e0564fdf9e899852c4db249384f154598db79,20260916,0.10.0,931,supply,demands,False,7,7,D7,13,BASE,POWER,64.85,J000015,1,1,64.85
m3-periodic,ee0bec387c023d5d0ab8464c286e0564fdf9e899852c4db249384f154598db79,20260916,0.10.0,932,supply,demands,False,4,4,D1,3,BASE,POWER,32.7,J000004,1,1,32.7
m3-periodic,ee0bec387c023d5d0ab8464c286e0564fdf9e899852c4db249384f154598db79,20260916,0.10.0,932,supply,demands,False,4,4,D2,4,BASE,POWER,36.7,J000006,1,1,36.7
m3-periodic,ee0bec387c023d5d0ab8464c286e0564fdf9e899852c4db249384f154598db79,20260916,0.10.0,932,supply,demands,False,4,4,D3,7,BASE,POWER,40.7,J000008,1,1,40.7
m3-periodic,ee0bec387c023d5d0ab8464c286e0564fdf9e899852c4db249384f154598db79,20260916,0.10.0,932,supply,demands,False,4,4,D4,10,BASE,POWER,60.7,J000011,1,1,60.7
m3-periodic,ee0bec387c023d5d0ab8464c286e0564fdf9e899852c4db249384f154598db79,20260916,0.10.0,933,supply,demands,False,3,3,D1,3,BASE,POWER,16.700000000000003,J000003,1,1,16.700000000000003
m3-periodic,ee0bec387c023d5d0ab8464c286e0564fdf9e899852c4db249384f154598db79,20260916,0.10.0,933,supply,demands,False,3,3,D2,4,BASE,POWER,16.800000000000004,J000002,1,1,16.800000000000004
m3-periodic,ee0bec387c023d5d0ab8464c286e0564fdf9e899852c4db249384f154598db79,20260916,0.10.0,933,supply,demands,False,3,3,D3,7,BASE,POWER,40.7,J000007,1,1,40.7
m3-periodic,ee0bec387c023d5d0ab8464c286e0564fdf9e899852c4db249384f154598db79,20260916,0.10.0,934,supply,demands,False,7,7,D1,3,BASE,POWER,10.477072919049455,J000001,1,1,10.477072919049455
m3-periodic,ee0bec387c023d5d0ab8464c286e0564fdf9e899852c4db249384f154598db79,20260916,0.10.0,934,supply,demands,False,7,7,D2,6,BASE,POWER,16.700000000000003,J000004,1,1,16.700000000000003
m3-periodic,ee0bec387c023d5d0ab8464c286e0564fdf9e899852c4db249384f154598db79,20260916,0.10.0,934,supply,demands,False,7,7,D3,7,BASE,POWER,16.800000000000004,J000003,1,1,16.800000000000004
m3-periodic,ee0bec387c023d5d0ab8464c286e0564fdf9e899852c4db249384f154598db79,20260916,0.10.0,934,supply,demands,False,7,7,D4,10,BASE,POWER,40.7,J000008,1,1,40.7
m3-periodic,ee0bec387c023d5d0ab8464c286e0564fdf9e899852c4db249384f154598db79,20260916,0.10.0,934,supply,demands,False,7,7,D5,11,BASE,POWER,40.800000000000004,J000007,1,1,40.800000000000004
m3-periodic,ee0bec387c023d5d0ab8464c286e0564fdf9e899852c4db249384f154598db79,20260916,0.10.0,934,supply,demands,False,7,7,D6,14,BASE,POWER,56.7,J000012,1,1,56.7
m3-periodic,ee0bec387c023d5d0ab8464c286e0564fdf9e899852c4db249384f154598db79,20260916,0.10.0,934,supply,demands,False,7,7,D7,15,BASE,POWER,56.800000000000004,J000011,1,1,56.800000000000004
m3-periodic,ee0bec387c023d5d0ab8464c286e0564fdf9e899852c4db249384f154598db79,20260916,0.10.0,935,supply,demands,False,5,5,D1,3,BASE,POWER,16.800000000000004,J000001,1,1,16.800000000000004
m3-periodic,ee0bec387c023d5d0ab8464c286e0564fdf9e899852c4db249384f154598db79,20260916,0.10.0,935,supply,demands,False,5,5,D2,6,BASE,POWER,32.7,J000005,1,1,32.7
m3-periodic,ee0bec387c023d5d0ab8464c286e0564fdf9e899852c4db249384f154598db79,20260916,0.10.0,935,supply,demands,False,5,5,D3,7,BASE,POWER,32.800000000000004,J000004,1,1,32.800000000000004
m3-periodic,ee0bec387c023d5d0ab8464c286e0564fdf9e899852c4db249384f154598db79,20260916,0.10.0,935,supply,demands,False,5,5,D4,10,BASE,POWER,56.800000000000004,J000008,1,1,56.800000000000004
m3-periodic,ee0bec387c023d5d0ab8464c286e0564fdf9e899852c4db249384f154598db79,20260916,0.10.0,935,supply,demands,False,5,5,D5,11,BASE,POWER,60.800000000000004,J000011,1,1,60.800000000000004
m3-periodic,ee0bec387c023d5d0ab8464c286e0564fdf9e899852c4db249384f154598db79,20260916,0.10.0,936,supply,demands,False,6,6,D1,3,BASE,POWER,32.7,J000003,1,1,32.7
m3-periodic,ee0bec387c023d5d0ab8464c286e0564fdf9e899852c4db249384f154598db79,20260916,0.10.0,936,supply,demands,False,6,6,D2,4,BASE,POWER,32.800000000000004,J000002,1,1,32.800000000000004
m3-periodic,ee0bec387c023d5d0ab8464c286e0564fdf9e899852c4db249384f154598db79,20260916,0.10.0,936,supply,demands,False,6,6,D3,7,BASE,POWER,56.7,J000007,1,1,56.7
m3-periodic,ee0bec387c023d5d0ab8464c286e0564fdf9e899852c4db249384f154598db79,20260916,0.10.0,936,supply,demands,False,6,6,D4,8,BASE,POWER,60.7,J000010,1,1,60.7
m3-periodic,ee0bec387c023d5d0ab8464c286e0564fdf9e899852c4db249384f154598db79,20260916,0.10.0,936,supply,demands,False,6,6,D5,9,BASE,POWER,60.800000000000004,J000009,1,1,64.5
m3-periodic,ee0bec387c023d5d0ab8464c286e0564fdf9e899852c4db249384f154598db79,20260916,0.10.0,936,supply,demands,False,6,6,D6,12,BASE,POWER,64.85,J000013,1,1,64.85
m3-periodic,ee0bec387c023d5d0ab8464c286e0564fdf9e899852c4db249384f154598db79,20260916,0.10.0,937,supply,demands,False,7,7,D1,3,BASE,POWER,7.387752810770697,J000001,1,1,7.387752810770697
m3-periodic,ee0bec387c023d5d0ab8464c286e0564fdf9e899852c4db249384f154598db79,20260916,0.10.0,937,supply,demands,False,7,7,D2,6,BASE,POWER,32.7,J000005,1,1,32.7
m3-periodic,ee0bec387c023d5d0ab8464c286e0564fdf9e899852c4db249384f154598db79,20260916,0.10.0,937,supply,demands,False,7,7,D3,7,BASE,POWER,32.800000000000004,J000004,1,1,32.800000000000004
m3-periodic,ee0bec387c023d5d0ab8464c286e0564fdf9e899852c4db249384f154598db79,20260916,0.10.0,937,supply,demands,False,7,7,D4,8,BASE,POWER,36.7,J000008,1,1,40.5
m3-periodic,ee0bec387c023d5d0ab8464c286e0564fdf9e899852c4db249384f154598db79,20260916,0.10.0,937,supply,demands,False,7,7,D5,11,BASE,POWER,60.7,J000012,1,1,60.7
m3-periodic,ee0bec387c023d5d0ab8464c286e0564fdf9e899852c4db249384f154598db79,20260916,0.10.0,937,supply,demands,False,7,7,D6,12,BASE,POWER,60.800000000000004,J000011,1,1,60.800000000000004
m3-periodic,ee0bec387c023d5d0ab8464c286e0564fdf9e899852c4db249384f154598db79,20260916,0.10.0,937,supply,demands,False,7,7,D7,15,BASE,POWER,64.69999999999999,J000015,1,1,64.69999999999999
m3-periodic,ee0bec387c023d5d0ab8464c286e0564fdf9e899852c4db249384f154598db79,20260916,0.10.0,938,supply,demands,False,6,6,D1,3,BASE,POWER,16.700000000000003,J000002,1,1,16.700000000000003
m3-periodic,ee0bec387c023d5d0ab8464c286e0564fdf9e899852c4db249384f154598db79,20260916,0.10.0,938,supply,demands,False,6,6,D2,4,BASE,POWER,16.800000000000004,J000001,1,1,16.800000000000004
m3-periodic,ee0bec387c023d5d0ab8464c286e0564fdf9e899852c4db249384f154598db79,20260916,0.10.0,938,supply,demands,False,6,6,D3,7,BASE,POWER,31.419620216507074,J000005,1,1,31.419620216507074
m3-periodic,ee0bec387c023d5d0ab8464c286e0564fdf9e899852c4db249384f154598db79,20260916,0.10.0,938,supply,demands,False,6,6,D4,10,BASE,POWER,56.48872391695592,J000011,1,1,56.48872391695592
m3-periodic,ee0bec387c023d5d0ab8464c286e0564fdf9e899852c4db249384f154598db79,20260916,0.10.0,938,supply,demands,False,6,6,D5,11,BASE,POWER,60.7,J000014,1,1,60.7
m3-periodic,ee0bec387c023d5d0ab8464c286e0564fdf9e899852c4db249384f154598db79,20260916,0.10.0,938,supply,demands,False,6,6,D6,12,BASE,POWER,60.800000000000004,J000013,1,1,64.5
m3-periodic,ee0bec387c023d5d0ab8464c286e0564fdf9e899852c4db249384f154598db79,20260916,0.10.0,939,supply,demands,False,4,4,D1,3,BASE,POWER,15.331148803130475,J000002,1,1,15.331148803130475
m3-periodic,ee0bec387c023d5d0ab8464c286e0564fdf9e899852c4db249384f154598db79,20260916,0.10.0,939,supply,demands,False,4,4,D2,6,BASE,POWER,36.7,J000006,1,1,36.7
m3-periodic,ee0bec387c023d5d0ab8464c286e0564fdf9e899852c4db249384f154598db79,20260916,0.10.0,939,supply,demands,False,4,4,D3,9,BASE,POWER,56.7,J000008,1,1,56.7
m3-periodic,ee0bec387c023d5d0ab8464c286e0564fdf9e899852c4db249384f154598db79,20260916,0.10.0,939,supply,demands,False,4,4,D4,10,BASE,POWER,60.7,J000011,1,1,60.7
m3-periodic,ee0bec387c023d5d0ab8464c286e0564fdf9e899852c4db249384f154598db79,20260916,0.10.0,940,supply,demands,False,6,6,D1,3,BASE,POWER,16.800000000000004,J000001,1,1,16.800000000000004
m3-periodic,ee0bec387c023d5d0ab8464c286e0564fdf9e899852c4db249384f154598db79,20260916,0.10.0,940,supply,demands,False,6,6,D2,6,BASE,POWER,32.7,J000005,1,1,32.7
m3-periodic,ee0bec387c023d5d0ab8464c286e0564fdf9e899852c4db249384f154598db79,20260916,0.10.0,940,supply,demands,False,6,6,D3,7,BASE,POWER,32.800000000000004,J000004,1,1,32.800000000000004
m3-periodic,ee0bec387c023d5d0ab8464c286e0564fdf9e899852c4db249384f154598db79,20260916,0.10.0,940,supply,demands,False,6,6,D4,10,BASE,POWER,56.800000000000004,J000008,1,1,56.800000000000004
m3-periodic,ee0bec387c023d5d0ab8464c286e0564fdf9e899852c4db249384f154598db79,20260916,0.10.0,940,supply,demands,False,6,6,D5,11,BASE,POWER,60.7,J000012,1,1,60.7
m3-periodic,ee0bec387c023d5d0ab8464c286e0564fdf9e899852c4db249384f154598db79,20260916,0.10.0,940,supply,demands,False,6,6,D6,12,BASE,POWER,60.800000000000004,J000011,1,1,64.5
m3-periodic,ee0bec387c023d5d0ab8464c286e0564fdf9e899852c4db249384f154598db79,20260916,0.10.0,941,supply,demands,False,4,4,D1,3,BASE,POWER,32.800000000000004,J000003,1,1,32.800000000000004
m3-periodic,ee0bec387c023d5d0ab8464c286e0564fdf9e899852c4db249384f154598db79,20260916,0.10.0,941,supply,demands,False,4,4,D2,6,BASE,POWER,56.7,J000007,1,1,56.7
m3-periodic,ee0bec387c023d5d0ab8464c286e0564fdf9e899852c4db249384f154598db79,20260916,0.10.0,941,supply,demands,False,4,4,D3,7,BASE,POWER,56.800000000000004,J000006,1,1,56.800000000000004
m3-periodic,ee0bec387c023d5d0ab8464c286e0564fdf9e899852c4db249384f154598db79,20260916,0.10.0,941,supply,demands,False,4,4,D4,8,BASE,POWER,60.7,J000011,1,1,64.5
m3-periodic,ee0bec387c023d5d0ab8464c286e0564fdf9e899852c4db249384f154598db79,20260916,0.10.0,942,supply,demands,False,3,3,D1,3,BASE,POWER,16.700000000000003,J000003,1,1,16.700000000000003
m3-periodic,ee0bec387c023d5d0ab8464c286e0564fdf9e899852c4db249384f154598db79,20260916,0.10.0,942,supply,demands,False,3,3,D2,6,BASE,POWER,40.7,J000006,1,1,40.7
m3-periodic,ee0bec387c023d5d0ab8464c286e0564fdf9e899852c4db249384f154598db79,20260916,0.10.0,942,supply,demands,False,3,3,D3,9,BASE,POWER,56.800000000000004,J000008,1,1,56.800000000000004
m3-periodic,ee0bec387c023d5d0ab8464c286e0564fdf9e899852c4db249384f154598db79,20260916,0.10.0,943,supply,demands,False,5,5,D1,3,BASE,POWER,16.800000000000004,J000001,1,1,16.800000000000004
m3-periodic,ee0bec387c023d5d0ab8464c286e0564fdf9e899852c4db249384f154598db79,20260916,0.10.0,943,supply,demands,False,5,5,D2,6,BASE,POWER,32.7,J000005,1,1,32.7
m3-periodic,ee0bec387c023d5d0ab8464c286e0564fdf9e899852c4db249384f154598db79,20260916,0.10.0,943,supply,demands,False,5,5,D3,7,BASE,POWER,32.800000000000004,J000004,1,1,32.800000000000004
m3-periodic,ee0bec387c023d5d0ab8464c286e0564fdf9e899852c4db249384f154598db79,20260916,0.10.0,943,supply,demands,False,5,5,D4,10,BASE,POWER,56.7,J000010,1,1,56.7
m3-periodic,ee0bec387c023d5d0ab8464c286e0564fdf9e899852c4db249384f154598db79,20260916,0.10.0,943,supply,demands,False,5,5,D5,11,BASE,POWER,60.7,J000012,1,1,60.7
m3-periodic,ee0bec387c023d5d0ab8464c286e0564fdf9e899852c4db249384f154598db79,20260916,0.10.0,944,supply,demands,False,6,6,D1,3,BASE,POWER,32.7,J000004,1,1,32.7
m3-periodic,ee0bec387c023d5d0ab8464c286e0564fdf9e899852c4db249384f154598db79,20260916,0.10.0,944,supply,demands,False,6,6,D2,4,BASE,POWER,32.800000000000004,J000003,1,1,32.800000000000004
m3-periodic,ee0bec387c023d5d0ab8464c286e0564fdf9e899852c4db249384f154598db79,20260916,0.10.0,944,supply,demands,False,6,6,D3,5,BASE,POWER,36.7,J000007,1,1,40.5
m3-periodic,ee0bec387c023d5d0ab8464c286e0564fdf9e899852c4db249384f154598db79,20260916,0.10.0,944,supply,demands,False,6,6,D4,8,BASE,POWER,56.7,J000009,1,1,56.7
m3-periodic,ee0bec387c023d5d0ab8464c286e0564fdf9e899852c4db249384f154598db79,20260916,0.10.0,944,supply,demands,False,6,6,D5,9,BASE,POWER,60.7,J000012,1,1,60.7
m3-periodic,ee0bec387c023d5d0ab8464c286e0564fdf9e899852c4db249384f154598db79,20260916,0.10.0,944,supply,demands,False,6,6,D6,12,BASE,POWER,64.69999999999999,J000014,1,1,64.69999999999999
m3-periodic,ee0bec387c023d5d0ab8464c286e0564fdf9e899852c4db249384f154598db79,20260916,0.10.0,945,supply,demands,False,6,6,D1,3,BASE,POWER,10.327092886819443,J000001,1,1,10.327092886819443
m3-periodic,ee0bec387c023d5d0ab8464c286e0564fdf9e899852c4db249384f154598db79,20260916,0.10.0,945,supply,demands,False,6,6,D2,6,BASE,POWER,16.700000000000003,J000004,1,1,16.700000000000003
m3-periodic,ee0bec387c023d5d0ab8464c286e0564fdf9e899852c4db249384f154598db79,20260916,0.10.0,945,supply,demands,False,6,6,D3,7,BASE,POWER,16.800000000000004,J000003,1,1,16.800000000000004
m3-periodic,ee0bec387c023d5d0ab8464c286e0564fdf9e899852c4db249384f154598db79,20260916,0.10.0,945,supply,demands,False,6,6,D4,10,BASE,POWER,40.7,J000008,1,1,40.7
m3-periodic,ee0bec387c023d5d0ab8464c286e0564fdf9e899852c4db249384f154598db79,20260916,0.10.0,945,supply,demands,False,6,6,D5,13,BASE,POWER,56.7,J000011,1,1,56.7
m3-periodic,ee0bec387c023d5d0ab8464c286e0564fdf9e899852c4db249384f154598db79,20260916,0.10.0,945,supply,demands,False,6,6,D6,14,BASE,POWER,63.24914947875452,J000014,1,1,63.24914947875452
m3-periodic,ee0bec387c023d5d0ab8464c286e0564fdf9e899852c4db249384f154598db79,20260916,0.10.0,946,supply,demands,False,4,4,D1,3,BASE,POWER,16.700000000000003,J000002,1,1,16.700000000000003
m3-periodic,ee0bec387c023d5d0ab8464c286e0564fdf9e899852c4db249384f154598db79,20260916,0.10.0,946,supply,demands,False,4,4,D2,4,BASE,POWER,16.800000000000004,J000001,1,1,16.800000000000004
m3-periodic,ee0bec387c023d5d0ab8464c286e0564fdf9e899852c4db249384f154598db79,20260916,0.10.0,946,supply,demands,False,4,4,D3,7,BASE,POWER,56.7,J000008,1,1,56.7
m3-periodic,ee0bec387c023d5d0ab8464c286e0564fdf9e899852c4db249384f154598db79,20260916,0.10.0,946,supply,demands,False,4,4,D4,8,BASE,POWER,56.800000000000004,J000007,1,1,56.800000000000004
m3-periodic,ee0bec387c023d5d0ab8464c286e0564fdf9e899852c4db249384f154598db79,20260916,0.10.0,947,supply,demands,False,4,4,D1,3,BASE,POWER,16.700000000000003,J000002,1,1,16.700000000000003
m3-periodic,ee0bec387c023d5d0ab8464c286e0564fdf9e899852c4db249384f154598db79,20260916,0.10.0,947,supply,demands,False,4,4,D2,6,BASE,POWER,31.712948788319146,J000006,1,1,31.712948788319146
m3-periodic,ee0bec387c023d5d0ab8464c286e0564fdf9e899852c4db249384f154598db79,20260916,0.10.0,947,supply,demands,False,4,4,D3,9,BASE,POWER,56.7,J000009,1,1,56.7
m3-periodic,ee0bec387c023d5d0ab8464c286e0564fdf9e899852c4db249384f154598db79,20260916,0.10.0,947,supply,demands,False,4,4,D4,10,BASE,POWER,56.800000000000004,J000008,1,1,56.800000000000004
m3-periodic,ee0bec387c023d5d0ab8464c286e0564fdf9e899852c4db249384f154598db79,20260916,0.10.0,948,supply,demands,False,3,3,D1,3,BASE,POWER,16.700000000000003,J000002,1,1,16.700000000000003
m3-periodic,ee0bec387c023d5d0ab8464c286e0564fdf9e899852c4db249384f154598db79,20260916,0.10.0,948,supply,demands,False,3,3,D2,6,BASE,POWER,32.7,J000005,1,1,32.7
m3-periodic,ee0bec387c023d5d0ab8464c286e0564fdf9e899852c4db249384f154598db79,20260916,0.10.0,948,supply,demands,False,3,3,D3,9,BASE,POWER,56.7,J000008,1,1,56.7
m3-periodic,ee0bec387c023d5d0ab8464c286e0564fdf9e899852c4db249384f154598db79,20260916,0.10.0,949,supply,demands,False,3,3,D1,3,BASE,POWER,16.700000000000003,J000002,1,1,16.700000000000003
m3-periodic,ee0bec387c023d5d0ab8464c286e0564fdf9e899852c4db249384f154598db79,20260916,0.10.0,949,supply,demands,False,3,3,D2,6,BASE,POWER,56.7,J000007,1,1,56.7
m3-periodic,ee0bec387c023d5d0ab8464c286e0564fdf9e899852c4db249384f154598db79,20260916,0.10.0,949,supply,demands,False,3,3,D3,7,BASE,POWER,60.7,J000010,1,1,60.7
m3-periodic,ee0bec387c023d5d0ab8464c286e0564fdf9e899852c4db249384f154598db79,20260916,0.10.0,950,supply,demands,False,5,5,D1,3,BASE,POWER,16.800000000000004,J000001,1,1,16.800000000000004
m3-periodic,ee0bec387c023d5d0ab8464c286e0564fdf9e899852c4db249384f154598db79,20260916,0.10.0,950,supply,demands,False,5,5,D2,6,BASE,POWER,32.7,J000005,1,1,32.7
m3-periodic,ee0bec387c023d5d0ab8464c286e0564fdf9e899852c4db249384f154598db79,20260916,0.10.0,950,supply,demands,False,5,5,D3,9,BASE,POWER,56.800000000000004,J000007,1,1,56.800000000000004
m3-periodic,ee0bec387c023d5d0ab8464c286e0564fdf9e899852c4db249384f154598db79,20260916,0.10.0,950,supply,demands,False,5,5,D4,10,BASE,POWER,60.17693038522457,J000011,1,1,60.17693038522457
m3-periodic,ee0bec387c023d5d0ab8464c286e0564fdf9e899852c4db249384f154598db79,20260916,0.10.0,950,supply,demands,False,5,5,D5,11,BASE,POWER,60.276930385224574,J000012,1,1,64.5
m3-periodic,ee0bec387c023d5d0ab8464c286e0564fdf9e899852c4db249384f154598db79,20260916,0.10.0,952,supply,demands,False,6,6,D1,3,BASE,POWER,16.700000000000003,J000002,1,1,16.700000000000003
m3-periodic,ee0bec387c023d5d0ab8464c286e0564fdf9e899852c4db249384f154598db79,20260916,0.10.0,952,supply,demands,False,6,6,D2,4,BASE,POWER,16.800000000000004,J000001,1,1,16.800000000000004
m3-periodic,ee0bec387c023d5d0ab8464c286e0564fdf9e899852c4db249384f154598db79,20260916,0.10.0,952,supply,demands,False,6,6,D3,7,BASE,POWER,31.367571025359016,J000006,1,1,31.367571025359016
m3-periodic,ee0bec387c023d5d0ab8464c286e0564fdf9e899852c4db249384f154598db79,20260916,0.10.0,952,supply,demands,False,6,6,D4,10,BASE,POWER,56.7,J000010,1,1,56.7
m3-periodic,ee0bec387c023d5d0ab8464c286e0564fdf9e899852c4db249384f154598db79,20260916,0.10.0,952,supply,demands,False,6,6,D5,11,BASE,POWER,60.7,J000013,1,1,60.7
m3-periodic,ee0bec387c023d5d0ab8464c286e0564fdf9e899852c4db249384f154598db79,20260916,0.10.0,952,supply,demands,False,6,6,D6,12,BASE,POWER,60.800000000000004,J000012,1,1,64.5
m3-periodic,ee0bec387c023d5d0ab8464c286e0564fdf9e899852c4db249384f154598db79,20260916,0.10.0,953,supply,demands,False,3,3,D1,3,BASE,POWER,40.7,J000006,1,1,40.7
m3-periodic,ee0bec387c023d5d0ab8464c286e0564fdf9e899852c4db249384f154598db79,20260916,0.10.0,953,supply,demands,False,3,3,D2,6,BASE,POWER,56.7,J000009,1,1,56.7
m3-periodic,ee0bec387c023d5d0ab8464c286e0564fdf9e899852c4db249384f154598db79,20260916,0.10.0,953,supply,demands,False,3,3,D3,7,BASE,POWER,60.7,J000011,1,1,60.7
m3-periodic,ee0bec387c023d5d0ab8464c286e0564fdf9e899852c4db249384f154598db79,20260916,0.10.0,954,supply,demands,False,6,6,D1,3,BASE,POWER,16.700000000000003,J000002,1,1,16.700000000000003
m3-periodic,ee0bec387c023d5d0ab8464c286e0564fdf9e899852c4db249384f154598db79,20260916,0.10.0,954,supply,demands,False,6,6,D2,4,BASE,POWER,16.800000000000004,J000001,1,1,16.800000000000004
m3-periodic,ee0bec387c023d5d0ab8464c286e0564fdf9e899852c4db249384f154598db79,20260916,0.10.0,954,supply,demands,False,6,6,D3,7,BASE,POWER,32.7,J000006,1,1,32.7
m3-periodic,ee0bec387c023d5d0ab8464c286e0564fdf9e899852c4db249384f154598db79,20260916,0.10.0,954,supply,demands,False,6,6,D4,10,BASE,POWER,56.7,J000009,1,1,56.7
m3-periodic,ee0bec387c023d5d0ab8464c286e0564fdf9e899852c4db249384f154598db79,20260916,0.10.0,954,supply,demands,False,6,6,D5,11,BASE,POWER,56.800000000000004,J000008,1,1,56.800000000000004
m3-periodic,ee0bec387c023d5d0ab8464c286e0564fdf9e899852c4db249384f154598db79,20260916,0.10.0,954,supply,demands,False,6,6,D6,12,BASE,POWER,60.800000000000004,J000012,1,1,64.5
m3-periodic,ee0bec387c023d5d0ab8464c286e0564fdf9e899852c4db249384f154598db79,20260916,0.10.0,955,supply,demands,False,5,5,D1,3,BASE,POWER,16.700000000000003,J000002,1,1,16.700000000000003
m3-periodic,ee0bec387c023d5d0ab8464c286e0564fdf9e899852c4db249384f154598db79,20260916,0.10.0,955,supply,demands,False,5,5,D2,4,BASE,POWER,16.800000000000004,J000001,1,1,16.800000000000004
m3-periodic,ee0bec387c023d5d0ab8464c286e0564fdf9e899852c4db249384f154598db79,20260916,0.10.0,955,supply,demands,False,5,5,D3,7,BASE,POWER,32.800000000000004,J000005,1,1,32.800000000000004
m3-periodic,ee0bec387c023d5d0ab8464c286e0564fdf9e899852c4db249384f154598db79,20260916,0.10.0,955,supply,demands,False,5,5,D4,10,BASE,POWER,60.7,J000011,1,1,60.7
m3-periodic,ee0bec387c023d5d0ab8464c286e0564fdf9e899852c4db249384f154598db79,20260916,0.10.0,955,supply,demands,False,5,5,D5,11,BASE,POWER,60.800000000000004,J000010,1,1,60.800000000000004
m3-periodic,ee0bec387c023d5d0ab8464c286e0564fdf9e899852c4db249384f154598db79,20260916,0.10.0,956,supply,demands,False,7,7,D1,3,BASE,POWER,16.700000000000003,J000002,1,1,16.700000000000003
m3-periodic,ee0bec387c023d5d0ab8464c286e0564fdf9e899852c4db249384f154598db79,20260916,0.10.0,956,supply,demands,False,7,7,D2,4,BASE,POWER,16.800000000000004,J000001,1,1,16.800000000000004
m3-periodic,ee0bec387c023d5d0ab8464c286e0564fdf9e899852c4db249384f154598db79,20260916,0.10.0,956,supply,demands,False,7,7,D3,7,BASE,POWER,32.7,J000006,1,1,32.7
m3-periodic,ee0bec387c023d5d0ab8464c286e0564fdf9e899852c4db249384f154598db79,20260916,0.10.0,956,supply,demands,False,7,7,D4,10,BASE,POWER,55.31731051239765,J000009,1,1,55.31731051239765
m3-periodic,ee0bec387c023d5d0ab8464c286e0564fdf9e899852c4db249384f154598db79,20260916,0.10.0,956,supply,demands,False,7,7,D5,11,BASE,POWER,55.41731051239765,J000010,1,1,55.41731051239765
m3-periodic,ee0bec387c023d5d0ab8464c286e0564fdf9e899852c4db249384f154598db79,20260916,0.10.0,956,supply,demands,False,7,7,D6,14,BASE,POWER,60.7,J000014,1,1,60.7
m3-periodic,ee0bec387c023d5d0ab8464c286e0564fdf9e899852c4db249384f154598db79,20260916,0.10.0,956,supply,demands,False,7,7,D7,15,BASE,POWER,60.800000000000004,J000013,1,1,60.800000000000004
m3-periodic,ee0bec387c023d5d0ab8464c286e0564fdf9e899852c4db249384f154598db79,20260916,0.10.0,957,supply,demands,False,3,3,D1,3,BASE,POWER,16.700000000000003,J000002,1,1,16.700000000000003
m3-periodic,ee0bec387c023d5d0ab8464c286e0564fdf9e899852c4db249384f154598db79,20260916,0.10.0,957,supply,demands,False,3,3,D2,4,BASE,POWER,16.800000000000004,J000001,1,1,16.800000000000004
m3-periodic,ee0bec387c023d5d0ab8464c286e0564fdf9e899852c4db249384f154598db79,20260916,0.10.0,957,supply,demands,False,3,3,D3,7,BASE,POWER,32.7,J000005,1,1,32.7
m3-periodic,ee0bec387c023d5d0ab8464c286e0564fdf9e899852c4db249384f154598db79,20260916,0.10.0,958,supply,demands,False,3,3,D1,3,BASE,POWER,16.800000000000004,J000001,1,1,16.800000000000004
m3-periodic,ee0bec387c023d5d0ab8464c286e0564fdf9e899852c4db249384f154598db79,20260916,0.10.0,958,supply,demands,False,3,3,D2,6,BASE,POWER,32.800000000000004,J000004,1,1,32.800000000000004
m3-periodic,ee0bec387c023d5d0ab8464c286e0564fdf9e899852c4db249384f154598db79,20260916,0.10.0,958,supply,demands,False,3,3,D3,9,BASE,POWER,60.7,J000011,1,1,60.7
m3-periodic,ee0bec387c023d5d0ab8464c286e0564fdf9e899852c4db249384f154598db79,20260916,0.10.0,959,supply,demands,False,6,6,D1,3,BASE,POWER,16.700000000000003,J000002,1,1,16.700000000000003
m3-periodic,ee0bec387c023d5d0ab8464c286e0564fdf9e899852c4db249384f154598db79,20260916,0.10.0,959,supply,demands,False,6,6,D2,4,BASE,POWER,16.800000000000004,J000001,1,1,16.800000000000004
m3-periodic,ee0bec387c023d5d0ab8464c286e0564fdf9e899852c4db249384f154598db79,20260916,0.10.0,959,supply,demands,False,6,6,D3,7,BASE,POWER,32.800000000000004,J000005,1,1,32.800000000000004
m3-periodic,ee0bec387c023d5d0ab8464c286e0564fdf9e899852c4db249384f154598db79,20260916,0.10.0,959,supply,demands,False,6,6,D4,10,BASE,POWER,56.7,J000009,1,1,56.7
m3-periodic,ee0bec387c023d5d0ab8464c286e0564fdf9e899852c4db249384f154598db79,20260916,0.10.0,959,supply,demands,False,6,6,D5,11,BASE,POWER,56.800000000000004,J000008,1,1,56.800000000000004
m3-periodic,ee0bec387c023d5d0ab8464c286e0564fdf9e899852c4db249384f154598db79,20260916,0.10.0,959,supply,demands,False,6,6,D6,12,BASE,POWER,60.7,J000013,1,1,64.5
m3-periodic,ee0bec387c023d5d0ab8464c286e0564fdf9e899852c4db249384f154598db79,20260916,0.10.0,960,supply,demands,False,4,4,D1,3,BASE,POWER,16.700000000000003,J000002,1,1,16.700000000000003
m3-periodic,ee0bec387c023d5d0ab8464c286e0564fdf9e899852c4db249384f154598db79,20260916,0.10.0,960,supply,demands,False,4,4,D2,4,BASE,POWER,16.800000000000004,J000001,1,1,16.800000000000004
m3-periodic,ee0bec387c023d5d0ab8464c286e0564fdf9e899852c4db249384f154598db79,20260916,0.10.0,960,supply,demands,False,4,4,D3,7,BASE,POWER,55.32617639071237,J000009,1,1,55.32617639071237
m3-periodic,ee0bec387c023d5d0ab8464c286e0564fdf9e899852c4db249384f154598db79,20260916,0.10.0,960,supply,demands,False,4,4,D4,10,BASE,POWER,64.69999999999999,J000013,1,1,64.69999999999999
m3-periodic,ee0bec387c023d5d0ab8464c286e0564fdf9e899852c4db249384f154598db79,20260916,0.10.0,961,supply,demands,False,4,4,D1,3,BASE,POWER,32.800000000000004,J000004,1,1,32.800000000000004
m3-periodic,ee0bec387c023d5d0ab8464c286e0564fdf9e899852c4db249384f154598db79,20260916,0.10.0,961,supply,demands,False,4,4,D2,6,BASE,POWER,56.7,J000008,1,1,56.7
m3-periodic,ee0bec387c023d5d0ab8464c286e0564fdf9e899852c4db249384f154598db79,20260916,0.10.0,961,supply,demands,False,4,4,D3,7,BASE,POWER,56.800000000000004,J000007,1,1,56.800000000000004
m3-periodic,ee0bec387c023d5d0ab8464c286e0564fdf9e899852c4db249384f154598db79,20260916,0.10.0,961,supply,demands,False,4,4,D4,8,BASE,POWER,60.800000000000004,J000011,1,1,64.5
m3-periodic,ee0bec387c023d5d0ab8464c286e0564fdf9e899852c4db249384f154598db79,20260916,0.10.0,962,supply,demands,False,6,6,D1,3,BASE,POWER,16.700000000000003,J000002,1,1,16.700000000000003
m3-periodic,ee0bec387c023d5d0ab8464c286e0564fdf9e899852c4db249384f154598db79,20260916,0.10.0,962,supply,demands,False,6,6,D2,4,BASE,POWER,16.800000000000004,J000001,1,1,16.800000000000004
m3-periodic,ee0bec387c023d5d0ab8464c286e0564fdf9e899852c4db249384f154598db79,20260916,0.10.0,962,supply,demands,False,6,6,D3,7,BASE,POWER,32.7,J000006,1,1,32.7
m3-periodic,ee0bec387c023d5d0ab8464c286e0564fdf9e899852c4db249384f154598db79,20260916,0.10.0,962,supply,demands,False,6,6,D4,10,BASE,POWER,56.7,J000010,1,1,56.7
m3-periodic,ee0bec387c023d5d0ab8464c286e0564fdf9e899852c4db249384f154598db79,20260916,0.10.0,962,supply,demands,False,6,6,D5,11,BASE,POWER,56.800000000000004,J000009,1,1,56.800000000000004
m3-periodic,ee0bec387c023d5d0ab8464c286e0564fdf9e899852c4db249384f154598db79,20260916,0.10.0,962,supply,demands,False,6,6,D6,12,BASE,POWER,60.7,J000013,1,1,64.5
m3-periodic,ee0bec387c023d5d0ab8464c286e0564fdf9e899852c4db249384f154598db79,20260916,0.10.0,963,supply,demands,False,5,5,D1,3,BASE,POWER,16.700000000000003,J000002,1,1,16.700000000000003
m3-periodic,ee0bec387c023d5d0ab8464c286e0564fdf9e899852c4db249384f154598db79,20260916,0.10.0,963,supply,demands,False,5,5,D2,6,BASE,POWER,32.800000000000004,J000004,1,1,32.800000000000004
m3-periodic,ee0bec387c023d5d0ab8464c286e0564fdf9e899852c4db249384f154598db79,20260916,0.10.0,963,supply,demands,False,5,5,D3,9,BASE,POWER,56.800000000000004,J000007,1,1,56.800000000000004
m3-periodic,ee0bec387c023d5d0ab8464c286e0564fdf9e899852c4db249384f154598db79,20260916,0.10.0,963,supply,demands,False,5,5,D4,10,BASE,POWER,60.7,J000011,1,1,60.7
m3-periodic,ee0bec387c023d5d0ab8464c286e0564fdf9e899852c4db249384f154598db79,20260916,0.10.0,963,supply,demands,False,5,5,D5,11,BASE,POWER,60.800000000000004,J000010,1,1,64.5
m3-periodic,ee0bec387c023d5d0ab8464c286e0564fdf9e899852c4db249384f154598db79,20260916,0.10.0,964,supply,demands,False,4,4,D1,3,BASE,POWER,32.7,J000004,1,1,32.7
m3-periodic,ee0bec387c023d5d0ab8464c286e0564fdf9e899852c4db249384f154598db79,20260916,0.10.0,964,supply,demands,False,4,4,D2,6,BASE,POWER,56.800000000000004,J000006,1,1,56.800000000000004
m3-periodic,ee0bec387c023d5d0ab8464c286e0564fdf9e899852c4db249384f154598db79,20260916,0.10.0,964,supply,demands,False,4,4,D3,7,BASE,POWER,60.23512113764647,J000010,1,1,60.23512113764647
m3-periodic,ee0bec387c023d5d0ab8464c286e0564fdf9e899852c4db249384f154598db79,20260916,0.10.0,964,supply,demands,False,4,4,D4,8,BASE,POWER,60.335121137646475,J000011,1,1,64.5
m3-periodic,ee0bec387c023d5d0ab8464c286e0564fdf9e899852c4db249384f154598db79,20260916,0.10.0,965,supply,demands,False,5,5,D1,3,BASE,POWER,16.700000000000003,J000002,1,1,16.700000000000003
m3-periodic,ee0bec387c023d5d0ab8464c286e0564fdf9e899852c4db249384f154598db79,20260916,0.10.0,965,supply,demands,False,5,5,D2,4,BASE,POWER,16.800000000000004,J000001,1,1,16.800000000000004
m3-periodic,ee0bec387c023d5d0ab8464c286e0564fdf9e899852c4db249384f154598db79,20260916,0.10.0,965,supply,demands,False,5,5,D3,7,BASE,POWER,32.7,J000006,1,1,32.7
m3-periodic,ee0bec387c023d5d0ab8464c286e0564fdf9e899852c4db249384f154598db79,20260916,0.10.0,965,supply,demands,False,5,5,D4,10,BASE,POWER,60.7,J000011,1,1,60.7
m3-periodic,ee0bec387c023d5d0ab8464c286e0564fdf9e899852c4db249384f154598db79,20260916,0.10.0,965,supply,demands,False,5,5,D5,11,BASE,POWER,60.800000000000004,J000010,1,1,60.800000000000004
m3-periodic,ee0bec387c023d5d0ab8464c286e0564fdf9e899852c4db249384f154598db79,20260916,0.10.0,966,supply,demands,False,4,4,D1,3,BASE,POWER,16.700000000000003,J000002,1,1,16.700000000000003
m3-periodic,ee0bec387c023d5d0ab8464c286e0564fdf9e899852c4db249384f154598db79,20260916,0.10.0,966,supply,demands,False,4,4,D2,4,BASE,POWER,16.800000000000004,J000001,1,1,16.800000000000004
m3-periodic,ee0bec387c023d5d0ab8464c286e0564fdf9e899852c4db249384f154598db79,20260916,0.10.0,966,supply,demands,False,4,4,D3,7,BASE,POWER,32.7,J000006,1,1,32.7
m3-periodic,ee0bec387c023d5d0ab8464c286e0564fdf9e899852c4db249384f154598db79,20260916,0.10.0,966,supply,demands,False,4,4,D4,10,BASE,POWER,60.7,J000011,1,1,60.7
m3-periodic,ee0bec387c023d5d0ab8464c286e0564fdf9e899852c4db249384f154598db79,20260916,0.10.0,967,supply,demands,False,5,5,D1,3,BASE,POWER,16.700000000000003,J000002,1,1,16.700000000000003
m3-periodic,ee0bec387c023d5d0ab8464c286e0564fdf9e899852c4db249384f154598db79,20260916,0.10.0,967,supply,demands,False,5,5,D2,6,BASE,POWER,56.7,J000007,1,1,56.7
m3-periodic,ee0bec387c023d5d0ab8464c286e0564fdf9e899852c4db249384f154598db79,20260916,0.10.0,967,supply,demands,False,5,5,D3,7,BASE,POWER,56.800000000000004,J000006,1,1,56.800000000000004
m3-periodic,ee0bec387c023d5d0ab8464c286e0564fdf9e899852c4db249384f154598db79,20260916,0.10.0,967,supply,demands,False,5,5,D4,8,BASE,POWER,60.7,J000011,1,1,64.5
m3-periodic,ee0bec387c023d5d0ab8464c286e0564fdf9e899852c4db249384f154598db79,20260916,0.10.0,967,supply,demands,False,5,5,D5,9,BASE,POWER,60.800000000000004,J000010,1,1,64.5
m3-periodic,ee0bec387c023d5d0ab8464c286e0564fdf9e899852c4db249384f154598db79,20260916,0.10.0,968,supply,demands,False,7,7,D1,3,BASE,POWER,8.7,J000001,1,1,8.7
m3-periodic,ee0bec387c023d5d0ab8464c286e0564fdf9e899852c4db249384f154598db79,20260916,0.10.0,968,supply,demands,False,7,7,D2,6,BASE,POWER,16.700000000000003,J000003,1,1,16.700000000000003
m3-periodic,ee0bec387c023d5d0ab8464c286e0564fdf9e899852c4db249384f154598db79,20260916,0.10.0,968,supply,demands,False,7,7,D3,9,BASE,POWER,32.7,J000006,1,1,32.7
m3-periodic,ee0bec387c023d5d0ab8464c286e0564fdf9e899852c4db249384f154598db79,20260916,0.10.0,968,supply,demands,False,7,7,D4,10,BASE,POWER,32.800000000000004,J000005,1,1,32.800000000000004
m3-periodic,ee0bec387c023d5d0ab8464c286e0564fdf9e899852c4db249384f154598db79,20260916,0.10.0,968,supply,demands,False,7,7,D5,11,BASE,POWER,36.7,J000009,1,1,40.5
m3-periodic,ee0bec387c023d5d0ab8464c286e0564fdf9e899852c4db249384f154598db79,20260916,0.10.0,968,supply,demands,False,7,7,D6,14,BASE,POWER,60.7,J000013,1,1,60.7
m3-periodic,ee0bec387c023d5d0ab8464c286e0564fdf9e899852c4db249384f154598db79,20260916,0.10.0,968,supply,demands,False,7,7,D7,17,BASE,POWER,64.69999999999999,J000015,1,1,64.69999999999999
m3-periodic,ee0bec387c023d5d0ab8464c286e0564fdf9e899852c4db249384f154598db79,20260916,0.10.0,969,supply,demands,False,4,4,D1,3,BASE,POWER,16.700000000000003,J000002,1,1,16.700000000000003
m3-periodic,ee0bec387c023d5d0ab8464c286e0564fdf9e899852c4db249384f154598db79,20260916,0.10.0,969,supply,demands,False,4,4,D2,4,BASE,POWER,16.800000000000004,J000001,1,1,16.800000000000004
m3-periodic,ee0bec387c023d5d0ab8464c286e0564fdf9e899852c4db249384f154598db79,20260916,0.10.0,969,supply,demands,False,4,4,D3,7,BASE,POWER,32.7,J000006,1,1,32.7
m3-periodic,ee0bec387c023d5d0ab8464c286e0564fdf9e899852c4db249384f154598db79,20260916,0.10.0,969,supply,demands,False,4,4,D4,8,BASE,POWER,32.800000000000004,J000005,1,1,32.800000000000004
m3-periodic,ee0bec387c023d5d0ab8464c286e0564fdf9e899852c4db249384f154598db79,20260916,0.10.0,970,supply,demands,False,5,5,D1,3,BASE,POWER,16.700000000000003,J000002,1,1,16.700000000000003
m3-periodic,ee0bec387c023d5d0ab8464c286e0564fdf9e899852c4db249384f154598db79,20260916,0.10.0,970,supply,demands,False,5,5,D2,6,BASE,POWER,30.20105110078162,J000004,1,1,30.20105110078162
m3-periodic,ee0bec387c023d5d0ab8464c286e0564fdf9e899852c4db249384f154598db79,20260916,0.10.0,970,supply,demands,False,5,5,D3,9,BASE,POWER,56.7,J000008,1,1,56.7
m3-periodic,ee0bec387c023d5d0ab8464c286e0564fdf9e899852c4db249384f154598db79,20260916,0.10.0,970,supply,demands,False,5,5,D4,10,BASE,POWER,56.800000000000004,J000007,1,1,56.800000000000004
m3-periodic,ee0bec387c023d5d0ab8464c286e0564fdf9e899852c4db249384f154598db79,20260916,0.10.0,970,supply,demands,False,5,5,D5,11,BASE,POWER,60.7,J000011,1,1,64.5
m3-periodic,ee0bec387c023d5d0ab8464c286e0564fdf9e899852c4db249384f154598db79,20260916,0.10.0,971,supply,demands,False,4,4,D1,3,BASE,POWER,16.700000000000003,J000002,1,1,16.700000000000003
m3-periodic,ee0bec387c023d5d0ab8464c286e0564fdf9e899852c4db249384f154598db79,20260916,0.10.0,971,supply,demands,False,4,4,D2,6,BASE,POWER,32.800000000000004,J000004,1,1,32.800000000000004
m3-periodic,ee0bec387c023d5d0ab8464c286e0564fdf9e899852c4db249384f154598db79,20260916,0.10.0,971,supply,demands,False,4,4,D3,9,BASE,POWER,56.800000000000004,J000008,1,1,56.800000000000004
m3-periodic,ee0bec387c023d5d0ab8464c286e0564fdf9e899852c4db249384f154598db79,20260916,0.10.0,971,supply,demands,False,4,4,D4,10,BASE,POWER,60.7,J000011,1,1,60.7
m3-periodic,ee0bec387c023d5d0ab8464c286e0564fdf9e899852c4db249384f154598db79,20260916,0.10.0,972,supply,demands,False,3,3,D1,3,BASE,POWER,16.800000000000004,J000001,1,1,16.800000000000004
m3-periodic,ee0bec387c023d5d0ab8464c286e0564fdf9e899852c4db249384f154598db79,20260916,0.10.0,972,supply,demands,False,3,3,D2,6,BASE,POWER,32.7,J000005,1,1,32.7
m3-periodic,ee0bec387c023d5d0ab8464c286e0564fdf9e899852c4db249384f154598db79,20260916,0.10.0,972,supply,demands,False,3,3,D3,9,BASE,POWER,54.3458953044276,J000008,1,1,54.3458953044276
m3-periodic,ee0bec387c023d5d0ab8464c286e0564fdf9e899852c4db249384f154598db79,20260916,0.10.0,973,supply,demands,False,6,6,D1,3,BASE,POWER,16.700000000000003,J000002,1,1,16.700000000000003
m3-periodic,ee0bec387c023d5d0ab8464c286e0564fdf9e899852c4db249384f154598db79,20260916,0.10.0,973,supply,demands,False,6,6,D2,4,BASE,POWER,16.800000000000004,J000003,1,1,16.800000000000004
m3-periodic,ee0bec387c023d5d0ab8464c286e0564fdf9e899852c4db249384f154598db79,20260916,0.10.0,973,supply,demands,False,6,6,D3,7,BASE,POWER,32.7,J000007,1,1,32.7
m3-periodic,ee0bec387c023d5d0ab8464c286e0564fdf9e899852c4db249384f154598db79,20260916,0.10.0,973,supply,demands,False,6,6,D4,8,BASE,POWER,39.640097879205165,J000009,1,1,39.640097879205165
m3-periodic,ee0bec387c023d5d0ab8464c286e0564fdf9e899852c4db249384f154598db79,20260916,0.10.0,973,supply,demands,False,6,6,D5,11,BASE,POWER,56.800000000000004,J000011,1,1,56.800000000000004
m3-periodic,ee0bec387c023d5d0ab8464c286e0564fdf9e899852c4db249384f154598db79,20260916,0.10.0,973,supply,demands,False,6,6,D6,14,BASE,POWER,64.50212070675914,J000015,1,1,64.50212070675914
m3-periodic,ee0bec387c023d5d0ab8464c286e0564fdf9e899852c4db249384f154598db79,20260916,0.10.0,974,supply,demands,False,5,5,D1,3,BASE,POWER,32.493032310222375,J000004,1,1,32.493032310222375
m3-periodic,ee0bec387c023d5d0ab8464c286e0564fdf9e899852c4db249384f154598db79,20260916,0.10.0,974,supply,demands,False,5,5,D2,4,BASE,POWER,32.59303231022238,J000005,1,1,32.59303231022238
m3-periodic,ee0bec387c023d5d0ab8464c286e0564fdf9e899852c4db249384f154598db79,20260916,0.10.0,974,supply,demands,False,5,5,D3,7,BASE,POWER,56.7,J000009,1,1,56.7
m3-periodic,ee0bec387c023d5d0ab8464c286e0564fdf9e899852c4db249384f154598db79,20260916,0.10.0,974,supply,demands,False,5,5,D4,8,BASE,POWER,60.7,J000012,1,1,60.7
m3-periodic,ee0bec387c023d5d0ab8464c286e0564fdf9e899852c4db249384f154598db79,20260916,0.10.0,974,supply,demands,False,5,5,D5,9,BASE,POWER,60.800000000000004,J000011,1,1,64.5
m3-periodic,ee0bec387c023d5d0ab8464c286e0564fdf9e899852c4db249384f154598db79,20260916,0.10.0,975,supply,demands,False,4,4,D1,3,BASE,POWER,16.700000000000003,J000002,1,1,16.700000000000003
m3-periodic,ee0bec387c023d5d0ab8464c286e0564fdf9e899852c4db249384f154598db79,20260916,0.10.0,975,supply,demands,False,4,4,D2,4,BASE,POWER,16.800000000000004,J000001,1,1,16.800000000000004
m3-periodic,ee0bec387c023d5d0ab8464c286e0564fdf9e899852c4db249384f154598db79,20260916,0.10.0,975,supply,demands,False,4,4,D3,7,BASE,POWER,32.43877738054352,J000007,1,1,32.43877738054352
m3-periodic,ee0bec387c023d5d0ab8464c286e0564fdf9e899852c4db249384f154598db79,20260916,0.10.0,975,supply,demands,False,4,4,D4,10,BASE,POWER,60.7,J000012,1,1,60.7
m3-periodic,ee0bec387c023d5d0ab8464c286e0564fdf9e899852c4db249384f154598db79,20260916,0.10.0,976,supply,demands,False,4,4,D1,3,BASE,POWER,16.800000000000004,J000001,1,1,16.800000000000004
m3-periodic,ee0bec387c023d5d0ab8464c286e0564fdf9e899852c4db249384f154598db79,20260916,0.10.0,976,supply,demands,False,4,4,D2,6,BASE,POWER,32.7,J000005,1,1,32.7
m3-periodic,ee0bec387c023d5d0ab8464c286e0564fdf9e899852c4db249384f154598db79,20260916,0.10.0,976,supply,demands,False,4,4,D3,9,BASE,POWER,56.7,J000008,1,1,56.7
m3-periodic,ee0bec387c023d5d0ab8464c286e0564fdf9e899852c4db249384f154598db79,20260916,0.10.0,976,supply,demands,False,4,4,D4,10,BASE,POWER,60.7,J000011,1,1,60.7
m3-periodic,ee0bec387c023d5d0ab8464c286e0564fdf9e899852c4db249384f154598db79,20260916,0.10.0,977,supply,demands,False,2,2,D1,3,BASE,POWER,16.700000000000003,J000002,1,1,16.700000000000003
m3-periodic,ee0bec387c023d5d0ab8464c286e0564fdf9e899852c4db249384f154598db79,20260916,0.10.0,977,supply,demands,False,2,2,D2,6,BASE,POWER,32.800000000000004,J000004,1,1,32.800000000000004
m3-periodic,ee0bec387c023d5d0ab8464c286e0564fdf9e899852c4db249384f154598db79,20260916,0.10.0,978,supply,demands,False,2,2,D1,3,BASE,POWER,60.7,J000008,1,1,60.7
m3-periodic,ee0bec387c023d5d0ab8464c286e0564fdf9e899852c4db249384f154598db79,20260916,0.10.0,978,supply,demands,False,2,2,D2,4,BASE,POWER,60.800000000000004,J000007,1,1,60.800000000000004
m3-periodic,ee0bec387c023d5d0ab8464c286e0564fdf9e899852c4db249384f154598db79,20260916,0.10.0,979,supply,demands,False,4,4,D1,3,BASE,POWER,16.700000000000003,J000002,1,1,16.700000000000003
m3-periodic,ee0bec387c023d5d0ab8464c286e0564fdf9e899852c4db249384f154598db79,20260916,0.10.0,979,supply,demands,False,4,4,D2,6,BASE,POWER,32.800000000000004,J000004,1,1,32.800000000000004
m3-periodic,ee0bec387c023d5d0ab8464c286e0564fdf9e899852c4db249384f154598db79,20260916,0.10.0,979,supply,demands,False,4,4,D3,9,BASE,POWER,56.7,J000008,1,1,56.7
m3-periodic,ee0bec387c023d5d0ab8464c286e0564fdf9e899852c4db249384f154598db79,20260916,0.10.0,979,supply,demands,False,4,4,D4,10,BASE,POWER,60.06535007622904,J000011,1,1,60.06535007622904
m3-periodic,ee0bec387c023d5d0ab8464c286e0564fdf9e899852c4db249384f154598db79,20260916,0.10.0,980,supply,demands,False,7,7,D1,3,BASE,POWER,16.700000000000003,J000002,1,1,16.700000000000003
m3-periodic,ee0bec387c023d5d0ab8464c286e0564fdf9e899852c4db249384f154598db79,20260916,0.10.0,980,supply,demands,False,7,7,D2,4,BASE,POWER,16.800000000000004,J000001,1,1,16.800000000000004
m3-periodic,ee0bec387c023d5d0ab8464c286e0564fdf9e899852c4db249384f154598db79,20260916,0.10.0,980,supply,demands,False,7,7,D3,7,BASE,POWER,32.7,J000006,1,1,32.7
m3-periodic,ee0bec387c023d5d0ab8464c286e0564fdf9e899852c4db249384f154598db79,20260916,0.10.0,980,supply,demands,False,7,7,D4,8,BASE,POWER,32.800000000000004,J000005,1,1,32.800000000000004
m3-periodic,ee0bec387c023d5d0ab8464c286e0564fdf9e899852c4db249384f154598db79,20260916,0.10.0,980,supply,demands,False,7,7,D5,11,BASE,POWER,56.7,J000010,1,1,56.7
m3-periodic,ee0bec387c023d5d0ab8464c286e0564fdf9e899852c4db249384f154598db79,20260916,0.10.0,980,supply,demands,False,7,7,D6,12,BASE,POWER,56.800000000000004,J000009,1,1,56.800000000000004
m3-periodic,ee0bec387c023d5d0ab8464c286e0564fdf9e899852c4db249384f154598db79,20260916,0.10.0,980,supply,demands,False,7,7,D7,13,BASE,POWER,60.7,J000014,1,1,64.5
m3-periodic,ee0bec387c023d5d0ab8464c286e0564fdf9e899852c4db249384f154598db79,20260916,0.10.0,981,supply,demands,False,7,7,D1,3,BASE,POWER,16.700000000000003,J000002,1,1,16.700000000000003
m3-periodic,ee0bec387c023d5d0ab8464c286e0564fdf9e899852c4db249384f154598db79,20260916,0.10.0,981,supply,demands,False,7,7,D2,4,BASE,POWER,16.800000000000004,J000001,1,1,16.800000000000004
m3-periodic,ee0bec387c023d5d0ab8464c286e0564fdf9e899852c4db249384f154598db79,20260916,0.10.0,981,supply,demands,False,7,7,D3,7,BASE,POWER,32.7,J000006,1,1,32.7
m3-periodic,ee0bec387c023d5d0ab8464c286e0564fdf9e899852c4db249384f154598db79,20260916,0.10.0,981,supply,demands,False,7,7,D4,10,BASE,POWER,56.7,J000009,1,1,56.7
m3-periodic,ee0bec387c023d5d0ab8464c286e0564fdf9e899852c4db249384f154598db79,20260916,0.10.0,981,supply,demands,False,7,7,D5,11,BASE,POWER,56.800000000000004,J000008,1,1,56.800000000000004
m3-periodic,ee0bec387c023d5d0ab8464c286e0564fdf9e899852c4db249384f154598db79,20260916,0.10.0,981,supply,demands,False,7,7,D6,12,BASE,POWER,60.7,J000013,1,1,64.5
m3-periodic,ee0bec387c023d5d0ab8464c286e0564fdf9e899852c4db249384f154598db79,20260916,0.10.0,981,supply,demands,False,7,7,D7,13,BASE,POWER,60.800000000000004,J000012,1,1,64.5
m3-periodic,ee0bec387c023d5d0ab8464c286e0564fdf9e899852c4db249384f154598db79,20260916,0.10.0,982,supply,demands,False,5,5,D1,3,BASE,POWER,16.800000000000004,J000001,1,1,16.800000000000004
m3-periodic,ee0bec387c023d5d0ab8464c286e0564fdf9e899852c4db249384f154598db79,20260916,0.10.0,982,supply,demands,False,5,5,D2,6,BASE,POWER,31.459113645505706,J000005,1,1,31.459113645505706
m3-periodic,ee0bec387c023d5d0ab8464c286e0564fdf9e899852c4db249384f154598db79,20260916,0.10.0,982,supply,demands,False,5,5,D3,9,BASE,POWER,56.7,J000009,1,1,56.7
m3-periodic,ee0bec387c023d5d0ab8464c286e0564fdf9e899852c4db249384f154598db79,20260916,0.10.0,982,supply,demands,False,5,5,D4,10,BASE,POWER,60.04964493527258,J000012,1,1,60.04964493527258
m3-periodic,ee0bec387c023d5d0ab8464c286e0564fdf9e899852c4db249384f154598db79,20260916,0.10.0,982,supply,demands,False,5,5,D5,11,BASE,POWER,60.14964493527258,J000013,1,1,64.5
m3-periodic,ee0bec387c023d5d0ab8464c286e0564fdf9e899852c4db249384f154598db79,20260916,0.10.0,983,supply,demands,False,4,4,D1,3,BASE,POWER,16.800000000000004,J000001,1,1,16.800000000000004
m3-periodic,ee0bec387c023d5d0ab8464c286e0564fdf9e899852c4db249384f154598db79,20260916,0.10.0,983,supply,demands,False,4,4,D2,6,BASE,POWER,55.08767575233445,J000007,1,1,55.08767575233445
m3-periodic,ee0bec387c023d5d0ab8464c286e0564fdf9e899852c4db249384f154598db79,20260916,0.10.0,983,supply,demands,False,4,4,D3,7,BASE,POWER,55.18767575233445,J000006,1,1,55.18767575233445
m3-periodic,ee0bec387c023d5d0ab8464c286e0564fdf9e899852c4db249384f154598db79,20260916,0.10.0,983,supply,demands,False,4,4,D4,10,BASE,POWER,60.800000000000004,J000010,1,1,60.800000000000004
m3-periodic,ee0bec387c023d5d0ab8464c286e0564fdf9e899852c4db249384f154598db79,20260916,0.10.0,984,supply,demands,False,3,3,D1,3,BASE,POWER,16.800000000000004,J000001,1,1,16.800000000000004
m3-periodic,ee0bec387c023d5d0ab8464c286e0564fdf9e899852c4db249384f154598db79,20260916,0.10.0,984,supply,demands,False,3,3,D2,6,BASE,POWER,32.800000000000004,J000004,1,1,32.800000000000004
m3-periodic,ee0bec387c023d5d0ab8464c286e0564fdf9e899852c4db249384f154598db79,20260916,0.10.0,984,supply,demands,False,3,3,D3,9,BASE,POWER,56.7,J000008,1,1,56.7
m3-periodic,ee0bec387c023d5d0ab8464c286e0564fdf9e899852c4db249384f154598db79,20260916,0.10.0,985,supply,demands,False,6,6,D1,3,BASE,POWER,16.700000000000003,J000002,1,1,16.700000000000003
m3-periodic,ee0bec387c023d5d0ab8464c286e0564fdf9e899852c4db249384f154598db79,20260916,0.10.0,985,supply,demands,False,6,6,D2,4,BASE,POWER,16.800000000000004,J000001,1,1,16.800000000000004
m3-periodic,ee0bec387c023d5d0ab8464c286e0564fdf9e899852c4db249384f154598db79,20260916,0.10.0,985,supply,demands,False,6,6,D3,7,BASE,POWER,32.7,J000006,1,1,32.7
m3-periodic,ee0bec387c023d5d0ab8464c286e0564fdf9e899852c4db249384f154598db79,20260916,0.10.0,985,supply,demands,False,6,6,D4,10,BASE,POWER,56.800000000000004,J000008,1,1,56.800000000000004
m3-periodic,ee0bec387c023d5d0ab8464c286e0564fdf9e899852c4db249384f154598db79,20260916,0.10.0,985,supply,demands,False,6,6,D5,11,BASE,POWER,60.7,J000012,1,1,60.7
m3-periodic,ee0bec387c023d5d0ab8464c286e0564fdf9e899852c4db249384f154598db79,20260916,0.10.0,985,supply,demands,False,6,6,D6,14,BASE,POWER,64.19415979598882,J000014,1,1,64.5
m3-periodic,ee0bec387c023d5d0ab8464c286e0564fdf9e899852c4db249384f154598db79,20260916,0.10.0,986,supply,demands,False,8,8,D1,3,BASE,POWER,7.217279906622769,J000001,1,1,7.217279906622769
m3-periodic,ee0bec387c023d5d0ab8464c286e0564fdf9e899852c4db249384f154598db79,20260916,0.10.0,986,supply,demands,False,8,8,D2,6,BASE,POWER,16.700000000000003,J000003,1,1,16.700000000000003
m3-periodic,ee0bec387c023d5d0ab8464c286e0564fdf9e899852c4db249384f154598db79,20260916,0.10.0,986,supply,demands,False,8,8,D3,9,BASE,POWER,32.7,J000006,1,1,32.7
m3-periodic,ee0bec387c023d5d0ab8464c286e0564fdf9e899852c4db249384f154598db79,20260916,0.10.0,986,supply,demands,False,8,8,D4,10,BASE,POWER,35.43335081951233,J000008,1,1,35.43335081951233
m3-periodic,ee0bec387c023d5d0ab8464c286e0564fdf9e899852c4db249384f154598db79,20260916,0.10.0,986,supply,demands,False,8,8,D5,11,BASE,POWER,35.53335081951233,J000009,1,1,40.5
m3-periodic,ee0bec387c023d5d0ab8464c286e0564fdf9e899852c4db249384f154598db79,20260916,0.10.0,986,supply,demands,False,8,8,D6,14,BASE,POWER,54.256693979480275,J000012,1,1,54.256693979480275
m3-periodic,ee0bec387c023d5d0ab8464c286e0564fdf9e899852c4db249384f154598db79,20260916,0.10.0,986,supply,demands,False,8,8,D7,17,BASE,POWER,60.7,J000015,1,1,60.7
m3-periodic,ee0bec387c023d5d0ab8464c286e0564fdf9e899852c4db249384f154598db79,20260916,0.10.0,986,supply,demands,False,8,8,D8,18,BASE,POWER,60.800000000000004,J000014,1,1,60.800000000000004
m3-periodic,ee0bec387c023d5d0ab8464c286e0564fdf9e899852c4db249384f154598db79,20260916,0.10.0,987,supply,demands,False,6,6,D1,3,BASE,POWER,12.370209415072036,J000001,1,1,12.370209415072036
m3-periodic,ee0bec387c023d5d0ab8464c286e0564fdf9e899852c4db249384f154598db79,20260916,0.10.0,987,supply,demands,False,6,6,D2,6,BASE,POWER,16.700000000000003,J000004,1,1,16.700000000000003
m3-periodic,ee0bec387c023d5d0ab8464c286e0564fdf9e899852c4db249384f154598db79,20260916,0.10.0,987,supply,demands,False,6,6,D3,9,BASE,POWER,32.7,J000006,1,1,32.7
m3-periodic,ee0bec387c023d5d0ab8464c286e0564fdf9e899852c4db249384f154598db79,20260916,0.10.0,987,supply,demands,False,6,6,D4,12,BASE,POWER,40.7,J000008,1,1,40.7
m3-periodic,ee0bec387c023d5d0ab8464c286e0564fdf9e899852c4db249384f154598db79,20260916,0.10.0,987,supply,demands,False,6,6,D5,15,BASE,POWER,56.7,J000011,1,1,56.7
m3-periodic,ee0bec387c023d5d0ab8464c286e0564fdf9e899852c4db249384f154598db79,20260916,0.10.0,987,supply,demands,False,6,6,D6,16,BASE,POWER,60.7,J000013,1,1,60.7
m3-periodic,ee0bec387c023d5d0ab8464c286e0564fdf9e899852c4db249384f154598db79,20260916,0.10.0,988,supply,demands,False,4,4,D1,3,BASE,POWER,16.700000000000003,J000002,1,1,16.700000000000003
m3-periodic,ee0bec387c023d5d0ab8464c286e0564fdf9e899852c4db249384f154598db79,20260916,0.10.0,988,supply,demands,False,4,4,D2,6,BASE,POWER,32.7,J000005,1,1,32.7
m3-periodic,ee0bec387c023d5d0ab8464c286e0564fdf9e899852c4db249384f154598db79,20260916,0.10.0,988,supply,demands,False,4,4,D3,9,BASE,POWER,56.800000000000004,J000007,1,1,56.800000000000004
m3-periodic,ee0bec387c023d5d0ab8464c286e0564fdf9e899852c4db249384f154598db79,20260916,0.10.0,988,supply,demands,False,4,4,D4,10,BASE,POWER,60.800000000000004,J000010,1,1,60.800000000000004
m3-periodic,ee0bec387c023d5d0ab8464c286e0564fdf9e899852c4db249384f154598db79,20260916,0.10.0,989,supply,demands,False,4,4,D1,3,BASE,POWER,16.800000000000004,J000001,1,1,16.800000000000004
m3-periodic,ee0bec387c023d5d0ab8464c286e0564fdf9e899852c4db249384f154598db79,20260916,0.10.0,989,supply,demands,False,4,4,D2,6,BASE,POWER,35.20897906962702,J000006,1,1,35.20897906962702
m3-periodic,ee0bec387c023d5d0ab8464c286e0564fdf9e899852c4db249384f154598db79,20260916,0.10.0,989,supply,demands,False,4,4,D3,9,BASE,POWER,60.7,J000010,1,1,60.7
m3-periodic,ee0bec387c023d5d0ab8464c286e0564fdf9e899852c4db249384f154598db79,20260916,0.10.0,989,supply,demands,False,4,4,D4,12,BASE,POWER,64.69999999999999,J000012,1,1,64.69999999999999
m3-periodic,ee0bec387c023d5d0ab8464c286e0564fdf9e899852c4db249384f154598db79,20260916,0.10.0,990,supply,demands,False,3,3,D1,3,BASE,POWER,16.700000000000003,J000002,1,1,16.700000000000003
m3-periodic,ee0bec387c023d5d0ab8464c286e0564fdf9e899852c4db249384f154598db79,20260916,0.10.0,990,supply,demands,False,3,3,D2,6,BASE,POWER,32.7,J000005,1,1,32.7
m3-periodic,ee0bec387c023d5d0ab8464c286e0564fdf9e899852c4db249384f154598db79,20260916,0.10.0,990,supply,demands,False,3,3,D3,9,BASE,POWER,60.800000000000004,J000009,1,1,60.800000000000004
m3-periodic,ee0bec387c023d5d0ab8464c286e0564fdf9e899852c4db249384f154598db79,20260916,0.10.0,991,supply,demands,False,3,3,D1,3,BASE,POWER,15.91347100491377,J000003,1,1,15.91347100491377
m3-periodic,ee0bec387c023d5d0ab8464c286e0564fdf9e899852c4db249384f154598db79,20260916,0.10.0,991,supply,demands,False,3,3,D2,6,BASE,POWER,32.800000000000004,J000005,1,1,32.800000000000004
m3-periodic,ee0bec387c023d5d0ab8464c286e0564fdf9e899852c4db249384f154598db79,20260916,0.10.0,991,supply,demands,False,3,3,D3,9,BASE,POWER,60.7,J000011,1,1,60.7
m3-periodic,ee0bec387c023d5d0ab8464c286e0564fdf9e899852c4db249384f154598db79,20260916,0.10.0,992,supply,demands,False,6,6,D1,3,BASE,POWER,16.700000000000003,J000002,1,1,16.700000000000003
m3-periodic,ee0bec387c023d5d0ab8464c286e0564fdf9e899852c4db249384f154598db79,20260916,0.10.0,992,supply,demands,False,6,6,D2,4,BASE,POWER,16.800000000000004,J000001,1,1,16.800000000000004
m3-periodic,ee0bec387c023d5d0ab8464c286e0564fdf9e899852c4db249384f154598db79,20260916,0.10.0,992,supply,demands,False,6,6,D3,7,BASE,POWER,32.7,J000006,1,1,32.7
m3-periodic,ee0bec387c023d5d0ab8464c286e0564fdf9e899852c4db249384f154598db79,20260916,0.10.0,992,supply,demands,False,6,6,D4,8,BASE,POWER,32.800000000000004,J000005,1,1,32.800000000000004
m3-periodic,ee0bec387c023d5d0ab8464c286e0564fdf9e899852c4db249384f154598db79,20260916,0.10.0,992,supply,demands,False,6,6,D5,9,BASE,POWER,39.212960352551946,J000010,1,1,40.5
m3-periodic,ee0bec387c023d5d0ab8464c286e0564fdf9e899852c4db249384f154598db79,20260916,0.10.0,992,supply,demands,False,6,6,D6,12,BASE,POWER,56.7,J000013,1,1,56.7
m3-periodic,ee0bec387c023d5d0ab8464c286e0564fdf9e899852c4db249384f154598db79,20260916,0.10.0,993,supply,demands,False,3,3,D1,3,BASE,POWER,32.800000000000004,J000003,1,1,32.800000000000004
m3-periodic,ee0bec387c023d5d0ab8464c286e0564fdf9e899852c4db249384f154598db79,20260916,0.10.0,993,supply,demands,False,3,3,D2,6,BASE,POWER,56.800000000000004,J000006,1,1,56.800000000000004
m3-periodic,ee0bec387c023d5d0ab8464c286e0564fdf9e899852c4db249384f154598db79,20260916,0.10.0,993,supply,demands,False,3,3,D3,7,BASE,POWER,60.7,J000010,1,1,60.7
m3-periodic,ee0bec387c023d5d0ab8464c286e0564fdf9e899852c4db249384f154598db79,20260916,0.10.0,994,supply,demands,False,4,4,D1,3,BASE,POWER,16.700000000000003,J000002,1,1,16.700000000000003
m3-periodic,ee0bec387c023d5d0ab8464c286e0564fdf9e899852c4db249384f154598db79,20260916,0.10.0,994,supply,demands,False,4,4,D2,6,BASE,POWER,32.7,J000005,1,1,32.7
m3-periodic,ee0bec387c023d5d0ab8464c286e0564fdf9e899852c4db249384f154598db79,20260916,0.10.0,994,supply,demands,False,4,4,D3,7,BASE,POWER,32.800000000000004,J000004,1,1,32.800000000000004
m3-periodic,ee0bec387c023d5d0ab8464c286e0564fdf9e899852c4db249384f154598db79,20260916,0.10.0,994,supply,demands,False,4,4,D4,10,BASE,POWER,64.69999999999999,J000012,1,1,64.69999999999999
m3-periodic,ee0bec387c023d5d0ab8464c286e0564fdf9e899852c4db249384f154598db79,20260916,0.10.0,995,supply,demands,False,5,5,D1,3,BASE,POWER,16.700000000000003,J000002,1,1,16.700000000000003
m3-periodic,ee0bec387c023d5d0ab8464c286e0564fdf9e899852c4db249384f154598db79,20260916,0.10.0,995,supply,demands,False,5,5,D2,6,BASE,POWER,32.7,J000005,1,1,32.7
m3-periodic,ee0bec387c023d5d0ab8464c286e0564fdf9e899852c4db249384f154598db79,20260916,0.10.0,995,supply,demands,False,5,5,D3,7,BASE,POWER,32.800000000000004,J000004,1,1,32.800000000000004
m3-periodic,ee0bec387c023d5d0ab8464c286e0564fdf9e899852c4db249384f154598db79,20260916,0.10.0,995,supply,demands,False,5,5,D4,10,BASE,POWER,56.800000000000004,J000008,1,1,56.800000000000004
m3-periodic,ee0bec387c023d5d0ab8464c286e0564fdf9e899852c4db249384f154598db79,20260916,0.10.0,995,supply,demands,False,5,5,D5,11,BASE,POWER,60.7,J000012,1,1,60.7
m3-periodic,ee0bec387c023d5d0ab8464c286e0564fdf9e899852c4db249384f154598db79,20260916,0.10.0,996,supply,demands,False,3,3,D1,3,BASE,POWER,8.7,J000001,1,1,8.7
m3-periodic,ee0bec387c023d5d0ab8464c286e0564fdf9e899852c4db249384f154598db79,20260916,0.10.0,996,supply,demands,False,3,3,D2,6,BASE,POWER,32.7,J000005,1,1,32.7
m3-periodic,ee0bec387c023d5d0ab8464c286e0564fdf9e899852c4db249384f154598db79,20260916,0.10.0,996,supply,demands,False,3,3,D3,7,BASE,POWER,36.7,J000007,1,1,36.7
m3-periodic,ee0bec387c023d5d0ab8464c286e0564fdf9e899852c4db249384f154598db79,20260916,0.10.0,997,supply,demands,False,7,7,D1,3,BASE,POWER,12.650729662130106,J000001,1,1,12.650729662130106
m3-periodic,ee0bec387c023d5d0ab8464c286e0564fdf9e899852c4db249384f154598db79,20260916,0.10.0,997,supply,demands,False,7,7,D2,6,BASE,POWER,16.700000000000003,J000004,1,1,16.700000000000003
m3-periodic,ee0bec387c023d5d0ab8464c286e0564fdf9e899852c4db249384f154598db79,20260916,0.10.0,997,supply,demands,False,7,7,D3,9,BASE,POWER,32.7,J000006,1,1,32.7
m3-periodic,ee0bec387c023d5d0ab8464c286e0564fdf9e899852c4db249384f154598db79,20260916,0.10.0,997,supply,demands,False,7,7,D4,12,BASE,POWER,40.7,J000008,1,1,40.7
m3-periodic,ee0bec387c023d5d0ab8464c286e0564fdf9e899852c4db249384f154598db79,20260916,0.10.0,997,supply,demands,False,7,7,D5,15,BASE,POWER,56.800000000000004,J000010,1,1,56.800000000000004
m3-periodic,ee0bec387c023d5d0ab8464c286e0564fdf9e899852c4db249384f154598db79,20260916,0.10.0,997,supply,demands,False,7,7,D6,16,BASE,POWER,60.455989204652006,J000014,1,1,60.455989204652006
m3-periodic,ee0bec387c023d5d0ab8464c286e0564fdf9e899852c4db249384f154598db79,20260916,0.10.0,997,supply,demands,False,7,7,D7,17,BASE,POWER,62.84481037805625,J000016,1,1,64.5
m3-periodic,ee0bec387c023d5d0ab8464c286e0564fdf9e899852c4db249384f154598db79,20260916,0.10.0,998,supply,demands,False,7,7,D1,3,BASE,POWER,16.700000000000003,J000002,1,1,16.700000000000003
m3-periodic,ee0bec387c023d5d0ab8464c286e0564fdf9e899852c4db249384f154598db79,20260916,0.10.0,998,supply,demands,False,7,7,D2,4,BASE,POWER,16.800000000000004,J000001,1,1,16.800000000000004
m3-periodic,ee0bec387c023d5d0ab8464c286e0564fdf9e899852c4db249384f154598db79,20260916,0.10.0,998,supply,demands,False,7,7,D3,7,BASE,POWER,32.7,J000006,1,1,32.7
m3-periodic,ee0bec387c023d5d0ab8464c286e0564fdf9e899852c4db249384f154598db79,20260916,0.10.0,998,supply,demands,False,7,7,D4,8,BASE,POWER,32.800000000000004,J000005,1,1,32.800000000000004
m3-periodic,ee0bec387c023d5d0ab8464c286e0564fdf9e899852c4db249384f154598db79,20260916,0.10.0,998,supply,demands,False,7,7,D5,11,BASE,POWER,56.7,J000010,1,1,56.7
m3-periodic,ee0bec387c023d5d0ab8464c286e0564fdf9e899852c4db249384f154598db79,20260916,0.10.0,998,supply,demands,False,7,7,D6,12,BASE,POWER,60.7,J000013,1,1,60.7
m3-periodic,ee0bec387c023d5d0ab8464c286e0564fdf9e899852c4db249384f154598db79,20260916,0.10.0,998,supply,demands,False,7,7,D7,13,BASE,POWER,60.800000000000004,J000012,1,1,64.5
m3-periodic,ee0bec387c023d5d0ab8464c286e0564fdf9e899852c4db249384f154598db79,20260916,0.10.0,999,supply,demands,False,5,5,D1,3,BASE,POWER,16.700000000000003,J000002,1,1,16.700000000000003
m3-periodic,ee0bec387c023d5d0ab8464c286e0564fdf9e899852c4db249384f154598db79,20260916,0.10.0,999,supply,demands,False,5,5,D2,6,BASE,POWER,32.7,J000005,1,1,32.7
m3-periodic,ee0bec387c023d5d0ab8464c286e0564fdf9e899852c4db249384f154598db79,20260916,0.10.0,999,supply,demands,False,5,5,D3,9,BASE,POWER,56.800000000000004,J000007,1,1,56.800000000000004
m3-periodic,ee0bec387c023d5d0ab8464c286e0564fdf9e899852c4db249384f154598db79,20260916,0.10.0,999,supply,demands,False,5,5,D4,10,BASE,POWER,60.7,J000011,1,1,60.7
m3-periodic,ee0bec387c023d5d0ab8464c286e0564fdf9e899852c4db249384f154598db79,20260916,0.10.0,999,supply,demands,False,5,5,D5,11,BASE,POWER,63.93081005879448,J000013,1,1,64.5
m3-periodic,ee0bec387c023d5d0ab8464c286e0564fdf9e899852c4db249384f154598db79,20260916,0.10.0,1000,supply,demands,False,5,5,D1,3,BASE,POWER,16.700000000000003,J000002,1,1,16.700000000000003
m3-periodic,ee0bec387c023d5d0ab8464c286e0564fdf9e899852c4db249384f154598db79,20260916,0.10.0,1000,supply,demands,False,5,5,D2,6,BASE,POWER,32.7,J000005,1,1,32.7
m3-periodic,ee0bec387c023d5d0ab8464c286e0564fdf9e899852c4db249384f154598db79,20260916,0.10.0,1000,supply,demands,False,5,5,D3,7,BASE,POWER,32.800000000000004,J000004,1,1,32.800000000000004
m3-periodic,ee0bec387c023d5d0ab8464c286e0564fdf9e899852c4db249384f154598db79,20260916,0.10.0,1000,supply,demands,False,5,5,D4,10,BASE,POWER,56.800000000000004,J000008,1,1,56.800000000000004
m3-periodic,ee0bec387c023d5d0ab8464c286e0564fdf9e899852c4db249384f154598db79,20260916,0.10.0,1000,supply,demands,False,5,5,D5,11,BASE,POWER,60.800000000000004,J000011,1,1,60.800000000000004
