replication,availability,failures,effective_supply_aircraft_hours,fulfillment,requested,started,completed,aborted,cancelled,aircraft_sorties,completed_aircraft_sorties,preparation_aircraft_hours,ready_aircraft_hours,all_completed,out_aircraft_hours,on_station_aircraft_hours,return_aircraft_hours,abort_return_aircraft_hours,successful,requested_aircraft_sorties,successful_aircraft_sorties,started_rate,success_rate,completion_rate,all_successful
1,1.0,0,54.0,1.0,9,9,9,0,0,18,18,15.0,185.0,1,9.0,36.0,9.0,0.0,9,18,18,1.0,1.0,1.0,1
2,1.0,0,54.0,1.0,9,9,9,0,0,18,18,15.0,185.0,1,9.0,36.0,9.0,0.0,9,18,18,1.0,1.0,1.0,1
3,0.9887692140889528,1,50.08210362423401,0.9274463634117409,9,9,8,1,0,18,16,15.0,185.18343003338435,0,9.0,33.08210362423401,9.0,1.0,8,18,16,1.0,0.8888888888888888,0.8888888888888888,0
4,1.0,0,54.0,1.0,9,9,9,0,0,18,18,15.0,185.0,1,9.0,36.0,9.0,0.0,9,18,18,1.0,1.0,1.0,1
5,0.9965420862646985,1,52.35264777662344,0.9694934773448786,9,9,8,1,0,18,16,15.0,185.15147306760974,0,9.0,35.35264777662344,9.0,1.0,8,18,16,1.0,0.8888888888888888,0.8888888888888888,0
6,0.9817102734278007,3,46.245438643642885,0.8563970119193127,9,9,6,3,0,18,12,15.0,185.98712010356377,0,9.0,31.24543864364288,9.0,3.0,6,18,12,1.0,0.6666666666666666,0.6666666666666666,0
7,1.0,0,54.0,1.0,9,9,9,0,0,18,18,15.0,185.0,1,9.0,36.0,9.0,0.0,9,18,18,1.0,1.0,1.0,1
8,1.0,0,54.0,1.0,9,9,9,0,0,18,18,15.0,185.0,1,9.0,36.0,9.0,0.0,9,18,18,1.0,1.0,1.0,1
9,1.0,0,54.0,1.0,9,9,9,0,0,18,18,15.0,185.0,1,9.0,36.0,9.0,0.0,9,18,18,1.0,1.0,1.0,1
10,0.9972399481497265,1,49.089742060054945,0.9090692974084249,9,9,8,1,0,18,16,15.0,188.6153630070663,0,9.0,32.089742060054945,9.0,1.0,8,18,16,1.0,0.8888888888888888,0.8888888888888888,0
11,0.9964827946042598,1,48.84225271240743,0.9044861613408783,9,9,8,1,0,18,16,15.0,188.72366577741565,0,8.84225271240743,32.0,8.84225271240743,0.8422527124074293,8,18,16,1.0,0.8888888888888888,0.8888888888888888,0
12,0.9886753133827015,1,52.68584283876463,0.9756637562734191,9,9,8,1,0,18,16,15.0,182.55264741545344,0,9.0,35.68584283876463,9.0,1.0,8,18,16,1.0,0.8888888888888888,0.8888888888888888,0
13,1.0,0,54.0,1.0,9,9,9,0,0,18,18,15.0,185.0,1,9.0,36.0,9.0,0.0,9,18,18,1.0,1.0,1.0,1
14,1.0,0,54.0,1.0,9,9,9,0,0,18,18,15.0,185.0,1,9.0,36.0,9.0,0.0,9,18,18,1.0,1.0,1.0,1
15,1.0,0,54.0,1.0,9,9,9,0,0,18,18,15.0,185.0,1,9.0,36.0,9.0,0.0,9,18,18,1.0,1.0,1.0,1
16,1.0,0,54.0,1.0,9,9,9,0,0,18,18,15.0,185.0,1,9.0,36.0,9.0,0.0,9,18,18,1.0,1.0,1.0,1
17,1.0,0,54.0,1.0,9,9,9,0,0,18,18,15.0,185.0,1,9.0,36.0,9.0,0.0,9,18,18,1.0,1.0,1.0,1
18,0.9974497462171811,1,52.716076382576006,0.9762236367143705,9,9,8,1,0,18,16,15.0,185.0494505279721,0,9.0,35.716076382576006,9.0,1.0,8,18,16,1.0,0.8888888888888888,0.8888888888888888,0
19,0.9942936942372457,1,50.23686791271935,0.930312368754062,9,9,8,1,0,18,16,15.0,186.6197160276074,0,9.0,33.23686791271935,9.0,1.0,8,18,16,1.0,0.8888888888888888,0.8888888888888888,0
20,1.0,0,54.0,1.0,9,9,9,0,0,18,18,15.0,185.0,1,9.0,36.0,9.0,0.0,9,18,18,1.0,1.0,1.0,1
21,1.0,0,54.0,1.0,9,9,9,0,0,18,18,15.0,185.0,1,9.0,36.0,9.0,0.0,9,18,18,1.0,1.0,1.0,1
22,1.0,0,54.0,1.0,9,9,9,0,0,18,18,15.0,185.0,1,9.0,36.0,9.0,0.0,9,18,18,1.0,1.0,1.0,1
23,1.0,0,54.0,1.0,9,9,9,0,0,18,18,15.0,185.0,1,9.0,36.0,9.0,0.0,9,18,18,1.0,1.0,1.0,1
24,0.9801424623137837,2,42.53662220498083,0.7877152260181636,9,8,6,2,1,16,12,14.0,190.99409845403318,0,8.0,28.03723917969222,8.0,1.5006169747113915,7,18,14,0.8888888888888888,0.7777777777777778,0.6666666666666666,0
25,1.0,0,54.0,1.0,9,9,9,0,0,18,18,15.0,185.0,1,9.0,36.0,9.0,0.0,9,18,18,1.0,1.0,1.0,1
26,0.9818616955632334,2,45.37034540751607,0.840191581620668,9,9,7,2,0,18,14,15.0,187.7274550221129,0,8.356735785164432,30.013609622351638,8.356735785164432,1.3567357851644317,7,18,14,1.0,0.7777777777777778,0.7777777777777778,0
27,0.9945332778603263,1,51.156043690522125,0.9473341424170764,9,9,8,1,0,18,16,15.0,185.76954033325183,0,9.0,34.156043690522125,9.0,1.0,8,18,16,1.0,0.8888888888888888,0.8888888888888888,0
28,1.0,0,54.0,1.0,9,9,9,0,0,18,18,15.0,185.0,1,9.0,36.0,9.0,0.0,9,18,18,1.0,1.0,1.0,1
29,0.9975997430477845,1,53.92500341858319,0.9986111744182072,9,9,8,1,0,18,16,15.0,184.34622428847032,0,9.0,36.0,9.0,0.07499658141681209,9,18,18,1.0,1.0,0.8888888888888888,1
30,1.0,0,54.0,1.0,9,9,9,0,0,18,18,15.0,185.0,1,9.0,36.0,9.0,0.0,9,18,18,1.0,1.0,1.0,1
31,0.988527202555287,1,53.311977749963646,0.987258847221549,9,9,8,1,0,18,16,15.0,182.03984546094085,0,9.0,36.0,9.0,0.6880222500363544,9,18,18,1.0,1.0,0.8888888888888888,1
32,1.0,0,54.0,1.0,9,9,9,0,0,18,18,15.0,185.0,1,9.0,36.0,9.0,0.0,9,18,18,1.0,1.0,1.0,1
33,1.0,0,54.0,1.0,9,9,9,0,0,18,18,15.0,185.0,1,9.0,36.0,9.0,0.0,9,18,18,1.0,1.0,1.0,1
34,1.0,0,54.0,1.0,9,9,9,0,0,18,18,15.0,185.0,1,9.0,36.0,9.0,0.0,9,18,18,1.0,1.0,1.0,1
35,1.0,0,54.0,1.0,9,9,9,0,0,18,18,15.0,185.0,1,9.0,36.0,9.0,0.0,9,18,18,1.0,1.0,1.0,1
36,0.9761818624073122,1,50.78610063162126,0.9404833450300233,9,9,8,1,0,18,16,15.0,180.85427574168463,0,9.0,33.78610063162126,9.0,1.0,8,18,16,1.0,0.8888888888888888,0.8888888888888888,0
37,1.0,0,54.0,1.0,9,9,9,0,0,18,18,15.0,185.0,1,9.0,36.0,9.0,0.0,9,18,18,1.0,1.0,1.0,1
38,0.9940405488553377,1,49.44395284194013,0.9156287563322246,9,9,8,1,0,18,16,15.0,187.33972522839713,0,9.0,32.44395284194013,9.0,1.0,8,18,16,1.0,0.8888888888888888,0.8888888888888888,0
39,1.0,0,54.0,1.0,9,9,9,0,0,18,18,15.0,185.0,1,9.0,36.0,9.0,0.0,9,18,18,1.0,1.0,1.0,1
40,1.0,0,54.0,1.0,9,9,9,0,0,18,18,15.0,185.0,1,9.0,36.0,9.0,0.0,9,18,18,1.0,1.0,1.0,1
41,0.9911368559320783,1,51.19082887582904,0.9479783125153526,9,9,8,1,0,18,16,15.0,184.75658563260947,0,9.0,34.19082887582904,9.0,1.0,8,18,16,1.0,0.8888888888888888,0.8888888888888888,0
42,1.0,0,54.0,1.0,9,9,9,0,0,18,18,15.0,185.0,1,9.0,36.0,9.0,0.0,9,18,18,1.0,1.0,1.0,1
43,0.9970351232877235,1,50.983670616508306,0.9441420484538575,9,9,8,1,0,18,16,15.0,186.66244489035608,0,9.0,33.983670616508306,9.0,1.0,8,18,16,1.0,0.8888888888888888,0.8888888888888888,0
44,1.0,0,54.0,1.0,9,9,9,0,0,18,18,15.0,185.0,1,9.0,36.0,9.0,0.0,9,18,18,1.0,1.0,1.0,1
45,0.9840946830260103,2,49.195070487506385,0.9110198238427109,9,9,8,1,0,18,16,15.0,184.72419822398462,0,9.0,32.195070487506385,9.0,1.0,8,18,16,1.0,0.8888888888888888,0.8888888888888888,0
46,0.996610485733848,1,52.63244706841698,0.9746749457114255,9,9,8,1,0,18,16,15.0,184.89137282293126,0,9.0,35.63244706841698,9.0,1.0,8,18,16,1.0,0.8888888888888888,0.8888888888888888,0
47,1.0,0,54.0,1.0,9,9,9,0,0,18,18,15.0,185.0,1,9.0,36.0,9.0,0.0,9,18,18,1.0,1.0,1.0,1
48,1.0,0,54.0,1.0,9,9,9,0,0,18,18,15.0,185.0,1,9.0,36.0,9.0,0.0,9,18,18,1.0,1.0,1.0,1
49,1.0,0,54.0,1.0,9,9,9,0,0,18,18,15.0,185.0,1,9.0,36.0,9.0,0.0,9,18,18,1.0,1.0,1.0,1
50,1.0,0,54.0,1.0,9,9,9,0,0,18,18,15.0,185.0,1,9.0,36.0,9.0,0.0,9,18,18,1.0,1.0,1.0,1
51,1.0,0,54.0,1.0,9,9,9,0,0,18,18,15.0,185.0,1,9.0,36.0,9.0,0.0,9,18,18,1.0,1.0,1.0,1
52,0.9981255572891187,1,52.870616691075796,0.9790854942791815,9,9,8,1,0,18,16,15.0,185.0895438081904,0,9.0,35.870616691075796,9.0,1.0,8,18,16,1.0,0.8888888888888888,0.8888888888888888,0
53,1.0,0,54.0,1.0,9,9,9,0,0,18,18,15.0,185.0,1,9.0,36.0,9.0,0.0,9,18,18,1.0,1.0,1.0,1
54,1.0,0,54.0,1.0,9,9,9,0,0,18,18,15.0,185.0,1,9.0,36.0,9.0,0.0,9,18,18,1.0,1.0,1.0,1
55,0.9925113083512742,2,49.354291105134266,0.9139683537987827,9,9,7,2,0,18,14,15.0,186.7829310366474,0,9.0,32.76636043190494,9.0,1.412069326770677,8,18,16,1.0,0.8888888888888888,0.7777777777777778,0
56,0.9970884956786527,1,49.93560447726979,0.9247334162457369,9,9,8,1,0,18,16,15.0,187.72588227818216,0,9.0,32.93560447726979,9.0,1.0,8,18,16,1.0,0.8888888888888888,0.8888888888888888,0
57,0.9939028928525335,1,49.59067948659499,0.9183459164184258,9,9,8,1,0,18,16,15.0,187.15335365493468,0,9.0,32.59067948659499,9.0,1.0,8,18,16,1.0,0.8888888888888888,0.8888888888888888,0
58,1.0,0,54.0,1.0,9,9,9,0,0,18,18,15.0,185.0,1,9.0,36.0,9.0,0.0,9,18,18,1.0,1.0,1.0,1
59,0.9964983682599902,1,49.29091234970147,0.9127946731426199,9,9,8,1,0,18,16,15.0,188.20061770917567,0,9.0,32.29091234970147,9.0,1.0,8,18,16,1.0,0.8888888888888888,0.8888888888888888,0
60,1.0,0,54.0,1.0,9,9,9,0,0,18,18,15.0,185.0,1,9.0,36.0,9.0,0.0,9,18,18,1.0,1.0,1.0,1
61,1.0,0,54.0,1.0,9,9,9,0,0,18,18,15.0,185.0,1,9.0,36.0,9.0,0.0,9,18,18,1.0,1.0,1.0,1
62,0.997222188454252,1,48.11811836978151,0.891076266107065,9,9,8,1,0,18,16,15.0,190.0228127201523,0,8.118118369781513,32.0,8.118118369781513,0.11811836978151291,8,18,16,1.0,0.8888888888888888,0.8888888888888888,0
63,1.0,0,54.0,1.0,9,9,9,0,0,18,18,15.0,185.0,1,9.0,36.0,9.0,0.0,9,18,18,1.0,1.0,1.0,1
64,1.0,0,54.0,1.0,9,9,9,0,0,18,18,15.0,185.0,1,9.0,36.0,9.0,0.0,9,18,18,1.0,1.0,1.0,1
65,0.9970099195986659,1,48.538114554365904,0.8988539732289982,9,9,8,1,0,18,16,15.0,189.33168501286693,0,8.538114554365904,32.0,8.538114554365904,0.5381145543659045,8,18,16,1.0,0.8888888888888888,0.8888888888888888,0
66,1.0,0,54.0,1.0,9,9,9,0,0,18,18,15.0,185.0,1,9.0,36.0,9.0,0.0,9,18,18,1.0,1.0,1.0,1
67,1.0,0,54.0,1.0,9,9,9,0,0,18,18,15.0,185.0,1,9.0,36.0,9.0,0.0,9,18,18,1.0,1.0,1.0,1
68,1.0,0,54.0,1.0,9,9,9,0,0,18,18,15.0,185.0,1,9.0,36.0,9.0,0.0,9,18,18,1.0,1.0,1.0,1
69,1.0,0,54.0,1.0,9,9,9,0,0,18,18,15.0,185.0,1,9.0,36.0,9.0,0.0,9,18,18,1.0,1.0,1.0,1
70,1.0,0,54.0,1.0,9,9,9,0,0,18,18,15.0,185.0,1,9.0,36.0,9.0,0.0,9,18,18,1.0,1.0,1.0,1
71,1.0,0,54.0,1.0,9,9,9,0,0,18,18,15.0,185.0,1,9.0,36.0,9.0,0.0,9,18,18,1.0,1.0,1.0,1
72,0.9917819001372088,3,37.800747083583275,0.7000138348811717,9,9,6,3,0,18,12,15.0,197.97426485662416,0,7.716350598617286,24.084396484965993,7.716350598617286,1.7163505986172858,6,18,12,1.0,0.6666666666666666,0.6666666666666666,0
73,1.0,0,54.0,1.0,9,9,9,0,0,18,18,15.0,185.0,1,9.0,36.0,9.0,0.0,9,18,18,1.0,1.0,1.0,1
74,1.0,0,54.0,1.0,9,9,9,0,0,18,18,15.0,185.0,1,9.0,36.0,9.0,0.0,9,18,18,1.0,1.0,1.0,1
75,1.0,0,54.0,1.0,9,9,9,0,0,18,18,15.0,185.0,1,9.0,36.0,9.0,0.0,9,18,18,1.0,1.0,1.0,1
76,1.0,0,54.0,1.0,9,9,9,0,0,18,18,15.0,185.0,1,9.0,36.0,9.0,0.0,9,18,18,1.0,1.0,1.0,1
77,1.0,0,54.0,1.0,9,9,9,0,0,18,18,15.0,185.0,1,9.0,36.0,9.0,0.0,9,18,18,1.0,1.0,1.0,1
78,1.0,0,54.0,1.0,9,9,9,0,0,18,18,15.0,185.0,1,9.0,36.0,9.0,0.0,9,18,18,1.0,1.0,1.0,1
79,1.0,0,54.0,1.0,9,9,9,0,0,18,18,15.0,185.0,1,9.0,36.0,9.0,0.0,9,18,18,1.0,1.0,1.0,1
80,0.9847419047655186,2,47.34322587749452,0.8767264051387874,9,9,7,2,0,18,14,15.0,186.26244269497488,0,9.0,31.343225877494522,9.0,2.0,7,18,14,1.0,0.7777777777777778,0.7777777777777778,0
81,1.0,0,54.0,1.0,9,9,9,0,0,18,18,15.0,185.0,1,9.0,36.0,9.0,0.0,9,18,18,1.0,1.0,1.0,1
82,1.0,0,54.0,1.0,9,9,9,0,0,18,18,15.0,185.0,1,9.0,36.0,9.0,0.0,9,18,18,1.0,1.0,1.0,1
83,1.0,0,54.0,1.0,9,9,9,0,0,18,18,15.0,185.0,1,9.0,36.0,9.0,0.0,9,18,18,1.0,1.0,1.0,1
84,0.9774328504453297,3,48.54140993650135,0.8989149988240991,9,9,6,3,0,18,12,15.0,182.85749898820563,0,9.0,32.74491394359727,9.0,2.2035040070959155,7,18,14,1.0,0.7777777777777778,0.6666666666666666,0
85,1.0,0,54.0,1.0,9,9,9,0,0,18,18,15.0,185.0,1,9.0,36.0,9.0,0.0,9,18,18,1.0,1.0,1.0,1
86,1.0,0,54.0,1.0,9,9,9,0,0,18,18,15.0,185.0,1,9.0,36.0,9.0,0.0,9,18,18,1.0,1.0,1.0,1
87,1.0,0,54.0,1.0,9,9,9,0,0,18,18,15.0,185.0,1,9.0,36.0,9.0,0.0,9,18,18,1.0,1.0,1.0,1
88,1.0,0,54.0,1.0,9,9,9,0,0,18,18,15.0,185.0,1,9.0,36.0,9.0,0.0,9,18,18,1.0,1.0,1.0,1
89,1.0,0,54.0,1.0,9,9,9,0,0,18,18,15.0,185.0,1,9.0,36.0,9.0,0.0,9,18,18,1.0,1.0,1.0,1
90,1.0,0,54.0,1.0,9,9,9,0,0,18,18,15.0,185.0,1,9.0,36.0,9.0,0.0,9,18,18,1.0,1.0,1.0,1
91,1.0,0,54.0,1.0,9,9,9,0,0,18,18,15.0,185.0,1,9.0,36.0,9.0,0.0,9,18,18,1.0,1.0,1.0,1
92,1.0,0,54.0,1.0,9,9,9,0,0,18,18,15.0,185.0,1,9.0,36.0,9.0,0.0,9,18,18,1.0,1.0,1.0,1
93,1.0,0,54.0,1.0,9,9,9,0,0,18,18,15.0,185.0,1,9.0,36.0,9.0,0.0,9,18,18,1.0,1.0,1.0,1
94,0.9947623944289194,1,52.79522074449369,0.9776892730461795,9,9,8,1,0,18,16,15.0,184.1963488510351,0,9.0,35.79522074449369,9.0,1.0,8,18,16,1.0,0.8888888888888888,0.8888888888888888,0
95,0.9912446502511381,1,53.3026460405072,0.9870860377871703,9,9,8,1,0,18,16,15.0,182.82713625207413,0,9.0,36.0,9.0,0.6973539594928049,9,18,18,1.0,1.0,0.8888888888888888,1
96,0.9971076395087439,1,53.732550635047815,0.9950472339823669,9,9,8,1,0,18,16,15.0,184.30072486099434,0,9.0,36.0,9.0,0.26744936495218496,9,18,18,1.0,1.0,0.8888888888888888,1
97,1.0,0,54.0,1.0,9,9,9,0,0,18,18,15.0,185.0,1,9.0,36.0,9.0,0.0,9,18,18,1.0,1.0,1.0,1
98,1.0,0,54.0,1.0,9,9,9,0,0,18,18,15.0,185.0,1,9.0,36.0,9.0,0.0,9,18,18,1.0,1.0,1.0,1
99,1.0,0,54.0,1.0,9,9,9,0,0,18,18,15.0,185.0,1,9.0,36.0,9.0,0.0,9,18,18,1.0,1.0,1.0,1
100,0.9959324463673043,1,50.224853473369876,0.9300898791364792,9,9,8,1,0,18,16,15.0,187.10369108041374,0,9.0,33.224853473369876,9.0,1.0,8,18,16,1.0,0.8888888888888888,0.8888888888888888,0
101,0.9974945436764077,1,52.0739646948776,0.9643326795347704,9,9,8,1,0,18,16,15.0,185.7044638839278,0,9.0,35.0739646948776,9.0,1.0,8,18,16,1.0,0.8888888888888888,0.8888888888888888,0
102,1.0,0,54.0,1.0,9,9,9,0,0,18,18,15.0,185.0,1,9.0,36.0,9.0,0.0,9,18,18,1.0,1.0,1.0,1
103,0.9905932721156253,1,49.14789279617267,0.9101461628920865,9,9,8,1,0,18,16,15.0,186.64296957312743,0,9.0,32.14789279617267,9.0,1.0,8,18,16,1.0,0.8888888888888888,0.8888888888888888,0
104,1.0,0,54.0,1.0,9,9,9,0,0,18,18,15.0,185.0,1,9.0,36.0,9.0,0.0,9,18,18,1.0,1.0,1.0,1
105,1.0,0,54.0,1.0,9,9,9,0,0,18,18,15.0,185.0,1,9.0,36.0,9.0,0.0,9,18,18,1.0,1.0,1.0,1
106,0.9864113494864123,2,52.82687296322369,0.9782754252448832,9,9,8,1,0,18,16,14.999999999999998,181.95700038294314,0,9.0,35.82687296322369,9.0,1.0,8,18,16,1.0,0.8888888888888888,0.8888888888888888,0
107,0.9952153569570403,1,51.17772979955154,0.9477357370287323,9,9,8,1,0,18,16,15.0,185.94429300407606,0,9.0,34.17772979955154,9.0,1.0,8,18,16,1.0,0.8888888888888888,0.8888888888888888,0
108,1.0,0,54.0,1.0,9,9,9,0,0,18,18,15.0,185.0,1,9.0,36.0,9.0,0.0,9,18,18,1.0,1.0,1.0,1
109,1.0,0,54.0,1.0,9,9,9,0,0,18,18,15.0,185.0,1,9.0,36.0,9.0,0.0,9,18,18,1.0,1.0,1.0,1
110,1.0,0,54.0,1.0,9,9,9,0,0,18,18,15.0,185.0,1,9.0,36.0,9.0,0.0,9,18,18,1.0,1.0,1.0,1
111,0.9952311227753489,1,49.3079528263835,0.9131102375256204,9,9,8,1,0,18,16,15.0,187.81861053291698,0,9.0,32.3079528263835,8.999999999999986,0.9999999999999858,8,18,16,1.0,0.8888888888888888,0.8888888888888888,0
112,0.9901002988466977,1,52.379660832569705,0.9699937191216612,9,9,8,1,0,18,16,15.0,183.26922523527924,0,9.0,35.379660832569705,9.0,1.0,8,18,16,1.0,0.8888888888888888,0.8888888888888888,0
113,0.9993331140710251,1,53.68833791826316,0.9942284799678363,9,9,8,1,0,18,16,15.0,184.96376789332368,0,9.0,36.0,9.0,0.3116620817368414,9,18,18,1.0,1.0,0.8888888888888888,1
114,1.0,0,54.0,1.0,9,9,9,0,0,18,18,15.0,185.0,1,9.0,36.0,9.0,0.0,9,18,18,1.0,1.0,1.0,1
115,1.0,0,54.0,1.0,9,9,9,0,0,18,18,15.0,185.0,1,9.0,36.0,9.0,0.0,9,18,18,1.0,1.0,1.0,1
116,1.0,0,54.0,1.0,9,9,9,0,0,18,18,15.0,185.0,1,9.0,36.0,9.0,0.0,9,18,18,1.0,1.0,1.0,1
117,1.0,0,54.0,1.0,9,9,9,0,0,18,18,15.0,185.0,1,9.0,36.0,9.0,0.0,9,18,18,1.0,1.0,1.0,1
118,0.9930396056160693,2,48.679470822923406,0.901471681905989,9,9,7,2,0,18,14,15.0,187.49225385961404,0,9.0,32.32683429270449,9.0,1.6473634697810837,8,18,16,1.0,0.8888888888888888,0.7777777777777778,0
119,1.0,0,54.0,1.0,9,9,9,0,0,18,18,15.0,185.0,1,9.0,36.0,9.0,0.0,9,18,18,1.0,1.0,1.0,1
120,1.0,0,54.0,1.0,9,9,9,0,0,18,18,15.0,185.0,1,9.0,36.0,9.0,0.0,9,18,18,1.0,1.0,1.0,1
121,1.0,0,54.0,1.0,9,9,9,0,0,18,18,15.0,185.0,1,9.0,36.0,9.0,0.0,9,18,18,1.0,1.0,1.0,1
122,1.0,0,54.0,1.0,9,9,9,0,0,18,18,15.0,185.0,1,9.0,36.0,9.0,0.0,9,18,18,1.0,1.0,1.0,1
123,1.0,0,54.0,1.0,9,9,9,0,0,18,18,15.0,185.0,1,9.0,36.0,9.0,0.0,9,18,18,1.0,1.0,1.0,1
124,1.0,0,54.0,1.0,9,9,9,0,0,18,18,15.0,185.0,1,9.0,36.0,9.0,0.0,9,18,18,1.0,1.0,1.0,1
125,0.9900804165680657,1,53.10564523511658,0.9834378747243812,9,9,8,1,0,18,16,15.0,182.5903373540446,0,9.0,36.0,9.0,0.8943547648834169,9,18,18,1.0,1.0,0.8888888888888888,1
126,1.0,0,54.0,1.0,9,9,9,0,0,18,18,15.0,185.0,1,9.0,36.0,9.0,0.0,9,18,18,1.0,1.0,1.0,1
127,0.9919874025262545,1,48.024755670323174,0.889347327228207,9,9,8,1,0,18,16,15.0,188.65523842207654,0,8.024755670323174,32.0,8.024755670323174,0.024755670323173717,8,18,16,1.0,0.8888888888888888,0.8888888888888888,0
128,1.0,0,54.0,1.0,9,9,9,0,0,18,18,15.0,185.0,1,9.0,36.0,9.0,0.0,9,18,18,1.0,1.0,1.0,1
129,0.9959561138621713,1,49.180907662764085,0.9107575493104461,9,9,8,1,0,18,16,15.0,188.15445312954125,0,9.0,32.180907662764085,9.0,1.0,8,18,16,1.0,0.8888888888888888,0.8888888888888888,0
130,1.0,0,54.0,1.0,9,9,9,0,0,18,18,15.0,185.0,1,9.0,36.0,9.0,0.0,9,18,18,1.0,1.0,1.0,1
131,0.9943550613648853,1,50.61745168784758,0.9373602164416218,9,9,8,1,0,18,16,15.0,186.25680598523937,0,9.0,33.61745168784758,9.0,1.0,8,18,16,1.0,0.8888888888888888,0.8888888888888888,0
132,0.9947806923605166,1,50.56024199016062,0.9363007775955671,9,9,8,1,0,18,16,15.0,186.4365974096682,0,9.0,33.56024199016062,9.0,1.0,8,18,16,1.0,0.8888888888888888,0.8888888888888888,0
133,1.0,0,54.0,1.0,9,9,9,0,0,18,18,15.0,185.0,1,9.0,36.0,9.0,0.0,9,18,18,1.0,1.0,1.0,1
134,1.0,0,54.0,1.0,9,9,9,0,0,18,18,15.0,185.0,1,9.0,36.0,9.0,0.0,9,18,18,1.0,1.0,1.0,1
135,1.0,0,54.0,1.0,9,9,9,0,0,18,18,15.0,185.0,1,9.0,36.0,9.0,0.0,9,18,18,1.0,1.0,1.0,1
136,0.9937875032186145,1,52.819105831413964,0.978131589470629,9,9,8,1,0,18,16,15.0,183.89169509554702,0,9.0,35.819105831413964,9.0,1.0,8,18,16,1.0,0.8888888888888888,0.8888888888888888,0
137,1.0,0,54.0,1.0,9,9,9,0,0,18,18,15.0,185.0,1,9.0,36.0,9.0,0.0,9,18,18,1.0,1.0,1.0,1
138,0.9929885288844306,1,49.76809868290303,0.9216314570907969,9,9,8,1,0,18,16,15.0,186.71259763581295,0,9.0,32.76809868290303,9.0,1.0,8,18,16,1.0,0.8888888888888888,0.8888888888888888,0
139,0.9959625439055068,1,50.78267758113154,0.9404199552061395,9,9,8,1,0,18,16,15.0,186.55453506365438,0,9.0,33.78267758113154,9.0,1.0,8,18,16,1.0,0.8888888888888888,0.8888888888888888,0
140,0.9965775807647242,1,49.84685679427399,0.9230899406347035,9,9,8,1,0,18,16,15.0,187.66748646596662,0,9.0,32.84685679427399,9.0,1.0,8,18,16,1.0,0.8888888888888888,0.8888888888888888,0
141,1.0,0,54.0,1.0,9,9,9,0,0,18,18,15.0,185.0,1,9.0,36.0,9.0,0.0,9,18,18,1.0,1.0,1.0,1
142,0.991589885873067,1,49.55459490260692,0.9176776833816097,9,9,8,1,0,18,16,15.0,186.52329222883634,0,9.0,32.55459490260692,9.000000000000014,1.0000000000000142,8,18,16,1.0,0.8888888888888888,0.8888888888888888,0
143,0.9972265630499311,1,50.49814040283905,0.9351507482007231,9,9,8,1,0,18,16,15.0,187.2031097555411,0,9.0,33.49814040283905,9.0,1.0,8,18,16,1.0,0.8888888888888888,0.8888888888888888,0
144,1.0,0,54.0,1.0,9,9,9,0,0,18,18,15.0,185.0,1,9.0,36.0,9.0,0.0,9,18,18,1.0,1.0,1.0,1
145,1.0,0,54.0,1.0,9,9,9,0,0,18,18,15.0,185.0,1,9.0,36.0,9.0,0.0,9,18,18,1.0,1.0,1.0,1
146,0.9964635886642115,1,52.73988367981357,0.9766645125891402,9,9,8,1,0,18,16,15.0,184.7416298554793,0,9.0,35.73988367981357,9.0,1.0,8,18,16,1.0,0.8888888888888888,0.8888888888888888,0
147,0.9906340000042524,1,52.15486040409841,0.9658307482240446,9,9,8,1,0,18,16,15.0,183.6477315971263,0,9.0,35.15486040409841,9.0,1.0,8,18,16,1.0,0.8888888888888888,0.8888888888888888,0
148,1.0,0,54.0,1.0,9,9,9,0,0,18,18,15.0,185.0,1,9.0,36.0,9.0,0.0,9,18,18,1.0,1.0,1.0,1
149,0.9880857806030043,1,49.909779001706966,0.9242551666982771,9,9,8,1,0,18,16,15.0,185.15892581195828,0,9.0,32.909779001706966,9.0,1.0,8,18,16,1.0,0.8888888888888888,0.8888888888888888,0
150,0.992491635620035,1,50.21645226958802,0.929934301288667,9,9,8,1,0,18,16,15.0,186.12113878898202,0,9.0,33.21645226958802,9.0,1.0,8,18,16,1.0,0.8888888888888888,0.8888888888888888,0
151,1.0,0,54.0,1.0,9,9,9,0,0,18,18,15.0,185.0,1,9.0,36.0,9.0,0.0,9,18,18,1.0,1.0,1.0,1
152,0.9946352264329268,1,52.23236602837147,0.9672660375624347,9,9,8,1,0,18,16,15.0,184.72257918431146,0,9.0,35.23236602837147,9.0,1.0,8,18,16,1.0,0.8888888888888888,0.8888888888888888,0
153,1.0,0,54.0,1.0,9,9,9,0,0,18,18,15.0,185.0,1,9.0,36.0,9.0,0.0,9,18,18,1.0,1.0,1.0,1
154,1.0,0,54.0,1.0,9,9,9,0,0,18,18,15.0,185.0,1,9.0,36.0,9.0,0.0,9,18,18,1.0,1.0,1.0,1
155,1.0,0,54.0,1.0,9,9,9,0,0,18,18,15.0,185.0,1,9.0,36.0,9.0,0.0,9,18,18,1.0,1.0,1.0,1
156,1.0,0,54.0,1.0,9,9,9,0,0,18,18,15.0,185.0,1,9.0,36.0,9.0,0.0,9,18,18,1.0,1.0,1.0,1
157,0.9935623009779238,1,50.320015084519724,0.9318521311948097,9,9,8,1,0,18,16,15.0,186.32592759712236,0,9.0,33.320015084519724,9.0,1.0,8,18,16,1.0,0.8888888888888888,0.8888888888888888,0
158,1.0,0,54.0,1.0,9,9,9,0,0,18,18,15.0,185.0,1,9.0,36.0,9.0,0.0,9,18,18,1.0,1.0,1.0,1
159,0.9938522351860937,1,53.068134997253246,0.982743240689875,9,9,8,1,0,18,16,15.0,183.6953762349683,0,9.0,36.0,9.0,0.9318650027467541,9,18,18,1.0,1.0,0.8888888888888888,1
160,0.9906096303249351,1,48.622235609741026,0.9004117705507597,9,9,8,1,0,18,16,15.0,187.36222011896973,0,8.622235609741026,32.0,8.622235609741026,0.6222356097410255,8,18,16,1.0,0.8888888888888888,0.8888888888888888,0
161,1.0,0,54.0,1.0,9,9,9,0,0,18,18,15.0,185.0,1,9.0,36.0,9.0,0.0,9,18,18,1.0,1.0,1.0,1
162,0.9899889699852685,2,49.32783860944235,0.913478492767451,9,9,7,2,0,18,14,15.0,185.788984746315,0,9.0,33.32783860944235,9.0,2.0,7,18,14,1.0,0.7777777777777778,0.7777777777777778,0
163,1.0,0,54.0,1.0,9,9,9,0,0,18,18,15.0,185.0,1,9.0,36.0,9.0,0.0,9,18,18,1.0,1.0,1.0,1
164,1.0,0,54.0,1.0,9,9,9,0,0,18,18,15.0,185.0,1,9.0,36.0,9.0,0.0,9,18,18,1.0,1.0,1.0,1
165,1.0,0,54.0,1.0,9,9,9,0,0,18,18,15.0,185.0,1,9.0,36.0,9.0,0.0,9,18,18,1.0,1.0,1.0,1
166,0.9842098071327123,3,47.95238004582356,0.8880070378856215,9,9,6,3,0,18,12,15.0,185.39256336924228,0,9.0,32.16734212413408,9.0,2.2149620783105206,7,18,14,1.0,0.7777777777777778,0.6666666666666666,0
167,0.9977194941491734,1,52.75200600036749,0.9768890000068053,9,9,8,1,0,18,16,15.0,185.09120831459444,0,9.0,35.75200600036749,9.0,1.0,8,18,16,1.0,0.8888888888888888,0.8888888888888888,0
168,0.977724666762113,3,46.281073048601215,0.8570569083074299,9,9,6,3,0,18,12,15.000000000000002,184.8036309788874,0,9.0,31.28107304860121,9.0,3.0,6,18,12,1.0,0.6666666666666666,0.6666666666666666,0
169,0.9957501834899121,1,51.416241999860205,0.9521526296270408,9,9,8,1,0,18,16,15.0,185.85981084523445,0,9.0,34.416241999860205,9.0,1.0,8,18,16,1.0,0.8888888888888888,0.8888888888888888,0
170,1.0,0,54.0,1.0,9,9,9,0,0,18,18,15.0,185.0,1,9.0,36.0,9.0,0.0,9,18,18,1.0,1.0,1.0,1
171,0.9779182703174608,1,44.45258227356726,0.8231959680290233,9,8,7,1,1,16,14,14.0,188.68787957786145,0,8.0,29.45258227356726,8.0,1.0,7,18,14,0.8888888888888888,0.7777777777777778,0.7777777777777778,0
172,0.9923569198082282,1,48.72544780012062,0.9023231074096411,9,9,8,1,0,18,16,15.0,187.7106212045888,0,8.72544780012062,32.0,8.72544780012062,0.7254478001206195,8,18,16,1.0,0.8888888888888888,0.8888888888888888,0
173,0.993764548730043,1,50.100203506497195,0.9277815464166147,9,9,8,1,0,18,16,15.0,186.6039865277552,0,9.0,33.100203506497195,9.0,1.0,8,18,16,1.0,0.8888888888888888,0.8888888888888888,0
174,1.0,0,54.0,1.0,9,9,9,0,0,18,18,15.0,185.0,1,9.0,36.0,9.0,0.0,9,18,18,1.0,1.0,1.0,1
175,1.0,0,54.0,1.0,9,9,9,0,0,18,18,15.0,185.0,1,9.0,36.0,9.0,0.0,9,18,18,1.0,1.0,1.0,1
176,0.9972670676427886,1,49.07710930802622,0.9088353575560412,9,9,8,1,0,18,16,15.0,188.63580617309685,0,9.0,32.07710930802622,9.0,1.0,8,18,16,1.0,0.8888888888888888,0.8888888888888888,0
177,1.0,0,54.0,1.0,9,9,9,0,0,18,18,15.0,185.0,1,9.0,36.0,9.0,0.0,9,18,18,1.0,1.0,1.0,1
178,1.0,0,54.0,1.0,9,9,9,0,0,18,18,15.0,185.0,1,9.0,36.0,9.0,0.0,9,18,18,1.0,1.0,1.0,1
179,0.9959515865668196,1,51.54596100736997,0.9545548334698142,9,9,8,1,0,18,16,15.0,185.7880959238741,0,9.0,34.54596100736997,9.0,1.0,8,18,16,1.0,0.8888888888888888,0.8888888888888888,0
180,0.9787209400990042,2,51.19987803148159,0.9481458894718813,9,9,7,2,0,18,14,15.0,180.67175271703164,0,9.0,35.19987803148159,9.0,2.0,7,18,14,1.0,0.7777777777777778,0.7777777777777778,0
181,1.0,0,54.0,1.0,9,9,9,0,0,18,18,15.0,185.0,1,9.0,36.0,9.0,0.0,9,18,18,1.0,1.0,1.0,1
182,0.9860955822911015,1,50.95148058744318,0.9435459368045033,9,9,8,1,0,18,16,15.0,183.54404711239405,0,9.0,33.95148058744318,9.0,1.0,8,18,16,1.0,0.8888888888888888,0.8888888888888888,0
183,0.9971496723092991,1,51.16187938231434,0.9474422107835989,9,9,8,1,0,18,16,15.0,186.51722624276377,0,9.0,34.16187938231434,9.0,1.0,8,18,16,1.0,0.8888888888888888,0.8888888888888888,0
184,1.0,0,54.0,1.0,9,9,9,0,0,18,18,15.0,185.0,1,9.0,36.0,9.0,0.0,9,18,18,1.0,1.0,1.0,1
185,1.0,0,54.0,1.0,9,9,9,0,0,18,18,15.0,185.0,1,9.0,36.0,9.0,0.0,9,18,18,1.0,1.0,1.0,1
186,1.0,0,54.0,1.0,9,9,9,0,0,18,18,15.0,185.0,1,9.0,36.0,9.0,0.0,9,18,18,1.0,1.0,1.0,1
187,1.0,0,54.0,1.0,9,9,9,0,0,18,18,15.0,185.0,1,9.0,36.0,9.0,0.0,9,18,18,1.0,1.0,1.0,1
188,1.0,0,54.0,1.0,9,9,9,0,0,18,18,15.0,185.0,1,9.0,36.0,9.0,0.0,9,18,18,1.0,1.0,1.0,1
189,0.9951089317869063,1,52.277465754129,0.9681012176690555,9,9,8,1,0,18,16,15.0,184.81390660050002,0,9.0,35.277465754129,9.0,1.0,8,18,16,1.0,0.8888888888888888,0.8888888888888888,0
190,0.9886189788677456,1,49.30014286792154,0.9129656086652136,9,9,8,1,0,18,16,15.0,185.9221230459892,0,9.0,32.30014286792154,9.0,1.0,8,18,16,1.0,0.8888888888888888,0.8888888888888888,0
191,0.9985376266126477,1,48.59826086001871,0.8999677937040502,9,9,8,1,0,18,16,15.0,189.68144517441445,0,8.598260860018712,32.0,8.598260860018712,0.598260860018712,8,18,16,1.0,0.8888888888888888,0.8888888888888888,0
192,1.0,0,54.0,1.0,9,9,9,0,0,18,18,15.0,185.0,1,9.0,36.0,9.0,0.0,9,18,18,1.0,1.0,1.0,1
193,1.0,0,54.0,1.0,9,9,9,0,0,18,18,15.0,185.0,1,9.0,36.0,9.0,0.0,9,18,18,1.0,1.0,1.0,1
194,1.0,0,54.0,1.0,9,9,9,0,0,18,18,15.0,185.0,1,9.0,36.0,9.0,0.0,9,18,18,1.0,1.0,1.0,1
195,1.0,0,54.0,1.0,9,9,9,0,0,18,18,15.0,185.0,1,9.0,36.0,9.0,0.0,9,18,18,1.0,1.0,1.0,1
196,0.9979417048728484,1,50.6314312988782,0.937619098127374,9,9,8,1,0,18,16,15.0,187.27577970450218,0,9.0,33.6314312988782,9.0,1.0,8,18,16,1.0,0.8888888888888888,0.8888888888888888,0
197,0.9808268532822816,1,48.88460372507059,0.9052704393531591,9,9,8,1,0,18,16,15.0,184.15122815769126,0,8.88460372507059,32.0,8.88460372507059,0.8846037250705905,8,18,16,1.0,0.8888888888888888,0.8888888888888888,0
198,0.9776217562448564,2,46.39302802009826,0.8591301485203381,9,9,7,2,0,18,14,15.0,185.1620377784204,0,9.0,30.393028020098257,9.0,2.0,7,18,14,1.0,0.7777777777777778,0.7777777777777778,0
199,1.0,0,54.0,1.0,9,9,9,0,0,18,18,15.0,185.0,1,9.0,36.0,9.0,0.0,9,18,18,1.0,1.0,1.0,1
200,1.0,0,54.0,1.0,9,9,9,0,0,18,18,15.0,185.0,1,9.0,36.0,9.0,0.0,9,18,18,1.0,1.0,1.0,1
201,0.9541010008115894,2,36.10617260334312,0.6686328259878356,9,7,5,2,2,14,10,13.0,191.12296267558247,0,6.605039256483714,24.0,6.605039256483714,1.1039059096243093,6,18,12,0.7777777777777778,0.6666666666666666,0.5555555555555556,0
202,1.0,0,54.0,1.0,9,9,9,0,0,18,18,15.0,185.0,1,9.0,36.0,9.0,0.0,9,18,18,1.0,1.0,1.0,1
203,1.0,0,54.0,1.0,9,9,9,0,0,18,18,15.0,185.0,1,9.0,36.0,9.0,0.0,9,18,18,1.0,1.0,1.0,1
204,0.9936826217322009,1,49.75302448379638,0.9213523052554885,9,9,8,1,0,18,16,15.0,186.92757057507745,0,9.0,32.75302448379638,9.0,1.0,8,18,16,1.0,0.8888888888888888,0.8888888888888888,0
205,0.988539703397731,1,49.94497240868603,0.9249068964571486,9,9,8,1,0,18,16,15.0,185.25446216986052,0,9.0,32.94497240868603,9.0,1.0,8,18,16,1.0,0.8888888888888888,0.8888888888888888,0
206,0.9737094079440521,2,46.99335142015394,0.8702472485213693,9,9,7,2,0,18,14,15.0,183.43495806773305,0,9.0,30.99335142015394,9.0,2.0,7,18,14,1.0,0.7777777777777778,0.7777777777777778,0
207,0.9884321010166013,1,47.14644674606512,0.8730823471493542,9,8,7,1,1,16,14,14.0,189.09522171974862,0,8.0,32.0,8.0,0.85355325393488,8,18,16,0.8888888888888888,0.8888888888888888,0.7777777777777778,0
208,0.987056961252645,1,50.04026969544333,0.9266716610267283,9,9,8,1,0,18,16,15.0,184.73213514531838,0,9.0,33.04026969544333,9.0,1.0,8,18,16,1.0,0.8888888888888888,0.8888888888888888,0
209,1.0,0,54.0,1.0,9,9,9,0,0,18,18,15.0,185.0,1,9.0,36.0,9.0,0.0,9,18,18,1.0,1.0,1.0,1
210,0.989869235967702,1,49.70587657967374,0.9204791959198841,9,9,8,1,0,18,16,15.0,185.87646337902447,0,9.0,32.70587657967374,9.0,1.0,8,18,16,1.0,0.8888888888888888,0.8888888888888888,0
211,1.0,0,54.0,1.0,9,9,9,0,0,18,18,15.0,185.0,1,9.0,36.0,9.0,0.0,9,18,18,1.0,1.0,1.0,1
212,1.0,0,54.0,1.0,9,9,9,0,0,18,18,15.0,185.0,1,9.0,36.0,9.0,0.0,9,18,18,1.0,1.0,1.0,1
213,1.0,0,54.0,1.0,9,9,9,0,0,18,18,15.0,185.0,1,9.0,36.0,9.0,0.0,9,18,18,1.0,1.0,1.0,1
214,0.9627505964713899,2,47.15928295500597,0.8733200547223328,9,9,7,2,0,18,14,15.0,180.41515024416242,0,8.395477169183884,31.763805785822086,8.395477169183884,1.3954771691838843,7,18,14,1.0,0.7777777777777778,0.7777777777777778,0
215,0.9944520704970589,1,53.82164550699824,0.9966971390184859,9,9,8,1,0,18,16,15.0,183.49137354965384,0,9.0,36.0,9.0,0.17835449300176265,9,18,18,1.0,1.0,0.8888888888888888,1
216,1.0,0,54.0,1.0,9,9,9,0,0,18,18,15.0,185.0,1,9.0,36.0,9.0,0.0,9,18,18,1.0,1.0,1.0,1
217,1.0,0,54.0,1.0,9,9,9,0,0,18,18,15.0,185.0,1,9.0,36.0,9.0,0.0,9,18,18,1.0,1.0,1.0,1
218,1.0,0,54.0,1.0,9,9,9,0,0,18,18,15.0,185.0,1,9.0,36.0,9.0,0.0,9,18,18,1.0,1.0,1.0,1
219,0.9852591843117833,1,52.4708655205327,0.9716826948246796,9,9,8,1,0,18,16,15.0,181.78377956126087,0,9.0,35.4708655205327,9.0,1.0,8,18,16,1.0,0.8888888888888888,0.8888888888888888,0
220,0.984767548846757,2,53.027856034355324,0.981997333969543,9,9,7,2,0,18,14,15.0,181.0991260506883,0,9.0,36.0,9.0,0.9721439656446762,9,18,18,1.0,1.0,0.7777777777777778,1
221,1.0,0,54.0,1.0,9,9,9,0,0,18,18,15.0,185.0,1,9.0,36.0,9.0,0.0,9,18,18,1.0,1.0,1.0,1
222,1.0,0,54.0,1.0,9,9,9,0,0,18,18,15.0,185.0,1,9.0,36.0,9.0,0.0,9,18,18,1.0,1.0,1.0,1
223,1.0,0,54.0,1.0,9,9,9,0,0,18,18,15.0,185.0,1,9.0,36.0,9.0,0.0,9,18,18,1.0,1.0,1.0,1
224,1.0,0,54.0,1.0,9,9,9,0,0,18,18,15.0,185.0,1,9.0,36.0,9.0,0.0,9,18,18,1.0,1.0,1.0,1
225,1.0,0,54.0,1.0,9,9,9,0,0,18,18,15.0,185.0,1,9.0,36.0,9.0,0.0,9,18,18,1.0,1.0,1.0,1
226,1.0,0,54.0,1.0,9,9,9,0,0,18,18,15.0,185.0,1,9.0,36.0,9.0,0.0,9,18,18,1.0,1.0,1.0,1
227,1.0,0,54.0,1.0,9,9,9,0,0,18,18,15.0,185.0,1,9.0,36.0,9.0,0.0,9,18,18,1.0,1.0,1.0,1
228,1.0,0,54.0,1.0,9,9,9,0,0,18,18,15.0,185.0,1,9.0,36.0,9.0,0.0,9,18,18,1.0,1.0,1.0,1
229,1.0,0,54.0,1.0,9,9,9,0,0,18,18,15.0,185.0,1,9.0,36.0,9.0,0.0,9,18,18,1.0,1.0,1.0,1
230,1.0,0,54.0,1.0,9,9,9,0,0,18,18,15.0,185.0,1,9.0,36.0,9.0,0.0,9,18,18,1.0,1.0,1.0,1
231,0.9923539771651829,1,50.92156093512284,0.9429918691689415,9,9,8,1,0,18,16,15.0,185.37638448844984,0,9.0,33.92156093512284,9.0,1.0,8,18,16,1.0,0.8888888888888888,0.8888888888888888,0
232,0.9772987745252455,2,50.69961651460949,0.9388817873075831,9,9,7,2,0,18,14,15.0,180.91630629994842,0,9.0,34.39186501203514,9.0,1.692248497425652,8,18,16,1.0,0.8888888888888888,0.7777777777777778,0
233,1.0,0,54.0,1.0,9,9,9,0,0,18,18,15.0,185.0,1,9.0,36.0,9.0,0.0,9,18,18,1.0,1.0,1.0,1
234,0.9947740288284656,1,49.21681259216146,0.9114224554103975,9,9,8,1,0,18,16,15.0,187.7781077104366,0,9.0,32.21681259216146,9.0,1.0,8,18,16,1.0,0.8888888888888888,0.8888888888888888,0
235,1.0,0,54.0,1.0,9,9,9,0,0,18,18,15.0,185.0,1,9.0,36.0,9.0,0.0,9,18,18,1.0,1.0,1.0,1
236,1.0,0,54.0,1.0,9,9,9,0,0,18,18,15.0,185.0,1,9.0,36.0,9.0,0.0,9,18,18,1.0,1.0,1.0,1
237,0.9927573113948669,1,52.89959657111159,0.9796221587242887,9,9,8,1,0,18,16,15.0,183.51450911061005,0,9.0,35.89959657111159,9.0,1.0,8,18,16,1.0,0.8888888888888888,0.8888888888888888,0
238,0.9838046825151423,2,52.455102098064316,0.9713907795937836,9,9,7,2,0,18,14,15.0,181.25658953605674,0,9.0,35.703215958544234,9.0,1.2481138604799185,8,18,16,1.0,0.8888888888888888,0.7777777777777778,0
239,1.0,0,54.0,1.0,9,9,9,0,0,18,18,15.0,185.0,1,9.0,36.0,9.0,0.0,9,18,18,1.0,1.0,1.0,1
240,0.9975109844987047,1,48.879249508532055,0.905171287195038,9,9,8,1,0,18,16,15.0,188.9642892728289,0,8.879249508532055,32.0,8.879249508532055,0.8792495085320553,8,18,16,1.0,0.8888888888888888,0.8888888888888888,0
241,0.9965742060608181,1,48.870462867537135,0.9050085716210581,9,9,8,1,0,18,16,15.0,188.7076770442099,0,8.870462867537135,32.0,8.870462867537135,0.8704628675371353,8,18,16,1.0,0.8888888888888888,0.8888888888888888,0
242,0.9959187089032062,1,52.74564477282094,0.976771199496684,9,9,8,1,0,18,16,15.0,184.57894339130243,0,9.0,35.74564477282094,9.0,1.0,8,18,16,1.0,0.8888888888888888,0.8888888888888888,0
243,0.9891943376982505,1,52.5399013209196,0.9729611355725851,9,9,8,1,0,18,16,15.0,182.84806793617653,0,9.0,35.5399013209196,9.0,1.0,8,18,16,1.0,0.8888888888888888,0.8888888888888888,0
244,1.0,0,54.0,1.0,9,9,9,0,0,18,18,15.0,185.0,1,9.0,36.0,9.0,0.0,9,18,18,1.0,1.0,1.0,1
245,1.0,0,54.0,1.0,9,9,9,0,0,18,18,15.0,185.0,1,9.0,36.0,9.0,0.0,9,18,18,1.0,1.0,1.0,1
246,1.0,0,54.0,1.0,9,9,9,0,0,18,18,15.0,185.0,1,9.0,36.0,9.0,0.0,9,18,18,1.0,1.0,1.0,1
247,0.9788505105512068,2,45.573423162789524,0.8439522807923986,9,8,6,2,1,16,12,14.0,187.77545030495992,0,8.0,30.693570304785638,8.0,1.1201471419961102,7,18,14,0.8888888888888888,0.7777777777777778,0.6666666666666666,0
248,1.0,0,54.0,1.0,9,9,9,0,0,18,18,15.0,185.0,1,9.0,36.0,9.0,0.0,9,18,18,1.0,1.0,1.0,1
249,1.0,0,54.0,1.0,9,9,9,0,0,18,18,15.0,185.0,1,9.0,36.0,9.0,0.0,9,18,18,1.0,1.0,1.0,1
250,1.0,0,54.0,1.0,9,9,9,0,0,18,18,15.0,185.0,1,9.0,36.0,9.0,0.0,9,18,18,1.0,1.0,1.0,1
251,1.0,0,54.0,1.0,9,9,9,0,0,18,18,15.0,185.0,1,9.0,36.0,9.0,0.0,9,18,18,1.0,1.0,1.0,1
252,1.0,0,54.0,1.0,9,9,9,0,0,18,18,15.0,185.0,1,9.0,36.0,9.0,0.0,9,18,18,1.0,1.0,1.0,1
253,0.9957710225612301,1,53.497562531312525,0.9906956024317134,9,9,8,1,0,18,16,15.0,184.03327323197797,0,9.0,36.0,9.0,0.5024374686874751,9,18,18,1.0,1.0,0.8888888888888888,1
254,1.0,0,54.0,1.0,9,9,9,0,0,18,18,15.0,185.0,1,9.0,36.0,9.0,0.0,9,18,18,1.0,1.0,1.0,1
255,1.0,0,54.0,1.0,9,9,9,0,0,18,18,15.0,185.0,1,9.0,36.0,9.0,0.0,9,18,18,1.0,1.0,1.0,1
256,1.0,0,54.0,1.0,9,9,9,0,0,18,18,15.0,185.0,1,9.0,36.0,9.0,0.0,9,18,18,1.0,1.0,1.0,1
257,1.0,0,54.0,1.0,9,9,9,0,0,18,18,15.0,185.0,1,9.0,36.0,9.0,0.0,9,18,18,1.0,1.0,1.0,1
258,1.0,0,54.0,1.0,9,9,9,0,0,18,18,15.0,185.0,1,9.0,36.0,9.0,0.0,9,18,18,1.0,1.0,1.0,1
259,0.9890864995712723,1,49.574336082110115,0.9180432607798169,9,9,8,1,0,18,16,15.0,185.7825757944163,0,9.0,32.574336082110115,9.0,1.0,8,18,16,1.0,0.8888888888888888,0.8888888888888888,0
260,1.0,0,54.0,1.0,9,9,9,0,0,18,18,15.0,185.0,1,9.0,36.0,9.0,0.0,9,18,18,1.0,1.0,1.0,1
261,1.0,0,54.0,1.0,9,9,9,0,0,18,18,15.0,185.0,1,9.0,36.0,9.0,0.0,9,18,18,1.0,1.0,1.0,1
262,1.0,0,54.0,1.0,9,9,9,0,0,18,18,15.0,185.0,1,9.0,36.0,9.0,0.0,9,18,18,1.0,1.0,1.0,1
263,1.0,0,54.0,1.0,9,9,9,0,0,18,18,15.0,185.0,1,9.0,36.0,9.0,0.0,9,18,18,1.0,1.0,1.0,1
264,0.9876812003189297,2,46.89439567240732,0.8684147346742096,9,9,7,2,0,18,14,15.0,187.55779001944444,0,9.0,30.89439567240732,9.0,2.0,7,18,14,1.0,0.7777777777777778,0.7777777777777778,0
265,1.0,0,54.0,1.0,9,9,9,0,0,18,18,15.0,185.0,1,9.0,36.0,9.0,0.0,9,18,18,1.0,1.0,1.0,1
266,0.991262871801089,2,46.943763399976085,0.869328951851409,9,9,7,2,0,18,14,15.0,188.53994367873753,0,9.0,30.943763399976085,9.0,2.0,7,18,14,1.0,0.7777777777777778,0.7777777777777778,0
267,0.995751925708139,1,50.51910083868624,0.9355389044201156,9,9,8,1,0,18,16,15.0,186.7574537652578,0,9.0,33.51910083868624,9.0,1.0,8,18,16,1.0,0.8888888888888888,0.8888888888888888,0
268,1.0,0,54.0,1.0,9,9,9,0,0,18,18,15.0,185.0,1,9.0,36.0,9.0,0.0,9,18,18,1.0,1.0,1.0,1
269,1.0,0,54.0,1.0,9,9,9,0,0,18,18,15.0,185.0,1,9.0,36.0,9.0,0.0,9,18,18,1.0,1.0,1.0,1
270,1.0,0,54.0,1.0,9,9,9,0,0,18,18,15.0,185.0,1,9.0,36.0,9.0,0.0,9,18,18,1.0,1.0,1.0,1
271,1.0,0,54.0,1.0,9,9,9,0,0,18,18,15.0,185.0,1,9.0,36.0,9.0,0.0,9,18,18,1.0,1.0,1.0,1
272,1.0,0,54.0,1.0,9,9,9,0,0,18,18,15.0,185.0,1,9.0,36.0,9.0,0.0,9,18,18,1.0,1.0,1.0,1
273,1.0,0,54.0,1.0,9,9,9,0,0,18,18,15.0,185.0,1,9.0,36.0,9.0,0.0,9,18,18,1.0,1.0,1.0,1
274,0.9953870266035797,2,52.00196369171481,0.9629993276243484,9,9,7,2,0,18,14,15.0,184.8608932302322,0,9.0,35.619177171482704,9.0,1.6172134797678908,8,18,16,1.0,0.8888888888888888,0.7777777777777778,0
275,0.9928081855985814,1,53.808295266750974,0.9964499123472402,9,9,8,1,0,18,16,15.0,183.02460981901592,0,9.0,36.0,9.0,0.1917047332490256,9,18,18,1.0,1.0,0.8888888888888888,1
276,0.9979402565157363,1,49.64970710038767,0.9194390203775495,9,9,8,1,0,18,16,15.0,188.25708677614438,0,9.0,32.64970710038767,9.0,1.0,8,18,16,1.0,0.8888888888888888,0.8888888888888888,0
277,0.9981495261137812,1,52.30462780003564,0.9686042185191786,9,9,8,1,0,18,16,15.0,185.6624357207333,0,9.0,35.30462780003564,9.0,1.0,8,18,16,1.0,0.8888888888888888,0.8888888888888888,0
278,0.9913266174310778,1,53.741747588480834,0.9952175479348303,9,9,8,1,0,18,16,15.0,182.63119202590997,0,9.0,36.0,9.0,0.258252411519166,9,18,18,1.0,1.0,0.8888888888888888,1
279,0.9950498532286249,1,49.87529108065682,0.9236165014936448,9,9,8,1,0,18,16,15.0,187.1990666491872,0,9.0,32.87529108065682,9.0,1.0,8,18,16,1.0,0.8888888888888888,0.8888888888888888,0
280,1.0,0,54.0,1.0,9,9,9,0,0,18,18,15.0,185.0,1,9.0,36.0,9.0,0.0,9,18,18,1.0,1.0,1.0,1
281,1.0,0,54.0,1.0,9,9,9,0,0,18,18,15.0,185.0,1,9.0,36.0,9.0,0.0,9,18,18,1.0,1.0,1.0,1
282,0.9952224485858616,1,48.087529387673655,0.8905098034754381,9,9,8,1,0,18,16,15.0,189.49277111121762,0,8.087529387673655,32.0,8.087529387673655,0.08752938767365492,8,18,16,1.0,0.8888888888888888,0.8888888888888888,0
283,0.9985639305932925,1,48.21645536140454,0.8928973215074915,9,9,8,1,0,18,16,15.0,190.26172896876142,0,8.216455361404542,32.0,8.216455361404542,0.2164553614045417,8,18,16,1.0,0.8888888888888888,0.8888888888888888,0
284,0.9887442618159424,1,49.78061472491595,0.9218632356465917,9,9,8,1,0,18,16,15.0,185.47773267807548,0,9.0,32.78061472491595,9.0,1.0,8,18,16,1.0,0.8888888888888888,0.8888888888888888,0
285,0.9883963690862088,2,44.61297009599484,0.8261661128887933,9,9,7,2,0,18,14,15.0,190.04518420083326,0,9.0,28.61297009599484,9.0,2.0,7,18,14,1.0,0.7777777777777778,0.7777777777777778,0
286,1.0,0,54.0,1.0,9,9,9,0,0,18,18,15.0,185.0,1,9.0,36.0,9.0,0.0,9,18,18,1.0,1.0,1.0,1
287,1.0,0,54.0,1.0,9,9,9,0,0,18,18,15.0,185.0,1,9.0,36.0,9.0,0.0,9,18,18,1.0,1.0,1.0,1
288,1.0,0,54.0,1.0,9,9,9,0,0,18,18,15.0,185.0,1,9.0,36.0,9.0,0.0,9,18,18,1.0,1.0,1.0,1
289,0.9563668444961344,2,44.08616123892428,0.8164103933134125,9,9,7,2,0,18,14,15.0,181.61250266404878,0,8.469974623827312,28.616186615096964,8.469974623827312,1.4699746238273121,7,18,14,1.0,0.7777777777777778,0.7777777777777778,0
290,0.991216131982051,2,50.037328521974615,0.9266171948513817,9,9,7,2,0,18,14,15.0,185.43291748885608,0,9.0,34.037328521974615,9.0,2.0,7,18,14,1.0,0.7777777777777778,0.7777777777777778,0
291,1.0,0,54.0,1.0,9,9,9,0,0,18,18,15.0,185.0,1,9.0,36.0,9.0,0.0,9,18,18,1.0,1.0,1.0,1
292,0.9916816681839349,1,50.51523355527394,0.9354672880606285,9,9,8,1,0,18,16,15.0,185.58908688169927,0,9.0,33.51523355527394,9.0,1.0,8,18,16,1.0,0.8888888888888888,0.8888888888888888,0
293,0.9837320000059755,3,42.21029751292353,0.7816721761652506,9,9,6,3,0,18,12,15.0,191.03953218190196,0,8.129972613790887,28.08032489913265,8.129972613790887,2.129972613790887,6,18,12,1.0,0.6666666666666666,0.6666666666666666,0
294,0.9973621973475368,1,50.03317768306081,0.9265403274640891,9,9,8,1,0,18,16,15.0,187.70713515302978,0,9.0,33.03317768306081,9.0,1.0,8,18,16,1.0,0.8888888888888888,0.8888888888888888,0
295,1.0,0,54.0,1.0,9,9,9,0,0,18,18,15.0,185.0,1,9.0,36.0,9.0,0.0,9,18,18,1.0,1.0,1.0,1
296,1.0,0,54.0,1.0,9,9,9,0,0,18,18,15.0,185.0,1,9.0,36.0,9.0,0.0,9,18,18,1.0,1.0,1.0,1
297,1.0,0,54.0,1.0,9,9,9,0,0,18,18,15.0,185.0,1,9.0,36.0,9.0,0.0,9,18,18,1.0,1.0,1.0,1
298,0.9951258100032658,1,50.18327239894001,0.9293198592396299,9,9,8,1,0,18,16,15.0,186.91296088200056,0,9.0,33.18327239894001,9.0,1.0,8,18,16,1.0,0.8888888888888888,0.8888888888888888,0
299,1.0,0,54.0,1.0,9,9,9,0,0,18,18,15.0,185.0,1,9.0,36.0,9.0,0.0,9,18,18,1.0,1.0,1.0,1
300,1.0,0,54.0,1.0,9,9,9,0,0,18,18,15.0,185.0,1,9.0,36.0,9.0,0.0,9,18,18,1.0,1.0,1.0,1
301,1.0,0,54.0,1.0,9,9,9,0,0,18,18,15.0,185.0,1,9.0,36.0,9.0,0.0,9,18,18,1.0,1.0,1.0,1
302,1.0,0,54.0,1.0,9,9,9,0,0,18,18,15.0,185.0,1,9.0,36.0,9.0,0.0,9,18,18,1.0,1.0,1.0,1
303,1.0,0,54.0,1.0,9,9,9,0,0,18,18,15.0,185.0,1,9.0,36.0,9.0,0.0,9,18,18,1.0,1.0,1.0,1
304,0.9990351260412551,1,48.19475183576667,0.8924954043660493,9,9,8,1,0,18,16,15.0,190.42998854623144,0,8.194751835766667,32.0,8.194751835766667,0.19475183576666666,8,18,16,1.0,0.8888888888888888,0.8888888888888888,0
305,1.0,0,54.0,1.0,9,9,9,0,0,18,18,15.0,185.0,1,9.0,36.0,9.0,0.0,9,18,18,1.0,1.0,1.0,1
306,1.0,0,54.0,1.0,9,9,9,0,0,18,18,15.0,185.0,1,9.0,36.0,9.0,0.0,9,18,18,1.0,1.0,1.0,1
307,0.9909341922441186,1,52.90191456245992,0.9796650844899986,9,9,8,1,0,18,16,15.0,182.9871328038463,0,9.0,35.90191456245992,9.0,1.0,8,18,16,1.0,0.8888888888888888,0.8888888888888888,0
308,0.9975122875566864,1,53.215482730026764,0.985471902407903,9,9,8,1,0,18,16,15.0,184.6757974513123,0,9.0,36.0,9.0,0.7845172699732359,9,18,18,1.0,1.0,0.8888888888888888,1
309,1.0,0,54.0,1.0,9,9,9,0,0,18,18,15.0,185.0,1,9.0,36.0,9.0,0.0,9,18,18,1.0,1.0,1.0,1
310,1.0,0,54.0,1.0,9,9,9,0,0,18,18,15.0,185.0,1,9.0,36.0,9.0,0.0,9,18,18,1.0,1.0,1.0,1
311,1.0,0,54.0,1.0,9,9,9,0,0,18,18,15.0,185.0,1,9.0,36.0,9.0,0.0,9,18,18,1.0,1.0,1.0,1
312,1.0,0,54.0,1.0,9,9,9,0,0,18,18,15.0,185.0,1,9.0,36.0,9.0,0.0,9,18,18,1.0,1.0,1.0,1
313,0.9915733052457953,1,49.04356698729552,0.9082142034684355,9,9,8,1,0,18,16,15.0,187.02954492349352,0,9.0,32.04356698729552,9.0,1.0,8,18,16,1.0,0.8888888888888888,0.8888888888888888,0
314,0.9909156203720466,1,49.80374765428059,0.9222916232274184,9,9,8,1,0,18,16,15.0,186.07995101286883,0,9.0,32.80374765428059,9.0,1.0,8,18,16,1.0,0.8888888888888888,0.8888888888888888,0
315,1.0,0,54.0,1.0,9,9,9,0,0,18,18,15.0,185.0,1,9.0,36.0,9.0,0.0,9,18,18,1.0,1.0,1.0,1
316,1.0,0,54.0,1.0,9,9,9,0,0,18,18,15.0,185.0,1,9.0,36.0,9.0,0.0,9,18,18,1.0,1.0,1.0,1
317,1.0,0,54.0,1.0,9,9,9,0,0,18,18,15.0,185.0,1,9.0,36.0,9.0,0.0,9,18,18,1.0,1.0,1.0,1
318,1.0,0,54.0,1.0,9,9,9,0,0,18,18,15.0,185.0,1,9.0,36.0,9.0,0.0,9,18,18,1.0,1.0,1.0,1
319,1.0,0,54.0,1.0,9,9,9,0,0,18,18,15.0,185.0,1,9.0,36.0,9.0,0.0,9,18,18,1.0,1.0,1.0,1
320,1.0,0,54.0,1.0,9,9,9,0,0,18,18,15.0,185.0,1,9.0,36.0,9.0,0.0,9,18,18,1.0,1.0,1.0,1
321,0.9983989225809454,1,48.348388504081015,0.8953405278533522,9,9,8,1,0,18,16,15.0,190.0163069471908,0,8.348388504081015,32.0,8.348388504081015,0.34838850408101507,8,18,16,1.0,0.8888888888888888,0.8888888888888888,0
322,0.9828970329321814,1,48.112760578662176,0.8909770477530032,9,9,8,1,0,18,16,15.0,185.90520461647503,0,8.112760578662176,32.0,8.112760578662176,0.1127605786621757,8,18,16,1.0,0.8888888888888888,0.8888888888888888,0
323,1.0,0,54.0,1.0,9,9,9,0,0,18,18,15.0,185.0,1,9.0,36.0,9.0,0.0,9,18,18,1.0,1.0,1.0,1
324,0.9664938288512,2,48.656245818636734,0.9010415892340136,9,9,7,2,0,18,14,15.0,179.69397689050885,0,9.0,32.656245818636734,9.0,2.0,7,18,14,1.0,0.7777777777777778,0.7777777777777778,0
325,1.0,0,54.0,1.0,9,9,9,0,0,18,18,15.0,185.0,1,9.0,36.0,9.0,0.0,9,18,18,1.0,1.0,1.0,1
326,1.0,0,54.0,1.0,9,9,9,0,0,18,18,15.0,185.0,1,9.0,36.0,9.0,0.0,9,18,18,1.0,1.0,1.0,1
327,1.0,0,54.0,1.0,9,9,9,0,0,18,18,15.0,185.0,1,9.0,36.0,9.0,0.0,9,18,18,1.0,1.0,1.0,1
328,1.0,0,54.0,1.0,9,9,9,0,0,18,18,15.0,185.0,1,9.0,36.0,9.0,0.0,9,18,18,1.0,1.0,1.0,1
329,0.9983194769641996,1,53.937423835410186,0.9988411821372257,9,9,8,1,0,18,16,15.0,184.54729744798442,0,9.0,36.0,9.0,0.06257616458981374,9,18,18,1.0,1.0,0.8888888888888888,1
330,0.9923438017163879,1,48.05350217435444,0.8898796698954526,9,9,8,1,0,18,16,15.0,188.71476163278805,0,8.053502174354442,32.0,8.053502174354442,0.053502174354441934,8,18,16,1.0,0.8888888888888888,0.8888888888888888,0
331,0.9953797339476256,1,52.57180825106073,0.9735520046492728,9,9,8,1,0,18,16,15.0,184.59755512585542,0,9.0,35.57180825106073,9.0,1.0,8,18,16,1.0,0.8888888888888888,0.8888888888888888,0
332,1.0,0,54.0,1.0,9,9,9,0,0,18,18,15.0,185.0,1,9.0,36.0,9.0,0.0,9,18,18,1.0,1.0,1.0,1
333,1.0,0,54.0,1.0,9,9,9,0,0,18,18,15.0,185.0,1,9.0,36.0,9.0,0.0,9,18,18,1.0,1.0,1.0,1
334,1.0,0,54.0,1.0,9,9,9,0,0,18,18,15.0,185.0,1,9.0,36.0,9.0,0.0,9,18,18,1.0,1.0,1.0,1
335,1.0,0,54.0,1.0,9,9,9,0,0,18,18,15.0,185.0,1,9.0,36.0,9.0,0.0,9,18,18,1.0,1.0,1.0,1
336,0.9855985650318616,1,48.83627989819168,0.9043755536702163,9,9,8,1,0,18,16,15.0,185.59796688188862,0,8.836279898191677,32.0,8.836279898191677,0.8362798981916768,8,18,16,1.0,0.8888888888888888,0.8888888888888888,0
337,0.9974984876812955,1,49.30657566948621,0.913084734620115,9,9,8,1,0,18,16,15.0,188.4729887827269,0,9.0,32.30657566948621,9.0,1.0,8,18,16,1.0,0.8888888888888888,0.8888888888888888,0
338,0.9903433471409137,1,49.488317801665204,0.9164503296604667,9,9,8,1,0,18,16,15.0,186.2305661749179,0,9.0,32.488317801665204,9.0,1.0,8,18,16,1.0,0.8888888888888888,0.8888888888888888,0
339,1.0,0,54.0,1.0,9,9,9,0,0,18,18,15.0,185.0,1,9.0,36.0,9.0,0.0,9,18,18,1.0,1.0,1.0,1
340,1.0,0,54.0,1.0,9,9,9,0,0,18,18,15.0,185.0,1,9.0,36.0,9.0,0.0,9,18,18,1.0,1.0,1.0,1
341,0.9922053244298622,2,50.49559269172907,0.9351035683653532,9,9,7,2,0,18,14,15.0,185.28271492552955,0,9.0,34.44924432881231,9.0,1.9536516370832402,8,18,16,1.0,0.8888888888888888,0.7777777777777778,0
342,0.9911649563783654,2,49.23539396707113,0.9117665549457618,9,9,7,2,0,18,14,15.0,186.22011346989808,0,9.0,33.23539396707113,9.0,2.0,7,18,14,1.0,0.7777777777777778,0.7777777777777778,0
343,0.994663789393614,1,50.14657404695541,0.9286402601288039,9,9,8,1,0,18,16,15.0,186.81659729840538,0,9.0,33.14657404695541,9.0,1.0,8,18,16,1.0,0.8888888888888888,0.8888888888888888,0
344,1.0,0,54.0,1.0,9,9,9,0,0,18,18,15.0,185.0,1,9.0,36.0,9.0,0.0,9,18,18,1.0,1.0,1.0,1
345,1.0,0,54.0,1.0,9,9,9,0,0,18,18,15.0,185.0,1,9.0,36.0,9.0,0.0,9,18,18,1.0,1.0,1.0,1
346,0.9986647775124035,1,48.28626465307988,0.894190086168146,9,9,8,1,0,18,16,15.0,190.1860589439524,0,8.286264653079883,32.0,8.286264653079883,0.2862646530798827,8,18,16,1.0,0.8888888888888888,0.8888888888888888,0
347,0.9934354207718091,1,53.800674662576185,0.9963087900477071,9,9,8,1,0,18,16,15.0,183.20906385099295,0,9.0,36.0,9.0,0.19932533742381509,9,18,18,1.0,1.0,0.8888888888888888,1
348,0.9982084692902534,1,50.75817843140253,0.939966267248195,9,9,8,1,0,18,16,15.0,187.22586072419048,0,9.0,33.75817843140253,9.0,1.0,8,18,16,1.0,0.8888888888888888,0.8888888888888888,0
349,1.0,0,54.0,1.0,9,9,9,0,0,18,18,15.0,185.0,1,9.0,36.0,9.0,0.0,9,18,18,1.0,1.0,1.0,1
350,1.0,0,54.0,1.0,9,9,9,0,0,18,18,15.0,185.0,1,9.0,36.0,9.0,0.0,9,18,18,1.0,1.0,1.0,1
351,1.0,0,54.0,1.0,9,9,9,0,0,18,18,15.0,185.0,1,9.0,36.0,9.0,0.0,9,18,18,1.0,1.0,1.0,1
352,1.0,0,54.0,1.0,9,9,9,0,0,18,18,15.0,185.0,1,9.0,36.0,9.0,0.0,9,18,18,1.0,1.0,1.0,1
353,1.0,0,54.0,1.0,9,9,9,0,0,18,18,15.0,185.0,1,9.0,36.0,9.0,0.0,9,18,18,1.0,1.0,1.0,1
354,1.0,0,54.0,1.0,9,9,9,0,0,18,18,15.0,185.0,1,9.0,36.0,9.0,0.0,9,18,18,1.0,1.0,1.0,1
355,0.9832873229965444,2,47.256565873163495,0.8751215902437685,9,9,7,2,0,18,14,15.0,185.93018314984127,0,9.0,31.256565873163495,9.0,2.0,7,18,14,1.0,0.7777777777777778,0.7777777777777778,0
356,0.9948232105740558,1,53.666156674340534,0.9938177161914914,9,9,8,1,0,18,16,15.0,183.6760063081578,0,9.0,36.0,9.0,0.3338433256594655,9,18,18,1.0,1.0,0.8888888888888888,1
357,0.9981472299908157,1,49.303165651925326,0.9130215861467653,9,9,8,1,0,18,16,15.0,188.6632365854296,0,9.0,32.303165651925326,9.0,1.0,8,18,16,1.0,0.8888888888888888,0.8888888888888888,0
358,1.0,0,54.0,1.0,9,9,9,0,0,18,18,15.0,185.0,1,9.0,36.0,9.0,0.0,9,18,18,1.0,1.0,1.0,1
359,1.0,0,54.0,1.0,9,9,9,0,0,18,18,15.0,185.0,1,9.0,36.0,9.0,0.0,9,18,18,1.0,1.0,1.0,1
360,1.0,0,54.0,1.0,9,9,9,0,0,18,18,15.0,185.0,1,9.0,36.0,9.0,0.0,9,18,18,1.0,1.0,1.0,1
361,1.0,0,54.0,1.0,9,9,9,0,0,18,18,15.0,185.0,1,9.0,36.0,9.0,0.0,9,18,18,1.0,1.0,1.0,1
362,0.9893541463333828,1,49.07512307104429,0.9087985753897091,9,9,8,1,0,18,16,15.0,186.35887107296998,0,9.0,32.07512307104429,9.0,1.0,8,18,16,1.0,0.8888888888888888,0.8888888888888888,0
363,0.9920384653391991,1,52.67442215845065,0.9754522621935307,9,9,8,1,0,18,16,15.0,183.53265585923876,0,9.0,35.67442215845065,9.0,1.0,8,18,16,1.0,0.8888888888888888,0.8888888888888888,0
364,0.9948856359361931,1,51.57629900561332,0.9551166482520985,9,9,8,1,0,18,16,15.0,185.45076414401026,0,9.0,34.57629900561332,9.0,1.0,8,18,16,1.0,0.8888888888888888,0.8888888888888888,0
365,0.9940176394779038,1,50.39780215209052,0.9332926324461207,9,9,8,1,0,18,16,15.0,186.3792780175458,0,9.0,33.39780215209052,9.0,1.0,8,18,16,1.0,0.8888888888888888,0.8888888888888888,0
366,0.9905352488767541,1,53.56629109728179,0.9919683536533666,9,9,8,1,0,18,16,15.0,182.4910061278643,0,9.0,36.0,9.0,0.43370890271820883,9,18,18,1.0,1.0,0.8888888888888888,1
367,1.0,0,54.0,1.0,9,9,9,0,0,18,18,15.0,185.0,1,9.0,36.0,9.0,0.0,9,18,18,1.0,1.0,1.0,1
368,1.0,0,54.0,1.0,9,9,9,0,0,18,18,15.0,185.0,1,9.0,36.0,9.0,0.0,9,18,18,1.0,1.0,1.0,1
369,0.9548211275835858,1,50.39910463101509,0.9333167524262054,9,9,8,1,0,18,16,15.0,175.0893801130576,0,9.0,33.39910463101509,9.0,1.0,8,18,16,1.0,0.8888888888888888,0.8888888888888888,0
370,1.0,0,54.0,1.0,9,9,9,0,0,18,18,15.0,185.0,1,9.0,36.0,9.0,0.0,9,18,18,1.0,1.0,1.0,1
371,0.9975867369745157,1,50.529456959613725,0.9357306844372912,9,9,8,1,0,18,16,15.0,187.27552328904682,0,9.0,33.529456959613725,9.0,1.0,8,18,16,1.0,0.8888888888888888,0.8888888888888888,0
372,1.0,0,54.0,1.0,9,9,9,0,0,18,18,15.0,185.0,1,9.0,36.0,9.0,0.0,9,18,18,1.0,1.0,1.0,1
373,1.0,0,54.0,1.0,9,9,9,0,0,18,18,15.0,185.0,1,9.0,36.0,9.0,0.0,9,18,18,1.0,1.0,1.0,1
374,1.0,0,54.0,1.0,9,9,9,0,0,18,18,15.0,185.0,1,9.0,36.0,9.0,0.0,9,18,18,1.0,1.0,1.0,1
375,0.9887959631043892,1,48.46406181574483,0.8974826262174967,9,9,8,1,0,18,16,15.0,187.07714465044683,0,8.464061815744827,32.0,8.464061815744827,0.4640618157448273,8,18,16,1.0,0.8888888888888888,0.8888888888888888,0
376,0.9951069500288227,1,52.85054079608365,0.9787137184459935,9,9,8,1,0,18,16,15.0,184.2402608122173,0,9.0,35.85054079608365,9.0,1.0,8,18,16,1.0,0.8888888888888888,0.8888888888888888,0
377,1.0,0,54.0,1.0,9,9,9,0,0,18,18,15.0,185.0,1,9.0,36.0,9.0,0.0,9,18,18,1.0,1.0,1.0,1
378,1.0,0,54.0,1.0,9,9,9,0,0,18,18,15.0,185.0,1,9.0,36.0,9.0,0.0,9,18,18,1.0,1.0,1.0,1
379,0.9952198510745364,1,50.73425904974533,0.9395233157360247,9,9,8,1,0,18,16,15.0,186.38905805972115,0,9.0,33.73425904974533,9.0,1.0,8,18,16,1.0,0.8888888888888888,0.8888888888888888,0
380,1.0,0,54.0,1.0,9,9,9,0,0,18,18,15.0,185.0,1,9.0,36.0,9.0,0.0,9,18,18,1.0,1.0,1.0,1
381,1.0,0,54.0,1.0,9,9,9,0,0,18,18,15.0,185.0,1,9.0,36.0,9.0,0.0,9,18,18,1.0,1.0,1.0,1
382,1.0,0,54.0,1.0,9,9,9,0,0,18,18,15.0,185.0,1,9.0,36.0,9.0,0.0,9,18,18,1.0,1.0,1.0,1
383,1.0,0,54.0,1.0,9,9,9,0,0,18,18,15.0,185.0,1,9.0,36.0,9.0,0.0,9,18,18,1.0,1.0,1.0,1
384,1.0,0,54.0,1.0,9,9,9,0,0,18,18,15.0,185.0,1,9.0,36.0,9.0,0.0,9,18,18,1.0,1.0,1.0,1
385,0.9980472950731504,1,49.21127802987347,0.9113199635161754,9,9,8,1,0,18,16,15.0,188.72634295119383,0,9.0,32.21127802987347,9.0,1.0,8,18,16,1.0,0.8888888888888888,0.8888888888888888,0
386,1.0,0,54.0,1.0,9,9,9,0,0,18,18,15.0,185.0,1,9.0,36.0,9.0,0.0,9,18,18,1.0,1.0,1.0,1
387,0.9981411597362467,1,49.06466197144668,0.9086048513230867,9,9,8,1,0,18,16,15.0,188.89999203259237,0,9.0,32.06466197144668,9.0,1.0,8,18,16,1.0,0.8888888888888888,0.8888888888888888,0
388,0.9975848174768382,1,49.9994350950129,0.9259154647224611,9,9,8,1,0,18,16,15.0,187.80499233831648,0,9.0,32.9994350950129,9.0,1.0,8,18,16,1.0,0.8888888888888888,0.8888888888888888,0
389,1.0,0,54.0,1.0,9,9,9,0,0,18,18,15.0,185.0,1,9.0,36.0,9.0,0.0,9,18,18,1.0,1.0,1.0,1
390,0.9962614920458965,1,51.1734510560959,0.9476565010388129,9,9,8,1,0,18,16,15.0,186.24985865312232,0,9.0,34.1734510560959,9.0,1.0,8,18,16,1.0,0.8888888888888888,0.8888888888888888,0
391,1.0,0,54.0,1.0,9,9,9,0,0,18,18,15.0,185.0,1,9.0,36.0,9.0,0.0,9,18,18,1.0,1.0,1.0,1
392,0.9965851715283001,1,49.59586833209718,0.9184420061499479,9,9,8,1,0,18,16,15.0,187.92066106805325,0,9.0,32.59586833209718,9.0,1.0,8,18,16,1.0,0.8888888888888888,0.8888888888888888,0
393,0.9920386942889847,1,50.63778630853464,0.9377367834913822,9,9,8,1,0,18,16,15.0,185.56935764669296,0,9.0,33.63778630853464,9.0,1.0,8,18,16,1.0,0.8888888888888888,0.8888888888888888,0
394,1.0,0,54.0,1.0,9,9,9,0,0,18,18,15.0,185.0,1,9.0,36.0,9.0,0.0,9,18,18,1.0,1.0,1.0,1
395,0.9886065202986339,2,46.55253059896879,0.8620838999809034,9,9,7,2,0,18,14,15.0,188.16614724703777,0,9.0,30.552530598968787,9.0,2.0,7,18,14,1.0,0.7777777777777778,0.7777777777777778,0
396,0.9949882267217105,1,50.004847522586715,0.926015694862717,9,9,8,1,0,18,16,15.0,187.05176177326592,0,9.0,33.004847522586715,9.0,1.0,8,18,16,1.0,0.8888888888888888,0.8888888888888888,0
397,1.0,0,54.0,1.0,9,9,9,0,0,18,18,15.0,185.0,1,9.0,36.0,9.0,0.0,9,18,18,1.0,1.0,1.0,1
398,1.0,0,54.0,1.0,9,9,9,0,0,18,18,15.0,185.0,1,9.0,36.0,9.0,0.0,9,18,18,1.0,1.0,1.0,1
399,0.9928050377798314,2,50.22605783811636,0.93011218218734,9,9,7,2,0,18,14,15.0,185.72703429676855,0,9.0,34.175575329529465,9.0,1.9495174914131042,8,18,16,1.0,0.8888888888888888,0.7777777777777778,0
400,0.9979739400807774,1,48.203270766588346,0.8926531623442286,9,9,8,1,0,18,16,15.0,190.1115885933814,0,8.203270766588346,32.0,8.203270766588346,0.20327076658834642,8,18,16,1.0,0.8888888888888888,0.8888888888888888,0
401,1.0,0,54.0,1.0,9,9,9,0,0,18,18,15.0,185.0,1,9.0,36.0,9.0,0.0,9,18,18,1.0,1.0,1.0,1
402,1.0,0,54.0,1.0,9,9,9,0,0,18,18,15.0,185.0,1,9.0,36.0,9.0,0.0,9,18,18,1.0,1.0,1.0,1
403,1.0,0,54.0,1.0,9,9,9,0,0,18,18,15.0,185.0,1,9.0,36.0,9.0,0.0,9,18,18,1.0,1.0,1.0,1
404,0.9970300829219985,1,53.35198392460383,0.9879997023074784,9,9,8,1,0,18,16,15.0,184.46867191923366,0,9.0,36.0,9.0,0.6480160753961712,9,18,18,1.0,1.0,0.8888888888888888,1
405,0.9908599365686356,1,49.857544814662745,0.923287866938199,9,9,8,1,0,18,16,15.0,186.01011691710434,0,9.0,32.857544814662745,9.0,1.0,8,18,16,1.0,0.8888888888888888,0.8888888888888888,0
406,1.0,0,54.0,1.0,9,9,9,0,0,18,18,15.0,185.0,1,9.0,36.0,9.0,0.0,9,18,18,1.0,1.0,1.0,1
407,0.9923811265348318,1,48.40907125036418,0.8964642824141514,9,9,8,1,0,18,16,15.0,188.19215756648526,0,8.409071250364178,32.0,8.409071250364178,0.40907125036417824,8,18,16,1.0,0.8888888888888888,0.8888888888888888,0
408,1.0,0,54.0,1.0,9,9,9,0,0,18,18,15.0,185.0,1,9.0,36.0,9.0,0.0,9,18,18,1.0,1.0,1.0,1
409,0.992847063449715,1,51.958490619986634,0.9621942707404932,9,9,8,1,0,18,16,15.0,184.4814636535313,0,9.0,34.958490619986634,9.0,1.0,8,18,16,1.0,0.8888888888888888,0.8888888888888888,0
410,0.9834183057148148,1,50.4306763871229,0.93390141457635,9,9,8,1,0,18,16,15.0,183.29379565874376,0,9.0,33.4306763871229,9.0,1.0,8,18,16,1.0,0.8888888888888888,0.8888888888888888,0
411,1.0,0,54.0,1.0,9,9,9,0,0,18,18,15.0,185.0,1,9.0,36.0,9.0,0.0,9,18,18,1.0,1.0,1.0,1
412,0.9965132094403736,1,51.833219844013314,0.9598744415558021,9,9,8,1,0,18,16,15.0,185.66258447481425,0,9.0,34.833219844013314,9.0,1.0,8,18,16,1.0,0.8888888888888888,0.8888888888888888,0
413,1.0,0,54.0,1.0,9,9,9,0,0,18,18,15.0,185.0,1,9.0,36.0,9.0,0.0,9,18,18,1.0,1.0,1.0,1
414,1.0,0,54.0,1.0,9,9,9,0,0,18,18,15.0,185.0,1,9.0,36.0,9.0,0.0,9,18,18,1.0,1.0,1.0,1
415,0.9919420566149741,1,49.20363048977299,0.9111783424032035,9,9,8,1,0,18,16,15.0,186.97568181533956,0,9.0,32.20363048977299,9.0,1.0,8,18,16,1.0,0.8888888888888888,0.8888888888888888,0
416,1.0,0,54.0,1.0,9,9,9,0,0,18,18,15.0,185.0,1,9.0,36.0,9.0,0.0,9,18,18,1.0,1.0,1.0,1
417,0.9805345675366435,1,48.36574527708845,0.895661949575712,9,9,8,1,0,18,16,15.0,184.84533753492067,0,8.36574527708845,32.0,8.36574527708845,0.3657452770884504,8,18,16,1.0,0.8888888888888888,0.8888888888888888,0
418,0.9808918132752766,1,47.381568111515804,0.8774364465095519,9,8,7,1,1,16,14,14.0,186.80605816752174,0,8.0,32.0,8.0,0.6184318884841957,8,18,16,0.8888888888888888,0.8888888888888888,0.7777777777777778,0
419,0.9953127928754744,1,48.92297699333085,0.9059810554320528,9,9,8,1,0,18,16,15.0,188.26561885814036,0,8.922976993330849,32.0,8.922976993330849,0.9229769933308489,8,18,16,1.0,0.8888888888888888,0.8888888888888888,0
420,0.9978604034224241,1,53.64839886292964,0.9934888678320304,9,9,8,1,0,18,16,15.0,184.5595967541933,0,9.0,36.0,9.0,0.3516011370703609,9,18,18,1.0,1.0,0.8888888888888888,1
421,1.0,0,54.0,1.0,9,9,9,0,0,18,18,15.0,185.0,1,9.0,36.0,9.0,0.0,9,18,18,1.0,1.0,1.0,1
422,1.0,0,54.0,1.0,9,9,9,0,0,18,18,15.0,185.0,1,9.0,36.0,9.0,0.0,9,18,18,1.0,1.0,1.0,1
423,1.0,0,54.0,1.0,9,9,9,0,0,18,18,15.0,185.0,1,9.0,36.0,9.0,0.0,9,18,18,1.0,1.0,1.0,1
424,0.997688565284997,1,50.045042152607294,0.9267600398630981,9,9,8,1,0,18,16,15.0,187.78926464947185,0,9.0,33.045042152607294,9.0,1.0,8,18,16,1.0,0.8888888888888888,0.8888888888888888,0
425,1.0,0,54.0,1.0,9,9,9,0,0,18,18,15.0,185.0,1,9.0,36.0,9.0,0.0,9,18,18,1.0,1.0,1.0,1
426,0.9970577113094107,1,48.59506512999751,0.8999086135184724,9,9,8,1,0,18,16,15.0,189.26002316211404,0,8.595065129997508,32.0,8.595065129997508,0.5950651299975078,8,18,16,1.0,0.8888888888888888,0.8888888888888888,0
427,1.0,0,54.0,1.0,9,9,9,0,0,18,18,15.0,185.0,1,9.0,36.0,9.0,0.0,9,18,18,1.0,1.0,1.0,1
428,1.0,0,54.0,1.0,9,9,9,0,0,18,18,15.0,185.0,1,9.0,36.0,9.0,0.0,9,18,18,1.0,1.0,1.0,1
429,0.997760608854514,1,48.15793360013559,0.8918135851876962,9,9,8,1,0,18,16,15.0,190.11815494989668,0,8.157933600135593,32.0,8.157933600135593,0.15793360013559266,8,18,16,1.0,0.8888888888888888,0.8888888888888888,0
430,1.0,0,54.0,1.0,9,9,9,0,0,18,18,15.0,185.0,1,9.0,36.0,9.0,0.0,9,18,18,1.0,1.0,1.0,1
431,1.0,0,54.0,1.0,9,9,9,0,0,18,18,15.0,185.0,1,9.0,36.0,9.0,0.0,9,18,18,1.0,1.0,1.0,1
432,1.0,0,54.0,1.0,9,9,9,0,0,18,18,15.0,185.0,1,9.0,36.0,9.0,0.0,9,18,18,1.0,1.0,1.0,1
433,0.9851536594374224,2,45.29955566957584,0.8388806605477007,9,9,7,2,0,18,14,15.0,188.4246982484018,0,9.0,29.299555669575838,9.0,2.0,7,18,14,1.0,0.7777777777777778,0.7777777777777778,0
434,1.0,0,54.0,1.0,9,9,9,0,0,18,18,15.0,185.0,1,9.0,36.0,9.0,0.0,9,18,18,1.0,1.0,1.0,1
435,1.0,0,54.0,1.0,9,9,9,0,0,18,18,15.0,185.0,1,9.0,36.0,9.0,0.0,9,18,18,1.0,1.0,1.0,1
436,0.986581719343666,2,46.63507551546212,0.8636125095455948,9,9,7,2,0,18,14,15.0,187.5004596555137,0,9.0,30.63507551546212,9.0,2.0,7,18,14,1.0,0.7777777777777778,0.7777777777777778,0
437,1.0,0,54.0,1.0,9,9,9,0,0,18,18,15.0,185.0,1,9.0,36.0,9.0,0.0,9,18,18,1.0,1.0,1.0,1
438,1.0,0,54.0,1.0,9,9,9,0,0,18,18,15.0,185.0,1,9.0,36.0,9.0,0.0,9,18,18,1.0,1.0,1.0,1
439,1.0,0,54.0,1.0,9,9,9,0,0,18,18,15.0,185.0,1,9.0,36.0,9.0,0.0,9,18,18,1.0,1.0,1.0,1
440,1.0,0,54.0,1.0,9,9,9,0,0,18,18,15.0,185.0,1,9.0,36.0,9.0,0.0,9,18,18,1.0,1.0,1.0,1
441,0.9893522206228238,1,47.754807204618416,0.8843482815670077,9,8,7,1,1,16,14,14.0,189.056035937064,0,8.0,32.0,8.0,0.245192795381584,8,18,16,0.8888888888888888,0.8888888888888888,0.7777777777777778,0
442,1.0,0,54.0,1.0,9,9,9,0,0,18,18,15.0,185.0,1,9.0,36.0,9.0,0.0,9,18,18,1.0,1.0,1.0,1
443,0.9963480682989917,1,48.89893144883955,0.9055357675711028,9,9,8,1,0,18,16,15.0,188.59984649685026,0,8.898931448839548,32.0,8.898931448839548,0.8989314488395479,8,18,16,1.0,0.8888888888888888,0.8888888888888888,0
444,0.9975567633503787,1,50.2116631973388,0.9298456147655334,9,9,8,1,0,18,16,15.0,187.58468464757024,0,9.0,33.2116631973388,9.0,1.0,8,18,16,1.0,0.8888888888888888,0.8888888888888888,0
445,0.9931141713073597,1,50.615628272736316,0.937326449495117,9,9,8,1,0,18,16,15.0,185.90125306378326,0,9.0,33.615628272736316,9.0,1.0,8,18,16,1.0,0.8888888888888888,0.8888888888888888,0
446,1.0,0,54.0,1.0,9,9,9,0,0,18,18,15.0,185.0,1,9.0,36.0,9.0,0.0,9,18,18,1.0,1.0,1.0,1
447,1.0,0,54.0,1.0,9,9,9,0,0,18,18,15.0,185.0,1,9.0,36.0,9.0,0.0,9,18,18,1.0,1.0,1.0,1
448,0.9928341320851586,1,50.143853557737515,0.9285898806988429,9,9,8,1,0,18,16,15.0,186.2923764827882,0,9.0,33.143853557737515,9.0,1.0,8,18,16,1.0,0.8888888888888888,0.8888888888888888,0
449,1.0,0,54.0,1.0,9,9,9,0,0,18,18,15.0,185.0,1,9.0,36.0,9.0,0.0,9,18,18,1.0,1.0,1.0,1
450,0.9973007485741022,1,52.5312444261927,0.9728008227072722,9,9,8,1,0,18,16,15.0,185.19137116314874,0,9.0,35.5312444261927,9.0,1.0,8,18,16,1.0,0.8888888888888888,0.8888888888888888,0
451,0.9967823407775334,1,50.37508621176195,0.9328719668844806,9,9,8,1,0,18,16,15.0,187.19822793216767,0,9.0,33.37508621176195,9.0,1.0,8,18,16,1.0,0.8888888888888888,0.8888888888888888,0
452,1.0,0,54.0,1.0,9,9,9,0,0,18,18,15.0,185.0,1,9.0,36.0,9.0,0.0,9,18,18,1.0,1.0,1.0,1
453,1.0,0,54.0,1.0,9,9,9,0,0,18,18,15.0,185.0,1,9.0,36.0,9.0,0.0,9,18,18,1.0,1.0,1.0,1
454,0.9929856530448817,1,49.05073897649601,0.9083470180832593,9,9,8,1,0,18,16,15.0,187.42912910042992,0,9.0,32.05073897649601,8.999999999999996,0.9999999999999964,8,18,16,1.0,0.8888888888888888,0.8888888888888888,0
455,0.9922949635141768,1,52.466885988763664,0.9716089997919197,9,9,8,1,0,18,16,15.0,183.81406350331923,0,9.0,35.466885988763664,9.0,1.0,8,18,16,1.0,0.8888888888888888,0.8888888888888888,0
456,0.983592073721816,1,43.59082620659997,0.8072375223444439,9,8,7,1,1,16,14,14.0,191.18369102528305,0,8.0,28.59082620659997,8.0,1.0,7,18,14,0.8888888888888888,0.7777777777777778,0.7777777777777778,0
457,0.9884060176476024,1,47.21736549310482,0.8743956572797189,9,8,7,1,1,16,14,14.0,189.05225033595707,0,8.0,32.0,8.0,0.7826345068951781,8,18,16,0.8888888888888888,0.8888888888888888,0.7777777777777778,0
458,1.0,0,54.0,1.0,9,9,9,0,0,18,18,15.0,185.0,1,9.0,36.0,9.0,0.0,9,18,18,1.0,1.0,1.0,1
459,1.0,0,54.0,1.0,9,9,9,0,0,18,18,15.0,185.0,1,9.0,36.0,9.0,0.0,9,18,18,1.0,1.0,1.0,1
460,1.0,0,54.0,1.0,9,9,9,0,0,18,18,15.0,185.0,1,9.0,36.0,9.0,0.0,9,18,18,1.0,1.0,1.0,1
461,0.9879032751931286,1,51.3979800700537,0.9518144457417351,9,9,8,1,0,18,16,15.0,183.61816318556734,0,9.0,34.3979800700537,9.0,1.0,8,18,16,1.0,0.8888888888888888,0.8888888888888888,0
462,0.9976815003000028,1,51.317606862576575,0.9503260530106773,9,9,8,1,0,18,16,15.0,186.51466522382424,0,9.0,34.317606862576575,9.0,1.0,8,18,16,1.0,0.8888888888888888,0.8888888888888888,0
463,1.0,0,54.0,1.0,9,9,9,0,0,18,18,15.0,185.0,1,9.0,36.0,9.0,0.0,9,18,18,1.0,1.0,1.0,1
464,0.9943007980969788,1,49.11139832260457,0.9094703393074921,9,9,8,1,0,18,16,15.0,187.74723152932532,0,9.0,32.11139832260457,9.0,1.0,8,18,16,1.0,0.8888888888888888,0.8888888888888888,0
465,1.0,0,54.0,1.0,9,9,9,0,0,18,18,15.0,185.0,1,9.0,36.0,9.0,0.0,9,18,18,1.0,1.0,1.0,1
466,0.9666289660324989,2,49.64111838086933,0.9192799700160987,9,9,7,2,0,18,14,15.0,179.047148551084,0,9.0,33.042868951682024,9.0,1.4017505708126947,8,18,16,1.0,0.8888888888888888,0.7777777777777778,0
467,0.997407907686233,1,51.37152641410999,0.951324563224259,9,9,8,1,0,18,16,15.0,186.38195099952512,0,9.0,34.37152641410999,9.0,1.0,8,18,16,1.0,0.8888888888888888,0.8888888888888888,0
468,1.0,0,54.0,1.0,9,9,9,0,0,18,18,15.0,185.0,1,9.0,36.0,9.0,0.0,9,18,18,1.0,1.0,1.0,1
469,0.9566781841018331,1,47.04663404265588,0.8712339637528866,9,8,7,1,1,16,14,13.5,180.5,0,8.0,32.0,8.0,0.9533659573441184,8,18,16,0.8888888888888888,0.8888888888888888,0.7777777777777778,0
470,1.0,0,54.0,1.0,9,9,9,0,0,18,18,15.0,185.0,1,9.0,36.0,9.0,0.0,9,18,18,1.0,1.0,1.0,1
471,1.0,0,54.0,1.0,9,9,9,0,0,18,18,15.0,185.0,1,9.0,36.0,9.0,0.0,9,18,18,1.0,1.0,1.0,1
472,1.0,0,54.0,1.0,9,9,9,0,0,18,18,15.0,185.0,1,9.0,36.0,9.0,0.0,9,18,18,1.0,1.0,1.0,1
473,1.0,0,54.0,1.0,9,9,9,0,0,18,18,15.0,185.0,1,9.0,36.0,9.0,0.0,9,18,18,1.0,1.0,1.0,1
474,1.0,0,54.0,1.0,9,9,9,0,0,18,18,15.0,185.0,1,9.0,36.0,9.0,0.0,9,18,18,1.0,1.0,1.0,1
475,1.0,0,54.0,1.0,9,9,9,0,0,18,18,15.0,185.0,1,9.0,36.0,9.0,0.0,9,18,18,1.0,1.0,1.0,1
476,1.0,0,54.0,1.0,9,9,9,0,0,18,18,15.0,185.0,1,9.0,36.0,9.0,0.0,9,18,18,1.0,1.0,1.0,1
477,1.0,0,54.0,1.0,9,9,9,0,0,18,18,15.0,185.0,1,9.0,36.0,9.0,0.0,9,18,18,1.0,1.0,1.0,1
478,1.0,0,54.0,1.0,9,9,9,0,0,18,18,15.0,185.0,1,9.0,36.0,9.0,0.0,9,18,18,1.0,1.0,1.0,1
479,1.0,0,54.0,1.0,9,9,9,0,0,18,18,15.0,185.0,1,9.0,36.0,9.0,0.0,9,18,18,1.0,1.0,1.0,1
480,1.0,0,54.0,1.0,9,9,9,0,0,18,18,15.0,185.0,1,9.0,36.0,9.0,0.0,9,18,18,1.0,1.0,1.0,1
481,0.9858412379098058,2,46.19560621425812,0.8554741891529282,9,9,7,2,0,18,14,15.0,187.72667030376596,0,9.0,30.195606214258117,9.0,2.0,7,18,14,1.0,0.7777777777777778,0.7777777777777778,0
482,0.9886410342520894,1,48.86122355723057,0.9048374732820477,9,9,8,1,0,18,16,15.0,186.43678252875588,0,8.861223557230574,32.0,8.861223557230574,0.8612235572305735,8,18,16,1.0,0.8888888888888888,0.8888888888888888,0
483,1.0,0,54.0,1.0,9,9,9,0,0,18,18,15.0,185.0,1,9.0,36.0,9.0,0.0,9,18,18,1.0,1.0,1.0,1
484,0.9945228515942728,1,50.41091922416554,0.9335355411882508,9,9,8,1,0,18,16,15.0,186.51166203498502,0,9.0,33.41091922416554,9.0,1.0,8,18,16,1.0,0.8888888888888888,0.8888888888888888,0
485,1.0,0,54.0,1.0,9,9,9,0,0,18,18,15.0,185.0,1,9.0,36.0,9.0,0.0,9,18,18,1.0,1.0,1.0,1
486,0.9965589456888844,1,50.63881522935401,0.9377558375806297,9,9,8,1,0,18,16,15.0,186.87016112904467,0,9.0,33.63881522935401,9.0,1.0,8,18,16,1.0,0.8888888888888888,0.8888888888888888,0
487,1.0,0,54.0,1.0,9,9,9,0,0,18,18,15.0,185.0,1,9.0,36.0,9.0,0.0,9,18,18,1.0,1.0,1.0,1
488,0.9594651112980119,1,50.46191646363954,0.9344799345118433,9,9,8,1,0,18,16,15.0,176.3640355901879,0,9.0,33.46191646363954,9.0,1.0,8,18,16,1.0,0.8888888888888888,0.8888888888888888,0
489,1.0,0,54.0,1.0,9,9,9,0,0,18,18,15.0,185.0,1,9.0,36.0,9.0,0.0,9,18,18,1.0,1.0,1.0,1
490,0.9861531246042444,1,48.1636090332005,0.8919186858000093,9,9,8,1,0,18,16,15.0,186.76668633622162,0,8.163609033200501,32.0,8.163609033200501,0.16360903320050113,8,18,16,1.0,0.8888888888888888,0.8888888888888888,0
491,0.9898416708619343,1,50.28044312567074,0.9311193171420508,9,9,8,1,0,18,16,15.0,185.29395808256632,0,9.0,33.28044312567074,9.0,1.0,8,18,16,1.0,0.8888888888888888,0.8888888888888888,0
492,1.0,0,54.0,1.0,9,9,9,0,0,18,18,15.0,185.0,1,9.0,36.0,9.0,0.0,9,18,18,1.0,1.0,1.0,1
493,0.9687370550687613,1,46.57539689478013,0.8625073499033357,9,8,7,1,1,16,14,14.0,183.92087496502313,0,8.0,31.575396894780127,8.0,1.0,7,18,14,0.8888888888888888,0.7777777777777778,0.7777777777777778,0
494,1.0,0,54.0,1.0,9,9,9,0,0,18,18,15.0,185.0,1,9.0,36.0,9.0,0.0,9,18,18,1.0,1.0,1.0,1
495,1.0,0,54.0,1.0,9,9,9,0,0,18,18,15.0,185.0,1,9.0,36.0,9.0,0.0,9,18,18,1.0,1.0,1.0,1
496,0.9695953534987142,2,49.025925586381064,0.9078875108589086,9,9,7,2,0,18,14,15.0,180.39538581404577,0,9.0,32.67022640078676,9.0,1.644300814405696,8,18,16,1.0,0.8888888888888888,0.7777777777777778,0
497,1.0,0,54.0,1.0,9,9,9,0,0,18,18,15.0,185.0,1,9.0,36.0,9.0,0.0,9,18,18,1.0,1.0,1.0,1
498,0.9696305533104856,3,43.898075330105094,0.8129273209278721,9,9,6,3,0,18,12,15.0,185.04286792631507,0,8.81192704774756,28.899533428609388,8.811927047747574,2.6253121939994273,7,18,14,1.0,0.7777777777777778,0.6666666666666666,0
499,0.9846424660662403,1,50.728938122599374,0.9394247800481366,9,9,8,1,0,18,16,15.0,183.34809210447784,0,9.0,33.728938122599374,9.0,1.0,8,18,16,1.0,0.8888888888888888,0.8888888888888888,0
500,1.0,0,54.0,1.0,9,9,9,0,0,18,18,15.0,185.0,1,9.0,36.0,9.0,0.0,9,18,18,1.0,1.0,1.0,1
501,0.9619439053111409,2,41.18059027151736,0.7626035235466178,9,8,6,2,1,16,12,14.0,186.85925445809121,0,8.0,27.180590271517357,8.0,2.0,6,18,12,0.8888888888888888,0.6666666666666666,0.6666666666666666,0
502,1.0,0,54.0,1.0,9,9,9,0,0,18,18,15.0,185.0,1,9.0,36.0,9.0,0.0,9,18,18,1.0,1.0,1.0,1
503,1.0,0,54.0,1.0,9,9,9,0,0,18,18,15.0,185.0,1,9.0,36.0,9.0,0.0,9,18,18,1.0,1.0,1.0,1
504,1.0,0,54.0,1.0,9,9,9,0,0,18,18,15.0,185.0,1,9.0,36.0,9.0,0.0,9,18,18,1.0,1.0,1.0,1
505,1.0,0,54.0,1.0,9,9,9,0,0,18,18,15.0,185.0,1,9.0,36.0,9.0,0.0,9,18,18,1.0,1.0,1.0,1
506,0.9943515681213958,1,49.83067197157645,0.9227902216958602,9,9,8,1,0,18,16,15.0,187.04257964738554,0,9.0,32.83067197157645,9.0,1.0,8,18,16,1.0,0.8888888888888888,0.8888888888888888,0
507,0.9977535904431147,1,49.9945402064795,0.9258248186385093,9,9,8,1,0,18,16,15.0,187.85849384113754,0,9.0,32.9945402064795,9.0,1.0,8,18,16,1.0,0.8888888888888888,0.8888888888888888,0
508,1.0,0,54.0,1.0,9,9,9,0,0,18,18,15.0,185.0,1,9.0,36.0,9.0,0.0,9,18,18,1.0,1.0,1.0,1
509,1.0,0,54.0,1.0,9,9,9,0,0,18,18,15.0,185.0,1,9.0,36.0,9.0,0.0,9,18,18,1.0,1.0,1.0,1
510,1.0,0,54.0,1.0,9,9,9,0,0,18,18,15.0,185.0,1,9.0,36.0,9.0,0.0,9,18,18,1.0,1.0,1.0,1
511,0.9969102124855191,1,50.8735052442673,0.942101948967913,9,9,8,1,0,18,16,15.0,186.73663595156222,0,9.0,33.8735052442673,9.0,1.0,8,18,16,1.0,0.8888888888888888,0.8888888888888888,0
512,1.0,0,54.0,1.0,9,9,9,0,0,18,18,15.0,185.0,1,9.0,36.0,9.0,0.0,9,18,18,1.0,1.0,1.0,1
513,1.0,0,54.0,1.0,9,9,9,0,0,18,18,15.0,185.0,1,9.0,36.0,9.0,0.0,9,18,18,1.0,1.0,1.0,1
514,1.0,0,54.0,1.0,9,9,9,0,0,18,18,15.0,185.0,1,9.0,36.0,9.0,0.0,9,18,18,1.0,1.0,1.0,1
515,1.0,0,54.0,1.0,9,9,9,0,0,18,18,15.0,185.0,1,9.0,36.0,9.0,0.0,9,18,18,1.0,1.0,1.0,1
516,0.994432081087929,1,49.392399823948914,0.9146740708138688,9,9,8,1,0,18,16,15.0,187.5040395293746,0,9.0,32.392399823948914,9.0,1.0,8,18,16,1.0,0.8888888888888888,0.8888888888888888,0
517,1.0,0,54.0,1.0,9,9,9,0,0,18,18,15.0,185.0,1,9.0,36.0,9.0,0.0,9,18,18,1.0,1.0,1.0,1
518,1.0,0,54.0,1.0,9,9,9,0,0,18,18,15.0,185.0,1,9.0,36.0,9.0,0.0,9,18,18,1.0,1.0,1.0,1
519,0.9906744875264748,1,52.25860869111668,0.967752012798457,9,9,8,1,0,18,16,15.0,183.55564371650803,0,9.0,35.25860869111668,9.0,1.0,8,18,16,1.0,0.8888888888888888,0.8888888888888888,0
520,0.9904528872721647,2,49.21892749781476,0.911461620329903,9,9,7,2,0,18,14,15.0,186.38057023645467,0,9.0,32.52079509804277,9.0,1.3018676002280074,8,18,16,1.0,0.8888888888888888,0.7777777777777778,0
521,0.9746867650505675,2,38.08728597510802,0.7053201106501484,9,8,6,2,1,16,12,14.0,193.6225023594554,0,8.0,24.087285975108017,8.0,2.0,6,18,12,0.8888888888888888,0.6666666666666666,0.6666666666666666,0
522,1.0,0,54.0,1.0,9,9,9,0,0,18,18,15.0,185.0,1,9.0,36.0,9.0,0.0,9,18,18,1.0,1.0,1.0,1
523,1.0,0,54.0,1.0,9,9,9,0,0,18,18,15.0,185.0,1,9.0,36.0,9.0,0.0,9,18,18,1.0,1.0,1.0,1
524,0.9840667350076973,1,52.88665117770529,0.9793824292167647,9,9,8,1,0,18,16,15.0,181.0245685045115,0,9.0,35.88665117770529,9.0,1.0,8,18,16,1.0,0.8888888888888888,0.8888888888888888,0
525,1.0,0,54.0,1.0,9,9,9,0,0,18,18,15.0,185.0,1,9.0,36.0,9.0,0.0,9,18,18,1.0,1.0,1.0,1
526,0.995272612894404,1,52.88324772783429,0.9793194023673016,9,9,8,1,0,18,16,15.0,184.25526478575406,0,9.0,35.88324772783429,9.0,1.0,8,18,16,1.0,0.8888888888888888,0.8888888888888888,0
527,1.0,0,54.0,1.0,9,9,9,0,0,18,18,15.0,185.0,1,9.0,36.0,9.0,0.0,9,18,18,1.0,1.0,1.0,1
528,1.0,0,54.0,1.0,9,9,9,0,0,18,18,15.0,185.0,1,9.0,36.0,9.0,0.0,9,18,18,1.0,1.0,1.0,1
529,0.9732235919382496,1,43.48909218754552,0.8053535590286208,9,8,7,1,1,16,14,14.0,188.29930229067037,0,8.0,28.489092187545523,8.0,1.0,7,18,14,0.8888888888888888,0.7777777777777778,0.7777777777777778,0
530,1.0,0,54.0,1.0,9,9,9,0,0,18,18,15.0,185.0,1,9.0,36.0,9.0,0.0,9,18,18,1.0,1.0,1.0,1
531,1.0,0,54.0,1.0,9,9,9,0,0,18,18,15.0,185.0,1,9.0,36.0,9.0,0.0,9,18,18,1.0,1.0,1.0,1
532,1.0,0,54.0,1.0,9,9,9,0,0,18,18,15.0,185.0,1,9.0,36.0,9.0,0.0,9,18,18,1.0,1.0,1.0,1
533,0.9999568597856017,1,48.01677726966488,0.8891995790678681,9,9,8,1,0,18,16,15.0,190.962409713756,0,8.016777269664878,32.0,8.016777269664878,0.016777269664878247,8,18,16,1.0,0.8888888888888888,0.8888888888888888,0
534,1.0,0,54.0,1.0,9,9,9,0,0,18,18,15.0,185.0,1,9.0,36.0,9.0,0.0,9,18,18,1.0,1.0,1.0,1
535,0.9761511885343377,3,42.66137281441446,0.7900254224891567,9,9,6,3,0,18,12,15.0,187.97016948347482,0,9.0,27.661372814414463,9.0,3.0,6,18,12,1.0,0.6666666666666666,0.6666666666666666,0
536,1.0,0,54.0,1.0,9,9,9,0,0,18,18,15.0,185.0,1,9.0,36.0,9.0,0.0,9,18,18,1.0,1.0,1.0,1
537,0.9930740164704611,1,48.07452542954023,0.8902689894359302,9,9,8,1,0,18,16,15.0,188.89352859918245,0,8.074525429540234,32.0,8.074525429540234,0.074525429540234,8,18,16,1.0,0.8888888888888888,0.8888888888888888,0
538,1.0,0,54.0,1.0,9,9,9,0,0,18,18,15.0,185.0,1,9.0,36.0,9.0,0.0,9,18,18,1.0,1.0,1.0,1
539,0.9922282912218413,1,50.863549898291964,0.9419175907091104,9,9,8,1,0,18,16,15.0,185.39819797359837,0,9.0,33.863549898291964,9.0,1.0,8,18,16,1.0,0.8888888888888888,0.8888888888888888,0
540,0.9783490536280668,1,50.95394723566545,0.9435916154752861,9,9,8,1,0,18,16,15.0,181.31058020921776,0,9.0,33.95394723566545,9.0,1.0,8,18,16,1.0,0.8888888888888888,0.8888888888888888,0
541,0.9907118877718213,1,50.418925131208766,0.9336837987260883,9,9,8,1,0,18,16,15.0,185.40609854707574,0,9.0,33.418925131208766,9.0,1.0,8,18,16,1.0,0.8888888888888888,0.8888888888888888,0
542,1.0,0,54.0,1.0,9,9,9,0,0,18,18,15.0,185.0,1,9.0,36.0,9.0,0.0,9,18,18,1.0,1.0,1.0,1
543,0.991821596747347,1,49.568244395653124,0.9179304517713541,9,9,8,1,0,18,16,15.0,186.57637546758284,0,9.0,32.568244395653124,8.999999999999996,0.9999999999999964,8,18,16,1.0,0.8888888888888888,0.8888888888888888,0
544,0.9906109842965054,1,48.69911782151734,0.9018355152132841,9,9,8,1,0,18,16,15.0,187.2472867451176,0,8.69911782151734,32.0,8.69911782151734,0.6991178215173406,8,18,16,1.0,0.8888888888888888,0.8888888888888888,0
545,1.0,0,54.0,1.0,9,9,9,0,0,18,18,15.0,185.0,1,9.0,36.0,9.0,0.0,9,18,18,1.0,1.0,1.0,1
546,0.9649507162054667,1,45.88480519975172,0.849718614810217,9,8,7,1,1,16,14,14.0,183.52100106742273,0,8.0,30.884805199751717,8.0,1.0,7,18,14,0.8888888888888888,0.7777777777777778,0.7777777777777778,0
547,0.9873389025570906,1,53.09087389343435,0.9831643313598953,9,9,8,1,0,18,16,15.0,181.8081669897249,0,9.0,36.0,9.0,0.9091261065656511,9,18,18,1.0,1.0,0.8888888888888888,1
548,1.0,0,54.0,1.0,9,9,9,0,0,18,18,15.0,185.0,1,9.0,36.0,9.0,0.0,9,18,18,1.0,1.0,1.0,1
549,0.9753712905996765,1,51.8138633854137,0.9595159886187722,9,9,8,1,0,18,16,14.5,180.09306830729315,0,9.0,34.8138633854137,9.0,1.0,8,18,16,1.0,0.8888888888888888,0.8888888888888888,0
550,1.0,0,54.0,1.0,9,9,9,0,0,18,18,15.0,185.0,1,9.0,36.0,9.0,0.0,9,18,18,1.0,1.0,1.0,1
551,1.0,0,54.0,1.0,9,9,9,0,0,18,18,15.0,185.0,1,9.0,36.0,9.0,0.0,9,18,18,1.0,1.0,1.0,1
552,1.0,0,54.0,1.0,9,9,9,0,0,18,18,15.0,185.0,1,9.0,36.0,9.0,0.0,9,18,18,1.0,1.0,1.0,1
553,1.0,0,54.0,1.0,9,9,9,0,0,18,18,15.0,185.0,1,9.0,36.0,9.0,0.0,9,18,18,1.0,1.0,1.0,1
554,1.0,0,54.0,1.0,9,9,9,0,0,18,18,15.0,185.0,1,9.0,36.0,9.0,0.0,9,18,18,1.0,1.0,1.0,1
555,0.9760489318455386,2,48.611720765854244,0.900217051219523,9,9,7,2,0,18,14,15.0,182.49037160566087,0,9.0,32.611720765854244,9.0,2.0,7,18,14,1.0,0.7777777777777778,0.7777777777777778,0
556,0.9942070714941431,1,53.91066404623518,0.9983456304858367,9,9,8,1,0,18,16,15.0,183.37630456719566,0,9.0,36.0,9.0,0.08933595376481662,9,18,18,1.0,1.0,0.8888888888888888,1
557,0.9874811070666838,1,50.66524253258876,0.9382452320849771,9,9,8,1,0,18,16,15.0,184.22931630261616,0,9.0,33.66524253258876,9.0,1.0,8,18,16,1.0,0.8888888888888888,0.8888888888888888,0
558,1.0,0,54.0,1.0,9,9,9,0,0,18,18,15.0,185.0,1,9.0,36.0,9.0,0.0,9,18,18,1.0,1.0,1.0,1
559,0.9926692564830066,1,51.634498337476074,0.9561944136569643,9,9,8,1,0,18,16,15.0,184.75424752962985,0,9.0,34.634498337476074,9.0,1.0,8,18,16,1.0,0.8888888888888888,0.8888888888888888,0
560,1.0,0,54.0,1.0,9,9,9,0,0,18,18,15.0,185.0,1,9.0,36.0,9.0,0.0,9,18,18,1.0,1.0,1.0,1
561,1.0,0,54.0,1.0,9,9,9,0,0,18,18,15.0,185.0,1,9.0,36.0,9.0,0.0,9,18,18,1.0,1.0,1.0,1
562,1.0,0,54.0,1.0,9,9,9,0,0,18,18,15.0,185.0,1,9.0,36.0,9.0,0.0,9,18,18,1.0,1.0,1.0,1
563,1.0,0,54.0,1.0,9,9,9,0,0,18,18,15.0,185.0,1,9.0,36.0,9.0,0.0,9,18,18,1.0,1.0,1.0,1
564,0.9955458609860296,1,53.79394600554252,0.9961841852878245,9,9,8,1,0,18,16,15.0,183.82023496120527,0,9.0,36.0,9.0,0.20605399445747707,9,18,18,1.0,1.0,0.8888888888888888,1
565,1.0,0,54.0,1.0,9,9,9,0,0,18,18,15.0,185.0,1,9.0,36.0,9.0,0.0,9,18,18,1.0,1.0,1.0,1
566,1.0,0,54.0,1.0,9,9,9,0,0,18,18,15.0,185.0,1,9.0,36.0,9.0,0.0,9,18,18,1.0,1.0,1.0,1
567,0.9952036104713788,1,48.40260829241477,0.8963445980076808,9,9,8,1,0,18,16,15.0,189.014727377135,0,8.402608292414765,32.0,8.402608292414765,0.40260829241476515,8,18,16,1.0,0.8888888888888888,0.8888888888888888,0
568,1.0,0,54.0,1.0,9,9,9,0,0,18,18,15.0,185.0,1,9.0,36.0,9.0,0.0,9,18,18,1.0,1.0,1.0,1
569,1.0,0,54.0,1.0,9,9,9,0,0,18,18,15.0,185.0,1,9.0,36.0,9.0,0.0,9,18,18,1.0,1.0,1.0,1
570,0.9950163618567799,1,48.979520761841144,0.9070281622563174,9,9,8,1,0,18,16,15.0,188.09543107199087,0,8.979520761841144,32.0,8.979520761841144,0.9795207618411439,8,18,16,1.0,0.8888888888888888,0.8888888888888888,0
571,1.0,0,54.0,1.0,9,9,9,0,0,18,18,15.0,185.0,1,9.0,36.0,9.0,0.0,9,18,18,1.0,1.0,1.0,1
572,1.0,0,54.0,1.0,9,9,9,0,0,18,18,15.0,185.0,1,9.0,36.0,9.0,0.0,9,18,18,1.0,1.0,1.0,1
573,1.0,0,54.0,1.0,9,9,9,0,0,18,18,15.0,185.0,1,9.0,36.0,9.0,0.0,9,18,18,1.0,1.0,1.0,1
574,1.0,0,54.0,1.0,9,9,9,0,0,18,18,15.0,185.0,1,9.0,36.0,9.0,0.0,9,18,18,1.0,1.0,1.0,1
575,0.997723764333186,1,53.23094011040064,0.9857581501926044,9,9,8,1,0,18,16,15.0,184.72897407275724,0,9.0,36.0,9.0,0.7690598895993617,9,18,18,1.0,1.0,0.8888888888888888,1
576,0.9952937980288203,1,49.18198954460513,0.9107775841593543,9,9,8,1,0,18,16,15.0,187.96262428769512,0,9.0,32.18198954460513,9.0,1.0,8,18,16,1.0,0.8888888888888888,0.8888888888888888,0
577,1.0,0,54.0,1.0,9,9,9,0,0,18,18,15.0,185.0,1,9.0,36.0,9.0,0.0,9,18,18,1.0,1.0,1.0,1
578,0.9767148787492084,1,46.412271870660135,0.8594865161233358,9,8,7,1,1,16,14,14.0,186.38161320911186,0,8.0,31.412271870660135,8.0,1.0,7,18,14,0.8888888888888888,0.7777777777777778,0.7777777777777778,0
579,1.0,0,54.0,1.0,9,9,9,0,0,18,18,15.0,185.0,1,9.0,36.0,9.0,0.0,9,18,18,1.0,1.0,1.0,1
580,1.0,0,54.0,1.0,9,9,9,0,0,18,18,15.0,185.0,1,9.0,36.0,9.0,0.0,9,18,18,1.0,1.0,1.0,1
581,1.0,0,54.0,1.0,9,9,9,0,0,18,18,15.0,185.0,1,9.0,36.0,9.0,0.0,9,18,18,1.0,1.0,1.0,1
582,1.0,0,54.0,1.0,9,9,9,0,0,18,18,15.0,185.0,1,9.0,36.0,9.0,0.0,9,18,18,1.0,1.0,1.0,1
583,0.9850050040745756,2,49.64367398893465,0.9193272960913824,9,9,7,2,0,18,14,15.0,184.1515072238517,0,9.0,33.416193910317475,9.0,1.7725199213828233,8,18,16,1.0,0.8888888888888888,0.7777777777777778,0
584,0.9982371634199472,1,52.47393583554624,0.9717395525101156,9,9,8,1,0,18,16,15.0,185.51836722939854,0,9.0,35.47393583554624,9.0,1.0,8,18,16,1.0,0.8888888888888888,0.8888888888888888,0
585,0.9965743841763595,1,50.720142070148,0.9392618901879259,9,9,8,1,0,18,16,15.0,186.79328057264348,0,9.0,33.720142070148,9.0,1.0,8,18,16,1.0,0.8888888888888888,0.8888888888888888,0
586,1.0,0,54.0,1.0,9,9,9,0,0,18,18,15.0,185.0,1,9.0,36.0,9.0,0.0,9,18,18,1.0,1.0,1.0,1
587,1.0,0,54.0,1.0,9,9,9,0,0,18,18,15.0,185.0,1,9.0,36.0,9.0,0.0,9,18,18,1.0,1.0,1.0,1
588,1.0,0,54.0,1.0,9,9,9,0,0,18,18,15.0,185.0,1,9.0,36.0,9.0,0.0,9,18,18,1.0,1.0,1.0,1
589,1.0,0,54.0,1.0,9,9,9,0,0,18,18,15.0,185.0,1,9.0,36.0,9.0,0.0,9,18,18,1.0,1.0,1.0,1
590,1.0,0,54.0,1.0,9,9,9,0,0,18,18,15.0,185.0,1,9.0,36.0,9.0,0.0,9,18,18,1.0,1.0,1.0,1
591,0.998188824313096,1,50.452553680981595,0.9343065496478073,9,9,8,1,0,18,16,15.0,187.52582772119,0,9.0,33.452553680981595,9.0,1.0,8,18,16,1.0,0.8888888888888888,0.8888888888888888,0
592,0.9832955502891356,3,52.39542733601714,0.9702856914077249,9,9,7,2,0,18,14,15.0,180.9914048152625,0,9.0,36.0,9.0,1.6045726639828573,9,18,18,1.0,1.0,0.7777777777777778,1
593,1.0,0,54.0,1.0,9,9,9,0,0,18,18,15.0,185.0,1,9.0,36.0,9.0,0.0,9,18,18,1.0,1.0,1.0,1
594,0.9938945320287035,1,48.86397833158527,0.9048884876219495,9,9,8,1,0,18,16,15.0,187.94565772688873,0,8.863978331585272,32.0,8.863978331585272,0.8639783315852725,8,18,16,1.0,0.8888888888888888,0.8888888888888888,0
595,0.9953634810876802,1,51.68277957689457,0.9570885106832328,9,9,8,1,0,18,16,15.0,185.48190297635736,0,9.0,34.68277957689457,9.0,1.0,8,18,16,1.0,0.8888888888888888,0.8888888888888888,0
596,1.0,0,54.0,1.0,9,9,9,0,0,18,18,15.0,185.0,1,9.0,36.0,9.0,0.0,9,18,18,1.0,1.0,1.0,1
597,1.0,0,54.0,1.0,9,9,9,0,0,18,18,15.0,185.0,1,9.0,36.0,9.0,0.0,9,18,18,1.0,1.0,1.0,1
598,1.0,0,54.0,1.0,9,9,9,0,0,18,18,15.0,185.0,1,9.0,36.0,9.0,0.0,9,18,18,1.0,1.0,1.0,1
599,0.9772571980053252,1,52.4476066675291,0.9712519753246129,9,9,8,1,0,18,16,14.726269691769076,179.77619666623548,0,9.0,35.4476066675291,9.0,1.0,8,18,16,1.0,0.8888888888888888,0.8888888888888888,0
600,0.9873387023039734,2,45.05014013212718,0.8342618542986515,9,9,7,2,0,18,14,15.0,189.7890213334368,0,8.028769595960725,30.021370536166458,8.028769595960725,1.0287695959607248,7,18,14,1.0,0.7777777777777778,0.7777777777777778,0
601,1.0,0,54.0,1.0,9,9,9,0,0,18,18,15.0,185.0,1,9.0,36.0,9.0,0.0,9,18,18,1.0,1.0,1.0,1
602,1.0,0,54.0,1.0,9,9,9,0,0,18,18,15.0,185.0,1,9.0,36.0,9.0,0.0,9,18,18,1.0,1.0,1.0,1
603,1.0,0,54.0,1.0,9,9,9,0,0,18,18,15.0,185.0,1,9.0,36.0,9.0,0.0,9,18,18,1.0,1.0,1.0,1
604,1.0,0,54.0,1.0,9,9,9,0,0,18,18,15.0,185.0,1,9.0,36.0,9.0,0.0,9,18,18,1.0,1.0,1.0,1
605,0.9859025477820074,1,50.3270323980436,0.9319820814452519,9,9,8,1,0,18,16,15.0,184.1129013631745,0,9.0,33.3270323980436,9.0,1.0,8,18,16,1.0,0.8888888888888888,0.8888888888888888,0
606,0.9880937563393579,1,48.54081854654231,0.8989040471581909,9,9,8,1,0,18,16,15.0,186.75977400592163,0,8.540818546542312,32.0,8.540818546542312,0.5408185465423117,8,18,16,1.0,0.8888888888888888,0.8888888888888888,0
607,1.0,0,54.0,1.0,9,9,9,0,0,18,18,15.0,185.0,1,9.0,36.0,9.0,0.0,9,18,18,1.0,1.0,1.0,1
608,1.0,0,54.0,1.0,9,9,9,0,0,18,18,15.0,185.0,1,9.0,36.0,9.0,0.0,9,18,18,1.0,1.0,1.0,1
609,1.0,0,54.0,1.0,9,9,9,0,0,18,18,15.0,185.0,1,9.0,36.0,9.0,0.0,9,18,18,1.0,1.0,1.0,1
610,1.0,0,54.0,1.0,9,9,9,0,0,18,18,15.0,185.0,1,9.0,36.0,9.0,0.0,9,18,18,1.0,1.0,1.0,1
611,0.9954775040100196,2,47.202684275172615,0.874123782873567,9,9,7,2,0,18,14,15.0,189.76272813324002,0,8.464217492946005,31.73846678222661,8.464217492946005,1.4642174929460054,7,18,14,1.0,0.7777777777777778,0.7777777777777778,0
612,0.9982385408730836,1,49.41785412823954,0.9151454468192507,9,9,8,1,0,18,16,15.0,188.57484564320856,0,9.0,32.41785412823954,9.0,1.0,8,18,16,1.0,0.8888888888888888,0.8888888888888888,0
613,1.0,0,54.0,1.0,9,9,9,0,0,18,18,15.0,185.0,1,9.0,36.0,9.0,0.0,9,18,18,1.0,1.0,1.0,1
614,0.997750365229455,1,51.05350296532541,0.9454352400986187,9,9,8,1,0,18,16,15.0,186.79860222075766,0,9.0,34.05350296532541,9.0,1.0,8,18,16,1.0,0.8888888888888888,0.8888888888888888,0
615,0.9943070166629775,1,52.84591930267628,0.9786281352347459,9,9,8,1,0,18,16,15.0,184.0145014962613,0,9.0,35.84591930267628,9.0,1.0,8,18,16,1.0,0.8888888888888888,0.8888888888888888,0
616,1.0,0,54.0,1.0,9,9,9,0,0,18,18,15.0,185.0,1,9.0,36.0,9.0,0.0,9,18,18,1.0,1.0,1.0,1
617,0.9964538665807355,1,48.07112427438972,0.8902060050812911,9,9,8,1,0,18,16,15.0,189.87202716366724,0,8.071124274389717,32.0,8.071124274389717,0.07112427438971736,8,18,16,1.0,0.8888888888888888,0.8888888888888888,0
618,0.9948146262963385,1,48.533785621014914,0.8987738077965725,9,9,8,1,0,18,16,15.0,188.70593394182313,0,8.53378562101491,32.0,8.53378562101491,0.5337856210149106,8,18,16,1.0,0.8888888888888888,0.8888888888888888,0
619,1.0,0,54.0,1.0,9,9,9,0,0,18,18,15.0,185.0,1,9.0,36.0,9.0,0.0,9,18,18,1.0,1.0,1.0,1
620,0.9967488208217379,1,52.32716770684556,0.9690216242008437,9,9,8,1,0,18,16,15.0,185.23649268981492,0,9.0,35.32716770684556,9.0,1.0,8,18,16,1.0,0.8888888888888888,0.8888888888888888,0
621,0.9919324103966832,1,52.94160750361041,0.9804001389557484,9,9,8,1,0,18,16,15.0,183.23492669063438,0,9.0,35.94160750361041,9.0,1.0,8,18,16,1.0,0.8888888888888888,0.8888888888888888,0
622,1.0,0,54.0,1.0,9,9,9,0,0,18,18,15.0,185.0,1,9.0,36.0,9.0,0.0,9,18,18,1.0,1.0,1.0,1
623,0.979948717092788,1,48.47533419077628,0.8976913739032645,9,9,8,1,0,18,16,15.0,184.51222923655854,0,8.47533419077628,32.0,8.47533419077628,0.47533419077628025,8,18,16,1.0,0.8888888888888888,0.8888888888888888,0
624,0.9851704714644396,3,50.998542227697826,0.9444174486610708,9,9,6,3,0,18,12,14.999999999999998,182.4661792547667,0,9.0,35.527290826285835,9.0,2.5287485985880096,8,18,16,1.0,0.8888888888888888,0.6666666666666666,0
625,1.0,0,54.0,1.0,9,9,9,0,0,18,18,15.0,185.0,1,9.0,36.0,9.0,0.0,9,18,18,1.0,1.0,1.0,1
626,1.0,0,54.0,1.0,9,9,9,0,0,18,18,15.0,185.0,1,9.0,36.0,9.0,0.0,9,18,18,1.0,1.0,1.0,1
627,0.9713317841588823,1,49.487107675516214,0.9164279199169669,9,9,8,1,0,18,16,14.5,181.2564461622419,0,9.0,32.487107675516214,8.999999999999986,0.9999999999999858,8,18,16,1.0,0.8888888888888888,0.8888888888888888,0
628,0.9972286325529723,1,52.2718304109906,0.9679968594627889,9,9,8,1,0,18,16,15.0,185.43001576426542,0,9.0,35.2718304109906,9.0,1.0,8,18,16,1.0,0.8888888888888888,0.8888888888888888,0
629,1.0,0,54.0,1.0,9,9,9,0,0,18,18,15.0,185.0,1,9.0,36.0,9.0,0.0,9,18,18,1.0,1.0,1.0,1
630,1.0,0,54.0,1.0,9,9,9,0,0,18,18,15.0,185.0,1,9.0,36.0,9.0,0.0,9,18,18,1.0,1.0,1.0,1
631,0.9881109161185232,2,45.70614567478076,0.8464101050885325,9,9,7,2,0,18,14,15.0,189.0685831931422,0,8.602429948423406,30.10371572635735,8.602429948423406,1.6024299484234064,7,18,14,1.0,0.7777777777777778,0.7777777777777778,0
632,0.9960667123526962,1,53.49817761460024,0.9907069928629674,9,9,8,1,0,18,16,15.000000000000007,184.11812435027636,0,9.0,36.0,9.0,0.5018223853997625,9,18,18,1.0,1.0,0.8888888888888888,1
633,0.9967988127823683,1,52.73131230520147,0.9765057834296569,9,9,8,1,0,18,16,15.0,184.84674577612063,0,9.0,35.73131230520147,9.0,1.0,8,18,16,1.0,0.8888888888888888,0.8888888888888888,0
634,1.0,0,54.0,1.0,9,9,9,0,0,18,18,15.0,185.0,1,9.0,36.0,9.0,0.0,9,18,18,1.0,1.0,1.0,1
635,1.0,0,54.0,1.0,9,9,9,0,0,18,18,15.0,185.0,1,9.0,36.0,9.0,0.0,9,18,18,1.0,1.0,1.0,1
636,0.9826386342900744,1,50.36027613605836,0.932597706223303,9,9,8,1,0,18,16,15.0,183.13965053948306,0,9.0,33.36027613605836,9.0,1.0,8,18,16,1.0,0.8888888888888888,0.8888888888888888,0
637,1.0,0,54.0,1.0,9,9,9,0,0,18,18,15.0,185.0,1,9.0,36.0,9.0,0.0,9,18,18,1.0,1.0,1.0,1
638,0.9896732425857658,2,53.031184095542685,0.9820589647322719,9,9,7,2,0,18,14,15.0,182.5103018169292,0,9.0,36.0,9.0,0.9688159044573155,9,18,18,1.0,1.0,0.7777777777777778,1
639,1.0,0,54.0,1.0,9,9,9,0,0,18,18,15.0,185.0,1,9.0,36.0,9.0,0.0,9,18,18,1.0,1.0,1.0,1
640,1.0,0,54.0,1.0,9,9,9,0,0,18,18,15.0,185.0,1,9.0,36.0,9.0,0.0,9,18,18,1.0,1.0,1.0,1
641,0.9896028511989255,1,51.70840564970371,0.9575630675871056,9,9,8,1,0,18,16,15.0,183.7972154955868,0,9.0,34.70840564970371,9.0,1.0,8,18,16,1.0,0.8888888888888888,0.8888888888888888,0
642,1.0,0,54.0,1.0,9,9,9,0,0,18,18,15.0,185.0,1,9.0,36.0,9.0,0.0,9,18,18,1.0,1.0,1.0,1
643,1.0,0,54.0,1.0,9,9,9,0,0,18,18,15.0,185.0,1,9.0,36.0,9.0,0.0,9,18,18,1.0,1.0,1.0,1
644,0.9923262894348842,2,49.39295664205778,0.9146843822603293,9,9,7,2,0,18,14,15.0,186.3970147151889,0,9.0,33.39295664205778,9.0,2.0,7,18,14,1.0,0.7777777777777778,0.7777777777777778,0
645,0.9980660530207603,1,48.307657172202894,0.8945862439296832,9,9,8,1,0,18,16,15.0,189.98153751167467,0,8.307657172202894,32.0,8.307657172202894,0.30765717220289446,8,18,16,1.0,0.8888888888888888,0.8888888888888888,0
646,1.0,0,54.0,1.0,9,9,9,0,0,18,18,15.0,185.0,1,9.0,36.0,9.0,0.0,9,18,18,1.0,1.0,1.0,1
647,0.992058960890011,2,47.17656251956643,0.8736400466586376,9,9,7,2,0,18,14,15.0,188.53641821675674,0,9.0,31.17656251956643,9.0,2.0,7,18,14,1.0,0.7777777777777778,0.7777777777777778,0
648,1.0,0,54.0,1.0,9,9,9,0,0,18,18,15.0,185.0,1,9.0,36.0,9.0,0.0,9,18,18,1.0,1.0,1.0,1
649,0.996258673612766,1,50.26280976745001,0.9307927734712964,9,9,8,1,0,18,16,15.0,187.15968823302663,0,9.0,33.26280976745001,9.0,1.0,8,18,16,1.0,0.8888888888888888,0.8888888888888888,0
650,1.0,0,54.0,1.0,9,9,9,0,0,18,18,15.0,185.0,1,9.0,36.0,9.0,0.0,9,18,18,1.0,1.0,1.0,1
651,1.0,0,54.0,1.0,9,9,9,0,0,18,18,15.0,185.0,1,9.0,36.0,9.0,0.0,9,18,18,1.0,1.0,1.0,1
652,1.0,0,54.0,1.0,9,9,9,0,0,18,18,15.0,185.0,1,9.0,36.0,9.0,0.0,9,18,18,1.0,1.0,1.0,1
653,1.0,0,54.0,1.0,9,9,9,0,0,18,18,15.0,185.0,1,9.0,36.0,9.0,0.0,9,18,18,1.0,1.0,1.0,1
654,1.0,0,54.0,1.0,9,9,9,0,0,18,18,15.0,185.0,1,9.0,36.0,9.0,0.0,9,18,18,1.0,1.0,1.0,1
655,0.9965024294541569,1,48.750719970107326,0.9027911105575431,9,9,8,1,0,18,16,15.0,188.86661972763622,0,8.750719970107323,32.0,8.750719970107323,0.7507199701073226,8,18,16,1.0,0.8888888888888888,0.8888888888888888,0
656,0.9883394212642587,1,52.330464818443886,0.9690826818230349,9,9,8,1,0,18,16,15.0,182.81128850566262,0,9.0,35.330464818443886,9.0,1.0,8,18,16,1.0,0.8888888888888888,0.8888888888888888,0
657,0.9961166682006584,1,51.356295966671,0.9510425179013148,9,9,8,1,0,18,16,15.0,186.02530447511862,0,9.0,34.356295966671,9.0,1.0,8,18,16,1.0,0.8888888888888888,0.8888888888888888,0
658,1.0,0,54.0,1.0,9,9,9,0,0,18,18,15.0,185.0,1,9.0,36.0,9.0,0.0,9,18,18,1.0,1.0,1.0,1
659,1.0,0,54.0,1.0,9,9,9,0,0,18,18,15.0,185.0,1,9.0,36.0,9.0,0.0,9,18,18,1.0,1.0,1.0,1
660,0.9966444803437295,1,50.92831880351041,0.9431170148798224,9,9,8,1,0,18,16,15.0,186.6052915354837,0,9.0,33.92831880351041,9.0,1.0,8,18,16,1.0,0.8888888888888888,0.8888888888888888,0
661,0.9809003321847859,1,45.42942782941135,0.8412857005446547,9,8,7,1,1,16,14,14.0,188.56986783980693,0,8.0,30.429427829411352,8.0,1.0,7,18,14,0.8888888888888888,0.7777777777777778,0.7777777777777778,0
662,1.0,0,54.0,1.0,9,9,9,0,0,18,18,15.0,185.0,1,9.0,36.0,9.0,0.0,9,18,18,1.0,1.0,1.0,1
663,1.0,0,54.0,1.0,9,9,9,0,0,18,18,15.0,185.0,1,9.0,36.0,9.0,0.0,9,18,18,1.0,1.0,1.0,1
664,1.0,0,54.0,1.0,9,9,9,0,0,18,18,15.0,185.0,1,9.0,36.0,9.0,0.0,9,18,18,1.0,1.0,1.0,1
665,1.0,0,54.0,1.0,9,9,9,0,0,18,18,15.0,185.0,1,9.0,36.0,9.0,0.0,9,18,18,1.0,1.0,1.0,1
666,0.9967332151542373,1,51.78343069310441,0.9589524202426742,9,9,8,1,0,18,16,15.0,185.7757352713159,0,9.0,34.78343069310441,9.0,1.0,8,18,16,1.0,0.8888888888888888,0.8888888888888888,0
667,1.0,0,54.0,1.0,9,9,9,0,0,18,18,15.0,185.0,1,9.0,36.0,9.0,0.0,9,18,18,1.0,1.0,1.0,1
668,0.9953208403186066,1,51.4288918085833,0.9523868853441352,9,9,8,1,0,18,16,15.0,185.72351020317535,0,9.0,34.4288918085833,9.0,1.0,8,18,16,1.0,0.8888888888888888,0.8888888888888888,0
669,1.0,0,54.0,1.0,9,9,9,0,0,18,18,15.0,185.0,1,9.0,36.0,9.0,0.0,9,18,18,1.0,1.0,1.0,1
670,0.9959619459037028,1,50.164715813835244,0.9289762187747267,9,9,8,1,0,18,16,15.0,187.17232460643118,0,9.0,33.164715813835244,9.0,1.0,8,18,16,1.0,0.8888888888888888,0.8888888888888888,0
671,0.9791445743822016,3,37.4525897248557,0.6935664763862166,9,8,5,3,1,16,10,14.0,195.23681171439253,0,7.942398146932689,24.17626539664195,7.9423981469326925,2.608471965651635,6,18,12,0.8888888888888888,0.6666666666666666,0.5555555555555556,0
672,0.9984696936993485,1,48.70752913168049,0.9019912802163054,9,9,8,1,0,18,16,15.0,189.49797808789162,0,8.707529131680488,32.0,8.707529131680488,0.7075291316804879,8,18,16,1.0,0.8888888888888888,0.8888888888888888,0
673,0.998062578710176,1,51.04485639965476,0.9452751185121252,9,9,8,1,0,18,16,15.0,186.8971662688759,0,9.0,34.04485639965476,9.0,1.0,8,18,16,1.0,0.8888888888888888,0.8888888888888888,0
674,0.9619784162994272,3,35.37199513775721,0.6550369469955039,9,8,5,3,1,16,10,14.0,192.75121023056724,0,6.853157051821228,23.51883808593598,6.853157051821228,1.8531570518212277,5,18,10,0.8888888888888888,0.5555555555555556,0.5555555555555556,0
675,1.0,0,54.0,1.0,9,9,9,0,0,18,18,15.0,185.0,1,9.0,36.0,9.0,0.0,9,18,18,1.0,1.0,1.0,1
676,1.0,0,54.0,1.0,9,9,9,0,0,18,18,15.0,185.0,1,9.0,36.0,9.0,0.0,9,18,18,1.0,1.0,1.0,1
677,0.9908908761439132,1,50.952744958511154,0.9435693510835399,9,9,8,1,0,18,16,15.0,184.92382737093584,0,9.0,33.952744958511154,9.0,1.0,8,18,16,1.0,0.8888888888888888,0.8888888888888888,0
678,1.0,0,54.0,1.0,9,9,9,0,0,18,18,15.0,185.0,1,9.0,36.0,9.0,0.0,9,18,18,1.0,1.0,1.0,1
679,1.0,0,54.0,1.0,9,9,9,0,0,18,18,15.0,185.0,1,9.0,36.0,9.0,0.0,9,18,18,1.0,1.0,1.0,1
680,0.9960056329303859,1,48.92121061740575,0.9059483447667731,9,9,8,1,0,18,16,15.0,188.4678063578425,0,8.921210617405748,32.0,8.921210617405748,0.9212106174057482,8,18,16,1.0,0.8888888888888888,0.8888888888888888,0
681,1.0,0,54.0,1.0,9,9,9,0,0,18,18,15.0,185.0,1,9.0,36.0,9.0,0.0,9,18,18,1.0,1.0,1.0,1
682,0.9554540167500141,2,48.28750027646569,0.894212968082698,9,9,7,2,0,18,14,15.0,176.88325654753837,0,9.0,32.28750027646569,9.0,2.0,7,18,14,1.0,0.7777777777777778,0.7777777777777778,0
683,0.9874949120005468,1,50.7285890959367,0.9394183165914204,9,9,8,1,0,18,16,15.0,184.16994556022075,0,9.0,33.7285890959367,9.0,1.0,8,18,16,1.0,0.8888888888888888,0.8888888888888888,0
684,1.0,0,54.0,1.0,9,9,9,0,0,18,18,15.0,185.0,1,9.0,36.0,9.0,0.0,9,18,18,1.0,1.0,1.0,1
685,0.9854298908948306,1,48.58280650152183,0.8996816018800339,9,9,8,1,0,18,16,15.0,185.92959882542849,0,8.58280650152183,32.0,8.58280650152183,0.58280650152183,8,18,16,1.0,0.8888888888888888,0.8888888888888888,0
686,1.0,0,54.0,1.0,9,9,9,0,0,18,18,15.0,185.0,1,9.0,36.0,9.0,0.0,9,18,18,1.0,1.0,1.0,1
687,1.0,0,54.0,1.0,9,9,9,0,0,18,18,15.0,185.0,1,9.0,36.0,9.0,0.0,9,18,18,1.0,1.0,1.0,1
688,1.0,0,54.0,1.0,9,9,9,0,0,18,18,15.0,185.0,1,9.0,36.0,9.0,0.0,9,18,18,1.0,1.0,1.0,1
689,0.9919700334950154,1,50.160598696688695,0.9288999758646055,9,9,8,1,0,18,16,15.0,186.0267709498757,0,9.0,33.160598696688695,9.0,1.0,8,18,16,1.0,0.8888888888888888,0.8888888888888888,0
690,0.9911263657001579,1,49.48087002452762,0.9163124078616226,9,9,8,1,0,18,16,15.0,186.46352329711783,0,9.0,32.48087002452762,9.0,1.0,8,18,16,1.0,0.8888888888888888,0.8888888888888888,0
691,1.0,0,54.0,1.0,9,9,9,0,0,18,18,15.0,185.0,1,9.0,36.0,9.0,0.0,9,18,18,1.0,1.0,1.0,1
692,1.0,0,54.0,1.0,9,9,9,0,0,18,18,15.0,185.0,1,9.0,36.0,9.0,0.0,9,18,18,1.0,1.0,1.0,1
693,1.0,0,54.0,1.0,9,9,9,0,0,18,18,15.0,185.0,1,9.0,36.0,9.0,0.0,9,18,18,1.0,1.0,1.0,1
694,1.0,0,54.0,1.0,9,9,9,0,0,18,18,15.0,185.0,1,9.0,36.0,9.0,0.0,9,18,18,1.0,1.0,1.0,1
695,0.9975675503810386,1,52.45636878683234,0.9714142367931915,9,9,8,1,0,18,16,15.0,185.3430857229068,0,9.0,35.45636878683234,9.0,1.0,8,18,16,1.0,0.8888888888888888,0.8888888888888888,0
696,1.0,0,54.0,1.0,9,9,9,0,0,18,18,15.0,185.0,1,9.0,36.0,9.0,0.0,9,18,18,1.0,1.0,1.0,1
697,0.9936866002286658,1,49.883818810239305,0.9237744224118389,9,9,8,1,0,18,16,15.0,186.79792205561648,0,9.0,32.883818810239305,9.0,1.0,8,18,16,1.0,0.8888888888888888,0.8888888888888888,0
698,0.9968283688424009,1,52.34272250657783,0.9693096760477375,9,9,8,1,0,18,16,15.0,185.2438477200336,0,9.0,35.34272250657783,9.0,1.0,8,18,16,1.0,0.8888888888888888,0.8888888888888888,0
699,0.9909809401321349,1,49.610146345256695,0.9187064138010499,9,9,8,1,0,18,16,15.0,186.29236441279818,0,9.0,32.610146345256695,9.0,1.0,8,18,16,1.0,0.8888888888888888,0.8888888888888888,0
700,0.9942476028083674,1,53.39984498977295,0.9888860183291287,9,9,8,1,0,18,16,15.0,183.64338711392338,0,9.0,36.0,9.0,0.6001550102270485,9,18,18,1.0,1.0,0.8888888888888888,1
701,1.0,0,54.0,1.0,9,9,9,0,0,18,18,15.0,185.0,1,9.0,36.0,9.0,0.0,9,18,18,1.0,1.0,1.0,1
702,1.0,0,54.0,1.0,9,9,9,0,0,18,18,15.0,185.0,1,9.0,36.0,9.0,0.0,9,18,18,1.0,1.0,1.0,1
703,1.0,0,54.0,1.0,9,9,9,0,0,18,18,15.0,185.0,1,9.0,36.0,9.0,0.0,9,18,18,1.0,1.0,1.0,1
704,0.9748306021793793,1,43.65706889707339,0.8084642388346923,9,8,7,1,1,16,14,14.0,188.59414453058787,0,8.0,28.657068897073383,8.0,1.0,7,18,14,0.8888888888888888,0.7777777777777778,0.7777777777777778,0
705,1.0,0,54.0,1.0,9,9,9,0,0,18,18,15.0,185.0,1,9.0,36.0,9.0,0.0,9,18,18,1.0,1.0,1.0,1
706,1.0,0,54.0,1.0,9,9,9,0,0,18,18,15.0,185.0,1,9.0,36.0,9.0,0.0,9,18,18,1.0,1.0,1.0,1
707,0.990883115752146,1,52.91046253544795,0.9798233802860731,9,9,8,1,0,18,16,15.0,182.96387480117008,0,9.0,35.91046253544795,9.0,1.0,8,18,16,1.0,0.8888888888888888,0.8888888888888888,0
708,1.0,0,54.0,1.0,9,9,9,0,0,18,18,15.0,185.0,1,9.0,36.0,9.0,0.0,9,18,18,1.0,1.0,1.0,1
709,1.0,0,54.0,1.0,9,9,9,0,0,18,18,15.0,185.0,1,9.0,36.0,9.0,0.0,9,18,18,1.0,1.0,1.0,1
710,1.0,0,54.0,1.0,9,9,9,0,0,18,18,15.0,185.0,1,9.0,36.0,9.0,0.0,9,18,18,1.0,1.0,1.0,1
711,1.0,0,54.0,1.0,9,9,9,0,0,18,18,15.0,185.0,1,9.0,36.0,9.0,0.0,9,18,18,1.0,1.0,1.0,1
712,0.9792926779987509,2,47.70882355342488,0.883496732470831,9,9,7,2,0,18,14,15.0,184.3274677102154,0,9.0,31.708823553424875,9.0,2.0,7,18,14,1.0,0.7777777777777778,0.7777777777777778,0
713,0.9971082734532433,1,50.084624593924275,0.9274930480356347,9,9,8,1,0,18,16,15.0,187.58255816060978,0,9.0,33.084624593924275,9.0,1.0,8,18,16,1.0,0.8888888888888888,0.8888888888888888,0
714,1.0,0,54.0,1.0,9,9,9,0,0,18,18,15.0,185.0,1,9.0,36.0,9.0,0.0,9,18,18,1.0,1.0,1.0,1
715,1.0,0,54.0,1.0,9,9,9,0,0,18,18,15.0,185.0,1,9.0,36.0,9.0,0.0,9,18,18,1.0,1.0,1.0,1
716,0.9961496251861947,1,53.65989819475315,0.9937018184213545,9,9,8,1,0,18,16,15.0,184.06114295624747,0,9.0,36.0,9.0,0.34010180524685296,9,18,18,1.0,1.0,0.8888888888888888,1
717,0.9858422443256553,2,45.653361897686075,0.8454326277349273,9,8,6,2,1,16,12,14.0,189.5321328969141,0,8.0,31.127505040063156,8.0,1.4741431423770806,7,18,14,0.8888888888888888,0.7777777777777778,0.6666666666666666,0
718,1.0,0,54.0,1.0,9,9,9,0,0,18,18,15.0,185.0,1,9.0,36.0,9.0,0.0,9,18,18,1.0,1.0,1.0,1
719,1.0,0,54.0,1.0,9,9,9,0,0,18,18,15.0,185.0,1,9.0,36.0,9.0,0.0,9,18,18,1.0,1.0,1.0,1
720,0.9946083960365946,2,46.61493035594785,0.8632394510360712,9,9,7,2,0,18,14,15.0,190.15689508951658,0,8.350785226149668,31.26414512979818,8.350785226149668,1.350785226149668,7,18,14,1.0,0.7777777777777778,0.7777777777777778,0
721,1.0,0,54.0,1.0,9,9,9,0,0,18,18,15.0,185.0,1,9.0,36.0,9.0,0.0,9,18,18,1.0,1.0,1.0,1
722,0.9973550042455,1,52.45585311551558,0.9714046873243626,9,9,8,1,0,18,16,15.0,185.28238810718847,0,9.0,35.45585311551558,9.0,1.0,8,18,16,1.0,0.8888888888888888,0.8888888888888888,0
723,0.9865509405676174,2,46.24877263592524,0.8564587525171341,9,9,7,2,0,18,14,15.0,188.11660880796785,0,8.522578879161422,30.72619375676382,8.522578879161422,1.522578879161422,7,18,14,1.0,0.7777777777777778,0.7777777777777778,0
724,1.0,0,54.0,1.0,9,9,9,0,0,18,18,15.0,185.0,1,9.0,36.0,9.0,0.0,9,18,18,1.0,1.0,1.0,1
725,0.9976314503109734,1,52.7474454507925,0.9768045453850462,9,9,8,1,0,18,16,15.0,185.07041223876786,0,9.0,35.7474454507925,9.0,1.0,8,18,16,1.0,0.8888888888888888,0.8888888888888888,0
726,1.0,0,54.0,1.0,9,9,9,0,0,18,18,15.0,185.0,1,9.0,36.0,9.0,0.0,9,18,18,1.0,1.0,1.0,1
727,0.9890787328030767,1,49.353571924184905,0.9139550356330538,9,9,8,1,0,18,16,15.0,186.0011031231012,0,9.0,32.353571924184905,9.0,1.0,8,18,16,1.0,0.8888888888888888,0.8888888888888888,0
728,1.0,0,54.0,1.0,9,9,9,0,0,18,18,15.0,185.0,1,9.0,36.0,9.0,0.0,9,18,18,1.0,1.0,1.0,1
729,1.0,0,54.0,1.0,9,9,9,0,0,18,18,15.0,185.0,1,9.0,36.0,9.0,0.0,9,18,18,1.0,1.0,1.0,1
730,1.0,0,54.0,1.0,9,9,9,0,0,18,18,15.0,185.0,1,9.0,36.0,9.0,0.0,9,18,18,1.0,1.0,1.0,1
731,1.0,0,54.0,1.0,9,9,9,0,0,18,18,15.0,185.0,1,9.0,36.0,9.0,0.0,9,18,18,1.0,1.0,1.0,1
732,1.0,0,54.0,1.0,9,9,9,0,0,18,18,15.0,185.0,1,9.0,36.0,9.0,0.0,9,18,18,1.0,1.0,1.0,1
733,1.0,0,54.0,1.0,9,9,9,0,0,18,18,15.0,185.0,1,9.0,36.0,9.0,0.0,9,18,18,1.0,1.0,1.0,1
734,1.0,0,54.0,1.0,9,9,9,0,0,18,18,15.0,185.0,1,9.0,36.0,9.0,0.0,9,18,18,1.0,1.0,1.0,1
735,1.0,0,54.0,1.0,9,9,9,0,0,18,18,15.0,185.0,1,9.0,36.0,9.0,0.0,9,18,18,1.0,1.0,1.0,1
736,1.0,0,54.0,1.0,9,9,9,0,0,18,18,15.0,185.0,1,9.0,36.0,9.0,0.0,9,18,18,1.0,1.0,1.0,1
737,1.0,0,54.0,1.0,9,9,9,0,0,18,18,15.0,185.0,1,9.0,36.0,9.0,0.0,9,18,18,1.0,1.0,1.0,1
738,1.0,0,54.0,1.0,9,9,9,0,0,18,18,15.0,185.0,1,9.0,36.0,9.0,0.0,9,18,18,1.0,1.0,1.0,1
739,0.9760461059297446,2,44.42368674918508,0.8226608657256497,9,8,6,2,1,16,12,14.0,187.76566946590916,0,8.0,30.247531334529526,8.0,1.823844585344446,7,18,14,0.8888888888888888,0.7777777777777778,0.6666666666666666,0
740,0.99435070287111,1,51.02839233145802,0.9449702283603337,9,9,8,1,0,18,16,15.0,185.84461009542167,0,9.0,34.02839233145802,9.0,1.0,8,18,16,1.0,0.8888888888888888,0.8888888888888888,0
741,0.9855793331680673,1,48.765382160872925,0.9030626326087579,9,9,8,1,0,18,16,15.0,185.69877471109402,0,8.765382160872925,32.0,8.765382160872925,0.7653821608729245,8,18,16,1.0,0.8888888888888888,0.8888888888888888,0
742,0.99572882145103,1,49.534688185551744,0.9173090404731804,9,9,8,1,0,18,16,15.0,187.7352123923449,0,9.0,32.534688185551744,9.0,1.0,8,18,16,1.0,0.8888888888888888,0.8888888888888888,0
743,0.9960808266919842,2,50.57906087128498,0.9366492753941663,9,9,7,2,0,18,14,15.0,186.7708238799396,0,9.0,33.62184754341868,9.0,1.0427866721337011,8,18,16,1.0,0.8888888888888888,0.7777777777777778,0
744,0.9945125018423285,1,48.57496412713088,0.899536372724646,9,9,8,1,0,18,16,15.0,188.55715433989428,0,8.574964127130883,32.0,8.574964127130883,0.5749641271308832,8,18,16,1.0,0.8888888888888888,0.8888888888888888,0
745,0.9887120772282562,1,46.54719318510044,0.8619850589833414,9,8,7,1,1,16,14,14.0,189.7018850566373,0,8.0,31.54719318510044,8.0,1.0,7,18,14,0.8888888888888888,0.7777777777777778,0.7777777777777778,0
746,0.9967611586741673,1,51.294732314780816,0.9499024502737188,9,9,8,1,0,18,16,15.0,186.27248138337936,0,9.0,34.294732314780816,9.0,1.0,8,18,16,1.0,0.8888888888888888,0.8888888888888888,0
747,0.9958131568598461,1,51.30377469685979,0.9500699017936998,9,9,8,1,0,18,16,15.0,185.99041447877585,0,9.0,34.30377469685979,9.0,1.0,8,18,16,1.0,0.8888888888888888,0.8888888888888888,0
748,1.0,0,54.0,1.0,9,9,9,0,0,18,18,15.0,185.0,1,9.0,36.0,9.0,0.0,9,18,18,1.0,1.0,1.0,1
749,1.0,0,54.0,1.0,9,9,9,0,0,18,18,15.0,185.0,1,9.0,36.0,9.0,0.0,9,18,18,1.0,1.0,1.0,1
750,0.9930747949216534,1,51.71171637592629,0.9576243773319683,9,9,8,1,0,18,16,15.0,184.7938245615099,0,9.0,34.71171637592629,9.0,1.0,8,18,16,1.0,0.8888888888888888,0.8888888888888888,0
751,1.0,0,54.0,1.0,9,9,9,0,0,18,18,15.0,185.0,1,9.0,36.0,9.0,0.0,9,18,18,1.0,1.0,1.0,1
752,1.0,0,54.0,1.0,9,9,9,0,0,18,18,15.0,185.0,1,9.0,36.0,9.0,0.0,9,18,18,1.0,1.0,1.0,1
753,0.9901268671313849,1,52.57973014980675,0.9736987064779028,9,9,8,1,0,18,16,15.0,183.07680758403208,0,9.0,35.57973014980675,9.0,1.0,8,18,16,1.0,0.8888888888888888,0.8888888888888888,0
754,1.0,0,54.0,1.0,9,9,9,0,0,18,18,15.0,185.0,1,9.0,36.0,9.0,0.0,9,18,18,1.0,1.0,1.0,1
755,0.9917671097900433,1,50.54527630014296,0.9360236351878326,9,9,8,1,0,18,16,15.000000000000007,185.58365131938953,0,9.0,33.54527630014296,9.0,1.0,8,18,16,1.0,0.8888888888888888,0.8888888888888888,0
756,1.0,0,54.0,1.0,9,9,9,0,0,18,18,15.0,185.0,1,9.0,36.0,9.0,0.0,9,18,18,1.0,1.0,1.0,1
757,1.0,0,54.0,1.0,9,9,9,0,0,18,18,15.0,185.0,1,9.0,36.0,9.0,0.0,9,18,18,1.0,1.0,1.0,1
758,0.9960040596199862,1,53.04769053913178,0.9823646396135515,9,9,8,1,0,18,16,15.0,184.3253239009901,0,9.0,36.0,9.0,0.9523094608682214,9,18,18,1.0,1.0,0.8888888888888888,1
759,0.9942800449021443,1,52.556389155639806,0.9732664658451816,9,9,8,1,0,18,16,15.000000000000002,184.29626377617774,0,9.0,35.556389155639806,9.0,1.0,8,18,16,1.0,0.8888888888888888,0.8888888888888888,0
760,0.9888255152435504,1,51.46910784225253,0.9531316267083801,9,9,8,1,0,18,16,15.0,183.81264054788997,0,9.0,34.46910784225253,9.0,1.0,8,18,16,1.0,0.8888888888888888,0.8888888888888888,0
761,0.9917477075621015,1,50.717913800504874,0.9392206259352754,9,9,8,1,0,18,16,15.0,185.40542597738033,0,9.0,33.717913800504874,9.0,1.0,8,18,16,1.0,0.8888888888888888,0.8888888888888888,0
762,1.0,0,54.0,1.0,9,9,9,0,0,18,18,15.0,185.0,1,9.0,36.0,9.0,0.0,9,18,18,1.0,1.0,1.0,1
763,1.0,0,54.0,1.0,9,9,9,0,0,18,18,15.0,185.0,1,9.0,36.0,9.0,0.0,9,18,18,1.0,1.0,1.0,1
764,1.0,0,54.0,1.0,9,9,9,0,0,18,18,15.0,185.0,1,9.0,36.0,9.0,0.0,9,18,18,1.0,1.0,1.0,1
765,0.9947840437970318,1,48.63431433707848,0.9006354506866385,9,9,8,1,0,18,16,15.0,188.54633310792744,0,8.634314337078479,32.0,8.634314337078479,0.6343143370784787,8,18,16,1.0,0.8888888888888888,0.8888888888888888,0
766,0.9904680618989915,1,48.88037028896753,0.9051920423882875,9,9,8,1,0,18,16,15.0,186.93424639345827,0,8.88037028896753,32.0,8.88037028896753,0.88037028896753,8,18,16,1.0,0.8888888888888888,0.8888888888888888,0
767,1.0,0,54.0,1.0,9,9,9,0,0,18,18,15.0,185.0,1,9.0,36.0,9.0,0.0,9,18,18,1.0,1.0,1.0,1
768,0.9923079474840016,1,50.99478527443272,0.9443478754524578,9,9,8,1,0,18,16,15.0,185.28990360095975,0,9.0,33.99478527443272,9.0,1.0,8,18,16,1.0,0.8888888888888888,0.8888888888888888,0
769,0.996175869523485,1,52.97611781340537,0.981039218766766,9,9,8,1,0,18,16,15.0,184.4225326093583,0,9.0,35.97611781340537,9.0,1.0,8,18,16,1.0,0.8888888888888888,0.8888888888888888,0
770,1.0,0,54.0,1.0,9,9,9,0,0,18,18,15.0,185.0,1,9.0,36.0,9.0,0.0,9,18,18,1.0,1.0,1.0,1
771,1.0,0,54.0,1.0,9,9,9,0,0,18,18,15.0,185.0,1,9.0,36.0,9.0,0.0,9,18,18,1.0,1.0,1.0,1
772,1.0,0,54.0,1.0,9,9,9,0,0,18,18,15.0,185.0,1,9.0,36.0,9.0,0.0,9,18,18,1.0,1.0,1.0,1
773,1.0,0,54.0,1.0,9,9,9,0,0,18,18,15.0,185.0,1,9.0,36.0,9.0,0.0,9,18,18,1.0,1.0,1.0,1
774,0.9905830358555426,2,47.42974932208841,0.8783286911497854,9,9,7,2,0,18,14,15.0,188.06715567336522,0,8.582018661885357,31.847730660203055,8.582018661885357,1.582018661885357,7,18,14,1.0,0.7777777777777778,0.7777777777777778,0
775,1.0,0,54.0,1.0,9,9,9,0,0,18,18,15.0,185.0,1,9.0,36.0,9.0,0.0,9,18,18,1.0,1.0,1.0,1
776,1.0,0,54.0,1.0,9,9,9,0,0,18,18,15.0,185.0,1,9.0,36.0,9.0,0.0,9,18,18,1.0,1.0,1.0,1
777,0.9875204083836198,1,53.66740746213601,0.9938408789284446,9,9,8,1,0,18,16,15.0,181.57217388341448,0,9.0,36.0,9.0,0.332592537863988,9,18,18,1.0,1.0,0.8888888888888888,1
778,0.9997982659800295,1,53.90848991835104,0.9983053688583525,9,9,8,1,0,18,16,15.0,184.987655643073,0,9.0,36.0,9.0,0.09151008164896623,9,18,18,1.0,1.0,0.8888888888888888,1
779,0.9905699337937202,1,52.58953487918808,0.97388027554052,9,9,8,1,0,18,16,15.0,183.19460605340336,0,9.0,35.58953487918808,9.0,1.0,8,18,16,1.0,0.8888888888888888,0.8888888888888888,0
780,0.9950266332069897,1,49.24025608069252,0.9118565940868985,9,9,8,1,0,18,16,15.0,187.82741428292053,0,9.0,32.24025608069252,9.0,1.0,8,18,16,1.0,0.8888888888888888,0.8888888888888888,0
781,1.0,0,54.0,1.0,9,9,9,0,0,18,18,15.0,185.0,1,9.0,36.0,9.0,0.0,9,18,18,1.0,1.0,1.0,1
782,1.0,0,54.0,1.0,9,9,9,0,0,18,18,15.0,185.0,1,9.0,36.0,9.0,0.0,9,18,18,1.0,1.0,1.0,1
783,1.0,0,54.0,1.0,9,9,9,0,0,18,18,15.0,185.0,1,9.0,36.0,9.0,0.0,9,18,18,1.0,1.0,1.0,1
784,1.0,0,54.0,1.0,9,9,9,0,0,18,18,15.0,185.0,1,9.0,36.0,9.0,0.0,9,18,18,1.0,1.0,1.0,1
785,0.9761742919227593,2,48.79286343713369,0.9035715451321054,9,9,7,2,0,18,14,15.0,182.72215265214237,0,9.0,32.03922340609083,9.0,1.2463599689571332,8,18,16,1.0,0.8888888888888888,0.7777777777777778,0
786,1.0,0,54.0,1.0,9,9,9,0,0,18,18,15.0,185.0,1,9.0,36.0,9.0,0.0,9,18,18,1.0,1.0,1.0,1
787,0.9864752625941892,2,49.859713219197474,0.923328022577731,9,9,7,2,0,18,14,15.0,184.54638417979564,0,9.0,33.2572696754643,9.0,1.3975564562668232,8,18,16,1.0,0.8888888888888888,0.7777777777777778,0
788,0.9652392913747904,2,39.31879085098589,0.7281257564997388,9,7,5,2,2,14,10,13.0,190.76087609353777,0,7.0,27.137288793817845,7.0,1.8184979428319537,6,18,12,0.7777777777777778,0.6666666666666666,0.5555555555555556,0
789,1.0,0,54.0,1.0,9,9,9,0,0,18,18,15.0,185.0,1,9.0,36.0,9.0,0.0,9,18,18,1.0,1.0,1.0,1
790,1.0,0,54.0,1.0,9,9,9,0,0,18,18,15.0,185.0,1,9.0,36.0,9.0,0.0,9,18,18,1.0,1.0,1.0,1
791,0.986614602833878,2,44.469281472106346,0.8235052124464138,9,9,7,2,0,18,14,15.0,190.03121201204073,0,8.289024264019574,29.180257208086772,8.289024264019574,1.2890242640195737,7,18,14,1.0,0.7777777777777778,0.7777777777777778,0
792,0.9881053132434281,1,48.160335742697896,0.8918580693092203,9,9,8,1,0,18,16,15.0,187.33382660006043,0,8.160335742697896,32.0,8.160335742697896,0.16033574269789597,8,18,16,1.0,0.8888888888888888,0.8888888888888888,0
793,1.0,0,54.0,1.0,9,9,9,0,0,18,18,15.0,185.0,1,9.0,36.0,9.0,0.0,9,18,18,1.0,1.0,1.0,1
794,0.9961515373990477,1,50.62528919871383,0.9375053555317376,9,9,8,1,0,18,16,15.0,186.76635357221187,0,9.0,33.62528919871383,9.0,1.0,8,18,16,1.0,0.8888888888888888,0.8888888888888888,0
795,1.0,0,54.0,1.0,9,9,9,0,0,18,18,15.0,185.0,1,9.0,36.0,9.0,0.0,9,18,18,1.0,1.0,1.0,1
796,0.9812883695333373,2,45.96855571910096,0.8512695503537215,9,9,7,2,0,18,14,15.0,186.64249470650014,0,9.0,29.968555719100962,9.000000000000014,2.000000000000014,7,18,14,1.0,0.7777777777777778,0.7777777777777778,0
797,1.0,0,54.0,1.0,9,9,9,0,0,18,18,15.0,185.0,1,9.0,36.0,9.0,0.0,9,18,18,1.0,1.0,1.0,1
798,0.9896462896185364,2,44.594201556514996,0.8258185473428703,9,9,7,2,0,18,14,15.0,190.4239298536235,0,9.0,28.594201556514996,9.0,2.0,7,18,14,1.0,0.7777777777777778,0.7777777777777778,0
799,1.0,0,54.0,1.0,9,9,9,0,0,18,18,15.0,185.0,1,9.0,36.0,9.0,0.0,9,18,18,1.0,1.0,1.0,1
800,1.0,0,54.0,1.0,9,9,9,0,0,18,18,15.0,185.0,1,9.0,36.0,9.0,0.0,9,18,18,1.0,1.0,1.0,1
801,0.9779837792981189,1,49.34912649306085,0.9138727128344603,9,9,8,1,0,18,16,15.0,182.81020194479737,0,9.0,32.34912649306085,9.0,1.0,8,18,16,1.0,0.8888888888888888,0.8888888888888888,0
802,0.9972275432832505,1,48.79924622283998,0.903689744867407,9,9,8,1,0,18,16,15.0,189.00266313131615,0,8.799246222839987,32.0,8.799246222839987,0.7992462228399866,8,18,16,1.0,0.8888888888888888,0.8888888888888888,0
803,0.9940740232516896,1,53.64513428634021,0.9934284127100038,9,9,8,1,0,18,16,15.0,183.47075155331652,0,9.0,36.0,9.0,0.354865713659791,9,18,18,1.0,1.0,0.8888888888888888,1
804,0.9894026327472673,2,50.441855329084596,0.9341084320200851,9,9,7,2,0,18,14,15.0,184.50610290212836,0,9.0,34.441855329084596,9.0,2.0,7,18,14,1.0,0.7777777777777778,0.7777777777777778,0
805,0.9940423034380511,1,50.490115399855426,0.9350021370343597,9,9,8,1,0,18,16,15.0,186.2940679903033,0,9.0,33.490115399855426,9.0,1.0,8,18,16,1.0,0.8888888888888888,0.8888888888888888,0
806,0.9933294425353131,1,49.43510998074825,0.9154649996434862,9,9,8,1,0,18,16,15.0,187.1437694694219,0,9.0,32.43510998074825,9.0,1.0,8,18,16,1.0,0.8888888888888888,0.8888888888888888,0
807,1.0,0,54.0,1.0,9,9,9,0,0,18,18,15.0,185.0,1,9.0,36.0,9.0,0.0,9,18,18,1.0,1.0,1.0,1
808,0.9976642755975512,1,52.09226846580955,0.9646716382557324,9,9,8,1,0,18,16,15.0,185.73504290628523,0,9.0,35.09226846580955,9.0,1.0,8,18,16,1.0,0.8888888888888888,0.8888888888888888,0
809,1.0,0,54.0,1.0,9,9,9,0,0,18,18,15.0,185.0,1,9.0,36.0,9.0,0.0,9,18,18,1.0,1.0,1.0,1
810,0.9812055579087477,2,44.15691440500378,0.8177206371296997,9,8,6,2,1,16,12,13.999999999999993,189.51787027904675,0,8.0,29.981746392341414,8.0,1.8248319873376317,7,18,14,0.8888888888888888,0.7777777777777778,0.6666666666666666,0
811,0.9968329524588344,1,53.66121383745738,0.9937261821751368,9,9,8,1,0,18,16,15.0,184.25728338941565,0,9.0,36.0,9.0,0.3387861625426183,9,18,18,1.0,1.0,0.8888888888888888,1
812,0.9946396426983147,1,52.089608581635076,0.9646223811413903,9,9,8,1,0,18,16,14.999999999999993,184.8666085154796,0,9.0,35.089608581635076,9.0,1.0,8,18,16,1.0,0.8888888888888888,0.8888888888888888,0
813,1.0,0,54.0,1.0,9,9,9,0,0,18,18,15.0,185.0,1,9.0,36.0,9.0,0.0,9,18,18,1.0,1.0,1.0,1
814,1.0,0,54.0,1.0,9,9,9,0,0,18,18,15.0,185.0,1,9.0,36.0,9.0,0.0,9,18,18,1.0,1.0,1.0,1
815,1.0,0,54.0,1.0,9,9,9,0,0,18,18,15.0,185.0,1,9.0,36.0,9.0,0.0,9,18,18,1.0,1.0,1.0,1
816,1.0,0,54.0,1.0,9,9,9,0,0,18,18,15.0,185.0,1,9.0,36.0,9.0,0.0,9,18,18,1.0,1.0,1.0,1
817,1.0,0,54.0,1.0,9,9,9,0,0,18,18,15.0,185.0,1,9.0,36.0,9.0,0.0,9,18,18,1.0,1.0,1.0,1
818,0.9957143251416642,1,49.46093899602036,0.9159433147411178,9,9,8,1,0,18,16,15.0,187.80478664477894,0,9.0,32.46093899602036,9.0,1.0,8,18,16,1.0,0.8888888888888888,0.8888888888888888,0
819,1.0,0,54.0,1.0,9,9,9,0,0,18,18,15.0,185.0,1,9.0,36.0,9.0,0.0,9,18,18,1.0,1.0,1.0,1
820,0.9983812257657225,1,48.74680622432682,0.90271863378383,9,9,8,1,0,18,16,15.0,189.41358368403786,0,8.746806224326818,32.0,8.746806224326818,0.7468062243268179,8,18,16,1.0,0.8888888888888888,0.8888888888888888,0
821,0.9982141937111696,1,49.71159250905694,0.9205850464640174,9,9,8,1,0,18,16,15.0,188.2740952797599,0,9.0,32.71159250905694,9.0,1.0,8,18,16,1.0,0.8888888888888888,0.8888888888888888,0
822,0.9979911387287353,1,49.66222242520733,0.9196707856519877,9,9,8,1,0,18,16,15.0,188.25922552866842,0,9.0,32.66222242520733,9.0,1.0,8,18,16,1.0,0.8888888888888888,0.8888888888888888,0
823,0.9967890927661175,1,48.98286021940902,0.90709000406313,9,9,8,1,0,18,16,15.0,188.6009683875283,0,8.98286021940902,32.0,8.98286021940902,0.9828602194090195,8,18,16,1.0,0.8888888888888888,0.8888888888888888,0
824,0.9721566798236672,2,47.30046070901016,0.8759344575742622,9,9,7,2,0,18,14,15.0,182.680663080206,0,9.0,31.30046070901016,9.0,2.0,7,18,14,1.0,0.7777777777777778,0.7777777777777778,0
825,1.0,0,54.0,1.0,9,9,9,0,0,18,18,15.0,185.0,1,9.0,36.0,9.0,0.0,9,18,18,1.0,1.0,1.0,1
826,0.9960951903691035,1,51.845675434883276,0.9601051006459866,9,9,8,1,0,18,16,15.0,185.52973939141856,0,9.0,34.845675434883276,9.0,1.0,8,18,16,1.0,0.8888888888888888,0.8888888888888888,0
827,1.0,0,54.0,1.0,9,9,9,0,0,18,18,15.0,185.0,1,9.0,36.0,9.0,0.0,9,18,18,1.0,1.0,1.0,1
828,1.0,0,54.0,1.0,9,9,9,0,0,18,18,15.0,185.0,1,9.0,36.0,9.0,0.0,9,18,18,1.0,1.0,1.0,1
829,0.9978674975695271,1,48.164752040001645,0.8919398525926231,9,9,8,1,0,18,16,15.0,190.13871124002137,0,8.164752040001645,32.0,8.164752040001645,0.16475204000164467,8,18,16,1.0,0.8888888888888888,0.8888888888888888,0
830,0.9908043854059991,1,49.088039807617676,0.9090377742151422,9,9,8,1,0,18,16,15.0,186.76362318931007,0,9.0,32.088039807617676,9.0,1.0,8,18,16,1.0,0.8888888888888888,0.8888888888888888,0
831,0.9735324727829323,3,39.856138691194666,0.7380766424295309,9,8,5,3,1,16,10,14.0,191.38818429534115,0,7.266058349897371,27.590080341297295,7.266058349897371,2.2660583498973708,5,18,10,0.8888888888888888,0.5555555555555556,0.5555555555555556,0
832,0.9964627463301267,1,51.31755736172978,0.9503251363283293,9,9,8,1,0,18,16,15.0,186.1637135813467,0,9.0,34.31755736172978,9.0,1.0,8,18,16,1.0,0.8888888888888888,0.8888888888888888,0
833,1.0,0,54.0,1.0,9,9,9,0,0,18,18,15.0,185.0,1,9.0,36.0,9.0,0.0,9,18,18,1.0,1.0,1.0,1
834,0.9936371108237437,1,50.60773232909659,0.9371802283166035,9,9,8,1,0,18,16,15.0,186.0597555881416,0,9.0,33.60773232909659,9.0,1.0,8,18,16,1.0,0.8888888888888888,0.8888888888888888,0
835,1.0,0,54.0,1.0,9,9,9,0,0,18,18,15.0,185.0,1,9.0,36.0,9.0,0.0,9,18,18,1.0,1.0,1.0,1
836,1.0,0,54.0,1.0,9,9,9,0,0,18,18,15.0,185.0,1,9.0,36.0,9.0,0.0,9,18,18,1.0,1.0,1.0,1
837,1.0,0,54.0,1.0,9,9,9,0,0,18,18,15.0,185.0,1,9.0,36.0,9.0,0.0,9,18,18,1.0,1.0,1.0,1
838,1.0,0,54.0,1.0,9,9,9,0,0,18,18,15.0,185.0,1,9.0,36.0,9.0,0.0,9,18,18,1.0,1.0,1.0,1
839,1.0,0,54.0,1.0,9,9,9,0,0,18,18,15.0,185.0,1,9.0,36.0,9.0,0.0,9,18,18,1.0,1.0,1.0,1
840,0.9673458772632011,1,52.342765866424216,0.9693104790078558,9,9,8,1,0,18,16,15.0,176.75284678537767,0,9.0,35.342765866424216,9.0,1.0,8,18,16,1.0,0.8888888888888888,0.8888888888888888,0
841,1.0,0,54.0,1.0,9,9,9,0,0,18,18,15.0,185.0,1,9.0,36.0,9.0,0.0,9,18,18,1.0,1.0,1.0,1
842,1.0,0,54.0,1.0,9,9,9,0,0,18,18,15.0,185.0,1,9.0,36.0,9.0,0.0,9,18,18,1.0,1.0,1.0,1
843,0.9874131230524097,1,51.05250978142259,0.945416847804122,9,9,8,1,0,18,16,15.0,183.82246965767138,0,9.0,34.05250978142259,9.0,1.0,8,18,16,1.0,0.8888888888888888,0.8888888888888888,0
844,1.0,0,54.0,1.0,9,9,9,0,0,18,18,15.0,185.0,1,9.0,36.0,9.0,0.0,9,18,18,1.0,1.0,1.0,1
845,0.990572871933192,1,49.20373084050598,0.9111802007501107,9,9,8,1,0,18,16,15.0,186.58125627625333,0,9.0,32.20373084050598,9.0,1.0,8,18,16,1.0,0.8888888888888888,0.8888888888888888,0
846,0.9930544017662185,1,51.10145556546527,0.9463232512123199,9,9,8,1,0,18,16,15.0,185.39821214320568,0,9.0,34.10145556546527,9.0,1.0,8,18,16,1.0,0.8888888888888888,0.8888888888888888,0
847,1.0,0,54.0,1.0,9,9,9,0,0,18,18,15.0,185.0,1,9.0,36.0,9.0,0.0,9,18,18,1.0,1.0,1.0,1
848,1.0,0,54.0,1.0,9,9,9,0,0,18,18,15.0,185.0,1,9.0,36.0,9.0,0.0,9,18,18,1.0,1.0,1.0,1
849,1.0,0,54.0,1.0,9,9,9,0,0,18,18,15.0,185.0,1,9.0,36.0,9.0,0.0,9,18,18,1.0,1.0,1.0,1
850,1.0,0,54.0,1.0,9,9,9,0,0,18,18,15.0,185.0,1,9.0,36.0,9.0,0.0,9,18,18,1.0,1.0,1.0,1
851,1.0,0,54.0,1.0,9,9,9,0,0,18,18,15.0,185.0,1,9.0,36.0,9.0,0.0,9,18,18,1.0,1.0,1.0,1
852,1.0,0,54.0,1.0,9,9,9,0,0,18,18,15.0,185.0,1,9.0,36.0,9.0,0.0,9,18,18,1.0,1.0,1.0,1
853,1.0,0,54.0,1.0,9,9,9,0,0,18,18,15.0,185.0,1,9.0,36.0,9.0,0.0,9,18,18,1.0,1.0,1.0,1
854,1.0,0,54.0,1.0,9,9,9,0,0,18,18,15.0,185.0,1,9.0,36.0,9.0,0.0,9,18,18,1.0,1.0,1.0,1
855,1.0,0,54.0,1.0,9,9,9,0,0,18,18,15.0,185.0,1,9.0,36.0,9.0,0.0,9,18,18,1.0,1.0,1.0,1
856,1.0,0,54.0,1.0,9,9,9,0,0,18,18,15.0,185.0,1,9.0,36.0,9.0,0.0,9,18,18,1.0,1.0,1.0,1
857,0.9979818123348585,1,50.92883302096797,0.9431265374253328,9,9,8,1,0,18,16,15.0,186.98992893147127,0,9.0,33.92883302096797,9.0,1.0,8,18,16,1.0,0.8888888888888888,0.8888888888888888,0
858,1.0,0,54.0,1.0,9,9,9,0,0,18,18,15.0,185.0,1,9.0,36.0,9.0,0.0,9,18,18,1.0,1.0,1.0,1
859,0.996783484967323,1,51.88749103621649,0.9608794636336386,9,9,8,1,0,18,16,15.0,185.68615263437255,0,9.0,34.88749103621649,9.0,1.0,8,18,16,1.0,0.8888888888888888,0.8888888888888888,0
860,1.0,0,54.0,1.0,9,9,9,0,0,18,18,15.0,185.0,1,9.0,36.0,9.0,0.0,9,18,18,1.0,1.0,1.0,1
861,1.0,0,54.0,1.0,9,9,9,0,0,18,18,15.0,185.0,1,9.0,36.0,9.0,0.0,9,18,18,1.0,1.0,1.0,1
862,1.0,0,54.0,1.0,9,9,9,0,0,18,18,15.0,185.0,1,9.0,36.0,9.0,0.0,9,18,18,1.0,1.0,1.0,1
863,1.0,0,54.0,1.0,9,9,9,0,0,18,18,15.0,185.0,1,9.0,36.0,9.0,0.0,9,18,18,1.0,1.0,1.0,1
864,0.9973915293195125,1,52.665460632246706,0.9752863080045686,9,9,8,1,0,18,16,15.0,185.08329981177286,0,9.0,35.665460632246706,9.0,1.0,8,18,16,1.0,0.8888888888888888,0.8888888888888888,0
865,0.9906217071620342,1,48.31114193906677,0.8946507766493846,9,9,8,1,0,18,16,15.0,187.83233875406574,0,8.311141939066772,32.0,8.311141939066772,0.311141939066772,8,18,16,1.0,0.8888888888888888,0.8888888888888888,0
866,0.9978814479155697,1,50.73496395287336,0.9395363694976547,9,9,8,1,0,18,16,15.0,187.15489304681068,0,9.0,33.73496395287336,9.0,1.0,8,18,16,1.0,0.8888888888888888,0.8888888888888888,0
867,1.0,0,54.0,1.0,9,9,9,0,0,18,18,15.0,185.0,1,9.0,36.0,9.0,0.0,9,18,18,1.0,1.0,1.0,1
868,0.9924003416037822,1,51.63949033815004,0.9562868581138896,9,9,8,1,0,18,16,15.0,184.67180804373925,0,9.0,34.63949033815004,9.0,1.0,8,18,16,1.0,0.8888888888888888,0.8888888888888888,0
869,0.9964616459241091,2,52.71817055903584,0.976262417759923,9,9,7,2,0,18,14,15.0,184.7517913658697,0,9.0,35.74015476151166,9.0,1.0219842024758208,8,18,16,1.0,0.8888888888888888,0.7777777777777778,0
870,1.0,0,54.0,1.0,9,9,9,0,0,18,18,15.0,185.0,1,9.0,36.0,9.0,0.0,9,18,18,1.0,1.0,1.0,1
871,0.9842303974656086,1,48.60062184449481,0.9000115156387928,9,9,8,1,0,18,16,15.0,185.55742170335304,0,8.60062184449481,32.0,8.60062184449481,0.6006218444948104,8,18,16,1.0,0.8888888888888888,0.8888888888888888,0
872,1.0,0,54.0,1.0,9,9,9,0,0,18,18,15.0,185.0,1,9.0,36.0,9.0,0.0,9,18,18,1.0,1.0,1.0,1
873,1.0,0,54.0,1.0,9,9,9,0,0,18,18,15.0,185.0,1,9.0,36.0,9.0,0.0,9,18,18,1.0,1.0,1.0,1
874,1.0,0,54.0,1.0,9,9,9,0,0,18,18,15.0,185.0,1,9.0,36.0,9.0,0.0,9,18,18,1.0,1.0,1.0,1
875,1.0,0,54.0,1.0,9,9,9,0,0,18,18,15.0,185.0,1,9.0,36.0,9.0,0.0,9,18,18,1.0,1.0,1.0,1
876,0.9974195106011017,1,51.672671104429384,0.9569013167486923,9,9,8,1,0,18,16,15.0,186.08414794868787,0,9.0,34.672671104429384,9.0,1.0,8,18,16,1.0,0.8888888888888888,0.8888888888888888,0
877,1.0,0,54.0,1.0,9,9,9,0,0,18,18,15.0,185.0,1,9.0,36.0,9.0,0.0,9,18,18,1.0,1.0,1.0,1
878,1.0,0,54.0,1.0,9,9,9,0,0,18,18,15.0,185.0,1,9.0,36.0,9.0,0.0,9,18,18,1.0,1.0,1.0,1
879,1.0,0,54.0,1.0,9,9,9,0,0,18,18,15.0,185.0,1,9.0,36.0,9.0,0.0,9,18,18,1.0,1.0,1.0,1
880,1.0,0,54.0,1.0,9,9,9,0,0,18,18,15.0,185.0,1,9.0,36.0,9.0,0.0,9,18,18,1.0,1.0,1.0,1
881,0.9896902526649239,1,48.51397289400781,0.898406905444589,9,9,8,1,0,18,16,15.0,187.25983342648638,0,8.513972894007807,32.0,8.513972894007807,0.5139728940078072,8,18,16,1.0,0.8888888888888888,0.8888888888888888,0
882,1.0,0,54.0,1.0,9,9,9,0,0,18,18,15.0,185.0,1,9.0,36.0,9.0,0.0,9,18,18,1.0,1.0,1.0,1
883,1.0,0,54.0,1.0,9,9,9,0,0,18,18,15.0,185.0,1,9.0,36.0,9.0,0.0,9,18,18,1.0,1.0,1.0,1
884,0.9921063258100102,1,50.419028169808385,0.9336857068483034,9,9,8,1,0,18,16,15.0,185.80759366347456,0,9.0,33.419028169808385,9.0,1.0,8,18,16,1.0,0.8888888888888888,0.8888888888888888,0
885,0.97578370289707,1,51.293349518743355,0.9498768429396918,9,9,8,1,0,18,16,15.0,180.23235691561277,0,9.0,34.293349518743355,9.0,1.0,8,18,16,1.0,0.8888888888888888,0.8888888888888888,0
886,1.0,0,54.0,1.0,9,9,9,0,0,18,18,15.0,185.0,1,9.0,36.0,9.0,0.0,9,18,18,1.0,1.0,1.0,1
887,1.0,0,54.0,1.0,9,9,9,0,0,18,18,15.0,185.0,1,9.0,36.0,9.0,0.0,9,18,18,1.0,1.0,1.0,1
888,0.9973614825464122,1,49.38279281767986,0.9144961632903678,9,9,8,1,0,18,16,15.0,188.35731415568688,0,9.0,32.38279281767986,9.000000000000004,1.0000000000000036,8,18,16,1.0,0.8888888888888888,0.8888888888888888,0
889,0.9970643770881217,1,50.86048169835237,0.9418607721917106,9,9,8,1,0,18,16,15.0,186.79405890302667,0,9.0,33.86048169835237,9.0,1.0,8,18,16,1.0,0.8888888888888888,0.8888888888888888,0
890,0.996228035198403,1,53.182313118354585,0.9848576503398997,9,9,8,1,0,18,16,15.0,184.32251757796274,0,9.0,36.0,9.0,0.8176868816454146,9,18,18,1.0,1.0,0.8888888888888888,1
891,0.9908710400734702,2,49.62058923080721,0.9188998005705039,9,9,7,2,0,18,14,15.0,185.7502703103522,0,9.0,33.62058923080721,9.0,2.0,7,18,14,1.0,0.7777777777777778,0.7777777777777778,0
892,0.9974556894346583,1,48.673593367130096,0.9013628401320388,9,9,8,1,0,18,16,15.0,189.25684850648648,0,8.673593367130096,32.0,8.673593367130096,0.6735933671300955,8,18,16,1.0,0.8888888888888888,0.8888888888888888,0
893,0.9968272147723989,1,48.28597953926378,0.8941848062826625,9,9,8,1,0,18,16,15.0,189.6572685455552,0,8.285979539263778,32.0,8.285979539263778,0.28597953926377784,8,18,16,1.0,0.8888888888888888,0.8888888888888888,0
894,0.9963998906708481,1,51.358925536116885,0.9510912136317942,9,9,8,1,0,18,16,15.0,186.10424297708738,0,9.0,34.358925536116885,9.0,1.0,8,18,16,1.0,0.8888888888888888,0.8888888888888888,0
895,0.985902059271563,2,48.027027655692436,0.8893894010313415,9,9,7,2,0,18,14,15.0,185.9127654145177,0,9.0,32.027027655692436,9.0,2.0,7,18,14,1.0,0.7777777777777778,0.7777777777777778,0
896,1.0,0,54.0,1.0,9,9,9,0,0,18,18,15.0,185.0,1,9.0,36.0,9.0,0.0,9,18,18,1.0,1.0,1.0,1
897,1.0,0,54.0,1.0,9,9,9,0,0,18,18,15.0,185.0,1,9.0,36.0,9.0,0.0,9,18,18,1.0,1.0,1.0,1
898,0.9822889544928669,2,50.239148660962144,0.9303546048326323,9,9,7,2,0,18,14,15.0,182.70036867377445,0,9.0,34.15855177938026,9.0,1.919403118418117,8,18,16,1.0,0.8888888888888888,0.7777777777777778,0
899,1.0,0,54.0,1.0,9,9,9,0,0,18,18,15.0,185.0,1,9.0,36.0,9.0,0.0,9,18,18,1.0,1.0,1.0,1
900,1.0,0,54.0,1.0,9,9,9,0,0,18,18,15.0,185.0,1,9.0,36.0,9.0,0.0,9,18,18,1.0,1.0,1.0,1
901,1.0,0,54.0,1.0,9,9,9,0,0,18,18,15.0,185.0,1,9.0,36.0,9.0,0.0,9,18,18,1.0,1.0,1.0,1
902,1.0,0,54.0,1.0,9,9,9,0,0,18,18,15.0,185.0,1,9.0,36.0,9.0,0.0,9,18,18,1.0,1.0,1.0,1
903,1.0,0,54.0,1.0,9,9,9,0,0,18,18,15.0,185.0,1,9.0,36.0,9.0,0.0,9,18,18,1.0,1.0,1.0,1
904,0.9925852029892547,1,50.42631264350152,0.9338206045092874,9,9,8,1,0,18,16,15.0,185.9382258174038,0,9.0,33.42631264350152,9.0,1.0,8,18,16,1.0,0.8888888888888888,0.8888888888888888,0
905,1.0,0,54.0,1.0,9,9,9,0,0,18,18,15.0,185.0,1,9.0,36.0,9.0,0.0,9,18,18,1.0,1.0,1.0,1
906,0.9985270711237185,1,53.744991082172916,0.9952776126328318,9,9,8,1,0,18,16,15.0,184.70330094254444,0,9.0,36.0,9.0,0.25500891782708024,9,18,18,1.0,1.0,0.8888888888888888,1
907,1.0,0,54.0,1.0,9,9,9,0,0,18,18,15.0,185.0,1,9.0,36.0,9.0,0.0,9,18,18,1.0,1.0,1.0,1
908,0.9922696956910096,1,52.044459357518775,0.9637862843984958,9,9,8,1,0,18,16,15.0,184.22921300149204,0,9.0,35.044459357518775,9.0,1.0,8,18,16,1.0,0.8888888888888888,0.8888888888888888,0
909,0.9879108696808162,2,48.057461691198675,0.8899529942814569,9,9,7,2,0,18,14,15.0,186.4608687768764,0,9.0,32.057461691198675,9.0,2.0,7,18,14,1.0,0.7777777777777778,0.7777777777777778,0
910,1.0,0,54.0,1.0,9,9,9,0,0,18,18,15.0,185.0,1,9.0,36.0,9.0,0.0,9,18,18,1.0,1.0,1.0,1
911,1.0,0,54.0,1.0,9,9,9,0,0,18,18,15.0,185.0,1,9.0,36.0,9.0,0.0,9,18,18,1.0,1.0,1.0,1
912,0.9801604517812047,1,51.29855364406548,0.9499732156308421,9,9,8,1,0,18,16,15.0,181.48765646892144,0,9.0,34.29855364406548,9.0,1.0,8,18,16,1.0,0.8888888888888888,0.8888888888888888,0
913,1.0,0,54.0,1.0,9,9,9,0,0,18,18,15.0,185.0,1,9.0,36.0,9.0,0.0,9,18,18,1.0,1.0,1.0,1
914,1.0,0,54.0,1.0,9,9,9,0,0,18,18,15.0,185.0,1,9.0,36.0,9.0,0.0,9,18,18,1.0,1.0,1.0,1
915,0.9930493820550185,1,48.336214953849534,0.8951150917379543,9,9,8,1,0,18,16,15.0,188.49389960107106,0,8.336214953849534,32.0,8.336214953849534,0.3362149538495345,8,18,16,1.0,0.8888888888888888,0.8888888888888888,0
916,1.0,0,54.0,1.0,9,9,9,0,0,18,18,15.0,185.0,1,9.0,36.0,9.0,0.0,9,18,18,1.0,1.0,1.0,1
917,1.0,0,54.0,1.0,9,9,9,0,0,18,18,15.0,185.0,1,9.0,36.0,9.0,0.0,9,18,18,1.0,1.0,1.0,1
918,0.9885090307674361,1,50.55533449455419,0.9362098980472998,9,9,8,1,0,18,16,15.0,184.63526636646742,0,9.0,33.55533449455419,9.0,1.0,8,18,16,1.0,0.8888888888888888,0.8888888888888888,0
919,0.9640819268606902,2,50.407931156043205,0.9334802065933927,9,9,7,2,0,18,14,15.0,177.71797461090966,0,9.0,33.46730949389506,9.0,1.0593783378518538,8,18,16,1.0,0.8888888888888888,0.7777777777777778,0
920,1.0,0,54.0,1.0,9,9,9,0,0,18,18,15.0,185.0,1,9.0,36.0,9.0,0.0,9,18,18,1.0,1.0,1.0,1
921,1.0,0,54.0,1.0,9,9,9,0,0,18,18,15.0,185.0,1,9.0,36.0,9.0,0.0,9,18,18,1.0,1.0,1.0,1
922,1.0,0,54.0,1.0,9,9,9,0,0,18,18,15.0,185.0,1,9.0,36.0,9.0,0.0,9,18,18,1.0,1.0,1.0,1
923,0.9781338568450947,2,52.52641952014959,0.9727114725953627,9,9,7,2,0,18,14,15.0,179.60780335749257,0,9.0,35.663075307639836,9.0,1.1366557874902483,8,18,16,1.0,0.8888888888888888,0.7777777777777778,0
924,1.0,0,54.0,1.0,9,9,9,0,0,18,18,15.0,185.0,1,9.0,36.0,9.0,0.0,9,18,18,1.0,1.0,1.0,1
925,1.0,0,54.0,1.0,9,9,9,0,0,18,18,15.0,185.0,1,9.0,36.0,9.0,0.0,9,18,18,1.0,1.0,1.0,1
926,0.9790200929752328,1,51.105086398640296,0.9463904888637091,9,9,8,1,0,18,16,15.0,181.35270037822676,0,9.0,34.105086398640296,9.0,1.0,8,18,16,1.0,0.8888888888888888,0.8888888888888888,0
927,1.0,0,54.0,1.0,9,9,9,0,0,18,18,15.0,185.0,1,9.0,36.0,9.0,0.0,9,18,18,1.0,1.0,1.0,1
928,1.0,0,54.0,1.0,9,9,9,0,0,18,18,15.0,185.0,1,9.0,36.0,9.0,0.0,9,18,18,1.0,1.0,1.0,1
929,1.0,0,54.0,1.0,9,9,9,0,0,18,18,15.0,185.0,1,9.0,36.0,9.0,0.0,9,18,18,1.0,1.0,1.0,1
930,1.0,0,54.0,1.0,9,9,9,0,0,18,18,15.0,185.0,1,9.0,36.0,9.0,0.0,9,18,18,1.0,1.0,1.0,1
931,1.0,0,54.0,1.0,9,9,9,0,0,18,18,15.0,185.0,1,9.0,36.0,9.0,0.0,9,18,18,1.0,1.0,1.0,1
932,1.0,0,54.0,1.0,9,9,9,0,0,18,18,15.0,185.0,1,9.0,36.0,9.0,0.0,9,18,18,1.0,1.0,1.0,1
933,1.0,0,54.0,1.0,9,9,9,0,0,18,18,15.0,185.0,1,9.0,36.0,9.0,0.0,9,18,18,1.0,1.0,1.0,1
934,1.0,0,54.0,1.0,9,9,9,0,0,18,18,15.0,185.0,1,9.0,36.0,9.0,0.0,9,18,18,1.0,1.0,1.0,1
935,0.9951894476724694,1,48.10655088714253,0.8908620534656024,9,9,8,1,0,18,16,15.0,189.4547345989574,0,8.106550887142532,32.0,8.106550887142532,0.10655088714253225,8,18,16,1.0,0.8888888888888888,0.8888888888888888,0
936,0.9972050163251092,1,51.787669946931885,0.9590309249431831,9,9,8,1,0,18,16,15.0,185.9073747546996,0,9.0,34.787669946931885,9.0,1.0,8,18,16,1.0,0.8888888888888888,0.8888888888888888,0
937,0.9957795664282288,1,49.157266722713146,0.9103197541243175,9,9,8,1,0,18,16,15.0,188.12724840861677,0,9.0,32.157266722713146,9.0,1.0,8,18,16,1.0,0.8888888888888888,0.8888888888888888,0
938,1.0,0,54.0,1.0,9,9,9,0,0,18,18,15.0,185.0,1,9.0,36.0,9.0,0.0,9,18,18,1.0,1.0,1.0,1
939,0.9964122959902905,1,53.09572581287355,0.9832541817198807,9,9,8,1,0,18,16,15.0,184.4188783387669,0,9.0,36.0,9.0,0.9042741871264468,9,18,18,1.0,1.0,0.8888888888888888,1
940,1.0,0,54.0,1.0,9,9,9,0,0,18,18,15.0,185.0,1,9.0,36.0,9.0,0.0,9,18,18,1.0,1.0,1.0,1
941,0.9884562252496722,2,50.595531342657694,0.9369542841232906,9,9,7,2,0,18,14,15.0,184.0798615292479,0,9.0,34.595531342657694,9.0,2.0,7,18,14,1.0,0.7777777777777778,0.7777777777777778,0
942,1.0,0,54.0,1.0,9,9,9,0,0,18,18,15.0,185.0,1,9.0,36.0,9.0,0.0,9,18,18,1.0,1.0,1.0,1
943,1.0,0,54.0,1.0,9,9,9,0,0,18,18,15.0,185.0,1,9.0,36.0,9.0,0.0,9,18,18,1.0,1.0,1.0,1
944,0.9938252897561927,1,52.61948839857135,0.9744349703439139,9,9,8,1,0,18,16,15.0,184.10219505121216,0,9.0,35.61948839857135,9.0,1.0,8,18,16,1.0,0.8888888888888888,0.8888888888888888,0
945,1.0,0,54.0,1.0,9,9,9,0,0,18,18,15.0,185.0,1,9.0,36.0,9.0,0.0,9,18,18,1.0,1.0,1.0,1
946,0.990848300908952,1,53.087743525258816,0.983106361578867,9,9,8,1,0,18,16,15.0,182.82043889914877,0,9.0,36.0,9.0,0.9122564747411843,9,18,18,1.0,1.0,0.8888888888888888,1
947,1.0,0,54.0,1.0,9,9,9,0,0,18,18,15.0,185.0,1,9.0,36.0,9.0,0.0,9,18,18,1.0,1.0,1.0,1
948,0.9931093389040669,1,50.668257169649394,0.938301058697211,9,9,8,1,0,18,16,15.0,185.8472324347219,0,9.0,33.668257169649394,9.0,1.0,8,18,16,1.0,0.8888888888888888,0.8888888888888888,0
949,1.0,0,54.0,1.0,9,9,9,0,0,18,18,15.0,185.0,1,9.0,36.0,9.0,0.0,9,18,18,1.0,1.0,1.0,1
950,1.0,0,54.0,1.0,9,9,9,0,0,18,18,15.0,185.0,1,9.0,36.0,9.0,0.0,9,18,18,1.0,1.0,1.0,1
951,1.0,0,54.0,1.0,9,9,9,0,0,18,18,15.0,185.0,1,9.0,36.0,9.0,0.0,9,18,18,1.0,1.0,1.0,1
952,1.0,0,54.0,1.0,9,9,9,0,0,18,18,15.0,185.0,1,9.0,36.0,9.0,0.0,9,18,18,1.0,1.0,1.0,1
953,0.9784374720998681,2,49.839643868252566,0.9229563679306031,9,9,7,2,0,18,14,15.0,181.95034809650946,0,9.0,33.839643868252566,9.0,2.0,7,18,14,1.0,0.7777777777777778,0.7777777777777778,0
954,0.9931528544856031,1,53.52194740215624,0.9911471741140045,9,9,8,1,0,18,16,15.0,183.26704839077559,0,9.0,36.0,9.0,0.47805259784375664,9,18,18,1.0,1.0,0.8888888888888888,1
955,0.9883717949275233,1,47.109655360149276,0.8724010251879496,9,8,7,1,1,16,14,14.0,189.09624925905206,0,8.0,32.0,8.0,0.8903446398507242,8,18,16,0.8888888888888888,0.8888888888888888,0.7777777777777778,0
956,1.0,0,54.0,1.0,9,9,9,0,0,18,18,15.0,185.0,1,9.0,36.0,9.0,0.0,9,18,18,1.0,1.0,1.0,1
957,0.9859235395579817,1,51.03182075107088,0.9450337176124237,9,9,8,1,0,18,16,15.0,183.41415864162784,0,9.0,34.03182075107088,9.0,1.0,8,18,16,1.0,0.8888888888888888,0.8888888888888888,0
958,1.0,0,54.0,1.0,9,9,9,0,0,18,18,15.0,185.0,1,9.0,36.0,9.0,0.0,9,18,18,1.0,1.0,1.0,1
959,1.0,0,54.0,1.0,9,9,9,0,0,18,18,15.0,185.0,1,9.0,36.0,9.0,0.0,9,18,18,1.0,1.0,1.0,1
960,0.9934590302248247,1,51.13284987774318,0.9469046273656145,9,9,8,1,0,18,16,15.0,185.4833508270064,0,9.0,34.13284987774318,9.0,1.0,8,18,16,1.0,0.8888888888888888,0.8888888888888888,0
961,0.9946139594401424,1,49.9524707258513,0.9250457541824315,9,9,8,1,0,18,16,15.0,186.99634959290975,0,9.0,32.9524707258513,9.0,1.0,8,18,16,1.0,0.8888888888888888,0.8888888888888888,0
962,0.9944924374433565,2,48.81390326474673,0.9039611715693838,9,9,7,2,0,18,14,15.0,187.59991871893993,0,9.0,32.81390326474673,9.0,2.0,7,18,14,1.0,0.7777777777777778,0.7777777777777778,0
963,0.9880291535093202,1,52.236716149784314,0.9673465953663762,9,9,8,1,0,18,16,15.0,182.8156800608999,0,9.0,35.236716149784314,9.0,1.0,8,18,16,1.0,0.8888888888888888,0.8888888888888888,0
964,0.994810036226784,1,50.19717424307605,0.9295773007977046,9,9,8,1,0,18,16,15.0,186.8081161902378,0,9.0,33.19717424307605,9.0,1.0,8,18,16,1.0,0.8888888888888888,0.8888888888888888,0
965,0.9952489681633606,1,50.54663633701489,0.9360488210558313,9,9,8,1,0,18,16,15.0,186.58506649403293,0,9.0,33.54663633701489,9.0,1.0,8,18,16,1.0,0.8888888888888888,0.8888888888888888,0
966,1.0,0,54.0,1.0,9,9,9,0,0,18,18,15.0,185.0,1,9.0,36.0,9.0,0.0,9,18,18,1.0,1.0,1.0,1
967,0.990959154533668,1,52.75423072552657,0.9769301986208624,9,9,8,1,0,18,16,15.0,183.1420057801698,0,9.0,35.75423072552657,9.0,1.0,8,18,16,1.0,0.8888888888888888,0.8888888888888888,0
968,0.9848007634214464,2,47.22085608074433,0.8744602977915618,9,9,7,2,0,18,14,15.0,186.6098436939097,0,8.583840181445048,31.637015899299286,8.583840181445048,1.5838401814450478,7,18,14,1.0,0.7777777777777778,0.7777777777777778,0
969,1.0,0,54.0,1.0,9,9,9,0,0,18,18,15.0,185.0,1,9.0,36.0,9.0,0.0,9,18,18,1.0,1.0,1.0,1
970,0.9968827882748484,1,48.01273333224647,0.8891246913378976,9,9,8,1,0,18,16,15.0,190.08314302478664,0,8.01273333224647,32.0,8.01273333224647,0.012733332246469331,8,18,16,1.0,0.8888888888888888,0.8888888888888888,0
971,1.0,0,54.0,1.0,9,9,9,0,0,18,18,15.0,185.0,1,9.0,36.0,9.0,0.0,9,18,18,1.0,1.0,1.0,1
972,0.9881052173812022,1,53.436401895687,0.9895629980682777,9,9,8,1,0,18,16,15.0,181.85610165794276,0,9.0,36.0,9.0,0.5635981043130016,9,18,18,1.0,1.0,0.8888888888888888,1
973,1.0,0,54.0,1.0,9,9,9,0,0,18,18,15.0,185.0,1,9.0,36.0,9.0,0.0,9,18,18,1.0,1.0,1.0,1
974,0.9868004252907537,1,48.928427958684836,0.9060819992349044,9,9,8,1,0,18,16,15.0,185.80588054570978,0,8.928427958684836,32.0,8.928427958684836,0.9284279586848356,8,18,16,1.0,0.8888888888888888,0.8888888888888888,0
975,1.0,0,54.0,1.0,9,9,9,0,0,18,18,15.0,185.0,1,9.0,36.0,9.0,0.0,9,18,18,1.0,1.0,1.0,1
976,1.0,0,54.0,1.0,9,9,9,0,0,18,18,15.0,185.0,1,9.0,36.0,9.0,0.0,9,18,18,1.0,1.0,1.0,1
977,1.0,0,54.0,1.0,9,9,9,0,0,18,18,15.0,185.0,1,9.0,36.0,9.0,0.0,9,18,18,1.0,1.0,1.0,1
978,0.9938534124385091,1,53.87378066962131,0.9976626049929872,9,9,8,1,0,18,16,15.0,183.29289244747994,0,9.0,36.0,9.0,0.1262193303786887,9,18,18,1.0,1.0,0.8888888888888888,1
979,0.9914420063310898,1,48.792572255728025,0.9035661528838523,9,9,8,1,0,18,16,15.0,187.3464394397618,0,8.792572255728025,32.0,8.792572255728025,0.7925722557280253,8,18,16,1.0,0.8888888888888888,0.8888888888888888,0
980,0.9937307521153769,1,53.529098699967975,0.9912796055549625,9,9,8,1,0,18,16,15.0,183.42990725924454,0,9.0,36.0,9.0,0.47090130003202546,9,18,18,1.0,1.0,0.8888888888888888,1
981,1.0,0,54.0,1.0,9,9,9,0,0,18,18,15.0,185.0,1,9.0,36.0,9.0,0.0,9,18,18,1.0,1.0,1.0,1
982,0.9728741862766882,1,47.57753411736584,0.881065446617886,9,8,7,1,1,16,14,14.0,184.39899858900327,0,8.0,32.0,8.0,0.42246588263415674,8,18,16,0.8888888888888888,0.8888888888888888,0.7777777777777778,0
983,1.0,0,54.0,1.0,9,9,9,0,0,18,18,15.0,185.0,1,9.0,36.0,9.0,0.0,9,18,18,1.0,1.0,1.0,1
984,0.9752794117859421,2,45.99854859789261,0.8518249740350483,9,9,7,2,0,18,14,15.0,185.07597347595387,0,8.611897041009627,30.38665155688298,8.611897041009627,1.6118970410096267,7,18,14,1.0,0.7777777777777778,0.7777777777777778,0
985,1.0,0,54.0,1.0,9,9,9,0,0,18,18,15.0,185.0,1,9.0,36.0,9.0,0.0,9,18,18,1.0,1.0,1.0,1
986,0.992468847799523,2,44.799413141409815,0.8296187618779596,9,9,7,2,0,18,14,15.0,191.30342432057068,0,8.456381408564283,29.34303173284553,8.456381408564283,1.4563814085642832,7,18,14,1.0,0.7777777777777778,0.7777777777777778,0
987,0.9751862186973486,1,46.56548435448546,0.8623237843423234,9,8,7,1,1,16,14,14.0,185.7881466303509,0,8.0,31.565484354485463,8.0,1.0,7,18,14,0.8888888888888888,0.7777777777777778,0.7777777777777778,0
988,1.0,0,54.0,1.0,9,9,9,0,0,18,18,15.0,185.0,1,9.0,36.0,9.0,0.0,9,18,18,1.0,1.0,1.0,1
989,0.9952226791643665,1,49.27998605201215,0.9125923342965213,9,9,8,1,0,18,16,15.0,187.84414554732538,0,9.0,32.27998605201215,9.0,1.0,8,18,16,1.0,0.8888888888888888,0.8888888888888888,0
990,0.9964172431122376,1,53.190495648460214,0.9850091786751891,9,9,8,1,0,18,16,14.999999999999993,184.3729181920943,0,9.0,36.0,9.0,0.8095043515397862,9,18,18,1.0,1.0,0.8888888888888888,1
991,1.0,0,54.0,1.0,9,9,9,0,0,18,18,15.0,185.0,1,9.0,36.0,9.0,0.0,9,18,18,1.0,1.0,1.0,1
992,0.9978921884222652,1,52.43344682809317,0.9709897560757994,9,9,8,1,0,18,16,15.0,185.45950343751923,0,9.0,35.43344682809317,9.0,1.0,8,18,16,1.0,0.8888888888888888,0.8888888888888888,0
993,1.0,0,54.0,1.0,9,9,9,0,0,18,18,15.0,185.0,1,9.0,36.0,9.0,0.0,9,18,18,1.0,1.0,1.0,1
994,0.982989802842453,1,49.05986975198945,0.9085161065183232,9,9,8,1,0,18,16,15.0,184.541193466637,0,9.0,32.05986975198945,9.0,1.0,8,18,16,1.0,0.8888888888888888,0.8888888888888888,0
995,1.0,0,54.0,1.0,9,9,9,0,0,18,18,15.0,185.0,1,9.0,36.0,9.0,0.0,9,18,18,1.0,1.0,1.0,1
996,1.0,0,54.0,1.0,9,9,9,0,0,18,18,15.0,185.0,1,9.0,36.0,9.0,0.0,9,18,18,1.0,1.0,1.0,1
997,1.0,0,54.0,1.0,9,9,9,0,0,18,18,15.0,185.0,1,9.0,36.0,9.0,0.0,9,18,18,1.0,1.0,1.0,1
998,0.9926742915376627,1,52.890726445760286,0.979457897143709,9,9,8,1,0,18,16,15.0,183.4994695170866,0,9.0,35.890726445760286,9.0,1.0,8,18,16,1.0,0.8888888888888888,0.8888888888888888,0
999,1.0,0,54.0,1.0,9,9,9,0,0,18,18,15.0,185.0,1,9.0,36.0,9.0,0.0,9,18,18,1.0,1.0,1.0,1
1000,1.0,0,54.0,1.0,9,9,9,0,0,18,18,15.0,185.0,1,9.0,36.0,9.0,0.0,9,18,18,1.0,1.0,1.0,1
