replication,availability,failures,effective_supply_aircraft_hours,fulfillment,requested,started,completed,aborted,cancelled,aircraft_sorties,completed_aircraft_sorties,preparation_aircraft_hours,ready_aircraft_hours,all_completed,out_aircraft_hours,on_station_aircraft_hours,return_aircraft_hours,abort_return_aircraft_hours,successful,requested_aircraft_sorties,successful_aircraft_sorties,started_rate,success_rate,completion_rate,all_successful
1,1.0,0,36.0,0.6666666666666666,9,6,6,0,3,12,12,9.0,82.0,0,6.0,24.0,6.0,0.0,6,18,12,0.6666666666666666,0.6666666666666666,0.6666666666666666,0
2,1.0,0,36.0,0.6666666666666666,9,6,6,0,3,12,12,9.0,82.0,0,6.0,24.0,6.0,0.0,6,18,12,0.6666666666666666,0.6666666666666666,0.6666666666666666,0
3,0.9775384281779055,1,32.08210362423401,0.5941130300784075,9,6,5,1,3,12,10,9.0,82.18343003338438,0,6.0,21.08210362423401,6.0,1.0,5,18,10,0.6666666666666666,0.5555555555555556,0.5555555555555556,0
4,1.0,0,36.0,0.6666666666666666,9,6,6,0,3,12,12,9.0,82.0,0,6.0,24.0,6.0,0.0,6,18,12,0.6666666666666666,0.6666666666666666,0.6666666666666666,0
5,0.9930841725293972,1,34.35264777662344,0.6361601440115452,9,6,5,1,3,12,10,9.0,82.15147306760976,0,6.0,23.352647776623442,6.0,1.0,5,18,10,0.6666666666666666,0.5555555555555556,0.5555555555555556,0
6,0.9680921511299958,2,26.742983698217472,0.4952404388558791,9,5,3,2,4,10,6,8.0,86.66228606450191,0,5.0,18.742983698217472,5.0,2.0,3,18,6,0.5555555555555556,0.3333333333333333,0.3333333333333333,0
7,1.0,0,36.0,0.6666666666666666,9,6,6,0,3,12,12,9.0,82.0,0,6.0,24.0,6.0,0.0,6,18,12,0.6666666666666666,0.6666666666666666,0.6666666666666666,0
8,0.9779521647864272,1,32.14856656433591,0.5953438252654798,9,6,5,1,3,12,10,9.0,82.17654516490963,0,6.0,21.14856656433591,6.0,1.0,5,18,10,0.6666666666666666,0.5555555555555556,0.5555555555555556,0
9,1.0,0,36.0,0.6666666666666666,9,6,6,0,3,12,12,9.0,82.0,0,6.0,24.0,6.0,0.0,6,18,12,0.6666666666666666,0.6666666666666666,0.6666666666666666,0
10,1.0,0,36.0,0.6666666666666666,9,6,6,0,3,12,12,9.0,82.0,0,6.0,24.0,6.0,0.0,6,18,12,0.6666666666666666,0.6666666666666666,0.6666666666666666,0
11,1.0,0,36.0,0.6666666666666666,9,6,6,0,3,12,12,9.0,82.0,0,6.0,24.0,6.0,0.0,6,18,12,0.6666666666666666,0.6666666666666666,0.6666666666666666,0
12,0.9773506267654033,1,28.68584283876463,0.5312193118289746,9,5,4,1,4,10,8,8.0,86.55264741545344,0,5.0,19.68584283876463,5.0,1.0,4,18,8,0.5555555555555556,0.4444444444444444,0.4444444444444444,0
13,1.0,0,36.0,0.6666666666666666,9,6,6,0,3,12,12,9.0,82.0,0,6.0,24.0,6.0,0.0,6,18,12,0.6666666666666666,0.6666666666666666,0.6666666666666666,0
14,1.0,0,36.0,0.6666666666666666,9,6,6,0,3,12,12,9.0,82.0,0,6.0,24.0,6.0,0.0,6,18,12,0.6666666666666666,0.6666666666666666,0.6666666666666666,0
15,1.0,0,36.0,0.6666666666666666,9,6,6,0,3,12,12,9.0,82.0,0,6.0,24.0,6.0,0.0,6,18,12,0.6666666666666666,0.6666666666666666,0.6666666666666666,0
16,1.0,0,36.0,0.6666666666666666,9,6,6,0,3,12,12,9.0,82.0,0,6.0,24.0,6.0,0.0,6,18,12,0.6666666666666666,0.6666666666666666,0.6666666666666666,0
17,1.0,0,36.0,0.6666666666666666,9,6,6,0,3,12,12,9.0,82.0,0,6.0,24.0,6.0,0.0,6,18,12,0.6666666666666666,0.6666666666666666,0.6666666666666666,0
18,1.0,0,36.0,0.6666666666666666,9,6,6,0,3,12,12,9.0,82.0,0,6.0,24.0,6.0,0.0,6,18,12,0.6666666666666666,0.6666666666666666,0.6666666666666666,0
19,1.0,0,36.0,0.6666666666666666,9,6,6,0,3,12,12,9.0,82.0,0,6.0,24.0,6.0,0.0,6,18,12,0.6666666666666666,0.6666666666666666,0.6666666666666666,0
20,1.0,0,36.0,0.6666666666666666,9,6,6,0,3,12,12,9.0,82.0,0,6.0,24.0,6.0,0.0,6,18,12,0.6666666666666666,0.6666666666666666,0.6666666666666666,0
21,1.0,0,36.0,0.6666666666666666,9,6,6,0,3,12,12,9.0,82.0,0,6.0,24.0,6.0,0.0,6,18,12,0.6666666666666666,0.6666666666666666,0.6666666666666666,0
22,1.0,0,36.0,0.6666666666666666,9,6,6,0,3,12,12,9.0,82.0,0,6.0,24.0,6.0,0.0,6,18,12,0.6666666666666666,0.6666666666666666,0.6666666666666666,0
23,1.0,0,36.0,0.6666666666666666,9,6,6,0,3,12,12,9.0,82.0,0,6.0,24.0,6.0,0.0,6,18,12,0.6666666666666666,0.6666666666666666,0.6666666666666666,0
24,0.9915364971639973,1,35.49938302528861,0.6573959819497891,9,6,5,1,3,12,10,9.0,81.03156407897131,0,6.0,24.0,6.0,0.5006169747113915,6,18,12,0.6666666666666666,0.6666666666666666,0.5555555555555556,0
25,1.0,0,36.0,0.6666666666666666,9,6,6,0,3,12,12,9.0,82.0,0,6.0,24.0,6.0,0.0,6,18,12,0.6666666666666666,0.6666666666666666,0.6666666666666666,0
26,0.9686391625294978,1,27.013609622351638,0.5002520300435488,9,5,4,1,4,10,8,8.0,86.97042978189604,0,5.0,18.013609622351638,5.0,1.0,4,18,8,0.5555555555555556,0.4444444444444444,0.4444444444444444,0
27,0.9890665557206526,1,33.156043690522125,0.6140008090837431,9,6,5,1,3,12,10,9.0,82.76954033325184,0,6.0,22.156043690522125,6.0,1.0,5,18,10,0.6666666666666666,0.5555555555555556,0.5555555555555556,0
28,1.0,0,36.0,0.6666666666666666,9,6,6,0,3,12,12,9.0,82.0,0,6.0,24.0,6.0,0.0,6,18,12,0.6666666666666666,0.6666666666666666,0.6666666666666666,0
29,0.9951994860955689,1,35.92500341858319,0.6652778410848739,9,6,5,1,3,12,10,9.0,81.34622428847032,0,6.0,24.0,6.0,0.07499658141681209,6,18,12,0.6666666666666666,0.6666666666666666,0.5555555555555556,0
30,1.0,0,36.0,0.6666666666666666,9,6,6,0,3,12,12,9.0,82.0,0,6.0,24.0,6.0,0.0,6,18,12,0.6666666666666666,0.6666666666666666,0.6666666666666666,0
31,0.9770544051105742,1,35.311977749963646,0.6539255138882156,9,6,5,1,3,12,10,9.0,79.03984546094085,0,6.0,24.0,6.0,0.6880222500363544,6,18,12,0.6666666666666666,0.6666666666666666,0.5555555555555556,0
32,1.0,0,36.0,0.6666666666666666,9,6,6,0,3,12,12,9.0,82.0,0,6.0,24.0,6.0,0.0,6,18,12,0.6666666666666666,0.6666666666666666,0.6666666666666666,0
33,1.0,0,36.0,0.6666666666666666,9,6,6,0,3,12,12,9.0,82.0,0,6.0,24.0,6.0,0.0,6,18,12,0.6666666666666666,0.6666666666666666,0.6666666666666666,0
34,1.0,0,36.0,0.6666666666666666,9,6,6,0,3,12,12,9.0,82.0,0,6.0,24.0,6.0,0.0,6,18,12,0.6666666666666666,0.6666666666666666,0.6666666666666666,0
35,1.0,0,36.0,0.6666666666666666,9,6,6,0,3,12,12,9.0,82.0,0,6.0,24.0,6.0,0.0,6,18,12,0.6666666666666666,0.6666666666666666,0.6666666666666666,0
36,1.0,0,36.0,0.6666666666666666,9,6,6,0,3,12,12,9.0,82.0,0,6.0,24.0,6.0,0.0,6,18,12,0.6666666666666666,0.6666666666666666,0.6666666666666666,0
37,1.0,0,36.0,0.6666666666666666,9,6,6,0,3,12,12,9.0,82.0,0,6.0,24.0,6.0,0.0,6,18,12,0.6666666666666666,0.6666666666666666,0.6666666666666666,0
38,0.9880810977106754,1,31.44395284194013,0.5822954229988914,9,6,5,1,3,12,10,9.0,84.33972522839714,0,6.0,20.44395284194013,6.0,1.0,5,18,10,0.6666666666666666,0.5555555555555556,0.5555555555555556,0
39,1.0,0,36.0,0.6666666666666666,9,6,6,0,3,12,12,9.0,82.0,0,6.0,24.0,6.0,0.0,6,18,12,0.6666666666666666,0.6666666666666666,0.6666666666666666,0
40,1.0,0,36.0,0.6666666666666666,9,6,6,0,3,12,12,9.0,82.0,0,6.0,24.0,6.0,0.0,6,18,12,0.6666666666666666,0.6666666666666666,0.6666666666666666,0
41,0.9601571146480153,2,31.697472604775626,0.5869902334217708,9,6,4,2,3,12,8,9.0,79.56515190453857,0,6.0,21.697472604775626,6.0,2.0,4,18,8,0.6666666666666666,0.4444444444444444,0.4444444444444444,0
42,1.0,0,36.0,0.6666666666666666,9,6,6,0,3,12,12,9.0,82.0,0,6.0,24.0,6.0,0.0,6,18,12,0.6666666666666666,0.6666666666666666,0.6666666666666666,0
43,0.970865003147149,2,29.623827137191682,0.5485893914294756,9,6,4,2,3,12,8,9.0,83.18073331599777,0,6.0,19.623827137191682,6.0,2.0,4,18,8,0.6666666666666666,0.4444444444444444,0.4444444444444444,0
44,1.0,0,36.0,0.6666666666666666,9,6,6,0,3,12,12,9.0,82.0,0,6.0,24.0,6.0,0.0,6,18,12,0.6666666666666666,0.6666666666666666,0.6666666666666666,0
45,1.0,0,36.0,0.6666666666666666,9,6,6,0,3,12,12,9.0,82.0,0,6.0,24.0,6.0,0.0,6,18,12,0.6666666666666666,0.6666666666666666,0.6666666666666666,0
46,1.0,0,36.0,0.6666666666666666,9,6,6,0,3,12,12,9.0,82.0,0,6.0,24.0,6.0,0.0,6,18,12,0.6666666666666666,0.6666666666666666,0.6666666666666666,0
47,1.0,0,36.0,0.6666666666666666,9,6,6,0,3,12,12,9.0,82.0,0,6.0,24.0,6.0,0.0,6,18,12,0.6666666666666666,0.6666666666666666,0.6666666666666666,0
48,1.0,0,36.0,0.6666666666666666,9,6,6,0,3,12,12,9.0,82.0,0,6.0,24.0,6.0,0.0,6,18,12,0.6666666666666666,0.6666666666666666,0.6666666666666666,0
49,1.0,0,36.0,0.6666666666666666,9,6,6,0,3,12,12,9.0,82.0,0,6.0,24.0,6.0,0.0,6,18,12,0.6666666666666666,0.6666666666666666,0.6666666666666666,0
50,1.0,0,36.0,0.6666666666666666,9,6,6,0,3,12,12,9.0,82.0,0,6.0,24.0,6.0,0.0,6,18,12,0.6666666666666666,0.6666666666666666,0.6666666666666666,0
51,0.9838647943072822,1,30.86660553145792,0.5716038061381097,9,6,5,1,3,12,10,9.0,84.37662208306176,0,5.866605531457921,20.0,5.866605531457921,0.8666055314579211,5,18,10,0.6666666666666666,0.5555555555555556,0.5555555555555556,0
52,1.0,0,36.0,0.6666666666666666,9,6,6,0,3,12,12,9.0,82.0,0,6.0,24.0,6.0,0.0,6,18,12,0.6666666666666666,0.6666666666666666,0.6666666666666666,0
53,1.0,0,36.0,0.6666666666666666,9,6,6,0,3,12,12,9.0,82.0,0,6.0,24.0,6.0,0.0,6,18,12,0.6666666666666666,0.6666666666666666,0.6666666666666666,0
54,1.0,0,36.0,0.6666666666666666,9,6,6,0,3,12,12,9.0,82.0,0,6.0,24.0,6.0,0.0,6,18,12,0.6666666666666666,0.6666666666666666,0.6666666666666666,0
55,0.9870810290698638,2,35.18075343501616,0.6514954339817807,9,6,4,2,3,12,8,9.0,80.54929146855231,0,6.0,24.0,6.0,0.8192465649838425,6,18,12,0.6666666666666666,0.6666666666666666,0.4444444444444444,0
56,0.9941769913573051,1,31.93560447726979,0.5914000829124035,9,6,5,1,3,12,10,9.0,84.72588227818214,0,6.0,20.93560447726979,6.0,1.0,5,18,10,0.6666666666666666,0.5555555555555556,0.5555555555555556,0
57,1.0,0,36.0,0.6666666666666666,9,6,6,0,3,12,12,9.0,82.0,0,6.0,24.0,6.0,0.0,6,18,12,0.6666666666666666,0.6666666666666666,0.6666666666666666,0
58,1.0,0,36.0,0.6666666666666666,9,6,6,0,3,12,12,9.0,82.0,0,6.0,24.0,6.0,0.0,6,18,12,0.6666666666666666,0.6666666666666666,0.6666666666666666,0
59,1.0,0,36.0,0.6666666666666666,9,6,6,0,3,12,12,9.0,82.0,0,6.0,24.0,6.0,0.0,6,18,12,0.6666666666666666,0.6666666666666666,0.6666666666666666,0
60,1.0,0,36.0,0.6666666666666666,9,6,6,0,3,12,12,9.0,82.0,0,6.0,24.0,6.0,0.0,6,18,12,0.6666666666666666,0.6666666666666666,0.6666666666666666,0
61,1.0,0,36.0,0.6666666666666666,9,6,6,0,3,12,12,9.0,82.0,0,6.0,24.0,6.0,0.0,6,18,12,0.6666666666666666,0.6666666666666666,0.6666666666666666,0
62,0.9944443769085041,1,30.118118369781513,0.5577429327737318,9,6,5,1,3,12,10,9.0,87.0228127201523,0,5.118118369781513,20.0,5.118118369781513,0.11811836978151291,5,18,10,0.6666666666666666,0.5555555555555556,0.5555555555555556,0
63,1.0,0,36.0,0.6666666666666666,9,6,6,0,3,12,12,9.0,82.0,0,6.0,24.0,6.0,0.0,6,18,12,0.6666666666666666,0.6666666666666666,0.6666666666666666,0
64,1.0,0,36.0,0.6666666666666666,9,6,6,0,3,12,12,9.0,82.0,0,6.0,24.0,6.0,0.0,6,18,12,0.6666666666666666,0.6666666666666666,0.6666666666666666,0
65,0.9940198391973318,1,30.538114554365904,0.5655206398956649,9,6,5,1,3,12,10,9.0,86.33168501286693,0,5.5381145543659045,20.0,5.5381145543659045,0.5381145543659045,5,18,10,0.6666666666666666,0.5555555555555556,0.5555555555555556,0
66,1.0,0,36.0,0.6666666666666666,9,6,6,0,3,12,12,9.0,82.0,0,6.0,24.0,6.0,0.0,6,18,12,0.6666666666666666,0.6666666666666666,0.6666666666666666,0
67,1.0,0,36.0,0.6666666666666666,9,6,6,0,3,12,12,9.0,82.0,0,6.0,24.0,6.0,0.0,6,18,12,0.6666666666666666,0.6666666666666666,0.6666666666666666,0
68,1.0,0,36.0,0.6666666666666666,9,6,6,0,3,12,12,9.0,82.0,0,6.0,24.0,6.0,0.0,6,18,12,0.6666666666666666,0.6666666666666666,0.6666666666666666,0
69,0.9902454082056487,1,34.35702092408877,0.6362411282238661,9,6,5,1,3,12,10,9.0,81.73831785752465,0,6.0,23.357020924088772,6.0,1.0,5,18,10,0.6666666666666666,0.5555555555555556,0.5555555555555556,0
70,1.0,0,36.0,0.6666666666666666,9,6,6,0,3,12,12,9.0,82.0,0,6.0,24.0,6.0,0.0,6,18,12,0.6666666666666666,0.6666666666666666,0.6666666666666666,0
71,1.0,0,36.0,0.6666666666666666,9,6,6,0,3,12,12,9.0,82.0,0,6.0,24.0,6.0,0.0,6,18,12,0.6666666666666666,0.6666666666666666,0.6666666666666666,0
72,0.997593452571433,1,30.46693300790489,0.5642024631093497,9,6,5,1,3,12,10,9.0,86.95305765842899,0,5.466933007904888,20.0,5.466933007904888,0.46693300790488834,5,18,10,0.6666666666666666,0.5555555555555556,0.5555555555555556,0
73,1.0,0,36.0,0.6666666666666666,9,6,6,0,3,12,12,9.0,82.0,0,6.0,24.0,6.0,0.0,6,18,12,0.6666666666666666,0.6666666666666666,0.6666666666666666,0
74,1.0,0,36.0,0.6666666666666666,9,6,6,0,3,12,12,9.0,82.0,0,6.0,24.0,6.0,0.0,6,18,12,0.6666666666666666,0.6666666666666666,0.6666666666666666,0
75,1.0,0,36.0,0.6666666666666666,9,6,6,0,3,12,12,9.0,82.0,0,6.0,24.0,6.0,0.0,6,18,12,0.6666666666666666,0.6666666666666666,0.6666666666666666,0
76,1.0,0,36.0,0.6666666666666666,9,6,6,0,3,12,12,9.0,82.0,0,6.0,24.0,6.0,0.0,6,18,12,0.6666666666666666,0.6666666666666666,0.6666666666666666,0
77,1.0,0,36.0,0.6666666666666666,9,6,6,0,3,12,12,9.0,82.0,0,6.0,24.0,6.0,0.0,6,18,12,0.6666666666666666,0.6666666666666666,0.6666666666666666,0
78,1.0,0,36.0,0.6666666666666666,9,6,6,0,3,12,12,9.0,82.0,0,6.0,24.0,6.0,0.0,6,18,12,0.6666666666666666,0.6666666666666666,0.6666666666666666,0
79,1.0,0,36.0,0.6666666666666666,9,6,6,0,3,12,12,9.0,82.0,0,6.0,24.0,6.0,0.0,6,18,12,0.6666666666666666,0.6666666666666666,0.6666666666666666,0
80,0.9946503866819855,1,31.771564381764424,0.5883623033660078,9,6,5,1,3,12,10,9.0,84.95809130044148,0,6.0,20.771564381764424,6.0,1.0,5,18,10,0.6666666666666666,0.5555555555555556,0.5555555555555556,0
81,1.0,0,36.0,0.6666666666666666,9,6,6,0,3,12,12,9.0,82.0,0,6.0,24.0,6.0,0.0,6,18,12,0.6666666666666666,0.6666666666666666,0.6666666666666666,0
82,1.0,0,36.0,0.6666666666666666,9,6,6,0,3,12,12,9.0,82.0,0,6.0,24.0,6.0,0.0,6,18,12,0.6666666666666666,0.6666666666666666,0.6666666666666666,0
83,1.0,0,36.0,0.6666666666666666,9,6,6,0,3,12,12,9.0,82.0,0,6.0,24.0,6.0,0.0,6,18,12,0.6666666666666666,0.6666666666666666,0.6666666666666666,0
84,0.9736746920829776,1,33.43190351616816,0.6191093243734845,9,6,5,1,3,12,10,9.0,80.27725214378061,0,6.0,22.431903516168163,6.0,1.0,5,18,10,0.6666666666666666,0.5555555555555556,0.5555555555555556,0
85,1.0,0,36.0,0.6666666666666666,9,6,6,0,3,12,12,9.0,82.0,0,6.0,24.0,6.0,0.0,6,18,12,0.6666666666666666,0.6666666666666666,0.6666666666666666,0
86,1.0,0,36.0,0.6666666666666666,9,6,6,0,3,12,12,9.0,82.0,0,6.0,24.0,6.0,0.0,6,18,12,0.6666666666666666,0.6666666666666666,0.6666666666666666,0
87,1.0,0,36.0,0.6666666666666666,9,6,6,0,3,12,12,9.0,82.0,0,6.0,24.0,6.0,0.0,6,18,12,0.6666666666666666,0.6666666666666666,0.6666666666666666,0
88,1.0,0,36.0,0.6666666666666666,9,6,6,0,3,12,12,9.0,82.0,0,6.0,24.0,6.0,0.0,6,18,12,0.6666666666666666,0.6666666666666666,0.6666666666666666,0
89,0.9890870103026219,1,32.100658090769,0.594456631310537,9,6,5,1,3,12,10,9.0,83.82787139280855,0,6.0,21.100658090769002,6.0,1.0,5,18,10,0.6666666666666666,0.5555555555555556,0.5555555555555556,0
90,1.0,0,36.0,0.6666666666666666,9,6,6,0,3,12,12,9.0,82.0,0,6.0,24.0,6.0,0.0,6,18,12,0.6666666666666666,0.6666666666666666,0.6666666666666666,0
91,1.0,0,36.0,0.6666666666666666,9,6,6,0,3,12,12,9.0,82.0,0,6.0,24.0,6.0,0.0,6,18,12,0.6666666666666666,0.6666666666666666,0.6666666666666666,0
92,1.0,0,36.0,0.6666666666666666,9,6,6,0,3,12,12,9.0,82.0,0,6.0,24.0,6.0,0.0,6,18,12,0.6666666666666666,0.6666666666666666,0.6666666666666666,0
93,1.0,0,36.0,0.6666666666666666,9,6,6,0,3,12,12,9.0,82.0,0,6.0,24.0,6.0,0.0,6,18,12,0.6666666666666666,0.6666666666666666,0.6666666666666666,0
94,0.9895247888578389,1,34.79522074449369,0.6443559397128461,9,6,5,1,3,12,10,9.0,81.19634885103511,0,6.0,23.79522074449369,6.0,1.0,5,18,10,0.6666666666666666,0.5555555555555556,0.5555555555555556,0
95,0.982489300502276,1,35.3026460405072,0.653752704453837,9,6,5,1,3,12,10,9.0,79.82713625207414,0,6.0,24.0,6.0,0.6973539594928049,6,18,12,0.6666666666666666,0.6666666666666666,0.5555555555555556,0
96,1.0,0,36.0,0.6666666666666666,9,6,6,0,3,12,12,9.0,82.0,0,6.0,24.0,6.0,0.0,6,18,12,0.6666666666666666,0.6666666666666666,0.6666666666666666,0
97,1.0,0,36.0,0.6666666666666666,9,6,6,0,3,12,12,9.0,82.0,0,6.0,24.0,6.0,0.0,6,18,12,0.6666666666666666,0.6666666666666666,0.6666666666666666,0
98,1.0,0,36.0,0.6666666666666666,9,6,6,0,3,12,12,9.0,82.0,0,6.0,24.0,6.0,0.0,6,18,12,0.6666666666666666,0.6666666666666666,0.6666666666666666,0
99,1.0,0,36.0,0.6666666666666666,9,6,6,0,3,12,12,9.0,82.0,0,6.0,24.0,6.0,0.0,6,18,12,0.6666666666666666,0.6666666666666666,0.6666666666666666,0
100,0.9846579820359282,2,26.64610051926532,0.49344630591232075,9,6,4,2,3,12,8,9.0,88.43402537096063,0,5.421247045895441,17.22485347336988,5.421247045895441,1.4212470458954414,4,18,8,0.6666666666666666,0.4444444444444444,0.4444444444444444,0
101,1.0,0,36.0,0.6666666666666666,9,6,6,0,3,12,12,9.0,82.0,0,6.0,24.0,6.0,0.0,6,18,12,0.6666666666666666,0.6666666666666666,0.6666666666666666,0
102,1.0,0,36.0,0.6666666666666666,9,6,6,0,3,12,12,9.0,82.0,0,6.0,24.0,6.0,0.0,6,18,12,0.6666666666666666,0.6666666666666666,0.6666666666666666,0
103,0.9811865442312507,1,31.14789279617267,0.5768128295587531,9,6,5,1,3,12,10,9.0,83.64296957312743,0,6.0,20.14789279617267,6.0,1.0,5,18,10,0.6666666666666666,0.5555555555555556,0.5555555555555556,0
104,1.0,0,36.0,0.6666666666666666,9,6,6,0,3,12,12,9.0,82.0,0,6.0,24.0,6.0,0.0,6,18,12,0.6666666666666666,0.6666666666666666,0.6666666666666666,0
105,1.0,0,36.0,0.6666666666666666,9,6,6,0,3,12,12,9.0,82.0,0,6.0,24.0,6.0,0.0,6,18,12,0.6666666666666666,0.6666666666666666,0.6666666666666666,0
106,1.0,0,36.0,0.6666666666666666,9,6,6,0,3,12,12,9.0,82.0,0,6.0,24.0,6.0,0.0,6,18,12,0.6666666666666666,0.6666666666666666,0.6666666666666666,0
107,1.0,0,36.0,0.6666666666666666,9,6,6,0,3,12,12,9.0,82.0,0,6.0,24.0,6.0,0.0,6,18,12,0.6666666666666666,0.6666666666666666,0.6666666666666666,0
108,1.0,0,36.0,0.6666666666666666,9,6,6,0,3,12,12,9.0,82.0,0,6.0,24.0,6.0,0.0,6,18,12,0.6666666666666666,0.6666666666666666,0.6666666666666666,0
109,1.0,0,36.0,0.6666666666666666,9,6,6,0,3,12,12,9.0,82.0,0,6.0,24.0,6.0,0.0,6,18,12,0.6666666666666666,0.6666666666666666,0.6666666666666666,0
110,1.0,0,36.0,0.6666666666666666,9,6,6,0,3,12,12,9.0,82.0,0,6.0,24.0,6.0,0.0,6,18,12,0.6666666666666666,0.6666666666666666,0.6666666666666666,0
111,0.9261620404741393,2,30.789493764334694,0.5701758104506425,9,6,4,2,3,12,8,8.5,76.31861053291698,0,6.0,20.3079528263835,6.0,1.5184590620488052,5,18,10,0.6666666666666666,0.5555555555555556,0.4444444444444444,0
112,0.9802005976933954,1,34.379660832569705,0.6366603857883278,9,6,5,1,3,12,10,9.0,80.26922523527924,0,6.0,23.379660832569705,6.0,1.0,5,18,10,0.6666666666666666,0.5555555555555556,0.5555555555555556,0
113,1.0,0,36.0,0.6666666666666666,9,6,6,0,3,12,12,9.0,82.0,0,6.0,24.0,6.0,0.0,6,18,12,0.6666666666666666,0.6666666666666666,0.6666666666666666,0
114,1.0,0,36.0,0.6666666666666666,9,6,6,0,3,12,12,9.0,82.0,0,6.0,24.0,6.0,0.0,6,18,12,0.6666666666666666,0.6666666666666666,0.6666666666666666,0
115,0.9956036302537437,1,30.181960397272732,0.5589251925420876,9,6,5,1,3,12,10,9.0,87.09398216062999,0,5.181960397272732,20.0,5.181960397272732,0.18196039727273217,5,18,10,0.6666666666666666,0.5555555555555556,0.5555555555555556,0
116,1.0,0,36.0,0.6666666666666666,9,6,6,0,3,12,12,9.0,82.0,0,6.0,24.0,6.0,0.0,6,18,12,0.6666666666666666,0.6666666666666666,0.6666666666666666,0
117,1.0,0,36.0,0.6666666666666666,9,6,6,0,3,12,12,9.0,82.0,0,6.0,24.0,6.0,0.0,6,18,12,0.6666666666666666,0.6666666666666666,0.6666666666666666,0
118,0.9941004112150185,1,35.352636530218916,0.6546784542633133,9,6,5,1,3,12,10,9.0,81.47414094985321,0,6.0,24.0,6.0,0.6473634697810837,6,18,12,0.6666666666666666,0.6666666666666666,0.5555555555555556,0
119,1.0,0,36.0,0.6666666666666666,9,6,6,0,3,12,12,9.0,82.0,0,6.0,24.0,6.0,0.0,6,18,12,0.6666666666666666,0.6666666666666666,0.6666666666666666,0
120,1.0,0,36.0,0.6666666666666666,9,6,6,0,3,12,12,9.0,82.0,0,6.0,24.0,6.0,0.0,6,18,12,0.6666666666666666,0.6666666666666666,0.6666666666666666,0
121,1.0,0,36.0,0.6666666666666666,9,6,6,0,3,12,12,9.0,82.0,0,6.0,24.0,6.0,0.0,6,18,12,0.6666666666666666,0.6666666666666666,0.6666666666666666,0
122,1.0,0,36.0,0.6666666666666666,9,6,6,0,3,12,12,9.0,82.0,0,6.0,24.0,6.0,0.0,6,18,12,0.6666666666666666,0.6666666666666666,0.6666666666666666,0
123,1.0,0,36.0,0.6666666666666666,9,6,6,0,3,12,12,9.0,82.0,0,6.0,24.0,6.0,0.0,6,18,12,0.6666666666666666,0.6666666666666666,0.6666666666666666,0
124,1.0,0,36.0,0.6666666666666666,9,6,6,0,3,12,12,9.0,82.0,0,6.0,24.0,6.0,0.0,6,18,12,0.6666666666666666,0.6666666666666666,0.6666666666666666,0
125,0.9801608331361312,1,35.10564523511658,0.6501045413910478,9,6,5,1,3,12,10,9.0,79.5903373540446,0,6.0,24.0,6.0,0.8943547648834169,6,18,12,0.6666666666666666,0.6666666666666666,0.5555555555555556,0
126,0.9903732031956048,1,30.14840651199647,0.5583038242962309,9,6,5,1,3,12,10,9.0,86.39113149217239,0,5.14840651199647,20.0,5.14840651199647,0.1484065119964697,5,18,10,0.6666666666666666,0.5555555555555556,0.5555555555555556,0
127,1.0,0,36.0,0.6666666666666666,9,6,6,0,3,12,12,9.0,82.0,0,6.0,24.0,6.0,0.0,6,18,12,0.6666666666666666,0.6666666666666666,0.6666666666666666,0
128,1.0,0,36.0,0.6666666666666666,9,6,6,0,3,12,12,9.0,82.0,0,6.0,24.0,6.0,0.0,6,18,12,0.6666666666666666,0.6666666666666666,0.6666666666666666,0
129,0.9919122277243427,1,31.180907662764085,0.5774242159771127,9,6,5,1,3,12,10,9.0,85.15445312954125,0,6.0,20.180907662764085,6.0,1.0,5,18,10,0.6666666666666666,0.5555555555555556,0.5555555555555556,0
130,1.0,0,36.0,0.6666666666666666,9,6,6,0,3,12,12,9.0,82.0,0,6.0,24.0,6.0,0.0,6,18,12,0.6666666666666666,0.6666666666666666,0.6666666666666666,0
131,0.9887101227297705,1,32.61745168784758,0.6040268831082884,9,6,5,1,3,12,10,9.0,83.25680598523937,0,6.0,21.617451687847577,6.0,1.0,5,18,10,0.6666666666666666,0.5555555555555556,0.5555555555555556,0
132,0.9895613847210334,1,32.56024199016062,0.6029674442622337,9,6,5,1,3,12,10,9.0,83.4365974096682,0,6.0,21.56024199016062,6.0,1.0,5,18,10,0.6666666666666666,0.5555555555555556,0.5555555555555556,0
133,0.9929819639139872,1,32.811035597839236,0.6076117703303562,9,6,5,1,3,12,10,9.0,83.67836720577492,0,6.0,21.811035597839236,6.0,1.0,5,18,10,0.6666666666666666,0.5555555555555556,0.5555555555555556,0
134,1.0,0,36.0,0.6666666666666666,9,6,6,0,3,12,12,9.0,82.0,0,6.0,24.0,6.0,0.0,6,18,12,0.6666666666666666,0.6666666666666666,0.6666666666666666,0
135,1.0,0,36.0,0.6666666666666666,9,6,6,0,3,12,12,9.0,82.0,0,6.0,24.0,6.0,0.0,6,18,12,0.6666666666666666,0.6666666666666666,0.6666666666666666,0
136,1.0,0,36.0,0.6666666666666666,9,6,6,0,3,12,12,9.0,82.0,0,6.0,24.0,6.0,0.0,6,18,12,0.6666666666666666,0.6666666666666666,0.6666666666666666,0
137,1.0,0,36.0,0.6666666666666666,9,6,6,0,3,12,12,9.0,82.0,0,6.0,24.0,6.0,0.0,6,18,12,0.6666666666666666,0.6666666666666666,0.6666666666666666,0
138,0.985977057768861,1,31.76809868290303,0.5882981237574635,9,6,5,1,3,12,10,9.0,83.71259763581295,0,6.0,20.76809868290303,6.0,1.0,5,18,10,0.6666666666666666,0.5555555555555556,0.5555555555555556,0
139,0.9919250878110135,1,32.78267758113154,0.6070866218728063,9,6,5,1,3,12,10,9.0,83.5545350636544,0,6.0,21.782677581131537,6.0,1.0,5,18,10,0.6666666666666666,0.5555555555555556,0.5555555555555556,0
140,0.9931551615294487,1,31.84685679427399,0.5897566073013701,9,6,5,1,3,12,10,9.0,84.66748646596662,0,6.0,20.84685679427399,6.0,1.0,5,18,10,0.6666666666666666,0.5555555555555556,0.5555555555555556,0
141,1.0,0,36.0,0.6666666666666666,9,6,6,0,3,12,12,9.0,82.0,0,6.0,24.0,6.0,0.0,6,18,12,0.6666666666666666,0.6666666666666666,0.6666666666666666,0
142,0.9831797717461337,1,31.554594902606922,0.5843443500482763,9,6,5,1,3,12,10,9.0,83.52329222883633,0,6.0,20.554594902606922,6.0,1.0,5,18,10,0.6666666666666666,0.5555555555555556,0.5555555555555556,0
143,0.9944531260998623,1,32.49814040283905,0.6018174148673898,9,6,5,1,3,12,10,9.0,84.20310975554112,0,6.0,21.49814040283905,6.0,1.0,5,18,10,0.6666666666666666,0.5555555555555556,0.5555555555555556,0
144,1.0,0,36.0,0.6666666666666666,9,6,6,0,3,12,12,9.0,82.0,0,6.0,24.0,6.0,0.0,6,18,12,0.6666666666666666,0.6666666666666666,0.6666666666666666,0
145,1.0,0,36.0,0.6666666666666666,9,6,6,0,3,12,12,9.0,82.0,0,6.0,24.0,6.0,0.0,6,18,12,0.6666666666666666,0.6666666666666666,0.6666666666666666,0
146,1.0,0,36.0,0.6666666666666666,9,6,6,0,3,12,12,9.0,82.0,0,6.0,24.0,6.0,0.0,6,18,12,0.6666666666666666,0.6666666666666666,0.6666666666666666,0
147,1.0,0,36.0,0.6666666666666666,9,6,6,0,3,12,12,9.0,82.0,0,6.0,24.0,6.0,0.0,6,18,12,0.6666666666666666,0.6666666666666666,0.6666666666666666,0
148,0.9886050473198296,1,34.286069828797906,0.634927219051813,9,6,5,1,3,12,10,9.0,81.57305698525757,0,6.0,23.286069828797906,6.0,1.0,5,18,10,0.6666666666666666,0.5555555555555556,0.5555555555555556,0
149,1.0,0,36.0,0.6666666666666666,9,6,6,0,3,12,12,9.0,82.0,0,6.0,24.0,6.0,0.0,6,18,12,0.6666666666666666,0.6666666666666666,0.6666666666666666,0
150,0.9849832712400697,1,32.21645226958802,0.5966009679553337,9,6,5,1,3,12,10,9.0,83.12113878898202,0,6.0,21.216452269588014,6.0,1.0,5,18,10,0.6666666666666666,0.5555555555555556,0.5555555555555556,0
151,1.0,0,36.0,0.6666666666666666,9,6,6,0,3,12,12,9.0,82.0,0,6.0,24.0,6.0,0.0,6,18,12,0.6666666666666666,0.6666666666666666,0.6666666666666666,0
152,0.9804399010127612,2,28.710056167704252,0.531667706809338,9,6,4,2,3,12,8,9.0,85.73444450846698,0,5.477690139332779,19.232366028371473,5.477690139332779,1.477690139332779,4,18,8,0.6666666666666666,0.4444444444444444,0.4444444444444444,0
153,1.0,0,36.0,0.6666666666666666,9,6,6,0,3,12,12,9.0,82.0,0,6.0,24.0,6.0,0.0,6,18,12,0.6666666666666666,0.6666666666666666,0.6666666666666666,0
154,1.0,0,36.0,0.6666666666666666,9,6,6,0,3,12,12,9.0,82.0,0,6.0,24.0,6.0,0.0,6,18,12,0.6666666666666666,0.6666666666666666,0.6666666666666666,0
155,1.0,0,36.0,0.6666666666666666,9,6,6,0,3,12,12,9.0,82.0,0,6.0,24.0,6.0,0.0,6,18,12,0.6666666666666666,0.6666666666666666,0.6666666666666666,0
156,1.0,0,36.0,0.6666666666666666,9,6,6,0,3,12,12,9.0,82.0,0,6.0,24.0,6.0,0.0,6,18,12,0.6666666666666666,0.6666666666666666,0.6666666666666666,0
157,0.9871246019558478,1,32.320015084519724,0.5985187978614763,9,6,5,1,3,12,10,9.0,83.32592759712236,0,6.0,21.320015084519724,6.0,1.0,5,18,10,0.6666666666666666,0.5555555555555556,0.5555555555555556,0
158,1.0,0,36.0,0.6666666666666666,9,6,6,0,3,12,12,9.0,82.0,0,6.0,24.0,6.0,0.0,6,18,12,0.6666666666666666,0.6666666666666666,0.6666666666666666,0
159,0.987704470372187,1,35.068134997253246,0.6494099073565416,9,6,5,1,3,12,10,9.0,80.69537623496831,0,6.0,24.0,6.0,0.9318650027467541,6,18,12,0.6666666666666666,0.6666666666666666,0.5555555555555556,0
160,0.9812192606498699,1,30.622235609741026,0.5670784372174263,9,6,5,1,3,12,10,9.0,84.36222011896974,0,5.6222356097410255,20.0,5.6222356097410255,0.6222356097410255,5,18,10,0.6666666666666666,0.5555555555555556,0.5555555555555556,0
161,1.0,0,36.0,0.6666666666666666,9,6,6,0,3,12,12,9.0,82.0,0,6.0,24.0,6.0,0.0,6,18,12,0.6666666666666666,0.6666666666666666,0.6666666666666666,0
162,0.9864469943084093,1,33.56315931477589,0.6215399873106646,9,6,5,1,3,12,10,9.0,81.98520786563503,0,6.0,22.563159314775884,6.0,1.0,5,18,10,0.6666666666666666,0.5555555555555556,0.5555555555555556,0
163,1.0,0,36.0,0.6666666666666666,9,6,6,0,3,12,12,9.0,82.0,0,6.0,24.0,6.0,0.0,6,18,12,0.6666666666666666,0.6666666666666666,0.6666666666666666,0
164,1.0,0,36.0,0.6666666666666666,9,6,6,0,3,12,12,9.0,82.0,0,6.0,24.0,6.0,0.0,6,18,12,0.6666666666666666,0.6666666666666666,0.6666666666666666,0
165,0.9931382213005511,1,33.889844887917434,0.6275897201466192,9,6,5,1,3,12,10,9.0,82.62205897936192,0,6.0,22.889844887917434,6.0,1.0,5,18,10,0.6666666666666666,0.5555555555555556,0.5555555555555556,0
166,0.9856273596613015,1,32.833981373426994,0.6080366921004999,9,6,5,1,3,12,10,9.0,82.59635841780045,0,6.0,21.833981373426994,6.0,1.0,5,18,10,0.6666666666666666,0.5555555555555556,0.5555555555555556,0
167,1.0,0,36.0,0.6666666666666666,9,6,6,0,3,12,12,9.0,82.0,0,6.0,24.0,6.0,0.0,6,18,12,0.6666666666666666,0.6666666666666666,0.6666666666666666,0
168,0.9816807665713415,1,34.265960643116124,0.6345548267243727,9,6,5,1,3,12,10,9.0,80.59606974315705,0,6.0,23.265960643116124,6.0,1.0,5,18,10,0.6666666666666666,0.5555555555555556,0.5555555555555556,0
169,0.9730233756329931,2,29.93990242963903,0.554442637585908,9,6,4,2,3,12,8,9.0,83.17546366151197,0,6.0,19.93990242963903,6.0,2.0,4,18,8,0.6666666666666666,0.4444444444444444,0.4444444444444444,0
170,1.0,0,36.0,0.6666666666666666,9,6,6,0,3,12,12,9.0,82.0,0,6.0,24.0,6.0,0.0,6,18,12,0.6666666666666666,0.6666666666666666,0.6666666666666666,0
171,0.9558365406349216,1,32.45258227356726,0.6009737458068011,9,6,5,1,3,12,10,9.0,78.68787957786147,0,6.0,21.45258227356726,6.0,1.0,5,18,10,0.6666666666666666,0.5555555555555556,0.5555555555555556,0
172,1.0,0,36.0,0.6666666666666666,9,6,6,0,3,12,12,9.0,82.0,0,6.0,24.0,6.0,0.0,6,18,12,0.6666666666666666,0.6666666666666666,0.6666666666666666,0
173,0.9875290974600861,1,32.100203506497195,0.5944482130832814,9,6,5,1,3,12,10,9.0,83.60398652775523,0,6.0,21.100203506497195,6.0,1.0,5,18,10,0.6666666666666666,0.5555555555555556,0.5555555555555556,0
174,1.0,0,36.0,0.6666666666666666,9,6,6,0,3,12,12,9.0,82.0,0,6.0,24.0,6.0,0.0,6,18,12,0.6666666666666666,0.6666666666666666,0.6666666666666666,0
175,1.0,0,36.0,0.6666666666666666,9,6,6,0,3,12,12,9.0,82.0,0,6.0,24.0,6.0,0.0,6,18,12,0.6666666666666666,0.6666666666666666,0.6666666666666666,0
176,1.0,0,36.0,0.6666666666666666,9,6,6,0,3,12,12,9.0,82.0,0,6.0,24.0,6.0,0.0,6,18,12,0.6666666666666666,0.6666666666666666,0.6666666666666666,0
177,1.0,0,36.0,0.6666666666666666,9,6,6,0,3,12,12,9.0,82.0,0,6.0,24.0,6.0,0.0,6,18,12,0.6666666666666666,0.6666666666666666,0.6666666666666666,0
178,1.0,0,36.0,0.6666666666666666,9,6,6,0,3,12,12,9.0,82.0,0,6.0,24.0,6.0,0.0,6,18,12,0.6666666666666666,0.6666666666666666,0.6666666666666666,0
179,0.9919031731336394,1,33.54596100736997,0.6212215001364809,9,6,5,1,3,12,10,9.0,82.78809592387411,0,6.0,22.545961007369968,6.0,1.0,5,18,10,0.6666666666666666,0.5555555555555556,0.5555555555555556,0
180,0.9574418801980085,2,33.199878031481575,0.6148125561385477,9,6,4,2,3,12,8,9.0,77.67175271703164,0,6.0,23.199878031481575,6.0,2.0,4,18,8,0.6666666666666666,0.4444444444444444,0.4444444444444444,0
181,1.0,0,36.0,0.6666666666666666,9,6,6,0,3,12,12,9.0,82.0,0,6.0,24.0,6.0,0.0,6,18,12,0.6666666666666666,0.6666666666666666,0.6666666666666666,0
182,0.972191164582203,1,32.95148058744318,0.61021260347117,9,6,5,1,3,12,10,9.0,80.54404711239405,0,6.0,21.95148058744318,6.0,1.0,5,18,10,0.6666666666666666,0.5555555555555556,0.5555555555555556,0
183,1.0,0,36.0,0.6666666666666666,9,6,6,0,3,12,12,9.0,82.0,0,6.0,24.0,6.0,0.0,6,18,12,0.6666666666666666,0.6666666666666666,0.6666666666666666,0
184,1.0,0,36.0,0.6666666666666666,9,6,6,0,3,12,12,9.0,82.0,0,6.0,24.0,6.0,0.0,6,18,12,0.6666666666666666,0.6666666666666666,0.6666666666666666,0
185,1.0,0,36.0,0.6666666666666666,9,6,6,0,3,12,12,9.0,82.0,0,6.0,24.0,6.0,0.0,6,18,12,0.6666666666666666,0.6666666666666666,0.6666666666666666,0
186,1.0,0,36.0,0.6666666666666666,9,6,6,0,3,12,12,9.0,82.0,0,6.0,24.0,6.0,0.0,6,18,12,0.6666666666666666,0.6666666666666666,0.6666666666666666,0
187,1.0,0,36.0,0.6666666666666666,9,6,6,0,3,12,12,9.0,82.0,0,6.0,24.0,6.0,0.0,6,18,12,0.6666666666666666,0.6666666666666666,0.6666666666666666,0
188,1.0,0,36.0,0.6666666666666666,9,6,6,0,3,12,12,9.0,82.0,0,6.0,24.0,6.0,0.0,6,18,12,0.6666666666666666,0.6666666666666666,0.6666666666666666,0
189,0.9902178635738126,1,34.277465754129,0.6347678843357222,9,6,5,1,3,12,10,9.0,81.81390660050002,0,6.0,23.277465754129,6.0,1.0,5,18,10,0.6666666666666666,0.5555555555555556,0.5555555555555556,0
190,1.0,0,36.0,0.6666666666666666,9,6,6,0,3,12,12,9.0,82.0,0,6.0,24.0,6.0,0.0,6,18,12,0.6666666666666666,0.6666666666666666,0.6666666666666666,0
191,0.9970752532252953,1,30.598260860018712,0.5666344603707169,9,6,5,1,3,12,10,9.0,86.68144517441445,0,5.598260860018712,20.0,5.598260860018712,0.598260860018712,5,18,10,0.6666666666666666,0.5555555555555556,0.5555555555555556,0
192,1.0,0,36.0,0.6666666666666666,9,6,6,0,3,12,12,9.0,82.0,0,6.0,24.0,6.0,0.0,6,18,12,0.6666666666666666,0.6666666666666666,0.6666666666666666,0
193,1.0,0,36.0,0.6666666666666666,9,6,6,0,3,12,12,9.0,82.0,0,6.0,24.0,6.0,0.0,6,18,12,0.6666666666666666,0.6666666666666666,0.6666666666666666,0
194,1.0,0,36.0,0.6666666666666666,9,6,6,0,3,12,12,9.0,82.0,0,6.0,24.0,6.0,0.0,6,18,12,0.6666666666666666,0.6666666666666666,0.6666666666666666,0
195,1.0,0,36.0,0.6666666666666666,9,6,6,0,3,12,12,9.0,82.0,0,6.0,24.0,6.0,0.0,6,18,12,0.6666666666666666,0.6666666666666666,0.6666666666666666,0
196,0.9958834097456967,1,34.16384004495336,0.6326637045361734,9,6,5,1,3,12,10,9.0,82.74337095842698,0,6.0,23.16384004495336,6.0,1.0,5,18,10,0.6666666666666666,0.5555555555555556,0.5555555555555556,0
197,0.9616537065645634,1,24.88460372507059,0.4608259949087146,9,5,4,1,4,10,8,8.0,88.15122815769124,0,4.8846037250705905,16.0,4.8846037250705905,0.8846037250705905,4,18,8,0.5555555555555556,0.4444444444444444,0.4444444444444444,0
198,0.99046124961106,1,31.324889549401192,0.5800905472111332,9,6,5,1,3,12,10,9.0,84.80153039459145,0,6.0,20.324889549401192,6.0,1.0,5,18,10,0.6666666666666666,0.5555555555555556,0.5555555555555556,0
199,1.0,0,36.0,0.6666666666666666,9,6,6,0,3,12,12,9.0,82.0,0,6.0,24.0,6.0,0.0,6,18,12,0.6666666666666666,0.6666666666666666,0.6666666666666666,0
200,1.0,0,36.0,0.6666666666666666,9,6,6,0,3,12,12,9.0,82.0,0,6.0,24.0,6.0,0.0,6,18,12,0.6666666666666666,0.6666666666666666,0.6666666666666666,0
201,0.9272979704402446,1,24.605039256483714,0.4556488751200688,9,5,4,1,4,10,8,8.0,83.62334885866964,0,4.605039256483714,16.0,4.605039256483714,0.6050392564837139,4,18,8,0.5555555555555556,0.4444444444444444,0.4444444444444444,0
202,1.0,0,36.0,0.6666666666666666,9,6,6,0,3,12,12,9.0,82.0,0,6.0,24.0,6.0,0.0,6,18,12,0.6666666666666666,0.6666666666666666,0.6666666666666666,0
203,1.0,0,36.0,0.6666666666666666,9,6,6,0,3,12,12,9.0,82.0,0,6.0,24.0,6.0,0.0,6,18,12,0.6666666666666666,0.6666666666666666,0.6666666666666666,0
204,0.9873652434644017,1,31.753024483796384,0.5880189719221552,9,6,5,1,3,12,10,9.0,83.92757057507745,0,6.0,20.753024483796384,6.0,1.0,5,18,10,0.6666666666666666,0.5555555555555556,0.5555555555555556,0
205,0.9770794067954619,1,31.944972408686027,0.5915735631238154,9,6,5,1,3,12,10,9.0,82.25446216986049,0,6.0,20.944972408686027,6.0,1.0,5,18,10,0.6666666666666666,0.5555555555555556,0.5555555555555556,0
206,1.0,0,36.0,0.6666666666666666,9,6,6,0,3,12,12,9.0,82.0,0,6.0,24.0,6.0,0.0,6,18,12,0.6666666666666666,0.6666666666666666,0.6666666666666666,0
207,0.9768642020332025,1,29.14644674606512,0.5397490138160207,9,5,4,1,4,10,8,8.0,86.09522171974862,0,5.0,20.0,5.0,0.85355325393488,5,18,10,0.5555555555555556,0.5555555555555556,0.4444444444444444,0
208,1.0,0,36.0,0.6666666666666666,9,6,6,0,3,12,12,9.0,82.0,0,6.0,24.0,6.0,0.0,6,18,12,0.6666666666666666,0.6666666666666666,0.6666666666666666,0
209,1.0,0,36.0,0.6666666666666666,9,6,6,0,3,12,12,9.0,82.0,0,6.0,24.0,6.0,0.0,6,18,12,0.6666666666666666,0.6666666666666666,0.6666666666666666,0
210,0.955718773508779,2,26.423107977704476,0.48931681440193475,9,6,4,2,3,12,8,9.0,84.34177970854434,0,5.717231398030734,16.705876579673742,5.717231398030734,1.7172313980307337,4,18,8,0.6666666666666666,0.4444444444444444,0.4444444444444444,0
211,1.0,0,36.0,0.6666666666666666,9,6,6,0,3,12,12,9.0,82.0,0,6.0,24.0,6.0,0.0,6,18,12,0.6666666666666666,0.6666666666666666,0.6666666666666666,0
212,1.0,0,36.0,0.6666666666666666,9,6,6,0,3,12,12,9.0,82.0,0,6.0,24.0,6.0,0.0,6,18,12,0.6666666666666666,0.6666666666666666,0.6666666666666666,0
213,1.0,0,36.0,0.6666666666666666,9,6,6,0,3,12,12,9.0,82.0,0,6.0,24.0,6.0,0.0,6,18,12,0.6666666666666666,0.6666666666666666,0.6666666666666666,0
214,1.0,0,36.0,0.6666666666666666,9,6,6,0,3,12,12,9.0,82.0,0,6.0,24.0,6.0,0.0,6,18,12,0.6666666666666666,0.6666666666666666,0.6666666666666666,0
215,1.0,0,36.0,0.6666666666666666,9,6,6,0,3,12,12,9.0,82.0,0,6.0,24.0,6.0,0.0,6,18,12,0.6666666666666666,0.6666666666666666,0.6666666666666666,0
216,0.9874570262374264,1,32.71342625053933,0.6058041898248023,9,6,5,1,3,12,10,9.0,82.98038552765007,0,6.0,21.713426250539328,6.0,1.0,5,18,10,0.6666666666666666,0.5555555555555556,0.5555555555555556,0
217,1.0,0,36.0,0.6666666666666666,9,6,6,0,3,12,12,9.0,82.0,0,6.0,24.0,6.0,0.0,6,18,12,0.6666666666666666,0.6666666666666666,0.6666666666666666,0
218,1.0,0,36.0,0.6666666666666666,9,6,6,0,3,12,12,9.0,82.0,0,6.0,24.0,6.0,0.0,6,18,12,0.6666666666666666,0.6666666666666666,0.6666666666666666,0
219,1.0,0,36.0,0.6666666666666666,9,6,6,0,3,12,12,9.0,82.0,0,6.0,24.0,6.0,0.0,6,18,12,0.6666666666666666,0.6666666666666666,0.6666666666666666,0
220,0.9692893989618546,2,34.93446211327497,0.646934483579166,9,6,4,2,3,12,8,9.0,78.12175873705085,0,6.0,23.977367313637473,6.0,1.0429052003625046,5,18,10,0.6666666666666666,0.5555555555555556,0.4444444444444444,0
221,1.0,0,36.0,0.6666666666666666,9,6,6,0,3,12,12,9.0,82.0,0,6.0,24.0,6.0,0.0,6,18,12,0.6666666666666666,0.6666666666666666,0.6666666666666666,0
222,1.0,0,36.0,0.6666666666666666,9,6,6,0,3,12,12,9.0,82.0,0,6.0,24.0,6.0,0.0,6,18,12,0.6666666666666666,0.6666666666666666,0.6666666666666666,0
223,1.0,0,36.0,0.6666666666666666,9,6,6,0,3,12,12,9.0,82.0,0,6.0,24.0,6.0,0.0,6,18,12,0.6666666666666666,0.6666666666666666,0.6666666666666666,0
224,1.0,0,36.0,0.6666666666666666,9,6,6,0,3,12,12,9.0,82.0,0,6.0,24.0,6.0,0.0,6,18,12,0.6666666666666666,0.6666666666666666,0.6666666666666666,0
225,1.0,0,36.0,0.6666666666666666,9,6,6,0,3,12,12,9.0,82.0,0,6.0,24.0,6.0,0.0,6,18,12,0.6666666666666666,0.6666666666666666,0.6666666666666666,0
226,1.0,0,36.0,0.6666666666666666,9,6,6,0,3,12,12,9.0,82.0,0,6.0,24.0,6.0,0.0,6,18,12,0.6666666666666666,0.6666666666666666,0.6666666666666666,0
227,1.0,0,36.0,0.6666666666666666,9,6,6,0,3,12,12,9.0,82.0,0,6.0,24.0,6.0,0.0,6,18,12,0.6666666666666666,0.6666666666666666,0.6666666666666666,0
228,1.0,0,36.0,0.6666666666666666,9,6,6,0,3,12,12,9.0,82.0,0,6.0,24.0,6.0,0.0,6,18,12,0.6666666666666666,0.6666666666666666,0.6666666666666666,0
229,1.0,0,36.0,0.6666666666666666,9,6,6,0,3,12,12,9.0,82.0,0,6.0,24.0,6.0,0.0,6,18,12,0.6666666666666666,0.6666666666666666,0.6666666666666666,0
230,1.0,0,36.0,0.6666666666666666,9,6,6,0,3,12,12,9.0,82.0,0,6.0,24.0,6.0,0.0,6,18,12,0.6666666666666666,0.6666666666666666,0.6666666666666666,0
231,0.9847079543303658,1,32.921560935122855,0.6096585358356085,9,6,5,1,3,12,10,9.0,82.37638448844983,0,6.0,21.921560935122855,6.0,1.0,5,18,10,0.6666666666666666,0.5555555555555556,0.5555555555555556,0
232,0.9920279706303545,1,33.39186501203514,0.6183678705932434,9,6,5,1,3,12,10,9.0,82.96016275873592,0,6.0,22.39186501203514,6.0,1.0,5,18,10,0.6666666666666666,0.5555555555555556,0.5555555555555556,0
233,1.0,0,36.0,0.6666666666666666,9,6,6,0,3,12,12,9.0,82.0,0,6.0,24.0,6.0,0.0,6,18,12,0.6666666666666666,0.6666666666666666,0.6666666666666666,0
234,1.0,0,36.0,0.6666666666666666,9,6,6,0,3,12,12,9.0,82.0,0,6.0,24.0,6.0,0.0,6,18,12,0.6666666666666666,0.6666666666666666,0.6666666666666666,0
235,1.0,0,36.0,0.6666666666666666,9,6,6,0,3,12,12,9.0,82.0,0,6.0,24.0,6.0,0.0,6,18,12,0.6666666666666666,0.6666666666666666,0.6666666666666666,0
236,1.0,0,36.0,0.6666666666666666,9,6,6,0,3,12,12,9.0,82.0,0,6.0,24.0,6.0,0.0,6,18,12,0.6666666666666666,0.6666666666666666,0.6666666666666666,0
237,0.9855146227897337,1,34.89959657111159,0.6462888253909553,9,6,5,1,3,12,10,9.0,80.51450911061005,0,6.0,23.89959657111159,6.0,1.0,5,18,10,0.6666666666666666,0.5555555555555556,0.5555555555555556,0
238,0.9649986492680623,2,24.59513720452071,0.45546550378742057,9,5,3,2,4,10,6,8.0,88.36466829008026,0,5.0,16.59513720452071,5.0,2.0,3,18,6,0.5555555555555556,0.3333333333333333,0.3333333333333333,0
239,1.0,0,36.0,0.6666666666666666,9,6,6,0,3,12,12,9.0,82.0,0,6.0,24.0,6.0,0.0,6,18,12,0.6666666666666666,0.6666666666666666,0.6666666666666666,0
240,1.0,0,36.0,0.6666666666666666,9,6,6,0,3,12,12,9.0,82.0,0,6.0,24.0,6.0,0.0,6,18,12,0.6666666666666666,0.6666666666666666,0.6666666666666666,0
241,0.980003233788278,2,30.50922411427286,0.5649856317457937,9,6,4,2,3,12,8,9.0,83.99539074083845,0,5.870462867537135,20.0,5.870462867537135,1.2317016208014095,5,18,10,0.6666666666666666,0.5555555555555556,0.4444444444444444,0
242,1.0,0,36.0,0.6666666666666666,9,6,6,0,3,12,12,9.0,82.0,0,6.0,24.0,6.0,0.0,6,18,12,0.6666666666666666,0.6666666666666666,0.6666666666666666,0
243,0.9783886753965009,1,34.5399013209196,0.6396278022392518,9,6,5,1,3,12,10,9.0,79.84806793617655,0,6.0,23.539901320919597,6.0,1.0,5,18,10,0.6666666666666666,0.5555555555555556,0.5555555555555556,0
244,1.0,0,36.0,0.6666666666666666,9,6,6,0,3,12,12,9.0,82.0,0,6.0,24.0,6.0,0.0,6,18,12,0.6666666666666666,0.6666666666666666,0.6666666666666666,0
245,1.0,0,36.0,0.6666666666666666,9,6,6,0,3,12,12,9.0,82.0,0,6.0,24.0,6.0,0.0,6,18,12,0.6666666666666666,0.6666666666666666,0.6666666666666666,0
246,1.0,0,36.0,0.6666666666666666,9,6,6,0,3,12,12,9.0,82.0,0,6.0,24.0,6.0,0.0,6,18,12,0.6666666666666666,0.6666666666666666,0.6666666666666666,0
247,0.9577010211024134,2,27.573423162789528,0.5106189474590653,9,5,3,2,4,10,6,8.0,84.77545030495995,0,5.0,18.693570304785638,5.0,1.1201471419961102,4,18,8,0.5555555555555556,0.4444444444444444,0.3333333333333333,0
248,1.0,0,36.0,0.6666666666666666,9,6,6,0,3,12,12,9.0,82.0,0,6.0,24.0,6.0,0.0,6,18,12,0.6666666666666666,0.6666666666666666,0.6666666666666666,0
249,1.0,0,36.0,0.6666666666666666,9,6,6,0,3,12,12,9.0,82.0,0,6.0,24.0,6.0,0.0,6,18,12,0.6666666666666666,0.6666666666666666,0.6666666666666666,0
250,1.0,0,36.0,0.6666666666666666,9,6,6,0,3,12,12,9.0,82.0,0,6.0,24.0,6.0,0.0,6,18,12,0.6666666666666666,0.6666666666666666,0.6666666666666666,0
251,1.0,0,36.0,0.6666666666666666,9,6,6,0,3,12,12,9.0,82.0,0,6.0,24.0,6.0,0.0,6,18,12,0.6666666666666666,0.6666666666666666,0.6666666666666666,0
252,1.0,0,36.0,0.6666666666666666,9,6,6,0,3,12,12,9.0,82.0,0,6.0,24.0,6.0,0.0,6,18,12,0.6666666666666666,0.6666666666666666,0.6666666666666666,0
253,0.9842208475558127,2,30.305763546647782,0.5612178434564404,9,6,4,2,3,12,8,9.0,84.76671925937788,0,5.808201015335257,20.0,5.808201015335257,1.310638484022732,5,18,10,0.6666666666666666,0.5555555555555556,0.4444444444444444,0
254,1.0,0,36.0,0.6666666666666666,9,6,6,0,3,12,12,9.0,82.0,0,6.0,24.0,6.0,0.0,6,18,12,0.6666666666666666,0.6666666666666666,0.6666666666666666,0
255,1.0,0,36.0,0.6666666666666666,9,6,6,0,3,12,12,9.0,82.0,0,6.0,24.0,6.0,0.0,6,18,12,0.6666666666666666,0.6666666666666666,0.6666666666666666,0
256,1.0,0,36.0,0.6666666666666666,9,6,6,0,3,12,12,9.0,82.0,0,6.0,24.0,6.0,0.0,6,18,12,0.6666666666666666,0.6666666666666666,0.6666666666666666,0
257,1.0,0,36.0,0.6666666666666666,9,6,6,0,3,12,12,9.0,82.0,0,6.0,24.0,6.0,0.0,6,18,12,0.6666666666666666,0.6666666666666666,0.6666666666666666,0
258,1.0,0,36.0,0.6666666666666666,9,6,6,0,3,12,12,9.0,82.0,0,6.0,24.0,6.0,0.0,6,18,12,0.6666666666666666,0.6666666666666666,0.6666666666666666,0
259,0.9689417957320666,2,31.193076829606277,0.5776495709186348,9,6,4,2,3,12,8,9.0,81.6439121295594,0,6.0,20.574336082110115,6.0,1.3812592525038383,5,18,10,0.6666666666666666,0.5555555555555556,0.4444444444444444,0
260,1.0,0,36.0,0.6666666666666666,9,6,6,0,3,12,12,9.0,82.0,0,6.0,24.0,6.0,0.0,6,18,12,0.6666666666666666,0.6666666666666666,0.6666666666666666,0
261,1.0,0,36.0,0.6666666666666666,9,6,6,0,3,12,12,9.0,82.0,0,6.0,24.0,6.0,0.0,6,18,12,0.6666666666666666,0.6666666666666666,0.6666666666666666,0
262,1.0,0,36.0,0.6666666666666666,9,6,6,0,3,12,12,9.0,82.0,0,6.0,24.0,6.0,0.0,6,18,12,0.6666666666666666,0.6666666666666666,0.6666666666666666,0
263,1.0,0,36.0,0.6666666666666666,9,6,6,0,3,12,12,9.0,82.0,0,6.0,24.0,6.0,0.0,6,18,12,0.6666666666666666,0.6666666666666666,0.6666666666666666,0
264,0.9792489210872619,1,33.404345602831434,0.6185989926450266,9,6,5,1,3,12,10,9.0,81.10749903373427,0,6.0,22.404345602831434,6.0,1.0,5,18,10,0.6666666666666666,0.5555555555555556,0.5555555555555556,0
265,1.0,0,36.0,0.6666666666666666,9,6,6,0,3,12,12,9.0,82.0,0,6.0,24.0,6.0,0.0,6,18,12,0.6666666666666666,0.6666666666666666,0.6666666666666666,0
266,0.9863869551961157,1,32.070230447850605,0.5938931564416778,9,6,5,1,3,12,10,9.0,83.46949110039006,0,6.0,21.070230447850605,6.0,1.0,5,18,10,0.6666666666666666,0.5555555555555556,0.5555555555555556,0
267,1.0,0,36.0,0.6666666666666666,9,6,6,0,3,12,12,9.0,82.0,0,6.0,24.0,6.0,0.0,6,18,12,0.6666666666666666,0.6666666666666666,0.6666666666666666,0
268,1.0,0,36.0,0.6666666666666666,9,6,6,0,3,12,12,9.0,82.0,0,6.0,24.0,6.0,0.0,6,18,12,0.6666666666666666,0.6666666666666666,0.6666666666666666,0
269,1.0,0,36.0,0.6666666666666666,9,6,6,0,3,12,12,9.0,82.0,0,6.0,24.0,6.0,0.0,6,18,12,0.6666666666666666,0.6666666666666666,0.6666666666666666,0
270,1.0,0,36.0,0.6666666666666666,9,6,6,0,3,12,12,9.0,82.0,0,6.0,24.0,6.0,0.0,6,18,12,0.6666666666666666,0.6666666666666666,0.6666666666666666,0
271,1.0,0,36.0,0.6666666666666666,9,6,6,0,3,12,12,9.0,82.0,0,6.0,24.0,6.0,0.0,6,18,12,0.6666666666666666,0.6666666666666666,0.6666666666666666,0
272,1.0,0,36.0,0.6666666666666666,9,6,6,0,3,12,12,9.0,82.0,0,6.0,24.0,6.0,0.0,6,18,12,0.6666666666666666,0.6666666666666666,0.6666666666666666,0
273,1.0,0,36.0,0.6666666666666666,9,6,6,0,3,12,12,9.0,82.0,0,6.0,24.0,6.0,0.0,6,18,12,0.6666666666666666,0.6666666666666666,0.6666666666666666,0
274,0.9907740532071594,2,34.00196369171481,0.6296659942910151,9,6,4,2,3,12,8,9.0,81.8608932302322,0,6.0,23.619177171482704,6.0,1.6172134797678908,5,18,10,0.6666666666666666,0.5555555555555556,0.4444444444444444,0
275,1.0,0,36.0,0.6666666666666666,9,6,6,0,3,12,12,9.0,82.0,0,6.0,24.0,6.0,0.0,6,18,12,0.6666666666666666,0.6666666666666666,0.6666666666666666,0
276,0.9958805130314725,1,31.649707100387673,0.5861056870442162,9,6,5,1,3,12,10,9.0,85.25708677614436,0,6.0,20.649707100387673,6.0,1.0,5,18,10,0.6666666666666666,0.5555555555555556,0.5555555555555556,0
277,0.9962990522275622,1,34.30462780003564,0.6352708851858452,9,6,5,1,3,12,10,9.0,82.66243572073331,0,6.0,23.30462780003564,6.0,1.0,5,18,10,0.6666666666666666,0.5555555555555556,0.5555555555555556,0
278,1.0,0,36.0,0.6666666666666666,9,6,6,0,3,12,12,9.0,82.0,0,6.0,24.0,6.0,0.0,6,18,12,0.6666666666666666,0.6666666666666666,0.6666666666666666,0
279,1.0,0,36.0,0.6666666666666666,9,6,6,0,3,12,12,9.0,82.0,0,6.0,24.0,6.0,0.0,6,18,12,0.6666666666666666,0.6666666666666666,0.6666666666666666,0
280,1.0,0,36.0,0.6666666666666666,9,6,6,0,3,12,12,9.0,82.0,0,6.0,24.0,6.0,0.0,6,18,12,0.6666666666666666,0.6666666666666666,0.6666666666666666,0
281,0.9996023091564175,1,35.98878327565723,0.6664589495492079,9,6,5,1,3,12,10,9.0,81.94834088069551,0,6.0,24.0,6.0,0.011216724342773432,6,18,12,0.6666666666666666,0.6666666666666666,0.5555555555555556,0
282,0.9844821359057432,2,26.80506959519211,0.4963901776887428,9,6,4,2,3,12,8,9.0,88.41659328139808,0,5.087529387673655,17.717540207518454,5.087529387673655,1.087529387673655,4,18,8,0.6666666666666666,0.4444444444444444,0.4444444444444444,0
283,1.0,0,36.0,0.6666666666666666,9,6,6,0,3,12,12,9.0,82.0,0,6.0,24.0,6.0,0.0,6,18,12,0.6666666666666666,0.6666666666666666,0.6666666666666666,0
284,1.0,0,36.0,0.6666666666666666,9,6,6,0,3,12,12,9.0,82.0,0,6.0,24.0,6.0,0.0,6,18,12,0.6666666666666666,0.6666666666666666,0.6666666666666666,0
285,0.9915962079434668,1,31.509270170409096,0.583505003155724,9,6,5,1,3,12,10,9.0,84.7805837734501,0,6.0,20.509270170409096,6.0,1.0,5,18,10,0.6666666666666666,0.5555555555555556,0.5555555555555556,0
286,0.9905447725019125,1,35.38925184230692,0.6553565155982762,9,6,5,1,3,12,10,9.0,80.94382131912195,0,6.0,24.0,6.0,0.6107481576930809,6,18,12,0.6666666666666666,0.6666666666666666,0.5555555555555556,0
287,1.0,0,36.0,0.6666666666666666,9,6,6,0,3,12,12,9.0,82.0,0,6.0,24.0,6.0,0.0,6,18,12,0.6666666666666666,0.6666666666666666,0.6666666666666666,0
288,1.0,0,36.0,0.6666666666666666,9,6,6,0,3,12,12,9.0,82.0,0,6.0,24.0,6.0,0.0,6,18,12,0.6666666666666666,0.6666666666666666,0.6666666666666666,0
289,1.0,0,36.0,0.6666666666666666,9,6,6,0,3,12,12,9.0,82.0,0,6.0,24.0,6.0,0.0,6,18,12,0.6666666666666666,0.6666666666666666,0.6666666666666666,0
290,0.9864322190414703,1,34.14062233065832,0.6322337468640429,9,6,5,1,3,12,10,9.0,81.40561721131338,0,6.0,23.140622330658317,6.0,1.0,5,18,10,0.6666666666666666,0.5555555555555556,0.5555555555555556,0
291,1.0,0,36.0,0.6666666666666666,9,6,6,0,3,12,12,9.0,82.0,0,6.0,24.0,6.0,0.0,6,18,12,0.6666666666666666,0.6666666666666666,0.6666666666666666,0
292,0.9833633363678695,1,32.51523355527394,0.6021339547272951,9,6,5,1,3,12,10,9.0,82.58908688169927,0,6.0,21.515233555273937,6.0,1.0,5,18,10,0.6666666666666666,0.5555555555555556,0.5555555555555556,0
293,0.9644472221134548,4,26.449414515770133,0.4898039725142617,9,6,2,4,3,12,4,9.0,85.2540537118929,0,5.129972613790887,18.543332801537275,5.129972613790887,2.353863513348916,4,18,8,0.6666666666666666,0.4444444444444444,0.2222222222222222,0
294,1.0,0,36.0,0.6666666666666666,9,6,6,0,3,12,12,9.0,82.0,0,6.0,24.0,6.0,0.0,6,18,12,0.6666666666666666,0.6666666666666666,0.6666666666666666,0
295,1.0,0,36.0,0.6666666666666666,9,6,6,0,3,12,12,9.0,82.0,0,6.0,24.0,6.0,0.0,6,18,12,0.6666666666666666,0.6666666666666666,0.6666666666666666,0
296,1.0,0,36.0,0.6666666666666666,9,6,6,0,3,12,12,9.0,82.0,0,6.0,24.0,6.0,0.0,6,18,12,0.6666666666666666,0.6666666666666666,0.6666666666666666,0
297,1.0,0,36.0,0.6666666666666666,9,6,6,0,3,12,12,9.0,82.0,0,6.0,24.0,6.0,0.0,6,18,12,0.6666666666666666,0.6666666666666666,0.6666666666666666,0
298,1.0,0,36.0,0.6666666666666666,9,6,6,0,3,12,12,9.0,82.0,0,6.0,24.0,6.0,0.0,6,18,12,0.6666666666666666,0.6666666666666666,0.6666666666666666,0
299,1.0,0,36.0,0.6666666666666666,9,6,6,0,3,12,12,9.0,82.0,0,6.0,24.0,6.0,0.0,6,18,12,0.6666666666666666,0.6666666666666666,0.6666666666666666,0
300,1.0,0,36.0,0.6666666666666666,9,6,6,0,3,12,12,9.0,82.0,0,6.0,24.0,6.0,0.0,6,18,12,0.6666666666666666,0.6666666666666666,0.6666666666666666,0
301,1.0,0,36.0,0.6666666666666666,9,6,6,0,3,12,12,9.0,82.0,0,6.0,24.0,6.0,0.0,6,18,12,0.6666666666666666,0.6666666666666666,0.6666666666666666,0
302,1.0,0,36.0,0.6666666666666666,9,6,6,0,3,12,12,9.0,82.0,0,6.0,24.0,6.0,0.0,6,18,12,0.6666666666666666,0.6666666666666666,0.6666666666666666,0
303,1.0,0,36.0,0.6666666666666666,9,6,6,0,3,12,12,9.0,82.0,0,6.0,24.0,6.0,0.0,6,18,12,0.6666666666666666,0.6666666666666666,0.6666666666666666,0
304,1.0,0,36.0,0.6666666666666666,9,6,6,0,3,12,12,9.0,82.0,0,6.0,24.0,6.0,0.0,6,18,12,0.6666666666666666,0.6666666666666666,0.6666666666666666,0
305,1.0,0,36.0,0.6666666666666666,9,6,6,0,3,12,12,9.0,82.0,0,6.0,24.0,6.0,0.0,6,18,12,0.6666666666666666,0.6666666666666666,0.6666666666666666,0
306,1.0,0,36.0,0.6666666666666666,9,6,6,0,3,12,12,9.0,82.0,0,6.0,24.0,6.0,0.0,6,18,12,0.6666666666666666,0.6666666666666666,0.6666666666666666,0
307,1.0,0,36.0,0.6666666666666666,9,6,6,0,3,12,12,9.0,82.0,0,6.0,24.0,6.0,0.0,6,18,12,0.6666666666666666,0.6666666666666666,0.6666666666666666,0
308,1.0,0,36.0,0.6666666666666666,9,6,6,0,3,12,12,9.0,82.0,0,6.0,24.0,6.0,0.0,6,18,12,0.6666666666666666,0.6666666666666666,0.6666666666666666,0
309,1.0,0,36.0,0.6666666666666666,9,6,6,0,3,12,12,9.0,82.0,0,6.0,24.0,6.0,0.0,6,18,12,0.6666666666666666,0.6666666666666666,0.6666666666666666,0
310,1.0,0,36.0,0.6666666666666666,9,6,6,0,3,12,12,9.0,82.0,0,6.0,24.0,6.0,0.0,6,18,12,0.6666666666666666,0.6666666666666666,0.6666666666666666,0
311,1.0,0,36.0,0.6666666666666666,9,6,6,0,3,12,12,9.0,82.0,0,6.0,24.0,6.0,0.0,6,18,12,0.6666666666666666,0.6666666666666666,0.6666666666666666,0
312,1.0,0,36.0,0.6666666666666666,9,6,6,0,3,12,12,9.0,82.0,0,6.0,24.0,6.0,0.0,6,18,12,0.6666666666666666,0.6666666666666666,0.6666666666666666,0
313,0.9831466104915906,1,31.04356698729552,0.5748808701351023,9,6,5,1,3,12,10,9.0,84.02954492349352,0,6.0,20.04356698729552,6.0,1.0,5,18,10,0.6666666666666666,0.5555555555555556,0.5555555555555556,0
314,0.9818312407440932,1,31.803747654280592,0.588958289894085,9,6,5,1,3,12,10,9.0,83.07995101286882,0,6.0,20.803747654280592,6.0,1.0,5,18,10,0.6666666666666666,0.5555555555555556,0.5555555555555556,0
315,1.0,0,36.0,0.6666666666666666,9,6,6,0,3,12,12,9.0,82.0,0,6.0,24.0,6.0,0.0,6,18,12,0.6666666666666666,0.6666666666666666,0.6666666666666666,0
316,1.0,0,36.0,0.6666666666666666,9,6,6,0,3,12,12,9.0,82.0,0,6.0,24.0,6.0,0.0,6,18,12,0.6666666666666666,0.6666666666666666,0.6666666666666666,0
317,1.0,0,36.0,0.6666666666666666,9,6,6,0,3,12,12,9.0,82.0,0,6.0,24.0,6.0,0.0,6,18,12,0.6666666666666666,0.6666666666666666,0.6666666666666666,0
318,1.0,0,36.0,0.6666666666666666,9,6,6,0,3,12,12,9.0,82.0,0,6.0,24.0,6.0,0.0,6,18,12,0.6666666666666666,0.6666666666666666,0.6666666666666666,0
319,1.0,0,36.0,0.6666666666666666,9,6,6,0,3,12,12,9.0,82.0,0,6.0,24.0,6.0,0.0,6,18,12,0.6666666666666666,0.6666666666666666,0.6666666666666666,0
320,1.0,0,36.0,0.6666666666666666,9,6,6,0,3,12,12,9.0,82.0,0,6.0,24.0,6.0,0.0,6,18,12,0.6666666666666666,0.6666666666666666,0.6666666666666666,0
321,0.9967978451618911,1,30.348388504081015,0.5620071945200188,9,6,5,1,3,12,10,9.0,87.0163069471908,0,5.348388504081015,20.0,5.348388504081015,0.34838850408101507,5,18,10,0.6666666666666666,0.5555555555555556,0.5555555555555556,0
322,1.0,0,36.0,0.6666666666666666,9,6,6,0,3,12,12,9.0,82.0,0,6.0,24.0,6.0,0.0,6,18,12,0.6666666666666666,0.6666666666666666,0.6666666666666666,0
323,1.0,0,36.0,0.6666666666666666,9,6,6,0,3,12,12,9.0,82.0,0,6.0,24.0,6.0,0.0,6,18,12,0.6666666666666666,0.6666666666666666,0.6666666666666666,0
324,0.9502125839879416,1,27.76465585266145,0.5141602935678046,9,5,4,1,4,10,8,8.0,83.56595624160212,0,5.0,18.76465585266145,5.0,1.0,4,18,8,0.5555555555555556,0.4444444444444444,0.4444444444444444,0
325,1.0,0,36.0,0.6666666666666666,9,6,6,0,3,12,12,9.0,82.0,0,6.0,24.0,6.0,0.0,6,18,12,0.6666666666666666,0.6666666666666666,0.6666666666666666,0
326,1.0,0,36.0,0.6666666666666666,9,6,6,0,3,12,12,9.0,82.0,0,6.0,24.0,6.0,0.0,6,18,12,0.6666666666666666,0.6666666666666666,0.6666666666666666,0
327,1.0,0,36.0,0.6666666666666666,9,6,6,0,3,12,12,9.0,82.0,0,6.0,24.0,6.0,0.0,6,18,12,0.6666666666666666,0.6666666666666666,0.6666666666666666,0
328,1.0,0,36.0,0.6666666666666666,9,6,6,0,3,12,12,9.0,82.0,0,6.0,24.0,6.0,0.0,6,18,12,0.6666666666666666,0.6666666666666666,0.6666666666666666,0
329,0.9966389539283994,1,35.93742383541017,0.665507848803892,9,6,5,1,3,12,10,9.0,81.54729744798443,0,6.0,24.0,6.0,0.06257616458982795,6,18,12,0.6666666666666666,0.6666666666666666,0.5555555555555556,0
330,0.9846876034327757,1,30.053502174354442,0.5565463365621193,9,6,5,1,3,12,10,9.0,85.71476163278805,0,5.053502174354442,20.0,5.053502174354442,0.053502174354441934,5,18,10,0.6666666666666666,0.5555555555555556,0.5555555555555556,0
331,0.979343448920813,2,30.35773909943659,0.5621803536932701,9,6,4,2,3,12,8,9.0,83.66771754516049,0,6.0,20.35773909943659,6.0,2.0,4,18,8,0.6666666666666666,0.4444444444444444,0.4444444444444444,0
332,1.0,0,36.0,0.6666666666666666,9,6,6,0,3,12,12,9.0,82.0,0,6.0,24.0,6.0,0.0,6,18,12,0.6666666666666666,0.6666666666666666,0.6666666666666666,0
333,1.0,0,36.0,0.6666666666666666,9,6,6,0,3,12,12,9.0,82.0,0,6.0,24.0,6.0,0.0,6,18,12,0.6666666666666666,0.6666666666666666,0.6666666666666666,0
334,1.0,0,36.0,0.6666666666666666,9,6,6,0,3,12,12,9.0,82.0,0,6.0,24.0,6.0,0.0,6,18,12,0.6666666666666666,0.6666666666666666,0.6666666666666666,0
335,1.0,0,36.0,0.6666666666666666,9,6,6,0,3,12,12,9.0,82.0,0,6.0,24.0,6.0,0.0,6,18,12,0.6666666666666666,0.6666666666666666,0.6666666666666666,0
336,0.971197130063723,1,30.836279898191677,0.5710422203368829,9,6,5,1,3,12,10,9.0,82.5979668818886,0,5.836279898191677,20.0,5.836279898191677,0.8362798981916768,5,18,10,0.6666666666666666,0.5555555555555556,0.5555555555555556,0
337,1.0,0,36.0,0.6666666666666666,9,6,6,0,3,12,12,9.0,82.0,0,6.0,24.0,6.0,0.0,6,18,12,0.6666666666666666,0.6666666666666666,0.6666666666666666,0
338,1.0,0,36.0,0.6666666666666666,9,6,6,0,3,12,12,9.0,82.0,0,6.0,24.0,6.0,0.0,6,18,12,0.6666666666666666,0.6666666666666666,0.6666666666666666,0
339,1.0,0,36.0,0.6666666666666666,9,6,6,0,3,12,12,9.0,82.0,0,6.0,24.0,6.0,0.0,6,18,12,0.6666666666666666,0.6666666666666666,0.6666666666666666,0
340,1.0,0,36.0,0.6666666666666666,9,6,6,0,3,12,12,9.0,82.0,0,6.0,24.0,6.0,0.0,6,18,12,0.6666666666666666,0.6666666666666666,0.6666666666666666,0
341,1.0,0,36.0,0.6666666666666666,9,6,6,0,3,12,12,9.0,82.0,0,6.0,24.0,6.0,0.0,6,18,12,0.6666666666666666,0.6666666666666666,0.6666666666666666,0
342,0.9868917966523855,1,33.116405040359425,0.613266760006656,9,6,5,1,3,12,10,9.0,82.4960136775841,0,6.0,22.11640504035942,6.0,1.0,5,18,10,0.6666666666666666,0.5555555555555556,0.5555555555555556,0
343,1.0,0,36.0,0.6666666666666666,9,6,6,0,3,12,12,9.0,82.0,0,6.0,24.0,6.0,0.0,6,18,12,0.6666666666666666,0.6666666666666666,0.6666666666666666,0
344,1.0,0,36.0,0.6666666666666666,9,6,6,0,3,12,12,9.0,82.0,0,6.0,24.0,6.0,0.0,6,18,12,0.6666666666666666,0.6666666666666666,0.6666666666666666,0
345,1.0,0,36.0,0.6666666666666666,9,6,6,0,3,12,12,9.0,82.0,0,6.0,24.0,6.0,0.0,6,18,12,0.6666666666666666,0.6666666666666666,0.6666666666666666,0
346,0.9668229498165163,2,28.794056677827626,0.5332232718116227,9,6,4,2,3,12,8,9.0,83.78531576921078,0,5.286264653079883,19.507792024747744,5.286264653079883,1.2862646530798827,4,18,8,0.6666666666666666,0.4444444444444444,0.4444444444444444,0
347,0.9868708415436183,1,35.800674662576185,0.6629754567143737,9,6,5,1,3,12,10,9.0,80.20906385099293,0,6.0,24.0,6.0,0.19932533742381509,6,18,12,0.6666666666666666,0.6666666666666666,0.5555555555555556,0
348,1.0,0,36.0,0.6666666666666666,9,6,6,0,3,12,12,9.0,82.0,0,6.0,24.0,6.0,0.0,6,18,12,0.6666666666666666,0.6666666666666666,0.6666666666666666,0
349,1.0,0,36.0,0.6666666666666666,9,6,6,0,3,12,12,9.0,82.0,0,6.0,24.0,6.0,0.0,6,18,12,0.6666666666666666,0.6666666666666666,0.6666666666666666,0
350,1.0,0,36.0,0.6666666666666666,9,6,6,0,3,12,12,9.0,82.0,0,6.0,24.0,6.0,0.0,6,18,12,0.6666666666666666,0.6666666666666666,0.6666666666666666,0
351,1.0,0,36.0,0.6666666666666666,9,6,6,0,3,12,12,9.0,82.0,0,6.0,24.0,6.0,0.0,6,18,12,0.6666666666666666,0.6666666666666666,0.6666666666666666,0
352,1.0,0,36.0,0.6666666666666666,9,6,6,0,3,12,12,9.0,82.0,0,6.0,24.0,6.0,0.0,6,18,12,0.6666666666666666,0.6666666666666666,0.6666666666666666,0
353,1.0,0,36.0,0.6666666666666666,9,6,6,0,3,12,12,9.0,82.0,0,6.0,24.0,6.0,0.0,6,18,12,0.6666666666666666,0.6666666666666666,0.6666666666666666,0
354,1.0,0,36.0,0.6666666666666666,9,6,6,0,3,12,12,9.0,82.0,0,6.0,24.0,6.0,0.0,6,18,12,0.6666666666666666,0.6666666666666666,0.6666666666666666,0
355,0.971847220245896,1,32.731759186674566,0.6061436886421215,9,6,5,1,3,12,10,9.0,80.71424052873445,0,6.0,21.731759186674566,6.0,1.0,5,18,10,0.6666666666666666,0.5555555555555556,0.5555555555555556,0
356,0.9896464211481116,1,35.666156674340534,0.660484382858158,9,6,5,1,3,12,10,9.0,80.6760063081578,0,6.0,24.0,6.0,0.3338433256594655,6,18,12,0.6666666666666666,0.6666666666666666,0.5555555555555556,0
357,0.9912381894891532,2,27.564031769913043,0.5104450327761675,9,6,4,2,3,12,8,9.0,88.17426751652502,0,6.0,17.564031769913043,6.0,2.0,4,18,8,0.6666666666666666,0.4444444444444444,0.4444444444444444,0
358,1.0,0,36.0,0.6666666666666666,9,6,6,0,3,12,12,9.0,82.0,0,6.0,24.0,6.0,0.0,6,18,12,0.6666666666666666,0.6666666666666666,0.6666666666666666,0
359,1.0,0,36.0,0.6666666666666666,9,6,6,0,3,12,12,9.0,82.0,0,6.0,24.0,6.0,0.0,6,18,12,0.6666666666666666,0.6666666666666666,0.6666666666666666,0
360,1.0,0,36.0,0.6666666666666666,9,6,6,0,3,12,12,9.0,82.0,0,6.0,24.0,6.0,0.0,6,18,12,0.6666666666666666,0.6666666666666666,0.6666666666666666,0
361,1.0,0,36.0,0.6666666666666666,9,6,6,0,3,12,12,9.0,82.0,0,6.0,24.0,6.0,0.0,6,18,12,0.6666666666666666,0.6666666666666666,0.6666666666666666,0
362,0.9787082926667657,1,31.07512307104429,0.5754652420563757,9,6,5,1,3,12,10,9.0,83.35887107296998,0,6.0,20.07512307104429,6.0,1.0,5,18,10,0.6666666666666666,0.5555555555555556,0.5555555555555556,0
363,0.9840769306783985,1,34.67442215845065,0.6421189288601973,9,6,5,1,3,12,10,9.0,80.53265585923873,0,6.0,23.674422158450653,6.0,1.0,5,18,10,0.6666666666666666,0.5555555555555556,0.5555555555555556,0
364,0.989771271872386,1,31.593900365612214,0.5850722289928187,9,6,5,1,3,12,10,9.0,84.43316278401137,0,6.0,20.593900365612214,6.000000000000014,1.0000000000000142,5,18,10,0.6666666666666666,0.5555555555555556,0.5555555555555556,0
365,0.9880352789558078,1,32.39780215209052,0.5999592991127874,9,6,5,1,3,12,10,9.0,83.3792780175458,0,6.0,21.39780215209052,6.0,1.0,5,18,10,0.6666666666666666,0.5555555555555556,0.5555555555555556,0
366,0.9810704977535083,1,35.56629109728179,0.6586350203200332,9,6,5,1,3,12,10,9.0,79.4910061278643,0,6.0,24.0,6.0,0.43370890271820883,6,18,12,0.6666666666666666,0.6666666666666666,0.5555555555555556,0
367,1.0,0,36.0,0.6666666666666666,9,6,6,0,3,12,12,9.0,82.0,0,6.0,24.0,6.0,0.0,6,18,12,0.6666666666666666,0.6666666666666666,0.6666666666666666,0
368,1.0,0,36.0,0.6666666666666666,9,6,6,0,3,12,12,9.0,82.0,0,6.0,24.0,6.0,0.0,6,18,12,0.6666666666666666,0.6666666666666666,0.6666666666666666,0
369,1.0,0,36.0,0.6666666666666666,9,6,6,0,3,12,12,9.0,82.0,0,6.0,24.0,6.0,0.0,6,18,12,0.6666666666666666,0.6666666666666666,0.6666666666666666,0
370,1.0,0,36.0,0.6666666666666666,9,6,6,0,3,12,12,9.0,82.0,0,6.0,24.0,6.0,0.0,6,18,12,0.6666666666666666,0.6666666666666666,0.6666666666666666,0
371,1.0,0,36.0,0.6666666666666666,9,6,6,0,3,12,12,9.0,82.0,0,6.0,24.0,6.0,0.0,6,18,12,0.6666666666666666,0.6666666666666666,0.6666666666666666,0
372,0.983185743582681,1,32.931107149323054,0.6098353175800566,9,6,5,1,3,12,10,9.0,82.14763992658298,0,6.0,21.931107149323054,6.0,1.0,5,18,10,0.6666666666666666,0.5555555555555556,0.5555555555555556,0
373,1.0,0,36.0,0.6666666666666666,9,6,6,0,3,12,12,9.0,82.0,0,6.0,24.0,6.0,0.0,6,18,12,0.6666666666666666,0.6666666666666666,0.6666666666666666,0
374,1.0,0,36.0,0.6666666666666666,9,6,6,0,3,12,12,9.0,82.0,0,6.0,24.0,6.0,0.0,6,18,12,0.6666666666666666,0.6666666666666666,0.6666666666666666,0
375,1.0,0,36.0,0.6666666666666666,9,6,6,0,3,12,12,9.0,82.0,0,6.0,24.0,6.0,0.0,6,18,12,0.6666666666666666,0.6666666666666666,0.6666666666666666,0
376,1.0,0,36.0,0.6666666666666666,9,6,6,0,3,12,12,9.0,82.0,0,6.0,24.0,6.0,0.0,6,18,12,0.6666666666666666,0.6666666666666666,0.6666666666666666,0
377,1.0,0,36.0,0.6666666666666666,9,6,6,0,3,12,12,9.0,82.0,0,6.0,24.0,6.0,0.0,6,18,12,0.6666666666666666,0.6666666666666666,0.6666666666666666,0
378,1.0,0,36.0,0.6666666666666666,9,6,6,0,3,12,12,9.0,82.0,0,6.0,24.0,6.0,0.0,6,18,12,0.6666666666666666,0.6666666666666666,0.6666666666666666,0
379,1.0,0,36.0,0.6666666666666666,9,6,6,0,3,12,12,9.0,82.0,0,6.0,24.0,6.0,0.0,6,18,12,0.6666666666666666,0.6666666666666666,0.6666666666666666,0
380,1.0,0,36.0,0.6666666666666666,9,6,6,0,3,12,12,9.0,82.0,0,6.0,24.0,6.0,0.0,6,18,12,0.6666666666666666,0.6666666666666666,0.6666666666666666,0
381,1.0,0,36.0,0.6666666666666666,9,6,6,0,3,12,12,9.0,82.0,0,6.0,24.0,6.0,0.0,6,18,12,0.6666666666666666,0.6666666666666666,0.6666666666666666,0
382,1.0,0,36.0,0.6666666666666666,9,6,6,0,3,12,12,9.0,82.0,0,6.0,24.0,6.0,0.0,6,18,12,0.6666666666666666,0.6666666666666666,0.6666666666666666,0
383,1.0,0,36.0,0.6666666666666666,9,6,6,0,3,12,12,9.0,82.0,0,6.0,24.0,6.0,0.0,6,18,12,0.6666666666666666,0.6666666666666666,0.6666666666666666,0
384,1.0,0,36.0,0.6666666666666666,9,6,6,0,3,12,12,9.0,82.0,0,6.0,24.0,6.0,0.0,6,18,12,0.6666666666666666,0.6666666666666666,0.6666666666666666,0
385,0.9960945901463008,1,32.42902707171666,0.6005375383651234,9,6,5,1,3,12,10,9.0,84.50859390935064,0,6.0,21.42902707171666,6.0,1.0,5,18,10,0.6666666666666666,0.5555555555555556,0.5555555555555556,0
386,1.0,0,36.0,0.6666666666666666,9,6,6,0,3,12,12,9.0,82.0,0,6.0,24.0,6.0,0.0,6,18,12,0.6666666666666666,0.6666666666666666,0.6666666666666666,0
387,1.0,0,36.0,0.6666666666666666,9,6,6,0,3,12,12,9.0,82.0,0,6.0,24.0,6.0,0.0,6,18,12,0.6666666666666666,0.6666666666666666,0.6666666666666666,0
388,1.0,0,36.0,0.6666666666666666,9,6,6,0,3,12,12,9.0,82.0,0,6.0,24.0,6.0,0.0,6,18,12,0.6666666666666666,0.6666666666666666,0.6666666666666666,0
389,1.0,0,36.0,0.6666666666666666,9,6,6,0,3,12,12,9.0,82.0,0,6.0,24.0,6.0,0.0,6,18,12,0.6666666666666666,0.6666666666666666,0.6666666666666666,0
390,1.0,0,36.0,0.6666666666666666,9,6,6,0,3,12,12,9.0,82.0,0,6.0,24.0,6.0,0.0,6,18,12,0.6666666666666666,0.6666666666666666,0.6666666666666666,0
391,1.0,0,36.0,0.6666666666666666,9,6,6,0,3,12,12,9.0,82.0,0,6.0,24.0,6.0,0.0,6,18,12,0.6666666666666666,0.6666666666666666,0.6666666666666666,0
392,0.9931703430566002,1,31.595868332097183,0.5851086728166145,9,6,5,1,3,12,10,9.0,84.92066106805325,0,6.0,20.595868332097183,6.0,1.0,5,18,10,0.6666666666666666,0.5555555555555556,0.5555555555555556,0
393,0.9840773885779696,1,32.63778630853464,0.604403450158049,9,6,5,1,3,12,10,9.0,82.56935764669296,0,6.0,21.637786308534643,6.0,1.0,5,18,10,0.6666666666666666,0.5555555555555556,0.5555555555555556,0
394,0.9901407931185567,1,32.08826108328071,0.594227057097791,9,6,5,1,3,12,10,9.0,83.99201312579146,0,6.0,21.088261083280713,6.0,1.0,5,18,10,0.6666666666666666,0.5555555555555556,0.5555555555555556,0
395,0.985692689940639,1,31.873136257423425,0.5902432640263597,9,6,5,1,3,12,10,9.0,83.56661109402859,0,6.0,20.873136257423425,6.0,1.0,5,18,10,0.6666666666666666,0.5555555555555556,0.5555555555555556,0
396,0.9899764534434213,1,32.0048475225867,0.5926823615293834,9,6,5,1,3,12,10,9.0,84.05176177326595,0,6.0,21.0048475225867,6.0,1.0,5,18,10,0.6666666666666666,0.5555555555555556,0.5555555555555556,0
397,1.0,0,36.0,0.6666666666666666,9,6,6,0,3,12,12,9.0,82.0,0,6.0,24.0,6.0,0.0,6,18,12,0.6666666666666666,0.6666666666666666,0.6666666666666666,0
398,1.0,0,36.0,0.6666666666666666,9,6,6,0,3,12,12,9.0,82.0,0,6.0,24.0,6.0,0.0,6,18,12,0.6666666666666666,0.6666666666666666,0.6666666666666666,0
399,0.9953299302402695,1,35.050482508586896,0.6490830094182759,9,6,5,1,3,12,10,9.0,81.80226870030535,0,6.0,24.0,6.0,0.9495174914131042,6,18,12,0.6666666666666666,0.6666666666666666,0.5555555555555556,0
400,1.0,0,36.0,0.6666666666666666,9,6,6,0,3,12,12,9.0,82.0,0,6.0,24.0,6.0,0.0,6,18,12,0.6666666666666666,0.6666666666666666,0.6666666666666666,0
401,1.0,0,36.0,0.6666666666666666,9,6,6,0,3,12,12,9.0,82.0,0,6.0,24.0,6.0,0.0,6,18,12,0.6666666666666666,0.6666666666666666,0.6666666666666666,0
402,1.0,0,36.0,0.6666666666666666,9,6,6,0,3,12,12,9.0,82.0,0,6.0,24.0,6.0,0.0,6,18,12,0.6666666666666666,0.6666666666666666,0.6666666666666666,0
403,1.0,0,36.0,0.6666666666666666,9,6,6,0,3,12,12,9.0,82.0,0,6.0,24.0,6.0,0.0,6,18,12,0.6666666666666666,0.6666666666666666,0.6666666666666666,0
404,0.9940601658439969,1,35.35198392460383,0.654666368974145,9,6,5,1,3,12,10,9.0,81.46867191923366,0,6.0,24.0,6.0,0.6480160753961712,6,18,12,0.6666666666666666,0.6666666666666666,0.5555555555555556,0
405,0.9602867970013149,3,23.851533299496595,0.4416950611017888,9,6,3,3,3,12,6,9.0,87.07130557695302,0,5.7169197834794545,15.13461351601714,5.7169197834794545,2.7169197834794545,3,18,6,0.6666666666666666,0.3333333333333333,0.3333333333333333,0
406,1.0,0,36.0,0.6666666666666666,9,6,6,0,3,12,12,9.0,82.0,0,6.0,24.0,6.0,0.0,6,18,12,0.6666666666666666,0.6666666666666666,0.6666666666666666,0
407,0.9847622530696634,1,30.40907125036418,0.5631309490808181,9,6,5,1,3,12,10,9.0,85.19215756648525,0,5.409071250364178,20.0,5.409071250364178,0.40907125036417824,5,18,10,0.6666666666666666,0.5555555555555556,0.5555555555555556,0
408,1.0,0,36.0,0.6666666666666666,9,6,6,0,3,12,12,9.0,82.0,0,6.0,24.0,6.0,0.0,6,18,12,0.6666666666666666,0.6666666666666666,0.6666666666666666,0
409,0.9856941268994299,1,33.958490619986634,0.6288609374071599,9,6,5,1,3,12,10,9.0,81.48146365353129,0,6.0,22.958490619986634,6.0,1.0,5,18,10,0.6666666666666666,0.5555555555555556,0.5555555555555556,0
410,0.9668366114296296,1,26.4306763871229,0.4894569701319056,9,5,4,1,4,10,8,8.0,87.29379565874376,0,5.0,17.4306763871229,5.0,1.0,4,18,8,0.5555555555555556,0.4444444444444444,0.4444444444444444,0
411,1.0,0,36.0,0.6666666666666666,9,6,6,0,3,12,12,9.0,82.0,0,6.0,24.0,6.0,0.0,6,18,12,0.6666666666666666,0.6666666666666666,0.6666666666666666,0
412,0.9930264188807469,1,33.833219844013314,0.6265411082224688,9,6,5,1,3,12,10,9.0,82.66258447481427,0,6.0,22.833219844013314,6.0,1.0,5,18,10,0.6666666666666666,0.5555555555555556,0.5555555555555556,0
413,1.0,0,36.0,0.6666666666666666,9,6,6,0,3,12,12,9.0,82.0,0,6.0,24.0,6.0,0.0,6,18,12,0.6666666666666666,0.6666666666666666,0.6666666666666666,0
414,1.0,0,36.0,0.6666666666666666,9,6,6,0,3,12,12,9.0,82.0,0,6.0,24.0,6.0,0.0,6,18,12,0.6666666666666666,0.6666666666666666,0.6666666666666666,0
415,1.0,0,36.0,0.6666666666666666,9,6,6,0,3,12,12,9.0,82.0,0,6.0,24.0,6.0,0.0,6,18,12,0.6666666666666666,0.6666666666666666,0.6666666666666666,0
416,1.0,0,36.0,0.6666666666666666,9,6,6,0,3,12,12,9.0,82.0,0,6.0,24.0,6.0,0.0,6,18,12,0.6666666666666666,0.6666666666666666,0.6666666666666666,0
417,1.0,0,36.0,0.6666666666666666,9,6,6,0,3,12,12,9.0,82.0,0,6.0,24.0,6.0,0.0,6,18,12,0.6666666666666666,0.6666666666666666,0.6666666666666666,0
418,0.9617836265505532,1,35.381568111515804,0.6552142242873297,9,6,5,1,3,12,10,9.0,76.80605816752174,0,6.0,24.0,6.0,0.6184318884841957,6,18,12,0.6666666666666666,0.6666666666666666,0.5555555555555556,0
419,1.0,0,36.0,0.6666666666666666,9,6,6,0,3,12,12,9.0,82.0,0,6.0,24.0,6.0,0.0,6,18,12,0.6666666666666666,0.6666666666666666,0.6666666666666666,0
420,1.0,0,36.0,0.6666666666666666,9,6,6,0,3,12,12,9.0,82.0,0,6.0,24.0,6.0,0.0,6,18,12,0.6666666666666666,0.6666666666666666,0.6666666666666666,0
421,1.0,0,36.0,0.6666666666666666,9,6,6,0,3,12,12,9.0,82.0,0,6.0,24.0,6.0,0.0,6,18,12,0.6666666666666666,0.6666666666666666,0.6666666666666666,0
422,0.9908646465404058,1,35.01444264501413,0.6484156045372986,9,6,5,1,3,12,10,9.0,81.17728777931138,0,6.0,24.0,6.0,0.9855573549858718,6,18,12,0.6666666666666666,0.6666666666666666,0.5555555555555556,0
423,1.0,0,36.0,0.6666666666666666,9,6,6,0,3,12,12,9.0,82.0,0,6.0,24.0,6.0,0.0,6,18,12,0.6666666666666666,0.6666666666666666,0.6666666666666666,0
424,0.995377130569994,1,32.045042152607294,0.5934267065297647,9,6,5,1,3,12,10,9.0,84.78926464947185,0,6.0,21.045042152607294,6.0,1.0,5,18,10,0.6666666666666666,0.5555555555555556,0.5555555555555556,0
425,1.0,0,36.0,0.6666666666666666,9,6,6,0,3,12,12,9.0,82.0,0,6.0,24.0,6.0,0.0,6,18,12,0.6666666666666666,0.6666666666666666,0.6666666666666666,0
426,1.0,0,36.0,0.6666666666666666,9,6,6,0,3,12,12,9.0,82.0,0,6.0,24.0,6.0,0.0,6,18,12,0.6666666666666666,0.6666666666666666,0.6666666666666666,0
427,1.0,0,36.0,0.6666666666666666,9,6,6,0,3,12,12,9.0,82.0,0,6.0,24.0,6.0,0.0,6,18,12,0.6666666666666666,0.6666666666666666,0.6666666666666666,0
428,1.0,0,36.0,0.6666666666666666,9,6,6,0,3,12,12,9.0,82.0,0,6.0,24.0,6.0,0.0,6,18,12,0.6666666666666666,0.6666666666666666,0.6666666666666666,0
429,0.995521217709028,1,30.157933600135593,0.5584802518543628,9,6,5,1,3,12,10,9.0,87.11815494989665,0,5.157933600135593,20.0,5.157933600135593,0.15793360013559266,5,18,10,0.6666666666666666,0.5555555555555556,0.5555555555555556,0
430,1.0,0,36.0,0.6666666666666666,9,6,6,0,3,12,12,9.0,82.0,0,6.0,24.0,6.0,0.0,6,18,12,0.6666666666666666,0.6666666666666666,0.6666666666666666,0
431,1.0,0,36.0,0.6666666666666666,9,6,6,0,3,12,12,9.0,82.0,0,6.0,24.0,6.0,0.0,6,18,12,0.6666666666666666,0.6666666666666666,0.6666666666666666,0
432,1.0,0,36.0,0.6666666666666666,9,6,6,0,3,12,12,9.0,82.0,0,6.0,24.0,6.0,0.0,6,18,12,0.6666666666666666,0.6666666666666666,0.6666666666666666,0
433,0.9703073188748446,2,27.297629072613987,0.5055116494928517,9,6,4,2,3,12,8,9.0,85.42662484536365,0,6.0,17.297629072613987,6.0,2.0,4,18,8,0.6666666666666666,0.4444444444444444,0.4444444444444444,0
434,1.0,0,36.0,0.6666666666666666,9,6,6,0,3,12,12,9.0,82.0,0,6.0,24.0,6.0,0.0,6,18,12,0.6666666666666666,0.6666666666666666,0.6666666666666666,0
435,1.0,0,36.0,0.6666666666666666,9,6,6,0,3,12,12,9.0,82.0,0,6.0,24.0,6.0,0.0,6,18,12,0.6666666666666666,0.6666666666666666,0.6666666666666666,0
436,1.0,0,36.0,0.6666666666666666,9,6,6,0,3,12,12,9.0,82.0,0,6.0,24.0,6.0,0.0,6,18,12,0.6666666666666666,0.6666666666666666,0.6666666666666666,0
437,1.0,0,36.0,0.6666666666666666,9,6,6,0,3,12,12,9.0,82.0,0,6.0,24.0,6.0,0.0,6,18,12,0.6666666666666666,0.6666666666666666,0.6666666666666666,0
438,1.0,0,36.0,0.6666666666666666,9,6,6,0,3,12,12,9.0,82.0,0,6.0,24.0,6.0,0.0,6,18,12,0.6666666666666666,0.6666666666666666,0.6666666666666666,0
439,1.0,0,36.0,0.6666666666666666,9,6,6,0,3,12,12,9.0,82.0,0,6.0,24.0,6.0,0.0,6,18,12,0.6666666666666666,0.6666666666666666,0.6666666666666666,0
440,1.0,0,36.0,0.6666666666666666,9,6,6,0,3,12,12,9.0,82.0,0,6.0,24.0,6.0,0.0,6,18,12,0.6666666666666666,0.6666666666666666,0.6666666666666666,0
441,0.976083582896278,1,31.449372824948824,0.5823957930546079,9,6,5,1,3,12,10,9.0,82.60666311211519,0,6.0,20.449372824948824,6.0,1.0,5,18,10,0.6666666666666666,0.5555555555555556,0.5555555555555556,0
442,1.0,0,36.0,0.6666666666666666,9,6,6,0,3,12,12,9.0,82.0,0,6.0,24.0,6.0,0.0,6,18,12,0.6666666666666666,0.6666666666666666,0.6666666666666666,0
443,0.9926961365979834,1,30.898931448839548,0.5722024342377694,9,6,5,1,3,12,10,9.0,85.59984649685028,0,5.898931448839548,20.0,5.898931448839548,0.8989314488395479,5,18,10,0.6666666666666666,0.5555555555555556,0.5555555555555556,0
444,0.9951135267007574,1,32.2116631973388,0.5965122814322,9,6,5,1,3,12,10,9.0,84.58468464757024,0,6.0,21.2116631973388,6.0,1.0,5,18,10,0.6666666666666666,0.5555555555555556,0.5555555555555556,0
445,0.9862283426147194,1,32.615628272736316,0.6039931161617836,9,6,5,1,3,12,10,9.0,82.90125306378326,0,6.0,21.615628272736316,6.0,1.0,5,18,10,0.6666666666666666,0.5555555555555556,0.5555555555555556,0
446,1.0,0,36.0,0.6666666666666666,9,6,6,0,3,12,12,9.0,82.0,0,6.0,24.0,6.0,0.0,6,18,12,0.6666666666666666,0.6666666666666666,0.6666666666666666,0
447,1.0,0,36.0,0.6666666666666666,9,6,6,0,3,12,12,9.0,82.0,0,6.0,24.0,6.0,0.0,6,18,12,0.6666666666666666,0.6666666666666666,0.6666666666666666,0
448,1.0,0,36.0,0.6666666666666666,9,6,6,0,3,12,12,9.0,82.0,0,6.0,24.0,6.0,0.0,6,18,12,0.6666666666666666,0.6666666666666666,0.6666666666666666,0
449,1.0,0,36.0,0.6666666666666666,9,6,6,0,3,12,12,9.0,82.0,0,6.0,24.0,6.0,0.0,6,18,12,0.6666666666666666,0.6666666666666666,0.6666666666666666,0
450,1.0,0,36.0,0.6666666666666666,9,6,6,0,3,12,12,9.0,82.0,0,6.0,24.0,6.0,0.0,6,18,12,0.6666666666666666,0.6666666666666666,0.6666666666666666,0
451,0.9935646815550668,1,32.37508621176195,0.5995386335511473,9,6,5,1,3,12,10,9.0,84.19822793216768,0,6.0,21.375086211761953,6.0,1.0,5,18,10,0.6666666666666666,0.5555555555555556,0.5555555555555556,0
452,1.0,0,36.0,0.6666666666666666,9,6,6,0,3,12,12,9.0,82.0,0,6.0,24.0,6.0,0.0,6,18,12,0.6666666666666666,0.6666666666666666,0.6666666666666666,0
453,1.0,0,36.0,0.6666666666666666,9,6,6,0,3,12,12,9.0,82.0,0,6.0,24.0,6.0,0.0,6,18,12,0.6666666666666666,0.6666666666666666,0.6666666666666666,0
454,0.9859713060897634,1,31.05073897649601,0.5750136847499261,9,6,5,1,3,12,10,9.0,84.42912910042993,0,6.0,20.05073897649601,5.9999999999999964,0.9999999999999964,5,18,10,0.6666666666666666,0.5555555555555556,0.5555555555555556,0
455,0.9845899270283537,1,34.10103888888085,0.6315007201644602,9,6,5,1,3,12,10,9.0,81.17991060320206,0,6.0,23.10103888888085,6.0,1.0,5,18,10,0.6666666666666666,0.5555555555555556,0.5555555555555556,0
456,0.9671841474436322,1,25.59082620659997,0.4739041890111106,9,5,4,1,4,10,8,8.0,88.18369102528305,0,5.0,16.59082620659997,5.0,1.0,4,18,8,0.5555555555555556,0.4444444444444444,0.4444444444444444,0
457,0.9768120352952047,1,35.21736549310482,0.6521734350574967,9,6,5,1,3,12,10,9.0,79.05225033595707,0,6.0,24.0,6.0,0.7826345068951781,6,18,12,0.6666666666666666,0.6666666666666666,0.5555555555555556,0
458,1.0,0,36.0,0.6666666666666666,9,6,6,0,3,12,12,9.0,82.0,0,6.0,24.0,6.0,0.0,6,18,12,0.6666666666666666,0.6666666666666666,0.6666666666666666,0
459,1.0,0,36.0,0.6666666666666666,9,6,6,0,3,12,12,9.0,82.0,0,6.0,24.0,6.0,0.0,6,18,12,0.6666666666666666,0.6666666666666666,0.6666666666666666,0
460,1.0,0,36.0,0.6666666666666666,9,6,6,0,3,12,12,9.0,82.0,0,6.0,24.0,6.0,0.0,6,18,12,0.6666666666666666,0.6666666666666666,0.6666666666666666,0
461,1.0,0,36.0,0.6666666666666666,9,6,6,0,3,12,12,9.0,82.0,0,6.0,24.0,6.0,0.0,6,18,12,0.6666666666666666,0.6666666666666666,0.6666666666666666,0
462,0.9953630006000055,1,33.317606862576575,0.616992719677344,9,6,5,1,3,12,10,9.0,83.51466522382422,0,6.0,22.317606862576575,6.0,1.0,5,18,10,0.6666666666666666,0.5555555555555556,0.5555555555555556,0
463,1.0,0,36.0,0.6666666666666666,9,6,6,0,3,12,12,9.0,82.0,0,6.0,24.0,6.0,0.0,6,18,12,0.6666666666666666,0.6666666666666666,0.6666666666666666,0
464,1.0,0,36.0,0.6666666666666666,9,6,6,0,3,12,12,9.0,82.0,0,6.0,24.0,6.0,0.0,6,18,12,0.6666666666666666,0.6666666666666666,0.6666666666666666,0
465,1.0,0,36.0,0.6666666666666666,9,6,6,0,3,12,12,9.0,82.0,0,6.0,24.0,6.0,0.0,6,18,12,0.6666666666666666,0.6666666666666666,0.6666666666666666,0
466,1.0,0,36.0,0.6666666666666666,9,6,6,0,3,12,12,9.0,82.0,0,6.0,24.0,6.0,0.0,6,18,12,0.6666666666666666,0.6666666666666666,0.6666666666666666,0
467,1.0,0,36.0,0.6666666666666666,9,6,6,0,3,12,12,9.0,82.0,0,6.0,24.0,6.0,0.0,6,18,12,0.6666666666666666,0.6666666666666666,0.6666666666666666,0
468,1.0,0,36.0,0.6666666666666666,9,6,6,0,3,12,12,9.0,82.0,0,6.0,24.0,6.0,0.0,6,18,12,0.6666666666666666,0.6666666666666666,0.6666666666666666,0
469,0.9048951885417504,1,35.04663404265588,0.6490117415306644,9,6,5,1,3,12,10,9.0,68.78159012868414,0,6.0,24.0,6.0,0.9533659573441184,6,18,12,0.6666666666666666,0.6666666666666666,0.5555555555555556,0
470,1.0,0,36.0,0.6666666666666666,9,6,6,0,3,12,12,9.0,82.0,0,6.0,24.0,6.0,0.0,6,18,12,0.6666666666666666,0.6666666666666666,0.6666666666666666,0
471,1.0,0,36.0,0.6666666666666666,9,6,6,0,3,12,12,9.0,82.0,0,6.0,24.0,6.0,0.0,6,18,12,0.6666666666666666,0.6666666666666666,0.6666666666666666,0
472,1.0,0,36.0,0.6666666666666666,9,6,6,0,3,12,12,9.0,82.0,0,6.0,24.0,6.0,0.0,6,18,12,0.6666666666666666,0.6666666666666666,0.6666666666666666,0
473,1.0,0,36.0,0.6666666666666666,9,6,6,0,3,12,12,9.0,82.0,0,6.0,24.0,6.0,0.0,6,18,12,0.6666666666666666,0.6666666666666666,0.6666666666666666,0
474,1.0,0,36.0,0.6666666666666666,9,6,6,0,3,12,12,9.0,82.0,0,6.0,24.0,6.0,0.0,6,18,12,0.6666666666666666,0.6666666666666666,0.6666666666666666,0
475,1.0,0,36.0,0.6666666666666666,9,6,6,0,3,12,12,9.0,82.0,0,6.0,24.0,6.0,0.0,6,18,12,0.6666666666666666,0.6666666666666666,0.6666666666666666,0
476,1.0,0,36.0,0.6666666666666666,9,6,6,0,3,12,12,9.0,82.0,0,6.0,24.0,6.0,0.0,6,18,12,0.6666666666666666,0.6666666666666666,0.6666666666666666,0
477,1.0,0,36.0,0.6666666666666666,9,6,6,0,3,12,12,9.0,82.0,0,6.0,24.0,6.0,0.0,6,18,12,0.6666666666666666,0.6666666666666666,0.6666666666666666,0
478,1.0,0,36.0,0.6666666666666666,9,6,6,0,3,12,12,9.0,82.0,0,6.0,24.0,6.0,0.0,6,18,12,0.6666666666666666,0.6666666666666666,0.6666666666666666,0
479,1.0,0,36.0,0.6666666666666666,9,6,6,0,3,12,12,9.0,82.0,0,6.0,24.0,6.0,0.0,6,18,12,0.6666666666666666,0.6666666666666666,0.6666666666666666,0
480,1.0,0,36.0,0.6666666666666666,9,6,6,0,3,12,12,9.0,82.0,0,6.0,24.0,6.0,0.0,6,18,12,0.6666666666666666,0.6666666666666666,0.6666666666666666,0
481,1.0,0,36.0,0.6666666666666666,9,6,6,0,3,12,12,9.0,82.0,0,6.0,24.0,6.0,0.0,6,18,12,0.6666666666666666,0.6666666666666666,0.6666666666666666,0
482,0.9772820685041788,1,30.861223557230574,0.5715041399487143,9,6,5,1,3,12,10,9.0,83.43678252875588,0,5.8612235572305735,20.0,5.8612235572305735,0.8612235572305735,5,18,10,0.6666666666666666,0.5555555555555556,0.5555555555555556,0
483,1.0,0,36.0,0.6666666666666666,9,6,6,0,3,12,12,9.0,82.0,0,6.0,24.0,6.0,0.0,6,18,12,0.6666666666666666,0.6666666666666666,0.6666666666666666,0
484,0.9890457031885455,1,32.41091922416554,0.6002022078549174,9,6,5,1,3,12,10,9.0,83.51166203498502,0,6.0,21.41091922416554,6.0,1.0,5,18,10,0.6666666666666666,0.5555555555555556,0.5555555555555556,0
485,1.0,0,36.0,0.6666666666666666,9,6,6,0,3,12,12,9.0,82.0,0,6.0,24.0,6.0,0.0,6,18,12,0.6666666666666666,0.6666666666666666,0.6666666666666666,0
486,0.9931178913777686,1,32.63881522935401,0.6044225042472965,9,6,5,1,3,12,10,9.0,83.87016112904467,0,6.0,21.63881522935401,6.0,1.0,5,18,10,0.6666666666666666,0.5555555555555556,0.5555555555555556,0
487,1.0,0,36.0,0.6666666666666666,9,6,6,0,3,12,12,9.0,82.0,0,6.0,24.0,6.0,0.0,6,18,12,0.6666666666666666,0.6666666666666666,0.6666666666666666,0
488,1.0,0,36.0,0.6666666666666666,9,6,6,0,3,12,12,9.0,82.0,0,6.0,24.0,6.0,0.0,6,18,12,0.6666666666666666,0.6666666666666666,0.6666666666666666,0
489,1.0,0,36.0,0.6666666666666666,9,6,6,0,3,12,12,9.0,82.0,0,6.0,24.0,6.0,0.0,6,18,12,0.6666666666666666,0.6666666666666666,0.6666666666666666,0
490,1.0,0,36.0,0.6666666666666666,9,6,6,0,3,12,12,9.0,82.0,0,6.0,24.0,6.0,0.0,6,18,12,0.6666666666666666,0.6666666666666666,0.6666666666666666,0
491,1.0,0,36.0,0.6666666666666666,9,6,6,0,3,12,12,9.0,82.0,0,6.0,24.0,6.0,0.0,6,18,12,0.6666666666666666,0.6666666666666666,0.6666666666666666,0
492,1.0,0,36.0,0.6666666666666666,9,6,6,0,3,12,12,9.0,82.0,0,6.0,24.0,6.0,0.0,6,18,12,0.6666666666666666,0.6666666666666666,0.6666666666666666,0
493,1.0,0,36.0,0.6666666666666666,9,6,6,0,3,12,12,9.0,82.0,0,6.0,24.0,6.0,0.0,6,18,12,0.6666666666666666,0.6666666666666666,0.6666666666666666,0
494,1.0,0,36.0,0.6666666666666666,9,6,6,0,3,12,12,9.0,82.0,0,6.0,24.0,6.0,0.0,6,18,12,0.6666666666666666,0.6666666666666666,0.6666666666666666,0
495,1.0,0,36.0,0.6666666666666666,9,6,6,0,3,12,12,9.0,82.0,0,6.0,24.0,6.0,0.0,6,18,12,0.6666666666666666,0.6666666666666666,0.6666666666666666,0
496,0.9854649851387942,1,31.67022640078676,0.5864856740886437,9,6,5,1,3,12,10,9.0,83.7367314591996,0,6.0,20.67022640078676,6.0,1.0,5,18,10,0.6666666666666666,0.5555555555555556,0.5555555555555556,0
497,1.0,0,36.0,0.6666666666666666,9,6,6,0,3,12,12,9.0,82.0,0,6.0,24.0,6.0,0.0,6,18,12,0.6666666666666666,0.6666666666666666,0.6666666666666666,0
498,0.9577189290842002,2,26.711460476356947,0.4946566754880916,9,6,4,2,3,12,8,9.0,84.29410178789412,0,5.8119270477475595,16.899533428609388,5.8119270477475595,1.8119270477475595,4,18,8,0.6666666666666666,0.4444444444444444,0.4444444444444444,0
499,1.0,0,36.0,0.6666666666666666,9,6,6,0,3,12,12,9.0,82.0,0,6.0,24.0,6.0,0.0,6,18,12,0.6666666666666666,0.6666666666666666,0.6666666666666666,0
500,1.0,0,36.0,0.6666666666666666,9,6,6,0,3,12,12,9.0,82.0,0,6.0,24.0,6.0,0.0,6,18,12,0.6666666666666666,0.6666666666666666,0.6666666666666666,0
501,0.9238878106222818,2,23.180590271517357,0.4292701902132844,9,5,3,2,4,10,6,8.0,83.85925445809123,0,5.0,15.180590271517357,5.0,2.0,3,18,6,0.5555555555555556,0.3333333333333333,0.3333333333333333,0
502,1.0,0,36.0,0.6666666666666666,9,6,6,0,3,12,12,9.0,82.0,0,6.0,24.0,6.0,0.0,6,18,12,0.6666666666666666,0.6666666666666666,0.6666666666666666,0
503,1.0,0,36.0,0.6666666666666666,9,6,6,0,3,12,12,9.0,82.0,0,6.0,24.0,6.0,0.0,6,18,12,0.6666666666666666,0.6666666666666666,0.6666666666666666,0
504,1.0,0,36.0,0.6666666666666666,9,6,6,0,3,12,12,9.0,82.0,0,6.0,24.0,6.0,0.0,6,18,12,0.6666666666666666,0.6666666666666666,0.6666666666666666,0
505,0.9786576998136916,1,35.75693897082607,0.6621655364967791,9,6,5,1,3,12,10,9.0,79.04823928775856,0,6.0,24.0,6.0,0.2430610291739299,6,18,12,0.6666666666666666,0.6666666666666666,0.5555555555555556,0
506,1.0,0,36.0,0.6666666666666666,9,6,6,0,3,12,12,9.0,82.0,0,6.0,24.0,6.0,0.0,6,18,12,0.6666666666666666,0.6666666666666666,0.6666666666666666,0
507,1.0,0,36.0,0.6666666666666666,9,6,6,0,3,12,12,9.0,82.0,0,6.0,24.0,6.0,0.0,6,18,12,0.6666666666666666,0.6666666666666666,0.6666666666666666,0
508,1.0,0,36.0,0.6666666666666666,9,6,6,0,3,12,12,9.0,82.0,0,6.0,24.0,6.0,0.0,6,18,12,0.6666666666666666,0.6666666666666666,0.6666666666666666,0
509,1.0,0,36.0,0.6666666666666666,9,6,6,0,3,12,12,9.0,82.0,0,6.0,24.0,6.0,0.0,6,18,12,0.6666666666666666,0.6666666666666666,0.6666666666666666,0
510,1.0,0,36.0,0.6666666666666666,9,6,6,0,3,12,12,9.0,82.0,0,6.0,24.0,6.0,0.0,6,18,12,0.6666666666666666,0.6666666666666666,0.6666666666666666,0
511,0.9938204249710382,1,32.8735052442673,0.6087686156345796,9,6,5,1,3,12,10,9.0,83.73663595156222,0,6.0,21.8735052442673,6.0,1.0,5,18,10,0.6666666666666666,0.5555555555555556,0.5555555555555556,0
512,1.0,0,36.0,0.6666666666666666,9,6,6,0,3,12,12,9.0,82.0,0,6.0,24.0,6.0,0.0,6,18,12,0.6666666666666666,0.6666666666666666,0.6666666666666666,0
513,1.0,0,36.0,0.6666666666666666,9,6,6,0,3,12,12,9.0,82.0,0,6.0,24.0,6.0,0.0,6,18,12,0.6666666666666666,0.6666666666666666,0.6666666666666666,0
514,1.0,0,36.0,0.6666666666666666,9,6,6,0,3,12,12,9.0,82.0,0,6.0,24.0,6.0,0.0,6,18,12,0.6666666666666666,0.6666666666666666,0.6666666666666666,0
515,1.0,0,36.0,0.6666666666666666,9,6,6,0,3,12,12,9.0,82.0,0,6.0,24.0,6.0,0.0,6,18,12,0.6666666666666666,0.6666666666666666,0.6666666666666666,0
516,0.9888641621758578,1,31.392399823948914,0.5813407374805354,9,6,5,1,3,12,10,9.0,84.50403952937462,0,6.0,20.392399823948914,6.0,1.0,5,18,10,0.6666666666666666,0.5555555555555556,0.5555555555555556,0
517,1.0,0,36.0,0.6666666666666666,9,6,6,0,3,12,12,9.0,82.0,0,6.0,24.0,6.0,0.0,6,18,12,0.6666666666666666,0.6666666666666666,0.6666666666666666,0
518,1.0,0,36.0,0.6666666666666666,9,6,6,0,3,12,12,9.0,82.0,0,6.0,24.0,6.0,0.0,6,18,12,0.6666666666666666,0.6666666666666666,0.6666666666666666,0
519,1.0,0,36.0,0.6666666666666666,9,6,6,0,3,12,12,9.0,82.0,0,6.0,24.0,6.0,0.0,6,18,12,0.6666666666666666,0.6666666666666666,0.6666666666666666,0
520,0.9809057745443295,2,32.18988577308755,0.5961089957979177,9,6,4,2,3,12,8,9.0,82.40961196118188,0,6.0,21.49175337331556,6.0,1.3018676002280074,5,18,10,0.6666666666666666,0.5555555555555556,0.4444444444444444,0
521,0.9574919808775321,1,31.078814950746207,0.5755336101990038,9,6,5,1,3,12,10,9.0,80.3000302956184,0,6.0,20.078814950746207,6.0,1.0,5,18,10,0.6666666666666666,0.5555555555555556,0.5555555555555556,0
522,1.0,0,36.0,0.6666666666666666,9,6,6,0,3,12,12,9.0,82.0,0,6.0,24.0,6.0,0.0,6,18,12,0.6666666666666666,0.6666666666666666,0.6666666666666666,0
523,1.0,0,36.0,0.6666666666666666,9,6,6,0,3,12,12,9.0,82.0,0,6.0,24.0,6.0,0.0,6,18,12,0.6666666666666666,0.6666666666666666,0.6666666666666666,0
524,0.9681334700153944,1,34.88665117770529,0.6460490958834313,9,6,5,1,3,12,10,9.0,78.0245685045115,0,6.0,23.88665117770529,6.0,1.0,5,18,10,0.6666666666666666,0.5555555555555556,0.5555555555555556,0
525,1.0,0,36.0,0.6666666666666666,9,6,6,0,3,12,12,9.0,82.0,0,6.0,24.0,6.0,0.0,6,18,12,0.6666666666666666,0.6666666666666666,0.6666666666666666,0
526,0.9754749926432505,2,32.097673963466804,0.5944013696938297,9,6,4,2,3,12,8,9.0,81.37072497716127,0,6.0,22.097673963466804,6.0,2.0,4,18,8,0.6666666666666666,0.4444444444444444,0.4444444444444444,0
527,1.0,0,36.0,0.6666666666666666,9,6,6,0,3,12,12,9.0,82.0,0,6.0,24.0,6.0,0.0,6,18,12,0.6666666666666666,0.6666666666666666,0.6666666666666666,0
528,1.0,0,36.0,0.6666666666666666,9,6,6,0,3,12,12,9.0,82.0,0,6.0,24.0,6.0,0.0,6,18,12,0.6666666666666666,0.6666666666666666,0.6666666666666666,0
529,0.9464471838764994,1,31.489092187545523,0.5831313368063986,9,6,5,1,3,12,10,9.0,78.29930229067037,0,6.0,20.489092187545523,6.0,1.0,5,18,10,0.6666666666666666,0.5555555555555556,0.5555555555555556,0
530,1.0,0,36.0,0.6666666666666666,9,6,6,0,3,12,12,9.0,82.0,0,6.0,24.0,6.0,0.0,6,18,12,0.6666666666666666,0.6666666666666666,0.6666666666666666,0
531,1.0,0,36.0,0.6666666666666666,9,6,6,0,3,12,12,9.0,82.0,0,6.0,24.0,6.0,0.0,6,18,12,0.6666666666666666,0.6666666666666666,0.6666666666666666,0
532,1.0,0,36.0,0.6666666666666666,9,6,6,0,3,12,12,9.0,82.0,0,6.0,24.0,6.0,0.0,6,18,12,0.6666666666666666,0.6666666666666666,0.6666666666666666,0
533,0.9999137195712033,1,30.01677726966488,0.5558662457345348,9,6,5,1,3,12,10,9.0,87.96240971375599,0,5.016777269664878,20.0,5.016777269664878,0.016777269664878247,5,18,10,0.6666666666666666,0.5555555555555556,0.5555555555555556,0
534,1.0,0,36.0,0.6666666666666666,9,6,6,0,3,12,12,9.0,82.0,0,6.0,24.0,6.0,0.0,6,18,12,0.6666666666666666,0.6666666666666666,0.6666666666666666,0
535,0.9916671192269467,1,32.80543962311597,0.6075081411688144,9,6,5,1,3,12,10,9.0,83.49462554556436,0,6.0,21.805439623115973,6.0,1.0,5,18,10,0.6666666666666666,0.5555555555555556,0.5555555555555556,0
536,1.0,0,36.0,0.6666666666666666,9,6,6,0,3,12,12,9.0,82.0,0,6.0,24.0,6.0,0.0,6,18,12,0.6666666666666666,0.6666666666666666,0.6666666666666666,0
537,0.9685214714292832,2,28.14418149335825,0.5211885461733009,9,6,4,2,3,12,8,9.0,84.78564767768843,0,5.074525429540234,19.069656063818016,5.074525429540234,1.074525429540234,4,18,8,0.6666666666666666,0.4444444444444444,0.4444444444444444,0
538,1.0,0,36.0,0.6666666666666666,9,6,6,0,3,12,12,9.0,82.0,0,6.0,24.0,6.0,0.0,6,18,12,0.6666666666666666,0.6666666666666666,0.6666666666666666,0
539,1.0,0,36.0,0.6666666666666666,9,6,6,0,3,12,12,9.0,82.0,0,6.0,24.0,6.0,0.0,6,18,12,0.6666666666666666,0.6666666666666666,0.6666666666666666,0
540,0.9566981072561335,1,26.953947235665453,0.4991471710308417,9,5,4,1,4,10,8,8.0,85.31058020921776,0,5.0,17.953947235665453,5.0,1.0,4,18,8,0.5555555555555556,0.4444444444444444,0.4444444444444444,0
541,0.9677400417026129,2,31.557902534791964,0.5844056024961475,9,6,4,2,3,12,8,9.0,80.8661521721759,0,6.0,21.418925131208766,6.0,1.8610225964168023,5,18,10,0.6666666666666666,0.5555555555555556,0.4444444444444444,0
542,1.0,0,36.0,0.6666666666666666,9,6,6,0,3,12,12,9.0,82.0,0,6.0,24.0,6.0,0.0,6,18,12,0.6666666666666666,0.6666666666666666,0.6666666666666666,0
543,0.9836431934946942,1,31.568244395653128,0.5845971184380209,9,6,5,1,3,12,10,9.0,83.57637546758284,0,6.0,20.568244395653128,5.9999999999999964,0.9999999999999964,5,18,10,0.6666666666666666,0.5555555555555556,0.5555555555555556,0
544,1.0,0,36.0,0.6666666666666666,9,6,6,0,3,12,12,9.0,82.0,0,6.0,24.0,6.0,0.0,6,18,12,0.6666666666666666,0.6666666666666666,0.6666666666666666,0
545,1.0,0,36.0,0.6666666666666666,9,6,6,0,3,12,12,9.0,82.0,0,6.0,24.0,6.0,0.0,6,18,12,0.6666666666666666,0.6666666666666666,0.6666666666666666,0
546,0.9299014324109335,1,27.884805199751717,0.5163852814768837,9,5,4,1,4,10,8,8.0,80.52100106742272,0,5.0,18.884805199751717,5.0,1.0,4,18,8,0.5555555555555556,0.4444444444444444,0.4444444444444444,0
547,1.0,0,36.0,0.6666666666666666,9,6,6,0,3,12,12,9.0,82.0,0,6.0,24.0,6.0,0.0,6,18,12,0.6666666666666666,0.6666666666666666,0.6666666666666666,0
548,1.0,0,36.0,0.6666666666666666,9,6,6,0,3,12,12,9.0,82.0,0,6.0,24.0,6.0,0.0,6,18,12,0.6666666666666666,0.6666666666666666,0.6666666666666666,0
549,0.9461060364174375,1,27.813863385413697,0.5150715441743278,9,5,4,1,4,10,8,8.0,82.9254058586973,0,5.0,18.813863385413697,5.0,1.0,4,18,8,0.5555555555555556,0.4444444444444444,0.4444444444444444,0
550,1.0,0,36.0,0.6666666666666666,9,6,6,0,3,12,12,9.0,82.0,0,6.0,24.0,6.0,0.0,6,18,12,0.6666666666666666,0.6666666666666666,0.6666666666666666,0
551,1.0,0,36.0,0.6666666666666666,9,6,6,0,3,12,12,9.0,82.0,0,6.0,24.0,6.0,0.0,6,18,12,0.6666666666666666,0.6666666666666666,0.6666666666666666,0
552,1.0,0,36.0,0.6666666666666666,9,6,6,0,3,12,12,9.0,82.0,0,6.0,24.0,6.0,0.0,6,18,12,0.6666666666666666,0.6666666666666666,0.6666666666666666,0
553,1.0,0,36.0,0.6666666666666666,9,6,6,0,3,12,12,9.0,82.0,0,6.0,24.0,6.0,0.0,6,18,12,0.6666666666666666,0.6666666666666666,0.6666666666666666,0
554,1.0,0,36.0,0.6666666666666666,9,6,6,0,3,12,12,9.0,82.0,0,6.0,24.0,6.0,0.0,6,18,12,0.6666666666666666,0.6666666666666666,0.6666666666666666,0
555,0.9898021624152616,1,34.766279990191265,0.6438199998183568,9,6,5,1,3,12,10,9.0,81.26523139760641,0,6.0,23.766279990191265,6.0,1.0,5,18,10,0.6666666666666666,0.5555555555555556,0.5555555555555556,0
556,0.9884141429882864,1,35.91066404623518,0.6650122971525034,9,6,5,1,3,12,10,9.0,80.37630456719566,0,6.0,24.0,6.0,0.08933595376481662,6,18,12,0.6666666666666666,0.6666666666666666,0.5555555555555556,0
557,0.9749622141333675,1,32.66524253258876,0.6049118987516438,9,6,5,1,3,12,10,9.0,81.22931630261616,0,6.0,21.665242532588763,6.0,1.0,5,18,10,0.6666666666666666,0.5555555555555556,0.5555555555555556,0
558,1.0,0,36.0,0.6666666666666666,9,6,6,0,3,12,12,9.0,82.0,0,6.0,24.0,6.0,0.0,6,18,12,0.6666666666666666,0.6666666666666666,0.6666666666666666,0
559,0.9853385129660133,1,33.634498337476074,0.622861080323631,9,6,5,1,3,12,10,9.0,81.75424752962985,0,6.0,22.634498337476074,6.0,1.0,5,18,10,0.6666666666666666,0.5555555555555556,0.5555555555555556,0
560,1.0,0,36.0,0.6666666666666666,9,6,6,0,3,12,12,9.0,82.0,0,6.0,24.0,6.0,0.0,6,18,12,0.6666666666666666,0.6666666666666666,0.6666666666666666,0
561,1.0,0,36.0,0.6666666666666666,9,6,6,0,3,12,12,9.0,82.0,0,6.0,24.0,6.0,0.0,6,18,12,0.6666666666666666,0.6666666666666666,0.6666666666666666,0
562,1.0,0,36.0,0.6666666666666666,9,6,6,0,3,12,12,9.0,82.0,0,6.0,24.0,6.0,0.0,6,18,12,0.6666666666666666,0.6666666666666666,0.6666666666666666,0
563,1.0,0,36.0,0.6666666666666666,9,6,6,0,3,12,12,9.0,82.0,0,6.0,24.0,6.0,0.0,6,18,12,0.6666666666666666,0.6666666666666666,0.6666666666666666,0
564,0.9910917219720593,1,35.79394600554252,0.6628508519544911,9,6,5,1,3,12,10,9.0,80.82023496120529,0,6.0,24.0,6.0,0.20605399445747707,6,18,12,0.6666666666666666,0.6666666666666666,0.5555555555555556,0
565,1.0,0,36.0,0.6666666666666666,9,6,6,0,3,12,12,9.0,82.0,0,6.0,24.0,6.0,0.0,6,18,12,0.6666666666666666,0.6666666666666666,0.6666666666666666,0
566,0.9793426384051505,1,35.31922948126922,0.6540598052086892,9,6,5,1,3,12,10,9.0,79.36572518970706,0,6.0,24.0,6.0,0.6807705187307818,6,18,12,0.6666666666666666,0.6666666666666666,0.5555555555555556,0
567,1.0,0,36.0,0.6666666666666666,9,6,6,0,3,12,12,9.0,82.0,0,6.0,24.0,6.0,0.0,6,18,12,0.6666666666666666,0.6666666666666666,0.6666666666666666,0
568,1.0,0,36.0,0.6666666666666666,9,6,6,0,3,12,12,9.0,82.0,0,6.0,24.0,6.0,0.0,6,18,12,0.6666666666666666,0.6666666666666666,0.6666666666666666,0
569,1.0,0,36.0,0.6666666666666666,9,6,6,0,3,12,12,9.0,82.0,0,6.0,24.0,6.0,0.0,6,18,12,0.6666666666666666,0.6666666666666666,0.6666666666666666,0
570,0.9900327237135595,1,30.979520761841144,0.5736948289229842,9,6,5,1,3,12,10,9.0,85.09543107199086,0,5.979520761841144,20.0,5.979520761841144,0.9795207618411439,5,18,10,0.6666666666666666,0.5555555555555556,0.5555555555555556,0
571,1.0,0,36.0,0.6666666666666666,9,6,6,0,3,12,12,9.0,82.0,0,6.0,24.0,6.0,0.0,6,18,12,0.6666666666666666,0.6666666666666666,0.6666666666666666,0
572,1.0,0,36.0,0.6666666666666666,9,6,6,0,3,12,12,9.0,82.0,0,6.0,24.0,6.0,0.0,6,18,12,0.6666666666666666,0.6666666666666666,0.6666666666666666,0
573,1.0,0,36.0,0.6666666666666666,9,6,6,0,3,12,12,9.0,82.0,0,6.0,24.0,6.0,0.0,6,18,12,0.6666666666666666,0.6666666666666666,0.6666666666666666,0
574,1.0,0,36.0,0.6666666666666666,9,6,6,0,3,12,12,9.0,82.0,0,6.0,24.0,6.0,0.0,6,18,12,0.6666666666666666,0.6666666666666666,0.6666666666666666,0
575,1.0,0,36.0,0.6666666666666666,9,6,6,0,3,12,12,9.0,82.0,0,6.0,24.0,6.0,0.0,6,18,12,0.6666666666666666,0.6666666666666666,0.6666666666666666,0
576,1.0,0,36.0,0.6666666666666666,9,6,6,0,3,12,12,9.0,82.0,0,6.0,24.0,6.0,0.0,6,18,12,0.6666666666666666,0.6666666666666666,0.6666666666666666,0
577,1.0,0,36.0,0.6666666666666666,9,6,6,0,3,12,12,9.0,82.0,0,6.0,24.0,6.0,0.0,6,18,12,0.6666666666666666,0.6666666666666666,0.6666666666666666,0
578,1.0,0,36.0,0.6666666666666666,9,6,6,0,3,12,12,9.0,82.0,0,6.0,24.0,6.0,0.0,6,18,12,0.6666666666666666,0.6666666666666666,0.6666666666666666,0
579,1.0,0,36.0,0.6666666666666666,9,6,6,0,3,12,12,9.0,82.0,0,6.0,24.0,6.0,0.0,6,18,12,0.6666666666666666,0.6666666666666666,0.6666666666666666,0
580,1.0,0,36.0,0.6666666666666666,9,6,6,0,3,12,12,9.0,82.0,0,6.0,24.0,6.0,0.0,6,18,12,0.6666666666666666,0.6666666666666666,0.6666666666666666,0
581,1.0,0,36.0,0.6666666666666666,9,6,6,0,3,12,12,9.0,82.0,0,6.0,24.0,6.0,0.0,6,18,12,0.6666666666666666,0.6666666666666666,0.6666666666666666,0
582,1.0,0,36.0,0.6666666666666666,9,6,6,0,3,12,12,9.0,82.0,0,6.0,24.0,6.0,0.0,6,18,12,0.6666666666666666,0.6666666666666666,0.6666666666666666,0
583,0.9736330102615258,1,29.227480078617177,0.5412496310855033,9,5,4,1,4,10,8,8.0,85.58941343835116,0,5.0,20.0,5.0,0.7725199213828233,5,18,10,0.5555555555555556,0.5555555555555556,0.4444444444444444,0
584,0.9964743268398943,1,34.47393583554624,0.6384062191767823,9,6,5,1,3,12,10,9.0,82.51836722939854,0,6.0,23.473935835546243,6.0,1.0,5,18,10,0.6666666666666666,0.5555555555555556,0.5555555555555556,0
585,1.0,0,36.0,0.6666666666666666,9,6,6,0,3,12,12,9.0,82.0,0,6.0,24.0,6.0,0.0,6,18,12,0.6666666666666666,0.6666666666666666,0.6666666666666666,0
586,1.0,0,36.0,0.6666666666666666,9,6,6,0,3,12,12,9.0,82.0,0,6.0,24.0,6.0,0.0,6,18,12,0.6666666666666666,0.6666666666666666,0.6666666666666666,0
587,1.0,0,36.0,0.6666666666666666,9,6,6,0,3,12,12,9.0,82.0,0,6.0,24.0,6.0,0.0,6,18,12,0.6666666666666666,0.6666666666666666,0.6666666666666666,0
588,1.0,0,36.0,0.6666666666666666,9,6,6,0,3,12,12,9.0,82.0,0,6.0,24.0,6.0,0.0,6,18,12,0.6666666666666666,0.6666666666666666,0.6666666666666666,0
589,0.9529216922694774,1,34.44144737360949,0.6378045809927684,9,6,5,1,3,12,10,8.5,76.77927631319525,0,6.0,23.441447373609492,6.0,1.0,5,18,10,0.6666666666666666,0.5555555555555556,0.5555555555555556,0
590,1.0,0,36.0,0.6666666666666666,9,6,6,0,3,12,12,9.0,82.0,0,6.0,24.0,6.0,0.0,6,18,12,0.6666666666666666,0.6666666666666666,0.6666666666666666,0
591,0.9963776486261919,1,32.452553680981595,0.600973216314474,9,6,5,1,3,12,10,9.0,84.52582772119003,0,6.0,21.452553680981595,6.0,1.0,5,18,10,0.6666666666666666,0.5555555555555556,0.5555555555555556,0
592,0.9665911005782714,3,34.39542733601714,0.6369523580743915,9,6,4,2,3,12,8,9.0,77.9914048152625,0,6.0,24.0,6.0,1.6045726639828573,6,18,12,0.6666666666666666,0.6666666666666666,0.4444444444444444,0
593,1.0,0,36.0,0.6666666666666666,9,6,6,0,3,12,12,9.0,82.0,0,6.0,24.0,6.0,0.0,6,18,12,0.6666666666666666,0.6666666666666666,0.6666666666666666,0
594,1.0,0,36.0,0.6666666666666666,9,6,6,0,3,12,12,9.0,82.0,0,6.0,24.0,6.0,0.0,6,18,12,0.6666666666666666,0.6666666666666666,0.6666666666666666,0
595,1.0,0,36.0,0.6666666666666666,9,6,6,0,3,12,12,9.0,82.0,0,6.0,24.0,6.0,0.0,6,18,12,0.6666666666666666,0.6666666666666666,0.6666666666666666,0
596,1.0,0,36.0,0.6666666666666666,9,6,6,0,3,12,12,9.0,82.0,0,6.0,24.0,6.0,0.0,6,18,12,0.6666666666666666,0.6666666666666666,0.6666666666666666,0
597,1.0,0,36.0,0.6666666666666666,9,6,6,0,3,12,12,9.0,82.0,0,6.0,24.0,6.0,0.0,6,18,12,0.6666666666666666,0.6666666666666666,0.6666666666666666,0
598,1.0,0,36.0,0.6666666666666666,9,6,6,0,3,12,12,9.0,82.0,0,6.0,24.0,6.0,0.0,6,18,12,0.6666666666666666,0.6666666666666666,0.6666666666666666,0
599,0.9545143960106501,1,28.447606667529087,0.5268075308801683,9,5,4,1,4,10,8,8.0,83.50246635800453,0,5.0,19.447606667529087,5.0,1.0,4,18,8,0.5555555555555556,0.4444444444444444,0.4444444444444444,0
600,0.9967704718296204,1,30.028769595960725,0.5560883258511246,9,6,5,1,3,12,10,9.0,87.49179354952426,0,5.028769595960725,20.0,5.028769595960725,0.028769595960724814,5,18,10,0.6666666666666666,0.5555555555555556,0.5555555555555556,0
601,1.0,0,36.0,0.6666666666666666,9,6,6,0,3,12,12,9.0,82.0,0,6.0,24.0,6.0,0.0,6,18,12,0.6666666666666666,0.6666666666666666,0.6666666666666666,0
602,1.0,0,36.0,0.6666666666666666,9,6,6,0,3,12,12,9.0,82.0,0,6.0,24.0,6.0,0.0,6,18,12,0.6666666666666666,0.6666666666666666,0.6666666666666666,0
603,1.0,0,36.0,0.6666666666666666,9,6,6,0,3,12,12,9.0,82.0,0,6.0,24.0,6.0,0.0,6,18,12,0.6666666666666666,0.6666666666666666,0.6666666666666666,0
604,1.0,0,36.0,0.6666666666666666,9,6,6,0,3,12,12,9.0,82.0,0,6.0,24.0,6.0,0.0,6,18,12,0.6666666666666666,0.6666666666666666,0.6666666666666666,0
605,1.0,0,36.0,0.6666666666666666,9,6,6,0,3,12,12,9.0,82.0,0,6.0,24.0,6.0,0.0,6,18,12,0.6666666666666666,0.6666666666666666,0.6666666666666666,0
606,1.0,0,36.0,0.6666666666666666,9,6,6,0,3,12,12,9.0,82.0,0,6.0,24.0,6.0,0.0,6,18,12,0.6666666666666666,0.6666666666666666,0.6666666666666666,0
607,1.0,0,36.0,0.6666666666666666,9,6,6,0,3,12,12,9.0,82.0,0,6.0,24.0,6.0,0.0,6,18,12,0.6666666666666666,0.6666666666666666,0.6666666666666666,0
608,1.0,0,36.0,0.6666666666666666,9,6,6,0,3,12,12,9.0,82.0,0,6.0,24.0,6.0,0.0,6,18,12,0.6666666666666666,0.6666666666666666,0.6666666666666666,0
609,1.0,0,36.0,0.6666666666666666,9,6,6,0,3,12,12,9.0,82.0,0,6.0,24.0,6.0,0.0,6,18,12,0.6666666666666666,0.6666666666666666,0.6666666666666666,0
610,1.0,0,36.0,0.6666666666666666,9,6,6,0,3,12,12,9.0,82.0,0,6.0,24.0,6.0,0.0,6,18,12,0.6666666666666666,0.6666666666666666,0.6666666666666666,0
611,0.9933824102630151,1,34.73846678222661,0.6433049404116039,9,6,5,1,3,12,10,9.0,81.80860029564758,0,6.0,23.73846678222661,6.0,1.0,5,18,10,0.6666666666666666,0.5555555555555556,0.5555555555555556,0
612,1.0,0,36.0,0.6666666666666666,9,6,6,0,3,12,12,9.0,82.0,0,6.0,24.0,6.0,0.0,6,18,12,0.6666666666666666,0.6666666666666666,0.6666666666666666,0
613,1.0,0,36.0,0.6666666666666666,9,6,6,0,3,12,12,9.0,82.0,0,6.0,24.0,6.0,0.0,6,18,12,0.6666666666666666,0.6666666666666666,0.6666666666666666,0
614,0.9955007304589102,1,33.05350296532541,0.6121019067652853,9,6,5,1,3,12,10,9.0,83.79860222075766,0,6.0,22.053502965325407,6.0,1.0,5,18,10,0.6666666666666666,0.5555555555555556,0.5555555555555556,0
615,0.9886140333259552,1,34.84591930267628,0.6452948019014125,9,6,5,1,3,12,10,9.0,81.01450149626127,0,6.0,23.84591930267628,6.0,1.0,5,18,10,0.6666666666666666,0.5555555555555556,0.5555555555555556,0
616,1.0,0,36.0,0.6666666666666666,9,6,6,0,3,12,12,9.0,82.0,0,6.0,24.0,6.0,0.0,6,18,12,0.6666666666666666,0.6666666666666666,0.6666666666666666,0
617,0.992907733161471,1,30.071124274389717,0.5568726717479577,9,6,5,1,3,12,10,9.0,86.87202716366724,0,5.071124274389717,20.0,5.071124274389717,0.07112427438971736,5,18,10,0.6666666666666666,0.5555555555555556,0.5555555555555556,0
618,0.965223270389031,2,27.192689866862345,0.5035683308678212,9,6,4,2,3,12,8,9.0,85.03256825865066,0,5.533785621014911,17.658904245847435,5.533785621014911,1.5337856210149106,4,18,8,0.6666666666666666,0.4444444444444444,0.4444444444444444,0
619,0.9822379319878625,1,34.128919648017956,0.632017030518851,9,6,5,1,3,12,10,9.0,80.81334255823424,0,6.0,23.128919648017956,6.0,1.0,5,18,10,0.6666666666666666,0.5555555555555556,0.5555555555555556,0
620,0.9934976416434758,1,34.32716770684556,0.6356882908675103,9,6,5,1,3,12,10,9.0,82.23649268981494,0,6.0,23.327167706845557,6.0,1.0,5,18,10,0.6666666666666666,0.5555555555555556,0.5555555555555556,0
621,1.0,0,36.0,0.6666666666666666,9,6,6,0,3,12,12,9.0,82.0,0,6.0,24.0,6.0,0.0,6,18,12,0.6666666666666666,0.6666666666666666,0.6666666666666666,0
622,1.0,0,36.0,0.6666666666666666,9,6,6,0,3,12,12,9.0,82.0,0,6.0,24.0,6.0,0.0,6,18,12,0.6666666666666666,0.6666666666666666,0.6666666666666666,0
623,1.0,0,36.0,0.6666666666666666,9,6,6,0,3,12,12,9.0,82.0,0,6.0,24.0,6.0,0.0,6,18,12,0.6666666666666666,0.6666666666666666,0.6666666666666666,0
624,0.985577996881748,2,34.47125140141199,0.6383565074335554,9,6,4,2,3,12,8,9.0,80.68760585026571,0,6.0,24.0,6.0,1.5287485985880096,6,18,12,0.6666666666666666,0.6666666666666666,0.4444444444444444,0
625,0.9929911631056305,1,32.15376255242694,0.5954400472671656,9,6,5,1,3,12,10,9.0,84.33696493478385,0,6.0,21.15376255242694,6.0,1.0,5,18,10,0.6666666666666666,0.5555555555555556,0.5555555555555556,0
626,1.0,0,36.0,0.6666666666666666,9,6,6,0,3,12,12,9.0,82.0,0,6.0,24.0,6.0,0.0,6,18,12,0.6666666666666666,0.6666666666666666,0.6666666666666666,0
627,0.9313330922294768,1,25.487107675516214,0.47198347547252245,9,5,4,1,4,10,8,8.0,83.12485760552846,0,5.0,16.487107675516214,5.0,1.0,4,18,8,0.5555555555555556,0.4444444444444444,0.4444444444444444,0
628,1.0,0,36.0,0.6666666666666666,9,6,6,0,3,12,12,9.0,82.0,0,6.0,24.0,6.0,0.0,6,18,12,0.6666666666666666,0.6666666666666666,0.6666666666666666,0
629,1.0,0,36.0,0.6666666666666666,9,6,6,0,3,12,12,9.0,82.0,0,6.0,24.0,6.0,0.0,6,18,12,0.6666666666666666,0.6666666666666666,0.6666666666666666,0
630,1.0,0,36.0,0.6666666666666666,9,6,6,0,3,12,12,9.0,82.0,0,6.0,24.0,6.0,0.0,6,18,12,0.6666666666666666,0.6666666666666666,0.6666666666666666,0
631,1.0,0,36.0,0.6666666666666666,9,6,6,0,3,12,12,9.0,82.0,0,6.0,24.0,6.0,0.0,6,18,12,0.6666666666666666,0.6666666666666666,0.6666666666666666,0
632,1.0,0,36.0,0.6666666666666666,9,6,6,0,3,12,12,9.0,82.0,0,6.0,24.0,6.0,0.0,6,18,12,0.6666666666666666,0.6666666666666666,0.6666666666666666,0
633,0.9784560420906586,2,34.36890618572909,0.6364612256616498,9,6,4,2,3,12,8,9.0,79.84756081558957,0,6.0,23.73131230520147,6.0,1.3624061194723822,5,18,10,0.6666666666666666,0.5555555555555556,0.4444444444444444,0
634,1.0,0,36.0,0.6666666666666666,9,6,6,0,3,12,12,9.0,82.0,0,6.0,24.0,6.0,0.0,6,18,12,0.6666666666666666,0.6666666666666666,0.6666666666666666,0
635,0.9940699590790592,1,31.110667379399857,0.5761234699888862,9,6,5,1,3,12,10,9.0,85.53540672798468,0,6.0,20.110667379399857,5.999999999999986,0.9999999999999858,5,18,10,0.6666666666666666,0.5555555555555556,0.5555555555555556,0
636,1.0,0,36.0,0.6666666666666666,9,6,6,0,3,12,12,9.0,82.0,0,6.0,24.0,6.0,0.0,6,18,12,0.6666666666666666,0.6666666666666666,0.6666666666666666,0
637,1.0,0,36.0,0.6666666666666666,9,6,6,0,3,12,12,9.0,82.0,0,6.0,24.0,6.0,0.0,6,18,12,0.6666666666666666,0.6666666666666666,0.6666666666666666,0
638,1.0,0,36.0,0.6666666666666666,9,6,6,0,3,12,12,9.0,82.0,0,6.0,24.0,6.0,0.0,6,18,12,0.6666666666666666,0.6666666666666666,0.6666666666666666,0
639,1.0,0,36.0,0.6666666666666666,9,6,6,0,3,12,12,9.0,82.0,0,6.0,24.0,6.0,0.0,6,18,12,0.6666666666666666,0.6666666666666666,0.6666666666666666,0
640,1.0,0,36.0,0.6666666666666666,9,6,6,0,3,12,12,9.0,82.0,0,6.0,24.0,6.0,0.0,6,18,12,0.6666666666666666,0.6666666666666666,0.6666666666666666,0
641,1.0,0,36.0,0.6666666666666666,9,6,6,0,3,12,12,9.0,82.0,0,6.0,24.0,6.0,0.0,6,18,12,0.6666666666666666,0.6666666666666666,0.6666666666666666,0
642,1.0,0,36.0,0.6666666666666666,9,6,6,0,3,12,12,9.0,82.0,0,6.0,24.0,6.0,0.0,6,18,12,0.6666666666666666,0.6666666666666666,0.6666666666666666,0
643,0.986014014998056,1,34.89770737087713,0.6462538402014283,9,6,5,1,3,12,10,9.0,80.58831078884293,0,6.0,23.89770737087713,6.0,1.0,5,18,10,0.6666666666666666,0.5555555555555556,0.5555555555555556,0
644,0.9933658598626818,1,34.76513116718991,0.6437987253183316,9,6,5,1,3,12,10,9.0,81.77955265303625,0,6.0,23.765131167189907,6.0,1.0,5,18,10,0.6666666666666666,0.5555555555555556,0.5555555555555556,0
645,1.0,0,36.0,0.6666666666666666,9,6,6,0,3,12,12,9.0,82.0,0,6.0,24.0,6.0,0.0,6,18,12,0.6666666666666666,0.6666666666666666,0.6666666666666666,0
646,1.0,0,36.0,0.6666666666666666,9,6,6,0,3,12,12,9.0,82.0,0,6.0,24.0,6.0,0.0,6,18,12,0.6666666666666666,0.6666666666666666,0.6666666666666666,0
647,0.9939655255465847,1,33.32912138100801,0.6172059515001483,9,6,5,1,3,12,10,9.0,83.3019142977002,0,6.0,22.329121381008008,6.0,1.0,5,18,10,0.6666666666666666,0.5555555555555556,0.5555555555555556,0
648,1.0,0,36.0,0.6666666666666666,9,6,6,0,3,12,12,9.0,82.0,0,6.0,24.0,6.0,0.0,6,18,12,0.6666666666666666,0.6666666666666666,0.6666666666666666,0
649,1.0,0,36.0,0.6666666666666666,9,6,6,0,3,12,12,9.0,82.0,0,6.0,24.0,6.0,0.0,6,18,12,0.6666666666666666,0.6666666666666666,0.6666666666666666,0
650,1.0,0,36.0,0.6666666666666666,9,6,6,0,3,12,12,9.0,82.0,0,6.0,24.0,6.0,0.0,6,18,12,0.6666666666666666,0.6666666666666666,0.6666666666666666,0
651,1.0,0,36.0,0.6666666666666666,9,6,6,0,3,12,12,9.0,82.0,0,6.0,24.0,6.0,0.0,6,18,12,0.6666666666666666,0.6666666666666666,0.6666666666666666,0
652,1.0,0,36.0,0.6666666666666666,9,6,6,0,3,12,12,9.0,82.0,0,6.0,24.0,6.0,0.0,6,18,12,0.6666666666666666,0.6666666666666666,0.6666666666666666,0
653,1.0,0,36.0,0.6666666666666666,9,6,6,0,3,12,12,9.0,82.0,0,6.0,24.0,6.0,0.0,6,18,12,0.6666666666666666,0.6666666666666666,0.6666666666666666,0
654,1.0,0,36.0,0.6666666666666666,9,6,6,0,3,12,12,9.0,82.0,0,6.0,24.0,6.0,0.0,6,18,12,0.6666666666666666,0.6666666666666666,0.6666666666666666,0
655,1.0,0,36.0,0.6666666666666666,9,6,6,0,3,12,12,9.0,82.0,0,6.0,24.0,6.0,0.0,6,18,12,0.6666666666666666,0.6666666666666666,0.6666666666666666,0
656,1.0,0,36.0,0.6666666666666666,9,6,6,0,3,12,12,9.0,82.0,0,6.0,24.0,6.0,0.0,6,18,12,0.6666666666666666,0.6666666666666666,0.6666666666666666,0
657,0.9922333364013167,1,33.356295966671,0.6177091845679814,9,6,5,1,3,12,10,9.0,83.02530447511862,0,6.0,22.356295966671,6.0,1.0,5,18,10,0.6666666666666666,0.5555555555555556,0.5555555555555556,0
658,1.0,0,36.0,0.6666666666666666,9,6,6,0,3,12,12,9.0,82.0,0,6.0,24.0,6.0,0.0,6,18,12,0.6666666666666666,0.6666666666666666,0.6666666666666666,0
659,1.0,0,36.0,0.6666666666666666,9,6,6,0,3,12,12,9.0,82.0,0,6.0,24.0,6.0,0.0,6,18,12,0.6666666666666666,0.6666666666666666,0.6666666666666666,0
660,0.9869010334516735,2,31.179621244051404,0.5774003934083594,9,6,4,2,3,12,8,9.0,83.93412757298955,0,6.0,21.179621244051404,6.0,2.0,4,18,8,0.6666666666666666,0.4444444444444444,0.4444444444444444,0
661,0.9618006643695717,1,33.42942782941135,0.6190634783224325,9,6,5,1,3,12,10,9.0,78.56986783980696,0,6.0,22.429427829411352,6.0,1.0,5,18,10,0.6666666666666666,0.5555555555555556,0.5555555555555556,0
662,1.0,0,36.0,0.6666666666666666,9,6,6,0,3,12,12,9.0,82.0,0,6.0,24.0,6.0,0.0,6,18,12,0.6666666666666666,0.6666666666666666,0.6666666666666666,0
663,1.0,0,36.0,0.6666666666666666,9,6,6,0,3,12,12,9.0,82.0,0,6.0,24.0,6.0,0.0,6,18,12,0.6666666666666666,0.6666666666666666,0.6666666666666666,0
664,1.0,0,36.0,0.6666666666666666,9,6,6,0,3,12,12,9.0,82.0,0,6.0,24.0,6.0,0.0,6,18,12,0.6666666666666666,0.6666666666666666,0.6666666666666666,0
665,1.0,0,36.0,0.6666666666666666,9,6,6,0,3,12,12,9.0,82.0,0,6.0,24.0,6.0,0.0,6,18,12,0.6666666666666666,0.6666666666666666,0.6666666666666666,0
666,0.9934664303084746,1,33.78343069310441,0.6256190869093409,9,6,5,1,3,12,10,9.0,82.77573527131594,0,6.0,22.783430693104407,6.0,1.0,5,18,10,0.6666666666666666,0.5555555555555556,0.5555555555555556,0
667,0.9948675918686227,1,35.21649834544846,0.652157376767564,9,6,5,1,3,12,10,9.0,81.65268405635744,0,6.0,24.0,6.0,0.783501654551543,6,18,12,0.6666666666666666,0.6666666666666666,0.5555555555555556,0
668,0.9906416806372129,1,33.4288918085833,0.6190535520108019,9,6,5,1,3,12,10,9.0,82.72351020317535,0,6.0,22.428891808583302,6.0,1.0,5,18,10,0.6666666666666666,0.5555555555555556,0.5555555555555556,0
669,1.0,0,36.0,0.6666666666666666,9,6,6,0,3,12,12,9.0,82.0,0,6.0,24.0,6.0,0.0,6,18,12,0.6666666666666666,0.6666666666666666,0.6666666666666666,0
670,1.0,0,36.0,0.6666666666666666,9,6,6,0,3,12,12,9.0,82.0,0,6.0,24.0,6.0,0.0,6,18,12,0.6666666666666666,0.6666666666666666,0.6666666666666666,0
671,0.9569296764229159,3,25.394987871788384,0.47027755318126635,9,6,3,3,3,12,6,9.0,84.9028855331115,0,6.0,16.394987871788384,6.0000000000000036,3.0000000000000036,3,18,6,0.6666666666666666,0.3333333333333333,0.3333333333333333,0
672,1.0,0,36.0,0.6666666666666666,9,6,6,0,3,12,12,9.0,82.0,0,6.0,24.0,6.0,0.0,6,18,12,0.6666666666666666,0.6666666666666666,0.6666666666666666,0
673,0.996125157420352,1,33.04485639965476,0.6119417851787919,9,6,5,1,3,12,10,9.0,83.8971662688759,0,6.0,22.044856399654762,6.0,1.0,5,18,10,0.6666666666666666,0.5555555555555556,0.5555555555555556,0
674,0.9286904393583993,2,23.04235134774336,0.42671021014339555,9,5,3,2,4,10,6,8.0,84.92731528896245,0,4.523513261807381,15.518838085935979,4.523513261807381,1.5235132618073806,3,18,6,0.5555555555555556,0.3333333333333333,0.3333333333333333,0
675,1.0,0,36.0,0.6666666666666666,9,6,6,0,3,12,12,9.0,82.0,0,6.0,24.0,6.0,0.0,6,18,12,0.6666666666666666,0.6666666666666666,0.6666666666666666,0
676,1.0,0,36.0,0.6666666666666666,9,6,6,0,3,12,12,9.0,82.0,0,6.0,24.0,6.0,0.0,6,18,12,0.6666666666666666,0.6666666666666666,0.6666666666666666,0
677,0.9817817522878265,1,32.952744958511154,0.6102360177502065,9,6,5,1,3,12,10,9.0,81.92382737093585,0,6.0,21.952744958511154,6.0,1.0,5,18,10,0.6666666666666666,0.5555555555555556,0.5555555555555556,0
678,1.0,0,36.0,0.6666666666666666,9,6,6,0,3,12,12,9.0,82.0,0,6.0,24.0,6.0,0.0,6,18,12,0.6666666666666666,0.6666666666666666,0.6666666666666666,0
679,1.0,0,36.0,0.6666666666666666,9,6,6,0,3,12,12,9.0,82.0,0,6.0,24.0,6.0,0.0,6,18,12,0.6666666666666666,0.6666666666666666,0.6666666666666666,0
680,0.9920112658607718,1,30.921210617405748,0.5726150114334397,9,6,5,1,3,12,10,9.0,85.4678063578425,0,5.921210617405748,20.0,5.921210617405748,0.9212106174057482,5,18,10,0.6666666666666666,0.5555555555555556,0.5555555555555556,0
681,1.0,0,36.0,0.6666666666666666,9,6,6,0,3,12,12,9.0,82.0,0,6.0,24.0,6.0,0.0,6,18,12,0.6666666666666666,0.6666666666666666,0.6666666666666666,0
682,0.9900443356218127,1,32.637526659568934,0.6043986418438692,9,6,5,1,3,12,10,9.0,83.42885766997209,0,6.0,21.637526659568934,6.0,1.0,5,18,10,0.6666666666666666,0.5555555555555556,0.5555555555555556,0
683,1.0,0,36.0,0.6666666666666666,9,6,6,0,3,12,12,9.0,82.0,0,6.0,24.0,6.0,0.0,6,18,12,0.6666666666666666,0.6666666666666666,0.6666666666666666,0
684,1.0,0,36.0,0.6666666666666666,9,6,6,0,3,12,12,9.0,82.0,0,6.0,24.0,6.0,0.0,6,18,12,0.6666666666666666,0.6666666666666666,0.6666666666666666,0
685,0.9708597817896611,1,30.58280650152183,0.5663482685467005,9,6,5,1,3,12,10,9.0,82.92959882542846,0,5.58280650152183,20.0,5.58280650152183,0.58280650152183,5,18,10,0.6666666666666666,0.5555555555555556,0.5555555555555556,0
686,0.9850310797551186,1,34.78756816900315,0.6442142253519102,9,6,5,1,3,12,10,9.0,80.55690731573394,0,6.0,23.78756816900315,6.0,1.0,5,18,10,0.6666666666666666,0.5555555555555556,0.5555555555555556,0
687,1.0,0,36.0,0.6666666666666666,9,6,6,0,3,12,12,9.0,82.0,0,6.0,24.0,6.0,0.0,6,18,12,0.6666666666666666,0.6666666666666666,0.6666666666666666,0
688,1.0,0,36.0,0.6666666666666666,9,6,6,0,3,12,12,9.0,82.0,0,6.0,24.0,6.0,0.0,6,18,12,0.6666666666666666,0.6666666666666666,0.6666666666666666,0
689,1.0,0,36.0,0.6666666666666666,9,6,6,0,3,12,12,9.0,82.0,0,6.0,24.0,6.0,0.0,6,18,12,0.6666666666666666,0.6666666666666666,0.6666666666666666,0
690,1.0,0,36.0,0.6666666666666666,9,6,6,0,3,12,12,9.0,82.0,0,6.0,24.0,6.0,0.0,6,18,12,0.6666666666666666,0.6666666666666666,0.6666666666666666,0
691,1.0,0,36.0,0.6666666666666666,9,6,6,0,3,12,12,9.0,82.0,0,6.0,24.0,6.0,0.0,6,18,12,0.6666666666666666,0.6666666666666666,0.6666666666666666,0
692,1.0,0,36.0,0.6666666666666666,9,6,6,0,3,12,12,9.0,82.0,0,6.0,24.0,6.0,0.0,6,18,12,0.6666666666666666,0.6666666666666666,0.6666666666666666,0
693,1.0,0,36.0,0.6666666666666666,9,6,6,0,3,12,12,9.0,82.0,0,6.0,24.0,6.0,0.0,6,18,12,0.6666666666666666,0.6666666666666666,0.6666666666666666,0
694,1.0,0,36.0,0.6666666666666666,9,6,6,0,3,12,12,9.0,82.0,0,6.0,24.0,6.0,0.0,6,18,12,0.6666666666666666,0.6666666666666666,0.6666666666666666,0
695,0.9951351007620775,1,34.45636878683234,0.6380809034598582,9,6,5,1,3,12,10,9.0,82.3430857229068,0,6.0,23.456368786832343,6.0,1.0,5,18,10,0.6666666666666666,0.5555555555555556,0.5555555555555556,0
696,1.0,0,36.0,0.6666666666666666,9,6,6,0,3,12,12,9.0,82.0,0,6.0,24.0,6.0,0.0,6,18,12,0.6666666666666666,0.6666666666666666,0.6666666666666666,0
697,0.9873732004573318,1,31.883818810239305,0.5904410890785057,9,6,5,1,3,12,10,9.0,83.79792205561648,0,6.0,20.883818810239305,6.0,1.0,5,18,10,0.6666666666666666,0.5555555555555556,0.5555555555555556,0
698,1.0,0,36.0,0.6666666666666666,9,6,6,0,3,12,12,9.0,82.0,0,6.0,24.0,6.0,0.0,6,18,12,0.6666666666666666,0.6666666666666666,0.6666666666666666,0
699,1.0,0,36.0,0.6666666666666666,9,6,6,0,3,12,12,9.0,82.0,0,6.0,24.0,6.0,0.0,6,18,12,0.6666666666666666,0.6666666666666666,0.6666666666666666,0
700,0.9884952056167351,1,35.39984498977295,0.6555526849957954,9,6,5,1,3,12,10,9.0,80.64338711392338,0,6.0,24.0,6.0,0.6001550102270485,6,18,12,0.6666666666666666,0.6666666666666666,0.5555555555555556,0
701,1.0,0,36.0,0.6666666666666666,9,6,6,0,3,12,12,9.0,82.0,0,6.0,24.0,6.0,0.0,6,18,12,0.6666666666666666,0.6666666666666666,0.6666666666666666,0
702,1.0,0,36.0,0.6666666666666666,9,6,6,0,3,12,12,9.0,82.0,0,6.0,24.0,6.0,0.0,6,18,12,0.6666666666666666,0.6666666666666666,0.6666666666666666,0
703,0.9883434231957823,1,33.91595401227636,0.6280732224495622,9,6,5,1,3,12,10,9.0,81.90549892791628,0,6.0,22.91595401227636,6.0,1.0,5,18,10,0.6666666666666666,0.5555555555555556,0.5555555555555556,0
704,0.9496612043587588,1,25.657068897073383,0.47513090550135895,9,5,4,1,4,10,8,8.0,85.59414453058788,0,5.0,16.657068897073383,5.0,1.0,4,18,8,0.5555555555555556,0.4444444444444444,0.4444444444444444,0
705,1.0,0,36.0,0.6666666666666666,9,6,6,0,3,12,12,9.0,82.0,0,6.0,24.0,6.0,0.0,6,18,12,0.6666666666666666,0.6666666666666666,0.6666666666666666,0
706,1.0,0,36.0,0.6666666666666666,9,6,6,0,3,12,12,9.0,82.0,0,6.0,24.0,6.0,0.0,6,18,12,0.6666666666666666,0.6666666666666666,0.6666666666666666,0
707,1.0,0,36.0,0.6666666666666666,9,6,6,0,3,12,12,9.0,82.0,0,6.0,24.0,6.0,0.0,6,18,12,0.6666666666666666,0.6666666666666666,0.6666666666666666,0
708,1.0,0,36.0,0.6666666666666666,9,6,6,0,3,12,12,9.0,82.0,0,6.0,24.0,6.0,0.0,6,18,12,0.6666666666666666,0.6666666666666666,0.6666666666666666,0
709,1.0,0,36.0,0.6666666666666666,9,6,6,0,3,12,12,9.0,82.0,0,6.0,24.0,6.0,0.0,6,18,12,0.6666666666666666,0.6666666666666666,0.6666666666666666,0
710,1.0,0,36.0,0.6666666666666666,9,6,6,0,3,12,12,9.0,82.0,0,6.0,24.0,6.0,0.0,6,18,12,0.6666666666666666,0.6666666666666666,0.6666666666666666,0
711,1.0,0,36.0,0.6666666666666666,9,6,6,0,3,12,12,9.0,82.0,0,6.0,24.0,6.0,0.0,6,18,12,0.6666666666666666,0.6666666666666666,0.6666666666666666,0
712,0.979178630136486,1,33.76023699695904,0.62518957401776,9,6,5,1,3,12,10,9.0,80.74148574269495,0,6.0,22.76023699695904,6.0,1.0,5,18,10,0.6666666666666666,0.5555555555555556,0.5555555555555556,0
713,1.0,0,36.0,0.6666666666666666,9,6,6,0,3,12,12,9.0,82.0,0,6.0,24.0,6.0,0.0,6,18,12,0.6666666666666666,0.6666666666666666,0.6666666666666666,0
714,1.0,0,36.0,0.6666666666666666,9,6,6,0,3,12,12,9.0,82.0,0,6.0,24.0,6.0,0.0,6,18,12,0.6666666666666666,0.6666666666666666,0.6666666666666666,0
715,1.0,0,36.0,0.6666666666666666,9,6,6,0,3,12,12,9.0,82.0,0,6.0,24.0,6.0,0.0,6,18,12,0.6666666666666666,0.6666666666666666,0.6666666666666666,0
716,0.9922992503723892,1,35.65989819475315,0.6603684850880213,9,6,5,1,3,12,10,9.0,81.06114295624747,0,6.0,24.0,6.0,0.34010180524685296,6,18,12,0.6666666666666666,0.6666666666666666,0.5555555555555556,0
717,0.9470426722008446,3,23.485442523412992,0.43491560228542575,9,5,2,3,4,10,4,8.0,86.65163070232009,0,5.0,15.959585665790073,5.0,2.4741431423770806,3,18,6,0.5555555555555556,0.3333333333333333,0.2222222222222222,0
718,1.0,0,36.0,0.6666666666666666,9,6,6,0,3,12,12,9.0,82.0,0,6.0,24.0,6.0,0.0,6,18,12,0.6666666666666666,0.6666666666666666,0.6666666666666666,0
719,1.0,0,36.0,0.6666666666666666,9,6,6,0,3,12,12,9.0,82.0,0,6.0,24.0,6.0,0.0,6,18,12,0.6666666666666666,0.6666666666666666,0.6666666666666666,0
720,0.9957968185544807,1,34.264145129798166,0.6345212061073734,9,6,5,1,3,12,10,9.0,82.63059674204703,0,6.0,23.264145129798166,6.0,1.0,5,18,10,0.6666666666666666,0.5555555555555556,0.5555555555555556,0
721,1.0,0,36.0,0.6666666666666666,9,6,6,0,3,12,12,9.0,82.0,0,6.0,24.0,6.0,0.0,6,18,12,0.6666666666666666,0.6666666666666666,0.6666666666666666,0
722,0.9947100084910002,1,34.45585311551558,0.6380713539910293,9,6,5,1,3,12,10,9.0,82.28238810718847,0,6.0,23.45585311551558,6.0,1.0,5,18,10,0.6666666666666666,0.5555555555555556,0.5555555555555556,0
723,0.9910532776059495,1,33.72619375676382,0.6245591436437744,9,6,5,1,3,12,10,9.0,82.48547821849291,0,6.0,22.72619375676382,6.0,1.0,5,18,10,0.6666666666666666,0.5555555555555556,0.5555555555555556,0
724,1.0,0,36.0,0.6666666666666666,9,6,6,0,3,12,12,9.0,82.0,0,6.0,24.0,6.0,0.0,6,18,12,0.6666666666666666,0.6666666666666666,0.6666666666666666,0
725,0.9709785163812437,2,30.104044766301712,0.5574823104870688,9,6,4,2,3,12,8,9.0,82.7168615925974,0,6.0,20.104044766301712,6.0,2.0,4,18,8,0.6666666666666666,0.4444444444444444,0.4444444444444444,0
726,0.9824554915344158,1,34.122283803896494,0.6318941445166018,9,6,5,1,3,12,10,9.0,80.8513069770594,0,6.0,23.122283803896494,6.0,1.0,5,18,10,0.6666666666666666,0.5555555555555556,0.5555555555555556,0
727,0.9781574656061535,1,31.3535719241849,0.5806217022997204,9,6,5,1,3,12,10,9.0,83.00110312310119,0,6.0,20.3535719241849,6.0,1.0,5,18,10,0.6666666666666666,0.5555555555555556,0.5555555555555556,0
728,1.0,0,36.0,0.6666666666666666,9,6,6,0,3,12,12,9.0,82.0,0,6.0,24.0,6.0,0.0,6,18,12,0.6666666666666666,0.6666666666666666,0.6666666666666666,0
729,1.0,0,36.0,0.6666666666666666,9,6,6,0,3,12,12,9.0,82.0,0,6.0,24.0,6.0,0.0,6,18,12,0.6666666666666666,0.6666666666666666,0.6666666666666666,0
730,1.0,0,36.0,0.6666666666666666,9,6,6,0,3,12,12,9.0,82.0,0,6.0,24.0,6.0,0.0,6,18,12,0.6666666666666666,0.6666666666666666,0.6666666666666666,0
731,1.0,0,36.0,0.6666666666666666,9,6,6,0,3,12,12,9.0,82.0,0,6.0,24.0,6.0,0.0,6,18,12,0.6666666666666666,0.6666666666666666,0.6666666666666666,0
732,1.0,0,36.0,0.6666666666666666,9,6,6,0,3,12,12,9.0,82.0,0,6.0,24.0,6.0,0.0,6,18,12,0.6666666666666666,0.6666666666666666,0.6666666666666666,0
733,1.0,0,36.0,0.6666666666666666,9,6,6,0,3,12,12,9.0,82.0,0,6.0,24.0,6.0,0.0,6,18,12,0.6666666666666666,0.6666666666666666,0.6666666666666666,0
734,1.0,0,36.0,0.6666666666666666,9,6,6,0,3,12,12,9.0,82.0,0,6.0,24.0,6.0,0.0,6,18,12,0.6666666666666666,0.6666666666666666,0.6666666666666666,0
735,1.0,0,36.0,0.6666666666666666,9,6,6,0,3,12,12,9.0,82.0,0,6.0,24.0,6.0,0.0,6,18,12,0.6666666666666666,0.6666666666666666,0.6666666666666666,0
736,1.0,0,36.0,0.6666666666666666,9,6,6,0,3,12,12,9.0,82.0,0,6.0,24.0,6.0,0.0,6,18,12,0.6666666666666666,0.6666666666666666,0.6666666666666666,0
737,1.0,0,36.0,0.6666666666666666,9,6,6,0,3,12,12,9.0,82.0,0,6.0,24.0,6.0,0.0,6,18,12,0.6666666666666666,0.6666666666666666,0.6666666666666666,0
738,1.0,0,36.0,0.6666666666666666,9,6,6,0,3,12,12,9.0,82.0,0,6.0,24.0,6.0,0.0,6,18,12,0.6666666666666666,0.6666666666666666,0.6666666666666666,0
739,0.9774785024930542,1,33.247531334529526,0.6156950247135098,9,6,5,1,3,12,10,9.0,81.00937302447029,0,6.0,22.247531334529526,6.0,1.0,5,18,10,0.6666666666666666,0.5555555555555556,0.5555555555555556,0
740,1.0,0,36.0,0.6666666666666666,9,6,6,0,3,12,12,9.0,82.0,0,6.0,24.0,6.0,0.0,6,18,12,0.6666666666666666,0.6666666666666666,0.6666666666666666,0
741,0.9711586663361346,1,30.765382160872925,0.5697292992754245,9,6,5,1,3,12,10,9.0,82.698774711094,0,5.7653821608729245,20.0,5.7653821608729245,0.7653821608729245,5,18,10,0.6666666666666666,0.5555555555555556,0.5555555555555556,0
742,0.99145764290206,1,31.534688185551744,0.5839757071398471,9,6,5,1,3,12,10,9.0,84.73521239234489,0,6.0,20.534688185551744,6.0,1.0,5,18,10,0.6666666666666666,0.5555555555555556,0.5555555555555556,0
743,0.9921616533839681,2,32.57906087128498,0.6033159420608329,9,6,4,2,3,12,8,9.0,83.77082387993958,0,6.0,21.62184754341868,6.0,1.0427866721337011,5,18,10,0.6666666666666666,0.5555555555555556,0.4444444444444444,0
744,1.0,0,36.0,0.6666666666666666,9,6,6,0,3,12,12,9.0,82.0,0,6.0,24.0,6.0,0.0,6,18,12,0.6666666666666666,0.6666666666666666,0.6666666666666666,0
745,0.9774241544565123,1,28.54719318510044,0.5286517256500082,9,5,4,1,4,10,8,8.0,86.70188505663732,0,5.0,19.54719318510044,5.0,1.0,4,18,8,0.5555555555555556,0.4444444444444444,0.4444444444444444,0
746,0.9935223173483345,1,33.2947323147808,0.6165691169403852,9,6,5,1,3,12,10,9.0,83.2724813833794,0,6.0,22.294732314780802,6.0,1.0,5,18,10,0.6666666666666666,0.5555555555555556,0.5555555555555556,0
747,1.0,0,36.0,0.6666666666666666,9,6,6,0,3,12,12,9.0,82.0,0,6.0,24.0,6.0,0.0,6,18,12,0.6666666666666666,0.6666666666666666,0.6666666666666666,0
748,1.0,0,36.0,0.6666666666666666,9,6,6,0,3,12,12,9.0,82.0,0,6.0,24.0,6.0,0.0,6,18,12,0.6666666666666666,0.6666666666666666,0.6666666666666666,0
749,1.0,0,36.0,0.6666666666666666,9,6,6,0,3,12,12,9.0,82.0,0,6.0,24.0,6.0,0.0,6,18,12,0.6666666666666666,0.6666666666666666,0.6666666666666666,0
750,1.0,0,36.0,0.6666666666666666,9,6,6,0,3,12,12,9.0,82.0,0,6.0,24.0,6.0,0.0,6,18,12,0.6666666666666666,0.6666666666666666,0.6666666666666666,0
751,1.0,0,36.0,0.6666666666666666,9,6,6,0,3,12,12,9.0,82.0,0,6.0,24.0,6.0,0.0,6,18,12,0.6666666666666666,0.6666666666666666,0.6666666666666666,0
752,1.0,0,36.0,0.6666666666666666,9,6,6,0,3,12,12,9.0,82.0,0,6.0,24.0,6.0,0.0,6,18,12,0.6666666666666666,0.6666666666666666,0.6666666666666666,0
753,1.0,0,36.0,0.6666666666666666,9,6,6,0,3,12,12,9.0,82.0,0,6.0,24.0,6.0,0.0,6,18,12,0.6666666666666666,0.6666666666666666,0.6666666666666666,0
754,0.9533212857461643,1,34.55653029489528,0.6399357462017645,9,6,5,1,3,12,10,8.5,76.72173485255236,0,6.0,23.556530294895282,6.0,1.0,5,18,10,0.6666666666666666,0.5555555555555556,0.5555555555555556,0
755,1.0,0,36.0,0.6666666666666666,9,6,6,0,3,12,12,9.0,82.0,0,6.0,24.0,6.0,0.0,6,18,12,0.6666666666666666,0.6666666666666666,0.6666666666666666,0
756,1.0,0,36.0,0.6666666666666666,9,6,6,0,3,12,12,9.0,82.0,0,6.0,24.0,6.0,0.0,6,18,12,0.6666666666666666,0.6666666666666666,0.6666666666666666,0
757,1.0,0,36.0,0.6666666666666666,9,6,6,0,3,12,12,9.0,82.0,0,6.0,24.0,6.0,0.0,6,18,12,0.6666666666666666,0.6666666666666666,0.6666666666666666,0
758,0.9920081192399723,1,35.04769053913178,0.6490313062802181,9,6,5,1,3,12,10,9.0,81.32532390099013,0,6.0,24.0,6.0,0.9523094608682214,6,18,12,0.6666666666666666,0.6666666666666666,0.5555555555555556,0
759,0.9885600898042886,1,32.15361675749395,0.5954373473609991,9,6,5,1,3,12,10,9.0,83.69903617432361,0,6.0,21.15361675749395,6.0,1.0,5,18,10,0.6666666666666666,0.5555555555555556,0.5555555555555556,0
760,0.9776510304871007,1,33.46910784225253,0.6197982933750468,9,6,5,1,3,12,10,9.0,80.81264054788997,0,6.0,22.469107842252527,6.0,1.0,5,18,10,0.6666666666666666,0.5555555555555556,0.5555555555555556,0
761,0.983495415124203,1,32.717913800504874,0.6058872926019421,9,6,5,1,3,12,10,9.0,82.40542597738035,0,6.0,21.717913800504874,6.0,1.0,5,18,10,0.6666666666666666,0.5555555555555556,0.5555555555555556,0
762,1.0,0,36.0,0.6666666666666666,9,6,6,0,3,12,12,9.0,82.0,0,6.0,24.0,6.0,0.0,6,18,12,0.6666666666666666,0.6666666666666666,0.6666666666666666,0
763,1.0,0,36.0,0.6666666666666666,9,6,6,0,3,12,12,9.0,82.0,0,6.0,24.0,6.0,0.0,6,18,12,0.6666666666666666,0.6666666666666666,0.6666666666666666,0
764,1.0,0,36.0,0.6666666666666666,9,6,6,0,3,12,12,9.0,82.0,0,6.0,24.0,6.0,0.0,6,18,12,0.6666666666666666,0.6666666666666666,0.6666666666666666,0
765,1.0,0,36.0,0.6666666666666666,9,6,6,0,3,12,12,9.0,82.0,0,6.0,24.0,6.0,0.0,6,18,12,0.6666666666666666,0.6666666666666666,0.6666666666666666,0
766,0.980936123797983,1,30.88037028896753,0.5718587090549543,9,6,5,1,3,12,10,9.0,83.93424639345827,0,5.88037028896753,20.0,5.88037028896753,0.88037028896753,5,18,10,0.6666666666666666,0.5555555555555556,0.5555555555555556,0
767,1.0,0,36.0,0.6666666666666666,9,6,6,0,3,12,12,9.0,82.0,0,6.0,24.0,6.0,0.0,6,18,12,0.6666666666666666,0.6666666666666666,0.6666666666666666,0
768,0.9846158949680033,1,32.99478527443272,0.6110145421191245,9,6,5,1,3,12,10,9.0,82.28990360095975,0,6.0,21.994785274432722,6.0,1.0,5,18,10,0.6666666666666666,0.5555555555555556,0.5555555555555556,0
769,1.0,0,36.0,0.6666666666666666,9,6,6,0,3,12,12,9.0,82.0,0,6.0,24.0,6.0,0.0,6,18,12,0.6666666666666666,0.6666666666666666,0.6666666666666666,0
770,1.0,0,36.0,0.6666666666666666,9,6,6,0,3,12,12,9.0,82.0,0,6.0,24.0,6.0,0.0,6,18,12,0.6666666666666666,0.6666666666666666,0.6666666666666666,0
771,1.0,0,36.0,0.6666666666666666,9,6,6,0,3,12,12,9.0,82.0,0,6.0,24.0,6.0,0.0,6,18,12,0.6666666666666666,0.6666666666666666,0.6666666666666666,0
772,0.9772058573205938,1,34.02925608559036,0.6301714089924141,9,6,5,1,3,12,10,9.0,80.18838736857516,0,6.0,23.02925608559036,6.0,1.0,5,18,10,0.6666666666666666,0.5555555555555556,0.5555555555555556,0
773,1.0,0,36.0,0.6666666666666666,9,6,6,0,3,12,12,9.0,82.0,0,6.0,24.0,6.0,0.0,6,18,12,0.6666666666666666,0.6666666666666666,0.6666666666666666,0
774,0.9945154390821812,1,30.582018661885357,0.5663336789238029,9,6,5,1,3,12,10,9.0,86.33719523500606,0,5.582018661885357,20.0,5.582018661885357,0.5820186618853569,5,18,10,0.6666666666666666,0.5555555555555556,0.5555555555555556,0
775,1.0,0,36.0,0.6666666666666666,9,6,6,0,3,12,12,9.0,82.0,0,6.0,24.0,6.0,0.0,6,18,12,0.6666666666666666,0.6666666666666666,0.6666666666666666,0
776,1.0,0,36.0,0.6666666666666666,9,6,6,0,3,12,12,9.0,82.0,0,6.0,24.0,6.0,0.0,6,18,12,0.6666666666666666,0.6666666666666666,0.6666666666666666,0
777,0.9727234297459341,1,33.77280912170974,0.625422391142773,9,6,5,1,3,12,10,9.0,79.79936476170475,0,6.0,22.77280912170974,6.0,1.0,5,18,10,0.6666666666666666,0.5555555555555556,0.5555555555555556,0
778,1.0,0,36.0,0.6666666666666666,9,6,6,0,3,12,12,9.0,82.0,0,6.0,24.0,6.0,0.0,6,18,12,0.6666666666666666,0.6666666666666666,0.6666666666666666,0
779,1.0,0,36.0,0.6666666666666666,9,6,6,0,3,12,12,9.0,82.0,0,6.0,24.0,6.0,0.0,6,18,12,0.6666666666666666,0.6666666666666666,0.6666666666666666,0
780,0.9900532664139795,1,31.240256080692518,0.5785232607535652,9,6,5,1,3,12,10,9.0,84.82741428292053,0,6.0,20.240256080692518,6.0,1.0,5,18,10,0.6666666666666666,0.5555555555555556,0.5555555555555556,0
781,0.9891981732555194,1,33.40525026698043,0.6186157456848228,9,6,5,1,3,12,10,9.0,82.53928668181436,0,6.0,22.40525026698043,6.0,1.0,5,18,10,0.6666666666666666,0.5555555555555556,0.5555555555555556,0
782,1.0,0,36.0,0.6666666666666666,9,6,6,0,3,12,12,9.0,82.0,0,6.0,24.0,6.0,0.0,6,18,12,0.6666666666666666,0.6666666666666666,0.6666666666666666,0
783,0.9920652023323453,1,33.39891799984622,0.6184984814786337,9,6,5,1,3,12,10,9.0,82.95847113601148,0,6.0,22.39891799984622,6.0,1.0,5,18,10,0.6666666666666666,0.5555555555555556,0.5555555555555556,0
784,1.0,0,36.0,0.6666666666666666,9,6,6,0,3,12,12,9.0,82.0,0,6.0,24.0,6.0,0.0,6,18,12,0.6666666666666666,0.6666666666666666,0.6666666666666666,0
785,1.0,0,36.0,0.6666666666666666,9,6,6,0,3,12,12,9.0,82.0,0,6.0,24.0,6.0,0.0,6,18,12,0.6666666666666666,0.6666666666666666,0.6666666666666666,0
786,1.0,0,36.0,0.6666666666666666,9,6,6,0,3,12,12,9.0,82.0,0,6.0,24.0,6.0,0.0,6,18,12,0.6666666666666666,0.6666666666666666,0.6666666666666666,0
787,1.0,0,36.0,0.6666666666666666,9,6,6,0,3,12,12,9.0,82.0,0,6.0,24.0,6.0,0.0,6,18,12,0.6666666666666666,0.6666666666666666,0.6666666666666666,0
788,1.0,0,36.0,0.6666666666666666,9,6,6,0,3,12,12,9.0,82.0,0,6.0,24.0,6.0,0.0,6,18,12,0.6666666666666666,0.6666666666666666,0.6666666666666666,0
789,0.9779163264043795,1,34.39776328257585,0.6369956163439973,9,6,5,1,3,12,10,9.0,79.9221877196548,0,6.0,23.397763282575852,6.0,1.0,5,18,10,0.6666666666666666,0.5555555555555556,0.5555555555555556,0
790,1.0,0,36.0,0.6666666666666666,9,6,6,0,3,12,12,9.0,82.0,0,6.0,24.0,6.0,0.0,6,18,12,0.6666666666666666,0.6666666666666666,0.6666666666666666,0
791,0.9852667196184082,1,32.18025720808677,0.5959306890386439,9,6,5,1,3,12,10,9.0,83.19815041696403,0,6.0,21.180257208086772,6.0,1.0,5,18,10,0.6666666666666666,0.5555555555555556,0.5555555555555556,0
792,0.9762106264868563,1,30.160335742697896,0.5585247359758869,9,6,5,1,3,12,10,9.0,84.33382660006045,0,5.160335742697896,20.0,5.160335742697896,0.16033574269789597,5,18,10,0.6666666666666666,0.5555555555555556,0.5555555555555556,0
793,1.0,0,36.0,0.6666666666666666,9,6,6,0,3,12,12,9.0,82.0,0,6.0,24.0,6.0,0.0,6,18,12,0.6666666666666666,0.6666666666666666,0.6666666666666666,0
794,0.9923030747980953,1,32.62528919871383,0.6041720221984043,9,6,5,1,3,12,10,9.0,83.7663535722119,0,6.0,21.62528919871383,6.0,1.0,5,18,10,0.6666666666666666,0.5555555555555556,0.5555555555555556,0
795,1.0,0,36.0,0.6666666666666666,9,6,6,0,3,12,12,9.0,82.0,0,6.0,24.0,6.0,0.0,6,18,12,0.6666666666666666,0.6666666666666666,0.6666666666666666,0
796,0.9625767390666746,2,27.968555719100962,0.5179362170203882,9,6,4,2,3,12,8,9.0,83.64249470650019,0,6.0,17.968555719100962,6.0,2.0,4,18,8,0.6666666666666666,0.4444444444444444,0.4444444444444444,0
797,1.0,0,36.0,0.6666666666666666,9,6,6,0,3,12,12,9.0,82.0,0,6.0,24.0,6.0,0.0,6,18,12,0.6666666666666666,0.6666666666666666,0.6666666666666666,0
798,0.9875524169707863,1,31.32316832055357,0.5800586726028439,9,6,5,1,3,12,10,9.0,84.38437972323968,0,6.0,20.32316832055357,6.0,1.0,5,18,10,0.6666666666666666,0.5555555555555556,0.5555555555555556,0
799,1.0,0,36.0,0.6666666666666666,9,6,6,0,3,12,12,9.0,82.0,0,6.0,24.0,6.0,0.0,6,18,12,0.6666666666666666,0.6666666666666666,0.6666666666666666,0
800,0.9890199953236076,1,32.67576533666488,0.605106765493794,9,6,5,1,3,12,10,9.0,83.24311398993463,0,6.0,21.67576533666488,6.0,1.0,5,18,10,0.6666666666666666,0.5555555555555556,0.5555555555555556,0
801,1.0,0,36.0,0.6666666666666666,9,6,6,0,3,12,12,9.0,82.0,0,6.0,24.0,6.0,0.0,6,18,12,0.6666666666666666,0.6666666666666666,0.6666666666666666,0
802,0.9944550865665008,1,30.799246222839987,0.5703564115340738,9,6,5,1,3,12,10,9.0,86.00266313131615,0,5.799246222839987,20.0,5.799246222839987,0.7992462228399866,5,18,10,0.6666666666666666,0.5555555555555556,0.5555555555555556,0
803,1.0,0,36.0,0.6666666666666666,9,6,6,0,3,12,12,9.0,82.0,0,6.0,24.0,6.0,0.0,6,18,12,0.6666666666666666,0.6666666666666666,0.6666666666666666,0
804,0.9788052654945345,2,32.441855329084596,0.6007750986867518,9,6,4,2,3,12,8,9.0,81.50610290212838,0,6.0,22.441855329084596,6.0,2.0,4,18,8,0.6666666666666666,0.4444444444444444,0.4444444444444444,0
805,0.9880846068761022,1,31.61152432175909,0.5853985985510943,9,6,5,1,3,12,10,9.0,84.17265906839964,0,6.0,20.61152432175909,5.999999999999986,0.9999999999999858,5,18,10,0.6666666666666666,0.5555555555555556,0.5555555555555556,0
806,1.0,0,36.0,0.6666666666666666,9,6,6,0,3,12,12,9.0,82.0,0,6.0,24.0,6.0,0.0,6,18,12,0.6666666666666666,0.6666666666666666,0.6666666666666666,0
807,1.0,0,36.0,0.6666666666666666,9,6,6,0,3,12,12,9.0,82.0,0,6.0,24.0,6.0,0.0,6,18,12,0.6666666666666666,0.6666666666666666,0.6666666666666666,0
808,0.9953285511951024,1,34.09226846580955,0.6313383049223992,9,6,5,1,3,12,10,9.0,82.73504290628522,0,6.0,23.092268465809553,6.0,1.0,5,18,10,0.6666666666666666,0.5555555555555556,0.5555555555555556,0
809,1.0,0,36.0,0.6666666666666666,9,6,6,0,3,12,12,9.0,82.0,0,6.0,24.0,6.0,0.0,6,18,12,0.6666666666666666,0.6666666666666666,0.6666666666666666,0
810,0.949638573705643,3,25.156914405003768,0.46586878527784753,9,6,3,3,3,12,6,9.0,84.09104020860885,0,6.0,16.156914405003768,6.0,3.0,3,18,6,0.6666666666666666,0.3333333333333333,0.3333333333333333,0
811,1.0,0,36.0,0.6666666666666666,9,6,6,0,3,12,12,9.0,82.0,0,6.0,24.0,6.0,0.0,6,18,12,0.6666666666666666,0.6666666666666666,0.6666666666666666,0
812,1.0,0,36.0,0.6666666666666666,9,6,6,0,3,12,12,9.0,82.0,0,6.0,24.0,6.0,0.0,6,18,12,0.6666666666666666,0.6666666666666666,0.6666666666666666,0
813,1.0,0,36.0,0.6666666666666666,9,6,6,0,3,12,12,9.0,82.0,0,6.0,24.0,6.0,0.0,6,18,12,0.6666666666666666,0.6666666666666666,0.6666666666666666,0
814,0.9552303819594185,1,33.24581411707467,0.6156632243902718,9,6,5,1,3,12,10,9.0,77.80736088508158,0,6.0,22.245814117074673,6.0,1.0,5,18,10,0.6666666666666666,0.5555555555555556,0.5555555555555556,0
815,1.0,0,36.0,0.6666666666666666,9,6,6,0,3,12,12,9.0,82.0,0,6.0,24.0,6.0,0.0,6,18,12,0.6666666666666666,0.6666666666666666,0.6666666666666666,0
816,1.0,0,36.0,0.6666666666666666,9,6,6,0,3,12,12,9.0,82.0,0,6.0,24.0,6.0,0.0,6,18,12,0.6666666666666666,0.6666666666666666,0.6666666666666666,0
817,1.0,0,36.0,0.6666666666666666,9,6,6,0,3,12,12,9.0,82.0,0,6.0,24.0,6.0,0.0,6,18,12,0.6666666666666666,0.6666666666666666,0.6666666666666666,0
818,0.9914286502833285,1,31.460938996020356,0.5826099814077844,9,6,5,1,3,12,10,9.0,84.80478664477894,0,6.0,20.460938996020356,6.0,1.0,5,18,10,0.6666666666666666,0.5555555555555556,0.5555555555555556,0
819,1.0,0,36.0,0.6666666666666666,9,6,6,0,3,12,12,9.0,82.0,0,6.0,24.0,6.0,0.0,6,18,12,0.6666666666666666,0.6666666666666666,0.6666666666666666,0
820,0.996762451531445,1,30.746806224326818,0.5693853004504966,9,6,5,1,3,12,10,9.0,86.41358368403786,0,5.746806224326818,20.0,5.746806224326818,0.7468062243268179,5,18,10,0.6666666666666666,0.5555555555555556,0.5555555555555556,0
821,0.9964283874223392,1,31.711592509056942,0.5872517131306841,9,6,5,1,3,12,10,9.0,85.2740952797599,0,6.0,20.711592509056942,6.0,1.0,5,18,10,0.6666666666666666,0.5555555555555556,0.5555555555555556,0
822,1.0,0,36.0,0.6666666666666666,9,6,6,0,3,12,12,9.0,82.0,0,6.0,24.0,6.0,0.0,6,18,12,0.6666666666666666,0.6666666666666666,0.6666666666666666,0
823,1.0,0,36.0,0.6666666666666666,9,6,6,0,3,12,12,9.0,82.0,0,6.0,24.0,6.0,0.0,6,18,12,0.6666666666666666,0.6666666666666666,0.6666666666666666,0
824,1.0,0,36.0,0.6666666666666666,9,6,6,0,3,12,12,9.0,82.0,0,6.0,24.0,6.0,0.0,6,18,12,0.6666666666666666,0.6666666666666666,0.6666666666666666,0
825,1.0,0,36.0,0.6666666666666666,9,6,6,0,3,12,12,9.0,82.0,0,6.0,24.0,6.0,0.0,6,18,12,0.6666666666666666,0.6666666666666666,0.6666666666666666,0
826,0.9588842390376375,2,28.650345631823484,0.5305619561448793,9,6,4,2,3,12,8,9.0,82.5266496911262,0,5.804670196940208,18.845675434883276,5.804670196940208,1.804670196940208,4,18,8,0.6666666666666666,0.4444444444444444,0.4444444444444444,0
827,1.0,0,36.0,0.6666666666666666,9,6,6,0,3,12,12,9.0,82.0,0,6.0,24.0,6.0,0.0,6,18,12,0.6666666666666666,0.6666666666666666,0.6666666666666666,0
828,0.9960806546691212,1,32.99975983913566,0.6111066636876975,9,6,5,1,3,12,10,9.0,83.93585443321778,0,6.0,21.999759839135663,6.0,1.0,5,18,10,0.6666666666666666,0.5555555555555556,0.5555555555555556,0
829,1.0,0,36.0,0.6666666666666666,9,6,6,0,3,12,12,9.0,82.0,0,6.0,24.0,6.0,0.0,6,18,12,0.6666666666666666,0.6666666666666666,0.6666666666666666,0
830,1.0,0,36.0,0.6666666666666666,9,6,6,0,3,12,12,9.0,82.0,0,6.0,24.0,6.0,0.0,6,18,12,0.6666666666666666,0.6666666666666666,0.6666666666666666,0
831,0.9597743450264661,1,24.26605834989737,0.44937145092402536,9,5,4,1,4,10,8,8.0,88.80841815896508,0,4.266058349897371,16.0,4.266058349897371,0.26605834989737076,4,18,8,0.5555555555555556,0.4444444444444444,0.4444444444444444,0
832,1.0,0,36.0,0.6666666666666666,9,6,6,0,3,12,12,9.0,82.0,0,6.0,24.0,6.0,0.0,6,18,12,0.6666666666666666,0.6666666666666666,0.6666666666666666,0
833,1.0,0,36.0,0.6666666666666666,9,6,6,0,3,12,12,9.0,82.0,0,6.0,24.0,6.0,0.0,6,18,12,0.6666666666666666,0.6666666666666666,0.6666666666666666,0
834,0.9872742216474875,1,32.60773232909659,0.6038468949832703,9,6,5,1,3,12,10,9.0,83.0597555881416,0,6.0,21.60773232909659,6.0,1.0,5,18,10,0.6666666666666666,0.5555555555555556,0.5555555555555556,0
835,1.0,0,36.0,0.6666666666666666,9,6,6,0,3,12,12,9.0,82.0,0,6.0,24.0,6.0,0.0,6,18,12,0.6666666666666666,0.6666666666666666,0.6666666666666666,0
836,1.0,0,36.0,0.6666666666666666,9,6,6,0,3,12,12,9.0,82.0,0,6.0,24.0,6.0,0.0,6,18,12,0.6666666666666666,0.6666666666666666,0.6666666666666666,0
837,1.0,0,36.0,0.6666666666666666,9,6,6,0,3,12,12,9.0,82.0,0,6.0,24.0,6.0,0.0,6,18,12,0.6666666666666666,0.6666666666666666,0.6666666666666666,0
838,1.0,0,36.0,0.6666666666666666,9,6,6,0,3,12,12,9.0,82.0,0,6.0,24.0,6.0,0.0,6,18,12,0.6666666666666666,0.6666666666666666,0.6666666666666666,0
839,1.0,0,36.0,0.6666666666666666,9,6,6,0,3,12,12,9.0,82.0,0,6.0,24.0,6.0,0.0,6,18,12,0.6666666666666666,0.6666666666666666,0.6666666666666666,0
840,0.9294722606792654,2,28.543660562980435,0.5285863067218599,9,6,4,2,3,12,8,9.0,78.69989762655567,0,5.200894696556219,19.342765866424216,5.200894696556219,1.2008946965562188,4,18,8,0.6666666666666666,0.4444444444444444,0.4444444444444444,0
841,1.0,0,36.0,0.6666666666666666,9,6,6,0,3,12,12,9.0,82.0,0,6.0,24.0,6.0,0.0,6,18,12,0.6666666666666666,0.6666666666666666,0.6666666666666666,0
842,1.0,0,36.0,0.6666666666666666,9,6,6,0,3,12,12,9.0,82.0,0,6.0,24.0,6.0,0.0,6,18,12,0.6666666666666666,0.6666666666666666,0.6666666666666666,0
843,1.0,0,36.0,0.6666666666666666,9,6,6,0,3,12,12,9.0,82.0,0,6.0,24.0,6.0,0.0,6,18,12,0.6666666666666666,0.6666666666666666,0.6666666666666666,0
844,1.0,0,36.0,0.6666666666666666,9,6,6,0,3,12,12,9.0,82.0,0,6.0,24.0,6.0,0.0,6,18,12,0.6666666666666666,0.6666666666666666,0.6666666666666666,0
845,0.9811457438663839,1,31.203730840505983,0.5778468674167775,9,6,5,1,3,12,10,9.0,83.58125627625331,0,6.0,20.203730840505983,6.0,1.0,5,18,10,0.6666666666666666,0.5555555555555556,0.5555555555555556,0
846,0.986108803532437,1,33.10145556546527,0.6129899178789865,9,6,5,1,3,12,10,9.0,82.39821214320567,0,6.0,22.101455565465272,6.0,1.0,5,18,10,0.6666666666666666,0.5555555555555556,0.5555555555555556,0
847,1.0,0,36.0,0.6666666666666666,9,6,6,0,3,12,12,9.0,82.0,0,6.0,24.0,6.0,0.0,6,18,12,0.6666666666666666,0.6666666666666666,0.6666666666666666,0
848,1.0,0,36.0,0.6666666666666666,9,6,6,0,3,12,12,9.0,82.0,0,6.0,24.0,6.0,0.0,6,18,12,0.6666666666666666,0.6666666666666666,0.6666666666666666,0
849,1.0,0,36.0,0.6666666666666666,9,6,6,0,3,12,12,9.0,82.0,0,6.0,24.0,6.0,0.0,6,18,12,0.6666666666666666,0.6666666666666666,0.6666666666666666,0
850,1.0,0,36.0,0.6666666666666666,9,6,6,0,3,12,12,9.0,82.0,0,6.0,24.0,6.0,0.0,6,18,12,0.6666666666666666,0.6666666666666666,0.6666666666666666,0
851,1.0,0,36.0,0.6666666666666666,9,6,6,0,3,12,12,9.0,82.0,0,6.0,24.0,6.0,0.0,6,18,12,0.6666666666666666,0.6666666666666666,0.6666666666666666,0
852,0.9969459329644909,1,30.3392363829645,0.5618377107956389,9,6,5,1,3,12,10,8.999999999999993,87.05135977243994,0,5.339236382964501,20.0,5.339236382964501,0.33923638296450065,5,18,10,0.6666666666666666,0.5555555555555556,0.5555555555555556,0
853,1.0,0,36.0,0.6666666666666666,9,6,6,0,3,12,12,9.0,82.0,0,6.0,24.0,6.0,0.0,6,18,12,0.6666666666666666,0.6666666666666666,0.6666666666666666,0
854,1.0,0,36.0,0.6666666666666666,9,6,6,0,3,12,12,9.0,82.0,0,6.0,24.0,6.0,0.0,6,18,12,0.6666666666666666,0.6666666666666666,0.6666666666666666,0
855,1.0,0,36.0,0.6666666666666666,9,6,6,0,3,12,12,9.0,82.0,0,6.0,24.0,6.0,0.0,6,18,12,0.6666666666666666,0.6666666666666666,0.6666666666666666,0
856,1.0,0,36.0,0.6666666666666666,9,6,6,0,3,12,12,9.0,82.0,0,6.0,24.0,6.0,0.0,6,18,12,0.6666666666666666,0.6666666666666666,0.6666666666666666,0
857,0.995963624669717,1,32.92883302096797,0.6097932040919994,9,6,5,1,3,12,10,9.0,83.98992893147127,0,6.0,21.92883302096797,6.0,1.0,5,18,10,0.6666666666666666,0.5555555555555556,0.5555555555555556,0
858,1.0,0,36.0,0.6666666666666666,9,6,6,0,3,12,12,9.0,82.0,0,6.0,24.0,6.0,0.0,6,18,12,0.6666666666666666,0.6666666666666666,0.6666666666666666,0
859,1.0,0,36.0,0.6666666666666666,9,6,6,0,3,12,12,9.0,82.0,0,6.0,24.0,6.0,0.0,6,18,12,0.6666666666666666,0.6666666666666666,0.6666666666666666,0
860,1.0,0,36.0,0.6666666666666666,9,6,6,0,3,12,12,9.0,82.0,0,6.0,24.0,6.0,0.0,6,18,12,0.6666666666666666,0.6666666666666666,0.6666666666666666,0
861,1.0,0,36.0,0.6666666666666666,9,6,6,0,3,12,12,9.0,82.0,0,6.0,24.0,6.0,0.0,6,18,12,0.6666666666666666,0.6666666666666666,0.6666666666666666,0
862,1.0,0,36.0,0.6666666666666666,9,6,6,0,3,12,12,9.0,82.0,0,6.0,24.0,6.0,0.0,6,18,12,0.6666666666666666,0.6666666666666666,0.6666666666666666,0
863,1.0,0,36.0,0.6666666666666666,9,6,6,0,3,12,12,9.0,82.0,0,6.0,24.0,6.0,0.0,6,18,12,0.6666666666666666,0.6666666666666666,0.6666666666666666,0
864,1.0,0,36.0,0.6666666666666666,9,6,6,0,3,12,12,9.0,82.0,0,6.0,24.0,6.0,0.0,6,18,12,0.6666666666666666,0.6666666666666666,0.6666666666666666,0
865,1.0,0,36.0,0.6666666666666666,9,6,6,0,3,12,12,9.0,82.0,0,6.0,24.0,6.0,0.0,6,18,12,0.6666666666666666,0.6666666666666666,0.6666666666666666,0
866,0.9957628958311394,1,32.73496395287336,0.6062030361643215,9,6,5,1,3,12,10,9.0,84.1548930468107,0,6.0,21.734963952873354,6.0,1.0,5,18,10,0.6666666666666666,0.5555555555555556,0.5555555555555556,0
867,1.0,0,36.0,0.6666666666666666,9,6,6,0,3,12,12,9.0,82.0,0,6.0,24.0,6.0,0.0,6,18,12,0.6666666666666666,0.6666666666666666,0.6666666666666666,0
868,0.9848006832075645,1,33.63949033815004,0.6229535247805563,9,6,5,1,3,12,10,9.0,81.67180804373925,0,6.0,22.63949033815004,6.0,1.0,5,18,10,0.6666666666666666,0.5555555555555556,0.5555555555555556,0
869,1.0,0,36.0,0.6666666666666666,9,6,6,0,3,12,12,9.0,82.0,0,6.0,24.0,6.0,0.0,6,18,12,0.6666666666666666,0.6666666666666666,0.6666666666666666,0
870,1.0,0,36.0,0.6666666666666666,9,6,6,0,3,12,12,9.0,82.0,0,6.0,24.0,6.0,0.0,6,18,12,0.6666666666666666,0.6666666666666666,0.6666666666666666,0
871,1.0,0,36.0,0.6666666666666666,9,6,6,0,3,12,12,9.0,82.0,0,6.0,24.0,6.0,0.0,6,18,12,0.6666666666666666,0.6666666666666666,0.6666666666666666,0
872,1.0,0,36.0,0.6666666666666666,9,6,6,0,3,12,12,9.0,82.0,0,6.0,24.0,6.0,0.0,6,18,12,0.6666666666666666,0.6666666666666666,0.6666666666666666,0
873,1.0,0,36.0,0.6666666666666666,9,6,6,0,3,12,12,9.0,82.0,0,6.0,24.0,6.0,0.0,6,18,12,0.6666666666666666,0.6666666666666666,0.6666666666666666,0
874,1.0,0,36.0,0.6666666666666666,9,6,6,0,3,12,12,9.0,82.0,0,6.0,24.0,6.0,0.0,6,18,12,0.6666666666666666,0.6666666666666666,0.6666666666666666,0
875,0.9893100742804547,1,30.25594552286131,0.5602952874603946,9,6,5,1,3,12,10,9.0,86.07673241209352,0,5.25594552286131,20.0,5.25594552286131,0.25594552286131034,5,18,10,0.6666666666666666,0.5555555555555556,0.5555555555555556,0
876,1.0,0,36.0,0.6666666666666666,9,6,6,0,3,12,12,9.0,82.0,0,6.0,24.0,6.0,0.0,6,18,12,0.6666666666666666,0.6666666666666666,0.6666666666666666,0
877,1.0,0,36.0,0.6666666666666666,9,6,6,0,3,12,12,9.0,82.0,0,6.0,24.0,6.0,0.0,6,18,12,0.6666666666666666,0.6666666666666666,0.6666666666666666,0
878,1.0,0,36.0,0.6666666666666666,9,6,6,0,3,12,12,9.0,82.0,0,6.0,24.0,6.0,0.0,6,18,12,0.6666666666666666,0.6666666666666666,0.6666666666666666,0
879,1.0,0,36.0,0.6666666666666666,9,6,6,0,3,12,12,9.0,82.0,0,6.0,24.0,6.0,0.0,6,18,12,0.6666666666666666,0.6666666666666666,0.6666666666666666,0
880,1.0,0,36.0,0.6666666666666666,9,6,6,0,3,12,12,9.0,82.0,0,6.0,24.0,6.0,0.0,6,18,12,0.6666666666666666,0.6666666666666666,0.6666666666666666,0
881,0.9793805053298479,1,30.513972894007807,0.5650735721112556,9,6,5,1,3,12,10,9.0,84.25983342648638,0,5.513972894007807,20.0,5.513972894007807,0.5139728940078072,5,18,10,0.6666666666666666,0.5555555555555556,0.5555555555555556,0
882,1.0,0,36.0,0.6666666666666666,9,6,6,0,3,12,12,9.0,82.0,0,6.0,24.0,6.0,0.0,6,18,12,0.6666666666666666,0.6666666666666666,0.6666666666666666,0
883,1.0,0,36.0,0.6666666666666666,9,6,6,0,3,12,12,9.0,82.0,0,6.0,24.0,6.0,0.0,6,18,12,0.6666666666666666,0.6666666666666666,0.6666666666666666,0
884,1.0,0,36.0,0.6666666666666666,9,6,6,0,3,12,12,9.0,82.0,0,6.0,24.0,6.0,0.0,6,18,12,0.6666666666666666,0.6666666666666666,0.6666666666666666,0
885,0.9515674057941398,1,33.293349518743355,0.6165435096063584,9,6,5,1,3,12,10,9.0,77.23235691561277,0,6.0,22.293349518743355,6.0,1.0,5,18,10,0.6666666666666666,0.5555555555555556,0.5555555555555556,0
886,1.0,0,36.0,0.6666666666666666,9,6,6,0,3,12,12,9.0,82.0,0,6.0,24.0,6.0,0.0,6,18,12,0.6666666666666666,0.6666666666666666,0.6666666666666666,0
887,1.0,0,36.0,0.6666666666666666,9,6,6,0,3,12,12,9.0,82.0,0,6.0,24.0,6.0,0.0,6,18,12,0.6666666666666666,0.6666666666666666,0.6666666666666666,0
888,0.9947229650928244,1,31.382792817679853,0.5811628299570343,9,6,5,1,3,12,10,9.0,85.35731415568686,0,6.0,20.382792817679853,6.0000000000000036,1.0000000000000036,5,18,10,0.6666666666666666,0.5555555555555556,0.5555555555555556,0
889,0.9941287541762434,1,32.86048169835237,0.6085274388583772,9,6,5,1,3,12,10,9.0,83.79405890302667,0,6.0,21.860481698352373,6.0,1.0,5,18,10,0.6666666666666666,0.5555555555555556,0.5555555555555556,0
890,0.9750199040930156,2,33.29868163812553,0.6166422525578802,9,6,4,2,3,12,8,9.0,80.19534111044602,0,6.0,23.11636851977093,6.0,1.8176868816454004,5,18,10,0.6666666666666666,0.5555555555555556,0.4444444444444444,0
891,1.0,0,36.0,0.6666666666666666,9,6,6,0,3,12,12,9.0,82.0,0,6.0,24.0,6.0,0.0,6,18,12,0.6666666666666666,0.6666666666666666,0.6666666666666666,0
892,1.0,0,36.0,0.6666666666666666,9,6,6,0,3,12,12,9.0,82.0,0,6.0,24.0,6.0,0.0,6,18,12,0.6666666666666666,0.6666666666666666,0.6666666666666666,0
893,1.0,0,36.0,0.6666666666666666,9,6,6,0,3,12,12,9.0,82.0,0,6.0,24.0,6.0,0.0,6,18,12,0.6666666666666666,0.6666666666666666,0.6666666666666666,0
894,0.9927997813416963,1,33.358925536116885,0.6177578802984608,9,6,5,1,3,12,10,9.0,83.10424297708737,0,6.0,22.358925536116885,6.0,1.0,5,18,10,0.6666666666666666,0.5555555555555556,0.5555555555555556,0
895,0.9626887077085607,3,24.623988205958142,0.4559997815918174,9,6,3,3,3,12,6,9.0,86.70470542894174,0,5.596960550265706,16.027027655692436,5.596960550265706,2.596960550265706,3,18,6,0.6666666666666666,0.3333333333333333,0.3333333333333333,0
896,1.0,0,36.0,0.6666666666666666,9,6,6,0,3,12,12,9.0,82.0,0,6.0,24.0,6.0,0.0,6,18,12,0.6666666666666666,0.6666666666666666,0.6666666666666666,0
897,1.0,0,36.0,0.6666666666666666,9,6,6,0,3,12,12,9.0,82.0,0,6.0,24.0,6.0,0.0,6,18,12,0.6666666666666666,0.6666666666666666,0.6666666666666666,0
898,1.0,0,36.0,0.6666666666666666,9,6,6,0,3,12,12,9.0,82.0,0,6.0,24.0,6.0,0.0,6,18,12,0.6666666666666666,0.6666666666666666,0.6666666666666666,0
899,1.0,0,36.0,0.6666666666666666,9,6,6,0,3,12,12,9.0,82.0,0,6.0,24.0,6.0,0.0,6,18,12,0.6666666666666666,0.6666666666666666,0.6666666666666666,0
900,1.0,0,36.0,0.6666666666666666,9,6,6,0,3,12,12,9.0,82.0,0,6.0,24.0,6.0,0.0,6,18,12,0.6666666666666666,0.6666666666666666,0.6666666666666666,0
901,1.0,0,36.0,0.6666666666666666,9,6,6,0,3,12,12,9.0,82.0,0,6.0,24.0,6.0,0.0,6,18,12,0.6666666666666666,0.6666666666666666,0.6666666666666666,0
902,1.0,0,36.0,0.6666666666666666,9,6,6,0,3,12,12,9.0,82.0,0,6.0,24.0,6.0,0.0,6,18,12,0.6666666666666666,0.6666666666666666,0.6666666666666666,0
903,1.0,0,36.0,0.6666666666666666,9,6,6,0,3,12,12,9.0,82.0,0,6.0,24.0,6.0,0.0,6,18,12,0.6666666666666666,0.6666666666666666,0.6666666666666666,0
904,0.9851704059785091,1,32.42631264350152,0.600487271175954,9,6,5,1,3,12,10,9.0,82.9382258174038,0,6.0,21.426312643501518,6.0,1.0,5,18,10,0.6666666666666666,0.5555555555555556,0.5555555555555556,0
905,1.0,0,36.0,0.6666666666666666,9,6,6,0,3,12,12,9.0,82.0,0,6.0,24.0,6.0,0.0,6,18,12,0.6666666666666666,0.6666666666666666,0.6666666666666666,0
906,1.0,0,36.0,0.6666666666666666,9,6,6,0,3,12,12,9.0,82.0,0,6.0,24.0,6.0,0.0,6,18,12,0.6666666666666666,0.6666666666666666,0.6666666666666666,0
907,0.9986951667017941,1,30.115187958171575,0.5576886658920662,9,6,5,1,3,12,10,9.0,87.63932206780099,0,5.115187958171575,20.0,5.115187958171575,0.11518795817157468,5,18,10,0.6666666666666666,0.5555555555555556,0.5555555555555556,0
908,0.9845393913820195,1,34.044459357518775,0.6304529510651625,9,6,5,1,3,12,10,9.0,81.22921300149204,0,6.0,23.044459357518775,6.0,1.0,5,18,10,0.6666666666666666,0.5555555555555556,0.5555555555555556,0
909,0.9758217393616325,2,33.17936715323503,0.6144327250599079,9,6,4,2,3,12,8,9.0,80.33896331484003,0,6.0,23.179367153235027,6.0,2.0,4,18,8,0.6666666666666666,0.4444444444444444,0.4444444444444444,0
910,1.0,0,36.0,0.6666666666666666,9,6,6,0,3,12,12,9.0,82.0,0,6.0,24.0,6.0,0.0,6,18,12,0.6666666666666666,0.6666666666666666,0.6666666666666666,0
911,1.0,0,36.0,0.6666666666666666,9,6,6,0,3,12,12,9.0,82.0,0,6.0,24.0,6.0,0.0,6,18,12,0.6666666666666666,0.6666666666666666,0.6666666666666666,0
912,1.0,0,36.0,0.6666666666666666,9,6,6,0,3,12,12,9.0,82.0,0,6.0,24.0,6.0,0.0,6,18,12,0.6666666666666666,0.6666666666666666,0.6666666666666666,0
913,1.0,0,36.0,0.6666666666666666,9,6,6,0,3,12,12,9.0,82.0,0,6.0,24.0,6.0,0.0,6,18,12,0.6666666666666666,0.6666666666666666,0.6666666666666666,0
914,1.0,0,36.0,0.6666666666666666,9,6,6,0,3,12,12,9.0,82.0,0,6.0,24.0,6.0,0.0,6,18,12,0.6666666666666666,0.6666666666666666,0.6666666666666666,0
915,0.9860987641100372,1,30.336214953849534,0.561781758404621,9,6,5,1,3,12,10,9.0,85.49389960107105,0,5.3362149538495345,20.0,5.3362149538495345,0.3362149538495345,5,18,10,0.6666666666666666,0.5555555555555556,0.5555555555555556,0
916,1.0,0,36.0,0.6666666666666666,9,6,6,0,3,12,12,9.0,82.0,0,6.0,24.0,6.0,0.0,6,18,12,0.6666666666666666,0.6666666666666666,0.6666666666666666,0
917,1.0,0,36.0,0.6666666666666666,9,6,6,0,3,12,12,9.0,82.0,0,6.0,24.0,6.0,0.0,6,18,12,0.6666666666666666,0.6666666666666666,0.6666666666666666,0
918,0.9770180615348723,1,32.55533449455419,0.6028765647139664,9,6,5,1,3,12,10,9.0,81.6352663664674,0,6.0,21.555334494554188,6.0,1.0,5,18,10,0.6666666666666666,0.5555555555555556,0.5555555555555556,0
919,0.9541832243988009,1,35.940621662148146,0.6655670678175583,9,6,5,1,3,12,10,9.0,75.43207348235326,0,6.0,24.0,6.0,0.05937833785185376,6,18,12,0.6666666666666666,0.6666666666666666,0.5555555555555556,0
920,1.0,0,36.0,0.6666666666666666,9,6,6,0,3,12,12,9.0,82.0,0,6.0,24.0,6.0,0.0,6,18,12,0.6666666666666666,0.6666666666666666,0.6666666666666666,0
921,0.9764977611597896,1,31.123832534974767,0.5763672691661994,9,6,5,1,3,12,10,9.0,82.99184507203492,0,6.0,20.123832534974767,6.000000000000014,1.0000000000000142,5,18,10,0.6666666666666666,0.5555555555555556,0.5555555555555556,0
922,0.9919506076699116,1,33.37041026821467,0.6179705605224939,9,6,5,1,3,12,10,9.0,82.97047723625262,0,6.0,22.37041026821467,6.0,1.0,5,18,10,0.6666666666666666,0.5555555555555556,0.5555555555555556,0
923,0.9678246007197843,1,34.663075307639836,0.6419088019933303,9,6,5,1,3,12,10,9.0,78.20366719600909,0,6.0,23.663075307639836,6.0,1.0,5,18,10,0.6666666666666666,0.5555555555555556,0.5555555555555556,0
924,1.0,0,36.0,0.6666666666666666,9,6,6,0,3,12,12,9.0,82.0,0,6.0,24.0,6.0,0.0,6,18,12,0.6666666666666666,0.6666666666666666,0.6666666666666666,0
925,1.0,0,36.0,0.6666666666666666,9,6,6,0,3,12,12,9.0,82.0,0,6.0,24.0,6.0,0.0,6,18,12,0.6666666666666666,0.6666666666666666,0.6666666666666666,0
926,0.9580401859504657,1,27.105086398640296,0.5019460444192647,9,5,4,1,4,10,8,8.0,85.35270037822676,0,5.0,18.105086398640296,5.0,1.0,4,18,8,0.5555555555555556,0.4444444444444444,0.4444444444444444,0
927,1.0,0,36.0,0.6666666666666666,9,6,6,0,3,12,12,9.0,82.0,0,6.0,24.0,6.0,0.0,6,18,12,0.6666666666666666,0.6666666666666666,0.6666666666666666,0
928,0.9886374289236753,1,31.143846048591968,0.5767378897887402,9,6,5,1,3,12,10,9.0,84.71994371641728,0,6.0,20.143846048591968,6.0,1.0,5,18,10,0.6666666666666666,0.5555555555555556,0.5555555555555556,0
929,1.0,0,36.0,0.6666666666666666,9,6,6,0,3,12,12,9.0,82.0,0,6.0,24.0,6.0,0.0,6,18,12,0.6666666666666666,0.6666666666666666,0.6666666666666666,0
930,1.0,0,36.0,0.6666666666666666,9,6,6,0,3,12,12,9.0,82.0,0,6.0,24.0,6.0,0.0,6,18,12,0.6666666666666666,0.6666666666666666,0.6666666666666666,0
931,1.0,0,36.0,0.6666666666666666,9,6,6,0,3,12,12,9.0,82.0,0,6.0,24.0,6.0,0.0,6,18,12,0.6666666666666666,0.6666666666666666,0.6666666666666666,0
932,1.0,0,36.0,0.6666666666666666,9,6,6,0,3,12,12,9.0,82.0,0,6.0,24.0,6.0,0.0,6,18,12,0.6666666666666666,0.6666666666666666,0.6666666666666666,0
933,1.0,0,36.0,0.6666666666666666,9,6,6,0,3,12,12,9.0,82.0,0,6.0,24.0,6.0,0.0,6,18,12,0.6666666666666666,0.6666666666666666,0.6666666666666666,0
934,1.0,0,36.0,0.6666666666666666,9,6,6,0,3,12,12,9.0,82.0,0,6.0,24.0,6.0,0.0,6,18,12,0.6666666666666666,0.6666666666666666,0.6666666666666666,0
935,1.0,0,36.0,0.6666666666666666,9,6,6,0,3,12,12,9.0,82.0,0,6.0,24.0,6.0,0.0,6,18,12,0.6666666666666666,0.6666666666666666,0.6666666666666666,0
936,1.0,0,36.0,0.6666666666666666,9,6,6,0,3,12,12,9.0,82.0,0,6.0,24.0,6.0,0.0,6,18,12,0.6666666666666666,0.6666666666666666,0.6666666666666666,0
937,0.9915591328564576,1,31.15726672271315,0.5769864207909843,9,6,5,1,3,12,10,9.0,85.12724840861677,0,6.0,20.15726672271315,6.0,1.0,5,18,10,0.6666666666666666,0.5555555555555556,0.5555555555555556,0
938,1.0,0,36.0,0.6666666666666666,9,6,6,0,3,12,12,9.0,82.0,0,6.0,24.0,6.0,0.0,6,18,12,0.6666666666666666,0.6666666666666666,0.6666666666666666,0
939,0.9928245919805809,1,35.09572581287355,0.6499208483865473,9,6,5,1,3,12,10,9.0,81.41887833876686,0,6.0,24.0,6.0,0.9042741871264468,6,18,12,0.6666666666666666,0.6666666666666666,0.5555555555555556,0
940,1.0,0,36.0,0.6666666666666666,9,6,6,0,3,12,12,9.0,82.0,0,6.0,24.0,6.0,0.0,6,18,12,0.6666666666666666,0.6666666666666666,0.6666666666666666,0
941,1.0,0,36.0,0.6666666666666666,9,6,6,0,3,12,12,9.0,82.0,0,6.0,24.0,6.0,0.0,6,18,12,0.6666666666666666,0.6666666666666666,0.6666666666666666,0
942,1.0,0,36.0,0.6666666666666666,9,6,6,0,3,12,12,9.0,82.0,0,6.0,24.0,6.0,0.0,6,18,12,0.6666666666666666,0.6666666666666666,0.6666666666666666,0
943,1.0,0,36.0,0.6666666666666666,9,6,6,0,3,12,12,9.0,82.0,0,6.0,24.0,6.0,0.0,6,18,12,0.6666666666666666,0.6666666666666666,0.6666666666666666,0
944,1.0,0,36.0,0.6666666666666666,9,6,6,0,3,12,12,9.0,82.0,0,6.0,24.0,6.0,0.0,6,18,12,0.6666666666666666,0.6666666666666666,0.6666666666666666,0
945,1.0,0,36.0,0.6666666666666666,9,6,6,0,3,12,12,9.0,82.0,0,6.0,24.0,6.0,0.0,6,18,12,0.6666666666666666,0.6666666666666666,0.6666666666666666,0
946,0.981696601817904,1,35.087743525258816,0.6497730282455336,9,6,5,1,3,12,10,9.0,79.82043889914877,0,6.0,24.0,6.0,0.9122564747411843,6,18,12,0.6666666666666666,0.6666666666666666,0.5555555555555556,0
947,1.0,0,36.0,0.6666666666666666,9,6,6,0,3,12,12,9.0,82.0,0,6.0,24.0,6.0,0.0,6,18,12,0.6666666666666666,0.6666666666666666,0.6666666666666666,0
948,0.9862186778081339,1,32.668257169649394,0.6049677253638777,9,6,5,1,3,12,10,9.0,82.84723243472189,0,6.0,21.668257169649394,6.0,1.0,5,18,10,0.6666666666666666,0.5555555555555556,0.5555555555555556,0
949,1.0,0,36.0,0.6666666666666666,9,6,6,0,3,12,12,9.0,82.0,0,6.0,24.0,6.0,0.0,6,18,12,0.6666666666666666,0.6666666666666666,0.6666666666666666,0
950,1.0,0,36.0,0.6666666666666666,9,6,6,0,3,12,12,9.0,82.0,0,6.0,24.0,6.0,0.0,6,18,12,0.6666666666666666,0.6666666666666666,0.6666666666666666,0
951,1.0,0,36.0,0.6666666666666666,9,6,6,0,3,12,12,9.0,82.0,0,6.0,24.0,6.0,0.0,6,18,12,0.6666666666666666,0.6666666666666666,0.6666666666666666,0
952,1.0,0,36.0,0.6666666666666666,9,6,6,0,3,12,12,9.0,82.0,0,6.0,24.0,6.0,0.0,6,18,12,0.6666666666666666,0.6666666666666666,0.6666666666666666,0
953,1.0,0,36.0,0.6666666666666666,9,6,6,0,3,12,12,9.0,82.0,0,6.0,24.0,6.0,0.0,6,18,12,0.6666666666666666,0.6666666666666666,0.6666666666666666,0
954,1.0,0,36.0,0.6666666666666666,9,6,6,0,3,12,12,9.0,82.0,0,6.0,24.0,6.0,0.0,6,18,12,0.6666666666666666,0.6666666666666666,0.6666666666666666,0
955,0.9767435898550466,1,35.109655360149276,0.6501788029657273,9,6,5,1,3,12,10,9.0,79.09624925905206,0,6.0,24.0,6.0,0.8903446398507242,6,18,12,0.6666666666666666,0.6666666666666666,0.5555555555555556,0
956,1.0,0,36.0,0.6666666666666666,9,6,6,0,3,12,12,9.0,82.0,0,6.0,24.0,6.0,0.0,6,18,12,0.6666666666666666,0.6666666666666666,0.6666666666666666,0
957,0.9718470791159634,1,27.03182075107088,0.5005892731679793,9,5,4,1,4,10,8,8.0,87.41415864162782,0,5.0,18.03182075107088,5.0,1.0,4,18,8,0.5555555555555556,0.4444444444444444,0.4444444444444444,0
958,1.0,0,36.0,0.6666666666666666,9,6,6,0,3,12,12,9.0,82.0,0,6.0,24.0,6.0,0.0,6,18,12,0.6666666666666666,0.6666666666666666,0.6666666666666666,0
959,1.0,0,36.0,0.6666666666666666,9,6,6,0,3,12,12,9.0,82.0,0,6.0,24.0,6.0,0.0,6,18,12,0.6666666666666666,0.6666666666666666,0.6666666666666666,0
960,1.0,0,36.0,0.6666666666666666,9,6,6,0,3,12,12,9.0,82.0,0,6.0,24.0,6.0,0.0,6,18,12,0.6666666666666666,0.6666666666666666,0.6666666666666666,0
961,1.0,0,36.0,0.6666666666666666,9,6,6,0,3,12,12,9.0,82.0,0,6.0,24.0,6.0,0.0,6,18,12,0.6666666666666666,0.6666666666666666,0.6666666666666666,0
962,0.9957714174483233,1,32.639011639081616,0.6044261414644744,9,6,5,1,3,12,10,9.0,84.25207247347694,0,6.0,21.639011639081616,6.0,1.0,5,18,10,0.6666666666666666,0.5555555555555556,0.5555555555555556,0
963,0.9760583070186404,1,28.236716149784314,0.5229021509219317,9,5,4,1,4,10,8,8.0,86.8156800608999,0,5.0,19.236716149784314,5.0,1.0,4,18,8,0.5555555555555556,0.4444444444444444,0.4444444444444444,0
964,1.0,0,36.0,0.6666666666666666,9,6,6,0,3,12,12,9.0,82.0,0,6.0,24.0,6.0,0.0,6,18,12,0.6666666666666666,0.6666666666666666,0.6666666666666666,0
965,0.990497936326721,1,32.54663633701489,0.602715487722498,9,6,5,1,3,12,10,9.0,83.58506649403293,0,6.0,21.54663633701489,6.0,1.0,5,18,10,0.6666666666666666,0.5555555555555556,0.5555555555555556,0
966,1.0,0,36.0,0.6666666666666666,9,6,6,0,3,12,12,9.0,82.0,0,6.0,24.0,6.0,0.0,6,18,12,0.6666666666666666,0.6666666666666666,0.6666666666666666,0
967,1.0,0,36.0,0.6666666666666666,9,6,6,0,3,12,12,9.0,82.0,0,6.0,24.0,6.0,0.0,6,18,12,0.6666666666666666,0.6666666666666666,0.6666666666666666,0
968,0.9898441592839539,1,34.6370158992993,0.6414262203573945,9,6,5,1,3,12,10,9.0,81.40054303759007,0,6.0,23.6370158992993,6.0,1.0,5,18,10,0.6666666666666666,0.5555555555555556,0.5555555555555556,0
969,1.0,0,36.0,0.6666666666666666,9,6,6,0,3,12,12,9.0,82.0,0,6.0,24.0,6.0,0.0,6,18,12,0.6666666666666666,0.6666666666666666,0.6666666666666666,0
970,1.0,0,36.0,0.6666666666666666,9,6,6,0,3,12,12,9.0,82.0,0,6.0,24.0,6.0,0.0,6,18,12,0.6666666666666666,0.6666666666666666,0.6666666666666666,0
971,1.0,0,36.0,0.6666666666666666,9,6,6,0,3,12,12,9.0,82.0,0,6.0,24.0,6.0,0.0,6,18,12,0.6666666666666666,0.6666666666666666,0.6666666666666666,0
972,0.9762104347624044,1,29.436401895687,0.5451185536238333,9,5,4,1,4,10,8,8.0,85.85610165794274,0,5.0,20.0,5.0,0.5635981043130016,5,18,10,0.5555555555555556,0.5555555555555556,0.4444444444444444,0
973,1.0,0,36.0,0.6666666666666666,9,6,6,0,3,12,12,9.0,82.0,0,6.0,24.0,6.0,0.0,6,18,12,0.6666666666666666,0.6666666666666666,0.6666666666666666,0
974,0.9736008505815072,1,30.928427958684836,0.572748665901571,9,6,5,1,3,12,10,9.0,82.80588054570978,0,5.928427958684836,20.0,5.928427958684836,0.9284279586848356,5,18,10,0.6666666666666666,0.5555555555555556,0.5555555555555556,0
975,1.0,0,36.0,0.6666666666666666,9,6,6,0,3,12,12,9.0,82.0,0,6.0,24.0,6.0,0.0,6,18,12,0.6666666666666666,0.6666666666666666,0.6666666666666666,0
976,1.0,0,36.0,0.6666666666666666,9,6,6,0,3,12,12,9.0,82.0,0,6.0,24.0,6.0,0.0,6,18,12,0.6666666666666666,0.6666666666666666,0.6666666666666666,0
977,1.0,0,36.0,0.6666666666666666,9,6,6,0,3,12,12,9.0,82.0,0,6.0,24.0,6.0,0.0,6,18,12,0.6666666666666666,0.6666666666666666,0.6666666666666666,0
978,0.9877068248770181,1,35.87378066962131,0.6643292716596539,9,6,5,1,3,12,10,9.0,80.29289244747994,0,6.0,24.0,6.0,0.1262193303786887,6,18,12,0.6666666666666666,0.6666666666666666,0.5555555555555556,0
979,0.9646312207676745,2,29.021957856586845,0.5374436640108675,9,6,4,2,3,12,8,9.0,82.98865180609425,0,5.792572255728025,19.22938560085882,5.792572255728025,1.7925722557280253,4,18,8,0.6666666666666666,0.4444444444444444,0.4444444444444444,0
980,0.9874615042307539,1,35.529098699967975,0.6579462722216292,9,6,5,1,3,12,10,9.0,80.42990725924456,0,6.0,24.0,6.0,0.47090130003202546,6,18,12,0.6666666666666666,0.6666666666666666,0.5555555555555556,0
981,1.0,0,36.0,0.6666666666666666,9,6,6,0,3,12,12,9.0,82.0,0,6.0,24.0,6.0,0.0,6,18,12,0.6666666666666666,0.6666666666666666,0.6666666666666666,0
982,1.0,0,36.0,0.6666666666666666,9,6,6,0,3,12,12,9.0,82.0,0,6.0,24.0,6.0,0.0,6,18,12,0.6666666666666666,0.6666666666666666,0.6666666666666666,0
983,1.0,0,36.0,0.6666666666666666,9,6,6,0,3,12,12,9.0,82.0,0,6.0,24.0,6.0,0.0,6,18,12,0.6666666666666666,0.6666666666666666,0.6666666666666666,0
984,0.9931759765266404,1,30.611897041009627,0.566886982240919,9,6,5,1,3,12,10,9.0,86.09949505832176,0,5.611897041009627,20.0,5.611897041009627,0.6118970410096267,5,18,10,0.6666666666666666,0.5555555555555556,0.5555555555555556,0
985,1.0,0,36.0,0.6666666666666666,9,6,6,0,3,12,12,9.0,82.0,0,6.0,24.0,6.0,0.0,6,18,12,0.6666666666666666,0.6666666666666666,0.6666666666666666,0
986,0.9910033256020476,1,30.456381408564283,0.5640070631215608,9,6,5,1,3,12,10,9.0,86.01990677384842,0,5.456381408564283,20.0,5.456381408564283,0.4563814085642832,5,18,10,0.6666666666666666,0.5555555555555556,0.5555555555555556,0
987,1.0,0,36.0,0.6666666666666666,9,6,6,0,3,12,12,9.0,82.0,0,6.0,24.0,6.0,0.0,6,18,12,0.6666666666666666,0.6666666666666666,0.6666666666666666,0
988,1.0,0,36.0,0.6666666666666666,9,6,6,0,3,12,12,9.0,82.0,0,6.0,24.0,6.0,0.0,6,18,12,0.6666666666666666,0.6666666666666666,0.6666666666666666,0
989,0.9904453583287329,1,31.27998605201215,0.5792590009631879,9,6,5,1,3,12,10,9.0,84.84414554732538,0,6.0,20.27998605201215,6.0,1.0,5,18,10,0.6666666666666666,0.5555555555555556,0.5555555555555556,0
990,1.0,0,36.0,0.6666666666666666,9,6,6,0,3,12,12,9.0,82.0,0,6.0,24.0,6.0,0.0,6,18,12,0.6666666666666666,0.6666666666666666,0.6666666666666666,0
991,1.0,0,36.0,0.6666666666666666,9,6,6,0,3,12,12,9.0,82.0,0,6.0,24.0,6.0,0.0,6,18,12,0.6666666666666666,0.6666666666666666,0.6666666666666666,0
992,1.0,0,36.0,0.6666666666666666,9,6,6,0,3,12,12,9.0,82.0,0,6.0,24.0,6.0,0.0,6,18,12,0.6666666666666666,0.6666666666666666,0.6666666666666666,0
993,1.0,0,36.0,0.6666666666666666,9,6,6,0,3,12,12,9.0,82.0,0,6.0,24.0,6.0,0.0,6,18,12,0.6666666666666666,0.6666666666666666,0.6666666666666666,0
994,0.9659796056849059,1,31.059869751989453,0.5751827731849899,9,6,5,1,3,12,10,9.0,81.54119346663701,0,6.0,20.059869751989453,6.0,1.0,5,18,10,0.6666666666666666,0.5555555555555556,0.5555555555555556,0
995,1.0,0,36.0,0.6666666666666666,9,6,6,0,3,12,12,9.0,82.0,0,6.0,24.0,6.0,0.0,6,18,12,0.6666666666666666,0.6666666666666666,0.6666666666666666,0
996,1.0,0,36.0,0.6666666666666666,9,6,6,0,3,12,12,9.0,82.0,0,6.0,24.0,6.0,0.0,6,18,12,0.6666666666666666,0.6666666666666666,0.6666666666666666,0
997,1.0,0,36.0,0.6666666666666666,9,6,6,0,3,12,12,9.0,82.0,0,6.0,24.0,6.0,0.0,6,18,12,0.6666666666666666,0.6666666666666666,0.6666666666666666,0
998,1.0,0,36.0,0.6666666666666666,9,6,6,0,3,12,12,9.0,82.0,0,6.0,24.0,6.0,0.0,6,18,12,0.6666666666666666,0.6666666666666666,0.6666666666666666,0
999,1.0,0,36.0,0.6666666666666666,9,6,6,0,3,12,12,9.0,82.0,0,6.0,24.0,6.0,0.0,6,18,12,0.6666666666666666,0.6666666666666666,0.6666666666666666,0
1000,0.9841395662178224,1,30.933332713188463,0.5728394946886752,9,6,5,1,3,12,10,9.0,84.31609846558374,0,5.933332713188463,20.0,5.933332713188463,0.933332713188463,5,18,10,0.6666666666666666,0.5555555555555556,0.5555555555555556,0
