run_id,model_hash,seed,engine,replication,section,dataset,details_truncated,detail_total,detail_retained,part,iid,rule,clock,interval_hours,hours,due_at,paused,completed_services,overrun_hours
lifecycle,42969dc451bbd28e8cd3cb77167facb14a589d75dcd5e0813872ce2c2bbe3f66,20260916,0.11.0,1,service,clocks,False,10,10,POWER#3,POWER,POWER_SERVICE,OPERATING,3.0,0.0,,False,1,0.0
lifecycle,42969dc451bbd28e8cd3cb77167facb14a589d75dcd5e0813872ce2c2bbe3f66,20260916,0.11.0,1,service,clocks,False,10,10,POWER#4,POWER,POWER_SERVICE,OPERATING,3.0,0.0,,False,1,0.0
lifecycle,42969dc451bbd28e8cd3cb77167facb14a589d75dcd5e0813872ce2c2bbe3f66,20260916,0.11.0,1,service,clocks,False,10,10,POWER#7,POWER,POWER_SERVICE,OPERATING,3.0,2.5,,False,0,0.0
lifecycle,42969dc451bbd28e8cd3cb77167facb14a589d75dcd5e0813872ce2c2bbe3f66,20260916,0.11.0,1,service,clocks,False,10,10,POWER#8,POWER,POWER_SERVICE,OPERATING,3.0,2.5,,False,0,0.0
lifecycle,42969dc451bbd28e8cd3cb77167facb14a589d75dcd5e0813872ce2c2bbe3f66,20260916,0.11.0,1,service,clocks,False,10,10,POWER#9,POWER,POWER_SERVICE,OPERATING,3.0,0.0,,False,0,0.0
lifecycle,42969dc451bbd28e8cd3cb77167facb14a589d75dcd5e0813872ce2c2bbe3f66,20260916,0.11.0,1,service,clocks,False,10,10,POWER#10,POWER,POWER_SERVICE,OPERATING,3.0,0.0,,False,0,0.0
lifecycle,42969dc451bbd28e8cd3cb77167facb14a589d75dcd5e0813872ce2c2bbe3f66,20260916,0.11.0,1,service,clocks,False,10,10,POWER#11,POWER,POWER_SERVICE,OPERATING,3.0,0.0,,False,0,0.0
lifecycle,42969dc451bbd28e8cd3cb77167facb14a589d75dcd5e0813872ce2c2bbe3f66,20260916,0.11.0,1,service,clocks,False,10,10,POWER#12,POWER,POWER_SERVICE,OPERATING,3.0,0.0,,False,0,0.0
lifecycle,42969dc451bbd28e8cd3cb77167facb14a589d75dcd5e0813872ce2c2bbe3f66,20260916,0.11.0,1,service,clocks,False,10,10,POWER#13,POWER,POWER_SERVICE,OPERATING,3.0,0.0,,False,0,0.0
lifecycle,42969dc451bbd28e8cd3cb77167facb14a589d75dcd5e0813872ce2c2bbe3f66,20260916,0.11.0,1,service,clocks,False,10,10,POWER#14,POWER,POWER_SERVICE,OPERATING,3.0,0.0,,False,0,0.0
lifecycle,42969dc451bbd28e8cd3cb77167facb14a589d75dcd5e0813872ce2c2bbe3f66,20260916,0.11.0,2,service,clocks,False,10,10,POWER#1,POWER,POWER_SERVICE,OPERATING,3.0,0.0,,False,1,0.0
lifecycle,42969dc451bbd28e8cd3cb77167facb14a589d75dcd5e0813872ce2c2bbe3f66,20260916,0.11.0,2,service,clocks,False,10,10,POWER#2,POWER,POWER_SERVICE,OPERATING,3.0,0.0,,False,1,0.0
lifecycle,42969dc451bbd28e8cd3cb77167facb14a589d75dcd5e0813872ce2c2bbe3f66,20260916,0.11.0,2,service,clocks,False,10,10,POWER#4,POWER,POWER_SERVICE,OPERATING,3.0,0.0,,False,1,0.0
lifecycle,42969dc451bbd28e8cd3cb77167facb14a589d75dcd5e0813872ce2c2bbe3f66,20260916,0.11.0,2,service,clocks,False,10,10,POWER#5,POWER,POWER_SERVICE,OPERATING,3.0,0.0,,False,1,0.0
lifecycle,42969dc451bbd28e8cd3cb77167facb14a589d75dcd5e0813872ce2c2bbe3f66,20260916,0.11.0,2,service,clocks,False,10,10,POWER#7,POWER,POWER_SERVICE,OPERATING,3.0,0.0,,False,1,0.0
lifecycle,42969dc451bbd28e8cd3cb77167facb14a589d75dcd5e0813872ce2c2bbe3f66,20260916,0.11.0,2,service,clocks,False,10,10,POWER#8,POWER,POWER_SERVICE,OPERATING,3.0,2.5,,False,0,0.0
lifecycle,42969dc451bbd28e8cd3cb77167facb14a589d75dcd5e0813872ce2c2bbe3f66,20260916,0.11.0,2,service,clocks,False,10,10,POWER#9,POWER,POWER_SERVICE,OPERATING,3.0,2.5,,False,0,0.0
lifecycle,42969dc451bbd28e8cd3cb77167facb14a589d75dcd5e0813872ce2c2bbe3f66,20260916,0.11.0,2,service,clocks,False,10,10,POWER#10,POWER,POWER_SERVICE,OPERATING,3.0,0.0,,False,0,0.0
lifecycle,42969dc451bbd28e8cd3cb77167facb14a589d75dcd5e0813872ce2c2bbe3f66,20260916,0.11.0,2,service,clocks,False,10,10,POWER#11,POWER,POWER_SERVICE,OPERATING,3.0,0.0,,False,0,0.0
lifecycle,42969dc451bbd28e8cd3cb77167facb14a589d75dcd5e0813872ce2c2bbe3f66,20260916,0.11.0,2,service,clocks,False,10,10,POWER#12,POWER,POWER_SERVICE,OPERATING,3.0,0.0,,False,0,0.0
lifecycle,42969dc451bbd28e8cd3cb77167facb14a589d75dcd5e0813872ce2c2bbe3f66,20260916,0.11.0,3,service,clocks,False,10,10,POWER#2,POWER,POWER_SERVICE,OPERATING,3.0,0.0,,False,1,0.0
lifecycle,42969dc451bbd28e8cd3cb77167facb14a589d75dcd5e0813872ce2c2bbe3f66,20260916,0.11.0,3,service,clocks,False,10,10,POWER#3,POWER,POWER_SERVICE,OPERATING,3.0,0.0,,False,1,0.0
lifecycle,42969dc451bbd28e8cd3cb77167facb14a589d75dcd5e0813872ce2c2bbe3f66,20260916,0.11.0,3,service,clocks,False,10,10,POWER#7,POWER,POWER_SERVICE,OPERATING,3.0,2.5,,False,0,0.0
lifecycle,42969dc451bbd28e8cd3cb77167facb14a589d75dcd5e0813872ce2c2bbe3f66,20260916,0.11.0,3,service,clocks,False,10,10,POWER#8,POWER,POWER_SERVICE,OPERATING,3.0,2.5,,False,0,0.0
lifecycle,42969dc451bbd28e8cd3cb77167facb14a589d75dcd5e0813872ce2c2bbe3f66,20260916,0.11.0,3,service,clocks,False,10,10,POWER#9,POWER,POWER_SERVICE,OPERATING,3.0,0.0,,False,0,0.0
lifecycle,42969dc451bbd28e8cd3cb77167facb14a589d75dcd5e0813872ce2c2bbe3f66,20260916,0.11.0,3,service,clocks,False,10,10,POWER#10,POWER,POWER_SERVICE,OPERATING,3.0,0.0,,False,0,0.0
lifecycle,42969dc451bbd28e8cd3cb77167facb14a589d75dcd5e0813872ce2c2bbe3f66,20260916,0.11.0,3,service,clocks,False,10,10,POWER#11,POWER,POWER_SERVICE,OPERATING,3.0,0.0,,False,0,0.0
lifecycle,42969dc451bbd28e8cd3cb77167facb14a589d75dcd5e0813872ce2c2bbe3f66,20260916,0.11.0,3,service,clocks,False,10,10,POWER#12,POWER,POWER_SERVICE,OPERATING,3.0,0.0,,False,0,0.0
lifecycle,42969dc451bbd28e8cd3cb77167facb14a589d75dcd5e0813872ce2c2bbe3f66,20260916,0.11.0,3,service,clocks,False,10,10,POWER#13,POWER,POWER_SERVICE,OPERATING,3.0,0.0,,False,0,0.0
lifecycle,42969dc451bbd28e8cd3cb77167facb14a589d75dcd5e0813872ce2c2bbe3f66,20260916,0.11.0,3,service,clocks,False,10,10,POWER#14,POWER,POWER_SERVICE,OPERATING,3.0,0.0,,False,0,0.0
lifecycle,42969dc451bbd28e8cd3cb77167facb14a589d75dcd5e0813872ce2c2bbe3f66,20260916,0.11.0,4,service,clocks,False,11,11,POWER#1,POWER,POWER_SERVICE,OPERATING,3.0,0.0,,False,1,0.0
lifecycle,42969dc451bbd28e8cd3cb77167facb14a589d75dcd5e0813872ce2c2bbe3f66,20260916,0.11.0,4,service,clocks,False,11,11,POWER#2,POWER,POWER_SERVICE,OPERATING,3.0,0.0,,False,1,0.0
lifecycle,42969dc451bbd28e8cd3cb77167facb14a589d75dcd5e0813872ce2c2bbe3f66,20260916,0.11.0,4,service,clocks,False,11,11,POWER#3,POWER,POWER_SERVICE,OPERATING,3.0,0.0,,False,1,0.0
lifecycle,42969dc451bbd28e8cd3cb77167facb14a589d75dcd5e0813872ce2c2bbe3f66,20260916,0.11.0,4,service,clocks,False,11,11,POWER#4,POWER,POWER_SERVICE,OPERATING,3.0,0.0,,False,1,0.0
lifecycle,42969dc451bbd28e8cd3cb77167facb14a589d75dcd5e0813872ce2c2bbe3f66,20260916,0.11.0,4,service,clocks,False,11,11,POWER#5,POWER,POWER_SERVICE,OPERATING,3.0,0.0,,False,1,0.0
lifecycle,42969dc451bbd28e8cd3cb77167facb14a589d75dcd5e0813872ce2c2bbe3f66,20260916,0.11.0,4,service,clocks,False,11,11,POWER#7,POWER,POWER_SERVICE,OPERATING,3.0,0.0,,False,1,0.0
lifecycle,42969dc451bbd28e8cd3cb77167facb14a589d75dcd5e0813872ce2c2bbe3f66,20260916,0.11.0,4,service,clocks,False,11,11,POWER#8,POWER,POWER_SERVICE,OPERATING,3.0,2.5,,False,0,0.0
lifecycle,42969dc451bbd28e8cd3cb77167facb14a589d75dcd5e0813872ce2c2bbe3f66,20260916,0.11.0,4,service,clocks,False,11,11,POWER#9,POWER,POWER_SERVICE,OPERATING,3.0,2.5,,False,0,0.0
lifecycle,42969dc451bbd28e8cd3cb77167facb14a589d75dcd5e0813872ce2c2bbe3f66,20260916,0.11.0,4,service,clocks,False,11,11,POWER#10,POWER,POWER_SERVICE,OPERATING,3.0,2.5,,False,0,0.0
lifecycle,42969dc451bbd28e8cd3cb77167facb14a589d75dcd5e0813872ce2c2bbe3f66,20260916,0.11.0,4,service,clocks,False,11,11,POWER#11,POWER,POWER_SERVICE,OPERATING,3.0,0.0,,False,0,0.0
lifecycle,42969dc451bbd28e8cd3cb77167facb14a589d75dcd5e0813872ce2c2bbe3f66,20260916,0.11.0,4,service,clocks,False,11,11,POWER#12,POWER,POWER_SERVICE,OPERATING,3.0,0.0,,False,0,0.0
lifecycle,42969dc451bbd28e8cd3cb77167facb14a589d75dcd5e0813872ce2c2bbe3f66,20260916,0.11.0,5,service,clocks,False,10,10,POWER#1,POWER,POWER_SERVICE,OPERATING,3.0,0.0,,False,1,0.0
lifecycle,42969dc451bbd28e8cd3cb77167facb14a589d75dcd5e0813872ce2c2bbe3f66,20260916,0.11.0,5,service,clocks,False,10,10,POWER#2,POWER,POWER_SERVICE,OPERATING,3.0,0.0,,False,1,0.0
lifecycle,42969dc451bbd28e8cd3cb77167facb14a589d75dcd5e0813872ce2c2bbe3f66,20260916,0.11.0,5,service,clocks,False,10,10,POWER#3,POWER,POWER_SERVICE,OPERATING,3.0,0.0,,False,1,0.0
lifecycle,42969dc451bbd28e8cd3cb77167facb14a589d75dcd5e0813872ce2c2bbe3f66,20260916,0.11.0,5,service,clocks,False,10,10,POWER#5,POWER,POWER_SERVICE,OPERATING,3.0,0.0,,False,1,0.0
lifecycle,42969dc451bbd28e8cd3cb77167facb14a589d75dcd5e0813872ce2c2bbe3f66,20260916,0.11.0,5,service,clocks,False,10,10,POWER#6,POWER,POWER_SERVICE,OPERATING,3.0,0.0,,False,1,0.0
lifecycle,42969dc451bbd28e8cd3cb77167facb14a589d75dcd5e0813872ce2c2bbe3f66,20260916,0.11.0,5,service,clocks,False,10,10,POWER#7,POWER,POWER_SERVICE,OPERATING,3.0,0.0,,False,0,0.0
lifecycle,42969dc451bbd28e8cd3cb77167facb14a589d75dcd5e0813872ce2c2bbe3f66,20260916,0.11.0,5,service,clocks,False,10,10,POWER#8,POWER,POWER_SERVICE,OPERATING,3.0,1.3423154164541486,,False,0,0.0
lifecycle,42969dc451bbd28e8cd3cb77167facb14a589d75dcd5e0813872ce2c2bbe3f66,20260916,0.11.0,5,service,clocks,False,10,10,POWER#9,POWER,POWER_SERVICE,OPERATING,3.0,0.0,,False,0,0.0
lifecycle,42969dc451bbd28e8cd3cb77167facb14a589d75dcd5e0813872ce2c2bbe3f66,20260916,0.11.0,5,service,clocks,False,10,10,POWER#10,POWER,POWER_SERVICE,OPERATING,3.0,0.0,,False,0,0.0
lifecycle,42969dc451bbd28e8cd3cb77167facb14a589d75dcd5e0813872ce2c2bbe3f66,20260916,0.11.0,5,service,clocks,False,10,10,POWER#11,POWER,POWER_SERVICE,OPERATING,3.0,0.0,,False,0,0.0
lifecycle,42969dc451bbd28e8cd3cb77167facb14a589d75dcd5e0813872ce2c2bbe3f66,20260916,0.11.0,6,service,clocks,False,11,11,POWER#1,POWER,POWER_SERVICE,OPERATING,3.0,0.0,,False,1,0.0
lifecycle,42969dc451bbd28e8cd3cb77167facb14a589d75dcd5e0813872ce2c2bbe3f66,20260916,0.11.0,6,service,clocks,False,11,11,POWER#2,POWER,POWER_SERVICE,OPERATING,3.0,0.0,,False,1,0.0
lifecycle,42969dc451bbd28e8cd3cb77167facb14a589d75dcd5e0813872ce2c2bbe3f66,20260916,0.11.0,6,service,clocks,False,11,11,POWER#4,POWER,POWER_SERVICE,OPERATING,3.0,0.0,,False,1,0.0
lifecycle,42969dc451bbd28e8cd3cb77167facb14a589d75dcd5e0813872ce2c2bbe3f66,20260916,0.11.0,6,service,clocks,False,11,11,POWER#5,POWER,POWER_SERVICE,OPERATING,3.0,0.0,,False,1,0.0
lifecycle,42969dc451bbd28e8cd3cb77167facb14a589d75dcd5e0813872ce2c2bbe3f66,20260916,0.11.0,6,service,clocks,False,11,11,POWER#6,POWER,POWER_SERVICE,OPERATING,3.0,0.0,,False,1,0.0
lifecycle,42969dc451bbd28e8cd3cb77167facb14a589d75dcd5e0813872ce2c2bbe3f66,20260916,0.11.0,6,service,clocks,False,11,11,POWER#7,POWER,POWER_SERVICE,OPERATING,3.0,0.0,,False,1,0.0
lifecycle,42969dc451bbd28e8cd3cb77167facb14a589d75dcd5e0813872ce2c2bbe3f66,20260916,0.11.0,6,service,clocks,False,11,11,POWER#8,POWER,POWER_SERVICE,OPERATING,3.0,0.0,,False,1,0.0
lifecycle,42969dc451bbd28e8cd3cb77167facb14a589d75dcd5e0813872ce2c2bbe3f66,20260916,0.11.0,6,service,clocks,False,11,11,POWER#9,POWER,POWER_SERVICE,OPERATING,3.0,2.5,,False,0,0.0
lifecycle,42969dc451bbd28e8cd3cb77167facb14a589d75dcd5e0813872ce2c2bbe3f66,20260916,0.11.0,6,service,clocks,False,11,11,POWER#10,POWER,POWER_SERVICE,OPERATING,3.0,0.0,,False,0,0.0
lifecycle,42969dc451bbd28e8cd3cb77167facb14a589d75dcd5e0813872ce2c2bbe3f66,20260916,0.11.0,6,service,clocks,False,11,11,POWER#11,POWER,POWER_SERVICE,OPERATING,3.0,0.0,,False,0,0.0
lifecycle,42969dc451bbd28e8cd3cb77167facb14a589d75dcd5e0813872ce2c2bbe3f66,20260916,0.11.0,6,service,clocks,False,11,11,POWER#12,POWER,POWER_SERVICE,OPERATING,3.0,0.0,,False,0,0.0
lifecycle,42969dc451bbd28e8cd3cb77167facb14a589d75dcd5e0813872ce2c2bbe3f66,20260916,0.11.0,7,service,clocks,False,10,10,POWER#1,POWER,POWER_SERVICE,OPERATING,3.0,0.9644110463057274,,False,1,0.0
lifecycle,42969dc451bbd28e8cd3cb77167facb14a589d75dcd5e0813872ce2c2bbe3f66,20260916,0.11.0,7,service,clocks,False,10,10,POWER#3,POWER,POWER_SERVICE,OPERATING,3.0,0.0,,False,1,0.0
lifecycle,42969dc451bbd28e8cd3cb77167facb14a589d75dcd5e0813872ce2c2bbe3f66,20260916,0.11.0,7,service,clocks,False,10,10,POWER#4,POWER,POWER_SERVICE,OPERATING,3.0,0.0,,False,1,0.0
lifecycle,42969dc451bbd28e8cd3cb77167facb14a589d75dcd5e0813872ce2c2bbe3f66,20260916,0.11.0,7,service,clocks,False,10,10,POWER#6,POWER,POWER_SERVICE,OPERATING,3.0,0.0,,False,1,0.0
lifecycle,42969dc451bbd28e8cd3cb77167facb14a589d75dcd5e0813872ce2c2bbe3f66,20260916,0.11.0,7,service,clocks,False,10,10,POWER#7,POWER,POWER_SERVICE,OPERATING,3.0,0.0,,False,1,0.0
lifecycle,42969dc451bbd28e8cd3cb77167facb14a589d75dcd5e0813872ce2c2bbe3f66,20260916,0.11.0,7,service,clocks,False,10,10,POWER#8,POWER,POWER_SERVICE,OPERATING,3.0,2.5,,False,0,0.0
lifecycle,42969dc451bbd28e8cd3cb77167facb14a589d75dcd5e0813872ce2c2bbe3f66,20260916,0.11.0,7,service,clocks,False,10,10,POWER#9,POWER,POWER_SERVICE,OPERATING,3.0,0.0,,False,0,0.0
lifecycle,42969dc451bbd28e8cd3cb77167facb14a589d75dcd5e0813872ce2c2bbe3f66,20260916,0.11.0,7,service,clocks,False,10,10,POWER#10,POWER,POWER_SERVICE,OPERATING,3.0,0.0,,False,0,0.0
lifecycle,42969dc451bbd28e8cd3cb77167facb14a589d75dcd5e0813872ce2c2bbe3f66,20260916,0.11.0,7,service,clocks,False,10,10,POWER#11,POWER,POWER_SERVICE,OPERATING,3.0,0.0,,False,0,0.0
lifecycle,42969dc451bbd28e8cd3cb77167facb14a589d75dcd5e0813872ce2c2bbe3f66,20260916,0.11.0,7,service,clocks,False,10,10,POWER#12,POWER,POWER_SERVICE,OPERATING,3.0,0.0,,False,0,0.0
lifecycle,42969dc451bbd28e8cd3cb77167facb14a589d75dcd5e0813872ce2c2bbe3f66,20260916,0.11.0,8,service,clocks,False,10,10,POWER#3,POWER,POWER_SERVICE,OPERATING,3.0,0.0,,False,1,0.0
lifecycle,42969dc451bbd28e8cd3cb77167facb14a589d75dcd5e0813872ce2c2bbe3f66,20260916,0.11.0,8,service,clocks,False,10,10,POWER#4,POWER,POWER_SERVICE,OPERATING,3.0,0.0,,False,1,0.0
lifecycle,42969dc451bbd28e8cd3cb77167facb14a589d75dcd5e0813872ce2c2bbe3f66,20260916,0.11.0,8,service,clocks,False,10,10,POWER#6,POWER,POWER_SERVICE,OPERATING,3.0,0.0,,False,1,0.0
lifecycle,42969dc451bbd28e8cd3cb77167facb14a589d75dcd5e0813872ce2c2bbe3f66,20260916,0.11.0,8,service,clocks,False,10,10,POWER#7,POWER,POWER_SERVICE,OPERATING,3.0,0.0,,False,1,0.0
lifecycle,42969dc451bbd28e8cd3cb77167facb14a589d75dcd5e0813872ce2c2bbe3f66,20260916,0.11.0,8,service,clocks,False,10,10,POWER#8,POWER,POWER_SERVICE,OPERATING,3.0,2.5,,False,0,0.0
lifecycle,42969dc451bbd28e8cd3cb77167facb14a589d75dcd5e0813872ce2c2bbe3f66,20260916,0.11.0,8,service,clocks,False,10,10,POWER#9,POWER,POWER_SERVICE,OPERATING,3.0,0.0,,False,0,0.0
lifecycle,42969dc451bbd28e8cd3cb77167facb14a589d75dcd5e0813872ce2c2bbe3f66,20260916,0.11.0,8,service,clocks,False,10,10,POWER#10,POWER,POWER_SERVICE,OPERATING,3.0,0.0,,False,0,0.0
lifecycle,42969dc451bbd28e8cd3cb77167facb14a589d75dcd5e0813872ce2c2bbe3f66,20260916,0.11.0,8,service,clocks,False,10,10,POWER#11,POWER,POWER_SERVICE,OPERATING,3.0,0.0,,False,0,0.0
lifecycle,42969dc451bbd28e8cd3cb77167facb14a589d75dcd5e0813872ce2c2bbe3f66,20260916,0.11.0,8,service,clocks,False,10,10,POWER#12,POWER,POWER_SERVICE,OPERATING,3.0,0.0,,False,0,0.0
lifecycle,42969dc451bbd28e8cd3cb77167facb14a589d75dcd5e0813872ce2c2bbe3f66,20260916,0.11.0,8,service,clocks,False,10,10,POWER#13,POWER,POWER_SERVICE,OPERATING,3.0,0.0,,False,0,0.0
lifecycle,42969dc451bbd28e8cd3cb77167facb14a589d75dcd5e0813872ce2c2bbe3f66,20260916,0.11.0,9,service,clocks,False,11,11,POWER#1,POWER,POWER_SERVICE,OPERATING,3.0,0.0,,False,1,0.0
lifecycle,42969dc451bbd28e8cd3cb77167facb14a589d75dcd5e0813872ce2c2bbe3f66,20260916,0.11.0,9,service,clocks,False,11,11,POWER#2,POWER,POWER_SERVICE,OPERATING,3.0,0.0,,False,0,0.0
lifecycle,42969dc451bbd28e8cd3cb77167facb14a589d75dcd5e0813872ce2c2bbe3f66,20260916,0.11.0,9,service,clocks,False,11,11,POWER#3,POWER,POWER_SERVICE,OPERATING,3.0,0.0,,False,1,0.0
lifecycle,42969dc451bbd28e8cd3cb77167facb14a589d75dcd5e0813872ce2c2bbe3f66,20260916,0.11.0,9,service,clocks,False,11,11,POWER#4,POWER,POWER_SERVICE,OPERATING,3.0,0.0,,False,1,0.0
lifecycle,42969dc451bbd28e8cd3cb77167facb14a589d75dcd5e0813872ce2c2bbe3f66,20260916,0.11.0,9,service,clocks,False,11,11,POWER#6,POWER,POWER_SERVICE,OPERATING,3.0,0.0,,False,1,0.0
lifecycle,42969dc451bbd28e8cd3cb77167facb14a589d75dcd5e0813872ce2c2bbe3f66,20260916,0.11.0,9,service,clocks,False,11,11,POWER#7,POWER,POWER_SERVICE,OPERATING,3.0,0.0,,False,1,0.0
lifecycle,42969dc451bbd28e8cd3cb77167facb14a589d75dcd5e0813872ce2c2bbe3f66,20260916,0.11.0,9,service,clocks,False,11,11,POWER#8,POWER,POWER_SERVICE,OPERATING,3.0,0.0,,False,1,0.0
lifecycle,42969dc451bbd28e8cd3cb77167facb14a589d75dcd5e0813872ce2c2bbe3f66,20260916,0.11.0,9,service,clocks,False,11,11,POWER#9,POWER,POWER_SERVICE,OPERATING,3.0,2.5,,False,0,0.0
lifecycle,42969dc451bbd28e8cd3cb77167facb14a589d75dcd5e0813872ce2c2bbe3f66,20260916,0.11.0,9,service,clocks,False,11,11,POWER#10,POWER,POWER_SERVICE,OPERATING,3.0,2.5,,False,0,0.0
lifecycle,42969dc451bbd28e8cd3cb77167facb14a589d75dcd5e0813872ce2c2bbe3f66,20260916,0.11.0,9,service,clocks,False,11,11,POWER#11,POWER,POWER_SERVICE,OPERATING,3.0,0.0,,False,0,0.0
lifecycle,42969dc451bbd28e8cd3cb77167facb14a589d75dcd5e0813872ce2c2bbe3f66,20260916,0.11.0,9,service,clocks,False,11,11,POWER#12,POWER,POWER_SERVICE,OPERATING,3.0,0.0,,False,0,0.0
lifecycle,42969dc451bbd28e8cd3cb77167facb14a589d75dcd5e0813872ce2c2bbe3f66,20260916,0.11.0,10,service,clocks,False,11,11,POWER#1,POWER,POWER_SERVICE,OPERATING,3.0,0.0,,False,1,0.0
lifecycle,42969dc451bbd28e8cd3cb77167facb14a589d75dcd5e0813872ce2c2bbe3f66,20260916,0.11.0,10,service,clocks,False,11,11,POWER#2,POWER,POWER_SERVICE,OPERATING,3.0,2.5,,False,0,0.0
lifecycle,42969dc451bbd28e8cd3cb77167facb14a589d75dcd5e0813872ce2c2bbe3f66,20260916,0.11.0,10,service,clocks,False,11,11,POWER#3,POWER,POWER_SERVICE,OPERATING,3.0,0.0,,False,1,0.0
lifecycle,42969dc451bbd28e8cd3cb77167facb14a589d75dcd5e0813872ce2c2bbe3f66,20260916,0.11.0,10,service,clocks,False,11,11,POWER#5,POWER,POWER_SERVICE,OPERATING,3.0,0.0,,False,1,0.0
lifecycle,42969dc451bbd28e8cd3cb77167facb14a589d75dcd5e0813872ce2c2bbe3f66,20260916,0.11.0,10,service,clocks,False,11,11,POWER#6,POWER,POWER_SERVICE,OPERATING,3.0,0.0,,False,1,0.0
lifecycle,42969dc451bbd28e8cd3cb77167facb14a589d75dcd5e0813872ce2c2bbe3f66,20260916,0.11.0,10,service,clocks,False,11,11,POWER#7,POWER,POWER_SERVICE,OPERATING,3.0,0.0,,False,1,0.0
lifecycle,42969dc451bbd28e8cd3cb77167facb14a589d75dcd5e0813872ce2c2bbe3f66,20260916,0.11.0,10,service,clocks,False,11,11,POWER#8,POWER,POWER_SERVICE,OPERATING,3.0,0.0,,False,1,0.0
lifecycle,42969dc451bbd28e8cd3cb77167facb14a589d75dcd5e0813872ce2c2bbe3f66,20260916,0.11.0,10,service,clocks,False,11,11,POWER#9,POWER,POWER_SERVICE,OPERATING,3.0,2.5,,False,0,0.0
lifecycle,42969dc451bbd28e8cd3cb77167facb14a589d75dcd5e0813872ce2c2bbe3f66,20260916,0.11.0,10,service,clocks,False,11,11,POWER#10,POWER,POWER_SERVICE,OPERATING,3.0,0.0,,False,0,0.0
lifecycle,42969dc451bbd28e8cd3cb77167facb14a589d75dcd5e0813872ce2c2bbe3f66,20260916,0.11.0,10,service,clocks,False,11,11,POWER#11,POWER,POWER_SERVICE,OPERATING,3.0,0.0,,False,0,0.0
lifecycle,42969dc451bbd28e8cd3cb77167facb14a589d75dcd5e0813872ce2c2bbe3f66,20260916,0.11.0,10,service,clocks,False,11,11,POWER#12,POWER,POWER_SERVICE,OPERATING,3.0,0.0,,False,0,0.0
lifecycle,42969dc451bbd28e8cd3cb77167facb14a589d75dcd5e0813872ce2c2bbe3f66,20260916,0.11.0,11,service,clocks,False,11,11,POWER#1,POWER,POWER_SERVICE,OPERATING,3.0,0.0,,False,1,0.0
lifecycle,42969dc451bbd28e8cd3cb77167facb14a589d75dcd5e0813872ce2c2bbe3f66,20260916,0.11.0,11,service,clocks,False,11,11,POWER#2,POWER,POWER_SERVICE,OPERATING,3.0,0.0,,False,0,0.0
lifecycle,42969dc451bbd28e8cd3cb77167facb14a589d75dcd5e0813872ce2c2bbe3f66,20260916,0.11.0,11,service,clocks,False,11,11,POWER#4,POWER,POWER_SERVICE,OPERATING,3.0,0.0,,False,1,0.0
lifecycle,42969dc451bbd28e8cd3cb77167facb14a589d75dcd5e0813872ce2c2bbe3f66,20260916,0.11.0,11,service,clocks,False,11,11,POWER#6,POWER,POWER_SERVICE,OPERATING,3.0,0.0,,False,1,0.0
lifecycle,42969dc451bbd28e8cd3cb77167facb14a589d75dcd5e0813872ce2c2bbe3f66,20260916,0.11.0,11,service,clocks,False,11,11,POWER#7,POWER,POWER_SERVICE,OPERATING,3.0,0.0,,False,1,0.0
lifecycle,42969dc451bbd28e8cd3cb77167facb14a589d75dcd5e0813872ce2c2bbe3f66,20260916,0.11.0,11,service,clocks,False,11,11,POWER#8,POWER,POWER_SERVICE,OPERATING,3.0,1.2671574244240489,,False,0,0.0
lifecycle,42969dc451bbd28e8cd3cb77167facb14a589d75dcd5e0813872ce2c2bbe3f66,20260916,0.11.0,11,service,clocks,False,11,11,POWER#9,POWER,POWER_SERVICE,OPERATING,3.0,0.0,,False,0,0.0
lifecycle,42969dc451bbd28e8cd3cb77167facb14a589d75dcd5e0813872ce2c2bbe3f66,20260916,0.11.0,11,service,clocks,False,11,11,POWER#10,POWER,POWER_SERVICE,OPERATING,3.0,0.0,,False,0,0.0
lifecycle,42969dc451bbd28e8cd3cb77167facb14a589d75dcd5e0813872ce2c2bbe3f66,20260916,0.11.0,11,service,clocks,False,11,11,POWER#11,POWER,POWER_SERVICE,OPERATING,3.0,0.0,,False,0,0.0
lifecycle,42969dc451bbd28e8cd3cb77167facb14a589d75dcd5e0813872ce2c2bbe3f66,20260916,0.11.0,11,service,clocks,False,11,11,POWER#12,POWER,POWER_SERVICE,OPERATING,3.0,0.0,,False,0,0.0
lifecycle,42969dc451bbd28e8cd3cb77167facb14a589d75dcd5e0813872ce2c2bbe3f66,20260916,0.11.0,11,service,clocks,False,11,11,POWER#13,POWER,POWER_SERVICE,OPERATING,3.0,0.0,,False,0,0.0
lifecycle,42969dc451bbd28e8cd3cb77167facb14a589d75dcd5e0813872ce2c2bbe3f66,20260916,0.11.0,12,service,clocks,False,10,10,POWER#1,POWER,POWER_SERVICE,OPERATING,3.0,0.0,,False,1,0.0
lifecycle,42969dc451bbd28e8cd3cb77167facb14a589d75dcd5e0813872ce2c2bbe3f66,20260916,0.11.0,12,service,clocks,False,10,10,POWER#4,POWER,POWER_SERVICE,OPERATING,3.0,0.0,,False,0,0.0
lifecycle,42969dc451bbd28e8cd3cb77167facb14a589d75dcd5e0813872ce2c2bbe3f66,20260916,0.11.0,12,service,clocks,False,10,10,POWER#5,POWER,POWER_SERVICE,OPERATING,3.0,0.0,,False,0,0.0
lifecycle,42969dc451bbd28e8cd3cb77167facb14a589d75dcd5e0813872ce2c2bbe3f66,20260916,0.11.0,12,service,clocks,False,10,10,POWER#7,POWER,POWER_SERVICE,OPERATING,3.0,0.0,,False,1,0.0
lifecycle,42969dc451bbd28e8cd3cb77167facb14a589d75dcd5e0813872ce2c2bbe3f66,20260916,0.11.0,12,service,clocks,False,10,10,POWER#8,POWER,POWER_SERVICE,OPERATING,3.0,2.5,,False,0,0.0
lifecycle,42969dc451bbd28e8cd3cb77167facb14a589d75dcd5e0813872ce2c2bbe3f66,20260916,0.11.0,12,service,clocks,False,10,10,POWER#9,POWER,POWER_SERVICE,OPERATING,3.0,0.0,,False,0,0.0
lifecycle,42969dc451bbd28e8cd3cb77167facb14a589d75dcd5e0813872ce2c2bbe3f66,20260916,0.11.0,12,service,clocks,False,10,10,POWER#10,POWER,POWER_SERVICE,OPERATING,3.0,0.0,,False,0,0.0
lifecycle,42969dc451bbd28e8cd3cb77167facb14a589d75dcd5e0813872ce2c2bbe3f66,20260916,0.11.0,12,service,clocks,False,10,10,POWER#11,POWER,POWER_SERVICE,OPERATING,3.0,0.0,,False,0,0.0
lifecycle,42969dc451bbd28e8cd3cb77167facb14a589d75dcd5e0813872ce2c2bbe3f66,20260916,0.11.0,12,service,clocks,False,10,10,POWER#12,POWER,POWER_SERVICE,OPERATING,3.0,0.0,,False,0,0.0
lifecycle,42969dc451bbd28e8cd3cb77167facb14a589d75dcd5e0813872ce2c2bbe3f66,20260916,0.11.0,12,service,clocks,False,10,10,POWER#13,POWER,POWER_SERVICE,OPERATING,3.0,0.0,,False,0,0.0
lifecycle,42969dc451bbd28e8cd3cb77167facb14a589d75dcd5e0813872ce2c2bbe3f66,20260916,0.11.0,13,service,clocks,False,12,12,POWER#1,POWER,POWER_SERVICE,OPERATING,3.0,0.0,,False,1,0.0
lifecycle,42969dc451bbd28e8cd3cb77167facb14a589d75dcd5e0813872ce2c2bbe3f66,20260916,0.11.0,13,service,clocks,False,12,12,POWER#2,POWER,POWER_SERVICE,OPERATING,3.0,0.0,,False,1,0.0
lifecycle,42969dc451bbd28e8cd3cb77167facb14a589d75dcd5e0813872ce2c2bbe3f66,20260916,0.11.0,13,service,clocks,False,12,12,POWER#4,POWER,POWER_SERVICE,OPERATING,3.0,0.0,,False,1,0.0
lifecycle,42969dc451bbd28e8cd3cb77167facb14a589d75dcd5e0813872ce2c2bbe3f66,20260916,0.11.0,13,service,clocks,False,12,12,POWER#5,POWER,POWER_SERVICE,OPERATING,3.0,0.0,,False,1,0.0
lifecycle,42969dc451bbd28e8cd3cb77167facb14a589d75dcd5e0813872ce2c2bbe3f66,20260916,0.11.0,13,service,clocks,False,12,12,POWER#7,POWER,POWER_SERVICE,OPERATING,3.0,0.0,,False,1,0.0
lifecycle,42969dc451bbd28e8cd3cb77167facb14a589d75dcd5e0813872ce2c2bbe3f66,20260916,0.11.0,13,service,clocks,False,12,12,POWER#8,POWER,POWER_SERVICE,OPERATING,3.0,2.5,,False,0,0.0
lifecycle,42969dc451bbd28e8cd3cb77167facb14a589d75dcd5e0813872ce2c2bbe3f66,20260916,0.11.0,13,service,clocks,False,12,12,POWER#9,POWER,POWER_SERVICE,OPERATING,3.0,0.0,,False,0,0.0
lifecycle,42969dc451bbd28e8cd3cb77167facb14a589d75dcd5e0813872ce2c2bbe3f66,20260916,0.11.0,13,service,clocks,False,12,12,POWER#10,POWER,POWER_SERVICE,OPERATING,3.0,0.0,,False,0,0.0
lifecycle,42969dc451bbd28e8cd3cb77167facb14a589d75dcd5e0813872ce2c2bbe3f66,20260916,0.11.0,13,service,clocks,False,12,12,POWER#11,POWER,POWER_SERVICE,OPERATING,3.0,0.0,,False,0,0.0
lifecycle,42969dc451bbd28e8cd3cb77167facb14a589d75dcd5e0813872ce2c2bbe3f66,20260916,0.11.0,13,service,clocks,False,12,12,POWER#12,POWER,POWER_SERVICE,OPERATING,3.0,0.0,,False,0,0.0
lifecycle,42969dc451bbd28e8cd3cb77167facb14a589d75dcd5e0813872ce2c2bbe3f66,20260916,0.11.0,13,service,clocks,False,12,12,POWER#13,POWER,POWER_SERVICE,OPERATING,3.0,0.0,,False,0,0.0
lifecycle,42969dc451bbd28e8cd3cb77167facb14a589d75dcd5e0813872ce2c2bbe3f66,20260916,0.11.0,13,service,clocks,False,12,12,POWER#14,POWER,POWER_SERVICE,OPERATING,3.0,0.0,,False,0,0.0
lifecycle,42969dc451bbd28e8cd3cb77167facb14a589d75dcd5e0813872ce2c2bbe3f66,20260916,0.11.0,14,service,clocks,False,10,10,POWER#1,POWER,POWER_SERVICE,OPERATING,3.0,0.0,,False,1,0.0
lifecycle,42969dc451bbd28e8cd3cb77167facb14a589d75dcd5e0813872ce2c2bbe3f66,20260916,0.11.0,14,service,clocks,False,10,10,POWER#2,POWER,POWER_SERVICE,OPERATING,3.0,0.0,,False,1,0.0
lifecycle,42969dc451bbd28e8cd3cb77167facb14a589d75dcd5e0813872ce2c2bbe3f66,20260916,0.11.0,14,service,clocks,False,10,10,POWER#4,POWER,POWER_SERVICE,OPERATING,3.0,0.0,,False,1,0.0
lifecycle,42969dc451bbd28e8cd3cb77167facb14a589d75dcd5e0813872ce2c2bbe3f66,20260916,0.11.0,14,service,clocks,False,10,10,POWER#6,POWER,POWER_SERVICE,OPERATING,3.0,0.0,,False,1,0.0
lifecycle,42969dc451bbd28e8cd3cb77167facb14a589d75dcd5e0813872ce2c2bbe3f66,20260916,0.11.0,14,service,clocks,False,10,10,POWER#7,POWER,POWER_SERVICE,OPERATING,3.0,0.0,,False,1,0.0
lifecycle,42969dc451bbd28e8cd3cb77167facb14a589d75dcd5e0813872ce2c2bbe3f66,20260916,0.11.0,14,service,clocks,False,10,10,POWER#8,POWER,POWER_SERVICE,OPERATING,3.0,0.0,,False,0,0.0
lifecycle,42969dc451bbd28e8cd3cb77167facb14a589d75dcd5e0813872ce2c2bbe3f66,20260916,0.11.0,14,service,clocks,False,10,10,POWER#9,POWER,POWER_SERVICE,OPERATING,3.0,2.5,,False,0,0.0
lifecycle,42969dc451bbd28e8cd3cb77167facb14a589d75dcd5e0813872ce2c2bbe3f66,20260916,0.11.0,14,service,clocks,False,10,10,POWER#10,POWER,POWER_SERVICE,OPERATING,3.0,0.0,,False,0,0.0
lifecycle,42969dc451bbd28e8cd3cb77167facb14a589d75dcd5e0813872ce2c2bbe3f66,20260916,0.11.0,14,service,clocks,False,10,10,POWER#11,POWER,POWER_SERVICE,OPERATING,3.0,0.0,,False,0,0.0
lifecycle,42969dc451bbd28e8cd3cb77167facb14a589d75dcd5e0813872ce2c2bbe3f66,20260916,0.11.0,14,service,clocks,False,10,10,POWER#12,POWER,POWER_SERVICE,OPERATING,3.0,0.0,,False,0,0.0
lifecycle,42969dc451bbd28e8cd3cb77167facb14a589d75dcd5e0813872ce2c2bbe3f66,20260916,0.11.0,15,service,clocks,False,11,11,POWER#1,POWER,POWER_SERVICE,OPERATING,3.0,0.0,,False,1,0.0
lifecycle,42969dc451bbd28e8cd3cb77167facb14a589d75dcd5e0813872ce2c2bbe3f66,20260916,0.11.0,15,service,clocks,False,11,11,POWER#2,POWER,POWER_SERVICE,OPERATING,3.0,0.0,,False,1,0.0
lifecycle,42969dc451bbd28e8cd3cb77167facb14a589d75dcd5e0813872ce2c2bbe3f66,20260916,0.11.0,15,service,clocks,False,11,11,POWER#3,POWER,POWER_SERVICE,OPERATING,3.0,0.0,,False,1,0.0
lifecycle,42969dc451bbd28e8cd3cb77167facb14a589d75dcd5e0813872ce2c2bbe3f66,20260916,0.11.0,15,service,clocks,False,11,11,POWER#6,POWER,POWER_SERVICE,OPERATING,3.0,0.0,,False,1,0.0
lifecycle,42969dc451bbd28e8cd3cb77167facb14a589d75dcd5e0813872ce2c2bbe3f66,20260916,0.11.0,15,service,clocks,False,11,11,POWER#7,POWER,POWER_SERVICE,OPERATING,3.0,0.0,,False,1,0.0
lifecycle,42969dc451bbd28e8cd3cb77167facb14a589d75dcd5e0813872ce2c2bbe3f66,20260916,0.11.0,15,service,clocks,False,11,11,POWER#8,POWER,POWER_SERVICE,OPERATING,3.0,2.5,,False,0,0.0
lifecycle,42969dc451bbd28e8cd3cb77167facb14a589d75dcd5e0813872ce2c2bbe3f66,20260916,0.11.0,15,service,clocks,False,11,11,POWER#9,POWER,POWER_SERVICE,OPERATING,3.0,2.5,,False,0,0.0
lifecycle,42969dc451bbd28e8cd3cb77167facb14a589d75dcd5e0813872ce2c2bbe3f66,20260916,0.11.0,15,service,clocks,False,11,11,POWER#10,POWER,POWER_SERVICE,OPERATING,3.0,0.0,,False,0,0.0
lifecycle,42969dc451bbd28e8cd3cb77167facb14a589d75dcd5e0813872ce2c2bbe3f66,20260916,0.11.0,15,service,clocks,False,11,11,POWER#11,POWER,POWER_SERVICE,OPERATING,3.0,0.0,,False,0,0.0
lifecycle,42969dc451bbd28e8cd3cb77167facb14a589d75dcd5e0813872ce2c2bbe3f66,20260916,0.11.0,15,service,clocks,False,11,11,POWER#12,POWER,POWER_SERVICE,OPERATING,3.0,0.0,,False,0,0.0
lifecycle,42969dc451bbd28e8cd3cb77167facb14a589d75dcd5e0813872ce2c2bbe3f66,20260916,0.11.0,15,service,clocks,False,11,11,POWER#13,POWER,POWER_SERVICE,OPERATING,3.0,0.0,,False,0,0.0
lifecycle,42969dc451bbd28e8cd3cb77167facb14a589d75dcd5e0813872ce2c2bbe3f66,20260916,0.11.0,16,service,clocks,False,10,10,POWER#1,POWER,POWER_SERVICE,OPERATING,3.0,0.0,,False,1,0.0
lifecycle,42969dc451bbd28e8cd3cb77167facb14a589d75dcd5e0813872ce2c2bbe3f66,20260916,0.11.0,16,service,clocks,False,10,10,POWER#3,POWER,POWER_SERVICE,OPERATING,3.0,0.0,,False,1,0.0
lifecycle,42969dc451bbd28e8cd3cb77167facb14a589d75dcd5e0813872ce2c2bbe3f66,20260916,0.11.0,16,service,clocks,False,10,10,POWER#4,POWER,POWER_SERVICE,OPERATING,3.0,0.0,,False,0,0.0
lifecycle,42969dc451bbd28e8cd3cb77167facb14a589d75dcd5e0813872ce2c2bbe3f66,20260916,0.11.0,16,service,clocks,False,10,10,POWER#5,POWER,POWER_SERVICE,OPERATING,3.0,0.0,,False,1,0.0
lifecycle,42969dc451bbd28e8cd3cb77167facb14a589d75dcd5e0813872ce2c2bbe3f66,20260916,0.11.0,16,service,clocks,False,10,10,POWER#7,POWER,POWER_SERVICE,OPERATING,3.0,0.0,,False,1,0.0
lifecycle,42969dc451bbd28e8cd3cb77167facb14a589d75dcd5e0813872ce2c2bbe3f66,20260916,0.11.0,16,service,clocks,False,10,10,POWER#8,POWER,POWER_SERVICE,OPERATING,3.0,2.5,,False,0,0.0
lifecycle,42969dc451bbd28e8cd3cb77167facb14a589d75dcd5e0813872ce2c2bbe3f66,20260916,0.11.0,16,service,clocks,False,10,10,POWER#9,POWER,POWER_SERVICE,OPERATING,3.0,2.5,,False,0,0.0
lifecycle,42969dc451bbd28e8cd3cb77167facb14a589d75dcd5e0813872ce2c2bbe3f66,20260916,0.11.0,16,service,clocks,False,10,10,POWER#10,POWER,POWER_SERVICE,OPERATING,3.0,0.0,,False,0,0.0
lifecycle,42969dc451bbd28e8cd3cb77167facb14a589d75dcd5e0813872ce2c2bbe3f66,20260916,0.11.0,16,service,clocks,False,10,10,POWER#11,POWER,POWER_SERVICE,OPERATING,3.0,0.0,,False,0,0.0
lifecycle,42969dc451bbd28e8cd3cb77167facb14a589d75dcd5e0813872ce2c2bbe3f66,20260916,0.11.0,16,service,clocks,False,10,10,POWER#12,POWER,POWER_SERVICE,OPERATING,3.0,0.0,,False,0,0.0
lifecycle,42969dc451bbd28e8cd3cb77167facb14a589d75dcd5e0813872ce2c2bbe3f66,20260916,0.11.0,17,service,clocks,False,10,10,POWER#3,POWER,POWER_SERVICE,OPERATING,3.0,0.0,,False,1,0.0
lifecycle,42969dc451bbd28e8cd3cb77167facb14a589d75dcd5e0813872ce2c2bbe3f66,20260916,0.11.0,17,service,clocks,False,10,10,POWER#4,POWER,POWER_SERVICE,OPERATING,3.0,0.0,,False,1,0.0
lifecycle,42969dc451bbd28e8cd3cb77167facb14a589d75dcd5e0813872ce2c2bbe3f66,20260916,0.11.0,17,service,clocks,False,10,10,POWER#6,POWER,POWER_SERVICE,OPERATING,3.0,0.0,,False,1,0.0
lifecycle,42969dc451bbd28e8cd3cb77167facb14a589d75dcd5e0813872ce2c2bbe3f66,20260916,0.11.0,17,service,clocks,False,10,10,POWER#7,POWER,POWER_SERVICE,OPERATING,3.0,0.0,,False,1,0.0
lifecycle,42969dc451bbd28e8cd3cb77167facb14a589d75dcd5e0813872ce2c2bbe3f66,20260916,0.11.0,17,service,clocks,False,10,10,POWER#8,POWER,POWER_SERVICE,OPERATING,3.0,2.5,,False,0,0.0
lifecycle,42969dc451bbd28e8cd3cb77167facb14a589d75dcd5e0813872ce2c2bbe3f66,20260916,0.11.0,17,service,clocks,False,10,10,POWER#9,POWER,POWER_SERVICE,OPERATING,3.0,0.0,,False,0,0.0
lifecycle,42969dc451bbd28e8cd3cb77167facb14a589d75dcd5e0813872ce2c2bbe3f66,20260916,0.11.0,17,service,clocks,False,10,10,POWER#10,POWER,POWER_SERVICE,OPERATING,3.0,0.0,,False,0,0.0
lifecycle,42969dc451bbd28e8cd3cb77167facb14a589d75dcd5e0813872ce2c2bbe3f66,20260916,0.11.0,17,service,clocks,False,10,10,POWER#11,POWER,POWER_SERVICE,OPERATING,3.0,0.0,,False,0,0.0
lifecycle,42969dc451bbd28e8cd3cb77167facb14a589d75dcd5e0813872ce2c2bbe3f66,20260916,0.11.0,17,service,clocks,False,10,10,POWER#12,POWER,POWER_SERVICE,OPERATING,3.0,0.0,,False,0,0.0
lifecycle,42969dc451bbd28e8cd3cb77167facb14a589d75dcd5e0813872ce2c2bbe3f66,20260916,0.11.0,17,service,clocks,False,10,10,POWER#13,POWER,POWER_SERVICE,OPERATING,3.0,0.0,,False,0,0.0
lifecycle,42969dc451bbd28e8cd3cb77167facb14a589d75dcd5e0813872ce2c2bbe3f66,20260916,0.11.0,18,service,clocks,False,10,10,POWER#1,POWER,POWER_SERVICE,OPERATING,3.0,0.0,,False,1,0.0
lifecycle,42969dc451bbd28e8cd3cb77167facb14a589d75dcd5e0813872ce2c2bbe3f66,20260916,0.11.0,18,service,clocks,False,10,10,POWER#2,POWER,POWER_SERVICE,OPERATING,3.0,0.0,,False,0,0.0
lifecycle,42969dc451bbd28e8cd3cb77167facb14a589d75dcd5e0813872ce2c2bbe3f66,20260916,0.11.0,18,service,clocks,False,10,10,POWER#3,POWER,POWER_SERVICE,OPERATING,3.0,0.0,,False,1,0.0
lifecycle,42969dc451bbd28e8cd3cb77167facb14a589d75dcd5e0813872ce2c2bbe3f66,20260916,0.11.0,18,service,clocks,False,10,10,POWER#5,POWER,POWER_SERVICE,OPERATING,3.0,0.0,,False,1,0.0
lifecycle,42969dc451bbd28e8cd3cb77167facb14a589d75dcd5e0813872ce2c2bbe3f66,20260916,0.11.0,18,service,clocks,False,10,10,POWER#6,POWER,POWER_SERVICE,OPERATING,3.0,0.0,,False,1,0.0
lifecycle,42969dc451bbd28e8cd3cb77167facb14a589d75dcd5e0813872ce2c2bbe3f66,20260916,0.11.0,18,service,clocks,False,10,10,POWER#7,POWER,POWER_SERVICE,OPERATING,3.0,0.0,,False,1,0.0
lifecycle,42969dc451bbd28e8cd3cb77167facb14a589d75dcd5e0813872ce2c2bbe3f66,20260916,0.11.0,18,service,clocks,False,10,10,POWER#8,POWER,POWER_SERVICE,OPERATING,3.0,0.0,,False,1,0.0
lifecycle,42969dc451bbd28e8cd3cb77167facb14a589d75dcd5e0813872ce2c2bbe3f66,20260916,0.11.0,18,service,clocks,False,10,10,POWER#9,POWER,POWER_SERVICE,OPERATING,3.0,2.5,,False,0,0.0
lifecycle,42969dc451bbd28e8cd3cb77167facb14a589d75dcd5e0813872ce2c2bbe3f66,20260916,0.11.0,18,service,clocks,False,10,10,POWER#10,POWER,POWER_SERVICE,OPERATING,3.0,0.0,,False,0,0.0
lifecycle,42969dc451bbd28e8cd3cb77167facb14a589d75dcd5e0813872ce2c2bbe3f66,20260916,0.11.0,18,service,clocks,False,10,10,POWER#11,POWER,POWER_SERVICE,OPERATING,3.0,0.0,,False,0,0.0
lifecycle,42969dc451bbd28e8cd3cb77167facb14a589d75dcd5e0813872ce2c2bbe3f66,20260916,0.11.0,19,service,clocks,False,10,10,POWER#1,POWER,POWER_SERVICE,OPERATING,3.0,0.0,,False,1,0.0
lifecycle,42969dc451bbd28e8cd3cb77167facb14a589d75dcd5e0813872ce2c2bbe3f66,20260916,0.11.0,19,service,clocks,False,10,10,POWER#2,POWER,POWER_SERVICE,OPERATING,3.0,0.0,,False,1,0.0
lifecycle,42969dc451bbd28e8cd3cb77167facb14a589d75dcd5e0813872ce2c2bbe3f66,20260916,0.11.0,19,service,clocks,False,10,10,POWER#5,POWER,POWER_SERVICE,OPERATING,3.0,0.0,,False,1,0.0
lifecycle,42969dc451bbd28e8cd3cb77167facb14a589d75dcd5e0813872ce2c2bbe3f66,20260916,0.11.0,19,service,clocks,False,10,10,POWER#7,POWER,POWER_SERVICE,OPERATING,3.0,0.0,,False,0,0.0
lifecycle,42969dc451bbd28e8cd3cb77167facb14a589d75dcd5e0813872ce2c2bbe3f66,20260916,0.11.0,19,service,clocks,False,10,10,POWER#8,POWER,POWER_SERVICE,OPERATING,3.0,2.5,,False,0,0.0
lifecycle,42969dc451bbd28e8cd3cb77167facb14a589d75dcd5e0813872ce2c2bbe3f66,20260916,0.11.0,19,service,clocks,False,10,10,POWER#9,POWER,POWER_SERVICE,OPERATING,3.0,0.0,,False,0,0.0
lifecycle,42969dc451bbd28e8cd3cb77167facb14a589d75dcd5e0813872ce2c2bbe3f66,20260916,0.11.0,19,service,clocks,False,10,10,POWER#10,POWER,POWER_SERVICE,OPERATING,3.0,0.0,,False,0,0.0
lifecycle,42969dc451bbd28e8cd3cb77167facb14a589d75dcd5e0813872ce2c2bbe3f66,20260916,0.11.0,19,service,clocks,False,10,10,POWER#11,POWER,POWER_SERVICE,OPERATING,3.0,0.0,,False,0,0.0
lifecycle,42969dc451bbd28e8cd3cb77167facb14a589d75dcd5e0813872ce2c2bbe3f66,20260916,0.11.0,19,service,clocks,False,10,10,POWER#12,POWER,POWER_SERVICE,OPERATING,3.0,0.0,,False,0,0.0
lifecycle,42969dc451bbd28e8cd3cb77167facb14a589d75dcd5e0813872ce2c2bbe3f66,20260916,0.11.0,19,service,clocks,False,10,10,POWER#13,POWER,POWER_SERVICE,OPERATING,3.0,0.0,,False,0,0.0
lifecycle,42969dc451bbd28e8cd3cb77167facb14a589d75dcd5e0813872ce2c2bbe3f66,20260916,0.11.0,20,service,clocks,False,11,11,POWER#1,POWER,POWER_SERVICE,OPERATING,3.0,0.0,,False,1,0.0
lifecycle,42969dc451bbd28e8cd3cb77167facb14a589d75dcd5e0813872ce2c2bbe3f66,20260916,0.11.0,20,service,clocks,False,11,11,POWER#2,POWER,POWER_SERVICE,OPERATING,3.0,0.0,,False,0,0.0
lifecycle,42969dc451bbd28e8cd3cb77167facb14a589d75dcd5e0813872ce2c2bbe3f66,20260916,0.11.0,20,service,clocks,False,11,11,POWER#3,POWER,POWER_SERVICE,OPERATING,3.0,0.0,,False,1,0.0
lifecycle,42969dc451bbd28e8cd3cb77167facb14a589d75dcd5e0813872ce2c2bbe3f66,20260916,0.11.0,20,service,clocks,False,11,11,POWER#4,POWER,POWER_SERVICE,OPERATING,3.0,0.0,,False,0,0.0
lifecycle,42969dc451bbd28e8cd3cb77167facb14a589d75dcd5e0813872ce2c2bbe3f66,20260916,0.11.0,20,service,clocks,False,11,11,POWER#6,POWER,POWER_SERVICE,OPERATING,3.0,0.0,,False,1,0.0
lifecycle,42969dc451bbd28e8cd3cb77167facb14a589d75dcd5e0813872ce2c2bbe3f66,20260916,0.11.0,20,service,clocks,False,11,11,POWER#7,POWER,POWER_SERVICE,OPERATING,3.0,0.0,,False,0,0.0
lifecycle,42969dc451bbd28e8cd3cb77167facb14a589d75dcd5e0813872ce2c2bbe3f66,20260916,0.11.0,20,service,clocks,False,11,11,POWER#8,POWER,POWER_SERVICE,OPERATING,3.0,0.0,,False,1,0.0
lifecycle,42969dc451bbd28e8cd3cb77167facb14a589d75dcd5e0813872ce2c2bbe3f66,20260916,0.11.0,20,service,clocks,False,11,11,POWER#9,POWER,POWER_SERVICE,OPERATING,3.0,2.5,,False,0,0.0
lifecycle,42969dc451bbd28e8cd3cb77167facb14a589d75dcd5e0813872ce2c2bbe3f66,20260916,0.11.0,20,service,clocks,False,11,11,POWER#10,POWER,POWER_SERVICE,OPERATING,3.0,2.5,,False,0,0.0
lifecycle,42969dc451bbd28e8cd3cb77167facb14a589d75dcd5e0813872ce2c2bbe3f66,20260916,0.11.0,20,service,clocks,False,11,11,POWER#11,POWER,POWER_SERVICE,OPERATING,3.0,0.0,,False,0,0.0
lifecycle,42969dc451bbd28e8cd3cb77167facb14a589d75dcd5e0813872ce2c2bbe3f66,20260916,0.11.0,20,service,clocks,False,11,11,POWER#12,POWER,POWER_SERVICE,OPERATING,3.0,0.0,,False,0,0.0
lifecycle,42969dc451bbd28e8cd3cb77167facb14a589d75dcd5e0813872ce2c2bbe3f66,20260916,0.11.0,21,service,clocks,False,11,11,POWER#1,POWER,POWER_SERVICE,OPERATING,3.0,0.0,,False,1,0.0
lifecycle,42969dc451bbd28e8cd3cb77167facb14a589d75dcd5e0813872ce2c2bbe3f66,20260916,0.11.0,21,service,clocks,False,11,11,POWER#2,POWER,POWER_SERVICE,OPERATING,3.0,0.0,,False,1,0.0
lifecycle,42969dc451bbd28e8cd3cb77167facb14a589d75dcd5e0813872ce2c2bbe3f66,20260916,0.11.0,21,service,clocks,False,11,11,POWER#3,POWER,POWER_SERVICE,OPERATING,3.0,0.0,,False,1,0.0
lifecycle,42969dc451bbd28e8cd3cb77167facb14a589d75dcd5e0813872ce2c2bbe3f66,20260916,0.11.0,21,service,clocks,False,11,11,POWER#5,POWER,POWER_SERVICE,OPERATING,3.0,0.0,,False,1,0.0
lifecycle,42969dc451bbd28e8cd3cb77167facb14a589d75dcd5e0813872ce2c2bbe3f66,20260916,0.11.0,21,service,clocks,False,11,11,POWER#6,POWER,POWER_SERVICE,OPERATING,3.0,0.0,,False,1,0.0
lifecycle,42969dc451bbd28e8cd3cb77167facb14a589d75dcd5e0813872ce2c2bbe3f66,20260916,0.11.0,21,service,clocks,False,11,11,POWER#7,POWER,POWER_SERVICE,OPERATING,3.0,0.0,,False,1,0.0
lifecycle,42969dc451bbd28e8cd3cb77167facb14a589d75dcd5e0813872ce2c2bbe3f66,20260916,0.11.0,21,service,clocks,False,11,11,POWER#8,POWER,POWER_SERVICE,OPERATING,3.0,0.0,,False,1,0.0
lifecycle,42969dc451bbd28e8cd3cb77167facb14a589d75dcd5e0813872ce2c2bbe3f66,20260916,0.11.0,21,service,clocks,False,11,11,POWER#9,POWER,POWER_SERVICE,OPERATING,3.0,2.5,,False,0,0.0
lifecycle,42969dc451bbd28e8cd3cb77167facb14a589d75dcd5e0813872ce2c2bbe3f66,20260916,0.11.0,21,service,clocks,False,11,11,POWER#10,POWER,POWER_SERVICE,OPERATING,3.0,0.0,,False,0,0.0
lifecycle,42969dc451bbd28e8cd3cb77167facb14a589d75dcd5e0813872ce2c2bbe3f66,20260916,0.11.0,21,service,clocks,False,11,11,POWER#11,POWER,POWER_SERVICE,OPERATING,3.0,0.0,,False,0,0.0
lifecycle,42969dc451bbd28e8cd3cb77167facb14a589d75dcd5e0813872ce2c2bbe3f66,20260916,0.11.0,21,service,clocks,False,11,11,POWER#12,POWER,POWER_SERVICE,OPERATING,3.0,0.0,,False,0,0.0
lifecycle,42969dc451bbd28e8cd3cb77167facb14a589d75dcd5e0813872ce2c2bbe3f66,20260916,0.11.0,22,service,clocks,False,10,10,POWER#1,POWER,POWER_SERVICE,OPERATING,3.0,0.0,,False,1,0.0
lifecycle,42969dc451bbd28e8cd3cb77167facb14a589d75dcd5e0813872ce2c2bbe3f66,20260916,0.11.0,22,service,clocks,False,10,10,POWER#2,POWER,POWER_SERVICE,OPERATING,3.0,0.0,,False,1,0.0
lifecycle,42969dc451bbd28e8cd3cb77167facb14a589d75dcd5e0813872ce2c2bbe3f66,20260916,0.11.0,22,service,clocks,False,10,10,POWER#4,POWER,POWER_SERVICE,OPERATING,3.0,0.0,,False,1,0.0
lifecycle,42969dc451bbd28e8cd3cb77167facb14a589d75dcd5e0813872ce2c2bbe3f66,20260916,0.11.0,22,service,clocks,False,10,10,POWER#5,POWER,POWER_SERVICE,OPERATING,3.0,0.0,,False,0,0.0
lifecycle,42969dc451bbd28e8cd3cb77167facb14a589d75dcd5e0813872ce2c2bbe3f66,20260916,0.11.0,22,service,clocks,False,10,10,POWER#7,POWER,POWER_SERVICE,OPERATING,3.0,0.0,,False,1,0.0
lifecycle,42969dc451bbd28e8cd3cb77167facb14a589d75dcd5e0813872ce2c2bbe3f66,20260916,0.11.0,22,service,clocks,False,10,10,POWER#8,POWER,POWER_SERVICE,OPERATING,3.0,2.5,,False,0,0.0
lifecycle,42969dc451bbd28e8cd3cb77167facb14a589d75dcd5e0813872ce2c2bbe3f66,20260916,0.11.0,22,service,clocks,False,10,10,POWER#9,POWER,POWER_SERVICE,OPERATING,3.0,0.0,,False,0,0.0
lifecycle,42969dc451bbd28e8cd3cb77167facb14a589d75dcd5e0813872ce2c2bbe3f66,20260916,0.11.0,22,service,clocks,False,10,10,POWER#10,POWER,POWER_SERVICE,OPERATING,3.0,0.0,,False,0,0.0
lifecycle,42969dc451bbd28e8cd3cb77167facb14a589d75dcd5e0813872ce2c2bbe3f66,20260916,0.11.0,22,service,clocks,False,10,10,POWER#11,POWER,POWER_SERVICE,OPERATING,3.0,0.0,,False,0,0.0
lifecycle,42969dc451bbd28e8cd3cb77167facb14a589d75dcd5e0813872ce2c2bbe3f66,20260916,0.11.0,22,service,clocks,False,10,10,POWER#12,POWER,POWER_SERVICE,OPERATING,3.0,0.0,,False,0,0.0
lifecycle,42969dc451bbd28e8cd3cb77167facb14a589d75dcd5e0813872ce2c2bbe3f66,20260916,0.11.0,23,service,clocks,False,11,11,POWER#1,POWER,POWER_SERVICE,OPERATING,3.0,0.0,,False,0,0.0
lifecycle,42969dc451bbd28e8cd3cb77167facb14a589d75dcd5e0813872ce2c2bbe3f66,20260916,0.11.0,23,service,clocks,False,11,11,POWER#2,POWER,POWER_SERVICE,OPERATING,3.0,0.0,,False,1,0.0
lifecycle,42969dc451bbd28e8cd3cb77167facb14a589d75dcd5e0813872ce2c2bbe3f66,20260916,0.11.0,23,service,clocks,False,11,11,POWER#5,POWER,POWER_SERVICE,OPERATING,3.0,0.0,,False,1,0.0
lifecycle,42969dc451bbd28e8cd3cb77167facb14a589d75dcd5e0813872ce2c2bbe3f66,20260916,0.11.0,23,service,clocks,False,11,11,POWER#7,POWER,POWER_SERVICE,OPERATING,3.0,0.0,,False,1,0.0
lifecycle,42969dc451bbd28e8cd3cb77167facb14a589d75dcd5e0813872ce2c2bbe3f66,20260916,0.11.0,23,service,clocks,False,11,11,POWER#8,POWER,POWER_SERVICE,OPERATING,3.0,1.231747802344394,,False,0,0.0
lifecycle,42969dc451bbd28e8cd3cb77167facb14a589d75dcd5e0813872ce2c2bbe3f66,20260916,0.11.0,23,service,clocks,False,11,11,POWER#9,POWER,POWER_SERVICE,OPERATING,3.0,0.0,,False,0,0.0
lifecycle,42969dc451bbd28e8cd3cb77167facb14a589d75dcd5e0813872ce2c2bbe3f66,20260916,0.11.0,23,service,clocks,False,11,11,POWER#10,POWER,POWER_SERVICE,OPERATING,3.0,0.0,,False,0,0.0
lifecycle,42969dc451bbd28e8cd3cb77167facb14a589d75dcd5e0813872ce2c2bbe3f66,20260916,0.11.0,23,service,clocks,False,11,11,POWER#11,POWER,POWER_SERVICE,OPERATING,3.0,0.0,,False,0,0.0
lifecycle,42969dc451bbd28e8cd3cb77167facb14a589d75dcd5e0813872ce2c2bbe3f66,20260916,0.11.0,23,service,clocks,False,11,11,POWER#12,POWER,POWER_SERVICE,OPERATING,3.0,0.0,,False,0,0.0
lifecycle,42969dc451bbd28e8cd3cb77167facb14a589d75dcd5e0813872ce2c2bbe3f66,20260916,0.11.0,23,service,clocks,False,11,11,POWER#13,POWER,POWER_SERVICE,OPERATING,3.0,0.0,,False,0,0.0
lifecycle,42969dc451bbd28e8cd3cb77167facb14a589d75dcd5e0813872ce2c2bbe3f66,20260916,0.11.0,23,service,clocks,False,11,11,POWER#14,POWER,POWER_SERVICE,OPERATING,3.0,0.0,,False,0,0.0
lifecycle,42969dc451bbd28e8cd3cb77167facb14a589d75dcd5e0813872ce2c2bbe3f66,20260916,0.11.0,24,service,clocks,False,10,10,POWER#2,POWER,POWER_SERVICE,OPERATING,3.0,0.0,,False,1,0.0
lifecycle,42969dc451bbd28e8cd3cb77167facb14a589d75dcd5e0813872ce2c2bbe3f66,20260916,0.11.0,24,service,clocks,False,10,10,POWER#3,POWER,POWER_SERVICE,OPERATING,3.0,0.0,,False,1,0.0
lifecycle,42969dc451bbd28e8cd3cb77167facb14a589d75dcd5e0813872ce2c2bbe3f66,20260916,0.11.0,24,service,clocks,False,10,10,POWER#6,POWER,POWER_SERVICE,OPERATING,3.0,0.0,,False,1,0.0
lifecycle,42969dc451bbd28e8cd3cb77167facb14a589d75dcd5e0813872ce2c2bbe3f66,20260916,0.11.0,24,service,clocks,False,10,10,POWER#7,POWER,POWER_SERVICE,OPERATING,3.0,0.0,,False,1,0.0
lifecycle,42969dc451bbd28e8cd3cb77167facb14a589d75dcd5e0813872ce2c2bbe3f66,20260916,0.11.0,24,service,clocks,False,10,10,POWER#8,POWER,POWER_SERVICE,OPERATING,3.0,2.5,,False,0,0.0
lifecycle,42969dc451bbd28e8cd3cb77167facb14a589d75dcd5e0813872ce2c2bbe3f66,20260916,0.11.0,24,service,clocks,False,10,10,POWER#9,POWER,POWER_SERVICE,OPERATING,3.0,0.0,,False,0,0.0
lifecycle,42969dc451bbd28e8cd3cb77167facb14a589d75dcd5e0813872ce2c2bbe3f66,20260916,0.11.0,24,service,clocks,False,10,10,POWER#10,POWER,POWER_SERVICE,OPERATING,3.0,0.0,,False,0,0.0
lifecycle,42969dc451bbd28e8cd3cb77167facb14a589d75dcd5e0813872ce2c2bbe3f66,20260916,0.11.0,24,service,clocks,False,10,10,POWER#11,POWER,POWER_SERVICE,OPERATING,3.0,0.0,,False,0,0.0
lifecycle,42969dc451bbd28e8cd3cb77167facb14a589d75dcd5e0813872ce2c2bbe3f66,20260916,0.11.0,24,service,clocks,False,10,10,POWER#12,POWER,POWER_SERVICE,OPERATING,3.0,0.0,,False,0,0.0
lifecycle,42969dc451bbd28e8cd3cb77167facb14a589d75dcd5e0813872ce2c2bbe3f66,20260916,0.11.0,24,service,clocks,False,10,10,POWER#13,POWER,POWER_SERVICE,OPERATING,3.0,0.0,,False,0,0.0
lifecycle,42969dc451bbd28e8cd3cb77167facb14a589d75dcd5e0813872ce2c2bbe3f66,20260916,0.11.0,25,service,clocks,False,10,10,POWER#1,POWER,POWER_SERVICE,OPERATING,3.0,0.0,,False,1,0.0
lifecycle,42969dc451bbd28e8cd3cb77167facb14a589d75dcd5e0813872ce2c2bbe3f66,20260916,0.11.0,25,service,clocks,False,10,10,POWER#3,POWER,POWER_SERVICE,OPERATING,3.0,0.0,,False,1,0.0
lifecycle,42969dc451bbd28e8cd3cb77167facb14a589d75dcd5e0813872ce2c2bbe3f66,20260916,0.11.0,25,service,clocks,False,10,10,POWER#4,POWER,POWER_SERVICE,OPERATING,3.0,0.0,,False,1,0.0
lifecycle,42969dc451bbd28e8cd3cb77167facb14a589d75dcd5e0813872ce2c2bbe3f66,20260916,0.11.0,25,service,clocks,False,10,10,POWER#5,POWER,POWER_SERVICE,OPERATING,3.0,0.0,,False,1,0.0
lifecycle,42969dc451bbd28e8cd3cb77167facb14a589d75dcd5e0813872ce2c2bbe3f66,20260916,0.11.0,25,service,clocks,False,10,10,POWER#7,POWER,POWER_SERVICE,OPERATING,3.0,0.0,,False,1,0.0
lifecycle,42969dc451bbd28e8cd3cb77167facb14a589d75dcd5e0813872ce2c2bbe3f66,20260916,0.11.0,25,service,clocks,False,10,10,POWER#8,POWER,POWER_SERVICE,OPERATING,3.0,2.5,,False,0,0.0
lifecycle,42969dc451bbd28e8cd3cb77167facb14a589d75dcd5e0813872ce2c2bbe3f66,20260916,0.11.0,25,service,clocks,False,10,10,POWER#9,POWER,POWER_SERVICE,OPERATING,3.0,2.5,,False,0,0.0
lifecycle,42969dc451bbd28e8cd3cb77167facb14a589d75dcd5e0813872ce2c2bbe3f66,20260916,0.11.0,25,service,clocks,False,10,10,POWER#10,POWER,POWER_SERVICE,OPERATING,3.0,0.0,,False,0,0.0
lifecycle,42969dc451bbd28e8cd3cb77167facb14a589d75dcd5e0813872ce2c2bbe3f66,20260916,0.11.0,25,service,clocks,False,10,10,POWER#11,POWER,POWER_SERVICE,OPERATING,3.0,0.0,,False,0,0.0
lifecycle,42969dc451bbd28e8cd3cb77167facb14a589d75dcd5e0813872ce2c2bbe3f66,20260916,0.11.0,25,service,clocks,False,10,10,POWER#12,POWER,POWER_SERVICE,OPERATING,3.0,0.0,,False,0,0.0
lifecycle,42969dc451bbd28e8cd3cb77167facb14a589d75dcd5e0813872ce2c2bbe3f66,20260916,0.11.0,26,service,clocks,False,10,10,POWER#1,POWER,POWER_SERVICE,OPERATING,3.0,0.0,,False,1,0.0
lifecycle,42969dc451bbd28e8cd3cb77167facb14a589d75dcd5e0813872ce2c2bbe3f66,20260916,0.11.0,26,service,clocks,False,10,10,POWER#2,POWER,POWER_SERVICE,OPERATING,3.0,0.0,,False,1,0.0
lifecycle,42969dc451bbd28e8cd3cb77167facb14a589d75dcd5e0813872ce2c2bbe3f66,20260916,0.11.0,26,service,clocks,False,10,10,POWER#5,POWER,POWER_SERVICE,OPERATING,3.0,0.0,,False,1,0.0
lifecycle,42969dc451bbd28e8cd3cb77167facb14a589d75dcd5e0813872ce2c2bbe3f66,20260916,0.11.0,26,service,clocks,False,10,10,POWER#7,POWER,POWER_SERVICE,OPERATING,3.0,0.0,,False,1,0.0
lifecycle,42969dc451bbd28e8cd3cb77167facb14a589d75dcd5e0813872ce2c2bbe3f66,20260916,0.11.0,26,service,clocks,False,10,10,POWER#8,POWER,POWER_SERVICE,OPERATING,3.0,2.5,,False,0,0.0
lifecycle,42969dc451bbd28e8cd3cb77167facb14a589d75dcd5e0813872ce2c2bbe3f66,20260916,0.11.0,26,service,clocks,False,10,10,POWER#9,POWER,POWER_SERVICE,OPERATING,3.0,0.0,,False,0,0.0
lifecycle,42969dc451bbd28e8cd3cb77167facb14a589d75dcd5e0813872ce2c2bbe3f66,20260916,0.11.0,26,service,clocks,False,10,10,POWER#10,POWER,POWER_SERVICE,OPERATING,3.0,0.0,,False,0,0.0
lifecycle,42969dc451bbd28e8cd3cb77167facb14a589d75dcd5e0813872ce2c2bbe3f66,20260916,0.11.0,26,service,clocks,False,10,10,POWER#11,POWER,POWER_SERVICE,OPERATING,3.0,0.0,,False,0,0.0
lifecycle,42969dc451bbd28e8cd3cb77167facb14a589d75dcd5e0813872ce2c2bbe3f66,20260916,0.11.0,26,service,clocks,False,10,10,POWER#12,POWER,POWER_SERVICE,OPERATING,3.0,0.0,,False,0,0.0
lifecycle,42969dc451bbd28e8cd3cb77167facb14a589d75dcd5e0813872ce2c2bbe3f66,20260916,0.11.0,26,service,clocks,False,10,10,POWER#13,POWER,POWER_SERVICE,OPERATING,3.0,0.0,,False,0,0.0
lifecycle,42969dc451bbd28e8cd3cb77167facb14a589d75dcd5e0813872ce2c2bbe3f66,20260916,0.11.0,27,service,clocks,False,10,10,POWER#3,POWER,POWER_SERVICE,OPERATING,3.0,0.0,,False,1,0.0
lifecycle,42969dc451bbd28e8cd3cb77167facb14a589d75dcd5e0813872ce2c2bbe3f66,20260916,0.11.0,27,service,clocks,False,10,10,POWER#4,POWER,POWER_SERVICE,OPERATING,3.0,0.0,,False,1,0.0
lifecycle,42969dc451bbd28e8cd3cb77167facb14a589d75dcd5e0813872ce2c2bbe3f66,20260916,0.11.0,27,service,clocks,False,10,10,POWER#7,POWER,POWER_SERVICE,OPERATING,3.0,2.5,,False,0,0.0
lifecycle,42969dc451bbd28e8cd3cb77167facb14a589d75dcd5e0813872ce2c2bbe3f66,20260916,0.11.0,27,service,clocks,False,10,10,POWER#8,POWER,POWER_SERVICE,OPERATING,3.0,2.5,,False,0,0.0
lifecycle,42969dc451bbd28e8cd3cb77167facb14a589d75dcd5e0813872ce2c2bbe3f66,20260916,0.11.0,27,service,clocks,False,10,10,POWER#9,POWER,POWER_SERVICE,OPERATING,3.0,0.0,,False,0,0.0
lifecycle,42969dc451bbd28e8cd3cb77167facb14a589d75dcd5e0813872ce2c2bbe3f66,20260916,0.11.0,27,service,clocks,False,10,10,POWER#10,POWER,POWER_SERVICE,OPERATING,3.0,0.0,,False,0,0.0
lifecycle,42969dc451bbd28e8cd3cb77167facb14a589d75dcd5e0813872ce2c2bbe3f66,20260916,0.11.0,27,service,clocks,False,10,10,POWER#11,POWER,POWER_SERVICE,OPERATING,3.0,0.0,,False,0,0.0
lifecycle,42969dc451bbd28e8cd3cb77167facb14a589d75dcd5e0813872ce2c2bbe3f66,20260916,0.11.0,27,service,clocks,False,10,10,POWER#12,POWER,POWER_SERVICE,OPERATING,3.0,0.0,,False,0,0.0
lifecycle,42969dc451bbd28e8cd3cb77167facb14a589d75dcd5e0813872ce2c2bbe3f66,20260916,0.11.0,27,service,clocks,False,10,10,POWER#13,POWER,POWER_SERVICE,OPERATING,3.0,0.0,,False,0,0.0
lifecycle,42969dc451bbd28e8cd3cb77167facb14a589d75dcd5e0813872ce2c2bbe3f66,20260916,0.11.0,27,service,clocks,False,10,10,POWER#14,POWER,POWER_SERVICE,OPERATING,3.0,0.0,,False,0,0.0
lifecycle,42969dc451bbd28e8cd3cb77167facb14a589d75dcd5e0813872ce2c2bbe3f66,20260916,0.11.0,28,service,clocks,False,11,11,POWER#2,POWER,POWER_SERVICE,OPERATING,3.0,0.0,,False,1,0.0
lifecycle,42969dc451bbd28e8cd3cb77167facb14a589d75dcd5e0813872ce2c2bbe3f66,20260916,0.11.0,28,service,clocks,False,11,11,POWER#3,POWER,POWER_SERVICE,OPERATING,3.0,0.0,,False,1,0.0
lifecycle,42969dc451bbd28e8cd3cb77167facb14a589d75dcd5e0813872ce2c2bbe3f66,20260916,0.11.0,28,service,clocks,False,11,11,POWER#4,POWER,POWER_SERVICE,OPERATING,3.0,0.0,,False,1,0.0
lifecycle,42969dc451bbd28e8cd3cb77167facb14a589d75dcd5e0813872ce2c2bbe3f66,20260916,0.11.0,28,service,clocks,False,11,11,POWER#5,POWER,POWER_SERVICE,OPERATING,3.0,0.0,,False,1,0.0
lifecycle,42969dc451bbd28e8cd3cb77167facb14a589d75dcd5e0813872ce2c2bbe3f66,20260916,0.11.0,28,service,clocks,False,11,11,POWER#6,POWER,POWER_SERVICE,OPERATING,3.0,0.0,,False,1,0.0
lifecycle,42969dc451bbd28e8cd3cb77167facb14a589d75dcd5e0813872ce2c2bbe3f66,20260916,0.11.0,28,service,clocks,False,11,11,POWER#7,POWER,POWER_SERVICE,OPERATING,3.0,0.0,,False,1,0.0
lifecycle,42969dc451bbd28e8cd3cb77167facb14a589d75dcd5e0813872ce2c2bbe3f66,20260916,0.11.0,28,service,clocks,False,11,11,POWER#8,POWER,POWER_SERVICE,OPERATING,3.0,0.0,,False,1,0.0
lifecycle,42969dc451bbd28e8cd3cb77167facb14a589d75dcd5e0813872ce2c2bbe3f66,20260916,0.11.0,28,service,clocks,False,11,11,POWER#9,POWER,POWER_SERVICE,OPERATING,3.0,2.5,,False,0,0.0
lifecycle,42969dc451bbd28e8cd3cb77167facb14a589d75dcd5e0813872ce2c2bbe3f66,20260916,0.11.0,28,service,clocks,False,11,11,POWER#10,POWER,POWER_SERVICE,OPERATING,3.0,0.0,,False,0,0.0
lifecycle,42969dc451bbd28e8cd3cb77167facb14a589d75dcd5e0813872ce2c2bbe3f66,20260916,0.11.0,28,service,clocks,False,11,11,POWER#11,POWER,POWER_SERVICE,OPERATING,3.0,0.0,,False,0,0.0
lifecycle,42969dc451bbd28e8cd3cb77167facb14a589d75dcd5e0813872ce2c2bbe3f66,20260916,0.11.0,28,service,clocks,False,11,11,POWER#12,POWER,POWER_SERVICE,OPERATING,3.0,0.0,,False,0,0.0
lifecycle,42969dc451bbd28e8cd3cb77167facb14a589d75dcd5e0813872ce2c2bbe3f66,20260916,0.11.0,29,service,clocks,False,10,10,POWER#2,POWER,POWER_SERVICE,OPERATING,3.0,0.0,,False,1,0.0
lifecycle,42969dc451bbd28e8cd3cb77167facb14a589d75dcd5e0813872ce2c2bbe3f66,20260916,0.11.0,29,service,clocks,False,10,10,POWER#4,POWER,POWER_SERVICE,OPERATING,3.0,0.0,,False,0,0.0
lifecycle,42969dc451bbd28e8cd3cb77167facb14a589d75dcd5e0813872ce2c2bbe3f66,20260916,0.11.0,29,service,clocks,False,10,10,POWER#5,POWER,POWER_SERVICE,OPERATING,3.0,0.0,,False,1,0.0
lifecycle,42969dc451bbd28e8cd3cb77167facb14a589d75dcd5e0813872ce2c2bbe3f66,20260916,0.11.0,29,service,clocks,False,10,10,POWER#7,POWER,POWER_SERVICE,OPERATING,3.0,0.0,,False,0,0.0
lifecycle,42969dc451bbd28e8cd3cb77167facb14a589d75dcd5e0813872ce2c2bbe3f66,20260916,0.11.0,29,service,clocks,False,10,10,POWER#8,POWER,POWER_SERVICE,OPERATING,3.0,2.5,,False,0,0.0
lifecycle,42969dc451bbd28e8cd3cb77167facb14a589d75dcd5e0813872ce2c2bbe3f66,20260916,0.11.0,29,service,clocks,False,10,10,POWER#9,POWER,POWER_SERVICE,OPERATING,3.0,0.0,,False,0,0.0
lifecycle,42969dc451bbd28e8cd3cb77167facb14a589d75dcd5e0813872ce2c2bbe3f66,20260916,0.11.0,29,service,clocks,False,10,10,POWER#10,POWER,POWER_SERVICE,OPERATING,3.0,0.0,,False,0,0.0
lifecycle,42969dc451bbd28e8cd3cb77167facb14a589d75dcd5e0813872ce2c2bbe3f66,20260916,0.11.0,29,service,clocks,False,10,10,POWER#11,POWER,POWER_SERVICE,OPERATING,3.0,0.0,,False,0,0.0
lifecycle,42969dc451bbd28e8cd3cb77167facb14a589d75dcd5e0813872ce2c2bbe3f66,20260916,0.11.0,29,service,clocks,False,10,10,POWER#12,POWER,POWER_SERVICE,OPERATING,3.0,0.0,,False,0,0.0
lifecycle,42969dc451bbd28e8cd3cb77167facb14a589d75dcd5e0813872ce2c2bbe3f66,20260916,0.11.0,29,service,clocks,False,10,10,POWER#13,POWER,POWER_SERVICE,OPERATING,3.0,0.0,,False,0,0.0
lifecycle,42969dc451bbd28e8cd3cb77167facb14a589d75dcd5e0813872ce2c2bbe3f66,20260916,0.11.0,30,service,clocks,False,10,10,POWER#2,POWER,POWER_SERVICE,OPERATING,3.0,0.0,,False,1,0.0
lifecycle,42969dc451bbd28e8cd3cb77167facb14a589d75dcd5e0813872ce2c2bbe3f66,20260916,0.11.0,30,service,clocks,False,10,10,POWER#4,POWER,POWER_SERVICE,OPERATING,3.0,0.0,,False,1,0.0
lifecycle,42969dc451bbd28e8cd3cb77167facb14a589d75dcd5e0813872ce2c2bbe3f66,20260916,0.11.0,30,service,clocks,False,10,10,POWER#5,POWER,POWER_SERVICE,OPERATING,3.0,0.0,,False,1,0.0
lifecycle,42969dc451bbd28e8cd3cb77167facb14a589d75dcd5e0813872ce2c2bbe3f66,20260916,0.11.0,30,service,clocks,False,10,10,POWER#6,POWER,POWER_SERVICE,OPERATING,3.0,0.0,,False,0,0.0
lifecycle,42969dc451bbd28e8cd3cb77167facb14a589d75dcd5e0813872ce2c2bbe3f66,20260916,0.11.0,30,service,clocks,False,10,10,POWER#7,POWER,POWER_SERVICE,OPERATING,3.0,0.0,,False,1,0.0
lifecycle,42969dc451bbd28e8cd3cb77167facb14a589d75dcd5e0813872ce2c2bbe3f66,20260916,0.11.0,30,service,clocks,False,10,10,POWER#8,POWER,POWER_SERVICE,OPERATING,3.0,2.5,,False,0,0.0
lifecycle,42969dc451bbd28e8cd3cb77167facb14a589d75dcd5e0813872ce2c2bbe3f66,20260916,0.11.0,30,service,clocks,False,10,10,POWER#9,POWER,POWER_SERVICE,OPERATING,3.0,0.0,,False,0,0.0
lifecycle,42969dc451bbd28e8cd3cb77167facb14a589d75dcd5e0813872ce2c2bbe3f66,20260916,0.11.0,30,service,clocks,False,10,10,POWER#10,POWER,POWER_SERVICE,OPERATING,3.0,0.0,,False,0,0.0
lifecycle,42969dc451bbd28e8cd3cb77167facb14a589d75dcd5e0813872ce2c2bbe3f66,20260916,0.11.0,30,service,clocks,False,10,10,POWER#11,POWER,POWER_SERVICE,OPERATING,3.0,0.0,,False,0,0.0
lifecycle,42969dc451bbd28e8cd3cb77167facb14a589d75dcd5e0813872ce2c2bbe3f66,20260916,0.11.0,30,service,clocks,False,10,10,POWER#12,POWER,POWER_SERVICE,OPERATING,3.0,0.0,,False,0,0.0
lifecycle,42969dc451bbd28e8cd3cb77167facb14a589d75dcd5e0813872ce2c2bbe3f66,20260916,0.11.0,31,service,clocks,False,11,11,POWER#1,POWER,POWER_SERVICE,OPERATING,3.0,0.0,,False,1,0.0
lifecycle,42969dc451bbd28e8cd3cb77167facb14a589d75dcd5e0813872ce2c2bbe3f66,20260916,0.11.0,31,service,clocks,False,11,11,POWER#3,POWER,POWER_SERVICE,OPERATING,3.0,0.0,,False,1,0.0
lifecycle,42969dc451bbd28e8cd3cb77167facb14a589d75dcd5e0813872ce2c2bbe3f66,20260916,0.11.0,31,service,clocks,False,11,11,POWER#4,POWER,POWER_SERVICE,OPERATING,3.0,0.0,,False,1,0.0
lifecycle,42969dc451bbd28e8cd3cb77167facb14a589d75dcd5e0813872ce2c2bbe3f66,20260916,0.11.0,31,service,clocks,False,11,11,POWER#5,POWER,POWER_SERVICE,OPERATING,3.0,0.0,,False,1,0.0
lifecycle,42969dc451bbd28e8cd3cb77167facb14a589d75dcd5e0813872ce2c2bbe3f66,20260916,0.11.0,31,service,clocks,False,11,11,POWER#6,POWER,POWER_SERVICE,OPERATING,3.0,0.0,,False,1,0.0
lifecycle,42969dc451bbd28e8cd3cb77167facb14a589d75dcd5e0813872ce2c2bbe3f66,20260916,0.11.0,31,service,clocks,False,11,11,POWER#7,POWER,POWER_SERVICE,OPERATING,3.0,0.0,,False,1,0.0
lifecycle,42969dc451bbd28e8cd3cb77167facb14a589d75dcd5e0813872ce2c2bbe3f66,20260916,0.11.0,31,service,clocks,False,11,11,POWER#8,POWER,POWER_SERVICE,OPERATING,3.0,0.0,,False,1,0.0
lifecycle,42969dc451bbd28e8cd3cb77167facb14a589d75dcd5e0813872ce2c2bbe3f66,20260916,0.11.0,31,service,clocks,False,11,11,POWER#9,POWER,POWER_SERVICE,OPERATING,3.0,2.5,,False,0,0.0
lifecycle,42969dc451bbd28e8cd3cb77167facb14a589d75dcd5e0813872ce2c2bbe3f66,20260916,0.11.0,31,service,clocks,False,11,11,POWER#10,POWER,POWER_SERVICE,OPERATING,3.0,0.0,,False,0,0.0
lifecycle,42969dc451bbd28e8cd3cb77167facb14a589d75dcd5e0813872ce2c2bbe3f66,20260916,0.11.0,31,service,clocks,False,11,11,POWER#11,POWER,POWER_SERVICE,OPERATING,3.0,0.0,,False,0,0.0
lifecycle,42969dc451bbd28e8cd3cb77167facb14a589d75dcd5e0813872ce2c2bbe3f66,20260916,0.11.0,31,service,clocks,False,11,11,POWER#12,POWER,POWER_SERVICE,OPERATING,3.0,0.0,,False,0,0.0
lifecycle,42969dc451bbd28e8cd3cb77167facb14a589d75dcd5e0813872ce2c2bbe3f66,20260916,0.11.0,32,service,clocks,False,12,12,POWER#1,POWER,POWER_SERVICE,OPERATING,3.0,0.0,,False,1,0.0
lifecycle,42969dc451bbd28e8cd3cb77167facb14a589d75dcd5e0813872ce2c2bbe3f66,20260916,0.11.0,32,service,clocks,False,12,12,POWER#2,POWER,POWER_SERVICE,OPERATING,3.0,0.0,,False,1,0.0
lifecycle,42969dc451bbd28e8cd3cb77167facb14a589d75dcd5e0813872ce2c2bbe3f66,20260916,0.11.0,32,service,clocks,False,12,12,POWER#5,POWER,POWER_SERVICE,OPERATING,3.0,0.0,,False,1,0.0
lifecycle,42969dc451bbd28e8cd3cb77167facb14a589d75dcd5e0813872ce2c2bbe3f66,20260916,0.11.0,32,service,clocks,False,12,12,POWER#6,POWER,POWER_SERVICE,OPERATING,3.0,0.0,,False,1,0.0
lifecycle,42969dc451bbd28e8cd3cb77167facb14a589d75dcd5e0813872ce2c2bbe3f66,20260916,0.11.0,32,service,clocks,False,12,12,POWER#7,POWER,POWER_SERVICE,OPERATING,3.0,0.0,,False,1,0.0
lifecycle,42969dc451bbd28e8cd3cb77167facb14a589d75dcd5e0813872ce2c2bbe3f66,20260916,0.11.0,32,service,clocks,False,12,12,POWER#8,POWER,POWER_SERVICE,OPERATING,3.0,0.0,,False,1,0.0
lifecycle,42969dc451bbd28e8cd3cb77167facb14a589d75dcd5e0813872ce2c2bbe3f66,20260916,0.11.0,32,service,clocks,False,12,12,POWER#9,POWER,POWER_SERVICE,OPERATING,3.0,0.0,,False,0,0.0
lifecycle,42969dc451bbd28e8cd3cb77167facb14a589d75dcd5e0813872ce2c2bbe3f66,20260916,0.11.0,32,service,clocks,False,12,12,POWER#10,POWER,POWER_SERVICE,OPERATING,3.0,0.0,,False,0,0.0
lifecycle,42969dc451bbd28e8cd3cb77167facb14a589d75dcd5e0813872ce2c2bbe3f66,20260916,0.11.0,32,service,clocks,False,12,12,POWER#11,POWER,POWER_SERVICE,OPERATING,3.0,0.0,,False,0,0.0
lifecycle,42969dc451bbd28e8cd3cb77167facb14a589d75dcd5e0813872ce2c2bbe3f66,20260916,0.11.0,32,service,clocks,False,12,12,POWER#12,POWER,POWER_SERVICE,OPERATING,3.0,0.0,,False,0,0.0
lifecycle,42969dc451bbd28e8cd3cb77167facb14a589d75dcd5e0813872ce2c2bbe3f66,20260916,0.11.0,32,service,clocks,False,12,12,POWER#13,POWER,POWER_SERVICE,OPERATING,3.0,0.0,,False,0,0.0
lifecycle,42969dc451bbd28e8cd3cb77167facb14a589d75dcd5e0813872ce2c2bbe3f66,20260916,0.11.0,32,service,clocks,False,12,12,POWER#14,POWER,POWER_SERVICE,OPERATING,3.0,0.0,,False,0,0.0
lifecycle,42969dc451bbd28e8cd3cb77167facb14a589d75dcd5e0813872ce2c2bbe3f66,20260916,0.11.0,33,service,clocks,False,11,11,POWER#1,POWER,POWER_SERVICE,OPERATING,3.0,0.0,,False,1,0.0
lifecycle,42969dc451bbd28e8cd3cb77167facb14a589d75dcd5e0813872ce2c2bbe3f66,20260916,0.11.0,33,service,clocks,False,11,11,POWER#2,POWER,POWER_SERVICE,OPERATING,3.0,0.0,,False,1,0.0
lifecycle,42969dc451bbd28e8cd3cb77167facb14a589d75dcd5e0813872ce2c2bbe3f66,20260916,0.11.0,33,service,clocks,False,11,11,POWER#4,POWER,POWER_SERVICE,OPERATING,3.0,0.0,,False,1,0.0
lifecycle,42969dc451bbd28e8cd3cb77167facb14a589d75dcd5e0813872ce2c2bbe3f66,20260916,0.11.0,33,service,clocks,False,11,11,POWER#5,POWER,POWER_SERVICE,OPERATING,3.0,0.0,,False,1,0.0
lifecycle,42969dc451bbd28e8cd3cb77167facb14a589d75dcd5e0813872ce2c2bbe3f66,20260916,0.11.0,33,service,clocks,False,11,11,POWER#6,POWER,POWER_SERVICE,OPERATING,3.0,0.0,,False,1,0.0
lifecycle,42969dc451bbd28e8cd3cb77167facb14a589d75dcd5e0813872ce2c2bbe3f66,20260916,0.11.0,33,service,clocks,False,11,11,POWER#7,POWER,POWER_SERVICE,OPERATING,3.0,0.0,,False,1,0.0
lifecycle,42969dc451bbd28e8cd3cb77167facb14a589d75dcd5e0813872ce2c2bbe3f66,20260916,0.11.0,33,service,clocks,False,11,11,POWER#8,POWER,POWER_SERVICE,OPERATING,3.0,0.0,,False,1,0.0
lifecycle,42969dc451bbd28e8cd3cb77167facb14a589d75dcd5e0813872ce2c2bbe3f66,20260916,0.11.0,33,service,clocks,False,11,11,POWER#9,POWER,POWER_SERVICE,OPERATING,3.0,2.5,,False,0,0.0
lifecycle,42969dc451bbd28e8cd3cb77167facb14a589d75dcd5e0813872ce2c2bbe3f66,20260916,0.11.0,33,service,clocks,False,11,11,POWER#10,POWER,POWER_SERVICE,OPERATING,3.0,0.0,,False,0,0.0
lifecycle,42969dc451bbd28e8cd3cb77167facb14a589d75dcd5e0813872ce2c2bbe3f66,20260916,0.11.0,33,service,clocks,False,11,11,POWER#11,POWER,POWER_SERVICE,OPERATING,3.0,0.0,,False,0,0.0
lifecycle,42969dc451bbd28e8cd3cb77167facb14a589d75dcd5e0813872ce2c2bbe3f66,20260916,0.11.0,33,service,clocks,False,11,11,POWER#12,POWER,POWER_SERVICE,OPERATING,3.0,0.0,,False,0,0.0
lifecycle,42969dc451bbd28e8cd3cb77167facb14a589d75dcd5e0813872ce2c2bbe3f66,20260916,0.11.0,34,service,clocks,False,10,10,POWER#1,POWER,POWER_SERVICE,OPERATING,3.0,0.0,,False,0,0.0
lifecycle,42969dc451bbd28e8cd3cb77167facb14a589d75dcd5e0813872ce2c2bbe3f66,20260916,0.11.0,34,service,clocks,False,10,10,POWER#2,POWER,POWER_SERVICE,OPERATING,3.0,0.0,,False,1,0.0
lifecycle,42969dc451bbd28e8cd3cb77167facb14a589d75dcd5e0813872ce2c2bbe3f66,20260916,0.11.0,34,service,clocks,False,10,10,POWER#4,POWER,POWER_SERVICE,OPERATING,3.0,0.0,,False,1,0.0
lifecycle,42969dc451bbd28e8cd3cb77167facb14a589d75dcd5e0813872ce2c2bbe3f66,20260916,0.11.0,34,service,clocks,False,10,10,POWER#5,POWER,POWER_SERVICE,OPERATING,3.0,0.0,,False,1,0.0
lifecycle,42969dc451bbd28e8cd3cb77167facb14a589d75dcd5e0813872ce2c2bbe3f66,20260916,0.11.0,34,service,clocks,False,10,10,POWER#7,POWER,POWER_SERVICE,OPERATING,3.0,0.0,,False,1,0.0
lifecycle,42969dc451bbd28e8cd3cb77167facb14a589d75dcd5e0813872ce2c2bbe3f66,20260916,0.11.0,34,service,clocks,False,10,10,POWER#8,POWER,POWER_SERVICE,OPERATING,3.0,0.0,,False,1,0.0
lifecycle,42969dc451bbd28e8cd3cb77167facb14a589d75dcd5e0813872ce2c2bbe3f66,20260916,0.11.0,34,service,clocks,False,10,10,POWER#9,POWER,POWER_SERVICE,OPERATING,3.0,2.5,,False,0,0.0
lifecycle,42969dc451bbd28e8cd3cb77167facb14a589d75dcd5e0813872ce2c2bbe3f66,20260916,0.11.0,34,service,clocks,False,10,10,POWER#10,POWER,POWER_SERVICE,OPERATING,3.0,0.0,,False,0,0.0
lifecycle,42969dc451bbd28e8cd3cb77167facb14a589d75dcd5e0813872ce2c2bbe3f66,20260916,0.11.0,34,service,clocks,False,10,10,POWER#11,POWER,POWER_SERVICE,OPERATING,3.0,0.0,,False,0,0.0
lifecycle,42969dc451bbd28e8cd3cb77167facb14a589d75dcd5e0813872ce2c2bbe3f66,20260916,0.11.0,34,service,clocks,False,10,10,POWER#12,POWER,POWER_SERVICE,OPERATING,3.0,0.0,,False,0,0.0
lifecycle,42969dc451bbd28e8cd3cb77167facb14a589d75dcd5e0813872ce2c2bbe3f66,20260916,0.11.0,35,service,clocks,False,11,11,POWER#1,POWER,POWER_SERVICE,OPERATING,3.0,0.0,,False,1,0.0
lifecycle,42969dc451bbd28e8cd3cb77167facb14a589d75dcd5e0813872ce2c2bbe3f66,20260916,0.11.0,35,service,clocks,False,11,11,POWER#2,POWER,POWER_SERVICE,OPERATING,3.0,0.0,,False,1,0.0
lifecycle,42969dc451bbd28e8cd3cb77167facb14a589d75dcd5e0813872ce2c2bbe3f66,20260916,0.11.0,35,service,clocks,False,11,11,POWER#3,POWER,POWER_SERVICE,OPERATING,3.0,0.0,,False,1,0.0
lifecycle,42969dc451bbd28e8cd3cb77167facb14a589d75dcd5e0813872ce2c2bbe3f66,20260916,0.11.0,35,service,clocks,False,11,11,POWER#6,POWER,POWER_SERVICE,OPERATING,3.0,0.0,,False,1,0.0
lifecycle,42969dc451bbd28e8cd3cb77167facb14a589d75dcd5e0813872ce2c2bbe3f66,20260916,0.11.0,35,service,clocks,False,11,11,POWER#7,POWER,POWER_SERVICE,OPERATING,3.0,0.0,,False,1,0.0
lifecycle,42969dc451bbd28e8cd3cb77167facb14a589d75dcd5e0813872ce2c2bbe3f66,20260916,0.11.0,35,service,clocks,False,11,11,POWER#8,POWER,POWER_SERVICE,OPERATING,3.0,2.5,,False,0,0.0
lifecycle,42969dc451bbd28e8cd3cb77167facb14a589d75dcd5e0813872ce2c2bbe3f66,20260916,0.11.0,35,service,clocks,False,11,11,POWER#9,POWER,POWER_SERVICE,OPERATING,3.0,2.5,,False,0,0.0
lifecycle,42969dc451bbd28e8cd3cb77167facb14a589d75dcd5e0813872ce2c2bbe3f66,20260916,0.11.0,35,service,clocks,False,11,11,POWER#10,POWER,POWER_SERVICE,OPERATING,3.0,0.0,,False,0,0.0
lifecycle,42969dc451bbd28e8cd3cb77167facb14a589d75dcd5e0813872ce2c2bbe3f66,20260916,0.11.0,35,service,clocks,False,11,11,POWER#11,POWER,POWER_SERVICE,OPERATING,3.0,0.0,,False,0,0.0
lifecycle,42969dc451bbd28e8cd3cb77167facb14a589d75dcd5e0813872ce2c2bbe3f66,20260916,0.11.0,35,service,clocks,False,11,11,POWER#12,POWER,POWER_SERVICE,OPERATING,3.0,0.0,,False,0,0.0
lifecycle,42969dc451bbd28e8cd3cb77167facb14a589d75dcd5e0813872ce2c2bbe3f66,20260916,0.11.0,35,service,clocks,False,11,11,POWER#13,POWER,POWER_SERVICE,OPERATING,3.0,0.0,,False,0,0.0
lifecycle,42969dc451bbd28e8cd3cb77167facb14a589d75dcd5e0813872ce2c2bbe3f66,20260916,0.11.0,36,service,clocks,False,11,11,POWER#2,POWER,POWER_SERVICE,OPERATING,3.0,0.0,,False,1,0.0
lifecycle,42969dc451bbd28e8cd3cb77167facb14a589d75dcd5e0813872ce2c2bbe3f66,20260916,0.11.0,36,service,clocks,False,11,11,POWER#3,POWER,POWER_SERVICE,OPERATING,3.0,0.0,,False,1,0.0
lifecycle,42969dc451bbd28e8cd3cb77167facb14a589d75dcd5e0813872ce2c2bbe3f66,20260916,0.11.0,36,service,clocks,False,11,11,POWER#5,POWER,POWER_SERVICE,OPERATING,3.0,0.0,,False,1,0.0
lifecycle,42969dc451bbd28e8cd3cb77167facb14a589d75dcd5e0813872ce2c2bbe3f66,20260916,0.11.0,36,service,clocks,False,11,11,POWER#6,POWER,POWER_SERVICE,OPERATING,3.0,0.0,,False,1,0.0
lifecycle,42969dc451bbd28e8cd3cb77167facb14a589d75dcd5e0813872ce2c2bbe3f66,20260916,0.11.0,36,service,clocks,False,11,11,POWER#7,POWER,POWER_SERVICE,OPERATING,3.0,0.0,,False,1,0.0
lifecycle,42969dc451bbd28e8cd3cb77167facb14a589d75dcd5e0813872ce2c2bbe3f66,20260916,0.11.0,36,service,clocks,False,11,11,POWER#8,POWER,POWER_SERVICE,OPERATING,3.0,0.0,,False,1,0.0
lifecycle,42969dc451bbd28e8cd3cb77167facb14a589d75dcd5e0813872ce2c2bbe3f66,20260916,0.11.0,36,service,clocks,False,11,11,POWER#9,POWER,POWER_SERVICE,OPERATING,3.0,0.0,,False,0,0.0
lifecycle,42969dc451bbd28e8cd3cb77167facb14a589d75dcd5e0813872ce2c2bbe3f66,20260916,0.11.0,36,service,clocks,False,11,11,POWER#10,POWER,POWER_SERVICE,OPERATING,3.0,0.0,,False,0,0.0
lifecycle,42969dc451bbd28e8cd3cb77167facb14a589d75dcd5e0813872ce2c2bbe3f66,20260916,0.11.0,36,service,clocks,False,11,11,POWER#11,POWER,POWER_SERVICE,OPERATING,3.0,0.0,,False,0,0.0
lifecycle,42969dc451bbd28e8cd3cb77167facb14a589d75dcd5e0813872ce2c2bbe3f66,20260916,0.11.0,36,service,clocks,False,11,11,POWER#12,POWER,POWER_SERVICE,OPERATING,3.0,0.0,,False,0,0.0
lifecycle,42969dc451bbd28e8cd3cb77167facb14a589d75dcd5e0813872ce2c2bbe3f66,20260916,0.11.0,36,service,clocks,False,11,11,POWER#13,POWER,POWER_SERVICE,OPERATING,3.0,0.0,,False,0,0.0
lifecycle,42969dc451bbd28e8cd3cb77167facb14a589d75dcd5e0813872ce2c2bbe3f66,20260916,0.11.0,37,service,clocks,False,11,11,POWER#2,POWER,POWER_SERVICE,OPERATING,3.0,0.0,,False,1,0.0
lifecycle,42969dc451bbd28e8cd3cb77167facb14a589d75dcd5e0813872ce2c2bbe3f66,20260916,0.11.0,37,service,clocks,False,11,11,POWER#4,POWER,POWER_SERVICE,OPERATING,3.0,0.0,,False,1,0.0
lifecycle,42969dc451bbd28e8cd3cb77167facb14a589d75dcd5e0813872ce2c2bbe3f66,20260916,0.11.0,37,service,clocks,False,11,11,POWER#5,POWER,POWER_SERVICE,OPERATING,3.0,0.0,,False,1,0.0
lifecycle,42969dc451bbd28e8cd3cb77167facb14a589d75dcd5e0813872ce2c2bbe3f66,20260916,0.11.0,37,service,clocks,False,11,11,POWER#7,POWER,POWER_SERVICE,OPERATING,3.0,0.0,,False,1,0.0
lifecycle,42969dc451bbd28e8cd3cb77167facb14a589d75dcd5e0813872ce2c2bbe3f66,20260916,0.11.0,37,service,clocks,False,11,11,POWER#8,POWER,POWER_SERVICE,OPERATING,3.0,0.0,,False,0,0.0
lifecycle,42969dc451bbd28e8cd3cb77167facb14a589d75dcd5e0813872ce2c2bbe3f66,20260916,0.11.0,37,service,clocks,False,11,11,POWER#9,POWER,POWER_SERVICE,OPERATING,3.0,0.0,,False,0,0.0
lifecycle,42969dc451bbd28e8cd3cb77167facb14a589d75dcd5e0813872ce2c2bbe3f66,20260916,0.11.0,37,service,clocks,False,11,11,POWER#10,POWER,POWER_SERVICE,OPERATING,3.0,0.0,,False,0,0.0
lifecycle,42969dc451bbd28e8cd3cb77167facb14a589d75dcd5e0813872ce2c2bbe3f66,20260916,0.11.0,37,service,clocks,False,11,11,POWER#11,POWER,POWER_SERVICE,OPERATING,3.0,0.0,,False,0,0.0
lifecycle,42969dc451bbd28e8cd3cb77167facb14a589d75dcd5e0813872ce2c2bbe3f66,20260916,0.11.0,37,service,clocks,False,11,11,POWER#12,POWER,POWER_SERVICE,OPERATING,3.0,0.0,,False,0,0.0
lifecycle,42969dc451bbd28e8cd3cb77167facb14a589d75dcd5e0813872ce2c2bbe3f66,20260916,0.11.0,37,service,clocks,False,11,11,POWER#13,POWER,POWER_SERVICE,OPERATING,3.0,0.0,,False,0,0.0
lifecycle,42969dc451bbd28e8cd3cb77167facb14a589d75dcd5e0813872ce2c2bbe3f66,20260916,0.11.0,37,service,clocks,False,11,11,POWER#14,POWER,POWER_SERVICE,OPERATING,3.0,0.0,,False,0,0.0
lifecycle,42969dc451bbd28e8cd3cb77167facb14a589d75dcd5e0813872ce2c2bbe3f66,20260916,0.11.0,38,service,clocks,False,11,11,POWER#2,POWER,POWER_SERVICE,OPERATING,3.0,0.0,,False,1,0.0
lifecycle,42969dc451bbd28e8cd3cb77167facb14a589d75dcd5e0813872ce2c2bbe3f66,20260916,0.11.0,38,service,clocks,False,11,11,POWER#3,POWER,POWER_SERVICE,OPERATING,3.0,0.0,,False,1,0.0
lifecycle,42969dc451bbd28e8cd3cb77167facb14a589d75dcd5e0813872ce2c2bbe3f66,20260916,0.11.0,38,service,clocks,False,11,11,POWER#5,POWER,POWER_SERVICE,OPERATING,3.0,0.0,,False,1,0.0
lifecycle,42969dc451bbd28e8cd3cb77167facb14a589d75dcd5e0813872ce2c2bbe3f66,20260916,0.11.0,38,service,clocks,False,11,11,POWER#7,POWER,POWER_SERVICE,OPERATING,3.0,0.0,,False,1,0.0
lifecycle,42969dc451bbd28e8cd3cb77167facb14a589d75dcd5e0813872ce2c2bbe3f66,20260916,0.11.0,38,service,clocks,False,11,11,POWER#8,POWER,POWER_SERVICE,OPERATING,3.0,2.5,,False,0,0.0
lifecycle,42969dc451bbd28e8cd3cb77167facb14a589d75dcd5e0813872ce2c2bbe3f66,20260916,0.11.0,38,service,clocks,False,11,11,POWER#9,POWER,POWER_SERVICE,OPERATING,3.0,0.0,,False,0,0.0
lifecycle,42969dc451bbd28e8cd3cb77167facb14a589d75dcd5e0813872ce2c2bbe3f66,20260916,0.11.0,38,service,clocks,False,11,11,POWER#10,POWER,POWER_SERVICE,OPERATING,3.0,0.0,,False,0,0.0
lifecycle,42969dc451bbd28e8cd3cb77167facb14a589d75dcd5e0813872ce2c2bbe3f66,20260916,0.11.0,38,service,clocks,False,11,11,POWER#11,POWER,POWER_SERVICE,OPERATING,3.0,0.0,,False,0,0.0
lifecycle,42969dc451bbd28e8cd3cb77167facb14a589d75dcd5e0813872ce2c2bbe3f66,20260916,0.11.0,38,service,clocks,False,11,11,POWER#12,POWER,POWER_SERVICE,OPERATING,3.0,0.0,,False,0,0.0
lifecycle,42969dc451bbd28e8cd3cb77167facb14a589d75dcd5e0813872ce2c2bbe3f66,20260916,0.11.0,38,service,clocks,False,11,11,POWER#13,POWER,POWER_SERVICE,OPERATING,3.0,0.0,,False,0,0.0
lifecycle,42969dc451bbd28e8cd3cb77167facb14a589d75dcd5e0813872ce2c2bbe3f66,20260916,0.11.0,38,service,clocks,False,11,11,POWER#14,POWER,POWER_SERVICE,OPERATING,3.0,0.0,,False,0,0.0
lifecycle,42969dc451bbd28e8cd3cb77167facb14a589d75dcd5e0813872ce2c2bbe3f66,20260916,0.11.0,39,service,clocks,False,10,10,POWER#1,POWER,POWER_SERVICE,OPERATING,3.0,0.0,,False,1,0.0
lifecycle,42969dc451bbd28e8cd3cb77167facb14a589d75dcd5e0813872ce2c2bbe3f66,20260916,0.11.0,39,service,clocks,False,10,10,POWER#2,POWER,POWER_SERVICE,OPERATING,3.0,0.0,,False,1,0.0
lifecycle,42969dc451bbd28e8cd3cb77167facb14a589d75dcd5e0813872ce2c2bbe3f66,20260916,0.11.0,39,service,clocks,False,10,10,POWER#4,POWER,POWER_SERVICE,OPERATING,3.0,0.0,,False,1,0.0
lifecycle,42969dc451bbd28e8cd3cb77167facb14a589d75dcd5e0813872ce2c2bbe3f66,20260916,0.11.0,39,service,clocks,False,10,10,POWER#5,POWER,POWER_SERVICE,OPERATING,3.0,0.0,,False,1,0.0
lifecycle,42969dc451bbd28e8cd3cb77167facb14a589d75dcd5e0813872ce2c2bbe3f66,20260916,0.11.0,39,service,clocks,False,10,10,POWER#7,POWER,POWER_SERVICE,OPERATING,3.0,0.0,,False,1,0.0
lifecycle,42969dc451bbd28e8cd3cb77167facb14a589d75dcd5e0813872ce2c2bbe3f66,20260916,0.11.0,39,service,clocks,False,10,10,POWER#8,POWER,POWER_SERVICE,OPERATING,3.0,2.5,,False,0,0.0
lifecycle,42969dc451bbd28e8cd3cb77167facb14a589d75dcd5e0813872ce2c2bbe3f66,20260916,0.11.0,39,service,clocks,False,10,10,POWER#9,POWER,POWER_SERVICE,OPERATING,3.0,2.5,,False,0,0.0
lifecycle,42969dc451bbd28e8cd3cb77167facb14a589d75dcd5e0813872ce2c2bbe3f66,20260916,0.11.0,39,service,clocks,False,10,10,POWER#10,POWER,POWER_SERVICE,OPERATING,3.0,0.0,,False,0,0.0
lifecycle,42969dc451bbd28e8cd3cb77167facb14a589d75dcd5e0813872ce2c2bbe3f66,20260916,0.11.0,39,service,clocks,False,10,10,POWER#11,POWER,POWER_SERVICE,OPERATING,3.0,0.0,,False,0,0.0
lifecycle,42969dc451bbd28e8cd3cb77167facb14a589d75dcd5e0813872ce2c2bbe3f66,20260916,0.11.0,39,service,clocks,False,10,10,POWER#12,POWER,POWER_SERVICE,OPERATING,3.0,0.0,,False,0,0.0
lifecycle,42969dc451bbd28e8cd3cb77167facb14a589d75dcd5e0813872ce2c2bbe3f66,20260916,0.11.0,40,service,clocks,False,11,11,POWER#1,POWER,POWER_SERVICE,OPERATING,3.0,0.0,,False,1,0.0
lifecycle,42969dc451bbd28e8cd3cb77167facb14a589d75dcd5e0813872ce2c2bbe3f66,20260916,0.11.0,40,service,clocks,False,11,11,POWER#2,POWER,POWER_SERVICE,OPERATING,3.0,0.0,,False,1,0.0
lifecycle,42969dc451bbd28e8cd3cb77167facb14a589d75dcd5e0813872ce2c2bbe3f66,20260916,0.11.0,40,service,clocks,False,11,11,POWER#4,POWER,POWER_SERVICE,OPERATING,3.0,0.0,,False,1,0.0
lifecycle,42969dc451bbd28e8cd3cb77167facb14a589d75dcd5e0813872ce2c2bbe3f66,20260916,0.11.0,40,service,clocks,False,11,11,POWER#5,POWER,POWER_SERVICE,OPERATING,3.0,0.0,,False,1,0.0
lifecycle,42969dc451bbd28e8cd3cb77167facb14a589d75dcd5e0813872ce2c2bbe3f66,20260916,0.11.0,40,service,clocks,False,11,11,POWER#6,POWER,POWER_SERVICE,OPERATING,3.0,0.0,,False,0,0.0
lifecycle,42969dc451bbd28e8cd3cb77167facb14a589d75dcd5e0813872ce2c2bbe3f66,20260916,0.11.0,40,service,clocks,False,11,11,POWER#7,POWER,POWER_SERVICE,OPERATING,3.0,0.0,,False,1,0.0
lifecycle,42969dc451bbd28e8cd3cb77167facb14a589d75dcd5e0813872ce2c2bbe3f66,20260916,0.11.0,40,service,clocks,False,11,11,POWER#8,POWER,POWER_SERVICE,OPERATING,3.0,0.0,,False,1,0.0
lifecycle,42969dc451bbd28e8cd3cb77167facb14a589d75dcd5e0813872ce2c2bbe3f66,20260916,0.11.0,40,service,clocks,False,11,11,POWER#9,POWER,POWER_SERVICE,OPERATING,3.0,2.5,,False,0,0.0
lifecycle,42969dc451bbd28e8cd3cb77167facb14a589d75dcd5e0813872ce2c2bbe3f66,20260916,0.11.0,40,service,clocks,False,11,11,POWER#10,POWER,POWER_SERVICE,OPERATING,3.0,2.5,,False,0,0.0
lifecycle,42969dc451bbd28e8cd3cb77167facb14a589d75dcd5e0813872ce2c2bbe3f66,20260916,0.11.0,40,service,clocks,False,11,11,POWER#11,POWER,POWER_SERVICE,OPERATING,3.0,0.0,,False,0,0.0
lifecycle,42969dc451bbd28e8cd3cb77167facb14a589d75dcd5e0813872ce2c2bbe3f66,20260916,0.11.0,40,service,clocks,False,11,11,POWER#12,POWER,POWER_SERVICE,OPERATING,3.0,0.0,,False,0,0.0
lifecycle,42969dc451bbd28e8cd3cb77167facb14a589d75dcd5e0813872ce2c2bbe3f66,20260916,0.11.0,41,service,clocks,False,10,10,POWER#2,POWER,POWER_SERVICE,OPERATING,3.0,0.0,,False,1,0.0
lifecycle,42969dc451bbd28e8cd3cb77167facb14a589d75dcd5e0813872ce2c2bbe3f66,20260916,0.11.0,41,service,clocks,False,10,10,POWER#4,POWER,POWER_SERVICE,OPERATING,3.0,0.0,,False,1,0.0
lifecycle,42969dc451bbd28e8cd3cb77167facb14a589d75dcd5e0813872ce2c2bbe3f66,20260916,0.11.0,41,service,clocks,False,10,10,POWER#5,POWER,POWER_SERVICE,OPERATING,3.0,0.0,,False,1,0.0
lifecycle,42969dc451bbd28e8cd3cb77167facb14a589d75dcd5e0813872ce2c2bbe3f66,20260916,0.11.0,41,service,clocks,False,10,10,POWER#7,POWER,POWER_SERVICE,OPERATING,3.0,0.0,,False,1,0.0
lifecycle,42969dc451bbd28e8cd3cb77167facb14a589d75dcd5e0813872ce2c2bbe3f66,20260916,0.11.0,41,service,clocks,False,10,10,POWER#8,POWER,POWER_SERVICE,OPERATING,3.0,2.5,,False,0,0.0
lifecycle,42969dc451bbd28e8cd3cb77167facb14a589d75dcd5e0813872ce2c2bbe3f66,20260916,0.11.0,41,service,clocks,False,10,10,POWER#9,POWER,POWER_SERVICE,OPERATING,3.0,0.0,,False,0,0.0
lifecycle,42969dc451bbd28e8cd3cb77167facb14a589d75dcd5e0813872ce2c2bbe3f66,20260916,0.11.0,41,service,clocks,False,10,10,POWER#10,POWER,POWER_SERVICE,OPERATING,3.0,0.0,,False,0,0.0
lifecycle,42969dc451bbd28e8cd3cb77167facb14a589d75dcd5e0813872ce2c2bbe3f66,20260916,0.11.0,41,service,clocks,False,10,10,POWER#11,POWER,POWER_SERVICE,OPERATING,3.0,0.0,,False,0,0.0
lifecycle,42969dc451bbd28e8cd3cb77167facb14a589d75dcd5e0813872ce2c2bbe3f66,20260916,0.11.0,41,service,clocks,False,10,10,POWER#12,POWER,POWER_SERVICE,OPERATING,3.0,0.0,,False,0,0.0
lifecycle,42969dc451bbd28e8cd3cb77167facb14a589d75dcd5e0813872ce2c2bbe3f66,20260916,0.11.0,41,service,clocks,False,10,10,POWER#13,POWER,POWER_SERVICE,OPERATING,3.0,0.0,,False,0,0.0
lifecycle,42969dc451bbd28e8cd3cb77167facb14a589d75dcd5e0813872ce2c2bbe3f66,20260916,0.11.0,42,service,clocks,False,10,10,POWER#3,POWER,POWER_SERVICE,OPERATING,3.0,0.0,,False,1,0.0
lifecycle,42969dc451bbd28e8cd3cb77167facb14a589d75dcd5e0813872ce2c2bbe3f66,20260916,0.11.0,42,service,clocks,False,10,10,POWER#4,POWER,POWER_SERVICE,OPERATING,3.0,0.0,,False,1,0.0
lifecycle,42969dc451bbd28e8cd3cb77167facb14a589d75dcd5e0813872ce2c2bbe3f66,20260916,0.11.0,42,service,clocks,False,10,10,POWER#5,POWER,POWER_SERVICE,OPERATING,3.0,0.0,,False,1,0.0
lifecycle,42969dc451bbd28e8cd3cb77167facb14a589d75dcd5e0813872ce2c2bbe3f66,20260916,0.11.0,42,service,clocks,False,10,10,POWER#6,POWER,POWER_SERVICE,OPERATING,3.0,0.0,,False,1,0.0
lifecycle,42969dc451bbd28e8cd3cb77167facb14a589d75dcd5e0813872ce2c2bbe3f66,20260916,0.11.0,42,service,clocks,False,10,10,POWER#7,POWER,POWER_SERVICE,OPERATING,3.0,2.5,,False,0,0.0
lifecycle,42969dc451bbd28e8cd3cb77167facb14a589d75dcd5e0813872ce2c2bbe3f66,20260916,0.11.0,42,service,clocks,False,10,10,POWER#8,POWER,POWER_SERVICE,OPERATING,3.0,0.0,,False,1,0.0
lifecycle,42969dc451bbd28e8cd3cb77167facb14a589d75dcd5e0813872ce2c2bbe3f66,20260916,0.11.0,42,service,clocks,False,10,10,POWER#9,POWER,POWER_SERVICE,OPERATING,3.0,0.0,,False,0,0.0
lifecycle,42969dc451bbd28e8cd3cb77167facb14a589d75dcd5e0813872ce2c2bbe3f66,20260916,0.11.0,42,service,clocks,False,10,10,POWER#10,POWER,POWER_SERVICE,OPERATING,3.0,0.0,,False,0,0.0
lifecycle,42969dc451bbd28e8cd3cb77167facb14a589d75dcd5e0813872ce2c2bbe3f66,20260916,0.11.0,42,service,clocks,False,10,10,POWER#11,POWER,POWER_SERVICE,OPERATING,3.0,0.0,,False,0,0.0
lifecycle,42969dc451bbd28e8cd3cb77167facb14a589d75dcd5e0813872ce2c2bbe3f66,20260916,0.11.0,42,service,clocks,False,10,10,POWER#12,POWER,POWER_SERVICE,OPERATING,3.0,0.0,,False,0,0.0
lifecycle,42969dc451bbd28e8cd3cb77167facb14a589d75dcd5e0813872ce2c2bbe3f66,20260916,0.11.0,43,service,clocks,False,12,12,POWER#1,POWER,POWER_SERVICE,OPERATING,3.0,0.0,,False,1,0.0
lifecycle,42969dc451bbd28e8cd3cb77167facb14a589d75dcd5e0813872ce2c2bbe3f66,20260916,0.11.0,43,service,clocks,False,12,12,POWER#2,POWER,POWER_SERVICE,OPERATING,3.0,0.0,,False,1,0.0
lifecycle,42969dc451bbd28e8cd3cb77167facb14a589d75dcd5e0813872ce2c2bbe3f66,20260916,0.11.0,43,service,clocks,False,12,12,POWER#5,POWER,POWER_SERVICE,OPERATING,3.0,0.0,,False,1,0.0
lifecycle,42969dc451bbd28e8cd3cb77167facb14a589d75dcd5e0813872ce2c2bbe3f66,20260916,0.11.0,43,service,clocks,False,12,12,POWER#7,POWER,POWER_SERVICE,OPERATING,3.0,0.0,,False,1,0.0
lifecycle,42969dc451bbd28e8cd3cb77167facb14a589d75dcd5e0813872ce2c2bbe3f66,20260916,0.11.0,43,service,clocks,False,12,12,POWER#8,POWER,POWER_SERVICE,OPERATING,3.0,2.5,,False,0,0.0
lifecycle,42969dc451bbd28e8cd3cb77167facb14a589d75dcd5e0813872ce2c2bbe3f66,20260916,0.11.0,43,service,clocks,False,12,12,POWER#9,POWER,POWER_SERVICE,OPERATING,3.0,0.0,,False,0,0.0
lifecycle,42969dc451bbd28e8cd3cb77167facb14a589d75dcd5e0813872ce2c2bbe3f66,20260916,0.11.0,43,service,clocks,False,12,12,POWER#10,POWER,POWER_SERVICE,OPERATING,3.0,0.0,,False,0,0.0
lifecycle,42969dc451bbd28e8cd3cb77167facb14a589d75dcd5e0813872ce2c2bbe3f66,20260916,0.11.0,43,service,clocks,False,12,12,POWER#11,POWER,POWER_SERVICE,OPERATING,3.0,0.0,,False,0,0.0
lifecycle,42969dc451bbd28e8cd3cb77167facb14a589d75dcd5e0813872ce2c2bbe3f66,20260916,0.11.0,43,service,clocks,False,12,12,POWER#12,POWER,POWER_SERVICE,OPERATING,3.0,0.0,,False,0,0.0
lifecycle,42969dc451bbd28e8cd3cb77167facb14a589d75dcd5e0813872ce2c2bbe3f66,20260916,0.11.0,43,service,clocks,False,12,12,POWER#13,POWER,POWER_SERVICE,OPERATING,3.0,0.0,,False,0,0.0
lifecycle,42969dc451bbd28e8cd3cb77167facb14a589d75dcd5e0813872ce2c2bbe3f66,20260916,0.11.0,43,service,clocks,False,12,12,POWER#14,POWER,POWER_SERVICE,OPERATING,3.0,0.0,,False,0,0.0
lifecycle,42969dc451bbd28e8cd3cb77167facb14a589d75dcd5e0813872ce2c2bbe3f66,20260916,0.11.0,43,service,clocks,False,12,12,POWER#15,POWER,POWER_SERVICE,OPERATING,3.0,0.0,,False,0,0.0
lifecycle,42969dc451bbd28e8cd3cb77167facb14a589d75dcd5e0813872ce2c2bbe3f66,20260916,0.11.0,44,service,clocks,False,11,11,POWER#1,POWER,POWER_SERVICE,OPERATING,3.0,0.0,,False,1,0.0
lifecycle,42969dc451bbd28e8cd3cb77167facb14a589d75dcd5e0813872ce2c2bbe3f66,20260916,0.11.0,44,service,clocks,False,11,11,POWER#2,POWER,POWER_SERVICE,OPERATING,3.0,0.0,,False,1,0.0
lifecycle,42969dc451bbd28e8cd3cb77167facb14a589d75dcd5e0813872ce2c2bbe3f66,20260916,0.11.0,44,service,clocks,False,11,11,POWER#3,POWER,POWER_SERVICE,OPERATING,3.0,0.0,,False,1,0.0
lifecycle,42969dc451bbd28e8cd3cb77167facb14a589d75dcd5e0813872ce2c2bbe3f66,20260916,0.11.0,44,service,clocks,False,11,11,POWER#4,POWER,POWER_SERVICE,OPERATING,3.0,0.0,,False,1,0.0
lifecycle,42969dc451bbd28e8cd3cb77167facb14a589d75dcd5e0813872ce2c2bbe3f66,20260916,0.11.0,44,service,clocks,False,11,11,POWER#6,POWER,POWER_SERVICE,OPERATING,3.0,0.0,,False,1,0.0
lifecycle,42969dc451bbd28e8cd3cb77167facb14a589d75dcd5e0813872ce2c2bbe3f66,20260916,0.11.0,44,service,clocks,False,11,11,POWER#7,POWER,POWER_SERVICE,OPERATING,3.0,0.0,,False,1,0.0
lifecycle,42969dc451bbd28e8cd3cb77167facb14a589d75dcd5e0813872ce2c2bbe3f66,20260916,0.11.0,44,service,clocks,False,11,11,POWER#8,POWER,POWER_SERVICE,OPERATING,3.0,2.5,,False,0,0.0
lifecycle,42969dc451bbd28e8cd3cb77167facb14a589d75dcd5e0813872ce2c2bbe3f66,20260916,0.11.0,44,service,clocks,False,11,11,POWER#9,POWER,POWER_SERVICE,OPERATING,3.0,2.5,,False,0,0.0
lifecycle,42969dc451bbd28e8cd3cb77167facb14a589d75dcd5e0813872ce2c2bbe3f66,20260916,0.11.0,44,service,clocks,False,11,11,POWER#10,POWER,POWER_SERVICE,OPERATING,3.0,2.5,,False,0,0.0
lifecycle,42969dc451bbd28e8cd3cb77167facb14a589d75dcd5e0813872ce2c2bbe3f66,20260916,0.11.0,44,service,clocks,False,11,11,POWER#11,POWER,POWER_SERVICE,OPERATING,3.0,0.0,,False,0,0.0
lifecycle,42969dc451bbd28e8cd3cb77167facb14a589d75dcd5e0813872ce2c2bbe3f66,20260916,0.11.0,44,service,clocks,False,11,11,POWER#12,POWER,POWER_SERVICE,OPERATING,3.0,0.0,,False,0,0.0
lifecycle,42969dc451bbd28e8cd3cb77167facb14a589d75dcd5e0813872ce2c2bbe3f66,20260916,0.11.0,45,service,clocks,False,10,10,POWER#1,POWER,POWER_SERVICE,OPERATING,3.0,0.0,,False,1,0.0
lifecycle,42969dc451bbd28e8cd3cb77167facb14a589d75dcd5e0813872ce2c2bbe3f66,20260916,0.11.0,45,service,clocks,False,10,10,POWER#2,POWER,POWER_SERVICE,OPERATING,3.0,0.0,,False,1,0.0
lifecycle,42969dc451bbd28e8cd3cb77167facb14a589d75dcd5e0813872ce2c2bbe3f66,20260916,0.11.0,45,service,clocks,False,10,10,POWER#3,POWER,POWER_SERVICE,OPERATING,3.0,0.0,,False,1,0.0
lifecycle,42969dc451bbd28e8cd3cb77167facb14a589d75dcd5e0813872ce2c2bbe3f66,20260916,0.11.0,45,service,clocks,False,10,10,POWER#4,POWER,POWER_SERVICE,OPERATING,3.0,0.0,,False,1,0.0
lifecycle,42969dc451bbd28e8cd3cb77167facb14a589d75dcd5e0813872ce2c2bbe3f66,20260916,0.11.0,45,service,clocks,False,10,10,POWER#7,POWER,POWER_SERVICE,OPERATING,3.0,2.5,,False,0,0.0
lifecycle,42969dc451bbd28e8cd3cb77167facb14a589d75dcd5e0813872ce2c2bbe3f66,20260916,0.11.0,45,service,clocks,False,10,10,POWER#8,POWER,POWER_SERVICE,OPERATING,3.0,2.5,,False,0,0.0
lifecycle,42969dc451bbd28e8cd3cb77167facb14a589d75dcd5e0813872ce2c2bbe3f66,20260916,0.11.0,45,service,clocks,False,10,10,POWER#9,POWER,POWER_SERVICE,OPERATING,3.0,2.5,,False,0,0.0
lifecycle,42969dc451bbd28e8cd3cb77167facb14a589d75dcd5e0813872ce2c2bbe3f66,20260916,0.11.0,45,service,clocks,False,10,10,POWER#10,POWER,POWER_SERVICE,OPERATING,3.0,2.5,,False,0,0.0
lifecycle,42969dc451bbd28e8cd3cb77167facb14a589d75dcd5e0813872ce2c2bbe3f66,20260916,0.11.0,45,service,clocks,False,10,10,POWER#11,POWER,POWER_SERVICE,OPERATING,3.0,0.0,,False,0,0.0
lifecycle,42969dc451bbd28e8cd3cb77167facb14a589d75dcd5e0813872ce2c2bbe3f66,20260916,0.11.0,45,service,clocks,False,10,10,POWER#12,POWER,POWER_SERVICE,OPERATING,3.0,0.0,,False,0,0.0
lifecycle,42969dc451bbd28e8cd3cb77167facb14a589d75dcd5e0813872ce2c2bbe3f66,20260916,0.11.0,46,service,clocks,False,10,10,POWER#2,POWER,POWER_SERVICE,OPERATING,3.0,0.0,,False,1,0.0
lifecycle,42969dc451bbd28e8cd3cb77167facb14a589d75dcd5e0813872ce2c2bbe3f66,20260916,0.11.0,46,service,clocks,False,10,10,POWER#4,POWER,POWER_SERVICE,OPERATING,3.0,0.0,,False,1,0.0
lifecycle,42969dc451bbd28e8cd3cb77167facb14a589d75dcd5e0813872ce2c2bbe3f66,20260916,0.11.0,46,service,clocks,False,10,10,POWER#5,POWER,POWER_SERVICE,OPERATING,3.0,0.0,,False,1,0.0
lifecycle,42969dc451bbd28e8cd3cb77167facb14a589d75dcd5e0813872ce2c2bbe3f66,20260916,0.11.0,46,service,clocks,False,10,10,POWER#7,POWER,POWER_SERVICE,OPERATING,3.0,0.0,,False,1,0.0
lifecycle,42969dc451bbd28e8cd3cb77167facb14a589d75dcd5e0813872ce2c2bbe3f66,20260916,0.11.0,46,service,clocks,False,10,10,POWER#8,POWER,POWER_SERVICE,OPERATING,3.0,0.0,,False,0,0.0
lifecycle,42969dc451bbd28e8cd3cb77167facb14a589d75dcd5e0813872ce2c2bbe3f66,20260916,0.11.0,46,service,clocks,False,10,10,POWER#9,POWER,POWER_SERVICE,OPERATING,3.0,0.0,,False,0,0.0
lifecycle,42969dc451bbd28e8cd3cb77167facb14a589d75dcd5e0813872ce2c2bbe3f66,20260916,0.11.0,46,service,clocks,False,10,10,POWER#10,POWER,POWER_SERVICE,OPERATING,3.0,0.0,,False,0,0.0
lifecycle,42969dc451bbd28e8cd3cb77167facb14a589d75dcd5e0813872ce2c2bbe3f66,20260916,0.11.0,46,service,clocks,False,10,10,POWER#11,POWER,POWER_SERVICE,OPERATING,3.0,0.0,,False,0,0.0
lifecycle,42969dc451bbd28e8cd3cb77167facb14a589d75dcd5e0813872ce2c2bbe3f66,20260916,0.11.0,46,service,clocks,False,10,10,POWER#12,POWER,POWER_SERVICE,OPERATING,3.0,0.0,,False,0,0.0
lifecycle,42969dc451bbd28e8cd3cb77167facb14a589d75dcd5e0813872ce2c2bbe3f66,20260916,0.11.0,46,service,clocks,False,10,10,POWER#13,POWER,POWER_SERVICE,OPERATING,3.0,0.0,,False,0,0.0
lifecycle,42969dc451bbd28e8cd3cb77167facb14a589d75dcd5e0813872ce2c2bbe3f66,20260916,0.11.0,47,service,clocks,False,12,12,POWER#1,POWER,POWER_SERVICE,OPERATING,3.0,0.0,,False,1,0.0
lifecycle,42969dc451bbd28e8cd3cb77167facb14a589d75dcd5e0813872ce2c2bbe3f66,20260916,0.11.0,47,service,clocks,False,12,12,POWER#2,POWER,POWER_SERVICE,OPERATING,3.0,0.0,,False,1,0.0
lifecycle,42969dc451bbd28e8cd3cb77167facb14a589d75dcd5e0813872ce2c2bbe3f66,20260916,0.11.0,47,service,clocks,False,12,12,POWER#4,POWER,POWER_SERVICE,OPERATING,3.0,0.0,,False,1,0.0
lifecycle,42969dc451bbd28e8cd3cb77167facb14a589d75dcd5e0813872ce2c2bbe3f66,20260916,0.11.0,47,service,clocks,False,12,12,POWER#5,POWER,POWER_SERVICE,OPERATING,3.0,0.0,,False,1,0.0
lifecycle,42969dc451bbd28e8cd3cb77167facb14a589d75dcd5e0813872ce2c2bbe3f66,20260916,0.11.0,47,service,clocks,False,12,12,POWER#7,POWER,POWER_SERVICE,OPERATING,3.0,0.0,,False,1,0.0
lifecycle,42969dc451bbd28e8cd3cb77167facb14a589d75dcd5e0813872ce2c2bbe3f66,20260916,0.11.0,47,service,clocks,False,12,12,POWER#8,POWER,POWER_SERVICE,OPERATING,3.0,0.0,,False,0,0.0
lifecycle,42969dc451bbd28e8cd3cb77167facb14a589d75dcd5e0813872ce2c2bbe3f66,20260916,0.11.0,47,service,clocks,False,12,12,POWER#9,POWER,POWER_SERVICE,OPERATING,3.0,2.5,,False,0,0.0
lifecycle,42969dc451bbd28e8cd3cb77167facb14a589d75dcd5e0813872ce2c2bbe3f66,20260916,0.11.0,47,service,clocks,False,12,12,POWER#10,POWER,POWER_SERVICE,OPERATING,3.0,0.0,,False,0,0.0
lifecycle,42969dc451bbd28e8cd3cb77167facb14a589d75dcd5e0813872ce2c2bbe3f66,20260916,0.11.0,47,service,clocks,False,12,12,POWER#11,POWER,POWER_SERVICE,OPERATING,3.0,0.0,,False,0,0.0
lifecycle,42969dc451bbd28e8cd3cb77167facb14a589d75dcd5e0813872ce2c2bbe3f66,20260916,0.11.0,47,service,clocks,False,12,12,POWER#12,POWER,POWER_SERVICE,OPERATING,3.0,0.0,,False,0,0.0
lifecycle,42969dc451bbd28e8cd3cb77167facb14a589d75dcd5e0813872ce2c2bbe3f66,20260916,0.11.0,47,service,clocks,False,12,12,POWER#13,POWER,POWER_SERVICE,OPERATING,3.0,0.0,,False,0,0.0
lifecycle,42969dc451bbd28e8cd3cb77167facb14a589d75dcd5e0813872ce2c2bbe3f66,20260916,0.11.0,47,service,clocks,False,12,12,POWER#14,POWER,POWER_SERVICE,OPERATING,3.0,0.0,,False,0,0.0
lifecycle,42969dc451bbd28e8cd3cb77167facb14a589d75dcd5e0813872ce2c2bbe3f66,20260916,0.11.0,48,service,clocks,False,11,11,POWER#2,POWER,POWER_SERVICE,OPERATING,3.0,0.0,,False,1,0.0
lifecycle,42969dc451bbd28e8cd3cb77167facb14a589d75dcd5e0813872ce2c2bbe3f66,20260916,0.11.0,48,service,clocks,False,11,11,POWER#3,POWER,POWER_SERVICE,OPERATING,3.0,0.0,,False,1,0.0
lifecycle,42969dc451bbd28e8cd3cb77167facb14a589d75dcd5e0813872ce2c2bbe3f66,20260916,0.11.0,48,service,clocks,False,11,11,POWER#7,POWER,POWER_SERVICE,OPERATING,3.0,2.5,,False,0,0.0
lifecycle,42969dc451bbd28e8cd3cb77167facb14a589d75dcd5e0813872ce2c2bbe3f66,20260916,0.11.0,48,service,clocks,False,11,11,POWER#8,POWER,POWER_SERVICE,OPERATING,3.0,2.5,,False,0,0.0
lifecycle,42969dc451bbd28e8cd3cb77167facb14a589d75dcd5e0813872ce2c2bbe3f66,20260916,0.11.0,48,service,clocks,False,11,11,POWER#9,POWER,POWER_SERVICE,OPERATING,3.0,0.0,,False,0,0.0
lifecycle,42969dc451bbd28e8cd3cb77167facb14a589d75dcd5e0813872ce2c2bbe3f66,20260916,0.11.0,48,service,clocks,False,11,11,POWER#10,POWER,POWER_SERVICE,OPERATING,3.0,0.0,,False,0,0.0
lifecycle,42969dc451bbd28e8cd3cb77167facb14a589d75dcd5e0813872ce2c2bbe3f66,20260916,0.11.0,48,service,clocks,False,11,11,POWER#11,POWER,POWER_SERVICE,OPERATING,3.0,0.0,,False,0,0.0
lifecycle,42969dc451bbd28e8cd3cb77167facb14a589d75dcd5e0813872ce2c2bbe3f66,20260916,0.11.0,48,service,clocks,False,11,11,POWER#12,POWER,POWER_SERVICE,OPERATING,3.0,0.0,,False,0,0.0
lifecycle,42969dc451bbd28e8cd3cb77167facb14a589d75dcd5e0813872ce2c2bbe3f66,20260916,0.11.0,48,service,clocks,False,11,11,POWER#13,POWER,POWER_SERVICE,OPERATING,3.0,0.0,,False,0,0.0
lifecycle,42969dc451bbd28e8cd3cb77167facb14a589d75dcd5e0813872ce2c2bbe3f66,20260916,0.11.0,48,service,clocks,False,11,11,POWER#14,POWER,POWER_SERVICE,OPERATING,3.0,0.0,,False,0,0.0
lifecycle,42969dc451bbd28e8cd3cb77167facb14a589d75dcd5e0813872ce2c2bbe3f66,20260916,0.11.0,48,service,clocks,False,11,11,POWER#15,POWER,POWER_SERVICE,OPERATING,3.0,0.0,,False,0,0.0
lifecycle,42969dc451bbd28e8cd3cb77167facb14a589d75dcd5e0813872ce2c2bbe3f66,20260916,0.11.0,49,service,clocks,False,11,11,POWER#1,POWER,POWER_SERVICE,OPERATING,3.0,0.0,,False,1,0.0
lifecycle,42969dc451bbd28e8cd3cb77167facb14a589d75dcd5e0813872ce2c2bbe3f66,20260916,0.11.0,49,service,clocks,False,11,11,POWER#2,POWER,POWER_SERVICE,OPERATING,3.0,0.0,,False,1,0.0
lifecycle,42969dc451bbd28e8cd3cb77167facb14a589d75dcd5e0813872ce2c2bbe3f66,20260916,0.11.0,49,service,clocks,False,11,11,POWER#4,POWER,POWER_SERVICE,OPERATING,3.0,0.0,,False,1,0.0
lifecycle,42969dc451bbd28e8cd3cb77167facb14a589d75dcd5e0813872ce2c2bbe3f66,20260916,0.11.0,49,service,clocks,False,11,11,POWER#7,POWER,POWER_SERVICE,OPERATING,3.0,2.5,,False,0,0.0
lifecycle,42969dc451bbd28e8cd3cb77167facb14a589d75dcd5e0813872ce2c2bbe3f66,20260916,0.11.0,49,service,clocks,False,11,11,POWER#8,POWER,POWER_SERVICE,OPERATING,3.0,2.5,,False,0,0.0
lifecycle,42969dc451bbd28e8cd3cb77167facb14a589d75dcd5e0813872ce2c2bbe3f66,20260916,0.11.0,49,service,clocks,False,11,11,POWER#9,POWER,POWER_SERVICE,OPERATING,3.0,2.5,,False,0,0.0
lifecycle,42969dc451bbd28e8cd3cb77167facb14a589d75dcd5e0813872ce2c2bbe3f66,20260916,0.11.0,49,service,clocks,False,11,11,POWER#10,POWER,POWER_SERVICE,OPERATING,3.0,0.0,,False,0,0.0
lifecycle,42969dc451bbd28e8cd3cb77167facb14a589d75dcd5e0813872ce2c2bbe3f66,20260916,0.11.0,49,service,clocks,False,11,11,POWER#11,POWER,POWER_SERVICE,OPERATING,3.0,0.0,,False,0,0.0
lifecycle,42969dc451bbd28e8cd3cb77167facb14a589d75dcd5e0813872ce2c2bbe3f66,20260916,0.11.0,49,service,clocks,False,11,11,POWER#12,POWER,POWER_SERVICE,OPERATING,3.0,0.0,,False,0,0.0
lifecycle,42969dc451bbd28e8cd3cb77167facb14a589d75dcd5e0813872ce2c2bbe3f66,20260916,0.11.0,49,service,clocks,False,11,11,POWER#13,POWER,POWER_SERVICE,OPERATING,3.0,0.0,,False,0,0.0
lifecycle,42969dc451bbd28e8cd3cb77167facb14a589d75dcd5e0813872ce2c2bbe3f66,20260916,0.11.0,49,service,clocks,False,11,11,POWER#14,POWER,POWER_SERVICE,OPERATING,3.0,0.0,,False,0,0.0
lifecycle,42969dc451bbd28e8cd3cb77167facb14a589d75dcd5e0813872ce2c2bbe3f66,20260916,0.11.0,50,service,clocks,False,11,11,POWER#2,POWER,POWER_SERVICE,OPERATING,3.0,0.0,,False,1,0.0
lifecycle,42969dc451bbd28e8cd3cb77167facb14a589d75dcd5e0813872ce2c2bbe3f66,20260916,0.11.0,50,service,clocks,False,11,11,POWER#3,POWER,POWER_SERVICE,OPERATING,3.0,0.0,,False,1,0.0
lifecycle,42969dc451bbd28e8cd3cb77167facb14a589d75dcd5e0813872ce2c2bbe3f66,20260916,0.11.0,50,service,clocks,False,11,11,POWER#4,POWER,POWER_SERVICE,OPERATING,3.0,0.0,,False,1,0.0
lifecycle,42969dc451bbd28e8cd3cb77167facb14a589d75dcd5e0813872ce2c2bbe3f66,20260916,0.11.0,50,service,clocks,False,11,11,POWER#5,POWER,POWER_SERVICE,OPERATING,3.0,0.0,,False,1,0.0
lifecycle,42969dc451bbd28e8cd3cb77167facb14a589d75dcd5e0813872ce2c2bbe3f66,20260916,0.11.0,50,service,clocks,False,11,11,POWER#7,POWER,POWER_SERVICE,OPERATING,3.0,0.0,,False,0,0.0
lifecycle,42969dc451bbd28e8cd3cb77167facb14a589d75dcd5e0813872ce2c2bbe3f66,20260916,0.11.0,50,service,clocks,False,11,11,POWER#8,POWER,POWER_SERVICE,OPERATING,3.0,1.8959321605028805,,False,0,0.0
lifecycle,42969dc451bbd28e8cd3cb77167facb14a589d75dcd5e0813872ce2c2bbe3f66,20260916,0.11.0,50,service,clocks,False,11,11,POWER#9,POWER,POWER_SERVICE,OPERATING,3.0,0.0,,False,0,0.0
lifecycle,42969dc451bbd28e8cd3cb77167facb14a589d75dcd5e0813872ce2c2bbe3f66,20260916,0.11.0,50,service,clocks,False,11,11,POWER#10,POWER,POWER_SERVICE,OPERATING,3.0,0.0,,False,0,0.0
lifecycle,42969dc451bbd28e8cd3cb77167facb14a589d75dcd5e0813872ce2c2bbe3f66,20260916,0.11.0,50,service,clocks,False,11,11,POWER#11,POWER,POWER_SERVICE,OPERATING,3.0,0.0,,False,0,0.0
lifecycle,42969dc451bbd28e8cd3cb77167facb14a589d75dcd5e0813872ce2c2bbe3f66,20260916,0.11.0,50,service,clocks,False,11,11,POWER#12,POWER,POWER_SERVICE,OPERATING,3.0,0.0,,False,0,0.0
lifecycle,42969dc451bbd28e8cd3cb77167facb14a589d75dcd5e0813872ce2c2bbe3f66,20260916,0.11.0,50,service,clocks,False,11,11,POWER#13,POWER,POWER_SERVICE,OPERATING,3.0,0.0,,False,0,0.0
lifecycle,42969dc451bbd28e8cd3cb77167facb14a589d75dcd5e0813872ce2c2bbe3f66,20260916,0.11.0,51,service,clocks,False,10,10,POWER#1,POWER,POWER_SERVICE,OPERATING,3.0,0.0,,False,1,0.0
lifecycle,42969dc451bbd28e8cd3cb77167facb14a589d75dcd5e0813872ce2c2bbe3f66,20260916,0.11.0,51,service,clocks,False,10,10,POWER#2,POWER,POWER_SERVICE,OPERATING,3.0,0.0,,False,1,0.0
lifecycle,42969dc451bbd28e8cd3cb77167facb14a589d75dcd5e0813872ce2c2bbe3f66,20260916,0.11.0,51,service,clocks,False,10,10,POWER#5,POWER,POWER_SERVICE,OPERATING,3.0,0.0,,False,1,0.0
lifecycle,42969dc451bbd28e8cd3cb77167facb14a589d75dcd5e0813872ce2c2bbe3f66,20260916,0.11.0,51,service,clocks,False,10,10,POWER#6,POWER,POWER_SERVICE,OPERATING,3.0,0.0,,False,1,0.0
lifecycle,42969dc451bbd28e8cd3cb77167facb14a589d75dcd5e0813872ce2c2bbe3f66,20260916,0.11.0,51,service,clocks,False,10,10,POWER#7,POWER,POWER_SERVICE,OPERATING,3.0,0.0,,False,1,0.0
lifecycle,42969dc451bbd28e8cd3cb77167facb14a589d75dcd5e0813872ce2c2bbe3f66,20260916,0.11.0,51,service,clocks,False,10,10,POWER#8,POWER,POWER_SERVICE,OPERATING,3.0,0.0,,False,1,0.0
lifecycle,42969dc451bbd28e8cd3cb77167facb14a589d75dcd5e0813872ce2c2bbe3f66,20260916,0.11.0,51,service,clocks,False,10,10,POWER#9,POWER,POWER_SERVICE,OPERATING,3.0,0.0,,False,0,0.0
lifecycle,42969dc451bbd28e8cd3cb77167facb14a589d75dcd5e0813872ce2c2bbe3f66,20260916,0.11.0,51,service,clocks,False,10,10,POWER#10,POWER,POWER_SERVICE,OPERATING,3.0,0.0,,False,0,0.0
lifecycle,42969dc451bbd28e8cd3cb77167facb14a589d75dcd5e0813872ce2c2bbe3f66,20260916,0.11.0,51,service,clocks,False,10,10,POWER#11,POWER,POWER_SERVICE,OPERATING,3.0,0.0,,False,0,0.0
lifecycle,42969dc451bbd28e8cd3cb77167facb14a589d75dcd5e0813872ce2c2bbe3f66,20260916,0.11.0,51,service,clocks,False,10,10,POWER#12,POWER,POWER_SERVICE,OPERATING,3.0,0.0,,False,0,0.0
lifecycle,42969dc451bbd28e8cd3cb77167facb14a589d75dcd5e0813872ce2c2bbe3f66,20260916,0.11.0,52,service,clocks,False,10,10,POWER#3,POWER,POWER_SERVICE,OPERATING,3.0,0.0,,False,1,0.0
lifecycle,42969dc451bbd28e8cd3cb77167facb14a589d75dcd5e0813872ce2c2bbe3f66,20260916,0.11.0,52,service,clocks,False,10,10,POWER#4,POWER,POWER_SERVICE,OPERATING,3.0,0.0,,False,1,0.0
lifecycle,42969dc451bbd28e8cd3cb77167facb14a589d75dcd5e0813872ce2c2bbe3f66,20260916,0.11.0,52,service,clocks,False,10,10,POWER#5,POWER,POWER_SERVICE,OPERATING,3.0,0.0,,False,1,0.0
lifecycle,42969dc451bbd28e8cd3cb77167facb14a589d75dcd5e0813872ce2c2bbe3f66,20260916,0.11.0,52,service,clocks,False,10,10,POWER#7,POWER,POWER_SERVICE,OPERATING,3.0,0.0,,False,1,0.0
lifecycle,42969dc451bbd28e8cd3cb77167facb14a589d75dcd5e0813872ce2c2bbe3f66,20260916,0.11.0,52,service,clocks,False,10,10,POWER#8,POWER,POWER_SERVICE,OPERATING,3.0,2.5,,False,0,0.0
lifecycle,42969dc451bbd28e8cd3cb77167facb14a589d75dcd5e0813872ce2c2bbe3f66,20260916,0.11.0,52,service,clocks,False,10,10,POWER#9,POWER,POWER_SERVICE,OPERATING,3.0,0.0,,False,0,0.0
lifecycle,42969dc451bbd28e8cd3cb77167facb14a589d75dcd5e0813872ce2c2bbe3f66,20260916,0.11.0,52,service,clocks,False,10,10,POWER#10,POWER,POWER_SERVICE,OPERATING,3.0,0.0,,False,0,0.0
lifecycle,42969dc451bbd28e8cd3cb77167facb14a589d75dcd5e0813872ce2c2bbe3f66,20260916,0.11.0,52,service,clocks,False,10,10,POWER#11,POWER,POWER_SERVICE,OPERATING,3.0,0.0,,False,0,0.0
lifecycle,42969dc451bbd28e8cd3cb77167facb14a589d75dcd5e0813872ce2c2bbe3f66,20260916,0.11.0,52,service,clocks,False,10,10,POWER#12,POWER,POWER_SERVICE,OPERATING,3.0,0.0,,False,0,0.0
lifecycle,42969dc451bbd28e8cd3cb77167facb14a589d75dcd5e0813872ce2c2bbe3f66,20260916,0.11.0,52,service,clocks,False,10,10,POWER#13,POWER,POWER_SERVICE,OPERATING,3.0,0.0,,False,0,0.0
lifecycle,42969dc451bbd28e8cd3cb77167facb14a589d75dcd5e0813872ce2c2bbe3f66,20260916,0.11.0,53,service,clocks,False,11,11,POWER#1,POWER,POWER_SERVICE,OPERATING,3.0,0.0,,False,1,0.0
lifecycle,42969dc451bbd28e8cd3cb77167facb14a589d75dcd5e0813872ce2c2bbe3f66,20260916,0.11.0,53,service,clocks,False,11,11,POWER#2,POWER,POWER_SERVICE,OPERATING,3.0,0.0,,False,1,0.0
lifecycle,42969dc451bbd28e8cd3cb77167facb14a589d75dcd5e0813872ce2c2bbe3f66,20260916,0.11.0,53,service,clocks,False,11,11,POWER#3,POWER,POWER_SERVICE,OPERATING,3.0,0.0,,False,1,0.0
lifecycle,42969dc451bbd28e8cd3cb77167facb14a589d75dcd5e0813872ce2c2bbe3f66,20260916,0.11.0,53,service,clocks,False,11,11,POWER#5,POWER,POWER_SERVICE,OPERATING,3.0,0.0,,False,1,0.0
lifecycle,42969dc451bbd28e8cd3cb77167facb14a589d75dcd5e0813872ce2c2bbe3f66,20260916,0.11.0,53,service,clocks,False,11,11,POWER#6,POWER,POWER_SERVICE,OPERATING,3.0,0.0,,False,1,0.0
lifecycle,42969dc451bbd28e8cd3cb77167facb14a589d75dcd5e0813872ce2c2bbe3f66,20260916,0.11.0,53,service,clocks,False,11,11,POWER#7,POWER,POWER_SERVICE,OPERATING,3.0,0.0,,False,1,0.0
lifecycle,42969dc451bbd28e8cd3cb77167facb14a589d75dcd5e0813872ce2c2bbe3f66,20260916,0.11.0,53,service,clocks,False,11,11,POWER#8,POWER,POWER_SERVICE,OPERATING,3.0,0.0,,False,1,0.0
lifecycle,42969dc451bbd28e8cd3cb77167facb14a589d75dcd5e0813872ce2c2bbe3f66,20260916,0.11.0,53,service,clocks,False,11,11,POWER#9,POWER,POWER_SERVICE,OPERATING,3.0,2.5,,False,0,0.0
lifecycle,42969dc451bbd28e8cd3cb77167facb14a589d75dcd5e0813872ce2c2bbe3f66,20260916,0.11.0,53,service,clocks,False,11,11,POWER#10,POWER,POWER_SERVICE,OPERATING,3.0,0.0,,False,0,0.0
lifecycle,42969dc451bbd28e8cd3cb77167facb14a589d75dcd5e0813872ce2c2bbe3f66,20260916,0.11.0,53,service,clocks,False,11,11,POWER#11,POWER,POWER_SERVICE,OPERATING,3.0,0.0,,False,0,0.0
lifecycle,42969dc451bbd28e8cd3cb77167facb14a589d75dcd5e0813872ce2c2bbe3f66,20260916,0.11.0,53,service,clocks,False,11,11,POWER#12,POWER,POWER_SERVICE,OPERATING,3.0,0.0,,False,0,0.0
lifecycle,42969dc451bbd28e8cd3cb77167facb14a589d75dcd5e0813872ce2c2bbe3f66,20260916,0.11.0,54,service,clocks,False,11,11,POWER#1,POWER,POWER_SERVICE,OPERATING,3.0,0.0,,False,1,0.0
lifecycle,42969dc451bbd28e8cd3cb77167facb14a589d75dcd5e0813872ce2c2bbe3f66,20260916,0.11.0,54,service,clocks,False,11,11,POWER#2,POWER,POWER_SERVICE,OPERATING,3.0,0.0,,False,1,0.0
lifecycle,42969dc451bbd28e8cd3cb77167facb14a589d75dcd5e0813872ce2c2bbe3f66,20260916,0.11.0,54,service,clocks,False,11,11,POWER#3,POWER,POWER_SERVICE,OPERATING,3.0,0.0,,False,1,0.0
lifecycle,42969dc451bbd28e8cd3cb77167facb14a589d75dcd5e0813872ce2c2bbe3f66,20260916,0.11.0,54,service,clocks,False,11,11,POWER#4,POWER,POWER_SERVICE,OPERATING,3.0,0.0,,False,1,0.0
lifecycle,42969dc451bbd28e8cd3cb77167facb14a589d75dcd5e0813872ce2c2bbe3f66,20260916,0.11.0,54,service,clocks,False,11,11,POWER#6,POWER,POWER_SERVICE,OPERATING,3.0,0.0,,False,1,0.0
lifecycle,42969dc451bbd28e8cd3cb77167facb14a589d75dcd5e0813872ce2c2bbe3f66,20260916,0.11.0,54,service,clocks,False,11,11,POWER#7,POWER,POWER_SERVICE,OPERATING,3.0,0.0,,False,1,0.0
lifecycle,42969dc451bbd28e8cd3cb77167facb14a589d75dcd5e0813872ce2c2bbe3f66,20260916,0.11.0,54,service,clocks,False,11,11,POWER#8,POWER,POWER_SERVICE,OPERATING,3.0,2.5,,False,0,0.0
lifecycle,42969dc451bbd28e8cd3cb77167facb14a589d75dcd5e0813872ce2c2bbe3f66,20260916,0.11.0,54,service,clocks,False,11,11,POWER#9,POWER,POWER_SERVICE,OPERATING,3.0,2.5,,False,0,0.0
lifecycle,42969dc451bbd28e8cd3cb77167facb14a589d75dcd5e0813872ce2c2bbe3f66,20260916,0.11.0,54,service,clocks,False,11,11,POWER#10,POWER,POWER_SERVICE,OPERATING,3.0,2.5,,False,0,0.0
lifecycle,42969dc451bbd28e8cd3cb77167facb14a589d75dcd5e0813872ce2c2bbe3f66,20260916,0.11.0,54,service,clocks,False,11,11,POWER#11,POWER,POWER_SERVICE,OPERATING,3.0,0.0,,False,0,0.0
lifecycle,42969dc451bbd28e8cd3cb77167facb14a589d75dcd5e0813872ce2c2bbe3f66,20260916,0.11.0,54,service,clocks,False,11,11,POWER#12,POWER,POWER_SERVICE,OPERATING,3.0,0.0,,False,0,0.0
lifecycle,42969dc451bbd28e8cd3cb77167facb14a589d75dcd5e0813872ce2c2bbe3f66,20260916,0.11.0,55,service,clocks,False,10,10,POWER#2,POWER,POWER_SERVICE,OPERATING,3.0,0.0,,False,1,0.0
lifecycle,42969dc451bbd28e8cd3cb77167facb14a589d75dcd5e0813872ce2c2bbe3f66,20260916,0.11.0,55,service,clocks,False,10,10,POWER#4,POWER,POWER_SERVICE,OPERATING,3.0,0.0,,False,1,0.0
lifecycle,42969dc451bbd28e8cd3cb77167facb14a589d75dcd5e0813872ce2c2bbe3f66,20260916,0.11.0,55,service,clocks,False,10,10,POWER#6,POWER,POWER_SERVICE,OPERATING,3.0,0.0,,False,0,0.0
lifecycle,42969dc451bbd28e8cd3cb77167facb14a589d75dcd5e0813872ce2c2bbe3f66,20260916,0.11.0,55,service,clocks,False,10,10,POWER#7,POWER,POWER_SERVICE,OPERATING,3.0,0.0,,False,1,0.0
lifecycle,42969dc451bbd28e8cd3cb77167facb14a589d75dcd5e0813872ce2c2bbe3f66,20260916,0.11.0,55,service,clocks,False,10,10,POWER#8,POWER,POWER_SERVICE,OPERATING,3.0,2.5,,False,0,0.0
lifecycle,42969dc451bbd28e8cd3cb77167facb14a589d75dcd5e0813872ce2c2bbe3f66,20260916,0.11.0,55,service,clocks,False,10,10,POWER#9,POWER,POWER_SERVICE,OPERATING,3.0,2.5,,False,0,0.0
lifecycle,42969dc451bbd28e8cd3cb77167facb14a589d75dcd5e0813872ce2c2bbe3f66,20260916,0.11.0,55,service,clocks,False,10,10,POWER#10,POWER,POWER_SERVICE,OPERATING,3.0,0.0,,False,0,0.0
lifecycle,42969dc451bbd28e8cd3cb77167facb14a589d75dcd5e0813872ce2c2bbe3f66,20260916,0.11.0,55,service,clocks,False,10,10,POWER#11,POWER,POWER_SERVICE,OPERATING,3.0,0.0,,False,0,0.0
lifecycle,42969dc451bbd28e8cd3cb77167facb14a589d75dcd5e0813872ce2c2bbe3f66,20260916,0.11.0,55,service,clocks,False,10,10,POWER#12,POWER,POWER_SERVICE,OPERATING,3.0,0.0,,False,0,0.0
lifecycle,42969dc451bbd28e8cd3cb77167facb14a589d75dcd5e0813872ce2c2bbe3f66,20260916,0.11.0,55,service,clocks,False,10,10,POWER#13,POWER,POWER_SERVICE,OPERATING,3.0,0.0,,False,0,0.0
lifecycle,42969dc451bbd28e8cd3cb77167facb14a589d75dcd5e0813872ce2c2bbe3f66,20260916,0.11.0,56,service,clocks,False,11,11,POWER#2,POWER,POWER_SERVICE,OPERATING,3.0,0.0,,False,1,0.0
lifecycle,42969dc451bbd28e8cd3cb77167facb14a589d75dcd5e0813872ce2c2bbe3f66,20260916,0.11.0,56,service,clocks,False,11,11,POWER#4,POWER,POWER_SERVICE,OPERATING,3.0,0.0,,False,1,0.0
lifecycle,42969dc451bbd28e8cd3cb77167facb14a589d75dcd5e0813872ce2c2bbe3f66,20260916,0.11.0,56,service,clocks,False,11,11,POWER#6,POWER,POWER_SERVICE,OPERATING,3.0,0.0,,False,1,0.0
lifecycle,42969dc451bbd28e8cd3cb77167facb14a589d75dcd5e0813872ce2c2bbe3f66,20260916,0.11.0,56,service,clocks,False,11,11,POWER#7,POWER,POWER_SERVICE,OPERATING,3.0,0.0,,False,1,0.0
lifecycle,42969dc451bbd28e8cd3cb77167facb14a589d75dcd5e0813872ce2c2bbe3f66,20260916,0.11.0,56,service,clocks,False,11,11,POWER#8,POWER,POWER_SERVICE,OPERATING,3.0,2.5,,False,0,0.0
lifecycle,42969dc451bbd28e8cd3cb77167facb14a589d75dcd5e0813872ce2c2bbe3f66,20260916,0.11.0,56,service,clocks,False,11,11,POWER#9,POWER,POWER_SERVICE,OPERATING,3.0,0.0,,False,0,0.0
lifecycle,42969dc451bbd28e8cd3cb77167facb14a589d75dcd5e0813872ce2c2bbe3f66,20260916,0.11.0,56,service,clocks,False,11,11,POWER#10,POWER,POWER_SERVICE,OPERATING,3.0,0.0,,False,0,0.0
lifecycle,42969dc451bbd28e8cd3cb77167facb14a589d75dcd5e0813872ce2c2bbe3f66,20260916,0.11.0,56,service,clocks,False,11,11,POWER#11,POWER,POWER_SERVICE,OPERATING,3.0,0.0,,False,0,0.0
lifecycle,42969dc451bbd28e8cd3cb77167facb14a589d75dcd5e0813872ce2c2bbe3f66,20260916,0.11.0,56,service,clocks,False,11,11,POWER#12,POWER,POWER_SERVICE,OPERATING,3.0,0.0,,False,0,0.0
lifecycle,42969dc451bbd28e8cd3cb77167facb14a589d75dcd5e0813872ce2c2bbe3f66,20260916,0.11.0,56,service,clocks,False,11,11,POWER#13,POWER,POWER_SERVICE,OPERATING,3.0,0.0,,False,0,0.0
lifecycle,42969dc451bbd28e8cd3cb77167facb14a589d75dcd5e0813872ce2c2bbe3f66,20260916,0.11.0,56,service,clocks,False,11,11,POWER#14,POWER,POWER_SERVICE,OPERATING,3.0,0.0,,False,0,0.0
lifecycle,42969dc451bbd28e8cd3cb77167facb14a589d75dcd5e0813872ce2c2bbe3f66,20260916,0.11.0,57,service,clocks,False,11,11,POWER#1,POWER,POWER_SERVICE,OPERATING,3.0,0.0,,False,1,0.0
lifecycle,42969dc451bbd28e8cd3cb77167facb14a589d75dcd5e0813872ce2c2bbe3f66,20260916,0.11.0,57,service,clocks,False,11,11,POWER#2,POWER,POWER_SERVICE,OPERATING,3.0,0.0,,False,0,0.0
lifecycle,42969dc451bbd28e8cd3cb77167facb14a589d75dcd5e0813872ce2c2bbe3f66,20260916,0.11.0,57,service,clocks,False,11,11,POWER#4,POWER,POWER_SERVICE,OPERATING,3.0,0.0,,False,1,0.0
lifecycle,42969dc451bbd28e8cd3cb77167facb14a589d75dcd5e0813872ce2c2bbe3f66,20260916,0.11.0,57,service,clocks,False,11,11,POWER#5,POWER,POWER_SERVICE,OPERATING,3.0,0.0,,False,1,0.0
lifecycle,42969dc451bbd28e8cd3cb77167facb14a589d75dcd5e0813872ce2c2bbe3f66,20260916,0.11.0,57,service,clocks,False,11,11,POWER#7,POWER,POWER_SERVICE,OPERATING,3.0,0.0,,False,1,0.0
lifecycle,42969dc451bbd28e8cd3cb77167facb14a589d75dcd5e0813872ce2c2bbe3f66,20260916,0.11.0,57,service,clocks,False,11,11,POWER#8,POWER,POWER_SERVICE,OPERATING,3.0,2.5,,False,0,0.0
lifecycle,42969dc451bbd28e8cd3cb77167facb14a589d75dcd5e0813872ce2c2bbe3f66,20260916,0.11.0,57,service,clocks,False,11,11,POWER#9,POWER,POWER_SERVICE,OPERATING,3.0,2.5,,False,0,0.0
lifecycle,42969dc451bbd28e8cd3cb77167facb14a589d75dcd5e0813872ce2c2bbe3f66,20260916,0.11.0,57,service,clocks,False,11,11,POWER#10,POWER,POWER_SERVICE,OPERATING,3.0,0.0,,False,0,0.0
lifecycle,42969dc451bbd28e8cd3cb77167facb14a589d75dcd5e0813872ce2c2bbe3f66,20260916,0.11.0,57,service,clocks,False,11,11,POWER#11,POWER,POWER_SERVICE,OPERATING,3.0,0.0,,False,0,0.0
lifecycle,42969dc451bbd28e8cd3cb77167facb14a589d75dcd5e0813872ce2c2bbe3f66,20260916,0.11.0,57,service,clocks,False,11,11,POWER#12,POWER,POWER_SERVICE,OPERATING,3.0,0.0,,False,0,0.0
lifecycle,42969dc451bbd28e8cd3cb77167facb14a589d75dcd5e0813872ce2c2bbe3f66,20260916,0.11.0,57,service,clocks,False,11,11,POWER#13,POWER,POWER_SERVICE,OPERATING,3.0,0.0,,False,0,0.0
lifecycle,42969dc451bbd28e8cd3cb77167facb14a589d75dcd5e0813872ce2c2bbe3f66,20260916,0.11.0,58,service,clocks,False,10,10,POWER#2,POWER,POWER_SERVICE,OPERATING,3.0,0.0,,False,1,0.0
lifecycle,42969dc451bbd28e8cd3cb77167facb14a589d75dcd5e0813872ce2c2bbe3f66,20260916,0.11.0,58,service,clocks,False,10,10,POWER#3,POWER,POWER_SERVICE,OPERATING,3.0,0.0,,False,1,0.0
lifecycle,42969dc451bbd28e8cd3cb77167facb14a589d75dcd5e0813872ce2c2bbe3f66,20260916,0.11.0,58,service,clocks,False,10,10,POWER#4,POWER,POWER_SERVICE,OPERATING,3.0,0.0,,False,1,0.0
lifecycle,42969dc451bbd28e8cd3cb77167facb14a589d75dcd5e0813872ce2c2bbe3f66,20260916,0.11.0,58,service,clocks,False,10,10,POWER#6,POWER,POWER_SERVICE,OPERATING,3.0,0.0,,False,1,0.0
lifecycle,42969dc451bbd28e8cd3cb77167facb14a589d75dcd5e0813872ce2c2bbe3f66,20260916,0.11.0,58,service,clocks,False,10,10,POWER#7,POWER,POWER_SERVICE,OPERATING,3.0,0.0,,False,1,0.0
lifecycle,42969dc451bbd28e8cd3cb77167facb14a589d75dcd5e0813872ce2c2bbe3f66,20260916,0.11.0,58,service,clocks,False,10,10,POWER#8,POWER,POWER_SERVICE,OPERATING,3.0,2.5,,False,0,0.0
lifecycle,42969dc451bbd28e8cd3cb77167facb14a589d75dcd5e0813872ce2c2bbe3f66,20260916,0.11.0,58,service,clocks,False,10,10,POWER#9,POWER,POWER_SERVICE,OPERATING,3.0,2.5,,False,0,0.0
lifecycle,42969dc451bbd28e8cd3cb77167facb14a589d75dcd5e0813872ce2c2bbe3f66,20260916,0.11.0,58,service,clocks,False,10,10,POWER#10,POWER,POWER_SERVICE,OPERATING,3.0,0.0,,False,0,0.0
lifecycle,42969dc451bbd28e8cd3cb77167facb14a589d75dcd5e0813872ce2c2bbe3f66,20260916,0.11.0,58,service,clocks,False,10,10,POWER#11,POWER,POWER_SERVICE,OPERATING,3.0,0.0,,False,0,0.0
lifecycle,42969dc451bbd28e8cd3cb77167facb14a589d75dcd5e0813872ce2c2bbe3f66,20260916,0.11.0,58,service,clocks,False,10,10,POWER#12,POWER,POWER_SERVICE,OPERATING,3.0,0.0,,False,0,0.0
lifecycle,42969dc451bbd28e8cd3cb77167facb14a589d75dcd5e0813872ce2c2bbe3f66,20260916,0.11.0,59,service,clocks,False,11,11,POWER#1,POWER,POWER_SERVICE,OPERATING,3.0,2.984156242581193,,False,0,0.0
lifecycle,42969dc451bbd28e8cd3cb77167facb14a589d75dcd5e0813872ce2c2bbe3f66,20260916,0.11.0,59,service,clocks,False,11,11,POWER#2,POWER,POWER_SERVICE,OPERATING,3.0,0.0,,False,1,0.0
lifecycle,42969dc451bbd28e8cd3cb77167facb14a589d75dcd5e0813872ce2c2bbe3f66,20260916,0.11.0,59,service,clocks,False,11,11,POWER#6,POWER,POWER_SERVICE,OPERATING,3.0,0.0,,False,1,0.0
lifecycle,42969dc451bbd28e8cd3cb77167facb14a589d75dcd5e0813872ce2c2bbe3f66,20260916,0.11.0,59,service,clocks,False,11,11,POWER#7,POWER,POWER_SERVICE,OPERATING,3.0,0.0,,False,1,0.0
lifecycle,42969dc451bbd28e8cd3cb77167facb14a589d75dcd5e0813872ce2c2bbe3f66,20260916,0.11.0,59,service,clocks,False,11,11,POWER#8,POWER,POWER_SERVICE,OPERATING,3.0,0.0,,False,0,0.0
lifecycle,42969dc451bbd28e8cd3cb77167facb14a589d75dcd5e0813872ce2c2bbe3f66,20260916,0.11.0,59,service,clocks,False,11,11,POWER#9,POWER,POWER_SERVICE,OPERATING,3.0,0.0,,False,0,0.0
lifecycle,42969dc451bbd28e8cd3cb77167facb14a589d75dcd5e0813872ce2c2bbe3f66,20260916,0.11.0,59,service,clocks,False,11,11,POWER#10,POWER,POWER_SERVICE,OPERATING,3.0,0.0,,False,0,0.0
lifecycle,42969dc451bbd28e8cd3cb77167facb14a589d75dcd5e0813872ce2c2bbe3f66,20260916,0.11.0,59,service,clocks,False,11,11,POWER#11,POWER,POWER_SERVICE,OPERATING,3.0,0.0,,False,0,0.0
lifecycle,42969dc451bbd28e8cd3cb77167facb14a589d75dcd5e0813872ce2c2bbe3f66,20260916,0.11.0,59,service,clocks,False,11,11,POWER#12,POWER,POWER_SERVICE,OPERATING,3.0,0.0,,False,0,0.0
lifecycle,42969dc451bbd28e8cd3cb77167facb14a589d75dcd5e0813872ce2c2bbe3f66,20260916,0.11.0,59,service,clocks,False,11,11,POWER#13,POWER,POWER_SERVICE,OPERATING,3.0,0.0,,False,0,0.0
lifecycle,42969dc451bbd28e8cd3cb77167facb14a589d75dcd5e0813872ce2c2bbe3f66,20260916,0.11.0,59,service,clocks,False,11,11,POWER#14,POWER,POWER_SERVICE,OPERATING,3.0,0.0,,False,0,0.0
lifecycle,42969dc451bbd28e8cd3cb77167facb14a589d75dcd5e0813872ce2c2bbe3f66,20260916,0.11.0,60,service,clocks,False,11,11,POWER#1,POWER,POWER_SERVICE,OPERATING,3.0,0.0,,False,1,0.0
lifecycle,42969dc451bbd28e8cd3cb77167facb14a589d75dcd5e0813872ce2c2bbe3f66,20260916,0.11.0,60,service,clocks,False,11,11,POWER#2,POWER,POWER_SERVICE,OPERATING,3.0,0.0,,False,1,0.0
lifecycle,42969dc451bbd28e8cd3cb77167facb14a589d75dcd5e0813872ce2c2bbe3f66,20260916,0.11.0,60,service,clocks,False,11,11,POWER#3,POWER,POWER_SERVICE,OPERATING,3.0,0.0,,False,1,0.0
lifecycle,42969dc451bbd28e8cd3cb77167facb14a589d75dcd5e0813872ce2c2bbe3f66,20260916,0.11.0,60,service,clocks,False,11,11,POWER#7,POWER,POWER_SERVICE,OPERATING,3.0,2.5,,False,0,0.0
lifecycle,42969dc451bbd28e8cd3cb77167facb14a589d75dcd5e0813872ce2c2bbe3f66,20260916,0.11.0,60,service,clocks,False,11,11,POWER#8,POWER,POWER_SERVICE,OPERATING,3.0,2.5,,False,0,0.0
lifecycle,42969dc451bbd28e8cd3cb77167facb14a589d75dcd5e0813872ce2c2bbe3f66,20260916,0.11.0,60,service,clocks,False,11,11,POWER#9,POWER,POWER_SERVICE,OPERATING,3.0,2.5,,False,0,0.0
lifecycle,42969dc451bbd28e8cd3cb77167facb14a589d75dcd5e0813872ce2c2bbe3f66,20260916,0.11.0,60,service,clocks,False,11,11,POWER#10,POWER,POWER_SERVICE,OPERATING,3.0,0.0,,False,0,0.0
lifecycle,42969dc451bbd28e8cd3cb77167facb14a589d75dcd5e0813872ce2c2bbe3f66,20260916,0.11.0,60,service,clocks,False,11,11,POWER#11,POWER,POWER_SERVICE,OPERATING,3.0,0.0,,False,0,0.0
lifecycle,42969dc451bbd28e8cd3cb77167facb14a589d75dcd5e0813872ce2c2bbe3f66,20260916,0.11.0,60,service,clocks,False,11,11,POWER#12,POWER,POWER_SERVICE,OPERATING,3.0,0.0,,False,0,0.0
lifecycle,42969dc451bbd28e8cd3cb77167facb14a589d75dcd5e0813872ce2c2bbe3f66,20260916,0.11.0,60,service,clocks,False,11,11,POWER#13,POWER,POWER_SERVICE,OPERATING,3.0,0.0,,False,0,0.0
lifecycle,42969dc451bbd28e8cd3cb77167facb14a589d75dcd5e0813872ce2c2bbe3f66,20260916,0.11.0,60,service,clocks,False,11,11,POWER#14,POWER,POWER_SERVICE,OPERATING,3.0,0.0,,False,0,0.0
lifecycle,42969dc451bbd28e8cd3cb77167facb14a589d75dcd5e0813872ce2c2bbe3f66,20260916,0.11.0,61,service,clocks,False,10,10,POWER#3,POWER,POWER_SERVICE,OPERATING,3.0,0.0,,False,0,0.0
lifecycle,42969dc451bbd28e8cd3cb77167facb14a589d75dcd5e0813872ce2c2bbe3f66,20260916,0.11.0,61,service,clocks,False,10,10,POWER#4,POWER,POWER_SERVICE,OPERATING,3.0,0.0,,False,1,0.0
lifecycle,42969dc451bbd28e8cd3cb77167facb14a589d75dcd5e0813872ce2c2bbe3f66,20260916,0.11.0,61,service,clocks,False,10,10,POWER#5,POWER,POWER_SERVICE,OPERATING,3.0,0.0,,False,1,0.0
lifecycle,42969dc451bbd28e8cd3cb77167facb14a589d75dcd5e0813872ce2c2bbe3f66,20260916,0.11.0,61,service,clocks,False,10,10,POWER#7,POWER,POWER_SERVICE,OPERATING,3.0,0.0,,False,1,0.0
lifecycle,42969dc451bbd28e8cd3cb77167facb14a589d75dcd5e0813872ce2c2bbe3f66,20260916,0.11.0,61,service,clocks,False,10,10,POWER#8,POWER,POWER_SERVICE,OPERATING,3.0,2.5,,False,0,0.0
lifecycle,42969dc451bbd28e8cd3cb77167facb14a589d75dcd5e0813872ce2c2bbe3f66,20260916,0.11.0,61,service,clocks,False,10,10,POWER#9,POWER,POWER_SERVICE,OPERATING,3.0,2.5,,False,0,0.0
lifecycle,42969dc451bbd28e8cd3cb77167facb14a589d75dcd5e0813872ce2c2bbe3f66,20260916,0.11.0,61,service,clocks,False,10,10,POWER#10,POWER,POWER_SERVICE,OPERATING,3.0,0.0,,False,0,0.0
lifecycle,42969dc451bbd28e8cd3cb77167facb14a589d75dcd5e0813872ce2c2bbe3f66,20260916,0.11.0,61,service,clocks,False,10,10,POWER#11,POWER,POWER_SERVICE,OPERATING,3.0,0.0,,False,0,0.0
lifecycle,42969dc451bbd28e8cd3cb77167facb14a589d75dcd5e0813872ce2c2bbe3f66,20260916,0.11.0,61,service,clocks,False,10,10,POWER#12,POWER,POWER_SERVICE,OPERATING,3.0,0.0,,False,0,0.0
lifecycle,42969dc451bbd28e8cd3cb77167facb14a589d75dcd5e0813872ce2c2bbe3f66,20260916,0.11.0,61,service,clocks,False,10,10,POWER#13,POWER,POWER_SERVICE,OPERATING,3.0,0.0,,False,0,0.0
lifecycle,42969dc451bbd28e8cd3cb77167facb14a589d75dcd5e0813872ce2c2bbe3f66,20260916,0.11.0,62,service,clocks,False,10,10,POWER#1,POWER,POWER_SERVICE,OPERATING,3.0,0.0,,False,1,0.0
lifecycle,42969dc451bbd28e8cd3cb77167facb14a589d75dcd5e0813872ce2c2bbe3f66,20260916,0.11.0,62,service,clocks,False,10,10,POWER#2,POWER,POWER_SERVICE,OPERATING,3.0,0.0,,False,1,0.0
lifecycle,42969dc451bbd28e8cd3cb77167facb14a589d75dcd5e0813872ce2c2bbe3f66,20260916,0.11.0,62,service,clocks,False,10,10,POWER#5,POWER,POWER_SERVICE,OPERATING,3.0,0.0,,False,1,0.0
lifecycle,42969dc451bbd28e8cd3cb77167facb14a589d75dcd5e0813872ce2c2bbe3f66,20260916,0.11.0,62,service,clocks,False,10,10,POWER#7,POWER,POWER_SERVICE,OPERATING,3.0,0.0,,False,0,0.0
lifecycle,42969dc451bbd28e8cd3cb77167facb14a589d75dcd5e0813872ce2c2bbe3f66,20260916,0.11.0,62,service,clocks,False,10,10,POWER#8,POWER,POWER_SERVICE,OPERATING,3.0,2.5,,False,0,0.0
lifecycle,42969dc451bbd28e8cd3cb77167facb14a589d75dcd5e0813872ce2c2bbe3f66,20260916,0.11.0,62,service,clocks,False,10,10,POWER#9,POWER,POWER_SERVICE,OPERATING,3.0,2.5,,False,0,0.0
lifecycle,42969dc451bbd28e8cd3cb77167facb14a589d75dcd5e0813872ce2c2bbe3f66,20260916,0.11.0,62,service,clocks,False,10,10,POWER#10,POWER,POWER_SERVICE,OPERATING,3.0,0.0,,False,0,0.0
lifecycle,42969dc451bbd28e8cd3cb77167facb14a589d75dcd5e0813872ce2c2bbe3f66,20260916,0.11.0,62,service,clocks,False,10,10,POWER#11,POWER,POWER_SERVICE,OPERATING,3.0,0.0,,False,0,0.0
lifecycle,42969dc451bbd28e8cd3cb77167facb14a589d75dcd5e0813872ce2c2bbe3f66,20260916,0.11.0,62,service,clocks,False,10,10,POWER#12,POWER,POWER_SERVICE,OPERATING,3.0,0.0,,False,0,0.0
lifecycle,42969dc451bbd28e8cd3cb77167facb14a589d75dcd5e0813872ce2c2bbe3f66,20260916,0.11.0,62,service,clocks,False,10,10,POWER#13,POWER,POWER_SERVICE,OPERATING,3.0,0.0,,False,0,0.0
lifecycle,42969dc451bbd28e8cd3cb77167facb14a589d75dcd5e0813872ce2c2bbe3f66,20260916,0.11.0,63,service,clocks,False,10,10,POWER#1,POWER,POWER_SERVICE,OPERATING,3.0,0.0,,False,1,0.0
lifecycle,42969dc451bbd28e8cd3cb77167facb14a589d75dcd5e0813872ce2c2bbe3f66,20260916,0.11.0,63,service,clocks,False,10,10,POWER#2,POWER,POWER_SERVICE,OPERATING,3.0,0.0,,False,1,0.0
lifecycle,42969dc451bbd28e8cd3cb77167facb14a589d75dcd5e0813872ce2c2bbe3f66,20260916,0.11.0,63,service,clocks,False,10,10,POWER#3,POWER,POWER_SERVICE,OPERATING,3.0,0.0,,False,1,0.0
lifecycle,42969dc451bbd28e8cd3cb77167facb14a589d75dcd5e0813872ce2c2bbe3f66,20260916,0.11.0,63,service,clocks,False,10,10,POWER#5,POWER,POWER_SERVICE,OPERATING,3.0,0.0,,False,0,0.0
lifecycle,42969dc451bbd28e8cd3cb77167facb14a589d75dcd5e0813872ce2c2bbe3f66,20260916,0.11.0,63,service,clocks,False,10,10,POWER#7,POWER,POWER_SERVICE,OPERATING,3.0,0.0,,False,1,0.0
lifecycle,42969dc451bbd28e8cd3cb77167facb14a589d75dcd5e0813872ce2c2bbe3f66,20260916,0.11.0,63,service,clocks,False,10,10,POWER#8,POWER,POWER_SERVICE,OPERATING,3.0,2.5,,False,0,0.0
lifecycle,42969dc451bbd28e8cd3cb77167facb14a589d75dcd5e0813872ce2c2bbe3f66,20260916,0.11.0,63,service,clocks,False,10,10,POWER#9,POWER,POWER_SERVICE,OPERATING,3.0,0.0,,False,0,0.0
lifecycle,42969dc451bbd28e8cd3cb77167facb14a589d75dcd5e0813872ce2c2bbe3f66,20260916,0.11.0,63,service,clocks,False,10,10,POWER#10,POWER,POWER_SERVICE,OPERATING,3.0,0.0,,False,0,0.0
lifecycle,42969dc451bbd28e8cd3cb77167facb14a589d75dcd5e0813872ce2c2bbe3f66,20260916,0.11.0,63,service,clocks,False,10,10,POWER#11,POWER,POWER_SERVICE,OPERATING,3.0,0.0,,False,0,0.0
lifecycle,42969dc451bbd28e8cd3cb77167facb14a589d75dcd5e0813872ce2c2bbe3f66,20260916,0.11.0,63,service,clocks,False,10,10,POWER#12,POWER,POWER_SERVICE,OPERATING,3.0,0.0,,False,0,0.0
lifecycle,42969dc451bbd28e8cd3cb77167facb14a589d75dcd5e0813872ce2c2bbe3f66,20260916,0.11.0,64,service,clocks,False,11,11,POWER#1,POWER,POWER_SERVICE,OPERATING,3.0,0.0,,False,1,0.0
lifecycle,42969dc451bbd28e8cd3cb77167facb14a589d75dcd5e0813872ce2c2bbe3f66,20260916,0.11.0,64,service,clocks,False,11,11,POWER#3,POWER,POWER_SERVICE,OPERATING,3.0,0.0,,False,1,0.0
lifecycle,42969dc451bbd28e8cd3cb77167facb14a589d75dcd5e0813872ce2c2bbe3f66,20260916,0.11.0,64,service,clocks,False,11,11,POWER#4,POWER,POWER_SERVICE,OPERATING,3.0,0.0,,False,1,0.0
lifecycle,42969dc451bbd28e8cd3cb77167facb14a589d75dcd5e0813872ce2c2bbe3f66,20260916,0.11.0,64,service,clocks,False,11,11,POWER#5,POWER,POWER_SERVICE,OPERATING,3.0,0.0,,False,1,0.0
lifecycle,42969dc451bbd28e8cd3cb77167facb14a589d75dcd5e0813872ce2c2bbe3f66,20260916,0.11.0,64,service,clocks,False,11,11,POWER#6,POWER,POWER_SERVICE,OPERATING,3.0,0.0,,False,1,0.0
lifecycle,42969dc451bbd28e8cd3cb77167facb14a589d75dcd5e0813872ce2c2bbe3f66,20260916,0.11.0,64,service,clocks,False,11,11,POWER#7,POWER,POWER_SERVICE,OPERATING,3.0,0.0,,False,1,0.0
lifecycle,42969dc451bbd28e8cd3cb77167facb14a589d75dcd5e0813872ce2c2bbe3f66,20260916,0.11.0,64,service,clocks,False,11,11,POWER#8,POWER,POWER_SERVICE,OPERATING,3.0,0.0,,False,1,0.0
lifecycle,42969dc451bbd28e8cd3cb77167facb14a589d75dcd5e0813872ce2c2bbe3f66,20260916,0.11.0,64,service,clocks,False,11,11,POWER#9,POWER,POWER_SERVICE,OPERATING,3.0,0.0,,False,0,0.0
lifecycle,42969dc451bbd28e8cd3cb77167facb14a589d75dcd5e0813872ce2c2bbe3f66,20260916,0.11.0,64,service,clocks,False,11,11,POWER#10,POWER,POWER_SERVICE,OPERATING,3.0,0.0,,False,0,0.0
lifecycle,42969dc451bbd28e8cd3cb77167facb14a589d75dcd5e0813872ce2c2bbe3f66,20260916,0.11.0,64,service,clocks,False,11,11,POWER#11,POWER,POWER_SERVICE,OPERATING,3.0,0.0,,False,0,0.0
lifecycle,42969dc451bbd28e8cd3cb77167facb14a589d75dcd5e0813872ce2c2bbe3f66,20260916,0.11.0,64,service,clocks,False,11,11,POWER#12,POWER,POWER_SERVICE,OPERATING,3.0,0.0,,False,0,0.0
lifecycle,42969dc451bbd28e8cd3cb77167facb14a589d75dcd5e0813872ce2c2bbe3f66,20260916,0.11.0,65,service,clocks,False,11,11,POWER#2,POWER,POWER_SERVICE,OPERATING,3.0,0.0,,False,1,0.0
lifecycle,42969dc451bbd28e8cd3cb77167facb14a589d75dcd5e0813872ce2c2bbe3f66,20260916,0.11.0,65,service,clocks,False,11,11,POWER#3,POWER,POWER_SERVICE,OPERATING,3.0,0.0,,False,1,0.0
lifecycle,42969dc451bbd28e8cd3cb77167facb14a589d75dcd5e0813872ce2c2bbe3f66,20260916,0.11.0,65,service,clocks,False,11,11,POWER#4,POWER,POWER_SERVICE,OPERATING,3.0,0.0,,False,1,0.0
lifecycle,42969dc451bbd28e8cd3cb77167facb14a589d75dcd5e0813872ce2c2bbe3f66,20260916,0.11.0,65,service,clocks,False,11,11,POWER#5,POWER,POWER_SERVICE,OPERATING,3.0,0.0,,False,1,0.0
lifecycle,42969dc451bbd28e8cd3cb77167facb14a589d75dcd5e0813872ce2c2bbe3f66,20260916,0.11.0,65,service,clocks,False,11,11,POWER#6,POWER,POWER_SERVICE,OPERATING,3.0,0.0,,False,1,0.0
lifecycle,42969dc451bbd28e8cd3cb77167facb14a589d75dcd5e0813872ce2c2bbe3f66,20260916,0.11.0,65,service,clocks,False,11,11,POWER#7,POWER,POWER_SERVICE,OPERATING,3.0,0.0,,False,1,0.0
lifecycle,42969dc451bbd28e8cd3cb77167facb14a589d75dcd5e0813872ce2c2bbe3f66,20260916,0.11.0,65,service,clocks,False,11,11,POWER#8,POWER,POWER_SERVICE,OPERATING,3.0,0.0,,False,1,0.0
lifecycle,42969dc451bbd28e8cd3cb77167facb14a589d75dcd5e0813872ce2c2bbe3f66,20260916,0.11.0,65,service,clocks,False,11,11,POWER#9,POWER,POWER_SERVICE,OPERATING,3.0,2.5,,False,0,0.0
lifecycle,42969dc451bbd28e8cd3cb77167facb14a589d75dcd5e0813872ce2c2bbe3f66,20260916,0.11.0,65,service,clocks,False,11,11,POWER#10,POWER,POWER_SERVICE,OPERATING,3.0,0.0,,False,0,0.0
lifecycle,42969dc451bbd28e8cd3cb77167facb14a589d75dcd5e0813872ce2c2bbe3f66,20260916,0.11.0,65,service,clocks,False,11,11,POWER#11,POWER,POWER_SERVICE,OPERATING,3.0,0.0,,False,0,0.0
lifecycle,42969dc451bbd28e8cd3cb77167facb14a589d75dcd5e0813872ce2c2bbe3f66,20260916,0.11.0,65,service,clocks,False,11,11,POWER#12,POWER,POWER_SERVICE,OPERATING,3.0,0.0,,False,0,0.0
lifecycle,42969dc451bbd28e8cd3cb77167facb14a589d75dcd5e0813872ce2c2bbe3f66,20260916,0.11.0,66,service,clocks,False,11,11,POWER#1,POWER,POWER_SERVICE,OPERATING,3.0,0.0,,False,1,0.0
lifecycle,42969dc451bbd28e8cd3cb77167facb14a589d75dcd5e0813872ce2c2bbe3f66,20260916,0.11.0,66,service,clocks,False,11,11,POWER#2,POWER,POWER_SERVICE,OPERATING,3.0,0.0,,False,1,0.0
lifecycle,42969dc451bbd28e8cd3cb77167facb14a589d75dcd5e0813872ce2c2bbe3f66,20260916,0.11.0,66,service,clocks,False,11,11,POWER#5,POWER,POWER_SERVICE,OPERATING,3.0,0.0,,False,1,0.0
lifecycle,42969dc451bbd28e8cd3cb77167facb14a589d75dcd5e0813872ce2c2bbe3f66,20260916,0.11.0,66,service,clocks,False,11,11,POWER#6,POWER,POWER_SERVICE,OPERATING,3.0,0.0,,False,1,0.0
lifecycle,42969dc451bbd28e8cd3cb77167facb14a589d75dcd5e0813872ce2c2bbe3f66,20260916,0.11.0,66,service,clocks,False,11,11,POWER#7,POWER,POWER_SERVICE,OPERATING,3.0,0.0,,False,1,0.0
lifecycle,42969dc451bbd28e8cd3cb77167facb14a589d75dcd5e0813872ce2c2bbe3f66,20260916,0.11.0,66,service,clocks,False,11,11,POWER#8,POWER,POWER_SERVICE,OPERATING,3.0,2.5,,False,0,0.0
lifecycle,42969dc451bbd28e8cd3cb77167facb14a589d75dcd5e0813872ce2c2bbe3f66,20260916,0.11.0,66,service,clocks,False,11,11,POWER#9,POWER,POWER_SERVICE,OPERATING,3.0,0.0,,False,0,0.0
lifecycle,42969dc451bbd28e8cd3cb77167facb14a589d75dcd5e0813872ce2c2bbe3f66,20260916,0.11.0,66,service,clocks,False,11,11,POWER#10,POWER,POWER_SERVICE,OPERATING,3.0,0.0,,False,0,0.0
lifecycle,42969dc451bbd28e8cd3cb77167facb14a589d75dcd5e0813872ce2c2bbe3f66,20260916,0.11.0,66,service,clocks,False,11,11,POWER#11,POWER,POWER_SERVICE,OPERATING,3.0,0.0,,False,0,0.0
lifecycle,42969dc451bbd28e8cd3cb77167facb14a589d75dcd5e0813872ce2c2bbe3f66,20260916,0.11.0,66,service,clocks,False,11,11,POWER#12,POWER,POWER_SERVICE,OPERATING,3.0,0.0,,False,0,0.0
lifecycle,42969dc451bbd28e8cd3cb77167facb14a589d75dcd5e0813872ce2c2bbe3f66,20260916,0.11.0,66,service,clocks,False,11,11,POWER#13,POWER,POWER_SERVICE,OPERATING,3.0,0.0,,False,0,0.0
lifecycle,42969dc451bbd28e8cd3cb77167facb14a589d75dcd5e0813872ce2c2bbe3f66,20260916,0.11.0,67,service,clocks,False,11,11,POWER#1,POWER,POWER_SERVICE,OPERATING,3.0,0.0,,False,1,0.0
lifecycle,42969dc451bbd28e8cd3cb77167facb14a589d75dcd5e0813872ce2c2bbe3f66,20260916,0.11.0,67,service,clocks,False,11,11,POWER#2,POWER,POWER_SERVICE,OPERATING,3.0,0.0,,False,1,0.0
lifecycle,42969dc451bbd28e8cd3cb77167facb14a589d75dcd5e0813872ce2c2bbe3f66,20260916,0.11.0,67,service,clocks,False,11,11,POWER#3,POWER,POWER_SERVICE,OPERATING,3.0,0.0,,False,1,0.0
lifecycle,42969dc451bbd28e8cd3cb77167facb14a589d75dcd5e0813872ce2c2bbe3f66,20260916,0.11.0,67,service,clocks,False,11,11,POWER#7,POWER,POWER_SERVICE,OPERATING,3.0,2.5,,False,0,0.0
lifecycle,42969dc451bbd28e8cd3cb77167facb14a589d75dcd5e0813872ce2c2bbe3f66,20260916,0.11.0,67,service,clocks,False,11,11,POWER#8,POWER,POWER_SERVICE,OPERATING,3.0,0.0,,False,0,0.0
lifecycle,42969dc451bbd28e8cd3cb77167facb14a589d75dcd5e0813872ce2c2bbe3f66,20260916,0.11.0,67,service,clocks,False,11,11,POWER#9,POWER,POWER_SERVICE,OPERATING,3.0,0.0,,False,0,0.0
lifecycle,42969dc451bbd28e8cd3cb77167facb14a589d75dcd5e0813872ce2c2bbe3f66,20260916,0.11.0,67,service,clocks,False,11,11,POWER#10,POWER,POWER_SERVICE,OPERATING,3.0,0.0,,False,0,0.0
lifecycle,42969dc451bbd28e8cd3cb77167facb14a589d75dcd5e0813872ce2c2bbe3f66,20260916,0.11.0,67,service,clocks,False,11,11,POWER#11,POWER,POWER_SERVICE,OPERATING,3.0,0.0,,False,0,0.0
lifecycle,42969dc451bbd28e8cd3cb77167facb14a589d75dcd5e0813872ce2c2bbe3f66,20260916,0.11.0,67,service,clocks,False,11,11,POWER#12,POWER,POWER_SERVICE,OPERATING,3.0,0.0,,False,0,0.0
lifecycle,42969dc451bbd28e8cd3cb77167facb14a589d75dcd5e0813872ce2c2bbe3f66,20260916,0.11.0,67,service,clocks,False,11,11,POWER#13,POWER,POWER_SERVICE,OPERATING,3.0,0.0,,False,0,0.0
lifecycle,42969dc451bbd28e8cd3cb77167facb14a589d75dcd5e0813872ce2c2bbe3f66,20260916,0.11.0,67,service,clocks,False,11,11,POWER#14,POWER,POWER_SERVICE,OPERATING,3.0,0.0,,False,0,0.0
lifecycle,42969dc451bbd28e8cd3cb77167facb14a589d75dcd5e0813872ce2c2bbe3f66,20260916,0.11.0,68,service,clocks,False,11,11,POWER#1,POWER,POWER_SERVICE,OPERATING,3.0,0.0,,False,1,0.0
lifecycle,42969dc451bbd28e8cd3cb77167facb14a589d75dcd5e0813872ce2c2bbe3f66,20260916,0.11.0,68,service,clocks,False,11,11,POWER#2,POWER,POWER_SERVICE,OPERATING,3.0,2.5,,False,0,0.0
lifecycle,42969dc451bbd28e8cd3cb77167facb14a589d75dcd5e0813872ce2c2bbe3f66,20260916,0.11.0,68,service,clocks,False,11,11,POWER#4,POWER,POWER_SERVICE,OPERATING,3.0,0.0,,False,1,0.0
lifecycle,42969dc451bbd28e8cd3cb77167facb14a589d75dcd5e0813872ce2c2bbe3f66,20260916,0.11.0,68,service,clocks,False,11,11,POWER#5,POWER,POWER_SERVICE,OPERATING,3.0,0.0,,False,1,0.0
lifecycle,42969dc451bbd28e8cd3cb77167facb14a589d75dcd5e0813872ce2c2bbe3f66,20260916,0.11.0,68,service,clocks,False,11,11,POWER#6,POWER,POWER_SERVICE,OPERATING,3.0,0.0,,False,1,0.0
lifecycle,42969dc451bbd28e8cd3cb77167facb14a589d75dcd5e0813872ce2c2bbe3f66,20260916,0.11.0,68,service,clocks,False,11,11,POWER#7,POWER,POWER_SERVICE,OPERATING,3.0,0.0,,False,1,0.0
lifecycle,42969dc451bbd28e8cd3cb77167facb14a589d75dcd5e0813872ce2c2bbe3f66,20260916,0.11.0,68,service,clocks,False,11,11,POWER#8,POWER,POWER_SERVICE,OPERATING,3.0,0.0,,False,1,0.0
lifecycle,42969dc451bbd28e8cd3cb77167facb14a589d75dcd5e0813872ce2c2bbe3f66,20260916,0.11.0,68,service,clocks,False,11,11,POWER#9,POWER,POWER_SERVICE,OPERATING,3.0,2.5,,False,0,0.0
lifecycle,42969dc451bbd28e8cd3cb77167facb14a589d75dcd5e0813872ce2c2bbe3f66,20260916,0.11.0,68,service,clocks,False,11,11,POWER#10,POWER,POWER_SERVICE,OPERATING,3.0,0.0,,False,0,0.0
lifecycle,42969dc451bbd28e8cd3cb77167facb14a589d75dcd5e0813872ce2c2bbe3f66,20260916,0.11.0,68,service,clocks,False,11,11,POWER#11,POWER,POWER_SERVICE,OPERATING,3.0,0.0,,False,0,0.0
lifecycle,42969dc451bbd28e8cd3cb77167facb14a589d75dcd5e0813872ce2c2bbe3f66,20260916,0.11.0,68,service,clocks,False,11,11,POWER#12,POWER,POWER_SERVICE,OPERATING,3.0,0.0,,False,0,0.0
lifecycle,42969dc451bbd28e8cd3cb77167facb14a589d75dcd5e0813872ce2c2bbe3f66,20260916,0.11.0,69,service,clocks,False,11,11,POWER#1,POWER,POWER_SERVICE,OPERATING,3.0,0.0,,False,1,0.0
lifecycle,42969dc451bbd28e8cd3cb77167facb14a589d75dcd5e0813872ce2c2bbe3f66,20260916,0.11.0,69,service,clocks,False,11,11,POWER#2,POWER,POWER_SERVICE,OPERATING,3.0,0.0,,False,0,0.0
lifecycle,42969dc451bbd28e8cd3cb77167facb14a589d75dcd5e0813872ce2c2bbe3f66,20260916,0.11.0,69,service,clocks,False,11,11,POWER#3,POWER,POWER_SERVICE,OPERATING,3.0,0.0,,False,1,0.0
lifecycle,42969dc451bbd28e8cd3cb77167facb14a589d75dcd5e0813872ce2c2bbe3f66,20260916,0.11.0,69,service,clocks,False,11,11,POWER#5,POWER,POWER_SERVICE,OPERATING,3.0,0.0,,False,1,0.0
lifecycle,42969dc451bbd28e8cd3cb77167facb14a589d75dcd5e0813872ce2c2bbe3f66,20260916,0.11.0,69,service,clocks,False,11,11,POWER#6,POWER,POWER_SERVICE,OPERATING,3.0,0.0,,False,1,0.0
lifecycle,42969dc451bbd28e8cd3cb77167facb14a589d75dcd5e0813872ce2c2bbe3f66,20260916,0.11.0,69,service,clocks,False,11,11,POWER#7,POWER,POWER_SERVICE,OPERATING,3.0,2.660056560428174,,False,0,0.0
lifecycle,42969dc451bbd28e8cd3cb77167facb14a589d75dcd5e0813872ce2c2bbe3f66,20260916,0.11.0,69,service,clocks,False,11,11,POWER#8,POWER,POWER_SERVICE,OPERATING,3.0,0.0,,False,1,0.0
lifecycle,42969dc451bbd28e8cd3cb77167facb14a589d75dcd5e0813872ce2c2bbe3f66,20260916,0.11.0,69,service,clocks,False,11,11,POWER#9,POWER,POWER_SERVICE,OPERATING,3.0,2.5,,False,0,0.0
lifecycle,42969dc451bbd28e8cd3cb77167facb14a589d75dcd5e0813872ce2c2bbe3f66,20260916,0.11.0,69,service,clocks,False,11,11,POWER#10,POWER,POWER_SERVICE,OPERATING,3.0,2.5,,False,0,0.0
lifecycle,42969dc451bbd28e8cd3cb77167facb14a589d75dcd5e0813872ce2c2bbe3f66,20260916,0.11.0,69,service,clocks,False,11,11,POWER#11,POWER,POWER_SERVICE,OPERATING,3.0,0.0,,False,0,0.0
lifecycle,42969dc451bbd28e8cd3cb77167facb14a589d75dcd5e0813872ce2c2bbe3f66,20260916,0.11.0,69,service,clocks,False,11,11,POWER#12,POWER,POWER_SERVICE,OPERATING,3.0,0.0,,False,0,0.0
lifecycle,42969dc451bbd28e8cd3cb77167facb14a589d75dcd5e0813872ce2c2bbe3f66,20260916,0.11.0,70,service,clocks,False,10,10,POWER#1,POWER,POWER_SERVICE,OPERATING,3.0,0.0,,False,1,0.0
lifecycle,42969dc451bbd28e8cd3cb77167facb14a589d75dcd5e0813872ce2c2bbe3f66,20260916,0.11.0,70,service,clocks,False,10,10,POWER#3,POWER,POWER_SERVICE,OPERATING,3.0,0.0,,False,1,0.0
lifecycle,42969dc451bbd28e8cd3cb77167facb14a589d75dcd5e0813872ce2c2bbe3f66,20260916,0.11.0,70,service,clocks,False,10,10,POWER#4,POWER,POWER_SERVICE,OPERATING,3.0,0.0,,False,1,0.0
lifecycle,42969dc451bbd28e8cd3cb77167facb14a589d75dcd5e0813872ce2c2bbe3f66,20260916,0.11.0,70,service,clocks,False,10,10,POWER#7,POWER,POWER_SERVICE,OPERATING,3.0,2.5,,False,0,0.0
lifecycle,42969dc451bbd28e8cd3cb77167facb14a589d75dcd5e0813872ce2c2bbe3f66,20260916,0.11.0,70,service,clocks,False,10,10,POWER#8,POWER,POWER_SERVICE,OPERATING,3.0,2.5,,False,0,0.0
lifecycle,42969dc451bbd28e8cd3cb77167facb14a589d75dcd5e0813872ce2c2bbe3f66,20260916,0.11.0,70,service,clocks,False,10,10,POWER#9,POWER,POWER_SERVICE,OPERATING,3.0,2.5,,False,0,0.0
lifecycle,42969dc451bbd28e8cd3cb77167facb14a589d75dcd5e0813872ce2c2bbe3f66,20260916,0.11.0,70,service,clocks,False,10,10,POWER#10,POWER,POWER_SERVICE,OPERATING,3.0,0.0,,False,0,0.0
lifecycle,42969dc451bbd28e8cd3cb77167facb14a589d75dcd5e0813872ce2c2bbe3f66,20260916,0.11.0,70,service,clocks,False,10,10,POWER#11,POWER,POWER_SERVICE,OPERATING,3.0,0.0,,False,0,0.0
lifecycle,42969dc451bbd28e8cd3cb77167facb14a589d75dcd5e0813872ce2c2bbe3f66,20260916,0.11.0,70,service,clocks,False,10,10,POWER#12,POWER,POWER_SERVICE,OPERATING,3.0,0.0,,False,0,0.0
lifecycle,42969dc451bbd28e8cd3cb77167facb14a589d75dcd5e0813872ce2c2bbe3f66,20260916,0.11.0,70,service,clocks,False,10,10,POWER#13,POWER,POWER_SERVICE,OPERATING,3.0,0.0,,False,0,0.0
lifecycle,42969dc451bbd28e8cd3cb77167facb14a589d75dcd5e0813872ce2c2bbe3f66,20260916,0.11.0,71,service,clocks,False,10,10,POWER#1,POWER,POWER_SERVICE,OPERATING,3.0,0.0,,False,1,0.0
lifecycle,42969dc451bbd28e8cd3cb77167facb14a589d75dcd5e0813872ce2c2bbe3f66,20260916,0.11.0,71,service,clocks,False,10,10,POWER#2,POWER,POWER_SERVICE,OPERATING,3.0,0.0,,False,1,0.0
lifecycle,42969dc451bbd28e8cd3cb77167facb14a589d75dcd5e0813872ce2c2bbe3f66,20260916,0.11.0,71,service,clocks,False,10,10,POWER#4,POWER,POWER_SERVICE,OPERATING,3.0,0.0,,False,1,0.0
lifecycle,42969dc451bbd28e8cd3cb77167facb14a589d75dcd5e0813872ce2c2bbe3f66,20260916,0.11.0,71,service,clocks,False,10,10,POWER#7,POWER,POWER_SERVICE,OPERATING,3.0,2.5,,False,0,0.0
lifecycle,42969dc451bbd28e8cd3cb77167facb14a589d75dcd5e0813872ce2c2bbe3f66,20260916,0.11.0,71,service,clocks,False,10,10,POWER#8,POWER,POWER_SERVICE,OPERATING,3.0,0.0,,False,0,0.0
lifecycle,42969dc451bbd28e8cd3cb77167facb14a589d75dcd5e0813872ce2c2bbe3f66,20260916,0.11.0,71,service,clocks,False,10,10,POWER#9,POWER,POWER_SERVICE,OPERATING,3.0,0.0,,False,0,0.0
lifecycle,42969dc451bbd28e8cd3cb77167facb14a589d75dcd5e0813872ce2c2bbe3f66,20260916,0.11.0,71,service,clocks,False,10,10,POWER#10,POWER,POWER_SERVICE,OPERATING,3.0,0.0,,False,0,0.0
lifecycle,42969dc451bbd28e8cd3cb77167facb14a589d75dcd5e0813872ce2c2bbe3f66,20260916,0.11.0,71,service,clocks,False,10,10,POWER#11,POWER,POWER_SERVICE,OPERATING,3.0,0.0,,False,0,0.0
lifecycle,42969dc451bbd28e8cd3cb77167facb14a589d75dcd5e0813872ce2c2bbe3f66,20260916,0.11.0,71,service,clocks,False,10,10,POWER#12,POWER,POWER_SERVICE,OPERATING,3.0,0.0,,False,0,0.0
lifecycle,42969dc451bbd28e8cd3cb77167facb14a589d75dcd5e0813872ce2c2bbe3f66,20260916,0.11.0,71,service,clocks,False,10,10,POWER#13,POWER,POWER_SERVICE,OPERATING,3.0,0.0,,False,0,0.0
lifecycle,42969dc451bbd28e8cd3cb77167facb14a589d75dcd5e0813872ce2c2bbe3f66,20260916,0.11.0,72,service,clocks,False,10,10,POWER#1,POWER,POWER_SERVICE,OPERATING,3.0,0.0,,False,1,0.0
lifecycle,42969dc451bbd28e8cd3cb77167facb14a589d75dcd5e0813872ce2c2bbe3f66,20260916,0.11.0,72,service,clocks,False,10,10,POWER#2,POWER,POWER_SERVICE,OPERATING,3.0,0.0,,False,1,0.0
lifecycle,42969dc451bbd28e8cd3cb77167facb14a589d75dcd5e0813872ce2c2bbe3f66,20260916,0.11.0,72,service,clocks,False,10,10,POWER#4,POWER,POWER_SERVICE,OPERATING,3.0,0.0,,False,1,0.0
lifecycle,42969dc451bbd28e8cd3cb77167facb14a589d75dcd5e0813872ce2c2bbe3f66,20260916,0.11.0,72,service,clocks,False,10,10,POWER#5,POWER,POWER_SERVICE,OPERATING,3.0,0.0,,False,1,0.0
lifecycle,42969dc451bbd28e8cd3cb77167facb14a589d75dcd5e0813872ce2c2bbe3f66,20260916,0.11.0,72,service,clocks,False,10,10,POWER#6,POWER,POWER_SERVICE,OPERATING,3.0,0.0,,False,1,0.0
lifecycle,42969dc451bbd28e8cd3cb77167facb14a589d75dcd5e0813872ce2c2bbe3f66,20260916,0.11.0,72,service,clocks,False,10,10,POWER#7,POWER,POWER_SERVICE,OPERATING,3.0,0.0,,False,1,0.0
lifecycle,42969dc451bbd28e8cd3cb77167facb14a589d75dcd5e0813872ce2c2bbe3f66,20260916,0.11.0,72,service,clocks,False,10,10,POWER#8,POWER,POWER_SERVICE,OPERATING,3.0,2.5,,False,0,0.0
lifecycle,42969dc451bbd28e8cd3cb77167facb14a589d75dcd5e0813872ce2c2bbe3f66,20260916,0.11.0,72,service,clocks,False,10,10,POWER#9,POWER,POWER_SERVICE,OPERATING,3.0,2.5,,False,0,0.0
lifecycle,42969dc451bbd28e8cd3cb77167facb14a589d75dcd5e0813872ce2c2bbe3f66,20260916,0.11.0,72,service,clocks,False,10,10,POWER#10,POWER,POWER_SERVICE,OPERATING,3.0,0.0,,False,0,0.0
lifecycle,42969dc451bbd28e8cd3cb77167facb14a589d75dcd5e0813872ce2c2bbe3f66,20260916,0.11.0,72,service,clocks,False,10,10,POWER#11,POWER,POWER_SERVICE,OPERATING,3.0,0.0,,False,0,0.0
lifecycle,42969dc451bbd28e8cd3cb77167facb14a589d75dcd5e0813872ce2c2bbe3f66,20260916,0.11.0,73,service,clocks,False,11,11,POWER#2,POWER,POWER_SERVICE,OPERATING,3.0,0.0,,False,1,0.0
lifecycle,42969dc451bbd28e8cd3cb77167facb14a589d75dcd5e0813872ce2c2bbe3f66,20260916,0.11.0,73,service,clocks,False,11,11,POWER#3,POWER,POWER_SERVICE,OPERATING,3.0,0.0,,False,1,0.0
lifecycle,42969dc451bbd28e8cd3cb77167facb14a589d75dcd5e0813872ce2c2bbe3f66,20260916,0.11.0,73,service,clocks,False,11,11,POWER#4,POWER,POWER_SERVICE,OPERATING,3.0,0.0,,False,0,0.0
lifecycle,42969dc451bbd28e8cd3cb77167facb14a589d75dcd5e0813872ce2c2bbe3f66,20260916,0.11.0,73,service,clocks,False,11,11,POWER#5,POWER,POWER_SERVICE,OPERATING,3.0,0.0,,False,1,0.0
lifecycle,42969dc451bbd28e8cd3cb77167facb14a589d75dcd5e0813872ce2c2bbe3f66,20260916,0.11.0,73,service,clocks,False,11,11,POWER#7,POWER,POWER_SERVICE,OPERATING,3.0,0.0,,False,1,0.0
lifecycle,42969dc451bbd28e8cd3cb77167facb14a589d75dcd5e0813872ce2c2bbe3f66,20260916,0.11.0,73,service,clocks,False,11,11,POWER#8,POWER,POWER_SERVICE,OPERATING,3.0,2.5,,False,0,0.0
lifecycle,42969dc451bbd28e8cd3cb77167facb14a589d75dcd5e0813872ce2c2bbe3f66,20260916,0.11.0,73,service,clocks,False,11,11,POWER#9,POWER,POWER_SERVICE,OPERATING,3.0,0.0,,False,0,0.0
lifecycle,42969dc451bbd28e8cd3cb77167facb14a589d75dcd5e0813872ce2c2bbe3f66,20260916,0.11.0,73,service,clocks,False,11,11,POWER#10,POWER,POWER_SERVICE,OPERATING,3.0,0.0,,False,0,0.0
lifecycle,42969dc451bbd28e8cd3cb77167facb14a589d75dcd5e0813872ce2c2bbe3f66,20260916,0.11.0,73,service,clocks,False,11,11,POWER#11,POWER,POWER_SERVICE,OPERATING,3.0,0.0,,False,0,0.0
lifecycle,42969dc451bbd28e8cd3cb77167facb14a589d75dcd5e0813872ce2c2bbe3f66,20260916,0.11.0,73,service,clocks,False,11,11,POWER#12,POWER,POWER_SERVICE,OPERATING,3.0,0.0,,False,0,0.0
lifecycle,42969dc451bbd28e8cd3cb77167facb14a589d75dcd5e0813872ce2c2bbe3f66,20260916,0.11.0,73,service,clocks,False,11,11,POWER#13,POWER,POWER_SERVICE,OPERATING,3.0,0.0,,False,0,0.0
lifecycle,42969dc451bbd28e8cd3cb77167facb14a589d75dcd5e0813872ce2c2bbe3f66,20260916,0.11.0,74,service,clocks,False,10,10,POWER#1,POWER,POWER_SERVICE,OPERATING,3.0,0.0,,False,1,0.0
lifecycle,42969dc451bbd28e8cd3cb77167facb14a589d75dcd5e0813872ce2c2bbe3f66,20260916,0.11.0,74,service,clocks,False,10,10,POWER#2,POWER,POWER_SERVICE,OPERATING,3.0,2.5,,False,0,0.0
lifecycle,42969dc451bbd28e8cd3cb77167facb14a589d75dcd5e0813872ce2c2bbe3f66,20260916,0.11.0,74,service,clocks,False,10,10,POWER#6,POWER,POWER_SERVICE,OPERATING,3.0,0.0,,False,1,0.0
lifecycle,42969dc451bbd28e8cd3cb77167facb14a589d75dcd5e0813872ce2c2bbe3f66,20260916,0.11.0,74,service,clocks,False,10,10,POWER#7,POWER,POWER_SERVICE,OPERATING,3.0,2.568322698370139,,False,0,0.0
lifecycle,42969dc451bbd28e8cd3cb77167facb14a589d75dcd5e0813872ce2c2bbe3f66,20260916,0.11.0,74,service,clocks,False,10,10,POWER#8,POWER,POWER_SERVICE,OPERATING,3.0,2.5,,False,0,0.0
lifecycle,42969dc451bbd28e8cd3cb77167facb14a589d75dcd5e0813872ce2c2bbe3f66,20260916,0.11.0,74,service,clocks,False,10,10,POWER#9,POWER,POWER_SERVICE,OPERATING,3.0,0.0,,False,0,0.0
lifecycle,42969dc451bbd28e8cd3cb77167facb14a589d75dcd5e0813872ce2c2bbe3f66,20260916,0.11.0,74,service,clocks,False,10,10,POWER#10,POWER,POWER_SERVICE,OPERATING,3.0,0.0,,False,0,0.0
lifecycle,42969dc451bbd28e8cd3cb77167facb14a589d75dcd5e0813872ce2c2bbe3f66,20260916,0.11.0,74,service,clocks,False,10,10,POWER#11,POWER,POWER_SERVICE,OPERATING,3.0,0.0,,False,0,0.0
lifecycle,42969dc451bbd28e8cd3cb77167facb14a589d75dcd5e0813872ce2c2bbe3f66,20260916,0.11.0,74,service,clocks,False,10,10,POWER#12,POWER,POWER_SERVICE,OPERATING,3.0,0.0,,False,0,0.0
lifecycle,42969dc451bbd28e8cd3cb77167facb14a589d75dcd5e0813872ce2c2bbe3f66,20260916,0.11.0,74,service,clocks,False,10,10,POWER#13,POWER,POWER_SERVICE,OPERATING,3.0,0.0,,False,0,0.0
lifecycle,42969dc451bbd28e8cd3cb77167facb14a589d75dcd5e0813872ce2c2bbe3f66,20260916,0.11.0,75,service,clocks,False,11,11,POWER#1,POWER,POWER_SERVICE,OPERATING,3.0,0.0,,False,1,0.0
lifecycle,42969dc451bbd28e8cd3cb77167facb14a589d75dcd5e0813872ce2c2bbe3f66,20260916,0.11.0,75,service,clocks,False,11,11,POWER#2,POWER,POWER_SERVICE,OPERATING,3.0,0.0,,False,1,0.0
lifecycle,42969dc451bbd28e8cd3cb77167facb14a589d75dcd5e0813872ce2c2bbe3f66,20260916,0.11.0,75,service,clocks,False,11,11,POWER#3,POWER,POWER_SERVICE,OPERATING,3.0,0.0,,False,1,0.0
lifecycle,42969dc451bbd28e8cd3cb77167facb14a589d75dcd5e0813872ce2c2bbe3f66,20260916,0.11.0,75,service,clocks,False,11,11,POWER#7,POWER,POWER_SERVICE,OPERATING,3.0,0.0,,False,0,0.0
lifecycle,42969dc451bbd28e8cd3cb77167facb14a589d75dcd5e0813872ce2c2bbe3f66,20260916,0.11.0,75,service,clocks,False,11,11,POWER#8,POWER,POWER_SERVICE,OPERATING,3.0,2.169366496206578,,False,0,0.0
lifecycle,42969dc451bbd28e8cd3cb77167facb14a589d75dcd5e0813872ce2c2bbe3f66,20260916,0.11.0,75,service,clocks,False,11,11,POWER#9,POWER,POWER_SERVICE,OPERATING,3.0,2.5,,False,0,0.0
lifecycle,42969dc451bbd28e8cd3cb77167facb14a589d75dcd5e0813872ce2c2bbe3f66,20260916,0.11.0,75,service,clocks,False,11,11,POWER#10,POWER,POWER_SERVICE,OPERATING,3.0,0.0,,False,0,0.0
lifecycle,42969dc451bbd28e8cd3cb77167facb14a589d75dcd5e0813872ce2c2bbe3f66,20260916,0.11.0,75,service,clocks,False,11,11,POWER#11,POWER,POWER_SERVICE,OPERATING,3.0,0.0,,False,0,0.0
lifecycle,42969dc451bbd28e8cd3cb77167facb14a589d75dcd5e0813872ce2c2bbe3f66,20260916,0.11.0,75,service,clocks,False,11,11,POWER#12,POWER,POWER_SERVICE,OPERATING,3.0,0.0,,False,0,0.0
lifecycle,42969dc451bbd28e8cd3cb77167facb14a589d75dcd5e0813872ce2c2bbe3f66,20260916,0.11.0,75,service,clocks,False,11,11,POWER#13,POWER,POWER_SERVICE,OPERATING,3.0,0.0,,False,0,0.0
lifecycle,42969dc451bbd28e8cd3cb77167facb14a589d75dcd5e0813872ce2c2bbe3f66,20260916,0.11.0,75,service,clocks,False,11,11,POWER#14,POWER,POWER_SERVICE,OPERATING,3.0,0.0,,False,0,0.0
lifecycle,42969dc451bbd28e8cd3cb77167facb14a589d75dcd5e0813872ce2c2bbe3f66,20260916,0.11.0,76,service,clocks,False,12,12,POWER#1,POWER,POWER_SERVICE,OPERATING,3.0,0.0,,False,1,0.0
lifecycle,42969dc451bbd28e8cd3cb77167facb14a589d75dcd5e0813872ce2c2bbe3f66,20260916,0.11.0,76,service,clocks,False,12,12,POWER#2,POWER,POWER_SERVICE,OPERATING,3.0,0.0,,False,1,0.0
lifecycle,42969dc451bbd28e8cd3cb77167facb14a589d75dcd5e0813872ce2c2bbe3f66,20260916,0.11.0,76,service,clocks,False,12,12,POWER#7,POWER,POWER_SERVICE,OPERATING,3.0,2.5,,False,0,0.0
lifecycle,42969dc451bbd28e8cd3cb77167facb14a589d75dcd5e0813872ce2c2bbe3f66,20260916,0.11.0,76,service,clocks,False,12,12,POWER#8,POWER,POWER_SERVICE,OPERATING,3.0,2.5,,False,0,0.0
lifecycle,42969dc451bbd28e8cd3cb77167facb14a589d75dcd5e0813872ce2c2bbe3f66,20260916,0.11.0,76,service,clocks,False,12,12,POWER#9,POWER,POWER_SERVICE,OPERATING,3.0,0.0,,False,0,0.0
lifecycle,42969dc451bbd28e8cd3cb77167facb14a589d75dcd5e0813872ce2c2bbe3f66,20260916,0.11.0,76,service,clocks,False,12,12,POWER#10,POWER,POWER_SERVICE,OPERATING,3.0,0.0,,False,0,0.0
lifecycle,42969dc451bbd28e8cd3cb77167facb14a589d75dcd5e0813872ce2c2bbe3f66,20260916,0.11.0,76,service,clocks,False,12,12,POWER#11,POWER,POWER_SERVICE,OPERATING,3.0,0.0,,False,0,0.0
lifecycle,42969dc451bbd28e8cd3cb77167facb14a589d75dcd5e0813872ce2c2bbe3f66,20260916,0.11.0,76,service,clocks,False,12,12,POWER#12,POWER,POWER_SERVICE,OPERATING,3.0,0.0,,False,0,0.0
lifecycle,42969dc451bbd28e8cd3cb77167facb14a589d75dcd5e0813872ce2c2bbe3f66,20260916,0.11.0,76,service,clocks,False,12,12,POWER#13,POWER,POWER_SERVICE,OPERATING,3.0,0.0,,False,0,0.0
lifecycle,42969dc451bbd28e8cd3cb77167facb14a589d75dcd5e0813872ce2c2bbe3f66,20260916,0.11.0,76,service,clocks,False,12,12,POWER#14,POWER,POWER_SERVICE,OPERATING,3.0,0.0,,False,0,0.0
lifecycle,42969dc451bbd28e8cd3cb77167facb14a589d75dcd5e0813872ce2c2bbe3f66,20260916,0.11.0,76,service,clocks,False,12,12,POWER#15,POWER,POWER_SERVICE,OPERATING,3.0,0.0,,False,0,0.0
lifecycle,42969dc451bbd28e8cd3cb77167facb14a589d75dcd5e0813872ce2c2bbe3f66,20260916,0.11.0,76,service,clocks,False,12,12,POWER#16,POWER,POWER_SERVICE,OPERATING,3.0,0.0,,False,0,0.0
lifecycle,42969dc451bbd28e8cd3cb77167facb14a589d75dcd5e0813872ce2c2bbe3f66,20260916,0.11.0,77,service,clocks,False,11,11,POWER#1,POWER,POWER_SERVICE,OPERATING,3.0,0.0,,False,1,0.0
lifecycle,42969dc451bbd28e8cd3cb77167facb14a589d75dcd5e0813872ce2c2bbe3f66,20260916,0.11.0,77,service,clocks,False,11,11,POWER#2,POWER,POWER_SERVICE,OPERATING,3.0,0.0,,False,1,0.0
lifecycle,42969dc451bbd28e8cd3cb77167facb14a589d75dcd5e0813872ce2c2bbe3f66,20260916,0.11.0,77,service,clocks,False,11,11,POWER#3,POWER,POWER_SERVICE,OPERATING,3.0,0.0,,False,1,0.0
lifecycle,42969dc451bbd28e8cd3cb77167facb14a589d75dcd5e0813872ce2c2bbe3f66,20260916,0.11.0,77,service,clocks,False,11,11,POWER#4,POWER,POWER_SERVICE,OPERATING,3.0,0.0,,False,1,0.0
lifecycle,42969dc451bbd28e8cd3cb77167facb14a589d75dcd5e0813872ce2c2bbe3f66,20260916,0.11.0,77,service,clocks,False,11,11,POWER#5,POWER,POWER_SERVICE,OPERATING,3.0,0.0,,False,1,0.0
lifecycle,42969dc451bbd28e8cd3cb77167facb14a589d75dcd5e0813872ce2c2bbe3f66,20260916,0.11.0,77,service,clocks,False,11,11,POWER#7,POWER,POWER_SERVICE,OPERATING,3.0,0.0,,False,1,0.0
lifecycle,42969dc451bbd28e8cd3cb77167facb14a589d75dcd5e0813872ce2c2bbe3f66,20260916,0.11.0,77,service,clocks,False,11,11,POWER#8,POWER,POWER_SERVICE,OPERATING,3.0,2.5,,False,0,0.0
lifecycle,42969dc451bbd28e8cd3cb77167facb14a589d75dcd5e0813872ce2c2bbe3f66,20260916,0.11.0,77,service,clocks,False,11,11,POWER#9,POWER,POWER_SERVICE,OPERATING,3.0,0.0,,False,0,0.0
lifecycle,42969dc451bbd28e8cd3cb77167facb14a589d75dcd5e0813872ce2c2bbe3f66,20260916,0.11.0,77,service,clocks,False,11,11,POWER#10,POWER,POWER_SERVICE,OPERATING,3.0,1.8219891408798077,,False,0,0.0
lifecycle,42969dc451bbd28e8cd3cb77167facb14a589d75dcd5e0813872ce2c2bbe3f66,20260916,0.11.0,77,service,clocks,False,11,11,POWER#11,POWER,POWER_SERVICE,OPERATING,3.0,0.0,,False,0,0.0
lifecycle,42969dc451bbd28e8cd3cb77167facb14a589d75dcd5e0813872ce2c2bbe3f66,20260916,0.11.0,77,service,clocks,False,11,11,POWER#12,POWER,POWER_SERVICE,OPERATING,3.0,0.0,,False,0,0.0
lifecycle,42969dc451bbd28e8cd3cb77167facb14a589d75dcd5e0813872ce2c2bbe3f66,20260916,0.11.0,78,service,clocks,False,11,11,POWER#1,POWER,POWER_SERVICE,OPERATING,3.0,0.0,,False,1,0.0
lifecycle,42969dc451bbd28e8cd3cb77167facb14a589d75dcd5e0813872ce2c2bbe3f66,20260916,0.11.0,78,service,clocks,False,11,11,POWER#3,POWER,POWER_SERVICE,OPERATING,3.0,0.0,,False,1,0.0
lifecycle,42969dc451bbd28e8cd3cb77167facb14a589d75dcd5e0813872ce2c2bbe3f66,20260916,0.11.0,78,service,clocks,False,11,11,POWER#4,POWER,POWER_SERVICE,OPERATING,3.0,0.0,,False,1,0.0
lifecycle,42969dc451bbd28e8cd3cb77167facb14a589d75dcd5e0813872ce2c2bbe3f66,20260916,0.11.0,78,service,clocks,False,11,11,POWER#5,POWER,POWER_SERVICE,OPERATING,3.0,0.0,,False,1,0.0
lifecycle,42969dc451bbd28e8cd3cb77167facb14a589d75dcd5e0813872ce2c2bbe3f66,20260916,0.11.0,78,service,clocks,False,11,11,POWER#6,POWER,POWER_SERVICE,OPERATING,3.0,0.0,,False,1,0.0
lifecycle,42969dc451bbd28e8cd3cb77167facb14a589d75dcd5e0813872ce2c2bbe3f66,20260916,0.11.0,78,service,clocks,False,11,11,POWER#7,POWER,POWER_SERVICE,OPERATING,3.0,0.0,,False,1,0.0
lifecycle,42969dc451bbd28e8cd3cb77167facb14a589d75dcd5e0813872ce2c2bbe3f66,20260916,0.11.0,78,service,clocks,False,11,11,POWER#8,POWER,POWER_SERVICE,OPERATING,3.0,0.0,,False,1,0.0
lifecycle,42969dc451bbd28e8cd3cb77167facb14a589d75dcd5e0813872ce2c2bbe3f66,20260916,0.11.0,78,service,clocks,False,11,11,POWER#9,POWER,POWER_SERVICE,OPERATING,3.0,2.5,,False,0,0.0
lifecycle,42969dc451bbd28e8cd3cb77167facb14a589d75dcd5e0813872ce2c2bbe3f66,20260916,0.11.0,78,service,clocks,False,11,11,POWER#10,POWER,POWER_SERVICE,OPERATING,3.0,0.0,,False,0,0.0
lifecycle,42969dc451bbd28e8cd3cb77167facb14a589d75dcd5e0813872ce2c2bbe3f66,20260916,0.11.0,78,service,clocks,False,11,11,POWER#11,POWER,POWER_SERVICE,OPERATING,3.0,0.0,,False,0,0.0
lifecycle,42969dc451bbd28e8cd3cb77167facb14a589d75dcd5e0813872ce2c2bbe3f66,20260916,0.11.0,78,service,clocks,False,11,11,POWER#12,POWER,POWER_SERVICE,OPERATING,3.0,0.0,,False,0,0.0
lifecycle,42969dc451bbd28e8cd3cb77167facb14a589d75dcd5e0813872ce2c2bbe3f66,20260916,0.11.0,79,service,clocks,False,11,11,POWER#1,POWER,POWER_SERVICE,OPERATING,3.0,0.0,,False,1,0.0
lifecycle,42969dc451bbd28e8cd3cb77167facb14a589d75dcd5e0813872ce2c2bbe3f66,20260916,0.11.0,79,service,clocks,False,11,11,POWER#2,POWER,POWER_SERVICE,OPERATING,3.0,0.0,,False,1,0.0
lifecycle,42969dc451bbd28e8cd3cb77167facb14a589d75dcd5e0813872ce2c2bbe3f66,20260916,0.11.0,79,service,clocks,False,11,11,POWER#6,POWER,POWER_SERVICE,OPERATING,3.0,0.0,,False,1,0.0
lifecycle,42969dc451bbd28e8cd3cb77167facb14a589d75dcd5e0813872ce2c2bbe3f66,20260916,0.11.0,79,service,clocks,False,11,11,POWER#7,POWER,POWER_SERVICE,OPERATING,3.0,0.0,,False,0,0.0
lifecycle,42969dc451bbd28e8cd3cb77167facb14a589d75dcd5e0813872ce2c2bbe3f66,20260916,0.11.0,79,service,clocks,False,11,11,POWER#8,POWER,POWER_SERVICE,OPERATING,3.0,2.5,,False,0,0.0
lifecycle,42969dc451bbd28e8cd3cb77167facb14a589d75dcd5e0813872ce2c2bbe3f66,20260916,0.11.0,79,service,clocks,False,11,11,POWER#9,POWER,POWER_SERVICE,OPERATING,3.0,0.0,,False,0,0.0
lifecycle,42969dc451bbd28e8cd3cb77167facb14a589d75dcd5e0813872ce2c2bbe3f66,20260916,0.11.0,79,service,clocks,False,11,11,POWER#10,POWER,POWER_SERVICE,OPERATING,3.0,0.0,,False,0,0.0
lifecycle,42969dc451bbd28e8cd3cb77167facb14a589d75dcd5e0813872ce2c2bbe3f66,20260916,0.11.0,79,service,clocks,False,11,11,POWER#11,POWER,POWER_SERVICE,OPERATING,3.0,0.0,,False,0,0.0
lifecycle,42969dc451bbd28e8cd3cb77167facb14a589d75dcd5e0813872ce2c2bbe3f66,20260916,0.11.0,79,service,clocks,False,11,11,POWER#12,POWER,POWER_SERVICE,OPERATING,3.0,0.0,,False,0,0.0
lifecycle,42969dc451bbd28e8cd3cb77167facb14a589d75dcd5e0813872ce2c2bbe3f66,20260916,0.11.0,79,service,clocks,False,11,11,POWER#13,POWER,POWER_SERVICE,OPERATING,3.0,0.0,,False,0,0.0
lifecycle,42969dc451bbd28e8cd3cb77167facb14a589d75dcd5e0813872ce2c2bbe3f66,20260916,0.11.0,79,service,clocks,False,11,11,POWER#14,POWER,POWER_SERVICE,OPERATING,3.0,0.0,,False,0,0.0
lifecycle,42969dc451bbd28e8cd3cb77167facb14a589d75dcd5e0813872ce2c2bbe3f66,20260916,0.11.0,80,service,clocks,False,10,10,POWER#2,POWER,POWER_SERVICE,OPERATING,3.0,0.0,,False,1,0.0
lifecycle,42969dc451bbd28e8cd3cb77167facb14a589d75dcd5e0813872ce2c2bbe3f66,20260916,0.11.0,80,service,clocks,False,10,10,POWER#3,POWER,POWER_SERVICE,OPERATING,3.0,0.0,,False,0,0.0
lifecycle,42969dc451bbd28e8cd3cb77167facb14a589d75dcd5e0813872ce2c2bbe3f66,20260916,0.11.0,80,service,clocks,False,10,10,POWER#4,POWER,POWER_SERVICE,OPERATING,3.0,0.0,,False,1,0.0
lifecycle,42969dc451bbd28e8cd3cb77167facb14a589d75dcd5e0813872ce2c2bbe3f66,20260916,0.11.0,80,service,clocks,False,10,10,POWER#7,POWER,POWER_SERVICE,OPERATING,3.0,2.5,,False,0,0.0
lifecycle,42969dc451bbd28e8cd3cb77167facb14a589d75dcd5e0813872ce2c2bbe3f66,20260916,0.11.0,80,service,clocks,False,10,10,POWER#8,POWER,POWER_SERVICE,OPERATING,3.0,2.5,,False,0,0.0
lifecycle,42969dc451bbd28e8cd3cb77167facb14a589d75dcd5e0813872ce2c2bbe3f66,20260916,0.11.0,80,service,clocks,False,10,10,POWER#9,POWER,POWER_SERVICE,OPERATING,3.0,0.0,,False,0,0.0
lifecycle,42969dc451bbd28e8cd3cb77167facb14a589d75dcd5e0813872ce2c2bbe3f66,20260916,0.11.0,80,service,clocks,False,10,10,POWER#10,POWER,POWER_SERVICE,OPERATING,3.0,0.0,,False,0,0.0
lifecycle,42969dc451bbd28e8cd3cb77167facb14a589d75dcd5e0813872ce2c2bbe3f66,20260916,0.11.0,80,service,clocks,False,10,10,POWER#11,POWER,POWER_SERVICE,OPERATING,3.0,0.0,,False,0,0.0
lifecycle,42969dc451bbd28e8cd3cb77167facb14a589d75dcd5e0813872ce2c2bbe3f66,20260916,0.11.0,80,service,clocks,False,10,10,POWER#12,POWER,POWER_SERVICE,OPERATING,3.0,0.0,,False,0,0.0
lifecycle,42969dc451bbd28e8cd3cb77167facb14a589d75dcd5e0813872ce2c2bbe3f66,20260916,0.11.0,80,service,clocks,False,10,10,POWER#13,POWER,POWER_SERVICE,OPERATING,3.0,0.0,,False,0,0.0
lifecycle,42969dc451bbd28e8cd3cb77167facb14a589d75dcd5e0813872ce2c2bbe3f66,20260916,0.11.0,81,service,clocks,False,11,11,POWER#2,POWER,POWER_SERVICE,OPERATING,3.0,0.0,,False,1,0.0
lifecycle,42969dc451bbd28e8cd3cb77167facb14a589d75dcd5e0813872ce2c2bbe3f66,20260916,0.11.0,81,service,clocks,False,11,11,POWER#3,POWER,POWER_SERVICE,OPERATING,3.0,0.0,,False,1,0.0
lifecycle,42969dc451bbd28e8cd3cb77167facb14a589d75dcd5e0813872ce2c2bbe3f66,20260916,0.11.0,81,service,clocks,False,11,11,POWER#4,POWER,POWER_SERVICE,OPERATING,3.0,0.0,,False,1,0.0
lifecycle,42969dc451bbd28e8cd3cb77167facb14a589d75dcd5e0813872ce2c2bbe3f66,20260916,0.11.0,81,service,clocks,False,11,11,POWER#5,POWER,POWER_SERVICE,OPERATING,3.0,0.0,,False,1,0.0
lifecycle,42969dc451bbd28e8cd3cb77167facb14a589d75dcd5e0813872ce2c2bbe3f66,20260916,0.11.0,81,service,clocks,False,11,11,POWER#6,POWER,POWER_SERVICE,OPERATING,3.0,0.0,,False,1,0.0
lifecycle,42969dc451bbd28e8cd3cb77167facb14a589d75dcd5e0813872ce2c2bbe3f66,20260916,0.11.0,81,service,clocks,False,11,11,POWER#7,POWER,POWER_SERVICE,OPERATING,3.0,0.0,,False,1,0.0
lifecycle,42969dc451bbd28e8cd3cb77167facb14a589d75dcd5e0813872ce2c2bbe3f66,20260916,0.11.0,81,service,clocks,False,11,11,POWER#8,POWER,POWER_SERVICE,OPERATING,3.0,2.5,,False,0,0.0
lifecycle,42969dc451bbd28e8cd3cb77167facb14a589d75dcd5e0813872ce2c2bbe3f66,20260916,0.11.0,81,service,clocks,False,11,11,POWER#9,POWER,POWER_SERVICE,OPERATING,3.0,2.5,,False,0,0.0
lifecycle,42969dc451bbd28e8cd3cb77167facb14a589d75dcd5e0813872ce2c2bbe3f66,20260916,0.11.0,81,service,clocks,False,11,11,POWER#10,POWER,POWER_SERVICE,OPERATING,3.0,0.0,,False,0,0.0
lifecycle,42969dc451bbd28e8cd3cb77167facb14a589d75dcd5e0813872ce2c2bbe3f66,20260916,0.11.0,81,service,clocks,False,11,11,POWER#11,POWER,POWER_SERVICE,OPERATING,3.0,0.0,,False,0,0.0
lifecycle,42969dc451bbd28e8cd3cb77167facb14a589d75dcd5e0813872ce2c2bbe3f66,20260916,0.11.0,81,service,clocks,False,11,11,POWER#12,POWER,POWER_SERVICE,OPERATING,3.0,0.0,,False,0,0.0
lifecycle,42969dc451bbd28e8cd3cb77167facb14a589d75dcd5e0813872ce2c2bbe3f66,20260916,0.11.0,82,service,clocks,False,11,11,POWER#2,POWER,POWER_SERVICE,OPERATING,3.0,0.0,,False,1,0.0
lifecycle,42969dc451bbd28e8cd3cb77167facb14a589d75dcd5e0813872ce2c2bbe3f66,20260916,0.11.0,82,service,clocks,False,11,11,POWER#3,POWER,POWER_SERVICE,OPERATING,3.0,0.0,,False,1,0.0
lifecycle,42969dc451bbd28e8cd3cb77167facb14a589d75dcd5e0813872ce2c2bbe3f66,20260916,0.11.0,82,service,clocks,False,11,11,POWER#5,POWER,POWER_SERVICE,OPERATING,3.0,0.0,,False,1,0.0
lifecycle,42969dc451bbd28e8cd3cb77167facb14a589d75dcd5e0813872ce2c2bbe3f66,20260916,0.11.0,82,service,clocks,False,11,11,POWER#7,POWER,POWER_SERVICE,OPERATING,3.0,0.0,,False,1,0.0
lifecycle,42969dc451bbd28e8cd3cb77167facb14a589d75dcd5e0813872ce2c2bbe3f66,20260916,0.11.0,82,service,clocks,False,11,11,POWER#8,POWER,POWER_SERVICE,OPERATING,3.0,2.5,,False,0,0.0
lifecycle,42969dc451bbd28e8cd3cb77167facb14a589d75dcd5e0813872ce2c2bbe3f66,20260916,0.11.0,82,service,clocks,False,11,11,POWER#9,POWER,POWER_SERVICE,OPERATING,3.0,0.0,,False,0,0.0
lifecycle,42969dc451bbd28e8cd3cb77167facb14a589d75dcd5e0813872ce2c2bbe3f66,20260916,0.11.0,82,service,clocks,False,11,11,POWER#10,POWER,POWER_SERVICE,OPERATING,3.0,0.0,,False,0,0.0
lifecycle,42969dc451bbd28e8cd3cb77167facb14a589d75dcd5e0813872ce2c2bbe3f66,20260916,0.11.0,82,service,clocks,False,11,11,POWER#11,POWER,POWER_SERVICE,OPERATING,3.0,0.0,,False,0,0.0
lifecycle,42969dc451bbd28e8cd3cb77167facb14a589d75dcd5e0813872ce2c2bbe3f66,20260916,0.11.0,82,service,clocks,False,11,11,POWER#12,POWER,POWER_SERVICE,OPERATING,3.0,0.0,,False,0,0.0
lifecycle,42969dc451bbd28e8cd3cb77167facb14a589d75dcd5e0813872ce2c2bbe3f66,20260916,0.11.0,82,service,clocks,False,11,11,POWER#13,POWER,POWER_SERVICE,OPERATING,3.0,0.0,,False,0,0.0
lifecycle,42969dc451bbd28e8cd3cb77167facb14a589d75dcd5e0813872ce2c2bbe3f66,20260916,0.11.0,82,service,clocks,False,11,11,POWER#14,POWER,POWER_SERVICE,OPERATING,3.0,0.0,,False,0,0.0
lifecycle,42969dc451bbd28e8cd3cb77167facb14a589d75dcd5e0813872ce2c2bbe3f66,20260916,0.11.0,83,service,clocks,False,11,11,POWER#2,POWER,POWER_SERVICE,OPERATING,3.0,0.0,,False,1,0.0
lifecycle,42969dc451bbd28e8cd3cb77167facb14a589d75dcd5e0813872ce2c2bbe3f66,20260916,0.11.0,83,service,clocks,False,11,11,POWER#4,POWER,POWER_SERVICE,OPERATING,3.0,0.0,,False,1,0.0
lifecycle,42969dc451bbd28e8cd3cb77167facb14a589d75dcd5e0813872ce2c2bbe3f66,20260916,0.11.0,83,service,clocks,False,11,11,POWER#5,POWER,POWER_SERVICE,OPERATING,3.0,0.0,,False,1,0.0
lifecycle,42969dc451bbd28e8cd3cb77167facb14a589d75dcd5e0813872ce2c2bbe3f66,20260916,0.11.0,83,service,clocks,False,11,11,POWER#6,POWER,POWER_SERVICE,OPERATING,3.0,0.0,,False,1,0.0
lifecycle,42969dc451bbd28e8cd3cb77167facb14a589d75dcd5e0813872ce2c2bbe3f66,20260916,0.11.0,83,service,clocks,False,11,11,POWER#7,POWER,POWER_SERVICE,OPERATING,3.0,0.0,,False,1,0.0
lifecycle,42969dc451bbd28e8cd3cb77167facb14a589d75dcd5e0813872ce2c2bbe3f66,20260916,0.11.0,83,service,clocks,False,11,11,POWER#8,POWER,POWER_SERVICE,OPERATING,3.0,0.0,,False,1,0.0
lifecycle,42969dc451bbd28e8cd3cb77167facb14a589d75dcd5e0813872ce2c2bbe3f66,20260916,0.11.0,83,service,clocks,False,11,11,POWER#9,POWER,POWER_SERVICE,OPERATING,3.0,0.0,,False,0,0.0
lifecycle,42969dc451bbd28e8cd3cb77167facb14a589d75dcd5e0813872ce2c2bbe3f66,20260916,0.11.0,83,service,clocks,False,11,11,POWER#10,POWER,POWER_SERVICE,OPERATING,3.0,0.0,,False,0,0.0
lifecycle,42969dc451bbd28e8cd3cb77167facb14a589d75dcd5e0813872ce2c2bbe3f66,20260916,0.11.0,83,service,clocks,False,11,11,POWER#11,POWER,POWER_SERVICE,OPERATING,3.0,0.0,,False,0,0.0
lifecycle,42969dc451bbd28e8cd3cb77167facb14a589d75dcd5e0813872ce2c2bbe3f66,20260916,0.11.0,83,service,clocks,False,11,11,POWER#12,POWER,POWER_SERVICE,OPERATING,3.0,0.0,,False,0,0.0
lifecycle,42969dc451bbd28e8cd3cb77167facb14a589d75dcd5e0813872ce2c2bbe3f66,20260916,0.11.0,83,service,clocks,False,11,11,POWER#13,POWER,POWER_SERVICE,OPERATING,3.0,0.0,,False,0,0.0
lifecycle,42969dc451bbd28e8cd3cb77167facb14a589d75dcd5e0813872ce2c2bbe3f66,20260916,0.11.0,84,service,clocks,False,10,10,POWER#2,POWER,POWER_SERVICE,OPERATING,3.0,0.0,,False,1,0.0
lifecycle,42969dc451bbd28e8cd3cb77167facb14a589d75dcd5e0813872ce2c2bbe3f66,20260916,0.11.0,84,service,clocks,False,10,10,POWER#3,POWER,POWER_SERVICE,OPERATING,3.0,0.0,,False,0,0.0
lifecycle,42969dc451bbd28e8cd3cb77167facb14a589d75dcd5e0813872ce2c2bbe3f66,20260916,0.11.0,84,service,clocks,False,10,10,POWER#4,POWER,POWER_SERVICE,OPERATING,3.0,0.0,,False,1,0.0
lifecycle,42969dc451bbd28e8cd3cb77167facb14a589d75dcd5e0813872ce2c2bbe3f66,20260916,0.11.0,84,service,clocks,False,10,10,POWER#6,POWER,POWER_SERVICE,OPERATING,3.0,0.0,,False,1,0.0
lifecycle,42969dc451bbd28e8cd3cb77167facb14a589d75dcd5e0813872ce2c2bbe3f66,20260916,0.11.0,84,service,clocks,False,10,10,POWER#7,POWER,POWER_SERVICE,OPERATING,3.0,0.0,,False,1,0.0
lifecycle,42969dc451bbd28e8cd3cb77167facb14a589d75dcd5e0813872ce2c2bbe3f66,20260916,0.11.0,84,service,clocks,False,10,10,POWER#8,POWER,POWER_SERVICE,OPERATING,3.0,2.5,,False,0,0.0
lifecycle,42969dc451bbd28e8cd3cb77167facb14a589d75dcd5e0813872ce2c2bbe3f66,20260916,0.11.0,84,service,clocks,False,10,10,POWER#9,POWER,POWER_SERVICE,OPERATING,3.0,2.5,,False,0,0.0
lifecycle,42969dc451bbd28e8cd3cb77167facb14a589d75dcd5e0813872ce2c2bbe3f66,20260916,0.11.0,84,service,clocks,False,10,10,POWER#10,POWER,POWER_SERVICE,OPERATING,3.0,2.5,,False,0,0.0
lifecycle,42969dc451bbd28e8cd3cb77167facb14a589d75dcd5e0813872ce2c2bbe3f66,20260916,0.11.0,84,service,clocks,False,10,10,POWER#11,POWER,POWER_SERVICE,OPERATING,3.0,0.0,,False,0,0.0
lifecycle,42969dc451bbd28e8cd3cb77167facb14a589d75dcd5e0813872ce2c2bbe3f66,20260916,0.11.0,84,service,clocks,False,10,10,POWER#12,POWER,POWER_SERVICE,OPERATING,3.0,0.0,,False,0,0.0
lifecycle,42969dc451bbd28e8cd3cb77167facb14a589d75dcd5e0813872ce2c2bbe3f66,20260916,0.11.0,85,service,clocks,False,10,10,POWER#2,POWER,POWER_SERVICE,OPERATING,3.0,0.0,,False,1,0.0
lifecycle,42969dc451bbd28e8cd3cb77167facb14a589d75dcd5e0813872ce2c2bbe3f66,20260916,0.11.0,85,service,clocks,False,10,10,POWER#3,POWER,POWER_SERVICE,OPERATING,3.0,0.0,,False,1,0.0
lifecycle,42969dc451bbd28e8cd3cb77167facb14a589d75dcd5e0813872ce2c2bbe3f66,20260916,0.11.0,85,service,clocks,False,10,10,POWER#4,POWER,POWER_SERVICE,OPERATING,3.0,0.0,,False,1,0.0
lifecycle,42969dc451bbd28e8cd3cb77167facb14a589d75dcd5e0813872ce2c2bbe3f66,20260916,0.11.0,85,service,clocks,False,10,10,POWER#5,POWER,POWER_SERVICE,OPERATING,3.0,0.0,,False,0,0.0
lifecycle,42969dc451bbd28e8cd3cb77167facb14a589d75dcd5e0813872ce2c2bbe3f66,20260916,0.11.0,85,service,clocks,False,10,10,POWER#7,POWER,POWER_SERVICE,OPERATING,3.0,0.0,,False,1,0.0
lifecycle,42969dc451bbd28e8cd3cb77167facb14a589d75dcd5e0813872ce2c2bbe3f66,20260916,0.11.0,85,service,clocks,False,10,10,POWER#8,POWER,POWER_SERVICE,OPERATING,3.0,2.5,,False,0,0.0
lifecycle,42969dc451bbd28e8cd3cb77167facb14a589d75dcd5e0813872ce2c2bbe3f66,20260916,0.11.0,85,service,clocks,False,10,10,POWER#9,POWER,POWER_SERVICE,OPERATING,3.0,0.0,,False,0,0.0
lifecycle,42969dc451bbd28e8cd3cb77167facb14a589d75dcd5e0813872ce2c2bbe3f66,20260916,0.11.0,85,service,clocks,False,10,10,POWER#10,POWER,POWER_SERVICE,OPERATING,3.0,0.0,,False,0,0.0
lifecycle,42969dc451bbd28e8cd3cb77167facb14a589d75dcd5e0813872ce2c2bbe3f66,20260916,0.11.0,85,service,clocks,False,10,10,POWER#11,POWER,POWER_SERVICE,OPERATING,3.0,0.0,,False,0,0.0
lifecycle,42969dc451bbd28e8cd3cb77167facb14a589d75dcd5e0813872ce2c2bbe3f66,20260916,0.11.0,85,service,clocks,False,10,10,POWER#12,POWER,POWER_SERVICE,OPERATING,3.0,0.0,,False,0,0.0
lifecycle,42969dc451bbd28e8cd3cb77167facb14a589d75dcd5e0813872ce2c2bbe3f66,20260916,0.11.0,86,service,clocks,False,10,10,POWER#2,POWER,POWER_SERVICE,OPERATING,3.0,0.0,,False,1,0.0
lifecycle,42969dc451bbd28e8cd3cb77167facb14a589d75dcd5e0813872ce2c2bbe3f66,20260916,0.11.0,86,service,clocks,False,10,10,POWER#4,POWER,POWER_SERVICE,OPERATING,3.0,0.0,,False,1,0.0
lifecycle,42969dc451bbd28e8cd3cb77167facb14a589d75dcd5e0813872ce2c2bbe3f66,20260916,0.11.0,86,service,clocks,False,10,10,POWER#5,POWER,POWER_SERVICE,OPERATING,3.0,0.0,,False,1,0.0
lifecycle,42969dc451bbd28e8cd3cb77167facb14a589d75dcd5e0813872ce2c2bbe3f66,20260916,0.11.0,86,service,clocks,False,10,10,POWER#7,POWER,POWER_SERVICE,OPERATING,3.0,0.0,,False,1,0.0
lifecycle,42969dc451bbd28e8cd3cb77167facb14a589d75dcd5e0813872ce2c2bbe3f66,20260916,0.11.0,86,service,clocks,False,10,10,POWER#8,POWER,POWER_SERVICE,OPERATING,3.0,2.5,,False,0,0.0
lifecycle,42969dc451bbd28e8cd3cb77167facb14a589d75dcd5e0813872ce2c2bbe3f66,20260916,0.11.0,86,service,clocks,False,10,10,POWER#9,POWER,POWER_SERVICE,OPERATING,3.0,0.0,,False,0,0.0
lifecycle,42969dc451bbd28e8cd3cb77167facb14a589d75dcd5e0813872ce2c2bbe3f66,20260916,0.11.0,86,service,clocks,False,10,10,POWER#10,POWER,POWER_SERVICE,OPERATING,3.0,0.0,,False,0,0.0
lifecycle,42969dc451bbd28e8cd3cb77167facb14a589d75dcd5e0813872ce2c2bbe3f66,20260916,0.11.0,86,service,clocks,False,10,10,POWER#11,POWER,POWER_SERVICE,OPERATING,3.0,0.0,,False,0,0.0
lifecycle,42969dc451bbd28e8cd3cb77167facb14a589d75dcd5e0813872ce2c2bbe3f66,20260916,0.11.0,86,service,clocks,False,10,10,POWER#12,POWER,POWER_SERVICE,OPERATING,3.0,0.0,,False,0,0.0
lifecycle,42969dc451bbd28e8cd3cb77167facb14a589d75dcd5e0813872ce2c2bbe3f66,20260916,0.11.0,86,service,clocks,False,10,10,POWER#13,POWER,POWER_SERVICE,OPERATING,3.0,0.0,,False,0,0.0
lifecycle,42969dc451bbd28e8cd3cb77167facb14a589d75dcd5e0813872ce2c2bbe3f66,20260916,0.11.0,87,service,clocks,False,11,11,POWER#1,POWER,POWER_SERVICE,OPERATING,3.0,0.0,,False,1,0.0
lifecycle,42969dc451bbd28e8cd3cb77167facb14a589d75dcd5e0813872ce2c2bbe3f66,20260916,0.11.0,87,service,clocks,False,11,11,POWER#2,POWER,POWER_SERVICE,OPERATING,3.0,0.0,,False,1,0.0
lifecycle,42969dc451bbd28e8cd3cb77167facb14a589d75dcd5e0813872ce2c2bbe3f66,20260916,0.11.0,87,service,clocks,False,11,11,POWER#4,POWER,POWER_SERVICE,OPERATING,3.0,0.0,,False,1,0.0
lifecycle,42969dc451bbd28e8cd3cb77167facb14a589d75dcd5e0813872ce2c2bbe3f66,20260916,0.11.0,87,service,clocks,False,11,11,POWER#7,POWER,POWER_SERVICE,OPERATING,3.0,2.5,,False,0,0.0
lifecycle,42969dc451bbd28e8cd3cb77167facb14a589d75dcd5e0813872ce2c2bbe3f66,20260916,0.11.0,87,service,clocks,False,11,11,POWER#8,POWER,POWER_SERVICE,OPERATING,3.0,2.5,,False,0,0.0
lifecycle,42969dc451bbd28e8cd3cb77167facb14a589d75dcd5e0813872ce2c2bbe3f66,20260916,0.11.0,87,service,clocks,False,11,11,POWER#9,POWER,POWER_SERVICE,OPERATING,3.0,2.5,,False,0,0.0
lifecycle,42969dc451bbd28e8cd3cb77167facb14a589d75dcd5e0813872ce2c2bbe3f66,20260916,0.11.0,87,service,clocks,False,11,11,POWER#10,POWER,POWER_SERVICE,OPERATING,3.0,0.0,,False,0,0.0
lifecycle,42969dc451bbd28e8cd3cb77167facb14a589d75dcd5e0813872ce2c2bbe3f66,20260916,0.11.0,87,service,clocks,False,11,11,POWER#11,POWER,POWER_SERVICE,OPERATING,3.0,0.0,,False,0,0.0
lifecycle,42969dc451bbd28e8cd3cb77167facb14a589d75dcd5e0813872ce2c2bbe3f66,20260916,0.11.0,87,service,clocks,False,11,11,POWER#12,POWER,POWER_SERVICE,OPERATING,3.0,0.0,,False,0,0.0
lifecycle,42969dc451bbd28e8cd3cb77167facb14a589d75dcd5e0813872ce2c2bbe3f66,20260916,0.11.0,87,service,clocks,False,11,11,POWER#13,POWER,POWER_SERVICE,OPERATING,3.0,0.0,,False,0,0.0
lifecycle,42969dc451bbd28e8cd3cb77167facb14a589d75dcd5e0813872ce2c2bbe3f66,20260916,0.11.0,87,service,clocks,False,11,11,POWER#14,POWER,POWER_SERVICE,OPERATING,3.0,0.0,,False,0,0.0
lifecycle,42969dc451bbd28e8cd3cb77167facb14a589d75dcd5e0813872ce2c2bbe3f66,20260916,0.11.0,88,service,clocks,False,11,11,POWER#1,POWER,POWER_SERVICE,OPERATING,3.0,0.0,,False,1,0.0
lifecycle,42969dc451bbd28e8cd3cb77167facb14a589d75dcd5e0813872ce2c2bbe3f66,20260916,0.11.0,88,service,clocks,False,11,11,POWER#2,POWER,POWER_SERVICE,OPERATING,3.0,0.0,,False,1,0.0
lifecycle,42969dc451bbd28e8cd3cb77167facb14a589d75dcd5e0813872ce2c2bbe3f66,20260916,0.11.0,88,service,clocks,False,11,11,POWER#4,POWER,POWER_SERVICE,OPERATING,3.0,0.0,,False,1,0.0
lifecycle,42969dc451bbd28e8cd3cb77167facb14a589d75dcd5e0813872ce2c2bbe3f66,20260916,0.11.0,88,service,clocks,False,11,11,POWER#6,POWER,POWER_SERVICE,OPERATING,3.0,0.0,,False,1,0.0
lifecycle,42969dc451bbd28e8cd3cb77167facb14a589d75dcd5e0813872ce2c2bbe3f66,20260916,0.11.0,88,service,clocks,False,11,11,POWER#7,POWER,POWER_SERVICE,OPERATING,3.0,0.0,,False,1,0.0
lifecycle,42969dc451bbd28e8cd3cb77167facb14a589d75dcd5e0813872ce2c2bbe3f66,20260916,0.11.0,88,service,clocks,False,11,11,POWER#8,POWER,POWER_SERVICE,OPERATING,3.0,0.0,,False,1,0.0
lifecycle,42969dc451bbd28e8cd3cb77167facb14a589d75dcd5e0813872ce2c2bbe3f66,20260916,0.11.0,88,service,clocks,False,11,11,POWER#9,POWER,POWER_SERVICE,OPERATING,3.0,2.5,,False,0,0.0
lifecycle,42969dc451bbd28e8cd3cb77167facb14a589d75dcd5e0813872ce2c2bbe3f66,20260916,0.11.0,88,service,clocks,False,11,11,POWER#10,POWER,POWER_SERVICE,OPERATING,3.0,0.0,,False,0,0.0
lifecycle,42969dc451bbd28e8cd3cb77167facb14a589d75dcd5e0813872ce2c2bbe3f66,20260916,0.11.0,88,service,clocks,False,11,11,POWER#11,POWER,POWER_SERVICE,OPERATING,3.0,0.0,,False,0,0.0
lifecycle,42969dc451bbd28e8cd3cb77167facb14a589d75dcd5e0813872ce2c2bbe3f66,20260916,0.11.0,88,service,clocks,False,11,11,POWER#12,POWER,POWER_SERVICE,OPERATING,3.0,0.0,,False,0,0.0
lifecycle,42969dc451bbd28e8cd3cb77167facb14a589d75dcd5e0813872ce2c2bbe3f66,20260916,0.11.0,88,service,clocks,False,11,11,POWER#13,POWER,POWER_SERVICE,OPERATING,3.0,0.0,,False,0,0.0
lifecycle,42969dc451bbd28e8cd3cb77167facb14a589d75dcd5e0813872ce2c2bbe3f66,20260916,0.11.0,89,service,clocks,False,10,10,POWER#1,POWER,POWER_SERVICE,OPERATING,3.0,0.0,,False,1,0.0
lifecycle,42969dc451bbd28e8cd3cb77167facb14a589d75dcd5e0813872ce2c2bbe3f66,20260916,0.11.0,89,service,clocks,False,10,10,POWER#2,POWER,POWER_SERVICE,OPERATING,3.0,0.0,,False,1,0.0
lifecycle,42969dc451bbd28e8cd3cb77167facb14a589d75dcd5e0813872ce2c2bbe3f66,20260916,0.11.0,89,service,clocks,False,10,10,POWER#3,POWER,POWER_SERVICE,OPERATING,3.0,0.0,,False,1,0.0
lifecycle,42969dc451bbd28e8cd3cb77167facb14a589d75dcd5e0813872ce2c2bbe3f66,20260916,0.11.0,89,service,clocks,False,10,10,POWER#7,POWER,POWER_SERVICE,OPERATING,3.0,2.5,,False,0,0.0
lifecycle,42969dc451bbd28e8cd3cb77167facb14a589d75dcd5e0813872ce2c2bbe3f66,20260916,0.11.0,89,service,clocks,False,10,10,POWER#8,POWER,POWER_SERVICE,OPERATING,3.0,2.5,,False,0,0.0
lifecycle,42969dc451bbd28e8cd3cb77167facb14a589d75dcd5e0813872ce2c2bbe3f66,20260916,0.11.0,89,service,clocks,False,10,10,POWER#9,POWER,POWER_SERVICE,OPERATING,3.0,0.0,,False,0,0.0
lifecycle,42969dc451bbd28e8cd3cb77167facb14a589d75dcd5e0813872ce2c2bbe3f66,20260916,0.11.0,89,service,clocks,False,10,10,POWER#10,POWER,POWER_SERVICE,OPERATING,3.0,0.0,,False,0,0.0
lifecycle,42969dc451bbd28e8cd3cb77167facb14a589d75dcd5e0813872ce2c2bbe3f66,20260916,0.11.0,89,service,clocks,False,10,10,POWER#11,POWER,POWER_SERVICE,OPERATING,3.0,0.0,,False,0,0.0
lifecycle,42969dc451bbd28e8cd3cb77167facb14a589d75dcd5e0813872ce2c2bbe3f66,20260916,0.11.0,89,service,clocks,False,10,10,POWER#12,POWER,POWER_SERVICE,OPERATING,3.0,0.0,,False,0,0.0
lifecycle,42969dc451bbd28e8cd3cb77167facb14a589d75dcd5e0813872ce2c2bbe3f66,20260916,0.11.0,89,service,clocks,False,10,10,POWER#13,POWER,POWER_SERVICE,OPERATING,3.0,0.0,,False,0,0.0
lifecycle,42969dc451bbd28e8cd3cb77167facb14a589d75dcd5e0813872ce2c2bbe3f66,20260916,0.11.0,90,service,clocks,False,11,11,POWER#1,POWER,POWER_SERVICE,OPERATING,3.0,0.0,,False,1,0.0
lifecycle,42969dc451bbd28e8cd3cb77167facb14a589d75dcd5e0813872ce2c2bbe3f66,20260916,0.11.0,90,service,clocks,False,11,11,POWER#2,POWER,POWER_SERVICE,OPERATING,3.0,0.0,,False,1,0.0
lifecycle,42969dc451bbd28e8cd3cb77167facb14a589d75dcd5e0813872ce2c2bbe3f66,20260916,0.11.0,90,service,clocks,False,11,11,POWER#3,POWER,POWER_SERVICE,OPERATING,3.0,0.0,,False,1,0.0
lifecycle,42969dc451bbd28e8cd3cb77167facb14a589d75dcd5e0813872ce2c2bbe3f66,20260916,0.11.0,90,service,clocks,False,11,11,POWER#5,POWER,POWER_SERVICE,OPERATING,3.0,0.0,,False,1,0.0
lifecycle,42969dc451bbd28e8cd3cb77167facb14a589d75dcd5e0813872ce2c2bbe3f66,20260916,0.11.0,90,service,clocks,False,11,11,POWER#6,POWER,POWER_SERVICE,OPERATING,3.0,0.0,,False,1,0.0
lifecycle,42969dc451bbd28e8cd3cb77167facb14a589d75dcd5e0813872ce2c2bbe3f66,20260916,0.11.0,90,service,clocks,False,11,11,POWER#7,POWER,POWER_SERVICE,OPERATING,3.0,0.0,,False,1,0.0
lifecycle,42969dc451bbd28e8cd3cb77167facb14a589d75dcd5e0813872ce2c2bbe3f66,20260916,0.11.0,90,service,clocks,False,11,11,POWER#8,POWER,POWER_SERVICE,OPERATING,3.0,0.0,,False,0,0.0
lifecycle,42969dc451bbd28e8cd3cb77167facb14a589d75dcd5e0813872ce2c2bbe3f66,20260916,0.11.0,90,service,clocks,False,11,11,POWER#9,POWER,POWER_SERVICE,OPERATING,3.0,2.5,,False,0,0.0
lifecycle,42969dc451bbd28e8cd3cb77167facb14a589d75dcd5e0813872ce2c2bbe3f66,20260916,0.11.0,90,service,clocks,False,11,11,POWER#10,POWER,POWER_SERVICE,OPERATING,3.0,0.0,,False,0,0.0
lifecycle,42969dc451bbd28e8cd3cb77167facb14a589d75dcd5e0813872ce2c2bbe3f66,20260916,0.11.0,90,service,clocks,False,11,11,POWER#11,POWER,POWER_SERVICE,OPERATING,3.0,0.0,,False,0,0.0
lifecycle,42969dc451bbd28e8cd3cb77167facb14a589d75dcd5e0813872ce2c2bbe3f66,20260916,0.11.0,90,service,clocks,False,11,11,POWER#12,POWER,POWER_SERVICE,OPERATING,3.0,0.0,,False,0,0.0
lifecycle,42969dc451bbd28e8cd3cb77167facb14a589d75dcd5e0813872ce2c2bbe3f66,20260916,0.11.0,91,service,clocks,False,11,11,POWER#1,POWER,POWER_SERVICE,OPERATING,3.0,0.0,,False,1,0.0
lifecycle,42969dc451bbd28e8cd3cb77167facb14a589d75dcd5e0813872ce2c2bbe3f66,20260916,0.11.0,91,service,clocks,False,11,11,POWER#2,POWER,POWER_SERVICE,OPERATING,3.0,0.0,,False,1,0.0
lifecycle,42969dc451bbd28e8cd3cb77167facb14a589d75dcd5e0813872ce2c2bbe3f66,20260916,0.11.0,91,service,clocks,False,11,11,POWER#4,POWER,POWER_SERVICE,OPERATING,3.0,0.0,,False,1,0.0
lifecycle,42969dc451bbd28e8cd3cb77167facb14a589d75dcd5e0813872ce2c2bbe3f66,20260916,0.11.0,91,service,clocks,False,11,11,POWER#7,POWER,POWER_SERVICE,OPERATING,3.0,2.5,,False,0,0.0
lifecycle,42969dc451bbd28e8cd3cb77167facb14a589d75dcd5e0813872ce2c2bbe3f66,20260916,0.11.0,91,service,clocks,False,11,11,POWER#8,POWER,POWER_SERVICE,OPERATING,3.0,2.5,,False,0,0.0
lifecycle,42969dc451bbd28e8cd3cb77167facb14a589d75dcd5e0813872ce2c2bbe3f66,20260916,0.11.0,91,service,clocks,False,11,11,POWER#9,POWER,POWER_SERVICE,OPERATING,3.0,2.5,,False,0,0.0
lifecycle,42969dc451bbd28e8cd3cb77167facb14a589d75dcd5e0813872ce2c2bbe3f66,20260916,0.11.0,91,service,clocks,False,11,11,POWER#10,POWER,POWER_SERVICE,OPERATING,3.0,0.0,,False,0,0.0
lifecycle,42969dc451bbd28e8cd3cb77167facb14a589d75dcd5e0813872ce2c2bbe3f66,20260916,0.11.0,91,service,clocks,False,11,11,POWER#11,POWER,POWER_SERVICE,OPERATING,3.0,0.0,,False,0,0.0
lifecycle,42969dc451bbd28e8cd3cb77167facb14a589d75dcd5e0813872ce2c2bbe3f66,20260916,0.11.0,91,service,clocks,False,11,11,POWER#12,POWER,POWER_SERVICE,OPERATING,3.0,0.0,,False,0,0.0
lifecycle,42969dc451bbd28e8cd3cb77167facb14a589d75dcd5e0813872ce2c2bbe3f66,20260916,0.11.0,91,service,clocks,False,11,11,POWER#13,POWER,POWER_SERVICE,OPERATING,3.0,0.0,,False,0,0.0
lifecycle,42969dc451bbd28e8cd3cb77167facb14a589d75dcd5e0813872ce2c2bbe3f66,20260916,0.11.0,91,service,clocks,False,11,11,POWER#14,POWER,POWER_SERVICE,OPERATING,3.0,0.0,,False,0,0.0
lifecycle,42969dc451bbd28e8cd3cb77167facb14a589d75dcd5e0813872ce2c2bbe3f66,20260916,0.11.0,92,service,clocks,False,11,11,POWER#2,POWER,POWER_SERVICE,OPERATING,3.0,0.0,,False,1,0.0
lifecycle,42969dc451bbd28e8cd3cb77167facb14a589d75dcd5e0813872ce2c2bbe3f66,20260916,0.11.0,92,service,clocks,False,11,11,POWER#3,POWER,POWER_SERVICE,OPERATING,3.0,0.0,,False,1,0.0
lifecycle,42969dc451bbd28e8cd3cb77167facb14a589d75dcd5e0813872ce2c2bbe3f66,20260916,0.11.0,92,service,clocks,False,11,11,POWER#5,POWER,POWER_SERVICE,OPERATING,3.0,0.0,,False,1,0.0
lifecycle,42969dc451bbd28e8cd3cb77167facb14a589d75dcd5e0813872ce2c2bbe3f66,20260916,0.11.0,92,service,clocks,False,11,11,POWER#6,POWER,POWER_SERVICE,OPERATING,3.0,0.0,,False,1,0.0
lifecycle,42969dc451bbd28e8cd3cb77167facb14a589d75dcd5e0813872ce2c2bbe3f66,20260916,0.11.0,92,service,clocks,False,11,11,POWER#7,POWER,POWER_SERVICE,OPERATING,3.0,0.0,,False,0,0.0
lifecycle,42969dc451bbd28e8cd3cb77167facb14a589d75dcd5e0813872ce2c2bbe3f66,20260916,0.11.0,92,service,clocks,False,11,11,POWER#8,POWER,POWER_SERVICE,OPERATING,3.0,0.0,,False,0,0.0
lifecycle,42969dc451bbd28e8cd3cb77167facb14a589d75dcd5e0813872ce2c2bbe3f66,20260916,0.11.0,92,service,clocks,False,11,11,POWER#9,POWER,POWER_SERVICE,OPERATING,3.0,0.0,,False,0,0.0
lifecycle,42969dc451bbd28e8cd3cb77167facb14a589d75dcd5e0813872ce2c2bbe3f66,20260916,0.11.0,92,service,clocks,False,11,11,POWER#10,POWER,POWER_SERVICE,OPERATING,3.0,0.0,,False,0,0.0
lifecycle,42969dc451bbd28e8cd3cb77167facb14a589d75dcd5e0813872ce2c2bbe3f66,20260916,0.11.0,92,service,clocks,False,11,11,POWER#11,POWER,POWER_SERVICE,OPERATING,3.0,0.0,,False,0,0.0
lifecycle,42969dc451bbd28e8cd3cb77167facb14a589d75dcd5e0813872ce2c2bbe3f66,20260916,0.11.0,92,service,clocks,False,11,11,POWER#12,POWER,POWER_SERVICE,OPERATING,3.0,0.0,,False,0,0.0
lifecycle,42969dc451bbd28e8cd3cb77167facb14a589d75dcd5e0813872ce2c2bbe3f66,20260916,0.11.0,92,service,clocks,False,11,11,POWER#13,POWER,POWER_SERVICE,OPERATING,3.0,0.0,,False,0,0.0
lifecycle,42969dc451bbd28e8cd3cb77167facb14a589d75dcd5e0813872ce2c2bbe3f66,20260916,0.11.0,93,service,clocks,False,10,10,POWER#2,POWER,POWER_SERVICE,OPERATING,3.0,0.0,,False,1,0.0
lifecycle,42969dc451bbd28e8cd3cb77167facb14a589d75dcd5e0813872ce2c2bbe3f66,20260916,0.11.0,93,service,clocks,False,10,10,POWER#3,POWER,POWER_SERVICE,OPERATING,3.0,0.0,,False,1,0.0
lifecycle,42969dc451bbd28e8cd3cb77167facb14a589d75dcd5e0813872ce2c2bbe3f66,20260916,0.11.0,93,service,clocks,False,10,10,POWER#4,POWER,POWER_SERVICE,OPERATING,3.0,0.0,,False,1,0.0
lifecycle,42969dc451bbd28e8cd3cb77167facb14a589d75dcd5e0813872ce2c2bbe3f66,20260916,0.11.0,93,service,clocks,False,10,10,POWER#5,POWER,POWER_SERVICE,OPERATING,3.0,0.0,,False,1,0.0
lifecycle,42969dc451bbd28e8cd3cb77167facb14a589d75dcd5e0813872ce2c2bbe3f66,20260916,0.11.0,93,service,clocks,False,10,10,POWER#7,POWER,POWER_SERVICE,OPERATING,3.0,0.0,,False,1,0.0
lifecycle,42969dc451bbd28e8cd3cb77167facb14a589d75dcd5e0813872ce2c2bbe3f66,20260916,0.11.0,93,service,clocks,False,10,10,POWER#8,POWER,POWER_SERVICE,OPERATING,3.0,2.5,,False,0,0.0
lifecycle,42969dc451bbd28e8cd3cb77167facb14a589d75dcd5e0813872ce2c2bbe3f66,20260916,0.11.0,93,service,clocks,False,10,10,POWER#9,POWER,POWER_SERVICE,OPERATING,3.0,2.5,,False,0,0.0
lifecycle,42969dc451bbd28e8cd3cb77167facb14a589d75dcd5e0813872ce2c2bbe3f66,20260916,0.11.0,93,service,clocks,False,10,10,POWER#10,POWER,POWER_SERVICE,OPERATING,3.0,0.0,,False,0,0.0
lifecycle,42969dc451bbd28e8cd3cb77167facb14a589d75dcd5e0813872ce2c2bbe3f66,20260916,0.11.0,93,service,clocks,False,10,10,POWER#11,POWER,POWER_SERVICE,OPERATING,3.0,0.0,,False,0,0.0
lifecycle,42969dc451bbd28e8cd3cb77167facb14a589d75dcd5e0813872ce2c2bbe3f66,20260916,0.11.0,93,service,clocks,False,10,10,POWER#12,POWER,POWER_SERVICE,OPERATING,3.0,0.0,,False,0,0.0
lifecycle,42969dc451bbd28e8cd3cb77167facb14a589d75dcd5e0813872ce2c2bbe3f66,20260916,0.11.0,94,service,clocks,False,10,10,POWER#2,POWER,POWER_SERVICE,OPERATING,3.0,0.0,,False,1,0.0
lifecycle,42969dc451bbd28e8cd3cb77167facb14a589d75dcd5e0813872ce2c2bbe3f66,20260916,0.11.0,94,service,clocks,False,10,10,POWER#3,POWER,POWER_SERVICE,OPERATING,3.0,0.0,,False,1,0.0
lifecycle,42969dc451bbd28e8cd3cb77167facb14a589d75dcd5e0813872ce2c2bbe3f66,20260916,0.11.0,94,service,clocks,False,10,10,POWER#4,POWER,POWER_SERVICE,OPERATING,3.0,0.0,,False,1,0.0
lifecycle,42969dc451bbd28e8cd3cb77167facb14a589d75dcd5e0813872ce2c2bbe3f66,20260916,0.11.0,94,service,clocks,False,10,10,POWER#5,POWER,POWER_SERVICE,OPERATING,3.0,0.0,,False,1,0.0
lifecycle,42969dc451bbd28e8cd3cb77167facb14a589d75dcd5e0813872ce2c2bbe3f66,20260916,0.11.0,94,service,clocks,False,10,10,POWER#7,POWER,POWER_SERVICE,OPERATING,3.0,0.0,,False,1,0.0
lifecycle,42969dc451bbd28e8cd3cb77167facb14a589d75dcd5e0813872ce2c2bbe3f66,20260916,0.11.0,94,service,clocks,False,10,10,POWER#8,POWER,POWER_SERVICE,OPERATING,3.0,2.5,,False,0,0.0
lifecycle,42969dc451bbd28e8cd3cb77167facb14a589d75dcd5e0813872ce2c2bbe3f66,20260916,0.11.0,94,service,clocks,False,10,10,POWER#9,POWER,POWER_SERVICE,OPERATING,3.0,2.5,,False,0,0.0
lifecycle,42969dc451bbd28e8cd3cb77167facb14a589d75dcd5e0813872ce2c2bbe3f66,20260916,0.11.0,94,service,clocks,False,10,10,POWER#10,POWER,POWER_SERVICE,OPERATING,3.0,0.0,,False,0,0.0
lifecycle,42969dc451bbd28e8cd3cb77167facb14a589d75dcd5e0813872ce2c2bbe3f66,20260916,0.11.0,94,service,clocks,False,10,10,POWER#11,POWER,POWER_SERVICE,OPERATING,3.0,0.0,,False,0,0.0
lifecycle,42969dc451bbd28e8cd3cb77167facb14a589d75dcd5e0813872ce2c2bbe3f66,20260916,0.11.0,94,service,clocks,False,10,10,POWER#12,POWER,POWER_SERVICE,OPERATING,3.0,0.0,,False,0,0.0
lifecycle,42969dc451bbd28e8cd3cb77167facb14a589d75dcd5e0813872ce2c2bbe3f66,20260916,0.11.0,95,service,clocks,False,10,10,POWER#1,POWER,POWER_SERVICE,OPERATING,3.0,0.0,,False,1,0.0
lifecycle,42969dc451bbd28e8cd3cb77167facb14a589d75dcd5e0813872ce2c2bbe3f66,20260916,0.11.0,95,service,clocks,False,10,10,POWER#2,POWER,POWER_SERVICE,OPERATING,3.0,0.0,,False,1,0.0
lifecycle,42969dc451bbd28e8cd3cb77167facb14a589d75dcd5e0813872ce2c2bbe3f66,20260916,0.11.0,95,service,clocks,False,10,10,POWER#4,POWER,POWER_SERVICE,OPERATING,3.0,0.0,,False,1,0.0
lifecycle,42969dc451bbd28e8cd3cb77167facb14a589d75dcd5e0813872ce2c2bbe3f66,20260916,0.11.0,95,service,clocks,False,10,10,POWER#6,POWER,POWER_SERVICE,OPERATING,3.0,0.0,,False,1,0.0
lifecycle,42969dc451bbd28e8cd3cb77167facb14a589d75dcd5e0813872ce2c2bbe3f66,20260916,0.11.0,95,service,clocks,False,10,10,POWER#7,POWER,POWER_SERVICE,OPERATING,3.0,0.0,,False,0,0.0
lifecycle,42969dc451bbd28e8cd3cb77167facb14a589d75dcd5e0813872ce2c2bbe3f66,20260916,0.11.0,95,service,clocks,False,10,10,POWER#8,POWER,POWER_SERVICE,OPERATING,3.0,2.5,,False,0,0.0
lifecycle,42969dc451bbd28e8cd3cb77167facb14a589d75dcd5e0813872ce2c2bbe3f66,20260916,0.11.0,95,service,clocks,False,10,10,POWER#9,POWER,POWER_SERVICE,OPERATING,3.0,2.5,,False,0,0.0
lifecycle,42969dc451bbd28e8cd3cb77167facb14a589d75dcd5e0813872ce2c2bbe3f66,20260916,0.11.0,95,service,clocks,False,10,10,POWER#10,POWER,POWER_SERVICE,OPERATING,3.0,0.0,,False,0,0.0
lifecycle,42969dc451bbd28e8cd3cb77167facb14a589d75dcd5e0813872ce2c2bbe3f66,20260916,0.11.0,95,service,clocks,False,10,10,POWER#11,POWER,POWER_SERVICE,OPERATING,3.0,0.0,,False,0,0.0
lifecycle,42969dc451bbd28e8cd3cb77167facb14a589d75dcd5e0813872ce2c2bbe3f66,20260916,0.11.0,95,service,clocks,False,10,10,POWER#12,POWER,POWER_SERVICE,OPERATING,3.0,0.0,,False,0,0.0
lifecycle,42969dc451bbd28e8cd3cb77167facb14a589d75dcd5e0813872ce2c2bbe3f66,20260916,0.11.0,96,service,clocks,False,11,11,POWER#1,POWER,POWER_SERVICE,OPERATING,3.0,0.0,,False,1,0.0
lifecycle,42969dc451bbd28e8cd3cb77167facb14a589d75dcd5e0813872ce2c2bbe3f66,20260916,0.11.0,96,service,clocks,False,11,11,POWER#2,POWER,POWER_SERVICE,OPERATING,3.0,0.0,,False,1,0.0
lifecycle,42969dc451bbd28e8cd3cb77167facb14a589d75dcd5e0813872ce2c2bbe3f66,20260916,0.11.0,96,service,clocks,False,11,11,POWER#3,POWER,POWER_SERVICE,OPERATING,3.0,0.0,,False,1,0.0
lifecycle,42969dc451bbd28e8cd3cb77167facb14a589d75dcd5e0813872ce2c2bbe3f66,20260916,0.11.0,96,service,clocks,False,11,11,POWER#4,POWER,POWER_SERVICE,OPERATING,3.0,0.0,,False,1,0.0
lifecycle,42969dc451bbd28e8cd3cb77167facb14a589d75dcd5e0813872ce2c2bbe3f66,20260916,0.11.0,96,service,clocks,False,11,11,POWER#5,POWER,POWER_SERVICE,OPERATING,3.0,0.0,,False,1,0.0
lifecycle,42969dc451bbd28e8cd3cb77167facb14a589d75dcd5e0813872ce2c2bbe3f66,20260916,0.11.0,96,service,clocks,False,11,11,POWER#7,POWER,POWER_SERVICE,OPERATING,3.0,0.0,,False,1,0.0
lifecycle,42969dc451bbd28e8cd3cb77167facb14a589d75dcd5e0813872ce2c2bbe3f66,20260916,0.11.0,96,service,clocks,False,11,11,POWER#8,POWER,POWER_SERVICE,OPERATING,3.0,2.5,,False,0,0.0
lifecycle,42969dc451bbd28e8cd3cb77167facb14a589d75dcd5e0813872ce2c2bbe3f66,20260916,0.11.0,96,service,clocks,False,11,11,POWER#9,POWER,POWER_SERVICE,OPERATING,3.0,2.5,,False,0,0.0
lifecycle,42969dc451bbd28e8cd3cb77167facb14a589d75dcd5e0813872ce2c2bbe3f66,20260916,0.11.0,96,service,clocks,False,11,11,POWER#10,POWER,POWER_SERVICE,OPERATING,3.0,2.5,,False,0,0.0
lifecycle,42969dc451bbd28e8cd3cb77167facb14a589d75dcd5e0813872ce2c2bbe3f66,20260916,0.11.0,96,service,clocks,False,11,11,POWER#11,POWER,POWER_SERVICE,OPERATING,3.0,0.0,,False,0,0.0
lifecycle,42969dc451bbd28e8cd3cb77167facb14a589d75dcd5e0813872ce2c2bbe3f66,20260916,0.11.0,96,service,clocks,False,11,11,POWER#12,POWER,POWER_SERVICE,OPERATING,3.0,0.0,,False,0,0.0
lifecycle,42969dc451bbd28e8cd3cb77167facb14a589d75dcd5e0813872ce2c2bbe3f66,20260916,0.11.0,97,service,clocks,False,11,11,POWER#1,POWER,POWER_SERVICE,OPERATING,3.0,0.0,,False,1,0.0
lifecycle,42969dc451bbd28e8cd3cb77167facb14a589d75dcd5e0813872ce2c2bbe3f66,20260916,0.11.0,97,service,clocks,False,11,11,POWER#2,POWER,POWER_SERVICE,OPERATING,3.0,0.0,,False,1,0.0
lifecycle,42969dc451bbd28e8cd3cb77167facb14a589d75dcd5e0813872ce2c2bbe3f66,20260916,0.11.0,97,service,clocks,False,11,11,POWER#3,POWER,POWER_SERVICE,OPERATING,3.0,0.0,,False,1,0.0
lifecycle,42969dc451bbd28e8cd3cb77167facb14a589d75dcd5e0813872ce2c2bbe3f66,20260916,0.11.0,97,service,clocks,False,11,11,POWER#4,POWER,POWER_SERVICE,OPERATING,3.0,0.0,,False,0,0.0
lifecycle,42969dc451bbd28e8cd3cb77167facb14a589d75dcd5e0813872ce2c2bbe3f66,20260916,0.11.0,97,service,clocks,False,11,11,POWER#5,POWER,POWER_SERVICE,OPERATING,3.0,0.0,,False,1,0.0
lifecycle,42969dc451bbd28e8cd3cb77167facb14a589d75dcd5e0813872ce2c2bbe3f66,20260916,0.11.0,97,service,clocks,False,11,11,POWER#7,POWER,POWER_SERVICE,OPERATING,3.0,0.0,,False,1,0.0
lifecycle,42969dc451bbd28e8cd3cb77167facb14a589d75dcd5e0813872ce2c2bbe3f66,20260916,0.11.0,97,service,clocks,False,11,11,POWER#8,POWER,POWER_SERVICE,OPERATING,3.0,0.0,,False,1,0.0
lifecycle,42969dc451bbd28e8cd3cb77167facb14a589d75dcd5e0813872ce2c2bbe3f66,20260916,0.11.0,97,service,clocks,False,11,11,POWER#9,POWER,POWER_SERVICE,OPERATING,3.0,2.5,,False,0,0.0
lifecycle,42969dc451bbd28e8cd3cb77167facb14a589d75dcd5e0813872ce2c2bbe3f66,20260916,0.11.0,97,service,clocks,False,11,11,POWER#10,POWER,POWER_SERVICE,OPERATING,3.0,2.5,,False,0,0.0
lifecycle,42969dc451bbd28e8cd3cb77167facb14a589d75dcd5e0813872ce2c2bbe3f66,20260916,0.11.0,97,service,clocks,False,11,11,POWER#11,POWER,POWER_SERVICE,OPERATING,3.0,0.0,,False,0,0.0
lifecycle,42969dc451bbd28e8cd3cb77167facb14a589d75dcd5e0813872ce2c2bbe3f66,20260916,0.11.0,97,service,clocks,False,11,11,POWER#12,POWER,POWER_SERVICE,OPERATING,3.0,0.0,,False,0,0.0
lifecycle,42969dc451bbd28e8cd3cb77167facb14a589d75dcd5e0813872ce2c2bbe3f66,20260916,0.11.0,98,service,clocks,False,11,11,POWER#1,POWER,POWER_SERVICE,OPERATING,3.0,0.0,,False,1,0.0
lifecycle,42969dc451bbd28e8cd3cb77167facb14a589d75dcd5e0813872ce2c2bbe3f66,20260916,0.11.0,98,service,clocks,False,11,11,POWER#2,POWER,POWER_SERVICE,OPERATING,3.0,0.0,,False,0,0.0
lifecycle,42969dc451bbd28e8cd3cb77167facb14a589d75dcd5e0813872ce2c2bbe3f66,20260916,0.11.0,98,service,clocks,False,11,11,POWER#3,POWER,POWER_SERVICE,OPERATING,3.0,0.0,,False,1,0.0
lifecycle,42969dc451bbd28e8cd3cb77167facb14a589d75dcd5e0813872ce2c2bbe3f66,20260916,0.11.0,98,service,clocks,False,11,11,POWER#6,POWER,POWER_SERVICE,OPERATING,3.0,0.0,,False,1,0.0
lifecycle,42969dc451bbd28e8cd3cb77167facb14a589d75dcd5e0813872ce2c2bbe3f66,20260916,0.11.0,98,service,clocks,False,11,11,POWER#7,POWER,POWER_SERVICE,OPERATING,3.0,0.0,,False,1,0.0
lifecycle,42969dc451bbd28e8cd3cb77167facb14a589d75dcd5e0813872ce2c2bbe3f66,20260916,0.11.0,98,service,clocks,False,11,11,POWER#8,POWER,POWER_SERVICE,OPERATING,3.0,2.0692442371068225,,False,0,0.0
lifecycle,42969dc451bbd28e8cd3cb77167facb14a589d75dcd5e0813872ce2c2bbe3f66,20260916,0.11.0,98,service,clocks,False,11,11,POWER#9,POWER,POWER_SERVICE,OPERATING,3.0,2.5,,False,0,0.0
lifecycle,42969dc451bbd28e8cd3cb77167facb14a589d75dcd5e0813872ce2c2bbe3f66,20260916,0.11.0,98,service,clocks,False,11,11,POWER#10,POWER,POWER_SERVICE,OPERATING,3.0,0.0,,False,0,0.0
lifecycle,42969dc451bbd28e8cd3cb77167facb14a589d75dcd5e0813872ce2c2bbe3f66,20260916,0.11.0,98,service,clocks,False,11,11,POWER#11,POWER,POWER_SERVICE,OPERATING,3.0,0.0,,False,0,0.0
lifecycle,42969dc451bbd28e8cd3cb77167facb14a589d75dcd5e0813872ce2c2bbe3f66,20260916,0.11.0,98,service,clocks,False,11,11,POWER#12,POWER,POWER_SERVICE,OPERATING,3.0,0.0,,False,0,0.0
lifecycle,42969dc451bbd28e8cd3cb77167facb14a589d75dcd5e0813872ce2c2bbe3f66,20260916,0.11.0,98,service,clocks,False,11,11,POWER#13,POWER,POWER_SERVICE,OPERATING,3.0,0.0,,False,0,0.0
lifecycle,42969dc451bbd28e8cd3cb77167facb14a589d75dcd5e0813872ce2c2bbe3f66,20260916,0.11.0,99,service,clocks,False,10,10,POWER#1,POWER,POWER_SERVICE,OPERATING,3.0,0.0,,False,1,0.0
lifecycle,42969dc451bbd28e8cd3cb77167facb14a589d75dcd5e0813872ce2c2bbe3f66,20260916,0.11.0,99,service,clocks,False,10,10,POWER#2,POWER,POWER_SERVICE,OPERATING,3.0,0.0,,False,1,0.0
lifecycle,42969dc451bbd28e8cd3cb77167facb14a589d75dcd5e0813872ce2c2bbe3f66,20260916,0.11.0,99,service,clocks,False,10,10,POWER#3,POWER,POWER_SERVICE,OPERATING,3.0,0.0,,False,1,0.0
lifecycle,42969dc451bbd28e8cd3cb77167facb14a589d75dcd5e0813872ce2c2bbe3f66,20260916,0.11.0,99,service,clocks,False,10,10,POWER#6,POWER,POWER_SERVICE,OPERATING,3.0,0.0,,False,1,0.0
lifecycle,42969dc451bbd28e8cd3cb77167facb14a589d75dcd5e0813872ce2c2bbe3f66,20260916,0.11.0,99,service,clocks,False,10,10,POWER#7,POWER,POWER_SERVICE,OPERATING,3.0,0.0,,False,0,0.0
lifecycle,42969dc451bbd28e8cd3cb77167facb14a589d75dcd5e0813872ce2c2bbe3f66,20260916,0.11.0,99,service,clocks,False,10,10,POWER#8,POWER,POWER_SERVICE,OPERATING,3.0,2.5,,False,0,0.0
lifecycle,42969dc451bbd28e8cd3cb77167facb14a589d75dcd5e0813872ce2c2bbe3f66,20260916,0.11.0,99,service,clocks,False,10,10,POWER#9,POWER,POWER_SERVICE,OPERATING,3.0,2.5,,False,0,0.0
lifecycle,42969dc451bbd28e8cd3cb77167facb14a589d75dcd5e0813872ce2c2bbe3f66,20260916,0.11.0,99,service,clocks,False,10,10,POWER#10,POWER,POWER_SERVICE,OPERATING,3.0,0.0,,False,0,0.0
lifecycle,42969dc451bbd28e8cd3cb77167facb14a589d75dcd5e0813872ce2c2bbe3f66,20260916,0.11.0,99,service,clocks,False,10,10,POWER#11,POWER,POWER_SERVICE,OPERATING,3.0,0.0,,False,0,0.0
lifecycle,42969dc451bbd28e8cd3cb77167facb14a589d75dcd5e0813872ce2c2bbe3f66,20260916,0.11.0,99,service,clocks,False,10,10,POWER#12,POWER,POWER_SERVICE,OPERATING,3.0,0.0,,False,0,0.0
lifecycle,42969dc451bbd28e8cd3cb77167facb14a589d75dcd5e0813872ce2c2bbe3f66,20260916,0.11.0,100,service,clocks,False,10,10,POWER#1,POWER,POWER_SERVICE,OPERATING,3.0,0.0,,False,1,0.0
lifecycle,42969dc451bbd28e8cd3cb77167facb14a589d75dcd5e0813872ce2c2bbe3f66,20260916,0.11.0,100,service,clocks,False,10,10,POWER#3,POWER,POWER_SERVICE,OPERATING,3.0,0.0,,False,1,0.0
lifecycle,42969dc451bbd28e8cd3cb77167facb14a589d75dcd5e0813872ce2c2bbe3f66,20260916,0.11.0,100,service,clocks,False,10,10,POWER#4,POWER,POWER_SERVICE,OPERATING,3.0,0.0,,False,1,0.0
lifecycle,42969dc451bbd28e8cd3cb77167facb14a589d75dcd5e0813872ce2c2bbe3f66,20260916,0.11.0,100,service,clocks,False,10,10,POWER#5,POWER,POWER_SERVICE,OPERATING,3.0,0.0,,False,1,0.0
lifecycle,42969dc451bbd28e8cd3cb77167facb14a589d75dcd5e0813872ce2c2bbe3f66,20260916,0.11.0,100,service,clocks,False,10,10,POWER#7,POWER,POWER_SERVICE,OPERATING,3.0,0.0,,False,1,0.0
lifecycle,42969dc451bbd28e8cd3cb77167facb14a589d75dcd5e0813872ce2c2bbe3f66,20260916,0.11.0,100,service,clocks,False,10,10,POWER#8,POWER,POWER_SERVICE,OPERATING,3.0,2.5,,False,0,0.0
lifecycle,42969dc451bbd28e8cd3cb77167facb14a589d75dcd5e0813872ce2c2bbe3f66,20260916,0.11.0,100,service,clocks,False,10,10,POWER#9,POWER,POWER_SERVICE,OPERATING,3.0,2.5,,False,0,0.0
lifecycle,42969dc451bbd28e8cd3cb77167facb14a589d75dcd5e0813872ce2c2bbe3f66,20260916,0.11.0,100,service,clocks,False,10,10,POWER#10,POWER,POWER_SERVICE,OPERATING,3.0,0.0,,False,0,0.0
lifecycle,42969dc451bbd28e8cd3cb77167facb14a589d75dcd5e0813872ce2c2bbe3f66,20260916,0.11.0,100,service,clocks,False,10,10,POWER#11,POWER,POWER_SERVICE,OPERATING,3.0,0.0,,False,0,0.0
lifecycle,42969dc451bbd28e8cd3cb77167facb14a589d75dcd5e0813872ce2c2bbe3f66,20260916,0.11.0,100,service,clocks,False,10,10,POWER#12,POWER,POWER_SERVICE,OPERATING,3.0,0.0,,False,0,0.0
