run_id,model_hash,seed,engine,replication,section,dataset,details_truncated,detail_total,detail_retained,part,iid,parent,lifetime_hours,corrective_repairs,retired,retirement_due,site,location
lifecycle,42969dc451bbd28e8cd3cb77167facb14a589d75dcd5e0813872ce2c2bbe3f66,20260916,0.11.0,1,service,lifetimes,False,14,14,POWER#1,POWER,,7.5,0,True,LIMIT_H,BASE,retired
lifecycle,42969dc451bbd28e8cd3cb77167facb14a589d75dcd5e0813872ce2c2bbe3f66,20260916,0.11.0,1,service,lifetimes,False,14,14,POWER#2,POWER,,7.5,0,True,LIMIT_H,BASE,retired
lifecycle,42969dc451bbd28e8cd3cb77167facb14a589d75dcd5e0813872ce2c2bbe3f66,20260916,0.11.0,1,service,lifetimes,False,14,14,POWER#3,POWER,,5.0,0,False,,BASE,stock
lifecycle,42969dc451bbd28e8cd3cb77167facb14a589d75dcd5e0813872ce2c2bbe3f66,20260916,0.11.0,1,service,lifetimes,False,14,14,POWER#4,POWER,,5.0,0,False,,BASE,stock
lifecycle,42969dc451bbd28e8cd3cb77167facb14a589d75dcd5e0813872ce2c2bbe3f66,20260916,0.11.0,1,service,lifetimes,False,14,14,POWER#5,POWER,,6.729528594371196,1,True,LIMIT_H,BASE,retired
lifecycle,42969dc451bbd28e8cd3cb77167facb14a589d75dcd5e0813872ce2c2bbe3f66,20260916,0.11.0,1,service,lifetimes,False,14,14,POWER#6,POWER,,6.729528594371196,0,True,LIMIT_H,BASE,retired
lifecycle,42969dc451bbd28e8cd3cb77167facb14a589d75dcd5e0813872ce2c2bbe3f66,20260916,0.11.0,1,service,lifetimes,False,14,14,POWER#7,POWER,,2.5,0,False,,BASE,installed
lifecycle,42969dc451bbd28e8cd3cb77167facb14a589d75dcd5e0813872ce2c2bbe3f66,20260916,0.11.0,1,service,lifetimes,False,14,14,POWER#8,POWER,,2.5,0,False,,BASE,installed
lifecycle,42969dc451bbd28e8cd3cb77167facb14a589d75dcd5e0813872ce2c2bbe3f66,20260916,0.11.0,1,service,lifetimes,False,14,14,POWER#9,POWER,,0.0,0,False,,BASE,installed
lifecycle,42969dc451bbd28e8cd3cb77167facb14a589d75dcd5e0813872ce2c2bbe3f66,20260916,0.11.0,1,service,lifetimes,False,14,14,POWER#10,POWER,,0.0,0,False,,BASE,installed
lifecycle,42969dc451bbd28e8cd3cb77167facb14a589d75dcd5e0813872ce2c2bbe3f66,20260916,0.11.0,1,service,lifetimes,False,14,14,POWER#11,POWER,,0.0,0,False,,REGION,stock
lifecycle,42969dc451bbd28e8cd3cb77167facb14a589d75dcd5e0813872ce2c2bbe3f66,20260916,0.11.0,1,service,lifetimes,False,14,14,POWER#12,POWER,,0.0,0,False,,REGION,stock
lifecycle,42969dc451bbd28e8cd3cb77167facb14a589d75dcd5e0813872ce2c2bbe3f66,20260916,0.11.0,1,service,lifetimes,False,14,14,POWER#13,POWER,,0.0,0,False,,CENTER,stock
lifecycle,42969dc451bbd28e8cd3cb77167facb14a589d75dcd5e0813872ce2c2bbe3f66,20260916,0.11.0,1,service,lifetimes,False,14,14,POWER#14,POWER,,0.0,0,False,,CENTER,stock
lifecycle,42969dc451bbd28e8cd3cb77167facb14a589d75dcd5e0813872ce2c2bbe3f66,20260916,0.11.0,2,service,lifetimes,False,12,12,POWER#1,POWER,,5.0,0,False,,CENTER,stock
lifecycle,42969dc451bbd28e8cd3cb77167facb14a589d75dcd5e0813872ce2c2bbe3f66,20260916,0.11.0,2,service,lifetimes,False,12,12,POWER#2,POWER,,5.0,0,False,,BASE,installed
lifecycle,42969dc451bbd28e8cd3cb77167facb14a589d75dcd5e0813872ce2c2bbe3f66,20260916,0.11.0,2,service,lifetimes,False,12,12,POWER#3,POWER,,7.5,0,True,LIMIT_H,BASE,retired
lifecycle,42969dc451bbd28e8cd3cb77167facb14a589d75dcd5e0813872ce2c2bbe3f66,20260916,0.11.0,2,service,lifetimes,False,12,12,POWER#4,POWER,,5.0,0,False,,BASE,stock
lifecycle,42969dc451bbd28e8cd3cb77167facb14a589d75dcd5e0813872ce2c2bbe3f66,20260916,0.11.0,2,service,lifetimes,False,12,12,POWER#5,POWER,,5.0,0,False,,REGION,stock
lifecycle,42969dc451bbd28e8cd3cb77167facb14a589d75dcd5e0813872ce2c2bbe3f66,20260916,0.11.0,2,service,lifetimes,False,12,12,POWER#6,POWER,,7.5,0,True,LIMIT_H,BASE,retired
lifecycle,42969dc451bbd28e8cd3cb77167facb14a589d75dcd5e0813872ce2c2bbe3f66,20260916,0.11.0,2,service,lifetimes,False,12,12,POWER#7,POWER,,5.0,0,False,,BASE,installed
lifecycle,42969dc451bbd28e8cd3cb77167facb14a589d75dcd5e0813872ce2c2bbe3f66,20260916,0.11.0,2,service,lifetimes,False,12,12,POWER#8,POWER,,2.5,0,False,,BASE,installed
lifecycle,42969dc451bbd28e8cd3cb77167facb14a589d75dcd5e0813872ce2c2bbe3f66,20260916,0.11.0,2,service,lifetimes,False,12,12,POWER#9,POWER,,2.5,0,False,,BASE,installed
lifecycle,42969dc451bbd28e8cd3cb77167facb14a589d75dcd5e0813872ce2c2bbe3f66,20260916,0.11.0,2,service,lifetimes,False,12,12,POWER#10,POWER,,0.0,0,False,,BASE,stock
lifecycle,42969dc451bbd28e8cd3cb77167facb14a589d75dcd5e0813872ce2c2bbe3f66,20260916,0.11.0,2,service,lifetimes,False,12,12,POWER#11,POWER,,0.0,0,False,,REGION,stock
lifecycle,42969dc451bbd28e8cd3cb77167facb14a589d75dcd5e0813872ce2c2bbe3f66,20260916,0.11.0,2,service,lifetimes,False,12,12,POWER#12,POWER,,0.0,0,False,,CENTER,stock
lifecycle,42969dc451bbd28e8cd3cb77167facb14a589d75dcd5e0813872ce2c2bbe3f66,20260916,0.11.0,3,service,lifetimes,False,14,14,POWER#1,POWER,,7.5,0,True,LIMIT_H,BASE,retired
lifecycle,42969dc451bbd28e8cd3cb77167facb14a589d75dcd5e0813872ce2c2bbe3f66,20260916,0.11.0,3,service,lifetimes,False,14,14,POWER#2,POWER,,5.0,0,False,,BASE,installed
lifecycle,42969dc451bbd28e8cd3cb77167facb14a589d75dcd5e0813872ce2c2bbe3f66,20260916,0.11.0,3,service,lifetimes,False,14,14,POWER#3,POWER,,5.0,0,False,,BASE,stock
lifecycle,42969dc451bbd28e8cd3cb77167facb14a589d75dcd5e0813872ce2c2bbe3f66,20260916,0.11.0,3,service,lifetimes,False,14,14,POWER#4,POWER,,7.5,0,True,LIMIT_H,BASE,retired
lifecycle,42969dc451bbd28e8cd3cb77167facb14a589d75dcd5e0813872ce2c2bbe3f66,20260916,0.11.0,3,service,lifetimes,False,14,14,POWER#5,POWER,,6.320145924272847,0,True,LIMIT_H,BASE,retired
lifecycle,42969dc451bbd28e8cd3cb77167facb14a589d75dcd5e0813872ce2c2bbe3f66,20260916,0.11.0,3,service,lifetimes,False,14,14,POWER#6,POWER,,6.320145924272847,1,True,LIMIT_H,BASE,retired
lifecycle,42969dc451bbd28e8cd3cb77167facb14a589d75dcd5e0813872ce2c2bbe3f66,20260916,0.11.0,3,service,lifetimes,False,14,14,POWER#7,POWER,,2.5,0,False,,BASE,installed
lifecycle,42969dc451bbd28e8cd3cb77167facb14a589d75dcd5e0813872ce2c2bbe3f66,20260916,0.11.0,3,service,lifetimes,False,14,14,POWER#8,POWER,,2.5,0,False,,BASE,installed
lifecycle,42969dc451bbd28e8cd3cb77167facb14a589d75dcd5e0813872ce2c2bbe3f66,20260916,0.11.0,3,service,lifetimes,False,14,14,POWER#9,POWER,,0.0,0,False,,BASE,installed
lifecycle,42969dc451bbd28e8cd3cb77167facb14a589d75dcd5e0813872ce2c2bbe3f66,20260916,0.11.0,3,service,lifetimes,False,14,14,POWER#10,POWER,,0.0,0,False,,BASE,stock
lifecycle,42969dc451bbd28e8cd3cb77167facb14a589d75dcd5e0813872ce2c2bbe3f66,20260916,0.11.0,3,service,lifetimes,False,14,14,POWER#11,POWER,,0.0,0,False,,REGION,stock
lifecycle,42969dc451bbd28e8cd3cb77167facb14a589d75dcd5e0813872ce2c2bbe3f66,20260916,0.11.0,3,service,lifetimes,False,14,14,POWER#12,POWER,,0.0,0,False,,REGION,stock
lifecycle,42969dc451bbd28e8cd3cb77167facb14a589d75dcd5e0813872ce2c2bbe3f66,20260916,0.11.0,3,service,lifetimes,False,14,14,POWER#13,POWER,,0.0,0,False,,CENTER,stock
lifecycle,42969dc451bbd28e8cd3cb77167facb14a589d75dcd5e0813872ce2c2bbe3f66,20260916,0.11.0,3,service,lifetimes,False,14,14,POWER#14,POWER,,0.0,0,False,,CENTER,stock
lifecycle,42969dc451bbd28e8cd3cb77167facb14a589d75dcd5e0813872ce2c2bbe3f66,20260916,0.11.0,4,service,lifetimes,False,12,12,POWER#1,POWER,,5.0,0,False,,CENTER,stock
lifecycle,42969dc451bbd28e8cd3cb77167facb14a589d75dcd5e0813872ce2c2bbe3f66,20260916,0.11.0,4,service,lifetimes,False,12,12,POWER#2,POWER,,5.0,0,False,,CENTER,stock
lifecycle,42969dc451bbd28e8cd3cb77167facb14a589d75dcd5e0813872ce2c2bbe3f66,20260916,0.11.0,4,service,lifetimes,False,12,12,POWER#3,POWER,,5.0,0,False,,BASE,stock
lifecycle,42969dc451bbd28e8cd3cb77167facb14a589d75dcd5e0813872ce2c2bbe3f66,20260916,0.11.0,4,service,lifetimes,False,12,12,POWER#4,POWER,,5.0,0,False,,BASE,installed
lifecycle,42969dc451bbd28e8cd3cb77167facb14a589d75dcd5e0813872ce2c2bbe3f66,20260916,0.11.0,4,service,lifetimes,False,12,12,POWER#5,POWER,,5.0,0,False,,REGION,stock
lifecycle,42969dc451bbd28e8cd3cb77167facb14a589d75dcd5e0813872ce2c2bbe3f66,20260916,0.11.0,4,service,lifetimes,False,12,12,POWER#6,POWER,,7.5,0,True,LIMIT_H,BASE,retired
lifecycle,42969dc451bbd28e8cd3cb77167facb14a589d75dcd5e0813872ce2c2bbe3f66,20260916,0.11.0,4,service,lifetimes,False,12,12,POWER#7,POWER,,5.0,0,False,,CENTER,stock
lifecycle,42969dc451bbd28e8cd3cb77167facb14a589d75dcd5e0813872ce2c2bbe3f66,20260916,0.11.0,4,service,lifetimes,False,12,12,POWER#8,POWER,,2.5,0,False,,BASE,installed
lifecycle,42969dc451bbd28e8cd3cb77167facb14a589d75dcd5e0813872ce2c2bbe3f66,20260916,0.11.0,4,service,lifetimes,False,12,12,POWER#9,POWER,,2.5,0,False,,BASE,installed
lifecycle,42969dc451bbd28e8cd3cb77167facb14a589d75dcd5e0813872ce2c2bbe3f66,20260916,0.11.0,4,service,lifetimes,False,12,12,POWER#10,POWER,,2.5,0,False,,BASE,installed
lifecycle,42969dc451bbd28e8cd3cb77167facb14a589d75dcd5e0813872ce2c2bbe3f66,20260916,0.11.0,4,service,lifetimes,False,12,12,POWER#11,POWER,,0.0,0,False,,BASE,stock
lifecycle,42969dc451bbd28e8cd3cb77167facb14a589d75dcd5e0813872ce2c2bbe3f66,20260916,0.11.0,4,service,lifetimes,False,12,12,POWER#12,POWER,,0.0,0,False,,REGION,stock
lifecycle,42969dc451bbd28e8cd3cb77167facb14a589d75dcd5e0813872ce2c2bbe3f66,20260916,0.11.0,5,service,lifetimes,False,11,11,POWER#1,POWER,,5.0,0,False,,CENTER,stock
lifecycle,42969dc451bbd28e8cd3cb77167facb14a589d75dcd5e0813872ce2c2bbe3f66,20260916,0.11.0,5,service,lifetimes,False,11,11,POWER#2,POWER,,5.0,0,False,,BASE,installed
lifecycle,42969dc451bbd28e8cd3cb77167facb14a589d75dcd5e0813872ce2c2bbe3f66,20260916,0.11.0,5,service,lifetimes,False,11,11,POWER#3,POWER,,5.271460764114556,0,False,,REGION,stock
lifecycle,42969dc451bbd28e8cd3cb77167facb14a589d75dcd5e0813872ce2c2bbe3f66,20260916,0.11.0,5,service,lifetimes,False,11,11,POWER#4,POWER,,7.771460764114556,1,True,LIMIT_H,BASE,retired
lifecycle,42969dc451bbd28e8cd3cb77167facb14a589d75dcd5e0813872ce2c2bbe3f66,20260916,0.11.0,5,service,lifetimes,False,11,11,POWER#5,POWER,,5.0,0,False,,REGION,stock
lifecycle,42969dc451bbd28e8cd3cb77167facb14a589d75dcd5e0813872ce2c2bbe3f66,20260916,0.11.0,5,service,lifetimes,False,11,11,POWER#6,POWER,,5.0,0,False,,BASE,stock
lifecycle,42969dc451bbd28e8cd3cb77167facb14a589d75dcd5e0813872ce2c2bbe3f66,20260916,0.11.0,5,service,lifetimes,False,11,11,POWER#7,POWER,,3.8423154164541486,1,False,,BASE,installed
lifecycle,42969dc451bbd28e8cd3cb77167facb14a589d75dcd5e0813872ce2c2bbe3f66,20260916,0.11.0,5,service,lifetimes,False,11,11,POWER#8,POWER,,1.3423154164541486,0,False,,BASE,installed
lifecycle,42969dc451bbd28e8cd3cb77167facb14a589d75dcd5e0813872ce2c2bbe3f66,20260916,0.11.0,5,service,lifetimes,False,11,11,POWER#9,POWER,,0.0,0,False,,BASE,installed
lifecycle,42969dc451bbd28e8cd3cb77167facb14a589d75dcd5e0813872ce2c2bbe3f66,20260916,0.11.0,5,service,lifetimes,False,11,11,POWER#10,POWER,,0.0,0,False,,BASE,stock
lifecycle,42969dc451bbd28e8cd3cb77167facb14a589d75dcd5e0813872ce2c2bbe3f66,20260916,0.11.0,5,service,lifetimes,False,11,11,POWER#11,POWER,,0.0,0,False,,CENTER,stock
lifecycle,42969dc451bbd28e8cd3cb77167facb14a589d75dcd5e0813872ce2c2bbe3f66,20260916,0.11.0,6,service,lifetimes,False,12,12,POWER#1,POWER,,5.0,0,False,,REGION,stock
lifecycle,42969dc451bbd28e8cd3cb77167facb14a589d75dcd5e0813872ce2c2bbe3f66,20260916,0.11.0,6,service,lifetimes,False,12,12,POWER#2,POWER,,5.0,0,False,,BASE,installed
lifecycle,42969dc451bbd28e8cd3cb77167facb14a589d75dcd5e0813872ce2c2bbe3f66,20260916,0.11.0,6,service,lifetimes,False,12,12,POWER#3,POWER,,6.585639491293087,1,True,LIMIT_H,BASE,retired
lifecycle,42969dc451bbd28e8cd3cb77167facb14a589d75dcd5e0813872ce2c2bbe3f66,20260916,0.11.0,6,service,lifetimes,False,12,12,POWER#4,POWER,,4.085639491293087,0,False,,BASE,installed
lifecycle,42969dc451bbd28e8cd3cb77167facb14a589d75dcd5e0813872ce2c2bbe3f66,20260916,0.11.0,6,service,lifetimes,False,12,12,POWER#5,POWER,,5.0,0,False,,BASE,stock
lifecycle,42969dc451bbd28e8cd3cb77167facb14a589d75dcd5e0813872ce2c2bbe3f66,20260916,0.11.0,6,service,lifetimes,False,12,12,POWER#6,POWER,,5.0,0,False,,BASE,stock
lifecycle,42969dc451bbd28e8cd3cb77167facb14a589d75dcd5e0813872ce2c2bbe3f66,20260916,0.11.0,6,service,lifetimes,False,12,12,POWER#7,POWER,,5.0,0,False,,CENTER,stock
lifecycle,42969dc451bbd28e8cd3cb77167facb14a589d75dcd5e0813872ce2c2bbe3f66,20260916,0.11.0,6,service,lifetimes,False,12,12,POWER#8,POWER,,5.0,0,False,,CENTER,stock
lifecycle,42969dc451bbd28e8cd3cb77167facb14a589d75dcd5e0813872ce2c2bbe3f66,20260916,0.11.0,6,service,lifetimes,False,12,12,POWER#9,POWER,,2.5,0,False,,BASE,installed
lifecycle,42969dc451bbd28e8cd3cb77167facb14a589d75dcd5e0813872ce2c2bbe3f66,20260916,0.11.0,6,service,lifetimes,False,12,12,POWER#10,POWER,,0.0,0,False,,BASE,installed
lifecycle,42969dc451bbd28e8cd3cb77167facb14a589d75dcd5e0813872ce2c2bbe3f66,20260916,0.11.0,6,service,lifetimes,False,12,12,POWER#11,POWER,,0.0,0,False,,REGION,stock
lifecycle,42969dc451bbd28e8cd3cb77167facb14a589d75dcd5e0813872ce2c2bbe3f66,20260916,0.11.0,6,service,lifetimes,False,12,12,POWER#12,POWER,,0.0,0,False,,CENTER,stock
lifecycle,42969dc451bbd28e8cd3cb77167facb14a589d75dcd5e0813872ce2c2bbe3f66,20260916,0.11.0,7,service,lifetimes,False,12,12,POWER#1,POWER,,5.947194111487725,0,False,,BASE,installed
lifecycle,42969dc451bbd28e8cd3cb77167facb14a589d75dcd5e0813872ce2c2bbe3f66,20260916,0.11.0,7,service,lifetimes,False,12,12,POWER#2,POWER,,5.947194111487725,2,True,LIMIT_REPAIRS,BASE,retired
lifecycle,42969dc451bbd28e8cd3cb77167facb14a589d75dcd5e0813872ce2c2bbe3f66,20260916,0.11.0,7,service,lifetimes,False,12,12,POWER#3,POWER,,5.0,0,False,,REGION,stock
lifecycle,42969dc451bbd28e8cd3cb77167facb14a589d75dcd5e0813872ce2c2bbe3f66,20260916,0.11.0,7,service,lifetimes,False,12,12,POWER#4,POWER,,5.0,0,False,,BASE,stock
lifecycle,42969dc451bbd28e8cd3cb77167facb14a589d75dcd5e0813872ce2c2bbe3f66,20260916,0.11.0,7,service,lifetimes,False,12,12,POWER#5,POWER,,7.5,0,True,LIMIT_H,BASE,retired
lifecycle,42969dc451bbd28e8cd3cb77167facb14a589d75dcd5e0813872ce2c2bbe3f66,20260916,0.11.0,7,service,lifetimes,False,12,12,POWER#6,POWER,,5.0,0,False,,CENTER,stock
lifecycle,42969dc451bbd28e8cd3cb77167facb14a589d75dcd5e0813872ce2c2bbe3f66,20260916,0.11.0,7,service,lifetimes,False,12,12,POWER#7,POWER,,5.0,0,False,,BASE,installed
lifecycle,42969dc451bbd28e8cd3cb77167facb14a589d75dcd5e0813872ce2c2bbe3f66,20260916,0.11.0,7,service,lifetimes,False,12,12,POWER#8,POWER,,2.5,0,False,,BASE,installed
lifecycle,42969dc451bbd28e8cd3cb77167facb14a589d75dcd5e0813872ce2c2bbe3f66,20260916,0.11.0,7,service,lifetimes,False,12,12,POWER#9,POWER,,0.0,0,False,,BASE,installed
lifecycle,42969dc451bbd28e8cd3cb77167facb14a589d75dcd5e0813872ce2c2bbe3f66,20260916,0.11.0,7,service,lifetimes,False,12,12,POWER#10,POWER,,0.0,0,False,,BASE,stock
lifecycle,42969dc451bbd28e8cd3cb77167facb14a589d75dcd5e0813872ce2c2bbe3f66,20260916,0.11.0,7,service,lifetimes,False,12,12,POWER#11,POWER,,0.0,0,False,,REGION,stock
lifecycle,42969dc451bbd28e8cd3cb77167facb14a589d75dcd5e0813872ce2c2bbe3f66,20260916,0.11.0,7,service,lifetimes,False,12,12,POWER#12,POWER,,0.0,0,False,,CENTER,stock
lifecycle,42969dc451bbd28e8cd3cb77167facb14a589d75dcd5e0813872ce2c2bbe3f66,20260916,0.11.0,8,service,lifetimes,False,13,13,POWER#1,POWER,,6.13624584992435,0,True,LIMIT_H,BASE,retired
lifecycle,42969dc451bbd28e8cd3cb77167facb14a589d75dcd5e0813872ce2c2bbe3f66,20260916,0.11.0,8,service,lifetimes,False,13,13,POWER#2,POWER,,6.13624584992435,1,True,LIMIT_H,BASE,retired
lifecycle,42969dc451bbd28e8cd3cb77167facb14a589d75dcd5e0813872ce2c2bbe3f66,20260916,0.11.0,8,service,lifetimes,False,13,13,POWER#3,POWER,,5.0,0,False,,BASE,stock
lifecycle,42969dc451bbd28e8cd3cb77167facb14a589d75dcd5e0813872ce2c2bbe3f66,20260916,0.11.0,8,service,lifetimes,False,13,13,POWER#4,POWER,,5.0,0,False,,BASE,stock
lifecycle,42969dc451bbd28e8cd3cb77167facb14a589d75dcd5e0813872ce2c2bbe3f66,20260916,0.11.0,8,service,lifetimes,False,13,13,POWER#5,POWER,,7.5,0,True,LIMIT_H,BASE,retired
lifecycle,42969dc451bbd28e8cd3cb77167facb14a589d75dcd5e0813872ce2c2bbe3f66,20260916,0.11.0,8,service,lifetimes,False,13,13,POWER#6,POWER,,5.0,0,False,,CENTER,stock
lifecycle,42969dc451bbd28e8cd3cb77167facb14a589d75dcd5e0813872ce2c2bbe3f66,20260916,0.11.0,8,service,lifetimes,False,13,13,POWER#7,POWER,,5.0,0,False,,BASE,installed
lifecycle,42969dc451bbd28e8cd3cb77167facb14a589d75dcd5e0813872ce2c2bbe3f66,20260916,0.11.0,8,service,lifetimes,False,13,13,POWER#8,POWER,,2.5,0,False,,BASE,installed
lifecycle,42969dc451bbd28e8cd3cb77167facb14a589d75dcd5e0813872ce2c2bbe3f66,20260916,0.11.0,8,service,lifetimes,False,13,13,POWER#9,POWER,,0.0,0,False,,BASE,installed
lifecycle,42969dc451bbd28e8cd3cb77167facb14a589d75dcd5e0813872ce2c2bbe3f66,20260916,0.11.0,8,service,lifetimes,False,13,13,POWER#10,POWER,,0.0,0,False,,BASE,installed
lifecycle,42969dc451bbd28e8cd3cb77167facb14a589d75dcd5e0813872ce2c2bbe3f66,20260916,0.11.0,8,service,lifetimes,False,13,13,POWER#11,POWER,,0.0,0,False,,REGION,stock
lifecycle,42969dc451bbd28e8cd3cb77167facb14a589d75dcd5e0813872ce2c2bbe3f66,20260916,0.11.0,8,service,lifetimes,False,13,13,POWER#12,POWER,,0.0,0,False,,REGION,stock
lifecycle,42969dc451bbd28e8cd3cb77167facb14a589d75dcd5e0813872ce2c2bbe3f66,20260916,0.11.0,8,service,lifetimes,False,13,13,POWER#13,POWER,,0.0,0,False,,CENTER,stock
lifecycle,42969dc451bbd28e8cd3cb77167facb14a589d75dcd5e0813872ce2c2bbe3f66,20260916,0.11.0,9,service,lifetimes,False,12,12,POWER#1,POWER,,4.080965928306185,0,False,,CENTER,stock
lifecycle,42969dc451bbd28e8cd3cb77167facb14a589d75dcd5e0813872ce2c2bbe3f66,20260916,0.11.0,9,service,lifetimes,False,12,12,POWER#2,POWER,,1.5809659283061848,1,False,,CENTER,stock
lifecycle,42969dc451bbd28e8cd3cb77167facb14a589d75dcd5e0813872ce2c2bbe3f66,20260916,0.11.0,9,service,lifetimes,False,12,12,POWER#3,POWER,,5.0,0,False,,BASE,stock
lifecycle,42969dc451bbd28e8cd3cb77167facb14a589d75dcd5e0813872ce2c2bbe3f66,20260916,0.11.0,9,service,lifetimes,False,12,12,POWER#4,POWER,,5.0,0,False,,BASE,stock
lifecycle,42969dc451bbd28e8cd3cb77167facb14a589d75dcd5e0813872ce2c2bbe3f66,20260916,0.11.0,9,service,lifetimes,False,12,12,POWER#5,POWER,,7.5,0,True,LIMIT_H,BASE,retired
lifecycle,42969dc451bbd28e8cd3cb77167facb14a589d75dcd5e0813872ce2c2bbe3f66,20260916,0.11.0,9,service,lifetimes,False,12,12,POWER#6,POWER,,5.0,0,False,,CENTER,stock
lifecycle,42969dc451bbd28e8cd3cb77167facb14a589d75dcd5e0813872ce2c2bbe3f66,20260916,0.11.0,9,service,lifetimes,False,12,12,POWER#7,POWER,,5.0,0,False,,BASE,installed
lifecycle,42969dc451bbd28e8cd3cb77167facb14a589d75dcd5e0813872ce2c2bbe3f66,20260916,0.11.0,9,service,lifetimes,False,12,12,POWER#8,POWER,,5.0,0,False,,BASE,installed
lifecycle,42969dc451bbd28e8cd3cb77167facb14a589d75dcd5e0813872ce2c2bbe3f66,20260916,0.11.0,9,service,lifetimes,False,12,12,POWER#9,POWER,,2.5,0,False,,BASE,installed
lifecycle,42969dc451bbd28e8cd3cb77167facb14a589d75dcd5e0813872ce2c2bbe3f66,20260916,0.11.0,9,service,lifetimes,False,12,12,POWER#10,POWER,,2.5,0,False,,BASE,installed
lifecycle,42969dc451bbd28e8cd3cb77167facb14a589d75dcd5e0813872ce2c2bbe3f66,20260916,0.11.0,9,service,lifetimes,False,12,12,POWER#11,POWER,,0.0,0,False,,REGION,stock
lifecycle,42969dc451bbd28e8cd3cb77167facb14a589d75dcd5e0813872ce2c2bbe3f66,20260916,0.11.0,9,service,lifetimes,False,12,12,POWER#12,POWER,,0.0,0,False,,REGION,stock
lifecycle,42969dc451bbd28e8cd3cb77167facb14a589d75dcd5e0813872ce2c2bbe3f66,20260916,0.11.0,10,service,lifetimes,False,12,12,POWER#1,POWER,,5.0,0,False,,CENTER,stock
lifecycle,42969dc451bbd28e8cd3cb77167facb14a589d75dcd5e0813872ce2c2bbe3f66,20260916,0.11.0,10,service,lifetimes,False,12,12,POWER#2,POWER,,4.522688244436402,1,False,,BASE,installed
lifecycle,42969dc451bbd28e8cd3cb77167facb14a589d75dcd5e0813872ce2c2bbe3f66,20260916,0.11.0,10,service,lifetimes,False,12,12,POWER#3,POWER,,5.0,0,False,,BASE,stock
lifecycle,42969dc451bbd28e8cd3cb77167facb14a589d75dcd5e0813872ce2c2bbe3f66,20260916,0.11.0,10,service,lifetimes,False,12,12,POWER#4,POWER,,7.5,0,True,LIMIT_H,BASE,retired
lifecycle,42969dc451bbd28e8cd3cb77167facb14a589d75dcd5e0813872ce2c2bbe3f66,20260916,0.11.0,10,service,lifetimes,False,12,12,POWER#5,POWER,,5.0,0,False,,REGION,stock
lifecycle,42969dc451bbd28e8cd3cb77167facb14a589d75dcd5e0813872ce2c2bbe3f66,20260916,0.11.0,10,service,lifetimes,False,12,12,POWER#6,POWER,,5.0,0,False,,REGION,stock
lifecycle,42969dc451bbd28e8cd3cb77167facb14a589d75dcd5e0813872ce2c2bbe3f66,20260916,0.11.0,10,service,lifetimes,False,12,12,POWER#7,POWER,,4.522688244436402,0,False,,BASE,installed
lifecycle,42969dc451bbd28e8cd3cb77167facb14a589d75dcd5e0813872ce2c2bbe3f66,20260916,0.11.0,10,service,lifetimes,False,12,12,POWER#8,POWER,,5.0,0,False,,CENTER,stock
lifecycle,42969dc451bbd28e8cd3cb77167facb14a589d75dcd5e0813872ce2c2bbe3f66,20260916,0.11.0,10,service,lifetimes,False,12,12,POWER#9,POWER,,2.5,0,False,,BASE,installed
lifecycle,42969dc451bbd28e8cd3cb77167facb14a589d75dcd5e0813872ce2c2bbe3f66,20260916,0.11.0,10,service,lifetimes,False,12,12,POWER#10,POWER,,0.0,0,False,,BASE,installed
lifecycle,42969dc451bbd28e8cd3cb77167facb14a589d75dcd5e0813872ce2c2bbe3f66,20260916,0.11.0,10,service,lifetimes,False,12,12,POWER#11,POWER,,0.0,0,False,,BASE,stock
lifecycle,42969dc451bbd28e8cd3cb77167facb14a589d75dcd5e0813872ce2c2bbe3f66,20260916,0.11.0,10,service,lifetimes,False,12,12,POWER#12,POWER,,0.0,0,False,,CENTER,stock
lifecycle,42969dc451bbd28e8cd3cb77167facb14a589d75dcd5e0813872ce2c2bbe3f66,20260916,0.11.0,11,service,lifetimes,False,13,13,POWER#1,POWER,,5.0,0,False,,REGION,stock
lifecycle,42969dc451bbd28e8cd3cb77167facb14a589d75dcd5e0813872ce2c2bbe3f66,20260916,0.11.0,11,service,lifetimes,False,13,13,POWER#2,POWER,,3.767157424424049,1,False,,CENTER,stock
lifecycle,42969dc451bbd28e8cd3cb77167facb14a589d75dcd5e0813872ce2c2bbe3f66,20260916,0.11.0,11,service,lifetimes,False,13,13,POWER#3,POWER,,7.5,0,True,LIMIT_H,BASE,retired
lifecycle,42969dc451bbd28e8cd3cb77167facb14a589d75dcd5e0813872ce2c2bbe3f66,20260916,0.11.0,11,service,lifetimes,False,13,13,POWER#4,POWER,,5.0,0,False,,BASE,installed
lifecycle,42969dc451bbd28e8cd3cb77167facb14a589d75dcd5e0813872ce2c2bbe3f66,20260916,0.11.0,11,service,lifetimes,False,13,13,POWER#5,POWER,,7.5,0,True,LIMIT_H,BASE,retired
lifecycle,42969dc451bbd28e8cd3cb77167facb14a589d75dcd5e0813872ce2c2bbe3f66,20260916,0.11.0,11,service,lifetimes,False,13,13,POWER#6,POWER,,5.0,0,False,,BASE,stock
lifecycle,42969dc451bbd28e8cd3cb77167facb14a589d75dcd5e0813872ce2c2bbe3f66,20260916,0.11.0,11,service,lifetimes,False,13,13,POWER#7,POWER,,4.188363207554687,0,False,,BASE,installed
lifecycle,42969dc451bbd28e8cd3cb77167facb14a589d75dcd5e0813872ce2c2bbe3f66,20260916,0.11.0,11,service,lifetimes,False,13,13,POWER#8,POWER,,1.2671574244240489,0,False,,BASE,installed
lifecycle,42969dc451bbd28e8cd3cb77167facb14a589d75dcd5e0813872ce2c2bbe3f66,20260916,0.11.0,11,service,lifetimes,False,13,13,POWER#9,POWER,,1.688363207554687,1,False,,CENTER,stock
lifecycle,42969dc451bbd28e8cd3cb77167facb14a589d75dcd5e0813872ce2c2bbe3f66,20260916,0.11.0,11,service,lifetimes,False,13,13,POWER#10,POWER,,0.0,0,False,,BASE,installed
lifecycle,42969dc451bbd28e8cd3cb77167facb14a589d75dcd5e0813872ce2c2bbe3f66,20260916,0.11.0,11,service,lifetimes,False,13,13,POWER#11,POWER,,0.0,0,False,,BASE,stock
lifecycle,42969dc451bbd28e8cd3cb77167facb14a589d75dcd5e0813872ce2c2bbe3f66,20260916,0.11.0,11,service,lifetimes,False,13,13,POWER#12,POWER,,0.0,0,False,,REGION,stock
lifecycle,42969dc451bbd28e8cd3cb77167facb14a589d75dcd5e0813872ce2c2bbe3f66,20260916,0.11.0,11,service,lifetimes,False,13,13,POWER#13,POWER,,0.0,0,False,,CENTER,stock
lifecycle,42969dc451bbd28e8cd3cb77167facb14a589d75dcd5e0813872ce2c2bbe3f66,20260916,0.11.0,12,service,lifetimes,False,13,13,POWER#1,POWER,,3.8378644247344695,0,False,,REGION,stock
lifecycle,42969dc451bbd28e8cd3cb77167facb14a589d75dcd5e0813872ce2c2bbe3f66,20260916,0.11.0,12,service,lifetimes,False,13,13,POWER#2,POWER,,7.5,0,True,LIMIT_H,BASE,retired
lifecycle,42969dc451bbd28e8cd3cb77167facb14a589d75dcd5e0813872ce2c2bbe3f66,20260916,0.11.0,12,service,lifetimes,False,13,13,POWER#3,POWER,,7.5,0,True,LIMIT_H,BASE,retired
lifecycle,42969dc451bbd28e8cd3cb77167facb14a589d75dcd5e0813872ce2c2bbe3f66,20260916,0.11.0,12,service,lifetimes,False,13,13,POWER#4,POWER,,5.0,1,False,,BASE,stock
lifecycle,42969dc451bbd28e8cd3cb77167facb14a589d75dcd5e0813872ce2c2bbe3f66,20260916,0.11.0,12,service,lifetimes,False,13,13,POWER#5,POWER,,2.0479153832249573,1,False,,BASE,stock
lifecycle,42969dc451bbd28e8cd3cb77167facb14a589d75dcd5e0813872ce2c2bbe3f66,20260916,0.11.0,12,service,lifetimes,False,13,13,POWER#6,POWER,,8.385779807959427,1,True,LIMIT_H,BASE,retired
lifecycle,42969dc451bbd28e8cd3cb77167facb14a589d75dcd5e0813872ce2c2bbe3f66,20260916,0.11.0,12,service,lifetimes,False,13,13,POWER#7,POWER,,5.0,0,False,,BASE,installed
lifecycle,42969dc451bbd28e8cd3cb77167facb14a589d75dcd5e0813872ce2c2bbe3f66,20260916,0.11.0,12,service,lifetimes,False,13,13,POWER#8,POWER,,2.5,0,False,,BASE,installed
lifecycle,42969dc451bbd28e8cd3cb77167facb14a589d75dcd5e0813872ce2c2bbe3f66,20260916,0.11.0,12,service,lifetimes,False,13,13,POWER#9,POWER,,0.0,0,False,,BASE,installed
lifecycle,42969dc451bbd28e8cd3cb77167facb14a589d75dcd5e0813872ce2c2bbe3f66,20260916,0.11.0,12,service,lifetimes,False,13,13,POWER#10,POWER,,0.0,0,False,,BASE,installed
lifecycle,42969dc451bbd28e8cd3cb77167facb14a589d75dcd5e0813872ce2c2bbe3f66,20260916,0.11.0,12,service,lifetimes,False,13,13,POWER#11,POWER,,0.0,0,False,,REGION,stock
lifecycle,42969dc451bbd28e8cd3cb77167facb14a589d75dcd5e0813872ce2c2bbe3f66,20260916,0.11.0,12,service,lifetimes,False,13,13,POWER#12,POWER,,0.0,0,False,,CENTER,stock
lifecycle,42969dc451bbd28e8cd3cb77167facb14a589d75dcd5e0813872ce2c2bbe3f66,20260916,0.11.0,12,service,lifetimes,False,13,13,POWER#13,POWER,,0.0,0,False,,CENTER,stock
lifecycle,42969dc451bbd28e8cd3cb77167facb14a589d75dcd5e0813872ce2c2bbe3f66,20260916,0.11.0,13,service,lifetimes,False,14,14,POWER#1,POWER,,5.945548177158813,1,False,,CENTER,stock
lifecycle,42969dc451bbd28e8cd3cb77167facb14a589d75dcd5e0813872ce2c2bbe3f66,20260916,0.11.0,13,service,lifetimes,False,14,14,POWER#2,POWER,,5.0,0,False,,BASE,installed
lifecycle,42969dc451bbd28e8cd3cb77167facb14a589d75dcd5e0813872ce2c2bbe3f66,20260916,0.11.0,13,service,lifetimes,False,14,14,POWER#3,POWER,,7.5,0,True,LIMIT_H,BASE,retired
lifecycle,42969dc451bbd28e8cd3cb77167facb14a589d75dcd5e0813872ce2c2bbe3f66,20260916,0.11.0,13,service,lifetimes,False,14,14,POWER#4,POWER,,5.0,0,False,,BASE,stock
lifecycle,42969dc451bbd28e8cd3cb77167facb14a589d75dcd5e0813872ce2c2bbe3f66,20260916,0.11.0,13,service,lifetimes,False,14,14,POWER#5,POWER,,5.0,0,False,,REGION,stock
lifecycle,42969dc451bbd28e8cd3cb77167facb14a589d75dcd5e0813872ce2c2bbe3f66,20260916,0.11.0,13,service,lifetimes,False,14,14,POWER#6,POWER,,7.5,0,True,LIMIT_H,BASE,retired
lifecycle,42969dc451bbd28e8cd3cb77167facb14a589d75dcd5e0813872ce2c2bbe3f66,20260916,0.11.0,13,service,lifetimes,False,14,14,POWER#7,POWER,,3.4455481771588126,0,False,,CENTER,stock
lifecycle,42969dc451bbd28e8cd3cb77167facb14a589d75dcd5e0813872ce2c2bbe3f66,20260916,0.11.0,13,service,lifetimes,False,14,14,POWER#8,POWER,,2.5,0,False,,BASE,installed
lifecycle,42969dc451bbd28e8cd3cb77167facb14a589d75dcd5e0813872ce2c2bbe3f66,20260916,0.11.0,13,service,lifetimes,False,14,14,POWER#9,POWER,,0.0,0,False,,BASE,installed
lifecycle,42969dc451bbd28e8cd3cb77167facb14a589d75dcd5e0813872ce2c2bbe3f66,20260916,0.11.0,13,service,lifetimes,False,14,14,POWER#10,POWER,,0.0,0,False,,BASE,installed
lifecycle,42969dc451bbd28e8cd3cb77167facb14a589d75dcd5e0813872ce2c2bbe3f66,20260916,0.11.0,13,service,lifetimes,False,14,14,POWER#11,POWER,,0.0,0,False,,BASE,stock
lifecycle,42969dc451bbd28e8cd3cb77167facb14a589d75dcd5e0813872ce2c2bbe3f66,20260916,0.11.0,13,service,lifetimes,False,14,14,POWER#12,POWER,,0.0,0,False,,REGION,stock
lifecycle,42969dc451bbd28e8cd3cb77167facb14a589d75dcd5e0813872ce2c2bbe3f66,20260916,0.11.0,13,service,lifetimes,False,14,14,POWER#13,POWER,,0.0,0,False,,CENTER,stock
lifecycle,42969dc451bbd28e8cd3cb77167facb14a589d75dcd5e0813872ce2c2bbe3f66,20260916,0.11.0,13,service,lifetimes,False,14,14,POWER#14,POWER,,0.0,0,False,,CENTER,stock
lifecycle,42969dc451bbd28e8cd3cb77167facb14a589d75dcd5e0813872ce2c2bbe3f66,20260916,0.11.0,14,service,lifetimes,False,12,12,POWER#1,POWER,,5.0,0,False,,CENTER,stock
lifecycle,42969dc451bbd28e8cd3cb77167facb14a589d75dcd5e0813872ce2c2bbe3f66,20260916,0.11.0,14,service,lifetimes,False,12,12,POWER#2,POWER,,4.028411970613234,0,False,,BASE,installed
lifecycle,42969dc451bbd28e8cd3cb77167facb14a589d75dcd5e0813872ce2c2bbe3f66,20260916,0.11.0,14,service,lifetimes,False,12,12,POWER#3,POWER,,7.5,0,True,LIMIT_H,BASE,retired
lifecycle,42969dc451bbd28e8cd3cb77167facb14a589d75dcd5e0813872ce2c2bbe3f66,20260916,0.11.0,14,service,lifetimes,False,12,12,POWER#4,POWER,,5.0,0,False,,BASE,stock
lifecycle,42969dc451bbd28e8cd3cb77167facb14a589d75dcd5e0813872ce2c2bbe3f66,20260916,0.11.0,14,service,lifetimes,False,12,12,POWER#5,POWER,,7.5,0,True,LIMIT_H,BASE,retired
lifecycle,42969dc451bbd28e8cd3cb77167facb14a589d75dcd5e0813872ce2c2bbe3f66,20260916,0.11.0,14,service,lifetimes,False,12,12,POWER#6,POWER,,5.0,0,False,,REGION,stock
lifecycle,42969dc451bbd28e8cd3cb77167facb14a589d75dcd5e0813872ce2c2bbe3f66,20260916,0.11.0,14,service,lifetimes,False,12,12,POWER#7,POWER,,5.0,0,False,,BASE,installed
lifecycle,42969dc451bbd28e8cd3cb77167facb14a589d75dcd5e0813872ce2c2bbe3f66,20260916,0.11.0,14,service,lifetimes,False,12,12,POWER#8,POWER,,1.5284119706132344,1,False,,BASE,installed
lifecycle,42969dc451bbd28e8cd3cb77167facb14a589d75dcd5e0813872ce2c2bbe3f66,20260916,0.11.0,14,service,lifetimes,False,12,12,POWER#9,POWER,,2.5,0,False,,BASE,installed
lifecycle,42969dc451bbd28e8cd3cb77167facb14a589d75dcd5e0813872ce2c2bbe3f66,20260916,0.11.0,14,service,lifetimes,False,12,12,POWER#10,POWER,,0.0,0,False,,BASE,stock
lifecycle,42969dc451bbd28e8cd3cb77167facb14a589d75dcd5e0813872ce2c2bbe3f66,20260916,0.11.0,14,service,lifetimes,False,12,12,POWER#11,POWER,,0.0,0,False,,REGION,stock
lifecycle,42969dc451bbd28e8cd3cb77167facb14a589d75dcd5e0813872ce2c2bbe3f66,20260916,0.11.0,14,service,lifetimes,False,12,12,POWER#12,POWER,,0.0,0,False,,CENTER,stock
lifecycle,42969dc451bbd28e8cd3cb77167facb14a589d75dcd5e0813872ce2c2bbe3f66,20260916,0.11.0,15,service,lifetimes,False,13,13,POWER#1,POWER,,5.0,0,False,,REGION,stock
lifecycle,42969dc451bbd28e8cd3cb77167facb14a589d75dcd5e0813872ce2c2bbe3f66,20260916,0.11.0,15,service,lifetimes,False,13,13,POWER#2,POWER,,5.0,0,False,,CENTER,stock
lifecycle,42969dc451bbd28e8cd3cb77167facb14a589d75dcd5e0813872ce2c2bbe3f66,20260916,0.11.0,15,service,lifetimes,False,13,13,POWER#3,POWER,,5.0,0,False,,BASE,installed
lifecycle,42969dc451bbd28e8cd3cb77167facb14a589d75dcd5e0813872ce2c2bbe3f66,20260916,0.11.0,15,service,lifetimes,False,13,13,POWER#4,POWER,,7.5,0,True,LIMIT_H,BASE,retired
lifecycle,42969dc451bbd28e8cd3cb77167facb14a589d75dcd5e0813872ce2c2bbe3f66,20260916,0.11.0,15,service,lifetimes,False,13,13,POWER#5,POWER,,7.5,0,True,LIMIT_H,BASE,retired
lifecycle,42969dc451bbd28e8cd3cb77167facb14a589d75dcd5e0813872ce2c2bbe3f66,20260916,0.11.0,15,service,lifetimes,False,13,13,POWER#6,POWER,,5.0,0,False,,BASE,stock
lifecycle,42969dc451bbd28e8cd3cb77167facb14a589d75dcd5e0813872ce2c2bbe3f66,20260916,0.11.0,15,service,lifetimes,False,13,13,POWER#7,POWER,,5.0,0,False,,CENTER,stock
lifecycle,42969dc451bbd28e8cd3cb77167facb14a589d75dcd5e0813872ce2c2bbe3f66,20260916,0.11.0,15,service,lifetimes,False,13,13,POWER#8,POWER,,2.5,0,False,,BASE,installed
lifecycle,42969dc451bbd28e8cd3cb77167facb14a589d75dcd5e0813872ce2c2bbe3f66,20260916,0.11.0,15,service,lifetimes,False,13,13,POWER#9,POWER,,2.5,0,False,,BASE,installed
lifecycle,42969dc451bbd28e8cd3cb77167facb14a589d75dcd5e0813872ce2c2bbe3f66,20260916,0.11.0,15,service,lifetimes,False,13,13,POWER#10,POWER,,0.0,0,False,,BASE,installed
lifecycle,42969dc451bbd28e8cd3cb77167facb14a589d75dcd5e0813872ce2c2bbe3f66,20260916,0.11.0,15,service,lifetimes,False,13,13,POWER#11,POWER,,0.0,0,False,,BASE,stock
lifecycle,42969dc451bbd28e8cd3cb77167facb14a589d75dcd5e0813872ce2c2bbe3f66,20260916,0.11.0,15,service,lifetimes,False,13,13,POWER#12,POWER,,0.0,0,False,,REGION,stock
lifecycle,42969dc451bbd28e8cd3cb77167facb14a589d75dcd5e0813872ce2c2bbe3f66,20260916,0.11.0,15,service,lifetimes,False,13,13,POWER#13,POWER,,0.0,0,False,,CENTER,stock
lifecycle,42969dc451bbd28e8cd3cb77167facb14a589d75dcd5e0813872ce2c2bbe3f66,20260916,0.11.0,16,service,lifetimes,False,12,12,POWER#1,POWER,,5.0,0,False,,CENTER,stock
lifecycle,42969dc451bbd28e8cd3cb77167facb14a589d75dcd5e0813872ce2c2bbe3f66,20260916,0.11.0,16,service,lifetimes,False,12,12,POWER#2,POWER,,7.5,0,True,LIMIT_H,BASE,retired
lifecycle,42969dc451bbd28e8cd3cb77167facb14a589d75dcd5e0813872ce2c2bbe3f66,20260916,0.11.0,16,service,lifetimes,False,12,12,POWER#3,POWER,,4.9293039201377695,0,False,,BASE,installed
lifecycle,42969dc451bbd28e8cd3cb77167facb14a589d75dcd5e0813872ce2c2bbe3f66,20260916,0.11.0,16,service,lifetimes,False,12,12,POWER#4,POWER,,4.9293039201377695,1,False,,BASE,stock
lifecycle,42969dc451bbd28e8cd3cb77167facb14a589d75dcd5e0813872ce2c2bbe3f66,20260916,0.11.0,16,service,lifetimes,False,12,12,POWER#5,POWER,,5.0,0,False,,REGION,stock
lifecycle,42969dc451bbd28e8cd3cb77167facb14a589d75dcd5e0813872ce2c2bbe3f66,20260916,0.11.0,16,service,lifetimes,False,12,12,POWER#6,POWER,,7.5,0,True,LIMIT_H,BASE,retired
lifecycle,42969dc451bbd28e8cd3cb77167facb14a589d75dcd5e0813872ce2c2bbe3f66,20260916,0.11.0,16,service,lifetimes,False,12,12,POWER#7,POWER,,5.0,0,False,,CENTER,stock
lifecycle,42969dc451bbd28e8cd3cb77167facb14a589d75dcd5e0813872ce2c2bbe3f66,20260916,0.11.0,16,service,lifetimes,False,12,12,POWER#8,POWER,,2.5,0,False,,BASE,installed
lifecycle,42969dc451bbd28e8cd3cb77167facb14a589d75dcd5e0813872ce2c2bbe3f66,20260916,0.11.0,16,service,lifetimes,False,12,12,POWER#9,POWER,,2.5,0,False,,BASE,installed
lifecycle,42969dc451bbd28e8cd3cb77167facb14a589d75dcd5e0813872ce2c2bbe3f66,20260916,0.11.0,16,service,lifetimes,False,12,12,POWER#10,POWER,,0.0,0,False,,BASE,installed
lifecycle,42969dc451bbd28e8cd3cb77167facb14a589d75dcd5e0813872ce2c2bbe3f66,20260916,0.11.0,16,service,lifetimes,False,12,12,POWER#11,POWER,,0.0,0,False,,BASE,stock
lifecycle,42969dc451bbd28e8cd3cb77167facb14a589d75dcd5e0813872ce2c2bbe3f66,20260916,0.11.0,16,service,lifetimes,False,12,12,POWER#12,POWER,,0.0,0,False,,REGION,stock
lifecycle,42969dc451bbd28e8cd3cb77167facb14a589d75dcd5e0813872ce2c2bbe3f66,20260916,0.11.0,17,service,lifetimes,False,13,13,POWER#1,POWER,,7.5,0,True,LIMIT_H,BASE,retired
lifecycle,42969dc451bbd28e8cd3cb77167facb14a589d75dcd5e0813872ce2c2bbe3f66,20260916,0.11.0,17,service,lifetimes,False,13,13,POWER#2,POWER,,7.5,0,True,LIMIT_H,BASE,retired
lifecycle,42969dc451bbd28e8cd3cb77167facb14a589d75dcd5e0813872ce2c2bbe3f66,20260916,0.11.0,17,service,lifetimes,False,13,13,POWER#3,POWER,,5.0,0,False,,BASE,stock
lifecycle,42969dc451bbd28e8cd3cb77167facb14a589d75dcd5e0813872ce2c2bbe3f66,20260916,0.11.0,17,service,lifetimes,False,13,13,POWER#4,POWER,,5.0,0,False,,BASE,installed
lifecycle,42969dc451bbd28e8cd3cb77167facb14a589d75dcd5e0813872ce2c2bbe3f66,20260916,0.11.0,17,service,lifetimes,False,13,13,POWER#5,POWER,,7.5,0,True,LIMIT_H,BASE,retired
lifecycle,42969dc451bbd28e8cd3cb77167facb14a589d75dcd5e0813872ce2c2bbe3f66,20260916,0.11.0,17,service,lifetimes,False,13,13,POWER#6,POWER,,5.0,0,False,,REGION,stock
lifecycle,42969dc451bbd28e8cd3cb77167facb14a589d75dcd5e0813872ce2c2bbe3f66,20260916,0.11.0,17,service,lifetimes,False,13,13,POWER#7,POWER,,5.0,0,False,,CENTER,stock
lifecycle,42969dc451bbd28e8cd3cb77167facb14a589d75dcd5e0813872ce2c2bbe3f66,20260916,0.11.0,17,service,lifetimes,False,13,13,POWER#8,POWER,,2.5,0,False,,BASE,installed
lifecycle,42969dc451bbd28e8cd3cb77167facb14a589d75dcd5e0813872ce2c2bbe3f66,20260916,0.11.0,17,service,lifetimes,False,13,13,POWER#9,POWER,,0.0,0,False,,BASE,installed
lifecycle,42969dc451bbd28e8cd3cb77167facb14a589d75dcd5e0813872ce2c2bbe3f66,20260916,0.11.0,17,service,lifetimes,False,13,13,POWER#10,POWER,,0.0,0,False,,BASE,installed
lifecycle,42969dc451bbd28e8cd3cb77167facb14a589d75dcd5e0813872ce2c2bbe3f66,20260916,0.11.0,17,service,lifetimes,False,13,13,POWER#11,POWER,,0.0,0,False,,BASE,stock
lifecycle,42969dc451bbd28e8cd3cb77167facb14a589d75dcd5e0813872ce2c2bbe3f66,20260916,0.11.0,17,service,lifetimes,False,13,13,POWER#12,POWER,,0.0,0,False,,REGION,stock
lifecycle,42969dc451bbd28e8cd3cb77167facb14a589d75dcd5e0813872ce2c2bbe3f66,20260916,0.11.0,17,service,lifetimes,False,13,13,POWER#13,POWER,,0.0,0,False,,CENTER,stock
lifecycle,42969dc451bbd28e8cd3cb77167facb14a589d75dcd5e0813872ce2c2bbe3f66,20260916,0.11.0,18,service,lifetimes,False,11,11,POWER#1,POWER,,5.0,0,False,,CENTER,stock
lifecycle,42969dc451bbd28e8cd3cb77167facb14a589d75dcd5e0813872ce2c2bbe3f66,20260916,0.11.0,18,service,lifetimes,False,11,11,POWER#2,POWER,,5.0,1,False,,BASE,installed
lifecycle,42969dc451bbd28e8cd3cb77167facb14a589d75dcd5e0813872ce2c2bbe3f66,20260916,0.11.0,18,service,lifetimes,False,11,11,POWER#3,POWER,,5.0,0,False,,BASE,stock
lifecycle,42969dc451bbd28e8cd3cb77167facb14a589d75dcd5e0813872ce2c2bbe3f66,20260916,0.11.0,18,service,lifetimes,False,11,11,POWER#4,POWER,,7.5,0,True,LIMIT_H,BASE,retired
lifecycle,42969dc451bbd28e8cd3cb77167facb14a589d75dcd5e0813872ce2c2bbe3f66,20260916,0.11.0,18,service,lifetimes,False,11,11,POWER#5,POWER,,5.0,0,False,,REGION,stock
lifecycle,42969dc451bbd28e8cd3cb77167facb14a589d75dcd5e0813872ce2c2bbe3f66,20260916,0.11.0,18,service,lifetimes,False,11,11,POWER#6,POWER,,5.0,0,False,,REGION,stock
lifecycle,42969dc451bbd28e8cd3cb77167facb14a589d75dcd5e0813872ce2c2bbe3f66,20260916,0.11.0,18,service,lifetimes,False,11,11,POWER#7,POWER,,5.0,0,False,,CENTER,stock
lifecycle,42969dc451bbd28e8cd3cb77167facb14a589d75dcd5e0813872ce2c2bbe3f66,20260916,0.11.0,18,service,lifetimes,False,11,11,POWER#8,POWER,,5.0,0,False,,BASE,installed
lifecycle,42969dc451bbd28e8cd3cb77167facb14a589d75dcd5e0813872ce2c2bbe3f66,20260916,0.11.0,18,service,lifetimes,False,11,11,POWER#9,POWER,,2.5,0,False,,BASE,installed
lifecycle,42969dc451bbd28e8cd3cb77167facb14a589d75dcd5e0813872ce2c2bbe3f66,20260916,0.11.0,18,service,lifetimes,False,11,11,POWER#10,POWER,,0.0,0,False,,BASE,installed
lifecycle,42969dc451bbd28e8cd3cb77167facb14a589d75dcd5e0813872ce2c2bbe3f66,20260916,0.11.0,18,service,lifetimes,False,11,11,POWER#11,POWER,,0.0,0,False,,BASE,stock
lifecycle,42969dc451bbd28e8cd3cb77167facb14a589d75dcd5e0813872ce2c2bbe3f66,20260916,0.11.0,19,service,lifetimes,False,13,13,POWER#1,POWER,,5.0,0,False,,BASE,installed
lifecycle,42969dc451bbd28e8cd3cb77167facb14a589d75dcd5e0813872ce2c2bbe3f66,20260916,0.11.0,19,service,lifetimes,False,13,13,POWER#2,POWER,,3.312507581027546,0,False,,BASE,installed
lifecycle,42969dc451bbd28e8cd3cb77167facb14a589d75dcd5e0813872ce2c2bbe3f66,20260916,0.11.0,19,service,lifetimes,False,13,13,POWER#3,POWER,,7.5,0,True,LIMIT_H,BASE,retired
lifecycle,42969dc451bbd28e8cd3cb77167facb14a589d75dcd5e0813872ce2c2bbe3f66,20260916,0.11.0,19,service,lifetimes,False,13,13,POWER#4,POWER,,7.5,0,True,LIMIT_H,BASE,retired
lifecycle,42969dc451bbd28e8cd3cb77167facb14a589d75dcd5e0813872ce2c2bbe3f66,20260916,0.11.0,19,service,lifetimes,False,13,13,POWER#5,POWER,,5.0,0,False,,BASE,stock
lifecycle,42969dc451bbd28e8cd3cb77167facb14a589d75dcd5e0813872ce2c2bbe3f66,20260916,0.11.0,19,service,lifetimes,False,13,13,POWER#6,POWER,,7.5,0,True,LIMIT_H,BASE,retired
lifecycle,42969dc451bbd28e8cd3cb77167facb14a589d75dcd5e0813872ce2c2bbe3f66,20260916,0.11.0,19,service,lifetimes,False,13,13,POWER#7,POWER,,3.312507581027546,1,False,,CENTER,stock
lifecycle,42969dc451bbd28e8cd3cb77167facb14a589d75dcd5e0813872ce2c2bbe3f66,20260916,0.11.0,19,service,lifetimes,False,13,13,POWER#8,POWER,,2.5,0,False,,BASE,installed
lifecycle,42969dc451bbd28e8cd3cb77167facb14a589d75dcd5e0813872ce2c2bbe3f66,20260916,0.11.0,19,service,lifetimes,False,13,13,POWER#9,POWER,,0.0,0,False,,BASE,installed
lifecycle,42969dc451bbd28e8cd3cb77167facb14a589d75dcd5e0813872ce2c2bbe3f66,20260916,0.11.0,19,service,lifetimes,False,13,13,POWER#10,POWER,,0.0,0,False,,BASE,stock
lifecycle,42969dc451bbd28e8cd3cb77167facb14a589d75dcd5e0813872ce2c2bbe3f66,20260916,0.11.0,19,service,lifetimes,False,13,13,POWER#11,POWER,,0.0,0,False,,REGION,stock
lifecycle,42969dc451bbd28e8cd3cb77167facb14a589d75dcd5e0813872ce2c2bbe3f66,20260916,0.11.0,19,service,lifetimes,False,13,13,POWER#12,POWER,,0.0,0,False,,REGION,stock
lifecycle,42969dc451bbd28e8cd3cb77167facb14a589d75dcd5e0813872ce2c2bbe3f66,20260916,0.11.0,19,service,lifetimes,False,13,13,POWER#13,POWER,,0.0,0,False,,CENTER,stock
lifecycle,42969dc451bbd28e8cd3cb77167facb14a589d75dcd5e0813872ce2c2bbe3f66,20260916,0.11.0,20,service,lifetimes,False,12,12,POWER#1,POWER,,5.0,0,False,,BASE,stock
lifecycle,42969dc451bbd28e8cd3cb77167facb14a589d75dcd5e0813872ce2c2bbe3f66,20260916,0.11.0,20,service,lifetimes,False,12,12,POWER#2,POWER,,5.0,1,False,,CENTER,stock
lifecycle,42969dc451bbd28e8cd3cb77167facb14a589d75dcd5e0813872ce2c2bbe3f66,20260916,0.11.0,20,service,lifetimes,False,12,12,POWER#3,POWER,,5.447751139948373,0,False,,BASE,stock
lifecycle,42969dc451bbd28e8cd3cb77167facb14a589d75dcd5e0813872ce2c2bbe3f66,20260916,0.11.0,20,service,lifetimes,False,12,12,POWER#4,POWER,,0.4477511399483731,1,False,,BASE,installed
lifecycle,42969dc451bbd28e8cd3cb77167facb14a589d75dcd5e0813872ce2c2bbe3f66,20260916,0.11.0,20,service,lifetimes,False,12,12,POWER#5,POWER,,7.5,0,True,LIMIT_H,BASE,retired
lifecycle,42969dc451bbd28e8cd3cb77167facb14a589d75dcd5e0813872ce2c2bbe3f66,20260916,0.11.0,20,service,lifetimes,False,12,12,POWER#6,POWER,,5.0,0,False,,BASE,installed
lifecycle,42969dc451bbd28e8cd3cb77167facb14a589d75dcd5e0813872ce2c2bbe3f66,20260916,0.11.0,20,service,lifetimes,False,12,12,POWER#7,POWER,,2.229964064091689,1,False,,REGION,stock
lifecycle,42969dc451bbd28e8cd3cb77167facb14a589d75dcd5e0813872ce2c2bbe3f66,20260916,0.11.0,20,service,lifetimes,False,12,12,POWER#8,POWER,,4.729964064091689,0,False,,CENTER,stock
lifecycle,42969dc451bbd28e8cd3cb77167facb14a589d75dcd5e0813872ce2c2bbe3f66,20260916,0.11.0,20,service,lifetimes,False,12,12,POWER#9,POWER,,2.5,0,False,,BASE,installed
lifecycle,42969dc451bbd28e8cd3cb77167facb14a589d75dcd5e0813872ce2c2bbe3f66,20260916,0.11.0,20,service,lifetimes,False,12,12,POWER#10,POWER,,2.5,0,False,,BASE,installed
lifecycle,42969dc451bbd28e8cd3cb77167facb14a589d75dcd5e0813872ce2c2bbe3f66,20260916,0.11.0,20,service,lifetimes,False,12,12,POWER#11,POWER,,0.0,0,False,,REGION,stock
lifecycle,42969dc451bbd28e8cd3cb77167facb14a589d75dcd5e0813872ce2c2bbe3f66,20260916,0.11.0,20,service,lifetimes,False,12,12,POWER#12,POWER,,0.0,0,False,,CENTER,stock
lifecycle,42969dc451bbd28e8cd3cb77167facb14a589d75dcd5e0813872ce2c2bbe3f66,20260916,0.11.0,21,service,lifetimes,False,12,12,POWER#1,POWER,,5.0,0,False,,CENTER,stock
lifecycle,42969dc451bbd28e8cd3cb77167facb14a589d75dcd5e0813872ce2c2bbe3f66,20260916,0.11.0,21,service,lifetimes,False,12,12,POWER#2,POWER,,5.0,0,False,,BASE,installed
lifecycle,42969dc451bbd28e8cd3cb77167facb14a589d75dcd5e0813872ce2c2bbe3f66,20260916,0.11.0,21,service,lifetimes,False,12,12,POWER#3,POWER,,5.0,0,False,,BASE,stock
lifecycle,42969dc451bbd28e8cd3cb77167facb14a589d75dcd5e0813872ce2c2bbe3f66,20260916,0.11.0,21,service,lifetimes,False,12,12,POWER#4,POWER,,7.5,0,True,LIMIT_H,BASE,retired
lifecycle,42969dc451bbd28e8cd3cb77167facb14a589d75dcd5e0813872ce2c2bbe3f66,20260916,0.11.0,21,service,lifetimes,False,12,12,POWER#5,POWER,,5.0,0,False,,REGION,stock
lifecycle,42969dc451bbd28e8cd3cb77167facb14a589d75dcd5e0813872ce2c2bbe3f66,20260916,0.11.0,21,service,lifetimes,False,12,12,POWER#6,POWER,,5.0,0,False,,REGION,stock
lifecycle,42969dc451bbd28e8cd3cb77167facb14a589d75dcd5e0813872ce2c2bbe3f66,20260916,0.11.0,21,service,lifetimes,False,12,12,POWER#7,POWER,,5.0,0,False,,BASE,installed
lifecycle,42969dc451bbd28e8cd3cb77167facb14a589d75dcd5e0813872ce2c2bbe3f66,20260916,0.11.0,21,service,lifetimes,False,12,12,POWER#8,POWER,,5.0,0,False,,CENTER,stock
lifecycle,42969dc451bbd28e8cd3cb77167facb14a589d75dcd5e0813872ce2c2bbe3f66,20260916,0.11.0,21,service,lifetimes,False,12,12,POWER#9,POWER,,2.5,0,False,,BASE,installed
lifecycle,42969dc451bbd28e8cd3cb77167facb14a589d75dcd5e0813872ce2c2bbe3f66,20260916,0.11.0,21,service,lifetimes,False,12,12,POWER#10,POWER,,0.0,0,False,,BASE,installed
lifecycle,42969dc451bbd28e8cd3cb77167facb14a589d75dcd5e0813872ce2c2bbe3f66,20260916,0.11.0,21,service,lifetimes,False,12,12,POWER#11,POWER,,0.0,0,False,,BASE,stock
lifecycle,42969dc451bbd28e8cd3cb77167facb14a589d75dcd5e0813872ce2c2bbe3f66,20260916,0.11.0,21,service,lifetimes,False,12,12,POWER#12,POWER,,0.0,0,False,,CENTER,stock
lifecycle,42969dc451bbd28e8cd3cb77167facb14a589d75dcd5e0813872ce2c2bbe3f66,20260916,0.11.0,22,service,lifetimes,False,12,12,POWER#1,POWER,,5.0,0,False,,CENTER,stock
lifecycle,42969dc451bbd28e8cd3cb77167facb14a589d75dcd5e0813872ce2c2bbe3f66,20260916,0.11.0,22,service,lifetimes,False,12,12,POWER#2,POWER,,5.0,0,False,,BASE,installed
lifecycle,42969dc451bbd28e8cd3cb77167facb14a589d75dcd5e0813872ce2c2bbe3f66,20260916,0.11.0,22,service,lifetimes,False,12,12,POWER#3,POWER,,7.5,1,True,LIMIT_H,BASE,retired
lifecycle,42969dc451bbd28e8cd3cb77167facb14a589d75dcd5e0813872ce2c2bbe3f66,20260916,0.11.0,22,service,lifetimes,False,12,12,POWER#4,POWER,,5.0,0,False,,BASE,stock
lifecycle,42969dc451bbd28e8cd3cb77167facb14a589d75dcd5e0813872ce2c2bbe3f66,20260916,0.11.0,22,service,lifetimes,False,12,12,POWER#5,POWER,,3.333640400741942,1,False,,REGION,stock
lifecycle,42969dc451bbd28e8cd3cb77167facb14a589d75dcd5e0813872ce2c2bbe3f66,20260916,0.11.0,22,service,lifetimes,False,12,12,POWER#6,POWER,,8.333640400741942,0,True,LIMIT_H,BASE,retired
lifecycle,42969dc451bbd28e8cd3cb77167facb14a589d75dcd5e0813872ce2c2bbe3f66,20260916,0.11.0,22,service,lifetimes,False,12,12,POWER#7,POWER,,5.0,0,False,,BASE,installed
lifecycle,42969dc451bbd28e8cd3cb77167facb14a589d75dcd5e0813872ce2c2bbe3f66,20260916,0.11.0,22,service,lifetimes,False,12,12,POWER#8,POWER,,2.5,0,False,,BASE,installed
lifecycle,42969dc451bbd28e8cd3cb77167facb14a589d75dcd5e0813872ce2c2bbe3f66,20260916,0.11.0,22,service,lifetimes,False,12,12,POWER#9,POWER,,0.0,0,False,,BASE,installed
lifecycle,42969dc451bbd28e8cd3cb77167facb14a589d75dcd5e0813872ce2c2bbe3f66,20260916,0.11.0,22,service,lifetimes,False,12,12,POWER#10,POWER,,0.0,0,False,,BASE,stock
lifecycle,42969dc451bbd28e8cd3cb77167facb14a589d75dcd5e0813872ce2c2bbe3f66,20260916,0.11.0,22,service,lifetimes,False,12,12,POWER#11,POWER,,0.0,0,False,,REGION,stock
lifecycle,42969dc451bbd28e8cd3cb77167facb14a589d75dcd5e0813872ce2c2bbe3f66,20260916,0.11.0,22,service,lifetimes,False,12,12,POWER#12,POWER,,0.0,0,False,,CENTER,stock
lifecycle,42969dc451bbd28e8cd3cb77167facb14a589d75dcd5e0813872ce2c2bbe3f66,20260916,0.11.0,23,service,lifetimes,False,14,14,POWER#1,POWER,,2.437526309285751,1,False,,BASE,stock
lifecycle,42969dc451bbd28e8cd3cb77167facb14a589d75dcd5e0813872ce2c2bbe3f66,20260916,0.11.0,23,service,lifetimes,False,14,14,POWER#2,POWER,,5.0,0,False,,CENTER,stock
lifecycle,42969dc451bbd28e8cd3cb77167facb14a589d75dcd5e0813872ce2c2bbe3f66,20260916,0.11.0,23,service,lifetimes,False,14,14,POWER#3,POWER,,7.5,0,True,LIMIT_H,BASE,retired
lifecycle,42969dc451bbd28e8cd3cb77167facb14a589d75dcd5e0813872ce2c2bbe3f66,20260916,0.11.0,23,service,lifetimes,False,14,14,POWER#4,POWER,,7.5,0,True,LIMIT_H,BASE,retired
lifecycle,42969dc451bbd28e8cd3cb77167facb14a589d75dcd5e0813872ce2c2bbe3f66,20260916,0.11.0,23,service,lifetimes,False,14,14,POWER#5,POWER,,5.0,0,False,,BASE,installed
lifecycle,42969dc451bbd28e8cd3cb77167facb14a589d75dcd5e0813872ce2c2bbe3f66,20260916,0.11.0,23,service,lifetimes,False,14,14,POWER#6,POWER,,7.437526309285751,0,True,LIMIT_H,BASE,retired
lifecycle,42969dc451bbd28e8cd3cb77167facb14a589d75dcd5e0813872ce2c2bbe3f66,20260916,0.11.0,23,service,lifetimes,False,14,14,POWER#7,POWER,,5.0,0,False,,BASE,installed
lifecycle,42969dc451bbd28e8cd3cb77167facb14a589d75dcd5e0813872ce2c2bbe3f66,20260916,0.11.0,23,service,lifetimes,False,14,14,POWER#8,POWER,,1.231747802344394,0,False,,BASE,installed
lifecycle,42969dc451bbd28e8cd3cb77167facb14a589d75dcd5e0813872ce2c2bbe3f66,20260916,0.11.0,23,service,lifetimes,False,14,14,POWER#9,POWER,,1.231747802344394,1,False,,CENTER,stock
lifecycle,42969dc451bbd28e8cd3cb77167facb14a589d75dcd5e0813872ce2c2bbe3f66,20260916,0.11.0,23,service,lifetimes,False,14,14,POWER#10,POWER,,0.0,0,False,,BASE,installed
lifecycle,42969dc451bbd28e8cd3cb77167facb14a589d75dcd5e0813872ce2c2bbe3f66,20260916,0.11.0,23,service,lifetimes,False,14,14,POWER#11,POWER,,0.0,0,False,,BASE,stock
lifecycle,42969dc451bbd28e8cd3cb77167facb14a589d75dcd5e0813872ce2c2bbe3f66,20260916,0.11.0,23,service,lifetimes,False,14,14,POWER#12,POWER,,0.0,0,False,,REGION,stock
lifecycle,42969dc451bbd28e8cd3cb77167facb14a589d75dcd5e0813872ce2c2bbe3f66,20260916,0.11.0,23,service,lifetimes,False,14,14,POWER#13,POWER,,0.0,0,False,,REGION,stock
lifecycle,42969dc451bbd28e8cd3cb77167facb14a589d75dcd5e0813872ce2c2bbe3f66,20260916,0.11.0,23,service,lifetimes,False,14,14,POWER#14,POWER,,0.0,0,False,,CENTER,stock
lifecycle,42969dc451bbd28e8cd3cb77167facb14a589d75dcd5e0813872ce2c2bbe3f66,20260916,0.11.0,24,service,lifetimes,False,13,13,POWER#1,POWER,,7.5,0,True,LIMIT_H,BASE,retired
lifecycle,42969dc451bbd28e8cd3cb77167facb14a589d75dcd5e0813872ce2c2bbe3f66,20260916,0.11.0,24,service,lifetimes,False,13,13,POWER#2,POWER,,5.0,0,False,,BASE,installed
lifecycle,42969dc451bbd28e8cd3cb77167facb14a589d75dcd5e0813872ce2c2bbe3f66,20260916,0.11.0,24,service,lifetimes,False,13,13,POWER#3,POWER,,5.0,0,False,,BASE,stock
lifecycle,42969dc451bbd28e8cd3cb77167facb14a589d75dcd5e0813872ce2c2bbe3f66,20260916,0.11.0,24,service,lifetimes,False,13,13,POWER#4,POWER,,7.5,0,True,LIMIT_H,BASE,retired
lifecycle,42969dc451bbd28e8cd3cb77167facb14a589d75dcd5e0813872ce2c2bbe3f66,20260916,0.11.0,24,service,lifetimes,False,13,13,POWER#5,POWER,,7.5,0,True,LIMIT_H,BASE,retired
lifecycle,42969dc451bbd28e8cd3cb77167facb14a589d75dcd5e0813872ce2c2bbe3f66,20260916,0.11.0,24,service,lifetimes,False,13,13,POWER#6,POWER,,5.0,0,False,,REGION,stock
lifecycle,42969dc451bbd28e8cd3cb77167facb14a589d75dcd5e0813872ce2c2bbe3f66,20260916,0.11.0,24,service,lifetimes,False,13,13,POWER#7,POWER,,5.0,0,False,,BASE,installed
lifecycle,42969dc451bbd28e8cd3cb77167facb14a589d75dcd5e0813872ce2c2bbe3f66,20260916,0.11.0,24,service,lifetimes,False,13,13,POWER#8,POWER,,2.5,0,False,,BASE,installed
lifecycle,42969dc451bbd28e8cd3cb77167facb14a589d75dcd5e0813872ce2c2bbe3f66,20260916,0.11.0,24,service,lifetimes,False,13,13,POWER#9,POWER,,0.0,0,False,,BASE,installed
lifecycle,42969dc451bbd28e8cd3cb77167facb14a589d75dcd5e0813872ce2c2bbe3f66,20260916,0.11.0,24,service,lifetimes,False,13,13,POWER#10,POWER,,0.0,0,False,,BASE,stock
lifecycle,42969dc451bbd28e8cd3cb77167facb14a589d75dcd5e0813872ce2c2bbe3f66,20260916,0.11.0,24,service,lifetimes,False,13,13,POWER#11,POWER,,0.0,0,False,,REGION,stock
lifecycle,42969dc451bbd28e8cd3cb77167facb14a589d75dcd5e0813872ce2c2bbe3f66,20260916,0.11.0,24,service,lifetimes,False,13,13,POWER#12,POWER,,0.0,0,False,,CENTER,stock
lifecycle,42969dc451bbd28e8cd3cb77167facb14a589d75dcd5e0813872ce2c2bbe3f66,20260916,0.11.0,24,service,lifetimes,False,13,13,POWER#13,POWER,,0.0,0,False,,CENTER,stock
lifecycle,42969dc451bbd28e8cd3cb77167facb14a589d75dcd5e0813872ce2c2bbe3f66,20260916,0.11.0,25,service,lifetimes,False,12,12,POWER#1,POWER,,5.0,0,False,,CENTER,stock
lifecycle,42969dc451bbd28e8cd3cb77167facb14a589d75dcd5e0813872ce2c2bbe3f66,20260916,0.11.0,25,service,lifetimes,False,12,12,POWER#2,POWER,,7.5,0,True,LIMIT_H,BASE,retired
lifecycle,42969dc451bbd28e8cd3cb77167facb14a589d75dcd5e0813872ce2c2bbe3f66,20260916,0.11.0,25,service,lifetimes,False,12,12,POWER#3,POWER,,5.0,0,False,,BASE,stock
lifecycle,42969dc451bbd28e8cd3cb77167facb14a589d75dcd5e0813872ce2c2bbe3f66,20260916,0.11.0,25,service,lifetimes,False,12,12,POWER#4,POWER,,5.0,0,False,,BASE,installed
lifecycle,42969dc451bbd28e8cd3cb77167facb14a589d75dcd5e0813872ce2c2bbe3f66,20260916,0.11.0,25,service,lifetimes,False,12,12,POWER#5,POWER,,5.0,0,False,,REGION,stock
lifecycle,42969dc451bbd28e8cd3cb77167facb14a589d75dcd5e0813872ce2c2bbe3f66,20260916,0.11.0,25,service,lifetimes,False,12,12,POWER#6,POWER,,7.5,0,True,LIMIT_H,BASE,retired
lifecycle,42969dc451bbd28e8cd3cb77167facb14a589d75dcd5e0813872ce2c2bbe3f66,20260916,0.11.0,25,service,lifetimes,False,12,12,POWER#7,POWER,,5.0,0,False,,CENTER,stock
lifecycle,42969dc451bbd28e8cd3cb77167facb14a589d75dcd5e0813872ce2c2bbe3f66,20260916,0.11.0,25,service,lifetimes,False,12,12,POWER#8,POWER,,2.5,0,False,,BASE,installed
lifecycle,42969dc451bbd28e8cd3cb77167facb14a589d75dcd5e0813872ce2c2bbe3f66,20260916,0.11.0,25,service,lifetimes,False,12,12,POWER#9,POWER,,2.5,0,False,,BASE,installed
lifecycle,42969dc451bbd28e8cd3cb77167facb14a589d75dcd5e0813872ce2c2bbe3f66,20260916,0.11.0,25,service,lifetimes,False,12,12,POWER#10,POWER,,0.0,0,False,,BASE,installed
lifecycle,42969dc451bbd28e8cd3cb77167facb14a589d75dcd5e0813872ce2c2bbe3f66,20260916,0.11.0,25,service,lifetimes,False,12,12,POWER#11,POWER,,0.0,0,False,,BASE,stock
lifecycle,42969dc451bbd28e8cd3cb77167facb14a589d75dcd5e0813872ce2c2bbe3f66,20260916,0.11.0,25,service,lifetimes,False,12,12,POWER#12,POWER,,0.0,0,False,,REGION,stock
lifecycle,42969dc451bbd28e8cd3cb77167facb14a589d75dcd5e0813872ce2c2bbe3f66,20260916,0.11.0,26,service,lifetimes,False,13,13,POWER#1,POWER,,5.0,0,False,,CENTER,stock
lifecycle,42969dc451bbd28e8cd3cb77167facb14a589d75dcd5e0813872ce2c2bbe3f66,20260916,0.11.0,26,service,lifetimes,False,13,13,POWER#2,POWER,,5.0,0,False,,BASE,installed
lifecycle,42969dc451bbd28e8cd3cb77167facb14a589d75dcd5e0813872ce2c2bbe3f66,20260916,0.11.0,26,service,lifetimes,False,13,13,POWER#3,POWER,,7.5,0,True,LIMIT_H,BASE,retired
lifecycle,42969dc451bbd28e8cd3cb77167facb14a589d75dcd5e0813872ce2c2bbe3f66,20260916,0.11.0,26,service,lifetimes,False,13,13,POWER#4,POWER,,7.5,0,True,LIMIT_H,BASE,retired
lifecycle,42969dc451bbd28e8cd3cb77167facb14a589d75dcd5e0813872ce2c2bbe3f66,20260916,0.11.0,26,service,lifetimes,False,13,13,POWER#5,POWER,,5.0,0,False,,BASE,stock
lifecycle,42969dc451bbd28e8cd3cb77167facb14a589d75dcd5e0813872ce2c2bbe3f66,20260916,0.11.0,26,service,lifetimes,False,13,13,POWER#6,POWER,,7.5,0,True,LIMIT_H,BASE,retired
lifecycle,42969dc451bbd28e8cd3cb77167facb14a589d75dcd5e0813872ce2c2bbe3f66,20260916,0.11.0,26,service,lifetimes,False,13,13,POWER#7,POWER,,5.0,0,False,,BASE,installed
lifecycle,42969dc451bbd28e8cd3cb77167facb14a589d75dcd5e0813872ce2c2bbe3f66,20260916,0.11.0,26,service,lifetimes,False,13,13,POWER#8,POWER,,2.5,0,False,,BASE,installed
lifecycle,42969dc451bbd28e8cd3cb77167facb14a589d75dcd5e0813872ce2c2bbe3f66,20260916,0.11.0,26,service,lifetimes,False,13,13,POWER#9,POWER,,0.0,0,False,,BASE,installed
lifecycle,42969dc451bbd28e8cd3cb77167facb14a589d75dcd5e0813872ce2c2bbe3f66,20260916,0.11.0,26,service,lifetimes,False,13,13,POWER#10,POWER,,0.0,0,False,,BASE,stock
lifecycle,42969dc451bbd28e8cd3cb77167facb14a589d75dcd5e0813872ce2c2bbe3f66,20260916,0.11.0,26,service,lifetimes,False,13,13,POWER#11,POWER,,0.0,0,False,,REGION,stock
lifecycle,42969dc451bbd28e8cd3cb77167facb14a589d75dcd5e0813872ce2c2bbe3f66,20260916,0.11.0,26,service,lifetimes,False,13,13,POWER#12,POWER,,0.0,0,False,,REGION,stock
lifecycle,42969dc451bbd28e8cd3cb77167facb14a589d75dcd5e0813872ce2c2bbe3f66,20260916,0.11.0,26,service,lifetimes,False,13,13,POWER#13,POWER,,0.0,0,False,,CENTER,stock
lifecycle,42969dc451bbd28e8cd3cb77167facb14a589d75dcd5e0813872ce2c2bbe3f66,20260916,0.11.0,27,service,lifetimes,False,14,14,POWER#1,POWER,,7.5,0,True,LIMIT_H,BASE,retired
lifecycle,42969dc451bbd28e8cd3cb77167facb14a589d75dcd5e0813872ce2c2bbe3f66,20260916,0.11.0,27,service,lifetimes,False,14,14,POWER#2,POWER,,7.5,0,True,LIMIT_H,BASE,retired
lifecycle,42969dc451bbd28e8cd3cb77167facb14a589d75dcd5e0813872ce2c2bbe3f66,20260916,0.11.0,27,service,lifetimes,False,14,14,POWER#3,POWER,,5.0,0,False,,BASE,stock
lifecycle,42969dc451bbd28e8cd3cb77167facb14a589d75dcd5e0813872ce2c2bbe3f66,20260916,0.11.0,27,service,lifetimes,False,14,14,POWER#4,POWER,,5.0,0,False,,BASE,stock
lifecycle,42969dc451bbd28e8cd3cb77167facb14a589d75dcd5e0813872ce2c2bbe3f66,20260916,0.11.0,27,service,lifetimes,False,14,14,POWER#5,POWER,,7.5,0,True,LIMIT_H,BASE,retired
lifecycle,42969dc451bbd28e8cd3cb77167facb14a589d75dcd5e0813872ce2c2bbe3f66,20260916,0.11.0,27,service,lifetimes,False,14,14,POWER#6,POWER,,7.5,0,True,LIMIT_H,BASE,retired
lifecycle,42969dc451bbd28e8cd3cb77167facb14a589d75dcd5e0813872ce2c2bbe3f66,20260916,0.11.0,27,service,lifetimes,False,14,14,POWER#7,POWER,,2.5,0,False,,BASE,installed
lifecycle,42969dc451bbd28e8cd3cb77167facb14a589d75dcd5e0813872ce2c2bbe3f66,20260916,0.11.0,27,service,lifetimes,False,14,14,POWER#8,POWER,,2.5,0,False,,BASE,installed
lifecycle,42969dc451bbd28e8cd3cb77167facb14a589d75dcd5e0813872ce2c2bbe3f66,20260916,0.11.0,27,service,lifetimes,False,14,14,POWER#9,POWER,,0.0,0,False,,BASE,installed
lifecycle,42969dc451bbd28e8cd3cb77167facb14a589d75dcd5e0813872ce2c2bbe3f66,20260916,0.11.0,27,service,lifetimes,False,14,14,POWER#10,POWER,,0.0,0,False,,BASE,installed
lifecycle,42969dc451bbd28e8cd3cb77167facb14a589d75dcd5e0813872ce2c2bbe3f66,20260916,0.11.0,27,service,lifetimes,False,14,14,POWER#11,POWER,,0.0,0,False,,REGION,stock
lifecycle,42969dc451bbd28e8cd3cb77167facb14a589d75dcd5e0813872ce2c2bbe3f66,20260916,0.11.0,27,service,lifetimes,False,14,14,POWER#12,POWER,,0.0,0,False,,REGION,stock
lifecycle,42969dc451bbd28e8cd3cb77167facb14a589d75dcd5e0813872ce2c2bbe3f66,20260916,0.11.0,27,service,lifetimes,False,14,14,POWER#13,POWER,,0.0,0,False,,CENTER,stock
lifecycle,42969dc451bbd28e8cd3cb77167facb14a589d75dcd5e0813872ce2c2bbe3f66,20260916,0.11.0,27,service,lifetimes,False,14,14,POWER#14,POWER,,0.0,0,False,,CENTER,stock
lifecycle,42969dc451bbd28e8cd3cb77167facb14a589d75dcd5e0813872ce2c2bbe3f66,20260916,0.11.0,28,service,lifetimes,False,12,12,POWER#1,POWER,,7.5,0,True,LIMIT_H,BASE,retired
lifecycle,42969dc451bbd28e8cd3cb77167facb14a589d75dcd5e0813872ce2c2bbe3f66,20260916,0.11.0,28,service,lifetimes,False,12,12,POWER#2,POWER,,5.0,0,False,,CENTER,stock
lifecycle,42969dc451bbd28e8cd3cb77167facb14a589d75dcd5e0813872ce2c2bbe3f66,20260916,0.11.0,28,service,lifetimes,False,12,12,POWER#3,POWER,,5.0,0,False,,BASE,installed
lifecycle,42969dc451bbd28e8cd3cb77167facb14a589d75dcd5e0813872ce2c2bbe3f66,20260916,0.11.0,28,service,lifetimes,False,12,12,POWER#4,POWER,,5.0,0,False,,BASE,installed
lifecycle,42969dc451bbd28e8cd3cb77167facb14a589d75dcd5e0813872ce2c2bbe3f66,20260916,0.11.0,28,service,lifetimes,False,12,12,POWER#5,POWER,,5.0,0,False,,REGION,stock
lifecycle,42969dc451bbd28e8cd3cb77167facb14a589d75dcd5e0813872ce2c2bbe3f66,20260916,0.11.0,28,service,lifetimes,False,12,12,POWER#6,POWER,,5.0,0,False,,REGION,stock
lifecycle,42969dc451bbd28e8cd3cb77167facb14a589d75dcd5e0813872ce2c2bbe3f66,20260916,0.11.0,28,service,lifetimes,False,12,12,POWER#7,POWER,,5.0,0,False,,CENTER,stock
lifecycle,42969dc451bbd28e8cd3cb77167facb14a589d75dcd5e0813872ce2c2bbe3f66,20260916,0.11.0,28,service,lifetimes,False,12,12,POWER#8,POWER,,5.0,0,False,,CENTER,stock
lifecycle,42969dc451bbd28e8cd3cb77167facb14a589d75dcd5e0813872ce2c2bbe3f66,20260916,0.11.0,28,service,lifetimes,False,12,12,POWER#9,POWER,,2.5,0,False,,BASE,installed
lifecycle,42969dc451bbd28e8cd3cb77167facb14a589d75dcd5e0813872ce2c2bbe3f66,20260916,0.11.0,28,service,lifetimes,False,12,12,POWER#10,POWER,,0.0,0,False,,BASE,installed
lifecycle,42969dc451bbd28e8cd3cb77167facb14a589d75dcd5e0813872ce2c2bbe3f66,20260916,0.11.0,28,service,lifetimes,False,12,12,POWER#11,POWER,,0.0,0,False,,BASE,stock
lifecycle,42969dc451bbd28e8cd3cb77167facb14a589d75dcd5e0813872ce2c2bbe3f66,20260916,0.11.0,28,service,lifetimes,False,12,12,POWER#12,POWER,,0.0,0,False,,BASE,stock
lifecycle,42969dc451bbd28e8cd3cb77167facb14a589d75dcd5e0813872ce2c2bbe3f66,20260916,0.11.0,29,service,lifetimes,False,13,13,POWER#1,POWER,,7.5,0,True,LIMIT_H,BASE,retired
lifecycle,42969dc451bbd28e8cd3cb77167facb14a589d75dcd5e0813872ce2c2bbe3f66,20260916,0.11.0,29,service,lifetimes,False,13,13,POWER#2,POWER,,3.2568268777023093,0,False,,REGION,stock
lifecycle,42969dc451bbd28e8cd3cb77167facb14a589d75dcd5e0813872ce2c2bbe3f66,20260916,0.11.0,29,service,lifetimes,False,13,13,POWER#3,POWER,,8.0341152166745,0,True,LIMIT_H,BASE,retired
lifecycle,42969dc451bbd28e8cd3cb77167facb14a589d75dcd5e0813872ce2c2bbe3f66,20260916,0.11.0,29,service,lifetimes,False,13,13,POWER#4,POWER,,3.0341152166745005,1,False,,BASE,stock
lifecycle,42969dc451bbd28e8cd3cb77167facb14a589d75dcd5e0813872ce2c2bbe3f66,20260916,0.11.0,29,service,lifetimes,False,13,13,POWER#5,POWER,,5.0,0,False,,BASE,stock
lifecycle,42969dc451bbd28e8cd3cb77167facb14a589d75dcd5e0813872ce2c2bbe3f66,20260916,0.11.0,29,service,lifetimes,False,13,13,POWER#6,POWER,,7.5,0,True,LIMIT_H,BASE,retired
lifecycle,42969dc451bbd28e8cd3cb77167facb14a589d75dcd5e0813872ce2c2bbe3f66,20260916,0.11.0,29,service,lifetimes,False,13,13,POWER#7,POWER,,0.7568268777023093,1,False,,BASE,installed
lifecycle,42969dc451bbd28e8cd3cb77167facb14a589d75dcd5e0813872ce2c2bbe3f66,20260916,0.11.0,29,service,lifetimes,False,13,13,POWER#8,POWER,,2.5,0,False,,BASE,installed
lifecycle,42969dc451bbd28e8cd3cb77167facb14a589d75dcd5e0813872ce2c2bbe3f66,20260916,0.11.0,29,service,lifetimes,False,13,13,POWER#9,POWER,,0.0,0,False,,BASE,installed
lifecycle,42969dc451bbd28e8cd3cb77167facb14a589d75dcd5e0813872ce2c2bbe3f66,20260916,0.11.0,29,service,lifetimes,False,13,13,POWER#10,POWER,,0.0,0,False,,BASE,installed
lifecycle,42969dc451bbd28e8cd3cb77167facb14a589d75dcd5e0813872ce2c2bbe3f66,20260916,0.11.0,29,service,lifetimes,False,13,13,POWER#11,POWER,,0.0,0,False,,REGION,stock
lifecycle,42969dc451bbd28e8cd3cb77167facb14a589d75dcd5e0813872ce2c2bbe3f66,20260916,0.11.0,29,service,lifetimes,False,13,13,POWER#12,POWER,,0.0,0,False,,CENTER,stock
lifecycle,42969dc451bbd28e8cd3cb77167facb14a589d75dcd5e0813872ce2c2bbe3f66,20260916,0.11.0,29,service,lifetimes,False,13,13,POWER#13,POWER,,0.0,0,False,,CENTER,stock
lifecycle,42969dc451bbd28e8cd3cb77167facb14a589d75dcd5e0813872ce2c2bbe3f66,20260916,0.11.0,30,service,lifetimes,False,12,12,POWER#1,POWER,,6.091926008818021,0,True,LIMIT_H,BASE,retired
lifecycle,42969dc451bbd28e8cd3cb77167facb14a589d75dcd5e0813872ce2c2bbe3f66,20260916,0.11.0,30,service,lifetimes,False,12,12,POWER#2,POWER,,5.0,0,False,,CENTER,stock
lifecycle,42969dc451bbd28e8cd3cb77167facb14a589d75dcd5e0813872ce2c2bbe3f66,20260916,0.11.0,30,service,lifetimes,False,12,12,POWER#3,POWER,,7.5,0,True,LIMIT_H,BASE,retired
lifecycle,42969dc451bbd28e8cd3cb77167facb14a589d75dcd5e0813872ce2c2bbe3f66,20260916,0.11.0,30,service,lifetimes,False,12,12,POWER#4,POWER,,5.0,0,False,,BASE,installed
lifecycle,42969dc451bbd28e8cd3cb77167facb14a589d75dcd5e0813872ce2c2bbe3f66,20260916,0.11.0,30,service,lifetimes,False,12,12,POWER#5,POWER,,3.6252707755412246,0,False,,BASE,stock
lifecycle,42969dc451bbd28e8cd3cb77167facb14a589d75dcd5e0813872ce2c2bbe3f66,20260916,0.11.0,30,service,lifetimes,False,12,12,POWER#6,POWER,,3.6252707755412246,1,False,,REGION,stock
lifecycle,42969dc451bbd28e8cd3cb77167facb14a589d75dcd5e0813872ce2c2bbe3f66,20260916,0.11.0,30,service,lifetimes,False,12,12,POWER#7,POWER,,5.0,0,False,,REGION,stock
lifecycle,42969dc451bbd28e8cd3cb77167facb14a589d75dcd5e0813872ce2c2bbe3f66,20260916,0.11.0,30,service,lifetimes,False,12,12,POWER#8,POWER,,3.591926008818021,1,False,,BASE,installed
lifecycle,42969dc451bbd28e8cd3cb77167facb14a589d75dcd5e0813872ce2c2bbe3f66,20260916,0.11.0,30,service,lifetimes,False,12,12,POWER#9,POWER,,0.0,0,False,,BASE,installed
lifecycle,42969dc451bbd28e8cd3cb77167facb14a589d75dcd5e0813872ce2c2bbe3f66,20260916,0.11.0,30,service,lifetimes,False,12,12,POWER#10,POWER,,0.0,0,False,,BASE,installed
lifecycle,42969dc451bbd28e8cd3cb77167facb14a589d75dcd5e0813872ce2c2bbe3f66,20260916,0.11.0,30,service,lifetimes,False,12,12,POWER#11,POWER,,0.0,0,False,,BASE,stock
lifecycle,42969dc451bbd28e8cd3cb77167facb14a589d75dcd5e0813872ce2c2bbe3f66,20260916,0.11.0,30,service,lifetimes,False,12,12,POWER#12,POWER,,0.0,0,False,,CENTER,stock
lifecycle,42969dc451bbd28e8cd3cb77167facb14a589d75dcd5e0813872ce2c2bbe3f66,20260916,0.11.0,31,service,lifetimes,False,12,12,POWER#1,POWER,,5.0,0,False,,CENTER,stock
lifecycle,42969dc451bbd28e8cd3cb77167facb14a589d75dcd5e0813872ce2c2bbe3f66,20260916,0.11.0,31,service,lifetimes,False,12,12,POWER#2,POWER,,7.5,0,True,LIMIT_H,BASE,retired
lifecycle,42969dc451bbd28e8cd3cb77167facb14a589d75dcd5e0813872ce2c2bbe3f66,20260916,0.11.0,31,service,lifetimes,False,12,12,POWER#3,POWER,,5.0,0,False,,BASE,stock
lifecycle,42969dc451bbd28e8cd3cb77167facb14a589d75dcd5e0813872ce2c2bbe3f66,20260916,0.11.0,31,service,lifetimes,False,12,12,POWER#4,POWER,,5.0,0,False,,BASE,stock
lifecycle,42969dc451bbd28e8cd3cb77167facb14a589d75dcd5e0813872ce2c2bbe3f66,20260916,0.11.0,31,service,lifetimes,False,12,12,POWER#5,POWER,,5.0,0,False,,CENTER,stock
lifecycle,42969dc451bbd28e8cd3cb77167facb14a589d75dcd5e0813872ce2c2bbe3f66,20260916,0.11.0,31,service,lifetimes,False,12,12,POWER#6,POWER,,5.0,0,False,,CENTER,stock
lifecycle,42969dc451bbd28e8cd3cb77167facb14a589d75dcd5e0813872ce2c2bbe3f66,20260916,0.11.0,31,service,lifetimes,False,12,12,POWER#7,POWER,,5.0,0,False,,BASE,installed
lifecycle,42969dc451bbd28e8cd3cb77167facb14a589d75dcd5e0813872ce2c2bbe3f66,20260916,0.11.0,31,service,lifetimes,False,12,12,POWER#8,POWER,,5.0,0,False,,BASE,installed
lifecycle,42969dc451bbd28e8cd3cb77167facb14a589d75dcd5e0813872ce2c2bbe3f66,20260916,0.11.0,31,service,lifetimes,False,12,12,POWER#9,POWER,,2.5,0,False,,BASE,installed
lifecycle,42969dc451bbd28e8cd3cb77167facb14a589d75dcd5e0813872ce2c2bbe3f66,20260916,0.11.0,31,service,lifetimes,False,12,12,POWER#10,POWER,,0.0,0,False,,BASE,installed
lifecycle,42969dc451bbd28e8cd3cb77167facb14a589d75dcd5e0813872ce2c2bbe3f66,20260916,0.11.0,31,service,lifetimes,False,12,12,POWER#11,POWER,,0.0,0,False,,REGION,stock
lifecycle,42969dc451bbd28e8cd3cb77167facb14a589d75dcd5e0813872ce2c2bbe3f66,20260916,0.11.0,31,service,lifetimes,False,12,12,POWER#12,POWER,,0.0,0,False,,REGION,stock
lifecycle,42969dc451bbd28e8cd3cb77167facb14a589d75dcd5e0813872ce2c2bbe3f66,20260916,0.11.0,32,service,lifetimes,False,14,14,POWER#1,POWER,,5.0,0,False,,REGION,stock
lifecycle,42969dc451bbd28e8cd3cb77167facb14a589d75dcd5e0813872ce2c2bbe3f66,20260916,0.11.0,32,service,lifetimes,False,14,14,POWER#2,POWER,,5.0,0,False,,REGION,stock
lifecycle,42969dc451bbd28e8cd3cb77167facb14a589d75dcd5e0813872ce2c2bbe3f66,20260916,0.11.0,32,service,lifetimes,False,14,14,POWER#3,POWER,,7.5,0,True,LIMIT_H,BASE,retired
lifecycle,42969dc451bbd28e8cd3cb77167facb14a589d75dcd5e0813872ce2c2bbe3f66,20260916,0.11.0,32,service,lifetimes,False,14,14,POWER#4,POWER,,7.5,0,True,LIMIT_H,BASE,retired
lifecycle,42969dc451bbd28e8cd3cb77167facb14a589d75dcd5e0813872ce2c2bbe3f66,20260916,0.11.0,32,service,lifetimes,False,14,14,POWER#5,POWER,,5.0,0,False,,BASE,installed
lifecycle,42969dc451bbd28e8cd3cb77167facb14a589d75dcd5e0813872ce2c2bbe3f66,20260916,0.11.0,32,service,lifetimes,False,14,14,POWER#6,POWER,,5.0,0,False,,BASE,installed
lifecycle,42969dc451bbd28e8cd3cb77167facb14a589d75dcd5e0813872ce2c2bbe3f66,20260916,0.11.0,32,service,lifetimes,False,14,14,POWER#7,POWER,,5.0,0,False,,CENTER,stock
lifecycle,42969dc451bbd28e8cd3cb77167facb14a589d75dcd5e0813872ce2c2bbe3f66,20260916,0.11.0,32,service,lifetimes,False,14,14,POWER#8,POWER,,5.0,0,False,,CENTER,stock
lifecycle,42969dc451bbd28e8cd3cb77167facb14a589d75dcd5e0813872ce2c2bbe3f66,20260916,0.11.0,32,service,lifetimes,False,14,14,POWER#9,POWER,,0.0,0,False,,BASE,installed
lifecycle,42969dc451bbd28e8cd3cb77167facb14a589d75dcd5e0813872ce2c2bbe3f66,20260916,0.11.0,32,service,lifetimes,False,14,14,POWER#10,POWER,,0.0,0,False,,BASE,installed
lifecycle,42969dc451bbd28e8cd3cb77167facb14a589d75dcd5e0813872ce2c2bbe3f66,20260916,0.11.0,32,service,lifetimes,False,14,14,POWER#11,POWER,,0.0,0,False,,BASE,stock
lifecycle,42969dc451bbd28e8cd3cb77167facb14a589d75dcd5e0813872ce2c2bbe3f66,20260916,0.11.0,32,service,lifetimes,False,14,14,POWER#12,POWER,,0.0,0,False,,BASE,stock
lifecycle,42969dc451bbd28e8cd3cb77167facb14a589d75dcd5e0813872ce2c2bbe3f66,20260916,0.11.0,32,service,lifetimes,False,14,14,POWER#13,POWER,,0.0,0,False,,CENTER,stock
lifecycle,42969dc451bbd28e8cd3cb77167facb14a589d75dcd5e0813872ce2c2bbe3f66,20260916,0.11.0,32,service,lifetimes,False,14,14,POWER#14,POWER,,0.0,0,False,,CENTER,stock
lifecycle,42969dc451bbd28e8cd3cb77167facb14a589d75dcd5e0813872ce2c2bbe3f66,20260916,0.11.0,33,service,lifetimes,False,12,12,POWER#1,POWER,,3.772598013353516,0,False,,REGION,stock
lifecycle,42969dc451bbd28e8cd3cb77167facb14a589d75dcd5e0813872ce2c2bbe3f66,20260916,0.11.0,33,service,lifetimes,False,12,12,POWER#2,POWER,,5.0,0,False,,BASE,installed
lifecycle,42969dc451bbd28e8cd3cb77167facb14a589d75dcd5e0813872ce2c2bbe3f66,20260916,0.11.0,33,service,lifetimes,False,12,12,POWER#3,POWER,,6.272598013353516,0,True,LIMIT_H,BASE,retired
lifecycle,42969dc451bbd28e8cd3cb77167facb14a589d75dcd5e0813872ce2c2bbe3f66,20260916,0.11.0,33,service,lifetimes,False,12,12,POWER#4,POWER,,5.0,0,False,,BASE,installed
lifecycle,42969dc451bbd28e8cd3cb77167facb14a589d75dcd5e0813872ce2c2bbe3f66,20260916,0.11.0,33,service,lifetimes,False,12,12,POWER#5,POWER,,5.0,0,False,,REGION,stock
lifecycle,42969dc451bbd28e8cd3cb77167facb14a589d75dcd5e0813872ce2c2bbe3f66,20260916,0.11.0,33,service,lifetimes,False,12,12,POWER#6,POWER,,5.0,0,False,,BASE,stock
lifecycle,42969dc451bbd28e8cd3cb77167facb14a589d75dcd5e0813872ce2c2bbe3f66,20260916,0.11.0,33,service,lifetimes,False,12,12,POWER#7,POWER,,5.0,0,False,,CENTER,stock
lifecycle,42969dc451bbd28e8cd3cb77167facb14a589d75dcd5e0813872ce2c2bbe3f66,20260916,0.11.0,33,service,lifetimes,False,12,12,POWER#8,POWER,,5.0,0,False,,CENTER,stock
lifecycle,42969dc451bbd28e8cd3cb77167facb14a589d75dcd5e0813872ce2c2bbe3f66,20260916,0.11.0,33,service,lifetimes,False,12,12,POWER#9,POWER,,2.5,0,False,,BASE,installed
lifecycle,42969dc451bbd28e8cd3cb77167facb14a589d75dcd5e0813872ce2c2bbe3f66,20260916,0.11.0,33,service,lifetimes,False,12,12,POWER#10,POWER,,0.0,0,False,,BASE,installed
lifecycle,42969dc451bbd28e8cd3cb77167facb14a589d75dcd5e0813872ce2c2bbe3f66,20260916,0.11.0,33,service,lifetimes,False,12,12,POWER#11,POWER,,0.0,0,False,,BASE,stock
lifecycle,42969dc451bbd28e8cd3cb77167facb14a589d75dcd5e0813872ce2c2bbe3f66,20260916,0.11.0,33,service,lifetimes,False,12,12,POWER#12,POWER,,0.0,0,False,,CENTER,stock
lifecycle,42969dc451bbd28e8cd3cb77167facb14a589d75dcd5e0813872ce2c2bbe3f66,20260916,0.11.0,34,service,lifetimes,False,12,12,POWER#1,POWER,,1.647377474199203,1,False,,REGION,stock
lifecycle,42969dc451bbd28e8cd3cb77167facb14a589d75dcd5e0813872ce2c2bbe3f66,20260916,0.11.0,34,service,lifetimes,False,12,12,POWER#2,POWER,,5.0,0,False,,CENTER,stock
lifecycle,42969dc451bbd28e8cd3cb77167facb14a589d75dcd5e0813872ce2c2bbe3f66,20260916,0.11.0,34,service,lifetimes,False,12,12,POWER#3,POWER,,6.647377474199203,0,True,LIMIT_H,BASE,retired
lifecycle,42969dc451bbd28e8cd3cb77167facb14a589d75dcd5e0813872ce2c2bbe3f66,20260916,0.11.0,34,service,lifetimes,False,12,12,POWER#4,POWER,,5.0,0,False,,BASE,stock
lifecycle,42969dc451bbd28e8cd3cb77167facb14a589d75dcd5e0813872ce2c2bbe3f66,20260916,0.11.0,34,service,lifetimes,False,12,12,POWER#5,POWER,,5.0,0,False,,REGION,stock
lifecycle,42969dc451bbd28e8cd3cb77167facb14a589d75dcd5e0813872ce2c2bbe3f66,20260916,0.11.0,34,service,lifetimes,False,12,12,POWER#6,POWER,,7.5,0,True,LIMIT_H,BASE,retired
lifecycle,42969dc451bbd28e8cd3cb77167facb14a589d75dcd5e0813872ce2c2bbe3f66,20260916,0.11.0,34,service,lifetimes,False,12,12,POWER#7,POWER,,5.0,0,False,,BASE,installed
lifecycle,42969dc451bbd28e8cd3cb77167facb14a589d75dcd5e0813872ce2c2bbe3f66,20260916,0.11.0,34,service,lifetimes,False,12,12,POWER#8,POWER,,5.0,0,False,,BASE,installed
lifecycle,42969dc451bbd28e8cd3cb77167facb14a589d75dcd5e0813872ce2c2bbe3f66,20260916,0.11.0,34,service,lifetimes,False,12,12,POWER#9,POWER,,2.5,0,False,,BASE,installed
lifecycle,42969dc451bbd28e8cd3cb77167facb14a589d75dcd5e0813872ce2c2bbe3f66,20260916,0.11.0,34,service,lifetimes,False,12,12,POWER#10,POWER,,0.0,0,False,,BASE,installed
lifecycle,42969dc451bbd28e8cd3cb77167facb14a589d75dcd5e0813872ce2c2bbe3f66,20260916,0.11.0,34,service,lifetimes,False,12,12,POWER#11,POWER,,0.0,0,False,,BASE,stock
lifecycle,42969dc451bbd28e8cd3cb77167facb14a589d75dcd5e0813872ce2c2bbe3f66,20260916,0.11.0,34,service,lifetimes,False,12,12,POWER#12,POWER,,0.0,0,False,,CENTER,stock
lifecycle,42969dc451bbd28e8cd3cb77167facb14a589d75dcd5e0813872ce2c2bbe3f66,20260916,0.11.0,35,service,lifetimes,False,13,13,POWER#1,POWER,,5.0,0,False,,REGION,stock
lifecycle,42969dc451bbd28e8cd3cb77167facb14a589d75dcd5e0813872ce2c2bbe3f66,20260916,0.11.0,35,service,lifetimes,False,13,13,POWER#2,POWER,,5.0,0,False,,CENTER,stock
lifecycle,42969dc451bbd28e8cd3cb77167facb14a589d75dcd5e0813872ce2c2bbe3f66,20260916,0.11.0,35,service,lifetimes,False,13,13,POWER#3,POWER,,5.0,0,False,,BASE,installed
lifecycle,42969dc451bbd28e8cd3cb77167facb14a589d75dcd5e0813872ce2c2bbe3f66,20260916,0.11.0,35,service,lifetimes,False,13,13,POWER#4,POWER,,7.5,0,True,LIMIT_H,BASE,retired
lifecycle,42969dc451bbd28e8cd3cb77167facb14a589d75dcd5e0813872ce2c2bbe3f66,20260916,0.11.0,35,service,lifetimes,False,13,13,POWER#5,POWER,,7.5,0,True,LIMIT_H,BASE,retired
lifecycle,42969dc451bbd28e8cd3cb77167facb14a589d75dcd5e0813872ce2c2bbe3f66,20260916,0.11.0,35,service,lifetimes,False,13,13,POWER#6,POWER,,5.0,0,False,,BASE,stock
lifecycle,42969dc451bbd28e8cd3cb77167facb14a589d75dcd5e0813872ce2c2bbe3f66,20260916,0.11.0,35,service,lifetimes,False,13,13,POWER#7,POWER,,5.0,0,False,,CENTER,stock
lifecycle,42969dc451bbd28e8cd3cb77167facb14a589d75dcd5e0813872ce2c2bbe3f66,20260916,0.11.0,35,service,lifetimes,False,13,13,POWER#8,POWER,,2.5,0,False,,BASE,installed
lifecycle,42969dc451bbd28e8cd3cb77167facb14a589d75dcd5e0813872ce2c2bbe3f66,20260916,0.11.0,35,service,lifetimes,False,13,13,POWER#9,POWER,,2.5,0,False,,BASE,installed
lifecycle,42969dc451bbd28e8cd3cb77167facb14a589d75dcd5e0813872ce2c2bbe3f66,20260916,0.11.0,35,service,lifetimes,False,13,13,POWER#10,POWER,,0.0,0,False,,BASE,installed
lifecycle,42969dc451bbd28e8cd3cb77167facb14a589d75dcd5e0813872ce2c2bbe3f66,20260916,0.11.0,35,service,lifetimes,False,13,13,POWER#11,POWER,,0.0,0,False,,BASE,stock
lifecycle,42969dc451bbd28e8cd3cb77167facb14a589d75dcd5e0813872ce2c2bbe3f66,20260916,0.11.0,35,service,lifetimes,False,13,13,POWER#12,POWER,,0.0,0,False,,REGION,stock
lifecycle,42969dc451bbd28e8cd3cb77167facb14a589d75dcd5e0813872ce2c2bbe3f66,20260916,0.11.0,35,service,lifetimes,False,13,13,POWER#13,POWER,,0.0,0,False,,CENTER,stock
lifecycle,42969dc451bbd28e8cd3cb77167facb14a589d75dcd5e0813872ce2c2bbe3f66,20260916,0.11.0,36,service,lifetimes,False,13,13,POWER#1,POWER,,7.5,0,True,LIMIT_H,BASE,retired
lifecycle,42969dc451bbd28e8cd3cb77167facb14a589d75dcd5e0813872ce2c2bbe3f66,20260916,0.11.0,36,service,lifetimes,False,13,13,POWER#2,POWER,,5.0,0,False,,REGION,stock
lifecycle,42969dc451bbd28e8cd3cb77167facb14a589d75dcd5e0813872ce2c2bbe3f66,20260916,0.11.0,36,service,lifetimes,False,13,13,POWER#3,POWER,,5.0,0,False,,BASE,installed
lifecycle,42969dc451bbd28e8cd3cb77167facb14a589d75dcd5e0813872ce2c2bbe3f66,20260916,0.11.0,36,service,lifetimes,False,13,13,POWER#4,POWER,,7.5,0,True,LIMIT_H,BASE,retired
lifecycle,42969dc451bbd28e8cd3cb77167facb14a589d75dcd5e0813872ce2c2bbe3f66,20260916,0.11.0,36,service,lifetimes,False,13,13,POWER#5,POWER,,5.0,0,False,,BASE,stock
lifecycle,42969dc451bbd28e8cd3cb77167facb14a589d75dcd5e0813872ce2c2bbe3f66,20260916,0.11.0,36,service,lifetimes,False,13,13,POWER#6,POWER,,5.0,0,False,,BASE,stock
lifecycle,42969dc451bbd28e8cd3cb77167facb14a589d75dcd5e0813872ce2c2bbe3f66,20260916,0.11.0,36,service,lifetimes,False,13,13,POWER#7,POWER,,5.0,0,False,,REGION,stock
lifecycle,42969dc451bbd28e8cd3cb77167facb14a589d75dcd5e0813872ce2c2bbe3f66,20260916,0.11.0,36,service,lifetimes,False,13,13,POWER#8,POWER,,5.0,0,False,,CENTER,stock
lifecycle,42969dc451bbd28e8cd3cb77167facb14a589d75dcd5e0813872ce2c2bbe3f66,20260916,0.11.0,36,service,lifetimes,False,13,13,POWER#9,POWER,,0.0,0,False,,BASE,installed
lifecycle,42969dc451bbd28e8cd3cb77167facb14a589d75dcd5e0813872ce2c2bbe3f66,20260916,0.11.0,36,service,lifetimes,False,13,13,POWER#10,POWER,,0.0,0,False,,BASE,installed
lifecycle,42969dc451bbd28e8cd3cb77167facb14a589d75dcd5e0813872ce2c2bbe3f66,20260916,0.11.0,36,service,lifetimes,False,13,13,POWER#11,POWER,,0.0,0,False,,BASE,installed
lifecycle,42969dc451bbd28e8cd3cb77167facb14a589d75dcd5e0813872ce2c2bbe3f66,20260916,0.11.0,36,service,lifetimes,False,13,13,POWER#12,POWER,,0.0,0,False,,CENTER,stock
lifecycle,42969dc451bbd28e8cd3cb77167facb14a589d75dcd5e0813872ce2c2bbe3f66,20260916,0.11.0,36,service,lifetimes,False,13,13,POWER#13,POWER,,0.0,0,False,,CENTER,stock
lifecycle,42969dc451bbd28e8cd3cb77167facb14a589d75dcd5e0813872ce2c2bbe3f66,20260916,0.11.0,37,service,lifetimes,False,14,14,POWER#1,POWER,,7.5,0,True,LIMIT_H,BASE,retired
lifecycle,42969dc451bbd28e8cd3cb77167facb14a589d75dcd5e0813872ce2c2bbe3f66,20260916,0.11.0,37,service,lifetimes,False,14,14,POWER#2,POWER,,5.0,0,False,,REGION,stock
lifecycle,42969dc451bbd28e8cd3cb77167facb14a589d75dcd5e0813872ce2c2bbe3f66,20260916,0.11.0,37,service,lifetimes,False,14,14,POWER#3,POWER,,7.5,0,True,LIMIT_H,BASE,retired
lifecycle,42969dc451bbd28e8cd3cb77167facb14a589d75dcd5e0813872ce2c2bbe3f66,20260916,0.11.0,37,service,lifetimes,False,14,14,POWER#4,POWER,,5.0,0,False,,BASE,installed
lifecycle,42969dc451bbd28e8cd3cb77167facb14a589d75dcd5e0813872ce2c2bbe3f66,20260916,0.11.0,37,service,lifetimes,False,14,14,POWER#5,POWER,,3.0610471614685792,0,False,,BASE,stock
lifecycle,42969dc451bbd28e8cd3cb77167facb14a589d75dcd5e0813872ce2c2bbe3f66,20260916,0.11.0,37,service,lifetimes,False,14,14,POWER#6,POWER,,8.06104716146858,1,True,LIMIT_H,BASE,retired
lifecycle,42969dc451bbd28e8cd3cb77167facb14a589d75dcd5e0813872ce2c2bbe3f66,20260916,0.11.0,37,service,lifetimes,False,14,14,POWER#7,POWER,,5.0,0,False,,REGION,stock
lifecycle,42969dc451bbd28e8cd3cb77167facb14a589d75dcd5e0813872ce2c2bbe3f66,20260916,0.11.0,37,service,lifetimes,False,14,14,POWER#8,POWER,,0.0,0,False,,BASE,installed
lifecycle,42969dc451bbd28e8cd3cb77167facb14a589d75dcd5e0813872ce2c2bbe3f66,20260916,0.11.0,37,service,lifetimes,False,14,14,POWER#9,POWER,,0.0,0,False,,BASE,installed
lifecycle,42969dc451bbd28e8cd3cb77167facb14a589d75dcd5e0813872ce2c2bbe3f66,20260916,0.11.0,37,service,lifetimes,False,14,14,POWER#10,POWER,,0.0,0,False,,BASE,installed
lifecycle,42969dc451bbd28e8cd3cb77167facb14a589d75dcd5e0813872ce2c2bbe3f66,20260916,0.11.0,37,service,lifetimes,False,14,14,POWER#11,POWER,,0.0,0,False,,BASE,stock
lifecycle,42969dc451bbd28e8cd3cb77167facb14a589d75dcd5e0813872ce2c2bbe3f66,20260916,0.11.0,37,service,lifetimes,False,14,14,POWER#12,POWER,,0.0,0,False,,CENTER,stock
lifecycle,42969dc451bbd28e8cd3cb77167facb14a589d75dcd5e0813872ce2c2bbe3f66,20260916,0.11.0,37,service,lifetimes,False,14,14,POWER#13,POWER,,0.0,0,False,,CENTER,stock
lifecycle,42969dc451bbd28e8cd3cb77167facb14a589d75dcd5e0813872ce2c2bbe3f66,20260916,0.11.0,37,service,lifetimes,False,14,14,POWER#14,POWER,,0.0,0,False,,CENTER,stock
lifecycle,42969dc451bbd28e8cd3cb77167facb14a589d75dcd5e0813872ce2c2bbe3f66,20260916,0.11.0,38,service,lifetimes,False,14,14,POWER#1,POWER,,7.5,0,True,LIMIT_H,BASE,retired
lifecycle,42969dc451bbd28e8cd3cb77167facb14a589d75dcd5e0813872ce2c2bbe3f66,20260916,0.11.0,38,service,lifetimes,False,14,14,POWER#2,POWER,,5.0,0,False,,REGION,stock
lifecycle,42969dc451bbd28e8cd3cb77167facb14a589d75dcd5e0813872ce2c2bbe3f66,20260916,0.11.0,38,service,lifetimes,False,14,14,POWER#3,POWER,,5.0,0,False,,BASE,installed
lifecycle,42969dc451bbd28e8cd3cb77167facb14a589d75dcd5e0813872ce2c2bbe3f66,20260916,0.11.0,38,service,lifetimes,False,14,14,POWER#4,POWER,,7.5,0,True,LIMIT_H,BASE,retired
lifecycle,42969dc451bbd28e8cd3cb77167facb14a589d75dcd5e0813872ce2c2bbe3f66,20260916,0.11.0,38,service,lifetimes,False,14,14,POWER#5,POWER,,5.0,0,False,,BASE,stock
lifecycle,42969dc451bbd28e8cd3cb77167facb14a589d75dcd5e0813872ce2c2bbe3f66,20260916,0.11.0,38,service,lifetimes,False,14,14,POWER#6,POWER,,7.5,0,True,LIMIT_H,BASE,retired
lifecycle,42969dc451bbd28e8cd3cb77167facb14a589d75dcd5e0813872ce2c2bbe3f66,20260916,0.11.0,38,service,lifetimes,False,14,14,POWER#7,POWER,,5.0,0,False,,CENTER,stock
lifecycle,42969dc451bbd28e8cd3cb77167facb14a589d75dcd5e0813872ce2c2bbe3f66,20260916,0.11.0,38,service,lifetimes,False,14,14,POWER#8,POWER,,2.5,0,False,,BASE,installed
lifecycle,42969dc451bbd28e8cd3cb77167facb14a589d75dcd5e0813872ce2c2bbe3f66,20260916,0.11.0,38,service,lifetimes,False,14,14,POWER#9,POWER,,0.0,0,False,,BASE,installed
lifecycle,42969dc451bbd28e8cd3cb77167facb14a589d75dcd5e0813872ce2c2bbe3f66,20260916,0.11.0,38,service,lifetimes,False,14,14,POWER#10,POWER,,0.0,0,False,,BASE,installed
lifecycle,42969dc451bbd28e8cd3cb77167facb14a589d75dcd5e0813872ce2c2bbe3f66,20260916,0.11.0,38,service,lifetimes,False,14,14,POWER#11,POWER,,0.0,0,False,,BASE,stock
lifecycle,42969dc451bbd28e8cd3cb77167facb14a589d75dcd5e0813872ce2c2bbe3f66,20260916,0.11.0,38,service,lifetimes,False,14,14,POWER#12,POWER,,0.0,0,False,,REGION,stock
lifecycle,42969dc451bbd28e8cd3cb77167facb14a589d75dcd5e0813872ce2c2bbe3f66,20260916,0.11.0,38,service,lifetimes,False,14,14,POWER#13,POWER,,0.0,0,False,,CENTER,stock
lifecycle,42969dc451bbd28e8cd3cb77167facb14a589d75dcd5e0813872ce2c2bbe3f66,20260916,0.11.0,38,service,lifetimes,False,14,14,POWER#14,POWER,,0.0,0,False,,CENTER,stock
lifecycle,42969dc451bbd28e8cd3cb77167facb14a589d75dcd5e0813872ce2c2bbe3f66,20260916,0.11.0,39,service,lifetimes,False,12,12,POWER#1,POWER,,5.0,0,False,,CENTER,stock
lifecycle,42969dc451bbd28e8cd3cb77167facb14a589d75dcd5e0813872ce2c2bbe3f66,20260916,0.11.0,39,service,lifetimes,False,12,12,POWER#2,POWER,,5.0,0,False,,BASE,installed
lifecycle,42969dc451bbd28e8cd3cb77167facb14a589d75dcd5e0813872ce2c2bbe3f66,20260916,0.11.0,39,service,lifetimes,False,12,12,POWER#3,POWER,,7.5,0,True,LIMIT_H,BASE,retired
lifecycle,42969dc451bbd28e8cd3cb77167facb14a589d75dcd5e0813872ce2c2bbe3f66,20260916,0.11.0,39,service,lifetimes,False,12,12,POWER#4,POWER,,5.0,0,False,,BASE,stock
lifecycle,42969dc451bbd28e8cd3cb77167facb14a589d75dcd5e0813872ce2c2bbe3f66,20260916,0.11.0,39,service,lifetimes,False,12,12,POWER#5,POWER,,5.0,0,False,,REGION,stock
lifecycle,42969dc451bbd28e8cd3cb77167facb14a589d75dcd5e0813872ce2c2bbe3f66,20260916,0.11.0,39,service,lifetimes,False,12,12,POWER#6,POWER,,7.5,0,True,LIMIT_H,BASE,retired
lifecycle,42969dc451bbd28e8cd3cb77167facb14a589d75dcd5e0813872ce2c2bbe3f66,20260916,0.11.0,39,service,lifetimes,False,12,12,POWER#7,POWER,,5.0,0,False,,BASE,installed
lifecycle,42969dc451bbd28e8cd3cb77167facb14a589d75dcd5e0813872ce2c2bbe3f66,20260916,0.11.0,39,service,lifetimes,False,12,12,POWER#8,POWER,,2.5,0,False,,BASE,installed
lifecycle,42969dc451bbd28e8cd3cb77167facb14a589d75dcd5e0813872ce2c2bbe3f66,20260916,0.11.0,39,service,lifetimes,False,12,12,POWER#9,POWER,,2.5,0,False,,BASE,installed
lifecycle,42969dc451bbd28e8cd3cb77167facb14a589d75dcd5e0813872ce2c2bbe3f66,20260916,0.11.0,39,service,lifetimes,False,12,12,POWER#10,POWER,,0.0,0,False,,BASE,stock
lifecycle,42969dc451bbd28e8cd3cb77167facb14a589d75dcd5e0813872ce2c2bbe3f66,20260916,0.11.0,39,service,lifetimes,False,12,12,POWER#11,POWER,,0.0,0,False,,REGION,stock
lifecycle,42969dc451bbd28e8cd3cb77167facb14a589d75dcd5e0813872ce2c2bbe3f66,20260916,0.11.0,39,service,lifetimes,False,12,12,POWER#12,POWER,,0.0,0,False,,CENTER,stock
lifecycle,42969dc451bbd28e8cd3cb77167facb14a589d75dcd5e0813872ce2c2bbe3f66,20260916,0.11.0,40,service,lifetimes,False,12,12,POWER#1,POWER,,5.0,0,False,,REGION,stock
lifecycle,42969dc451bbd28e8cd3cb77167facb14a589d75dcd5e0813872ce2c2bbe3f66,20260916,0.11.0,40,service,lifetimes,False,12,12,POWER#2,POWER,,5.0,0,False,,CENTER,stock
lifecycle,42969dc451bbd28e8cd3cb77167facb14a589d75dcd5e0813872ce2c2bbe3f66,20260916,0.11.0,40,service,lifetimes,False,12,12,POWER#3,POWER,,7.5,0,True,LIMIT_H,BASE,retired
lifecycle,42969dc451bbd28e8cd3cb77167facb14a589d75dcd5e0813872ce2c2bbe3f66,20260916,0.11.0,40,service,lifetimes,False,12,12,POWER#4,POWER,,5.0,0,False,,BASE,stock
lifecycle,42969dc451bbd28e8cd3cb77167facb14a589d75dcd5e0813872ce2c2bbe3f66,20260916,0.11.0,40,service,lifetimes,False,12,12,POWER#5,POWER,,5.0,0,False,,REGION,stock
lifecycle,42969dc451bbd28e8cd3cb77167facb14a589d75dcd5e0813872ce2c2bbe3f66,20260916,0.11.0,40,service,lifetimes,False,12,12,POWER#6,POWER,,2.5,1,False,,BASE,installed
lifecycle,42969dc451bbd28e8cd3cb77167facb14a589d75dcd5e0813872ce2c2bbe3f66,20260916,0.11.0,40,service,lifetimes,False,12,12,POWER#7,POWER,,5.0,0,False,,CENTER,stock
lifecycle,42969dc451bbd28e8cd3cb77167facb14a589d75dcd5e0813872ce2c2bbe3f66,20260916,0.11.0,40,service,lifetimes,False,12,12,POWER#8,POWER,,5.0,0,False,,BASE,installed
lifecycle,42969dc451bbd28e8cd3cb77167facb14a589d75dcd5e0813872ce2c2bbe3f66,20260916,0.11.0,40,service,lifetimes,False,12,12,POWER#9,POWER,,2.5,0,False,,BASE,installed
lifecycle,42969dc451bbd28e8cd3cb77167facb14a589d75dcd5e0813872ce2c2bbe3f66,20260916,0.11.0,40,service,lifetimes,False,12,12,POWER#10,POWER,,2.5,0,False,,BASE,installed
lifecycle,42969dc451bbd28e8cd3cb77167facb14a589d75dcd5e0813872ce2c2bbe3f66,20260916,0.11.0,40,service,lifetimes,False,12,12,POWER#11,POWER,,0.0,0,False,,BASE,stock
lifecycle,42969dc451bbd28e8cd3cb77167facb14a589d75dcd5e0813872ce2c2bbe3f66,20260916,0.11.0,40,service,lifetimes,False,12,12,POWER#12,POWER,,0.0,0,False,,CENTER,stock
lifecycle,42969dc451bbd28e8cd3cb77167facb14a589d75dcd5e0813872ce2c2bbe3f66,20260916,0.11.0,41,service,lifetimes,False,13,13,POWER#1,POWER,,7.5,0,True,LIMIT_H,BASE,retired
lifecycle,42969dc451bbd28e8cd3cb77167facb14a589d75dcd5e0813872ce2c2bbe3f66,20260916,0.11.0,41,service,lifetimes,False,13,13,POWER#2,POWER,,5.0,0,False,,BASE,installed
lifecycle,42969dc451bbd28e8cd3cb77167facb14a589d75dcd5e0813872ce2c2bbe3f66,20260916,0.11.0,41,service,lifetimes,False,13,13,POWER#3,POWER,,7.5,0,True,LIMIT_H,BASE,retired
lifecycle,42969dc451bbd28e8cd3cb77167facb14a589d75dcd5e0813872ce2c2bbe3f66,20260916,0.11.0,41,service,lifetimes,False,13,13,POWER#4,POWER,,5.0,0,False,,BASE,stock
lifecycle,42969dc451bbd28e8cd3cb77167facb14a589d75dcd5e0813872ce2c2bbe3f66,20260916,0.11.0,41,service,lifetimes,False,13,13,POWER#5,POWER,,5.0,0,False,,REGION,stock
lifecycle,42969dc451bbd28e8cd3cb77167facb14a589d75dcd5e0813872ce2c2bbe3f66,20260916,0.11.0,41,service,lifetimes,False,13,13,POWER#6,POWER,,7.5,0,True,LIMIT_H,BASE,retired
lifecycle,42969dc451bbd28e8cd3cb77167facb14a589d75dcd5e0813872ce2c2bbe3f66,20260916,0.11.0,41,service,lifetimes,False,13,13,POWER#7,POWER,,5.0,0,False,,BASE,installed
lifecycle,42969dc451bbd28e8cd3cb77167facb14a589d75dcd5e0813872ce2c2bbe3f66,20260916,0.11.0,41,service,lifetimes,False,13,13,POWER#8,POWER,,2.5,0,False,,BASE,installed
lifecycle,42969dc451bbd28e8cd3cb77167facb14a589d75dcd5e0813872ce2c2bbe3f66,20260916,0.11.0,41,service,lifetimes,False,13,13,POWER#9,POWER,,0.0,0,False,,BASE,installed
lifecycle,42969dc451bbd28e8cd3cb77167facb14a589d75dcd5e0813872ce2c2bbe3f66,20260916,0.11.0,41,service,lifetimes,False,13,13,POWER#10,POWER,,0.0,0,False,,BASE,stock
lifecycle,42969dc451bbd28e8cd3cb77167facb14a589d75dcd5e0813872ce2c2bbe3f66,20260916,0.11.0,41,service,lifetimes,False,13,13,POWER#11,POWER,,0.0,0,False,,REGION,stock
lifecycle,42969dc451bbd28e8cd3cb77167facb14a589d75dcd5e0813872ce2c2bbe3f66,20260916,0.11.0,41,service,lifetimes,False,13,13,POWER#12,POWER,,0.0,0,False,,CENTER,stock
lifecycle,42969dc451bbd28e8cd3cb77167facb14a589d75dcd5e0813872ce2c2bbe3f66,20260916,0.11.0,41,service,lifetimes,False,13,13,POWER#13,POWER,,0.0,0,False,,CENTER,stock
lifecycle,42969dc451bbd28e8cd3cb77167facb14a589d75dcd5e0813872ce2c2bbe3f66,20260916,0.11.0,42,service,lifetimes,False,12,12,POWER#1,POWER,,7.5,0,True,LIMIT_H,BASE,retired
lifecycle,42969dc451bbd28e8cd3cb77167facb14a589d75dcd5e0813872ce2c2bbe3f66,20260916,0.11.0,42,service,lifetimes,False,12,12,POWER#2,POWER,,7.5,0,True,LIMIT_H,BASE,retired
lifecycle,42969dc451bbd28e8cd3cb77167facb14a589d75dcd5e0813872ce2c2bbe3f66,20260916,0.11.0,42,service,lifetimes,False,12,12,POWER#3,POWER,,5.0,0,False,,BASE,stock
lifecycle,42969dc451bbd28e8cd3cb77167facb14a589d75dcd5e0813872ce2c2bbe3f66,20260916,0.11.0,42,service,lifetimes,False,12,12,POWER#4,POWER,,5.0,0,False,,BASE,installed
lifecycle,42969dc451bbd28e8cd3cb77167facb14a589d75dcd5e0813872ce2c2bbe3f66,20260916,0.11.0,42,service,lifetimes,False,12,12,POWER#5,POWER,,5.0,0,False,,CENTER,stock
lifecycle,42969dc451bbd28e8cd3cb77167facb14a589d75dcd5e0813872ce2c2bbe3f66,20260916,0.11.0,42,service,lifetimes,False,12,12,POWER#6,POWER,,5.0,0,False,,REGION,stock
lifecycle,42969dc451bbd28e8cd3cb77167facb14a589d75dcd5e0813872ce2c2bbe3f66,20260916,0.11.0,42,service,lifetimes,False,12,12,POWER#7,POWER,,5.0,1,False,,BASE,installed
lifecycle,42969dc451bbd28e8cd3cb77167facb14a589d75dcd5e0813872ce2c2bbe3f66,20260916,0.11.0,42,service,lifetimes,False,12,12,POWER#8,POWER,,5.0,0,False,,CENTER,stock
lifecycle,42969dc451bbd28e8cd3cb77167facb14a589d75dcd5e0813872ce2c2bbe3f66,20260916,0.11.0,42,service,lifetimes,False,12,12,POWER#9,POWER,,0.0,0,False,,BASE,installed
lifecycle,42969dc451bbd28e8cd3cb77167facb14a589d75dcd5e0813872ce2c2bbe3f66,20260916,0.11.0,42,service,lifetimes,False,12,12,POWER#10,POWER,,0.0,0,False,,BASE,installed
lifecycle,42969dc451bbd28e8cd3cb77167facb14a589d75dcd5e0813872ce2c2bbe3f66,20260916,0.11.0,42,service,lifetimes,False,12,12,POWER#11,POWER,,0.0,0,False,,BASE,stock
lifecycle,42969dc451bbd28e8cd3cb77167facb14a589d75dcd5e0813872ce2c2bbe3f66,20260916,0.11.0,42,service,lifetimes,False,12,12,POWER#12,POWER,,0.0,0,False,,REGION,stock
lifecycle,42969dc451bbd28e8cd3cb77167facb14a589d75dcd5e0813872ce2c2bbe3f66,20260916,0.11.0,43,service,lifetimes,False,15,15,POWER#1,POWER,,5.0,0,False,,REGION,stock
lifecycle,42969dc451bbd28e8cd3cb77167facb14a589d75dcd5e0813872ce2c2bbe3f66,20260916,0.11.0,43,service,lifetimes,False,15,15,POWER#2,POWER,,5.0,0,False,,CENTER,stock
lifecycle,42969dc451bbd28e8cd3cb77167facb14a589d75dcd5e0813872ce2c2bbe3f66,20260916,0.11.0,43,service,lifetimes,False,15,15,POWER#3,POWER,,7.155270600912083,0,True,LIMIT_H,BASE,retired
lifecycle,42969dc451bbd28e8cd3cb77167facb14a589d75dcd5e0813872ce2c2bbe3f66,20260916,0.11.0,43,service,lifetimes,False,15,15,POWER#4,POWER,,7.155270600912083,1,True,LIMIT_H,BASE,retired
lifecycle,42969dc451bbd28e8cd3cb77167facb14a589d75dcd5e0813872ce2c2bbe3f66,20260916,0.11.0,43,service,lifetimes,False,15,15,POWER#5,POWER,,5.0,0,False,,BASE,installed
lifecycle,42969dc451bbd28e8cd3cb77167facb14a589d75dcd5e0813872ce2c2bbe3f66,20260916,0.11.0,43,service,lifetimes,False,15,15,POWER#6,POWER,,7.5,0,True,LIMIT_H,BASE,retired
lifecycle,42969dc451bbd28e8cd3cb77167facb14a589d75dcd5e0813872ce2c2bbe3f66,20260916,0.11.0,43,service,lifetimes,False,15,15,POWER#7,POWER,,5.0,0,False,,CENTER,stock
lifecycle,42969dc451bbd28e8cd3cb77167facb14a589d75dcd5e0813872ce2c2bbe3f66,20260916,0.11.0,43,service,lifetimes,False,15,15,POWER#8,POWER,,2.5,0,False,,BASE,installed
lifecycle,42969dc451bbd28e8cd3cb77167facb14a589d75dcd5e0813872ce2c2bbe3f66,20260916,0.11.0,43,service,lifetimes,False,15,15,POWER#9,POWER,,0.0,0,False,,BASE,installed
lifecycle,42969dc451bbd28e8cd3cb77167facb14a589d75dcd5e0813872ce2c2bbe3f66,20260916,0.11.0,43,service,lifetimes,False,15,15,POWER#10,POWER,,0.0,0,False,,BASE,installed
lifecycle,42969dc451bbd28e8cd3cb77167facb14a589d75dcd5e0813872ce2c2bbe3f66,20260916,0.11.0,43,service,lifetimes,False,15,15,POWER#11,POWER,,0.0,0,False,,BASE,stock
lifecycle,42969dc451bbd28e8cd3cb77167facb14a589d75dcd5e0813872ce2c2bbe3f66,20260916,0.11.0,43,service,lifetimes,False,15,15,POWER#12,POWER,,0.0,0,False,,BASE,stock
lifecycle,42969dc451bbd28e8cd3cb77167facb14a589d75dcd5e0813872ce2c2bbe3f66,20260916,0.11.0,43,service,lifetimes,False,15,15,POWER#13,POWER,,0.0,0,False,,REGION,stock
lifecycle,42969dc451bbd28e8cd3cb77167facb14a589d75dcd5e0813872ce2c2bbe3f66,20260916,0.11.0,43,service,lifetimes,False,15,15,POWER#14,POWER,,0.0,0,False,,CENTER,stock
lifecycle,42969dc451bbd28e8cd3cb77167facb14a589d75dcd5e0813872ce2c2bbe3f66,20260916,0.11.0,43,service,lifetimes,False,15,15,POWER#15,POWER,,0.0,0,False,,CENTER,stock
lifecycle,42969dc451bbd28e8cd3cb77167facb14a589d75dcd5e0813872ce2c2bbe3f66,20260916,0.11.0,44,service,lifetimes,False,12,12,POWER#1,POWER,,5.0,0,False,,CENTER,stock
lifecycle,42969dc451bbd28e8cd3cb77167facb14a589d75dcd5e0813872ce2c2bbe3f66,20260916,0.11.0,44,service,lifetimes,False,12,12,POWER#2,POWER,,5.0,0,False,,CENTER,stock
lifecycle,42969dc451bbd28e8cd3cb77167facb14a589d75dcd5e0813872ce2c2bbe3f66,20260916,0.11.0,44,service,lifetimes,False,12,12,POWER#3,POWER,,5.0,0,False,,BASE,stock
lifecycle,42969dc451bbd28e8cd3cb77167facb14a589d75dcd5e0813872ce2c2bbe3f66,20260916,0.11.0,44,service,lifetimes,False,12,12,POWER#4,POWER,,5.0,0,False,,BASE,installed
lifecycle,42969dc451bbd28e8cd3cb77167facb14a589d75dcd5e0813872ce2c2bbe3f66,20260916,0.11.0,44,service,lifetimes,False,12,12,POWER#5,POWER,,7.5,0,True,LIMIT_H,BASE,retired
lifecycle,42969dc451bbd28e8cd3cb77167facb14a589d75dcd5e0813872ce2c2bbe3f66,20260916,0.11.0,44,service,lifetimes,False,12,12,POWER#6,POWER,,5.0,0,False,,REGION,stock
lifecycle,42969dc451bbd28e8cd3cb77167facb14a589d75dcd5e0813872ce2c2bbe3f66,20260916,0.11.0,44,service,lifetimes,False,12,12,POWER#7,POWER,,5.0,0,False,,CENTER,stock
lifecycle,42969dc451bbd28e8cd3cb77167facb14a589d75dcd5e0813872ce2c2bbe3f66,20260916,0.11.0,44,service,lifetimes,False,12,12,POWER#8,POWER,,2.5,0,False,,BASE,installed
lifecycle,42969dc451bbd28e8cd3cb77167facb14a589d75dcd5e0813872ce2c2bbe3f66,20260916,0.11.0,44,service,lifetimes,False,12,12,POWER#9,POWER,,2.5,0,False,,BASE,installed
lifecycle,42969dc451bbd28e8cd3cb77167facb14a589d75dcd5e0813872ce2c2bbe3f66,20260916,0.11.0,44,service,lifetimes,False,12,12,POWER#10,POWER,,2.5,0,False,,BASE,installed
lifecycle,42969dc451bbd28e8cd3cb77167facb14a589d75dcd5e0813872ce2c2bbe3f66,20260916,0.11.0,44,service,lifetimes,False,12,12,POWER#11,POWER,,0.0,0,False,,BASE,stock
lifecycle,42969dc451bbd28e8cd3cb77167facb14a589d75dcd5e0813872ce2c2bbe3f66,20260916,0.11.0,44,service,lifetimes,False,12,12,POWER#12,POWER,,0.0,0,False,,REGION,stock
lifecycle,42969dc451bbd28e8cd3cb77167facb14a589d75dcd5e0813872ce2c2bbe3f66,20260916,0.11.0,45,service,lifetimes,False,12,12,POWER#1,POWER,,5.0,0,False,,CENTER,stock
lifecycle,42969dc451bbd28e8cd3cb77167facb14a589d75dcd5e0813872ce2c2bbe3f66,20260916,0.11.0,45,service,lifetimes,False,12,12,POWER#2,POWER,,5.0,0,False,,CENTER,stock
lifecycle,42969dc451bbd28e8cd3cb77167facb14a589d75dcd5e0813872ce2c2bbe3f66,20260916,0.11.0,45,service,lifetimes,False,12,12,POWER#3,POWER,,5.0,0,False,,BASE,stock
lifecycle,42969dc451bbd28e8cd3cb77167facb14a589d75dcd5e0813872ce2c2bbe3f66,20260916,0.11.0,45,service,lifetimes,False,12,12,POWER#4,POWER,,5.0,0,False,,BASE,stock
lifecycle,42969dc451bbd28e8cd3cb77167facb14a589d75dcd5e0813872ce2c2bbe3f66,20260916,0.11.0,45,service,lifetimes,False,12,12,POWER#5,POWER,,6.819008466476092,1,True,LIMIT_H,BASE,retired
lifecycle,42969dc451bbd28e8cd3cb77167facb14a589d75dcd5e0813872ce2c2bbe3f66,20260916,0.11.0,45,service,lifetimes,False,12,12,POWER#6,POWER,,6.819008466476092,0,True,LIMIT_H,BASE,retired
lifecycle,42969dc451bbd28e8cd3cb77167facb14a589d75dcd5e0813872ce2c2bbe3f66,20260916,0.11.0,45,service,lifetimes,False,12,12,POWER#7,POWER,,2.5,0,False,,BASE,installed
lifecycle,42969dc451bbd28e8cd3cb77167facb14a589d75dcd5e0813872ce2c2bbe3f66,20260916,0.11.0,45,service,lifetimes,False,12,12,POWER#8,POWER,,2.5,0,False,,BASE,installed
lifecycle,42969dc451bbd28e8cd3cb77167facb14a589d75dcd5e0813872ce2c2bbe3f66,20260916,0.11.0,45,service,lifetimes,False,12,12,POWER#9,POWER,,2.5,0,False,,BASE,installed
lifecycle,42969dc451bbd28e8cd3cb77167facb14a589d75dcd5e0813872ce2c2bbe3f66,20260916,0.11.0,45,service,lifetimes,False,12,12,POWER#10,POWER,,2.5,0,False,,BASE,installed
lifecycle,42969dc451bbd28e8cd3cb77167facb14a589d75dcd5e0813872ce2c2bbe3f66,20260916,0.11.0,45,service,lifetimes,False,12,12,POWER#11,POWER,,0.0,0,False,,REGION,stock
lifecycle,42969dc451bbd28e8cd3cb77167facb14a589d75dcd5e0813872ce2c2bbe3f66,20260916,0.11.0,45,service,lifetimes,False,12,12,POWER#12,POWER,,0.0,0,False,,REGION,stock
lifecycle,42969dc451bbd28e8cd3cb77167facb14a589d75dcd5e0813872ce2c2bbe3f66,20260916,0.11.0,46,service,lifetimes,False,13,13,POWER#1,POWER,,7.5,0,True,LIMIT_H,BASE,retired
lifecycle,42969dc451bbd28e8cd3cb77167facb14a589d75dcd5e0813872ce2c2bbe3f66,20260916,0.11.0,46,service,lifetimes,False,13,13,POWER#2,POWER,,4.675996211734031,0,False,,BASE,installed
lifecycle,42969dc451bbd28e8cd3cb77167facb14a589d75dcd5e0813872ce2c2bbe3f66,20260916,0.11.0,46,service,lifetimes,False,13,13,POWER#3,POWER,,7.5,0,True,LIMIT_H,BASE,retired
lifecycle,42969dc451bbd28e8cd3cb77167facb14a589d75dcd5e0813872ce2c2bbe3f66,20260916,0.11.0,46,service,lifetimes,False,13,13,POWER#4,POWER,,5.0,0,False,,BASE,stock
lifecycle,42969dc451bbd28e8cd3cb77167facb14a589d75dcd5e0813872ce2c2bbe3f66,20260916,0.11.0,46,service,lifetimes,False,13,13,POWER#5,POWER,,5.0,0,False,,REGION,stock
lifecycle,42969dc451bbd28e8cd3cb77167facb14a589d75dcd5e0813872ce2c2bbe3f66,20260916,0.11.0,46,service,lifetimes,False,13,13,POWER#6,POWER,,7.5,0,True,LIMIT_H,BASE,retired
lifecycle,42969dc451bbd28e8cd3cb77167facb14a589d75dcd5e0813872ce2c2bbe3f66,20260916,0.11.0,46,service,lifetimes,False,13,13,POWER#7,POWER,,5.0,0,False,,BASE,installed
lifecycle,42969dc451bbd28e8cd3cb77167facb14a589d75dcd5e0813872ce2c2bbe3f66,20260916,0.11.0,46,service,lifetimes,False,13,13,POWER#8,POWER,,2.175996211734031,1,False,,CENTER,stock
lifecycle,42969dc451bbd28e8cd3cb77167facb14a589d75dcd5e0813872ce2c2bbe3f66,20260916,0.11.0,46,service,lifetimes,False,13,13,POWER#9,POWER,,0.0,0,False,,BASE,installed
lifecycle,42969dc451bbd28e8cd3cb77167facb14a589d75dcd5e0813872ce2c2bbe3f66,20260916,0.11.0,46,service,lifetimes,False,13,13,POWER#10,POWER,,0.0,0,False,,BASE,installed
lifecycle,42969dc451bbd28e8cd3cb77167facb14a589d75dcd5e0813872ce2c2bbe3f66,20260916,0.11.0,46,service,lifetimes,False,13,13,POWER#11,POWER,,0.0,0,False,,BASE,stock
lifecycle,42969dc451bbd28e8cd3cb77167facb14a589d75dcd5e0813872ce2c2bbe3f66,20260916,0.11.0,46,service,lifetimes,False,13,13,POWER#12,POWER,,0.0,0,False,,REGION,stock
lifecycle,42969dc451bbd28e8cd3cb77167facb14a589d75dcd5e0813872ce2c2bbe3f66,20260916,0.11.0,46,service,lifetimes,False,13,13,POWER#13,POWER,,0.0,0,False,,CENTER,stock
lifecycle,42969dc451bbd28e8cd3cb77167facb14a589d75dcd5e0813872ce2c2bbe3f66,20260916,0.11.0,47,service,lifetimes,False,14,14,POWER#1,POWER,,5.0,0,False,,REGION,stock
lifecycle,42969dc451bbd28e8cd3cb77167facb14a589d75dcd5e0813872ce2c2bbe3f66,20260916,0.11.0,47,service,lifetimes,False,14,14,POWER#2,POWER,,4.0900003725867435,0,False,,CENTER,stock
lifecycle,42969dc451bbd28e8cd3cb77167facb14a589d75dcd5e0813872ce2c2bbe3f66,20260916,0.11.0,47,service,lifetimes,False,14,14,POWER#3,POWER,,7.5,0,True,LIMIT_H,BASE,retired
lifecycle,42969dc451bbd28e8cd3cb77167facb14a589d75dcd5e0813872ce2c2bbe3f66,20260916,0.11.0,47,service,lifetimes,False,14,14,POWER#4,POWER,,5.0,0,False,,BASE,installed
lifecycle,42969dc451bbd28e8cd3cb77167facb14a589d75dcd5e0813872ce2c2bbe3f66,20260916,0.11.0,47,service,lifetimes,False,14,14,POWER#5,POWER,,5.0,0,False,,BASE,stock
lifecycle,42969dc451bbd28e8cd3cb77167facb14a589d75dcd5e0813872ce2c2bbe3f66,20260916,0.11.0,47,service,lifetimes,False,14,14,POWER#6,POWER,,7.5,0,True,LIMIT_H,BASE,retired
lifecycle,42969dc451bbd28e8cd3cb77167facb14a589d75dcd5e0813872ce2c2bbe3f66,20260916,0.11.0,47,service,lifetimes,False,14,14,POWER#7,POWER,,5.0,0,False,,BASE,installed
lifecycle,42969dc451bbd28e8cd3cb77167facb14a589d75dcd5e0813872ce2c2bbe3f66,20260916,0.11.0,47,service,lifetimes,False,14,14,POWER#8,POWER,,1.5900003725867435,1,False,,CENTER,stock
lifecycle,42969dc451bbd28e8cd3cb77167facb14a589d75dcd5e0813872ce2c2bbe3f66,20260916,0.11.0,47,service,lifetimes,False,14,14,POWER#9,POWER,,2.5,0,False,,BASE,installed
lifecycle,42969dc451bbd28e8cd3cb77167facb14a589d75dcd5e0813872ce2c2bbe3f66,20260916,0.11.0,47,service,lifetimes,False,14,14,POWER#10,POWER,,0.0,0,False,,BASE,installed
lifecycle,42969dc451bbd28e8cd3cb77167facb14a589d75dcd5e0813872ce2c2bbe3f66,20260916,0.11.0,47,service,lifetimes,False,14,14,POWER#11,POWER,,0.0,0,False,,BASE,stock
lifecycle,42969dc451bbd28e8cd3cb77167facb14a589d75dcd5e0813872ce2c2bbe3f66,20260916,0.11.0,47,service,lifetimes,False,14,14,POWER#12,POWER,,0.0,0,False,,REGION,stock
lifecycle,42969dc451bbd28e8cd3cb77167facb14a589d75dcd5e0813872ce2c2bbe3f66,20260916,0.11.0,47,service,lifetimes,False,14,14,POWER#13,POWER,,0.0,0,False,,CENTER,stock
lifecycle,42969dc451bbd28e8cd3cb77167facb14a589d75dcd5e0813872ce2c2bbe3f66,20260916,0.11.0,47,service,lifetimes,False,14,14,POWER#14,POWER,,0.0,0,False,,CENTER,stock
lifecycle,42969dc451bbd28e8cd3cb77167facb14a589d75dcd5e0813872ce2c2bbe3f66,20260916,0.11.0,48,service,lifetimes,False,15,15,POWER#1,POWER,,6.116692973495461,0,True,LIMIT_H,BASE,retired
lifecycle,42969dc451bbd28e8cd3cb77167facb14a589d75dcd5e0813872ce2c2bbe3f66,20260916,0.11.0,48,service,lifetimes,False,15,15,POWER#2,POWER,,5.0,0,False,,CENTER,stock
lifecycle,42969dc451bbd28e8cd3cb77167facb14a589d75dcd5e0813872ce2c2bbe3f66,20260916,0.11.0,48,service,lifetimes,False,15,15,POWER#3,POWER,,5.0,0,False,,BASE,stock
lifecycle,42969dc451bbd28e8cd3cb77167facb14a589d75dcd5e0813872ce2c2bbe3f66,20260916,0.11.0,48,service,lifetimes,False,15,15,POWER#4,POWER,,6.116692973495461,0,True,LIMIT_H,BASE,retired
lifecycle,42969dc451bbd28e8cd3cb77167facb14a589d75dcd5e0813872ce2c2bbe3f66,20260916,0.11.0,48,service,lifetimes,False,15,15,POWER#5,POWER,,7.5,0,True,LIMIT_H,BASE,retired
lifecycle,42969dc451bbd28e8cd3cb77167facb14a589d75dcd5e0813872ce2c2bbe3f66,20260916,0.11.0,48,service,lifetimes,False,15,15,POWER#6,POWER,,7.5,0,True,LIMIT_H,BASE,retired
lifecycle,42969dc451bbd28e8cd3cb77167facb14a589d75dcd5e0813872ce2c2bbe3f66,20260916,0.11.0,48,service,lifetimes,False,15,15,POWER#7,POWER,,2.5,0,False,,BASE,installed
lifecycle,42969dc451bbd28e8cd3cb77167facb14a589d75dcd5e0813872ce2c2bbe3f66,20260916,0.11.0,48,service,lifetimes,False,15,15,POWER#8,POWER,,2.5,0,False,,BASE,installed
lifecycle,42969dc451bbd28e8cd3cb77167facb14a589d75dcd5e0813872ce2c2bbe3f66,20260916,0.11.0,48,service,lifetimes,False,15,15,POWER#9,POWER,,0.0,0,False,,BASE,installed
lifecycle,42969dc451bbd28e8cd3cb77167facb14a589d75dcd5e0813872ce2c2bbe3f66,20260916,0.11.0,48,service,lifetimes,False,15,15,POWER#10,POWER,,0.0,0,False,,BASE,installed
lifecycle,42969dc451bbd28e8cd3cb77167facb14a589d75dcd5e0813872ce2c2bbe3f66,20260916,0.11.0,48,service,lifetimes,False,15,15,POWER#11,POWER,,0.0,0,False,,BASE,stock
lifecycle,42969dc451bbd28e8cd3cb77167facb14a589d75dcd5e0813872ce2c2bbe3f66,20260916,0.11.0,48,service,lifetimes,False,15,15,POWER#12,POWER,,0.0,0,False,,REGION,stock
lifecycle,42969dc451bbd28e8cd3cb77167facb14a589d75dcd5e0813872ce2c2bbe3f66,20260916,0.11.0,48,service,lifetimes,False,15,15,POWER#13,POWER,,0.0,0,False,,REGION,stock
lifecycle,42969dc451bbd28e8cd3cb77167facb14a589d75dcd5e0813872ce2c2bbe3f66,20260916,0.11.0,48,service,lifetimes,False,15,15,POWER#14,POWER,,0.0,0,False,,CENTER,stock
lifecycle,42969dc451bbd28e8cd3cb77167facb14a589d75dcd5e0813872ce2c2bbe3f66,20260916,0.11.0,48,service,lifetimes,False,15,15,POWER#15,POWER,,0.0,0,False,,CENTER,stock
lifecycle,42969dc451bbd28e8cd3cb77167facb14a589d75dcd5e0813872ce2c2bbe3f66,20260916,0.11.0,49,service,lifetimes,False,14,14,POWER#1,POWER,,5.0,0,False,,CENTER,stock
lifecycle,42969dc451bbd28e8cd3cb77167facb14a589d75dcd5e0813872ce2c2bbe3f66,20260916,0.11.0,49,service,lifetimes,False,14,14,POWER#2,POWER,,5.0,0,False,,CENTER,stock
lifecycle,42969dc451bbd28e8cd3cb77167facb14a589d75dcd5e0813872ce2c2bbe3f66,20260916,0.11.0,49,service,lifetimes,False,14,14,POWER#3,POWER,,7.5,0,True,LIMIT_H,BASE,retired
lifecycle,42969dc451bbd28e8cd3cb77167facb14a589d75dcd5e0813872ce2c2bbe3f66,20260916,0.11.0,49,service,lifetimes,False,14,14,POWER#4,POWER,,5.0,0,False,,BASE,stock
lifecycle,42969dc451bbd28e8cd3cb77167facb14a589d75dcd5e0813872ce2c2bbe3f66,20260916,0.11.0,49,service,lifetimes,False,14,14,POWER#5,POWER,,7.5,0,True,LIMIT_H,BASE,retired
lifecycle,42969dc451bbd28e8cd3cb77167facb14a589d75dcd5e0813872ce2c2bbe3f66,20260916,0.11.0,49,service,lifetimes,False,14,14,POWER#6,POWER,,7.5,0,True,LIMIT_H,BASE,retired
lifecycle,42969dc451bbd28e8cd3cb77167facb14a589d75dcd5e0813872ce2c2bbe3f66,20260916,0.11.0,49,service,lifetimes,False,14,14,POWER#7,POWER,,2.5,0,False,,BASE,installed
lifecycle,42969dc451bbd28e8cd3cb77167facb14a589d75dcd5e0813872ce2c2bbe3f66,20260916,0.11.0,49,service,lifetimes,False,14,14,POWER#8,POWER,,2.5,0,False,,BASE,installed
lifecycle,42969dc451bbd28e8cd3cb77167facb14a589d75dcd5e0813872ce2c2bbe3f66,20260916,0.11.0,49,service,lifetimes,False,14,14,POWER#9,POWER,,2.5,0,False,,BASE,installed
lifecycle,42969dc451bbd28e8cd3cb77167facb14a589d75dcd5e0813872ce2c2bbe3f66,20260916,0.11.0,49,service,lifetimes,False,14,14,POWER#10,POWER,,0.0,0,False,,BASE,installed
lifecycle,42969dc451bbd28e8cd3cb77167facb14a589d75dcd5e0813872ce2c2bbe3f66,20260916,0.11.0,49,service,lifetimes,False,14,14,POWER#11,POWER,,0.0,0,False,,BASE,stock
lifecycle,42969dc451bbd28e8cd3cb77167facb14a589d75dcd5e0813872ce2c2bbe3f66,20260916,0.11.0,49,service,lifetimes,False,14,14,POWER#12,POWER,,0.0,0,False,,REGION,stock
lifecycle,42969dc451bbd28e8cd3cb77167facb14a589d75dcd5e0813872ce2c2bbe3f66,20260916,0.11.0,49,service,lifetimes,False,14,14,POWER#13,POWER,,0.0,0,False,,REGION,stock
lifecycle,42969dc451bbd28e8cd3cb77167facb14a589d75dcd5e0813872ce2c2bbe3f66,20260916,0.11.0,49,service,lifetimes,False,14,14,POWER#14,POWER,,0.0,0,False,,CENTER,stock
lifecycle,42969dc451bbd28e8cd3cb77167facb14a589d75dcd5e0813872ce2c2bbe3f66,20260916,0.11.0,50,service,lifetimes,False,13,13,POWER#1,POWER,,6.135613368305464,0,True,LIMIT_H,BASE,retired
lifecycle,42969dc451bbd28e8cd3cb77167facb14a589d75dcd5e0813872ce2c2bbe3f66,20260916,0.11.0,50,service,lifetimes,False,13,13,POWER#2,POWER,,5.0,0,False,,REGION,stock
lifecycle,42969dc451bbd28e8cd3cb77167facb14a589d75dcd5e0813872ce2c2bbe3f66,20260916,0.11.0,50,service,lifetimes,False,13,13,POWER#3,POWER,,5.0,0,False,,BASE,installed
lifecycle,42969dc451bbd28e8cd3cb77167facb14a589d75dcd5e0813872ce2c2bbe3f66,20260916,0.11.0,50,service,lifetimes,False,13,13,POWER#4,POWER,,5.0,0,False,,BASE,installed
lifecycle,42969dc451bbd28e8cd3cb77167facb14a589d75dcd5e0813872ce2c2bbe3f66,20260916,0.11.0,50,service,lifetimes,False,13,13,POWER#5,POWER,,5.0,0,False,,REGION,stock
lifecycle,42969dc451bbd28e8cd3cb77167facb14a589d75dcd5e0813872ce2c2bbe3f66,20260916,0.11.0,50,service,lifetimes,False,13,13,POWER#6,POWER,,7.5,0,True,LIMIT_H,BASE,retired
lifecycle,42969dc451bbd28e8cd3cb77167facb14a589d75dcd5e0813872ce2c2bbe3f66,20260916,0.11.0,50,service,lifetimes,False,13,13,POWER#7,POWER,,4.3959321605028805,1,False,,CENTER,stock
lifecycle,42969dc451bbd28e8cd3cb77167facb14a589d75dcd5e0813872ce2c2bbe3f66,20260916,0.11.0,50,service,lifetimes,False,13,13,POWER#8,POWER,,1.8959321605028805,0,False,,BASE,installed
lifecycle,42969dc451bbd28e8cd3cb77167facb14a589d75dcd5e0813872ce2c2bbe3f66,20260916,0.11.0,50,service,lifetimes,False,13,13,POWER#9,POWER,,1.1356133683054637,1,False,,CENTER,stock
lifecycle,42969dc451bbd28e8cd3cb77167facb14a589d75dcd5e0813872ce2c2bbe3f66,20260916,0.11.0,50,service,lifetimes,False,13,13,POWER#10,POWER,,0.0,0,False,,BASE,installed
lifecycle,42969dc451bbd28e8cd3cb77167facb14a589d75dcd5e0813872ce2c2bbe3f66,20260916,0.11.0,50,service,lifetimes,False,13,13,POWER#11,POWER,,0.0,0,False,,BASE,stock
lifecycle,42969dc451bbd28e8cd3cb77167facb14a589d75dcd5e0813872ce2c2bbe3f66,20260916,0.11.0,50,service,lifetimes,False,13,13,POWER#12,POWER,,0.0,0,False,,BASE,stock
lifecycle,42969dc451bbd28e8cd3cb77167facb14a589d75dcd5e0813872ce2c2bbe3f66,20260916,0.11.0,50,service,lifetimes,False,13,13,POWER#13,POWER,,0.0,0,False,,CENTER,stock
lifecycle,42969dc451bbd28e8cd3cb77167facb14a589d75dcd5e0813872ce2c2bbe3f66,20260916,0.11.0,51,service,lifetimes,False,12,12,POWER#1,POWER,,5.0,0,False,,CENTER,stock
lifecycle,42969dc451bbd28e8cd3cb77167facb14a589d75dcd5e0813872ce2c2bbe3f66,20260916,0.11.0,51,service,lifetimes,False,12,12,POWER#2,POWER,,5.0,0,False,,BASE,installed
lifecycle,42969dc451bbd28e8cd3cb77167facb14a589d75dcd5e0813872ce2c2bbe3f66,20260916,0.11.0,51,service,lifetimes,False,12,12,POWER#3,POWER,,7.5,0,True,LIMIT_H,BASE,retired
lifecycle,42969dc451bbd28e8cd3cb77167facb14a589d75dcd5e0813872ce2c2bbe3f66,20260916,0.11.0,51,service,lifetimes,False,12,12,POWER#4,POWER,,7.5,0,True,LIMIT_H,BASE,retired
lifecycle,42969dc451bbd28e8cd3cb77167facb14a589d75dcd5e0813872ce2c2bbe3f66,20260916,0.11.0,51,service,lifetimes,False,12,12,POWER#5,POWER,,5.0,0,False,,REGION,stock
lifecycle,42969dc451bbd28e8cd3cb77167facb14a589d75dcd5e0813872ce2c2bbe3f66,20260916,0.11.0,51,service,lifetimes,False,12,12,POWER#6,POWER,,5.0,0,False,,BASE,stock
lifecycle,42969dc451bbd28e8cd3cb77167facb14a589d75dcd5e0813872ce2c2bbe3f66,20260916,0.11.0,51,service,lifetimes,False,12,12,POWER#7,POWER,,5.0,0,False,,BASE,installed
lifecycle,42969dc451bbd28e8cd3cb77167facb14a589d75dcd5e0813872ce2c2bbe3f66,20260916,0.11.0,51,service,lifetimes,False,12,12,POWER#8,POWER,,5.0,0,False,,BASE,installed
lifecycle,42969dc451bbd28e8cd3cb77167facb14a589d75dcd5e0813872ce2c2bbe3f66,20260916,0.11.0,51,service,lifetimes,False,12,12,POWER#9,POWER,,0.0,0,False,,BASE,installed
lifecycle,42969dc451bbd28e8cd3cb77167facb14a589d75dcd5e0813872ce2c2bbe3f66,20260916,0.11.0,51,service,lifetimes,False,12,12,POWER#10,POWER,,0.0,0,False,,BASE,stock
lifecycle,42969dc451bbd28e8cd3cb77167facb14a589d75dcd5e0813872ce2c2bbe3f66,20260916,0.11.0,51,service,lifetimes,False,12,12,POWER#11,POWER,,0.0,0,False,,REGION,stock
lifecycle,42969dc451bbd28e8cd3cb77167facb14a589d75dcd5e0813872ce2c2bbe3f66,20260916,0.11.0,51,service,lifetimes,False,12,12,POWER#12,POWER,,0.0,0,False,,CENTER,stock
lifecycle,42969dc451bbd28e8cd3cb77167facb14a589d75dcd5e0813872ce2c2bbe3f66,20260916,0.11.0,52,service,lifetimes,False,13,13,POWER#1,POWER,,7.5,0,True,LIMIT_H,BASE,retired
lifecycle,42969dc451bbd28e8cd3cb77167facb14a589d75dcd5e0813872ce2c2bbe3f66,20260916,0.11.0,52,service,lifetimes,False,13,13,POWER#2,POWER,,7.5,0,True,LIMIT_H,BASE,retired
lifecycle,42969dc451bbd28e8cd3cb77167facb14a589d75dcd5e0813872ce2c2bbe3f66,20260916,0.11.0,52,service,lifetimes,False,13,13,POWER#3,POWER,,5.0,0,False,,BASE,stock
lifecycle,42969dc451bbd28e8cd3cb77167facb14a589d75dcd5e0813872ce2c2bbe3f66,20260916,0.11.0,52,service,lifetimes,False,13,13,POWER#4,POWER,,5.0,0,False,,BASE,installed
lifecycle,42969dc451bbd28e8cd3cb77167facb14a589d75dcd5e0813872ce2c2bbe3f66,20260916,0.11.0,52,service,lifetimes,False,13,13,POWER#5,POWER,,5.0,0,False,,REGION,stock
lifecycle,42969dc451bbd28e8cd3cb77167facb14a589d75dcd5e0813872ce2c2bbe3f66,20260916,0.11.0,52,service,lifetimes,False,13,13,POWER#6,POWER,,7.5,0,True,LIMIT_H,BASE,retired
lifecycle,42969dc451bbd28e8cd3cb77167facb14a589d75dcd5e0813872ce2c2bbe3f66,20260916,0.11.0,52,service,lifetimes,False,13,13,POWER#7,POWER,,5.0,0,False,,CENTER,stock
lifecycle,42969dc451bbd28e8cd3cb77167facb14a589d75dcd5e0813872ce2c2bbe3f66,20260916,0.11.0,52,service,lifetimes,False,13,13,POWER#8,POWER,,2.5,0,False,,BASE,installed
lifecycle,42969dc451bbd28e8cd3cb77167facb14a589d75dcd5e0813872ce2c2bbe3f66,20260916,0.11.0,52,service,lifetimes,False,13,13,POWER#9,POWER,,0.0,0,False,,BASE,installed
lifecycle,42969dc451bbd28e8cd3cb77167facb14a589d75dcd5e0813872ce2c2bbe3f66,20260916,0.11.0,52,service,lifetimes,False,13,13,POWER#10,POWER,,0.0,0,False,,BASE,installed
lifecycle,42969dc451bbd28e8cd3cb77167facb14a589d75dcd5e0813872ce2c2bbe3f66,20260916,0.11.0,52,service,lifetimes,False,13,13,POWER#11,POWER,,0.0,0,False,,BASE,stock
lifecycle,42969dc451bbd28e8cd3cb77167facb14a589d75dcd5e0813872ce2c2bbe3f66,20260916,0.11.0,52,service,lifetimes,False,13,13,POWER#12,POWER,,0.0,0,False,,REGION,stock
lifecycle,42969dc451bbd28e8cd3cb77167facb14a589d75dcd5e0813872ce2c2bbe3f66,20260916,0.11.0,52,service,lifetimes,False,13,13,POWER#13,POWER,,0.0,0,False,,CENTER,stock
lifecycle,42969dc451bbd28e8cd3cb77167facb14a589d75dcd5e0813872ce2c2bbe3f66,20260916,0.11.0,53,service,lifetimes,False,12,12,POWER#1,POWER,,5.0,0,False,,CENTER,stock
lifecycle,42969dc451bbd28e8cd3cb77167facb14a589d75dcd5e0813872ce2c2bbe3f66,20260916,0.11.0,53,service,lifetimes,False,12,12,POWER#2,POWER,,5.0,0,False,,BASE,installed
lifecycle,42969dc451bbd28e8cd3cb77167facb14a589d75dcd5e0813872ce2c2bbe3f66,20260916,0.11.0,53,service,lifetimes,False,12,12,POWER#3,POWER,,5.0,0,False,,BASE,stock
lifecycle,42969dc451bbd28e8cd3cb77167facb14a589d75dcd5e0813872ce2c2bbe3f66,20260916,0.11.0,53,service,lifetimes,False,12,12,POWER#4,POWER,,7.5,0,True,LIMIT_H,BASE,retired
lifecycle,42969dc451bbd28e8cd3cb77167facb14a589d75dcd5e0813872ce2c2bbe3f66,20260916,0.11.0,53,service,lifetimes,False,12,12,POWER#5,POWER,,5.0,0,False,,REGION,stock
lifecycle,42969dc451bbd28e8cd3cb77167facb14a589d75dcd5e0813872ce2c2bbe3f66,20260916,0.11.0,53,service,lifetimes,False,12,12,POWER#6,POWER,,5.0,0,False,,REGION,stock
lifecycle,42969dc451bbd28e8cd3cb77167facb14a589d75dcd5e0813872ce2c2bbe3f66,20260916,0.11.0,53,service,lifetimes,False,12,12,POWER#7,POWER,,5.0,0,False,,BASE,installed
lifecycle,42969dc451bbd28e8cd3cb77167facb14a589d75dcd5e0813872ce2c2bbe3f66,20260916,0.11.0,53,service,lifetimes,False,12,12,POWER#8,POWER,,5.0,0,False,,CENTER,stock
lifecycle,42969dc451bbd28e8cd3cb77167facb14a589d75dcd5e0813872ce2c2bbe3f66,20260916,0.11.0,53,service,lifetimes,False,12,12,POWER#9,POWER,,2.5,0,False,,BASE,installed
lifecycle,42969dc451bbd28e8cd3cb77167facb14a589d75dcd5e0813872ce2c2bbe3f66,20260916,0.11.0,53,service,lifetimes,False,12,12,POWER#10,POWER,,0.0,0,False,,BASE,installed
lifecycle,42969dc451bbd28e8cd3cb77167facb14a589d75dcd5e0813872ce2c2bbe3f66,20260916,0.11.0,53,service,lifetimes,False,12,12,POWER#11,POWER,,0.0,0,False,,BASE,stock
lifecycle,42969dc451bbd28e8cd3cb77167facb14a589d75dcd5e0813872ce2c2bbe3f66,20260916,0.11.0,53,service,lifetimes,False,12,12,POWER#12,POWER,,0.0,0,False,,CENTER,stock
lifecycle,42969dc451bbd28e8cd3cb77167facb14a589d75dcd5e0813872ce2c2bbe3f66,20260916,0.11.0,54,service,lifetimes,False,12,12,POWER#1,POWER,,5.0,0,False,,CENTER,stock
lifecycle,42969dc451bbd28e8cd3cb77167facb14a589d75dcd5e0813872ce2c2bbe3f66,20260916,0.11.0,54,service,lifetimes,False,12,12,POWER#2,POWER,,5.0,0,False,,CENTER,stock
lifecycle,42969dc451bbd28e8cd3cb77167facb14a589d75dcd5e0813872ce2c2bbe3f66,20260916,0.11.0,54,service,lifetimes,False,12,12,POWER#3,POWER,,5.0,0,False,,BASE,stock
lifecycle,42969dc451bbd28e8cd3cb77167facb14a589d75dcd5e0813872ce2c2bbe3f66,20260916,0.11.0,54,service,lifetimes,False,12,12,POWER#4,POWER,,5.0,0,False,,BASE,stock
lifecycle,42969dc451bbd28e8cd3cb77167facb14a589d75dcd5e0813872ce2c2bbe3f66,20260916,0.11.0,54,service,lifetimes,False,12,12,POWER#5,POWER,,7.5,0,True,LIMIT_H,BASE,retired
lifecycle,42969dc451bbd28e8cd3cb77167facb14a589d75dcd5e0813872ce2c2bbe3f66,20260916,0.11.0,54,service,lifetimes,False,12,12,POWER#6,POWER,,5.0,0,False,,CENTER,stock
lifecycle,42969dc451bbd28e8cd3cb77167facb14a589d75dcd5e0813872ce2c2bbe3f66,20260916,0.11.0,54,service,lifetimes,False,12,12,POWER#7,POWER,,5.0,0,False,,BASE,installed
lifecycle,42969dc451bbd28e8cd3cb77167facb14a589d75dcd5e0813872ce2c2bbe3f66,20260916,0.11.0,54,service,lifetimes,False,12,12,POWER#8,POWER,,2.5,0,False,,BASE,installed
lifecycle,42969dc451bbd28e8cd3cb77167facb14a589d75dcd5e0813872ce2c2bbe3f66,20260916,0.11.0,54,service,lifetimes,False,12,12,POWER#9,POWER,,2.5,0,False,,BASE,installed
lifecycle,42969dc451bbd28e8cd3cb77167facb14a589d75dcd5e0813872ce2c2bbe3f66,20260916,0.11.0,54,service,lifetimes,False,12,12,POWER#10,POWER,,2.5,0,False,,BASE,installed
lifecycle,42969dc451bbd28e8cd3cb77167facb14a589d75dcd5e0813872ce2c2bbe3f66,20260916,0.11.0,54,service,lifetimes,False,12,12,POWER#11,POWER,,0.0,0,False,,REGION,stock
lifecycle,42969dc451bbd28e8cd3cb77167facb14a589d75dcd5e0813872ce2c2bbe3f66,20260916,0.11.0,54,service,lifetimes,False,12,12,POWER#12,POWER,,0.0,0,False,,REGION,stock
lifecycle,42969dc451bbd28e8cd3cb77167facb14a589d75dcd5e0813872ce2c2bbe3f66,20260916,0.11.0,55,service,lifetimes,False,13,13,POWER#1,POWER,,7.5,0,True,LIMIT_H,BASE,retired
lifecycle,42969dc451bbd28e8cd3cb77167facb14a589d75dcd5e0813872ce2c2bbe3f66,20260916,0.11.0,55,service,lifetimes,False,13,13,POWER#2,POWER,,5.0,0,False,,CENTER,stock
lifecycle,42969dc451bbd28e8cd3cb77167facb14a589d75dcd5e0813872ce2c2bbe3f66,20260916,0.11.0,55,service,lifetimes,False,13,13,POWER#3,POWER,,7.5,0,True,LIMIT_H,BASE,retired
lifecycle,42969dc451bbd28e8cd3cb77167facb14a589d75dcd5e0813872ce2c2bbe3f66,20260916,0.11.0,55,service,lifetimes,False,13,13,POWER#4,POWER,,5.0,0,False,,BASE,stock
lifecycle,42969dc451bbd28e8cd3cb77167facb14a589d75dcd5e0813872ce2c2bbe3f66,20260916,0.11.0,55,service,lifetimes,False,13,13,POWER#5,POWER,,7.5,0,True,LIMIT_H,BASE,retired
lifecycle,42969dc451bbd28e8cd3cb77167facb14a589d75dcd5e0813872ce2c2bbe3f66,20260916,0.11.0,55,service,lifetimes,False,13,13,POWER#6,POWER,,2.5,1,False,,BASE,stock
lifecycle,42969dc451bbd28e8cd3cb77167facb14a589d75dcd5e0813872ce2c2bbe3f66,20260916,0.11.0,55,service,lifetimes,False,13,13,POWER#7,POWER,,5.0,0,False,,BASE,installed
lifecycle,42969dc451bbd28e8cd3cb77167facb14a589d75dcd5e0813872ce2c2bbe3f66,20260916,0.11.0,55,service,lifetimes,False,13,13,POWER#8,POWER,,2.5,0,False,,BASE,installed
lifecycle,42969dc451bbd28e8cd3cb77167facb14a589d75dcd5e0813872ce2c2bbe3f66,20260916,0.11.0,55,service,lifetimes,False,13,13,POWER#9,POWER,,2.5,0,False,,BASE,installed
lifecycle,42969dc451bbd28e8cd3cb77167facb14a589d75dcd5e0813872ce2c2bbe3f66,20260916,0.11.0,55,service,lifetimes,False,13,13,POWER#10,POWER,,0.0,0,False,,BASE,installed
lifecycle,42969dc451bbd28e8cd3cb77167facb14a589d75dcd5e0813872ce2c2bbe3f66,20260916,0.11.0,55,service,lifetimes,False,13,13,POWER#11,POWER,,0.0,0,False,,REGION,stock
lifecycle,42969dc451bbd28e8cd3cb77167facb14a589d75dcd5e0813872ce2c2bbe3f66,20260916,0.11.0,55,service,lifetimes,False,13,13,POWER#12,POWER,,0.0,0,False,,REGION,stock
lifecycle,42969dc451bbd28e8cd3cb77167facb14a589d75dcd5e0813872ce2c2bbe3f66,20260916,0.11.0,55,service,lifetimes,False,13,13,POWER#13,POWER,,0.0,0,False,,CENTER,stock
lifecycle,42969dc451bbd28e8cd3cb77167facb14a589d75dcd5e0813872ce2c2bbe3f66,20260916,0.11.0,56,service,lifetimes,False,14,14,POWER#1,POWER,,7.5,0,True,LIMIT_H,BASE,retired
lifecycle,42969dc451bbd28e8cd3cb77167facb14a589d75dcd5e0813872ce2c2bbe3f66,20260916,0.11.0,56,service,lifetimes,False,14,14,POWER#2,POWER,,5.0,0,False,,BASE,installed
lifecycle,42969dc451bbd28e8cd3cb77167facb14a589d75dcd5e0813872ce2c2bbe3f66,20260916,0.11.0,56,service,lifetimes,False,14,14,POWER#3,POWER,,7.5,0,True,LIMIT_H,BASE,retired
lifecycle,42969dc451bbd28e8cd3cb77167facb14a589d75dcd5e0813872ce2c2bbe3f66,20260916,0.11.0,56,service,lifetimes,False,14,14,POWER#4,POWER,,5.0,0,False,,BASE,stock
lifecycle,42969dc451bbd28e8cd3cb77167facb14a589d75dcd5e0813872ce2c2bbe3f66,20260916,0.11.0,56,service,lifetimes,False,14,14,POWER#5,POWER,,7.5,0,True,LIMIT_H,BASE,retired
lifecycle,42969dc451bbd28e8cd3cb77167facb14a589d75dcd5e0813872ce2c2bbe3f66,20260916,0.11.0,56,service,lifetimes,False,14,14,POWER#6,POWER,,5.0,0,False,,REGION,stock
lifecycle,42969dc451bbd28e8cd3cb77167facb14a589d75dcd5e0813872ce2c2bbe3f66,20260916,0.11.0,56,service,lifetimes,False,14,14,POWER#7,POWER,,5.0,0,False,,CENTER,stock
lifecycle,42969dc451bbd28e8cd3cb77167facb14a589d75dcd5e0813872ce2c2bbe3f66,20260916,0.11.0,56,service,lifetimes,False,14,14,POWER#8,POWER,,2.5,0,False,,BASE,installed
lifecycle,42969dc451bbd28e8cd3cb77167facb14a589d75dcd5e0813872ce2c2bbe3f66,20260916,0.11.0,56,service,lifetimes,False,14,14,POWER#9,POWER,,0.0,0,False,,BASE,installed
lifecycle,42969dc451bbd28e8cd3cb77167facb14a589d75dcd5e0813872ce2c2bbe3f66,20260916,0.11.0,56,service,lifetimes,False,14,14,POWER#10,POWER,,0.0,0,False,,BASE,installed
lifecycle,42969dc451bbd28e8cd3cb77167facb14a589d75dcd5e0813872ce2c2bbe3f66,20260916,0.11.0,56,service,lifetimes,False,14,14,POWER#11,POWER,,0.0,0,False,,BASE,stock
lifecycle,42969dc451bbd28e8cd3cb77167facb14a589d75dcd5e0813872ce2c2bbe3f66,20260916,0.11.0,56,service,lifetimes,False,14,14,POWER#12,POWER,,0.0,0,False,,REGION,stock
lifecycle,42969dc451bbd28e8cd3cb77167facb14a589d75dcd5e0813872ce2c2bbe3f66,20260916,0.11.0,56,service,lifetimes,False,14,14,POWER#13,POWER,,0.0,0,False,,CENTER,stock
lifecycle,42969dc451bbd28e8cd3cb77167facb14a589d75dcd5e0813872ce2c2bbe3f66,20260916,0.11.0,56,service,lifetimes,False,14,14,POWER#14,POWER,,0.0,0,False,,CENTER,stock
lifecycle,42969dc451bbd28e8cd3cb77167facb14a589d75dcd5e0813872ce2c2bbe3f66,20260916,0.11.0,57,service,lifetimes,False,13,13,POWER#1,POWER,,5.0,0,False,,CENTER,stock
lifecycle,42969dc451bbd28e8cd3cb77167facb14a589d75dcd5e0813872ce2c2bbe3f66,20260916,0.11.0,57,service,lifetimes,False,13,13,POWER#2,POWER,,1.8536910967353109,1,False,,REGION,stock
lifecycle,42969dc451bbd28e8cd3cb77167facb14a589d75dcd5e0813872ce2c2bbe3f66,20260916,0.11.0,57,service,lifetimes,False,13,13,POWER#3,POWER,,7.5,0,True,LIMIT_H,BASE,retired
lifecycle,42969dc451bbd28e8cd3cb77167facb14a589d75dcd5e0813872ce2c2bbe3f66,20260916,0.11.0,57,service,lifetimes,False,13,13,POWER#4,POWER,,5.0,0,False,,BASE,installed
lifecycle,42969dc451bbd28e8cd3cb77167facb14a589d75dcd5e0813872ce2c2bbe3f66,20260916,0.11.0,57,service,lifetimes,False,13,13,POWER#5,POWER,,3.3163638497522143,0,False,,BASE,stock
lifecycle,42969dc451bbd28e8cd3cb77167facb14a589d75dcd5e0813872ce2c2bbe3f66,20260916,0.11.0,57,service,lifetimes,False,13,13,POWER#6,POWER,,7.670054946487525,1,True,LIMIT_H,BASE,retired
lifecycle,42969dc451bbd28e8cd3cb77167facb14a589d75dcd5e0813872ce2c2bbe3f66,20260916,0.11.0,57,service,lifetimes,False,13,13,POWER#7,POWER,,5.0,0,False,,CENTER,stock
lifecycle,42969dc451bbd28e8cd3cb77167facb14a589d75dcd5e0813872ce2c2bbe3f66,20260916,0.11.0,57,service,lifetimes,False,13,13,POWER#8,POWER,,2.5,0,False,,BASE,installed
lifecycle,42969dc451bbd28e8cd3cb77167facb14a589d75dcd5e0813872ce2c2bbe3f66,20260916,0.11.0,57,service,lifetimes,False,13,13,POWER#9,POWER,,2.5,0,False,,BASE,installed
lifecycle,42969dc451bbd28e8cd3cb77167facb14a589d75dcd5e0813872ce2c2bbe3f66,20260916,0.11.0,57,service,lifetimes,False,13,13,POWER#10,POWER,,0.0,0,False,,BASE,installed
lifecycle,42969dc451bbd28e8cd3cb77167facb14a589d75dcd5e0813872ce2c2bbe3f66,20260916,0.11.0,57,service,lifetimes,False,13,13,POWER#11,POWER,,0.0,0,False,,BASE,stock
lifecycle,42969dc451bbd28e8cd3cb77167facb14a589d75dcd5e0813872ce2c2bbe3f66,20260916,0.11.0,57,service,lifetimes,False,13,13,POWER#12,POWER,,0.0,0,False,,REGION,stock
lifecycle,42969dc451bbd28e8cd3cb77167facb14a589d75dcd5e0813872ce2c2bbe3f66,20260916,0.11.0,57,service,lifetimes,False,13,13,POWER#13,POWER,,0.0,0,False,,CENTER,stock
lifecycle,42969dc451bbd28e8cd3cb77167facb14a589d75dcd5e0813872ce2c2bbe3f66,20260916,0.11.0,58,service,lifetimes,False,12,12,POWER#1,POWER,,7.259069842828318,1,True,LIMIT_H,BASE,retired
lifecycle,42969dc451bbd28e8cd3cb77167facb14a589d75dcd5e0813872ce2c2bbe3f66,20260916,0.11.0,58,service,lifetimes,False,12,12,POWER#2,POWER,,4.759069842828318,0,False,,CENTER,stock
lifecycle,42969dc451bbd28e8cd3cb77167facb14a589d75dcd5e0813872ce2c2bbe3f66,20260916,0.11.0,58,service,lifetimes,False,12,12,POWER#3,POWER,,5.0,0,False,,BASE,stock
lifecycle,42969dc451bbd28e8cd3cb77167facb14a589d75dcd5e0813872ce2c2bbe3f66,20260916,0.11.0,58,service,lifetimes,False,12,12,POWER#4,POWER,,5.0,0,False,,BASE,installed
lifecycle,42969dc451bbd28e8cd3cb77167facb14a589d75dcd5e0813872ce2c2bbe3f66,20260916,0.11.0,58,service,lifetimes,False,12,12,POWER#5,POWER,,7.5,0,True,LIMIT_H,BASE,retired
lifecycle,42969dc451bbd28e8cd3cb77167facb14a589d75dcd5e0813872ce2c2bbe3f66,20260916,0.11.0,58,service,lifetimes,False,12,12,POWER#6,POWER,,5.0,0,False,,REGION,stock
lifecycle,42969dc451bbd28e8cd3cb77167facb14a589d75dcd5e0813872ce2c2bbe3f66,20260916,0.11.0,58,service,lifetimes,False,12,12,POWER#7,POWER,,5.0,0,False,,CENTER,stock
lifecycle,42969dc451bbd28e8cd3cb77167facb14a589d75dcd5e0813872ce2c2bbe3f66,20260916,0.11.0,58,service,lifetimes,False,12,12,POWER#8,POWER,,2.5,0,False,,BASE,installed
lifecycle,42969dc451bbd28e8cd3cb77167facb14a589d75dcd5e0813872ce2c2bbe3f66,20260916,0.11.0,58,service,lifetimes,False,12,12,POWER#9,POWER,,2.5,0,False,,BASE,installed
lifecycle,42969dc451bbd28e8cd3cb77167facb14a589d75dcd5e0813872ce2c2bbe3f66,20260916,0.11.0,58,service,lifetimes,False,12,12,POWER#10,POWER,,0.0,0,False,,BASE,installed
lifecycle,42969dc451bbd28e8cd3cb77167facb14a589d75dcd5e0813872ce2c2bbe3f66,20260916,0.11.0,58,service,lifetimes,False,12,12,POWER#11,POWER,,0.0,0,False,,BASE,stock
lifecycle,42969dc451bbd28e8cd3cb77167facb14a589d75dcd5e0813872ce2c2bbe3f66,20260916,0.11.0,58,service,lifetimes,False,12,12,POWER#12,POWER,,0.0,0,False,,REGION,stock
lifecycle,42969dc451bbd28e8cd3cb77167facb14a589d75dcd5e0813872ce2c2bbe3f66,20260916,0.11.0,59,service,lifetimes,False,14,14,POWER#1,POWER,,2.984156242581193,0,False,,BASE,installed
lifecycle,42969dc451bbd28e8cd3cb77167facb14a589d75dcd5e0813872ce2c2bbe3f66,20260916,0.11.0,59,service,lifetimes,False,14,14,POWER#2,POWER,,5.0,0,False,,BASE,installed
lifecycle,42969dc451bbd28e8cd3cb77167facb14a589d75dcd5e0813872ce2c2bbe3f66,20260916,0.11.0,59,service,lifetimes,False,14,14,POWER#3,POWER,,7.5,0,True,LIMIT_H,BASE,retired
lifecycle,42969dc451bbd28e8cd3cb77167facb14a589d75dcd5e0813872ce2c2bbe3f66,20260916,0.11.0,59,service,lifetimes,False,14,14,POWER#4,POWER,,7.5,0,True,LIMIT_H,BASE,retired
lifecycle,42969dc451bbd28e8cd3cb77167facb14a589d75dcd5e0813872ce2c2bbe3f66,20260916,0.11.0,59,service,lifetimes,False,14,14,POWER#5,POWER,,6.937206354266891,1,True,LIMIT_H,BASE,retired
lifecycle,42969dc451bbd28e8cd3cb77167facb14a589d75dcd5e0813872ce2c2bbe3f66,20260916,0.11.0,59,service,lifetimes,False,14,14,POWER#6,POWER,,4.437206354266891,0,False,,BASE,stock
lifecycle,42969dc451bbd28e8cd3cb77167facb14a589d75dcd5e0813872ce2c2bbe3f66,20260916,0.11.0,59,service,lifetimes,False,14,14,POWER#7,POWER,,5.0,0,False,,CENTER,stock
lifecycle,42969dc451bbd28e8cd3cb77167facb14a589d75dcd5e0813872ce2c2bbe3f66,20260916,0.11.0,59,service,lifetimes,False,14,14,POWER#8,POWER,,0.48415624258119294,1,False,,BASE,installed
lifecycle,42969dc451bbd28e8cd3cb77167facb14a589d75dcd5e0813872ce2c2bbe3f66,20260916,0.11.0,59,service,lifetimes,False,14,14,POWER#9,POWER,,0.0,0,False,,BASE,installed
lifecycle,42969dc451bbd28e8cd3cb77167facb14a589d75dcd5e0813872ce2c2bbe3f66,20260916,0.11.0,59,service,lifetimes,False,14,14,POWER#10,POWER,,0.0,0,False,,BASE,stock
lifecycle,42969dc451bbd28e8cd3cb77167facb14a589d75dcd5e0813872ce2c2bbe3f66,20260916,0.11.0,59,service,lifetimes,False,14,14,POWER#11,POWER,,0.0,0,False,,REGION,stock
lifecycle,42969dc451bbd28e8cd3cb77167facb14a589d75dcd5e0813872ce2c2bbe3f66,20260916,0.11.0,59,service,lifetimes,False,14,14,POWER#12,POWER,,0.0,0,False,,REGION,stock
lifecycle,42969dc451bbd28e8cd3cb77167facb14a589d75dcd5e0813872ce2c2bbe3f66,20260916,0.11.0,59,service,lifetimes,False,14,14,POWER#13,POWER,,0.0,0,False,,CENTER,stock
lifecycle,42969dc451bbd28e8cd3cb77167facb14a589d75dcd5e0813872ce2c2bbe3f66,20260916,0.11.0,59,service,lifetimes,False,14,14,POWER#14,POWER,,0.0,0,False,,CENTER,stock
lifecycle,42969dc451bbd28e8cd3cb77167facb14a589d75dcd5e0813872ce2c2bbe3f66,20260916,0.11.0,60,service,lifetimes,False,14,14,POWER#1,POWER,,5.0,0,False,,CENTER,stock
lifecycle,42969dc451bbd28e8cd3cb77167facb14a589d75dcd5e0813872ce2c2bbe3f66,20260916,0.11.0,60,service,lifetimes,False,14,14,POWER#2,POWER,,5.0,0,False,,CENTER,stock
lifecycle,42969dc451bbd28e8cd3cb77167facb14a589d75dcd5e0813872ce2c2bbe3f66,20260916,0.11.0,60,service,lifetimes,False,14,14,POWER#3,POWER,,5.0,0,False,,BASE,stock
lifecycle,42969dc451bbd28e8cd3cb77167facb14a589d75dcd5e0813872ce2c2bbe3f66,20260916,0.11.0,60,service,lifetimes,False,14,14,POWER#4,POWER,,7.5,0,True,LIMIT_H,BASE,retired
lifecycle,42969dc451bbd28e8cd3cb77167facb14a589d75dcd5e0813872ce2c2bbe3f66,20260916,0.11.0,60,service,lifetimes,False,14,14,POWER#5,POWER,,7.5,0,True,LIMIT_H,BASE,retired
lifecycle,42969dc451bbd28e8cd3cb77167facb14a589d75dcd5e0813872ce2c2bbe3f66,20260916,0.11.0,60,service,lifetimes,False,14,14,POWER#6,POWER,,7.5,1,True,LIMIT_H,BASE,retired
lifecycle,42969dc451bbd28e8cd3cb77167facb14a589d75dcd5e0813872ce2c2bbe3f66,20260916,0.11.0,60,service,lifetimes,False,14,14,POWER#7,POWER,,2.5,0,False,,BASE,installed
lifecycle,42969dc451bbd28e8cd3cb77167facb14a589d75dcd5e0813872ce2c2bbe3f66,20260916,0.11.0,60,service,lifetimes,False,14,14,POWER#8,POWER,,2.5,0,False,,BASE,installed
lifecycle,42969dc451bbd28e8cd3cb77167facb14a589d75dcd5e0813872ce2c2bbe3f66,20260916,0.11.0,60,service,lifetimes,False,14,14,POWER#9,POWER,,2.5,0,False,,BASE,installed
lifecycle,42969dc451bbd28e8cd3cb77167facb14a589d75dcd5e0813872ce2c2bbe3f66,20260916,0.11.0,60,service,lifetimes,False,14,14,POWER#10,POWER,,0.0,0,False,,BASE,installed
lifecycle,42969dc451bbd28e8cd3cb77167facb14a589d75dcd5e0813872ce2c2bbe3f66,20260916,0.11.0,60,service,lifetimes,False,14,14,POWER#11,POWER,,0.0,0,False,,BASE,stock
lifecycle,42969dc451bbd28e8cd3cb77167facb14a589d75dcd5e0813872ce2c2bbe3f66,20260916,0.11.0,60,service,lifetimes,False,14,14,POWER#12,POWER,,0.0,0,False,,REGION,stock
lifecycle,42969dc451bbd28e8cd3cb77167facb14a589d75dcd5e0813872ce2c2bbe3f66,20260916,0.11.0,60,service,lifetimes,False,14,14,POWER#13,POWER,,0.0,0,False,,REGION,stock
lifecycle,42969dc451bbd28e8cd3cb77167facb14a589d75dcd5e0813872ce2c2bbe3f66,20260916,0.11.0,60,service,lifetimes,False,14,14,POWER#14,POWER,,0.0,0,False,,CENTER,stock
lifecycle,42969dc451bbd28e8cd3cb77167facb14a589d75dcd5e0813872ce2c2bbe3f66,20260916,0.11.0,61,service,lifetimes,False,13,13,POWER#1,POWER,,7.5,0,True,LIMIT_H,BASE,retired
lifecycle,42969dc451bbd28e8cd3cb77167facb14a589d75dcd5e0813872ce2c2bbe3f66,20260916,0.11.0,61,service,lifetimes,False,13,13,POWER#2,POWER,,7.5,0,True,LIMIT_H,BASE,retired
lifecycle,42969dc451bbd28e8cd3cb77167facb14a589d75dcd5e0813872ce2c2bbe3f66,20260916,0.11.0,61,service,lifetimes,False,13,13,POWER#3,POWER,,2.3089468268915727,1,False,,BASE,installed
lifecycle,42969dc451bbd28e8cd3cb77167facb14a589d75dcd5e0813872ce2c2bbe3f66,20260916,0.11.0,61,service,lifetimes,False,13,13,POWER#4,POWER,,4.808946826891573,0,False,,BASE,stock
lifecycle,42969dc451bbd28e8cd3cb77167facb14a589d75dcd5e0813872ce2c2bbe3f66,20260916,0.11.0,61,service,lifetimes,False,13,13,POWER#5,POWER,,5.0,0,False,,REGION,stock
lifecycle,42969dc451bbd28e8cd3cb77167facb14a589d75dcd5e0813872ce2c2bbe3f66,20260916,0.11.0,61,service,lifetimes,False,13,13,POWER#6,POWER,,7.5,0,True,LIMIT_H,BASE,retired
lifecycle,42969dc451bbd28e8cd3cb77167facb14a589d75dcd5e0813872ce2c2bbe3f66,20260916,0.11.0,61,service,lifetimes,False,13,13,POWER#7,POWER,,5.0,0,False,,REGION,stock
lifecycle,42969dc451bbd28e8cd3cb77167facb14a589d75dcd5e0813872ce2c2bbe3f66,20260916,0.11.0,61,service,lifetimes,False,13,13,POWER#8,POWER,,2.5,0,False,,BASE,installed
lifecycle,42969dc451bbd28e8cd3cb77167facb14a589d75dcd5e0813872ce2c2bbe3f66,20260916,0.11.0,61,service,lifetimes,False,13,13,POWER#9,POWER,,2.5,0,False,,BASE,installed
lifecycle,42969dc451bbd28e8cd3cb77167facb14a589d75dcd5e0813872ce2c2bbe3f66,20260916,0.11.0,61,service,lifetimes,False,13,13,POWER#10,POWER,,0.0,0,False,,BASE,installed
lifecycle,42969dc451bbd28e8cd3cb77167facb14a589d75dcd5e0813872ce2c2bbe3f66,20260916,0.11.0,61,service,lifetimes,False,13,13,POWER#11,POWER,,0.0,0,False,,BASE,stock
lifecycle,42969dc451bbd28e8cd3cb77167facb14a589d75dcd5e0813872ce2c2bbe3f66,20260916,0.11.0,61,service,lifetimes,False,13,13,POWER#12,POWER,,0.0,0,False,,CENTER,stock
lifecycle,42969dc451bbd28e8cd3cb77167facb14a589d75dcd5e0813872ce2c2bbe3f66,20260916,0.11.0,61,service,lifetimes,False,13,13,POWER#13,POWER,,0.0,0,False,,CENTER,stock
lifecycle,42969dc451bbd28e8cd3cb77167facb14a589d75dcd5e0813872ce2c2bbe3f66,20260916,0.11.0,62,service,lifetimes,False,13,13,POWER#1,POWER,,5.0,0,False,,CENTER,stock
lifecycle,42969dc451bbd28e8cd3cb77167facb14a589d75dcd5e0813872ce2c2bbe3f66,20260916,0.11.0,62,service,lifetimes,False,13,13,POWER#2,POWER,,4.266837419785865,0,False,,BASE,installed
lifecycle,42969dc451bbd28e8cd3cb77167facb14a589d75dcd5e0813872ce2c2bbe3f66,20260916,0.11.0,62,service,lifetimes,False,13,13,POWER#3,POWER,,7.16915699401563,0,True,LIMIT_H,BASE,retired
lifecycle,42969dc451bbd28e8cd3cb77167facb14a589d75dcd5e0813872ce2c2bbe3f66,20260916,0.11.0,62,service,lifetimes,False,13,13,POWER#4,POWER,,7.16915699401563,0,True,LIMIT_H,BASE,retired
lifecycle,42969dc451bbd28e8cd3cb77167facb14a589d75dcd5e0813872ce2c2bbe3f66,20260916,0.11.0,62,service,lifetimes,False,13,13,POWER#5,POWER,,5.0,0,False,,BASE,stock
lifecycle,42969dc451bbd28e8cd3cb77167facb14a589d75dcd5e0813872ce2c2bbe3f66,20260916,0.11.0,62,service,lifetimes,False,13,13,POWER#6,POWER,,7.5,0,True,LIMIT_H,BASE,retired
lifecycle,42969dc451bbd28e8cd3cb77167facb14a589d75dcd5e0813872ce2c2bbe3f66,20260916,0.11.0,62,service,lifetimes,False,13,13,POWER#7,POWER,,1.7668374197858654,1,False,,CENTER,stock
lifecycle,42969dc451bbd28e8cd3cb77167facb14a589d75dcd5e0813872ce2c2bbe3f66,20260916,0.11.0,62,service,lifetimes,False,13,13,POWER#8,POWER,,2.5,0,False,,BASE,installed
lifecycle,42969dc451bbd28e8cd3cb77167facb14a589d75dcd5e0813872ce2c2bbe3f66,20260916,0.11.0,62,service,lifetimes,False,13,13,POWER#9,POWER,,2.5,0,False,,BASE,installed
lifecycle,42969dc451bbd28e8cd3cb77167facb14a589d75dcd5e0813872ce2c2bbe3f66,20260916,0.11.0,62,service,lifetimes,False,13,13,POWER#10,POWER,,0.0,0,False,,BASE,installed
lifecycle,42969dc451bbd28e8cd3cb77167facb14a589d75dcd5e0813872ce2c2bbe3f66,20260916,0.11.0,62,service,lifetimes,False,13,13,POWER#11,POWER,,0.0,0,False,,BASE,stock
lifecycle,42969dc451bbd28e8cd3cb77167facb14a589d75dcd5e0813872ce2c2bbe3f66,20260916,0.11.0,62,service,lifetimes,False,13,13,POWER#12,POWER,,0.0,0,False,,REGION,stock
lifecycle,42969dc451bbd28e8cd3cb77167facb14a589d75dcd5e0813872ce2c2bbe3f66,20260916,0.11.0,62,service,lifetimes,False,13,13,POWER#13,POWER,,0.0,0,False,,REGION,stock
lifecycle,42969dc451bbd28e8cd3cb77167facb14a589d75dcd5e0813872ce2c2bbe3f66,20260916,0.11.0,63,service,lifetimes,False,12,12,POWER#1,POWER,,5.0,0,False,,CENTER,stock
lifecycle,42969dc451bbd28e8cd3cb77167facb14a589d75dcd5e0813872ce2c2bbe3f66,20260916,0.11.0,63,service,lifetimes,False,12,12,POWER#2,POWER,,5.0,0,False,,BASE,installed
lifecycle,42969dc451bbd28e8cd3cb77167facb14a589d75dcd5e0813872ce2c2bbe3f66,20260916,0.11.0,63,service,lifetimes,False,12,12,POWER#3,POWER,,5.0,0,False,,BASE,stock
lifecycle,42969dc451bbd28e8cd3cb77167facb14a589d75dcd5e0813872ce2c2bbe3f66,20260916,0.11.0,63,service,lifetimes,False,12,12,POWER#4,POWER,,7.5,0,True,LIMIT_H,BASE,retired
lifecycle,42969dc451bbd28e8cd3cb77167facb14a589d75dcd5e0813872ce2c2bbe3f66,20260916,0.11.0,63,service,lifetimes,False,12,12,POWER#5,POWER,,3.3461105330852448,1,False,,REGION,stock
lifecycle,42969dc451bbd28e8cd3cb77167facb14a589d75dcd5e0813872ce2c2bbe3f66,20260916,0.11.0,63,service,lifetimes,False,12,12,POWER#6,POWER,,8.346110533085245,0,True,LIMIT_H,BASE,retired
lifecycle,42969dc451bbd28e8cd3cb77167facb14a589d75dcd5e0813872ce2c2bbe3f66,20260916,0.11.0,63,service,lifetimes,False,12,12,POWER#7,POWER,,5.0,0,False,,BASE,installed
lifecycle,42969dc451bbd28e8cd3cb77167facb14a589d75dcd5e0813872ce2c2bbe3f66,20260916,0.11.0,63,service,lifetimes,False,12,12,POWER#8,POWER,,2.5,0,False,,BASE,installed
lifecycle,42969dc451bbd28e8cd3cb77167facb14a589d75dcd5e0813872ce2c2bbe3f66,20260916,0.11.0,63,service,lifetimes,False,12,12,POWER#9,POWER,,0.0,0,False,,BASE,installed
lifecycle,42969dc451bbd28e8cd3cb77167facb14a589d75dcd5e0813872ce2c2bbe3f66,20260916,0.11.0,63,service,lifetimes,False,12,12,POWER#10,POWER,,0.0,0,False,,BASE,stock
lifecycle,42969dc451bbd28e8cd3cb77167facb14a589d75dcd5e0813872ce2c2bbe3f66,20260916,0.11.0,63,service,lifetimes,False,12,12,POWER#11,POWER,,0.0,0,False,,REGION,stock
lifecycle,42969dc451bbd28e8cd3cb77167facb14a589d75dcd5e0813872ce2c2bbe3f66,20260916,0.11.0,63,service,lifetimes,False,12,12,POWER#12,POWER,,0.0,0,False,,CENTER,stock
lifecycle,42969dc451bbd28e8cd3cb77167facb14a589d75dcd5e0813872ce2c2bbe3f66,20260916,0.11.0,64,service,lifetimes,False,12,12,POWER#1,POWER,,5.0,0,False,,CENTER,stock
lifecycle,42969dc451bbd28e8cd3cb77167facb14a589d75dcd5e0813872ce2c2bbe3f66,20260916,0.11.0,64,service,lifetimes,False,12,12,POWER#2,POWER,,6.418910153918432,0,True,LIMIT_H,BASE,retired
lifecycle,42969dc451bbd28e8cd3cb77167facb14a589d75dcd5e0813872ce2c2bbe3f66,20260916,0.11.0,64,service,lifetimes,False,12,12,POWER#3,POWER,,5.0,0,False,,BASE,stock
lifecycle,42969dc451bbd28e8cd3cb77167facb14a589d75dcd5e0813872ce2c2bbe3f66,20260916,0.11.0,64,service,lifetimes,False,12,12,POWER#4,POWER,,5.0,0,False,,BASE,installed
lifecycle,42969dc451bbd28e8cd3cb77167facb14a589d75dcd5e0813872ce2c2bbe3f66,20260916,0.11.0,64,service,lifetimes,False,12,12,POWER#5,POWER,,5.0,0,False,,CENTER,stock
lifecycle,42969dc451bbd28e8cd3cb77167facb14a589d75dcd5e0813872ce2c2bbe3f66,20260916,0.11.0,64,service,lifetimes,False,12,12,POWER#6,POWER,,5.0,0,False,,REGION,stock
lifecycle,42969dc451bbd28e8cd3cb77167facb14a589d75dcd5e0813872ce2c2bbe3f66,20260916,0.11.0,64,service,lifetimes,False,12,12,POWER#7,POWER,,5.0,0,False,,CENTER,stock
lifecycle,42969dc451bbd28e8cd3cb77167facb14a589d75dcd5e0813872ce2c2bbe3f66,20260916,0.11.0,64,service,lifetimes,False,12,12,POWER#8,POWER,,5.0,0,False,,BASE,installed
lifecycle,42969dc451bbd28e8cd3cb77167facb14a589d75dcd5e0813872ce2c2bbe3f66,20260916,0.11.0,64,service,lifetimes,False,12,12,POWER#9,POWER,,1.4189101539184321,1,False,,BASE,installed
lifecycle,42969dc451bbd28e8cd3cb77167facb14a589d75dcd5e0813872ce2c2bbe3f66,20260916,0.11.0,64,service,lifetimes,False,12,12,POWER#10,POWER,,0.0,0,False,,BASE,installed
lifecycle,42969dc451bbd28e8cd3cb77167facb14a589d75dcd5e0813872ce2c2bbe3f66,20260916,0.11.0,64,service,lifetimes,False,12,12,POWER#11,POWER,,0.0,0,False,,BASE,stock
lifecycle,42969dc451bbd28e8cd3cb77167facb14a589d75dcd5e0813872ce2c2bbe3f66,20260916,0.11.0,64,service,lifetimes,False,12,12,POWER#12,POWER,,0.0,0,False,,REGION,stock
lifecycle,42969dc451bbd28e8cd3cb77167facb14a589d75dcd5e0813872ce2c2bbe3f66,20260916,0.11.0,65,service,lifetimes,False,12,12,POWER#1,POWER,,7.5,0,True,LIMIT_H,BASE,retired
lifecycle,42969dc451bbd28e8cd3cb77167facb14a589d75dcd5e0813872ce2c2bbe3f66,20260916,0.11.0,65,service,lifetimes,False,12,12,POWER#2,POWER,,5.0,0,False,,CENTER,stock
lifecycle,42969dc451bbd28e8cd3cb77167facb14a589d75dcd5e0813872ce2c2bbe3f66,20260916,0.11.0,65,service,lifetimes,False,12,12,POWER#3,POWER,,5.0,0,False,,BASE,installed
lifecycle,42969dc451bbd28e8cd3cb77167facb14a589d75dcd5e0813872ce2c2bbe3f66,20260916,0.11.0,65,service,lifetimes,False,12,12,POWER#4,POWER,,5.0,0,False,,BASE,installed
lifecycle,42969dc451bbd28e8cd3cb77167facb14a589d75dcd5e0813872ce2c2bbe3f66,20260916,0.11.0,65,service,lifetimes,False,12,12,POWER#5,POWER,,5.0,0,False,,REGION,stock
lifecycle,42969dc451bbd28e8cd3cb77167facb14a589d75dcd5e0813872ce2c2bbe3f66,20260916,0.11.0,65,service,lifetimes,False,12,12,POWER#6,POWER,,5.0,0,False,,REGION,stock
lifecycle,42969dc451bbd28e8cd3cb77167facb14a589d75dcd5e0813872ce2c2bbe3f66,20260916,0.11.0,65,service,lifetimes,False,12,12,POWER#7,POWER,,5.0,0,False,,CENTER,stock
lifecycle,42969dc451bbd28e8cd3cb77167facb14a589d75dcd5e0813872ce2c2bbe3f66,20260916,0.11.0,65,service,lifetimes,False,12,12,POWER#8,POWER,,5.0,0,False,,CENTER,stock
lifecycle,42969dc451bbd28e8cd3cb77167facb14a589d75dcd5e0813872ce2c2bbe3f66,20260916,0.11.0,65,service,lifetimes,False,12,12,POWER#9,POWER,,2.5,0,False,,BASE,installed
lifecycle,42969dc451bbd28e8cd3cb77167facb14a589d75dcd5e0813872ce2c2bbe3f66,20260916,0.11.0,65,service,lifetimes,False,12,12,POWER#10,POWER,,0.0,0,False,,BASE,installed
lifecycle,42969dc451bbd28e8cd3cb77167facb14a589d75dcd5e0813872ce2c2bbe3f66,20260916,0.11.0,65,service,lifetimes,False,12,12,POWER#11,POWER,,0.0,0,False,,BASE,stock
lifecycle,42969dc451bbd28e8cd3cb77167facb14a589d75dcd5e0813872ce2c2bbe3f66,20260916,0.11.0,65,service,lifetimes,False,12,12,POWER#12,POWER,,0.0,0,False,,BASE,stock
lifecycle,42969dc451bbd28e8cd3cb77167facb14a589d75dcd5e0813872ce2c2bbe3f66,20260916,0.11.0,66,service,lifetimes,False,13,13,POWER#1,POWER,,5.0,0,False,,CENTER,stock
lifecycle,42969dc451bbd28e8cd3cb77167facb14a589d75dcd5e0813872ce2c2bbe3f66,20260916,0.11.0,66,service,lifetimes,False,13,13,POWER#2,POWER,,5.0,0,False,,BASE,installed
lifecycle,42969dc451bbd28e8cd3cb77167facb14a589d75dcd5e0813872ce2c2bbe3f66,20260916,0.11.0,66,service,lifetimes,False,13,13,POWER#3,POWER,,7.5,0,True,LIMIT_H,BASE,retired
lifecycle,42969dc451bbd28e8cd3cb77167facb14a589d75dcd5e0813872ce2c2bbe3f66,20260916,0.11.0,66,service,lifetimes,False,13,13,POWER#4,POWER,,7.5,0,True,LIMIT_H,BASE,retired
lifecycle,42969dc451bbd28e8cd3cb77167facb14a589d75dcd5e0813872ce2c2bbe3f66,20260916,0.11.0,66,service,lifetimes,False,13,13,POWER#5,POWER,,5.0,0,False,,BASE,stock
lifecycle,42969dc451bbd28e8cd3cb77167facb14a589d75dcd5e0813872ce2c2bbe3f66,20260916,0.11.0,66,service,lifetimes,False,13,13,POWER#6,POWER,,5.0,0,False,,BASE,stock
lifecycle,42969dc451bbd28e8cd3cb77167facb14a589d75dcd5e0813872ce2c2bbe3f66,20260916,0.11.0,66,service,lifetimes,False,13,13,POWER#7,POWER,,3.8899162588585554,0,False,,CENTER,stock
lifecycle,42969dc451bbd28e8cd3cb77167facb14a589d75dcd5e0813872ce2c2bbe3f66,20260916,0.11.0,66,service,lifetimes,False,13,13,POWER#8,POWER,,3.8899162588585554,1,False,,BASE,installed
lifecycle,42969dc451bbd28e8cd3cb77167facb14a589d75dcd5e0813872ce2c2bbe3f66,20260916,0.11.0,66,service,lifetimes,False,13,13,POWER#9,POWER,,0.0,0,False,,BASE,installed
lifecycle,42969dc451bbd28e8cd3cb77167facb14a589d75dcd5e0813872ce2c2bbe3f66,20260916,0.11.0,66,service,lifetimes,False,13,13,POWER#10,POWER,,0.0,0,False,,BASE,installed
lifecycle,42969dc451bbd28e8cd3cb77167facb14a589d75dcd5e0813872ce2c2bbe3f66,20260916,0.11.0,66,service,lifetimes,False,13,13,POWER#11,POWER,,0.0,0,False,,REGION,stock
lifecycle,42969dc451bbd28e8cd3cb77167facb14a589d75dcd5e0813872ce2c2bbe3f66,20260916,0.11.0,66,service,lifetimes,False,13,13,POWER#12,POWER,,0.0,0,False,,REGION,stock
lifecycle,42969dc451bbd28e8cd3cb77167facb14a589d75dcd5e0813872ce2c2bbe3f66,20260916,0.11.0,66,service,lifetimes,False,13,13,POWER#13,POWER,,0.0,0,False,,CENTER,stock
lifecycle,42969dc451bbd28e8cd3cb77167facb14a589d75dcd5e0813872ce2c2bbe3f66,20260916,0.11.0,67,service,lifetimes,False,14,14,POWER#1,POWER,,5.0,0,False,,REGION,stock
lifecycle,42969dc451bbd28e8cd3cb77167facb14a589d75dcd5e0813872ce2c2bbe3f66,20260916,0.11.0,67,service,lifetimes,False,14,14,POWER#2,POWER,,5.0,0,False,,REGION,stock
lifecycle,42969dc451bbd28e8cd3cb77167facb14a589d75dcd5e0813872ce2c2bbe3f66,20260916,0.11.0,67,service,lifetimes,False,14,14,POWER#3,POWER,,5.0,0,False,,BASE,stock
lifecycle,42969dc451bbd28e8cd3cb77167facb14a589d75dcd5e0813872ce2c2bbe3f66,20260916,0.11.0,67,service,lifetimes,False,14,14,POWER#4,POWER,,7.5,0,True,LIMIT_H,BASE,retired
lifecycle,42969dc451bbd28e8cd3cb77167facb14a589d75dcd5e0813872ce2c2bbe3f66,20260916,0.11.0,67,service,lifetimes,False,14,14,POWER#5,POWER,,7.579901149401714,1,True,LIMIT_H,BASE,retired
lifecycle,42969dc451bbd28e8cd3cb77167facb14a589d75dcd5e0813872ce2c2bbe3f66,20260916,0.11.0,67,service,lifetimes,False,14,14,POWER#6,POWER,,7.579901149401714,0,True,LIMIT_H,BASE,retired
lifecycle,42969dc451bbd28e8cd3cb77167facb14a589d75dcd5e0813872ce2c2bbe3f66,20260916,0.11.0,67,service,lifetimes,False,14,14,POWER#7,POWER,,2.5,0,False,,BASE,installed
lifecycle,42969dc451bbd28e8cd3cb77167facb14a589d75dcd5e0813872ce2c2bbe3f66,20260916,0.11.0,67,service,lifetimes,False,14,14,POWER#8,POWER,,0.0,0,False,,BASE,installed
lifecycle,42969dc451bbd28e8cd3cb77167facb14a589d75dcd5e0813872ce2c2bbe3f66,20260916,0.11.0,67,service,lifetimes,False,14,14,POWER#9,POWER,,0.0,0,False,,BASE,installed
lifecycle,42969dc451bbd28e8cd3cb77167facb14a589d75dcd5e0813872ce2c2bbe3f66,20260916,0.11.0,67,service,lifetimes,False,14,14,POWER#10,POWER,,0.0,0,False,,BASE,installed
lifecycle,42969dc451bbd28e8cd3cb77167facb14a589d75dcd5e0813872ce2c2bbe3f66,20260916,0.11.0,67,service,lifetimes,False,14,14,POWER#11,POWER,,0.0,0,False,,BASE,stock
lifecycle,42969dc451bbd28e8cd3cb77167facb14a589d75dcd5e0813872ce2c2bbe3f66,20260916,0.11.0,67,service,lifetimes,False,14,14,POWER#12,POWER,,0.0,0,False,,CENTER,stock
lifecycle,42969dc451bbd28e8cd3cb77167facb14a589d75dcd5e0813872ce2c2bbe3f66,20260916,0.11.0,67,service,lifetimes,False,14,14,POWER#13,POWER,,0.0,0,False,,CENTER,stock
lifecycle,42969dc451bbd28e8cd3cb77167facb14a589d75dcd5e0813872ce2c2bbe3f66,20260916,0.11.0,67,service,lifetimes,False,14,14,POWER#14,POWER,,0.0,0,False,,CENTER,stock
lifecycle,42969dc451bbd28e8cd3cb77167facb14a589d75dcd5e0813872ce2c2bbe3f66,20260916,0.11.0,68,service,lifetimes,False,12,12,POWER#1,POWER,,5.0,0,False,,REGION,stock
lifecycle,42969dc451bbd28e8cd3cb77167facb14a589d75dcd5e0813872ce2c2bbe3f66,20260916,0.11.0,68,service,lifetimes,False,12,12,POWER#2,POWER,,3.7835099347585484,1,False,,BASE,installed
lifecycle,42969dc451bbd28e8cd3cb77167facb14a589d75dcd5e0813872ce2c2bbe3f66,20260916,0.11.0,68,service,lifetimes,False,12,12,POWER#3,POWER,,7.5,0,True,LIMIT_H,BASE,retired
lifecycle,42969dc451bbd28e8cd3cb77167facb14a589d75dcd5e0813872ce2c2bbe3f66,20260916,0.11.0,68,service,lifetimes,False,12,12,POWER#4,POWER,,5.0,0,False,,BASE,installed
lifecycle,42969dc451bbd28e8cd3cb77167facb14a589d75dcd5e0813872ce2c2bbe3f66,20260916,0.11.0,68,service,lifetimes,False,12,12,POWER#5,POWER,,5.0,0,False,,REGION,stock
lifecycle,42969dc451bbd28e8cd3cb77167facb14a589d75dcd5e0813872ce2c2bbe3f66,20260916,0.11.0,68,service,lifetimes,False,12,12,POWER#6,POWER,,5.0,0,False,,BASE,stock
lifecycle,42969dc451bbd28e8cd3cb77167facb14a589d75dcd5e0813872ce2c2bbe3f66,20260916,0.11.0,68,service,lifetimes,False,12,12,POWER#7,POWER,,3.7835099347585484,0,False,,CENTER,stock
lifecycle,42969dc451bbd28e8cd3cb77167facb14a589d75dcd5e0813872ce2c2bbe3f66,20260916,0.11.0,68,service,lifetimes,False,12,12,POWER#8,POWER,,5.0,0,False,,CENTER,stock
lifecycle,42969dc451bbd28e8cd3cb77167facb14a589d75dcd5e0813872ce2c2bbe3f66,20260916,0.11.0,68,service,lifetimes,False,12,12,POWER#9,POWER,,2.5,0,False,,BASE,installed
lifecycle,42969dc451bbd28e8cd3cb77167facb14a589d75dcd5e0813872ce2c2bbe3f66,20260916,0.11.0,68,service,lifetimes,False,12,12,POWER#10,POWER,,0.0,0,False,,BASE,installed
lifecycle,42969dc451bbd28e8cd3cb77167facb14a589d75dcd5e0813872ce2c2bbe3f66,20260916,0.11.0,68,service,lifetimes,False,12,12,POWER#11,POWER,,0.0,0,False,,BASE,stock
lifecycle,42969dc451bbd28e8cd3cb77167facb14a589d75dcd5e0813872ce2c2bbe3f66,20260916,0.11.0,68,service,lifetimes,False,12,12,POWER#12,POWER,,0.0,0,False,,CENTER,stock
lifecycle,42969dc451bbd28e8cd3cb77167facb14a589d75dcd5e0813872ce2c2bbe3f66,20260916,0.11.0,69,service,lifetimes,False,12,12,POWER#1,POWER,,5.0,0,False,,CENTER,stock
lifecycle,42969dc451bbd28e8cd3cb77167facb14a589d75dcd5e0813872ce2c2bbe3f66,20260916,0.11.0,69,service,lifetimes,False,12,12,POWER#2,POWER,,0.16005656042817407,1,False,,REGION,stock
lifecycle,42969dc451bbd28e8cd3cb77167facb14a589d75dcd5e0813872ce2c2bbe3f66,20260916,0.11.0,69,service,lifetimes,False,12,12,POWER#3,POWER,,5.0,0,False,,BASE,installed
lifecycle,42969dc451bbd28e8cd3cb77167facb14a589d75dcd5e0813872ce2c2bbe3f66,20260916,0.11.0,69,service,lifetimes,False,12,12,POWER#4,POWER,,7.5,0,True,LIMIT_H,BASE,retired
lifecycle,42969dc451bbd28e8cd3cb77167facb14a589d75dcd5e0813872ce2c2bbe3f66,20260916,0.11.0,69,service,lifetimes,False,12,12,POWER#5,POWER,,5.0,0,False,,REGION,stock
lifecycle,42969dc451bbd28e8cd3cb77167facb14a589d75dcd5e0813872ce2c2bbe3f66,20260916,0.11.0,69,service,lifetimes,False,12,12,POWER#6,POWER,,5.0,0,False,,BASE,stock
lifecycle,42969dc451bbd28e8cd3cb77167facb14a589d75dcd5e0813872ce2c2bbe3f66,20260916,0.11.0,69,service,lifetimes,False,12,12,POWER#7,POWER,,2.660056560428174,0,False,,BASE,installed
lifecycle,42969dc451bbd28e8cd3cb77167facb14a589d75dcd5e0813872ce2c2bbe3f66,20260916,0.11.0,69,service,lifetimes,False,12,12,POWER#8,POWER,,5.0,0,False,,CENTER,stock
lifecycle,42969dc451bbd28e8cd3cb77167facb14a589d75dcd5e0813872ce2c2bbe3f66,20260916,0.11.0,69,service,lifetimes,False,12,12,POWER#9,POWER,,2.5,0,False,,BASE,installed
lifecycle,42969dc451bbd28e8cd3cb77167facb14a589d75dcd5e0813872ce2c2bbe3f66,20260916,0.11.0,69,service,lifetimes,False,12,12,POWER#10,POWER,,2.5,0,False,,BASE,installed
lifecycle,42969dc451bbd28e8cd3cb77167facb14a589d75dcd5e0813872ce2c2bbe3f66,20260916,0.11.0,69,service,lifetimes,False,12,12,POWER#11,POWER,,0.0,0,False,,BASE,stock
lifecycle,42969dc451bbd28e8cd3cb77167facb14a589d75dcd5e0813872ce2c2bbe3f66,20260916,0.11.0,69,service,lifetimes,False,12,12,POWER#12,POWER,,0.0,0,False,,CENTER,stock
lifecycle,42969dc451bbd28e8cd3cb77167facb14a589d75dcd5e0813872ce2c2bbe3f66,20260916,0.11.0,70,service,lifetimes,False,13,13,POWER#1,POWER,,5.0,0,False,,CENTER,stock
lifecycle,42969dc451bbd28e8cd3cb77167facb14a589d75dcd5e0813872ce2c2bbe3f66,20260916,0.11.0,70,service,lifetimes,False,13,13,POWER#2,POWER,,7.5,0,True,LIMIT_H,BASE,retired
lifecycle,42969dc451bbd28e8cd3cb77167facb14a589d75dcd5e0813872ce2c2bbe3f66,20260916,0.11.0,70,service,lifetimes,False,13,13,POWER#3,POWER,,5.0,0,False,,BASE,stock
lifecycle,42969dc451bbd28e8cd3cb77167facb14a589d75dcd5e0813872ce2c2bbe3f66,20260916,0.11.0,70,service,lifetimes,False,13,13,POWER#4,POWER,,5.0,0,False,,BASE,stock
lifecycle,42969dc451bbd28e8cd3cb77167facb14a589d75dcd5e0813872ce2c2bbe3f66,20260916,0.11.0,70,service,lifetimes,False,13,13,POWER#5,POWER,,7.5,0,True,LIMIT_H,BASE,retired
lifecycle,42969dc451bbd28e8cd3cb77167facb14a589d75dcd5e0813872ce2c2bbe3f66,20260916,0.11.0,70,service,lifetimes,False,13,13,POWER#6,POWER,,7.5,0,True,LIMIT_H,BASE,retired
lifecycle,42969dc451bbd28e8cd3cb77167facb14a589d75dcd5e0813872ce2c2bbe3f66,20260916,0.11.0,70,service,lifetimes,False,13,13,POWER#7,POWER,,2.5,0,False,,BASE,installed
lifecycle,42969dc451bbd28e8cd3cb77167facb14a589d75dcd5e0813872ce2c2bbe3f66,20260916,0.11.0,70,service,lifetimes,False,13,13,POWER#8,POWER,,2.5,0,False,,BASE,installed
lifecycle,42969dc451bbd28e8cd3cb77167facb14a589d75dcd5e0813872ce2c2bbe3f66,20260916,0.11.0,70,service,lifetimes,False,13,13,POWER#9,POWER,,2.5,0,False,,BASE,installed
lifecycle,42969dc451bbd28e8cd3cb77167facb14a589d75dcd5e0813872ce2c2bbe3f66,20260916,0.11.0,70,service,lifetimes,False,13,13,POWER#10,POWER,,0.0,0,False,,BASE,installed
lifecycle,42969dc451bbd28e8cd3cb77167facb14a589d75dcd5e0813872ce2c2bbe3f66,20260916,0.11.0,70,service,lifetimes,False,13,13,POWER#11,POWER,,0.0,0,False,,REGION,stock
lifecycle,42969dc451bbd28e8cd3cb77167facb14a589d75dcd5e0813872ce2c2bbe3f66,20260916,0.11.0,70,service,lifetimes,False,13,13,POWER#12,POWER,,0.0,0,False,,REGION,stock
lifecycle,42969dc451bbd28e8cd3cb77167facb14a589d75dcd5e0813872ce2c2bbe3f66,20260916,0.11.0,70,service,lifetimes,False,13,13,POWER#13,POWER,,0.0,0,False,,CENTER,stock
lifecycle,42969dc451bbd28e8cd3cb77167facb14a589d75dcd5e0813872ce2c2bbe3f66,20260916,0.11.0,71,service,lifetimes,False,13,13,POWER#1,POWER,,5.0,0,False,,REGION,stock
lifecycle,42969dc451bbd28e8cd3cb77167facb14a589d75dcd5e0813872ce2c2bbe3f66,20260916,0.11.0,71,service,lifetimes,False,13,13,POWER#2,POWER,,5.0,0,False,,BASE,installed
lifecycle,42969dc451bbd28e8cd3cb77167facb14a589d75dcd5e0813872ce2c2bbe3f66,20260916,0.11.0,71,service,lifetimes,False,13,13,POWER#3,POWER,,7.5,0,True,LIMIT_H,BASE,retired
lifecycle,42969dc451bbd28e8cd3cb77167facb14a589d75dcd5e0813872ce2c2bbe3f66,20260916,0.11.0,71,service,lifetimes,False,13,13,POWER#4,POWER,,5.0,0,False,,BASE,stock
lifecycle,42969dc451bbd28e8cd3cb77167facb14a589d75dcd5e0813872ce2c2bbe3f66,20260916,0.11.0,71,service,lifetimes,False,13,13,POWER#5,POWER,,7.284330659597458,1,True,LIMIT_H,BASE,retired
lifecycle,42969dc451bbd28e8cd3cb77167facb14a589d75dcd5e0813872ce2c2bbe3f66,20260916,0.11.0,71,service,lifetimes,False,13,13,POWER#6,POWER,,7.284330659597458,0,True,LIMIT_H,BASE,retired
lifecycle,42969dc451bbd28e8cd3cb77167facb14a589d75dcd5e0813872ce2c2bbe3f66,20260916,0.11.0,71,service,lifetimes,False,13,13,POWER#7,POWER,,2.5,0,False,,BASE,installed
lifecycle,42969dc451bbd28e8cd3cb77167facb14a589d75dcd5e0813872ce2c2bbe3f66,20260916,0.11.0,71,service,lifetimes,False,13,13,POWER#8,POWER,,0.0,0,False,,BASE,installed
lifecycle,42969dc451bbd28e8cd3cb77167facb14a589d75dcd5e0813872ce2c2bbe3f66,20260916,0.11.0,71,service,lifetimes,False,13,13,POWER#9,POWER,,0.0,0,False,,BASE,installed
lifecycle,42969dc451bbd28e8cd3cb77167facb14a589d75dcd5e0813872ce2c2bbe3f66,20260916,0.11.0,71,service,lifetimes,False,13,13,POWER#10,POWER,,0.0,0,False,,BASE,stock
lifecycle,42969dc451bbd28e8cd3cb77167facb14a589d75dcd5e0813872ce2c2bbe3f66,20260916,0.11.0,71,service,lifetimes,False,13,13,POWER#11,POWER,,0.0,0,False,,REGION,stock
lifecycle,42969dc451bbd28e8cd3cb77167facb14a589d75dcd5e0813872ce2c2bbe3f66,20260916,0.11.0,71,service,lifetimes,False,13,13,POWER#12,POWER,,0.0,0,False,,CENTER,stock
lifecycle,42969dc451bbd28e8cd3cb77167facb14a589d75dcd5e0813872ce2c2bbe3f66,20260916,0.11.0,71,service,lifetimes,False,13,13,POWER#13,POWER,,0.0,0,False,,CENTER,stock
lifecycle,42969dc451bbd28e8cd3cb77167facb14a589d75dcd5e0813872ce2c2bbe3f66,20260916,0.11.0,72,service,lifetimes,False,11,11,POWER#1,POWER,,5.0,0,False,,REGION,stock
lifecycle,42969dc451bbd28e8cd3cb77167facb14a589d75dcd5e0813872ce2c2bbe3f66,20260916,0.11.0,72,service,lifetimes,False,11,11,POWER#2,POWER,,5.0,0,False,,BASE,installed
lifecycle,42969dc451bbd28e8cd3cb77167facb14a589d75dcd5e0813872ce2c2bbe3f66,20260916,0.11.0,72,service,lifetimes,False,11,11,POWER#3,POWER,,8.01819708485943,1,True,LIMIT_H,BASE,retired
lifecycle,42969dc451bbd28e8cd3cb77167facb14a589d75dcd5e0813872ce2c2bbe3f66,20260916,0.11.0,72,service,lifetimes,False,11,11,POWER#4,POWER,,3.0181970848594304,0,False,,BASE,stock
lifecycle,42969dc451bbd28e8cd3cb77167facb14a589d75dcd5e0813872ce2c2bbe3f66,20260916,0.11.0,72,service,lifetimes,False,11,11,POWER#5,POWER,,5.0,0,False,,REGION,stock
lifecycle,42969dc451bbd28e8cd3cb77167facb14a589d75dcd5e0813872ce2c2bbe3f66,20260916,0.11.0,72,service,lifetimes,False,11,11,POWER#6,POWER,,5.0,0,False,,BASE,stock
lifecycle,42969dc451bbd28e8cd3cb77167facb14a589d75dcd5e0813872ce2c2bbe3f66,20260916,0.11.0,72,service,lifetimes,False,11,11,POWER#7,POWER,,5.0,0,False,,CENTER,stock
lifecycle,42969dc451bbd28e8cd3cb77167facb14a589d75dcd5e0813872ce2c2bbe3f66,20260916,0.11.0,72,service,lifetimes,False,11,11,POWER#8,POWER,,2.5,0,False,,BASE,installed
lifecycle,42969dc451bbd28e8cd3cb77167facb14a589d75dcd5e0813872ce2c2bbe3f66,20260916,0.11.0,72,service,lifetimes,False,11,11,POWER#9,POWER,,2.5,0,False,,BASE,installed
lifecycle,42969dc451bbd28e8cd3cb77167facb14a589d75dcd5e0813872ce2c2bbe3f66,20260916,0.11.0,72,service,lifetimes,False,11,11,POWER#10,POWER,,0.0,0,False,,BASE,installed
lifecycle,42969dc451bbd28e8cd3cb77167facb14a589d75dcd5e0813872ce2c2bbe3f66,20260916,0.11.0,72,service,lifetimes,False,11,11,POWER#11,POWER,,0.0,0,False,,CENTER,stock
lifecycle,42969dc451bbd28e8cd3cb77167facb14a589d75dcd5e0813872ce2c2bbe3f66,20260916,0.11.0,73,service,lifetimes,False,13,13,POWER#1,POWER,,7.5,0,True,LIMIT_H,BASE,retired
lifecycle,42969dc451bbd28e8cd3cb77167facb14a589d75dcd5e0813872ce2c2bbe3f66,20260916,0.11.0,73,service,lifetimes,False,13,13,POWER#2,POWER,,5.0,0,False,,REGION,stock
lifecycle,42969dc451bbd28e8cd3cb77167facb14a589d75dcd5e0813872ce2c2bbe3f66,20260916,0.11.0,73,service,lifetimes,False,13,13,POWER#3,POWER,,5.0614391247378485,0,False,,BASE,stock
lifecycle,42969dc451bbd28e8cd3cb77167facb14a589d75dcd5e0813872ce2c2bbe3f66,20260916,0.11.0,73,service,lifetimes,False,13,13,POWER#4,POWER,,2.5614391247378485,1,False,,BASE,installed
lifecycle,42969dc451bbd28e8cd3cb77167facb14a589d75dcd5e0813872ce2c2bbe3f66,20260916,0.11.0,73,service,lifetimes,False,13,13,POWER#5,POWER,,5.0,0,False,,BASE,stock
lifecycle,42969dc451bbd28e8cd3cb77167facb14a589d75dcd5e0813872ce2c2bbe3f66,20260916,0.11.0,73,service,lifetimes,False,13,13,POWER#6,POWER,,7.5,0,True,LIMIT_H,BASE,retired
lifecycle,42969dc451bbd28e8cd3cb77167facb14a589d75dcd5e0813872ce2c2bbe3f66,20260916,0.11.0,73,service,lifetimes,False,13,13,POWER#7,POWER,,5.0,0,False,,CENTER,stock
lifecycle,42969dc451bbd28e8cd3cb77167facb14a589d75dcd5e0813872ce2c2bbe3f66,20260916,0.11.0,73,service,lifetimes,False,13,13,POWER#8,POWER,,2.5,0,False,,BASE,installed
lifecycle,42969dc451bbd28e8cd3cb77167facb14a589d75dcd5e0813872ce2c2bbe3f66,20260916,0.11.0,73,service,lifetimes,False,13,13,POWER#9,POWER,,0.0,0,False,,BASE,installed
lifecycle,42969dc451bbd28e8cd3cb77167facb14a589d75dcd5e0813872ce2c2bbe3f66,20260916,0.11.0,73,service,lifetimes,False,13,13,POWER#10,POWER,,0.0,0,False,,BASE,installed
lifecycle,42969dc451bbd28e8cd3cb77167facb14a589d75dcd5e0813872ce2c2bbe3f66,20260916,0.11.0,73,service,lifetimes,False,13,13,POWER#11,POWER,,0.0,0,False,,REGION,stock
lifecycle,42969dc451bbd28e8cd3cb77167facb14a589d75dcd5e0813872ce2c2bbe3f66,20260916,0.11.0,73,service,lifetimes,False,13,13,POWER#12,POWER,,0.0,0,False,,CENTER,stock
lifecycle,42969dc451bbd28e8cd3cb77167facb14a589d75dcd5e0813872ce2c2bbe3f66,20260916,0.11.0,73,service,lifetimes,False,13,13,POWER#13,POWER,,0.0,0,False,,CENTER,stock
lifecycle,42969dc451bbd28e8cd3cb77167facb14a589d75dcd5e0813872ce2c2bbe3f66,20260916,0.11.0,74,service,lifetimes,False,13,13,POWER#1,POWER,,5.0,0,False,,CENTER,stock
lifecycle,42969dc451bbd28e8cd3cb77167facb14a589d75dcd5e0813872ce2c2bbe3f66,20260916,0.11.0,74,service,lifetimes,False,13,13,POWER#2,POWER,,2.568322698370139,1,False,,BASE,installed
lifecycle,42969dc451bbd28e8cd3cb77167facb14a589d75dcd5e0813872ce2c2bbe3f66,20260916,0.11.0,74,service,lifetimes,False,13,13,POWER#3,POWER,,7.5,0,True,LIMIT_H,BASE,retired
lifecycle,42969dc451bbd28e8cd3cb77167facb14a589d75dcd5e0813872ce2c2bbe3f66,20260916,0.11.0,74,service,lifetimes,False,13,13,POWER#4,POWER,,7.5,0,True,LIMIT_H,BASE,retired
lifecycle,42969dc451bbd28e8cd3cb77167facb14a589d75dcd5e0813872ce2c2bbe3f66,20260916,0.11.0,74,service,lifetimes,False,13,13,POWER#5,POWER,,7.5,0,True,LIMIT_H,BASE,retired
lifecycle,42969dc451bbd28e8cd3cb77167facb14a589d75dcd5e0813872ce2c2bbe3f66,20260916,0.11.0,74,service,lifetimes,False,13,13,POWER#6,POWER,,5.0,0,False,,BASE,stock
lifecycle,42969dc451bbd28e8cd3cb77167facb14a589d75dcd5e0813872ce2c2bbe3f66,20260916,0.11.0,74,service,lifetimes,False,13,13,POWER#7,POWER,,2.568322698370139,0,False,,BASE,installed
lifecycle,42969dc451bbd28e8cd3cb77167facb14a589d75dcd5e0813872ce2c2bbe3f66,20260916,0.11.0,74,service,lifetimes,False,13,13,POWER#8,POWER,,2.5,0,False,,BASE,installed
lifecycle,42969dc451bbd28e8cd3cb77167facb14a589d75dcd5e0813872ce2c2bbe3f66,20260916,0.11.0,74,service,lifetimes,False,13,13,POWER#9,POWER,,0.0,0,False,,BASE,installed
lifecycle,42969dc451bbd28e8cd3cb77167facb14a589d75dcd5e0813872ce2c2bbe3f66,20260916,0.11.0,74,service,lifetimes,False,13,13,POWER#10,POWER,,0.0,0,False,,BASE,stock
lifecycle,42969dc451bbd28e8cd3cb77167facb14a589d75dcd5e0813872ce2c2bbe3f66,20260916,0.11.0,74,service,lifetimes,False,13,13,POWER#11,POWER,,0.0,0,False,,REGION,stock
lifecycle,42969dc451bbd28e8cd3cb77167facb14a589d75dcd5e0813872ce2c2bbe3f66,20260916,0.11.0,74,service,lifetimes,False,13,13,POWER#12,POWER,,0.0,0,False,,REGION,stock
lifecycle,42969dc451bbd28e8cd3cb77167facb14a589d75dcd5e0813872ce2c2bbe3f66,20260916,0.11.0,74,service,lifetimes,False,13,13,POWER#13,POWER,,0.0,0,False,,CENTER,stock
lifecycle,42969dc451bbd28e8cd3cb77167facb14a589d75dcd5e0813872ce2c2bbe3f66,20260916,0.11.0,75,service,lifetimes,False,14,14,POWER#1,POWER,,5.0,0,False,,REGION,stock
lifecycle,42969dc451bbd28e8cd3cb77167facb14a589d75dcd5e0813872ce2c2bbe3f66,20260916,0.11.0,75,service,lifetimes,False,14,14,POWER#2,POWER,,5.0,0,False,,CENTER,stock
lifecycle,42969dc451bbd28e8cd3cb77167facb14a589d75dcd5e0813872ce2c2bbe3f66,20260916,0.11.0,75,service,lifetimes,False,14,14,POWER#3,POWER,,5.0,0,False,,BASE,installed
lifecycle,42969dc451bbd28e8cd3cb77167facb14a589d75dcd5e0813872ce2c2bbe3f66,20260916,0.11.0,75,service,lifetimes,False,14,14,POWER#4,POWER,,7.5,1,True,LIMIT_H,BASE,retired
lifecycle,42969dc451bbd28e8cd3cb77167facb14a589d75dcd5e0813872ce2c2bbe3f66,20260916,0.11.0,75,service,lifetimes,False,14,14,POWER#5,POWER,,7.5,0,True,LIMIT_H,BASE,retired
lifecycle,42969dc451bbd28e8cd3cb77167facb14a589d75dcd5e0813872ce2c2bbe3f66,20260916,0.11.0,75,service,lifetimes,False,14,14,POWER#6,POWER,,7.5,0,True,LIMIT_H,BASE,retired
lifecycle,42969dc451bbd28e8cd3cb77167facb14a589d75dcd5e0813872ce2c2bbe3f66,20260916,0.11.0,75,service,lifetimes,False,14,14,POWER#7,POWER,,2.169366496206578,1,False,,CENTER,stock
lifecycle,42969dc451bbd28e8cd3cb77167facb14a589d75dcd5e0813872ce2c2bbe3f66,20260916,0.11.0,75,service,lifetimes,False,14,14,POWER#8,POWER,,2.169366496206578,0,False,,BASE,installed
lifecycle,42969dc451bbd28e8cd3cb77167facb14a589d75dcd5e0813872ce2c2bbe3f66,20260916,0.11.0,75,service,lifetimes,False,14,14,POWER#9,POWER,,2.5,0,False,,BASE,installed
lifecycle,42969dc451bbd28e8cd3cb77167facb14a589d75dcd5e0813872ce2c2bbe3f66,20260916,0.11.0,75,service,lifetimes,False,14,14,POWER#10,POWER,,0.0,0,False,,BASE,installed
lifecycle,42969dc451bbd28e8cd3cb77167facb14a589d75dcd5e0813872ce2c2bbe3f66,20260916,0.11.0,75,service,lifetimes,False,14,14,POWER#11,POWER,,0.0,0,False,,BASE,stock
lifecycle,42969dc451bbd28e8cd3cb77167facb14a589d75dcd5e0813872ce2c2bbe3f66,20260916,0.11.0,75,service,lifetimes,False,14,14,POWER#12,POWER,,0.0,0,False,,BASE,stock
lifecycle,42969dc451bbd28e8cd3cb77167facb14a589d75dcd5e0813872ce2c2bbe3f66,20260916,0.11.0,75,service,lifetimes,False,14,14,POWER#13,POWER,,0.0,0,False,,REGION,stock
lifecycle,42969dc451bbd28e8cd3cb77167facb14a589d75dcd5e0813872ce2c2bbe3f66,20260916,0.11.0,75,service,lifetimes,False,14,14,POWER#14,POWER,,0.0,0,False,,CENTER,stock
lifecycle,42969dc451bbd28e8cd3cb77167facb14a589d75dcd5e0813872ce2c2bbe3f66,20260916,0.11.0,76,service,lifetimes,False,16,16,POWER#1,POWER,,5.0,0,False,,CENTER,stock
lifecycle,42969dc451bbd28e8cd3cb77167facb14a589d75dcd5e0813872ce2c2bbe3f66,20260916,0.11.0,76,service,lifetimes,False,16,16,POWER#2,POWER,,5.0,0,False,,CENTER,stock
lifecycle,42969dc451bbd28e8cd3cb77167facb14a589d75dcd5e0813872ce2c2bbe3f66,20260916,0.11.0,76,service,lifetimes,False,16,16,POWER#3,POWER,,6.892992158263775,1,True,LIMIT_H,BASE,retired
lifecycle,42969dc451bbd28e8cd3cb77167facb14a589d75dcd5e0813872ce2c2bbe3f66,20260916,0.11.0,76,service,lifetimes,False,16,16,POWER#4,POWER,,6.892992158263775,0,True,LIMIT_H,BASE,retired
lifecycle,42969dc451bbd28e8cd3cb77167facb14a589d75dcd5e0813872ce2c2bbe3f66,20260916,0.11.0,76,service,lifetimes,False,16,16,POWER#5,POWER,,7.229313980332497,0,True,LIMIT_H,BASE,retired
lifecycle,42969dc451bbd28e8cd3cb77167facb14a589d75dcd5e0813872ce2c2bbe3f66,20260916,0.11.0,76,service,lifetimes,False,16,16,POWER#6,POWER,,7.229313980332497,1,True,LIMIT_H,BASE,retired
lifecycle,42969dc451bbd28e8cd3cb77167facb14a589d75dcd5e0813872ce2c2bbe3f66,20260916,0.11.0,76,service,lifetimes,False,16,16,POWER#7,POWER,,2.5,0,False,,BASE,installed
lifecycle,42969dc451bbd28e8cd3cb77167facb14a589d75dcd5e0813872ce2c2bbe3f66,20260916,0.11.0,76,service,lifetimes,False,16,16,POWER#8,POWER,,2.5,0,False,,BASE,installed
lifecycle,42969dc451bbd28e8cd3cb77167facb14a589d75dcd5e0813872ce2c2bbe3f66,20260916,0.11.0,76,service,lifetimes,False,16,16,POWER#9,POWER,,0.0,0,False,,BASE,installed
lifecycle,42969dc451bbd28e8cd3cb77167facb14a589d75dcd5e0813872ce2c2bbe3f66,20260916,0.11.0,76,service,lifetimes,False,16,16,POWER#10,POWER,,0.0,0,False,,BASE,installed
lifecycle,42969dc451bbd28e8cd3cb77167facb14a589d75dcd5e0813872ce2c2bbe3f66,20260916,0.11.0,76,service,lifetimes,False,16,16,POWER#11,POWER,,0.0,0,False,,BASE,stock
lifecycle,42969dc451bbd28e8cd3cb77167facb14a589d75dcd5e0813872ce2c2bbe3f66,20260916,0.11.0,76,service,lifetimes,False,16,16,POWER#12,POWER,,0.0,0,False,,BASE,stock
lifecycle,42969dc451bbd28e8cd3cb77167facb14a589d75dcd5e0813872ce2c2bbe3f66,20260916,0.11.0,76,service,lifetimes,False,16,16,POWER#13,POWER,,0.0,0,False,,REGION,stock
lifecycle,42969dc451bbd28e8cd3cb77167facb14a589d75dcd5e0813872ce2c2bbe3f66,20260916,0.11.0,76,service,lifetimes,False,16,16,POWER#14,POWER,,0.0,0,False,,REGION,stock
lifecycle,42969dc451bbd28e8cd3cb77167facb14a589d75dcd5e0813872ce2c2bbe3f66,20260916,0.11.0,76,service,lifetimes,False,16,16,POWER#15,POWER,,0.0,0,False,,CENTER,stock
lifecycle,42969dc451bbd28e8cd3cb77167facb14a589d75dcd5e0813872ce2c2bbe3f66,20260916,0.11.0,76,service,lifetimes,False,16,16,POWER#16,POWER,,0.0,0,False,,CENTER,stock
lifecycle,42969dc451bbd28e8cd3cb77167facb14a589d75dcd5e0813872ce2c2bbe3f66,20260916,0.11.0,77,service,lifetimes,False,12,12,POWER#1,POWER,,5.0,0,False,,CENTER,stock
lifecycle,42969dc451bbd28e8cd3cb77167facb14a589d75dcd5e0813872ce2c2bbe3f66,20260916,0.11.0,77,service,lifetimes,False,12,12,POWER#2,POWER,,5.0,0,False,,CENTER,stock
lifecycle,42969dc451bbd28e8cd3cb77167facb14a589d75dcd5e0813872ce2c2bbe3f66,20260916,0.11.0,77,service,lifetimes,False,12,12,POWER#3,POWER,,5.0,0,False,,BASE,stock
lifecycle,42969dc451bbd28e8cd3cb77167facb14a589d75dcd5e0813872ce2c2bbe3f66,20260916,0.11.0,77,service,lifetimes,False,12,12,POWER#4,POWER,,5.0,0,False,,BASE,installed
lifecycle,42969dc451bbd28e8cd3cb77167facb14a589d75dcd5e0813872ce2c2bbe3f66,20260916,0.11.0,77,service,lifetimes,False,12,12,POWER#5,POWER,,4.43395419637033,0,False,,REGION,stock
lifecycle,42969dc451bbd28e8cd3cb77167facb14a589d75dcd5e0813872ce2c2bbe3f66,20260916,0.11.0,77,service,lifetimes,False,12,12,POWER#6,POWER,,6.93395419637033,1,True,LIMIT_H,BASE,retired
lifecycle,42969dc451bbd28e8cd3cb77167facb14a589d75dcd5e0813872ce2c2bbe3f66,20260916,0.11.0,77,service,lifetimes,False,12,12,POWER#7,POWER,,5.0,0,False,,CENTER,stock
lifecycle,42969dc451bbd28e8cd3cb77167facb14a589d75dcd5e0813872ce2c2bbe3f66,20260916,0.11.0,77,service,lifetimes,False,12,12,POWER#8,POWER,,2.5,0,False,,BASE,installed
lifecycle,42969dc451bbd28e8cd3cb77167facb14a589d75dcd5e0813872ce2c2bbe3f66,20260916,0.11.0,77,service,lifetimes,False,12,12,POWER#9,POWER,,1.8219891408798077,1,False,,BASE,installed
lifecycle,42969dc451bbd28e8cd3cb77167facb14a589d75dcd5e0813872ce2c2bbe3f66,20260916,0.11.0,77,service,lifetimes,False,12,12,POWER#10,POWER,,1.8219891408798077,0,False,,BASE,installed
lifecycle,42969dc451bbd28e8cd3cb77167facb14a589d75dcd5e0813872ce2c2bbe3f66,20260916,0.11.0,77,service,lifetimes,False,12,12,POWER#11,POWER,,0.0,0,False,,BASE,stock
lifecycle,42969dc451bbd28e8cd3cb77167facb14a589d75dcd5e0813872ce2c2bbe3f66,20260916,0.11.0,77,service,lifetimes,False,12,12,POWER#12,POWER,,0.0,0,False,,REGION,stock
lifecycle,42969dc451bbd28e8cd3cb77167facb14a589d75dcd5e0813872ce2c2bbe3f66,20260916,0.11.0,78,service,lifetimes,False,12,12,POWER#1,POWER,,5.0,0,False,,CENTER,stock
lifecycle,42969dc451bbd28e8cd3cb77167facb14a589d75dcd5e0813872ce2c2bbe3f66,20260916,0.11.0,78,service,lifetimes,False,12,12,POWER#2,POWER,,7.5,0,True,LIMIT_H,BASE,retired
lifecycle,42969dc451bbd28e8cd3cb77167facb14a589d75dcd5e0813872ce2c2bbe3f66,20260916,0.11.0,78,service,lifetimes,False,12,12,POWER#3,POWER,,5.0,0,False,,BASE,stock
lifecycle,42969dc451bbd28e8cd3cb77167facb14a589d75dcd5e0813872ce2c2bbe3f66,20260916,0.11.0,78,service,lifetimes,False,12,12,POWER#4,POWER,,5.0,0,False,,BASE,stock
lifecycle,42969dc451bbd28e8cd3cb77167facb14a589d75dcd5e0813872ce2c2bbe3f66,20260916,0.11.0,78,service,lifetimes,False,12,12,POWER#5,POWER,,5.0,0,False,,CENTER,stock
lifecycle,42969dc451bbd28e8cd3cb77167facb14a589d75dcd5e0813872ce2c2bbe3f66,20260916,0.11.0,78,service,lifetimes,False,12,12,POWER#6,POWER,,5.0,0,False,,CENTER,stock
lifecycle,42969dc451bbd28e8cd3cb77167facb14a589d75dcd5e0813872ce2c2bbe3f66,20260916,0.11.0,78,service,lifetimes,False,12,12,POWER#7,POWER,,5.0,0,False,,BASE,installed
lifecycle,42969dc451bbd28e8cd3cb77167facb14a589d75dcd5e0813872ce2c2bbe3f66,20260916,0.11.0,78,service,lifetimes,False,12,12,POWER#8,POWER,,5.0,0,False,,BASE,installed
lifecycle,42969dc451bbd28e8cd3cb77167facb14a589d75dcd5e0813872ce2c2bbe3f66,20260916,0.11.0,78,service,lifetimes,False,12,12,POWER#9,POWER,,2.5,0,False,,BASE,installed
lifecycle,42969dc451bbd28e8cd3cb77167facb14a589d75dcd5e0813872ce2c2bbe3f66,20260916,0.11.0,78,service,lifetimes,False,12,12,POWER#10,POWER,,0.0,0,False,,BASE,installed
lifecycle,42969dc451bbd28e8cd3cb77167facb14a589d75dcd5e0813872ce2c2bbe3f66,20260916,0.11.0,78,service,lifetimes,False,12,12,POWER#11,POWER,,0.0,0,False,,REGION,stock
lifecycle,42969dc451bbd28e8cd3cb77167facb14a589d75dcd5e0813872ce2c2bbe3f66,20260916,0.11.0,78,service,lifetimes,False,12,12,POWER#12,POWER,,0.0,0,False,,REGION,stock
lifecycle,42969dc451bbd28e8cd3cb77167facb14a589d75dcd5e0813872ce2c2bbe3f66,20260916,0.11.0,79,service,lifetimes,False,14,14,POWER#1,POWER,,5.0,0,False,,BASE,installed
lifecycle,42969dc451bbd28e8cd3cb77167facb14a589d75dcd5e0813872ce2c2bbe3f66,20260916,0.11.0,79,service,lifetimes,False,14,14,POWER#2,POWER,,3.5646846147689004,0,False,,CENTER,stock
lifecycle,42969dc451bbd28e8cd3cb77167facb14a589d75dcd5e0813872ce2c2bbe3f66,20260916,0.11.0,79,service,lifetimes,False,14,14,POWER#3,POWER,,7.5,0,True,LIMIT_H,BASE,retired
lifecycle,42969dc451bbd28e8cd3cb77167facb14a589d75dcd5e0813872ce2c2bbe3f66,20260916,0.11.0,79,service,lifetimes,False,14,14,POWER#4,POWER,,7.5,0,True,LIMIT_H,BASE,retired
lifecycle,42969dc451bbd28e8cd3cb77167facb14a589d75dcd5e0813872ce2c2bbe3f66,20260916,0.11.0,79,service,lifetimes,False,14,14,POWER#5,POWER,,7.5,0,True,LIMIT_H,BASE,retired
lifecycle,42969dc451bbd28e8cd3cb77167facb14a589d75dcd5e0813872ce2c2bbe3f66,20260916,0.11.0,79,service,lifetimes,False,14,14,POWER#6,POWER,,5.0,0,False,,BASE,stock
lifecycle,42969dc451bbd28e8cd3cb77167facb14a589d75dcd5e0813872ce2c2bbe3f66,20260916,0.11.0,79,service,lifetimes,False,14,14,POWER#7,POWER,,3.5646846147689004,1,False,,CENTER,stock
lifecycle,42969dc451bbd28e8cd3cb77167facb14a589d75dcd5e0813872ce2c2bbe3f66,20260916,0.11.0,79,service,lifetimes,False,14,14,POWER#8,POWER,,2.5,0,False,,BASE,installed
lifecycle,42969dc451bbd28e8cd3cb77167facb14a589d75dcd5e0813872ce2c2bbe3f66,20260916,0.11.0,79,service,lifetimes,False,14,14,POWER#9,POWER,,0.0,0,False,,BASE,installed
lifecycle,42969dc451bbd28e8cd3cb77167facb14a589d75dcd5e0813872ce2c2bbe3f66,20260916,0.11.0,79,service,lifetimes,False,14,14,POWER#10,POWER,,0.0,0,False,,BASE,installed
lifecycle,42969dc451bbd28e8cd3cb77167facb14a589d75dcd5e0813872ce2c2bbe3f66,20260916,0.11.0,79,service,lifetimes,False,14,14,POWER#11,POWER,,0.0,0,False,,BASE,stock
lifecycle,42969dc451bbd28e8cd3cb77167facb14a589d75dcd5e0813872ce2c2bbe3f66,20260916,0.11.0,79,service,lifetimes,False,14,14,POWER#12,POWER,,0.0,0,False,,REGION,stock
lifecycle,42969dc451bbd28e8cd3cb77167facb14a589d75dcd5e0813872ce2c2bbe3f66,20260916,0.11.0,79,service,lifetimes,False,14,14,POWER#13,POWER,,0.0,0,False,,REGION,stock
lifecycle,42969dc451bbd28e8cd3cb77167facb14a589d75dcd5e0813872ce2c2bbe3f66,20260916,0.11.0,79,service,lifetimes,False,14,14,POWER#14,POWER,,0.0,0,False,,CENTER,stock
lifecycle,42969dc451bbd28e8cd3cb77167facb14a589d75dcd5e0813872ce2c2bbe3f66,20260916,0.11.0,80,service,lifetimes,False,13,13,POWER#1,POWER,,7.5,0,True,LIMIT_H,BASE,retired
lifecycle,42969dc451bbd28e8cd3cb77167facb14a589d75dcd5e0813872ce2c2bbe3f66,20260916,0.11.0,80,service,lifetimes,False,13,13,POWER#2,POWER,,5.0,0,False,,BASE,installed
lifecycle,42969dc451bbd28e8cd3cb77167facb14a589d75dcd5e0813872ce2c2bbe3f66,20260916,0.11.0,80,service,lifetimes,False,13,13,POWER#3,POWER,,2.333964383272601,1,False,,BASE,stock
lifecycle,42969dc451bbd28e8cd3cb77167facb14a589d75dcd5e0813872ce2c2bbe3f66,20260916,0.11.0,80,service,lifetimes,False,13,13,POWER#4,POWER,,4.833964383272601,1,False,,REGION,stock
lifecycle,42969dc451bbd28e8cd3cb77167facb14a589d75dcd5e0813872ce2c2bbe3f66,20260916,0.11.0,80,service,lifetimes,False,13,13,POWER#5,POWER,,7.5,0,True,LIMIT_H,BASE,retired
lifecycle,42969dc451bbd28e8cd3cb77167facb14a589d75dcd5e0813872ce2c2bbe3f66,20260916,0.11.0,80,service,lifetimes,False,13,13,POWER#6,POWER,,7.5,0,True,LIMIT_H,BASE,retired
lifecycle,42969dc451bbd28e8cd3cb77167facb14a589d75dcd5e0813872ce2c2bbe3f66,20260916,0.11.0,80,service,lifetimes,False,13,13,POWER#7,POWER,,2.5,0,False,,BASE,installed
lifecycle,42969dc451bbd28e8cd3cb77167facb14a589d75dcd5e0813872ce2c2bbe3f66,20260916,0.11.0,80,service,lifetimes,False,13,13,POWER#8,POWER,,2.5,0,False,,BASE,installed
lifecycle,42969dc451bbd28e8cd3cb77167facb14a589d75dcd5e0813872ce2c2bbe3f66,20260916,0.11.0,80,service,lifetimes,False,13,13,POWER#9,POWER,,0.0,0,False,,BASE,installed
lifecycle,42969dc451bbd28e8cd3cb77167facb14a589d75dcd5e0813872ce2c2bbe3f66,20260916,0.11.0,80,service,lifetimes,False,13,13,POWER#10,POWER,,0.0,0,False,,BASE,stock
lifecycle,42969dc451bbd28e8cd3cb77167facb14a589d75dcd5e0813872ce2c2bbe3f66,20260916,0.11.0,80,service,lifetimes,False,13,13,POWER#11,POWER,,0.0,0,False,,REGION,stock
lifecycle,42969dc451bbd28e8cd3cb77167facb14a589d75dcd5e0813872ce2c2bbe3f66,20260916,0.11.0,80,service,lifetimes,False,13,13,POWER#12,POWER,,0.0,0,False,,CENTER,stock
lifecycle,42969dc451bbd28e8cd3cb77167facb14a589d75dcd5e0813872ce2c2bbe3f66,20260916,0.11.0,80,service,lifetimes,False,13,13,POWER#13,POWER,,0.0,0,False,,CENTER,stock
lifecycle,42969dc451bbd28e8cd3cb77167facb14a589d75dcd5e0813872ce2c2bbe3f66,20260916,0.11.0,81,service,lifetimes,False,12,12,POWER#1,POWER,,7.5,0,True,LIMIT_H,BASE,retired
lifecycle,42969dc451bbd28e8cd3cb77167facb14a589d75dcd5e0813872ce2c2bbe3f66,20260916,0.11.0,81,service,lifetimes,False,12,12,POWER#2,POWER,,5.0,0,False,,CENTER,stock
lifecycle,42969dc451bbd28e8cd3cb77167facb14a589d75dcd5e0813872ce2c2bbe3f66,20260916,0.11.0,81,service,lifetimes,False,12,12,POWER#3,POWER,,5.0,0,False,,BASE,stock
lifecycle,42969dc451bbd28e8cd3cb77167facb14a589d75dcd5e0813872ce2c2bbe3f66,20260916,0.11.0,81,service,lifetimes,False,12,12,POWER#4,POWER,,5.0,0,False,,BASE,stock
lifecycle,42969dc451bbd28e8cd3cb77167facb14a589d75dcd5e0813872ce2c2bbe3f66,20260916,0.11.0,81,service,lifetimes,False,12,12,POWER#5,POWER,,5.0,0,False,,CENTER,stock
lifecycle,42969dc451bbd28e8cd3cb77167facb14a589d75dcd5e0813872ce2c2bbe3f66,20260916,0.11.0,81,service,lifetimes,False,12,12,POWER#6,POWER,,5.9077859081181145,1,False,,CENTER,stock
lifecycle,42969dc451bbd28e8cd3cb77167facb14a589d75dcd5e0813872ce2c2bbe3f66,20260916,0.11.0,81,service,lifetimes,False,12,12,POWER#7,POWER,,3.4077859081181145,0,False,,BASE,installed
lifecycle,42969dc451bbd28e8cd3cb77167facb14a589d75dcd5e0813872ce2c2bbe3f66,20260916,0.11.0,81,service,lifetimes,False,12,12,POWER#8,POWER,,2.5,0,False,,BASE,installed
lifecycle,42969dc451bbd28e8cd3cb77167facb14a589d75dcd5e0813872ce2c2bbe3f66,20260916,0.11.0,81,service,lifetimes,False,12,12,POWER#9,POWER,,2.5,0,False,,BASE,installed
lifecycle,42969dc451bbd28e8cd3cb77167facb14a589d75dcd5e0813872ce2c2bbe3f66,20260916,0.11.0,81,service,lifetimes,False,12,12,POWER#10,POWER,,0.0,0,False,,BASE,installed
lifecycle,42969dc451bbd28e8cd3cb77167facb14a589d75dcd5e0813872ce2c2bbe3f66,20260916,0.11.0,81,service,lifetimes,False,12,12,POWER#11,POWER,,0.0,0,False,,REGION,stock
lifecycle,42969dc451bbd28e8cd3cb77167facb14a589d75dcd5e0813872ce2c2bbe3f66,20260916,0.11.0,81,service,lifetimes,False,12,12,POWER#12,POWER,,0.0,0,False,,REGION,stock
lifecycle,42969dc451bbd28e8cd3cb77167facb14a589d75dcd5e0813872ce2c2bbe3f66,20260916,0.11.0,82,service,lifetimes,False,14,14,POWER#1,POWER,,7.5,0,True,LIMIT_H,BASE,retired
lifecycle,42969dc451bbd28e8cd3cb77167facb14a589d75dcd5e0813872ce2c2bbe3f66,20260916,0.11.0,82,service,lifetimes,False,14,14,POWER#2,POWER,,5.0,0,False,,BASE,installed
lifecycle,42969dc451bbd28e8cd3cb77167facb14a589d75dcd5e0813872ce2c2bbe3f66,20260916,0.11.0,82,service,lifetimes,False,14,14,POWER#3,POWER,,5.0,0,False,,BASE,stock
lifecycle,42969dc451bbd28e8cd3cb77167facb14a589d75dcd5e0813872ce2c2bbe3f66,20260916,0.11.0,82,service,lifetimes,False,14,14,POWER#4,POWER,,7.5,1,True,LIMIT_H,BASE,retired
lifecycle,42969dc451bbd28e8cd3cb77167facb14a589d75dcd5e0813872ce2c2bbe3f66,20260916,0.11.0,82,service,lifetimes,False,14,14,POWER#5,POWER,,3.6240860153335888,0,False,,REGION,stock
lifecycle,42969dc451bbd28e8cd3cb77167facb14a589d75dcd5e0813872ce2c2bbe3f66,20260916,0.11.0,82,service,lifetimes,False,14,14,POWER#6,POWER,,6.124086015333589,1,True,LIMIT_H,BASE,retired
lifecycle,42969dc451bbd28e8cd3cb77167facb14a589d75dcd5e0813872ce2c2bbe3f66,20260916,0.11.0,82,service,lifetimes,False,14,14,POWER#7,POWER,,5.0,0,False,,CENTER,stock
lifecycle,42969dc451bbd28e8cd3cb77167facb14a589d75dcd5e0813872ce2c2bbe3f66,20260916,0.11.0,82,service,lifetimes,False,14,14,POWER#8,POWER,,2.5,0,False,,BASE,installed
lifecycle,42969dc451bbd28e8cd3cb77167facb14a589d75dcd5e0813872ce2c2bbe3f66,20260916,0.11.0,82,service,lifetimes,False,14,14,POWER#9,POWER,,0.0,0,False,,BASE,installed
lifecycle,42969dc451bbd28e8cd3cb77167facb14a589d75dcd5e0813872ce2c2bbe3f66,20260916,0.11.0,82,service,lifetimes,False,14,14,POWER#10,POWER,,0.0,0,False,,BASE,installed
lifecycle,42969dc451bbd28e8cd3cb77167facb14a589d75dcd5e0813872ce2c2bbe3f66,20260916,0.11.0,82,service,lifetimes,False,14,14,POWER#11,POWER,,0.0,0,False,,BASE,stock
lifecycle,42969dc451bbd28e8cd3cb77167facb14a589d75dcd5e0813872ce2c2bbe3f66,20260916,0.11.0,82,service,lifetimes,False,14,14,POWER#12,POWER,,0.0,0,False,,REGION,stock
lifecycle,42969dc451bbd28e8cd3cb77167facb14a589d75dcd5e0813872ce2c2bbe3f66,20260916,0.11.0,82,service,lifetimes,False,14,14,POWER#13,POWER,,0.0,0,False,,CENTER,stock
lifecycle,42969dc451bbd28e8cd3cb77167facb14a589d75dcd5e0813872ce2c2bbe3f66,20260916,0.11.0,82,service,lifetimes,False,14,14,POWER#14,POWER,,0.0,0,False,,CENTER,stock
lifecycle,42969dc451bbd28e8cd3cb77167facb14a589d75dcd5e0813872ce2c2bbe3f66,20260916,0.11.0,83,service,lifetimes,False,13,13,POWER#1,POWER,,6.1283241252467135,1,True,LIMIT_H,BASE,retired
lifecycle,42969dc451bbd28e8cd3cb77167facb14a589d75dcd5e0813872ce2c2bbe3f66,20260916,0.11.0,83,service,lifetimes,False,13,13,POWER#2,POWER,,5.0,0,False,,BASE,installed
lifecycle,42969dc451bbd28e8cd3cb77167facb14a589d75dcd5e0813872ce2c2bbe3f66,20260916,0.11.0,83,service,lifetimes,False,13,13,POWER#3,POWER,,7.5,0,True,LIMIT_H,BASE,retired
lifecycle,42969dc451bbd28e8cd3cb77167facb14a589d75dcd5e0813872ce2c2bbe3f66,20260916,0.11.0,83,service,lifetimes,False,13,13,POWER#4,POWER,,5.0,0,False,,BASE,stock
lifecycle,42969dc451bbd28e8cd3cb77167facb14a589d75dcd5e0813872ce2c2bbe3f66,20260916,0.11.0,83,service,lifetimes,False,13,13,POWER#5,POWER,,5.0,0,False,,REGION,stock
lifecycle,42969dc451bbd28e8cd3cb77167facb14a589d75dcd5e0813872ce2c2bbe3f66,20260916,0.11.0,83,service,lifetimes,False,13,13,POWER#6,POWER,,5.0,0,False,,REGION,stock
lifecycle,42969dc451bbd28e8cd3cb77167facb14a589d75dcd5e0813872ce2c2bbe3f66,20260916,0.11.0,83,service,lifetimes,False,13,13,POWER#7,POWER,,5.0,0,False,,BASE,installed
lifecycle,42969dc451bbd28e8cd3cb77167facb14a589d75dcd5e0813872ce2c2bbe3f66,20260916,0.11.0,83,service,lifetimes,False,13,13,POWER#8,POWER,,3.6283241252467135,0,False,,CENTER,stock
lifecycle,42969dc451bbd28e8cd3cb77167facb14a589d75dcd5e0813872ce2c2bbe3f66,20260916,0.11.0,83,service,lifetimes,False,13,13,POWER#9,POWER,,0.0,0,False,,BASE,installed
lifecycle,42969dc451bbd28e8cd3cb77167facb14a589d75dcd5e0813872ce2c2bbe3f66,20260916,0.11.0,83,service,lifetimes,False,13,13,POWER#10,POWER,,0.0,0,False,,BASE,installed
lifecycle,42969dc451bbd28e8cd3cb77167facb14a589d75dcd5e0813872ce2c2bbe3f66,20260916,0.11.0,83,service,lifetimes,False,13,13,POWER#11,POWER,,0.0,0,False,,BASE,stock
lifecycle,42969dc451bbd28e8cd3cb77167facb14a589d75dcd5e0813872ce2c2bbe3f66,20260916,0.11.0,83,service,lifetimes,False,13,13,POWER#12,POWER,,0.0,0,False,,CENTER,stock
lifecycle,42969dc451bbd28e8cd3cb77167facb14a589d75dcd5e0813872ce2c2bbe3f66,20260916,0.11.0,83,service,lifetimes,False,13,13,POWER#13,POWER,,0.0,0,False,,CENTER,stock
lifecycle,42969dc451bbd28e8cd3cb77167facb14a589d75dcd5e0813872ce2c2bbe3f66,20260916,0.11.0,84,service,lifetimes,False,12,12,POWER#1,POWER,,7.5,0,True,LIMIT_H,BASE,retired
lifecycle,42969dc451bbd28e8cd3cb77167facb14a589d75dcd5e0813872ce2c2bbe3f66,20260916,0.11.0,84,service,lifetimes,False,12,12,POWER#2,POWER,,5.0,0,False,,REGION,stock
lifecycle,42969dc451bbd28e8cd3cb77167facb14a589d75dcd5e0813872ce2c2bbe3f66,20260916,0.11.0,84,service,lifetimes,False,12,12,POWER#3,POWER,,1.0956108291997246,1,False,,BASE,installed
lifecycle,42969dc451bbd28e8cd3cb77167facb14a589d75dcd5e0813872ce2c2bbe3f66,20260916,0.11.0,84,service,lifetimes,False,12,12,POWER#4,POWER,,3.5956108291997246,0,False,,BASE,stock
lifecycle,42969dc451bbd28e8cd3cb77167facb14a589d75dcd5e0813872ce2c2bbe3f66,20260916,0.11.0,84,service,lifetimes,False,12,12,POWER#5,POWER,,7.5,0,True,LIMIT_H,BASE,retired
lifecycle,42969dc451bbd28e8cd3cb77167facb14a589d75dcd5e0813872ce2c2bbe3f66,20260916,0.11.0,84,service,lifetimes,False,12,12,POWER#6,POWER,,5.0,0,False,,REGION,stock
lifecycle,42969dc451bbd28e8cd3cb77167facb14a589d75dcd5e0813872ce2c2bbe3f66,20260916,0.11.0,84,service,lifetimes,False,12,12,POWER#7,POWER,,5.0,0,False,,CENTER,stock
lifecycle,42969dc451bbd28e8cd3cb77167facb14a589d75dcd5e0813872ce2c2bbe3f66,20260916,0.11.0,84,service,lifetimes,False,12,12,POWER#8,POWER,,2.5,0,False,,BASE,installed
lifecycle,42969dc451bbd28e8cd3cb77167facb14a589d75dcd5e0813872ce2c2bbe3f66,20260916,0.11.0,84,service,lifetimes,False,12,12,POWER#9,POWER,,2.5,0,False,,BASE,installed
lifecycle,42969dc451bbd28e8cd3cb77167facb14a589d75dcd5e0813872ce2c2bbe3f66,20260916,0.11.0,84,service,lifetimes,False,12,12,POWER#10,POWER,,2.5,0,False,,BASE,installed
lifecycle,42969dc451bbd28e8cd3cb77167facb14a589d75dcd5e0813872ce2c2bbe3f66,20260916,0.11.0,84,service,lifetimes,False,12,12,POWER#11,POWER,,0.0,0,False,,BASE,stock
lifecycle,42969dc451bbd28e8cd3cb77167facb14a589d75dcd5e0813872ce2c2bbe3f66,20260916,0.11.0,84,service,lifetimes,False,12,12,POWER#12,POWER,,0.0,0,False,,CENTER,stock
lifecycle,42969dc451bbd28e8cd3cb77167facb14a589d75dcd5e0813872ce2c2bbe3f66,20260916,0.11.0,85,service,lifetimes,False,12,12,POWER#1,POWER,,7.5,0,True,LIMIT_H,BASE,retired
lifecycle,42969dc451bbd28e8cd3cb77167facb14a589d75dcd5e0813872ce2c2bbe3f66,20260916,0.11.0,85,service,lifetimes,False,12,12,POWER#2,POWER,,5.0,0,False,,CENTER,stock
lifecycle,42969dc451bbd28e8cd3cb77167facb14a589d75dcd5e0813872ce2c2bbe3f66,20260916,0.11.0,85,service,lifetimes,False,12,12,POWER#3,POWER,,5.0,0,False,,BASE,stock
lifecycle,42969dc451bbd28e8cd3cb77167facb14a589d75dcd5e0813872ce2c2bbe3f66,20260916,0.11.0,85,service,lifetimes,False,12,12,POWER#4,POWER,,5.0,0,False,,BASE,installed
lifecycle,42969dc451bbd28e8cd3cb77167facb14a589d75dcd5e0813872ce2c2bbe3f66,20260916,0.11.0,85,service,lifetimes,False,12,12,POWER#5,POWER,,3.03131423182964,1,False,,REGION,stock
lifecycle,42969dc451bbd28e8cd3cb77167facb14a589d75dcd5e0813872ce2c2bbe3f66,20260916,0.11.0,85,service,lifetimes,False,12,12,POWER#6,POWER,,8.03131423182964,0,True,LIMIT_H,BASE,retired
lifecycle,42969dc451bbd28e8cd3cb77167facb14a589d75dcd5e0813872ce2c2bbe3f66,20260916,0.11.0,85,service,lifetimes,False,12,12,POWER#7,POWER,,5.0,0,False,,CENTER,stock
lifecycle,42969dc451bbd28e8cd3cb77167facb14a589d75dcd5e0813872ce2c2bbe3f66,20260916,0.11.0,85,service,lifetimes,False,12,12,POWER#8,POWER,,2.5,0,False,,BASE,installed
lifecycle,42969dc451bbd28e8cd3cb77167facb14a589d75dcd5e0813872ce2c2bbe3f66,20260916,0.11.0,85,service,lifetimes,False,12,12,POWER#9,POWER,,0.0,0,False,,BASE,installed
lifecycle,42969dc451bbd28e8cd3cb77167facb14a589d75dcd5e0813872ce2c2bbe3f66,20260916,0.11.0,85,service,lifetimes,False,12,12,POWER#10,POWER,,0.0,0,False,,BASE,installed
lifecycle,42969dc451bbd28e8cd3cb77167facb14a589d75dcd5e0813872ce2c2bbe3f66,20260916,0.11.0,85,service,lifetimes,False,12,12,POWER#11,POWER,,0.0,0,False,,BASE,stock
lifecycle,42969dc451bbd28e8cd3cb77167facb14a589d75dcd5e0813872ce2c2bbe3f66,20260916,0.11.0,85,service,lifetimes,False,12,12,POWER#12,POWER,,0.0,0,False,,REGION,stock
lifecycle,42969dc451bbd28e8cd3cb77167facb14a589d75dcd5e0813872ce2c2bbe3f66,20260916,0.11.0,86,service,lifetimes,False,13,13,POWER#1,POWER,,7.5,0,True,LIMIT_H,BASE,retired
lifecycle,42969dc451bbd28e8cd3cb77167facb14a589d75dcd5e0813872ce2c2bbe3f66,20260916,0.11.0,86,service,lifetimes,False,13,13,POWER#2,POWER,,5.0,0,False,,BASE,installed
lifecycle,42969dc451bbd28e8cd3cb77167facb14a589d75dcd5e0813872ce2c2bbe3f66,20260916,0.11.0,86,service,lifetimes,False,13,13,POWER#3,POWER,,6.716936183000119,1,True,LIMIT_H,BASE,retired
lifecycle,42969dc451bbd28e8cd3cb77167facb14a589d75dcd5e0813872ce2c2bbe3f66,20260916,0.11.0,86,service,lifetimes,False,13,13,POWER#4,POWER,,4.216936183000119,0,False,,BASE,stock
lifecycle,42969dc451bbd28e8cd3cb77167facb14a589d75dcd5e0813872ce2c2bbe3f66,20260916,0.11.0,86,service,lifetimes,False,13,13,POWER#5,POWER,,5.0,0,False,,REGION,stock
lifecycle,42969dc451bbd28e8cd3cb77167facb14a589d75dcd5e0813872ce2c2bbe3f66,20260916,0.11.0,86,service,lifetimes,False,13,13,POWER#6,POWER,,7.5,0,True,LIMIT_H,BASE,retired
lifecycle,42969dc451bbd28e8cd3cb77167facb14a589d75dcd5e0813872ce2c2bbe3f66,20260916,0.11.0,86,service,lifetimes,False,13,13,POWER#7,POWER,,5.0,0,False,,BASE,installed
lifecycle,42969dc451bbd28e8cd3cb77167facb14a589d75dcd5e0813872ce2c2bbe3f66,20260916,0.11.0,86,service,lifetimes,False,13,13,POWER#8,POWER,,2.5,0,False,,BASE,installed
lifecycle,42969dc451bbd28e8cd3cb77167facb14a589d75dcd5e0813872ce2c2bbe3f66,20260916,0.11.0,86,service,lifetimes,False,13,13,POWER#9,POWER,,0.0,0,False,,BASE,installed
lifecycle,42969dc451bbd28e8cd3cb77167facb14a589d75dcd5e0813872ce2c2bbe3f66,20260916,0.11.0,86,service,lifetimes,False,13,13,POWER#10,POWER,,0.0,0,False,,BASE,stock
lifecycle,42969dc451bbd28e8cd3cb77167facb14a589d75dcd5e0813872ce2c2bbe3f66,20260916,0.11.0,86,service,lifetimes,False,13,13,POWER#11,POWER,,0.0,0,False,,REGION,stock
lifecycle,42969dc451bbd28e8cd3cb77167facb14a589d75dcd5e0813872ce2c2bbe3f66,20260916,0.11.0,86,service,lifetimes,False,13,13,POWER#12,POWER,,0.0,0,False,,CENTER,stock
lifecycle,42969dc451bbd28e8cd3cb77167facb14a589d75dcd5e0813872ce2c2bbe3f66,20260916,0.11.0,86,service,lifetimes,False,13,13,POWER#13,POWER,,0.0,0,False,,CENTER,stock
lifecycle,42969dc451bbd28e8cd3cb77167facb14a589d75dcd5e0813872ce2c2bbe3f66,20260916,0.11.0,87,service,lifetimes,False,14,14,POWER#1,POWER,,5.0,0,False,,CENTER,stock
lifecycle,42969dc451bbd28e8cd3cb77167facb14a589d75dcd5e0813872ce2c2bbe3f66,20260916,0.11.0,87,service,lifetimes,False,14,14,POWER#2,POWER,,5.0,0,False,,CENTER,stock
lifecycle,42969dc451bbd28e8cd3cb77167facb14a589d75dcd5e0813872ce2c2bbe3f66,20260916,0.11.0,87,service,lifetimes,False,14,14,POWER#3,POWER,,7.5,0,True,LIMIT_H,BASE,retired
lifecycle,42969dc451bbd28e8cd3cb77167facb14a589d75dcd5e0813872ce2c2bbe3f66,20260916,0.11.0,87,service,lifetimes,False,14,14,POWER#4,POWER,,5.0,0,False,,BASE,stock
lifecycle,42969dc451bbd28e8cd3cb77167facb14a589d75dcd5e0813872ce2c2bbe3f66,20260916,0.11.0,87,service,lifetimes,False,14,14,POWER#5,POWER,,7.5,0,True,LIMIT_H,BASE,retired
lifecycle,42969dc451bbd28e8cd3cb77167facb14a589d75dcd5e0813872ce2c2bbe3f66,20260916,0.11.0,87,service,lifetimes,False,14,14,POWER#6,POWER,,7.5,0,True,LIMIT_H,BASE,retired
lifecycle,42969dc451bbd28e8cd3cb77167facb14a589d75dcd5e0813872ce2c2bbe3f66,20260916,0.11.0,87,service,lifetimes,False,14,14,POWER#7,POWER,,2.5,0,False,,BASE,installed
lifecycle,42969dc451bbd28e8cd3cb77167facb14a589d75dcd5e0813872ce2c2bbe3f66,20260916,0.11.0,87,service,lifetimes,False,14,14,POWER#8,POWER,,2.5,0,False,,BASE,installed
lifecycle,42969dc451bbd28e8cd3cb77167facb14a589d75dcd5e0813872ce2c2bbe3f66,20260916,0.11.0,87,service,lifetimes,False,14,14,POWER#9,POWER,,2.5,0,False,,BASE,installed
lifecycle,42969dc451bbd28e8cd3cb77167facb14a589d75dcd5e0813872ce2c2bbe3f66,20260916,0.11.0,87,service,lifetimes,False,14,14,POWER#10,POWER,,0.0,0,False,,BASE,installed
lifecycle,42969dc451bbd28e8cd3cb77167facb14a589d75dcd5e0813872ce2c2bbe3f66,20260916,0.11.0,87,service,lifetimes,False,14,14,POWER#11,POWER,,0.0,0,False,,BASE,stock
lifecycle,42969dc451bbd28e8cd3cb77167facb14a589d75dcd5e0813872ce2c2bbe3f66,20260916,0.11.0,87,service,lifetimes,False,14,14,POWER#12,POWER,,0.0,0,False,,REGION,stock
lifecycle,42969dc451bbd28e8cd3cb77167facb14a589d75dcd5e0813872ce2c2bbe3f66,20260916,0.11.0,87,service,lifetimes,False,14,14,POWER#13,POWER,,0.0,0,False,,REGION,stock
lifecycle,42969dc451bbd28e8cd3cb77167facb14a589d75dcd5e0813872ce2c2bbe3f66,20260916,0.11.0,87,service,lifetimes,False,14,14,POWER#14,POWER,,0.0,0,False,,CENTER,stock
lifecycle,42969dc451bbd28e8cd3cb77167facb14a589d75dcd5e0813872ce2c2bbe3f66,20260916,0.11.0,88,service,lifetimes,False,13,13,POWER#1,POWER,,5.0,0,False,,REGION,stock
lifecycle,42969dc451bbd28e8cd3cb77167facb14a589d75dcd5e0813872ce2c2bbe3f66,20260916,0.11.0,88,service,lifetimes,False,13,13,POWER#2,POWER,,5.0,0,False,,CENTER,stock
lifecycle,42969dc451bbd28e8cd3cb77167facb14a589d75dcd5e0813872ce2c2bbe3f66,20260916,0.11.0,88,service,lifetimes,False,13,13,POWER#3,POWER,,7.5,0,True,LIMIT_H,BASE,retired
lifecycle,42969dc451bbd28e8cd3cb77167facb14a589d75dcd5e0813872ce2c2bbe3f66,20260916,0.11.0,88,service,lifetimes,False,13,13,POWER#4,POWER,,5.0,0,False,,BASE,installed
lifecycle,42969dc451bbd28e8cd3cb77167facb14a589d75dcd5e0813872ce2c2bbe3f66,20260916,0.11.0,88,service,lifetimes,False,13,13,POWER#5,POWER,,4.0170126626922915,2,True,LIMIT_REPAIRS,BASE,retired
lifecycle,42969dc451bbd28e8cd3cb77167facb14a589d75dcd5e0813872ce2c2bbe3f66,20260916,0.11.0,88,service,lifetimes,False,13,13,POWER#6,POWER,,4.0170126626922915,0,False,,BASE,stock
lifecycle,42969dc451bbd28e8cd3cb77167facb14a589d75dcd5e0813872ce2c2bbe3f66,20260916,0.11.0,88,service,lifetimes,False,13,13,POWER#7,POWER,,5.0,0,False,,REGION,stock
lifecycle,42969dc451bbd28e8cd3cb77167facb14a589d75dcd5e0813872ce2c2bbe3f66,20260916,0.11.0,88,service,lifetimes,False,13,13,POWER#8,POWER,,5.0,0,False,,CENTER,stock
lifecycle,42969dc451bbd28e8cd3cb77167facb14a589d75dcd5e0813872ce2c2bbe3f66,20260916,0.11.0,88,service,lifetimes,False,13,13,POWER#9,POWER,,2.5,0,False,,BASE,installed
lifecycle,42969dc451bbd28e8cd3cb77167facb14a589d75dcd5e0813872ce2c2bbe3f66,20260916,0.11.0,88,service,lifetimes,False,13,13,POWER#10,POWER,,0.0,0,False,,BASE,installed
lifecycle,42969dc451bbd28e8cd3cb77167facb14a589d75dcd5e0813872ce2c2bbe3f66,20260916,0.11.0,88,service,lifetimes,False,13,13,POWER#11,POWER,,0.0,0,False,,BASE,installed
lifecycle,42969dc451bbd28e8cd3cb77167facb14a589d75dcd5e0813872ce2c2bbe3f66,20260916,0.11.0,88,service,lifetimes,False,13,13,POWER#12,POWER,,0.0,0,False,,BASE,stock
lifecycle,42969dc451bbd28e8cd3cb77167facb14a589d75dcd5e0813872ce2c2bbe3f66,20260916,0.11.0,88,service,lifetimes,False,13,13,POWER#13,POWER,,0.0,0,False,,CENTER,stock
lifecycle,42969dc451bbd28e8cd3cb77167facb14a589d75dcd5e0813872ce2c2bbe3f66,20260916,0.11.0,89,service,lifetimes,False,13,13,POWER#1,POWER,,5.0,0,False,,CENTER,stock
lifecycle,42969dc451bbd28e8cd3cb77167facb14a589d75dcd5e0813872ce2c2bbe3f66,20260916,0.11.0,89,service,lifetimes,False,13,13,POWER#2,POWER,,4.989443253308451,0,False,,BASE,installed
lifecycle,42969dc451bbd28e8cd3cb77167facb14a589d75dcd5e0813872ce2c2bbe3f66,20260916,0.11.0,89,service,lifetimes,False,13,13,POWER#3,POWER,,5.0,0,False,,BASE,stock
lifecycle,42969dc451bbd28e8cd3cb77167facb14a589d75dcd5e0813872ce2c2bbe3f66,20260916,0.11.0,89,service,lifetimes,False,13,13,POWER#4,POWER,,7.5,0,True,LIMIT_H,BASE,retired
lifecycle,42969dc451bbd28e8cd3cb77167facb14a589d75dcd5e0813872ce2c2bbe3f66,20260916,0.11.0,89,service,lifetimes,False,13,13,POWER#5,POWER,,7.5,0,True,LIMIT_H,BASE,retired
lifecycle,42969dc451bbd28e8cd3cb77167facb14a589d75dcd5e0813872ce2c2bbe3f66,20260916,0.11.0,89,service,lifetimes,False,13,13,POWER#6,POWER,,7.5,0,True,LIMIT_H,BASE,retired
lifecycle,42969dc451bbd28e8cd3cb77167facb14a589d75dcd5e0813872ce2c2bbe3f66,20260916,0.11.0,89,service,lifetimes,False,13,13,POWER#7,POWER,,2.5,0,False,,BASE,installed
lifecycle,42969dc451bbd28e8cd3cb77167facb14a589d75dcd5e0813872ce2c2bbe3f66,20260916,0.11.0,89,service,lifetimes,False,13,13,POWER#8,POWER,,2.5,0,False,,BASE,installed
lifecycle,42969dc451bbd28e8cd3cb77167facb14a589d75dcd5e0813872ce2c2bbe3f66,20260916,0.11.0,89,service,lifetimes,False,13,13,POWER#9,POWER,,2.489443253308451,1,False,,BASE,installed
lifecycle,42969dc451bbd28e8cd3cb77167facb14a589d75dcd5e0813872ce2c2bbe3f66,20260916,0.11.0,89,service,lifetimes,False,13,13,POWER#10,POWER,,0.0,0,False,,BASE,stock
lifecycle,42969dc451bbd28e8cd3cb77167facb14a589d75dcd5e0813872ce2c2bbe3f66,20260916,0.11.0,89,service,lifetimes,False,13,13,POWER#11,POWER,,0.0,0,False,,REGION,stock
lifecycle,42969dc451bbd28e8cd3cb77167facb14a589d75dcd5e0813872ce2c2bbe3f66,20260916,0.11.0,89,service,lifetimes,False,13,13,POWER#12,POWER,,0.0,0,False,,REGION,stock
lifecycle,42969dc451bbd28e8cd3cb77167facb14a589d75dcd5e0813872ce2c2bbe3f66,20260916,0.11.0,89,service,lifetimes,False,13,13,POWER#13,POWER,,0.0,0,False,,CENTER,stock
lifecycle,42969dc451bbd28e8cd3cb77167facb14a589d75dcd5e0813872ce2c2bbe3f66,20260916,0.11.0,90,service,lifetimes,False,12,12,POWER#1,POWER,,5.148483855861528,0,False,,CENTER,stock
lifecycle,42969dc451bbd28e8cd3cb77167facb14a589d75dcd5e0813872ce2c2bbe3f66,20260916,0.11.0,90,service,lifetimes,False,12,12,POWER#2,POWER,,5.0,0,False,,CENTER,stock
lifecycle,42969dc451bbd28e8cd3cb77167facb14a589d75dcd5e0813872ce2c2bbe3f66,20260916,0.11.0,90,service,lifetimes,False,12,12,POWER#3,POWER,,5.0,0,False,,BASE,installed
lifecycle,42969dc451bbd28e8cd3cb77167facb14a589d75dcd5e0813872ce2c2bbe3f66,20260916,0.11.0,90,service,lifetimes,False,12,12,POWER#4,POWER,,7.5,0,True,LIMIT_H,BASE,retired
lifecycle,42969dc451bbd28e8cd3cb77167facb14a589d75dcd5e0813872ce2c2bbe3f66,20260916,0.11.0,90,service,lifetimes,False,12,12,POWER#5,POWER,,5.0,0,False,,REGION,stock
lifecycle,42969dc451bbd28e8cd3cb77167facb14a589d75dcd5e0813872ce2c2bbe3f66,20260916,0.11.0,90,service,lifetimes,False,12,12,POWER#6,POWER,,5.0,0,False,,BASE,stock
lifecycle,42969dc451bbd28e8cd3cb77167facb14a589d75dcd5e0813872ce2c2bbe3f66,20260916,0.11.0,90,service,lifetimes,False,12,12,POWER#7,POWER,,5.0,0,False,,BASE,installed
lifecycle,42969dc451bbd28e8cd3cb77167facb14a589d75dcd5e0813872ce2c2bbe3f66,20260916,0.11.0,90,service,lifetimes,False,12,12,POWER#8,POWER,,0.148483855861528,1,False,,REGION,stock
lifecycle,42969dc451bbd28e8cd3cb77167facb14a589d75dcd5e0813872ce2c2bbe3f66,20260916,0.11.0,90,service,lifetimes,False,12,12,POWER#9,POWER,,2.5,0,False,,BASE,installed
lifecycle,42969dc451bbd28e8cd3cb77167facb14a589d75dcd5e0813872ce2c2bbe3f66,20260916,0.11.0,90,service,lifetimes,False,12,12,POWER#10,POWER,,0.0,0,False,,BASE,installed
lifecycle,42969dc451bbd28e8cd3cb77167facb14a589d75dcd5e0813872ce2c2bbe3f66,20260916,0.11.0,90,service,lifetimes,False,12,12,POWER#11,POWER,,0.0,0,False,,BASE,stock
lifecycle,42969dc451bbd28e8cd3cb77167facb14a589d75dcd5e0813872ce2c2bbe3f66,20260916,0.11.0,90,service,lifetimes,False,12,12,POWER#12,POWER,,0.0,0,False,,CENTER,stock
lifecycle,42969dc451bbd28e8cd3cb77167facb14a589d75dcd5e0813872ce2c2bbe3f66,20260916,0.11.0,91,service,lifetimes,False,14,14,POWER#1,POWER,,5.0,0,False,,CENTER,stock
lifecycle,42969dc451bbd28e8cd3cb77167facb14a589d75dcd5e0813872ce2c2bbe3f66,20260916,0.11.0,91,service,lifetimes,False,14,14,POWER#2,POWER,,5.0,0,False,,CENTER,stock
lifecycle,42969dc451bbd28e8cd3cb77167facb14a589d75dcd5e0813872ce2c2bbe3f66,20260916,0.11.0,91,service,lifetimes,False,14,14,POWER#3,POWER,,7.417755467997569,1,True,LIMIT_H,BASE,retired
lifecycle,42969dc451bbd28e8cd3cb77167facb14a589d75dcd5e0813872ce2c2bbe3f66,20260916,0.11.0,91,service,lifetimes,False,14,14,POWER#4,POWER,,4.917755467997569,0,False,,BASE,stock
lifecycle,42969dc451bbd28e8cd3cb77167facb14a589d75dcd5e0813872ce2c2bbe3f66,20260916,0.11.0,91,service,lifetimes,False,14,14,POWER#5,POWER,,7.5,0,True,LIMIT_H,BASE,retired
lifecycle,42969dc451bbd28e8cd3cb77167facb14a589d75dcd5e0813872ce2c2bbe3f66,20260916,0.11.0,91,service,lifetimes,False,14,14,POWER#6,POWER,,7.5,0,True,LIMIT_H,BASE,retired
lifecycle,42969dc451bbd28e8cd3cb77167facb14a589d75dcd5e0813872ce2c2bbe3f66,20260916,0.11.0,91,service,lifetimes,False,14,14,POWER#7,POWER,,2.5,0,False,,BASE,installed
lifecycle,42969dc451bbd28e8cd3cb77167facb14a589d75dcd5e0813872ce2c2bbe3f66,20260916,0.11.0,91,service,lifetimes,False,14,14,POWER#8,POWER,,2.5,0,False,,BASE,installed
lifecycle,42969dc451bbd28e8cd3cb77167facb14a589d75dcd5e0813872ce2c2bbe3f66,20260916,0.11.0,91,service,lifetimes,False,14,14,POWER#9,POWER,,2.5,0,False,,BASE,installed
lifecycle,42969dc451bbd28e8cd3cb77167facb14a589d75dcd5e0813872ce2c2bbe3f66,20260916,0.11.0,91,service,lifetimes,False,14,14,POWER#10,POWER,,0.0,0,False,,BASE,installed
lifecycle,42969dc451bbd28e8cd3cb77167facb14a589d75dcd5e0813872ce2c2bbe3f66,20260916,0.11.0,91,service,lifetimes,False,14,14,POWER#11,POWER,,0.0,0,False,,BASE,stock
lifecycle,42969dc451bbd28e8cd3cb77167facb14a589d75dcd5e0813872ce2c2bbe3f66,20260916,0.11.0,91,service,lifetimes,False,14,14,POWER#12,POWER,,0.0,0,False,,REGION,stock
lifecycle,42969dc451bbd28e8cd3cb77167facb14a589d75dcd5e0813872ce2c2bbe3f66,20260916,0.11.0,91,service,lifetimes,False,14,14,POWER#13,POWER,,0.0,0,False,,REGION,stock
lifecycle,42969dc451bbd28e8cd3cb77167facb14a589d75dcd5e0813872ce2c2bbe3f66,20260916,0.11.0,91,service,lifetimes,False,14,14,POWER#14,POWER,,0.0,0,False,,CENTER,stock
lifecycle,42969dc451bbd28e8cd3cb77167facb14a589d75dcd5e0813872ce2c2bbe3f66,20260916,0.11.0,92,service,lifetimes,False,13,13,POWER#1,POWER,,6.65803865855176,0,True,LIMIT_H,BASE,retired
lifecycle,42969dc451bbd28e8cd3cb77167facb14a589d75dcd5e0813872ce2c2bbe3f66,20260916,0.11.0,92,service,lifetimes,False,13,13,POWER#2,POWER,,3.850144429670401,0,False,,CENTER,stock
lifecycle,42969dc451bbd28e8cd3cb77167facb14a589d75dcd5e0813872ce2c2bbe3f66,20260916,0.11.0,92,service,lifetimes,False,13,13,POWER#3,POWER,,5.0,0,False,,BASE,installed
lifecycle,42969dc451bbd28e8cd3cb77167facb14a589d75dcd5e0813872ce2c2bbe3f66,20260916,0.11.0,92,service,lifetimes,False,13,13,POWER#4,POWER,,7.5,0,True,LIMIT_H,BASE,retired
lifecycle,42969dc451bbd28e8cd3cb77167facb14a589d75dcd5e0813872ce2c2bbe3f66,20260916,0.11.0,92,service,lifetimes,False,13,13,POWER#5,POWER,,3.3491300561318056,0,False,,BASE,stock
lifecycle,42969dc451bbd28e8cd3cb77167facb14a589d75dcd5e0813872ce2c2bbe3f66,20260916,0.11.0,92,service,lifetimes,False,13,13,POWER#6,POWER,,5.849130056131806,1,False,,REGION,stock
lifecycle,42969dc451bbd28e8cd3cb77167facb14a589d75dcd5e0813872ce2c2bbe3f66,20260916,0.11.0,92,service,lifetimes,False,13,13,POWER#7,POWER,,4.15803865855176,1,False,,CENTER,stock
lifecycle,42969dc451bbd28e8cd3cb77167facb14a589d75dcd5e0813872ce2c2bbe3f66,20260916,0.11.0,92,service,lifetimes,False,13,13,POWER#8,POWER,,1.3501444296704008,1,False,,BASE,installed
lifecycle,42969dc451bbd28e8cd3cb77167facb14a589d75dcd5e0813872ce2c2bbe3f66,20260916,0.11.0,92,service,lifetimes,False,13,13,POWER#9,POWER,,0.0,0,False,,BASE,installed
lifecycle,42969dc451bbd28e8cd3cb77167facb14a589d75dcd5e0813872ce2c2bbe3f66,20260916,0.11.0,92,service,lifetimes,False,13,13,POWER#10,POWER,,0.0,0,False,,BASE,installed
lifecycle,42969dc451bbd28e8cd3cb77167facb14a589d75dcd5e0813872ce2c2bbe3f66,20260916,0.11.0,92,service,lifetimes,False,13,13,POWER#11,POWER,,0.0,0,False,,BASE,stock
lifecycle,42969dc451bbd28e8cd3cb77167facb14a589d75dcd5e0813872ce2c2bbe3f66,20260916,0.11.0,92,service,lifetimes,False,13,13,POWER#12,POWER,,0.0,0,False,,REGION,stock
lifecycle,42969dc451bbd28e8cd3cb77167facb14a589d75dcd5e0813872ce2c2bbe3f66,20260916,0.11.0,92,service,lifetimes,False,13,13,POWER#13,POWER,,0.0,0,False,,CENTER,stock
lifecycle,42969dc451bbd28e8cd3cb77167facb14a589d75dcd5e0813872ce2c2bbe3f66,20260916,0.11.0,93,service,lifetimes,False,12,12,POWER#1,POWER,,7.5,0,True,LIMIT_H,BASE,retired
lifecycle,42969dc451bbd28e8cd3cb77167facb14a589d75dcd5e0813872ce2c2bbe3f66,20260916,0.11.0,93,service,lifetimes,False,12,12,POWER#2,POWER,,5.0,0,False,,CENTER,stock
lifecycle,42969dc451bbd28e8cd3cb77167facb14a589d75dcd5e0813872ce2c2bbe3f66,20260916,0.11.0,93,service,lifetimes,False,12,12,POWER#3,POWER,,5.0,0,False,,BASE,stock
lifecycle,42969dc451bbd28e8cd3cb77167facb14a589d75dcd5e0813872ce2c2bbe3f66,20260916,0.11.0,93,service,lifetimes,False,12,12,POWER#4,POWER,,5.0,0,False,,BASE,installed
lifecycle,42969dc451bbd28e8cd3cb77167facb14a589d75dcd5e0813872ce2c2bbe3f66,20260916,0.11.0,93,service,lifetimes,False,12,12,POWER#5,POWER,,5.0,0,False,,REGION,stock
lifecycle,42969dc451bbd28e8cd3cb77167facb14a589d75dcd5e0813872ce2c2bbe3f66,20260916,0.11.0,93,service,lifetimes,False,12,12,POWER#6,POWER,,7.5,0,True,LIMIT_H,BASE,retired
lifecycle,42969dc451bbd28e8cd3cb77167facb14a589d75dcd5e0813872ce2c2bbe3f66,20260916,0.11.0,93,service,lifetimes,False,12,12,POWER#7,POWER,,5.0,0,False,,CENTER,stock
lifecycle,42969dc451bbd28e8cd3cb77167facb14a589d75dcd5e0813872ce2c2bbe3f66,20260916,0.11.0,93,service,lifetimes,False,12,12,POWER#8,POWER,,2.5,0,False,,BASE,installed
lifecycle,42969dc451bbd28e8cd3cb77167facb14a589d75dcd5e0813872ce2c2bbe3f66,20260916,0.11.0,93,service,lifetimes,False,12,12,POWER#9,POWER,,2.5,0,False,,BASE,installed
lifecycle,42969dc451bbd28e8cd3cb77167facb14a589d75dcd5e0813872ce2c2bbe3f66,20260916,0.11.0,93,service,lifetimes,False,12,12,POWER#10,POWER,,0.0,0,False,,BASE,installed
lifecycle,42969dc451bbd28e8cd3cb77167facb14a589d75dcd5e0813872ce2c2bbe3f66,20260916,0.11.0,93,service,lifetimes,False,12,12,POWER#11,POWER,,0.0,0,False,,BASE,stock
lifecycle,42969dc451bbd28e8cd3cb77167facb14a589d75dcd5e0813872ce2c2bbe3f66,20260916,0.11.0,93,service,lifetimes,False,12,12,POWER#12,POWER,,0.0,0,False,,REGION,stock
lifecycle,42969dc451bbd28e8cd3cb77167facb14a589d75dcd5e0813872ce2c2bbe3f66,20260916,0.11.0,94,service,lifetimes,False,12,12,POWER#1,POWER,,7.5,0,True,LIMIT_H,BASE,retired
lifecycle,42969dc451bbd28e8cd3cb77167facb14a589d75dcd5e0813872ce2c2bbe3f66,20260916,0.11.0,94,service,lifetimes,False,12,12,POWER#2,POWER,,5.0,0,False,,CENTER,stock
lifecycle,42969dc451bbd28e8cd3cb77167facb14a589d75dcd5e0813872ce2c2bbe3f66,20260916,0.11.0,94,service,lifetimes,False,12,12,POWER#3,POWER,,5.0,0,False,,BASE,stock
lifecycle,42969dc451bbd28e8cd3cb77167facb14a589d75dcd5e0813872ce2c2bbe3f66,20260916,0.11.0,94,service,lifetimes,False,12,12,POWER#4,POWER,,5.0,0,False,,BASE,stock
lifecycle,42969dc451bbd28e8cd3cb77167facb14a589d75dcd5e0813872ce2c2bbe3f66,20260916,0.11.0,94,service,lifetimes,False,12,12,POWER#5,POWER,,5.0,0,False,,CENTER,stock
lifecycle,42969dc451bbd28e8cd3cb77167facb14a589d75dcd5e0813872ce2c2bbe3f66,20260916,0.11.0,94,service,lifetimes,False,12,12,POWER#6,POWER,,7.5,0,True,LIMIT_H,BASE,retired
lifecycle,42969dc451bbd28e8cd3cb77167facb14a589d75dcd5e0813872ce2c2bbe3f66,20260916,0.11.0,94,service,lifetimes,False,12,12,POWER#7,POWER,,5.0,0,False,,BASE,installed
lifecycle,42969dc451bbd28e8cd3cb77167facb14a589d75dcd5e0813872ce2c2bbe3f66,20260916,0.11.0,94,service,lifetimes,False,12,12,POWER#8,POWER,,2.5,0,False,,BASE,installed
lifecycle,42969dc451bbd28e8cd3cb77167facb14a589d75dcd5e0813872ce2c2bbe3f66,20260916,0.11.0,94,service,lifetimes,False,12,12,POWER#9,POWER,,2.5,0,False,,BASE,installed
lifecycle,42969dc451bbd28e8cd3cb77167facb14a589d75dcd5e0813872ce2c2bbe3f66,20260916,0.11.0,94,service,lifetimes,False,12,12,POWER#10,POWER,,0.0,0,False,,BASE,installed
lifecycle,42969dc451bbd28e8cd3cb77167facb14a589d75dcd5e0813872ce2c2bbe3f66,20260916,0.11.0,94,service,lifetimes,False,12,12,POWER#11,POWER,,0.0,0,False,,REGION,stock
lifecycle,42969dc451bbd28e8cd3cb77167facb14a589d75dcd5e0813872ce2c2bbe3f66,20260916,0.11.0,94,service,lifetimes,False,12,12,POWER#12,POWER,,0.0,0,False,,REGION,stock
lifecycle,42969dc451bbd28e8cd3cb77167facb14a589d75dcd5e0813872ce2c2bbe3f66,20260916,0.11.0,95,service,lifetimes,False,12,12,POWER#1,POWER,,5.0,0,False,,CENTER,stock
lifecycle,42969dc451bbd28e8cd3cb77167facb14a589d75dcd5e0813872ce2c2bbe3f66,20260916,0.11.0,95,service,lifetimes,False,12,12,POWER#2,POWER,,5.0,0,False,,CENTER,stock
lifecycle,42969dc451bbd28e8cd3cb77167facb14a589d75dcd5e0813872ce2c2bbe3f66,20260916,0.11.0,95,service,lifetimes,False,12,12,POWER#3,POWER,,7.5,0,True,LIMIT_H,BASE,retired
lifecycle,42969dc451bbd28e8cd3cb77167facb14a589d75dcd5e0813872ce2c2bbe3f66,20260916,0.11.0,95,service,lifetimes,False,12,12,POWER#4,POWER,,5.0,0,False,,BASE,stock
lifecycle,42969dc451bbd28e8cd3cb77167facb14a589d75dcd5e0813872ce2c2bbe3f66,20260916,0.11.0,95,service,lifetimes,False,12,12,POWER#5,POWER,,7.5,0,True,LIMIT_H,BASE,retired
lifecycle,42969dc451bbd28e8cd3cb77167facb14a589d75dcd5e0813872ce2c2bbe3f66,20260916,0.11.0,95,service,lifetimes,False,12,12,POWER#6,POWER,,5.0,0,False,,REGION,stock
lifecycle,42969dc451bbd28e8cd3cb77167facb14a589d75dcd5e0813872ce2c2bbe3f66,20260916,0.11.0,95,service,lifetimes,False,12,12,POWER#7,POWER,,5.0,1,False,,BASE,installed
lifecycle,42969dc451bbd28e8cd3cb77167facb14a589d75dcd5e0813872ce2c2bbe3f66,20260916,0.11.0,95,service,lifetimes,False,12,12,POWER#8,POWER,,2.5,0,False,,BASE,installed
lifecycle,42969dc451bbd28e8cd3cb77167facb14a589d75dcd5e0813872ce2c2bbe3f66,20260916,0.11.0,95,service,lifetimes,False,12,12,POWER#9,POWER,,2.5,0,False,,BASE,installed
lifecycle,42969dc451bbd28e8cd3cb77167facb14a589d75dcd5e0813872ce2c2bbe3f66,20260916,0.11.0,95,service,lifetimes,False,12,12,POWER#10,POWER,,0.0,0,False,,BASE,installed
lifecycle,42969dc451bbd28e8cd3cb77167facb14a589d75dcd5e0813872ce2c2bbe3f66,20260916,0.11.0,95,service,lifetimes,False,12,12,POWER#11,POWER,,0.0,0,False,,BASE,stock
lifecycle,42969dc451bbd28e8cd3cb77167facb14a589d75dcd5e0813872ce2c2bbe3f66,20260916,0.11.0,95,service,lifetimes,False,12,12,POWER#12,POWER,,0.0,0,False,,REGION,stock
lifecycle,42969dc451bbd28e8cd3cb77167facb14a589d75dcd5e0813872ce2c2bbe3f66,20260916,0.11.0,96,service,lifetimes,False,12,12,POWER#1,POWER,,5.0,0,False,,CENTER,stock
lifecycle,42969dc451bbd28e8cd3cb77167facb14a589d75dcd5e0813872ce2c2bbe3f66,20260916,0.11.0,96,service,lifetimes,False,12,12,POWER#2,POWER,,5.0,0,False,,CENTER,stock
lifecycle,42969dc451bbd28e8cd3cb77167facb14a589d75dcd5e0813872ce2c2bbe3f66,20260916,0.11.0,96,service,lifetimes,False,12,12,POWER#3,POWER,,5.0,0,False,,BASE,stock
lifecycle,42969dc451bbd28e8cd3cb77167facb14a589d75dcd5e0813872ce2c2bbe3f66,20260916,0.11.0,96,service,lifetimes,False,12,12,POWER#4,POWER,,5.0,0,False,,BASE,installed
lifecycle,42969dc451bbd28e8cd3cb77167facb14a589d75dcd5e0813872ce2c2bbe3f66,20260916,0.11.0,96,service,lifetimes,False,12,12,POWER#5,POWER,,5.0,0,False,,REGION,stock
lifecycle,42969dc451bbd28e8cd3cb77167facb14a589d75dcd5e0813872ce2c2bbe3f66,20260916,0.11.0,96,service,lifetimes,False,12,12,POWER#6,POWER,,7.5,0,True,LIMIT_H,BASE,retired
lifecycle,42969dc451bbd28e8cd3cb77167facb14a589d75dcd5e0813872ce2c2bbe3f66,20260916,0.11.0,96,service,lifetimes,False,12,12,POWER#7,POWER,,5.0,0,False,,CENTER,stock
lifecycle,42969dc451bbd28e8cd3cb77167facb14a589d75dcd5e0813872ce2c2bbe3f66,20260916,0.11.0,96,service,lifetimes,False,12,12,POWER#8,POWER,,2.5,0,False,,BASE,installed
lifecycle,42969dc451bbd28e8cd3cb77167facb14a589d75dcd5e0813872ce2c2bbe3f66,20260916,0.11.0,96,service,lifetimes,False,12,12,POWER#9,POWER,,2.5,0,False,,BASE,installed
lifecycle,42969dc451bbd28e8cd3cb77167facb14a589d75dcd5e0813872ce2c2bbe3f66,20260916,0.11.0,96,service,lifetimes,False,12,12,POWER#10,POWER,,2.5,0,False,,BASE,installed
lifecycle,42969dc451bbd28e8cd3cb77167facb14a589d75dcd5e0813872ce2c2bbe3f66,20260916,0.11.0,96,service,lifetimes,False,12,12,POWER#11,POWER,,0.0,0,False,,BASE,stock
lifecycle,42969dc451bbd28e8cd3cb77167facb14a589d75dcd5e0813872ce2c2bbe3f66,20260916,0.11.0,96,service,lifetimes,False,12,12,POWER#12,POWER,,0.0,0,False,,REGION,stock
lifecycle,42969dc451bbd28e8cd3cb77167facb14a589d75dcd5e0813872ce2c2bbe3f66,20260916,0.11.0,97,service,lifetimes,False,12,12,POWER#1,POWER,,5.0,0,False,,REGION,stock
lifecycle,42969dc451bbd28e8cd3cb77167facb14a589d75dcd5e0813872ce2c2bbe3f66,20260916,0.11.0,97,service,lifetimes,False,12,12,POWER#2,POWER,,5.0,0,False,,REGION,stock
lifecycle,42969dc451bbd28e8cd3cb77167facb14a589d75dcd5e0813872ce2c2bbe3f66,20260916,0.11.0,97,service,lifetimes,False,12,12,POWER#3,POWER,,5.0,0,False,,BASE,installed
lifecycle,42969dc451bbd28e8cd3cb77167facb14a589d75dcd5e0813872ce2c2bbe3f66,20260916,0.11.0,97,service,lifetimes,False,12,12,POWER#4,POWER,,2.5,1,False,,BASE,installed
lifecycle,42969dc451bbd28e8cd3cb77167facb14a589d75dcd5e0813872ce2c2bbe3f66,20260916,0.11.0,97,service,lifetimes,False,12,12,POWER#5,POWER,,5.0,0,False,,BASE,stock
lifecycle,42969dc451bbd28e8cd3cb77167facb14a589d75dcd5e0813872ce2c2bbe3f66,20260916,0.11.0,97,service,lifetimes,False,12,12,POWER#6,POWER,,7.5,0,True,LIMIT_H,BASE,retired
lifecycle,42969dc451bbd28e8cd3cb77167facb14a589d75dcd5e0813872ce2c2bbe3f66,20260916,0.11.0,97,service,lifetimes,False,12,12,POWER#7,POWER,,5.0,0,False,,CENTER,stock
lifecycle,42969dc451bbd28e8cd3cb77167facb14a589d75dcd5e0813872ce2c2bbe3f66,20260916,0.11.0,97,service,lifetimes,False,12,12,POWER#8,POWER,,5.0,0,False,,CENTER,stock
lifecycle,42969dc451bbd28e8cd3cb77167facb14a589d75dcd5e0813872ce2c2bbe3f66,20260916,0.11.0,97,service,lifetimes,False,12,12,POWER#9,POWER,,2.5,0,False,,BASE,installed
lifecycle,42969dc451bbd28e8cd3cb77167facb14a589d75dcd5e0813872ce2c2bbe3f66,20260916,0.11.0,97,service,lifetimes,False,12,12,POWER#10,POWER,,2.5,0,False,,BASE,installed
lifecycle,42969dc451bbd28e8cd3cb77167facb14a589d75dcd5e0813872ce2c2bbe3f66,20260916,0.11.0,97,service,lifetimes,False,12,12,POWER#11,POWER,,0.0,0,False,,BASE,stock
lifecycle,42969dc451bbd28e8cd3cb77167facb14a589d75dcd5e0813872ce2c2bbe3f66,20260916,0.11.0,97,service,lifetimes,False,12,12,POWER#12,POWER,,0.0,0,False,,CENTER,stock
lifecycle,42969dc451bbd28e8cd3cb77167facb14a589d75dcd5e0813872ce2c2bbe3f66,20260916,0.11.0,98,service,lifetimes,False,13,13,POWER#1,POWER,,5.0,0,False,,REGION,stock
lifecycle,42969dc451bbd28e8cd3cb77167facb14a589d75dcd5e0813872ce2c2bbe3f66,20260916,0.11.0,98,service,lifetimes,False,13,13,POWER#2,POWER,,4.5692442371068225,1,False,,CENTER,stock
lifecycle,42969dc451bbd28e8cd3cb77167facb14a589d75dcd5e0813872ce2c2bbe3f66,20260916,0.11.0,98,service,lifetimes,False,13,13,POWER#3,POWER,,5.0,0,False,,BASE,installed
lifecycle,42969dc451bbd28e8cd3cb77167facb14a589d75dcd5e0813872ce2c2bbe3f66,20260916,0.11.0,98,service,lifetimes,False,13,13,POWER#4,POWER,,7.5,0,True,LIMIT_H,BASE,retired
lifecycle,42969dc451bbd28e8cd3cb77167facb14a589d75dcd5e0813872ce2c2bbe3f66,20260916,0.11.0,98,service,lifetimes,False,13,13,POWER#5,POWER,,7.5,0,True,LIMIT_H,BASE,retired
lifecycle,42969dc451bbd28e8cd3cb77167facb14a589d75dcd5e0813872ce2c2bbe3f66,20260916,0.11.0,98,service,lifetimes,False,13,13,POWER#6,POWER,,5.0,0,False,,BASE,stock
lifecycle,42969dc451bbd28e8cd3cb77167facb14a589d75dcd5e0813872ce2c2bbe3f66,20260916,0.11.0,98,service,lifetimes,False,13,13,POWER#7,POWER,,5.0,0,False,,CENTER,stock
lifecycle,42969dc451bbd28e8cd3cb77167facb14a589d75dcd5e0813872ce2c2bbe3f66,20260916,0.11.0,98,service,lifetimes,False,13,13,POWER#8,POWER,,2.0692442371068225,0,False,,BASE,installed
lifecycle,42969dc451bbd28e8cd3cb77167facb14a589d75dcd5e0813872ce2c2bbe3f66,20260916,0.11.0,98,service,lifetimes,False,13,13,POWER#9,POWER,,2.5,0,False,,BASE,installed
lifecycle,42969dc451bbd28e8cd3cb77167facb14a589d75dcd5e0813872ce2c2bbe3f66,20260916,0.11.0,98,service,lifetimes,False,13,13,POWER#10,POWER,,0.0,0,False,,BASE,installed
lifecycle,42969dc451bbd28e8cd3cb77167facb14a589d75dcd5e0813872ce2c2bbe3f66,20260916,0.11.0,98,service,lifetimes,False,13,13,POWER#11,POWER,,0.0,0,False,,BASE,stock
lifecycle,42969dc451bbd28e8cd3cb77167facb14a589d75dcd5e0813872ce2c2bbe3f66,20260916,0.11.0,98,service,lifetimes,False,13,13,POWER#12,POWER,,0.0,0,False,,REGION,stock
lifecycle,42969dc451bbd28e8cd3cb77167facb14a589d75dcd5e0813872ce2c2bbe3f66,20260916,0.11.0,98,service,lifetimes,False,13,13,POWER#13,POWER,,0.0,0,False,,CENTER,stock
lifecycle,42969dc451bbd28e8cd3cb77167facb14a589d75dcd5e0813872ce2c2bbe3f66,20260916,0.11.0,99,service,lifetimes,False,12,12,POWER#1,POWER,,5.4767943717387055,0,False,,BASE,installed
lifecycle,42969dc451bbd28e8cd3cb77167facb14a589d75dcd5e0813872ce2c2bbe3f66,20260916,0.11.0,99,service,lifetimes,False,12,12,POWER#2,POWER,,5.0,0,False,,CENTER,stock
lifecycle,42969dc451bbd28e8cd3cb77167facb14a589d75dcd5e0813872ce2c2bbe3f66,20260916,0.11.0,99,service,lifetimes,False,12,12,POWER#3,POWER,,5.0,0,False,,BASE,stock
lifecycle,42969dc451bbd28e8cd3cb77167facb14a589d75dcd5e0813872ce2c2bbe3f66,20260916,0.11.0,99,service,lifetimes,False,12,12,POWER#4,POWER,,7.5,0,True,LIMIT_H,BASE,retired
lifecycle,42969dc451bbd28e8cd3cb77167facb14a589d75dcd5e0813872ce2c2bbe3f66,20260916,0.11.0,99,service,lifetimes,False,12,12,POWER#5,POWER,,7.5,0,True,LIMIT_H,BASE,retired
lifecycle,42969dc451bbd28e8cd3cb77167facb14a589d75dcd5e0813872ce2c2bbe3f66,20260916,0.11.0,99,service,lifetimes,False,12,12,POWER#6,POWER,,5.0,0,False,,REGION,stock
lifecycle,42969dc451bbd28e8cd3cb77167facb14a589d75dcd5e0813872ce2c2bbe3f66,20260916,0.11.0,99,service,lifetimes,False,12,12,POWER#7,POWER,,0.47679437173870554,1,False,,CENTER,stock
lifecycle,42969dc451bbd28e8cd3cb77167facb14a589d75dcd5e0813872ce2c2bbe3f66,20260916,0.11.0,99,service,lifetimes,False,12,12,POWER#8,POWER,,2.5,0,False,,BASE,installed
lifecycle,42969dc451bbd28e8cd3cb77167facb14a589d75dcd5e0813872ce2c2bbe3f66,20260916,0.11.0,99,service,lifetimes,False,12,12,POWER#9,POWER,,2.5,0,False,,BASE,installed
lifecycle,42969dc451bbd28e8cd3cb77167facb14a589d75dcd5e0813872ce2c2bbe3f66,20260916,0.11.0,99,service,lifetimes,False,12,12,POWER#10,POWER,,0.0,0,False,,BASE,installed
lifecycle,42969dc451bbd28e8cd3cb77167facb14a589d75dcd5e0813872ce2c2bbe3f66,20260916,0.11.0,99,service,lifetimes,False,12,12,POWER#11,POWER,,0.0,0,False,,BASE,stock
lifecycle,42969dc451bbd28e8cd3cb77167facb14a589d75dcd5e0813872ce2c2bbe3f66,20260916,0.11.0,99,service,lifetimes,False,12,12,POWER#12,POWER,,0.0,0,False,,REGION,stock
lifecycle,42969dc451bbd28e8cd3cb77167facb14a589d75dcd5e0813872ce2c2bbe3f66,20260916,0.11.0,100,service,lifetimes,False,12,12,POWER#1,POWER,,5.0,0,False,,CENTER,stock
lifecycle,42969dc451bbd28e8cd3cb77167facb14a589d75dcd5e0813872ce2c2bbe3f66,20260916,0.11.0,100,service,lifetimes,False,12,12,POWER#2,POWER,,7.5,0,True,LIMIT_H,BASE,retired
lifecycle,42969dc451bbd28e8cd3cb77167facb14a589d75dcd5e0813872ce2c2bbe3f66,20260916,0.11.0,100,service,lifetimes,False,12,12,POWER#3,POWER,,5.0,0,False,,BASE,stock
lifecycle,42969dc451bbd28e8cd3cb77167facb14a589d75dcd5e0813872ce2c2bbe3f66,20260916,0.11.0,100,service,lifetimes,False,12,12,POWER#4,POWER,,5.0,0,False,,BASE,installed
lifecycle,42969dc451bbd28e8cd3cb77167facb14a589d75dcd5e0813872ce2c2bbe3f66,20260916,0.11.0,100,service,lifetimes,False,12,12,POWER#5,POWER,,5.0,0,False,,REGION,stock
lifecycle,42969dc451bbd28e8cd3cb77167facb14a589d75dcd5e0813872ce2c2bbe3f66,20260916,0.11.0,100,service,lifetimes,False,12,12,POWER#6,POWER,,7.5,0,True,LIMIT_H,BASE,retired
lifecycle,42969dc451bbd28e8cd3cb77167facb14a589d75dcd5e0813872ce2c2bbe3f66,20260916,0.11.0,100,service,lifetimes,False,12,12,POWER#7,POWER,,5.0,0,False,,CENTER,stock
lifecycle,42969dc451bbd28e8cd3cb77167facb14a589d75dcd5e0813872ce2c2bbe3f66,20260916,0.11.0,100,service,lifetimes,False,12,12,POWER#8,POWER,,2.5,0,False,,BASE,installed
lifecycle,42969dc451bbd28e8cd3cb77167facb14a589d75dcd5e0813872ce2c2bbe3f66,20260916,0.11.0,100,service,lifetimes,False,12,12,POWER#9,POWER,,2.5,0,False,,BASE,installed
lifecycle,42969dc451bbd28e8cd3cb77167facb14a589d75dcd5e0813872ce2c2bbe3f66,20260916,0.11.0,100,service,lifetimes,False,12,12,POWER#10,POWER,,0.0,0,False,,BASE,installed
lifecycle,42969dc451bbd28e8cd3cb77167facb14a589d75dcd5e0813872ce2c2bbe3f66,20260916,0.11.0,100,service,lifetimes,False,12,12,POWER#11,POWER,,0.0,0,False,,BASE,stock
lifecycle,42969dc451bbd28e8cd3cb77167facb14a589d75dcd5e0813872ce2c2bbe3f66,20260916,0.11.0,100,service,lifetimes,False,12,12,POWER#12,POWER,,0.0,0,False,,REGION,stock
