run_id,model_hash,seed,engine,replication,section,dataset,details_truncated,detail_total,detail_retained,id,sequence,station,iid,created,quantity,sponsor,reason,unallocated,in_transit,received
lifecycle,42969dc451bbd28e8cd3cb77167facb14a589d75dcd5e0813872ce2c2bbe3f66,20260916,0.11.0,1,supply,orders,False,13,13,O1,1,BASE,POWER,0,2,REGION,THRESHOLD/PERIODIC,0,0,2
lifecycle,42969dc451bbd28e8cd3cb77167facb14a589d75dcd5e0813872ce2c2bbe3f66,20260916,0.11.0,1,supply,orders,False,13,13,O2,2,REGION,POWER,0,2,CENTER,THRESHOLD,0,0,2
lifecycle,42969dc451bbd28e8cd3cb77167facb14a589d75dcd5e0813872ce2c2bbe3f66,20260916,0.11.0,1,supply,orders,False,13,13,O3,3,CENTER,POWER,0,4,,PERIODIC,0,0,4
lifecycle,42969dc451bbd28e8cd3cb77167facb14a589d75dcd5e0813872ce2c2bbe3f66,20260916,0.11.0,1,supply,orders,False,13,13,O4,5,BASE,POWER,16.700000000000003,1,REGION,THRESHOLD,0,0,1
lifecycle,42969dc451bbd28e8cd3cb77167facb14a589d75dcd5e0813872ce2c2bbe3f66,20260916,0.11.0,1,supply,orders,False,13,13,O5,6,REGION,POWER,16.700000000000003,1,CENTER,THRESHOLD,0,0,1
lifecycle,42969dc451bbd28e8cd3cb77167facb14a589d75dcd5e0813872ce2c2bbe3f66,20260916,0.11.0,1,supply,orders,False,13,13,O6,8,BASE,POWER,16.800000000000004,1,REGION,THRESHOLD,0,0,1
lifecycle,42969dc451bbd28e8cd3cb77167facb14a589d75dcd5e0813872ce2c2bbe3f66,20260916,0.11.0,1,supply,orders,False,13,13,O7,9,REGION,POWER,16.800000000000004,1,CENTER,THRESHOLD,0,0,1
lifecycle,42969dc451bbd28e8cd3cb77167facb14a589d75dcd5e0813872ce2c2bbe3f66,20260916,0.11.0,1,supply,orders,False,13,13,O8,10,CENTER,POWER,18.0,2,,PERIODIC,0,0,2
lifecycle,42969dc451bbd28e8cd3cb77167facb14a589d75dcd5e0813872ce2c2bbe3f66,20260916,0.11.0,1,supply,orders,False,13,13,O9,13,BASE,POWER,40.6,2,REGION,THRESHOLD,0,0,2
lifecycle,42969dc451bbd28e8cd3cb77167facb14a589d75dcd5e0813872ce2c2bbe3f66,20260916,0.11.0,1,supply,orders,False,13,13,O10,14,REGION,POWER,40.6,2,CENTER,THRESHOLD,0,0,2
lifecycle,42969dc451bbd28e8cd3cb77167facb14a589d75dcd5e0813872ce2c2bbe3f66,20260916,0.11.0,1,supply,orders,False,13,13,O11,17,BASE,POWER,64.6,2,REGION,THRESHOLD,0,0,2
lifecycle,42969dc451bbd28e8cd3cb77167facb14a589d75dcd5e0813872ce2c2bbe3f66,20260916,0.11.0,1,supply,orders,False,13,13,O12,18,REGION,POWER,64.6,2,CENTER,THRESHOLD,0,0,2
lifecycle,42969dc451bbd28e8cd3cb77167facb14a589d75dcd5e0813872ce2c2bbe3f66,20260916,0.11.0,1,supply,orders,False,13,13,O13,19,CENTER,POWER,66.0,2,,PERIODIC,0,0,2
lifecycle,42969dc451bbd28e8cd3cb77167facb14a589d75dcd5e0813872ce2c2bbe3f66,20260916,0.11.0,2,supply,orders,False,15,15,O1,1,BASE,POWER,0,2,REGION,THRESHOLD/PERIODIC,0,0,2
lifecycle,42969dc451bbd28e8cd3cb77167facb14a589d75dcd5e0813872ce2c2bbe3f66,20260916,0.11.0,2,supply,orders,False,15,15,O2,2,REGION,POWER,0,2,CENTER,THRESHOLD,0,0,2
lifecycle,42969dc451bbd28e8cd3cb77167facb14a589d75dcd5e0813872ce2c2bbe3f66,20260916,0.11.0,2,supply,orders,False,15,15,O3,3,CENTER,POWER,0,4,,PERIODIC,0,0,4
lifecycle,42969dc451bbd28e8cd3cb77167facb14a589d75dcd5e0813872ce2c2bbe3f66,20260916,0.11.0,2,supply,orders,False,15,15,O4,5,BASE,POWER,16.700000000000003,1,REGION,THRESHOLD,0,0,1
lifecycle,42969dc451bbd28e8cd3cb77167facb14a589d75dcd5e0813872ce2c2bbe3f66,20260916,0.11.0,2,supply,orders,False,15,15,O5,6,REGION,POWER,16.700000000000003,1,CENTER,THRESHOLD,0,0,1
lifecycle,42969dc451bbd28e8cd3cb77167facb14a589d75dcd5e0813872ce2c2bbe3f66,20260916,0.11.0,2,supply,orders,False,15,15,O6,7,CENTER,POWER,18.0,1,,PERIODIC,0,0,1
lifecycle,42969dc451bbd28e8cd3cb77167facb14a589d75dcd5e0813872ce2c2bbe3f66,20260916,0.11.0,2,supply,orders,False,15,15,O7,9,BASE,POWER,32.800000000000004,1,REGION,THRESHOLD,0,0,1
lifecycle,42969dc451bbd28e8cd3cb77167facb14a589d75dcd5e0813872ce2c2bbe3f66,20260916,0.11.0,2,supply,orders,False,15,15,O8,10,REGION,POWER,32.800000000000004,1,CENTER,THRESHOLD,0,0,1
lifecycle,42969dc451bbd28e8cd3cb77167facb14a589d75dcd5e0813872ce2c2bbe3f66,20260916,0.11.0,2,supply,orders,False,15,15,O9,12,BASE,POWER,36.6,1,REGION,THRESHOLD,0,0,1
lifecycle,42969dc451bbd28e8cd3cb77167facb14a589d75dcd5e0813872ce2c2bbe3f66,20260916,0.11.0,2,supply,orders,False,15,15,O10,13,REGION,POWER,36.6,1,CENTER,THRESHOLD,0,0,1
lifecycle,42969dc451bbd28e8cd3cb77167facb14a589d75dcd5e0813872ce2c2bbe3f66,20260916,0.11.0,2,supply,orders,False,15,15,O11,15,BASE,POWER,40.6,1,REGION,THRESHOLD,0,0,1
lifecycle,42969dc451bbd28e8cd3cb77167facb14a589d75dcd5e0813872ce2c2bbe3f66,20260916,0.11.0,2,supply,orders,False,15,15,O12,16,REGION,POWER,40.6,1,CENTER,THRESHOLD,0,0,1
lifecycle,42969dc451bbd28e8cd3cb77167facb14a589d75dcd5e0813872ce2c2bbe3f66,20260916,0.11.0,2,supply,orders,False,15,15,O13,17,CENTER,POWER,42.0,1,,PERIODIC,0,0,1
lifecycle,42969dc451bbd28e8cd3cb77167facb14a589d75dcd5e0813872ce2c2bbe3f66,20260916,0.11.0,2,supply,orders,False,15,15,O14,19,BASE,POWER,56.7,1,REGION,THRESHOLD,0,0,1
lifecycle,42969dc451bbd28e8cd3cb77167facb14a589d75dcd5e0813872ce2c2bbe3f66,20260916,0.11.0,2,supply,orders,False,15,15,O15,20,REGION,POWER,56.7,1,CENTER,THRESHOLD,0,0,1
lifecycle,42969dc451bbd28e8cd3cb77167facb14a589d75dcd5e0813872ce2c2bbe3f66,20260916,0.11.0,3,supply,orders,False,14,14,O1,1,BASE,POWER,0,2,REGION,THRESHOLD/PERIODIC,0,0,2
lifecycle,42969dc451bbd28e8cd3cb77167facb14a589d75dcd5e0813872ce2c2bbe3f66,20260916,0.11.0,3,supply,orders,False,14,14,O2,2,REGION,POWER,0,2,CENTER,THRESHOLD,0,0,2
lifecycle,42969dc451bbd28e8cd3cb77167facb14a589d75dcd5e0813872ce2c2bbe3f66,20260916,0.11.0,3,supply,orders,False,14,14,O3,3,CENTER,POWER,0,4,,PERIODIC,0,0,4
lifecycle,42969dc451bbd28e8cd3cb77167facb14a589d75dcd5e0813872ce2c2bbe3f66,20260916,0.11.0,3,supply,orders,False,14,14,O4,5,BASE,POWER,16.800000000000004,1,REGION,THRESHOLD,0,0,1
lifecycle,42969dc451bbd28e8cd3cb77167facb14a589d75dcd5e0813872ce2c2bbe3f66,20260916,0.11.0,3,supply,orders,False,14,14,O5,6,REGION,POWER,16.800000000000004,1,CENTER,THRESHOLD,0,0,1
lifecycle,42969dc451bbd28e8cd3cb77167facb14a589d75dcd5e0813872ce2c2bbe3f66,20260916,0.11.0,3,supply,orders,False,14,14,O6,7,CENTER,POWER,18.0,1,,PERIODIC,0,0,1
lifecycle,42969dc451bbd28e8cd3cb77167facb14a589d75dcd5e0813872ce2c2bbe3f66,20260916,0.11.0,3,supply,orders,False,14,14,O7,9,BASE,POWER,36.6,1,REGION,THRESHOLD,0,0,1
lifecycle,42969dc451bbd28e8cd3cb77167facb14a589d75dcd5e0813872ce2c2bbe3f66,20260916,0.11.0,3,supply,orders,False,14,14,O8,10,REGION,POWER,36.6,1,CENTER,THRESHOLD,0,0,1
lifecycle,42969dc451bbd28e8cd3cb77167facb14a589d75dcd5e0813872ce2c2bbe3f66,20260916,0.11.0,3,supply,orders,False,14,14,O9,13,BASE,POWER,40.6,2,REGION,THRESHOLD,0,0,2
lifecycle,42969dc451bbd28e8cd3cb77167facb14a589d75dcd5e0813872ce2c2bbe3f66,20260916,0.11.0,3,supply,orders,False,14,14,O10,14,REGION,POWER,40.6,2,CENTER,THRESHOLD,0,0,2
lifecycle,42969dc451bbd28e8cd3cb77167facb14a589d75dcd5e0813872ce2c2bbe3f66,20260916,0.11.0,3,supply,orders,False,14,14,O11,15,CENTER,POWER,42.0,2,,PERIODIC,0,0,2
lifecycle,42969dc451bbd28e8cd3cb77167facb14a589d75dcd5e0813872ce2c2bbe3f66,20260916,0.11.0,3,supply,orders,False,14,14,O12,17,BASE,POWER,64.6,1,REGION,THRESHOLD,0,0,1
lifecycle,42969dc451bbd28e8cd3cb77167facb14a589d75dcd5e0813872ce2c2bbe3f66,20260916,0.11.0,3,supply,orders,False,14,14,O13,18,REGION,POWER,64.6,1,CENTER,THRESHOLD,0,0,1
lifecycle,42969dc451bbd28e8cd3cb77167facb14a589d75dcd5e0813872ce2c2bbe3f66,20260916,0.11.0,3,supply,orders,False,14,14,O14,19,CENTER,POWER,66.0,1,,PERIODIC,0,0,1
lifecycle,42969dc451bbd28e8cd3cb77167facb14a589d75dcd5e0813872ce2c2bbe3f66,20260916,0.11.0,4,supply,orders,False,18,18,O1,1,BASE,POWER,0,2,REGION,THRESHOLD/PERIODIC,0,0,2
lifecycle,42969dc451bbd28e8cd3cb77167facb14a589d75dcd5e0813872ce2c2bbe3f66,20260916,0.11.0,4,supply,orders,False,18,18,O2,2,REGION,POWER,0,2,CENTER,THRESHOLD,0,0,2
lifecycle,42969dc451bbd28e8cd3cb77167facb14a589d75dcd5e0813872ce2c2bbe3f66,20260916,0.11.0,4,supply,orders,False,18,18,O3,3,CENTER,POWER,0,4,,PERIODIC,0,0,4
lifecycle,42969dc451bbd28e8cd3cb77167facb14a589d75dcd5e0813872ce2c2bbe3f66,20260916,0.11.0,4,supply,orders,False,18,18,O4,5,BASE,POWER,16.700000000000003,1,REGION,THRESHOLD,0,0,1
lifecycle,42969dc451bbd28e8cd3cb77167facb14a589d75dcd5e0813872ce2c2bbe3f66,20260916,0.11.0,4,supply,orders,False,18,18,O5,6,REGION,POWER,16.700000000000003,1,CENTER,THRESHOLD,0,0,1
lifecycle,42969dc451bbd28e8cd3cb77167facb14a589d75dcd5e0813872ce2c2bbe3f66,20260916,0.11.0,4,supply,orders,False,18,18,O6,8,BASE,POWER,16.800000000000004,1,REGION,THRESHOLD,0,0,1
lifecycle,42969dc451bbd28e8cd3cb77167facb14a589d75dcd5e0813872ce2c2bbe3f66,20260916,0.11.0,4,supply,orders,False,18,18,O7,9,REGION,POWER,16.800000000000004,1,CENTER,THRESHOLD,0,0,1
lifecycle,42969dc451bbd28e8cd3cb77167facb14a589d75dcd5e0813872ce2c2bbe3f66,20260916,0.11.0,4,supply,orders,False,18,18,O8,10,CENTER,POWER,18.0,2,,PERIODIC,0,0,2
lifecycle,42969dc451bbd28e8cd3cb77167facb14a589d75dcd5e0813872ce2c2bbe3f66,20260916,0.11.0,4,supply,orders,False,18,18,O9,12,BASE,POWER,32.800000000000004,1,REGION,THRESHOLD,0,0,1
lifecycle,42969dc451bbd28e8cd3cb77167facb14a589d75dcd5e0813872ce2c2bbe3f66,20260916,0.11.0,4,supply,orders,False,18,18,O10,13,REGION,POWER,32.800000000000004,1,CENTER,THRESHOLD,0,0,1
lifecycle,42969dc451bbd28e8cd3cb77167facb14a589d75dcd5e0813872ce2c2bbe3f66,20260916,0.11.0,4,supply,orders,False,18,18,O11,15,BASE,POWER,40.6,1,REGION,THRESHOLD,0,0,1
lifecycle,42969dc451bbd28e8cd3cb77167facb14a589d75dcd5e0813872ce2c2bbe3f66,20260916,0.11.0,4,supply,orders,False,18,18,O12,16,REGION,POWER,40.6,1,CENTER,THRESHOLD,0,0,1
lifecycle,42969dc451bbd28e8cd3cb77167facb14a589d75dcd5e0813872ce2c2bbe3f66,20260916,0.11.0,4,supply,orders,False,18,18,O13,18,BASE,POWER,56.7,1,REGION,THRESHOLD,0,0,1
lifecycle,42969dc451bbd28e8cd3cb77167facb14a589d75dcd5e0813872ce2c2bbe3f66,20260916,0.11.0,4,supply,orders,False,18,18,O14,19,REGION,POWER,56.7,1,CENTER,THRESHOLD,0,0,1
lifecycle,42969dc451bbd28e8cd3cb77167facb14a589d75dcd5e0813872ce2c2bbe3f66,20260916,0.11.0,4,supply,orders,False,18,18,O15,21,BASE,POWER,56.800000000000004,1,REGION,THRESHOLD,0,0,1
lifecycle,42969dc451bbd28e8cd3cb77167facb14a589d75dcd5e0813872ce2c2bbe3f66,20260916,0.11.0,4,supply,orders,False,18,18,O16,22,REGION,POWER,56.800000000000004,1,CENTER,THRESHOLD,0,0,1
lifecycle,42969dc451bbd28e8cd3cb77167facb14a589d75dcd5e0813872ce2c2bbe3f66,20260916,0.11.0,4,supply,orders,False,18,18,O17,24,BASE,POWER,60.7,1,REGION,THRESHOLD,0,0,1
lifecycle,42969dc451bbd28e8cd3cb77167facb14a589d75dcd5e0813872ce2c2bbe3f66,20260916,0.11.0,4,supply,orders,False,18,18,O18,25,REGION,POWER,60.7,1,CENTER,THRESHOLD,0,0,1
lifecycle,42969dc451bbd28e8cd3cb77167facb14a589d75dcd5e0813872ce2c2bbe3f66,20260916,0.11.0,5,supply,orders,False,14,14,O1,1,BASE,POWER,0,2,REGION,THRESHOLD/PERIODIC,0,0,2
lifecycle,42969dc451bbd28e8cd3cb77167facb14a589d75dcd5e0813872ce2c2bbe3f66,20260916,0.11.0,5,supply,orders,False,14,14,O2,2,REGION,POWER,0,2,CENTER,THRESHOLD,0,0,2
lifecycle,42969dc451bbd28e8cd3cb77167facb14a589d75dcd5e0813872ce2c2bbe3f66,20260916,0.11.0,5,supply,orders,False,14,14,O3,3,CENTER,POWER,0,4,,PERIODIC,0,0,4
lifecycle,42969dc451bbd28e8cd3cb77167facb14a589d75dcd5e0813872ce2c2bbe3f66,20260916,0.11.0,5,supply,orders,False,14,14,O4,5,BASE,POWER,32.7,1,REGION,THRESHOLD,0,0,1
lifecycle,42969dc451bbd28e8cd3cb77167facb14a589d75dcd5e0813872ce2c2bbe3f66,20260916,0.11.0,5,supply,orders,False,14,14,O5,6,REGION,POWER,32.7,1,CENTER,THRESHOLD,0,0,1
lifecycle,42969dc451bbd28e8cd3cb77167facb14a589d75dcd5e0813872ce2c2bbe3f66,20260916,0.11.0,5,supply,orders,False,14,14,O6,8,BASE,POWER,32.800000000000004,1,REGION,THRESHOLD,0,0,1
lifecycle,42969dc451bbd28e8cd3cb77167facb14a589d75dcd5e0813872ce2c2bbe3f66,20260916,0.11.0,5,supply,orders,False,14,14,O7,9,REGION,POWER,32.800000000000004,1,CENTER,THRESHOLD,0,0,1
lifecycle,42969dc451bbd28e8cd3cb77167facb14a589d75dcd5e0813872ce2c2bbe3f66,20260916,0.11.0,5,supply,orders,False,14,14,O8,11,BASE,POWER,36.800000000000004,1,REGION,THRESHOLD,0,0,1
lifecycle,42969dc451bbd28e8cd3cb77167facb14a589d75dcd5e0813872ce2c2bbe3f66,20260916,0.11.0,5,supply,orders,False,14,14,O9,12,REGION,POWER,36.800000000000004,1,CENTER,THRESHOLD,0,0,1
lifecycle,42969dc451bbd28e8cd3cb77167facb14a589d75dcd5e0813872ce2c2bbe3f66,20260916,0.11.0,5,supply,orders,False,14,14,O10,14,BASE,POWER,56.6,1,REGION,THRESHOLD,0,0,1
lifecycle,42969dc451bbd28e8cd3cb77167facb14a589d75dcd5e0813872ce2c2bbe3f66,20260916,0.11.0,5,supply,orders,False,14,14,O11,15,REGION,POWER,56.6,1,CENTER,THRESHOLD,0,0,1
lifecycle,42969dc451bbd28e8cd3cb77167facb14a589d75dcd5e0813872ce2c2bbe3f66,20260916,0.11.0,5,supply,orders,False,14,14,O12,16,CENTER,POWER,60.0,1,,PERIODIC,0,0,1
lifecycle,42969dc451bbd28e8cd3cb77167facb14a589d75dcd5e0813872ce2c2bbe3f66,20260916,0.11.0,5,supply,orders,False,14,14,O13,18,BASE,POWER,60.800000000000004,1,REGION,THRESHOLD,0,0,1
lifecycle,42969dc451bbd28e8cd3cb77167facb14a589d75dcd5e0813872ce2c2bbe3f66,20260916,0.11.0,5,supply,orders,False,14,14,O14,19,REGION,POWER,60.800000000000004,1,CENTER,THRESHOLD,0,0,1
lifecycle,42969dc451bbd28e8cd3cb77167facb14a589d75dcd5e0813872ce2c2bbe3f66,20260916,0.11.0,6,supply,orders,False,19,19,O1,1,BASE,POWER,0,2,REGION,THRESHOLD/PERIODIC,0,0,2
lifecycle,42969dc451bbd28e8cd3cb77167facb14a589d75dcd5e0813872ce2c2bbe3f66,20260916,0.11.0,6,supply,orders,False,19,19,O2,2,REGION,POWER,0,2,CENTER,THRESHOLD,0,0,2
lifecycle,42969dc451bbd28e8cd3cb77167facb14a589d75dcd5e0813872ce2c2bbe3f66,20260916,0.11.0,6,supply,orders,False,19,19,O3,3,CENTER,POWER,0,4,,PERIODIC,0,0,4
lifecycle,42969dc451bbd28e8cd3cb77167facb14a589d75dcd5e0813872ce2c2bbe3f66,20260916,0.11.0,6,supply,orders,False,19,19,O4,5,BASE,POWER,15.785639491293086,1,REGION,THRESHOLD,0,0,1
lifecycle,42969dc451bbd28e8cd3cb77167facb14a589d75dcd5e0813872ce2c2bbe3f66,20260916,0.11.0,6,supply,orders,False,19,19,O5,6,REGION,POWER,15.785639491293086,1,CENTER,THRESHOLD,0,0,1
lifecycle,42969dc451bbd28e8cd3cb77167facb14a589d75dcd5e0813872ce2c2bbe3f66,20260916,0.11.0,6,supply,orders,False,19,19,O6,8,BASE,POWER,32.7,1,REGION,THRESHOLD,0,0,1
lifecycle,42969dc451bbd28e8cd3cb77167facb14a589d75dcd5e0813872ce2c2bbe3f66,20260916,0.11.0,6,supply,orders,False,19,19,O7,9,REGION,POWER,32.7,1,CENTER,THRESHOLD,0,0,1
lifecycle,42969dc451bbd28e8cd3cb77167facb14a589d75dcd5e0813872ce2c2bbe3f66,20260916,0.11.0,6,supply,orders,False,19,19,O8,11,BASE,POWER,32.800000000000004,1,REGION,THRESHOLD,0,0,1
lifecycle,42969dc451bbd28e8cd3cb77167facb14a589d75dcd5e0813872ce2c2bbe3f66,20260916,0.11.0,6,supply,orders,False,19,19,O9,12,REGION,POWER,32.800000000000004,1,CENTER,THRESHOLD,0,0,1
lifecycle,42969dc451bbd28e8cd3cb77167facb14a589d75dcd5e0813872ce2c2bbe3f66,20260916,0.11.0,6,supply,orders,False,19,19,O10,14,BASE,POWER,36.6,1,REGION,THRESHOLD,0,0,1
lifecycle,42969dc451bbd28e8cd3cb77167facb14a589d75dcd5e0813872ce2c2bbe3f66,20260916,0.11.0,6,supply,orders,False,19,19,O11,15,REGION,POWER,36.6,1,CENTER,THRESHOLD,0,0,1
lifecycle,42969dc451bbd28e8cd3cb77167facb14a589d75dcd5e0813872ce2c2bbe3f66,20260916,0.11.0,6,supply,orders,False,19,19,O12,16,CENTER,POWER,42.0,1,,PERIODIC,0,0,1
lifecycle,42969dc451bbd28e8cd3cb77167facb14a589d75dcd5e0813872ce2c2bbe3f66,20260916,0.11.0,6,supply,orders,False,19,19,O13,18,BASE,POWER,56.7,1,REGION,THRESHOLD,0,0,1
lifecycle,42969dc451bbd28e8cd3cb77167facb14a589d75dcd5e0813872ce2c2bbe3f66,20260916,0.11.0,6,supply,orders,False,19,19,O14,19,REGION,POWER,56.7,1,CENTER,THRESHOLD,0,0,1
lifecycle,42969dc451bbd28e8cd3cb77167facb14a589d75dcd5e0813872ce2c2bbe3f66,20260916,0.11.0,6,supply,orders,False,19,19,O15,21,BASE,POWER,60.7,1,REGION,THRESHOLD,0,0,1
lifecycle,42969dc451bbd28e8cd3cb77167facb14a589d75dcd5e0813872ce2c2bbe3f66,20260916,0.11.0,6,supply,orders,False,19,19,O16,22,REGION,POWER,60.7,1,CENTER,THRESHOLD,0,0,1
lifecycle,42969dc451bbd28e8cd3cb77167facb14a589d75dcd5e0813872ce2c2bbe3f66,20260916,0.11.0,6,supply,orders,False,19,19,O17,24,BASE,POWER,64.69999999999999,1,REGION,THRESHOLD,0,0,1
lifecycle,42969dc451bbd28e8cd3cb77167facb14a589d75dcd5e0813872ce2c2bbe3f66,20260916,0.11.0,6,supply,orders,False,19,19,O18,25,REGION,POWER,64.69999999999999,1,CENTER,THRESHOLD,0,0,1
lifecycle,42969dc451bbd28e8cd3cb77167facb14a589d75dcd5e0813872ce2c2bbe3f66,20260916,0.11.0,6,supply,orders,False,19,19,O19,26,CENTER,POWER,66.0,1,,PERIODIC,0,0,1
lifecycle,42969dc451bbd28e8cd3cb77167facb14a589d75dcd5e0813872ce2c2bbe3f66,20260916,0.11.0,7,supply,orders,False,14,14,O1,1,BASE,POWER,0,2,REGION,THRESHOLD/PERIODIC,0,0,2
lifecycle,42969dc451bbd28e8cd3cb77167facb14a589d75dcd5e0813872ce2c2bbe3f66,20260916,0.11.0,7,supply,orders,False,14,14,O2,2,REGION,POWER,0,2,CENTER,THRESHOLD,0,0,2
lifecycle,42969dc451bbd28e8cd3cb77167facb14a589d75dcd5e0813872ce2c2bbe3f66,20260916,0.11.0,7,supply,orders,False,14,14,O3,3,CENTER,POWER,0,4,,PERIODIC,0,0,4
lifecycle,42969dc451bbd28e8cd3cb77167facb14a589d75dcd5e0813872ce2c2bbe3f66,20260916,0.11.0,7,supply,orders,False,14,14,O4,5,BASE,POWER,16.700000000000003,1,REGION,THRESHOLD,0,0,1
lifecycle,42969dc451bbd28e8cd3cb77167facb14a589d75dcd5e0813872ce2c2bbe3f66,20260916,0.11.0,7,supply,orders,False,14,14,O5,6,REGION,POWER,16.700000000000003,1,CENTER,THRESHOLD,0,0,1
lifecycle,42969dc451bbd28e8cd3cb77167facb14a589d75dcd5e0813872ce2c2bbe3f66,20260916,0.11.0,7,supply,orders,False,14,14,O6,8,BASE,POWER,16.800000000000004,1,REGION,THRESHOLD,0,0,1
lifecycle,42969dc451bbd28e8cd3cb77167facb14a589d75dcd5e0813872ce2c2bbe3f66,20260916,0.11.0,7,supply,orders,False,14,14,O7,9,REGION,POWER,16.800000000000004,1,CENTER,THRESHOLD,0,0,1
lifecycle,42969dc451bbd28e8cd3cb77167facb14a589d75dcd5e0813872ce2c2bbe3f66,20260916,0.11.0,7,supply,orders,False,14,14,O8,10,CENTER,POWER,18.0,2,,PERIODIC,0,0,2
lifecycle,42969dc451bbd28e8cd3cb77167facb14a589d75dcd5e0813872ce2c2bbe3f66,20260916,0.11.0,7,supply,orders,False,14,14,O9,12,BASE,POWER,32.7,1,REGION,THRESHOLD,0,0,1
lifecycle,42969dc451bbd28e8cd3cb77167facb14a589d75dcd5e0813872ce2c2bbe3f66,20260916,0.11.0,7,supply,orders,False,14,14,O10,13,REGION,POWER,32.7,1,CENTER,THRESHOLD,0,0,1
lifecycle,42969dc451bbd28e8cd3cb77167facb14a589d75dcd5e0813872ce2c2bbe3f66,20260916,0.11.0,7,supply,orders,False,14,14,O11,15,BASE,POWER,40.6,1,REGION,THRESHOLD,0,0,1
lifecycle,42969dc451bbd28e8cd3cb77167facb14a589d75dcd5e0813872ce2c2bbe3f66,20260916,0.11.0,7,supply,orders,False,14,14,O12,16,REGION,POWER,40.6,1,CENTER,THRESHOLD,0,0,1
lifecycle,42969dc451bbd28e8cd3cb77167facb14a589d75dcd5e0813872ce2c2bbe3f66,20260916,0.11.0,7,supply,orders,False,14,14,O13,18,BASE,POWER,64.76441104630572,1,REGION,THRESHOLD,0,0,1
lifecycle,42969dc451bbd28e8cd3cb77167facb14a589d75dcd5e0813872ce2c2bbe3f66,20260916,0.11.0,7,supply,orders,False,14,14,O14,19,REGION,POWER,64.76441104630572,1,CENTER,THRESHOLD,0,0,1
lifecycle,42969dc451bbd28e8cd3cb77167facb14a589d75dcd5e0813872ce2c2bbe3f66,20260916,0.11.0,8,supply,orders,False,15,15,O1,1,BASE,POWER,0,2,REGION,THRESHOLD/PERIODIC,0,0,2
lifecycle,42969dc451bbd28e8cd3cb77167facb14a589d75dcd5e0813872ce2c2bbe3f66,20260916,0.11.0,8,supply,orders,False,15,15,O2,2,REGION,POWER,0,2,CENTER,THRESHOLD,0,0,2
lifecycle,42969dc451bbd28e8cd3cb77167facb14a589d75dcd5e0813872ce2c2bbe3f66,20260916,0.11.0,8,supply,orders,False,15,15,O3,3,CENTER,POWER,0,4,,PERIODIC,0,0,4
lifecycle,42969dc451bbd28e8cd3cb77167facb14a589d75dcd5e0813872ce2c2bbe3f66,20260916,0.11.0,8,supply,orders,False,15,15,O4,5,BASE,POWER,16.700000000000003,1,REGION,THRESHOLD,0,0,1
lifecycle,42969dc451bbd28e8cd3cb77167facb14a589d75dcd5e0813872ce2c2bbe3f66,20260916,0.11.0,8,supply,orders,False,15,15,O5,6,REGION,POWER,16.700000000000003,1,CENTER,THRESHOLD,0,0,1
lifecycle,42969dc451bbd28e8cd3cb77167facb14a589d75dcd5e0813872ce2c2bbe3f66,20260916,0.11.0,8,supply,orders,False,15,15,O6,8,BASE,POWER,16.800000000000004,1,REGION,THRESHOLD,0,0,1
lifecycle,42969dc451bbd28e8cd3cb77167facb14a589d75dcd5e0813872ce2c2bbe3f66,20260916,0.11.0,8,supply,orders,False,15,15,O7,9,REGION,POWER,16.800000000000004,1,CENTER,THRESHOLD,0,0,1
lifecycle,42969dc451bbd28e8cd3cb77167facb14a589d75dcd5e0813872ce2c2bbe3f66,20260916,0.11.0,8,supply,orders,False,15,15,O8,10,CENTER,POWER,18.0,2,,PERIODIC,0,0,2
lifecycle,42969dc451bbd28e8cd3cb77167facb14a589d75dcd5e0813872ce2c2bbe3f66,20260916,0.11.0,8,supply,orders,False,15,15,O9,12,BASE,POWER,32.7,1,REGION,THRESHOLD,0,0,1
lifecycle,42969dc451bbd28e8cd3cb77167facb14a589d75dcd5e0813872ce2c2bbe3f66,20260916,0.11.0,8,supply,orders,False,15,15,O10,13,REGION,POWER,32.7,1,CENTER,THRESHOLD,0,0,1
lifecycle,42969dc451bbd28e8cd3cb77167facb14a589d75dcd5e0813872ce2c2bbe3f66,20260916,0.11.0,8,supply,orders,False,15,15,O11,15,BASE,POWER,40.6,1,REGION,THRESHOLD,0,0,1
lifecycle,42969dc451bbd28e8cd3cb77167facb14a589d75dcd5e0813872ce2c2bbe3f66,20260916,0.11.0,8,supply,orders,False,15,15,O12,16,REGION,POWER,40.6,1,CENTER,THRESHOLD,0,0,1
lifecycle,42969dc451bbd28e8cd3cb77167facb14a589d75dcd5e0813872ce2c2bbe3f66,20260916,0.11.0,8,supply,orders,False,15,15,O13,19,BASE,POWER,64.6,2,REGION,THRESHOLD,0,0,2
lifecycle,42969dc451bbd28e8cd3cb77167facb14a589d75dcd5e0813872ce2c2bbe3f66,20260916,0.11.0,8,supply,orders,False,15,15,O14,20,REGION,POWER,64.6,2,CENTER,THRESHOLD,0,0,2
lifecycle,42969dc451bbd28e8cd3cb77167facb14a589d75dcd5e0813872ce2c2bbe3f66,20260916,0.11.0,8,supply,orders,False,15,15,O15,21,CENTER,POWER,66.0,1,,PERIODIC,0,0,1
lifecycle,42969dc451bbd28e8cd3cb77167facb14a589d75dcd5e0813872ce2c2bbe3f66,20260916,0.11.0,9,supply,orders,False,16,16,O1,1,BASE,POWER,0,2,REGION,THRESHOLD/PERIODIC,0,0,2
lifecycle,42969dc451bbd28e8cd3cb77167facb14a589d75dcd5e0813872ce2c2bbe3f66,20260916,0.11.0,9,supply,orders,False,16,16,O2,2,REGION,POWER,0,2,CENTER,THRESHOLD,0,0,2
lifecycle,42969dc451bbd28e8cd3cb77167facb14a589d75dcd5e0813872ce2c2bbe3f66,20260916,0.11.0,9,supply,orders,False,16,16,O3,3,CENTER,POWER,0,4,,PERIODIC,0,0,4
lifecycle,42969dc451bbd28e8cd3cb77167facb14a589d75dcd5e0813872ce2c2bbe3f66,20260916,0.11.0,9,supply,orders,False,16,16,O4,5,BASE,POWER,16.700000000000003,1,REGION,THRESHOLD,0,0,1
lifecycle,42969dc451bbd28e8cd3cb77167facb14a589d75dcd5e0813872ce2c2bbe3f66,20260916,0.11.0,9,supply,orders,False,16,16,O5,6,REGION,POWER,16.700000000000003,1,CENTER,THRESHOLD,0,0,1
lifecycle,42969dc451bbd28e8cd3cb77167facb14a589d75dcd5e0813872ce2c2bbe3f66,20260916,0.11.0,9,supply,orders,False,16,16,O6,8,BASE,POWER,16.800000000000004,1,REGION,THRESHOLD,0,0,1
lifecycle,42969dc451bbd28e8cd3cb77167facb14a589d75dcd5e0813872ce2c2bbe3f66,20260916,0.11.0,9,supply,orders,False,16,16,O7,9,REGION,POWER,16.800000000000004,1,CENTER,THRESHOLD,0,0,1
lifecycle,42969dc451bbd28e8cd3cb77167facb14a589d75dcd5e0813872ce2c2bbe3f66,20260916,0.11.0,9,supply,orders,False,16,16,O8,10,CENTER,POWER,18.0,2,,PERIODIC,0,0,2
lifecycle,42969dc451bbd28e8cd3cb77167facb14a589d75dcd5e0813872ce2c2bbe3f66,20260916,0.11.0,9,supply,orders,False,16,16,O9,12,BASE,POWER,32.7,1,REGION,THRESHOLD,0,0,1
lifecycle,42969dc451bbd28e8cd3cb77167facb14a589d75dcd5e0813872ce2c2bbe3f66,20260916,0.11.0,9,supply,orders,False,16,16,O10,13,REGION,POWER,32.7,1,CENTER,THRESHOLD,0,0,1
lifecycle,42969dc451bbd28e8cd3cb77167facb14a589d75dcd5e0813872ce2c2bbe3f66,20260916,0.11.0,9,supply,orders,False,16,16,O11,15,BASE,POWER,35.78096592830619,1,REGION,THRESHOLD,0,0,1
lifecycle,42969dc451bbd28e8cd3cb77167facb14a589d75dcd5e0813872ce2c2bbe3f66,20260916,0.11.0,9,supply,orders,False,16,16,O12,16,REGION,POWER,35.78096592830619,1,CENTER,THRESHOLD,0,0,1
lifecycle,42969dc451bbd28e8cd3cb77167facb14a589d75dcd5e0813872ce2c2bbe3f66,20260916,0.11.0,9,supply,orders,False,16,16,O13,18,BASE,POWER,40.6,1,REGION,THRESHOLD,0,0,1
lifecycle,42969dc451bbd28e8cd3cb77167facb14a589d75dcd5e0813872ce2c2bbe3f66,20260916,0.11.0,9,supply,orders,False,16,16,O14,19,REGION,POWER,40.6,1,CENTER,THRESHOLD,0,0,1
lifecycle,42969dc451bbd28e8cd3cb77167facb14a589d75dcd5e0813872ce2c2bbe3f66,20260916,0.11.0,9,supply,orders,False,16,16,O15,21,BASE,POWER,56.7,1,REGION,THRESHOLD,0,0,1
lifecycle,42969dc451bbd28e8cd3cb77167facb14a589d75dcd5e0813872ce2c2bbe3f66,20260916,0.11.0,9,supply,orders,False,16,16,O16,22,REGION,POWER,56.7,1,CENTER,THRESHOLD,0,0,1
lifecycle,42969dc451bbd28e8cd3cb77167facb14a589d75dcd5e0813872ce2c2bbe3f66,20260916,0.11.0,10,supply,orders,False,17,17,O1,1,BASE,POWER,0,2,REGION,THRESHOLD/PERIODIC,0,0,2
lifecycle,42969dc451bbd28e8cd3cb77167facb14a589d75dcd5e0813872ce2c2bbe3f66,20260916,0.11.0,10,supply,orders,False,17,17,O2,2,REGION,POWER,0,2,CENTER,THRESHOLD,0,0,2
lifecycle,42969dc451bbd28e8cd3cb77167facb14a589d75dcd5e0813872ce2c2bbe3f66,20260916,0.11.0,10,supply,orders,False,17,17,O3,3,CENTER,POWER,0,4,,PERIODIC,0,0,4
lifecycle,42969dc451bbd28e8cd3cb77167facb14a589d75dcd5e0813872ce2c2bbe3f66,20260916,0.11.0,10,supply,orders,False,17,17,O4,5,BASE,POWER,16.800000000000004,1,REGION,THRESHOLD,0,0,1
lifecycle,42969dc451bbd28e8cd3cb77167facb14a589d75dcd5e0813872ce2c2bbe3f66,20260916,0.11.0,10,supply,orders,False,17,17,O5,6,REGION,POWER,16.800000000000004,1,CENTER,THRESHOLD,0,0,1
lifecycle,42969dc451bbd28e8cd3cb77167facb14a589d75dcd5e0813872ce2c2bbe3f66,20260916,0.11.0,10,supply,orders,False,17,17,O6,7,CENTER,POWER,18.0,1,,PERIODIC,0,0,1
lifecycle,42969dc451bbd28e8cd3cb77167facb14a589d75dcd5e0813872ce2c2bbe3f66,20260916,0.11.0,10,supply,orders,False,17,17,O7,9,BASE,POWER,32.7,1,REGION,THRESHOLD,0,0,1
lifecycle,42969dc451bbd28e8cd3cb77167facb14a589d75dcd5e0813872ce2c2bbe3f66,20260916,0.11.0,10,supply,orders,False,17,17,O8,10,REGION,POWER,32.7,1,CENTER,THRESHOLD,0,0,1
lifecycle,42969dc451bbd28e8cd3cb77167facb14a589d75dcd5e0813872ce2c2bbe3f66,20260916,0.11.0,10,supply,orders,False,17,17,O9,12,BASE,POWER,32.800000000000004,1,REGION,THRESHOLD,0,0,1
lifecycle,42969dc451bbd28e8cd3cb77167facb14a589d75dcd5e0813872ce2c2bbe3f66,20260916,0.11.0,10,supply,orders,False,17,17,O10,13,REGION,POWER,32.800000000000004,1,CENTER,THRESHOLD,0,0,1
lifecycle,42969dc451bbd28e8cd3cb77167facb14a589d75dcd5e0813872ce2c2bbe3f66,20260916,0.11.0,10,supply,orders,False,17,17,O11,15,BASE,POWER,36.6,1,REGION,THRESHOLD,0,0,1
lifecycle,42969dc451bbd28e8cd3cb77167facb14a589d75dcd5e0813872ce2c2bbe3f66,20260916,0.11.0,10,supply,orders,False,17,17,O12,16,REGION,POWER,36.6,1,CENTER,THRESHOLD,0,0,1
lifecycle,42969dc451bbd28e8cd3cb77167facb14a589d75dcd5e0813872ce2c2bbe3f66,20260916,0.11.0,10,supply,orders,False,17,17,O13,18,BASE,POWER,56.7,1,REGION,THRESHOLD,0,0,1
lifecycle,42969dc451bbd28e8cd3cb77167facb14a589d75dcd5e0813872ce2c2bbe3f66,20260916,0.11.0,10,supply,orders,False,17,17,O14,19,REGION,POWER,56.7,1,CENTER,THRESHOLD,0,0,1
lifecycle,42969dc451bbd28e8cd3cb77167facb14a589d75dcd5e0813872ce2c2bbe3f66,20260916,0.11.0,10,supply,orders,False,17,17,O15,21,BASE,POWER,64.69999999999999,1,REGION,THRESHOLD,0,0,1
lifecycle,42969dc451bbd28e8cd3cb77167facb14a589d75dcd5e0813872ce2c2bbe3f66,20260916,0.11.0,10,supply,orders,False,17,17,O16,22,REGION,POWER,64.69999999999999,1,CENTER,THRESHOLD,0,0,1
lifecycle,42969dc451bbd28e8cd3cb77167facb14a589d75dcd5e0813872ce2c2bbe3f66,20260916,0.11.0,10,supply,orders,False,17,17,O17,23,CENTER,POWER,66.0,1,,PERIODIC,0,0,1
lifecycle,42969dc451bbd28e8cd3cb77167facb14a589d75dcd5e0813872ce2c2bbe3f66,20260916,0.11.0,11,supply,orders,False,20,20,O1,1,BASE,POWER,0,2,REGION,THRESHOLD/PERIODIC,0,0,2
lifecycle,42969dc451bbd28e8cd3cb77167facb14a589d75dcd5e0813872ce2c2bbe3f66,20260916,0.11.0,11,supply,orders,False,20,20,O2,2,REGION,POWER,0,2,CENTER,THRESHOLD,0,0,2
lifecycle,42969dc451bbd28e8cd3cb77167facb14a589d75dcd5e0813872ce2c2bbe3f66,20260916,0.11.0,11,supply,orders,False,20,20,O3,3,CENTER,POWER,0,4,,PERIODIC,0,0,4
lifecycle,42969dc451bbd28e8cd3cb77167facb14a589d75dcd5e0813872ce2c2bbe3f66,20260916,0.11.0,11,supply,orders,False,20,20,O4,5,BASE,POWER,16.700000000000003,1,REGION,THRESHOLD,0,0,1
lifecycle,42969dc451bbd28e8cd3cb77167facb14a589d75dcd5e0813872ce2c2bbe3f66,20260916,0.11.0,11,supply,orders,False,20,20,O5,6,REGION,POWER,16.700000000000003,1,CENTER,THRESHOLD,0,0,1
lifecycle,42969dc451bbd28e8cd3cb77167facb14a589d75dcd5e0813872ce2c2bbe3f66,20260916,0.11.0,11,supply,orders,False,20,20,O6,7,CENTER,POWER,18.0,1,,PERIODIC,0,0,1
lifecycle,42969dc451bbd28e8cd3cb77167facb14a589d75dcd5e0813872ce2c2bbe3f66,20260916,0.11.0,11,supply,orders,False,20,20,O7,9,BASE,POWER,32.7,1,REGION,THRESHOLD,0,0,1
lifecycle,42969dc451bbd28e8cd3cb77167facb14a589d75dcd5e0813872ce2c2bbe3f66,20260916,0.11.0,11,supply,orders,False,20,20,O8,10,REGION,POWER,32.7,1,CENTER,THRESHOLD,0,0,1
lifecycle,42969dc451bbd28e8cd3cb77167facb14a589d75dcd5e0813872ce2c2bbe3f66,20260916,0.11.0,11,supply,orders,False,20,20,O9,12,BASE,POWER,36.6,1,REGION,THRESHOLD,0,0,1
lifecycle,42969dc451bbd28e8cd3cb77167facb14a589d75dcd5e0813872ce2c2bbe3f66,20260916,0.11.0,11,supply,orders,False,20,20,O10,13,REGION,POWER,36.6,1,CENTER,THRESHOLD,0,0,1
lifecycle,42969dc451bbd28e8cd3cb77167facb14a589d75dcd5e0813872ce2c2bbe3f66,20260916,0.11.0,11,supply,orders,False,20,20,O11,15,BASE,POWER,40.6,1,REGION,THRESHOLD,0,0,1
lifecycle,42969dc451bbd28e8cd3cb77167facb14a589d75dcd5e0813872ce2c2bbe3f66,20260916,0.11.0,11,supply,orders,False,20,20,O12,16,REGION,POWER,40.6,1,CENTER,THRESHOLD,0,0,1
lifecycle,42969dc451bbd28e8cd3cb77167facb14a589d75dcd5e0813872ce2c2bbe3f66,20260916,0.11.0,11,supply,orders,False,20,20,O13,17,CENTER,POWER,42.0,1,,PERIODIC,0,0,1
lifecycle,42969dc451bbd28e8cd3cb77167facb14a589d75dcd5e0813872ce2c2bbe3f66,20260916,0.11.0,11,supply,orders,False,20,20,O14,19,BASE,POWER,56.7,1,REGION,THRESHOLD,0,0,1
lifecycle,42969dc451bbd28e8cd3cb77167facb14a589d75dcd5e0813872ce2c2bbe3f66,20260916,0.11.0,11,supply,orders,False,20,20,O15,20,REGION,POWER,56.7,1,CENTER,THRESHOLD,0,0,1
lifecycle,42969dc451bbd28e8cd3cb77167facb14a589d75dcd5e0813872ce2c2bbe3f66,20260916,0.11.0,11,supply,orders,False,20,20,O16,22,BASE,POWER,59.46715742442405,1,REGION,THRESHOLD,0,0,1
lifecycle,42969dc451bbd28e8cd3cb77167facb14a589d75dcd5e0813872ce2c2bbe3f66,20260916,0.11.0,11,supply,orders,False,20,20,O17,23,REGION,POWER,59.46715742442405,1,CENTER,THRESHOLD,0,0,1
lifecycle,42969dc451bbd28e8cd3cb77167facb14a589d75dcd5e0813872ce2c2bbe3f66,20260916,0.11.0,11,supply,orders,False,20,20,O18,24,CENTER,POWER,60.0,1,,PERIODIC,0,0,1
lifecycle,42969dc451bbd28e8cd3cb77167facb14a589d75dcd5e0813872ce2c2bbe3f66,20260916,0.11.0,11,supply,orders,False,20,20,O19,26,BASE,POWER,63.98836320755469,1,REGION,THRESHOLD,0,0,1
lifecycle,42969dc451bbd28e8cd3cb77167facb14a589d75dcd5e0813872ce2c2bbe3f66,20260916,0.11.0,11,supply,orders,False,20,20,O20,27,REGION,POWER,63.98836320755469,1,CENTER,THRESHOLD,0,0,1
lifecycle,42969dc451bbd28e8cd3cb77167facb14a589d75dcd5e0813872ce2c2bbe3f66,20260916,0.11.0,12,supply,orders,False,18,18,O1,1,BASE,POWER,0,2,REGION,THRESHOLD/PERIODIC,0,0,2
lifecycle,42969dc451bbd28e8cd3cb77167facb14a589d75dcd5e0813872ce2c2bbe3f66,20260916,0.11.0,12,supply,orders,False,18,18,O2,2,REGION,POWER,0,2,CENTER,THRESHOLD,0,0,2
lifecycle,42969dc451bbd28e8cd3cb77167facb14a589d75dcd5e0813872ce2c2bbe3f66,20260916,0.11.0,12,supply,orders,False,18,18,O3,3,CENTER,POWER,0,4,,PERIODIC,0,0,4
lifecycle,42969dc451bbd28e8cd3cb77167facb14a589d75dcd5e0813872ce2c2bbe3f66,20260916,0.11.0,12,supply,orders,False,18,18,O4,5,BASE,POWER,12.247915383224957,1,REGION,THRESHOLD,0,0,1
lifecycle,42969dc451bbd28e8cd3cb77167facb14a589d75dcd5e0813872ce2c2bbe3f66,20260916,0.11.0,12,supply,orders,False,18,18,O5,6,REGION,POWER,12.247915383224957,1,CENTER,THRESHOLD,0,0,1
lifecycle,42969dc451bbd28e8cd3cb77167facb14a589d75dcd5e0813872ce2c2bbe3f66,20260916,0.11.0,12,supply,orders,False,18,18,O6,8,BASE,POWER,16.800000000000004,1,REGION,THRESHOLD,0,0,1
lifecycle,42969dc451bbd28e8cd3cb77167facb14a589d75dcd5e0813872ce2c2bbe3f66,20260916,0.11.0,12,supply,orders,False,18,18,O7,9,REGION,POWER,16.800000000000004,1,CENTER,THRESHOLD,0,0,1
lifecycle,42969dc451bbd28e8cd3cb77167facb14a589d75dcd5e0813872ce2c2bbe3f66,20260916,0.11.0,12,supply,orders,False,18,18,O8,10,CENTER,POWER,18.0,1,,PERIODIC,0,0,1
lifecycle,42969dc451bbd28e8cd3cb77167facb14a589d75dcd5e0813872ce2c2bbe3f66,20260916,0.11.0,12,supply,orders,False,18,18,O9,12,BASE,POWER,36.6,1,REGION,THRESHOLD,0,0,1
lifecycle,42969dc451bbd28e8cd3cb77167facb14a589d75dcd5e0813872ce2c2bbe3f66,20260916,0.11.0,12,supply,orders,False,18,18,O10,13,REGION,POWER,36.6,1,CENTER,THRESHOLD,0,0,1
lifecycle,42969dc451bbd28e8cd3cb77167facb14a589d75dcd5e0813872ce2c2bbe3f66,20260916,0.11.0,12,supply,orders,False,18,18,O11,15,BASE,POWER,40.7,1,REGION,THRESHOLD,0,0,1
lifecycle,42969dc451bbd28e8cd3cb77167facb14a589d75dcd5e0813872ce2c2bbe3f66,20260916,0.11.0,12,supply,orders,False,18,18,O12,16,REGION,POWER,40.7,1,CENTER,THRESHOLD,0,0,1
lifecycle,42969dc451bbd28e8cd3cb77167facb14a589d75dcd5e0813872ce2c2bbe3f66,20260916,0.11.0,12,supply,orders,False,18,18,O13,17,CENTER,POWER,42.0,1,,PERIODIC,0,0,1
lifecycle,42969dc451bbd28e8cd3cb77167facb14a589d75dcd5e0813872ce2c2bbe3f66,20260916,0.11.0,12,supply,orders,False,18,18,O14,19,BASE,POWER,60.6,1,REGION,THRESHOLD,0,0,1
lifecycle,42969dc451bbd28e8cd3cb77167facb14a589d75dcd5e0813872ce2c2bbe3f66,20260916,0.11.0,12,supply,orders,False,18,18,O15,20,REGION,POWER,60.6,1,CENTER,THRESHOLD,0,0,1
lifecycle,42969dc451bbd28e8cd3cb77167facb14a589d75dcd5e0813872ce2c2bbe3f66,20260916,0.11.0,12,supply,orders,False,18,18,O16,22,BASE,POWER,64.6,1,REGION,THRESHOLD,0,0,1
lifecycle,42969dc451bbd28e8cd3cb77167facb14a589d75dcd5e0813872ce2c2bbe3f66,20260916,0.11.0,12,supply,orders,False,18,18,O17,23,REGION,POWER,64.6,1,CENTER,THRESHOLD,0,0,1
lifecycle,42969dc451bbd28e8cd3cb77167facb14a589d75dcd5e0813872ce2c2bbe3f66,20260916,0.11.0,12,supply,orders,False,18,18,O18,24,CENTER,POWER,66.0,1,,PERIODIC,0,0,1
lifecycle,42969dc451bbd28e8cd3cb77167facb14a589d75dcd5e0813872ce2c2bbe3f66,20260916,0.11.0,13,supply,orders,False,18,18,O1,1,BASE,POWER,0,2,REGION,THRESHOLD/PERIODIC,0,0,2
lifecycle,42969dc451bbd28e8cd3cb77167facb14a589d75dcd5e0813872ce2c2bbe3f66,20260916,0.11.0,13,supply,orders,False,18,18,O2,2,REGION,POWER,0,2,CENTER,THRESHOLD,0,0,2
lifecycle,42969dc451bbd28e8cd3cb77167facb14a589d75dcd5e0813872ce2c2bbe3f66,20260916,0.11.0,13,supply,orders,False,18,18,O3,3,CENTER,POWER,0,4,,PERIODIC,0,0,4
lifecycle,42969dc451bbd28e8cd3cb77167facb14a589d75dcd5e0813872ce2c2bbe3f66,20260916,0.11.0,13,supply,orders,False,18,18,O4,5,BASE,POWER,16.700000000000003,1,REGION,THRESHOLD,0,0,1
lifecycle,42969dc451bbd28e8cd3cb77167facb14a589d75dcd5e0813872ce2c2bbe3f66,20260916,0.11.0,13,supply,orders,False,18,18,O5,6,REGION,POWER,16.700000000000003,1,CENTER,THRESHOLD,0,0,1
lifecycle,42969dc451bbd28e8cd3cb77167facb14a589d75dcd5e0813872ce2c2bbe3f66,20260916,0.11.0,13,supply,orders,False,18,18,O6,7,CENTER,POWER,18.0,1,,PERIODIC,0,0,1
lifecycle,42969dc451bbd28e8cd3cb77167facb14a589d75dcd5e0813872ce2c2bbe3f66,20260916,0.11.0,13,supply,orders,False,18,18,O7,9,BASE,POWER,32.800000000000004,1,REGION,THRESHOLD,0,0,1
lifecycle,42969dc451bbd28e8cd3cb77167facb14a589d75dcd5e0813872ce2c2bbe3f66,20260916,0.11.0,13,supply,orders,False,18,18,O8,10,REGION,POWER,32.800000000000004,1,CENTER,THRESHOLD,0,0,1
lifecycle,42969dc451bbd28e8cd3cb77167facb14a589d75dcd5e0813872ce2c2bbe3f66,20260916,0.11.0,13,supply,orders,False,18,18,O9,12,BASE,POWER,36.6,1,REGION,THRESHOLD,0,0,1
lifecycle,42969dc451bbd28e8cd3cb77167facb14a589d75dcd5e0813872ce2c2bbe3f66,20260916,0.11.0,13,supply,orders,False,18,18,O10,13,REGION,POWER,36.6,1,CENTER,THRESHOLD,0,0,1
lifecycle,42969dc451bbd28e8cd3cb77167facb14a589d75dcd5e0813872ce2c2bbe3f66,20260916,0.11.0,13,supply,orders,False,18,18,O11,15,BASE,POWER,40.6,1,REGION,THRESHOLD,0,0,1
lifecycle,42969dc451bbd28e8cd3cb77167facb14a589d75dcd5e0813872ce2c2bbe3f66,20260916,0.11.0,13,supply,orders,False,18,18,O12,16,REGION,POWER,40.6,1,CENTER,THRESHOLD,0,0,1
lifecycle,42969dc451bbd28e8cd3cb77167facb14a589d75dcd5e0813872ce2c2bbe3f66,20260916,0.11.0,13,supply,orders,False,18,18,O13,17,CENTER,POWER,42.0,1,,PERIODIC,0,0,1
lifecycle,42969dc451bbd28e8cd3cb77167facb14a589d75dcd5e0813872ce2c2bbe3f66,20260916,0.11.0,13,supply,orders,False,18,18,O14,19,BASE,POWER,63.145548177158815,1,REGION,THRESHOLD,0,0,1
lifecycle,42969dc451bbd28e8cd3cb77167facb14a589d75dcd5e0813872ce2c2bbe3f66,20260916,0.11.0,13,supply,orders,False,18,18,O15,20,REGION,POWER,63.145548177158815,1,CENTER,THRESHOLD,0,0,1
lifecycle,42969dc451bbd28e8cd3cb77167facb14a589d75dcd5e0813872ce2c2bbe3f66,20260916,0.11.0,13,supply,orders,False,18,18,O16,22,BASE,POWER,63.24554817715882,1,REGION,THRESHOLD,0,0,1
lifecycle,42969dc451bbd28e8cd3cb77167facb14a589d75dcd5e0813872ce2c2bbe3f66,20260916,0.11.0,13,supply,orders,False,18,18,O17,23,REGION,POWER,63.24554817715882,1,CENTER,THRESHOLD,0,0,1
lifecycle,42969dc451bbd28e8cd3cb77167facb14a589d75dcd5e0813872ce2c2bbe3f66,20260916,0.11.0,13,supply,orders,False,18,18,O18,24,CENTER,POWER,66.0,2,,PERIODIC,0,0,2
lifecycle,42969dc451bbd28e8cd3cb77167facb14a589d75dcd5e0813872ce2c2bbe3f66,20260916,0.11.0,14,supply,orders,False,15,15,O1,1,BASE,POWER,0,2,REGION,THRESHOLD/PERIODIC,0,0,2
lifecycle,42969dc451bbd28e8cd3cb77167facb14a589d75dcd5e0813872ce2c2bbe3f66,20260916,0.11.0,14,supply,orders,False,15,15,O2,2,REGION,POWER,0,2,CENTER,THRESHOLD,0,0,2
lifecycle,42969dc451bbd28e8cd3cb77167facb14a589d75dcd5e0813872ce2c2bbe3f66,20260916,0.11.0,14,supply,orders,False,15,15,O3,3,CENTER,POWER,0,4,,PERIODIC,0,0,4
lifecycle,42969dc451bbd28e8cd3cb77167facb14a589d75dcd5e0813872ce2c2bbe3f66,20260916,0.11.0,14,supply,orders,False,15,15,O4,5,BASE,POWER,16.700000000000003,1,REGION,THRESHOLD,0,0,1
lifecycle,42969dc451bbd28e8cd3cb77167facb14a589d75dcd5e0813872ce2c2bbe3f66,20260916,0.11.0,14,supply,orders,False,15,15,O5,6,REGION,POWER,16.700000000000003,1,CENTER,THRESHOLD,0,0,1
lifecycle,42969dc451bbd28e8cd3cb77167facb14a589d75dcd5e0813872ce2c2bbe3f66,20260916,0.11.0,14,supply,orders,False,15,15,O6,7,CENTER,POWER,18.0,1,,PERIODIC,0,0,1
lifecycle,42969dc451bbd28e8cd3cb77167facb14a589d75dcd5e0813872ce2c2bbe3f66,20260916,0.11.0,14,supply,orders,False,15,15,O7,9,BASE,POWER,32.7,1,REGION,THRESHOLD,0,0,1
lifecycle,42969dc451bbd28e8cd3cb77167facb14a589d75dcd5e0813872ce2c2bbe3f66,20260916,0.11.0,14,supply,orders,False,15,15,O8,10,REGION,POWER,32.7,1,CENTER,THRESHOLD,0,0,1
lifecycle,42969dc451bbd28e8cd3cb77167facb14a589d75dcd5e0813872ce2c2bbe3f66,20260916,0.11.0,14,supply,orders,False,15,15,O9,12,BASE,POWER,36.6,1,REGION,THRESHOLD,0,0,1
lifecycle,42969dc451bbd28e8cd3cb77167facb14a589d75dcd5e0813872ce2c2bbe3f66,20260916,0.11.0,14,supply,orders,False,15,15,O10,13,REGION,POWER,36.6,1,CENTER,THRESHOLD,0,0,1
lifecycle,42969dc451bbd28e8cd3cb77167facb14a589d75dcd5e0813872ce2c2bbe3f66,20260916,0.11.0,14,supply,orders,False,15,15,O11,15,BASE,POWER,40.6,1,REGION,THRESHOLD,0,0,1
lifecycle,42969dc451bbd28e8cd3cb77167facb14a589d75dcd5e0813872ce2c2bbe3f66,20260916,0.11.0,14,supply,orders,False,15,15,O12,16,REGION,POWER,40.6,1,CENTER,THRESHOLD,0,0,1
lifecycle,42969dc451bbd28e8cd3cb77167facb14a589d75dcd5e0813872ce2c2bbe3f66,20260916,0.11.0,14,supply,orders,False,15,15,O13,17,CENTER,POWER,42.0,1,,PERIODIC,0,0,1
lifecycle,42969dc451bbd28e8cd3cb77167facb14a589d75dcd5e0813872ce2c2bbe3f66,20260916,0.11.0,14,supply,orders,False,15,15,O14,19,BASE,POWER,56.7,1,REGION,THRESHOLD,0,0,1
lifecycle,42969dc451bbd28e8cd3cb77167facb14a589d75dcd5e0813872ce2c2bbe3f66,20260916,0.11.0,14,supply,orders,False,15,15,O15,20,REGION,POWER,56.7,1,CENTER,THRESHOLD,0,0,1
lifecycle,42969dc451bbd28e8cd3cb77167facb14a589d75dcd5e0813872ce2c2bbe3f66,20260916,0.11.0,15,supply,orders,False,20,20,O1,1,BASE,POWER,0,2,REGION,THRESHOLD/PERIODIC,0,0,2
lifecycle,42969dc451bbd28e8cd3cb77167facb14a589d75dcd5e0813872ce2c2bbe3f66,20260916,0.11.0,15,supply,orders,False,20,20,O2,2,REGION,POWER,0,2,CENTER,THRESHOLD,0,0,2
lifecycle,42969dc451bbd28e8cd3cb77167facb14a589d75dcd5e0813872ce2c2bbe3f66,20260916,0.11.0,15,supply,orders,False,20,20,O3,3,CENTER,POWER,0,4,,PERIODIC,0,0,4
lifecycle,42969dc451bbd28e8cd3cb77167facb14a589d75dcd5e0813872ce2c2bbe3f66,20260916,0.11.0,15,supply,orders,False,20,20,O4,5,BASE,POWER,16.800000000000004,1,REGION,THRESHOLD,0,0,1
lifecycle,42969dc451bbd28e8cd3cb77167facb14a589d75dcd5e0813872ce2c2bbe3f66,20260916,0.11.0,15,supply,orders,False,20,20,O5,6,REGION,POWER,16.800000000000004,1,CENTER,THRESHOLD,0,0,1
lifecycle,42969dc451bbd28e8cd3cb77167facb14a589d75dcd5e0813872ce2c2bbe3f66,20260916,0.11.0,15,supply,orders,False,20,20,O6,7,CENTER,POWER,18.0,1,,PERIODIC,0,0,1
lifecycle,42969dc451bbd28e8cd3cb77167facb14a589d75dcd5e0813872ce2c2bbe3f66,20260916,0.11.0,15,supply,orders,False,20,20,O7,9,BASE,POWER,32.7,1,REGION,THRESHOLD,0,0,1
lifecycle,42969dc451bbd28e8cd3cb77167facb14a589d75dcd5e0813872ce2c2bbe3f66,20260916,0.11.0,15,supply,orders,False,20,20,O8,10,REGION,POWER,32.7,1,CENTER,THRESHOLD,0,0,1
lifecycle,42969dc451bbd28e8cd3cb77167facb14a589d75dcd5e0813872ce2c2bbe3f66,20260916,0.11.0,15,supply,orders,False,20,20,O9,12,BASE,POWER,36.6,1,REGION,THRESHOLD,0,0,1
lifecycle,42969dc451bbd28e8cd3cb77167facb14a589d75dcd5e0813872ce2c2bbe3f66,20260916,0.11.0,15,supply,orders,False,20,20,O10,13,REGION,POWER,36.6,1,CENTER,THRESHOLD,0,0,1
lifecycle,42969dc451bbd28e8cd3cb77167facb14a589d75dcd5e0813872ce2c2bbe3f66,20260916,0.11.0,15,supply,orders,False,20,20,O11,15,BASE,POWER,40.6,1,REGION,THRESHOLD,0,0,1
lifecycle,42969dc451bbd28e8cd3cb77167facb14a589d75dcd5e0813872ce2c2bbe3f66,20260916,0.11.0,15,supply,orders,False,20,20,O12,16,REGION,POWER,40.6,1,CENTER,THRESHOLD,0,0,1
lifecycle,42969dc451bbd28e8cd3cb77167facb14a589d75dcd5e0813872ce2c2bbe3f66,20260916,0.11.0,15,supply,orders,False,20,20,O13,17,CENTER,POWER,42.0,1,,PERIODIC,0,0,1
lifecycle,42969dc451bbd28e8cd3cb77167facb14a589d75dcd5e0813872ce2c2bbe3f66,20260916,0.11.0,15,supply,orders,False,20,20,O14,19,BASE,POWER,56.7,1,REGION,THRESHOLD,0,0,1
lifecycle,42969dc451bbd28e8cd3cb77167facb14a589d75dcd5e0813872ce2c2bbe3f66,20260916,0.11.0,15,supply,orders,False,20,20,O15,20,REGION,POWER,56.7,1,CENTER,THRESHOLD,0,0,1
lifecycle,42969dc451bbd28e8cd3cb77167facb14a589d75dcd5e0813872ce2c2bbe3f66,20260916,0.11.0,15,supply,orders,False,20,20,O16,22,BASE,POWER,60.7,1,REGION,THRESHOLD,0,0,1
lifecycle,42969dc451bbd28e8cd3cb77167facb14a589d75dcd5e0813872ce2c2bbe3f66,20260916,0.11.0,15,supply,orders,False,20,20,O17,23,REGION,POWER,60.7,1,CENTER,THRESHOLD,0,0,1
lifecycle,42969dc451bbd28e8cd3cb77167facb14a589d75dcd5e0813872ce2c2bbe3f66,20260916,0.11.0,15,supply,orders,False,20,20,O18,25,BASE,POWER,64.69999999999999,1,REGION,THRESHOLD,0,0,1
lifecycle,42969dc451bbd28e8cd3cb77167facb14a589d75dcd5e0813872ce2c2bbe3f66,20260916,0.11.0,15,supply,orders,False,20,20,O19,26,REGION,POWER,64.69999999999999,1,CENTER,THRESHOLD,0,0,1
lifecycle,42969dc451bbd28e8cd3cb77167facb14a589d75dcd5e0813872ce2c2bbe3f66,20260916,0.11.0,15,supply,orders,False,20,20,O20,27,CENTER,POWER,66.0,1,,PERIODIC,0,0,1
lifecycle,42969dc451bbd28e8cd3cb77167facb14a589d75dcd5e0813872ce2c2bbe3f66,20260916,0.11.0,16,supply,orders,False,18,18,O1,1,BASE,POWER,0,2,REGION,THRESHOLD/PERIODIC,0,0,2
lifecycle,42969dc451bbd28e8cd3cb77167facb14a589d75dcd5e0813872ce2c2bbe3f66,20260916,0.11.0,16,supply,orders,False,18,18,O2,2,REGION,POWER,0,2,CENTER,THRESHOLD,0,0,2
lifecycle,42969dc451bbd28e8cd3cb77167facb14a589d75dcd5e0813872ce2c2bbe3f66,20260916,0.11.0,16,supply,orders,False,18,18,O3,3,CENTER,POWER,0,4,,PERIODIC,0,0,4
lifecycle,42969dc451bbd28e8cd3cb77167facb14a589d75dcd5e0813872ce2c2bbe3f66,20260916,0.11.0,16,supply,orders,False,18,18,O4,5,BASE,POWER,16.629303920137772,1,REGION,THRESHOLD,0,0,1
lifecycle,42969dc451bbd28e8cd3cb77167facb14a589d75dcd5e0813872ce2c2bbe3f66,20260916,0.11.0,16,supply,orders,False,18,18,O5,6,REGION,POWER,16.629303920137772,1,CENTER,THRESHOLD,0,0,1
lifecycle,42969dc451bbd28e8cd3cb77167facb14a589d75dcd5e0813872ce2c2bbe3f66,20260916,0.11.0,16,supply,orders,False,18,18,O6,8,BASE,POWER,16.729303920137774,1,REGION,THRESHOLD,0,0,1
lifecycle,42969dc451bbd28e8cd3cb77167facb14a589d75dcd5e0813872ce2c2bbe3f66,20260916,0.11.0,16,supply,orders,False,18,18,O7,9,REGION,POWER,16.729303920137774,1,CENTER,THRESHOLD,0,0,1
lifecycle,42969dc451bbd28e8cd3cb77167facb14a589d75dcd5e0813872ce2c2bbe3f66,20260916,0.11.0,16,supply,orders,False,18,18,O8,10,CENTER,POWER,18.0,2,,PERIODIC,0,0,2
lifecycle,42969dc451bbd28e8cd3cb77167facb14a589d75dcd5e0813872ce2c2bbe3f66,20260916,0.11.0,16,supply,orders,False,18,18,O9,12,BASE,POWER,32.800000000000004,1,REGION,THRESHOLD,0,0,1
lifecycle,42969dc451bbd28e8cd3cb77167facb14a589d75dcd5e0813872ce2c2bbe3f66,20260916,0.11.0,16,supply,orders,False,18,18,O10,13,REGION,POWER,32.800000000000004,1,CENTER,THRESHOLD,0,0,1
lifecycle,42969dc451bbd28e8cd3cb77167facb14a589d75dcd5e0813872ce2c2bbe3f66,20260916,0.11.0,16,supply,orders,False,18,18,O11,15,BASE,POWER,40.6,1,REGION,THRESHOLD,0,0,1
lifecycle,42969dc451bbd28e8cd3cb77167facb14a589d75dcd5e0813872ce2c2bbe3f66,20260916,0.11.0,16,supply,orders,False,18,18,O12,16,REGION,POWER,40.6,1,CENTER,THRESHOLD,0,0,1
lifecycle,42969dc451bbd28e8cd3cb77167facb14a589d75dcd5e0813872ce2c2bbe3f66,20260916,0.11.0,16,supply,orders,False,18,18,O13,18,BASE,POWER,56.800000000000004,1,REGION,THRESHOLD,0,0,1
lifecycle,42969dc451bbd28e8cd3cb77167facb14a589d75dcd5e0813872ce2c2bbe3f66,20260916,0.11.0,16,supply,orders,False,18,18,O14,19,REGION,POWER,56.800000000000004,1,CENTER,THRESHOLD,0,0,1
lifecycle,42969dc451bbd28e8cd3cb77167facb14a589d75dcd5e0813872ce2c2bbe3f66,20260916,0.11.0,16,supply,orders,False,18,18,O15,21,BASE,POWER,60.7,1,REGION,THRESHOLD,0,0,1
lifecycle,42969dc451bbd28e8cd3cb77167facb14a589d75dcd5e0813872ce2c2bbe3f66,20260916,0.11.0,16,supply,orders,False,18,18,O16,22,REGION,POWER,60.7,1,CENTER,THRESHOLD,0,0,1
lifecycle,42969dc451bbd28e8cd3cb77167facb14a589d75dcd5e0813872ce2c2bbe3f66,20260916,0.11.0,16,supply,orders,False,18,18,O17,24,BASE,POWER,64.6,1,REGION,THRESHOLD,0,0,1
lifecycle,42969dc451bbd28e8cd3cb77167facb14a589d75dcd5e0813872ce2c2bbe3f66,20260916,0.11.0,16,supply,orders,False,18,18,O18,25,REGION,POWER,64.6,1,CENTER,THRESHOLD,0,0,1
lifecycle,42969dc451bbd28e8cd3cb77167facb14a589d75dcd5e0813872ce2c2bbe3f66,20260916,0.11.0,17,supply,orders,False,17,17,O1,1,BASE,POWER,0,2,REGION,THRESHOLD/PERIODIC,0,0,2
lifecycle,42969dc451bbd28e8cd3cb77167facb14a589d75dcd5e0813872ce2c2bbe3f66,20260916,0.11.0,17,supply,orders,False,17,17,O2,2,REGION,POWER,0,2,CENTER,THRESHOLD,0,0,2
lifecycle,42969dc451bbd28e8cd3cb77167facb14a589d75dcd5e0813872ce2c2bbe3f66,20260916,0.11.0,17,supply,orders,False,17,17,O3,3,CENTER,POWER,0,4,,PERIODIC,0,0,4
lifecycle,42969dc451bbd28e8cd3cb77167facb14a589d75dcd5e0813872ce2c2bbe3f66,20260916,0.11.0,17,supply,orders,False,17,17,O4,5,BASE,POWER,16.700000000000003,1,REGION,THRESHOLD,0,0,1
lifecycle,42969dc451bbd28e8cd3cb77167facb14a589d75dcd5e0813872ce2c2bbe3f66,20260916,0.11.0,17,supply,orders,False,17,17,O5,6,REGION,POWER,16.700000000000003,1,CENTER,THRESHOLD,0,0,1
lifecycle,42969dc451bbd28e8cd3cb77167facb14a589d75dcd5e0813872ce2c2bbe3f66,20260916,0.11.0,17,supply,orders,False,17,17,O6,8,BASE,POWER,16.800000000000004,1,REGION,THRESHOLD,0,0,1
lifecycle,42969dc451bbd28e8cd3cb77167facb14a589d75dcd5e0813872ce2c2bbe3f66,20260916,0.11.0,17,supply,orders,False,17,17,O7,9,REGION,POWER,16.800000000000004,1,CENTER,THRESHOLD,0,0,1
lifecycle,42969dc451bbd28e8cd3cb77167facb14a589d75dcd5e0813872ce2c2bbe3f66,20260916,0.11.0,17,supply,orders,False,17,17,O8,10,CENTER,POWER,18.0,2,,PERIODIC,0,0,2
lifecycle,42969dc451bbd28e8cd3cb77167facb14a589d75dcd5e0813872ce2c2bbe3f66,20260916,0.11.0,17,supply,orders,False,17,17,O9,12,BASE,POWER,32.7,1,REGION,THRESHOLD,0,0,1
lifecycle,42969dc451bbd28e8cd3cb77167facb14a589d75dcd5e0813872ce2c2bbe3f66,20260916,0.11.0,17,supply,orders,False,17,17,O10,13,REGION,POWER,32.7,1,CENTER,THRESHOLD,0,0,1
lifecycle,42969dc451bbd28e8cd3cb77167facb14a589d75dcd5e0813872ce2c2bbe3f66,20260916,0.11.0,17,supply,orders,False,17,17,O11,15,BASE,POWER,40.6,1,REGION,THRESHOLD,0,0,1
lifecycle,42969dc451bbd28e8cd3cb77167facb14a589d75dcd5e0813872ce2c2bbe3f66,20260916,0.11.0,17,supply,orders,False,17,17,O12,16,REGION,POWER,40.6,1,CENTER,THRESHOLD,0,0,1
lifecycle,42969dc451bbd28e8cd3cb77167facb14a589d75dcd5e0813872ce2c2bbe3f66,20260916,0.11.0,17,supply,orders,False,17,17,O13,18,BASE,POWER,60.7,1,REGION,THRESHOLD,0,0,1
lifecycle,42969dc451bbd28e8cd3cb77167facb14a589d75dcd5e0813872ce2c2bbe3f66,20260916,0.11.0,17,supply,orders,False,17,17,O14,19,REGION,POWER,60.7,1,CENTER,THRESHOLD,0,0,1
lifecycle,42969dc451bbd28e8cd3cb77167facb14a589d75dcd5e0813872ce2c2bbe3f66,20260916,0.11.0,17,supply,orders,False,17,17,O15,22,BASE,POWER,64.6,2,REGION,THRESHOLD,0,0,2
lifecycle,42969dc451bbd28e8cd3cb77167facb14a589d75dcd5e0813872ce2c2bbe3f66,20260916,0.11.0,17,supply,orders,False,17,17,O16,23,REGION,POWER,64.6,2,CENTER,THRESHOLD,0,0,2
lifecycle,42969dc451bbd28e8cd3cb77167facb14a589d75dcd5e0813872ce2c2bbe3f66,20260916,0.11.0,17,supply,orders,False,17,17,O17,24,CENTER,POWER,66.0,1,,PERIODIC,0,0,1
lifecycle,42969dc451bbd28e8cd3cb77167facb14a589d75dcd5e0813872ce2c2bbe3f66,20260916,0.11.0,18,supply,orders,False,16,16,O1,1,BASE,POWER,0,2,REGION,THRESHOLD/PERIODIC,0,0,2
lifecycle,42969dc451bbd28e8cd3cb77167facb14a589d75dcd5e0813872ce2c2bbe3f66,20260916,0.11.0,18,supply,orders,False,16,16,O2,2,REGION,POWER,0,2,CENTER,THRESHOLD,0,0,2
lifecycle,42969dc451bbd28e8cd3cb77167facb14a589d75dcd5e0813872ce2c2bbe3f66,20260916,0.11.0,18,supply,orders,False,16,16,O3,3,CENTER,POWER,0,4,,PERIODIC,0,0,4
lifecycle,42969dc451bbd28e8cd3cb77167facb14a589d75dcd5e0813872ce2c2bbe3f66,20260916,0.11.0,18,supply,orders,False,16,16,O4,5,BASE,POWER,16.800000000000004,1,REGION,THRESHOLD,0,0,1
lifecycle,42969dc451bbd28e8cd3cb77167facb14a589d75dcd5e0813872ce2c2bbe3f66,20260916,0.11.0,18,supply,orders,False,16,16,O5,6,REGION,POWER,16.800000000000004,1,CENTER,THRESHOLD,0,0,1
lifecycle,42969dc451bbd28e8cd3cb77167facb14a589d75dcd5e0813872ce2c2bbe3f66,20260916,0.11.0,18,supply,orders,False,16,16,O6,7,CENTER,POWER,18.0,1,,PERIODIC,0,0,1
lifecycle,42969dc451bbd28e8cd3cb77167facb14a589d75dcd5e0813872ce2c2bbe3f66,20260916,0.11.0,18,supply,orders,False,16,16,O7,9,BASE,POWER,32.7,1,REGION,THRESHOLD,0,0,1
lifecycle,42969dc451bbd28e8cd3cb77167facb14a589d75dcd5e0813872ce2c2bbe3f66,20260916,0.11.0,18,supply,orders,False,16,16,O8,10,REGION,POWER,32.7,1,CENTER,THRESHOLD,0,0,1
lifecycle,42969dc451bbd28e8cd3cb77167facb14a589d75dcd5e0813872ce2c2bbe3f66,20260916,0.11.0,18,supply,orders,False,16,16,O9,12,BASE,POWER,32.800000000000004,1,REGION,THRESHOLD,0,0,1
lifecycle,42969dc451bbd28e8cd3cb77167facb14a589d75dcd5e0813872ce2c2bbe3f66,20260916,0.11.0,18,supply,orders,False,16,16,O10,13,REGION,POWER,32.800000000000004,1,CENTER,THRESHOLD,0,0,1
lifecycle,42969dc451bbd28e8cd3cb77167facb14a589d75dcd5e0813872ce2c2bbe3f66,20260916,0.11.0,18,supply,orders,False,16,16,O11,15,BASE,POWER,36.6,1,REGION,THRESHOLD,0,0,1
lifecycle,42969dc451bbd28e8cd3cb77167facb14a589d75dcd5e0813872ce2c2bbe3f66,20260916,0.11.0,18,supply,orders,False,16,16,O12,16,REGION,POWER,36.6,1,CENTER,THRESHOLD,0,0,1
lifecycle,42969dc451bbd28e8cd3cb77167facb14a589d75dcd5e0813872ce2c2bbe3f66,20260916,0.11.0,18,supply,orders,False,16,16,O13,18,BASE,POWER,56.7,1,REGION,THRESHOLD,0,0,1
lifecycle,42969dc451bbd28e8cd3cb77167facb14a589d75dcd5e0813872ce2c2bbe3f66,20260916,0.11.0,18,supply,orders,False,16,16,O14,19,REGION,POWER,56.7,1,CENTER,THRESHOLD,0,0,1
lifecycle,42969dc451bbd28e8cd3cb77167facb14a589d75dcd5e0813872ce2c2bbe3f66,20260916,0.11.0,18,supply,orders,False,16,16,O15,21,BASE,POWER,60.7,1,REGION,THRESHOLD,0,0,1
lifecycle,42969dc451bbd28e8cd3cb77167facb14a589d75dcd5e0813872ce2c2bbe3f66,20260916,0.11.0,18,supply,orders,False,16,16,O16,22,REGION,POWER,60.7,1,CENTER,THRESHOLD,0,0,1
lifecycle,42969dc451bbd28e8cd3cb77167facb14a589d75dcd5e0813872ce2c2bbe3f66,20260916,0.11.0,19,supply,orders,False,12,12,O1,1,BASE,POWER,0,2,REGION,THRESHOLD/PERIODIC,0,0,2
lifecycle,42969dc451bbd28e8cd3cb77167facb14a589d75dcd5e0813872ce2c2bbe3f66,20260916,0.11.0,19,supply,orders,False,12,12,O2,2,REGION,POWER,0,2,CENTER,THRESHOLD,0,0,2
lifecycle,42969dc451bbd28e8cd3cb77167facb14a589d75dcd5e0813872ce2c2bbe3f66,20260916,0.11.0,19,supply,orders,False,12,12,O3,3,CENTER,POWER,0,4,,PERIODIC,0,0,4
lifecycle,42969dc451bbd28e8cd3cb77167facb14a589d75dcd5e0813872ce2c2bbe3f66,20260916,0.11.0,19,supply,orders,False,12,12,O4,5,BASE,POWER,32.800000000000004,1,REGION,THRESHOLD,0,0,1
lifecycle,42969dc451bbd28e8cd3cb77167facb14a589d75dcd5e0813872ce2c2bbe3f66,20260916,0.11.0,19,supply,orders,False,12,12,O5,6,REGION,POWER,32.800000000000004,1,CENTER,THRESHOLD,0,0,1
lifecycle,42969dc451bbd28e8cd3cb77167facb14a589d75dcd5e0813872ce2c2bbe3f66,20260916,0.11.0,19,supply,orders,False,12,12,O6,9,BASE,POWER,36.6,2,REGION,THRESHOLD,0,0,2
lifecycle,42969dc451bbd28e8cd3cb77167facb14a589d75dcd5e0813872ce2c2bbe3f66,20260916,0.11.0,19,supply,orders,False,12,12,O7,10,REGION,POWER,36.6,2,CENTER,THRESHOLD,0,0,2
lifecycle,42969dc451bbd28e8cd3cb77167facb14a589d75dcd5e0813872ce2c2bbe3f66,20260916,0.11.0,19,supply,orders,False,12,12,O8,12,BASE,POWER,40.6,1,REGION,THRESHOLD,0,0,1
lifecycle,42969dc451bbd28e8cd3cb77167facb14a589d75dcd5e0813872ce2c2bbe3f66,20260916,0.11.0,19,supply,orders,False,12,12,O9,13,REGION,POWER,40.6,1,CENTER,THRESHOLD,0,0,1
lifecycle,42969dc451bbd28e8cd3cb77167facb14a589d75dcd5e0813872ce2c2bbe3f66,20260916,0.11.0,19,supply,orders,False,12,12,O10,14,CENTER,POWER,42.0,3,,PERIODIC,0,0,3
lifecycle,42969dc451bbd28e8cd3cb77167facb14a589d75dcd5e0813872ce2c2bbe3f66,20260916,0.11.0,19,supply,orders,False,12,12,O11,16,BASE,POWER,63.11250758102755,1,REGION,THRESHOLD,0,0,1
lifecycle,42969dc451bbd28e8cd3cb77167facb14a589d75dcd5e0813872ce2c2bbe3f66,20260916,0.11.0,19,supply,orders,False,12,12,O12,17,REGION,POWER,63.11250758102755,1,CENTER,THRESHOLD,0,0,1
lifecycle,42969dc451bbd28e8cd3cb77167facb14a589d75dcd5e0813872ce2c2bbe3f66,20260916,0.11.0,20,supply,orders,False,21,21,O1,1,BASE,POWER,0,2,REGION,THRESHOLD/PERIODIC,0,0,2
lifecycle,42969dc451bbd28e8cd3cb77167facb14a589d75dcd5e0813872ce2c2bbe3f66,20260916,0.11.0,20,supply,orders,False,21,21,O2,2,REGION,POWER,0,2,CENTER,THRESHOLD,0,0,2
lifecycle,42969dc451bbd28e8cd3cb77167facb14a589d75dcd5e0813872ce2c2bbe3f66,20260916,0.11.0,20,supply,orders,False,21,21,O3,3,CENTER,POWER,0,4,,PERIODIC,0,0,4
lifecycle,42969dc451bbd28e8cd3cb77167facb14a589d75dcd5e0813872ce2c2bbe3f66,20260916,0.11.0,20,supply,orders,False,21,21,O4,5,BASE,POWER,6.647751139948372,1,REGION,THRESHOLD,0,0,1
lifecycle,42969dc451bbd28e8cd3cb77167facb14a589d75dcd5e0813872ce2c2bbe3f66,20260916,0.11.0,20,supply,orders,False,21,21,O5,6,REGION,POWER,6.647751139948372,1,CENTER,THRESHOLD,0,0,1
lifecycle,42969dc451bbd28e8cd3cb77167facb14a589d75dcd5e0813872ce2c2bbe3f66,20260916,0.11.0,20,supply,orders,False,21,21,O6,8,BASE,POWER,32.7,1,REGION,THRESHOLD,0,0,1
lifecycle,42969dc451bbd28e8cd3cb77167facb14a589d75dcd5e0813872ce2c2bbe3f66,20260916,0.11.0,20,supply,orders,False,21,21,O7,9,REGION,POWER,32.7,1,CENTER,THRESHOLD,0,0,1
lifecycle,42969dc451bbd28e8cd3cb77167facb14a589d75dcd5e0813872ce2c2bbe3f66,20260916,0.11.0,20,supply,orders,False,21,21,O8,11,BASE,POWER,36.7,1,REGION,THRESHOLD,0,0,1
lifecycle,42969dc451bbd28e8cd3cb77167facb14a589d75dcd5e0813872ce2c2bbe3f66,20260916,0.11.0,20,supply,orders,False,21,21,O9,12,REGION,POWER,36.7,1,CENTER,THRESHOLD,0,0,1
lifecycle,42969dc451bbd28e8cd3cb77167facb14a589d75dcd5e0813872ce2c2bbe3f66,20260916,0.11.0,20,supply,orders,False,21,21,O10,14,BASE,POWER,36.800000000000004,1,REGION,THRESHOLD,0,0,1
lifecycle,42969dc451bbd28e8cd3cb77167facb14a589d75dcd5e0813872ce2c2bbe3f66,20260916,0.11.0,20,supply,orders,False,21,21,O11,15,REGION,POWER,36.800000000000004,1,CENTER,THRESHOLD,0,0,1
lifecycle,42969dc451bbd28e8cd3cb77167facb14a589d75dcd5e0813872ce2c2bbe3f66,20260916,0.11.0,20,supply,orders,False,21,21,O12,17,BASE,POWER,40.6,1,REGION,THRESHOLD,0,0,1
lifecycle,42969dc451bbd28e8cd3cb77167facb14a589d75dcd5e0813872ce2c2bbe3f66,20260916,0.11.0,20,supply,orders,False,21,21,O13,18,REGION,POWER,40.6,1,CENTER,THRESHOLD,0,0,1
lifecycle,42969dc451bbd28e8cd3cb77167facb14a589d75dcd5e0813872ce2c2bbe3f66,20260916,0.11.0,20,supply,orders,False,21,21,O14,19,CENTER,POWER,42.0,1,,PERIODIC,0,0,1
lifecycle,42969dc451bbd28e8cd3cb77167facb14a589d75dcd5e0813872ce2c2bbe3f66,20260916,0.11.0,20,supply,orders,False,21,21,O15,21,BASE,POWER,56.42996406409169,1,REGION,THRESHOLD,0,0,1
lifecycle,42969dc451bbd28e8cd3cb77167facb14a589d75dcd5e0813872ce2c2bbe3f66,20260916,0.11.0,20,supply,orders,False,21,21,O16,22,REGION,POWER,56.42996406409169,1,CENTER,THRESHOLD,0,0,1
lifecycle,42969dc451bbd28e8cd3cb77167facb14a589d75dcd5e0813872ce2c2bbe3f66,20260916,0.11.0,20,supply,orders,False,21,21,O17,24,BASE,POWER,60.7,1,REGION,THRESHOLD,0,0,1
lifecycle,42969dc451bbd28e8cd3cb77167facb14a589d75dcd5e0813872ce2c2bbe3f66,20260916,0.11.0,20,supply,orders,False,21,21,O18,25,REGION,POWER,60.7,1,CENTER,THRESHOLD,0,0,1
lifecycle,42969dc451bbd28e8cd3cb77167facb14a589d75dcd5e0813872ce2c2bbe3f66,20260916,0.11.0,20,supply,orders,False,21,21,O19,27,BASE,POWER,64.69999999999999,1,REGION,THRESHOLD,0,0,1
lifecycle,42969dc451bbd28e8cd3cb77167facb14a589d75dcd5e0813872ce2c2bbe3f66,20260916,0.11.0,20,supply,orders,False,21,21,O20,28,REGION,POWER,64.69999999999999,1,CENTER,THRESHOLD,0,0,1
lifecycle,42969dc451bbd28e8cd3cb77167facb14a589d75dcd5e0813872ce2c2bbe3f66,20260916,0.11.0,20,supply,orders,False,21,21,O21,29,CENTER,POWER,66.0,1,,PERIODIC,0,0,1
lifecycle,42969dc451bbd28e8cd3cb77167facb14a589d75dcd5e0813872ce2c2bbe3f66,20260916,0.11.0,21,supply,orders,False,17,17,O1,1,BASE,POWER,0,2,REGION,THRESHOLD/PERIODIC,0,0,2
lifecycle,42969dc451bbd28e8cd3cb77167facb14a589d75dcd5e0813872ce2c2bbe3f66,20260916,0.11.0,21,supply,orders,False,17,17,O2,2,REGION,POWER,0,2,CENTER,THRESHOLD,0,0,2
lifecycle,42969dc451bbd28e8cd3cb77167facb14a589d75dcd5e0813872ce2c2bbe3f66,20260916,0.11.0,21,supply,orders,False,17,17,O3,3,CENTER,POWER,0,4,,PERIODIC,0,0,4
lifecycle,42969dc451bbd28e8cd3cb77167facb14a589d75dcd5e0813872ce2c2bbe3f66,20260916,0.11.0,21,supply,orders,False,17,17,O4,5,BASE,POWER,16.800000000000004,1,REGION,THRESHOLD,0,0,1
lifecycle,42969dc451bbd28e8cd3cb77167facb14a589d75dcd5e0813872ce2c2bbe3f66,20260916,0.11.0,21,supply,orders,False,17,17,O5,6,REGION,POWER,16.800000000000004,1,CENTER,THRESHOLD,0,0,1
lifecycle,42969dc451bbd28e8cd3cb77167facb14a589d75dcd5e0813872ce2c2bbe3f66,20260916,0.11.0,21,supply,orders,False,17,17,O6,7,CENTER,POWER,18.0,1,,PERIODIC,0,0,1
lifecycle,42969dc451bbd28e8cd3cb77167facb14a589d75dcd5e0813872ce2c2bbe3f66,20260916,0.11.0,21,supply,orders,False,17,17,O7,9,BASE,POWER,32.7,1,REGION,THRESHOLD,0,0,1
lifecycle,42969dc451bbd28e8cd3cb77167facb14a589d75dcd5e0813872ce2c2bbe3f66,20260916,0.11.0,21,supply,orders,False,17,17,O8,10,REGION,POWER,32.7,1,CENTER,THRESHOLD,0,0,1
lifecycle,42969dc451bbd28e8cd3cb77167facb14a589d75dcd5e0813872ce2c2bbe3f66,20260916,0.11.0,21,supply,orders,False,17,17,O9,12,BASE,POWER,32.800000000000004,1,REGION,THRESHOLD,0,0,1
lifecycle,42969dc451bbd28e8cd3cb77167facb14a589d75dcd5e0813872ce2c2bbe3f66,20260916,0.11.0,21,supply,orders,False,17,17,O10,13,REGION,POWER,32.800000000000004,1,CENTER,THRESHOLD,0,0,1
lifecycle,42969dc451bbd28e8cd3cb77167facb14a589d75dcd5e0813872ce2c2bbe3f66,20260916,0.11.0,21,supply,orders,False,17,17,O11,15,BASE,POWER,36.6,1,REGION,THRESHOLD,0,0,1
lifecycle,42969dc451bbd28e8cd3cb77167facb14a589d75dcd5e0813872ce2c2bbe3f66,20260916,0.11.0,21,supply,orders,False,17,17,O12,16,REGION,POWER,36.6,1,CENTER,THRESHOLD,0,0,1
lifecycle,42969dc451bbd28e8cd3cb77167facb14a589d75dcd5e0813872ce2c2bbe3f66,20260916,0.11.0,21,supply,orders,False,17,17,O13,18,BASE,POWER,56.7,1,REGION,THRESHOLD,0,0,1
lifecycle,42969dc451bbd28e8cd3cb77167facb14a589d75dcd5e0813872ce2c2bbe3f66,20260916,0.11.0,21,supply,orders,False,17,17,O14,19,REGION,POWER,56.7,1,CENTER,THRESHOLD,0,0,1
lifecycle,42969dc451bbd28e8cd3cb77167facb14a589d75dcd5e0813872ce2c2bbe3f66,20260916,0.11.0,21,supply,orders,False,17,17,O15,21,BASE,POWER,64.69999999999999,1,REGION,THRESHOLD,0,0,1
lifecycle,42969dc451bbd28e8cd3cb77167facb14a589d75dcd5e0813872ce2c2bbe3f66,20260916,0.11.0,21,supply,orders,False,17,17,O16,22,REGION,POWER,64.69999999999999,1,CENTER,THRESHOLD,0,0,1
lifecycle,42969dc451bbd28e8cd3cb77167facb14a589d75dcd5e0813872ce2c2bbe3f66,20260916,0.11.0,21,supply,orders,False,17,17,O17,23,CENTER,POWER,66.0,1,,PERIODIC,0,0,1
lifecycle,42969dc451bbd28e8cd3cb77167facb14a589d75dcd5e0813872ce2c2bbe3f66,20260916,0.11.0,22,supply,orders,False,15,15,O1,1,BASE,POWER,0,2,REGION,THRESHOLD/PERIODIC,0,0,2
lifecycle,42969dc451bbd28e8cd3cb77167facb14a589d75dcd5e0813872ce2c2bbe3f66,20260916,0.11.0,22,supply,orders,False,15,15,O2,2,REGION,POWER,0,2,CENTER,THRESHOLD,0,0,2
lifecycle,42969dc451bbd28e8cd3cb77167facb14a589d75dcd5e0813872ce2c2bbe3f66,20260916,0.11.0,22,supply,orders,False,15,15,O3,3,CENTER,POWER,0,4,,PERIODIC,0,0,4
lifecycle,42969dc451bbd28e8cd3cb77167facb14a589d75dcd5e0813872ce2c2bbe3f66,20260916,0.11.0,22,supply,orders,False,15,15,O4,5,BASE,POWER,16.700000000000003,1,REGION,THRESHOLD,0,0,1
lifecycle,42969dc451bbd28e8cd3cb77167facb14a589d75dcd5e0813872ce2c2bbe3f66,20260916,0.11.0,22,supply,orders,False,15,15,O5,6,REGION,POWER,16.700000000000003,1,CENTER,THRESHOLD,0,0,1
lifecycle,42969dc451bbd28e8cd3cb77167facb14a589d75dcd5e0813872ce2c2bbe3f66,20260916,0.11.0,22,supply,orders,False,15,15,O6,7,CENTER,POWER,18.0,1,,PERIODIC,0,0,1
lifecycle,42969dc451bbd28e8cd3cb77167facb14a589d75dcd5e0813872ce2c2bbe3f66,20260916,0.11.0,22,supply,orders,False,15,15,O7,9,BASE,POWER,31.133640400741946,1,REGION,THRESHOLD,0,0,1
lifecycle,42969dc451bbd28e8cd3cb77167facb14a589d75dcd5e0813872ce2c2bbe3f66,20260916,0.11.0,22,supply,orders,False,15,15,O8,10,REGION,POWER,31.133640400741946,1,CENTER,THRESHOLD,0,0,1
lifecycle,42969dc451bbd28e8cd3cb77167facb14a589d75dcd5e0813872ce2c2bbe3f66,20260916,0.11.0,22,supply,orders,False,15,15,O9,12,BASE,POWER,36.6,1,REGION,THRESHOLD,0,0,1
lifecycle,42969dc451bbd28e8cd3cb77167facb14a589d75dcd5e0813872ce2c2bbe3f66,20260916,0.11.0,22,supply,orders,False,15,15,O10,13,REGION,POWER,36.6,1,CENTER,THRESHOLD,0,0,1
lifecycle,42969dc451bbd28e8cd3cb77167facb14a589d75dcd5e0813872ce2c2bbe3f66,20260916,0.11.0,22,supply,orders,False,15,15,O11,15,BASE,POWER,56.7,1,REGION,THRESHOLD,0,0,1
lifecycle,42969dc451bbd28e8cd3cb77167facb14a589d75dcd5e0813872ce2c2bbe3f66,20260916,0.11.0,22,supply,orders,False,15,15,O12,16,REGION,POWER,56.7,1,CENTER,THRESHOLD,0,0,1
lifecycle,42969dc451bbd28e8cd3cb77167facb14a589d75dcd5e0813872ce2c2bbe3f66,20260916,0.11.0,22,supply,orders,False,15,15,O13,18,BASE,POWER,60.6,1,REGION,THRESHOLD,0,0,1
lifecycle,42969dc451bbd28e8cd3cb77167facb14a589d75dcd5e0813872ce2c2bbe3f66,20260916,0.11.0,22,supply,orders,False,15,15,O14,19,REGION,POWER,60.6,1,CENTER,THRESHOLD,0,0,1
lifecycle,42969dc451bbd28e8cd3cb77167facb14a589d75dcd5e0813872ce2c2bbe3f66,20260916,0.11.0,22,supply,orders,False,15,15,O15,20,CENTER,POWER,66.0,1,,PERIODIC,0,0,1
lifecycle,42969dc451bbd28e8cd3cb77167facb14a589d75dcd5e0813872ce2c2bbe3f66,20260916,0.11.0,23,supply,orders,False,16,16,O1,1,BASE,POWER,0,2,REGION,THRESHOLD/PERIODIC,0,0,2
lifecycle,42969dc451bbd28e8cd3cb77167facb14a589d75dcd5e0813872ce2c2bbe3f66,20260916,0.11.0,23,supply,orders,False,16,16,O2,2,REGION,POWER,0,2,CENTER,THRESHOLD,0,0,2
lifecycle,42969dc451bbd28e8cd3cb77167facb14a589d75dcd5e0813872ce2c2bbe3f66,20260916,0.11.0,23,supply,orders,False,16,16,O3,3,CENTER,POWER,0,4,,PERIODIC,0,0,4
lifecycle,42969dc451bbd28e8cd3cb77167facb14a589d75dcd5e0813872ce2c2bbe3f66,20260916,0.11.0,23,supply,orders,False,16,16,O4,5,BASE,POWER,32.800000000000004,1,REGION,THRESHOLD,0,0,1
lifecycle,42969dc451bbd28e8cd3cb77167facb14a589d75dcd5e0813872ce2c2bbe3f66,20260916,0.11.0,23,supply,orders,False,16,16,O5,6,REGION,POWER,32.800000000000004,1,CENTER,THRESHOLD,0,0,1
lifecycle,42969dc451bbd28e8cd3cb77167facb14a589d75dcd5e0813872ce2c2bbe3f66,20260916,0.11.0,23,supply,orders,False,16,16,O6,9,BASE,POWER,36.6,2,REGION,THRESHOLD,0,0,2
lifecycle,42969dc451bbd28e8cd3cb77167facb14a589d75dcd5e0813872ce2c2bbe3f66,20260916,0.11.0,23,supply,orders,False,16,16,O7,10,REGION,POWER,36.6,2,CENTER,THRESHOLD,0,0,2
lifecycle,42969dc451bbd28e8cd3cb77167facb14a589d75dcd5e0813872ce2c2bbe3f66,20260916,0.11.0,23,supply,orders,False,16,16,O8,12,BASE,POWER,40.53752630928575,1,REGION,THRESHOLD,0,0,1
lifecycle,42969dc451bbd28e8cd3cb77167facb14a589d75dcd5e0813872ce2c2bbe3f66,20260916,0.11.0,23,supply,orders,False,16,16,O9,13,REGION,POWER,40.53752630928575,1,CENTER,THRESHOLD,0,0,1
lifecycle,42969dc451bbd28e8cd3cb77167facb14a589d75dcd5e0813872ce2c2bbe3f66,20260916,0.11.0,23,supply,orders,False,16,16,O10,15,BASE,POWER,40.637526309285754,1,REGION,THRESHOLD,0,0,1
lifecycle,42969dc451bbd28e8cd3cb77167facb14a589d75dcd5e0813872ce2c2bbe3f66,20260916,0.11.0,23,supply,orders,False,16,16,O11,16,REGION,POWER,40.637526309285754,1,CENTER,THRESHOLD,0,0,1
lifecycle,42969dc451bbd28e8cd3cb77167facb14a589d75dcd5e0813872ce2c2bbe3f66,20260916,0.11.0,23,supply,orders,False,16,16,O12,17,CENTER,POWER,42.0,4,,PERIODIC,0,0,4
lifecycle,42969dc451bbd28e8cd3cb77167facb14a589d75dcd5e0813872ce2c2bbe3f66,20260916,0.11.0,23,supply,orders,False,16,16,O13,19,BASE,POWER,59.4317478023444,1,REGION,THRESHOLD,0,0,1
lifecycle,42969dc451bbd28e8cd3cb77167facb14a589d75dcd5e0813872ce2c2bbe3f66,20260916,0.11.0,23,supply,orders,False,16,16,O14,20,REGION,POWER,59.4317478023444,1,CENTER,THRESHOLD,0,0,1
lifecycle,42969dc451bbd28e8cd3cb77167facb14a589d75dcd5e0813872ce2c2bbe3f66,20260916,0.11.0,23,supply,orders,False,16,16,O15,22,BASE,POWER,64.79999999999998,1,REGION,THRESHOLD,0,0,1
lifecycle,42969dc451bbd28e8cd3cb77167facb14a589d75dcd5e0813872ce2c2bbe3f66,20260916,0.11.0,23,supply,orders,False,16,16,O16,23,REGION,POWER,64.79999999999998,1,CENTER,THRESHOLD,0,0,1
lifecycle,42969dc451bbd28e8cd3cb77167facb14a589d75dcd5e0813872ce2c2bbe3f66,20260916,0.11.0,24,supply,orders,False,16,16,O1,1,BASE,POWER,0,2,REGION,THRESHOLD/PERIODIC,0,0,2
lifecycle,42969dc451bbd28e8cd3cb77167facb14a589d75dcd5e0813872ce2c2bbe3f66,20260916,0.11.0,24,supply,orders,False,16,16,O2,2,REGION,POWER,0,2,CENTER,THRESHOLD,0,0,2
lifecycle,42969dc451bbd28e8cd3cb77167facb14a589d75dcd5e0813872ce2c2bbe3f66,20260916,0.11.0,24,supply,orders,False,16,16,O3,3,CENTER,POWER,0,4,,PERIODIC,0,0,4
lifecycle,42969dc451bbd28e8cd3cb77167facb14a589d75dcd5e0813872ce2c2bbe3f66,20260916,0.11.0,24,supply,orders,False,16,16,O4,5,BASE,POWER,16.800000000000004,1,REGION,THRESHOLD,0,0,1
lifecycle,42969dc451bbd28e8cd3cb77167facb14a589d75dcd5e0813872ce2c2bbe3f66,20260916,0.11.0,24,supply,orders,False,16,16,O5,6,REGION,POWER,16.800000000000004,1,CENTER,THRESHOLD,0,0,1
lifecycle,42969dc451bbd28e8cd3cb77167facb14a589d75dcd5e0813872ce2c2bbe3f66,20260916,0.11.0,24,supply,orders,False,16,16,O6,7,CENTER,POWER,18.0,1,,PERIODIC,0,0,1
lifecycle,42969dc451bbd28e8cd3cb77167facb14a589d75dcd5e0813872ce2c2bbe3f66,20260916,0.11.0,24,supply,orders,False,16,16,O7,9,BASE,POWER,32.7,1,REGION,THRESHOLD,0,0,1
lifecycle,42969dc451bbd28e8cd3cb77167facb14a589d75dcd5e0813872ce2c2bbe3f66,20260916,0.11.0,24,supply,orders,False,16,16,O8,10,REGION,POWER,32.7,1,CENTER,THRESHOLD,0,0,1
lifecycle,42969dc451bbd28e8cd3cb77167facb14a589d75dcd5e0813872ce2c2bbe3f66,20260916,0.11.0,24,supply,orders,False,16,16,O9,12,BASE,POWER,36.6,1,REGION,THRESHOLD,0,0,1
lifecycle,42969dc451bbd28e8cd3cb77167facb14a589d75dcd5e0813872ce2c2bbe3f66,20260916,0.11.0,24,supply,orders,False,16,16,O10,13,REGION,POWER,36.6,1,CENTER,THRESHOLD,0,0,1
lifecycle,42969dc451bbd28e8cd3cb77167facb14a589d75dcd5e0813872ce2c2bbe3f66,20260916,0.11.0,24,supply,orders,False,16,16,O11,15,BASE,POWER,40.6,1,REGION,THRESHOLD,0,0,1
lifecycle,42969dc451bbd28e8cd3cb77167facb14a589d75dcd5e0813872ce2c2bbe3f66,20260916,0.11.0,24,supply,orders,False,16,16,O12,16,REGION,POWER,40.6,1,CENTER,THRESHOLD,0,0,1
lifecycle,42969dc451bbd28e8cd3cb77167facb14a589d75dcd5e0813872ce2c2bbe3f66,20260916,0.11.0,24,supply,orders,False,16,16,O13,17,CENTER,POWER,42.0,1,,PERIODIC,0,0,1
lifecycle,42969dc451bbd28e8cd3cb77167facb14a589d75dcd5e0813872ce2c2bbe3f66,20260916,0.11.0,24,supply,orders,False,16,16,O14,19,BASE,POWER,64.6,1,REGION,THRESHOLD,0,0,1
lifecycle,42969dc451bbd28e8cd3cb77167facb14a589d75dcd5e0813872ce2c2bbe3f66,20260916,0.11.0,24,supply,orders,False,16,16,O15,20,REGION,POWER,64.6,1,CENTER,THRESHOLD,0,0,1
lifecycle,42969dc451bbd28e8cd3cb77167facb14a589d75dcd5e0813872ce2c2bbe3f66,20260916,0.11.0,24,supply,orders,False,16,16,O16,21,CENTER,POWER,66.0,1,,PERIODIC,0,0,1
lifecycle,42969dc451bbd28e8cd3cb77167facb14a589d75dcd5e0813872ce2c2bbe3f66,20260916,0.11.0,25,supply,orders,False,18,18,O1,1,BASE,POWER,0,2,REGION,THRESHOLD/PERIODIC,0,0,2
lifecycle,42969dc451bbd28e8cd3cb77167facb14a589d75dcd5e0813872ce2c2bbe3f66,20260916,0.11.0,25,supply,orders,False,18,18,O2,2,REGION,POWER,0,2,CENTER,THRESHOLD,0,0,2
lifecycle,42969dc451bbd28e8cd3cb77167facb14a589d75dcd5e0813872ce2c2bbe3f66,20260916,0.11.0,25,supply,orders,False,18,18,O3,3,CENTER,POWER,0,4,,PERIODIC,0,0,4
lifecycle,42969dc451bbd28e8cd3cb77167facb14a589d75dcd5e0813872ce2c2bbe3f66,20260916,0.11.0,25,supply,orders,False,18,18,O4,5,BASE,POWER,16.700000000000003,1,REGION,THRESHOLD,0,0,1
lifecycle,42969dc451bbd28e8cd3cb77167facb14a589d75dcd5e0813872ce2c2bbe3f66,20260916,0.11.0,25,supply,orders,False,18,18,O5,6,REGION,POWER,16.700000000000003,1,CENTER,THRESHOLD,0,0,1
lifecycle,42969dc451bbd28e8cd3cb77167facb14a589d75dcd5e0813872ce2c2bbe3f66,20260916,0.11.0,25,supply,orders,False,18,18,O6,8,BASE,POWER,16.800000000000004,1,REGION,THRESHOLD,0,0,1
lifecycle,42969dc451bbd28e8cd3cb77167facb14a589d75dcd5e0813872ce2c2bbe3f66,20260916,0.11.0,25,supply,orders,False,18,18,O7,9,REGION,POWER,16.800000000000004,1,CENTER,THRESHOLD,0,0,1
lifecycle,42969dc451bbd28e8cd3cb77167facb14a589d75dcd5e0813872ce2c2bbe3f66,20260916,0.11.0,25,supply,orders,False,18,18,O8,10,CENTER,POWER,18.0,2,,PERIODIC,0,0,2
lifecycle,42969dc451bbd28e8cd3cb77167facb14a589d75dcd5e0813872ce2c2bbe3f66,20260916,0.11.0,25,supply,orders,False,18,18,O9,12,BASE,POWER,32.800000000000004,1,REGION,THRESHOLD,0,0,1
lifecycle,42969dc451bbd28e8cd3cb77167facb14a589d75dcd5e0813872ce2c2bbe3f66,20260916,0.11.0,25,supply,orders,False,18,18,O10,13,REGION,POWER,32.800000000000004,1,CENTER,THRESHOLD,0,0,1
lifecycle,42969dc451bbd28e8cd3cb77167facb14a589d75dcd5e0813872ce2c2bbe3f66,20260916,0.11.0,25,supply,orders,False,18,18,O11,15,BASE,POWER,40.6,1,REGION,THRESHOLD,0,0,1
lifecycle,42969dc451bbd28e8cd3cb77167facb14a589d75dcd5e0813872ce2c2bbe3f66,20260916,0.11.0,25,supply,orders,False,18,18,O12,16,REGION,POWER,40.6,1,CENTER,THRESHOLD,0,0,1
lifecycle,42969dc451bbd28e8cd3cb77167facb14a589d75dcd5e0813872ce2c2bbe3f66,20260916,0.11.0,25,supply,orders,False,18,18,O13,18,BASE,POWER,56.800000000000004,1,REGION,THRESHOLD,0,0,1
lifecycle,42969dc451bbd28e8cd3cb77167facb14a589d75dcd5e0813872ce2c2bbe3f66,20260916,0.11.0,25,supply,orders,False,18,18,O14,19,REGION,POWER,56.800000000000004,1,CENTER,THRESHOLD,0,0,1
lifecycle,42969dc451bbd28e8cd3cb77167facb14a589d75dcd5e0813872ce2c2bbe3f66,20260916,0.11.0,25,supply,orders,False,18,18,O15,21,BASE,POWER,60.7,1,REGION,THRESHOLD,0,0,1
lifecycle,42969dc451bbd28e8cd3cb77167facb14a589d75dcd5e0813872ce2c2bbe3f66,20260916,0.11.0,25,supply,orders,False,18,18,O16,22,REGION,POWER,60.7,1,CENTER,THRESHOLD,0,0,1
lifecycle,42969dc451bbd28e8cd3cb77167facb14a589d75dcd5e0813872ce2c2bbe3f66,20260916,0.11.0,25,supply,orders,False,18,18,O17,24,BASE,POWER,64.6,1,REGION,THRESHOLD,0,0,1
lifecycle,42969dc451bbd28e8cd3cb77167facb14a589d75dcd5e0813872ce2c2bbe3f66,20260916,0.11.0,25,supply,orders,False,18,18,O18,25,REGION,POWER,64.6,1,CENTER,THRESHOLD,0,0,1
lifecycle,42969dc451bbd28e8cd3cb77167facb14a589d75dcd5e0813872ce2c2bbe3f66,20260916,0.11.0,26,supply,orders,False,12,12,O1,1,BASE,POWER,0,2,REGION,THRESHOLD/PERIODIC,0,0,2
lifecycle,42969dc451bbd28e8cd3cb77167facb14a589d75dcd5e0813872ce2c2bbe3f66,20260916,0.11.0,26,supply,orders,False,12,12,O2,2,REGION,POWER,0,2,CENTER,THRESHOLD,0,0,2
lifecycle,42969dc451bbd28e8cd3cb77167facb14a589d75dcd5e0813872ce2c2bbe3f66,20260916,0.11.0,26,supply,orders,False,12,12,O3,3,CENTER,POWER,0,4,,PERIODIC,0,0,4
lifecycle,42969dc451bbd28e8cd3cb77167facb14a589d75dcd5e0813872ce2c2bbe3f66,20260916,0.11.0,26,supply,orders,False,12,12,O4,5,BASE,POWER,32.800000000000004,1,REGION,THRESHOLD,0,0,1
lifecycle,42969dc451bbd28e8cd3cb77167facb14a589d75dcd5e0813872ce2c2bbe3f66,20260916,0.11.0,26,supply,orders,False,12,12,O5,6,REGION,POWER,32.800000000000004,1,CENTER,THRESHOLD,0,0,1
lifecycle,42969dc451bbd28e8cd3cb77167facb14a589d75dcd5e0813872ce2c2bbe3f66,20260916,0.11.0,26,supply,orders,False,12,12,O6,9,BASE,POWER,36.6,2,REGION,THRESHOLD,0,0,2
lifecycle,42969dc451bbd28e8cd3cb77167facb14a589d75dcd5e0813872ce2c2bbe3f66,20260916,0.11.0,26,supply,orders,False,12,12,O7,10,REGION,POWER,36.6,2,CENTER,THRESHOLD,0,0,2
lifecycle,42969dc451bbd28e8cd3cb77167facb14a589d75dcd5e0813872ce2c2bbe3f66,20260916,0.11.0,26,supply,orders,False,12,12,O8,12,BASE,POWER,40.6,1,REGION,THRESHOLD,0,0,1
lifecycle,42969dc451bbd28e8cd3cb77167facb14a589d75dcd5e0813872ce2c2bbe3f66,20260916,0.11.0,26,supply,orders,False,12,12,O9,13,REGION,POWER,40.6,1,CENTER,THRESHOLD,0,0,1
lifecycle,42969dc451bbd28e8cd3cb77167facb14a589d75dcd5e0813872ce2c2bbe3f66,20260916,0.11.0,26,supply,orders,False,12,12,O10,14,CENTER,POWER,42.0,3,,PERIODIC,0,0,3
lifecycle,42969dc451bbd28e8cd3cb77167facb14a589d75dcd5e0813872ce2c2bbe3f66,20260916,0.11.0,26,supply,orders,False,12,12,O11,16,BASE,POWER,60.7,1,REGION,THRESHOLD,0,0,1
lifecycle,42969dc451bbd28e8cd3cb77167facb14a589d75dcd5e0813872ce2c2bbe3f66,20260916,0.11.0,26,supply,orders,False,12,12,O12,17,REGION,POWER,60.7,1,CENTER,THRESHOLD,0,0,1
lifecycle,42969dc451bbd28e8cd3cb77167facb14a589d75dcd5e0813872ce2c2bbe3f66,20260916,0.11.0,27,supply,orders,False,13,13,O1,1,BASE,POWER,0,2,REGION,THRESHOLD/PERIODIC,0,0,2
lifecycle,42969dc451bbd28e8cd3cb77167facb14a589d75dcd5e0813872ce2c2bbe3f66,20260916,0.11.0,27,supply,orders,False,13,13,O2,2,REGION,POWER,0,2,CENTER,THRESHOLD,0,0,2
lifecycle,42969dc451bbd28e8cd3cb77167facb14a589d75dcd5e0813872ce2c2bbe3f66,20260916,0.11.0,27,supply,orders,False,13,13,O3,3,CENTER,POWER,0,4,,PERIODIC,0,0,4
lifecycle,42969dc451bbd28e8cd3cb77167facb14a589d75dcd5e0813872ce2c2bbe3f66,20260916,0.11.0,27,supply,orders,False,13,13,O4,5,BASE,POWER,16.700000000000003,1,REGION,THRESHOLD,0,0,1
lifecycle,42969dc451bbd28e8cd3cb77167facb14a589d75dcd5e0813872ce2c2bbe3f66,20260916,0.11.0,27,supply,orders,False,13,13,O5,6,REGION,POWER,16.700000000000003,1,CENTER,THRESHOLD,0,0,1
lifecycle,42969dc451bbd28e8cd3cb77167facb14a589d75dcd5e0813872ce2c2bbe3f66,20260916,0.11.0,27,supply,orders,False,13,13,O6,8,BASE,POWER,16.800000000000004,1,REGION,THRESHOLD,0,0,1
lifecycle,42969dc451bbd28e8cd3cb77167facb14a589d75dcd5e0813872ce2c2bbe3f66,20260916,0.11.0,27,supply,orders,False,13,13,O7,9,REGION,POWER,16.800000000000004,1,CENTER,THRESHOLD,0,0,1
lifecycle,42969dc451bbd28e8cd3cb77167facb14a589d75dcd5e0813872ce2c2bbe3f66,20260916,0.11.0,27,supply,orders,False,13,13,O8,10,CENTER,POWER,18.0,2,,PERIODIC,0,0,2
lifecycle,42969dc451bbd28e8cd3cb77167facb14a589d75dcd5e0813872ce2c2bbe3f66,20260916,0.11.0,27,supply,orders,False,13,13,O9,13,BASE,POWER,40.6,2,REGION,THRESHOLD,0,0,2
lifecycle,42969dc451bbd28e8cd3cb77167facb14a589d75dcd5e0813872ce2c2bbe3f66,20260916,0.11.0,27,supply,orders,False,13,13,O10,14,REGION,POWER,40.6,2,CENTER,THRESHOLD,0,0,2
lifecycle,42969dc451bbd28e8cd3cb77167facb14a589d75dcd5e0813872ce2c2bbe3f66,20260916,0.11.0,27,supply,orders,False,13,13,O11,17,BASE,POWER,64.6,2,REGION,THRESHOLD,0,0,2
lifecycle,42969dc451bbd28e8cd3cb77167facb14a589d75dcd5e0813872ce2c2bbe3f66,20260916,0.11.0,27,supply,orders,False,13,13,O12,18,REGION,POWER,64.6,2,CENTER,THRESHOLD,0,0,2
lifecycle,42969dc451bbd28e8cd3cb77167facb14a589d75dcd5e0813872ce2c2bbe3f66,20260916,0.11.0,27,supply,orders,False,13,13,O13,19,CENTER,POWER,66.0,2,,PERIODIC,0,0,2
lifecycle,42969dc451bbd28e8cd3cb77167facb14a589d75dcd5e0813872ce2c2bbe3f66,20260916,0.11.0,28,supply,orders,False,20,20,O1,1,BASE,POWER,0,2,REGION,THRESHOLD/PERIODIC,0,0,2
lifecycle,42969dc451bbd28e8cd3cb77167facb14a589d75dcd5e0813872ce2c2bbe3f66,20260916,0.11.0,28,supply,orders,False,20,20,O2,2,REGION,POWER,0,2,CENTER,THRESHOLD,0,0,2
lifecycle,42969dc451bbd28e8cd3cb77167facb14a589d75dcd5e0813872ce2c2bbe3f66,20260916,0.11.0,28,supply,orders,False,20,20,O3,3,CENTER,POWER,0,4,,PERIODIC,0,0,4
lifecycle,42969dc451bbd28e8cd3cb77167facb14a589d75dcd5e0813872ce2c2bbe3f66,20260916,0.11.0,28,supply,orders,False,20,20,O4,5,BASE,POWER,16.700000000000003,1,REGION,THRESHOLD,0,0,1
lifecycle,42969dc451bbd28e8cd3cb77167facb14a589d75dcd5e0813872ce2c2bbe3f66,20260916,0.11.0,28,supply,orders,False,20,20,O5,6,REGION,POWER,16.700000000000003,1,CENTER,THRESHOLD,0,0,1
lifecycle,42969dc451bbd28e8cd3cb77167facb14a589d75dcd5e0813872ce2c2bbe3f66,20260916,0.11.0,28,supply,orders,False,20,20,O6,8,BASE,POWER,16.800000000000004,1,REGION,THRESHOLD,0,0,1
lifecycle,42969dc451bbd28e8cd3cb77167facb14a589d75dcd5e0813872ce2c2bbe3f66,20260916,0.11.0,28,supply,orders,False,20,20,O7,9,REGION,POWER,16.800000000000004,1,CENTER,THRESHOLD,0,0,1
lifecycle,42969dc451bbd28e8cd3cb77167facb14a589d75dcd5e0813872ce2c2bbe3f66,20260916,0.11.0,28,supply,orders,False,20,20,O8,10,CENTER,POWER,18.0,2,,PERIODIC,0,0,2
lifecycle,42969dc451bbd28e8cd3cb77167facb14a589d75dcd5e0813872ce2c2bbe3f66,20260916,0.11.0,28,supply,orders,False,20,20,O9,12,BASE,POWER,32.7,1,REGION,THRESHOLD,0,0,1
lifecycle,42969dc451bbd28e8cd3cb77167facb14a589d75dcd5e0813872ce2c2bbe3f66,20260916,0.11.0,28,supply,orders,False,20,20,O10,13,REGION,POWER,32.7,1,CENTER,THRESHOLD,0,0,1
lifecycle,42969dc451bbd28e8cd3cb77167facb14a589d75dcd5e0813872ce2c2bbe3f66,20260916,0.11.0,28,supply,orders,False,20,20,O11,15,BASE,POWER,32.800000000000004,1,REGION,THRESHOLD,0,0,1
lifecycle,42969dc451bbd28e8cd3cb77167facb14a589d75dcd5e0813872ce2c2bbe3f66,20260916,0.11.0,28,supply,orders,False,20,20,O12,16,REGION,POWER,32.800000000000004,1,CENTER,THRESHOLD,0,0,1
lifecycle,42969dc451bbd28e8cd3cb77167facb14a589d75dcd5e0813872ce2c2bbe3f66,20260916,0.11.0,28,supply,orders,False,20,20,O13,18,BASE,POWER,56.7,1,REGION,THRESHOLD,0,0,1
lifecycle,42969dc451bbd28e8cd3cb77167facb14a589d75dcd5e0813872ce2c2bbe3f66,20260916,0.11.0,28,supply,orders,False,20,20,O14,19,REGION,POWER,56.7,1,CENTER,THRESHOLD,0,0,1
lifecycle,42969dc451bbd28e8cd3cb77167facb14a589d75dcd5e0813872ce2c2bbe3f66,20260916,0.11.0,28,supply,orders,False,20,20,O15,21,BASE,POWER,60.7,1,REGION,THRESHOLD,0,0,1
lifecycle,42969dc451bbd28e8cd3cb77167facb14a589d75dcd5e0813872ce2c2bbe3f66,20260916,0.11.0,28,supply,orders,False,20,20,O16,22,REGION,POWER,60.7,1,CENTER,THRESHOLD,0,0,1
lifecycle,42969dc451bbd28e8cd3cb77167facb14a589d75dcd5e0813872ce2c2bbe3f66,20260916,0.11.0,28,supply,orders,False,20,20,O17,24,BASE,POWER,60.800000000000004,1,REGION,THRESHOLD,0,0,1
lifecycle,42969dc451bbd28e8cd3cb77167facb14a589d75dcd5e0813872ce2c2bbe3f66,20260916,0.11.0,28,supply,orders,False,20,20,O18,25,REGION,POWER,60.800000000000004,1,CENTER,THRESHOLD,0,0,1
lifecycle,42969dc451bbd28e8cd3cb77167facb14a589d75dcd5e0813872ce2c2bbe3f66,20260916,0.11.0,28,supply,orders,False,20,20,O19,27,BASE,POWER,64.6,1,REGION,THRESHOLD,0,0,1
lifecycle,42969dc451bbd28e8cd3cb77167facb14a589d75dcd5e0813872ce2c2bbe3f66,20260916,0.11.0,28,supply,orders,False,20,20,O20,28,REGION,POWER,64.6,1,CENTER,THRESHOLD,0,0,1
lifecycle,42969dc451bbd28e8cd3cb77167facb14a589d75dcd5e0813872ce2c2bbe3f66,20260916,0.11.0,29,supply,orders,False,17,17,O1,1,BASE,POWER,0,2,REGION,THRESHOLD/PERIODIC,0,0,2
lifecycle,42969dc451bbd28e8cd3cb77167facb14a589d75dcd5e0813872ce2c2bbe3f66,20260916,0.11.0,29,supply,orders,False,17,17,O2,2,REGION,POWER,0,2,CENTER,THRESHOLD,0,0,2
lifecycle,42969dc451bbd28e8cd3cb77167facb14a589d75dcd5e0813872ce2c2bbe3f66,20260916,0.11.0,29,supply,orders,False,17,17,O3,3,CENTER,POWER,0,4,,PERIODIC,0,0,4
lifecycle,42969dc451bbd28e8cd3cb77167facb14a589d75dcd5e0813872ce2c2bbe3f66,20260916,0.11.0,29,supply,orders,False,17,17,O4,5,BASE,POWER,14.8341152166745,1,REGION,THRESHOLD,0,0,1
lifecycle,42969dc451bbd28e8cd3cb77167facb14a589d75dcd5e0813872ce2c2bbe3f66,20260916,0.11.0,29,supply,orders,False,17,17,O5,6,REGION,POWER,14.8341152166745,1,CENTER,THRESHOLD,0,0,1
lifecycle,42969dc451bbd28e8cd3cb77167facb14a589d75dcd5e0813872ce2c2bbe3f66,20260916,0.11.0,29,supply,orders,False,17,17,O6,8,BASE,POWER,32.800000000000004,1,REGION,THRESHOLD,0,0,1
lifecycle,42969dc451bbd28e8cd3cb77167facb14a589d75dcd5e0813872ce2c2bbe3f66,20260916,0.11.0,29,supply,orders,False,17,17,O7,9,REGION,POWER,32.800000000000004,1,CENTER,THRESHOLD,0,0,1
lifecycle,42969dc451bbd28e8cd3cb77167facb14a589d75dcd5e0813872ce2c2bbe3f66,20260916,0.11.0,29,supply,orders,False,17,17,O8,11,BASE,POWER,40.6,1,REGION,THRESHOLD,0,0,1
lifecycle,42969dc451bbd28e8cd3cb77167facb14a589d75dcd5e0813872ce2c2bbe3f66,20260916,0.11.0,29,supply,orders,False,17,17,O9,12,REGION,POWER,40.6,1,CENTER,THRESHOLD,0,0,1
lifecycle,42969dc451bbd28e8cd3cb77167facb14a589d75dcd5e0813872ce2c2bbe3f66,20260916,0.11.0,29,supply,orders,False,17,17,O10,13,CENTER,POWER,42.0,1,,PERIODIC,0,0,1
lifecycle,42969dc451bbd28e8cd3cb77167facb14a589d75dcd5e0813872ce2c2bbe3f66,20260916,0.11.0,29,supply,orders,False,17,17,O11,15,BASE,POWER,56.6,1,REGION,THRESHOLD,0,0,1
lifecycle,42969dc451bbd28e8cd3cb77167facb14a589d75dcd5e0813872ce2c2bbe3f66,20260916,0.11.0,29,supply,orders,False,17,17,O12,16,REGION,POWER,56.6,1,CENTER,THRESHOLD,0,0,1
lifecycle,42969dc451bbd28e8cd3cb77167facb14a589d75dcd5e0813872ce2c2bbe3f66,20260916,0.11.0,29,supply,orders,False,17,17,O13,18,BASE,POWER,58.95682687770231,1,REGION,THRESHOLD,0,0,1
lifecycle,42969dc451bbd28e8cd3cb77167facb14a589d75dcd5e0813872ce2c2bbe3f66,20260916,0.11.0,29,supply,orders,False,17,17,O14,19,REGION,POWER,58.95682687770231,1,CENTER,THRESHOLD,0,0,1
lifecycle,42969dc451bbd28e8cd3cb77167facb14a589d75dcd5e0813872ce2c2bbe3f66,20260916,0.11.0,29,supply,orders,False,17,17,O15,20,CENTER,POWER,60.0,2,,PERIODIC,0,0,2
lifecycle,42969dc451bbd28e8cd3cb77167facb14a589d75dcd5e0813872ce2c2bbe3f66,20260916,0.11.0,29,supply,orders,False,17,17,O16,22,BASE,POWER,64.6,1,REGION,THRESHOLD,0,0,1
lifecycle,42969dc451bbd28e8cd3cb77167facb14a589d75dcd5e0813872ce2c2bbe3f66,20260916,0.11.0,29,supply,orders,False,17,17,O17,23,REGION,POWER,64.6,1,CENTER,THRESHOLD,0,0,1
lifecycle,42969dc451bbd28e8cd3cb77167facb14a589d75dcd5e0813872ce2c2bbe3f66,20260916,0.11.0,30,supply,orders,False,19,19,O1,1,BASE,POWER,0,2,REGION,THRESHOLD/PERIODIC,0,0,2
lifecycle,42969dc451bbd28e8cd3cb77167facb14a589d75dcd5e0813872ce2c2bbe3f66,20260916,0.11.0,30,supply,orders,False,19,19,O2,2,REGION,POWER,0,2,CENTER,THRESHOLD,0,0,2
lifecycle,42969dc451bbd28e8cd3cb77167facb14a589d75dcd5e0813872ce2c2bbe3f66,20260916,0.11.0,30,supply,orders,False,19,19,O3,3,CENTER,POWER,0,4,,PERIODIC,0,0,4
lifecycle,42969dc451bbd28e8cd3cb77167facb14a589d75dcd5e0813872ce2c2bbe3f66,20260916,0.11.0,30,supply,orders,False,19,19,O4,5,BASE,POWER,16.700000000000003,1,REGION,THRESHOLD,0,0,1
lifecycle,42969dc451bbd28e8cd3cb77167facb14a589d75dcd5e0813872ce2c2bbe3f66,20260916,0.11.0,30,supply,orders,False,19,19,O5,6,REGION,POWER,16.700000000000003,1,CENTER,THRESHOLD,0,0,1
lifecycle,42969dc451bbd28e8cd3cb77167facb14a589d75dcd5e0813872ce2c2bbe3f66,20260916,0.11.0,30,supply,orders,False,19,19,O6,7,CENTER,POWER,18.0,1,,PERIODIC,0,0,1
lifecycle,42969dc451bbd28e8cd3cb77167facb14a589d75dcd5e0813872ce2c2bbe3f66,20260916,0.11.0,30,supply,orders,False,19,19,O7,9,BASE,POWER,31.325270775541227,1,REGION,THRESHOLD,0,0,1
lifecycle,42969dc451bbd28e8cd3cb77167facb14a589d75dcd5e0813872ce2c2bbe3f66,20260916,0.11.0,30,supply,orders,False,19,19,O8,10,REGION,POWER,31.325270775541227,1,CENTER,THRESHOLD,0,0,1
lifecycle,42969dc451bbd28e8cd3cb77167facb14a589d75dcd5e0813872ce2c2bbe3f66,20260916,0.11.0,30,supply,orders,False,19,19,O9,12,BASE,POWER,31.42527077554123,1,REGION,THRESHOLD,0,0,1
lifecycle,42969dc451bbd28e8cd3cb77167facb14a589d75dcd5e0813872ce2c2bbe3f66,20260916,0.11.0,30,supply,orders,False,19,19,O10,13,REGION,POWER,31.42527077554123,1,CENTER,THRESHOLD,0,0,1
lifecycle,42969dc451bbd28e8cd3cb77167facb14a589d75dcd5e0813872ce2c2bbe3f66,20260916,0.11.0,30,supply,orders,False,19,19,O11,15,BASE,POWER,36.6,1,REGION,THRESHOLD,0,0,1
lifecycle,42969dc451bbd28e8cd3cb77167facb14a589d75dcd5e0813872ce2c2bbe3f66,20260916,0.11.0,30,supply,orders,False,19,19,O12,16,REGION,POWER,36.6,1,CENTER,THRESHOLD,0,0,1
lifecycle,42969dc451bbd28e8cd3cb77167facb14a589d75dcd5e0813872ce2c2bbe3f66,20260916,0.11.0,30,supply,orders,False,19,19,O13,18,BASE,POWER,60.7,1,REGION,THRESHOLD,0,0,1
lifecycle,42969dc451bbd28e8cd3cb77167facb14a589d75dcd5e0813872ce2c2bbe3f66,20260916,0.11.0,30,supply,orders,False,19,19,O14,19,REGION,POWER,60.7,1,CENTER,THRESHOLD,0,0,1
lifecycle,42969dc451bbd28e8cd3cb77167facb14a589d75dcd5e0813872ce2c2bbe3f66,20260916,0.11.0,30,supply,orders,False,19,19,O15,21,BASE,POWER,60.800000000000004,1,REGION,THRESHOLD,0,0,1
lifecycle,42969dc451bbd28e8cd3cb77167facb14a589d75dcd5e0813872ce2c2bbe3f66,20260916,0.11.0,30,supply,orders,False,19,19,O16,22,REGION,POWER,60.800000000000004,1,CENTER,THRESHOLD,0,0,1
lifecycle,42969dc451bbd28e8cd3cb77167facb14a589d75dcd5e0813872ce2c2bbe3f66,20260916,0.11.0,30,supply,orders,False,19,19,O17,24,BASE,POWER,64.6,1,REGION,THRESHOLD,0,0,1
lifecycle,42969dc451bbd28e8cd3cb77167facb14a589d75dcd5e0813872ce2c2bbe3f66,20260916,0.11.0,30,supply,orders,False,19,19,O18,25,REGION,POWER,64.6,1,CENTER,THRESHOLD,0,0,1
lifecycle,42969dc451bbd28e8cd3cb77167facb14a589d75dcd5e0813872ce2c2bbe3f66,20260916,0.11.0,30,supply,orders,False,19,19,O19,26,CENTER,POWER,66.0,1,,PERIODIC,0,0,1
lifecycle,42969dc451bbd28e8cd3cb77167facb14a589d75dcd5e0813872ce2c2bbe3f66,20260916,0.11.0,31,supply,orders,False,16,16,O1,1,BASE,POWER,0,2,REGION,THRESHOLD/PERIODIC,0,0,2
lifecycle,42969dc451bbd28e8cd3cb77167facb14a589d75dcd5e0813872ce2c2bbe3f66,20260916,0.11.0,31,supply,orders,False,16,16,O2,2,REGION,POWER,0,2,CENTER,THRESHOLD,0,0,2
lifecycle,42969dc451bbd28e8cd3cb77167facb14a589d75dcd5e0813872ce2c2bbe3f66,20260916,0.11.0,31,supply,orders,False,16,16,O3,3,CENTER,POWER,0,4,,PERIODIC,0,0,4
lifecycle,42969dc451bbd28e8cd3cb77167facb14a589d75dcd5e0813872ce2c2bbe3f66,20260916,0.11.0,31,supply,orders,False,16,16,O4,5,BASE,POWER,16.700000000000003,1,REGION,THRESHOLD,0,0,1
lifecycle,42969dc451bbd28e8cd3cb77167facb14a589d75dcd5e0813872ce2c2bbe3f66,20260916,0.11.0,31,supply,orders,False,16,16,O5,6,REGION,POWER,16.700000000000003,1,CENTER,THRESHOLD,0,0,1
lifecycle,42969dc451bbd28e8cd3cb77167facb14a589d75dcd5e0813872ce2c2bbe3f66,20260916,0.11.0,31,supply,orders,False,16,16,O6,8,BASE,POWER,16.800000000000004,1,REGION,THRESHOLD,0,0,1
lifecycle,42969dc451bbd28e8cd3cb77167facb14a589d75dcd5e0813872ce2c2bbe3f66,20260916,0.11.0,31,supply,orders,False,16,16,O7,9,REGION,POWER,16.800000000000004,1,CENTER,THRESHOLD,0,0,1
lifecycle,42969dc451bbd28e8cd3cb77167facb14a589d75dcd5e0813872ce2c2bbe3f66,20260916,0.11.0,31,supply,orders,False,16,16,O8,10,CENTER,POWER,18.0,2,,PERIODIC,0,0,2
lifecycle,42969dc451bbd28e8cd3cb77167facb14a589d75dcd5e0813872ce2c2bbe3f66,20260916,0.11.0,31,supply,orders,False,16,16,O9,12,BASE,POWER,32.7,1,REGION,THRESHOLD,0,0,1
lifecycle,42969dc451bbd28e8cd3cb77167facb14a589d75dcd5e0813872ce2c2bbe3f66,20260916,0.11.0,31,supply,orders,False,16,16,O10,13,REGION,POWER,32.7,1,CENTER,THRESHOLD,0,0,1
lifecycle,42969dc451bbd28e8cd3cb77167facb14a589d75dcd5e0813872ce2c2bbe3f66,20260916,0.11.0,31,supply,orders,False,16,16,O11,15,BASE,POWER,32.800000000000004,1,REGION,THRESHOLD,0,0,1
lifecycle,42969dc451bbd28e8cd3cb77167facb14a589d75dcd5e0813872ce2c2bbe3f66,20260916,0.11.0,31,supply,orders,False,16,16,O12,16,REGION,POWER,32.800000000000004,1,CENTER,THRESHOLD,0,0,1
lifecycle,42969dc451bbd28e8cd3cb77167facb14a589d75dcd5e0813872ce2c2bbe3f66,20260916,0.11.0,31,supply,orders,False,16,16,O13,18,BASE,POWER,56.800000000000004,1,REGION,THRESHOLD,0,0,1
lifecycle,42969dc451bbd28e8cd3cb77167facb14a589d75dcd5e0813872ce2c2bbe3f66,20260916,0.11.0,31,supply,orders,False,16,16,O14,19,REGION,POWER,56.800000000000004,1,CENTER,THRESHOLD,0,0,1
lifecycle,42969dc451bbd28e8cd3cb77167facb14a589d75dcd5e0813872ce2c2bbe3f66,20260916,0.11.0,31,supply,orders,False,16,16,O15,21,BASE,POWER,64.6,1,REGION,THRESHOLD,0,0,1
lifecycle,42969dc451bbd28e8cd3cb77167facb14a589d75dcd5e0813872ce2c2bbe3f66,20260916,0.11.0,31,supply,orders,False,16,16,O16,22,REGION,POWER,64.6,1,CENTER,THRESHOLD,0,0,1
lifecycle,42969dc451bbd28e8cd3cb77167facb14a589d75dcd5e0813872ce2c2bbe3f66,20260916,0.11.0,32,supply,orders,False,19,19,O1,1,BASE,POWER,0,2,REGION,THRESHOLD/PERIODIC,0,0,2
lifecycle,42969dc451bbd28e8cd3cb77167facb14a589d75dcd5e0813872ce2c2bbe3f66,20260916,0.11.0,32,supply,orders,False,19,19,O2,2,REGION,POWER,0,2,CENTER,THRESHOLD,0,0,2
lifecycle,42969dc451bbd28e8cd3cb77167facb14a589d75dcd5e0813872ce2c2bbe3f66,20260916,0.11.0,32,supply,orders,False,19,19,O3,3,CENTER,POWER,0,4,,PERIODIC,0,0,4
lifecycle,42969dc451bbd28e8cd3cb77167facb14a589d75dcd5e0813872ce2c2bbe3f66,20260916,0.11.0,32,supply,orders,False,19,19,O4,5,BASE,POWER,32.7,1,REGION,THRESHOLD,0,0,1
lifecycle,42969dc451bbd28e8cd3cb77167facb14a589d75dcd5e0813872ce2c2bbe3f66,20260916,0.11.0,32,supply,orders,False,19,19,O5,6,REGION,POWER,32.7,1,CENTER,THRESHOLD,0,0,1
lifecycle,42969dc451bbd28e8cd3cb77167facb14a589d75dcd5e0813872ce2c2bbe3f66,20260916,0.11.0,32,supply,orders,False,19,19,O6,8,BASE,POWER,32.800000000000004,1,REGION,THRESHOLD,0,0,1
lifecycle,42969dc451bbd28e8cd3cb77167facb14a589d75dcd5e0813872ce2c2bbe3f66,20260916,0.11.0,32,supply,orders,False,19,19,O7,9,REGION,POWER,32.800000000000004,1,CENTER,THRESHOLD,0,0,1
lifecycle,42969dc451bbd28e8cd3cb77167facb14a589d75dcd5e0813872ce2c2bbe3f66,20260916,0.11.0,32,supply,orders,False,19,19,O8,12,BASE,POWER,36.6,2,REGION,THRESHOLD,0,0,2
lifecycle,42969dc451bbd28e8cd3cb77167facb14a589d75dcd5e0813872ce2c2bbe3f66,20260916,0.11.0,32,supply,orders,False,19,19,O9,13,REGION,POWER,36.6,2,CENTER,THRESHOLD,0,0,2
lifecycle,42969dc451bbd28e8cd3cb77167facb14a589d75dcd5e0813872ce2c2bbe3f66,20260916,0.11.0,32,supply,orders,False,19,19,O10,14,CENTER,POWER,42.0,2,,PERIODIC,0,0,2
lifecycle,42969dc451bbd28e8cd3cb77167facb14a589d75dcd5e0813872ce2c2bbe3f66,20260916,0.11.0,32,supply,orders,False,19,19,O11,16,BASE,POWER,60.7,1,REGION,THRESHOLD,0,0,1
lifecycle,42969dc451bbd28e8cd3cb77167facb14a589d75dcd5e0813872ce2c2bbe3f66,20260916,0.11.0,32,supply,orders,False,19,19,O12,17,REGION,POWER,60.7,1,CENTER,THRESHOLD,0,0,1
lifecycle,42969dc451bbd28e8cd3cb77167facb14a589d75dcd5e0813872ce2c2bbe3f66,20260916,0.11.0,32,supply,orders,False,19,19,O13,19,BASE,POWER,60.800000000000004,1,REGION,THRESHOLD,0,0,1
lifecycle,42969dc451bbd28e8cd3cb77167facb14a589d75dcd5e0813872ce2c2bbe3f66,20260916,0.11.0,32,supply,orders,False,19,19,O14,20,REGION,POWER,60.800000000000004,1,CENTER,THRESHOLD,0,0,1
lifecycle,42969dc451bbd28e8cd3cb77167facb14a589d75dcd5e0813872ce2c2bbe3f66,20260916,0.11.0,32,supply,orders,False,19,19,O15,22,BASE,POWER,64.69999999999999,1,REGION,THRESHOLD,0,0,1
lifecycle,42969dc451bbd28e8cd3cb77167facb14a589d75dcd5e0813872ce2c2bbe3f66,20260916,0.11.0,32,supply,orders,False,19,19,O16,23,REGION,POWER,64.69999999999999,1,CENTER,THRESHOLD,0,0,1
lifecycle,42969dc451bbd28e8cd3cb77167facb14a589d75dcd5e0813872ce2c2bbe3f66,20260916,0.11.0,32,supply,orders,False,19,19,O17,25,BASE,POWER,64.79999999999998,1,REGION,THRESHOLD,0,0,1
lifecycle,42969dc451bbd28e8cd3cb77167facb14a589d75dcd5e0813872ce2c2bbe3f66,20260916,0.11.0,32,supply,orders,False,19,19,O18,26,REGION,POWER,64.79999999999998,1,CENTER,THRESHOLD,0,0,1
lifecycle,42969dc451bbd28e8cd3cb77167facb14a589d75dcd5e0813872ce2c2bbe3f66,20260916,0.11.0,32,supply,orders,False,19,19,O19,27,CENTER,POWER,66.0,2,,PERIODIC,0,0,2
lifecycle,42969dc451bbd28e8cd3cb77167facb14a589d75dcd5e0813872ce2c2bbe3f66,20260916,0.11.0,33,supply,orders,False,19,19,O1,1,BASE,POWER,0,2,REGION,THRESHOLD/PERIODIC,0,0,2
lifecycle,42969dc451bbd28e8cd3cb77167facb14a589d75dcd5e0813872ce2c2bbe3f66,20260916,0.11.0,33,supply,orders,False,19,19,O2,2,REGION,POWER,0,2,CENTER,THRESHOLD,0,0,2
lifecycle,42969dc451bbd28e8cd3cb77167facb14a589d75dcd5e0813872ce2c2bbe3f66,20260916,0.11.0,33,supply,orders,False,19,19,O3,3,CENTER,POWER,0,4,,PERIODIC,0,0,4
lifecycle,42969dc451bbd28e8cd3cb77167facb14a589d75dcd5e0813872ce2c2bbe3f66,20260916,0.11.0,33,supply,orders,False,19,19,O4,5,BASE,POWER,16.700000000000003,1,REGION,THRESHOLD,0,0,1
lifecycle,42969dc451bbd28e8cd3cb77167facb14a589d75dcd5e0813872ce2c2bbe3f66,20260916,0.11.0,33,supply,orders,False,19,19,O5,6,REGION,POWER,16.700000000000003,1,CENTER,THRESHOLD,0,0,1
lifecycle,42969dc451bbd28e8cd3cb77167facb14a589d75dcd5e0813872ce2c2bbe3f66,20260916,0.11.0,33,supply,orders,False,19,19,O6,7,CENTER,POWER,18.0,1,,PERIODIC,0,0,1
lifecycle,42969dc451bbd28e8cd3cb77167facb14a589d75dcd5e0813872ce2c2bbe3f66,20260916,0.11.0,33,supply,orders,False,19,19,O7,9,BASE,POWER,32.7,1,REGION,THRESHOLD,0,0,1
lifecycle,42969dc451bbd28e8cd3cb77167facb14a589d75dcd5e0813872ce2c2bbe3f66,20260916,0.11.0,33,supply,orders,False,19,19,O8,10,REGION,POWER,32.7,1,CENTER,THRESHOLD,0,0,1
lifecycle,42969dc451bbd28e8cd3cb77167facb14a589d75dcd5e0813872ce2c2bbe3f66,20260916,0.11.0,33,supply,orders,False,19,19,O9,12,BASE,POWER,32.800000000000004,1,REGION,THRESHOLD,0,0,1
lifecycle,42969dc451bbd28e8cd3cb77167facb14a589d75dcd5e0813872ce2c2bbe3f66,20260916,0.11.0,33,supply,orders,False,19,19,O10,13,REGION,POWER,32.800000000000004,1,CENTER,THRESHOLD,0,0,1
lifecycle,42969dc451bbd28e8cd3cb77167facb14a589d75dcd5e0813872ce2c2bbe3f66,20260916,0.11.0,33,supply,orders,False,19,19,O11,15,BASE,POWER,35.37259801335352,1,REGION,THRESHOLD,0,0,1
lifecycle,42969dc451bbd28e8cd3cb77167facb14a589d75dcd5e0813872ce2c2bbe3f66,20260916,0.11.0,33,supply,orders,False,19,19,O12,16,REGION,POWER,35.37259801335352,1,CENTER,THRESHOLD,0,0,1
lifecycle,42969dc451bbd28e8cd3cb77167facb14a589d75dcd5e0813872ce2c2bbe3f66,20260916,0.11.0,33,supply,orders,False,19,19,O13,18,BASE,POWER,56.7,1,REGION,THRESHOLD,0,0,1
lifecycle,42969dc451bbd28e8cd3cb77167facb14a589d75dcd5e0813872ce2c2bbe3f66,20260916,0.11.0,33,supply,orders,False,19,19,O14,19,REGION,POWER,56.7,1,CENTER,THRESHOLD,0,0,1
lifecycle,42969dc451bbd28e8cd3cb77167facb14a589d75dcd5e0813872ce2c2bbe3f66,20260916,0.11.0,33,supply,orders,False,19,19,O15,21,BASE,POWER,60.7,1,REGION,THRESHOLD,0,0,1
lifecycle,42969dc451bbd28e8cd3cb77167facb14a589d75dcd5e0813872ce2c2bbe3f66,20260916,0.11.0,33,supply,orders,False,19,19,O16,22,REGION,POWER,60.7,1,CENTER,THRESHOLD,0,0,1
lifecycle,42969dc451bbd28e8cd3cb77167facb14a589d75dcd5e0813872ce2c2bbe3f66,20260916,0.11.0,33,supply,orders,False,19,19,O17,24,BASE,POWER,64.69999999999999,1,REGION,THRESHOLD,0,0,1
lifecycle,42969dc451bbd28e8cd3cb77167facb14a589d75dcd5e0813872ce2c2bbe3f66,20260916,0.11.0,33,supply,orders,False,19,19,O18,25,REGION,POWER,64.69999999999999,1,CENTER,THRESHOLD,0,0,1
lifecycle,42969dc451bbd28e8cd3cb77167facb14a589d75dcd5e0813872ce2c2bbe3f66,20260916,0.11.0,33,supply,orders,False,19,19,O19,26,CENTER,POWER,66.0,1,,PERIODIC,0,0,1
lifecycle,42969dc451bbd28e8cd3cb77167facb14a589d75dcd5e0813872ce2c2bbe3f66,20260916,0.11.0,34,supply,orders,False,17,17,O1,1,BASE,POWER,0,2,REGION,THRESHOLD/PERIODIC,0,0,2
lifecycle,42969dc451bbd28e8cd3cb77167facb14a589d75dcd5e0813872ce2c2bbe3f66,20260916,0.11.0,34,supply,orders,False,17,17,O2,2,REGION,POWER,0,2,CENTER,THRESHOLD,0,0,2
lifecycle,42969dc451bbd28e8cd3cb77167facb14a589d75dcd5e0813872ce2c2bbe3f66,20260916,0.11.0,34,supply,orders,False,17,17,O3,3,CENTER,POWER,0,4,,PERIODIC,0,0,4
lifecycle,42969dc451bbd28e8cd3cb77167facb14a589d75dcd5e0813872ce2c2bbe3f66,20260916,0.11.0,34,supply,orders,False,17,17,O4,5,BASE,POWER,16.700000000000003,1,REGION,THRESHOLD,0,0,1
lifecycle,42969dc451bbd28e8cd3cb77167facb14a589d75dcd5e0813872ce2c2bbe3f66,20260916,0.11.0,34,supply,orders,False,17,17,O5,6,REGION,POWER,16.700000000000003,1,CENTER,THRESHOLD,0,0,1
lifecycle,42969dc451bbd28e8cd3cb77167facb14a589d75dcd5e0813872ce2c2bbe3f66,20260916,0.11.0,34,supply,orders,False,17,17,O6,7,CENTER,POWER,18.0,1,,PERIODIC,0,0,1
lifecycle,42969dc451bbd28e8cd3cb77167facb14a589d75dcd5e0813872ce2c2bbe3f66,20260916,0.11.0,34,supply,orders,False,17,17,O7,9,BASE,POWER,32.800000000000004,1,REGION,THRESHOLD,0,0,1
lifecycle,42969dc451bbd28e8cd3cb77167facb14a589d75dcd5e0813872ce2c2bbe3f66,20260916,0.11.0,34,supply,orders,False,17,17,O8,10,REGION,POWER,32.800000000000004,1,CENTER,THRESHOLD,0,0,1
lifecycle,42969dc451bbd28e8cd3cb77167facb14a589d75dcd5e0813872ce2c2bbe3f66,20260916,0.11.0,34,supply,orders,False,17,17,O9,12,BASE,POWER,35.747377474199205,1,REGION,THRESHOLD,0,0,1
lifecycle,42969dc451bbd28e8cd3cb77167facb14a589d75dcd5e0813872ce2c2bbe3f66,20260916,0.11.0,34,supply,orders,False,17,17,O10,13,REGION,POWER,35.747377474199205,1,CENTER,THRESHOLD,0,0,1
lifecycle,42969dc451bbd28e8cd3cb77167facb14a589d75dcd5e0813872ce2c2bbe3f66,20260916,0.11.0,34,supply,orders,False,17,17,O11,15,BASE,POWER,35.847377474199206,1,REGION,THRESHOLD,0,0,1
lifecycle,42969dc451bbd28e8cd3cb77167facb14a589d75dcd5e0813872ce2c2bbe3f66,20260916,0.11.0,34,supply,orders,False,17,17,O12,16,REGION,POWER,35.847377474199206,1,CENTER,THRESHOLD,0,0,1
lifecycle,42969dc451bbd28e8cd3cb77167facb14a589d75dcd5e0813872ce2c2bbe3f66,20260916,0.11.0,34,supply,orders,False,17,17,O13,17,CENTER,POWER,36.0,1,,PERIODIC,0,0,1
lifecycle,42969dc451bbd28e8cd3cb77167facb14a589d75dcd5e0813872ce2c2bbe3f66,20260916,0.11.0,34,supply,orders,False,17,17,O14,19,BASE,POWER,40.6,1,REGION,THRESHOLD,0,0,1
lifecycle,42969dc451bbd28e8cd3cb77167facb14a589d75dcd5e0813872ce2c2bbe3f66,20260916,0.11.0,34,supply,orders,False,17,17,O15,20,REGION,POWER,40.6,1,CENTER,THRESHOLD,0,0,1
lifecycle,42969dc451bbd28e8cd3cb77167facb14a589d75dcd5e0813872ce2c2bbe3f66,20260916,0.11.0,34,supply,orders,False,17,17,O16,22,BASE,POWER,60.7,1,REGION,THRESHOLD,0,0,1
lifecycle,42969dc451bbd28e8cd3cb77167facb14a589d75dcd5e0813872ce2c2bbe3f66,20260916,0.11.0,34,supply,orders,False,17,17,O17,23,REGION,POWER,60.7,1,CENTER,THRESHOLD,0,0,1
lifecycle,42969dc451bbd28e8cd3cb77167facb14a589d75dcd5e0813872ce2c2bbe3f66,20260916,0.11.0,35,supply,orders,False,20,20,O1,1,BASE,POWER,0,2,REGION,THRESHOLD/PERIODIC,0,0,2
lifecycle,42969dc451bbd28e8cd3cb77167facb14a589d75dcd5e0813872ce2c2bbe3f66,20260916,0.11.0,35,supply,orders,False,20,20,O2,2,REGION,POWER,0,2,CENTER,THRESHOLD,0,0,2
lifecycle,42969dc451bbd28e8cd3cb77167facb14a589d75dcd5e0813872ce2c2bbe3f66,20260916,0.11.0,35,supply,orders,False,20,20,O3,3,CENTER,POWER,0,4,,PERIODIC,0,0,4
lifecycle,42969dc451bbd28e8cd3cb77167facb14a589d75dcd5e0813872ce2c2bbe3f66,20260916,0.11.0,35,supply,orders,False,20,20,O4,5,BASE,POWER,16.800000000000004,1,REGION,THRESHOLD,0,0,1
lifecycle,42969dc451bbd28e8cd3cb77167facb14a589d75dcd5e0813872ce2c2bbe3f66,20260916,0.11.0,35,supply,orders,False,20,20,O5,6,REGION,POWER,16.800000000000004,1,CENTER,THRESHOLD,0,0,1
lifecycle,42969dc451bbd28e8cd3cb77167facb14a589d75dcd5e0813872ce2c2bbe3f66,20260916,0.11.0,35,supply,orders,False,20,20,O6,7,CENTER,POWER,18.0,1,,PERIODIC,0,0,1
lifecycle,42969dc451bbd28e8cd3cb77167facb14a589d75dcd5e0813872ce2c2bbe3f66,20260916,0.11.0,35,supply,orders,False,20,20,O7,9,BASE,POWER,32.7,1,REGION,THRESHOLD,0,0,1
lifecycle,42969dc451bbd28e8cd3cb77167facb14a589d75dcd5e0813872ce2c2bbe3f66,20260916,0.11.0,35,supply,orders,False,20,20,O8,10,REGION,POWER,32.7,1,CENTER,THRESHOLD,0,0,1
lifecycle,42969dc451bbd28e8cd3cb77167facb14a589d75dcd5e0813872ce2c2bbe3f66,20260916,0.11.0,35,supply,orders,False,20,20,O9,12,BASE,POWER,36.6,1,REGION,THRESHOLD,0,0,1
lifecycle,42969dc451bbd28e8cd3cb77167facb14a589d75dcd5e0813872ce2c2bbe3f66,20260916,0.11.0,35,supply,orders,False,20,20,O10,13,REGION,POWER,36.6,1,CENTER,THRESHOLD,0,0,1
lifecycle,42969dc451bbd28e8cd3cb77167facb14a589d75dcd5e0813872ce2c2bbe3f66,20260916,0.11.0,35,supply,orders,False,20,20,O11,15,BASE,POWER,40.6,1,REGION,THRESHOLD,0,0,1
lifecycle,42969dc451bbd28e8cd3cb77167facb14a589d75dcd5e0813872ce2c2bbe3f66,20260916,0.11.0,35,supply,orders,False,20,20,O12,16,REGION,POWER,40.6,1,CENTER,THRESHOLD,0,0,1
lifecycle,42969dc451bbd28e8cd3cb77167facb14a589d75dcd5e0813872ce2c2bbe3f66,20260916,0.11.0,35,supply,orders,False,20,20,O13,17,CENTER,POWER,42.0,1,,PERIODIC,0,0,1
lifecycle,42969dc451bbd28e8cd3cb77167facb14a589d75dcd5e0813872ce2c2bbe3f66,20260916,0.11.0,35,supply,orders,False,20,20,O14,19,BASE,POWER,56.7,1,REGION,THRESHOLD,0,0,1
lifecycle,42969dc451bbd28e8cd3cb77167facb14a589d75dcd5e0813872ce2c2bbe3f66,20260916,0.11.0,35,supply,orders,False,20,20,O15,20,REGION,POWER,56.7,1,CENTER,THRESHOLD,0,0,1
lifecycle,42969dc451bbd28e8cd3cb77167facb14a589d75dcd5e0813872ce2c2bbe3f66,20260916,0.11.0,35,supply,orders,False,20,20,O16,22,BASE,POWER,60.7,1,REGION,THRESHOLD,0,0,1
lifecycle,42969dc451bbd28e8cd3cb77167facb14a589d75dcd5e0813872ce2c2bbe3f66,20260916,0.11.0,35,supply,orders,False,20,20,O17,23,REGION,POWER,60.7,1,CENTER,THRESHOLD,0,0,1
lifecycle,42969dc451bbd28e8cd3cb77167facb14a589d75dcd5e0813872ce2c2bbe3f66,20260916,0.11.0,35,supply,orders,False,20,20,O18,25,BASE,POWER,64.69999999999999,1,REGION,THRESHOLD,0,0,1
lifecycle,42969dc451bbd28e8cd3cb77167facb14a589d75dcd5e0813872ce2c2bbe3f66,20260916,0.11.0,35,supply,orders,False,20,20,O19,26,REGION,POWER,64.69999999999999,1,CENTER,THRESHOLD,0,0,1
lifecycle,42969dc451bbd28e8cd3cb77167facb14a589d75dcd5e0813872ce2c2bbe3f66,20260916,0.11.0,35,supply,orders,False,20,20,O20,27,CENTER,POWER,66.0,1,,PERIODIC,0,0,1
lifecycle,42969dc451bbd28e8cd3cb77167facb14a589d75dcd5e0813872ce2c2bbe3f66,20260916,0.11.0,36,supply,orders,False,21,21,O1,1,BASE,POWER,0,2,REGION,THRESHOLD/PERIODIC,0,0,2
lifecycle,42969dc451bbd28e8cd3cb77167facb14a589d75dcd5e0813872ce2c2bbe3f66,20260916,0.11.0,36,supply,orders,False,21,21,O2,2,REGION,POWER,0,2,CENTER,THRESHOLD,0,0,2
lifecycle,42969dc451bbd28e8cd3cb77167facb14a589d75dcd5e0813872ce2c2bbe3f66,20260916,0.11.0,36,supply,orders,False,21,21,O3,3,CENTER,POWER,0,4,,PERIODIC,0,0,4
lifecycle,42969dc451bbd28e8cd3cb77167facb14a589d75dcd5e0813872ce2c2bbe3f66,20260916,0.11.0,36,supply,orders,False,21,21,O4,5,BASE,POWER,16.800000000000004,1,REGION,THRESHOLD,0,0,1
lifecycle,42969dc451bbd28e8cd3cb77167facb14a589d75dcd5e0813872ce2c2bbe3f66,20260916,0.11.0,36,supply,orders,False,21,21,O5,6,REGION,POWER,16.800000000000004,1,CENTER,THRESHOLD,0,0,1
lifecycle,42969dc451bbd28e8cd3cb77167facb14a589d75dcd5e0813872ce2c2bbe3f66,20260916,0.11.0,36,supply,orders,False,21,21,O6,7,CENTER,POWER,18.0,1,,PERIODIC,0,0,1
lifecycle,42969dc451bbd28e8cd3cb77167facb14a589d75dcd5e0813872ce2c2bbe3f66,20260916,0.11.0,36,supply,orders,False,21,21,O7,9,BASE,POWER,32.7,1,REGION,THRESHOLD,0,0,1
lifecycle,42969dc451bbd28e8cd3cb77167facb14a589d75dcd5e0813872ce2c2bbe3f66,20260916,0.11.0,36,supply,orders,False,21,21,O8,10,REGION,POWER,32.7,1,CENTER,THRESHOLD,0,0,1
lifecycle,42969dc451bbd28e8cd3cb77167facb14a589d75dcd5e0813872ce2c2bbe3f66,20260916,0.11.0,36,supply,orders,False,21,21,O9,12,BASE,POWER,32.800000000000004,1,REGION,THRESHOLD,0,0,1
lifecycle,42969dc451bbd28e8cd3cb77167facb14a589d75dcd5e0813872ce2c2bbe3f66,20260916,0.11.0,36,supply,orders,False,21,21,O10,13,REGION,POWER,32.800000000000004,1,CENTER,THRESHOLD,0,0,1
lifecycle,42969dc451bbd28e8cd3cb77167facb14a589d75dcd5e0813872ce2c2bbe3f66,20260916,0.11.0,36,supply,orders,False,21,21,O11,15,BASE,POWER,36.6,1,REGION,THRESHOLD,0,0,1
lifecycle,42969dc451bbd28e8cd3cb77167facb14a589d75dcd5e0813872ce2c2bbe3f66,20260916,0.11.0,36,supply,orders,False,21,21,O12,16,REGION,POWER,36.6,1,CENTER,THRESHOLD,0,0,1
lifecycle,42969dc451bbd28e8cd3cb77167facb14a589d75dcd5e0813872ce2c2bbe3f66,20260916,0.11.0,36,supply,orders,False,21,21,O13,18,BASE,POWER,60.7,1,REGION,THRESHOLD,0,0,1
lifecycle,42969dc451bbd28e8cd3cb77167facb14a589d75dcd5e0813872ce2c2bbe3f66,20260916,0.11.0,36,supply,orders,False,21,21,O14,19,REGION,POWER,60.7,1,CENTER,THRESHOLD,0,0,1
lifecycle,42969dc451bbd28e8cd3cb77167facb14a589d75dcd5e0813872ce2c2bbe3f66,20260916,0.11.0,36,supply,orders,False,21,21,O15,21,BASE,POWER,60.800000000000004,1,REGION,THRESHOLD,0,0,1
lifecycle,42969dc451bbd28e8cd3cb77167facb14a589d75dcd5e0813872ce2c2bbe3f66,20260916,0.11.0,36,supply,orders,False,21,21,O16,22,REGION,POWER,60.800000000000004,1,CENTER,THRESHOLD,0,0,1
lifecycle,42969dc451bbd28e8cd3cb77167facb14a589d75dcd5e0813872ce2c2bbe3f66,20260916,0.11.0,36,supply,orders,False,21,21,O17,24,BASE,POWER,64.6,1,REGION,THRESHOLD,0,0,1
lifecycle,42969dc451bbd28e8cd3cb77167facb14a589d75dcd5e0813872ce2c2bbe3f66,20260916,0.11.0,36,supply,orders,False,21,21,O18,25,REGION,POWER,64.6,1,CENTER,THRESHOLD,0,0,1
lifecycle,42969dc451bbd28e8cd3cb77167facb14a589d75dcd5e0813872ce2c2bbe3f66,20260916,0.11.0,36,supply,orders,False,21,21,O19,27,BASE,POWER,64.69999999999999,1,REGION,THRESHOLD,0,0,1
lifecycle,42969dc451bbd28e8cd3cb77167facb14a589d75dcd5e0813872ce2c2bbe3f66,20260916,0.11.0,36,supply,orders,False,21,21,O20,28,REGION,POWER,64.69999999999999,1,CENTER,THRESHOLD,0,0,1
lifecycle,42969dc451bbd28e8cd3cb77167facb14a589d75dcd5e0813872ce2c2bbe3f66,20260916,0.11.0,36,supply,orders,False,21,21,O21,29,CENTER,POWER,66.0,2,,PERIODIC,0,0,2
lifecycle,42969dc451bbd28e8cd3cb77167facb14a589d75dcd5e0813872ce2c2bbe3f66,20260916,0.11.0,37,supply,orders,False,19,19,O1,1,BASE,POWER,0,2,REGION,THRESHOLD/PERIODIC,0,0,2
lifecycle,42969dc451bbd28e8cd3cb77167facb14a589d75dcd5e0813872ce2c2bbe3f66,20260916,0.11.0,37,supply,orders,False,19,19,O2,2,REGION,POWER,0,2,CENTER,THRESHOLD,0,0,2
lifecycle,42969dc451bbd28e8cd3cb77167facb14a589d75dcd5e0813872ce2c2bbe3f66,20260916,0.11.0,37,supply,orders,False,19,19,O3,3,CENTER,POWER,0,4,,PERIODIC,0,0,4
lifecycle,42969dc451bbd28e8cd3cb77167facb14a589d75dcd5e0813872ce2c2bbe3f66,20260916,0.11.0,37,supply,orders,False,19,19,O4,5,BASE,POWER,16.700000000000003,1,REGION,THRESHOLD,0,0,1
lifecycle,42969dc451bbd28e8cd3cb77167facb14a589d75dcd5e0813872ce2c2bbe3f66,20260916,0.11.0,37,supply,orders,False,19,19,O5,6,REGION,POWER,16.700000000000003,1,CENTER,THRESHOLD,0,0,1
lifecycle,42969dc451bbd28e8cd3cb77167facb14a589d75dcd5e0813872ce2c2bbe3f66,20260916,0.11.0,37,supply,orders,False,19,19,O6,7,CENTER,POWER,18.0,1,,PERIODIC,0,0,1
lifecycle,42969dc451bbd28e8cd3cb77167facb14a589d75dcd5e0813872ce2c2bbe3f66,20260916,0.11.0,37,supply,orders,False,19,19,O7,9,BASE,POWER,30.761047161468582,1,REGION,THRESHOLD,0,0,1
lifecycle,42969dc451bbd28e8cd3cb77167facb14a589d75dcd5e0813872ce2c2bbe3f66,20260916,0.11.0,37,supply,orders,False,19,19,O8,10,REGION,POWER,30.761047161468582,1,CENTER,THRESHOLD,0,0,1
lifecycle,42969dc451bbd28e8cd3cb77167facb14a589d75dcd5e0813872ce2c2bbe3f66,20260916,0.11.0,37,supply,orders,False,19,19,O9,12,BASE,POWER,36.6,1,REGION,THRESHOLD,0,0,1
lifecycle,42969dc451bbd28e8cd3cb77167facb14a589d75dcd5e0813872ce2c2bbe3f66,20260916,0.11.0,37,supply,orders,False,19,19,O10,13,REGION,POWER,36.6,1,CENTER,THRESHOLD,0,0,1
lifecycle,42969dc451bbd28e8cd3cb77167facb14a589d75dcd5e0813872ce2c2bbe3f66,20260916,0.11.0,37,supply,orders,False,19,19,O11,15,BASE,POWER,60.6,1,REGION,THRESHOLD,0,0,1
lifecycle,42969dc451bbd28e8cd3cb77167facb14a589d75dcd5e0813872ce2c2bbe3f66,20260916,0.11.0,37,supply,orders,False,19,19,O12,16,REGION,POWER,60.6,1,CENTER,THRESHOLD,0,0,1
lifecycle,42969dc451bbd28e8cd3cb77167facb14a589d75dcd5e0813872ce2c2bbe3f66,20260916,0.11.0,37,supply,orders,False,19,19,O13,18,BASE,POWER,60.7,1,REGION,THRESHOLD,0,0,1
lifecycle,42969dc451bbd28e8cd3cb77167facb14a589d75dcd5e0813872ce2c2bbe3f66,20260916,0.11.0,37,supply,orders,False,19,19,O14,19,REGION,POWER,60.7,1,CENTER,THRESHOLD,0,0,1
lifecycle,42969dc451bbd28e8cd3cb77167facb14a589d75dcd5e0813872ce2c2bbe3f66,20260916,0.11.0,37,supply,orders,False,19,19,O15,21,BASE,POWER,64.6,1,REGION,THRESHOLD,0,0,1
lifecycle,42969dc451bbd28e8cd3cb77167facb14a589d75dcd5e0813872ce2c2bbe3f66,20260916,0.11.0,37,supply,orders,False,19,19,O16,22,REGION,POWER,64.6,1,CENTER,THRESHOLD,0,0,1
lifecycle,42969dc451bbd28e8cd3cb77167facb14a589d75dcd5e0813872ce2c2bbe3f66,20260916,0.11.0,37,supply,orders,False,19,19,O17,24,BASE,POWER,64.69999999999999,1,REGION,THRESHOLD,0,0,1
lifecycle,42969dc451bbd28e8cd3cb77167facb14a589d75dcd5e0813872ce2c2bbe3f66,20260916,0.11.0,37,supply,orders,False,19,19,O18,25,REGION,POWER,64.69999999999999,1,CENTER,THRESHOLD,0,0,1
lifecycle,42969dc451bbd28e8cd3cb77167facb14a589d75dcd5e0813872ce2c2bbe3f66,20260916,0.11.0,37,supply,orders,False,19,19,O19,26,CENTER,POWER,66.0,3,,PERIODIC,0,0,3
lifecycle,42969dc451bbd28e8cd3cb77167facb14a589d75dcd5e0813872ce2c2bbe3f66,20260916,0.11.0,38,supply,orders,False,20,20,O1,1,BASE,POWER,0,2,REGION,THRESHOLD/PERIODIC,0,0,2
lifecycle,42969dc451bbd28e8cd3cb77167facb14a589d75dcd5e0813872ce2c2bbe3f66,20260916,0.11.0,38,supply,orders,False,20,20,O2,2,REGION,POWER,0,2,CENTER,THRESHOLD,0,0,2
lifecycle,42969dc451bbd28e8cd3cb77167facb14a589d75dcd5e0813872ce2c2bbe3f66,20260916,0.11.0,38,supply,orders,False,20,20,O3,3,CENTER,POWER,0,4,,PERIODIC,0,0,4
lifecycle,42969dc451bbd28e8cd3cb77167facb14a589d75dcd5e0813872ce2c2bbe3f66,20260916,0.11.0,38,supply,orders,False,20,20,O4,5,BASE,POWER,16.800000000000004,1,REGION,THRESHOLD,0,0,1
lifecycle,42969dc451bbd28e8cd3cb77167facb14a589d75dcd5e0813872ce2c2bbe3f66,20260916,0.11.0,38,supply,orders,False,20,20,O5,6,REGION,POWER,16.800000000000004,1,CENTER,THRESHOLD,0,0,1
lifecycle,42969dc451bbd28e8cd3cb77167facb14a589d75dcd5e0813872ce2c2bbe3f66,20260916,0.11.0,38,supply,orders,False,20,20,O6,7,CENTER,POWER,18.0,1,,PERIODIC,0,0,1
lifecycle,42969dc451bbd28e8cd3cb77167facb14a589d75dcd5e0813872ce2c2bbe3f66,20260916,0.11.0,38,supply,orders,False,20,20,O7,9,BASE,POWER,32.800000000000004,1,REGION,THRESHOLD,0,0,1
lifecycle,42969dc451bbd28e8cd3cb77167facb14a589d75dcd5e0813872ce2c2bbe3f66,20260916,0.11.0,38,supply,orders,False,20,20,O8,10,REGION,POWER,32.800000000000004,1,CENTER,THRESHOLD,0,0,1
lifecycle,42969dc451bbd28e8cd3cb77167facb14a589d75dcd5e0813872ce2c2bbe3f66,20260916,0.11.0,38,supply,orders,False,20,20,O9,12,BASE,POWER,36.6,1,REGION,THRESHOLD,0,0,1
lifecycle,42969dc451bbd28e8cd3cb77167facb14a589d75dcd5e0813872ce2c2bbe3f66,20260916,0.11.0,38,supply,orders,False,20,20,O10,13,REGION,POWER,36.6,1,CENTER,THRESHOLD,0,0,1
lifecycle,42969dc451bbd28e8cd3cb77167facb14a589d75dcd5e0813872ce2c2bbe3f66,20260916,0.11.0,38,supply,orders,False,20,20,O11,15,BASE,POWER,40.6,1,REGION,THRESHOLD,0,0,1
lifecycle,42969dc451bbd28e8cd3cb77167facb14a589d75dcd5e0813872ce2c2bbe3f66,20260916,0.11.0,38,supply,orders,False,20,20,O12,16,REGION,POWER,40.6,1,CENTER,THRESHOLD,0,0,1
lifecycle,42969dc451bbd28e8cd3cb77167facb14a589d75dcd5e0813872ce2c2bbe3f66,20260916,0.11.0,38,supply,orders,False,20,20,O13,17,CENTER,POWER,42.0,1,,PERIODIC,0,0,1
lifecycle,42969dc451bbd28e8cd3cb77167facb14a589d75dcd5e0813872ce2c2bbe3f66,20260916,0.11.0,38,supply,orders,False,20,20,O14,19,BASE,POWER,60.7,1,REGION,THRESHOLD,0,0,1
lifecycle,42969dc451bbd28e8cd3cb77167facb14a589d75dcd5e0813872ce2c2bbe3f66,20260916,0.11.0,38,supply,orders,False,20,20,O15,20,REGION,POWER,60.7,1,CENTER,THRESHOLD,0,0,1
lifecycle,42969dc451bbd28e8cd3cb77167facb14a589d75dcd5e0813872ce2c2bbe3f66,20260916,0.11.0,38,supply,orders,False,20,20,O16,22,BASE,POWER,64.6,1,REGION,THRESHOLD,0,0,1
lifecycle,42969dc451bbd28e8cd3cb77167facb14a589d75dcd5e0813872ce2c2bbe3f66,20260916,0.11.0,38,supply,orders,False,20,20,O17,23,REGION,POWER,64.6,1,CENTER,THRESHOLD,0,0,1
lifecycle,42969dc451bbd28e8cd3cb77167facb14a589d75dcd5e0813872ce2c2bbe3f66,20260916,0.11.0,38,supply,orders,False,20,20,O18,25,BASE,POWER,64.69999999999999,1,REGION,THRESHOLD,0,0,1
lifecycle,42969dc451bbd28e8cd3cb77167facb14a589d75dcd5e0813872ce2c2bbe3f66,20260916,0.11.0,38,supply,orders,False,20,20,O19,26,REGION,POWER,64.69999999999999,1,CENTER,THRESHOLD,0,0,1
lifecycle,42969dc451bbd28e8cd3cb77167facb14a589d75dcd5e0813872ce2c2bbe3f66,20260916,0.11.0,38,supply,orders,False,20,20,O20,27,CENTER,POWER,66.0,2,,PERIODIC,0,0,2
lifecycle,42969dc451bbd28e8cd3cb77167facb14a589d75dcd5e0813872ce2c2bbe3f66,20260916,0.11.0,39,supply,orders,False,15,15,O1,1,BASE,POWER,0,2,REGION,THRESHOLD/PERIODIC,0,0,2
lifecycle,42969dc451bbd28e8cd3cb77167facb14a589d75dcd5e0813872ce2c2bbe3f66,20260916,0.11.0,39,supply,orders,False,15,15,O2,2,REGION,POWER,0,2,CENTER,THRESHOLD,0,0,2
lifecycle,42969dc451bbd28e8cd3cb77167facb14a589d75dcd5e0813872ce2c2bbe3f66,20260916,0.11.0,39,supply,orders,False,15,15,O3,3,CENTER,POWER,0,4,,PERIODIC,0,0,4
lifecycle,42969dc451bbd28e8cd3cb77167facb14a589d75dcd5e0813872ce2c2bbe3f66,20260916,0.11.0,39,supply,orders,False,15,15,O4,5,BASE,POWER,16.700000000000003,1,REGION,THRESHOLD,0,0,1
lifecycle,42969dc451bbd28e8cd3cb77167facb14a589d75dcd5e0813872ce2c2bbe3f66,20260916,0.11.0,39,supply,orders,False,15,15,O5,6,REGION,POWER,16.700000000000003,1,CENTER,THRESHOLD,0,0,1
lifecycle,42969dc451bbd28e8cd3cb77167facb14a589d75dcd5e0813872ce2c2bbe3f66,20260916,0.11.0,39,supply,orders,False,15,15,O6,7,CENTER,POWER,18.0,1,,PERIODIC,0,0,1
lifecycle,42969dc451bbd28e8cd3cb77167facb14a589d75dcd5e0813872ce2c2bbe3f66,20260916,0.11.0,39,supply,orders,False,15,15,O7,9,BASE,POWER,32.800000000000004,1,REGION,THRESHOLD,0,0,1
lifecycle,42969dc451bbd28e8cd3cb77167facb14a589d75dcd5e0813872ce2c2bbe3f66,20260916,0.11.0,39,supply,orders,False,15,15,O8,10,REGION,POWER,32.800000000000004,1,CENTER,THRESHOLD,0,0,1
lifecycle,42969dc451bbd28e8cd3cb77167facb14a589d75dcd5e0813872ce2c2bbe3f66,20260916,0.11.0,39,supply,orders,False,15,15,O9,12,BASE,POWER,36.6,1,REGION,THRESHOLD,0,0,1
lifecycle,42969dc451bbd28e8cd3cb77167facb14a589d75dcd5e0813872ce2c2bbe3f66,20260916,0.11.0,39,supply,orders,False,15,15,O10,13,REGION,POWER,36.6,1,CENTER,THRESHOLD,0,0,1
lifecycle,42969dc451bbd28e8cd3cb77167facb14a589d75dcd5e0813872ce2c2bbe3f66,20260916,0.11.0,39,supply,orders,False,15,15,O11,15,BASE,POWER,40.6,1,REGION,THRESHOLD,0,0,1
lifecycle,42969dc451bbd28e8cd3cb77167facb14a589d75dcd5e0813872ce2c2bbe3f66,20260916,0.11.0,39,supply,orders,False,15,15,O12,16,REGION,POWER,40.6,1,CENTER,THRESHOLD,0,0,1
lifecycle,42969dc451bbd28e8cd3cb77167facb14a589d75dcd5e0813872ce2c2bbe3f66,20260916,0.11.0,39,supply,orders,False,15,15,O13,17,CENTER,POWER,42.0,1,,PERIODIC,0,0,1
lifecycle,42969dc451bbd28e8cd3cb77167facb14a589d75dcd5e0813872ce2c2bbe3f66,20260916,0.11.0,39,supply,orders,False,15,15,O14,19,BASE,POWER,56.7,1,REGION,THRESHOLD,0,0,1
lifecycle,42969dc451bbd28e8cd3cb77167facb14a589d75dcd5e0813872ce2c2bbe3f66,20260916,0.11.0,39,supply,orders,False,15,15,O15,20,REGION,POWER,56.7,1,CENTER,THRESHOLD,0,0,1
lifecycle,42969dc451bbd28e8cd3cb77167facb14a589d75dcd5e0813872ce2c2bbe3f66,20260916,0.11.0,40,supply,orders,False,19,19,O1,1,BASE,POWER,0,2,REGION,THRESHOLD/PERIODIC,0,0,2
lifecycle,42969dc451bbd28e8cd3cb77167facb14a589d75dcd5e0813872ce2c2bbe3f66,20260916,0.11.0,40,supply,orders,False,19,19,O2,2,REGION,POWER,0,2,CENTER,THRESHOLD,0,0,2
lifecycle,42969dc451bbd28e8cd3cb77167facb14a589d75dcd5e0813872ce2c2bbe3f66,20260916,0.11.0,40,supply,orders,False,19,19,O3,3,CENTER,POWER,0,4,,PERIODIC,0,0,4
lifecycle,42969dc451bbd28e8cd3cb77167facb14a589d75dcd5e0813872ce2c2bbe3f66,20260916,0.11.0,40,supply,orders,False,19,19,O4,5,BASE,POWER,12.7,1,REGION,THRESHOLD,0,0,1
lifecycle,42969dc451bbd28e8cd3cb77167facb14a589d75dcd5e0813872ce2c2bbe3f66,20260916,0.11.0,40,supply,orders,False,19,19,O5,6,REGION,POWER,12.7,1,CENTER,THRESHOLD,0,0,1
lifecycle,42969dc451bbd28e8cd3cb77167facb14a589d75dcd5e0813872ce2c2bbe3f66,20260916,0.11.0,40,supply,orders,False,19,19,O6,8,BASE,POWER,16.700000000000003,1,REGION,THRESHOLD,0,0,1
lifecycle,42969dc451bbd28e8cd3cb77167facb14a589d75dcd5e0813872ce2c2bbe3f66,20260916,0.11.0,40,supply,orders,False,19,19,O7,9,REGION,POWER,16.700000000000003,1,CENTER,THRESHOLD,0,0,1
lifecycle,42969dc451bbd28e8cd3cb77167facb14a589d75dcd5e0813872ce2c2bbe3f66,20260916,0.11.0,40,supply,orders,False,19,19,O8,10,CENTER,POWER,18.0,1,,PERIODIC,0,0,1
lifecycle,42969dc451bbd28e8cd3cb77167facb14a589d75dcd5e0813872ce2c2bbe3f66,20260916,0.11.0,40,supply,orders,False,19,19,O9,12,BASE,POWER,32.7,1,REGION,THRESHOLD,0,0,1
lifecycle,42969dc451bbd28e8cd3cb77167facb14a589d75dcd5e0813872ce2c2bbe3f66,20260916,0.11.0,40,supply,orders,False,19,19,O10,13,REGION,POWER,32.7,1,CENTER,THRESHOLD,0,0,1
lifecycle,42969dc451bbd28e8cd3cb77167facb14a589d75dcd5e0813872ce2c2bbe3f66,20260916,0.11.0,40,supply,orders,False,19,19,O11,15,BASE,POWER,36.6,1,REGION,THRESHOLD,0,0,1
lifecycle,42969dc451bbd28e8cd3cb77167facb14a589d75dcd5e0813872ce2c2bbe3f66,20260916,0.11.0,40,supply,orders,False,19,19,O12,16,REGION,POWER,36.6,1,CENTER,THRESHOLD,0,0,1
lifecycle,42969dc451bbd28e8cd3cb77167facb14a589d75dcd5e0813872ce2c2bbe3f66,20260916,0.11.0,40,supply,orders,False,19,19,O13,18,BASE,POWER,40.7,1,REGION,THRESHOLD,0,0,1
lifecycle,42969dc451bbd28e8cd3cb77167facb14a589d75dcd5e0813872ce2c2bbe3f66,20260916,0.11.0,40,supply,orders,False,19,19,O14,19,REGION,POWER,40.7,1,CENTER,THRESHOLD,0,0,1
lifecycle,42969dc451bbd28e8cd3cb77167facb14a589d75dcd5e0813872ce2c2bbe3f66,20260916,0.11.0,40,supply,orders,False,19,19,O15,20,CENTER,POWER,42.0,1,,PERIODIC,0,0,1
lifecycle,42969dc451bbd28e8cd3cb77167facb14a589d75dcd5e0813872ce2c2bbe3f66,20260916,0.11.0,40,supply,orders,False,19,19,O16,22,BASE,POWER,56.7,1,REGION,THRESHOLD,0,0,1
lifecycle,42969dc451bbd28e8cd3cb77167facb14a589d75dcd5e0813872ce2c2bbe3f66,20260916,0.11.0,40,supply,orders,False,19,19,O17,23,REGION,POWER,56.7,1,CENTER,THRESHOLD,0,0,1
lifecycle,42969dc451bbd28e8cd3cb77167facb14a589d75dcd5e0813872ce2c2bbe3f66,20260916,0.11.0,40,supply,orders,False,19,19,O18,25,BASE,POWER,60.7,1,REGION,THRESHOLD,0,0,1
lifecycle,42969dc451bbd28e8cd3cb77167facb14a589d75dcd5e0813872ce2c2bbe3f66,20260916,0.11.0,40,supply,orders,False,19,19,O19,26,REGION,POWER,60.7,1,CENTER,THRESHOLD,0,0,1
lifecycle,42969dc451bbd28e8cd3cb77167facb14a589d75dcd5e0813872ce2c2bbe3f66,20260916,0.11.0,41,supply,orders,False,16,16,O1,1,BASE,POWER,0,2,REGION,THRESHOLD/PERIODIC,0,0,2
lifecycle,42969dc451bbd28e8cd3cb77167facb14a589d75dcd5e0813872ce2c2bbe3f66,20260916,0.11.0,41,supply,orders,False,16,16,O2,2,REGION,POWER,0,2,CENTER,THRESHOLD,0,0,2
lifecycle,42969dc451bbd28e8cd3cb77167facb14a589d75dcd5e0813872ce2c2bbe3f66,20260916,0.11.0,41,supply,orders,False,16,16,O3,3,CENTER,POWER,0,4,,PERIODIC,0,0,4
lifecycle,42969dc451bbd28e8cd3cb77167facb14a589d75dcd5e0813872ce2c2bbe3f66,20260916,0.11.0,41,supply,orders,False,16,16,O4,5,BASE,POWER,16.700000000000003,1,REGION,THRESHOLD,0,0,1
lifecycle,42969dc451bbd28e8cd3cb77167facb14a589d75dcd5e0813872ce2c2bbe3f66,20260916,0.11.0,41,supply,orders,False,16,16,O5,6,REGION,POWER,16.700000000000003,1,CENTER,THRESHOLD,0,0,1
lifecycle,42969dc451bbd28e8cd3cb77167facb14a589d75dcd5e0813872ce2c2bbe3f66,20260916,0.11.0,41,supply,orders,False,16,16,O6,7,CENTER,POWER,18.0,1,,PERIODIC,0,0,1
lifecycle,42969dc451bbd28e8cd3cb77167facb14a589d75dcd5e0813872ce2c2bbe3f66,20260916,0.11.0,41,supply,orders,False,16,16,O7,9,BASE,POWER,32.800000000000004,1,REGION,THRESHOLD,0,0,1
lifecycle,42969dc451bbd28e8cd3cb77167facb14a589d75dcd5e0813872ce2c2bbe3f66,20260916,0.11.0,41,supply,orders,False,16,16,O8,10,REGION,POWER,32.800000000000004,1,CENTER,THRESHOLD,0,0,1
lifecycle,42969dc451bbd28e8cd3cb77167facb14a589d75dcd5e0813872ce2c2bbe3f66,20260916,0.11.0,41,supply,orders,False,16,16,O9,12,BASE,POWER,36.6,1,REGION,THRESHOLD,0,0,1
lifecycle,42969dc451bbd28e8cd3cb77167facb14a589d75dcd5e0813872ce2c2bbe3f66,20260916,0.11.0,41,supply,orders,False,16,16,O10,13,REGION,POWER,36.6,1,CENTER,THRESHOLD,0,0,1
lifecycle,42969dc451bbd28e8cd3cb77167facb14a589d75dcd5e0813872ce2c2bbe3f66,20260916,0.11.0,41,supply,orders,False,16,16,O11,15,BASE,POWER,40.6,1,REGION,THRESHOLD,0,0,1
lifecycle,42969dc451bbd28e8cd3cb77167facb14a589d75dcd5e0813872ce2c2bbe3f66,20260916,0.11.0,41,supply,orders,False,16,16,O12,16,REGION,POWER,40.6,1,CENTER,THRESHOLD,0,0,1
lifecycle,42969dc451bbd28e8cd3cb77167facb14a589d75dcd5e0813872ce2c2bbe3f66,20260916,0.11.0,41,supply,orders,False,16,16,O13,17,CENTER,POWER,42.0,1,,PERIODIC,0,0,1
lifecycle,42969dc451bbd28e8cd3cb77167facb14a589d75dcd5e0813872ce2c2bbe3f66,20260916,0.11.0,41,supply,orders,False,16,16,O14,19,BASE,POWER,64.6,1,REGION,THRESHOLD,0,0,1
lifecycle,42969dc451bbd28e8cd3cb77167facb14a589d75dcd5e0813872ce2c2bbe3f66,20260916,0.11.0,41,supply,orders,False,16,16,O15,20,REGION,POWER,64.6,1,CENTER,THRESHOLD,0,0,1
lifecycle,42969dc451bbd28e8cd3cb77167facb14a589d75dcd5e0813872ce2c2bbe3f66,20260916,0.11.0,41,supply,orders,False,16,16,O16,21,CENTER,POWER,66.0,1,,PERIODIC,0,0,1
lifecycle,42969dc451bbd28e8cd3cb77167facb14a589d75dcd5e0813872ce2c2bbe3f66,20260916,0.11.0,42,supply,orders,False,16,16,O1,1,BASE,POWER,0,2,REGION,THRESHOLD/PERIODIC,0,0,2
lifecycle,42969dc451bbd28e8cd3cb77167facb14a589d75dcd5e0813872ce2c2bbe3f66,20260916,0.11.0,42,supply,orders,False,16,16,O2,2,REGION,POWER,0,2,CENTER,THRESHOLD,0,0,2
lifecycle,42969dc451bbd28e8cd3cb77167facb14a589d75dcd5e0813872ce2c2bbe3f66,20260916,0.11.0,42,supply,orders,False,16,16,O3,3,CENTER,POWER,0,4,,PERIODIC,0,0,4
lifecycle,42969dc451bbd28e8cd3cb77167facb14a589d75dcd5e0813872ce2c2bbe3f66,20260916,0.11.0,42,supply,orders,False,16,16,O4,5,BASE,POWER,16.700000000000003,1,REGION,THRESHOLD,0,0,1
lifecycle,42969dc451bbd28e8cd3cb77167facb14a589d75dcd5e0813872ce2c2bbe3f66,20260916,0.11.0,42,supply,orders,False,16,16,O5,6,REGION,POWER,16.700000000000003,1,CENTER,THRESHOLD,0,0,1
lifecycle,42969dc451bbd28e8cd3cb77167facb14a589d75dcd5e0813872ce2c2bbe3f66,20260916,0.11.0,42,supply,orders,False,16,16,O6,8,BASE,POWER,16.800000000000004,1,REGION,THRESHOLD,0,0,1
lifecycle,42969dc451bbd28e8cd3cb77167facb14a589d75dcd5e0813872ce2c2bbe3f66,20260916,0.11.0,42,supply,orders,False,16,16,O7,9,REGION,POWER,16.800000000000004,1,CENTER,THRESHOLD,0,0,1
lifecycle,42969dc451bbd28e8cd3cb77167facb14a589d75dcd5e0813872ce2c2bbe3f66,20260916,0.11.0,42,supply,orders,False,16,16,O8,10,CENTER,POWER,18.0,2,,PERIODIC,0,0,2
lifecycle,42969dc451bbd28e8cd3cb77167facb14a589d75dcd5e0813872ce2c2bbe3f66,20260916,0.11.0,42,supply,orders,False,16,16,O9,12,BASE,POWER,32.7,1,REGION,THRESHOLD,0,0,1
lifecycle,42969dc451bbd28e8cd3cb77167facb14a589d75dcd5e0813872ce2c2bbe3f66,20260916,0.11.0,42,supply,orders,False,16,16,O10,13,REGION,POWER,32.7,1,CENTER,THRESHOLD,0,0,1
lifecycle,42969dc451bbd28e8cd3cb77167facb14a589d75dcd5e0813872ce2c2bbe3f66,20260916,0.11.0,42,supply,orders,False,16,16,O11,15,BASE,POWER,32.800000000000004,1,REGION,THRESHOLD,0,0,1
lifecycle,42969dc451bbd28e8cd3cb77167facb14a589d75dcd5e0813872ce2c2bbe3f66,20260916,0.11.0,42,supply,orders,False,16,16,O12,16,REGION,POWER,32.800000000000004,1,CENTER,THRESHOLD,0,0,1
lifecycle,42969dc451bbd28e8cd3cb77167facb14a589d75dcd5e0813872ce2c2bbe3f66,20260916,0.11.0,42,supply,orders,False,16,16,O13,18,BASE,POWER,60.7,1,REGION,THRESHOLD,0,0,1
lifecycle,42969dc451bbd28e8cd3cb77167facb14a589d75dcd5e0813872ce2c2bbe3f66,20260916,0.11.0,42,supply,orders,False,16,16,O14,19,REGION,POWER,60.7,1,CENTER,THRESHOLD,0,0,1
lifecycle,42969dc451bbd28e8cd3cb77167facb14a589d75dcd5e0813872ce2c2bbe3f66,20260916,0.11.0,42,supply,orders,False,16,16,O15,22,BASE,POWER,64.6,2,REGION,THRESHOLD,0,0,2
lifecycle,42969dc451bbd28e8cd3cb77167facb14a589d75dcd5e0813872ce2c2bbe3f66,20260916,0.11.0,42,supply,orders,False,16,16,O16,23,REGION,POWER,64.6,2,CENTER,THRESHOLD,0,0,2
lifecycle,42969dc451bbd28e8cd3cb77167facb14a589d75dcd5e0813872ce2c2bbe3f66,20260916,0.11.0,43,supply,orders,False,17,17,O1,1,BASE,POWER,0,2,REGION,THRESHOLD/PERIODIC,0,0,2
lifecycle,42969dc451bbd28e8cd3cb77167facb14a589d75dcd5e0813872ce2c2bbe3f66,20260916,0.11.0,43,supply,orders,False,17,17,O2,2,REGION,POWER,0,2,CENTER,THRESHOLD,0,0,2
lifecycle,42969dc451bbd28e8cd3cb77167facb14a589d75dcd5e0813872ce2c2bbe3f66,20260916,0.11.0,43,supply,orders,False,17,17,O3,3,CENTER,POWER,0,4,,PERIODIC,0,0,4
lifecycle,42969dc451bbd28e8cd3cb77167facb14a589d75dcd5e0813872ce2c2bbe3f66,20260916,0.11.0,43,supply,orders,False,17,17,O4,5,BASE,POWER,32.800000000000004,1,REGION,THRESHOLD,0,0,1
lifecycle,42969dc451bbd28e8cd3cb77167facb14a589d75dcd5e0813872ce2c2bbe3f66,20260916,0.11.0,43,supply,orders,False,17,17,O5,6,REGION,POWER,32.800000000000004,1,CENTER,THRESHOLD,0,0,1
lifecycle,42969dc451bbd28e8cd3cb77167facb14a589d75dcd5e0813872ce2c2bbe3f66,20260916,0.11.0,43,supply,orders,False,17,17,O6,9,BASE,POWER,36.6,2,REGION,THRESHOLD,0,0,2
lifecycle,42969dc451bbd28e8cd3cb77167facb14a589d75dcd5e0813872ce2c2bbe3f66,20260916,0.11.0,43,supply,orders,False,17,17,O7,10,REGION,POWER,36.6,2,CENTER,THRESHOLD,0,0,2
lifecycle,42969dc451bbd28e8cd3cb77167facb14a589d75dcd5e0813872ce2c2bbe3f66,20260916,0.11.0,43,supply,orders,False,17,17,O8,12,BASE,POWER,40.6,1,REGION,THRESHOLD,0,0,1
lifecycle,42969dc451bbd28e8cd3cb77167facb14a589d75dcd5e0813872ce2c2bbe3f66,20260916,0.11.0,43,supply,orders,False,17,17,O9,13,REGION,POWER,40.6,1,CENTER,THRESHOLD,0,0,1
lifecycle,42969dc451bbd28e8cd3cb77167facb14a589d75dcd5e0813872ce2c2bbe3f66,20260916,0.11.0,43,supply,orders,False,17,17,O10,14,CENTER,POWER,42.0,3,,PERIODIC,0,0,3
lifecycle,42969dc451bbd28e8cd3cb77167facb14a589d75dcd5e0813872ce2c2bbe3f66,20260916,0.11.0,43,supply,orders,False,17,17,O11,16,BASE,POWER,60.7,1,REGION,THRESHOLD,0,0,1
lifecycle,42969dc451bbd28e8cd3cb77167facb14a589d75dcd5e0813872ce2c2bbe3f66,20260916,0.11.0,43,supply,orders,False,17,17,O12,17,REGION,POWER,60.7,1,CENTER,THRESHOLD,0,0,1
lifecycle,42969dc451bbd28e8cd3cb77167facb14a589d75dcd5e0813872ce2c2bbe3f66,20260916,0.11.0,43,supply,orders,False,17,17,O13,19,BASE,POWER,64.69999999999999,1,REGION,THRESHOLD,0,0,1
lifecycle,42969dc451bbd28e8cd3cb77167facb14a589d75dcd5e0813872ce2c2bbe3f66,20260916,0.11.0,43,supply,orders,False,17,17,O14,20,REGION,POWER,64.69999999999999,1,CENTER,THRESHOLD,0,0,1
lifecycle,42969dc451bbd28e8cd3cb77167facb14a589d75dcd5e0813872ce2c2bbe3f66,20260916,0.11.0,43,supply,orders,False,17,17,O15,22,BASE,POWER,64.79999999999998,1,REGION,THRESHOLD,0,0,1
lifecycle,42969dc451bbd28e8cd3cb77167facb14a589d75dcd5e0813872ce2c2bbe3f66,20260916,0.11.0,43,supply,orders,False,17,17,O16,23,REGION,POWER,64.79999999999998,1,CENTER,THRESHOLD,0,0,1
lifecycle,42969dc451bbd28e8cd3cb77167facb14a589d75dcd5e0813872ce2c2bbe3f66,20260916,0.11.0,43,supply,orders,False,17,17,O17,24,CENTER,POWER,66.0,2,,PERIODIC,0,0,2
lifecycle,42969dc451bbd28e8cd3cb77167facb14a589d75dcd5e0813872ce2c2bbe3f66,20260916,0.11.0,44,supply,orders,False,18,18,O1,1,BASE,POWER,0,2,REGION,THRESHOLD/PERIODIC,0,0,2
lifecycle,42969dc451bbd28e8cd3cb77167facb14a589d75dcd5e0813872ce2c2bbe3f66,20260916,0.11.0,44,supply,orders,False,18,18,O2,2,REGION,POWER,0,2,CENTER,THRESHOLD,0,0,2
lifecycle,42969dc451bbd28e8cd3cb77167facb14a589d75dcd5e0813872ce2c2bbe3f66,20260916,0.11.0,44,supply,orders,False,18,18,O3,3,CENTER,POWER,0,4,,PERIODIC,0,0,4
lifecycle,42969dc451bbd28e8cd3cb77167facb14a589d75dcd5e0813872ce2c2bbe3f66,20260916,0.11.0,44,supply,orders,False,18,18,O4,5,BASE,POWER,16.700000000000003,1,REGION,THRESHOLD,0,0,1
lifecycle,42969dc451bbd28e8cd3cb77167facb14a589d75dcd5e0813872ce2c2bbe3f66,20260916,0.11.0,44,supply,orders,False,18,18,O5,6,REGION,POWER,16.700000000000003,1,CENTER,THRESHOLD,0,0,1
lifecycle,42969dc451bbd28e8cd3cb77167facb14a589d75dcd5e0813872ce2c2bbe3f66,20260916,0.11.0,44,supply,orders,False,18,18,O6,8,BASE,POWER,16.800000000000004,1,REGION,THRESHOLD,0,0,1
lifecycle,42969dc451bbd28e8cd3cb77167facb14a589d75dcd5e0813872ce2c2bbe3f66,20260916,0.11.0,44,supply,orders,False,18,18,O7,9,REGION,POWER,16.800000000000004,1,CENTER,THRESHOLD,0,0,1
lifecycle,42969dc451bbd28e8cd3cb77167facb14a589d75dcd5e0813872ce2c2bbe3f66,20260916,0.11.0,44,supply,orders,False,18,18,O8,10,CENTER,POWER,18.0,2,,PERIODIC,0,0,2
lifecycle,42969dc451bbd28e8cd3cb77167facb14a589d75dcd5e0813872ce2c2bbe3f66,20260916,0.11.0,44,supply,orders,False,18,18,O9,12,BASE,POWER,32.7,1,REGION,THRESHOLD,0,0,1
lifecycle,42969dc451bbd28e8cd3cb77167facb14a589d75dcd5e0813872ce2c2bbe3f66,20260916,0.11.0,44,supply,orders,False,18,18,O10,13,REGION,POWER,32.7,1,CENTER,THRESHOLD,0,0,1
lifecycle,42969dc451bbd28e8cd3cb77167facb14a589d75dcd5e0813872ce2c2bbe3f66,20260916,0.11.0,44,supply,orders,False,18,18,O11,15,BASE,POWER,40.6,1,REGION,THRESHOLD,0,0,1
lifecycle,42969dc451bbd28e8cd3cb77167facb14a589d75dcd5e0813872ce2c2bbe3f66,20260916,0.11.0,44,supply,orders,False,18,18,O12,16,REGION,POWER,40.6,1,CENTER,THRESHOLD,0,0,1
lifecycle,42969dc451bbd28e8cd3cb77167facb14a589d75dcd5e0813872ce2c2bbe3f66,20260916,0.11.0,44,supply,orders,False,18,18,O13,18,BASE,POWER,56.7,1,REGION,THRESHOLD,0,0,1
lifecycle,42969dc451bbd28e8cd3cb77167facb14a589d75dcd5e0813872ce2c2bbe3f66,20260916,0.11.0,44,supply,orders,False,18,18,O14,19,REGION,POWER,56.7,1,CENTER,THRESHOLD,0,0,1
lifecycle,42969dc451bbd28e8cd3cb77167facb14a589d75dcd5e0813872ce2c2bbe3f66,20260916,0.11.0,44,supply,orders,False,18,18,O15,21,BASE,POWER,56.800000000000004,1,REGION,THRESHOLD,0,0,1
lifecycle,42969dc451bbd28e8cd3cb77167facb14a589d75dcd5e0813872ce2c2bbe3f66,20260916,0.11.0,44,supply,orders,False,18,18,O16,22,REGION,POWER,56.800000000000004,1,CENTER,THRESHOLD,0,0,1
lifecycle,42969dc451bbd28e8cd3cb77167facb14a589d75dcd5e0813872ce2c2bbe3f66,20260916,0.11.0,44,supply,orders,False,18,18,O17,24,BASE,POWER,60.7,1,REGION,THRESHOLD,0,0,1
lifecycle,42969dc451bbd28e8cd3cb77167facb14a589d75dcd5e0813872ce2c2bbe3f66,20260916,0.11.0,44,supply,orders,False,18,18,O18,25,REGION,POWER,60.7,1,CENTER,THRESHOLD,0,0,1
lifecycle,42969dc451bbd28e8cd3cb77167facb14a589d75dcd5e0813872ce2c2bbe3f66,20260916,0.11.0,45,supply,orders,False,14,14,O1,1,BASE,POWER,0,2,REGION,THRESHOLD/PERIODIC,0,0,2
lifecycle,42969dc451bbd28e8cd3cb77167facb14a589d75dcd5e0813872ce2c2bbe3f66,20260916,0.11.0,45,supply,orders,False,14,14,O2,2,REGION,POWER,0,2,CENTER,THRESHOLD,0,0,2
lifecycle,42969dc451bbd28e8cd3cb77167facb14a589d75dcd5e0813872ce2c2bbe3f66,20260916,0.11.0,45,supply,orders,False,14,14,O3,3,CENTER,POWER,0,4,,PERIODIC,0,0,4
lifecycle,42969dc451bbd28e8cd3cb77167facb14a589d75dcd5e0813872ce2c2bbe3f66,20260916,0.11.0,45,supply,orders,False,14,14,O4,5,BASE,POWER,16.700000000000003,1,REGION,THRESHOLD,0,0,1
lifecycle,42969dc451bbd28e8cd3cb77167facb14a589d75dcd5e0813872ce2c2bbe3f66,20260916,0.11.0,45,supply,orders,False,14,14,O5,6,REGION,POWER,16.700000000000003,1,CENTER,THRESHOLD,0,0,1
lifecycle,42969dc451bbd28e8cd3cb77167facb14a589d75dcd5e0813872ce2c2bbe3f66,20260916,0.11.0,45,supply,orders,False,14,14,O6,8,BASE,POWER,16.800000000000004,1,REGION,THRESHOLD,0,0,1
lifecycle,42969dc451bbd28e8cd3cb77167facb14a589d75dcd5e0813872ce2c2bbe3f66,20260916,0.11.0,45,supply,orders,False,14,14,O7,9,REGION,POWER,16.800000000000004,1,CENTER,THRESHOLD,0,0,1
lifecycle,42969dc451bbd28e8cd3cb77167facb14a589d75dcd5e0813872ce2c2bbe3f66,20260916,0.11.0,45,supply,orders,False,14,14,O8,10,CENTER,POWER,18.0,2,,PERIODIC,0,0,2
lifecycle,42969dc451bbd28e8cd3cb77167facb14a589d75dcd5e0813872ce2c2bbe3f66,20260916,0.11.0,45,supply,orders,False,14,14,O9,13,BASE,POWER,40.6,2,REGION,THRESHOLD,0,0,2
lifecycle,42969dc451bbd28e8cd3cb77167facb14a589d75dcd5e0813872ce2c2bbe3f66,20260916,0.11.0,45,supply,orders,False,14,14,O10,14,REGION,POWER,40.6,2,CENTER,THRESHOLD,0,0,2
lifecycle,42969dc451bbd28e8cd3cb77167facb14a589d75dcd5e0813872ce2c2bbe3f66,20260916,0.11.0,45,supply,orders,False,14,14,O11,16,BASE,POWER,56.7,1,REGION,THRESHOLD,0,0,1
lifecycle,42969dc451bbd28e8cd3cb77167facb14a589d75dcd5e0813872ce2c2bbe3f66,20260916,0.11.0,45,supply,orders,False,14,14,O12,17,REGION,POWER,56.7,1,CENTER,THRESHOLD,0,0,1
lifecycle,42969dc451bbd28e8cd3cb77167facb14a589d75dcd5e0813872ce2c2bbe3f66,20260916,0.11.0,45,supply,orders,False,14,14,O13,19,BASE,POWER,56.800000000000004,1,REGION,THRESHOLD,0,0,1
lifecycle,42969dc451bbd28e8cd3cb77167facb14a589d75dcd5e0813872ce2c2bbe3f66,20260916,0.11.0,45,supply,orders,False,14,14,O14,20,REGION,POWER,56.800000000000004,1,CENTER,THRESHOLD,0,0,1
lifecycle,42969dc451bbd28e8cd3cb77167facb14a589d75dcd5e0813872ce2c2bbe3f66,20260916,0.11.0,46,supply,orders,False,18,18,O1,1,BASE,POWER,0,2,REGION,THRESHOLD/PERIODIC,0,0,2
lifecycle,42969dc451bbd28e8cd3cb77167facb14a589d75dcd5e0813872ce2c2bbe3f66,20260916,0.11.0,46,supply,orders,False,18,18,O2,2,REGION,POWER,0,2,CENTER,THRESHOLD,0,0,2
lifecycle,42969dc451bbd28e8cd3cb77167facb14a589d75dcd5e0813872ce2c2bbe3f66,20260916,0.11.0,46,supply,orders,False,18,18,O3,3,CENTER,POWER,0,4,,PERIODIC,0,0,4
lifecycle,42969dc451bbd28e8cd3cb77167facb14a589d75dcd5e0813872ce2c2bbe3f66,20260916,0.11.0,46,supply,orders,False,18,18,O4,5,BASE,POWER,16.700000000000003,1,REGION,THRESHOLD,0,0,1
lifecycle,42969dc451bbd28e8cd3cb77167facb14a589d75dcd5e0813872ce2c2bbe3f66,20260916,0.11.0,46,supply,orders,False,18,18,O5,6,REGION,POWER,16.700000000000003,1,CENTER,THRESHOLD,0,0,1
lifecycle,42969dc451bbd28e8cd3cb77167facb14a589d75dcd5e0813872ce2c2bbe3f66,20260916,0.11.0,46,supply,orders,False,18,18,O6,7,CENTER,POWER,18.0,1,,PERIODIC,0,0,1
lifecycle,42969dc451bbd28e8cd3cb77167facb14a589d75dcd5e0813872ce2c2bbe3f66,20260916,0.11.0,46,supply,orders,False,18,18,O7,9,BASE,POWER,32.800000000000004,1,REGION,THRESHOLD,0,0,1
lifecycle,42969dc451bbd28e8cd3cb77167facb14a589d75dcd5e0813872ce2c2bbe3f66,20260916,0.11.0,46,supply,orders,False,18,18,O8,10,REGION,POWER,32.800000000000004,1,CENTER,THRESHOLD,0,0,1
lifecycle,42969dc451bbd28e8cd3cb77167facb14a589d75dcd5e0813872ce2c2bbe3f66,20260916,0.11.0,46,supply,orders,False,18,18,O9,12,BASE,POWER,36.6,1,REGION,THRESHOLD,0,0,1
lifecycle,42969dc451bbd28e8cd3cb77167facb14a589d75dcd5e0813872ce2c2bbe3f66,20260916,0.11.0,46,supply,orders,False,18,18,O10,13,REGION,POWER,36.6,1,CENTER,THRESHOLD,0,0,1
lifecycle,42969dc451bbd28e8cd3cb77167facb14a589d75dcd5e0813872ce2c2bbe3f66,20260916,0.11.0,46,supply,orders,False,18,18,O11,15,BASE,POWER,40.6,1,REGION,THRESHOLD,0,0,1
lifecycle,42969dc451bbd28e8cd3cb77167facb14a589d75dcd5e0813872ce2c2bbe3f66,20260916,0.11.0,46,supply,orders,False,18,18,O12,16,REGION,POWER,40.6,1,CENTER,THRESHOLD,0,0,1
lifecycle,42969dc451bbd28e8cd3cb77167facb14a589d75dcd5e0813872ce2c2bbe3f66,20260916,0.11.0,46,supply,orders,False,18,18,O13,17,CENTER,POWER,42.0,1,,PERIODIC,0,0,1
lifecycle,42969dc451bbd28e8cd3cb77167facb14a589d75dcd5e0813872ce2c2bbe3f66,20260916,0.11.0,46,supply,orders,False,18,18,O14,19,BASE,POWER,60.475996211734035,1,REGION,THRESHOLD,0,0,1
lifecycle,42969dc451bbd28e8cd3cb77167facb14a589d75dcd5e0813872ce2c2bbe3f66,20260916,0.11.0,46,supply,orders,False,18,18,O15,20,REGION,POWER,60.475996211734035,1,CENTER,THRESHOLD,0,0,1
lifecycle,42969dc451bbd28e8cd3cb77167facb14a589d75dcd5e0813872ce2c2bbe3f66,20260916,0.11.0,46,supply,orders,False,18,18,O16,22,BASE,POWER,64.6,1,REGION,THRESHOLD,0,0,1
lifecycle,42969dc451bbd28e8cd3cb77167facb14a589d75dcd5e0813872ce2c2bbe3f66,20260916,0.11.0,46,supply,orders,False,18,18,O17,23,REGION,POWER,64.6,1,CENTER,THRESHOLD,0,0,1
lifecycle,42969dc451bbd28e8cd3cb77167facb14a589d75dcd5e0813872ce2c2bbe3f66,20260916,0.11.0,46,supply,orders,False,18,18,O18,24,CENTER,POWER,66.0,1,,PERIODIC,0,0,1
lifecycle,42969dc451bbd28e8cd3cb77167facb14a589d75dcd5e0813872ce2c2bbe3f66,20260916,0.11.0,47,supply,orders,False,20,20,O1,1,BASE,POWER,0,2,REGION,THRESHOLD/PERIODIC,0,0,2
lifecycle,42969dc451bbd28e8cd3cb77167facb14a589d75dcd5e0813872ce2c2bbe3f66,20260916,0.11.0,47,supply,orders,False,20,20,O2,2,REGION,POWER,0,2,CENTER,THRESHOLD,0,0,2
lifecycle,42969dc451bbd28e8cd3cb77167facb14a589d75dcd5e0813872ce2c2bbe3f66,20260916,0.11.0,47,supply,orders,False,20,20,O3,3,CENTER,POWER,0,4,,PERIODIC,0,0,4
lifecycle,42969dc451bbd28e8cd3cb77167facb14a589d75dcd5e0813872ce2c2bbe3f66,20260916,0.11.0,47,supply,orders,False,20,20,O4,5,BASE,POWER,16.700000000000003,1,REGION,THRESHOLD,0,0,1
lifecycle,42969dc451bbd28e8cd3cb77167facb14a589d75dcd5e0813872ce2c2bbe3f66,20260916,0.11.0,47,supply,orders,False,20,20,O5,6,REGION,POWER,16.700000000000003,1,CENTER,THRESHOLD,0,0,1
lifecycle,42969dc451bbd28e8cd3cb77167facb14a589d75dcd5e0813872ce2c2bbe3f66,20260916,0.11.0,47,supply,orders,False,20,20,O6,7,CENTER,POWER,18.0,1,,PERIODIC,0,0,1
lifecycle,42969dc451bbd28e8cd3cb77167facb14a589d75dcd5e0813872ce2c2bbe3f66,20260916,0.11.0,47,supply,orders,False,20,20,O7,9,BASE,POWER,32.800000000000004,1,REGION,THRESHOLD,0,0,1
lifecycle,42969dc451bbd28e8cd3cb77167facb14a589d75dcd5e0813872ce2c2bbe3f66,20260916,0.11.0,47,supply,orders,False,20,20,O8,10,REGION,POWER,32.800000000000004,1,CENTER,THRESHOLD,0,0,1
lifecycle,42969dc451bbd28e8cd3cb77167facb14a589d75dcd5e0813872ce2c2bbe3f66,20260916,0.11.0,47,supply,orders,False,20,20,O9,12,BASE,POWER,36.6,1,REGION,THRESHOLD,0,0,1
lifecycle,42969dc451bbd28e8cd3cb77167facb14a589d75dcd5e0813872ce2c2bbe3f66,20260916,0.11.0,47,supply,orders,False,20,20,O10,13,REGION,POWER,36.6,1,CENTER,THRESHOLD,0,0,1
lifecycle,42969dc451bbd28e8cd3cb77167facb14a589d75dcd5e0813872ce2c2bbe3f66,20260916,0.11.0,47,supply,orders,False,20,20,O11,15,BASE,POWER,40.6,1,REGION,THRESHOLD,0,0,1
lifecycle,42969dc451bbd28e8cd3cb77167facb14a589d75dcd5e0813872ce2c2bbe3f66,20260916,0.11.0,47,supply,orders,False,20,20,O12,16,REGION,POWER,40.6,1,CENTER,THRESHOLD,0,0,1
lifecycle,42969dc451bbd28e8cd3cb77167facb14a589d75dcd5e0813872ce2c2bbe3f66,20260916,0.11.0,47,supply,orders,False,20,20,O13,17,CENTER,POWER,42.0,1,,PERIODIC,0,0,1
lifecycle,42969dc451bbd28e8cd3cb77167facb14a589d75dcd5e0813872ce2c2bbe3f66,20260916,0.11.0,47,supply,orders,False,20,20,O14,19,BASE,POWER,56.7,1,REGION,THRESHOLD,0,0,1
lifecycle,42969dc451bbd28e8cd3cb77167facb14a589d75dcd5e0813872ce2c2bbe3f66,20260916,0.11.0,47,supply,orders,False,20,20,O15,20,REGION,POWER,56.7,1,CENTER,THRESHOLD,0,0,1
lifecycle,42969dc451bbd28e8cd3cb77167facb14a589d75dcd5e0813872ce2c2bbe3f66,20260916,0.11.0,47,supply,orders,False,20,20,O16,22,BASE,POWER,59.790000372586746,1,REGION,THRESHOLD,0,0,1
lifecycle,42969dc451bbd28e8cd3cb77167facb14a589d75dcd5e0813872ce2c2bbe3f66,20260916,0.11.0,47,supply,orders,False,20,20,O17,23,REGION,POWER,59.790000372586746,1,CENTER,THRESHOLD,0,0,1
lifecycle,42969dc451bbd28e8cd3cb77167facb14a589d75dcd5e0813872ce2c2bbe3f66,20260916,0.11.0,47,supply,orders,False,20,20,O18,25,BASE,POWER,59.89000037258675,1,REGION,THRESHOLD,0,0,1
lifecycle,42969dc451bbd28e8cd3cb77167facb14a589d75dcd5e0813872ce2c2bbe3f66,20260916,0.11.0,47,supply,orders,False,20,20,O19,26,REGION,POWER,59.89000037258675,1,CENTER,THRESHOLD,0,0,1
lifecycle,42969dc451bbd28e8cd3cb77167facb14a589d75dcd5e0813872ce2c2bbe3f66,20260916,0.11.0,47,supply,orders,False,20,20,O20,27,CENTER,POWER,60.0,2,,PERIODIC,0,0,2
lifecycle,42969dc451bbd28e8cd3cb77167facb14a589d75dcd5e0813872ce2c2bbe3f66,20260916,0.11.0,48,supply,orders,False,16,16,O1,1,BASE,POWER,0,2,REGION,THRESHOLD/PERIODIC,0,0,2
lifecycle,42969dc451bbd28e8cd3cb77167facb14a589d75dcd5e0813872ce2c2bbe3f66,20260916,0.11.0,48,supply,orders,False,16,16,O2,2,REGION,POWER,0,2,CENTER,THRESHOLD,0,0,2
lifecycle,42969dc451bbd28e8cd3cb77167facb14a589d75dcd5e0813872ce2c2bbe3f66,20260916,0.11.0,48,supply,orders,False,16,16,O3,3,CENTER,POWER,0,4,,PERIODIC,0,0,4
lifecycle,42969dc451bbd28e8cd3cb77167facb14a589d75dcd5e0813872ce2c2bbe3f66,20260916,0.11.0,48,supply,orders,False,16,16,O4,5,BASE,POWER,16.800000000000004,1,REGION,THRESHOLD,0,0,1
lifecycle,42969dc451bbd28e8cd3cb77167facb14a589d75dcd5e0813872ce2c2bbe3f66,20260916,0.11.0,48,supply,orders,False,16,16,O5,6,REGION,POWER,16.800000000000004,1,CENTER,THRESHOLD,0,0,1
lifecycle,42969dc451bbd28e8cd3cb77167facb14a589d75dcd5e0813872ce2c2bbe3f66,20260916,0.11.0,48,supply,orders,False,16,16,O6,7,CENTER,POWER,18.0,1,,PERIODIC,0,0,1
lifecycle,42969dc451bbd28e8cd3cb77167facb14a589d75dcd5e0813872ce2c2bbe3f66,20260916,0.11.0,48,supply,orders,False,16,16,O7,9,BASE,POWER,35.21669297349546,1,REGION,THRESHOLD,0,0,1
lifecycle,42969dc451bbd28e8cd3cb77167facb14a589d75dcd5e0813872ce2c2bbe3f66,20260916,0.11.0,48,supply,orders,False,16,16,O8,10,REGION,POWER,35.21669297349546,1,CENTER,THRESHOLD,0,0,1
lifecycle,42969dc451bbd28e8cd3cb77167facb14a589d75dcd5e0813872ce2c2bbe3f66,20260916,0.11.0,48,supply,orders,False,16,16,O9,13,BASE,POWER,40.6,2,REGION,THRESHOLD,0,0,2
lifecycle,42969dc451bbd28e8cd3cb77167facb14a589d75dcd5e0813872ce2c2bbe3f66,20260916,0.11.0,48,supply,orders,False,16,16,O10,14,REGION,POWER,40.6,2,CENTER,THRESHOLD,0,0,2
lifecycle,42969dc451bbd28e8cd3cb77167facb14a589d75dcd5e0813872ce2c2bbe3f66,20260916,0.11.0,48,supply,orders,False,16,16,O11,15,CENTER,POWER,42.0,2,,PERIODIC,0,0,2
lifecycle,42969dc451bbd28e8cd3cb77167facb14a589d75dcd5e0813872ce2c2bbe3f66,20260916,0.11.0,48,supply,orders,False,16,16,O12,17,BASE,POWER,64.6,1,REGION,THRESHOLD,0,0,1
lifecycle,42969dc451bbd28e8cd3cb77167facb14a589d75dcd5e0813872ce2c2bbe3f66,20260916,0.11.0,48,supply,orders,False,16,16,O13,18,REGION,POWER,64.6,1,CENTER,THRESHOLD,0,0,1
lifecycle,42969dc451bbd28e8cd3cb77167facb14a589d75dcd5e0813872ce2c2bbe3f66,20260916,0.11.0,48,supply,orders,False,16,16,O14,20,BASE,POWER,64.69999999999999,1,REGION,THRESHOLD,0,0,1
lifecycle,42969dc451bbd28e8cd3cb77167facb14a589d75dcd5e0813872ce2c2bbe3f66,20260916,0.11.0,48,supply,orders,False,16,16,O15,21,REGION,POWER,64.69999999999999,1,CENTER,THRESHOLD,0,0,1
lifecycle,42969dc451bbd28e8cd3cb77167facb14a589d75dcd5e0813872ce2c2bbe3f66,20260916,0.11.0,48,supply,orders,False,16,16,O16,22,CENTER,POWER,66.0,2,,PERIODIC,0,0,2
lifecycle,42969dc451bbd28e8cd3cb77167facb14a589d75dcd5e0813872ce2c2bbe3f66,20260916,0.11.0,49,supply,orders,False,16,16,O1,1,BASE,POWER,0,2,REGION,THRESHOLD/PERIODIC,0,0,2
lifecycle,42969dc451bbd28e8cd3cb77167facb14a589d75dcd5e0813872ce2c2bbe3f66,20260916,0.11.0,49,supply,orders,False,16,16,O2,2,REGION,POWER,0,2,CENTER,THRESHOLD,0,0,2
lifecycle,42969dc451bbd28e8cd3cb77167facb14a589d75dcd5e0813872ce2c2bbe3f66,20260916,0.11.0,49,supply,orders,False,16,16,O3,3,CENTER,POWER,0,4,,PERIODIC,0,0,4
lifecycle,42969dc451bbd28e8cd3cb77167facb14a589d75dcd5e0813872ce2c2bbe3f66,20260916,0.11.0,49,supply,orders,False,16,16,O4,5,BASE,POWER,16.700000000000003,1,REGION,THRESHOLD,0,0,1
lifecycle,42969dc451bbd28e8cd3cb77167facb14a589d75dcd5e0813872ce2c2bbe3f66,20260916,0.11.0,49,supply,orders,False,16,16,O5,6,REGION,POWER,16.700000000000003,1,CENTER,THRESHOLD,0,0,1
lifecycle,42969dc451bbd28e8cd3cb77167facb14a589d75dcd5e0813872ce2c2bbe3f66,20260916,0.11.0,49,supply,orders,False,16,16,O6,7,CENTER,POWER,18.0,1,,PERIODIC,0,0,1
lifecycle,42969dc451bbd28e8cd3cb77167facb14a589d75dcd5e0813872ce2c2bbe3f66,20260916,0.11.0,49,supply,orders,False,16,16,O7,9,BASE,POWER,36.6,1,REGION,THRESHOLD,0,0,1
lifecycle,42969dc451bbd28e8cd3cb77167facb14a589d75dcd5e0813872ce2c2bbe3f66,20260916,0.11.0,49,supply,orders,False,16,16,O8,10,REGION,POWER,36.6,1,CENTER,THRESHOLD,0,0,1
lifecycle,42969dc451bbd28e8cd3cb77167facb14a589d75dcd5e0813872ce2c2bbe3f66,20260916,0.11.0,49,supply,orders,False,16,16,O9,13,BASE,POWER,40.6,2,REGION,THRESHOLD,0,0,2
lifecycle,42969dc451bbd28e8cd3cb77167facb14a589d75dcd5e0813872ce2c2bbe3f66,20260916,0.11.0,49,supply,orders,False,16,16,O10,14,REGION,POWER,40.6,2,CENTER,THRESHOLD,0,0,2
lifecycle,42969dc451bbd28e8cd3cb77167facb14a589d75dcd5e0813872ce2c2bbe3f66,20260916,0.11.0,49,supply,orders,False,16,16,O11,15,CENTER,POWER,42.0,2,,PERIODIC,0,0,2
lifecycle,42969dc451bbd28e8cd3cb77167facb14a589d75dcd5e0813872ce2c2bbe3f66,20260916,0.11.0,49,supply,orders,False,16,16,O12,17,BASE,POWER,56.7,1,REGION,THRESHOLD,0,0,1
lifecycle,42969dc451bbd28e8cd3cb77167facb14a589d75dcd5e0813872ce2c2bbe3f66,20260916,0.11.0,49,supply,orders,False,16,16,O13,18,REGION,POWER,56.7,1,CENTER,THRESHOLD,0,0,1
lifecycle,42969dc451bbd28e8cd3cb77167facb14a589d75dcd5e0813872ce2c2bbe3f66,20260916,0.11.0,49,supply,orders,False,16,16,O14,20,BASE,POWER,64.69999999999999,1,REGION,THRESHOLD,0,0,1
lifecycle,42969dc451bbd28e8cd3cb77167facb14a589d75dcd5e0813872ce2c2bbe3f66,20260916,0.11.0,49,supply,orders,False,16,16,O15,21,REGION,POWER,64.69999999999999,1,CENTER,THRESHOLD,0,0,1
lifecycle,42969dc451bbd28e8cd3cb77167facb14a589d75dcd5e0813872ce2c2bbe3f66,20260916,0.11.0,49,supply,orders,False,16,16,O16,22,CENTER,POWER,66.0,1,,PERIODIC,0,0,1
lifecycle,42969dc451bbd28e8cd3cb77167facb14a589d75dcd5e0813872ce2c2bbe3f66,20260916,0.11.0,50,supply,orders,False,21,21,O1,1,BASE,POWER,0,2,REGION,THRESHOLD/PERIODIC,0,0,2
lifecycle,42969dc451bbd28e8cd3cb77167facb14a589d75dcd5e0813872ce2c2bbe3f66,20260916,0.11.0,50,supply,orders,False,21,21,O2,2,REGION,POWER,0,2,CENTER,THRESHOLD,0,0,2
lifecycle,42969dc451bbd28e8cd3cb77167facb14a589d75dcd5e0813872ce2c2bbe3f66,20260916,0.11.0,50,supply,orders,False,21,21,O3,3,CENTER,POWER,0,4,,PERIODIC,0,0,4
lifecycle,42969dc451bbd28e8cd3cb77167facb14a589d75dcd5e0813872ce2c2bbe3f66,20260916,0.11.0,50,supply,orders,False,21,21,O4,5,BASE,POWER,16.700000000000003,1,REGION,THRESHOLD,0,0,1
lifecycle,42969dc451bbd28e8cd3cb77167facb14a589d75dcd5e0813872ce2c2bbe3f66,20260916,0.11.0,50,supply,orders,False,21,21,O5,6,REGION,POWER,16.700000000000003,1,CENTER,THRESHOLD,0,0,1
lifecycle,42969dc451bbd28e8cd3cb77167facb14a589d75dcd5e0813872ce2c2bbe3f66,20260916,0.11.0,50,supply,orders,False,21,21,O6,8,BASE,POWER,16.800000000000004,1,REGION,THRESHOLD,0,0,1
lifecycle,42969dc451bbd28e8cd3cb77167facb14a589d75dcd5e0813872ce2c2bbe3f66,20260916,0.11.0,50,supply,orders,False,21,21,O7,9,REGION,POWER,16.800000000000004,1,CENTER,THRESHOLD,0,0,1
lifecycle,42969dc451bbd28e8cd3cb77167facb14a589d75dcd5e0813872ce2c2bbe3f66,20260916,0.11.0,50,supply,orders,False,21,21,O8,10,CENTER,POWER,18.0,2,,PERIODIC,0,0,2
lifecycle,42969dc451bbd28e8cd3cb77167facb14a589d75dcd5e0813872ce2c2bbe3f66,20260916,0.11.0,50,supply,orders,False,21,21,O9,12,BASE,POWER,32.800000000000004,1,REGION,THRESHOLD,0,0,1
lifecycle,42969dc451bbd28e8cd3cb77167facb14a589d75dcd5e0813872ce2c2bbe3f66,20260916,0.11.0,50,supply,orders,False,21,21,O10,13,REGION,POWER,32.800000000000004,1,CENTER,THRESHOLD,0,0,1
lifecycle,42969dc451bbd28e8cd3cb77167facb14a589d75dcd5e0813872ce2c2bbe3f66,20260916,0.11.0,50,supply,orders,False,21,21,O11,15,BASE,POWER,40.6,1,REGION,THRESHOLD,0,0,1
lifecycle,42969dc451bbd28e8cd3cb77167facb14a589d75dcd5e0813872ce2c2bbe3f66,20260916,0.11.0,50,supply,orders,False,21,21,O12,16,REGION,POWER,40.6,1,CENTER,THRESHOLD,0,0,1
lifecycle,42969dc451bbd28e8cd3cb77167facb14a589d75dcd5e0813872ce2c2bbe3f66,20260916,0.11.0,50,supply,orders,False,21,21,O13,18,BASE,POWER,56.7,1,REGION,THRESHOLD,0,0,1
lifecycle,42969dc451bbd28e8cd3cb77167facb14a589d75dcd5e0813872ce2c2bbe3f66,20260916,0.11.0,50,supply,orders,False,21,21,O14,19,REGION,POWER,56.7,1,CENTER,THRESHOLD,0,0,1
lifecycle,42969dc451bbd28e8cd3cb77167facb14a589d75dcd5e0813872ce2c2bbe3f66,20260916,0.11.0,50,supply,orders,False,21,21,O15,21,BASE,POWER,60.09593216050288,1,REGION,THRESHOLD,0,0,1
lifecycle,42969dc451bbd28e8cd3cb77167facb14a589d75dcd5e0813872ce2c2bbe3f66,20260916,0.11.0,50,supply,orders,False,21,21,O16,22,REGION,POWER,60.09593216050288,1,CENTER,THRESHOLD,0,0,1
lifecycle,42969dc451bbd28e8cd3cb77167facb14a589d75dcd5e0813872ce2c2bbe3f66,20260916,0.11.0,50,supply,orders,False,21,21,O17,24,BASE,POWER,63.235613368305465,1,REGION,THRESHOLD,0,0,1
lifecycle,42969dc451bbd28e8cd3cb77167facb14a589d75dcd5e0813872ce2c2bbe3f66,20260916,0.11.0,50,supply,orders,False,21,21,O18,25,REGION,POWER,63.235613368305465,1,CENTER,THRESHOLD,0,0,1
lifecycle,42969dc451bbd28e8cd3cb77167facb14a589d75dcd5e0813872ce2c2bbe3f66,20260916,0.11.0,50,supply,orders,False,21,21,O19,27,BASE,POWER,63.33561336830547,1,REGION,THRESHOLD,0,0,1
lifecycle,42969dc451bbd28e8cd3cb77167facb14a589d75dcd5e0813872ce2c2bbe3f66,20260916,0.11.0,50,supply,orders,False,21,21,O20,28,REGION,POWER,63.33561336830547,1,CENTER,THRESHOLD,0,0,1
lifecycle,42969dc451bbd28e8cd3cb77167facb14a589d75dcd5e0813872ce2c2bbe3f66,20260916,0.11.0,50,supply,orders,False,21,21,O21,29,CENTER,POWER,66.0,1,,PERIODIC,0,0,1
lifecycle,42969dc451bbd28e8cd3cb77167facb14a589d75dcd5e0813872ce2c2bbe3f66,20260916,0.11.0,51,supply,orders,False,12,12,O1,1,BASE,POWER,0,2,REGION,THRESHOLD/PERIODIC,0,0,2
lifecycle,42969dc451bbd28e8cd3cb77167facb14a589d75dcd5e0813872ce2c2bbe3f66,20260916,0.11.0,51,supply,orders,False,12,12,O2,2,REGION,POWER,0,2,CENTER,THRESHOLD,0,0,2
lifecycle,42969dc451bbd28e8cd3cb77167facb14a589d75dcd5e0813872ce2c2bbe3f66,20260916,0.11.0,51,supply,orders,False,12,12,O3,3,CENTER,POWER,0,4,,PERIODIC,0,0,4
lifecycle,42969dc451bbd28e8cd3cb77167facb14a589d75dcd5e0813872ce2c2bbe3f66,20260916,0.11.0,51,supply,orders,False,12,12,O4,5,BASE,POWER,32.7,1,REGION,THRESHOLD,0,0,1
lifecycle,42969dc451bbd28e8cd3cb77167facb14a589d75dcd5e0813872ce2c2bbe3f66,20260916,0.11.0,51,supply,orders,False,12,12,O5,6,REGION,POWER,32.7,1,CENTER,THRESHOLD,0,0,1
lifecycle,42969dc451bbd28e8cd3cb77167facb14a589d75dcd5e0813872ce2c2bbe3f66,20260916,0.11.0,51,supply,orders,False,12,12,O6,8,BASE,POWER,32.800000000000004,1,REGION,THRESHOLD,0,0,1
lifecycle,42969dc451bbd28e8cd3cb77167facb14a589d75dcd5e0813872ce2c2bbe3f66,20260916,0.11.0,51,supply,orders,False,12,12,O7,9,REGION,POWER,32.800000000000004,1,CENTER,THRESHOLD,0,0,1
lifecycle,42969dc451bbd28e8cd3cb77167facb14a589d75dcd5e0813872ce2c2bbe3f66,20260916,0.11.0,51,supply,orders,False,12,12,O8,12,BASE,POWER,36.6,2,REGION,THRESHOLD,0,0,2
lifecycle,42969dc451bbd28e8cd3cb77167facb14a589d75dcd5e0813872ce2c2bbe3f66,20260916,0.11.0,51,supply,orders,False,12,12,O9,13,REGION,POWER,36.6,2,CENTER,THRESHOLD,0,0,2
lifecycle,42969dc451bbd28e8cd3cb77167facb14a589d75dcd5e0813872ce2c2bbe3f66,20260916,0.11.0,51,supply,orders,False,12,12,O10,14,CENTER,POWER,42.0,2,,PERIODIC,0,0,2
lifecycle,42969dc451bbd28e8cd3cb77167facb14a589d75dcd5e0813872ce2c2bbe3f66,20260916,0.11.0,51,supply,orders,False,12,12,O11,16,BASE,POWER,60.800000000000004,1,REGION,THRESHOLD,0,0,1
lifecycle,42969dc451bbd28e8cd3cb77167facb14a589d75dcd5e0813872ce2c2bbe3f66,20260916,0.11.0,51,supply,orders,False,12,12,O12,17,REGION,POWER,60.800000000000004,1,CENTER,THRESHOLD,0,0,1
lifecycle,42969dc451bbd28e8cd3cb77167facb14a589d75dcd5e0813872ce2c2bbe3f66,20260916,0.11.0,52,supply,orders,False,17,17,O1,1,BASE,POWER,0,2,REGION,THRESHOLD/PERIODIC,0,0,2
lifecycle,42969dc451bbd28e8cd3cb77167facb14a589d75dcd5e0813872ce2c2bbe3f66,20260916,0.11.0,52,supply,orders,False,17,17,O2,2,REGION,POWER,0,2,CENTER,THRESHOLD,0,0,2
lifecycle,42969dc451bbd28e8cd3cb77167facb14a589d75dcd5e0813872ce2c2bbe3f66,20260916,0.11.0,52,supply,orders,False,17,17,O3,3,CENTER,POWER,0,4,,PERIODIC,0,0,4
lifecycle,42969dc451bbd28e8cd3cb77167facb14a589d75dcd5e0813872ce2c2bbe3f66,20260916,0.11.0,52,supply,orders,False,17,17,O4,5,BASE,POWER,16.700000000000003,1,REGION,THRESHOLD,0,0,1
lifecycle,42969dc451bbd28e8cd3cb77167facb14a589d75dcd5e0813872ce2c2bbe3f66,20260916,0.11.0,52,supply,orders,False,17,17,O5,6,REGION,POWER,16.700000000000003,1,CENTER,THRESHOLD,0,0,1
lifecycle,42969dc451bbd28e8cd3cb77167facb14a589d75dcd5e0813872ce2c2bbe3f66,20260916,0.11.0,52,supply,orders,False,17,17,O6,8,BASE,POWER,16.800000000000004,1,REGION,THRESHOLD,0,0,1
lifecycle,42969dc451bbd28e8cd3cb77167facb14a589d75dcd5e0813872ce2c2bbe3f66,20260916,0.11.0,52,supply,orders,False,17,17,O7,9,REGION,POWER,16.800000000000004,1,CENTER,THRESHOLD,0,0,1
lifecycle,42969dc451bbd28e8cd3cb77167facb14a589d75dcd5e0813872ce2c2bbe3f66,20260916,0.11.0,52,supply,orders,False,17,17,O8,10,CENTER,POWER,18.0,2,,PERIODIC,0,0,2
lifecycle,42969dc451bbd28e8cd3cb77167facb14a589d75dcd5e0813872ce2c2bbe3f66,20260916,0.11.0,52,supply,orders,False,17,17,O9,12,BASE,POWER,32.800000000000004,1,REGION,THRESHOLD,0,0,1
lifecycle,42969dc451bbd28e8cd3cb77167facb14a589d75dcd5e0813872ce2c2bbe3f66,20260916,0.11.0,52,supply,orders,False,17,17,O10,13,REGION,POWER,32.800000000000004,1,CENTER,THRESHOLD,0,0,1
lifecycle,42969dc451bbd28e8cd3cb77167facb14a589d75dcd5e0813872ce2c2bbe3f66,20260916,0.11.0,52,supply,orders,False,17,17,O11,15,BASE,POWER,40.6,1,REGION,THRESHOLD,0,0,1
lifecycle,42969dc451bbd28e8cd3cb77167facb14a589d75dcd5e0813872ce2c2bbe3f66,20260916,0.11.0,52,supply,orders,False,17,17,O12,16,REGION,POWER,40.6,1,CENTER,THRESHOLD,0,0,1
lifecycle,42969dc451bbd28e8cd3cb77167facb14a589d75dcd5e0813872ce2c2bbe3f66,20260916,0.11.0,52,supply,orders,False,17,17,O13,18,BASE,POWER,60.7,1,REGION,THRESHOLD,0,0,1
lifecycle,42969dc451bbd28e8cd3cb77167facb14a589d75dcd5e0813872ce2c2bbe3f66,20260916,0.11.0,52,supply,orders,False,17,17,O14,19,REGION,POWER,60.7,1,CENTER,THRESHOLD,0,0,1
lifecycle,42969dc451bbd28e8cd3cb77167facb14a589d75dcd5e0813872ce2c2bbe3f66,20260916,0.11.0,52,supply,orders,False,17,17,O15,22,BASE,POWER,64.6,2,REGION,THRESHOLD,0,0,2
lifecycle,42969dc451bbd28e8cd3cb77167facb14a589d75dcd5e0813872ce2c2bbe3f66,20260916,0.11.0,52,supply,orders,False,17,17,O16,23,REGION,POWER,64.6,2,CENTER,THRESHOLD,0,0,2
lifecycle,42969dc451bbd28e8cd3cb77167facb14a589d75dcd5e0813872ce2c2bbe3f66,20260916,0.11.0,52,supply,orders,False,17,17,O17,24,CENTER,POWER,66.0,1,,PERIODIC,0,0,1
lifecycle,42969dc451bbd28e8cd3cb77167facb14a589d75dcd5e0813872ce2c2bbe3f66,20260916,0.11.0,53,supply,orders,False,17,17,O1,1,BASE,POWER,0,2,REGION,THRESHOLD/PERIODIC,0,0,2
lifecycle,42969dc451bbd28e8cd3cb77167facb14a589d75dcd5e0813872ce2c2bbe3f66,20260916,0.11.0,53,supply,orders,False,17,17,O2,2,REGION,POWER,0,2,CENTER,THRESHOLD,0,0,2
lifecycle,42969dc451bbd28e8cd3cb77167facb14a589d75dcd5e0813872ce2c2bbe3f66,20260916,0.11.0,53,supply,orders,False,17,17,O3,3,CENTER,POWER,0,4,,PERIODIC,0,0,4
lifecycle,42969dc451bbd28e8cd3cb77167facb14a589d75dcd5e0813872ce2c2bbe3f66,20260916,0.11.0,53,supply,orders,False,17,17,O4,5,BASE,POWER,16.800000000000004,1,REGION,THRESHOLD,0,0,1
lifecycle,42969dc451bbd28e8cd3cb77167facb14a589d75dcd5e0813872ce2c2bbe3f66,20260916,0.11.0,53,supply,orders,False,17,17,O5,6,REGION,POWER,16.800000000000004,1,CENTER,THRESHOLD,0,0,1
lifecycle,42969dc451bbd28e8cd3cb77167facb14a589d75dcd5e0813872ce2c2bbe3f66,20260916,0.11.0,53,supply,orders,False,17,17,O6,7,CENTER,POWER,18.0,1,,PERIODIC,0,0,1
lifecycle,42969dc451bbd28e8cd3cb77167facb14a589d75dcd5e0813872ce2c2bbe3f66,20260916,0.11.0,53,supply,orders,False,17,17,O7,9,BASE,POWER,32.7,1,REGION,THRESHOLD,0,0,1
lifecycle,42969dc451bbd28e8cd3cb77167facb14a589d75dcd5e0813872ce2c2bbe3f66,20260916,0.11.0,53,supply,orders,False,17,17,O8,10,REGION,POWER,32.7,1,CENTER,THRESHOLD,0,0,1
lifecycle,42969dc451bbd28e8cd3cb77167facb14a589d75dcd5e0813872ce2c2bbe3f66,20260916,0.11.0,53,supply,orders,False,17,17,O9,12,BASE,POWER,32.800000000000004,1,REGION,THRESHOLD,0,0,1
lifecycle,42969dc451bbd28e8cd3cb77167facb14a589d75dcd5e0813872ce2c2bbe3f66,20260916,0.11.0,53,supply,orders,False,17,17,O10,13,REGION,POWER,32.800000000000004,1,CENTER,THRESHOLD,0,0,1
lifecycle,42969dc451bbd28e8cd3cb77167facb14a589d75dcd5e0813872ce2c2bbe3f66,20260916,0.11.0,53,supply,orders,False,17,17,O11,15,BASE,POWER,36.6,1,REGION,THRESHOLD,0,0,1
lifecycle,42969dc451bbd28e8cd3cb77167facb14a589d75dcd5e0813872ce2c2bbe3f66,20260916,0.11.0,53,supply,orders,False,17,17,O12,16,REGION,POWER,36.6,1,CENTER,THRESHOLD,0,0,1
lifecycle,42969dc451bbd28e8cd3cb77167facb14a589d75dcd5e0813872ce2c2bbe3f66,20260916,0.11.0,53,supply,orders,False,17,17,O13,18,BASE,POWER,56.7,1,REGION,THRESHOLD,0,0,1
lifecycle,42969dc451bbd28e8cd3cb77167facb14a589d75dcd5e0813872ce2c2bbe3f66,20260916,0.11.0,53,supply,orders,False,17,17,O14,19,REGION,POWER,56.7,1,CENTER,THRESHOLD,0,0,1
lifecycle,42969dc451bbd28e8cd3cb77167facb14a589d75dcd5e0813872ce2c2bbe3f66,20260916,0.11.0,53,supply,orders,False,17,17,O15,21,BASE,POWER,64.69999999999999,1,REGION,THRESHOLD,0,0,1
lifecycle,42969dc451bbd28e8cd3cb77167facb14a589d75dcd5e0813872ce2c2bbe3f66,20260916,0.11.0,53,supply,orders,False,17,17,O16,22,REGION,POWER,64.69999999999999,1,CENTER,THRESHOLD,0,0,1
lifecycle,42969dc451bbd28e8cd3cb77167facb14a589d75dcd5e0813872ce2c2bbe3f66,20260916,0.11.0,53,supply,orders,False,17,17,O17,23,CENTER,POWER,66.0,1,,PERIODIC,0,0,1
lifecycle,42969dc451bbd28e8cd3cb77167facb14a589d75dcd5e0813872ce2c2bbe3f66,20260916,0.11.0,54,supply,orders,False,16,16,O1,1,BASE,POWER,0,2,REGION,THRESHOLD/PERIODIC,0,0,2
lifecycle,42969dc451bbd28e8cd3cb77167facb14a589d75dcd5e0813872ce2c2bbe3f66,20260916,0.11.0,54,supply,orders,False,16,16,O2,2,REGION,POWER,0,2,CENTER,THRESHOLD,0,0,2
lifecycle,42969dc451bbd28e8cd3cb77167facb14a589d75dcd5e0813872ce2c2bbe3f66,20260916,0.11.0,54,supply,orders,False,16,16,O3,3,CENTER,POWER,0,4,,PERIODIC,0,0,4
lifecycle,42969dc451bbd28e8cd3cb77167facb14a589d75dcd5e0813872ce2c2bbe3f66,20260916,0.11.0,54,supply,orders,False,16,16,O4,5,BASE,POWER,16.700000000000003,1,REGION,THRESHOLD,0,0,1
lifecycle,42969dc451bbd28e8cd3cb77167facb14a589d75dcd5e0813872ce2c2bbe3f66,20260916,0.11.0,54,supply,orders,False,16,16,O5,6,REGION,POWER,16.700000000000003,1,CENTER,THRESHOLD,0,0,1
lifecycle,42969dc451bbd28e8cd3cb77167facb14a589d75dcd5e0813872ce2c2bbe3f66,20260916,0.11.0,54,supply,orders,False,16,16,O6,8,BASE,POWER,16.800000000000004,1,REGION,THRESHOLD,0,0,1
lifecycle,42969dc451bbd28e8cd3cb77167facb14a589d75dcd5e0813872ce2c2bbe3f66,20260916,0.11.0,54,supply,orders,False,16,16,O7,9,REGION,POWER,16.800000000000004,1,CENTER,THRESHOLD,0,0,1
lifecycle,42969dc451bbd28e8cd3cb77167facb14a589d75dcd5e0813872ce2c2bbe3f66,20260916,0.11.0,54,supply,orders,False,16,16,O8,10,CENTER,POWER,18.0,2,,PERIODIC,0,0,2
lifecycle,42969dc451bbd28e8cd3cb77167facb14a589d75dcd5e0813872ce2c2bbe3f66,20260916,0.11.0,54,supply,orders,False,16,16,O9,12,BASE,POWER,32.7,1,REGION,THRESHOLD,0,0,1
lifecycle,42969dc451bbd28e8cd3cb77167facb14a589d75dcd5e0813872ce2c2bbe3f66,20260916,0.11.0,54,supply,orders,False,16,16,O10,13,REGION,POWER,32.7,1,CENTER,THRESHOLD,0,0,1
lifecycle,42969dc451bbd28e8cd3cb77167facb14a589d75dcd5e0813872ce2c2bbe3f66,20260916,0.11.0,54,supply,orders,False,16,16,O11,15,BASE,POWER,40.6,1,REGION,THRESHOLD,0,0,1
lifecycle,42969dc451bbd28e8cd3cb77167facb14a589d75dcd5e0813872ce2c2bbe3f66,20260916,0.11.0,54,supply,orders,False,16,16,O12,16,REGION,POWER,40.6,1,CENTER,THRESHOLD,0,0,1
lifecycle,42969dc451bbd28e8cd3cb77167facb14a589d75dcd5e0813872ce2c2bbe3f66,20260916,0.11.0,54,supply,orders,False,16,16,O13,18,BASE,POWER,56.7,1,REGION,THRESHOLD,0,0,1
lifecycle,42969dc451bbd28e8cd3cb77167facb14a589d75dcd5e0813872ce2c2bbe3f66,20260916,0.11.0,54,supply,orders,False,16,16,O14,19,REGION,POWER,56.7,1,CENTER,THRESHOLD,0,0,1
lifecycle,42969dc451bbd28e8cd3cb77167facb14a589d75dcd5e0813872ce2c2bbe3f66,20260916,0.11.0,54,supply,orders,False,16,16,O15,21,BASE,POWER,56.800000000000004,1,REGION,THRESHOLD,0,0,1
lifecycle,42969dc451bbd28e8cd3cb77167facb14a589d75dcd5e0813872ce2c2bbe3f66,20260916,0.11.0,54,supply,orders,False,16,16,O16,22,REGION,POWER,56.800000000000004,1,CENTER,THRESHOLD,0,0,1
lifecycle,42969dc451bbd28e8cd3cb77167facb14a589d75dcd5e0813872ce2c2bbe3f66,20260916,0.11.0,55,supply,orders,False,18,18,O1,1,BASE,POWER,0,2,REGION,THRESHOLD/PERIODIC,0,0,2
lifecycle,42969dc451bbd28e8cd3cb77167facb14a589d75dcd5e0813872ce2c2bbe3f66,20260916,0.11.0,55,supply,orders,False,18,18,O2,2,REGION,POWER,0,2,CENTER,THRESHOLD,0,0,2
lifecycle,42969dc451bbd28e8cd3cb77167facb14a589d75dcd5e0813872ce2c2bbe3f66,20260916,0.11.0,55,supply,orders,False,18,18,O3,3,CENTER,POWER,0,4,,PERIODIC,0,0,4
lifecycle,42969dc451bbd28e8cd3cb77167facb14a589d75dcd5e0813872ce2c2bbe3f66,20260916,0.11.0,55,supply,orders,False,18,18,O4,5,BASE,POWER,12.7,1,REGION,THRESHOLD,0,0,1
lifecycle,42969dc451bbd28e8cd3cb77167facb14a589d75dcd5e0813872ce2c2bbe3f66,20260916,0.11.0,55,supply,orders,False,18,18,O5,6,REGION,POWER,12.7,1,CENTER,THRESHOLD,0,0,1
lifecycle,42969dc451bbd28e8cd3cb77167facb14a589d75dcd5e0813872ce2c2bbe3f66,20260916,0.11.0,55,supply,orders,False,18,18,O6,8,BASE,POWER,16.700000000000003,1,REGION,THRESHOLD,0,0,1
lifecycle,42969dc451bbd28e8cd3cb77167facb14a589d75dcd5e0813872ce2c2bbe3f66,20260916,0.11.0,55,supply,orders,False,18,18,O7,9,REGION,POWER,16.700000000000003,1,CENTER,THRESHOLD,0,0,1
lifecycle,42969dc451bbd28e8cd3cb77167facb14a589d75dcd5e0813872ce2c2bbe3f66,20260916,0.11.0,55,supply,orders,False,18,18,O8,10,CENTER,POWER,18.0,1,,PERIODIC,0,0,1
lifecycle,42969dc451bbd28e8cd3cb77167facb14a589d75dcd5e0813872ce2c2bbe3f66,20260916,0.11.0,55,supply,orders,False,18,18,O9,12,BASE,POWER,36.6,1,REGION,THRESHOLD,0,0,1
lifecycle,42969dc451bbd28e8cd3cb77167facb14a589d75dcd5e0813872ce2c2bbe3f66,20260916,0.11.0,55,supply,orders,False,18,18,O10,13,REGION,POWER,36.6,1,CENTER,THRESHOLD,0,0,1
lifecycle,42969dc451bbd28e8cd3cb77167facb14a589d75dcd5e0813872ce2c2bbe3f66,20260916,0.11.0,55,supply,orders,False,18,18,O11,15,BASE,POWER,40.6,1,REGION,THRESHOLD,0,0,1
lifecycle,42969dc451bbd28e8cd3cb77167facb14a589d75dcd5e0813872ce2c2bbe3f66,20260916,0.11.0,55,supply,orders,False,18,18,O12,16,REGION,POWER,40.6,1,CENTER,THRESHOLD,0,0,1
lifecycle,42969dc451bbd28e8cd3cb77167facb14a589d75dcd5e0813872ce2c2bbe3f66,20260916,0.11.0,55,supply,orders,False,18,18,O13,17,CENTER,POWER,42.0,1,,PERIODIC,0,0,1
lifecycle,42969dc451bbd28e8cd3cb77167facb14a589d75dcd5e0813872ce2c2bbe3f66,20260916,0.11.0,55,supply,orders,False,18,18,O14,19,BASE,POWER,56.7,1,REGION,THRESHOLD,0,0,1
lifecycle,42969dc451bbd28e8cd3cb77167facb14a589d75dcd5e0813872ce2c2bbe3f66,20260916,0.11.0,55,supply,orders,False,18,18,O15,20,REGION,POWER,56.7,1,CENTER,THRESHOLD,0,0,1
lifecycle,42969dc451bbd28e8cd3cb77167facb14a589d75dcd5e0813872ce2c2bbe3f66,20260916,0.11.0,55,supply,orders,False,18,18,O16,22,BASE,POWER,60.6,1,REGION,THRESHOLD,0,0,1
lifecycle,42969dc451bbd28e8cd3cb77167facb14a589d75dcd5e0813872ce2c2bbe3f66,20260916,0.11.0,55,supply,orders,False,18,18,O17,23,REGION,POWER,60.6,1,CENTER,THRESHOLD,0,0,1
lifecycle,42969dc451bbd28e8cd3cb77167facb14a589d75dcd5e0813872ce2c2bbe3f66,20260916,0.11.0,55,supply,orders,False,18,18,O18,24,CENTER,POWER,66.0,1,,PERIODIC,0,0,1
lifecycle,42969dc451bbd28e8cd3cb77167facb14a589d75dcd5e0813872ce2c2bbe3f66,20260916,0.11.0,56,supply,orders,False,18,18,O1,1,BASE,POWER,0,2,REGION,THRESHOLD/PERIODIC,0,0,2
lifecycle,42969dc451bbd28e8cd3cb77167facb14a589d75dcd5e0813872ce2c2bbe3f66,20260916,0.11.0,56,supply,orders,False,18,18,O2,2,REGION,POWER,0,2,CENTER,THRESHOLD,0,0,2
lifecycle,42969dc451bbd28e8cd3cb77167facb14a589d75dcd5e0813872ce2c2bbe3f66,20260916,0.11.0,56,supply,orders,False,18,18,O3,3,CENTER,POWER,0,4,,PERIODIC,0,0,4
lifecycle,42969dc451bbd28e8cd3cb77167facb14a589d75dcd5e0813872ce2c2bbe3f66,20260916,0.11.0,56,supply,orders,False,18,18,O4,5,BASE,POWER,16.700000000000003,1,REGION,THRESHOLD,0,0,1
lifecycle,42969dc451bbd28e8cd3cb77167facb14a589d75dcd5e0813872ce2c2bbe3f66,20260916,0.11.0,56,supply,orders,False,18,18,O5,6,REGION,POWER,16.700000000000003,1,CENTER,THRESHOLD,0,0,1
lifecycle,42969dc451bbd28e8cd3cb77167facb14a589d75dcd5e0813872ce2c2bbe3f66,20260916,0.11.0,56,supply,orders,False,18,18,O6,7,CENTER,POWER,18.0,1,,PERIODIC,0,0,1
lifecycle,42969dc451bbd28e8cd3cb77167facb14a589d75dcd5e0813872ce2c2bbe3f66,20260916,0.11.0,56,supply,orders,False,18,18,O7,9,BASE,POWER,32.7,1,REGION,THRESHOLD,0,0,1
lifecycle,42969dc451bbd28e8cd3cb77167facb14a589d75dcd5e0813872ce2c2bbe3f66,20260916,0.11.0,56,supply,orders,False,18,18,O8,10,REGION,POWER,32.7,1,CENTER,THRESHOLD,0,0,1
lifecycle,42969dc451bbd28e8cd3cb77167facb14a589d75dcd5e0813872ce2c2bbe3f66,20260916,0.11.0,56,supply,orders,False,18,18,O9,12,BASE,POWER,36.6,1,REGION,THRESHOLD,0,0,1
lifecycle,42969dc451bbd28e8cd3cb77167facb14a589d75dcd5e0813872ce2c2bbe3f66,20260916,0.11.0,56,supply,orders,False,18,18,O10,13,REGION,POWER,36.6,1,CENTER,THRESHOLD,0,0,1
lifecycle,42969dc451bbd28e8cd3cb77167facb14a589d75dcd5e0813872ce2c2bbe3f66,20260916,0.11.0,56,supply,orders,False,18,18,O11,15,BASE,POWER,40.6,1,REGION,THRESHOLD,0,0,1
lifecycle,42969dc451bbd28e8cd3cb77167facb14a589d75dcd5e0813872ce2c2bbe3f66,20260916,0.11.0,56,supply,orders,False,18,18,O12,16,REGION,POWER,40.6,1,CENTER,THRESHOLD,0,0,1
lifecycle,42969dc451bbd28e8cd3cb77167facb14a589d75dcd5e0813872ce2c2bbe3f66,20260916,0.11.0,56,supply,orders,False,18,18,O13,17,CENTER,POWER,42.0,1,,PERIODIC,0,0,1
lifecycle,42969dc451bbd28e8cd3cb77167facb14a589d75dcd5e0813872ce2c2bbe3f66,20260916,0.11.0,56,supply,orders,False,18,18,O14,19,BASE,POWER,64.6,1,REGION,THRESHOLD,0,0,1
lifecycle,42969dc451bbd28e8cd3cb77167facb14a589d75dcd5e0813872ce2c2bbe3f66,20260916,0.11.0,56,supply,orders,False,18,18,O15,20,REGION,POWER,64.6,1,CENTER,THRESHOLD,0,0,1
lifecycle,42969dc451bbd28e8cd3cb77167facb14a589d75dcd5e0813872ce2c2bbe3f66,20260916,0.11.0,56,supply,orders,False,18,18,O16,22,BASE,POWER,64.69999999999999,1,REGION,THRESHOLD,0,0,1
lifecycle,42969dc451bbd28e8cd3cb77167facb14a589d75dcd5e0813872ce2c2bbe3f66,20260916,0.11.0,56,supply,orders,False,18,18,O17,23,REGION,POWER,64.69999999999999,1,CENTER,THRESHOLD,0,0,1
lifecycle,42969dc451bbd28e8cd3cb77167facb14a589d75dcd5e0813872ce2c2bbe3f66,20260916,0.11.0,56,supply,orders,False,18,18,O18,24,CENTER,POWER,66.0,2,,PERIODIC,0,0,2
lifecycle,42969dc451bbd28e8cd3cb77167facb14a589d75dcd5e0813872ce2c2bbe3f66,20260916,0.11.0,57,supply,orders,False,20,20,O1,1,BASE,POWER,0,2,REGION,THRESHOLD/PERIODIC,0,0,2
lifecycle,42969dc451bbd28e8cd3cb77167facb14a589d75dcd5e0813872ce2c2bbe3f66,20260916,0.11.0,57,supply,orders,False,20,20,O2,2,REGION,POWER,0,2,CENTER,THRESHOLD,0,0,2
lifecycle,42969dc451bbd28e8cd3cb77167facb14a589d75dcd5e0813872ce2c2bbe3f66,20260916,0.11.0,57,supply,orders,False,20,20,O3,3,CENTER,POWER,0,4,,PERIODIC,0,0,4
lifecycle,42969dc451bbd28e8cd3cb77167facb14a589d75dcd5e0813872ce2c2bbe3f66,20260916,0.11.0,57,supply,orders,False,20,20,O4,5,BASE,POWER,16.700000000000003,1,REGION,THRESHOLD,0,0,1
lifecycle,42969dc451bbd28e8cd3cb77167facb14a589d75dcd5e0813872ce2c2bbe3f66,20260916,0.11.0,57,supply,orders,False,20,20,O5,6,REGION,POWER,16.700000000000003,1,CENTER,THRESHOLD,0,0,1
lifecycle,42969dc451bbd28e8cd3cb77167facb14a589d75dcd5e0813872ce2c2bbe3f66,20260916,0.11.0,57,supply,orders,False,20,20,O6,7,CENTER,POWER,18.0,1,,PERIODIC,0,0,1
lifecycle,42969dc451bbd28e8cd3cb77167facb14a589d75dcd5e0813872ce2c2bbe3f66,20260916,0.11.0,57,supply,orders,False,20,20,O7,9,BASE,POWER,31.016363849752217,1,REGION,THRESHOLD,0,0,1
lifecycle,42969dc451bbd28e8cd3cb77167facb14a589d75dcd5e0813872ce2c2bbe3f66,20260916,0.11.0,57,supply,orders,False,20,20,O8,10,REGION,POWER,31.016363849752217,1,CENTER,THRESHOLD,0,0,1
lifecycle,42969dc451bbd28e8cd3cb77167facb14a589d75dcd5e0813872ce2c2bbe3f66,20260916,0.11.0,57,supply,orders,False,20,20,O9,12,BASE,POWER,36.6,1,REGION,THRESHOLD,0,0,1
lifecycle,42969dc451bbd28e8cd3cb77167facb14a589d75dcd5e0813872ce2c2bbe3f66,20260916,0.11.0,57,supply,orders,False,20,20,O10,13,REGION,POWER,36.6,1,CENTER,THRESHOLD,0,0,1
lifecycle,42969dc451bbd28e8cd3cb77167facb14a589d75dcd5e0813872ce2c2bbe3f66,20260916,0.11.0,57,supply,orders,False,20,20,O11,15,BASE,POWER,40.053691096735314,1,REGION,THRESHOLD,0,0,1
lifecycle,42969dc451bbd28e8cd3cb77167facb14a589d75dcd5e0813872ce2c2bbe3f66,20260916,0.11.0,57,supply,orders,False,20,20,O12,16,REGION,POWER,40.053691096735314,1,CENTER,THRESHOLD,0,0,1
lifecycle,42969dc451bbd28e8cd3cb77167facb14a589d75dcd5e0813872ce2c2bbe3f66,20260916,0.11.0,57,supply,orders,False,20,20,O13,17,CENTER,POWER,42.0,1,,PERIODIC,0,0,1
lifecycle,42969dc451bbd28e8cd3cb77167facb14a589d75dcd5e0813872ce2c2bbe3f66,20260916,0.11.0,57,supply,orders,False,20,20,O14,19,BASE,POWER,56.7,1,REGION,THRESHOLD,0,0,1
lifecycle,42969dc451bbd28e8cd3cb77167facb14a589d75dcd5e0813872ce2c2bbe3f66,20260916,0.11.0,57,supply,orders,False,20,20,O15,20,REGION,POWER,56.7,1,CENTER,THRESHOLD,0,0,1
lifecycle,42969dc451bbd28e8cd3cb77167facb14a589d75dcd5e0813872ce2c2bbe3f66,20260916,0.11.0,57,supply,orders,False,20,20,O16,22,BASE,POWER,60.6,1,REGION,THRESHOLD,0,0,1
lifecycle,42969dc451bbd28e8cd3cb77167facb14a589d75dcd5e0813872ce2c2bbe3f66,20260916,0.11.0,57,supply,orders,False,20,20,O17,23,REGION,POWER,60.6,1,CENTER,THRESHOLD,0,0,1
lifecycle,42969dc451bbd28e8cd3cb77167facb14a589d75dcd5e0813872ce2c2bbe3f66,20260916,0.11.0,57,supply,orders,False,20,20,O18,25,BASE,POWER,64.69999999999999,1,REGION,THRESHOLD,0,0,1
lifecycle,42969dc451bbd28e8cd3cb77167facb14a589d75dcd5e0813872ce2c2bbe3f66,20260916,0.11.0,57,supply,orders,False,20,20,O19,26,REGION,POWER,64.69999999999999,1,CENTER,THRESHOLD,0,0,1
lifecycle,42969dc451bbd28e8cd3cb77167facb14a589d75dcd5e0813872ce2c2bbe3f66,20260916,0.11.0,57,supply,orders,False,20,20,O20,27,CENTER,POWER,66.0,1,,PERIODIC,0,0,1
lifecycle,42969dc451bbd28e8cd3cb77167facb14a589d75dcd5e0813872ce2c2bbe3f66,20260916,0.11.0,58,supply,orders,False,18,18,O1,1,BASE,POWER,0,2,REGION,THRESHOLD/PERIODIC,0,0,2
lifecycle,42969dc451bbd28e8cd3cb77167facb14a589d75dcd5e0813872ce2c2bbe3f66,20260916,0.11.0,58,supply,orders,False,18,18,O2,2,REGION,POWER,0,2,CENTER,THRESHOLD,0,0,2
lifecycle,42969dc451bbd28e8cd3cb77167facb14a589d75dcd5e0813872ce2c2bbe3f66,20260916,0.11.0,58,supply,orders,False,18,18,O3,3,CENTER,POWER,0,4,,PERIODIC,0,0,4
lifecycle,42969dc451bbd28e8cd3cb77167facb14a589d75dcd5e0813872ce2c2bbe3f66,20260916,0.11.0,58,supply,orders,False,18,18,O4,5,BASE,POWER,16.700000000000003,1,REGION,THRESHOLD,0,0,1
lifecycle,42969dc451bbd28e8cd3cb77167facb14a589d75dcd5e0813872ce2c2bbe3f66,20260916,0.11.0,58,supply,orders,False,18,18,O5,6,REGION,POWER,16.700000000000003,1,CENTER,THRESHOLD,0,0,1
lifecycle,42969dc451bbd28e8cd3cb77167facb14a589d75dcd5e0813872ce2c2bbe3f66,20260916,0.11.0,58,supply,orders,False,18,18,O6,8,BASE,POWER,16.800000000000004,1,REGION,THRESHOLD,0,0,1
lifecycle,42969dc451bbd28e8cd3cb77167facb14a589d75dcd5e0813872ce2c2bbe3f66,20260916,0.11.0,58,supply,orders,False,18,18,O7,9,REGION,POWER,16.800000000000004,1,CENTER,THRESHOLD,0,0,1
lifecycle,42969dc451bbd28e8cd3cb77167facb14a589d75dcd5e0813872ce2c2bbe3f66,20260916,0.11.0,58,supply,orders,False,18,18,O8,10,CENTER,POWER,18.0,2,,PERIODIC,0,0,2
lifecycle,42969dc451bbd28e8cd3cb77167facb14a589d75dcd5e0813872ce2c2bbe3f66,20260916,0.11.0,58,supply,orders,False,18,18,O9,12,BASE,POWER,32.7,1,REGION,THRESHOLD,0,0,1
lifecycle,42969dc451bbd28e8cd3cb77167facb14a589d75dcd5e0813872ce2c2bbe3f66,20260916,0.11.0,58,supply,orders,False,18,18,O10,13,REGION,POWER,32.7,1,CENTER,THRESHOLD,0,0,1
lifecycle,42969dc451bbd28e8cd3cb77167facb14a589d75dcd5e0813872ce2c2bbe3f66,20260916,0.11.0,58,supply,orders,False,18,18,O11,15,BASE,POWER,40.6,1,REGION,THRESHOLD,0,0,1
lifecycle,42969dc451bbd28e8cd3cb77167facb14a589d75dcd5e0813872ce2c2bbe3f66,20260916,0.11.0,58,supply,orders,False,18,18,O12,16,REGION,POWER,40.6,1,CENTER,THRESHOLD,0,0,1
lifecycle,42969dc451bbd28e8cd3cb77167facb14a589d75dcd5e0813872ce2c2bbe3f66,20260916,0.11.0,58,supply,orders,False,18,18,O13,18,BASE,POWER,56.7,1,REGION,THRESHOLD,0,0,1
lifecycle,42969dc451bbd28e8cd3cb77167facb14a589d75dcd5e0813872ce2c2bbe3f66,20260916,0.11.0,58,supply,orders,False,18,18,O14,19,REGION,POWER,56.7,1,CENTER,THRESHOLD,0,0,1
lifecycle,42969dc451bbd28e8cd3cb77167facb14a589d75dcd5e0813872ce2c2bbe3f66,20260916,0.11.0,58,supply,orders,False,18,18,O15,21,BASE,POWER,60.7,1,REGION,THRESHOLD,0,0,1
lifecycle,42969dc451bbd28e8cd3cb77167facb14a589d75dcd5e0813872ce2c2bbe3f66,20260916,0.11.0,58,supply,orders,False,18,18,O16,22,REGION,POWER,60.7,1,CENTER,THRESHOLD,0,0,1
lifecycle,42969dc451bbd28e8cd3cb77167facb14a589d75dcd5e0813872ce2c2bbe3f66,20260916,0.11.0,58,supply,orders,False,18,18,O17,24,BASE,POWER,64.6,1,REGION,THRESHOLD,0,0,1
lifecycle,42969dc451bbd28e8cd3cb77167facb14a589d75dcd5e0813872ce2c2bbe3f66,20260916,0.11.0,58,supply,orders,False,18,18,O18,25,REGION,POWER,64.6,1,CENTER,THRESHOLD,0,0,1
lifecycle,42969dc451bbd28e8cd3cb77167facb14a589d75dcd5e0813872ce2c2bbe3f66,20260916,0.11.0,59,supply,orders,False,13,13,O1,1,BASE,POWER,0,2,REGION,THRESHOLD/PERIODIC,0,0,2
lifecycle,42969dc451bbd28e8cd3cb77167facb14a589d75dcd5e0813872ce2c2bbe3f66,20260916,0.11.0,59,supply,orders,False,13,13,O2,2,REGION,POWER,0,2,CENTER,THRESHOLD,0,0,2
lifecycle,42969dc451bbd28e8cd3cb77167facb14a589d75dcd5e0813872ce2c2bbe3f66,20260916,0.11.0,59,supply,orders,False,13,13,O3,3,CENTER,POWER,0,4,,PERIODIC,0,0,4
lifecycle,42969dc451bbd28e8cd3cb77167facb14a589d75dcd5e0813872ce2c2bbe3f66,20260916,0.11.0,59,supply,orders,False,13,13,O4,5,BASE,POWER,32.137206354266894,1,REGION,THRESHOLD,0,0,1
lifecycle,42969dc451bbd28e8cd3cb77167facb14a589d75dcd5e0813872ce2c2bbe3f66,20260916,0.11.0,59,supply,orders,False,13,13,O5,6,REGION,POWER,32.137206354266894,1,CENTER,THRESHOLD,0,0,1
lifecycle,42969dc451bbd28e8cd3cb77167facb14a589d75dcd5e0813872ce2c2bbe3f66,20260916,0.11.0,59,supply,orders,False,13,13,O6,9,BASE,POWER,36.6,2,REGION,THRESHOLD,0,0,2
lifecycle,42969dc451bbd28e8cd3cb77167facb14a589d75dcd5e0813872ce2c2bbe3f66,20260916,0.11.0,59,supply,orders,False,13,13,O7,10,REGION,POWER,36.6,2,CENTER,THRESHOLD,0,0,2
lifecycle,42969dc451bbd28e8cd3cb77167facb14a589d75dcd5e0813872ce2c2bbe3f66,20260916,0.11.0,59,supply,orders,False,13,13,O8,12,BASE,POWER,40.6,1,REGION,THRESHOLD,0,0,1
lifecycle,42969dc451bbd28e8cd3cb77167facb14a589d75dcd5e0813872ce2c2bbe3f66,20260916,0.11.0,59,supply,orders,False,13,13,O9,13,REGION,POWER,40.6,1,CENTER,THRESHOLD,0,0,1
lifecycle,42969dc451bbd28e8cd3cb77167facb14a589d75dcd5e0813872ce2c2bbe3f66,20260916,0.11.0,59,supply,orders,False,13,13,O10,14,CENTER,POWER,42.0,3,,PERIODIC,0,0,3
lifecycle,42969dc451bbd28e8cd3cb77167facb14a589d75dcd5e0813872ce2c2bbe3f66,20260916,0.11.0,59,supply,orders,False,13,13,O11,16,BASE,POWER,64.69999999999999,1,REGION,THRESHOLD,0,0,1
lifecycle,42969dc451bbd28e8cd3cb77167facb14a589d75dcd5e0813872ce2c2bbe3f66,20260916,0.11.0,59,supply,orders,False,13,13,O12,17,REGION,POWER,64.69999999999999,1,CENTER,THRESHOLD,0,0,1
lifecycle,42969dc451bbd28e8cd3cb77167facb14a589d75dcd5e0813872ce2c2bbe3f66,20260916,0.11.0,59,supply,orders,False,13,13,O13,18,CENTER,POWER,66.0,1,,PERIODIC,0,0,1
lifecycle,42969dc451bbd28e8cd3cb77167facb14a589d75dcd5e0813872ce2c2bbe3f66,20260916,0.11.0,60,supply,orders,False,16,16,O1,1,BASE,POWER,0,2,REGION,THRESHOLD/PERIODIC,0,0,2
lifecycle,42969dc451bbd28e8cd3cb77167facb14a589d75dcd5e0813872ce2c2bbe3f66,20260916,0.11.0,60,supply,orders,False,16,16,O2,2,REGION,POWER,0,2,CENTER,THRESHOLD,0,0,2
lifecycle,42969dc451bbd28e8cd3cb77167facb14a589d75dcd5e0813872ce2c2bbe3f66,20260916,0.11.0,60,supply,orders,False,16,16,O3,3,CENTER,POWER,0,4,,PERIODIC,0,0,4
lifecycle,42969dc451bbd28e8cd3cb77167facb14a589d75dcd5e0813872ce2c2bbe3f66,20260916,0.11.0,60,supply,orders,False,16,16,O4,5,BASE,POWER,16.800000000000004,1,REGION,THRESHOLD,0,0,1
lifecycle,42969dc451bbd28e8cd3cb77167facb14a589d75dcd5e0813872ce2c2bbe3f66,20260916,0.11.0,60,supply,orders,False,16,16,O5,6,REGION,POWER,16.800000000000004,1,CENTER,THRESHOLD,0,0,1
lifecycle,42969dc451bbd28e8cd3cb77167facb14a589d75dcd5e0813872ce2c2bbe3f66,20260916,0.11.0,60,supply,orders,False,16,16,O6,7,CENTER,POWER,18.0,1,,PERIODIC,0,0,1
lifecycle,42969dc451bbd28e8cd3cb77167facb14a589d75dcd5e0813872ce2c2bbe3f66,20260916,0.11.0,60,supply,orders,False,16,16,O7,9,BASE,POWER,36.6,1,REGION,THRESHOLD,0,0,1
lifecycle,42969dc451bbd28e8cd3cb77167facb14a589d75dcd5e0813872ce2c2bbe3f66,20260916,0.11.0,60,supply,orders,False,16,16,O8,10,REGION,POWER,36.6,1,CENTER,THRESHOLD,0,0,1
lifecycle,42969dc451bbd28e8cd3cb77167facb14a589d75dcd5e0813872ce2c2bbe3f66,20260916,0.11.0,60,supply,orders,False,16,16,O9,13,BASE,POWER,40.6,2,REGION,THRESHOLD,0,0,2
lifecycle,42969dc451bbd28e8cd3cb77167facb14a589d75dcd5e0813872ce2c2bbe3f66,20260916,0.11.0,60,supply,orders,False,16,16,O10,14,REGION,POWER,40.6,2,CENTER,THRESHOLD,0,0,2
lifecycle,42969dc451bbd28e8cd3cb77167facb14a589d75dcd5e0813872ce2c2bbe3f66,20260916,0.11.0,60,supply,orders,False,16,16,O11,15,CENTER,POWER,42.0,2,,PERIODIC,0,0,2
lifecycle,42969dc451bbd28e8cd3cb77167facb14a589d75dcd5e0813872ce2c2bbe3f66,20260916,0.11.0,60,supply,orders,False,16,16,O12,17,BASE,POWER,56.7,1,REGION,THRESHOLD,0,0,1
lifecycle,42969dc451bbd28e8cd3cb77167facb14a589d75dcd5e0813872ce2c2bbe3f66,20260916,0.11.0,60,supply,orders,False,16,16,O13,18,REGION,POWER,56.7,1,CENTER,THRESHOLD,0,0,1
lifecycle,42969dc451bbd28e8cd3cb77167facb14a589d75dcd5e0813872ce2c2bbe3f66,20260916,0.11.0,60,supply,orders,False,16,16,O14,20,BASE,POWER,64.69999999999999,1,REGION,THRESHOLD,0,0,1
lifecycle,42969dc451bbd28e8cd3cb77167facb14a589d75dcd5e0813872ce2c2bbe3f66,20260916,0.11.0,60,supply,orders,False,16,16,O15,21,REGION,POWER,64.69999999999999,1,CENTER,THRESHOLD,0,0,1
lifecycle,42969dc451bbd28e8cd3cb77167facb14a589d75dcd5e0813872ce2c2bbe3f66,20260916,0.11.0,60,supply,orders,False,16,16,O16,22,CENTER,POWER,66.0,1,,PERIODIC,0,0,1
lifecycle,42969dc451bbd28e8cd3cb77167facb14a589d75dcd5e0813872ce2c2bbe3f66,20260916,0.11.0,61,supply,orders,False,20,20,O1,1,BASE,POWER,0,2,REGION,THRESHOLD/PERIODIC,0,0,2
lifecycle,42969dc451bbd28e8cd3cb77167facb14a589d75dcd5e0813872ce2c2bbe3f66,20260916,0.11.0,61,supply,orders,False,20,20,O2,2,REGION,POWER,0,2,CENTER,THRESHOLD,0,0,2
lifecycle,42969dc451bbd28e8cd3cb77167facb14a589d75dcd5e0813872ce2c2bbe3f66,20260916,0.11.0,61,supply,orders,False,20,20,O3,3,CENTER,POWER,0,4,,PERIODIC,0,0,4
lifecycle,42969dc451bbd28e8cd3cb77167facb14a589d75dcd5e0813872ce2c2bbe3f66,20260916,0.11.0,61,supply,orders,False,20,20,O4,5,BASE,POWER,8.508946826891572,1,REGION,THRESHOLD,0,0,1
lifecycle,42969dc451bbd28e8cd3cb77167facb14a589d75dcd5e0813872ce2c2bbe3f66,20260916,0.11.0,61,supply,orders,False,20,20,O5,6,REGION,POWER,8.508946826891572,1,CENTER,THRESHOLD,0,0,1
lifecycle,42969dc451bbd28e8cd3cb77167facb14a589d75dcd5e0813872ce2c2bbe3f66,20260916,0.11.0,61,supply,orders,False,20,20,O6,8,BASE,POWER,16.700000000000003,1,REGION,THRESHOLD,0,0,1
lifecycle,42969dc451bbd28e8cd3cb77167facb14a589d75dcd5e0813872ce2c2bbe3f66,20260916,0.11.0,61,supply,orders,False,20,20,O7,9,REGION,POWER,16.700000000000003,1,CENTER,THRESHOLD,0,0,1
lifecycle,42969dc451bbd28e8cd3cb77167facb14a589d75dcd5e0813872ce2c2bbe3f66,20260916,0.11.0,61,supply,orders,False,20,20,O8,10,CENTER,POWER,18.0,1,,PERIODIC,0,0,1
lifecycle,42969dc451bbd28e8cd3cb77167facb14a589d75dcd5e0813872ce2c2bbe3f66,20260916,0.11.0,61,supply,orders,False,20,20,O9,12,BASE,POWER,32.800000000000004,1,REGION,THRESHOLD,0,0,1
lifecycle,42969dc451bbd28e8cd3cb77167facb14a589d75dcd5e0813872ce2c2bbe3f66,20260916,0.11.0,61,supply,orders,False,20,20,O10,13,REGION,POWER,32.800000000000004,1,CENTER,THRESHOLD,0,0,1
lifecycle,42969dc451bbd28e8cd3cb77167facb14a589d75dcd5e0813872ce2c2bbe3f66,20260916,0.11.0,61,supply,orders,False,20,20,O11,15,BASE,POWER,40.6,1,REGION,THRESHOLD,0,0,1
lifecycle,42969dc451bbd28e8cd3cb77167facb14a589d75dcd5e0813872ce2c2bbe3f66,20260916,0.11.0,61,supply,orders,False,20,20,O12,16,REGION,POWER,40.6,1,CENTER,THRESHOLD,0,0,1
lifecycle,42969dc451bbd28e8cd3cb77167facb14a589d75dcd5e0813872ce2c2bbe3f66,20260916,0.11.0,61,supply,orders,False,20,20,O13,18,BASE,POWER,56.6,1,REGION,THRESHOLD,0,0,1
lifecycle,42969dc451bbd28e8cd3cb77167facb14a589d75dcd5e0813872ce2c2bbe3f66,20260916,0.11.0,61,supply,orders,False,20,20,O14,19,REGION,POWER,56.6,1,CENTER,THRESHOLD,0,0,1
lifecycle,42969dc451bbd28e8cd3cb77167facb14a589d75dcd5e0813872ce2c2bbe3f66,20260916,0.11.0,61,supply,orders,False,20,20,O15,20,CENTER,POWER,60.0,1,,PERIODIC,0,0,1
lifecycle,42969dc451bbd28e8cd3cb77167facb14a589d75dcd5e0813872ce2c2bbe3f66,20260916,0.11.0,61,supply,orders,False,20,20,O16,22,BASE,POWER,60.7,1,REGION,THRESHOLD,0,0,1
lifecycle,42969dc451bbd28e8cd3cb77167facb14a589d75dcd5e0813872ce2c2bbe3f66,20260916,0.11.0,61,supply,orders,False,20,20,O17,23,REGION,POWER,60.7,1,CENTER,THRESHOLD,0,0,1
lifecycle,42969dc451bbd28e8cd3cb77167facb14a589d75dcd5e0813872ce2c2bbe3f66,20260916,0.11.0,61,supply,orders,False,20,20,O18,25,BASE,POWER,64.6,1,REGION,THRESHOLD,0,0,1
lifecycle,42969dc451bbd28e8cd3cb77167facb14a589d75dcd5e0813872ce2c2bbe3f66,20260916,0.11.0,61,supply,orders,False,20,20,O19,26,REGION,POWER,64.6,1,CENTER,THRESHOLD,0,0,1
lifecycle,42969dc451bbd28e8cd3cb77167facb14a589d75dcd5e0813872ce2c2bbe3f66,20260916,0.11.0,61,supply,orders,False,20,20,O20,27,CENTER,POWER,66.0,1,,PERIODIC,0,0,1
lifecycle,42969dc451bbd28e8cd3cb77167facb14a589d75dcd5e0813872ce2c2bbe3f66,20260916,0.11.0,62,supply,orders,False,14,14,O1,1,BASE,POWER,0,2,REGION,THRESHOLD/PERIODIC,0,0,2
lifecycle,42969dc451bbd28e8cd3cb77167facb14a589d75dcd5e0813872ce2c2bbe3f66,20260916,0.11.0,62,supply,orders,False,14,14,O2,2,REGION,POWER,0,2,CENTER,THRESHOLD,0,0,2
lifecycle,42969dc451bbd28e8cd3cb77167facb14a589d75dcd5e0813872ce2c2bbe3f66,20260916,0.11.0,62,supply,orders,False,14,14,O3,3,CENTER,POWER,0,4,,PERIODIC,0,0,4
lifecycle,42969dc451bbd28e8cd3cb77167facb14a589d75dcd5e0813872ce2c2bbe3f66,20260916,0.11.0,62,supply,orders,False,14,14,O4,5,BASE,POWER,32.800000000000004,1,REGION,THRESHOLD,0,0,1
lifecycle,42969dc451bbd28e8cd3cb77167facb14a589d75dcd5e0813872ce2c2bbe3f66,20260916,0.11.0,62,supply,orders,False,14,14,O5,6,REGION,POWER,32.800000000000004,1,CENTER,THRESHOLD,0,0,1
lifecycle,42969dc451bbd28e8cd3cb77167facb14a589d75dcd5e0813872ce2c2bbe3f66,20260916,0.11.0,62,supply,orders,False,14,14,O6,9,BASE,POWER,36.26915699401563,2,REGION,THRESHOLD,0,0,2
lifecycle,42969dc451bbd28e8cd3cb77167facb14a589d75dcd5e0813872ce2c2bbe3f66,20260916,0.11.0,62,supply,orders,False,14,14,O7,10,REGION,POWER,36.26915699401563,2,CENTER,THRESHOLD,0,0,2
lifecycle,42969dc451bbd28e8cd3cb77167facb14a589d75dcd5e0813872ce2c2bbe3f66,20260916,0.11.0,62,supply,orders,False,14,14,O8,12,BASE,POWER,40.6,1,REGION,THRESHOLD,0,0,1
lifecycle,42969dc451bbd28e8cd3cb77167facb14a589d75dcd5e0813872ce2c2bbe3f66,20260916,0.11.0,62,supply,orders,False,14,14,O9,13,REGION,POWER,40.6,1,CENTER,THRESHOLD,0,0,1
lifecycle,42969dc451bbd28e8cd3cb77167facb14a589d75dcd5e0813872ce2c2bbe3f66,20260916,0.11.0,62,supply,orders,False,14,14,O10,14,CENTER,POWER,42.0,3,,PERIODIC,0,0,3
lifecycle,42969dc451bbd28e8cd3cb77167facb14a589d75dcd5e0813872ce2c2bbe3f66,20260916,0.11.0,62,supply,orders,False,14,14,O11,16,BASE,POWER,55.96683741978587,1,REGION,THRESHOLD,0,0,1
lifecycle,42969dc451bbd28e8cd3cb77167facb14a589d75dcd5e0813872ce2c2bbe3f66,20260916,0.11.0,62,supply,orders,False,14,14,O12,17,REGION,POWER,55.96683741978587,1,CENTER,THRESHOLD,0,0,1
lifecycle,42969dc451bbd28e8cd3cb77167facb14a589d75dcd5e0813872ce2c2bbe3f66,20260916,0.11.0,62,supply,orders,False,14,14,O13,19,BASE,POWER,60.7,1,REGION,THRESHOLD,0,0,1
lifecycle,42969dc451bbd28e8cd3cb77167facb14a589d75dcd5e0813872ce2c2bbe3f66,20260916,0.11.0,62,supply,orders,False,14,14,O14,20,REGION,POWER,60.7,1,CENTER,THRESHOLD,0,0,1
lifecycle,42969dc451bbd28e8cd3cb77167facb14a589d75dcd5e0813872ce2c2bbe3f66,20260916,0.11.0,63,supply,orders,False,15,15,O1,1,BASE,POWER,0,2,REGION,THRESHOLD/PERIODIC,0,0,2
lifecycle,42969dc451bbd28e8cd3cb77167facb14a589d75dcd5e0813872ce2c2bbe3f66,20260916,0.11.0,63,supply,orders,False,15,15,O2,2,REGION,POWER,0,2,CENTER,THRESHOLD,0,0,2
lifecycle,42969dc451bbd28e8cd3cb77167facb14a589d75dcd5e0813872ce2c2bbe3f66,20260916,0.11.0,63,supply,orders,False,15,15,O3,3,CENTER,POWER,0,4,,PERIODIC,0,0,4
lifecycle,42969dc451bbd28e8cd3cb77167facb14a589d75dcd5e0813872ce2c2bbe3f66,20260916,0.11.0,63,supply,orders,False,15,15,O4,5,BASE,POWER,16.800000000000004,1,REGION,THRESHOLD,0,0,1
lifecycle,42969dc451bbd28e8cd3cb77167facb14a589d75dcd5e0813872ce2c2bbe3f66,20260916,0.11.0,63,supply,orders,False,15,15,O5,6,REGION,POWER,16.800000000000004,1,CENTER,THRESHOLD,0,0,1
lifecycle,42969dc451bbd28e8cd3cb77167facb14a589d75dcd5e0813872ce2c2bbe3f66,20260916,0.11.0,63,supply,orders,False,15,15,O6,7,CENTER,POWER,18.0,1,,PERIODIC,0,0,1
lifecycle,42969dc451bbd28e8cd3cb77167facb14a589d75dcd5e0813872ce2c2bbe3f66,20260916,0.11.0,63,supply,orders,False,15,15,O7,9,BASE,POWER,31.14611053308525,1,REGION,THRESHOLD,0,0,1
lifecycle,42969dc451bbd28e8cd3cb77167facb14a589d75dcd5e0813872ce2c2bbe3f66,20260916,0.11.0,63,supply,orders,False,15,15,O8,10,REGION,POWER,31.14611053308525,1,CENTER,THRESHOLD,0,0,1
lifecycle,42969dc451bbd28e8cd3cb77167facb14a589d75dcd5e0813872ce2c2bbe3f66,20260916,0.11.0,63,supply,orders,False,15,15,O9,12,BASE,POWER,36.6,1,REGION,THRESHOLD,0,0,1
lifecycle,42969dc451bbd28e8cd3cb77167facb14a589d75dcd5e0813872ce2c2bbe3f66,20260916,0.11.0,63,supply,orders,False,15,15,O10,13,REGION,POWER,36.6,1,CENTER,THRESHOLD,0,0,1
lifecycle,42969dc451bbd28e8cd3cb77167facb14a589d75dcd5e0813872ce2c2bbe3f66,20260916,0.11.0,63,supply,orders,False,15,15,O11,15,BASE,POWER,56.7,1,REGION,THRESHOLD,0,0,1
lifecycle,42969dc451bbd28e8cd3cb77167facb14a589d75dcd5e0813872ce2c2bbe3f66,20260916,0.11.0,63,supply,orders,False,15,15,O12,16,REGION,POWER,56.7,1,CENTER,THRESHOLD,0,0,1
lifecycle,42969dc451bbd28e8cd3cb77167facb14a589d75dcd5e0813872ce2c2bbe3f66,20260916,0.11.0,63,supply,orders,False,15,15,O13,18,BASE,POWER,60.6,1,REGION,THRESHOLD,0,0,1
lifecycle,42969dc451bbd28e8cd3cb77167facb14a589d75dcd5e0813872ce2c2bbe3f66,20260916,0.11.0,63,supply,orders,False,15,15,O14,19,REGION,POWER,60.6,1,CENTER,THRESHOLD,0,0,1
lifecycle,42969dc451bbd28e8cd3cb77167facb14a589d75dcd5e0813872ce2c2bbe3f66,20260916,0.11.0,63,supply,orders,False,15,15,O15,20,CENTER,POWER,66.0,1,,PERIODIC,0,0,1
lifecycle,42969dc451bbd28e8cd3cb77167facb14a589d75dcd5e0813872ce2c2bbe3f66,20260916,0.11.0,64,supply,orders,False,18,18,O1,1,BASE,POWER,0,2,REGION,THRESHOLD/PERIODIC,0,0,2
lifecycle,42969dc451bbd28e8cd3cb77167facb14a589d75dcd5e0813872ce2c2bbe3f66,20260916,0.11.0,64,supply,orders,False,18,18,O2,2,REGION,POWER,0,2,CENTER,THRESHOLD,0,0,2
lifecycle,42969dc451bbd28e8cd3cb77167facb14a589d75dcd5e0813872ce2c2bbe3f66,20260916,0.11.0,64,supply,orders,False,18,18,O3,3,CENTER,POWER,0,4,,PERIODIC,0,0,4
lifecycle,42969dc451bbd28e8cd3cb77167facb14a589d75dcd5e0813872ce2c2bbe3f66,20260916,0.11.0,64,supply,orders,False,18,18,O4,5,BASE,POWER,16.700000000000003,1,REGION,THRESHOLD,0,0,1
lifecycle,42969dc451bbd28e8cd3cb77167facb14a589d75dcd5e0813872ce2c2bbe3f66,20260916,0.11.0,64,supply,orders,False,18,18,O5,6,REGION,POWER,16.700000000000003,1,CENTER,THRESHOLD,0,0,1
lifecycle,42969dc451bbd28e8cd3cb77167facb14a589d75dcd5e0813872ce2c2bbe3f66,20260916,0.11.0,64,supply,orders,False,18,18,O6,8,BASE,POWER,16.800000000000004,1,REGION,THRESHOLD,0,0,1
lifecycle,42969dc451bbd28e8cd3cb77167facb14a589d75dcd5e0813872ce2c2bbe3f66,20260916,0.11.0,64,supply,orders,False,18,18,O7,9,REGION,POWER,16.800000000000004,1,CENTER,THRESHOLD,0,0,1
lifecycle,42969dc451bbd28e8cd3cb77167facb14a589d75dcd5e0813872ce2c2bbe3f66,20260916,0.11.0,64,supply,orders,False,18,18,O8,10,CENTER,POWER,18.0,2,,PERIODIC,0,0,2
lifecycle,42969dc451bbd28e8cd3cb77167facb14a589d75dcd5e0813872ce2c2bbe3f66,20260916,0.11.0,64,supply,orders,False,18,18,O9,12,BASE,POWER,32.7,1,REGION,THRESHOLD,0,0,1
lifecycle,42969dc451bbd28e8cd3cb77167facb14a589d75dcd5e0813872ce2c2bbe3f66,20260916,0.11.0,64,supply,orders,False,18,18,O10,13,REGION,POWER,32.7,1,CENTER,THRESHOLD,0,0,1
lifecycle,42969dc451bbd28e8cd3cb77167facb14a589d75dcd5e0813872ce2c2bbe3f66,20260916,0.11.0,64,supply,orders,False,18,18,O11,15,BASE,POWER,32.800000000000004,1,REGION,THRESHOLD,0,0,1
lifecycle,42969dc451bbd28e8cd3cb77167facb14a589d75dcd5e0813872ce2c2bbe3f66,20260916,0.11.0,64,supply,orders,False,18,18,O12,16,REGION,POWER,32.800000000000004,1,CENTER,THRESHOLD,0,0,1
lifecycle,42969dc451bbd28e8cd3cb77167facb14a589d75dcd5e0813872ce2c2bbe3f66,20260916,0.11.0,64,supply,orders,False,18,18,O13,18,BASE,POWER,56.800000000000004,1,REGION,THRESHOLD,0,0,1
lifecycle,42969dc451bbd28e8cd3cb77167facb14a589d75dcd5e0813872ce2c2bbe3f66,20260916,0.11.0,64,supply,orders,False,18,18,O14,19,REGION,POWER,56.800000000000004,1,CENTER,THRESHOLD,0,0,1
lifecycle,42969dc451bbd28e8cd3cb77167facb14a589d75dcd5e0813872ce2c2bbe3f66,20260916,0.11.0,64,supply,orders,False,18,18,O15,21,BASE,POWER,60.800000000000004,1,REGION,THRESHOLD,0,0,1
lifecycle,42969dc451bbd28e8cd3cb77167facb14a589d75dcd5e0813872ce2c2bbe3f66,20260916,0.11.0,64,supply,orders,False,18,18,O16,22,REGION,POWER,60.800000000000004,1,CENTER,THRESHOLD,0,0,1
lifecycle,42969dc451bbd28e8cd3cb77167facb14a589d75dcd5e0813872ce2c2bbe3f66,20260916,0.11.0,64,supply,orders,False,18,18,O17,24,BASE,POWER,63.51891015391843,1,REGION,THRESHOLD,0,0,1
lifecycle,42969dc451bbd28e8cd3cb77167facb14a589d75dcd5e0813872ce2c2bbe3f66,20260916,0.11.0,64,supply,orders,False,18,18,O18,25,REGION,POWER,63.51891015391843,1,CENTER,THRESHOLD,0,0,1
lifecycle,42969dc451bbd28e8cd3cb77167facb14a589d75dcd5e0813872ce2c2bbe3f66,20260916,0.11.0,65,supply,orders,False,20,20,O1,1,BASE,POWER,0,2,REGION,THRESHOLD/PERIODIC,0,0,2
lifecycle,42969dc451bbd28e8cd3cb77167facb14a589d75dcd5e0813872ce2c2bbe3f66,20260916,0.11.0,65,supply,orders,False,20,20,O2,2,REGION,POWER,0,2,CENTER,THRESHOLD,0,0,2
lifecycle,42969dc451bbd28e8cd3cb77167facb14a589d75dcd5e0813872ce2c2bbe3f66,20260916,0.11.0,65,supply,orders,False,20,20,O3,3,CENTER,POWER,0,4,,PERIODIC,0,0,4
lifecycle,42969dc451bbd28e8cd3cb77167facb14a589d75dcd5e0813872ce2c2bbe3f66,20260916,0.11.0,65,supply,orders,False,20,20,O4,5,BASE,POWER,16.700000000000003,1,REGION,THRESHOLD,0,0,1
lifecycle,42969dc451bbd28e8cd3cb77167facb14a589d75dcd5e0813872ce2c2bbe3f66,20260916,0.11.0,65,supply,orders,False,20,20,O5,6,REGION,POWER,16.700000000000003,1,CENTER,THRESHOLD,0,0,1
lifecycle,42969dc451bbd28e8cd3cb77167facb14a589d75dcd5e0813872ce2c2bbe3f66,20260916,0.11.0,65,supply,orders,False,20,20,O6,8,BASE,POWER,16.800000000000004,1,REGION,THRESHOLD,0,0,1
lifecycle,42969dc451bbd28e8cd3cb77167facb14a589d75dcd5e0813872ce2c2bbe3f66,20260916,0.11.0,65,supply,orders,False,20,20,O7,9,REGION,POWER,16.800000000000004,1,CENTER,THRESHOLD,0,0,1
lifecycle,42969dc451bbd28e8cd3cb77167facb14a589d75dcd5e0813872ce2c2bbe3f66,20260916,0.11.0,65,supply,orders,False,20,20,O8,10,CENTER,POWER,18.0,2,,PERIODIC,0,0,2
lifecycle,42969dc451bbd28e8cd3cb77167facb14a589d75dcd5e0813872ce2c2bbe3f66,20260916,0.11.0,65,supply,orders,False,20,20,O9,12,BASE,POWER,32.7,1,REGION,THRESHOLD,0,0,1
lifecycle,42969dc451bbd28e8cd3cb77167facb14a589d75dcd5e0813872ce2c2bbe3f66,20260916,0.11.0,65,supply,orders,False,20,20,O10,13,REGION,POWER,32.7,1,CENTER,THRESHOLD,0,0,1
lifecycle,42969dc451bbd28e8cd3cb77167facb14a589d75dcd5e0813872ce2c2bbe3f66,20260916,0.11.0,65,supply,orders,False,20,20,O11,15,BASE,POWER,32.800000000000004,1,REGION,THRESHOLD,0,0,1
lifecycle,42969dc451bbd28e8cd3cb77167facb14a589d75dcd5e0813872ce2c2bbe3f66,20260916,0.11.0,65,supply,orders,False,20,20,O12,16,REGION,POWER,32.800000000000004,1,CENTER,THRESHOLD,0,0,1
lifecycle,42969dc451bbd28e8cd3cb77167facb14a589d75dcd5e0813872ce2c2bbe3f66,20260916,0.11.0,65,supply,orders,False,20,20,O13,18,BASE,POWER,56.7,1,REGION,THRESHOLD,0,0,1
lifecycle,42969dc451bbd28e8cd3cb77167facb14a589d75dcd5e0813872ce2c2bbe3f66,20260916,0.11.0,65,supply,orders,False,20,20,O14,19,REGION,POWER,56.7,1,CENTER,THRESHOLD,0,0,1
lifecycle,42969dc451bbd28e8cd3cb77167facb14a589d75dcd5e0813872ce2c2bbe3f66,20260916,0.11.0,65,supply,orders,False,20,20,O15,21,BASE,POWER,60.7,1,REGION,THRESHOLD,0,0,1
lifecycle,42969dc451bbd28e8cd3cb77167facb14a589d75dcd5e0813872ce2c2bbe3f66,20260916,0.11.0,65,supply,orders,False,20,20,O16,22,REGION,POWER,60.7,1,CENTER,THRESHOLD,0,0,1
lifecycle,42969dc451bbd28e8cd3cb77167facb14a589d75dcd5e0813872ce2c2bbe3f66,20260916,0.11.0,65,supply,orders,False,20,20,O17,24,BASE,POWER,60.800000000000004,1,REGION,THRESHOLD,0,0,1
lifecycle,42969dc451bbd28e8cd3cb77167facb14a589d75dcd5e0813872ce2c2bbe3f66,20260916,0.11.0,65,supply,orders,False,20,20,O18,25,REGION,POWER,60.800000000000004,1,CENTER,THRESHOLD,0,0,1
lifecycle,42969dc451bbd28e8cd3cb77167facb14a589d75dcd5e0813872ce2c2bbe3f66,20260916,0.11.0,65,supply,orders,False,20,20,O19,27,BASE,POWER,64.6,1,REGION,THRESHOLD,0,0,1
lifecycle,42969dc451bbd28e8cd3cb77167facb14a589d75dcd5e0813872ce2c2bbe3f66,20260916,0.11.0,65,supply,orders,False,20,20,O20,28,REGION,POWER,64.6,1,CENTER,THRESHOLD,0,0,1
lifecycle,42969dc451bbd28e8cd3cb77167facb14a589d75dcd5e0813872ce2c2bbe3f66,20260916,0.11.0,66,supply,orders,False,15,15,O1,1,BASE,POWER,0,2,REGION,THRESHOLD/PERIODIC,0,0,2
lifecycle,42969dc451bbd28e8cd3cb77167facb14a589d75dcd5e0813872ce2c2bbe3f66,20260916,0.11.0,66,supply,orders,False,15,15,O2,2,REGION,POWER,0,2,CENTER,THRESHOLD,0,0,2
lifecycle,42969dc451bbd28e8cd3cb77167facb14a589d75dcd5e0813872ce2c2bbe3f66,20260916,0.11.0,66,supply,orders,False,15,15,O3,3,CENTER,POWER,0,4,,PERIODIC,0,0,4
lifecycle,42969dc451bbd28e8cd3cb77167facb14a589d75dcd5e0813872ce2c2bbe3f66,20260916,0.11.0,66,supply,orders,False,15,15,O4,5,BASE,POWER,32.7,1,REGION,THRESHOLD,0,0,1
lifecycle,42969dc451bbd28e8cd3cb77167facb14a589d75dcd5e0813872ce2c2bbe3f66,20260916,0.11.0,66,supply,orders,False,15,15,O5,6,REGION,POWER,32.7,1,CENTER,THRESHOLD,0,0,1
lifecycle,42969dc451bbd28e8cd3cb77167facb14a589d75dcd5e0813872ce2c2bbe3f66,20260916,0.11.0,66,supply,orders,False,15,15,O6,8,BASE,POWER,32.800000000000004,1,REGION,THRESHOLD,0,0,1
lifecycle,42969dc451bbd28e8cd3cb77167facb14a589d75dcd5e0813872ce2c2bbe3f66,20260916,0.11.0,66,supply,orders,False,15,15,O7,9,REGION,POWER,32.800000000000004,1,CENTER,THRESHOLD,0,0,1
lifecycle,42969dc451bbd28e8cd3cb77167facb14a589d75dcd5e0813872ce2c2bbe3f66,20260916,0.11.0,66,supply,orders,False,15,15,O8,12,BASE,POWER,36.6,2,REGION,THRESHOLD,0,0,2
lifecycle,42969dc451bbd28e8cd3cb77167facb14a589d75dcd5e0813872ce2c2bbe3f66,20260916,0.11.0,66,supply,orders,False,15,15,O9,13,REGION,POWER,36.6,2,CENTER,THRESHOLD,0,0,2
lifecycle,42969dc451bbd28e8cd3cb77167facb14a589d75dcd5e0813872ce2c2bbe3f66,20260916,0.11.0,66,supply,orders,False,15,15,O10,14,CENTER,POWER,42.0,2,,PERIODIC,0,0,2
lifecycle,42969dc451bbd28e8cd3cb77167facb14a589d75dcd5e0813872ce2c2bbe3f66,20260916,0.11.0,66,supply,orders,False,15,15,O11,16,BASE,POWER,60.800000000000004,1,REGION,THRESHOLD,0,0,1
lifecycle,42969dc451bbd28e8cd3cb77167facb14a589d75dcd5e0813872ce2c2bbe3f66,20260916,0.11.0,66,supply,orders,False,15,15,O12,17,REGION,POWER,60.800000000000004,1,CENTER,THRESHOLD,0,0,1
lifecycle,42969dc451bbd28e8cd3cb77167facb14a589d75dcd5e0813872ce2c2bbe3f66,20260916,0.11.0,66,supply,orders,False,15,15,O13,19,BASE,POWER,64.69999999999999,1,REGION,THRESHOLD,0,0,1
lifecycle,42969dc451bbd28e8cd3cb77167facb14a589d75dcd5e0813872ce2c2bbe3f66,20260916,0.11.0,66,supply,orders,False,15,15,O14,20,REGION,POWER,64.69999999999999,1,CENTER,THRESHOLD,0,0,1
lifecycle,42969dc451bbd28e8cd3cb77167facb14a589d75dcd5e0813872ce2c2bbe3f66,20260916,0.11.0,66,supply,orders,False,15,15,O15,21,CENTER,POWER,66.0,1,,PERIODIC,0,0,1
lifecycle,42969dc451bbd28e8cd3cb77167facb14a589d75dcd5e0813872ce2c2bbe3f66,20260916,0.11.0,67,supply,orders,False,15,15,O1,1,BASE,POWER,0,2,REGION,THRESHOLD/PERIODIC,0,0,2
lifecycle,42969dc451bbd28e8cd3cb77167facb14a589d75dcd5e0813872ce2c2bbe3f66,20260916,0.11.0,67,supply,orders,False,15,15,O2,2,REGION,POWER,0,2,CENTER,THRESHOLD,0,0,2
lifecycle,42969dc451bbd28e8cd3cb77167facb14a589d75dcd5e0813872ce2c2bbe3f66,20260916,0.11.0,67,supply,orders,False,15,15,O3,3,CENTER,POWER,0,4,,PERIODIC,0,0,4
lifecycle,42969dc451bbd28e8cd3cb77167facb14a589d75dcd5e0813872ce2c2bbe3f66,20260916,0.11.0,67,supply,orders,False,15,15,O4,5,BASE,POWER,16.800000000000004,1,REGION,THRESHOLD,0,0,1
lifecycle,42969dc451bbd28e8cd3cb77167facb14a589d75dcd5e0813872ce2c2bbe3f66,20260916,0.11.0,67,supply,orders,False,15,15,O5,6,REGION,POWER,16.800000000000004,1,CENTER,THRESHOLD,0,0,1
lifecycle,42969dc451bbd28e8cd3cb77167facb14a589d75dcd5e0813872ce2c2bbe3f66,20260916,0.11.0,67,supply,orders,False,15,15,O6,7,CENTER,POWER,18.0,1,,PERIODIC,0,0,1
lifecycle,42969dc451bbd28e8cd3cb77167facb14a589d75dcd5e0813872ce2c2bbe3f66,20260916,0.11.0,67,supply,orders,False,15,15,O7,9,BASE,POWER,36.6,1,REGION,THRESHOLD,0,0,1
lifecycle,42969dc451bbd28e8cd3cb77167facb14a589d75dcd5e0813872ce2c2bbe3f66,20260916,0.11.0,67,supply,orders,False,15,15,O8,10,REGION,POWER,36.6,1,CENTER,THRESHOLD,0,0,1
lifecycle,42969dc451bbd28e8cd3cb77167facb14a589d75dcd5e0813872ce2c2bbe3f66,20260916,0.11.0,67,supply,orders,False,15,15,O9,12,BASE,POWER,56.7,1,REGION,THRESHOLD,0,0,1
lifecycle,42969dc451bbd28e8cd3cb77167facb14a589d75dcd5e0813872ce2c2bbe3f66,20260916,0.11.0,67,supply,orders,False,15,15,O10,13,REGION,POWER,56.7,1,CENTER,THRESHOLD,0,0,1
lifecycle,42969dc451bbd28e8cd3cb77167facb14a589d75dcd5e0813872ce2c2bbe3f66,20260916,0.11.0,67,supply,orders,False,15,15,O11,16,BASE,POWER,60.6,2,REGION,THRESHOLD,0,0,2
lifecycle,42969dc451bbd28e8cd3cb77167facb14a589d75dcd5e0813872ce2c2bbe3f66,20260916,0.11.0,67,supply,orders,False,15,15,O12,17,REGION,POWER,60.6,2,CENTER,THRESHOLD,0,0,2
lifecycle,42969dc451bbd28e8cd3cb77167facb14a589d75dcd5e0813872ce2c2bbe3f66,20260916,0.11.0,67,supply,orders,False,15,15,O13,19,BASE,POWER,64.69999999999999,1,REGION,THRESHOLD,0,0,1
lifecycle,42969dc451bbd28e8cd3cb77167facb14a589d75dcd5e0813872ce2c2bbe3f66,20260916,0.11.0,67,supply,orders,False,15,15,O14,20,REGION,POWER,64.69999999999999,1,CENTER,THRESHOLD,0,0,1
lifecycle,42969dc451bbd28e8cd3cb77167facb14a589d75dcd5e0813872ce2c2bbe3f66,20260916,0.11.0,67,supply,orders,False,15,15,O15,21,CENTER,POWER,66.0,3,,PERIODIC,0,0,3
lifecycle,42969dc451bbd28e8cd3cb77167facb14a589d75dcd5e0813872ce2c2bbe3f66,20260916,0.11.0,68,supply,orders,False,19,19,O1,1,BASE,POWER,0,2,REGION,THRESHOLD/PERIODIC,0,0,2
lifecycle,42969dc451bbd28e8cd3cb77167facb14a589d75dcd5e0813872ce2c2bbe3f66,20260916,0.11.0,68,supply,orders,False,19,19,O2,2,REGION,POWER,0,2,CENTER,THRESHOLD,0,0,2
lifecycle,42969dc451bbd28e8cd3cb77167facb14a589d75dcd5e0813872ce2c2bbe3f66,20260916,0.11.0,68,supply,orders,False,19,19,O3,3,CENTER,POWER,0,4,,PERIODIC,0,0,4
lifecycle,42969dc451bbd28e8cd3cb77167facb14a589d75dcd5e0813872ce2c2bbe3f66,20260916,0.11.0,68,supply,orders,False,19,19,O4,5,BASE,POWER,16.700000000000003,1,REGION,THRESHOLD,0,0,1
lifecycle,42969dc451bbd28e8cd3cb77167facb14a589d75dcd5e0813872ce2c2bbe3f66,20260916,0.11.0,68,supply,orders,False,19,19,O5,6,REGION,POWER,16.700000000000003,1,CENTER,THRESHOLD,0,0,1
lifecycle,42969dc451bbd28e8cd3cb77167facb14a589d75dcd5e0813872ce2c2bbe3f66,20260916,0.11.0,68,supply,orders,False,19,19,O6,7,CENTER,POWER,18.0,1,,PERIODIC,0,0,1
lifecycle,42969dc451bbd28e8cd3cb77167facb14a589d75dcd5e0813872ce2c2bbe3f66,20260916,0.11.0,68,supply,orders,False,19,19,O7,9,BASE,POWER,32.7,1,REGION,THRESHOLD,0,0,1
lifecycle,42969dc451bbd28e8cd3cb77167facb14a589d75dcd5e0813872ce2c2bbe3f66,20260916,0.11.0,68,supply,orders,False,19,19,O8,10,REGION,POWER,32.7,1,CENTER,THRESHOLD,0,0,1
lifecycle,42969dc451bbd28e8cd3cb77167facb14a589d75dcd5e0813872ce2c2bbe3f66,20260916,0.11.0,68,supply,orders,False,19,19,O9,12,BASE,POWER,32.800000000000004,1,REGION,THRESHOLD,0,0,1
lifecycle,42969dc451bbd28e8cd3cb77167facb14a589d75dcd5e0813872ce2c2bbe3f66,20260916,0.11.0,68,supply,orders,False,19,19,O10,13,REGION,POWER,32.800000000000004,1,CENTER,THRESHOLD,0,0,1
lifecycle,42969dc451bbd28e8cd3cb77167facb14a589d75dcd5e0813872ce2c2bbe3f66,20260916,0.11.0,68,supply,orders,False,19,19,O11,15,BASE,POWER,36.6,1,REGION,THRESHOLD,0,0,1
lifecycle,42969dc451bbd28e8cd3cb77167facb14a589d75dcd5e0813872ce2c2bbe3f66,20260916,0.11.0,68,supply,orders,False,19,19,O12,16,REGION,POWER,36.6,1,CENTER,THRESHOLD,0,0,1
lifecycle,42969dc451bbd28e8cd3cb77167facb14a589d75dcd5e0813872ce2c2bbe3f66,20260916,0.11.0,68,supply,orders,False,19,19,O13,18,BASE,POWER,56.7,1,REGION,THRESHOLD,0,0,1
lifecycle,42969dc451bbd28e8cd3cb77167facb14a589d75dcd5e0813872ce2c2bbe3f66,20260916,0.11.0,68,supply,orders,False,19,19,O14,19,REGION,POWER,56.7,1,CENTER,THRESHOLD,0,0,1
lifecycle,42969dc451bbd28e8cd3cb77167facb14a589d75dcd5e0813872ce2c2bbe3f66,20260916,0.11.0,68,supply,orders,False,19,19,O15,21,BASE,POWER,60.7,1,REGION,THRESHOLD,0,0,1
lifecycle,42969dc451bbd28e8cd3cb77167facb14a589d75dcd5e0813872ce2c2bbe3f66,20260916,0.11.0,68,supply,orders,False,19,19,O16,22,REGION,POWER,60.7,1,CENTER,THRESHOLD,0,0,1
lifecycle,42969dc451bbd28e8cd3cb77167facb14a589d75dcd5e0813872ce2c2bbe3f66,20260916,0.11.0,68,supply,orders,False,19,19,O17,24,BASE,POWER,64.69999999999999,1,REGION,THRESHOLD,0,0,1
lifecycle,42969dc451bbd28e8cd3cb77167facb14a589d75dcd5e0813872ce2c2bbe3f66,20260916,0.11.0,68,supply,orders,False,19,19,O18,25,REGION,POWER,64.69999999999999,1,CENTER,THRESHOLD,0,0,1
lifecycle,42969dc451bbd28e8cd3cb77167facb14a589d75dcd5e0813872ce2c2bbe3f66,20260916,0.11.0,68,supply,orders,False,19,19,O19,26,CENTER,POWER,66.0,1,,PERIODIC,0,0,1
lifecycle,42969dc451bbd28e8cd3cb77167facb14a589d75dcd5e0813872ce2c2bbe3f66,20260916,0.11.0,69,supply,orders,False,19,19,O1,1,BASE,POWER,0,2,REGION,THRESHOLD/PERIODIC,0,0,2
lifecycle,42969dc451bbd28e8cd3cb77167facb14a589d75dcd5e0813872ce2c2bbe3f66,20260916,0.11.0,69,supply,orders,False,19,19,O2,2,REGION,POWER,0,2,CENTER,THRESHOLD,0,0,2
lifecycle,42969dc451bbd28e8cd3cb77167facb14a589d75dcd5e0813872ce2c2bbe3f66,20260916,0.11.0,69,supply,orders,False,19,19,O3,3,CENTER,POWER,0,4,,PERIODIC,0,0,4
lifecycle,42969dc451bbd28e8cd3cb77167facb14a589d75dcd5e0813872ce2c2bbe3f66,20260916,0.11.0,69,supply,orders,False,19,19,O4,5,BASE,POWER,16.800000000000004,1,REGION,THRESHOLD,0,0,1
lifecycle,42969dc451bbd28e8cd3cb77167facb14a589d75dcd5e0813872ce2c2bbe3f66,20260916,0.11.0,69,supply,orders,False,19,19,O5,6,REGION,POWER,16.800000000000004,1,CENTER,THRESHOLD,0,0,1
lifecycle,42969dc451bbd28e8cd3cb77167facb14a589d75dcd5e0813872ce2c2bbe3f66,20260916,0.11.0,69,supply,orders,False,19,19,O6,7,CENTER,POWER,18.0,1,,PERIODIC,0,0,1
lifecycle,42969dc451bbd28e8cd3cb77167facb14a589d75dcd5e0813872ce2c2bbe3f66,20260916,0.11.0,69,supply,orders,False,19,19,O7,9,BASE,POWER,32.7,1,REGION,THRESHOLD,0,0,1
lifecycle,42969dc451bbd28e8cd3cb77167facb14a589d75dcd5e0813872ce2c2bbe3f66,20260916,0.11.0,69,supply,orders,False,19,19,O8,10,REGION,POWER,32.7,1,CENTER,THRESHOLD,0,0,1
lifecycle,42969dc451bbd28e8cd3cb77167facb14a589d75dcd5e0813872ce2c2bbe3f66,20260916,0.11.0,69,supply,orders,False,19,19,O9,12,BASE,POWER,32.800000000000004,1,REGION,THRESHOLD,0,0,1
lifecycle,42969dc451bbd28e8cd3cb77167facb14a589d75dcd5e0813872ce2c2bbe3f66,20260916,0.11.0,69,supply,orders,False,19,19,O10,13,REGION,POWER,32.800000000000004,1,CENTER,THRESHOLD,0,0,1
lifecycle,42969dc451bbd28e8cd3cb77167facb14a589d75dcd5e0813872ce2c2bbe3f66,20260916,0.11.0,69,supply,orders,False,19,19,O11,15,BASE,POWER,36.6,1,REGION,THRESHOLD,0,0,1
lifecycle,42969dc451bbd28e8cd3cb77167facb14a589d75dcd5e0813872ce2c2bbe3f66,20260916,0.11.0,69,supply,orders,False,19,19,O12,16,REGION,POWER,36.6,1,CENTER,THRESHOLD,0,0,1
lifecycle,42969dc451bbd28e8cd3cb77167facb14a589d75dcd5e0813872ce2c2bbe3f66,20260916,0.11.0,69,supply,orders,False,19,19,O13,18,BASE,POWER,38.36005656042818,1,REGION,THRESHOLD,0,0,1
lifecycle,42969dc451bbd28e8cd3cb77167facb14a589d75dcd5e0813872ce2c2bbe3f66,20260916,0.11.0,69,supply,orders,False,19,19,O14,19,REGION,POWER,38.36005656042818,1,CENTER,THRESHOLD,0,0,1
lifecycle,42969dc451bbd28e8cd3cb77167facb14a589d75dcd5e0813872ce2c2bbe3f66,20260916,0.11.0,69,supply,orders,False,19,19,O15,21,BASE,POWER,56.7,1,REGION,THRESHOLD,0,0,1
lifecycle,42969dc451bbd28e8cd3cb77167facb14a589d75dcd5e0813872ce2c2bbe3f66,20260916,0.11.0,69,supply,orders,False,19,19,O16,22,REGION,POWER,56.7,1,CENTER,THRESHOLD,0,0,1
lifecycle,42969dc451bbd28e8cd3cb77167facb14a589d75dcd5e0813872ce2c2bbe3f66,20260916,0.11.0,69,supply,orders,False,19,19,O17,24,BASE,POWER,64.69999999999999,1,REGION,THRESHOLD,0,0,1
lifecycle,42969dc451bbd28e8cd3cb77167facb14a589d75dcd5e0813872ce2c2bbe3f66,20260916,0.11.0,69,supply,orders,False,19,19,O18,25,REGION,POWER,64.69999999999999,1,CENTER,THRESHOLD,0,0,1
lifecycle,42969dc451bbd28e8cd3cb77167facb14a589d75dcd5e0813872ce2c2bbe3f66,20260916,0.11.0,69,supply,orders,False,19,19,O19,26,CENTER,POWER,66.0,1,,PERIODIC,0,0,1
lifecycle,42969dc451bbd28e8cd3cb77167facb14a589d75dcd5e0813872ce2c2bbe3f66,20260916,0.11.0,70,supply,orders,False,15,15,O1,1,BASE,POWER,0,2,REGION,THRESHOLD/PERIODIC,0,0,2
lifecycle,42969dc451bbd28e8cd3cb77167facb14a589d75dcd5e0813872ce2c2bbe3f66,20260916,0.11.0,70,supply,orders,False,15,15,O2,2,REGION,POWER,0,2,CENTER,THRESHOLD,0,0,2
lifecycle,42969dc451bbd28e8cd3cb77167facb14a589d75dcd5e0813872ce2c2bbe3f66,20260916,0.11.0,70,supply,orders,False,15,15,O3,3,CENTER,POWER,0,4,,PERIODIC,0,0,4
lifecycle,42969dc451bbd28e8cd3cb77167facb14a589d75dcd5e0813872ce2c2bbe3f66,20260916,0.11.0,70,supply,orders,False,15,15,O4,5,BASE,POWER,16.700000000000003,1,REGION,THRESHOLD,0,0,1
lifecycle,42969dc451bbd28e8cd3cb77167facb14a589d75dcd5e0813872ce2c2bbe3f66,20260916,0.11.0,70,supply,orders,False,15,15,O5,6,REGION,POWER,16.700000000000003,1,CENTER,THRESHOLD,0,0,1
lifecycle,42969dc451bbd28e8cd3cb77167facb14a589d75dcd5e0813872ce2c2bbe3f66,20260916,0.11.0,70,supply,orders,False,15,15,O6,8,BASE,POWER,16.800000000000004,1,REGION,THRESHOLD,0,0,1
lifecycle,42969dc451bbd28e8cd3cb77167facb14a589d75dcd5e0813872ce2c2bbe3f66,20260916,0.11.0,70,supply,orders,False,15,15,O7,9,REGION,POWER,16.800000000000004,1,CENTER,THRESHOLD,0,0,1
lifecycle,42969dc451bbd28e8cd3cb77167facb14a589d75dcd5e0813872ce2c2bbe3f66,20260916,0.11.0,70,supply,orders,False,15,15,O8,10,CENTER,POWER,18.0,2,,PERIODIC,0,0,2
lifecycle,42969dc451bbd28e8cd3cb77167facb14a589d75dcd5e0813872ce2c2bbe3f66,20260916,0.11.0,70,supply,orders,False,15,15,O9,13,BASE,POWER,40.6,2,REGION,THRESHOLD,0,0,2
lifecycle,42969dc451bbd28e8cd3cb77167facb14a589d75dcd5e0813872ce2c2bbe3f66,20260916,0.11.0,70,supply,orders,False,15,15,O10,14,REGION,POWER,40.6,2,CENTER,THRESHOLD,0,0,2
lifecycle,42969dc451bbd28e8cd3cb77167facb14a589d75dcd5e0813872ce2c2bbe3f66,20260916,0.11.0,70,supply,orders,False,15,15,O11,16,BASE,POWER,56.800000000000004,1,REGION,THRESHOLD,0,0,1
lifecycle,42969dc451bbd28e8cd3cb77167facb14a589d75dcd5e0813872ce2c2bbe3f66,20260916,0.11.0,70,supply,orders,False,15,15,O12,17,REGION,POWER,56.800000000000004,1,CENTER,THRESHOLD,0,0,1
lifecycle,42969dc451bbd28e8cd3cb77167facb14a589d75dcd5e0813872ce2c2bbe3f66,20260916,0.11.0,70,supply,orders,False,15,15,O13,19,BASE,POWER,64.6,1,REGION,THRESHOLD,0,0,1
lifecycle,42969dc451bbd28e8cd3cb77167facb14a589d75dcd5e0813872ce2c2bbe3f66,20260916,0.11.0,70,supply,orders,False,15,15,O14,20,REGION,POWER,64.6,1,CENTER,THRESHOLD,0,0,1
lifecycle,42969dc451bbd28e8cd3cb77167facb14a589d75dcd5e0813872ce2c2bbe3f66,20260916,0.11.0,70,supply,orders,False,15,15,O15,21,CENTER,POWER,66.0,1,,PERIODIC,0,0,1
lifecycle,42969dc451bbd28e8cd3cb77167facb14a589d75dcd5e0813872ce2c2bbe3f66,20260916,0.11.0,71,supply,orders,False,13,13,O1,1,BASE,POWER,0,2,REGION,THRESHOLD/PERIODIC,0,0,2
lifecycle,42969dc451bbd28e8cd3cb77167facb14a589d75dcd5e0813872ce2c2bbe3f66,20260916,0.11.0,71,supply,orders,False,13,13,O2,2,REGION,POWER,0,2,CENTER,THRESHOLD,0,0,2
lifecycle,42969dc451bbd28e8cd3cb77167facb14a589d75dcd5e0813872ce2c2bbe3f66,20260916,0.11.0,71,supply,orders,False,13,13,O3,3,CENTER,POWER,0,4,,PERIODIC,0,0,4
lifecycle,42969dc451bbd28e8cd3cb77167facb14a589d75dcd5e0813872ce2c2bbe3f66,20260916,0.11.0,71,supply,orders,False,13,13,O4,5,BASE,POWER,16.700000000000003,1,REGION,THRESHOLD,0,0,1
lifecycle,42969dc451bbd28e8cd3cb77167facb14a589d75dcd5e0813872ce2c2bbe3f66,20260916,0.11.0,71,supply,orders,False,13,13,O5,6,REGION,POWER,16.700000000000003,1,CENTER,THRESHOLD,0,0,1
lifecycle,42969dc451bbd28e8cd3cb77167facb14a589d75dcd5e0813872ce2c2bbe3f66,20260916,0.11.0,71,supply,orders,False,13,13,O6,7,CENTER,POWER,18.0,1,,PERIODIC,0,0,1
lifecycle,42969dc451bbd28e8cd3cb77167facb14a589d75dcd5e0813872ce2c2bbe3f66,20260916,0.11.0,71,supply,orders,False,13,13,O7,9,BASE,POWER,36.6,1,REGION,THRESHOLD,0,0,1
lifecycle,42969dc451bbd28e8cd3cb77167facb14a589d75dcd5e0813872ce2c2bbe3f66,20260916,0.11.0,71,supply,orders,False,13,13,O8,10,REGION,POWER,36.6,1,CENTER,THRESHOLD,0,0,1
lifecycle,42969dc451bbd28e8cd3cb77167facb14a589d75dcd5e0813872ce2c2bbe3f66,20260916,0.11.0,71,supply,orders,False,13,13,O9,12,BASE,POWER,56.7,1,REGION,THRESHOLD,0,0,1
lifecycle,42969dc451bbd28e8cd3cb77167facb14a589d75dcd5e0813872ce2c2bbe3f66,20260916,0.11.0,71,supply,orders,False,13,13,O10,13,REGION,POWER,56.7,1,CENTER,THRESHOLD,0,0,1
lifecycle,42969dc451bbd28e8cd3cb77167facb14a589d75dcd5e0813872ce2c2bbe3f66,20260916,0.11.0,71,supply,orders,False,13,13,O11,16,BASE,POWER,60.32414132014101,2,REGION,THRESHOLD,0,0,2
lifecycle,42969dc451bbd28e8cd3cb77167facb14a589d75dcd5e0813872ce2c2bbe3f66,20260916,0.11.0,71,supply,orders,False,13,13,O12,17,REGION,POWER,60.32414132014101,2,CENTER,THRESHOLD,0,0,2
lifecycle,42969dc451bbd28e8cd3cb77167facb14a589d75dcd5e0813872ce2c2bbe3f66,20260916,0.11.0,71,supply,orders,False,13,13,O13,18,CENTER,POWER,66.0,2,,PERIODIC,0,0,2
lifecycle,42969dc451bbd28e8cd3cb77167facb14a589d75dcd5e0813872ce2c2bbe3f66,20260916,0.11.0,72,supply,orders,False,16,16,O1,1,BASE,POWER,0,2,REGION,THRESHOLD/PERIODIC,0,0,2
lifecycle,42969dc451bbd28e8cd3cb77167facb14a589d75dcd5e0813872ce2c2bbe3f66,20260916,0.11.0,72,supply,orders,False,16,16,O2,2,REGION,POWER,0,2,CENTER,THRESHOLD,0,0,2
lifecycle,42969dc451bbd28e8cd3cb77167facb14a589d75dcd5e0813872ce2c2bbe3f66,20260916,0.11.0,72,supply,orders,False,16,16,O3,3,CENTER,POWER,0,4,,PERIODIC,0,0,4
lifecycle,42969dc451bbd28e8cd3cb77167facb14a589d75dcd5e0813872ce2c2bbe3f66,20260916,0.11.0,72,supply,orders,False,16,16,O4,5,BASE,POWER,14.71819708485943,1,REGION,THRESHOLD,0,0,1
lifecycle,42969dc451bbd28e8cd3cb77167facb14a589d75dcd5e0813872ce2c2bbe3f66,20260916,0.11.0,72,supply,orders,False,16,16,O5,6,REGION,POWER,14.71819708485943,1,CENTER,THRESHOLD,0,0,1
lifecycle,42969dc451bbd28e8cd3cb77167facb14a589d75dcd5e0813872ce2c2bbe3f66,20260916,0.11.0,72,supply,orders,False,16,16,O6,8,BASE,POWER,32.7,1,REGION,THRESHOLD,0,0,1
lifecycle,42969dc451bbd28e8cd3cb77167facb14a589d75dcd5e0813872ce2c2bbe3f66,20260916,0.11.0,72,supply,orders,False,16,16,O7,9,REGION,POWER,32.7,1,CENTER,THRESHOLD,0,0,1
lifecycle,42969dc451bbd28e8cd3cb77167facb14a589d75dcd5e0813872ce2c2bbe3f66,20260916,0.11.0,72,supply,orders,False,16,16,O8,11,BASE,POWER,32.800000000000004,1,REGION,THRESHOLD,0,0,1
lifecycle,42969dc451bbd28e8cd3cb77167facb14a589d75dcd5e0813872ce2c2bbe3f66,20260916,0.11.0,72,supply,orders,False,16,16,O9,12,REGION,POWER,32.800000000000004,1,CENTER,THRESHOLD,0,0,1
lifecycle,42969dc451bbd28e8cd3cb77167facb14a589d75dcd5e0813872ce2c2bbe3f66,20260916,0.11.0,72,supply,orders,False,16,16,O10,14,BASE,POWER,56.6,1,REGION,THRESHOLD,0,0,1
lifecycle,42969dc451bbd28e8cd3cb77167facb14a589d75dcd5e0813872ce2c2bbe3f66,20260916,0.11.0,72,supply,orders,False,16,16,O11,15,REGION,POWER,56.6,1,CENTER,THRESHOLD,0,0,1
lifecycle,42969dc451bbd28e8cd3cb77167facb14a589d75dcd5e0813872ce2c2bbe3f66,20260916,0.11.0,72,supply,orders,False,16,16,O12,17,BASE,POWER,56.7,1,REGION,THRESHOLD,0,0,1
lifecycle,42969dc451bbd28e8cd3cb77167facb14a589d75dcd5e0813872ce2c2bbe3f66,20260916,0.11.0,72,supply,orders,False,16,16,O13,18,REGION,POWER,56.7,1,CENTER,THRESHOLD,0,0,1
lifecycle,42969dc451bbd28e8cd3cb77167facb14a589d75dcd5e0813872ce2c2bbe3f66,20260916,0.11.0,72,supply,orders,False,16,16,O14,19,CENTER,POWER,60.0,1,,PERIODIC,0,0,1
lifecycle,42969dc451bbd28e8cd3cb77167facb14a589d75dcd5e0813872ce2c2bbe3f66,20260916,0.11.0,72,supply,orders,False,16,16,O15,21,BASE,POWER,60.7,1,REGION,THRESHOLD,0,0,1
lifecycle,42969dc451bbd28e8cd3cb77167facb14a589d75dcd5e0813872ce2c2bbe3f66,20260916,0.11.0,72,supply,orders,False,16,16,O16,22,REGION,POWER,60.7,1,CENTER,THRESHOLD,0,0,1
lifecycle,42969dc451bbd28e8cd3cb77167facb14a589d75dcd5e0813872ce2c2bbe3f66,20260916,0.11.0,73,supply,orders,False,19,19,O1,1,BASE,POWER,0,2,REGION,THRESHOLD/PERIODIC,0,0,2
lifecycle,42969dc451bbd28e8cd3cb77167facb14a589d75dcd5e0813872ce2c2bbe3f66,20260916,0.11.0,73,supply,orders,False,19,19,O2,2,REGION,POWER,0,2,CENTER,THRESHOLD,0,0,2
lifecycle,42969dc451bbd28e8cd3cb77167facb14a589d75dcd5e0813872ce2c2bbe3f66,20260916,0.11.0,73,supply,orders,False,19,19,O3,3,CENTER,POWER,0,4,,PERIODIC,0,0,4
lifecycle,42969dc451bbd28e8cd3cb77167facb14a589d75dcd5e0813872ce2c2bbe3f66,20260916,0.11.0,73,supply,orders,False,19,19,O4,5,BASE,POWER,14.261439124737848,1,REGION,THRESHOLD,0,0,1
lifecycle,42969dc451bbd28e8cd3cb77167facb14a589d75dcd5e0813872ce2c2bbe3f66,20260916,0.11.0,73,supply,orders,False,19,19,O5,6,REGION,POWER,14.261439124737848,1,CENTER,THRESHOLD,0,0,1
lifecycle,42969dc451bbd28e8cd3cb77167facb14a589d75dcd5e0813872ce2c2bbe3f66,20260916,0.11.0,73,supply,orders,False,19,19,O6,8,BASE,POWER,32.800000000000004,1,REGION,THRESHOLD,0,0,1
lifecycle,42969dc451bbd28e8cd3cb77167facb14a589d75dcd5e0813872ce2c2bbe3f66,20260916,0.11.0,73,supply,orders,False,19,19,O7,9,REGION,POWER,32.800000000000004,1,CENTER,THRESHOLD,0,0,1
lifecycle,42969dc451bbd28e8cd3cb77167facb14a589d75dcd5e0813872ce2c2bbe3f66,20260916,0.11.0,73,supply,orders,False,19,19,O8,11,BASE,POWER,36.7,1,REGION,THRESHOLD,0,0,1
lifecycle,42969dc451bbd28e8cd3cb77167facb14a589d75dcd5e0813872ce2c2bbe3f66,20260916,0.11.0,73,supply,orders,False,19,19,O9,12,REGION,POWER,36.7,1,CENTER,THRESHOLD,0,0,1
lifecycle,42969dc451bbd28e8cd3cb77167facb14a589d75dcd5e0813872ce2c2bbe3f66,20260916,0.11.0,73,supply,orders,False,19,19,O10,14,BASE,POWER,40.6,1,REGION,THRESHOLD,0,0,1
lifecycle,42969dc451bbd28e8cd3cb77167facb14a589d75dcd5e0813872ce2c2bbe3f66,20260916,0.11.0,73,supply,orders,False,19,19,O11,15,REGION,POWER,40.6,1,CENTER,THRESHOLD,0,0,1
lifecycle,42969dc451bbd28e8cd3cb77167facb14a589d75dcd5e0813872ce2c2bbe3f66,20260916,0.11.0,73,supply,orders,False,19,19,O12,16,CENTER,POWER,42.0,1,,PERIODIC,0,0,1
lifecycle,42969dc451bbd28e8cd3cb77167facb14a589d75dcd5e0813872ce2c2bbe3f66,20260916,0.11.0,73,supply,orders,False,19,19,O13,18,BASE,POWER,60.7,1,REGION,THRESHOLD,0,0,1
lifecycle,42969dc451bbd28e8cd3cb77167facb14a589d75dcd5e0813872ce2c2bbe3f66,20260916,0.11.0,73,supply,orders,False,19,19,O14,19,REGION,POWER,60.7,1,CENTER,THRESHOLD,0,0,1
lifecycle,42969dc451bbd28e8cd3cb77167facb14a589d75dcd5e0813872ce2c2bbe3f66,20260916,0.11.0,73,supply,orders,False,19,19,O15,21,BASE,POWER,64.6,1,REGION,THRESHOLD,0,0,1
lifecycle,42969dc451bbd28e8cd3cb77167facb14a589d75dcd5e0813872ce2c2bbe3f66,20260916,0.11.0,73,supply,orders,False,19,19,O16,22,REGION,POWER,64.6,1,CENTER,THRESHOLD,0,0,1
lifecycle,42969dc451bbd28e8cd3cb77167facb14a589d75dcd5e0813872ce2c2bbe3f66,20260916,0.11.0,73,supply,orders,False,19,19,O17,24,BASE,POWER,64.69999999999999,1,REGION,THRESHOLD,0,0,1
lifecycle,42969dc451bbd28e8cd3cb77167facb14a589d75dcd5e0813872ce2c2bbe3f66,20260916,0.11.0,73,supply,orders,False,19,19,O18,25,REGION,POWER,64.69999999999999,1,CENTER,THRESHOLD,0,0,1
lifecycle,42969dc451bbd28e8cd3cb77167facb14a589d75dcd5e0813872ce2c2bbe3f66,20260916,0.11.0,73,supply,orders,False,19,19,O19,26,CENTER,POWER,66.0,2,,PERIODIC,0,0,2
lifecycle,42969dc451bbd28e8cd3cb77167facb14a589d75dcd5e0813872ce2c2bbe3f66,20260916,0.11.0,74,supply,orders,False,12,12,O1,1,BASE,POWER,0,2,REGION,THRESHOLD/PERIODIC,0,0,2
lifecycle,42969dc451bbd28e8cd3cb77167facb14a589d75dcd5e0813872ce2c2bbe3f66,20260916,0.11.0,74,supply,orders,False,12,12,O2,2,REGION,POWER,0,2,CENTER,THRESHOLD,0,0,2
lifecycle,42969dc451bbd28e8cd3cb77167facb14a589d75dcd5e0813872ce2c2bbe3f66,20260916,0.11.0,74,supply,orders,False,12,12,O3,3,CENTER,POWER,0,4,,PERIODIC,0,0,4
lifecycle,42969dc451bbd28e8cd3cb77167facb14a589d75dcd5e0813872ce2c2bbe3f66,20260916,0.11.0,74,supply,orders,False,12,12,O4,5,BASE,POWER,32.7,1,REGION,THRESHOLD,0,0,1
lifecycle,42969dc451bbd28e8cd3cb77167facb14a589d75dcd5e0813872ce2c2bbe3f66,20260916,0.11.0,74,supply,orders,False,12,12,O5,6,REGION,POWER,32.7,1,CENTER,THRESHOLD,0,0,1
lifecycle,42969dc451bbd28e8cd3cb77167facb14a589d75dcd5e0813872ce2c2bbe3f66,20260916,0.11.0,74,supply,orders,False,12,12,O6,9,BASE,POWER,36.6,2,REGION,THRESHOLD,0,0,2
lifecycle,42969dc451bbd28e8cd3cb77167facb14a589d75dcd5e0813872ce2c2bbe3f66,20260916,0.11.0,74,supply,orders,False,12,12,O7,10,REGION,POWER,36.6,2,CENTER,THRESHOLD,0,0,2
lifecycle,42969dc451bbd28e8cd3cb77167facb14a589d75dcd5e0813872ce2c2bbe3f66,20260916,0.11.0,74,supply,orders,False,12,12,O8,12,BASE,POWER,40.6,1,REGION,THRESHOLD,0,0,1
lifecycle,42969dc451bbd28e8cd3cb77167facb14a589d75dcd5e0813872ce2c2bbe3f66,20260916,0.11.0,74,supply,orders,False,12,12,O9,13,REGION,POWER,40.6,1,CENTER,THRESHOLD,0,0,1
lifecycle,42969dc451bbd28e8cd3cb77167facb14a589d75dcd5e0813872ce2c2bbe3f66,20260916,0.11.0,74,supply,orders,False,12,12,O10,14,CENTER,POWER,42.0,3,,PERIODIC,0,0,3
lifecycle,42969dc451bbd28e8cd3cb77167facb14a589d75dcd5e0813872ce2c2bbe3f66,20260916,0.11.0,74,supply,orders,False,12,12,O11,16,BASE,POWER,60.7,1,REGION,THRESHOLD,0,0,1
lifecycle,42969dc451bbd28e8cd3cb77167facb14a589d75dcd5e0813872ce2c2bbe3f66,20260916,0.11.0,74,supply,orders,False,12,12,O12,17,REGION,POWER,60.7,1,CENTER,THRESHOLD,0,0,1
lifecycle,42969dc451bbd28e8cd3cb77167facb14a589d75dcd5e0813872ce2c2bbe3f66,20260916,0.11.0,75,supply,orders,False,18,18,O1,1,BASE,POWER,0,2,REGION,THRESHOLD/PERIODIC,0,0,2
lifecycle,42969dc451bbd28e8cd3cb77167facb14a589d75dcd5e0813872ce2c2bbe3f66,20260916,0.11.0,75,supply,orders,False,18,18,O2,2,REGION,POWER,0,2,CENTER,THRESHOLD,0,0,2
lifecycle,42969dc451bbd28e8cd3cb77167facb14a589d75dcd5e0813872ce2c2bbe3f66,20260916,0.11.0,75,supply,orders,False,18,18,O3,3,CENTER,POWER,0,4,,PERIODIC,0,0,4
lifecycle,42969dc451bbd28e8cd3cb77167facb14a589d75dcd5e0813872ce2c2bbe3f66,20260916,0.11.0,75,supply,orders,False,18,18,O4,5,BASE,POWER,16.700000000000003,1,REGION,THRESHOLD,0,0,1
lifecycle,42969dc451bbd28e8cd3cb77167facb14a589d75dcd5e0813872ce2c2bbe3f66,20260916,0.11.0,75,supply,orders,False,18,18,O5,6,REGION,POWER,16.700000000000003,1,CENTER,THRESHOLD,0,0,1
lifecycle,42969dc451bbd28e8cd3cb77167facb14a589d75dcd5e0813872ce2c2bbe3f66,20260916,0.11.0,75,supply,orders,False,18,18,O6,7,CENTER,POWER,18.0,1,,PERIODIC,0,0,1
lifecycle,42969dc451bbd28e8cd3cb77167facb14a589d75dcd5e0813872ce2c2bbe3f66,20260916,0.11.0,75,supply,orders,False,18,18,O7,9,BASE,POWER,36.6,1,REGION,THRESHOLD,0,0,1
lifecycle,42969dc451bbd28e8cd3cb77167facb14a589d75dcd5e0813872ce2c2bbe3f66,20260916,0.11.0,75,supply,orders,False,18,18,O8,10,REGION,POWER,36.6,1,CENTER,THRESHOLD,0,0,1
lifecycle,42969dc451bbd28e8cd3cb77167facb14a589d75dcd5e0813872ce2c2bbe3f66,20260916,0.11.0,75,supply,orders,False,18,18,O9,13,BASE,POWER,40.6,2,REGION,THRESHOLD,0,0,2
lifecycle,42969dc451bbd28e8cd3cb77167facb14a589d75dcd5e0813872ce2c2bbe3f66,20260916,0.11.0,75,supply,orders,False,18,18,O10,14,REGION,POWER,40.6,2,CENTER,THRESHOLD,0,0,2
lifecycle,42969dc451bbd28e8cd3cb77167facb14a589d75dcd5e0813872ce2c2bbe3f66,20260916,0.11.0,75,supply,orders,False,18,18,O11,15,CENTER,POWER,42.0,2,,PERIODIC,0,0,2
lifecycle,42969dc451bbd28e8cd3cb77167facb14a589d75dcd5e0813872ce2c2bbe3f66,20260916,0.11.0,75,supply,orders,False,18,18,O12,17,BASE,POWER,56.7,1,REGION,THRESHOLD,0,0,1
lifecycle,42969dc451bbd28e8cd3cb77167facb14a589d75dcd5e0813872ce2c2bbe3f66,20260916,0.11.0,75,supply,orders,False,18,18,O13,18,REGION,POWER,56.7,1,CENTER,THRESHOLD,0,0,1
lifecycle,42969dc451bbd28e8cd3cb77167facb14a589d75dcd5e0813872ce2c2bbe3f66,20260916,0.11.0,75,supply,orders,False,18,18,O14,20,BASE,POWER,60.36936649620658,1,REGION,THRESHOLD,0,0,1
lifecycle,42969dc451bbd28e8cd3cb77167facb14a589d75dcd5e0813872ce2c2bbe3f66,20260916,0.11.0,75,supply,orders,False,18,18,O15,21,REGION,POWER,60.36936649620658,1,CENTER,THRESHOLD,0,0,1
lifecycle,42969dc451bbd28e8cd3cb77167facb14a589d75dcd5e0813872ce2c2bbe3f66,20260916,0.11.0,75,supply,orders,False,18,18,O16,23,BASE,POWER,64.69999999999999,1,REGION,THRESHOLD,0,0,1
lifecycle,42969dc451bbd28e8cd3cb77167facb14a589d75dcd5e0813872ce2c2bbe3f66,20260916,0.11.0,75,supply,orders,False,18,18,O17,24,REGION,POWER,64.69999999999999,1,CENTER,THRESHOLD,0,0,1
lifecycle,42969dc451bbd28e8cd3cb77167facb14a589d75dcd5e0813872ce2c2bbe3f66,20260916,0.11.0,75,supply,orders,False,18,18,O18,25,CENTER,POWER,66.0,1,,PERIODIC,0,0,1
lifecycle,42969dc451bbd28e8cd3cb77167facb14a589d75dcd5e0813872ce2c2bbe3f66,20260916,0.11.0,76,supply,orders,False,13,13,O1,1,BASE,POWER,0,2,REGION,THRESHOLD/PERIODIC,0,0,2
lifecycle,42969dc451bbd28e8cd3cb77167facb14a589d75dcd5e0813872ce2c2bbe3f66,20260916,0.11.0,76,supply,orders,False,13,13,O2,2,REGION,POWER,0,2,CENTER,THRESHOLD,0,0,2
lifecycle,42969dc451bbd28e8cd3cb77167facb14a589d75dcd5e0813872ce2c2bbe3f66,20260916,0.11.0,76,supply,orders,False,13,13,O3,3,CENTER,POWER,0,4,,PERIODIC,0,0,4
lifecycle,42969dc451bbd28e8cd3cb77167facb14a589d75dcd5e0813872ce2c2bbe3f66,20260916,0.11.0,76,supply,orders,False,13,13,O4,6,BASE,POWER,36.6,2,REGION,THRESHOLD,0,0,2
lifecycle,42969dc451bbd28e8cd3cb77167facb14a589d75dcd5e0813872ce2c2bbe3f66,20260916,0.11.0,76,supply,orders,False,13,13,O5,7,REGION,POWER,36.6,2,CENTER,THRESHOLD,0,0,2
lifecycle,42969dc451bbd28e8cd3cb77167facb14a589d75dcd5e0813872ce2c2bbe3f66,20260916,0.11.0,76,supply,orders,False,13,13,O6,10,BASE,POWER,40.6,2,REGION,THRESHOLD,0,0,2
lifecycle,42969dc451bbd28e8cd3cb77167facb14a589d75dcd5e0813872ce2c2bbe3f66,20260916,0.11.0,76,supply,orders,False,13,13,O7,11,REGION,POWER,40.6,2,CENTER,THRESHOLD,0,0,2
lifecycle,42969dc451bbd28e8cd3cb77167facb14a589d75dcd5e0813872ce2c2bbe3f66,20260916,0.11.0,76,supply,orders,False,13,13,O8,12,CENTER,POWER,42.0,4,,PERIODIC,0,0,4
lifecycle,42969dc451bbd28e8cd3cb77167facb14a589d75dcd5e0813872ce2c2bbe3f66,20260916,0.11.0,76,supply,orders,False,13,13,O9,14,BASE,POWER,64.69999999999999,1,REGION,THRESHOLD,0,0,1
lifecycle,42969dc451bbd28e8cd3cb77167facb14a589d75dcd5e0813872ce2c2bbe3f66,20260916,0.11.0,76,supply,orders,False,13,13,O10,15,REGION,POWER,64.69999999999999,1,CENTER,THRESHOLD,0,0,1
lifecycle,42969dc451bbd28e8cd3cb77167facb14a589d75dcd5e0813872ce2c2bbe3f66,20260916,0.11.0,76,supply,orders,False,13,13,O11,17,BASE,POWER,64.79999999999998,1,REGION,THRESHOLD,0,0,1
lifecycle,42969dc451bbd28e8cd3cb77167facb14a589d75dcd5e0813872ce2c2bbe3f66,20260916,0.11.0,76,supply,orders,False,13,13,O12,18,REGION,POWER,64.79999999999998,1,CENTER,THRESHOLD,0,0,1
lifecycle,42969dc451bbd28e8cd3cb77167facb14a589d75dcd5e0813872ce2c2bbe3f66,20260916,0.11.0,76,supply,orders,False,13,13,O13,19,CENTER,POWER,66.0,2,,PERIODIC,0,0,2
lifecycle,42969dc451bbd28e8cd3cb77167facb14a589d75dcd5e0813872ce2c2bbe3f66,20260916,0.11.0,77,supply,orders,False,18,18,O1,1,BASE,POWER,0,2,REGION,THRESHOLD/PERIODIC,0,0,2
lifecycle,42969dc451bbd28e8cd3cb77167facb14a589d75dcd5e0813872ce2c2bbe3f66,20260916,0.11.0,77,supply,orders,False,18,18,O2,2,REGION,POWER,0,2,CENTER,THRESHOLD,0,0,2
lifecycle,42969dc451bbd28e8cd3cb77167facb14a589d75dcd5e0813872ce2c2bbe3f66,20260916,0.11.0,77,supply,orders,False,18,18,O3,3,CENTER,POWER,0,4,,PERIODIC,0,0,4
lifecycle,42969dc451bbd28e8cd3cb77167facb14a589d75dcd5e0813872ce2c2bbe3f66,20260916,0.11.0,77,supply,orders,False,18,18,O4,5,BASE,POWER,16.700000000000003,1,REGION,THRESHOLD,0,0,1
lifecycle,42969dc451bbd28e8cd3cb77167facb14a589d75dcd5e0813872ce2c2bbe3f66,20260916,0.11.0,77,supply,orders,False,18,18,O5,6,REGION,POWER,16.700000000000003,1,CENTER,THRESHOLD,0,0,1
lifecycle,42969dc451bbd28e8cd3cb77167facb14a589d75dcd5e0813872ce2c2bbe3f66,20260916,0.11.0,77,supply,orders,False,18,18,O6,8,BASE,POWER,16.800000000000004,1,REGION,THRESHOLD,0,0,1
lifecycle,42969dc451bbd28e8cd3cb77167facb14a589d75dcd5e0813872ce2c2bbe3f66,20260916,0.11.0,77,supply,orders,False,18,18,O7,9,REGION,POWER,16.800000000000004,1,CENTER,THRESHOLD,0,0,1
lifecycle,42969dc451bbd28e8cd3cb77167facb14a589d75dcd5e0813872ce2c2bbe3f66,20260916,0.11.0,77,supply,orders,False,18,18,O8,10,CENTER,POWER,18.0,2,,PERIODIC,0,0,2
lifecycle,42969dc451bbd28e8cd3cb77167facb14a589d75dcd5e0813872ce2c2bbe3f66,20260916,0.11.0,77,supply,orders,False,18,18,O9,12,BASE,POWER,32.13395419637033,1,REGION,THRESHOLD,0,0,1
lifecycle,42969dc451bbd28e8cd3cb77167facb14a589d75dcd5e0813872ce2c2bbe3f66,20260916,0.11.0,77,supply,orders,False,18,18,O10,13,REGION,POWER,32.13395419637033,1,CENTER,THRESHOLD,0,0,1
lifecycle,42969dc451bbd28e8cd3cb77167facb14a589d75dcd5e0813872ce2c2bbe3f66,20260916,0.11.0,77,supply,orders,False,18,18,O11,15,BASE,POWER,40.6,1,REGION,THRESHOLD,0,0,1
lifecycle,42969dc451bbd28e8cd3cb77167facb14a589d75dcd5e0813872ce2c2bbe3f66,20260916,0.11.0,77,supply,orders,False,18,18,O12,16,REGION,POWER,40.6,1,CENTER,THRESHOLD,0,0,1
lifecycle,42969dc451bbd28e8cd3cb77167facb14a589d75dcd5e0813872ce2c2bbe3f66,20260916,0.11.0,77,supply,orders,False,18,18,O13,18,BASE,POWER,56.7,1,REGION,THRESHOLD,0,0,1
lifecycle,42969dc451bbd28e8cd3cb77167facb14a589d75dcd5e0813872ce2c2bbe3f66,20260916,0.11.0,77,supply,orders,False,18,18,O14,19,REGION,POWER,56.7,1,CENTER,THRESHOLD,0,0,1
lifecycle,42969dc451bbd28e8cd3cb77167facb14a589d75dcd5e0813872ce2c2bbe3f66,20260916,0.11.0,77,supply,orders,False,18,18,O15,21,BASE,POWER,56.800000000000004,1,REGION,THRESHOLD,0,0,1
lifecycle,42969dc451bbd28e8cd3cb77167facb14a589d75dcd5e0813872ce2c2bbe3f66,20260916,0.11.0,77,supply,orders,False,18,18,O16,22,REGION,POWER,56.800000000000004,1,CENTER,THRESHOLD,0,0,1
lifecycle,42969dc451bbd28e8cd3cb77167facb14a589d75dcd5e0813872ce2c2bbe3f66,20260916,0.11.0,77,supply,orders,False,18,18,O17,24,BASE,POWER,60.7,1,REGION,THRESHOLD,0,0,1
lifecycle,42969dc451bbd28e8cd3cb77167facb14a589d75dcd5e0813872ce2c2bbe3f66,20260916,0.11.0,77,supply,orders,False,18,18,O18,25,REGION,POWER,60.7,1,CENTER,THRESHOLD,0,0,1
lifecycle,42969dc451bbd28e8cd3cb77167facb14a589d75dcd5e0813872ce2c2bbe3f66,20260916,0.11.0,78,supply,orders,False,16,16,O1,1,BASE,POWER,0,2,REGION,THRESHOLD/PERIODIC,0,0,2
lifecycle,42969dc451bbd28e8cd3cb77167facb14a589d75dcd5e0813872ce2c2bbe3f66,20260916,0.11.0,78,supply,orders,False,16,16,O2,2,REGION,POWER,0,2,CENTER,THRESHOLD,0,0,2
lifecycle,42969dc451bbd28e8cd3cb77167facb14a589d75dcd5e0813872ce2c2bbe3f66,20260916,0.11.0,78,supply,orders,False,16,16,O3,3,CENTER,POWER,0,4,,PERIODIC,0,0,4
lifecycle,42969dc451bbd28e8cd3cb77167facb14a589d75dcd5e0813872ce2c2bbe3f66,20260916,0.11.0,78,supply,orders,False,16,16,O4,5,BASE,POWER,16.700000000000003,1,REGION,THRESHOLD,0,0,1
lifecycle,42969dc451bbd28e8cd3cb77167facb14a589d75dcd5e0813872ce2c2bbe3f66,20260916,0.11.0,78,supply,orders,False,16,16,O5,6,REGION,POWER,16.700000000000003,1,CENTER,THRESHOLD,0,0,1
lifecycle,42969dc451bbd28e8cd3cb77167facb14a589d75dcd5e0813872ce2c2bbe3f66,20260916,0.11.0,78,supply,orders,False,16,16,O6,8,BASE,POWER,16.800000000000004,1,REGION,THRESHOLD,0,0,1
lifecycle,42969dc451bbd28e8cd3cb77167facb14a589d75dcd5e0813872ce2c2bbe3f66,20260916,0.11.0,78,supply,orders,False,16,16,O7,9,REGION,POWER,16.800000000000004,1,CENTER,THRESHOLD,0,0,1
lifecycle,42969dc451bbd28e8cd3cb77167facb14a589d75dcd5e0813872ce2c2bbe3f66,20260916,0.11.0,78,supply,orders,False,16,16,O8,10,CENTER,POWER,18.0,2,,PERIODIC,0,0,2
lifecycle,42969dc451bbd28e8cd3cb77167facb14a589d75dcd5e0813872ce2c2bbe3f66,20260916,0.11.0,78,supply,orders,False,16,16,O9,12,BASE,POWER,32.7,1,REGION,THRESHOLD,0,0,1
lifecycle,42969dc451bbd28e8cd3cb77167facb14a589d75dcd5e0813872ce2c2bbe3f66,20260916,0.11.0,78,supply,orders,False,16,16,O10,13,REGION,POWER,32.7,1,CENTER,THRESHOLD,0,0,1
lifecycle,42969dc451bbd28e8cd3cb77167facb14a589d75dcd5e0813872ce2c2bbe3f66,20260916,0.11.0,78,supply,orders,False,16,16,O11,15,BASE,POWER,32.800000000000004,1,REGION,THRESHOLD,0,0,1
lifecycle,42969dc451bbd28e8cd3cb77167facb14a589d75dcd5e0813872ce2c2bbe3f66,20260916,0.11.0,78,supply,orders,False,16,16,O12,16,REGION,POWER,32.800000000000004,1,CENTER,THRESHOLD,0,0,1
lifecycle,42969dc451bbd28e8cd3cb77167facb14a589d75dcd5e0813872ce2c2bbe3f66,20260916,0.11.0,78,supply,orders,False,16,16,O13,18,BASE,POWER,56.800000000000004,1,REGION,THRESHOLD,0,0,1
lifecycle,42969dc451bbd28e8cd3cb77167facb14a589d75dcd5e0813872ce2c2bbe3f66,20260916,0.11.0,78,supply,orders,False,16,16,O14,19,REGION,POWER,56.800000000000004,1,CENTER,THRESHOLD,0,0,1
lifecycle,42969dc451bbd28e8cd3cb77167facb14a589d75dcd5e0813872ce2c2bbe3f66,20260916,0.11.0,78,supply,orders,False,16,16,O15,21,BASE,POWER,64.6,1,REGION,THRESHOLD,0,0,1
lifecycle,42969dc451bbd28e8cd3cb77167facb14a589d75dcd5e0813872ce2c2bbe3f66,20260916,0.11.0,78,supply,orders,False,16,16,O16,22,REGION,POWER,64.6,1,CENTER,THRESHOLD,0,0,1
lifecycle,42969dc451bbd28e8cd3cb77167facb14a589d75dcd5e0813872ce2c2bbe3f66,20260916,0.11.0,79,supply,orders,False,15,15,O1,1,BASE,POWER,0,2,REGION,THRESHOLD/PERIODIC,0,0,2
lifecycle,42969dc451bbd28e8cd3cb77167facb14a589d75dcd5e0813872ce2c2bbe3f66,20260916,0.11.0,79,supply,orders,False,15,15,O2,2,REGION,POWER,0,2,CENTER,THRESHOLD,0,0,2
lifecycle,42969dc451bbd28e8cd3cb77167facb14a589d75dcd5e0813872ce2c2bbe3f66,20260916,0.11.0,79,supply,orders,False,15,15,O3,3,CENTER,POWER,0,4,,PERIODIC,0,0,4
lifecycle,42969dc451bbd28e8cd3cb77167facb14a589d75dcd5e0813872ce2c2bbe3f66,20260916,0.11.0,79,supply,orders,False,15,15,O4,5,BASE,POWER,32.7,1,REGION,THRESHOLD,0,0,1
lifecycle,42969dc451bbd28e8cd3cb77167facb14a589d75dcd5e0813872ce2c2bbe3f66,20260916,0.11.0,79,supply,orders,False,15,15,O5,6,REGION,POWER,32.7,1,CENTER,THRESHOLD,0,0,1
lifecycle,42969dc451bbd28e8cd3cb77167facb14a589d75dcd5e0813872ce2c2bbe3f66,20260916,0.11.0,79,supply,orders,False,15,15,O6,9,BASE,POWER,36.6,2,REGION,THRESHOLD,0,0,2
lifecycle,42969dc451bbd28e8cd3cb77167facb14a589d75dcd5e0813872ce2c2bbe3f66,20260916,0.11.0,79,supply,orders,False,15,15,O7,10,REGION,POWER,36.6,2,CENTER,THRESHOLD,0,0,2
lifecycle,42969dc451bbd28e8cd3cb77167facb14a589d75dcd5e0813872ce2c2bbe3f66,20260916,0.11.0,79,supply,orders,False,15,15,O8,12,BASE,POWER,40.6,1,REGION,THRESHOLD,0,0,1
lifecycle,42969dc451bbd28e8cd3cb77167facb14a589d75dcd5e0813872ce2c2bbe3f66,20260916,0.11.0,79,supply,orders,False,15,15,O9,13,REGION,POWER,40.6,1,CENTER,THRESHOLD,0,0,1
lifecycle,42969dc451bbd28e8cd3cb77167facb14a589d75dcd5e0813872ce2c2bbe3f66,20260916,0.11.0,79,supply,orders,False,15,15,O10,14,CENTER,POWER,42.0,3,,PERIODIC,0,0,3
lifecycle,42969dc451bbd28e8cd3cb77167facb14a589d75dcd5e0813872ce2c2bbe3f66,20260916,0.11.0,79,supply,orders,False,15,15,O11,16,BASE,POWER,63.2646846147689,1,REGION,THRESHOLD,0,0,1
lifecycle,42969dc451bbd28e8cd3cb77167facb14a589d75dcd5e0813872ce2c2bbe3f66,20260916,0.11.0,79,supply,orders,False,15,15,O12,17,REGION,POWER,63.2646846147689,1,CENTER,THRESHOLD,0,0,1
lifecycle,42969dc451bbd28e8cd3cb77167facb14a589d75dcd5e0813872ce2c2bbe3f66,20260916,0.11.0,79,supply,orders,False,15,15,O13,19,BASE,POWER,63.364684614768905,1,REGION,THRESHOLD,0,0,1
lifecycle,42969dc451bbd28e8cd3cb77167facb14a589d75dcd5e0813872ce2c2bbe3f66,20260916,0.11.0,79,supply,orders,False,15,15,O14,20,REGION,POWER,63.364684614768905,1,CENTER,THRESHOLD,0,0,1
lifecycle,42969dc451bbd28e8cd3cb77167facb14a589d75dcd5e0813872ce2c2bbe3f66,20260916,0.11.0,79,supply,orders,False,15,15,O15,21,CENTER,POWER,66.0,1,,PERIODIC,0,0,1
lifecycle,42969dc451bbd28e8cd3cb77167facb14a589d75dcd5e0813872ce2c2bbe3f66,20260916,0.11.0,80,supply,orders,False,14,14,O1,1,BASE,POWER,0,2,REGION,THRESHOLD/PERIODIC,0,0,2
lifecycle,42969dc451bbd28e8cd3cb77167facb14a589d75dcd5e0813872ce2c2bbe3f66,20260916,0.11.0,80,supply,orders,False,14,14,O2,2,REGION,POWER,0,2,CENTER,THRESHOLD,0,0,2
lifecycle,42969dc451bbd28e8cd3cb77167facb14a589d75dcd5e0813872ce2c2bbe3f66,20260916,0.11.0,80,supply,orders,False,14,14,O3,3,CENTER,POWER,0,4,,PERIODIC,0,0,4
lifecycle,42969dc451bbd28e8cd3cb77167facb14a589d75dcd5e0813872ce2c2bbe3f66,20260916,0.11.0,80,supply,orders,False,14,14,O4,5,BASE,POWER,16.04108967580516,1,REGION,THRESHOLD,0,0,1
lifecycle,42969dc451bbd28e8cd3cb77167facb14a589d75dcd5e0813872ce2c2bbe3f66,20260916,0.11.0,80,supply,orders,False,14,14,O5,6,REGION,POWER,16.04108967580516,1,CENTER,THRESHOLD,0,0,1
lifecycle,42969dc451bbd28e8cd3cb77167facb14a589d75dcd5e0813872ce2c2bbe3f66,20260916,0.11.0,80,supply,orders,False,14,14,O6,7,CENTER,POWER,18.0,1,,PERIODIC,0,0,1
lifecycle,42969dc451bbd28e8cd3cb77167facb14a589d75dcd5e0813872ce2c2bbe3f66,20260916,0.11.0,80,supply,orders,False,14,14,O7,9,BASE,POWER,36.7,1,REGION,THRESHOLD,0,0,1
lifecycle,42969dc451bbd28e8cd3cb77167facb14a589d75dcd5e0813872ce2c2bbe3f66,20260916,0.11.0,80,supply,orders,False,14,14,O8,10,REGION,POWER,36.7,1,CENTER,THRESHOLD,0,0,1
lifecycle,42969dc451bbd28e8cd3cb77167facb14a589d75dcd5e0813872ce2c2bbe3f66,20260916,0.11.0,80,supply,orders,False,14,14,O9,13,BASE,POWER,40.6,2,REGION,THRESHOLD,0,0,2
lifecycle,42969dc451bbd28e8cd3cb77167facb14a589d75dcd5e0813872ce2c2bbe3f66,20260916,0.11.0,80,supply,orders,False,14,14,O10,14,REGION,POWER,40.6,2,CENTER,THRESHOLD,0,0,2
lifecycle,42969dc451bbd28e8cd3cb77167facb14a589d75dcd5e0813872ce2c2bbe3f66,20260916,0.11.0,80,supply,orders,False,14,14,O11,15,CENTER,POWER,42.0,1,,PERIODIC,0,0,1
lifecycle,42969dc451bbd28e8cd3cb77167facb14a589d75dcd5e0813872ce2c2bbe3f66,20260916,0.11.0,80,supply,orders,False,14,14,O12,17,BASE,POWER,64.6,1,REGION,THRESHOLD,0,0,1
lifecycle,42969dc451bbd28e8cd3cb77167facb14a589d75dcd5e0813872ce2c2bbe3f66,20260916,0.11.0,80,supply,orders,False,14,14,O13,18,REGION,POWER,64.6,1,CENTER,THRESHOLD,0,0,1
lifecycle,42969dc451bbd28e8cd3cb77167facb14a589d75dcd5e0813872ce2c2bbe3f66,20260916,0.11.0,80,supply,orders,False,14,14,O14,19,CENTER,POWER,66.0,1,,PERIODIC,0,0,1
lifecycle,42969dc451bbd28e8cd3cb77167facb14a589d75dcd5e0813872ce2c2bbe3f66,20260916,0.11.0,81,supply,orders,False,16,16,O1,1,BASE,POWER,0,2,REGION,THRESHOLD/PERIODIC,0,0,2
lifecycle,42969dc451bbd28e8cd3cb77167facb14a589d75dcd5e0813872ce2c2bbe3f66,20260916,0.11.0,81,supply,orders,False,16,16,O2,2,REGION,POWER,0,2,CENTER,THRESHOLD,0,0,2
lifecycle,42969dc451bbd28e8cd3cb77167facb14a589d75dcd5e0813872ce2c2bbe3f66,20260916,0.11.0,81,supply,orders,False,16,16,O3,3,CENTER,POWER,0,4,,PERIODIC,0,0,4
lifecycle,42969dc451bbd28e8cd3cb77167facb14a589d75dcd5e0813872ce2c2bbe3f66,20260916,0.11.0,81,supply,orders,False,16,16,O4,5,BASE,POWER,16.700000000000003,1,REGION,THRESHOLD,0,0,1
lifecycle,42969dc451bbd28e8cd3cb77167facb14a589d75dcd5e0813872ce2c2bbe3f66,20260916,0.11.0,81,supply,orders,False,16,16,O5,6,REGION,POWER,16.700000000000003,1,CENTER,THRESHOLD,0,0,1
lifecycle,42969dc451bbd28e8cd3cb77167facb14a589d75dcd5e0813872ce2c2bbe3f66,20260916,0.11.0,81,supply,orders,False,16,16,O6,8,BASE,POWER,16.800000000000004,1,REGION,THRESHOLD,0,0,1
lifecycle,42969dc451bbd28e8cd3cb77167facb14a589d75dcd5e0813872ce2c2bbe3f66,20260916,0.11.0,81,supply,orders,False,16,16,O7,9,REGION,POWER,16.800000000000004,1,CENTER,THRESHOLD,0,0,1
lifecycle,42969dc451bbd28e8cd3cb77167facb14a589d75dcd5e0813872ce2c2bbe3f66,20260916,0.11.0,81,supply,orders,False,16,16,O8,10,CENTER,POWER,18.0,2,,PERIODIC,0,0,2
lifecycle,42969dc451bbd28e8cd3cb77167facb14a589d75dcd5e0813872ce2c2bbe3f66,20260916,0.11.0,81,supply,orders,False,16,16,O9,12,BASE,POWER,32.800000000000004,1,REGION,THRESHOLD,0,0,1
lifecycle,42969dc451bbd28e8cd3cb77167facb14a589d75dcd5e0813872ce2c2bbe3f66,20260916,0.11.0,81,supply,orders,False,16,16,O10,13,REGION,POWER,32.800000000000004,1,CENTER,THRESHOLD,0,0,1
lifecycle,42969dc451bbd28e8cd3cb77167facb14a589d75dcd5e0813872ce2c2bbe3f66,20260916,0.11.0,81,supply,orders,False,16,16,O11,15,BASE,POWER,39.10778590811812,1,REGION,THRESHOLD,0,0,1
lifecycle,42969dc451bbd28e8cd3cb77167facb14a589d75dcd5e0813872ce2c2bbe3f66,20260916,0.11.0,81,supply,orders,False,16,16,O12,16,REGION,POWER,39.10778590811812,1,CENTER,THRESHOLD,0,0,1
lifecycle,42969dc451bbd28e8cd3cb77167facb14a589d75dcd5e0813872ce2c2bbe3f66,20260916,0.11.0,81,supply,orders,False,16,16,O13,18,BASE,POWER,56.7,1,REGION,THRESHOLD,0,0,1
lifecycle,42969dc451bbd28e8cd3cb77167facb14a589d75dcd5e0813872ce2c2bbe3f66,20260916,0.11.0,81,supply,orders,False,16,16,O14,19,REGION,POWER,56.7,1,CENTER,THRESHOLD,0,0,1
lifecycle,42969dc451bbd28e8cd3cb77167facb14a589d75dcd5e0813872ce2c2bbe3f66,20260916,0.11.0,81,supply,orders,False,16,16,O15,21,BASE,POWER,64.6,1,REGION,THRESHOLD,0,0,1
lifecycle,42969dc451bbd28e8cd3cb77167facb14a589d75dcd5e0813872ce2c2bbe3f66,20260916,0.11.0,81,supply,orders,False,16,16,O16,22,REGION,POWER,64.6,1,CENTER,THRESHOLD,0,0,1
lifecycle,42969dc451bbd28e8cd3cb77167facb14a589d75dcd5e0813872ce2c2bbe3f66,20260916,0.11.0,82,supply,orders,False,18,18,O1,1,BASE,POWER,0,2,REGION,THRESHOLD/PERIODIC,0,0,2
lifecycle,42969dc451bbd28e8cd3cb77167facb14a589d75dcd5e0813872ce2c2bbe3f66,20260916,0.11.0,82,supply,orders,False,18,18,O2,2,REGION,POWER,0,2,CENTER,THRESHOLD,0,0,2
lifecycle,42969dc451bbd28e8cd3cb77167facb14a589d75dcd5e0813872ce2c2bbe3f66,20260916,0.11.0,82,supply,orders,False,18,18,O3,3,CENTER,POWER,0,4,,PERIODIC,0,0,4
lifecycle,42969dc451bbd28e8cd3cb77167facb14a589d75dcd5e0813872ce2c2bbe3f66,20260916,0.11.0,82,supply,orders,False,18,18,O4,5,BASE,POWER,16.700000000000003,1,REGION,THRESHOLD,0,0,1
lifecycle,42969dc451bbd28e8cd3cb77167facb14a589d75dcd5e0813872ce2c2bbe3f66,20260916,0.11.0,82,supply,orders,False,18,18,O5,6,REGION,POWER,16.700000000000003,1,CENTER,THRESHOLD,0,0,1
lifecycle,42969dc451bbd28e8cd3cb77167facb14a589d75dcd5e0813872ce2c2bbe3f66,20260916,0.11.0,82,supply,orders,False,18,18,O6,7,CENTER,POWER,18.0,1,,PERIODIC,0,0,1
lifecycle,42969dc451bbd28e8cd3cb77167facb14a589d75dcd5e0813872ce2c2bbe3f66,20260916,0.11.0,82,supply,orders,False,18,18,O7,9,BASE,POWER,31.32408601533359,1,REGION,THRESHOLD,0,0,1
lifecycle,42969dc451bbd28e8cd3cb77167facb14a589d75dcd5e0813872ce2c2bbe3f66,20260916,0.11.0,82,supply,orders,False,18,18,O8,10,REGION,POWER,31.32408601533359,1,CENTER,THRESHOLD,0,0,1
lifecycle,42969dc451bbd28e8cd3cb77167facb14a589d75dcd5e0813872ce2c2bbe3f66,20260916,0.11.0,82,supply,orders,False,18,18,O9,12,BASE,POWER,36.6,1,REGION,THRESHOLD,0,0,1
lifecycle,42969dc451bbd28e8cd3cb77167facb14a589d75dcd5e0813872ce2c2bbe3f66,20260916,0.11.0,82,supply,orders,False,18,18,O10,13,REGION,POWER,36.6,1,CENTER,THRESHOLD,0,0,1
lifecycle,42969dc451bbd28e8cd3cb77167facb14a589d75dcd5e0813872ce2c2bbe3f66,20260916,0.11.0,82,supply,orders,False,18,18,O11,15,BASE,POWER,40.6,1,REGION,THRESHOLD,0,0,1
lifecycle,42969dc451bbd28e8cd3cb77167facb14a589d75dcd5e0813872ce2c2bbe3f66,20260916,0.11.0,82,supply,orders,False,18,18,O12,16,REGION,POWER,40.6,1,CENTER,THRESHOLD,0,0,1
lifecycle,42969dc451bbd28e8cd3cb77167facb14a589d75dcd5e0813872ce2c2bbe3f66,20260916,0.11.0,82,supply,orders,False,18,18,O13,17,CENTER,POWER,42.0,1,,PERIODIC,0,0,1
lifecycle,42969dc451bbd28e8cd3cb77167facb14a589d75dcd5e0813872ce2c2bbe3f66,20260916,0.11.0,82,supply,orders,False,18,18,O14,19,BASE,POWER,64.6,1,REGION,THRESHOLD,0,0,1
lifecycle,42969dc451bbd28e8cd3cb77167facb14a589d75dcd5e0813872ce2c2bbe3f66,20260916,0.11.0,82,supply,orders,False,18,18,O15,20,REGION,POWER,64.6,1,CENTER,THRESHOLD,0,0,1
lifecycle,42969dc451bbd28e8cd3cb77167facb14a589d75dcd5e0813872ce2c2bbe3f66,20260916,0.11.0,82,supply,orders,False,18,18,O16,22,BASE,POWER,64.69999999999999,1,REGION,THRESHOLD,0,0,1
lifecycle,42969dc451bbd28e8cd3cb77167facb14a589d75dcd5e0813872ce2c2bbe3f66,20260916,0.11.0,82,supply,orders,False,18,18,O17,23,REGION,POWER,64.69999999999999,1,CENTER,THRESHOLD,0,0,1
lifecycle,42969dc451bbd28e8cd3cb77167facb14a589d75dcd5e0813872ce2c2bbe3f66,20260916,0.11.0,82,supply,orders,False,18,18,O18,24,CENTER,POWER,66.0,2,,PERIODIC,0,0,2
lifecycle,42969dc451bbd28e8cd3cb77167facb14a589d75dcd5e0813872ce2c2bbe3f66,20260916,0.11.0,83,supply,orders,False,17,17,O1,1,BASE,POWER,0,2,REGION,THRESHOLD/PERIODIC,0,0,2
lifecycle,42969dc451bbd28e8cd3cb77167facb14a589d75dcd5e0813872ce2c2bbe3f66,20260916,0.11.0,83,supply,orders,False,17,17,O2,2,REGION,POWER,0,2,CENTER,THRESHOLD,0,0,2
lifecycle,42969dc451bbd28e8cd3cb77167facb14a589d75dcd5e0813872ce2c2bbe3f66,20260916,0.11.0,83,supply,orders,False,17,17,O3,3,CENTER,POWER,0,4,,PERIODIC,0,0,4
lifecycle,42969dc451bbd28e8cd3cb77167facb14a589d75dcd5e0813872ce2c2bbe3f66,20260916,0.11.0,83,supply,orders,False,17,17,O4,5,BASE,POWER,16.700000000000003,1,REGION,THRESHOLD,0,0,1
lifecycle,42969dc451bbd28e8cd3cb77167facb14a589d75dcd5e0813872ce2c2bbe3f66,20260916,0.11.0,83,supply,orders,False,17,17,O5,6,REGION,POWER,16.700000000000003,1,CENTER,THRESHOLD,0,0,1
lifecycle,42969dc451bbd28e8cd3cb77167facb14a589d75dcd5e0813872ce2c2bbe3f66,20260916,0.11.0,83,supply,orders,False,17,17,O6,7,CENTER,POWER,18.0,1,,PERIODIC,0,0,1
lifecycle,42969dc451bbd28e8cd3cb77167facb14a589d75dcd5e0813872ce2c2bbe3f66,20260916,0.11.0,83,supply,orders,False,17,17,O7,9,BASE,POWER,32.7,1,REGION,THRESHOLD,0,0,1
lifecycle,42969dc451bbd28e8cd3cb77167facb14a589d75dcd5e0813872ce2c2bbe3f66,20260916,0.11.0,83,supply,orders,False,17,17,O8,10,REGION,POWER,32.7,1,CENTER,THRESHOLD,0,0,1
lifecycle,42969dc451bbd28e8cd3cb77167facb14a589d75dcd5e0813872ce2c2bbe3f66,20260916,0.11.0,83,supply,orders,False,17,17,O9,12,BASE,POWER,32.800000000000004,1,REGION,THRESHOLD,0,0,1
lifecycle,42969dc451bbd28e8cd3cb77167facb14a589d75dcd5e0813872ce2c2bbe3f66,20260916,0.11.0,83,supply,orders,False,17,17,O10,13,REGION,POWER,32.800000000000004,1,CENTER,THRESHOLD,0,0,1
lifecycle,42969dc451bbd28e8cd3cb77167facb14a589d75dcd5e0813872ce2c2bbe3f66,20260916,0.11.0,83,supply,orders,False,17,17,O11,15,BASE,POWER,36.6,1,REGION,THRESHOLD,0,0,1
lifecycle,42969dc451bbd28e8cd3cb77167facb14a589d75dcd5e0813872ce2c2bbe3f66,20260916,0.11.0,83,supply,orders,False,17,17,O12,16,REGION,POWER,36.6,1,CENTER,THRESHOLD,0,0,1
lifecycle,42969dc451bbd28e8cd3cb77167facb14a589d75dcd5e0813872ce2c2bbe3f66,20260916,0.11.0,83,supply,orders,False,17,17,O13,18,BASE,POWER,64.6,1,REGION,THRESHOLD,0,0,1
lifecycle,42969dc451bbd28e8cd3cb77167facb14a589d75dcd5e0813872ce2c2bbe3f66,20260916,0.11.0,83,supply,orders,False,17,17,O14,19,REGION,POWER,64.6,1,CENTER,THRESHOLD,0,0,1
lifecycle,42969dc451bbd28e8cd3cb77167facb14a589d75dcd5e0813872ce2c2bbe3f66,20260916,0.11.0,83,supply,orders,False,17,17,O15,21,BASE,POWER,64.69999999999999,1,REGION,THRESHOLD,0,0,1
lifecycle,42969dc451bbd28e8cd3cb77167facb14a589d75dcd5e0813872ce2c2bbe3f66,20260916,0.11.0,83,supply,orders,False,17,17,O16,22,REGION,POWER,64.69999999999999,1,CENTER,THRESHOLD,0,0,1
lifecycle,42969dc451bbd28e8cd3cb77167facb14a589d75dcd5e0813872ce2c2bbe3f66,20260916,0.11.0,83,supply,orders,False,17,17,O17,23,CENTER,POWER,66.0,2,,PERIODIC,0,0,2
lifecycle,42969dc451bbd28e8cd3cb77167facb14a589d75dcd5e0813872ce2c2bbe3f66,20260916,0.11.0,84,supply,orders,False,19,19,O1,1,BASE,POWER,0,2,REGION,THRESHOLD/PERIODIC,0,0,2
lifecycle,42969dc451bbd28e8cd3cb77167facb14a589d75dcd5e0813872ce2c2bbe3f66,20260916,0.11.0,84,supply,orders,False,19,19,O2,2,REGION,POWER,0,2,CENTER,THRESHOLD,0,0,2
lifecycle,42969dc451bbd28e8cd3cb77167facb14a589d75dcd5e0813872ce2c2bbe3f66,20260916,0.11.0,84,supply,orders,False,19,19,O3,3,CENTER,POWER,0,4,,PERIODIC,0,0,4
lifecycle,42969dc451bbd28e8cd3cb77167facb14a589d75dcd5e0813872ce2c2bbe3f66,20260916,0.11.0,84,supply,orders,False,19,19,O4,5,BASE,POWER,7.295610829199724,1,REGION,THRESHOLD,0,0,1
lifecycle,42969dc451bbd28e8cd3cb77167facb14a589d75dcd5e0813872ce2c2bbe3f66,20260916,0.11.0,84,supply,orders,False,19,19,O5,6,REGION,POWER,7.295610829199724,1,CENTER,THRESHOLD,0,0,1
lifecycle,42969dc451bbd28e8cd3cb77167facb14a589d75dcd5e0813872ce2c2bbe3f66,20260916,0.11.0,84,supply,orders,False,19,19,O6,8,BASE,POWER,16.700000000000003,1,REGION,THRESHOLD,0,0,1
lifecycle,42969dc451bbd28e8cd3cb77167facb14a589d75dcd5e0813872ce2c2bbe3f66,20260916,0.11.0,84,supply,orders,False,19,19,O7,9,REGION,POWER,16.700000000000003,1,CENTER,THRESHOLD,0,0,1
lifecycle,42969dc451bbd28e8cd3cb77167facb14a589d75dcd5e0813872ce2c2bbe3f66,20260916,0.11.0,84,supply,orders,False,19,19,O8,10,CENTER,POWER,18.0,1,,PERIODIC,0,0,1
lifecycle,42969dc451bbd28e8cd3cb77167facb14a589d75dcd5e0813872ce2c2bbe3f66,20260916,0.11.0,84,supply,orders,False,19,19,O9,12,BASE,POWER,32.7,1,REGION,THRESHOLD,0,0,1
lifecycle,42969dc451bbd28e8cd3cb77167facb14a589d75dcd5e0813872ce2c2bbe3f66,20260916,0.11.0,84,supply,orders,False,19,19,O10,13,REGION,POWER,32.7,1,CENTER,THRESHOLD,0,0,1
lifecycle,42969dc451bbd28e8cd3cb77167facb14a589d75dcd5e0813872ce2c2bbe3f66,20260916,0.11.0,84,supply,orders,False,19,19,O11,15,BASE,POWER,40.6,1,REGION,THRESHOLD,0,0,1
lifecycle,42969dc451bbd28e8cd3cb77167facb14a589d75dcd5e0813872ce2c2bbe3f66,20260916,0.11.0,84,supply,orders,False,19,19,O12,16,REGION,POWER,40.6,1,CENTER,THRESHOLD,0,0,1
lifecycle,42969dc451bbd28e8cd3cb77167facb14a589d75dcd5e0813872ce2c2bbe3f66,20260916,0.11.0,84,supply,orders,False,19,19,O13,18,BASE,POWER,56.6,1,REGION,THRESHOLD,0,0,1
lifecycle,42969dc451bbd28e8cd3cb77167facb14a589d75dcd5e0813872ce2c2bbe3f66,20260916,0.11.0,84,supply,orders,False,19,19,O14,19,REGION,POWER,56.6,1,CENTER,THRESHOLD,0,0,1
lifecycle,42969dc451bbd28e8cd3cb77167facb14a589d75dcd5e0813872ce2c2bbe3f66,20260916,0.11.0,84,supply,orders,False,19,19,O15,21,BASE,POWER,56.7,1,REGION,THRESHOLD,0,0,1
lifecycle,42969dc451bbd28e8cd3cb77167facb14a589d75dcd5e0813872ce2c2bbe3f66,20260916,0.11.0,84,supply,orders,False,19,19,O16,22,REGION,POWER,56.7,1,CENTER,THRESHOLD,0,0,1
lifecycle,42969dc451bbd28e8cd3cb77167facb14a589d75dcd5e0813872ce2c2bbe3f66,20260916,0.11.0,84,supply,orders,False,19,19,O17,23,CENTER,POWER,60.0,1,,PERIODIC,0,0,1
lifecycle,42969dc451bbd28e8cd3cb77167facb14a589d75dcd5e0813872ce2c2bbe3f66,20260916,0.11.0,84,supply,orders,False,19,19,O18,25,BASE,POWER,60.7,1,REGION,THRESHOLD,0,0,1
lifecycle,42969dc451bbd28e8cd3cb77167facb14a589d75dcd5e0813872ce2c2bbe3f66,20260916,0.11.0,84,supply,orders,False,19,19,O19,26,REGION,POWER,60.7,1,CENTER,THRESHOLD,0,0,1
lifecycle,42969dc451bbd28e8cd3cb77167facb14a589d75dcd5e0813872ce2c2bbe3f66,20260916,0.11.0,85,supply,orders,False,18,18,O1,1,BASE,POWER,0,2,REGION,THRESHOLD/PERIODIC,0,0,2
lifecycle,42969dc451bbd28e8cd3cb77167facb14a589d75dcd5e0813872ce2c2bbe3f66,20260916,0.11.0,85,supply,orders,False,18,18,O2,2,REGION,POWER,0,2,CENTER,THRESHOLD,0,0,2
lifecycle,42969dc451bbd28e8cd3cb77167facb14a589d75dcd5e0813872ce2c2bbe3f66,20260916,0.11.0,85,supply,orders,False,18,18,O3,3,CENTER,POWER,0,4,,PERIODIC,0,0,4
lifecycle,42969dc451bbd28e8cd3cb77167facb14a589d75dcd5e0813872ce2c2bbe3f66,20260916,0.11.0,85,supply,orders,False,18,18,O4,5,BASE,POWER,16.700000000000003,1,REGION,THRESHOLD,0,0,1
lifecycle,42969dc451bbd28e8cd3cb77167facb14a589d75dcd5e0813872ce2c2bbe3f66,20260916,0.11.0,85,supply,orders,False,18,18,O5,6,REGION,POWER,16.700000000000003,1,CENTER,THRESHOLD,0,0,1
lifecycle,42969dc451bbd28e8cd3cb77167facb14a589d75dcd5e0813872ce2c2bbe3f66,20260916,0.11.0,85,supply,orders,False,18,18,O6,8,BASE,POWER,16.800000000000004,1,REGION,THRESHOLD,0,0,1
lifecycle,42969dc451bbd28e8cd3cb77167facb14a589d75dcd5e0813872ce2c2bbe3f66,20260916,0.11.0,85,supply,orders,False,18,18,O7,9,REGION,POWER,16.800000000000004,1,CENTER,THRESHOLD,0,0,1
lifecycle,42969dc451bbd28e8cd3cb77167facb14a589d75dcd5e0813872ce2c2bbe3f66,20260916,0.11.0,85,supply,orders,False,18,18,O8,10,CENTER,POWER,18.0,2,,PERIODIC,0,0,2
lifecycle,42969dc451bbd28e8cd3cb77167facb14a589d75dcd5e0813872ce2c2bbe3f66,20260916,0.11.0,85,supply,orders,False,18,18,O9,12,BASE,POWER,30.831314231829644,1,REGION,THRESHOLD,0,0,1
lifecycle,42969dc451bbd28e8cd3cb77167facb14a589d75dcd5e0813872ce2c2bbe3f66,20260916,0.11.0,85,supply,orders,False,18,18,O10,13,REGION,POWER,30.831314231829644,1,CENTER,THRESHOLD,0,0,1
lifecycle,42969dc451bbd28e8cd3cb77167facb14a589d75dcd5e0813872ce2c2bbe3f66,20260916,0.11.0,85,supply,orders,False,18,18,O11,15,BASE,POWER,56.7,1,REGION,THRESHOLD,0,0,1
lifecycle,42969dc451bbd28e8cd3cb77167facb14a589d75dcd5e0813872ce2c2bbe3f66,20260916,0.11.0,85,supply,orders,False,18,18,O12,16,REGION,POWER,56.7,1,CENTER,THRESHOLD,0,0,1
lifecycle,42969dc451bbd28e8cd3cb77167facb14a589d75dcd5e0813872ce2c2bbe3f66,20260916,0.11.0,85,supply,orders,False,18,18,O13,18,BASE,POWER,60.6,1,REGION,THRESHOLD,0,0,1
lifecycle,42969dc451bbd28e8cd3cb77167facb14a589d75dcd5e0813872ce2c2bbe3f66,20260916,0.11.0,85,supply,orders,False,18,18,O14,19,REGION,POWER,60.6,1,CENTER,THRESHOLD,0,0,1
lifecycle,42969dc451bbd28e8cd3cb77167facb14a589d75dcd5e0813872ce2c2bbe3f66,20260916,0.11.0,85,supply,orders,False,18,18,O15,21,BASE,POWER,60.7,1,REGION,THRESHOLD,0,0,1
lifecycle,42969dc451bbd28e8cd3cb77167facb14a589d75dcd5e0813872ce2c2bbe3f66,20260916,0.11.0,85,supply,orders,False,18,18,O16,22,REGION,POWER,60.7,1,CENTER,THRESHOLD,0,0,1
lifecycle,42969dc451bbd28e8cd3cb77167facb14a589d75dcd5e0813872ce2c2bbe3f66,20260916,0.11.0,85,supply,orders,False,18,18,O17,24,BASE,POWER,64.6,1,REGION,THRESHOLD,0,0,1
lifecycle,42969dc451bbd28e8cd3cb77167facb14a589d75dcd5e0813872ce2c2bbe3f66,20260916,0.11.0,85,supply,orders,False,18,18,O18,25,REGION,POWER,64.6,1,CENTER,THRESHOLD,0,0,1
lifecycle,42969dc451bbd28e8cd3cb77167facb14a589d75dcd5e0813872ce2c2bbe3f66,20260916,0.11.0,86,supply,orders,False,16,16,O1,1,BASE,POWER,0,2,REGION,THRESHOLD/PERIODIC,0,0,2
lifecycle,42969dc451bbd28e8cd3cb77167facb14a589d75dcd5e0813872ce2c2bbe3f66,20260916,0.11.0,86,supply,orders,False,16,16,O2,2,REGION,POWER,0,2,CENTER,THRESHOLD,0,0,2
lifecycle,42969dc451bbd28e8cd3cb77167facb14a589d75dcd5e0813872ce2c2bbe3f66,20260916,0.11.0,86,supply,orders,False,16,16,O3,3,CENTER,POWER,0,4,,PERIODIC,0,0,4
lifecycle,42969dc451bbd28e8cd3cb77167facb14a589d75dcd5e0813872ce2c2bbe3f66,20260916,0.11.0,86,supply,orders,False,16,16,O4,5,BASE,POWER,16.700000000000003,1,REGION,THRESHOLD,0,0,1
lifecycle,42969dc451bbd28e8cd3cb77167facb14a589d75dcd5e0813872ce2c2bbe3f66,20260916,0.11.0,86,supply,orders,False,16,16,O5,6,REGION,POWER,16.700000000000003,1,CENTER,THRESHOLD,0,0,1
lifecycle,42969dc451bbd28e8cd3cb77167facb14a589d75dcd5e0813872ce2c2bbe3f66,20260916,0.11.0,86,supply,orders,False,16,16,O6,7,CENTER,POWER,18.0,1,,PERIODIC,0,0,1
lifecycle,42969dc451bbd28e8cd3cb77167facb14a589d75dcd5e0813872ce2c2bbe3f66,20260916,0.11.0,86,supply,orders,False,16,16,O7,9,BASE,POWER,32.800000000000004,1,REGION,THRESHOLD,0,0,1
lifecycle,42969dc451bbd28e8cd3cb77167facb14a589d75dcd5e0813872ce2c2bbe3f66,20260916,0.11.0,86,supply,orders,False,16,16,O8,10,REGION,POWER,32.800000000000004,1,CENTER,THRESHOLD,0,0,1
lifecycle,42969dc451bbd28e8cd3cb77167facb14a589d75dcd5e0813872ce2c2bbe3f66,20260916,0.11.0,86,supply,orders,False,16,16,O9,12,BASE,POWER,36.6,1,REGION,THRESHOLD,0,0,1
lifecycle,42969dc451bbd28e8cd3cb77167facb14a589d75dcd5e0813872ce2c2bbe3f66,20260916,0.11.0,86,supply,orders,False,16,16,O10,13,REGION,POWER,36.6,1,CENTER,THRESHOLD,0,0,1
lifecycle,42969dc451bbd28e8cd3cb77167facb14a589d75dcd5e0813872ce2c2bbe3f66,20260916,0.11.0,86,supply,orders,False,16,16,O11,15,BASE,POWER,40.6,1,REGION,THRESHOLD,0,0,1
lifecycle,42969dc451bbd28e8cd3cb77167facb14a589d75dcd5e0813872ce2c2bbe3f66,20260916,0.11.0,86,supply,orders,False,16,16,O12,16,REGION,POWER,40.6,1,CENTER,THRESHOLD,0,0,1
lifecycle,42969dc451bbd28e8cd3cb77167facb14a589d75dcd5e0813872ce2c2bbe3f66,20260916,0.11.0,86,supply,orders,False,16,16,O13,17,CENTER,POWER,42.0,1,,PERIODIC,0,0,1
lifecycle,42969dc451bbd28e8cd3cb77167facb14a589d75dcd5e0813872ce2c2bbe3f66,20260916,0.11.0,86,supply,orders,False,16,16,O14,19,BASE,POWER,64.6,1,REGION,THRESHOLD,0,0,1
lifecycle,42969dc451bbd28e8cd3cb77167facb14a589d75dcd5e0813872ce2c2bbe3f66,20260916,0.11.0,86,supply,orders,False,16,16,O15,20,REGION,POWER,64.6,1,CENTER,THRESHOLD,0,0,1
lifecycle,42969dc451bbd28e8cd3cb77167facb14a589d75dcd5e0813872ce2c2bbe3f66,20260916,0.11.0,86,supply,orders,False,16,16,O16,21,CENTER,POWER,66.0,1,,PERIODIC,0,0,1
lifecycle,42969dc451bbd28e8cd3cb77167facb14a589d75dcd5e0813872ce2c2bbe3f66,20260916,0.11.0,87,supply,orders,False,16,16,O1,1,BASE,POWER,0,2,REGION,THRESHOLD/PERIODIC,0,0,2
lifecycle,42969dc451bbd28e8cd3cb77167facb14a589d75dcd5e0813872ce2c2bbe3f66,20260916,0.11.0,87,supply,orders,False,16,16,O2,2,REGION,POWER,0,2,CENTER,THRESHOLD,0,0,2
lifecycle,42969dc451bbd28e8cd3cb77167facb14a589d75dcd5e0813872ce2c2bbe3f66,20260916,0.11.0,87,supply,orders,False,16,16,O3,3,CENTER,POWER,0,4,,PERIODIC,0,0,4
lifecycle,42969dc451bbd28e8cd3cb77167facb14a589d75dcd5e0813872ce2c2bbe3f66,20260916,0.11.0,87,supply,orders,False,16,16,O4,5,BASE,POWER,16.700000000000003,1,REGION,THRESHOLD,0,0,1
lifecycle,42969dc451bbd28e8cd3cb77167facb14a589d75dcd5e0813872ce2c2bbe3f66,20260916,0.11.0,87,supply,orders,False,16,16,O5,6,REGION,POWER,16.700000000000003,1,CENTER,THRESHOLD,0,0,1
lifecycle,42969dc451bbd28e8cd3cb77167facb14a589d75dcd5e0813872ce2c2bbe3f66,20260916,0.11.0,87,supply,orders,False,16,16,O6,7,CENTER,POWER,18.0,1,,PERIODIC,0,0,1
lifecycle,42969dc451bbd28e8cd3cb77167facb14a589d75dcd5e0813872ce2c2bbe3f66,20260916,0.11.0,87,supply,orders,False,16,16,O7,9,BASE,POWER,36.6,1,REGION,THRESHOLD,0,0,1
lifecycle,42969dc451bbd28e8cd3cb77167facb14a589d75dcd5e0813872ce2c2bbe3f66,20260916,0.11.0,87,supply,orders,False,16,16,O8,10,REGION,POWER,36.6,1,CENTER,THRESHOLD,0,0,1
lifecycle,42969dc451bbd28e8cd3cb77167facb14a589d75dcd5e0813872ce2c2bbe3f66,20260916,0.11.0,87,supply,orders,False,16,16,O9,13,BASE,POWER,40.6,2,REGION,THRESHOLD,0,0,2
lifecycle,42969dc451bbd28e8cd3cb77167facb14a589d75dcd5e0813872ce2c2bbe3f66,20260916,0.11.0,87,supply,orders,False,16,16,O10,14,REGION,POWER,40.6,2,CENTER,THRESHOLD,0,0,2
lifecycle,42969dc451bbd28e8cd3cb77167facb14a589d75dcd5e0813872ce2c2bbe3f66,20260916,0.11.0,87,supply,orders,False,16,16,O11,15,CENTER,POWER,42.0,2,,PERIODIC,0,0,2
lifecycle,42969dc451bbd28e8cd3cb77167facb14a589d75dcd5e0813872ce2c2bbe3f66,20260916,0.11.0,87,supply,orders,False,16,16,O12,17,BASE,POWER,56.7,1,REGION,THRESHOLD,0,0,1
lifecycle,42969dc451bbd28e8cd3cb77167facb14a589d75dcd5e0813872ce2c2bbe3f66,20260916,0.11.0,87,supply,orders,False,16,16,O13,18,REGION,POWER,56.7,1,CENTER,THRESHOLD,0,0,1
lifecycle,42969dc451bbd28e8cd3cb77167facb14a589d75dcd5e0813872ce2c2bbe3f66,20260916,0.11.0,87,supply,orders,False,16,16,O14,20,BASE,POWER,64.69999999999999,1,REGION,THRESHOLD,0,0,1
lifecycle,42969dc451bbd28e8cd3cb77167facb14a589d75dcd5e0813872ce2c2bbe3f66,20260916,0.11.0,87,supply,orders,False,16,16,O15,21,REGION,POWER,64.69999999999999,1,CENTER,THRESHOLD,0,0,1
lifecycle,42969dc451bbd28e8cd3cb77167facb14a589d75dcd5e0813872ce2c2bbe3f66,20260916,0.11.0,87,supply,orders,False,16,16,O16,22,CENTER,POWER,66.0,1,,PERIODIC,0,0,1
lifecycle,42969dc451bbd28e8cd3cb77167facb14a589d75dcd5e0813872ce2c2bbe3f66,20260916,0.11.0,88,supply,orders,False,22,22,O1,1,BASE,POWER,0,2,REGION,THRESHOLD/PERIODIC,0,0,2
lifecycle,42969dc451bbd28e8cd3cb77167facb14a589d75dcd5e0813872ce2c2bbe3f66,20260916,0.11.0,88,supply,orders,False,22,22,O2,2,REGION,POWER,0,2,CENTER,THRESHOLD,0,0,2
lifecycle,42969dc451bbd28e8cd3cb77167facb14a589d75dcd5e0813872ce2c2bbe3f66,20260916,0.11.0,88,supply,orders,False,22,22,O3,3,CENTER,POWER,0,4,,PERIODIC,0,0,4
lifecycle,42969dc451bbd28e8cd3cb77167facb14a589d75dcd5e0813872ce2c2bbe3f66,20260916,0.11.0,88,supply,orders,False,22,22,O4,5,BASE,POWER,16.700000000000003,1,REGION,THRESHOLD,0,0,1
lifecycle,42969dc451bbd28e8cd3cb77167facb14a589d75dcd5e0813872ce2c2bbe3f66,20260916,0.11.0,88,supply,orders,False,22,22,O5,6,REGION,POWER,16.700000000000003,1,CENTER,THRESHOLD,0,0,1
lifecycle,42969dc451bbd28e8cd3cb77167facb14a589d75dcd5e0813872ce2c2bbe3f66,20260916,0.11.0,88,supply,orders,False,22,22,O6,7,CENTER,POWER,18.0,1,,PERIODIC,0,0,1
lifecycle,42969dc451bbd28e8cd3cb77167facb14a589d75dcd5e0813872ce2c2bbe3f66,20260916,0.11.0,88,supply,orders,False,22,22,O7,9,BASE,POWER,31.717012662692294,1,REGION,THRESHOLD,0,0,1
lifecycle,42969dc451bbd28e8cd3cb77167facb14a589d75dcd5e0813872ce2c2bbe3f66,20260916,0.11.0,88,supply,orders,False,22,22,O8,10,REGION,POWER,31.717012662692294,1,CENTER,THRESHOLD,0,0,1
lifecycle,42969dc451bbd28e8cd3cb77167facb14a589d75dcd5e0813872ce2c2bbe3f66,20260916,0.11.0,88,supply,orders,False,22,22,O9,12,BASE,POWER,33.5170126626923,1,REGION,THRESHOLD,0,0,1
lifecycle,42969dc451bbd28e8cd3cb77167facb14a589d75dcd5e0813872ce2c2bbe3f66,20260916,0.11.0,88,supply,orders,False,22,22,O10,13,REGION,POWER,33.5170126626923,1,CENTER,THRESHOLD,0,0,1
lifecycle,42969dc451bbd28e8cd3cb77167facb14a589d75dcd5e0813872ce2c2bbe3f66,20260916,0.11.0,88,supply,orders,False,22,22,O11,15,BASE,POWER,36.6,1,REGION,THRESHOLD,0,0,1
lifecycle,42969dc451bbd28e8cd3cb77167facb14a589d75dcd5e0813872ce2c2bbe3f66,20260916,0.11.0,88,supply,orders,False,22,22,O12,16,REGION,POWER,36.6,1,CENTER,THRESHOLD,0,0,1
lifecycle,42969dc451bbd28e8cd3cb77167facb14a589d75dcd5e0813872ce2c2bbe3f66,20260916,0.11.0,88,supply,orders,False,22,22,O13,17,CENTER,POWER,42.0,1,,PERIODIC,0,0,1
lifecycle,42969dc451bbd28e8cd3cb77167facb14a589d75dcd5e0813872ce2c2bbe3f66,20260916,0.11.0,88,supply,orders,False,22,22,O14,19,BASE,POWER,56.7,1,REGION,THRESHOLD,0,0,1
lifecycle,42969dc451bbd28e8cd3cb77167facb14a589d75dcd5e0813872ce2c2bbe3f66,20260916,0.11.0,88,supply,orders,False,22,22,O15,20,REGION,POWER,56.7,1,CENTER,THRESHOLD,0,0,1
lifecycle,42969dc451bbd28e8cd3cb77167facb14a589d75dcd5e0813872ce2c2bbe3f66,20260916,0.11.0,88,supply,orders,False,22,22,O16,22,BASE,POWER,60.7,1,REGION,THRESHOLD,0,0,1
lifecycle,42969dc451bbd28e8cd3cb77167facb14a589d75dcd5e0813872ce2c2bbe3f66,20260916,0.11.0,88,supply,orders,False,22,22,O17,23,REGION,POWER,60.7,1,CENTER,THRESHOLD,0,0,1
lifecycle,42969dc451bbd28e8cd3cb77167facb14a589d75dcd5e0813872ce2c2bbe3f66,20260916,0.11.0,88,supply,orders,False,22,22,O18,25,BASE,POWER,60.800000000000004,1,REGION,THRESHOLD,0,0,1
lifecycle,42969dc451bbd28e8cd3cb77167facb14a589d75dcd5e0813872ce2c2bbe3f66,20260916,0.11.0,88,supply,orders,False,22,22,O19,26,REGION,POWER,60.800000000000004,1,CENTER,THRESHOLD,0,0,1
lifecycle,42969dc451bbd28e8cd3cb77167facb14a589d75dcd5e0813872ce2c2bbe3f66,20260916,0.11.0,88,supply,orders,False,22,22,O20,28,BASE,POWER,64.69999999999999,1,REGION,THRESHOLD,0,0,1
lifecycle,42969dc451bbd28e8cd3cb77167facb14a589d75dcd5e0813872ce2c2bbe3f66,20260916,0.11.0,88,supply,orders,False,22,22,O21,29,REGION,POWER,64.69999999999999,1,CENTER,THRESHOLD,0,0,1
lifecycle,42969dc451bbd28e8cd3cb77167facb14a589d75dcd5e0813872ce2c2bbe3f66,20260916,0.11.0,88,supply,orders,False,22,22,O22,30,CENTER,POWER,66.0,1,,PERIODIC,0,0,1
lifecycle,42969dc451bbd28e8cd3cb77167facb14a589d75dcd5e0813872ce2c2bbe3f66,20260916,0.11.0,89,supply,orders,False,13,13,O1,1,BASE,POWER,0,2,REGION,THRESHOLD/PERIODIC,0,0,2
lifecycle,42969dc451bbd28e8cd3cb77167facb14a589d75dcd5e0813872ce2c2bbe3f66,20260916,0.11.0,89,supply,orders,False,13,13,O2,2,REGION,POWER,0,2,CENTER,THRESHOLD,0,0,2
lifecycle,42969dc451bbd28e8cd3cb77167facb14a589d75dcd5e0813872ce2c2bbe3f66,20260916,0.11.0,89,supply,orders,False,13,13,O3,3,CENTER,POWER,0,4,,PERIODIC,0,0,4
lifecycle,42969dc451bbd28e8cd3cb77167facb14a589d75dcd5e0813872ce2c2bbe3f66,20260916,0.11.0,89,supply,orders,False,13,13,O4,5,BASE,POWER,16.800000000000004,1,REGION,THRESHOLD,0,0,1
lifecycle,42969dc451bbd28e8cd3cb77167facb14a589d75dcd5e0813872ce2c2bbe3f66,20260916,0.11.0,89,supply,orders,False,13,13,O5,6,REGION,POWER,16.800000000000004,1,CENTER,THRESHOLD,0,0,1
lifecycle,42969dc451bbd28e8cd3cb77167facb14a589d75dcd5e0813872ce2c2bbe3f66,20260916,0.11.0,89,supply,orders,False,13,13,O6,7,CENTER,POWER,18.0,1,,PERIODIC,0,0,1
lifecycle,42969dc451bbd28e8cd3cb77167facb14a589d75dcd5e0813872ce2c2bbe3f66,20260916,0.11.0,89,supply,orders,False,13,13,O7,9,BASE,POWER,36.6,1,REGION,THRESHOLD,0,0,1
lifecycle,42969dc451bbd28e8cd3cb77167facb14a589d75dcd5e0813872ce2c2bbe3f66,20260916,0.11.0,89,supply,orders,False,13,13,O8,10,REGION,POWER,36.6,1,CENTER,THRESHOLD,0,0,1
lifecycle,42969dc451bbd28e8cd3cb77167facb14a589d75dcd5e0813872ce2c2bbe3f66,20260916,0.11.0,89,supply,orders,False,13,13,O9,13,BASE,POWER,40.6,2,REGION,THRESHOLD,0,0,2
lifecycle,42969dc451bbd28e8cd3cb77167facb14a589d75dcd5e0813872ce2c2bbe3f66,20260916,0.11.0,89,supply,orders,False,13,13,O10,14,REGION,POWER,40.6,2,CENTER,THRESHOLD,0,0,2
lifecycle,42969dc451bbd28e8cd3cb77167facb14a589d75dcd5e0813872ce2c2bbe3f66,20260916,0.11.0,89,supply,orders,False,13,13,O11,15,CENTER,POWER,42.0,2,,PERIODIC,0,0,2
lifecycle,42969dc451bbd28e8cd3cb77167facb14a589d75dcd5e0813872ce2c2bbe3f66,20260916,0.11.0,89,supply,orders,False,13,13,O12,17,BASE,POWER,56.7,1,REGION,THRESHOLD,0,0,1
lifecycle,42969dc451bbd28e8cd3cb77167facb14a589d75dcd5e0813872ce2c2bbe3f66,20260916,0.11.0,89,supply,orders,False,13,13,O13,18,REGION,POWER,56.7,1,CENTER,THRESHOLD,0,0,1
lifecycle,42969dc451bbd28e8cd3cb77167facb14a589d75dcd5e0813872ce2c2bbe3f66,20260916,0.11.0,90,supply,orders,False,19,19,O1,1,BASE,POWER,0,2,REGION,THRESHOLD/PERIODIC,0,0,2
lifecycle,42969dc451bbd28e8cd3cb77167facb14a589d75dcd5e0813872ce2c2bbe3f66,20260916,0.11.0,90,supply,orders,False,19,19,O2,2,REGION,POWER,0,2,CENTER,THRESHOLD,0,0,2
lifecycle,42969dc451bbd28e8cd3cb77167facb14a589d75dcd5e0813872ce2c2bbe3f66,20260916,0.11.0,90,supply,orders,False,19,19,O3,3,CENTER,POWER,0,4,,PERIODIC,0,0,4
lifecycle,42969dc451bbd28e8cd3cb77167facb14a589d75dcd5e0813872ce2c2bbe3f66,20260916,0.11.0,90,supply,orders,False,19,19,O4,5,BASE,POWER,16.800000000000004,1,REGION,THRESHOLD,0,0,1
lifecycle,42969dc451bbd28e8cd3cb77167facb14a589d75dcd5e0813872ce2c2bbe3f66,20260916,0.11.0,90,supply,orders,False,19,19,O5,6,REGION,POWER,16.800000000000004,1,CENTER,THRESHOLD,0,0,1
lifecycle,42969dc451bbd28e8cd3cb77167facb14a589d75dcd5e0813872ce2c2bbe3f66,20260916,0.11.0,90,supply,orders,False,19,19,O6,7,CENTER,POWER,18.0,1,,PERIODIC,0,0,1
lifecycle,42969dc451bbd28e8cd3cb77167facb14a589d75dcd5e0813872ce2c2bbe3f66,20260916,0.11.0,90,supply,orders,False,19,19,O7,9,BASE,POWER,32.7,1,REGION,THRESHOLD,0,0,1
lifecycle,42969dc451bbd28e8cd3cb77167facb14a589d75dcd5e0813872ce2c2bbe3f66,20260916,0.11.0,90,supply,orders,False,19,19,O8,10,REGION,POWER,32.7,1,CENTER,THRESHOLD,0,0,1
lifecycle,42969dc451bbd28e8cd3cb77167facb14a589d75dcd5e0813872ce2c2bbe3f66,20260916,0.11.0,90,supply,orders,False,19,19,O9,12,BASE,POWER,32.800000000000004,1,REGION,THRESHOLD,0,0,1
lifecycle,42969dc451bbd28e8cd3cb77167facb14a589d75dcd5e0813872ce2c2bbe3f66,20260916,0.11.0,90,supply,orders,False,19,19,O10,13,REGION,POWER,32.800000000000004,1,CENTER,THRESHOLD,0,0,1
lifecycle,42969dc451bbd28e8cd3cb77167facb14a589d75dcd5e0813872ce2c2bbe3f66,20260916,0.11.0,90,supply,orders,False,19,19,O11,15,BASE,POWER,36.6,1,REGION,THRESHOLD,0,0,1
lifecycle,42969dc451bbd28e8cd3cb77167facb14a589d75dcd5e0813872ce2c2bbe3f66,20260916,0.11.0,90,supply,orders,False,19,19,O12,16,REGION,POWER,36.6,1,CENTER,THRESHOLD,0,0,1
lifecycle,42969dc451bbd28e8cd3cb77167facb14a589d75dcd5e0813872ce2c2bbe3f66,20260916,0.11.0,90,supply,orders,False,19,19,O13,18,BASE,POWER,54.34848385586153,1,REGION,THRESHOLD,0,0,1
lifecycle,42969dc451bbd28e8cd3cb77167facb14a589d75dcd5e0813872ce2c2bbe3f66,20260916,0.11.0,90,supply,orders,False,19,19,O14,19,REGION,POWER,54.34848385586153,1,CENTER,THRESHOLD,0,0,1
lifecycle,42969dc451bbd28e8cd3cb77167facb14a589d75dcd5e0813872ce2c2bbe3f66,20260916,0.11.0,90,supply,orders,False,19,19,O15,21,BASE,POWER,60.800000000000004,1,REGION,THRESHOLD,0,0,1
lifecycle,42969dc451bbd28e8cd3cb77167facb14a589d75dcd5e0813872ce2c2bbe3f66,20260916,0.11.0,90,supply,orders,False,19,19,O16,22,REGION,POWER,60.800000000000004,1,CENTER,THRESHOLD,0,0,1
lifecycle,42969dc451bbd28e8cd3cb77167facb14a589d75dcd5e0813872ce2c2bbe3f66,20260916,0.11.0,90,supply,orders,False,19,19,O17,24,BASE,POWER,64.69999999999999,1,REGION,THRESHOLD,0,0,1
lifecycle,42969dc451bbd28e8cd3cb77167facb14a589d75dcd5e0813872ce2c2bbe3f66,20260916,0.11.0,90,supply,orders,False,19,19,O18,25,REGION,POWER,64.69999999999999,1,CENTER,THRESHOLD,0,0,1
lifecycle,42969dc451bbd28e8cd3cb77167facb14a589d75dcd5e0813872ce2c2bbe3f66,20260916,0.11.0,90,supply,orders,False,19,19,O19,26,CENTER,POWER,66.0,1,,PERIODIC,0,0,1
lifecycle,42969dc451bbd28e8cd3cb77167facb14a589d75dcd5e0813872ce2c2bbe3f66,20260916,0.11.0,91,supply,orders,False,16,16,O1,1,BASE,POWER,0,2,REGION,THRESHOLD/PERIODIC,0,0,2
lifecycle,42969dc451bbd28e8cd3cb77167facb14a589d75dcd5e0813872ce2c2bbe3f66,20260916,0.11.0,91,supply,orders,False,16,16,O2,2,REGION,POWER,0,2,CENTER,THRESHOLD,0,0,2
lifecycle,42969dc451bbd28e8cd3cb77167facb14a589d75dcd5e0813872ce2c2bbe3f66,20260916,0.11.0,91,supply,orders,False,16,16,O3,3,CENTER,POWER,0,4,,PERIODIC,0,0,4
lifecycle,42969dc451bbd28e8cd3cb77167facb14a589d75dcd5e0813872ce2c2bbe3f66,20260916,0.11.0,91,supply,orders,False,16,16,O4,5,BASE,POWER,16.617755467997572,1,REGION,THRESHOLD,0,0,1
lifecycle,42969dc451bbd28e8cd3cb77167facb14a589d75dcd5e0813872ce2c2bbe3f66,20260916,0.11.0,91,supply,orders,False,16,16,O5,6,REGION,POWER,16.617755467997572,1,CENTER,THRESHOLD,0,0,1
lifecycle,42969dc451bbd28e8cd3cb77167facb14a589d75dcd5e0813872ce2c2bbe3f66,20260916,0.11.0,91,supply,orders,False,16,16,O6,7,CENTER,POWER,18.0,1,,PERIODIC,0,0,1
lifecycle,42969dc451bbd28e8cd3cb77167facb14a589d75dcd5e0813872ce2c2bbe3f66,20260916,0.11.0,91,supply,orders,False,16,16,O7,9,BASE,POWER,36.6,1,REGION,THRESHOLD,0,0,1
lifecycle,42969dc451bbd28e8cd3cb77167facb14a589d75dcd5e0813872ce2c2bbe3f66,20260916,0.11.0,91,supply,orders,False,16,16,O8,10,REGION,POWER,36.6,1,CENTER,THRESHOLD,0,0,1
lifecycle,42969dc451bbd28e8cd3cb77167facb14a589d75dcd5e0813872ce2c2bbe3f66,20260916,0.11.0,91,supply,orders,False,16,16,O9,13,BASE,POWER,40.6,2,REGION,THRESHOLD,0,0,2
lifecycle,42969dc451bbd28e8cd3cb77167facb14a589d75dcd5e0813872ce2c2bbe3f66,20260916,0.11.0,91,supply,orders,False,16,16,O10,14,REGION,POWER,40.6,2,CENTER,THRESHOLD,0,0,2
lifecycle,42969dc451bbd28e8cd3cb77167facb14a589d75dcd5e0813872ce2c2bbe3f66,20260916,0.11.0,91,supply,orders,False,16,16,O11,15,CENTER,POWER,42.0,2,,PERIODIC,0,0,2
lifecycle,42969dc451bbd28e8cd3cb77167facb14a589d75dcd5e0813872ce2c2bbe3f66,20260916,0.11.0,91,supply,orders,False,16,16,O12,17,BASE,POWER,56.7,1,REGION,THRESHOLD,0,0,1
lifecycle,42969dc451bbd28e8cd3cb77167facb14a589d75dcd5e0813872ce2c2bbe3f66,20260916,0.11.0,91,supply,orders,False,16,16,O13,18,REGION,POWER,56.7,1,CENTER,THRESHOLD,0,0,1
lifecycle,42969dc451bbd28e8cd3cb77167facb14a589d75dcd5e0813872ce2c2bbe3f66,20260916,0.11.0,91,supply,orders,False,16,16,O14,20,BASE,POWER,64.69999999999999,1,REGION,THRESHOLD,0,0,1
lifecycle,42969dc451bbd28e8cd3cb77167facb14a589d75dcd5e0813872ce2c2bbe3f66,20260916,0.11.0,91,supply,orders,False,16,16,O15,21,REGION,POWER,64.69999999999999,1,CENTER,THRESHOLD,0,0,1
lifecycle,42969dc451bbd28e8cd3cb77167facb14a589d75dcd5e0813872ce2c2bbe3f66,20260916,0.11.0,91,supply,orders,False,16,16,O16,22,CENTER,POWER,66.0,1,,PERIODIC,0,0,1
lifecycle,42969dc451bbd28e8cd3cb77167facb14a589d75dcd5e0813872ce2c2bbe3f66,20260916,0.11.0,92,supply,orders,False,20,20,O1,1,BASE,POWER,0,2,REGION,THRESHOLD/PERIODIC,0,0,2
lifecycle,42969dc451bbd28e8cd3cb77167facb14a589d75dcd5e0813872ce2c2bbe3f66,20260916,0.11.0,92,supply,orders,False,20,20,O2,2,REGION,POWER,0,2,CENTER,THRESHOLD,0,0,2
lifecycle,42969dc451bbd28e8cd3cb77167facb14a589d75dcd5e0813872ce2c2bbe3f66,20260916,0.11.0,92,supply,orders,False,20,20,O3,3,CENTER,POWER,0,4,,PERIODIC,0,0,4
lifecycle,42969dc451bbd28e8cd3cb77167facb14a589d75dcd5e0813872ce2c2bbe3f66,20260916,0.11.0,92,supply,orders,False,20,20,O4,5,BASE,POWER,16.800000000000004,1,REGION,THRESHOLD,0,0,1
lifecycle,42969dc451bbd28e8cd3cb77167facb14a589d75dcd5e0813872ce2c2bbe3f66,20260916,0.11.0,92,supply,orders,False,20,20,O5,6,REGION,POWER,16.800000000000004,1,CENTER,THRESHOLD,0,0,1
lifecycle,42969dc451bbd28e8cd3cb77167facb14a589d75dcd5e0813872ce2c2bbe3f66,20260916,0.11.0,92,supply,orders,False,20,20,O6,7,CENTER,POWER,18.0,1,,PERIODIC,0,0,1
lifecycle,42969dc451bbd28e8cd3cb77167facb14a589d75dcd5e0813872ce2c2bbe3f66,20260916,0.11.0,92,supply,orders,False,20,20,O7,9,BASE,POWER,32.7,1,REGION,THRESHOLD,0,0,1
lifecycle,42969dc451bbd28e8cd3cb77167facb14a589d75dcd5e0813872ce2c2bbe3f66,20260916,0.11.0,92,supply,orders,False,20,20,O8,10,REGION,POWER,32.7,1,CENTER,THRESHOLD,0,0,1
lifecycle,42969dc451bbd28e8cd3cb77167facb14a589d75dcd5e0813872ce2c2bbe3f66,20260916,0.11.0,92,supply,orders,False,20,20,O9,12,BASE,POWER,36.6,1,REGION,THRESHOLD,0,0,1
lifecycle,42969dc451bbd28e8cd3cb77167facb14a589d75dcd5e0813872ce2c2bbe3f66,20260916,0.11.0,92,supply,orders,False,20,20,O10,13,REGION,POWER,36.6,1,CENTER,THRESHOLD,0,0,1
lifecycle,42969dc451bbd28e8cd3cb77167facb14a589d75dcd5e0813872ce2c2bbe3f66,20260916,0.11.0,92,supply,orders,False,20,20,O11,15,BASE,POWER,40.7,1,REGION,THRESHOLD,0,0,1
lifecycle,42969dc451bbd28e8cd3cb77167facb14a589d75dcd5e0813872ce2c2bbe3f66,20260916,0.11.0,92,supply,orders,False,20,20,O12,16,REGION,POWER,40.7,1,CENTER,THRESHOLD,0,0,1
lifecycle,42969dc451bbd28e8cd3cb77167facb14a589d75dcd5e0813872ce2c2bbe3f66,20260916,0.11.0,92,supply,orders,False,20,20,O13,17,CENTER,POWER,42.0,1,,PERIODIC,0,0,1
lifecycle,42969dc451bbd28e8cd3cb77167facb14a589d75dcd5e0813872ce2c2bbe3f66,20260916,0.11.0,92,supply,orders,False,20,20,O14,19,BASE,POWER,59.550144429670404,1,REGION,THRESHOLD,0,0,1
lifecycle,42969dc451bbd28e8cd3cb77167facb14a589d75dcd5e0813872ce2c2bbe3f66,20260916,0.11.0,92,supply,orders,False,20,20,O15,20,REGION,POWER,59.550144429670404,1,CENTER,THRESHOLD,0,0,1
lifecycle,42969dc451bbd28e8cd3cb77167facb14a589d75dcd5e0813872ce2c2bbe3f66,20260916,0.11.0,92,supply,orders,False,20,20,O16,22,BASE,POWER,63.75803865855176,1,REGION,THRESHOLD,0,0,1
lifecycle,42969dc451bbd28e8cd3cb77167facb14a589d75dcd5e0813872ce2c2bbe3f66,20260916,0.11.0,92,supply,orders,False,20,20,O17,23,REGION,POWER,63.75803865855176,1,CENTER,THRESHOLD,0,0,1
lifecycle,42969dc451bbd28e8cd3cb77167facb14a589d75dcd5e0813872ce2c2bbe3f66,20260916,0.11.0,92,supply,orders,False,20,20,O18,25,BASE,POWER,63.85803865855176,1,REGION,THRESHOLD,0,0,1
lifecycle,42969dc451bbd28e8cd3cb77167facb14a589d75dcd5e0813872ce2c2bbe3f66,20260916,0.11.0,92,supply,orders,False,20,20,O19,26,REGION,POWER,63.85803865855176,1,CENTER,THRESHOLD,0,0,1
lifecycle,42969dc451bbd28e8cd3cb77167facb14a589d75dcd5e0813872ce2c2bbe3f66,20260916,0.11.0,92,supply,orders,False,20,20,O20,27,CENTER,POWER,66.0,1,,PERIODIC,0,0,1
lifecycle,42969dc451bbd28e8cd3cb77167facb14a589d75dcd5e0813872ce2c2bbe3f66,20260916,0.11.0,93,supply,orders,False,18,18,O1,1,BASE,POWER,0,2,REGION,THRESHOLD/PERIODIC,0,0,2
lifecycle,42969dc451bbd28e8cd3cb77167facb14a589d75dcd5e0813872ce2c2bbe3f66,20260916,0.11.0,93,supply,orders,False,18,18,O2,2,REGION,POWER,0,2,CENTER,THRESHOLD,0,0,2
lifecycle,42969dc451bbd28e8cd3cb77167facb14a589d75dcd5e0813872ce2c2bbe3f66,20260916,0.11.0,93,supply,orders,False,18,18,O3,3,CENTER,POWER,0,4,,PERIODIC,0,0,4
lifecycle,42969dc451bbd28e8cd3cb77167facb14a589d75dcd5e0813872ce2c2bbe3f66,20260916,0.11.0,93,supply,orders,False,18,18,O4,5,BASE,POWER,16.700000000000003,1,REGION,THRESHOLD,0,0,1
lifecycle,42969dc451bbd28e8cd3cb77167facb14a589d75dcd5e0813872ce2c2bbe3f66,20260916,0.11.0,93,supply,orders,False,18,18,O5,6,REGION,POWER,16.700000000000003,1,CENTER,THRESHOLD,0,0,1
lifecycle,42969dc451bbd28e8cd3cb77167facb14a589d75dcd5e0813872ce2c2bbe3f66,20260916,0.11.0,93,supply,orders,False,18,18,O6,8,BASE,POWER,16.800000000000004,1,REGION,THRESHOLD,0,0,1
lifecycle,42969dc451bbd28e8cd3cb77167facb14a589d75dcd5e0813872ce2c2bbe3f66,20260916,0.11.0,93,supply,orders,False,18,18,O7,9,REGION,POWER,16.800000000000004,1,CENTER,THRESHOLD,0,0,1
lifecycle,42969dc451bbd28e8cd3cb77167facb14a589d75dcd5e0813872ce2c2bbe3f66,20260916,0.11.0,93,supply,orders,False,18,18,O8,10,CENTER,POWER,18.0,2,,PERIODIC,0,0,2
lifecycle,42969dc451bbd28e8cd3cb77167facb14a589d75dcd5e0813872ce2c2bbe3f66,20260916,0.11.0,93,supply,orders,False,18,18,O9,12,BASE,POWER,32.800000000000004,1,REGION,THRESHOLD,0,0,1
lifecycle,42969dc451bbd28e8cd3cb77167facb14a589d75dcd5e0813872ce2c2bbe3f66,20260916,0.11.0,93,supply,orders,False,18,18,O10,13,REGION,POWER,32.800000000000004,1,CENTER,THRESHOLD,0,0,1
lifecycle,42969dc451bbd28e8cd3cb77167facb14a589d75dcd5e0813872ce2c2bbe3f66,20260916,0.11.0,93,supply,orders,False,18,18,O11,15,BASE,POWER,40.6,1,REGION,THRESHOLD,0,0,1
lifecycle,42969dc451bbd28e8cd3cb77167facb14a589d75dcd5e0813872ce2c2bbe3f66,20260916,0.11.0,93,supply,orders,False,18,18,O12,16,REGION,POWER,40.6,1,CENTER,THRESHOLD,0,0,1
lifecycle,42969dc451bbd28e8cd3cb77167facb14a589d75dcd5e0813872ce2c2bbe3f66,20260916,0.11.0,93,supply,orders,False,18,18,O13,18,BASE,POWER,56.7,1,REGION,THRESHOLD,0,0,1
lifecycle,42969dc451bbd28e8cd3cb77167facb14a589d75dcd5e0813872ce2c2bbe3f66,20260916,0.11.0,93,supply,orders,False,18,18,O14,19,REGION,POWER,56.7,1,CENTER,THRESHOLD,0,0,1
lifecycle,42969dc451bbd28e8cd3cb77167facb14a589d75dcd5e0813872ce2c2bbe3f66,20260916,0.11.0,93,supply,orders,False,18,18,O15,21,BASE,POWER,60.7,1,REGION,THRESHOLD,0,0,1
lifecycle,42969dc451bbd28e8cd3cb77167facb14a589d75dcd5e0813872ce2c2bbe3f66,20260916,0.11.0,93,supply,orders,False,18,18,O16,22,REGION,POWER,60.7,1,CENTER,THRESHOLD,0,0,1
lifecycle,42969dc451bbd28e8cd3cb77167facb14a589d75dcd5e0813872ce2c2bbe3f66,20260916,0.11.0,93,supply,orders,False,18,18,O17,24,BASE,POWER,64.6,1,REGION,THRESHOLD,0,0,1
lifecycle,42969dc451bbd28e8cd3cb77167facb14a589d75dcd5e0813872ce2c2bbe3f66,20260916,0.11.0,93,supply,orders,False,18,18,O18,25,REGION,POWER,64.6,1,CENTER,THRESHOLD,0,0,1
lifecycle,42969dc451bbd28e8cd3cb77167facb14a589d75dcd5e0813872ce2c2bbe3f66,20260916,0.11.0,94,supply,orders,False,16,16,O1,1,BASE,POWER,0,2,REGION,THRESHOLD/PERIODIC,0,0,2
lifecycle,42969dc451bbd28e8cd3cb77167facb14a589d75dcd5e0813872ce2c2bbe3f66,20260916,0.11.0,94,supply,orders,False,16,16,O2,2,REGION,POWER,0,2,CENTER,THRESHOLD,0,0,2
lifecycle,42969dc451bbd28e8cd3cb77167facb14a589d75dcd5e0813872ce2c2bbe3f66,20260916,0.11.0,94,supply,orders,False,16,16,O3,3,CENTER,POWER,0,4,,PERIODIC,0,0,4
lifecycle,42969dc451bbd28e8cd3cb77167facb14a589d75dcd5e0813872ce2c2bbe3f66,20260916,0.11.0,94,supply,orders,False,16,16,O4,5,BASE,POWER,16.700000000000003,1,REGION,THRESHOLD,0,0,1
lifecycle,42969dc451bbd28e8cd3cb77167facb14a589d75dcd5e0813872ce2c2bbe3f66,20260916,0.11.0,94,supply,orders,False,16,16,O5,6,REGION,POWER,16.700000000000003,1,CENTER,THRESHOLD,0,0,1
lifecycle,42969dc451bbd28e8cd3cb77167facb14a589d75dcd5e0813872ce2c2bbe3f66,20260916,0.11.0,94,supply,orders,False,16,16,O6,8,BASE,POWER,16.800000000000004,1,REGION,THRESHOLD,0,0,1
lifecycle,42969dc451bbd28e8cd3cb77167facb14a589d75dcd5e0813872ce2c2bbe3f66,20260916,0.11.0,94,supply,orders,False,16,16,O7,9,REGION,POWER,16.800000000000004,1,CENTER,THRESHOLD,0,0,1
lifecycle,42969dc451bbd28e8cd3cb77167facb14a589d75dcd5e0813872ce2c2bbe3f66,20260916,0.11.0,94,supply,orders,False,16,16,O8,10,CENTER,POWER,18.0,2,,PERIODIC,0,0,2
lifecycle,42969dc451bbd28e8cd3cb77167facb14a589d75dcd5e0813872ce2c2bbe3f66,20260916,0.11.0,94,supply,orders,False,16,16,O9,12,BASE,POWER,32.800000000000004,1,REGION,THRESHOLD,0,0,1
lifecycle,42969dc451bbd28e8cd3cb77167facb14a589d75dcd5e0813872ce2c2bbe3f66,20260916,0.11.0,94,supply,orders,False,16,16,O10,13,REGION,POWER,32.800000000000004,1,CENTER,THRESHOLD,0,0,1
lifecycle,42969dc451bbd28e8cd3cb77167facb14a589d75dcd5e0813872ce2c2bbe3f66,20260916,0.11.0,94,supply,orders,False,16,16,O11,15,BASE,POWER,40.6,1,REGION,THRESHOLD,0,0,1
lifecycle,42969dc451bbd28e8cd3cb77167facb14a589d75dcd5e0813872ce2c2bbe3f66,20260916,0.11.0,94,supply,orders,False,16,16,O12,16,REGION,POWER,40.6,1,CENTER,THRESHOLD,0,0,1
lifecycle,42969dc451bbd28e8cd3cb77167facb14a589d75dcd5e0813872ce2c2bbe3f66,20260916,0.11.0,94,supply,orders,False,16,16,O13,18,BASE,POWER,56.7,1,REGION,THRESHOLD,0,0,1
lifecycle,42969dc451bbd28e8cd3cb77167facb14a589d75dcd5e0813872ce2c2bbe3f66,20260916,0.11.0,94,supply,orders,False,16,16,O14,19,REGION,POWER,56.7,1,CENTER,THRESHOLD,0,0,1
lifecycle,42969dc451bbd28e8cd3cb77167facb14a589d75dcd5e0813872ce2c2bbe3f66,20260916,0.11.0,94,supply,orders,False,16,16,O15,21,BASE,POWER,64.6,1,REGION,THRESHOLD,0,0,1
lifecycle,42969dc451bbd28e8cd3cb77167facb14a589d75dcd5e0813872ce2c2bbe3f66,20260916,0.11.0,94,supply,orders,False,16,16,O16,22,REGION,POWER,64.6,1,CENTER,THRESHOLD,0,0,1
lifecycle,42969dc451bbd28e8cd3cb77167facb14a589d75dcd5e0813872ce2c2bbe3f66,20260916,0.11.0,95,supply,orders,False,17,17,O1,1,BASE,POWER,0,2,REGION,THRESHOLD/PERIODIC,0,0,2
lifecycle,42969dc451bbd28e8cd3cb77167facb14a589d75dcd5e0813872ce2c2bbe3f66,20260916,0.11.0,95,supply,orders,False,17,17,O2,2,REGION,POWER,0,2,CENTER,THRESHOLD,0,0,2
lifecycle,42969dc451bbd28e8cd3cb77167facb14a589d75dcd5e0813872ce2c2bbe3f66,20260916,0.11.0,95,supply,orders,False,17,17,O3,3,CENTER,POWER,0,4,,PERIODIC,0,0,4
lifecycle,42969dc451bbd28e8cd3cb77167facb14a589d75dcd5e0813872ce2c2bbe3f66,20260916,0.11.0,95,supply,orders,False,17,17,O4,5,BASE,POWER,16.700000000000003,1,REGION,THRESHOLD,0,0,1
lifecycle,42969dc451bbd28e8cd3cb77167facb14a589d75dcd5e0813872ce2c2bbe3f66,20260916,0.11.0,95,supply,orders,False,17,17,O5,6,REGION,POWER,16.700000000000003,1,CENTER,THRESHOLD,0,0,1
lifecycle,42969dc451bbd28e8cd3cb77167facb14a589d75dcd5e0813872ce2c2bbe3f66,20260916,0.11.0,95,supply,orders,False,17,17,O6,7,CENTER,POWER,18.0,1,,PERIODIC,0,0,1
lifecycle,42969dc451bbd28e8cd3cb77167facb14a589d75dcd5e0813872ce2c2bbe3f66,20260916,0.11.0,95,supply,orders,False,17,17,O7,9,BASE,POWER,32.7,1,REGION,THRESHOLD,0,0,1
lifecycle,42969dc451bbd28e8cd3cb77167facb14a589d75dcd5e0813872ce2c2bbe3f66,20260916,0.11.0,95,supply,orders,False,17,17,O8,10,REGION,POWER,32.7,1,CENTER,THRESHOLD,0,0,1
lifecycle,42969dc451bbd28e8cd3cb77167facb14a589d75dcd5e0813872ce2c2bbe3f66,20260916,0.11.0,95,supply,orders,False,17,17,O9,12,BASE,POWER,36.6,1,REGION,THRESHOLD,0,0,1
lifecycle,42969dc451bbd28e8cd3cb77167facb14a589d75dcd5e0813872ce2c2bbe3f66,20260916,0.11.0,95,supply,orders,False,17,17,O10,13,REGION,POWER,36.6,1,CENTER,THRESHOLD,0,0,1
lifecycle,42969dc451bbd28e8cd3cb77167facb14a589d75dcd5e0813872ce2c2bbe3f66,20260916,0.11.0,95,supply,orders,False,17,17,O11,15,BASE,POWER,40.6,1,REGION,THRESHOLD,0,0,1
lifecycle,42969dc451bbd28e8cd3cb77167facb14a589d75dcd5e0813872ce2c2bbe3f66,20260916,0.11.0,95,supply,orders,False,17,17,O12,16,REGION,POWER,40.6,1,CENTER,THRESHOLD,0,0,1
lifecycle,42969dc451bbd28e8cd3cb77167facb14a589d75dcd5e0813872ce2c2bbe3f66,20260916,0.11.0,95,supply,orders,False,17,17,O13,17,CENTER,POWER,42.0,1,,PERIODIC,0,0,1
lifecycle,42969dc451bbd28e8cd3cb77167facb14a589d75dcd5e0813872ce2c2bbe3f66,20260916,0.11.0,95,supply,orders,False,17,17,O14,19,BASE,POWER,56.7,1,REGION,THRESHOLD,0,0,1
lifecycle,42969dc451bbd28e8cd3cb77167facb14a589d75dcd5e0813872ce2c2bbe3f66,20260916,0.11.0,95,supply,orders,False,17,17,O15,20,REGION,POWER,56.7,1,CENTER,THRESHOLD,0,0,1
lifecycle,42969dc451bbd28e8cd3cb77167facb14a589d75dcd5e0813872ce2c2bbe3f66,20260916,0.11.0,95,supply,orders,False,17,17,O16,22,BASE,POWER,60.7,1,REGION,THRESHOLD,0,0,1
lifecycle,42969dc451bbd28e8cd3cb77167facb14a589d75dcd5e0813872ce2c2bbe3f66,20260916,0.11.0,95,supply,orders,False,17,17,O17,23,REGION,POWER,60.7,1,CENTER,THRESHOLD,0,0,1
lifecycle,42969dc451bbd28e8cd3cb77167facb14a589d75dcd5e0813872ce2c2bbe3f66,20260916,0.11.0,96,supply,orders,False,18,18,O1,1,BASE,POWER,0,2,REGION,THRESHOLD/PERIODIC,0,0,2
lifecycle,42969dc451bbd28e8cd3cb77167facb14a589d75dcd5e0813872ce2c2bbe3f66,20260916,0.11.0,96,supply,orders,False,18,18,O2,2,REGION,POWER,0,2,CENTER,THRESHOLD,0,0,2
lifecycle,42969dc451bbd28e8cd3cb77167facb14a589d75dcd5e0813872ce2c2bbe3f66,20260916,0.11.0,96,supply,orders,False,18,18,O3,3,CENTER,POWER,0,4,,PERIODIC,0,0,4
lifecycle,42969dc451bbd28e8cd3cb77167facb14a589d75dcd5e0813872ce2c2bbe3f66,20260916,0.11.0,96,supply,orders,False,18,18,O4,5,BASE,POWER,16.700000000000003,1,REGION,THRESHOLD,0,0,1
lifecycle,42969dc451bbd28e8cd3cb77167facb14a589d75dcd5e0813872ce2c2bbe3f66,20260916,0.11.0,96,supply,orders,False,18,18,O5,6,REGION,POWER,16.700000000000003,1,CENTER,THRESHOLD,0,0,1
lifecycle,42969dc451bbd28e8cd3cb77167facb14a589d75dcd5e0813872ce2c2bbe3f66,20260916,0.11.0,96,supply,orders,False,18,18,O6,8,BASE,POWER,16.800000000000004,1,REGION,THRESHOLD,0,0,1
lifecycle,42969dc451bbd28e8cd3cb77167facb14a589d75dcd5e0813872ce2c2bbe3f66,20260916,0.11.0,96,supply,orders,False,18,18,O7,9,REGION,POWER,16.800000000000004,1,CENTER,THRESHOLD,0,0,1
lifecycle,42969dc451bbd28e8cd3cb77167facb14a589d75dcd5e0813872ce2c2bbe3f66,20260916,0.11.0,96,supply,orders,False,18,18,O8,10,CENTER,POWER,18.0,2,,PERIODIC,0,0,2
lifecycle,42969dc451bbd28e8cd3cb77167facb14a589d75dcd5e0813872ce2c2bbe3f66,20260916,0.11.0,96,supply,orders,False,18,18,O9,12,BASE,POWER,32.800000000000004,1,REGION,THRESHOLD,0,0,1
lifecycle,42969dc451bbd28e8cd3cb77167facb14a589d75dcd5e0813872ce2c2bbe3f66,20260916,0.11.0,96,supply,orders,False,18,18,O10,13,REGION,POWER,32.800000000000004,1,CENTER,THRESHOLD,0,0,1
lifecycle,42969dc451bbd28e8cd3cb77167facb14a589d75dcd5e0813872ce2c2bbe3f66,20260916,0.11.0,96,supply,orders,False,18,18,O11,15,BASE,POWER,40.6,1,REGION,THRESHOLD,0,0,1
lifecycle,42969dc451bbd28e8cd3cb77167facb14a589d75dcd5e0813872ce2c2bbe3f66,20260916,0.11.0,96,supply,orders,False,18,18,O12,16,REGION,POWER,40.6,1,CENTER,THRESHOLD,0,0,1
lifecycle,42969dc451bbd28e8cd3cb77167facb14a589d75dcd5e0813872ce2c2bbe3f66,20260916,0.11.0,96,supply,orders,False,18,18,O13,18,BASE,POWER,56.7,1,REGION,THRESHOLD,0,0,1
lifecycle,42969dc451bbd28e8cd3cb77167facb14a589d75dcd5e0813872ce2c2bbe3f66,20260916,0.11.0,96,supply,orders,False,18,18,O14,19,REGION,POWER,56.7,1,CENTER,THRESHOLD,0,0,1
lifecycle,42969dc451bbd28e8cd3cb77167facb14a589d75dcd5e0813872ce2c2bbe3f66,20260916,0.11.0,96,supply,orders,False,18,18,O15,21,BASE,POWER,56.800000000000004,1,REGION,THRESHOLD,0,0,1
lifecycle,42969dc451bbd28e8cd3cb77167facb14a589d75dcd5e0813872ce2c2bbe3f66,20260916,0.11.0,96,supply,orders,False,18,18,O16,22,REGION,POWER,56.800000000000004,1,CENTER,THRESHOLD,0,0,1
lifecycle,42969dc451bbd28e8cd3cb77167facb14a589d75dcd5e0813872ce2c2bbe3f66,20260916,0.11.0,96,supply,orders,False,18,18,O17,24,BASE,POWER,60.7,1,REGION,THRESHOLD,0,0,1
lifecycle,42969dc451bbd28e8cd3cb77167facb14a589d75dcd5e0813872ce2c2bbe3f66,20260916,0.11.0,96,supply,orders,False,18,18,O18,25,REGION,POWER,60.7,1,CENTER,THRESHOLD,0,0,1
lifecycle,42969dc451bbd28e8cd3cb77167facb14a589d75dcd5e0813872ce2c2bbe3f66,20260916,0.11.0,97,supply,orders,False,21,21,O1,1,BASE,POWER,0,2,REGION,THRESHOLD/PERIODIC,0,0,2
lifecycle,42969dc451bbd28e8cd3cb77167facb14a589d75dcd5e0813872ce2c2bbe3f66,20260916,0.11.0,97,supply,orders,False,21,21,O2,2,REGION,POWER,0,2,CENTER,THRESHOLD,0,0,2
lifecycle,42969dc451bbd28e8cd3cb77167facb14a589d75dcd5e0813872ce2c2bbe3f66,20260916,0.11.0,97,supply,orders,False,21,21,O3,3,CENTER,POWER,0,4,,PERIODIC,0,0,4
lifecycle,42969dc451bbd28e8cd3cb77167facb14a589d75dcd5e0813872ce2c2bbe3f66,20260916,0.11.0,97,supply,orders,False,21,21,O4,5,BASE,POWER,8.7,1,REGION,THRESHOLD,0,0,1
lifecycle,42969dc451bbd28e8cd3cb77167facb14a589d75dcd5e0813872ce2c2bbe3f66,20260916,0.11.0,97,supply,orders,False,21,21,O5,6,REGION,POWER,8.7,1,CENTER,THRESHOLD,0,0,1
lifecycle,42969dc451bbd28e8cd3cb77167facb14a589d75dcd5e0813872ce2c2bbe3f66,20260916,0.11.0,97,supply,orders,False,21,21,O6,8,BASE,POWER,16.700000000000003,1,REGION,THRESHOLD,0,0,1
lifecycle,42969dc451bbd28e8cd3cb77167facb14a589d75dcd5e0813872ce2c2bbe3f66,20260916,0.11.0,97,supply,orders,False,21,21,O7,9,REGION,POWER,16.700000000000003,1,CENTER,THRESHOLD,0,0,1
lifecycle,42969dc451bbd28e8cd3cb77167facb14a589d75dcd5e0813872ce2c2bbe3f66,20260916,0.11.0,97,supply,orders,False,21,21,O8,10,CENTER,POWER,18.0,1,,PERIODIC,0,0,1
lifecycle,42969dc451bbd28e8cd3cb77167facb14a589d75dcd5e0813872ce2c2bbe3f66,20260916,0.11.0,97,supply,orders,False,21,21,O9,12,BASE,POWER,32.800000000000004,1,REGION,THRESHOLD,0,0,1
lifecycle,42969dc451bbd28e8cd3cb77167facb14a589d75dcd5e0813872ce2c2bbe3f66,20260916,0.11.0,97,supply,orders,False,21,21,O10,13,REGION,POWER,32.800000000000004,1,CENTER,THRESHOLD,0,0,1
lifecycle,42969dc451bbd28e8cd3cb77167facb14a589d75dcd5e0813872ce2c2bbe3f66,20260916,0.11.0,97,supply,orders,False,21,21,O11,15,BASE,POWER,36.7,1,REGION,THRESHOLD,0,0,1
lifecycle,42969dc451bbd28e8cd3cb77167facb14a589d75dcd5e0813872ce2c2bbe3f66,20260916,0.11.0,97,supply,orders,False,21,21,O12,16,REGION,POWER,36.7,1,CENTER,THRESHOLD,0,0,1
lifecycle,42969dc451bbd28e8cd3cb77167facb14a589d75dcd5e0813872ce2c2bbe3f66,20260916,0.11.0,97,supply,orders,False,21,21,O13,18,BASE,POWER,40.6,1,REGION,THRESHOLD,0,0,1
lifecycle,42969dc451bbd28e8cd3cb77167facb14a589d75dcd5e0813872ce2c2bbe3f66,20260916,0.11.0,97,supply,orders,False,21,21,O14,19,REGION,POWER,40.6,1,CENTER,THRESHOLD,0,0,1
lifecycle,42969dc451bbd28e8cd3cb77167facb14a589d75dcd5e0813872ce2c2bbe3f66,20260916,0.11.0,97,supply,orders,False,21,21,O15,21,BASE,POWER,56.7,1,REGION,THRESHOLD,0,0,1
lifecycle,42969dc451bbd28e8cd3cb77167facb14a589d75dcd5e0813872ce2c2bbe3f66,20260916,0.11.0,97,supply,orders,False,21,21,O16,22,REGION,POWER,56.7,1,CENTER,THRESHOLD,0,0,1
lifecycle,42969dc451bbd28e8cd3cb77167facb14a589d75dcd5e0813872ce2c2bbe3f66,20260916,0.11.0,97,supply,orders,False,21,21,O17,24,BASE,POWER,60.7,1,REGION,THRESHOLD,0,0,1
lifecycle,42969dc451bbd28e8cd3cb77167facb14a589d75dcd5e0813872ce2c2bbe3f66,20260916,0.11.0,97,supply,orders,False,21,21,O18,25,REGION,POWER,60.7,1,CENTER,THRESHOLD,0,0,1
lifecycle,42969dc451bbd28e8cd3cb77167facb14a589d75dcd5e0813872ce2c2bbe3f66,20260916,0.11.0,97,supply,orders,False,21,21,O19,27,BASE,POWER,64.69999999999999,1,REGION,THRESHOLD,0,0,1
lifecycle,42969dc451bbd28e8cd3cb77167facb14a589d75dcd5e0813872ce2c2bbe3f66,20260916,0.11.0,97,supply,orders,False,21,21,O20,28,REGION,POWER,64.69999999999999,1,CENTER,THRESHOLD,0,0,1
lifecycle,42969dc451bbd28e8cd3cb77167facb14a589d75dcd5e0813872ce2c2bbe3f66,20260916,0.11.0,97,supply,orders,False,21,21,O21,29,CENTER,POWER,66.0,1,,PERIODIC,0,0,1
lifecycle,42969dc451bbd28e8cd3cb77167facb14a589d75dcd5e0813872ce2c2bbe3f66,20260916,0.11.0,98,supply,orders,False,20,20,O1,1,BASE,POWER,0,2,REGION,THRESHOLD/PERIODIC,0,0,2
lifecycle,42969dc451bbd28e8cd3cb77167facb14a589d75dcd5e0813872ce2c2bbe3f66,20260916,0.11.0,98,supply,orders,False,20,20,O2,2,REGION,POWER,0,2,CENTER,THRESHOLD,0,0,2
lifecycle,42969dc451bbd28e8cd3cb77167facb14a589d75dcd5e0813872ce2c2bbe3f66,20260916,0.11.0,98,supply,orders,False,20,20,O3,3,CENTER,POWER,0,4,,PERIODIC,0,0,4
lifecycle,42969dc451bbd28e8cd3cb77167facb14a589d75dcd5e0813872ce2c2bbe3f66,20260916,0.11.0,98,supply,orders,False,20,20,O4,5,BASE,POWER,16.800000000000004,1,REGION,THRESHOLD,0,0,1
lifecycle,42969dc451bbd28e8cd3cb77167facb14a589d75dcd5e0813872ce2c2bbe3f66,20260916,0.11.0,98,supply,orders,False,20,20,O5,6,REGION,POWER,16.800000000000004,1,CENTER,THRESHOLD,0,0,1
lifecycle,42969dc451bbd28e8cd3cb77167facb14a589d75dcd5e0813872ce2c2bbe3f66,20260916,0.11.0,98,supply,orders,False,20,20,O6,7,CENTER,POWER,18.0,1,,PERIODIC,0,0,1
lifecycle,42969dc451bbd28e8cd3cb77167facb14a589d75dcd5e0813872ce2c2bbe3f66,20260916,0.11.0,98,supply,orders,False,20,20,O7,9,BASE,POWER,32.7,1,REGION,THRESHOLD,0,0,1
lifecycle,42969dc451bbd28e8cd3cb77167facb14a589d75dcd5e0813872ce2c2bbe3f66,20260916,0.11.0,98,supply,orders,False,20,20,O8,10,REGION,POWER,32.7,1,CENTER,THRESHOLD,0,0,1
lifecycle,42969dc451bbd28e8cd3cb77167facb14a589d75dcd5e0813872ce2c2bbe3f66,20260916,0.11.0,98,supply,orders,False,20,20,O9,12,BASE,POWER,36.6,1,REGION,THRESHOLD,0,0,1
lifecycle,42969dc451bbd28e8cd3cb77167facb14a589d75dcd5e0813872ce2c2bbe3f66,20260916,0.11.0,98,supply,orders,False,20,20,O10,13,REGION,POWER,36.6,1,CENTER,THRESHOLD,0,0,1
lifecycle,42969dc451bbd28e8cd3cb77167facb14a589d75dcd5e0813872ce2c2bbe3f66,20260916,0.11.0,98,supply,orders,False,20,20,O11,15,BASE,POWER,40.6,1,REGION,THRESHOLD,0,0,1
lifecycle,42969dc451bbd28e8cd3cb77167facb14a589d75dcd5e0813872ce2c2bbe3f66,20260916,0.11.0,98,supply,orders,False,20,20,O12,16,REGION,POWER,40.6,1,CENTER,THRESHOLD,0,0,1
lifecycle,42969dc451bbd28e8cd3cb77167facb14a589d75dcd5e0813872ce2c2bbe3f66,20260916,0.11.0,98,supply,orders,False,20,20,O13,17,CENTER,POWER,42.0,1,,PERIODIC,0,0,1
lifecycle,42969dc451bbd28e8cd3cb77167facb14a589d75dcd5e0813872ce2c2bbe3f66,20260916,0.11.0,98,supply,orders,False,20,20,O14,19,BASE,POWER,56.7,1,REGION,THRESHOLD,0,0,1
lifecycle,42969dc451bbd28e8cd3cb77167facb14a589d75dcd5e0813872ce2c2bbe3f66,20260916,0.11.0,98,supply,orders,False,20,20,O15,20,REGION,POWER,56.7,1,CENTER,THRESHOLD,0,0,1
lifecycle,42969dc451bbd28e8cd3cb77167facb14a589d75dcd5e0813872ce2c2bbe3f66,20260916,0.11.0,98,supply,orders,False,20,20,O16,22,BASE,POWER,60.269244237106825,1,REGION,THRESHOLD,0,0,1
lifecycle,42969dc451bbd28e8cd3cb77167facb14a589d75dcd5e0813872ce2c2bbe3f66,20260916,0.11.0,98,supply,orders,False,20,20,O17,23,REGION,POWER,60.269244237106825,1,CENTER,THRESHOLD,0,0,1
lifecycle,42969dc451bbd28e8cd3cb77167facb14a589d75dcd5e0813872ce2c2bbe3f66,20260916,0.11.0,98,supply,orders,False,20,20,O18,25,BASE,POWER,64.69999999999999,1,REGION,THRESHOLD,0,0,1
lifecycle,42969dc451bbd28e8cd3cb77167facb14a589d75dcd5e0813872ce2c2bbe3f66,20260916,0.11.0,98,supply,orders,False,20,20,O19,26,REGION,POWER,64.69999999999999,1,CENTER,THRESHOLD,0,0,1
lifecycle,42969dc451bbd28e8cd3cb77167facb14a589d75dcd5e0813872ce2c2bbe3f66,20260916,0.11.0,98,supply,orders,False,20,20,O20,27,CENTER,POWER,66.0,1,,PERIODIC,0,0,1
lifecycle,42969dc451bbd28e8cd3cb77167facb14a589d75dcd5e0813872ce2c2bbe3f66,20260916,0.11.0,99,supply,orders,False,17,17,O1,1,BASE,POWER,0,2,REGION,THRESHOLD/PERIODIC,0,0,2
lifecycle,42969dc451bbd28e8cd3cb77167facb14a589d75dcd5e0813872ce2c2bbe3f66,20260916,0.11.0,99,supply,orders,False,17,17,O2,2,REGION,POWER,0,2,CENTER,THRESHOLD,0,0,2
lifecycle,42969dc451bbd28e8cd3cb77167facb14a589d75dcd5e0813872ce2c2bbe3f66,20260916,0.11.0,99,supply,orders,False,17,17,O3,3,CENTER,POWER,0,4,,PERIODIC,0,0,4
lifecycle,42969dc451bbd28e8cd3cb77167facb14a589d75dcd5e0813872ce2c2bbe3f66,20260916,0.11.0,99,supply,orders,False,17,17,O4,5,BASE,POWER,16.800000000000004,1,REGION,THRESHOLD,0,0,1
lifecycle,42969dc451bbd28e8cd3cb77167facb14a589d75dcd5e0813872ce2c2bbe3f66,20260916,0.11.0,99,supply,orders,False,17,17,O5,6,REGION,POWER,16.800000000000004,1,CENTER,THRESHOLD,0,0,1
lifecycle,42969dc451bbd28e8cd3cb77167facb14a589d75dcd5e0813872ce2c2bbe3f66,20260916,0.11.0,99,supply,orders,False,17,17,O6,7,CENTER,POWER,18.0,1,,PERIODIC,0,0,1
lifecycle,42969dc451bbd28e8cd3cb77167facb14a589d75dcd5e0813872ce2c2bbe3f66,20260916,0.11.0,99,supply,orders,False,17,17,O7,9,BASE,POWER,32.7,1,REGION,THRESHOLD,0,0,1
lifecycle,42969dc451bbd28e8cd3cb77167facb14a589d75dcd5e0813872ce2c2bbe3f66,20260916,0.11.0,99,supply,orders,False,17,17,O8,10,REGION,POWER,32.7,1,CENTER,THRESHOLD,0,0,1
lifecycle,42969dc451bbd28e8cd3cb77167facb14a589d75dcd5e0813872ce2c2bbe3f66,20260916,0.11.0,99,supply,orders,False,17,17,O9,12,BASE,POWER,36.6,1,REGION,THRESHOLD,0,0,1
lifecycle,42969dc451bbd28e8cd3cb77167facb14a589d75dcd5e0813872ce2c2bbe3f66,20260916,0.11.0,99,supply,orders,False,17,17,O10,13,REGION,POWER,36.6,1,CENTER,THRESHOLD,0,0,1
lifecycle,42969dc451bbd28e8cd3cb77167facb14a589d75dcd5e0813872ce2c2bbe3f66,20260916,0.11.0,99,supply,orders,False,17,17,O11,15,BASE,POWER,40.6,1,REGION,THRESHOLD,0,0,1
lifecycle,42969dc451bbd28e8cd3cb77167facb14a589d75dcd5e0813872ce2c2bbe3f66,20260916,0.11.0,99,supply,orders,False,17,17,O12,16,REGION,POWER,40.6,1,CENTER,THRESHOLD,0,0,1
lifecycle,42969dc451bbd28e8cd3cb77167facb14a589d75dcd5e0813872ce2c2bbe3f66,20260916,0.11.0,99,supply,orders,False,17,17,O13,17,CENTER,POWER,42.0,1,,PERIODIC,0,0,1
lifecycle,42969dc451bbd28e8cd3cb77167facb14a589d75dcd5e0813872ce2c2bbe3f66,20260916,0.11.0,99,supply,orders,False,17,17,O14,19,BASE,POWER,54.67679437173871,1,REGION,THRESHOLD,0,0,1
lifecycle,42969dc451bbd28e8cd3cb77167facb14a589d75dcd5e0813872ce2c2bbe3f66,20260916,0.11.0,99,supply,orders,False,17,17,O15,20,REGION,POWER,54.67679437173871,1,CENTER,THRESHOLD,0,0,1
lifecycle,42969dc451bbd28e8cd3cb77167facb14a589d75dcd5e0813872ce2c2bbe3f66,20260916,0.11.0,99,supply,orders,False,17,17,O16,22,BASE,POWER,60.7,1,REGION,THRESHOLD,0,0,1
lifecycle,42969dc451bbd28e8cd3cb77167facb14a589d75dcd5e0813872ce2c2bbe3f66,20260916,0.11.0,99,supply,orders,False,17,17,O17,23,REGION,POWER,60.7,1,CENTER,THRESHOLD,0,0,1
lifecycle,42969dc451bbd28e8cd3cb77167facb14a589d75dcd5e0813872ce2c2bbe3f66,20260916,0.11.0,100,supply,orders,False,18,18,O1,1,BASE,POWER,0,2,REGION,THRESHOLD/PERIODIC,0,0,2
lifecycle,42969dc451bbd28e8cd3cb77167facb14a589d75dcd5e0813872ce2c2bbe3f66,20260916,0.11.0,100,supply,orders,False,18,18,O2,2,REGION,POWER,0,2,CENTER,THRESHOLD,0,0,2
lifecycle,42969dc451bbd28e8cd3cb77167facb14a589d75dcd5e0813872ce2c2bbe3f66,20260916,0.11.0,100,supply,orders,False,18,18,O3,3,CENTER,POWER,0,4,,PERIODIC,0,0,4
lifecycle,42969dc451bbd28e8cd3cb77167facb14a589d75dcd5e0813872ce2c2bbe3f66,20260916,0.11.0,100,supply,orders,False,18,18,O4,5,BASE,POWER,16.700000000000003,1,REGION,THRESHOLD,0,0,1
lifecycle,42969dc451bbd28e8cd3cb77167facb14a589d75dcd5e0813872ce2c2bbe3f66,20260916,0.11.0,100,supply,orders,False,18,18,O5,6,REGION,POWER,16.700000000000003,1,CENTER,THRESHOLD,0,0,1
lifecycle,42969dc451bbd28e8cd3cb77167facb14a589d75dcd5e0813872ce2c2bbe3f66,20260916,0.11.0,100,supply,orders,False,18,18,O6,8,BASE,POWER,16.800000000000004,1,REGION,THRESHOLD,0,0,1
lifecycle,42969dc451bbd28e8cd3cb77167facb14a589d75dcd5e0813872ce2c2bbe3f66,20260916,0.11.0,100,supply,orders,False,18,18,O7,9,REGION,POWER,16.800000000000004,1,CENTER,THRESHOLD,0,0,1
lifecycle,42969dc451bbd28e8cd3cb77167facb14a589d75dcd5e0813872ce2c2bbe3f66,20260916,0.11.0,100,supply,orders,False,18,18,O8,10,CENTER,POWER,18.0,2,,PERIODIC,0,0,2
lifecycle,42969dc451bbd28e8cd3cb77167facb14a589d75dcd5e0813872ce2c2bbe3f66,20260916,0.11.0,100,supply,orders,False,18,18,O9,12,BASE,POWER,32.800000000000004,1,REGION,THRESHOLD,0,0,1
lifecycle,42969dc451bbd28e8cd3cb77167facb14a589d75dcd5e0813872ce2c2bbe3f66,20260916,0.11.0,100,supply,orders,False,18,18,O10,13,REGION,POWER,32.800000000000004,1,CENTER,THRESHOLD,0,0,1
lifecycle,42969dc451bbd28e8cd3cb77167facb14a589d75dcd5e0813872ce2c2bbe3f66,20260916,0.11.0,100,supply,orders,False,18,18,O11,15,BASE,POWER,40.6,1,REGION,THRESHOLD,0,0,1
lifecycle,42969dc451bbd28e8cd3cb77167facb14a589d75dcd5e0813872ce2c2bbe3f66,20260916,0.11.0,100,supply,orders,False,18,18,O12,16,REGION,POWER,40.6,1,CENTER,THRESHOLD,0,0,1
lifecycle,42969dc451bbd28e8cd3cb77167facb14a589d75dcd5e0813872ce2c2bbe3f66,20260916,0.11.0,100,supply,orders,False,18,18,O13,18,BASE,POWER,56.800000000000004,1,REGION,THRESHOLD,0,0,1
lifecycle,42969dc451bbd28e8cd3cb77167facb14a589d75dcd5e0813872ce2c2bbe3f66,20260916,0.11.0,100,supply,orders,False,18,18,O14,19,REGION,POWER,56.800000000000004,1,CENTER,THRESHOLD,0,0,1
lifecycle,42969dc451bbd28e8cd3cb77167facb14a589d75dcd5e0813872ce2c2bbe3f66,20260916,0.11.0,100,supply,orders,False,18,18,O15,21,BASE,POWER,60.7,1,REGION,THRESHOLD,0,0,1
lifecycle,42969dc451bbd28e8cd3cb77167facb14a589d75dcd5e0813872ce2c2bbe3f66,20260916,0.11.0,100,supply,orders,False,18,18,O16,22,REGION,POWER,60.7,1,CENTER,THRESHOLD,0,0,1
lifecycle,42969dc451bbd28e8cd3cb77167facb14a589d75dcd5e0813872ce2c2bbe3f66,20260916,0.11.0,100,supply,orders,False,18,18,O17,24,BASE,POWER,64.6,1,REGION,THRESHOLD,0,0,1
lifecycle,42969dc451bbd28e8cd3cb77167facb14a589d75dcd5e0813872ce2c2bbe3f66,20260916,0.11.0,100,supply,orders,False,18,18,O18,25,REGION,POWER,64.6,1,CENTER,THRESHOLD,0,0,1
