run_id,model_hash,seed,engine,replication,truncated,time,part,iid,event,age_before,age_after,lifetime_hours,repair
aging-PERFECT,a781d2546489e692d824d9b320280ae01571da1e18a2fcd6b85d70c19192b086,20260908,0.9.2,1,False,58.744794315331255,ELECTRICAL#19,ELECTRICAL,failure,21.744794315331255,21.744794315331255,21.744794315331255,PERFECT
aging-PERFECT,a781d2546489e692d824d9b320280ae01571da1e18a2fcd6b85d70c19192b086,20260908,0.9.2,1,False,59.4039508397374,ELECTRICAL#19,ELECTRICAL,repair,21.744794315331255,0.0,21.744794315331255,PERFECT
aging-PERFECT,a781d2546489e692d824d9b320280ae01571da1e18a2fcd6b85d70c19192b086,20260908,0.9.2,2,False,11.403019942590666,AVIONICS#6,AVIONICS,failure,22.403019942590667,22.403019942590667,22.403019942590667,PERFECT
aging-PERFECT,a781d2546489e692d824d9b320280ae01571da1e18a2fcd6b85d70c19192b086,20260908,0.9.2,2,False,17.360466123935534,AVIONICS#6,AVIONICS,repair,22.403019942590667,0.0,22.403019942590667,PERFECT
aging-PERFECT,a781d2546489e692d824d9b320280ae01571da1e18a2fcd6b85d70c19192b086,20260908,0.9.2,2,False,58.900328966898485,HYDRAULIC#24,HYDRAULIC,failure,21.900328966898485,21.900328966898485,21.900328966898485,PERFECT
aging-PERFECT,a781d2546489e692d824d9b320280ae01571da1e18a2fcd6b85d70c19192b086,20260908,0.9.2,2,False,59.229779689760655,ELECTRICAL#23,ELECTRICAL,failure,22.229779689760655,22.229779689760655,22.229779689760655,PERFECT
aging-PERFECT,a781d2546489e692d824d9b320280ae01571da1e18a2fcd6b85d70c19192b086,20260908,0.9.2,2,False,60.24317970109382,HYDRAULIC#24,HYDRAULIC,repair,21.900328966898485,0.0,21.900328966898485,PERFECT
aging-PERFECT,a781d2546489e692d824d9b320280ae01571da1e18a2fcd6b85d70c19192b086,20260908,0.9.2,2,False,60.605979440863976,ELECTRICAL#23,ELECTRICAL,repair,22.229779689760655,0.0,22.229779689760655,PERFECT
aging-PERFECT,a781d2546489e692d824d9b320280ae01571da1e18a2fcd6b85d70c19192b086,20260908,0.9.2,3,False,10.184209807030363,AVIONICS#6,AVIONICS,failure,21.184209807030363,21.184209807030363,21.184209807030363,PERFECT
aging-PERFECT,a781d2546489e692d824d9b320280ae01571da1e18a2fcd6b85d70c19192b086,20260908,0.9.2,3,False,13.418676149411963,AVIONICS#6,AVIONICS,repair,21.184209807030363,0.0,21.184209807030363,PERFECT
aging-PERFECT,a781d2546489e692d824d9b320280ae01571da1e18a2fcd6b85d70c19192b086,20260908,0.9.2,4,False,33.179506656313244,POWERPLANT#13,POWERPLANT,failure,20.179506656313244,20.179506656313244,20.179506656313244,PERFECT
aging-PERFECT,a781d2546489e692d824d9b320280ae01571da1e18a2fcd6b85d70c19192b086,20260908,0.9.2,4,False,33.66355054653766,POWERPLANT#13,POWERPLANT,repair,20.179506656313244,0.0,20.179506656313244,PERFECT
aging-PERFECT,a781d2546489e692d824d9b320280ae01571da1e18a2fcd6b85d70c19192b086,20260908,0.9.2,4,False,58.6534352498817,ELECTRICAL#23,ELECTRICAL,failure,21.653435249881703,21.653435249881703,21.653435249881703,PERFECT
aging-PERFECT,a781d2546489e692d824d9b320280ae01571da1e18a2fcd6b85d70c19192b086,20260908,0.9.2,4,False,59.96558920374912,ELECTRICAL#23,ELECTRICAL,repair,21.653435249881703,0.0,21.653435249881703,PERFECT
aging-PERFECT,a781d2546489e692d824d9b320280ae01571da1e18a2fcd6b85d70c19192b086,20260908,0.9.2,5,False,10.973192353706539,POWERPLANT#1,POWERPLANT,failure,21.973192353706537,21.973192353706537,21.973192353706537,PERFECT
aging-PERFECT,a781d2546489e692d824d9b320280ae01571da1e18a2fcd6b85d70c19192b086,20260908,0.9.2,5,False,11.969071509473343,POWERPLANT#1,POWERPLANT,repair,21.973192353706537,0.0,21.973192353706537,PERFECT
aging-PERFECT,a781d2546489e692d824d9b320280ae01571da1e18a2fcd6b85d70c19192b086,20260908,0.9.2,6,False,9.298266910339988,HYDRAULIC#4,HYDRAULIC,failure,20.29826691033999,20.29826691033999,20.29826691033999,PERFECT
aging-PERFECT,a781d2546489e692d824d9b320280ae01571da1e18a2fcd6b85d70c19192b086,20260908,0.9.2,6,False,13.118932517525542,HYDRAULIC#4,HYDRAULIC,repair,20.29826691033999,0.0,20.29826691033999,PERFECT
aging-PERFECT,a781d2546489e692d824d9b320280ae01571da1e18a2fcd6b85d70c19192b086,20260908,0.9.2,7,False,11.03358239494278,HYDRAULIC#8,HYDRAULIC,failure,22.03358239494278,22.03358239494278,22.03358239494278,PERFECT
aging-PERFECT,a781d2546489e692d824d9b320280ae01571da1e18a2fcd6b85d70c19192b086,20260908,0.9.2,7,False,11.40492126432321,ELECTRICAL#7,ELECTRICAL,failure,22.40492126432321,22.40492126432321,22.40492126432321,PERFECT
aging-PERFECT,a781d2546489e692d824d9b320280ae01571da1e18a2fcd6b85d70c19192b086,20260908,0.9.2,7,False,11.660577707502904,HYDRAULIC#8,HYDRAULIC,repair,22.03358239494278,0.0,22.03358239494278,PERFECT
aging-PERFECT,a781d2546489e692d824d9b320280ae01571da1e18a2fcd6b85d70c19192b086,20260908,0.9.2,7,False,17.006775359931463,ELECTRICAL#7,ELECTRICAL,repair,22.40492126432321,0.0,22.40492126432321,PERFECT
aging-PERFECT,a781d2546489e692d824d9b320280ae01571da1e18a2fcd6b85d70c19192b086,20260908,0.9.2,8,False,33.14648040486386,POWERPLANT#13,POWERPLANT,failure,20.14648040486386,20.14648040486386,20.14648040486386,PERFECT
aging-PERFECT,a781d2546489e692d824d9b320280ae01571da1e18a2fcd6b85d70c19192b086,20260908,0.9.2,8,False,35.967849080482175,POWERPLANT#13,POWERPLANT,repair,20.14648040486386,0.0,20.14648040486386,PERFECT
aging-PERFECT,a781d2546489e692d824d9b320280ae01571da1e18a2fcd6b85d70c19192b086,20260908,0.9.2,9,False,33.2864702667434,HYDRAULIC#12,HYDRAULIC,failure,20.2864702667434,20.2864702667434,20.2864702667434,PERFECT
aging-PERFECT,a781d2546489e692d824d9b320280ae01571da1e18a2fcd6b85d70c19192b086,20260908,0.9.2,9,False,34.88556273211221,HYDRAULIC#12,HYDRAULIC,repair,20.2864702667434,0.0,20.2864702667434,PERFECT
aging-PERFECT,a781d2546489e692d824d9b320280ae01571da1e18a2fcd6b85d70c19192b086,20260908,0.9.2,9,False,57.60703767531403,POWERPLANT#17,POWERPLANT,failure,20.607037675314032,20.607037675314032,20.607037675314032,PERFECT
aging-PERFECT,a781d2546489e692d824d9b320280ae01571da1e18a2fcd6b85d70c19192b086,20260908,0.9.2,9,False,60.58224977634727,POWERPLANT#17,POWERPLANT,repair,20.607037675314032,0.0,20.607037675314032,PERFECT
aging-PERFECT,a781d2546489e692d824d9b320280ae01571da1e18a2fcd6b85d70c19192b086,20260908,0.9.2,10,False,11.465928346730735,ELECTRICAL#3,ELECTRICAL,failure,22.465928346730735,22.465928346730735,22.465928346730735,PERFECT
aging-PERFECT,a781d2546489e692d824d9b320280ae01571da1e18a2fcd6b85d70c19192b086,20260908,0.9.2,10,False,12.260823279609506,ELECTRICAL#3,ELECTRICAL,repair,22.465928346730735,0.0,22.465928346730735,PERFECT
aging-PERFECT,a781d2546489e692d824d9b320280ae01571da1e18a2fcd6b85d70c19192b086,20260908,0.9.2,10,False,33.94635983653931,POWERPLANT#13,POWERPLANT,failure,20.946359836539308,20.946359836539308,20.946359836539308,PERFECT
aging-PERFECT,a781d2546489e692d824d9b320280ae01571da1e18a2fcd6b85d70c19192b086,20260908,0.9.2,10,False,39.60999841051846,POWERPLANT#13,POWERPLANT,repair,20.946359836539308,0.0,20.946359836539308,PERFECT
aging-PERFECT,a781d2546489e692d824d9b320280ae01571da1e18a2fcd6b85d70c19192b086,20260908,0.9.2,11,False,9.167747065531625,HYDRAULIC#4,HYDRAULIC,failure,20.167747065531625,20.167747065531625,20.167747065531625,PERFECT
aging-PERFECT,a781d2546489e692d824d9b320280ae01571da1e18a2fcd6b85d70c19192b086,20260908,0.9.2,11,False,9.927322928832737,HYDRAULIC#4,HYDRAULIC,repair,20.167747065531625,0.0,20.167747065531625,PERFECT
aging-PERFECT,a781d2546489e692d824d9b320280ae01571da1e18a2fcd6b85d70c19192b086,20260908,0.9.2,11,False,57.27685506513123,HYDRAULIC#24,HYDRAULIC,failure,20.27685506513123,20.27685506513123,20.27685506513123,PERFECT
aging-PERFECT,a781d2546489e692d824d9b320280ae01571da1e18a2fcd6b85d70c19192b086,20260908,0.9.2,11,False,58.90950015621225,HYDRAULIC#24,HYDRAULIC,repair,20.27685506513123,0.0,20.27685506513123,PERFECT
aging-PERFECT,a781d2546489e692d824d9b320280ae01571da1e18a2fcd6b85d70c19192b086,20260908,0.9.2,12,False,33.28246974436938,AVIONICS#10,AVIONICS,failure,20.28246974436938,20.28246974436938,20.28246974436938,PERFECT
aging-PERFECT,a781d2546489e692d824d9b320280ae01571da1e18a2fcd6b85d70c19192b086,20260908,0.9.2,12,False,36.32644923452069,AVIONICS#10,AVIONICS,repair,20.28246974436938,0.0,20.28246974436938,PERFECT
aging-PERFECT,a781d2546489e692d824d9b320280ae01571da1e18a2fcd6b85d70c19192b086,20260908,0.9.2,12,False,57.0129627916365,AVIONICS#22,AVIONICS,failure,20.012962791636497,20.012962791636497,20.012962791636497,PERFECT
aging-PERFECT,a781d2546489e692d824d9b320280ae01571da1e18a2fcd6b85d70c19192b086,20260908,0.9.2,12,False,57.252418132731975,AVIONICS#22,AVIONICS,repair,20.012962791636497,0.0,20.012962791636497,PERFECT
aging-PERFECT,a781d2546489e692d824d9b320280ae01571da1e18a2fcd6b85d70c19192b086,20260908,0.9.2,15,False,35.94518990006976,AVIONICS#14,AVIONICS,failure,22.945189900069757,22.945189900069757,22.945189900069757,PERFECT
aging-PERFECT,a781d2546489e692d824d9b320280ae01571da1e18a2fcd6b85d70c19192b086,20260908,0.9.2,15,False,36.06236412366117,AVIONICS#14,AVIONICS,repair,22.945189900069757,0.0,22.945189900069757,PERFECT
aging-PERFECT,a781d2546489e692d824d9b320280ae01571da1e18a2fcd6b85d70c19192b086,20260908,0.9.2,15,False,59.67449126904642,HYDRAULIC#20,HYDRAULIC,failure,22.67449126904642,22.67449126904642,22.67449126904642,PERFECT
aging-PERFECT,a781d2546489e692d824d9b320280ae01571da1e18a2fcd6b85d70c19192b086,20260908,0.9.2,15,False,60.81342588732697,HYDRAULIC#20,HYDRAULIC,repair,22.67449126904642,0.0,22.67449126904642,PERFECT
aging-PERFECT,a781d2546489e692d824d9b320280ae01571da1e18a2fcd6b85d70c19192b086,20260908,0.9.2,16,False,33.52079278711683,POWERPLANT#13,POWERPLANT,failure,20.520792787116832,20.520792787116832,20.520792787116832,PERFECT
aging-PERFECT,a781d2546489e692d824d9b320280ae01571da1e18a2fcd6b85d70c19192b086,20260908,0.9.2,16,False,34.41304750772191,POWERPLANT#13,POWERPLANT,repair,20.520792787116832,0.0,20.520792787116832,PERFECT
aging-PERFECT,a781d2546489e692d824d9b320280ae01571da1e18a2fcd6b85d70c19192b086,20260908,0.9.2,17,False,35.19346363258331,AVIONICS#10,AVIONICS,failure,22.19346363258331,22.19346363258331,22.19346363258331,PERFECT
aging-PERFECT,a781d2546489e692d824d9b320280ae01571da1e18a2fcd6b85d70c19192b086,20260908,0.9.2,17,False,39.79985017622681,AVIONICS#10,AVIONICS,repair,22.19346363258331,0.0,22.19346363258331,PERFECT
aging-PERFECT,a781d2546489e692d824d9b320280ae01571da1e18a2fcd6b85d70c19192b086,20260908,0.9.2,18,False,34.90778321826166,AVIONICS#14,AVIONICS,failure,21.907783218261663,21.907783218261663,21.907783218261663,PERFECT
aging-PERFECT,a781d2546489e692d824d9b320280ae01571da1e18a2fcd6b85d70c19192b086,20260908,0.9.2,18,False,35.64225630771351,AVIONICS#14,AVIONICS,repair,21.907783218261663,0.0,21.907783218261663,PERFECT
aging-PERFECT,a781d2546489e692d824d9b320280ae01571da1e18a2fcd6b85d70c19192b086,20260908,0.9.2,18,False,58.304069522145134,POWERPLANT#17,POWERPLANT,failure,21.304069522145134,21.304069522145134,21.304069522145134,PERFECT
aging-PERFECT,a781d2546489e692d824d9b320280ae01571da1e18a2fcd6b85d70c19192b086,20260908,0.9.2,18,False,62.409258993116744,POWERPLANT#17,POWERPLANT,repair,21.304069522145134,0.0,21.304069522145134,PERFECT
aging-PERFECT,a781d2546489e692d824d9b320280ae01571da1e18a2fcd6b85d70c19192b086,20260908,0.9.2,19,False,11.669251052951767,ELECTRICAL#3,ELECTRICAL,failure,22.669251052951765,22.669251052951765,22.669251052951765,PERFECT
aging-PERFECT,a781d2546489e692d824d9b320280ae01571da1e18a2fcd6b85d70c19192b086,20260908,0.9.2,19,False,13.143416059673257,ELECTRICAL#3,ELECTRICAL,repair,22.669251052951765,0.0,22.669251052951765,PERFECT
aging-PERFECT,a781d2546489e692d824d9b320280ae01571da1e18a2fcd6b85d70c19192b086,20260908,0.9.2,19,False,33.937410552845634,AVIONICS#10,AVIONICS,failure,20.937410552845634,20.937410552845634,20.937410552845634,PERFECT
aging-PERFECT,a781d2546489e692d824d9b320280ae01571da1e18a2fcd6b85d70c19192b086,20260908,0.9.2,19,False,35.30542017108769,AVIONICS#10,AVIONICS,repair,20.937410552845634,0.0,20.937410552845634,PERFECT
aging-PERFECT,a781d2546489e692d824d9b320280ae01571da1e18a2fcd6b85d70c19192b086,20260908,0.9.2,20,False,33.12006996630634,AVIONICS#14,AVIONICS,failure,20.12006996630634,20.12006996630634,20.12006996630634,PERFECT
aging-PERFECT,a781d2546489e692d824d9b320280ae01571da1e18a2fcd6b85d70c19192b086,20260908,0.9.2,20,False,33.85410618308222,AVIONICS#14,AVIONICS,repair,20.12006996630634,0.0,20.12006996630634,PERFECT
aging-PERFECT,a781d2546489e692d824d9b320280ae01571da1e18a2fcd6b85d70c19192b086,20260908,0.9.2,22,False,11.497302363328018,POWERPLANT#5,POWERPLANT,failure,22.497302363328018,22.497302363328018,22.497302363328018,PERFECT
aging-PERFECT,a781d2546489e692d824d9b320280ae01571da1e18a2fcd6b85d70c19192b086,20260908,0.9.2,22,False,13.824439848917223,POWERPLANT#5,POWERPLANT,repair,22.497302363328018,0.0,22.497302363328018,PERFECT
aging-PERFECT,a781d2546489e692d824d9b320280ae01571da1e18a2fcd6b85d70c19192b086,20260908,0.9.2,22,False,33.48452326609048,HYDRAULIC#12,HYDRAULIC,failure,20.484523266090477,20.484523266090477,20.484523266090477,PERFECT
aging-PERFECT,a781d2546489e692d824d9b320280ae01571da1e18a2fcd6b85d70c19192b086,20260908,0.9.2,22,False,36.91399038141801,HYDRAULIC#12,HYDRAULIC,repair,20.484523266090477,0.0,20.484523266090477,PERFECT
aging-PERFECT,a781d2546489e692d824d9b320280ae01571da1e18a2fcd6b85d70c19192b086,20260908,0.9.2,23,False,58.270126507381704,HYDRAULIC#24,HYDRAULIC,failure,21.270126507381704,21.270126507381704,21.270126507381704,PERFECT
aging-PERFECT,a781d2546489e692d824d9b320280ae01571da1e18a2fcd6b85d70c19192b086,20260908,0.9.2,23,False,61.17162700541608,HYDRAULIC#24,HYDRAULIC,repair,21.270126507381704,0.0,21.270126507381704,PERFECT
aging-PERFECT,a781d2546489e692d824d9b320280ae01571da1e18a2fcd6b85d70c19192b086,20260908,0.9.2,24,False,10.361130902588883,HYDRAULIC#4,HYDRAULIC,failure,21.361130902588883,21.361130902588883,21.361130902588883,PERFECT
aging-PERFECT,a781d2546489e692d824d9b320280ae01571da1e18a2fcd6b85d70c19192b086,20260908,0.9.2,24,False,11.829566823617576,HYDRAULIC#4,HYDRAULIC,repair,21.361130902588883,0.0,21.361130902588883,PERFECT
aging-PERFECT,a781d2546489e692d824d9b320280ae01571da1e18a2fcd6b85d70c19192b086,20260908,0.9.2,24,False,34.54311472180997,POWERPLANT#13,POWERPLANT,failure,21.54311472180997,21.54311472180997,21.54311472180997,PERFECT
aging-PERFECT,a781d2546489e692d824d9b320280ae01571da1e18a2fcd6b85d70c19192b086,20260908,0.9.2,24,False,39.04334116705589,POWERPLANT#13,POWERPLANT,repair,21.54311472180997,0.0,21.54311472180997,PERFECT
aging-PERFECT,a781d2546489e692d824d9b320280ae01571da1e18a2fcd6b85d70c19192b086,20260908,0.9.2,24,False,58.2029585729407,ELECTRICAL#23,ELECTRICAL,failure,21.2029585729407,21.2029585729407,21.2029585729407,PERFECT
aging-PERFECT,a781d2546489e692d824d9b320280ae01571da1e18a2fcd6b85d70c19192b086,20260908,0.9.2,24,False,61.93468168519352,ELECTRICAL#23,ELECTRICAL,repair,21.2029585729407,0.0,21.2029585729407,PERFECT
aging-PERFECT,a781d2546489e692d824d9b320280ae01571da1e18a2fcd6b85d70c19192b086,20260908,0.9.2,26,False,9.071220348581585,HYDRAULIC#4,HYDRAULIC,failure,20.071220348581583,20.071220348581583,20.071220348581583,PERFECT
aging-PERFECT,a781d2546489e692d824d9b320280ae01571da1e18a2fcd6b85d70c19192b086,20260908,0.9.2,26,False,13.158401292915489,HYDRAULIC#4,HYDRAULIC,repair,20.071220348581583,0.0,20.071220348581583,PERFECT
aging-PERFECT,a781d2546489e692d824d9b320280ae01571da1e18a2fcd6b85d70c19192b086,20260908,0.9.2,26,False,33.44616779739309,ELECTRICAL#15,ELECTRICAL,failure,20.446167797393088,20.446167797393088,20.446167797393088,PERFECT
aging-PERFECT,a781d2546489e692d824d9b320280ae01571da1e18a2fcd6b85d70c19192b086,20260908,0.9.2,26,False,34.42183878424045,ELECTRICAL#15,ELECTRICAL,repair,20.446167797393088,0.0,20.446167797393088,PERFECT
aging-PERFECT,a781d2546489e692d824d9b320280ae01571da1e18a2fcd6b85d70c19192b086,20260908,0.9.2,26,False,58.3614007446965,AVIONICS#22,AVIONICS,failure,21.361400744696503,21.361400744696503,21.361400744696503,PERFECT
aging-PERFECT,a781d2546489e692d824d9b320280ae01571da1e18a2fcd6b85d70c19192b086,20260908,0.9.2,26,False,60.796760867357776,AVIONICS#22,AVIONICS,repair,21.361400744696503,0.0,21.361400744696503,PERFECT
aging-PERFECT,a781d2546489e692d824d9b320280ae01571da1e18a2fcd6b85d70c19192b086,20260908,0.9.2,27,False,9.219554270853221,HYDRAULIC#8,HYDRAULIC,failure,20.219554270853223,20.219554270853223,20.219554270853223,PERFECT
aging-PERFECT,a781d2546489e692d824d9b320280ae01571da1e18a2fcd6b85d70c19192b086,20260908,0.9.2,27,False,10.513524517932478,HYDRAULIC#8,HYDRAULIC,repair,20.219554270853223,0.0,20.219554270853223,PERFECT
aging-PERFECT,a781d2546489e692d824d9b320280ae01571da1e18a2fcd6b85d70c19192b086,20260908,0.9.2,27,False,33.359549293532616,AVIONICS#14,AVIONICS,failure,20.359549293532616,20.359549293532616,20.359549293532616,PERFECT
aging-PERFECT,a781d2546489e692d824d9b320280ae01571da1e18a2fcd6b85d70c19192b086,20260908,0.9.2,27,False,35.485597289907574,AVIONICS#14,AVIONICS,repair,20.359549293532616,0.0,20.359549293532616,PERFECT
aging-PERFECT,a781d2546489e692d824d9b320280ae01571da1e18a2fcd6b85d70c19192b086,20260908,0.9.2,28,False,35.03091545063976,POWERPLANT#13,POWERPLANT,failure,22.03091545063976,22.03091545063976,22.03091545063976,PERFECT
aging-PERFECT,a781d2546489e692d824d9b320280ae01571da1e18a2fcd6b85d70c19192b086,20260908,0.9.2,28,False,36.26680803037832,POWERPLANT#13,POWERPLANT,repair,22.03091545063976,0.0,22.03091545063976,PERFECT
aging-PERFECT,a781d2546489e692d824d9b320280ae01571da1e18a2fcd6b85d70c19192b086,20260908,0.9.2,28,False,59.14354441183086,POWERPLANT#21,POWERPLANT,failure,22.14354441183086,22.14354441183086,22.14354441183086,PERFECT
aging-PERFECT,a781d2546489e692d824d9b320280ae01571da1e18a2fcd6b85d70c19192b086,20260908,0.9.2,28,False,61.18233676961716,POWERPLANT#21,POWERPLANT,repair,22.14354441183086,0.0,22.14354441183086,PERFECT
aging-PERFECT,a781d2546489e692d824d9b320280ae01571da1e18a2fcd6b85d70c19192b086,20260908,0.9.2,29,False,11.915076350613186,ELECTRICAL#7,ELECTRICAL,failure,22.915076350613184,22.915076350613184,22.915076350613184,PERFECT
aging-PERFECT,a781d2546489e692d824d9b320280ae01571da1e18a2fcd6b85d70c19192b086,20260908,0.9.2,29,False,12.653775711529676,ELECTRICAL#7,ELECTRICAL,repair,22.915076350613184,0.0,22.915076350613184,PERFECT
aging-PERFECT,a781d2546489e692d824d9b320280ae01571da1e18a2fcd6b85d70c19192b086,20260908,0.9.2,29,False,34.19269755749308,ELECTRICAL#11,ELECTRICAL,failure,21.192697557493076,21.192697557493076,21.192697557493076,PERFECT
aging-PERFECT,a781d2546489e692d824d9b320280ae01571da1e18a2fcd6b85d70c19192b086,20260908,0.9.2,29,False,36.89399058964587,ELECTRICAL#11,ELECTRICAL,repair,21.192697557493076,0.0,21.192697557493076,PERFECT
aging-PERFECT,a781d2546489e692d824d9b320280ae01571da1e18a2fcd6b85d70c19192b086,20260908,0.9.2,29,False,57.60212569923394,HYDRAULIC#20,HYDRAULIC,failure,20.602125699233937,20.602125699233937,20.602125699233937,PERFECT
aging-PERFECT,a781d2546489e692d824d9b320280ae01571da1e18a2fcd6b85d70c19192b086,20260908,0.9.2,29,False,59.86923974658084,HYDRAULIC#20,HYDRAULIC,repair,20.602125699233937,0.0,20.602125699233937,PERFECT
aging-PERFECT,a781d2546489e692d824d9b320280ae01571da1e18a2fcd6b85d70c19192b086,20260908,0.9.2,30,False,34.76944306076233,AVIONICS#10,AVIONICS,failure,21.769443060762327,21.769443060762327,21.769443060762327,PERFECT
aging-PERFECT,a781d2546489e692d824d9b320280ae01571da1e18a2fcd6b85d70c19192b086,20260908,0.9.2,30,False,40.00600852092064,AVIONICS#10,AVIONICS,repair,21.769443060762327,0.0,21.769443060762327,PERFECT
aging-PERFECT,a781d2546489e692d824d9b320280ae01571da1e18a2fcd6b85d70c19192b086,20260908,0.9.2,31,False,11.147140266854073,AVIONICS#2,AVIONICS,failure,22.147140266854073,22.147140266854073,22.147140266854073,PERFECT
aging-PERFECT,a781d2546489e692d824d9b320280ae01571da1e18a2fcd6b85d70c19192b086,20260908,0.9.2,31,False,14.607294805913211,AVIONICS#2,AVIONICS,repair,22.147140266854073,0.0,22.147140266854073,PERFECT
aging-PERFECT,a781d2546489e692d824d9b320280ae01571da1e18a2fcd6b85d70c19192b086,20260908,0.9.2,31,False,33.96579601906371,ELECTRICAL#15,ELECTRICAL,failure,20.96579601906371,20.96579601906371,20.96579601906371,PERFECT
aging-PERFECT,a781d2546489e692d824d9b320280ae01571da1e18a2fcd6b85d70c19192b086,20260908,0.9.2,31,False,36.2214511379022,ELECTRICAL#15,ELECTRICAL,repair,20.96579601906371,0.0,20.96579601906371,PERFECT
aging-PERFECT,a781d2546489e692d824d9b320280ae01571da1e18a2fcd6b85d70c19192b086,20260908,0.9.2,31,False,57.74839515439938,HYDRAULIC#20,HYDRAULIC,failure,20.748395154399383,20.748395154399383,20.748395154399383,PERFECT
aging-PERFECT,a781d2546489e692d824d9b320280ae01571da1e18a2fcd6b85d70c19192b086,20260908,0.9.2,31,False,59.651899052694894,HYDRAULIC#20,HYDRAULIC,repair,20.748395154399383,0.0,20.748395154399383,PERFECT
aging-PERFECT,a781d2546489e692d824d9b320280ae01571da1e18a2fcd6b85d70c19192b086,20260908,0.9.2,32,False,11.157036973887543,POWERPLANT#5,POWERPLANT,failure,22.157036973887543,22.157036973887543,22.157036973887543,PERFECT
aging-PERFECT,a781d2546489e692d824d9b320280ae01571da1e18a2fcd6b85d70c19192b086,20260908,0.9.2,32,False,12.433065302911364,POWERPLANT#5,POWERPLANT,repair,22.157036973887543,0.0,22.157036973887543,PERFECT
aging-PERFECT,a781d2546489e692d824d9b320280ae01571da1e18a2fcd6b85d70c19192b086,20260908,0.9.2,33,False,57.30329386766411,HYDRAULIC#24,HYDRAULIC,failure,20.30329386766411,20.30329386766411,20.30329386766411,PERFECT
aging-PERFECT,a781d2546489e692d824d9b320280ae01571da1e18a2fcd6b85d70c19192b086,20260908,0.9.2,33,False,59.40512223520805,HYDRAULIC#24,HYDRAULIC,repair,20.30329386766411,0.0,20.30329386766411,PERFECT
aging-PERFECT,a781d2546489e692d824d9b320280ae01571da1e18a2fcd6b85d70c19192b086,20260908,0.9.2,34,False,57.77916679997881,AVIONICS#22,AVIONICS,failure,20.77916679997881,20.77916679997881,20.77916679997881,PERFECT
aging-PERFECT,a781d2546489e692d824d9b320280ae01571da1e18a2fcd6b85d70c19192b086,20260908,0.9.2,34,False,61.14459378734057,AVIONICS#22,AVIONICS,repair,20.77916679997881,0.0,20.77916679997881,PERFECT
aging-PERFECT,a781d2546489e692d824d9b320280ae01571da1e18a2fcd6b85d70c19192b086,20260908,0.9.2,35,False,33.686993686892386,HYDRAULIC#12,HYDRAULIC,failure,20.686993686892386,20.686993686892386,20.686993686892386,PERFECT
aging-PERFECT,a781d2546489e692d824d9b320280ae01571da1e18a2fcd6b85d70c19192b086,20260908,0.9.2,35,False,34.481782571318725,HYDRAULIC#12,HYDRAULIC,repair,20.686993686892386,0.0,20.686993686892386,PERFECT
aging-PERFECT,a781d2546489e692d824d9b320280ae01571da1e18a2fcd6b85d70c19192b086,20260908,0.9.2,35,False,59.35189910673167,AVIONICS#22,AVIONICS,failure,22.351899106731672,22.351899106731672,22.351899106731672,PERFECT
aging-PERFECT,a781d2546489e692d824d9b320280ae01571da1e18a2fcd6b85d70c19192b086,20260908,0.9.2,35,False,61.61146082717187,AVIONICS#22,AVIONICS,repair,22.351899106731672,0.0,22.351899106731672,PERFECT
aging-PERFECT,a781d2546489e692d824d9b320280ae01571da1e18a2fcd6b85d70c19192b086,20260908,0.9.2,36,False,9.549666786908494,ELECTRICAL#3,ELECTRICAL,failure,20.549666786908496,20.549666786908496,20.549666786908496,PERFECT
aging-PERFECT,a781d2546489e692d824d9b320280ae01571da1e18a2fcd6b85d70c19192b086,20260908,0.9.2,36,False,16.4092904136026,ELECTRICAL#3,ELECTRICAL,repair,20.549666786908496,0.0,20.549666786908496,PERFECT
aging-PERFECT,a781d2546489e692d824d9b320280ae01571da1e18a2fcd6b85d70c19192b086,20260908,0.9.2,36,False,33.7038443521861,ELECTRICAL#15,ELECTRICAL,failure,20.703844352186103,20.703844352186103,20.703844352186103,PERFECT
aging-PERFECT,a781d2546489e692d824d9b320280ae01571da1e18a2fcd6b85d70c19192b086,20260908,0.9.2,36,False,33.95157385908312,ELECTRICAL#11,ELECTRICAL,failure,20.95157385908312,20.95157385908312,20.95157385908312,PERFECT
aging-PERFECT,a781d2546489e692d824d9b320280ae01571da1e18a2fcd6b85d70c19192b086,20260908,0.9.2,36,False,34.363616881611605,ELECTRICAL#15,ELECTRICAL,repair,20.703844352186103,0.0,20.703844352186103,PERFECT
aging-PERFECT,a781d2546489e692d824d9b320280ae01571da1e18a2fcd6b85d70c19192b086,20260908,0.9.2,36,False,34.570392919163375,ELECTRICAL#11,ELECTRICAL,repair,20.95157385908312,0.0,20.95157385908312,PERFECT
aging-PERFECT,a781d2546489e692d824d9b320280ae01571da1e18a2fcd6b85d70c19192b086,20260908,0.9.2,37,False,33.21054636766342,POWERPLANT#13,POWERPLANT,failure,20.21054636766342,20.21054636766342,20.21054636766342,PERFECT
aging-PERFECT,a781d2546489e692d824d9b320280ae01571da1e18a2fcd6b85d70c19192b086,20260908,0.9.2,37,False,33.34655487296671,POWERPLANT#9,POWERPLANT,failure,20.346554872966713,20.346554872966713,20.346554872966713,PERFECT
aging-PERFECT,a781d2546489e692d824d9b320280ae01571da1e18a2fcd6b85d70c19192b086,20260908,0.9.2,37,False,34.64163716658605,POWERPLANT#9,POWERPLANT,repair,20.346554872966713,0.0,20.346554872966713,PERFECT
aging-PERFECT,a781d2546489e692d824d9b320280ae01571da1e18a2fcd6b85d70c19192b086,20260908,0.9.2,37,False,35.24936951139324,POWERPLANT#13,POWERPLANT,repair,20.21054636766342,0.0,20.21054636766342,PERFECT
aging-PERFECT,a781d2546489e692d824d9b320280ae01571da1e18a2fcd6b85d70c19192b086,20260908,0.9.2,37,False,57.417734926595074,AVIONICS#18,AVIONICS,failure,20.417734926595074,20.417734926595074,20.417734926595074,PERFECT
aging-PERFECT,a781d2546489e692d824d9b320280ae01571da1e18a2fcd6b85d70c19192b086,20260908,0.9.2,37,False,60.46919357828864,AVIONICS#18,AVIONICS,repair,20.417734926595074,0.0,20.417734926595074,PERFECT
aging-PERFECT,a781d2546489e692d824d9b320280ae01571da1e18a2fcd6b85d70c19192b086,20260908,0.9.2,38,False,33.851142980797185,ELECTRICAL#15,ELECTRICAL,failure,20.851142980797185,20.851142980797185,20.851142980797185,PERFECT
aging-PERFECT,a781d2546489e692d824d9b320280ae01571da1e18a2fcd6b85d70c19192b086,20260908,0.9.2,38,False,35.56746491045992,ELECTRICAL#15,ELECTRICAL,repair,20.851142980797185,0.0,20.851142980797185,PERFECT
aging-PERFECT,a781d2546489e692d824d9b320280ae01571da1e18a2fcd6b85d70c19192b086,20260908,0.9.2,38,False,58.91194071589642,ELECTRICAL#19,ELECTRICAL,failure,21.91194071589642,21.91194071589642,21.91194071589642,PERFECT
aging-PERFECT,a781d2546489e692d824d9b320280ae01571da1e18a2fcd6b85d70c19192b086,20260908,0.9.2,38,False,63.05819925506798,ELECTRICAL#19,ELECTRICAL,repair,21.91194071589642,0.0,21.91194071589642,PERFECT
aging-PERFECT,a781d2546489e692d824d9b320280ae01571da1e18a2fcd6b85d70c19192b086,20260908,0.9.2,39,False,34.30922527927456,HYDRAULIC#12,HYDRAULIC,failure,21.309225279274557,21.309225279274557,21.309225279274557,PERFECT
aging-PERFECT,a781d2546489e692d824d9b320280ae01571da1e18a2fcd6b85d70c19192b086,20260908,0.9.2,39,False,36.8694495545382,HYDRAULIC#12,HYDRAULIC,repair,21.309225279274557,0.0,21.309225279274557,PERFECT
aging-PERFECT,a781d2546489e692d824d9b320280ae01571da1e18a2fcd6b85d70c19192b086,20260908,0.9.2,39,False,59.30616699791984,AVIONICS#22,AVIONICS,failure,22.30616699791984,22.30616699791984,22.30616699791984,PERFECT
aging-PERFECT,a781d2546489e692d824d9b320280ae01571da1e18a2fcd6b85d70c19192b086,20260908,0.9.2,39,False,61.24589103812857,AVIONICS#22,AVIONICS,repair,22.30616699791984,0.0,22.30616699791984,PERFECT
aging-PERFECT,a781d2546489e692d824d9b320280ae01571da1e18a2fcd6b85d70c19192b086,20260908,0.9.2,40,False,34.7698974790898,AVIONICS#10,AVIONICS,failure,21.7698974790898,21.7698974790898,21.7698974790898,PERFECT
aging-PERFECT,a781d2546489e692d824d9b320280ae01571da1e18a2fcd6b85d70c19192b086,20260908,0.9.2,40,False,36.04591925713181,AVIONICS#10,AVIONICS,repair,21.7698974790898,0.0,21.7698974790898,PERFECT
aging-PERFECT,a781d2546489e692d824d9b320280ae01571da1e18a2fcd6b85d70c19192b086,20260908,0.9.2,40,False,58.640049898585225,ELECTRICAL#19,ELECTRICAL,failure,21.640049898585225,21.640049898585225,21.640049898585225,PERFECT
aging-PERFECT,a781d2546489e692d824d9b320280ae01571da1e18a2fcd6b85d70c19192b086,20260908,0.9.2,40,False,61.32144201282232,ELECTRICAL#19,ELECTRICAL,repair,21.640049898585225,0.0,21.640049898585225,PERFECT
aging-PERFECT,a781d2546489e692d824d9b320280ae01571da1e18a2fcd6b85d70c19192b086,20260908,0.9.2,41,False,10.405324768703348,POWERPLANT#5,POWERPLANT,failure,21.40532476870335,21.40532476870335,21.40532476870335,PERFECT
aging-PERFECT,a781d2546489e692d824d9b320280ae01571da1e18a2fcd6b85d70c19192b086,20260908,0.9.2,41,False,12.957910260264828,POWERPLANT#5,POWERPLANT,repair,21.40532476870335,0.0,21.40532476870335,PERFECT
aging-PERFECT,a781d2546489e692d824d9b320280ae01571da1e18a2fcd6b85d70c19192b086,20260908,0.9.2,41,False,59.39282930319037,AVIONICS#22,AVIONICS,failure,22.392829303190368,22.392829303190368,22.392829303190368,PERFECT
aging-PERFECT,a781d2546489e692d824d9b320280ae01571da1e18a2fcd6b85d70c19192b086,20260908,0.9.2,41,False,62.57761930231469,AVIONICS#22,AVIONICS,repair,22.392829303190368,0.0,22.392829303190368,PERFECT
aging-PERFECT,a781d2546489e692d824d9b320280ae01571da1e18a2fcd6b85d70c19192b086,20260908,0.9.2,42,False,59.46401646328893,POWERPLANT#21,POWERPLANT,failure,22.464016463288928,22.464016463288928,22.464016463288928,PERFECT
aging-PERFECT,a781d2546489e692d824d9b320280ae01571da1e18a2fcd6b85d70c19192b086,20260908,0.9.2,42,False,59.56853812508058,POWERPLANT#17,POWERPLANT,failure,22.56853812508058,22.56853812508058,22.56853812508058,PERFECT
aging-PERFECT,a781d2546489e692d824d9b320280ae01571da1e18a2fcd6b85d70c19192b086,20260908,0.9.2,42,False,59.97754794996852,POWERPLANT#17,POWERPLANT,repair,22.56853812508058,0.0,22.56853812508058,PERFECT
aging-PERFECT,a781d2546489e692d824d9b320280ae01571da1e18a2fcd6b85d70c19192b086,20260908,0.9.2,42,False,60.18599929265555,POWERPLANT#21,POWERPLANT,repair,22.464016463288928,0.0,22.464016463288928,PERFECT
aging-PERFECT,a781d2546489e692d824d9b320280ae01571da1e18a2fcd6b85d70c19192b086,20260908,0.9.2,43,False,11.800643958714552,AVIONICS#2,AVIONICS,failure,22.800643958714552,22.800643958714552,22.800643958714552,PERFECT
aging-PERFECT,a781d2546489e692d824d9b320280ae01571da1e18a2fcd6b85d70c19192b086,20260908,0.9.2,43,False,12.353884493135599,AVIONICS#2,AVIONICS,repair,22.800643958714552,0.0,22.800643958714552,PERFECT
aging-PERFECT,a781d2546489e692d824d9b320280ae01571da1e18a2fcd6b85d70c19192b086,20260908,0.9.2,44,False,34.932015659789954,POWERPLANT#9,POWERPLANT,failure,21.932015659789954,21.932015659789954,21.932015659789954,PERFECT
aging-PERFECT,a781d2546489e692d824d9b320280ae01571da1e18a2fcd6b85d70c19192b086,20260908,0.9.2,44,False,37.31651633839529,POWERPLANT#9,POWERPLANT,repair,21.932015659789954,0.0,21.932015659789954,PERFECT
aging-PERFECT,a781d2546489e692d824d9b320280ae01571da1e18a2fcd6b85d70c19192b086,20260908,0.9.2,45,False,9.01729270960905,HYDRAULIC#8,HYDRAULIC,failure,20.017292709609052,20.017292709609052,20.017292709609052,PERFECT
aging-PERFECT,a781d2546489e692d824d9b320280ae01571da1e18a2fcd6b85d70c19192b086,20260908,0.9.2,45,False,11.882715411274841,HYDRAULIC#8,HYDRAULIC,repair,20.017292709609052,0.0,20.017292709609052,PERFECT
aging-PERFECT,a781d2546489e692d824d9b320280ae01571da1e18a2fcd6b85d70c19192b086,20260908,0.9.2,45,False,34.614278590695946,AVIONICS#10,AVIONICS,failure,21.614278590695946,21.614278590695946,21.614278590695946,PERFECT
aging-PERFECT,a781d2546489e692d824d9b320280ae01571da1e18a2fcd6b85d70c19192b086,20260908,0.9.2,45,False,36.34687988714819,AVIONICS#10,AVIONICS,repair,21.614278590695946,0.0,21.614278590695946,PERFECT
aging-PERFECT,a781d2546489e692d824d9b320280ae01571da1e18a2fcd6b85d70c19192b086,20260908,0.9.2,45,False,57.6707593091123,POWERPLANT#21,POWERPLANT,failure,20.6707593091123,20.6707593091123,20.6707593091123,PERFECT
aging-PERFECT,a781d2546489e692d824d9b320280ae01571da1e18a2fcd6b85d70c19192b086,20260908,0.9.2,45,False,59.02794977401185,POWERPLANT#21,POWERPLANT,repair,20.6707593091123,0.0,20.6707593091123,PERFECT
aging-PERFECT,a781d2546489e692d824d9b320280ae01571da1e18a2fcd6b85d70c19192b086,20260908,0.9.2,46,False,11.024068119839619,ELECTRICAL#3,ELECTRICAL,failure,22.02406811983962,22.02406811983962,22.02406811983962,PERFECT
aging-PERFECT,a781d2546489e692d824d9b320280ae01571da1e18a2fcd6b85d70c19192b086,20260908,0.9.2,46,False,12.00024822849139,ELECTRICAL#3,ELECTRICAL,repair,22.02406811983962,0.0,22.02406811983962,PERFECT
aging-PERFECT,a781d2546489e692d824d9b320280ae01571da1e18a2fcd6b85d70c19192b086,20260908,0.9.2,46,False,33.05791274271075,AVIONICS#10,AVIONICS,failure,20.057912742710748,20.057912742710748,20.057912742710748,PERFECT
aging-PERFECT,a781d2546489e692d824d9b320280ae01571da1e18a2fcd6b85d70c19192b086,20260908,0.9.2,46,False,35.41080461614676,AVIONICS#10,AVIONICS,repair,20.057912742710748,0.0,20.057912742710748,PERFECT
aging-PERFECT,a781d2546489e692d824d9b320280ae01571da1e18a2fcd6b85d70c19192b086,20260908,0.9.2,47,False,34.47557716725768,ELECTRICAL#11,ELECTRICAL,failure,21.475577167257683,21.475577167257683,21.475577167257683,PERFECT
aging-PERFECT,a781d2546489e692d824d9b320280ae01571da1e18a2fcd6b85d70c19192b086,20260908,0.9.2,47,False,36.606250448463676,ELECTRICAL#11,ELECTRICAL,repair,21.475577167257683,0.0,21.475577167257683,PERFECT
aging-PERFECT,a781d2546489e692d824d9b320280ae01571da1e18a2fcd6b85d70c19192b086,20260908,0.9.2,47,False,58.8689214638698,HYDRAULIC#20,HYDRAULIC,failure,21.868921463869803,21.868921463869803,21.868921463869803,PERFECT
aging-PERFECT,a781d2546489e692d824d9b320280ae01571da1e18a2fcd6b85d70c19192b086,20260908,0.9.2,47,False,60.037311292993735,HYDRAULIC#20,HYDRAULIC,repair,21.868921463869803,0.0,21.868921463869803,PERFECT
aging-PERFECT,a781d2546489e692d824d9b320280ae01571da1e18a2fcd6b85d70c19192b086,20260908,0.9.2,50,False,35.27350013230955,POWERPLANT#13,POWERPLANT,failure,22.27350013230955,22.27350013230955,22.27350013230955,PERFECT
aging-PERFECT,a781d2546489e692d824d9b320280ae01571da1e18a2fcd6b85d70c19192b086,20260908,0.9.2,50,False,36.41694681827829,POWERPLANT#13,POWERPLANT,repair,22.27350013230955,0.0,22.27350013230955,PERFECT
aging-PERFECT,a781d2546489e692d824d9b320280ae01571da1e18a2fcd6b85d70c19192b086,20260908,0.9.2,50,False,59.85449190339567,ELECTRICAL#19,ELECTRICAL,failure,22.85449190339567,22.85449190339567,22.85449190339567,PERFECT
aging-PERFECT,a781d2546489e692d824d9b320280ae01571da1e18a2fcd6b85d70c19192b086,20260908,0.9.2,50,False,60.55266244601201,ELECTRICAL#19,ELECTRICAL,repair,22.85449190339567,0.0,22.85449190339567,PERFECT
aging-PERFECT,a781d2546489e692d824d9b320280ae01571da1e18a2fcd6b85d70c19192b086,20260908,0.9.2,51,False,33.188383300507674,HYDRAULIC#12,HYDRAULIC,failure,20.188383300507674,20.188383300507674,20.188383300507674,PERFECT
aging-PERFECT,a781d2546489e692d824d9b320280ae01571da1e18a2fcd6b85d70c19192b086,20260908,0.9.2,51,False,35.26693345503775,HYDRAULIC#12,HYDRAULIC,repair,20.188383300507674,0.0,20.188383300507674,PERFECT
aging-PERFECT,a781d2546489e692d824d9b320280ae01571da1e18a2fcd6b85d70c19192b086,20260908,0.9.2,52,False,10.298733077483632,ELECTRICAL#7,ELECTRICAL,failure,21.298733077483632,21.298733077483632,21.298733077483632,PERFECT
aging-PERFECT,a781d2546489e692d824d9b320280ae01571da1e18a2fcd6b85d70c19192b086,20260908,0.9.2,52,False,10.838572578217429,ELECTRICAL#7,ELECTRICAL,repair,21.298733077483632,0.0,21.298733077483632,PERFECT
aging-PERFECT,a781d2546489e692d824d9b320280ae01571da1e18a2fcd6b85d70c19192b086,20260908,0.9.2,53,False,9.529225069358468,POWERPLANT#5,POWERPLANT,failure,20.529225069358468,20.529225069358468,20.529225069358468,PERFECT
aging-PERFECT,a781d2546489e692d824d9b320280ae01571da1e18a2fcd6b85d70c19192b086,20260908,0.9.2,53,False,11.927709072542598,POWERPLANT#5,POWERPLANT,repair,20.529225069358468,0.0,20.529225069358468,PERFECT
aging-PERFECT,a781d2546489e692d824d9b320280ae01571da1e18a2fcd6b85d70c19192b086,20260908,0.9.2,53,False,34.66555295257448,AVIONICS#10,AVIONICS,failure,21.66555295257448,21.66555295257448,21.66555295257448,PERFECT
aging-PERFECT,a781d2546489e692d824d9b320280ae01571da1e18a2fcd6b85d70c19192b086,20260908,0.9.2,53,False,37.50042393398828,AVIONICS#10,AVIONICS,repair,21.66555295257448,0.0,21.66555295257448,PERFECT
aging-PERFECT,a781d2546489e692d824d9b320280ae01571da1e18a2fcd6b85d70c19192b086,20260908,0.9.2,53,False,59.147703652300116,HYDRAULIC#24,HYDRAULIC,failure,22.147703652300116,22.147703652300116,22.147703652300116,PERFECT
aging-PERFECT,a781d2546489e692d824d9b320280ae01571da1e18a2fcd6b85d70c19192b086,20260908,0.9.2,53,False,64.06059507876596,HYDRAULIC#24,HYDRAULIC,repair,22.147703652300116,0.0,22.147703652300116,PERFECT
aging-PERFECT,a781d2546489e692d824d9b320280ae01571da1e18a2fcd6b85d70c19192b086,20260908,0.9.2,54,False,9.961783952633201,ELECTRICAL#7,ELECTRICAL,failure,20.9617839526332,20.9617839526332,20.9617839526332,PERFECT
aging-PERFECT,a781d2546489e692d824d9b320280ae01571da1e18a2fcd6b85d70c19192b086,20260908,0.9.2,54,False,11.761067654028766,ELECTRICAL#7,ELECTRICAL,repair,20.9617839526332,0.0,20.9617839526332,PERFECT
aging-PERFECT,a781d2546489e692d824d9b320280ae01571da1e18a2fcd6b85d70c19192b086,20260908,0.9.2,54,False,34.41804122561042,AVIONICS#10,AVIONICS,failure,21.418041225610423,21.418041225610423,21.418041225610423,PERFECT
aging-PERFECT,a781d2546489e692d824d9b320280ae01571da1e18a2fcd6b85d70c19192b086,20260908,0.9.2,54,False,40.227406211801856,AVIONICS#10,AVIONICS,repair,21.418041225610423,0.0,21.418041225610423,PERFECT
aging-PERFECT,a781d2546489e692d824d9b320280ae01571da1e18a2fcd6b85d70c19192b086,20260908,0.9.2,54,False,59.47845608697507,POWERPLANT#17,POWERPLANT,failure,22.478456086975072,22.478456086975072,22.478456086975072,PERFECT
aging-PERFECT,a781d2546489e692d824d9b320280ae01571da1e18a2fcd6b85d70c19192b086,20260908,0.9.2,54,False,61.41442514183524,POWERPLANT#17,POWERPLANT,repair,22.478456086975072,0.0,22.478456086975072,PERFECT
aging-PERFECT,a781d2546489e692d824d9b320280ae01571da1e18a2fcd6b85d70c19192b086,20260908,0.9.2,55,False,10.087992919807105,AVIONICS#2,AVIONICS,failure,21.087992919807107,21.087992919807107,21.087992919807107,PERFECT
aging-PERFECT,a781d2546489e692d824d9b320280ae01571da1e18a2fcd6b85d70c19192b086,20260908,0.9.2,55,False,10.754623980048223,AVIONICS#2,AVIONICS,repair,21.087992919807107,0.0,21.087992919807107,PERFECT
aging-PERFECT,a781d2546489e692d824d9b320280ae01571da1e18a2fcd6b85d70c19192b086,20260908,0.9.2,55,False,33.030585799736144,POWERPLANT#13,POWERPLANT,failure,20.030585799736144,20.030585799736144,20.030585799736144,PERFECT
aging-PERFECT,a781d2546489e692d824d9b320280ae01571da1e18a2fcd6b85d70c19192b086,20260908,0.9.2,55,False,34.34524907067887,POWERPLANT#13,POWERPLANT,repair,20.030585799736144,0.0,20.030585799736144,PERFECT
aging-PERFECT,a781d2546489e692d824d9b320280ae01571da1e18a2fcd6b85d70c19192b086,20260908,0.9.2,56,False,10.528697959192941,AVIONICS#2,AVIONICS,failure,21.52869795919294,21.52869795919294,21.52869795919294,PERFECT
aging-PERFECT,a781d2546489e692d824d9b320280ae01571da1e18a2fcd6b85d70c19192b086,20260908,0.9.2,56,False,10.74546672289447,HYDRAULIC#8,HYDRAULIC,failure,21.74546672289447,21.74546672289447,21.74546672289447,PERFECT
aging-PERFECT,a781d2546489e692d824d9b320280ae01571da1e18a2fcd6b85d70c19192b086,20260908,0.9.2,56,False,11.36721120374101,AVIONICS#2,AVIONICS,repair,21.52869795919294,0.0,21.52869795919294,PERFECT
aging-PERFECT,a781d2546489e692d824d9b320280ae01571da1e18a2fcd6b85d70c19192b086,20260908,0.9.2,56,False,11.995663300263121,HYDRAULIC#8,HYDRAULIC,repair,21.74546672289447,0.0,21.74546672289447,PERFECT
aging-PERFECT,a781d2546489e692d824d9b320280ae01571da1e18a2fcd6b85d70c19192b086,20260908,0.9.2,56,False,34.15227747892999,ELECTRICAL#11,ELECTRICAL,failure,21.15227747892999,21.15227747892999,21.15227747892999,PERFECT
aging-PERFECT,a781d2546489e692d824d9b320280ae01571da1e18a2fcd6b85d70c19192b086,20260908,0.9.2,56,False,37.59213073553306,ELECTRICAL#11,ELECTRICAL,repair,21.15227747892999,0.0,21.15227747892999,PERFECT
aging-PERFECT,a781d2546489e692d824d9b320280ae01571da1e18a2fcd6b85d70c19192b086,20260908,0.9.2,57,False,11.554942604510435,ELECTRICAL#3,ELECTRICAL,failure,22.554942604510437,22.554942604510437,22.554942604510437,PERFECT
aging-PERFECT,a781d2546489e692d824d9b320280ae01571da1e18a2fcd6b85d70c19192b086,20260908,0.9.2,57,False,13.255966858470341,ELECTRICAL#3,ELECTRICAL,repair,22.554942604510437,0.0,22.554942604510437,PERFECT
aging-PERFECT,a781d2546489e692d824d9b320280ae01571da1e18a2fcd6b85d70c19192b086,20260908,0.9.2,58,False,33.04679417741619,ELECTRICAL#11,ELECTRICAL,failure,20.04679417741619,20.04679417741619,20.04679417741619,PERFECT
aging-PERFECT,a781d2546489e692d824d9b320280ae01571da1e18a2fcd6b85d70c19192b086,20260908,0.9.2,58,False,33.675572151340795,ELECTRICAL#11,ELECTRICAL,repair,20.04679417741619,0.0,20.04679417741619,PERFECT
aging-PERFECT,a781d2546489e692d824d9b320280ae01571da1e18a2fcd6b85d70c19192b086,20260908,0.9.2,59,False,9.256537186735835,HYDRAULIC#4,HYDRAULIC,failure,20.256537186735834,20.256537186735834,20.256537186735834,PERFECT
aging-PERFECT,a781d2546489e692d824d9b320280ae01571da1e18a2fcd6b85d70c19192b086,20260908,0.9.2,59,False,10.021544314594516,HYDRAULIC#4,HYDRAULIC,repair,20.256537186735834,0.0,20.256537186735834,PERFECT
aging-PERFECT,a781d2546489e692d824d9b320280ae01571da1e18a2fcd6b85d70c19192b086,20260908,0.9.2,59,False,34.527620660019544,HYDRAULIC#12,HYDRAULIC,failure,21.527620660019544,21.527620660019544,21.527620660019544,PERFECT
aging-PERFECT,a781d2546489e692d824d9b320280ae01571da1e18a2fcd6b85d70c19192b086,20260908,0.9.2,59,False,39.3302626968628,HYDRAULIC#12,HYDRAULIC,repair,21.527620660019544,0.0,21.527620660019544,PERFECT
aging-PERFECT,a781d2546489e692d824d9b320280ae01571da1e18a2fcd6b85d70c19192b086,20260908,0.9.2,60,False,57.64207967122617,ELECTRICAL#19,ELECTRICAL,failure,20.64207967122617,20.64207967122617,20.64207967122617,PERFECT
aging-PERFECT,a781d2546489e692d824d9b320280ae01571da1e18a2fcd6b85d70c19192b086,20260908,0.9.2,60,False,59.63451276228012,ELECTRICAL#19,ELECTRICAL,repair,20.64207967122617,0.0,20.64207967122617,PERFECT
aging-PERFECT,a781d2546489e692d824d9b320280ae01571da1e18a2fcd6b85d70c19192b086,20260908,0.9.2,61,False,11.345020416061367,POWERPLANT#5,POWERPLANT,failure,22.345020416061367,22.345020416061367,22.345020416061367,PERFECT
aging-PERFECT,a781d2546489e692d824d9b320280ae01571da1e18a2fcd6b85d70c19192b086,20260908,0.9.2,61,False,12.093045020671726,POWERPLANT#5,POWERPLANT,repair,22.345020416061367,0.0,22.345020416061367,PERFECT
aging-PERFECT,a781d2546489e692d824d9b320280ae01571da1e18a2fcd6b85d70c19192b086,20260908,0.9.2,61,False,33.66994775182529,HYDRAULIC#16,HYDRAULIC,failure,20.66994775182529,20.66994775182529,20.66994775182529,PERFECT
aging-PERFECT,a781d2546489e692d824d9b320280ae01571da1e18a2fcd6b85d70c19192b086,20260908,0.9.2,61,False,35.66940257057828,HYDRAULIC#16,HYDRAULIC,repair,20.66994775182529,0.0,20.66994775182529,PERFECT
aging-PERFECT,a781d2546489e692d824d9b320280ae01571da1e18a2fcd6b85d70c19192b086,20260908,0.9.2,62,False,34.302908132045076,ELECTRICAL#11,ELECTRICAL,failure,21.302908132045076,21.302908132045076,21.302908132045076,PERFECT
aging-PERFECT,a781d2546489e692d824d9b320280ae01571da1e18a2fcd6b85d70c19192b086,20260908,0.9.2,62,False,35.54385867232975,ELECTRICAL#11,ELECTRICAL,repair,21.302908132045076,0.0,21.302908132045076,PERFECT
aging-PERFECT,a781d2546489e692d824d9b320280ae01571da1e18a2fcd6b85d70c19192b086,20260908,0.9.2,63,False,35.58140227799879,HYDRAULIC#16,HYDRAULIC,failure,22.58140227799879,22.58140227799879,22.58140227799879,PERFECT
aging-PERFECT,a781d2546489e692d824d9b320280ae01571da1e18a2fcd6b85d70c19192b086,20260908,0.9.2,63,False,37.18234276970773,HYDRAULIC#16,HYDRAULIC,repair,22.58140227799879,0.0,22.58140227799879,PERFECT
aging-PERFECT,a781d2546489e692d824d9b320280ae01571da1e18a2fcd6b85d70c19192b086,20260908,0.9.2,65,False,59.84599268261056,ELECTRICAL#23,ELECTRICAL,failure,22.845992682610557,22.845992682610557,22.845992682610557,PERFECT
aging-PERFECT,a781d2546489e692d824d9b320280ae01571da1e18a2fcd6b85d70c19192b086,20260908,0.9.2,65,False,59.89502917205963,HYDRAULIC#24,HYDRAULIC,failure,22.89502917205963,22.89502917205963,22.89502917205963,PERFECT
aging-PERFECT,a781d2546489e692d824d9b320280ae01571da1e18a2fcd6b85d70c19192b086,20260908,0.9.2,65,False,60.59208587840126,ELECTRICAL#23,ELECTRICAL,repair,22.845992682610557,0.0,22.845992682610557,PERFECT
aging-PERFECT,a781d2546489e692d824d9b320280ae01571da1e18a2fcd6b85d70c19192b086,20260908,0.9.2,65,False,60.98341190889395,HYDRAULIC#24,HYDRAULIC,repair,22.89502917205963,0.0,22.89502917205963,PERFECT
aging-PERFECT,a781d2546489e692d824d9b320280ae01571da1e18a2fcd6b85d70c19192b086,20260908,0.9.2,66,False,11.46130315755143,AVIONICS#6,AVIONICS,failure,22.46130315755143,22.46130315755143,22.46130315755143,PERFECT
aging-PERFECT,a781d2546489e692d824d9b320280ae01571da1e18a2fcd6b85d70c19192b086,20260908,0.9.2,66,False,20.888071096869133,AVIONICS#6,AVIONICS,repair,22.46130315755143,0.0,22.46130315755143,PERFECT
aging-PERFECT,a781d2546489e692d824d9b320280ae01571da1e18a2fcd6b85d70c19192b086,20260908,0.9.2,66,False,35.555845180321384,ELECTRICAL#15,ELECTRICAL,failure,22.555845180321384,22.555845180321384,22.555845180321384,PERFECT
aging-PERFECT,a781d2546489e692d824d9b320280ae01571da1e18a2fcd6b85d70c19192b086,20260908,0.9.2,66,False,36.082675025899746,ELECTRICAL#15,ELECTRICAL,repair,22.555845180321384,0.0,22.555845180321384,PERFECT
aging-PERFECT,a781d2546489e692d824d9b320280ae01571da1e18a2fcd6b85d70c19192b086,20260908,0.9.2,67,False,9.421137318066059,AVIONICS#6,AVIONICS,failure,20.42113731806606,20.42113731806606,20.42113731806606,PERFECT
aging-PERFECT,a781d2546489e692d824d9b320280ae01571da1e18a2fcd6b85d70c19192b086,20260908,0.9.2,67,False,10.513521814126268,AVIONICS#6,AVIONICS,repair,20.42113731806606,0.0,20.42113731806606,PERFECT
aging-PERFECT,a781d2546489e692d824d9b320280ae01571da1e18a2fcd6b85d70c19192b086,20260908,0.9.2,67,False,35.47696133822782,ELECTRICAL#11,ELECTRICAL,failure,22.476961338227817,22.476961338227817,22.476961338227817,PERFECT
aging-PERFECT,a781d2546489e692d824d9b320280ae01571da1e18a2fcd6b85d70c19192b086,20260908,0.9.2,67,False,36.77632621530134,ELECTRICAL#11,ELECTRICAL,repair,22.476961338227817,0.0,22.476961338227817,PERFECT
aging-PERFECT,a781d2546489e692d824d9b320280ae01571da1e18a2fcd6b85d70c19192b086,20260908,0.9.2,67,False,59.4624654619748,POWERPLANT#21,POWERPLANT,failure,22.4624654619748,22.4624654619748,22.4624654619748,PERFECT
aging-PERFECT,a781d2546489e692d824d9b320280ae01571da1e18a2fcd6b85d70c19192b086,20260908,0.9.2,67,False,63.08530269366813,POWERPLANT#21,POWERPLANT,repair,22.4624654619748,0.0,22.4624654619748,PERFECT
aging-PERFECT,a781d2546489e692d824d9b320280ae01571da1e18a2fcd6b85d70c19192b086,20260908,0.9.2,68,False,58.98438406201574,ELECTRICAL#23,ELECTRICAL,failure,21.984384062015742,21.984384062015742,21.984384062015742,PERFECT
aging-PERFECT,a781d2546489e692d824d9b320280ae01571da1e18a2fcd6b85d70c19192b086,20260908,0.9.2,68,False,60.3625505453454,ELECTRICAL#23,ELECTRICAL,repair,21.984384062015742,0.0,21.984384062015742,PERFECT
aging-PERFECT,a781d2546489e692d824d9b320280ae01571da1e18a2fcd6b85d70c19192b086,20260908,0.9.2,69,False,33.29724847342993,AVIONICS#10,AVIONICS,failure,20.29724847342993,20.29724847342993,20.29724847342993,PERFECT
aging-PERFECT,a781d2546489e692d824d9b320280ae01571da1e18a2fcd6b85d70c19192b086,20260908,0.9.2,69,False,34.49915816524645,AVIONICS#10,AVIONICS,repair,20.29724847342993,0.0,20.29724847342993,PERFECT
aging-PERFECT,a781d2546489e692d824d9b320280ae01571da1e18a2fcd6b85d70c19192b086,20260908,0.9.2,70,False,33.13449794813492,POWERPLANT#9,POWERPLANT,failure,20.13449794813492,20.13449794813492,20.13449794813492,PERFECT
aging-PERFECT,a781d2546489e692d824d9b320280ae01571da1e18a2fcd6b85d70c19192b086,20260908,0.9.2,70,False,34.310813211193924,POWERPLANT#9,POWERPLANT,repair,20.13449794813492,0.0,20.13449794813492,PERFECT
aging-PERFECT,a781d2546489e692d824d9b320280ae01571da1e18a2fcd6b85d70c19192b086,20260908,0.9.2,70,False,59.22160258354597,POWERPLANT#17,POWERPLANT,failure,22.221602583545973,22.221602583545973,22.221602583545973,PERFECT
aging-PERFECT,a781d2546489e692d824d9b320280ae01571da1e18a2fcd6b85d70c19192b086,20260908,0.9.2,70,False,59.81661147326438,POWERPLANT#17,POWERPLANT,repair,22.221602583545973,0.0,22.221602583545973,PERFECT
aging-PERFECT,a781d2546489e692d824d9b320280ae01571da1e18a2fcd6b85d70c19192b086,20260908,0.9.2,71,False,33.06998251586478,AVIONICS#10,AVIONICS,failure,20.06998251586478,20.06998251586478,20.06998251586478,PERFECT
aging-PERFECT,a781d2546489e692d824d9b320280ae01571da1e18a2fcd6b85d70c19192b086,20260908,0.9.2,71,False,38.75445919900329,AVIONICS#10,AVIONICS,repair,20.06998251586478,0.0,20.06998251586478,PERFECT
aging-PERFECT,a781d2546489e692d824d9b320280ae01571da1e18a2fcd6b85d70c19192b086,20260908,0.9.2,71,False,57.030702509140696,HYDRAULIC#20,HYDRAULIC,failure,20.030702509140696,20.030702509140696,20.030702509140696,PERFECT
aging-PERFECT,a781d2546489e692d824d9b320280ae01571da1e18a2fcd6b85d70c19192b086,20260908,0.9.2,71,False,57.709211904024656,HYDRAULIC#20,HYDRAULIC,repair,20.030702509140696,0.0,20.030702509140696,PERFECT
aging-PERFECT,a781d2546489e692d824d9b320280ae01571da1e18a2fcd6b85d70c19192b086,20260908,0.9.2,72,False,9.093169587281125,POWERPLANT#1,POWERPLANT,failure,20.093169587281125,20.093169587281125,20.093169587281125,PERFECT
aging-PERFECT,a781d2546489e692d824d9b320280ae01571da1e18a2fcd6b85d70c19192b086,20260908,0.9.2,72,False,9.299415500323482,POWERPLANT#1,POWERPLANT,repair,20.093169587281125,0.0,20.093169587281125,PERFECT
aging-PERFECT,a781d2546489e692d824d9b320280ae01571da1e18a2fcd6b85d70c19192b086,20260908,0.9.2,74,False,59.311036227980054,ELECTRICAL#19,ELECTRICAL,failure,22.311036227980054,22.311036227980054,22.311036227980054,PERFECT
aging-PERFECT,a781d2546489e692d824d9b320280ae01571da1e18a2fcd6b85d70c19192b086,20260908,0.9.2,74,False,60.81700040596442,ELECTRICAL#19,ELECTRICAL,repair,22.311036227980054,0.0,22.311036227980054,PERFECT
aging-PERFECT,a781d2546489e692d824d9b320280ae01571da1e18a2fcd6b85d70c19192b086,20260908,0.9.2,75,False,9.28631660940984,ELECTRICAL#7,ELECTRICAL,failure,20.286316609409837,20.286316609409837,20.286316609409837,PERFECT
aging-PERFECT,a781d2546489e692d824d9b320280ae01571da1e18a2fcd6b85d70c19192b086,20260908,0.9.2,75,False,10.466531548722482,ELECTRICAL#7,ELECTRICAL,repair,20.286316609409837,0.0,20.286316609409837,PERFECT
aging-PERFECT,a781d2546489e692d824d9b320280ae01571da1e18a2fcd6b85d70c19192b086,20260908,0.9.2,75,False,35.43812288783411,HYDRAULIC#12,HYDRAULIC,failure,22.438122887834112,22.438122887834112,22.438122887834112,PERFECT
aging-PERFECT,a781d2546489e692d824d9b320280ae01571da1e18a2fcd6b85d70c19192b086,20260908,0.9.2,75,False,39.59492564505628,HYDRAULIC#12,HYDRAULIC,repair,22.438122887834112,0.0,22.438122887834112,PERFECT
aging-PERFECT,a781d2546489e692d824d9b320280ae01571da1e18a2fcd6b85d70c19192b086,20260908,0.9.2,76,False,59.54226453308228,ELECTRICAL#19,ELECTRICAL,failure,22.54226453308228,22.54226453308228,22.54226453308228,PERFECT
aging-PERFECT,a781d2546489e692d824d9b320280ae01571da1e18a2fcd6b85d70c19192b086,20260908,0.9.2,76,False,61.09031707406696,ELECTRICAL#19,ELECTRICAL,repair,22.54226453308228,0.0,22.54226453308228,PERFECT
aging-PERFECT,a781d2546489e692d824d9b320280ae01571da1e18a2fcd6b85d70c19192b086,20260908,0.9.2,77,False,58.94871856345904,AVIONICS#18,AVIONICS,failure,21.94871856345904,21.94871856345904,21.94871856345904,PERFECT
aging-PERFECT,a781d2546489e692d824d9b320280ae01571da1e18a2fcd6b85d70c19192b086,20260908,0.9.2,77,False,62.31715107581685,AVIONICS#18,AVIONICS,repair,21.94871856345904,0.0,21.94871856345904,PERFECT
aging-PERFECT,a781d2546489e692d824d9b320280ae01571da1e18a2fcd6b85d70c19192b086,20260908,0.9.2,79,False,34.9878256251856,HYDRAULIC#12,HYDRAULIC,failure,21.9878256251856,21.9878256251856,21.9878256251856,PERFECT
aging-PERFECT,a781d2546489e692d824d9b320280ae01571da1e18a2fcd6b85d70c19192b086,20260908,0.9.2,79,False,43.653719227865935,HYDRAULIC#12,HYDRAULIC,repair,21.9878256251856,0.0,21.9878256251856,PERFECT
aging-PERFECT,a781d2546489e692d824d9b320280ae01571da1e18a2fcd6b85d70c19192b086,20260908,0.9.2,79,False,57.03331446736931,POWERPLANT#17,POWERPLANT,failure,20.03331446736931,20.03331446736931,20.03331446736931,PERFECT
aging-PERFECT,a781d2546489e692d824d9b320280ae01571da1e18a2fcd6b85d70c19192b086,20260908,0.9.2,79,False,58.69529877692822,POWERPLANT#17,POWERPLANT,repair,20.03331446736931,0.0,20.03331446736931,PERFECT
aging-PERFECT,a781d2546489e692d824d9b320280ae01571da1e18a2fcd6b85d70c19192b086,20260908,0.9.2,80,False,9.351228834006939,AVIONICS#2,AVIONICS,failure,20.35122883400694,20.35122883400694,20.35122883400694,PERFECT
aging-PERFECT,a781d2546489e692d824d9b320280ae01571da1e18a2fcd6b85d70c19192b086,20260908,0.9.2,80,False,9.972801985807981,AVIONICS#2,AVIONICS,repair,20.35122883400694,0.0,20.35122883400694,PERFECT
aging-PERFECT,a781d2546489e692d824d9b320280ae01571da1e18a2fcd6b85d70c19192b086,20260908,0.9.2,80,False,35.2008607342697,ELECTRICAL#15,ELECTRICAL,failure,22.200860734269703,22.200860734269703,22.200860734269703,PERFECT
aging-PERFECT,a781d2546489e692d824d9b320280ae01571da1e18a2fcd6b85d70c19192b086,20260908,0.9.2,80,False,38.82484784400623,ELECTRICAL#15,ELECTRICAL,repair,22.200860734269703,0.0,22.200860734269703,PERFECT
aging-PERFECT,a781d2546489e692d824d9b320280ae01571da1e18a2fcd6b85d70c19192b086,20260908,0.9.2,81,False,34.07731532546165,POWERPLANT#9,POWERPLANT,failure,21.077315325461647,21.077315325461647,21.077315325461647,PERFECT
aging-PERFECT,a781d2546489e692d824d9b320280ae01571da1e18a2fcd6b85d70c19192b086,20260908,0.9.2,81,False,35.39734297550388,POWERPLANT#9,POWERPLANT,repair,21.077315325461647,0.0,21.077315325461647,PERFECT
aging-PERFECT,a781d2546489e692d824d9b320280ae01571da1e18a2fcd6b85d70c19192b086,20260908,0.9.2,82,False,9.512745239346792,POWERPLANT#5,POWERPLANT,failure,20.512745239346792,20.512745239346792,20.512745239346792,PERFECT
aging-PERFECT,a781d2546489e692d824d9b320280ae01571da1e18a2fcd6b85d70c19192b086,20260908,0.9.2,82,False,10.322052214503087,POWERPLANT#5,POWERPLANT,repair,20.512745239346792,0.0,20.512745239346792,PERFECT
aging-PERFECT,a781d2546489e692d824d9b320280ae01571da1e18a2fcd6b85d70c19192b086,20260908,0.9.2,82,False,58.94390489564272,ELECTRICAL#19,ELECTRICAL,failure,21.943904895642717,21.943904895642717,21.943904895642717,PERFECT
aging-PERFECT,a781d2546489e692d824d9b320280ae01571da1e18a2fcd6b85d70c19192b086,20260908,0.9.2,82,False,59.80347643036162,ELECTRICAL#19,ELECTRICAL,repair,21.943904895642717,0.0,21.943904895642717,PERFECT
aging-PERFECT,a781d2546489e692d824d9b320280ae01571da1e18a2fcd6b85d70c19192b086,20260908,0.9.2,83,False,33.98994528270434,HYDRAULIC#16,HYDRAULIC,failure,20.98994528270434,20.98994528270434,20.98994528270434,PERFECT
aging-PERFECT,a781d2546489e692d824d9b320280ae01571da1e18a2fcd6b85d70c19192b086,20260908,0.9.2,83,False,34.9430778050405,HYDRAULIC#16,HYDRAULIC,repair,20.98994528270434,0.0,20.98994528270434,PERFECT
aging-PERFECT,a781d2546489e692d824d9b320280ae01571da1e18a2fcd6b85d70c19192b086,20260908,0.9.2,83,False,59.371542921498786,HYDRAULIC#24,HYDRAULIC,failure,22.371542921498786,22.371542921498786,22.371542921498786,PERFECT
aging-PERFECT,a781d2546489e692d824d9b320280ae01571da1e18a2fcd6b85d70c19192b086,20260908,0.9.2,83,False,59.68458867434396,POWERPLANT#17,POWERPLANT,failure,22.684588674343964,22.684588674343964,22.684588674343964,PERFECT
aging-PERFECT,a781d2546489e692d824d9b320280ae01571da1e18a2fcd6b85d70c19192b086,20260908,0.9.2,83,False,62.1640347741159,HYDRAULIC#24,HYDRAULIC,repair,22.371542921498786,0.0,22.371542921498786,PERFECT
aging-PERFECT,a781d2546489e692d824d9b320280ae01571da1e18a2fcd6b85d70c19192b086,20260908,0.9.2,83,False,64.18184708110988,POWERPLANT#17,POWERPLANT,repair,22.684588674343964,0.0,22.684588674343964,PERFECT
aging-PERFECT,a781d2546489e692d824d9b320280ae01571da1e18a2fcd6b85d70c19192b086,20260908,0.9.2,84,False,10.783114640001159,HYDRAULIC#4,HYDRAULIC,failure,21.78311464000116,21.78311464000116,21.78311464000116,PERFECT
aging-PERFECT,a781d2546489e692d824d9b320280ae01571da1e18a2fcd6b85d70c19192b086,20260908,0.9.2,84,False,10.804935866205737,AVIONICS#2,AVIONICS,failure,21.80493586620574,21.80493586620574,21.80493586620574,PERFECT
aging-PERFECT,a781d2546489e692d824d9b320280ae01571da1e18a2fcd6b85d70c19192b086,20260908,0.9.2,84,False,14.57395898005238,HYDRAULIC#4,HYDRAULIC,repair,21.78311464000116,0.0,21.78311464000116,PERFECT
aging-PERFECT,a781d2546489e692d824d9b320280ae01571da1e18a2fcd6b85d70c19192b086,20260908,0.9.2,84,False,15.279535703079471,AVIONICS#2,AVIONICS,repair,21.80493586620574,0.0,21.80493586620574,PERFECT
aging-PERFECT,a781d2546489e692d824d9b320280ae01571da1e18a2fcd6b85d70c19192b086,20260908,0.9.2,84,False,33.61031953222793,POWERPLANT#13,POWERPLANT,failure,20.610319532227933,20.610319532227933,20.610319532227933,PERFECT
aging-PERFECT,a781d2546489e692d824d9b320280ae01571da1e18a2fcd6b85d70c19192b086,20260908,0.9.2,84,False,35.51148553734673,POWERPLANT#13,POWERPLANT,repair,20.610319532227933,0.0,20.610319532227933,PERFECT
aging-PERFECT,a781d2546489e692d824d9b320280ae01571da1e18a2fcd6b85d70c19192b086,20260908,0.9.2,85,False,33.43102383930971,ELECTRICAL#11,ELECTRICAL,failure,20.43102383930971,20.43102383930971,20.43102383930971,PERFECT
aging-PERFECT,a781d2546489e692d824d9b320280ae01571da1e18a2fcd6b85d70c19192b086,20260908,0.9.2,85,False,34.11646657020947,ELECTRICAL#11,ELECTRICAL,repair,20.43102383930971,0.0,20.43102383930971,PERFECT
aging-PERFECT,a781d2546489e692d824d9b320280ae01571da1e18a2fcd6b85d70c19192b086,20260908,0.9.2,85,False,58.70004354064013,POWERPLANT#17,POWERPLANT,failure,21.70004354064013,21.70004354064013,21.70004354064013,PERFECT
aging-PERFECT,a781d2546489e692d824d9b320280ae01571da1e18a2fcd6b85d70c19192b086,20260908,0.9.2,85,False,59.41307101244387,POWERPLANT#17,POWERPLANT,repair,21.70004354064013,0.0,21.70004354064013,PERFECT
aging-PERFECT,a781d2546489e692d824d9b320280ae01571da1e18a2fcd6b85d70c19192b086,20260908,0.9.2,86,False,10.820687816509126,POWERPLANT#5,POWERPLANT,failure,21.82068781650913,21.82068781650913,21.82068781650913,PERFECT
aging-PERFECT,a781d2546489e692d824d9b320280ae01571da1e18a2fcd6b85d70c19192b086,20260908,0.9.2,86,False,15.258720201514953,POWERPLANT#5,POWERPLANT,repair,21.82068781650913,0.0,21.82068781650913,PERFECT
aging-PERFECT,a781d2546489e692d824d9b320280ae01571da1e18a2fcd6b85d70c19192b086,20260908,0.9.2,86,False,59.66361337254259,AVIONICS#18,AVIONICS,failure,22.663613372542592,22.663613372542592,22.663613372542592,PERFECT
aging-PERFECT,a781d2546489e692d824d9b320280ae01571da1e18a2fcd6b85d70c19192b086,20260908,0.9.2,86,False,61.185737869125184,AVIONICS#18,AVIONICS,repair,22.663613372542592,0.0,22.663613372542592,PERFECT
aging-PERFECT,a781d2546489e692d824d9b320280ae01571da1e18a2fcd6b85d70c19192b086,20260908,0.9.2,87,False,10.951420222054036,HYDRAULIC#8,HYDRAULIC,failure,21.951420222054036,21.951420222054036,21.951420222054036,PERFECT
aging-PERFECT,a781d2546489e692d824d9b320280ae01571da1e18a2fcd6b85d70c19192b086,20260908,0.9.2,87,False,14.805894187456417,HYDRAULIC#8,HYDRAULIC,repair,21.951420222054036,0.0,21.951420222054036,PERFECT
aging-PERFECT,a781d2546489e692d824d9b320280ae01571da1e18a2fcd6b85d70c19192b086,20260908,0.9.2,87,False,33.278903760389,HYDRAULIC#16,HYDRAULIC,failure,20.278903760389,20.278903760389,20.278903760389,PERFECT
aging-PERFECT,a781d2546489e692d824d9b320280ae01571da1e18a2fcd6b85d70c19192b086,20260908,0.9.2,87,False,36.41616762062128,HYDRAULIC#16,HYDRAULIC,repair,20.278903760389,0.0,20.278903760389,PERFECT
aging-PERFECT,a781d2546489e692d824d9b320280ae01571da1e18a2fcd6b85d70c19192b086,20260908,0.9.2,88,False,34.001812402501834,HYDRAULIC#16,HYDRAULIC,failure,21.001812402501834,21.001812402501834,21.001812402501834,PERFECT
aging-PERFECT,a781d2546489e692d824d9b320280ae01571da1e18a2fcd6b85d70c19192b086,20260908,0.9.2,88,False,39.02072148579133,HYDRAULIC#16,HYDRAULIC,repair,21.001812402501834,0.0,21.001812402501834,PERFECT
aging-PERFECT,a781d2546489e692d824d9b320280ae01571da1e18a2fcd6b85d70c19192b086,20260908,0.9.2,88,False,59.052268509803326,AVIONICS#18,AVIONICS,failure,22.052268509803326,22.052268509803326,22.052268509803326,PERFECT
aging-PERFECT,a781d2546489e692d824d9b320280ae01571da1e18a2fcd6b85d70c19192b086,20260908,0.9.2,88,False,59.695383405227616,AVIONICS#18,AVIONICS,repair,22.052268509803326,0.0,22.052268509803326,PERFECT
aging-PERFECT,a781d2546489e692d824d9b320280ae01571da1e18a2fcd6b85d70c19192b086,20260908,0.9.2,89,False,9.537693274989516,ELECTRICAL#7,ELECTRICAL,failure,20.537693274989515,20.537693274989515,20.537693274989515,PERFECT
aging-PERFECT,a781d2546489e692d824d9b320280ae01571da1e18a2fcd6b85d70c19192b086,20260908,0.9.2,89,False,11.109163791411968,ELECTRICAL#7,ELECTRICAL,repair,20.537693274989515,0.0,20.537693274989515,PERFECT
aging-PERFECT,a781d2546489e692d824d9b320280ae01571da1e18a2fcd6b85d70c19192b086,20260908,0.9.2,89,False,58.86655203330305,HYDRAULIC#20,HYDRAULIC,failure,21.86655203330305,21.86655203330305,21.86655203330305,PERFECT
aging-PERFECT,a781d2546489e692d824d9b320280ae01571da1e18a2fcd6b85d70c19192b086,20260908,0.9.2,89,False,66.33831590188295,HYDRAULIC#20,HYDRAULIC,repair,21.86655203330305,0.0,21.86655203330305,PERFECT
aging-PERFECT,a781d2546489e692d824d9b320280ae01571da1e18a2fcd6b85d70c19192b086,20260908,0.9.2,90,False,33.32436453143116,POWERPLANT#13,POWERPLANT,failure,20.324364531431158,20.324364531431158,20.324364531431158,PERFECT
aging-PERFECT,a781d2546489e692d824d9b320280ae01571da1e18a2fcd6b85d70c19192b086,20260908,0.9.2,90,False,34.21549401957731,POWERPLANT#13,POWERPLANT,repair,20.324364531431158,0.0,20.324364531431158,PERFECT
aging-PERFECT,a781d2546489e692d824d9b320280ae01571da1e18a2fcd6b85d70c19192b086,20260908,0.9.2,91,False,9.205555295255266,POWERPLANT#5,POWERPLANT,failure,20.205555295255266,20.205555295255266,20.205555295255266,PERFECT
aging-PERFECT,a781d2546489e692d824d9b320280ae01571da1e18a2fcd6b85d70c19192b086,20260908,0.9.2,91,False,16.18527850819045,POWERPLANT#5,POWERPLANT,repair,20.205555295255266,0.0,20.205555295255266,PERFECT
aging-PERFECT,a781d2546489e692d824d9b320280ae01571da1e18a2fcd6b85d70c19192b086,20260908,0.9.2,91,False,34.84543081993955,AVIONICS#14,AVIONICS,failure,21.84543081993955,21.84543081993955,21.84543081993955,PERFECT
aging-PERFECT,a781d2546489e692d824d9b320280ae01571da1e18a2fcd6b85d70c19192b086,20260908,0.9.2,91,False,35.418987468426664,AVIONICS#14,AVIONICS,repair,21.84543081993955,0.0,21.84543081993955,PERFECT
aging-PERFECT,a781d2546489e692d824d9b320280ae01571da1e18a2fcd6b85d70c19192b086,20260908,0.9.2,92,False,33.64933470207384,AVIONICS#10,AVIONICS,failure,20.649334702073837,20.649334702073837,20.649334702073837,PERFECT
aging-PERFECT,a781d2546489e692d824d9b320280ae01571da1e18a2fcd6b85d70c19192b086,20260908,0.9.2,92,False,35.6130201234739,AVIONICS#10,AVIONICS,repair,20.649334702073837,0.0,20.649334702073837,PERFECT
aging-PERFECT,a781d2546489e692d824d9b320280ae01571da1e18a2fcd6b85d70c19192b086,20260908,0.9.2,94,False,10.400130223059723,POWERPLANT#5,POWERPLANT,failure,21.400130223059723,21.400130223059723,21.400130223059723,PERFECT
aging-PERFECT,a781d2546489e692d824d9b320280ae01571da1e18a2fcd6b85d70c19192b086,20260908,0.9.2,94,False,11.90856062753092,POWERPLANT#5,POWERPLANT,repair,21.400130223059723,0.0,21.400130223059723,PERFECT
aging-PERFECT,a781d2546489e692d824d9b320280ae01571da1e18a2fcd6b85d70c19192b086,20260908,0.9.2,94,False,57.15379391059311,ELECTRICAL#23,ELECTRICAL,failure,20.15379391059311,20.15379391059311,20.15379391059311,PERFECT
aging-PERFECT,a781d2546489e692d824d9b320280ae01571da1e18a2fcd6b85d70c19192b086,20260908,0.9.2,94,False,61.812890533045966,ELECTRICAL#23,ELECTRICAL,repair,20.15379391059311,0.0,20.15379391059311,PERFECT
aging-PERFECT,a781d2546489e692d824d9b320280ae01571da1e18a2fcd6b85d70c19192b086,20260908,0.9.2,95,False,10.033810123799672,POWERPLANT#1,POWERPLANT,failure,21.03381012379967,21.03381012379967,21.03381012379967,PERFECT
aging-PERFECT,a781d2546489e692d824d9b320280ae01571da1e18a2fcd6b85d70c19192b086,20260908,0.9.2,95,False,12.706673871725533,POWERPLANT#1,POWERPLANT,repair,21.03381012379967,0.0,21.03381012379967,PERFECT
aging-PERFECT,a781d2546489e692d824d9b320280ae01571da1e18a2fcd6b85d70c19192b086,20260908,0.9.2,96,False,33.03202306060037,AVIONICS#14,AVIONICS,failure,20.032023060600373,20.032023060600373,20.032023060600373,PERFECT
aging-PERFECT,a781d2546489e692d824d9b320280ae01571da1e18a2fcd6b85d70c19192b086,20260908,0.9.2,96,False,33.763321260206425,AVIONICS#14,AVIONICS,repair,20.032023060600373,0.0,20.032023060600373,PERFECT
aging-PERFECT,a781d2546489e692d824d9b320280ae01571da1e18a2fcd6b85d70c19192b086,20260908,0.9.2,97,False,11.337984866758077,AVIONICS#6,AVIONICS,failure,22.337984866758077,22.337984866758077,22.337984866758077,PERFECT
aging-PERFECT,a781d2546489e692d824d9b320280ae01571da1e18a2fcd6b85d70c19192b086,20260908,0.9.2,97,False,12.491549485653799,AVIONICS#6,AVIONICS,repair,22.337984866758077,0.0,22.337984866758077,PERFECT
aging-PERFECT,a781d2546489e692d824d9b320280ae01571da1e18a2fcd6b85d70c19192b086,20260908,0.9.2,98,False,35.9976356322459,POWERPLANT#9,POWERPLANT,failure,22.997635632245903,22.997635632245903,22.997635632245903,PERFECT
aging-PERFECT,a781d2546489e692d824d9b320280ae01571da1e18a2fcd6b85d70c19192b086,20260908,0.9.2,98,False,36.77274569658563,POWERPLANT#9,POWERPLANT,repair,22.997635632245903,0.0,22.997635632245903,PERFECT
aging-PERFECT,a781d2546489e692d824d9b320280ae01571da1e18a2fcd6b85d70c19192b086,20260908,0.9.2,98,False,57.31488647887732,POWERPLANT#21,POWERPLANT,failure,20.31488647887732,20.31488647887732,20.31488647887732,PERFECT
aging-PERFECT,a781d2546489e692d824d9b320280ae01571da1e18a2fcd6b85d70c19192b086,20260908,0.9.2,98,False,58.147395447971434,POWERPLANT#21,POWERPLANT,repair,20.31488647887732,0.0,20.31488647887732,PERFECT
aging-PERFECT,a781d2546489e692d824d9b320280ae01571da1e18a2fcd6b85d70c19192b086,20260908,0.9.2,99,False,33.848942572712225,POWERPLANT#9,POWERPLANT,failure,20.848942572712225,20.848942572712225,20.848942572712225,PERFECT
aging-PERFECT,a781d2546489e692d824d9b320280ae01571da1e18a2fcd6b85d70c19192b086,20260908,0.9.2,99,False,35.62361200073247,POWERPLANT#9,POWERPLANT,repair,20.848942572712225,0.0,20.848942572712225,PERFECT
aging-PERFECT,a781d2546489e692d824d9b320280ae01571da1e18a2fcd6b85d70c19192b086,20260908,0.9.2,99,False,59.281446156995706,HYDRAULIC#20,HYDRAULIC,failure,22.281446156995706,22.281446156995706,22.281446156995706,PERFECT
aging-PERFECT,a781d2546489e692d824d9b320280ae01571da1e18a2fcd6b85d70c19192b086,20260908,0.9.2,99,False,65.3224794638751,HYDRAULIC#20,HYDRAULIC,repair,22.281446156995706,0.0,22.281446156995706,PERFECT
aging-PERFECT,a781d2546489e692d824d9b320280ae01571da1e18a2fcd6b85d70c19192b086,20260908,0.9.2,100,False,9.440127880885653,AVIONICS#2,AVIONICS,failure,20.440127880885655,20.440127880885655,20.440127880885655,PERFECT
aging-PERFECT,a781d2546489e692d824d9b320280ae01571da1e18a2fcd6b85d70c19192b086,20260908,0.9.2,100,False,10.551711207987676,AVIONICS#2,AVIONICS,repair,20.440127880885655,0.0,20.440127880885655,PERFECT
aging-PERFECT,a781d2546489e692d824d9b320280ae01571da1e18a2fcd6b85d70c19192b086,20260908,0.9.2,100,False,34.27045277522085,POWERPLANT#13,POWERPLANT,failure,21.270452775220853,21.270452775220853,21.270452775220853,PERFECT
aging-PERFECT,a781d2546489e692d824d9b320280ae01571da1e18a2fcd6b85d70c19192b086,20260908,0.9.2,100,False,35.59762439288309,POWERPLANT#13,POWERPLANT,repair,21.270452775220853,0.0,21.270452775220853,PERFECT
aging-PERFECT,a781d2546489e692d824d9b320280ae01571da1e18a2fcd6b85d70c19192b086,20260908,0.9.2,101,False,10.922402184957305,ELECTRICAL#3,ELECTRICAL,failure,21.922402184957306,21.922402184957306,21.922402184957306,PERFECT
aging-PERFECT,a781d2546489e692d824d9b320280ae01571da1e18a2fcd6b85d70c19192b086,20260908,0.9.2,101,False,11.643973606151917,ELECTRICAL#3,ELECTRICAL,repair,21.922402184957306,0.0,21.922402184957306,PERFECT
aging-PERFECT,a781d2546489e692d824d9b320280ae01571da1e18a2fcd6b85d70c19192b086,20260908,0.9.2,101,False,35.253002791833886,ELECTRICAL#15,ELECTRICAL,failure,22.253002791833886,22.253002791833886,22.253002791833886,PERFECT
aging-PERFECT,a781d2546489e692d824d9b320280ae01571da1e18a2fcd6b85d70c19192b086,20260908,0.9.2,101,False,40.82533200798022,ELECTRICAL#15,ELECTRICAL,repair,22.253002791833886,0.0,22.253002791833886,PERFECT
aging-PERFECT,a781d2546489e692d824d9b320280ae01571da1e18a2fcd6b85d70c19192b086,20260908,0.9.2,101,False,59.50017319519916,POWERPLANT#17,POWERPLANT,failure,22.50017319519916,22.50017319519916,22.50017319519916,PERFECT
aging-PERFECT,a781d2546489e692d824d9b320280ae01571da1e18a2fcd6b85d70c19192b086,20260908,0.9.2,101,False,60.131095335328396,POWERPLANT#17,POWERPLANT,repair,22.50017319519916,0.0,22.50017319519916,PERFECT
aging-PERFECT,a781d2546489e692d824d9b320280ae01571da1e18a2fcd6b85d70c19192b086,20260908,0.9.2,102,False,58.4233167663738,ELECTRICAL#23,ELECTRICAL,failure,21.4233167663738,21.4233167663738,21.4233167663738,PERFECT
aging-PERFECT,a781d2546489e692d824d9b320280ae01571da1e18a2fcd6b85d70c19192b086,20260908,0.9.2,102,False,62.790510976094275,ELECTRICAL#23,ELECTRICAL,repair,21.4233167663738,0.0,21.4233167663738,PERFECT
aging-PERFECT,a781d2546489e692d824d9b320280ae01571da1e18a2fcd6b85d70c19192b086,20260908,0.9.2,103,False,9.228275813063785,AVIONICS#2,AVIONICS,failure,20.228275813063785,20.228275813063785,20.228275813063785,PERFECT
aging-PERFECT,a781d2546489e692d824d9b320280ae01571da1e18a2fcd6b85d70c19192b086,20260908,0.9.2,103,False,11.66568925682747,AVIONICS#2,AVIONICS,repair,20.228275813063785,0.0,20.228275813063785,PERFECT
aging-PERFECT,a781d2546489e692d824d9b320280ae01571da1e18a2fcd6b85d70c19192b086,20260908,0.9.2,103,False,35.15251223401153,POWERPLANT#13,POWERPLANT,failure,22.15251223401153,22.15251223401153,22.15251223401153,PERFECT
aging-PERFECT,a781d2546489e692d824d9b320280ae01571da1e18a2fcd6b85d70c19192b086,20260908,0.9.2,103,False,36.60735108430077,POWERPLANT#13,POWERPLANT,repair,22.15251223401153,0.0,22.15251223401153,PERFECT
aging-PERFECT,a781d2546489e692d824d9b320280ae01571da1e18a2fcd6b85d70c19192b086,20260908,0.9.2,103,False,59.27395441599299,AVIONICS#22,AVIONICS,failure,22.27395441599299,22.27395441599299,22.27395441599299,PERFECT
aging-PERFECT,a781d2546489e692d824d9b320280ae01571da1e18a2fcd6b85d70c19192b086,20260908,0.9.2,103,False,59.60491163793142,ELECTRICAL#19,ELECTRICAL,failure,22.604911637931423,22.604911637931423,22.604911637931423,PERFECT
aging-PERFECT,a781d2546489e692d824d9b320280ae01571da1e18a2fcd6b85d70c19192b086,20260908,0.9.2,103,False,59.85502141867895,ELECTRICAL#19,ELECTRICAL,repair,22.604911637931423,0.0,22.604911637931423,PERFECT
aging-PERFECT,a781d2546489e692d824d9b320280ae01571da1e18a2fcd6b85d70c19192b086,20260908,0.9.2,103,False,62.92471088548133,AVIONICS#22,AVIONICS,repair,22.27395441599299,0.0,22.27395441599299,PERFECT
aging-PERFECT,a781d2546489e692d824d9b320280ae01571da1e18a2fcd6b85d70c19192b086,20260908,0.9.2,104,False,59.27293267886938,AVIONICS#18,AVIONICS,failure,22.27293267886938,22.27293267886938,22.27293267886938,PERFECT
aging-PERFECT,a781d2546489e692d824d9b320280ae01571da1e18a2fcd6b85d70c19192b086,20260908,0.9.2,104,False,60.00755200196463,AVIONICS#18,AVIONICS,repair,22.27293267886938,0.0,22.27293267886938,PERFECT
aging-PERFECT,a781d2546489e692d824d9b320280ae01571da1e18a2fcd6b85d70c19192b086,20260908,0.9.2,105,False,34.42483105700068,AVIONICS#14,AVIONICS,failure,21.42483105700068,21.42483105700068,21.42483105700068,PERFECT
aging-PERFECT,a781d2546489e692d824d9b320280ae01571da1e18a2fcd6b85d70c19192b086,20260908,0.9.2,105,False,35.49576999836923,AVIONICS#14,AVIONICS,repair,21.42483105700068,0.0,21.42483105700068,PERFECT
aging-PERFECT,a781d2546489e692d824d9b320280ae01571da1e18a2fcd6b85d70c19192b086,20260908,0.9.2,106,False,9.943136911785436,ELECTRICAL#3,ELECTRICAL,failure,20.943136911785437,20.943136911785437,20.943136911785437,PERFECT
aging-PERFECT,a781d2546489e692d824d9b320280ae01571da1e18a2fcd6b85d70c19192b086,20260908,0.9.2,106,False,10.058407076521917,HYDRAULIC#4,HYDRAULIC,failure,21.058407076521917,21.058407076521917,21.058407076521917,PERFECT
aging-PERFECT,a781d2546489e692d824d9b320280ae01571da1e18a2fcd6b85d70c19192b086,20260908,0.9.2,106,False,12.905624876760402,ELECTRICAL#3,ELECTRICAL,repair,20.943136911785437,0.0,20.943136911785437,PERFECT
aging-PERFECT,a781d2546489e692d824d9b320280ae01571da1e18a2fcd6b85d70c19192b086,20260908,0.9.2,106,False,13.659263565618598,HYDRAULIC#4,HYDRAULIC,repair,21.058407076521917,0.0,21.058407076521917,PERFECT
aging-PERFECT,a781d2546489e692d824d9b320280ae01571da1e18a2fcd6b85d70c19192b086,20260908,0.9.2,106,False,59.75625460656953,ELECTRICAL#23,ELECTRICAL,failure,22.756254606569527,22.756254606569527,22.756254606569527,PERFECT
aging-PERFECT,a781d2546489e692d824d9b320280ae01571da1e18a2fcd6b85d70c19192b086,20260908,0.9.2,106,False,62.35496313691944,ELECTRICAL#23,ELECTRICAL,repair,22.756254606569527,0.0,22.756254606569527,PERFECT
aging-PERFECT,a781d2546489e692d824d9b320280ae01571da1e18a2fcd6b85d70c19192b086,20260908,0.9.2,107,False,57.71622803122062,AVIONICS#18,AVIONICS,failure,20.716228031220624,20.716228031220624,20.716228031220624,PERFECT
aging-PERFECT,a781d2546489e692d824d9b320280ae01571da1e18a2fcd6b85d70c19192b086,20260908,0.9.2,107,False,59.094205227592994,AVIONICS#18,AVIONICS,repair,20.716228031220624,0.0,20.716228031220624,PERFECT
aging-PERFECT,a781d2546489e692d824d9b320280ae01571da1e18a2fcd6b85d70c19192b086,20260908,0.9.2,108,False,11.257958694022523,ELECTRICAL#7,ELECTRICAL,failure,22.257958694022523,22.257958694022523,22.257958694022523,PERFECT
aging-PERFECT,a781d2546489e692d824d9b320280ae01571da1e18a2fcd6b85d70c19192b086,20260908,0.9.2,108,False,12.004295410783358,ELECTRICAL#7,ELECTRICAL,repair,22.257958694022523,0.0,22.257958694022523,PERFECT
aging-PERFECT,a781d2546489e692d824d9b320280ae01571da1e18a2fcd6b85d70c19192b086,20260908,0.9.2,111,False,10.067803101026207,ELECTRICAL#7,ELECTRICAL,failure,21.067803101026207,21.067803101026207,21.067803101026207,PERFECT
aging-PERFECT,a781d2546489e692d824d9b320280ae01571da1e18a2fcd6b85d70c19192b086,20260908,0.9.2,111,False,11.44123974172574,ELECTRICAL#7,ELECTRICAL,repair,21.067803101026207,0.0,21.067803101026207,PERFECT
aging-PERFECT,a781d2546489e692d824d9b320280ae01571da1e18a2fcd6b85d70c19192b086,20260908,0.9.2,111,False,35.27242922564589,POWERPLANT#13,POWERPLANT,failure,22.272429225645887,22.272429225645887,22.272429225645887,PERFECT
aging-PERFECT,a781d2546489e692d824d9b320280ae01571da1e18a2fcd6b85d70c19192b086,20260908,0.9.2,111,False,35.71913611018468,ELECTRICAL#11,ELECTRICAL,failure,22.719136110184678,22.719136110184678,22.719136110184678,PERFECT
aging-PERFECT,a781d2546489e692d824d9b320280ae01571da1e18a2fcd6b85d70c19192b086,20260908,0.9.2,111,False,36.179975721346324,POWERPLANT#13,POWERPLANT,repair,22.272429225645887,0.0,22.272429225645887,PERFECT
aging-PERFECT,a781d2546489e692d824d9b320280ae01571da1e18a2fcd6b85d70c19192b086,20260908,0.9.2,111,False,45.10906289135198,ELECTRICAL#11,ELECTRICAL,repair,22.719136110184678,0.0,22.719136110184678,PERFECT
aging-PERFECT,a781d2546489e692d824d9b320280ae01571da1e18a2fcd6b85d70c19192b086,20260908,0.9.2,112,False,10.978109260365361,POWERPLANT#1,POWERPLANT,failure,21.97810926036536,21.97810926036536,21.97810926036536,PERFECT
aging-PERFECT,a781d2546489e692d824d9b320280ae01571da1e18a2fcd6b85d70c19192b086,20260908,0.9.2,112,False,13.829223192516423,POWERPLANT#1,POWERPLANT,repair,21.97810926036536,0.0,21.97810926036536,PERFECT
aging-PERFECT,a781d2546489e692d824d9b320280ae01571da1e18a2fcd6b85d70c19192b086,20260908,0.9.2,112,False,57.03767916033292,POWERPLANT#21,POWERPLANT,failure,20.03767916033292,20.03767916033292,20.03767916033292,PERFECT
aging-PERFECT,a781d2546489e692d824d9b320280ae01571da1e18a2fcd6b85d70c19192b086,20260908,0.9.2,112,False,61.50841113864766,POWERPLANT#21,POWERPLANT,repair,20.03767916033292,0.0,20.03767916033292,PERFECT
aging-PERFECT,a781d2546489e692d824d9b320280ae01571da1e18a2fcd6b85d70c19192b086,20260908,0.9.2,113,False,11.215010766283804,HYDRAULIC#4,HYDRAULIC,failure,22.215010766283804,22.215010766283804,22.215010766283804,PERFECT
aging-PERFECT,a781d2546489e692d824d9b320280ae01571da1e18a2fcd6b85d70c19192b086,20260908,0.9.2,113,False,11.751242872960132,HYDRAULIC#4,HYDRAULIC,repair,22.215010766283804,0.0,22.215010766283804,PERFECT
aging-PERFECT,a781d2546489e692d824d9b320280ae01571da1e18a2fcd6b85d70c19192b086,20260908,0.9.2,114,False,10.757916152200151,POWERPLANT#5,POWERPLANT,failure,21.757916152200153,21.757916152200153,21.757916152200153,PERFECT
aging-PERFECT,a781d2546489e692d824d9b320280ae01571da1e18a2fcd6b85d70c19192b086,20260908,0.9.2,114,False,11.295783672624854,POWERPLANT#5,POWERPLANT,repair,21.757916152200153,0.0,21.757916152200153,PERFECT
aging-PERFECT,a781d2546489e692d824d9b320280ae01571da1e18a2fcd6b85d70c19192b086,20260908,0.9.2,115,False,34.205122427126454,ELECTRICAL#15,ELECTRICAL,failure,21.205122427126454,21.205122427126454,21.205122427126454,PERFECT
aging-PERFECT,a781d2546489e692d824d9b320280ae01571da1e18a2fcd6b85d70c19192b086,20260908,0.9.2,115,False,35.247219471951,ELECTRICAL#15,ELECTRICAL,repair,21.205122427126454,0.0,21.205122427126454,PERFECT
aging-PERFECT,a781d2546489e692d824d9b320280ae01571da1e18a2fcd6b85d70c19192b086,20260908,0.9.2,115,False,58.60410275803511,HYDRAULIC#24,HYDRAULIC,failure,21.60410275803511,21.60410275803511,21.60410275803511,PERFECT
aging-PERFECT,a781d2546489e692d824d9b320280ae01571da1e18a2fcd6b85d70c19192b086,20260908,0.9.2,115,False,59.31265697825188,HYDRAULIC#24,HYDRAULIC,repair,21.60410275803511,0.0,21.60410275803511,PERFECT
aging-PERFECT,a781d2546489e692d824d9b320280ae01571da1e18a2fcd6b85d70c19192b086,20260908,0.9.2,116,False,11.948499512533111,POWERPLANT#5,POWERPLANT,failure,22.94849951253311,22.94849951253311,22.94849951253311,PERFECT
aging-PERFECT,a781d2546489e692d824d9b320280ae01571da1e18a2fcd6b85d70c19192b086,20260908,0.9.2,116,False,14.598852392298335,POWERPLANT#5,POWERPLANT,repair,22.94849951253311,0.0,22.94849951253311,PERFECT
aging-PERFECT,a781d2546489e692d824d9b320280ae01571da1e18a2fcd6b85d70c19192b086,20260908,0.9.2,117,False,33.15400970032414,ELECTRICAL#11,ELECTRICAL,failure,20.15400970032414,20.15400970032414,20.15400970032414,PERFECT
aging-PERFECT,a781d2546489e692d824d9b320280ae01571da1e18a2fcd6b85d70c19192b086,20260908,0.9.2,117,False,34.80907981078101,ELECTRICAL#11,ELECTRICAL,repair,20.15400970032414,0.0,20.15400970032414,PERFECT
aging-PERFECT,a781d2546489e692d824d9b320280ae01571da1e18a2fcd6b85d70c19192b086,20260908,0.9.2,118,False,10.043314668600841,AVIONICS#2,AVIONICS,failure,21.043314668600843,21.043314668600843,21.043314668600843,PERFECT
aging-PERFECT,a781d2546489e692d824d9b320280ae01571da1e18a2fcd6b85d70c19192b086,20260908,0.9.2,118,False,10.454002453854029,AVIONICS#6,AVIONICS,failure,21.45400245385403,21.45400245385403,21.45400245385403,PERFECT
aging-PERFECT,a781d2546489e692d824d9b320280ae01571da1e18a2fcd6b85d70c19192b086,20260908,0.9.2,118,False,11.06917371874763,AVIONICS#2,AVIONICS,repair,21.043314668600843,0.0,21.043314668600843,PERFECT
aging-PERFECT,a781d2546489e692d824d9b320280ae01571da1e18a2fcd6b85d70c19192b086,20260908,0.9.2,118,False,11.198367466135531,AVIONICS#6,AVIONICS,repair,21.45400245385403,0.0,21.45400245385403,PERFECT
aging-PERFECT,a781d2546489e692d824d9b320280ae01571da1e18a2fcd6b85d70c19192b086,20260908,0.9.2,118,False,34.1264582501015,POWERPLANT#13,POWERPLANT,failure,21.1264582501015,21.1264582501015,21.1264582501015,PERFECT
aging-PERFECT,a781d2546489e692d824d9b320280ae01571da1e18a2fcd6b85d70c19192b086,20260908,0.9.2,118,False,35.591747204208836,POWERPLANT#13,POWERPLANT,repair,21.1264582501015,0.0,21.1264582501015,PERFECT
aging-PERFECT,a781d2546489e692d824d9b320280ae01571da1e18a2fcd6b85d70c19192b086,20260908,0.9.2,119,False,10.28480534508868,POWERPLANT#5,POWERPLANT,failure,21.284805345088678,21.284805345088678,21.284805345088678,PERFECT
aging-PERFECT,a781d2546489e692d824d9b320280ae01571da1e18a2fcd6b85d70c19192b086,20260908,0.9.2,119,False,10.43642747488143,ELECTRICAL#7,ELECTRICAL,failure,21.436427474881427,21.436427474881427,21.436427474881427,PERFECT
aging-PERFECT,a781d2546489e692d824d9b320280ae01571da1e18a2fcd6b85d70c19192b086,20260908,0.9.2,119,False,10.982259327535456,POWERPLANT#5,POWERPLANT,repair,21.284805345088678,0.0,21.284805345088678,PERFECT
aging-PERFECT,a781d2546489e692d824d9b320280ae01571da1e18a2fcd6b85d70c19192b086,20260908,0.9.2,119,False,11.69060428255129,ELECTRICAL#7,ELECTRICAL,repair,21.436427474881427,0.0,21.436427474881427,PERFECT
aging-PERFECT,a781d2546489e692d824d9b320280ae01571da1e18a2fcd6b85d70c19192b086,20260908,0.9.2,120,False,34.37498151453199,POWERPLANT#13,POWERPLANT,failure,21.37498151453199,21.37498151453199,21.37498151453199,PERFECT
aging-PERFECT,a781d2546489e692d824d9b320280ae01571da1e18a2fcd6b85d70c19192b086,20260908,0.9.2,120,False,36.34146451498959,POWERPLANT#13,POWERPLANT,repair,21.37498151453199,0.0,21.37498151453199,PERFECT
aging-PERFECT,a781d2546489e692d824d9b320280ae01571da1e18a2fcd6b85d70c19192b086,20260908,0.9.2,121,False,10.83428926531163,ELECTRICAL#7,ELECTRICAL,failure,21.834289265311632,21.834289265311632,21.834289265311632,PERFECT
aging-PERFECT,a781d2546489e692d824d9b320280ae01571da1e18a2fcd6b85d70c19192b086,20260908,0.9.2,121,False,15.639602005884297,ELECTRICAL#7,ELECTRICAL,repair,21.834289265311632,0.0,21.834289265311632,PERFECT
aging-PERFECT,a781d2546489e692d824d9b320280ae01571da1e18a2fcd6b85d70c19192b086,20260908,0.9.2,121,False,58.35362267493712,AVIONICS#18,AVIONICS,failure,21.35362267493712,21.35362267493712,21.35362267493712,PERFECT
aging-PERFECT,a781d2546489e692d824d9b320280ae01571da1e18a2fcd6b85d70c19192b086,20260908,0.9.2,121,False,60.58535831126375,AVIONICS#18,AVIONICS,repair,21.35362267493712,0.0,21.35362267493712,PERFECT
aging-PERFECT,a781d2546489e692d824d9b320280ae01571da1e18a2fcd6b85d70c19192b086,20260908,0.9.2,124,False,33.07922263329492,POWERPLANT#9,POWERPLANT,failure,20.07922263329492,20.07922263329492,20.07922263329492,PERFECT
aging-PERFECT,a781d2546489e692d824d9b320280ae01571da1e18a2fcd6b85d70c19192b086,20260908,0.9.2,124,False,33.89425248737722,POWERPLANT#9,POWERPLANT,repair,20.07922263329492,0.0,20.07922263329492,PERFECT
aging-PERFECT,a781d2546489e692d824d9b320280ae01571da1e18a2fcd6b85d70c19192b086,20260908,0.9.2,124,False,57.98587508290426,AVIONICS#22,AVIONICS,failure,20.985875082904258,20.985875082904258,20.985875082904258,PERFECT
aging-PERFECT,a781d2546489e692d824d9b320280ae01571da1e18a2fcd6b85d70c19192b086,20260908,0.9.2,124,False,58.93700119555784,AVIONICS#22,AVIONICS,repair,20.985875082904258,0.0,20.985875082904258,PERFECT
aging-PERFECT,a781d2546489e692d824d9b320280ae01571da1e18a2fcd6b85d70c19192b086,20260908,0.9.2,125,False,34.46663263421828,ELECTRICAL#15,ELECTRICAL,failure,21.46663263421828,21.46663263421828,21.46663263421828,PERFECT
aging-PERFECT,a781d2546489e692d824d9b320280ae01571da1e18a2fcd6b85d70c19192b086,20260908,0.9.2,125,False,34.70753746024007,ELECTRICAL#11,ELECTRICAL,failure,21.70753746024007,21.70753746024007,21.70753746024007,PERFECT
aging-PERFECT,a781d2546489e692d824d9b320280ae01571da1e18a2fcd6b85d70c19192b086,20260908,0.9.2,125,False,35.265336095915416,ELECTRICAL#15,ELECTRICAL,repair,21.46663263421828,0.0,21.46663263421828,PERFECT
aging-PERFECT,a781d2546489e692d824d9b320280ae01571da1e18a2fcd6b85d70c19192b086,20260908,0.9.2,125,False,37.37629528017368,ELECTRICAL#11,ELECTRICAL,repair,21.70753746024007,0.0,21.70753746024007,PERFECT
aging-PERFECT,a781d2546489e692d824d9b320280ae01571da1e18a2fcd6b85d70c19192b086,20260908,0.9.2,126,False,35.16799993052359,AVIONICS#10,AVIONICS,failure,22.167999930523592,22.167999930523592,22.167999930523592,PERFECT
aging-PERFECT,a781d2546489e692d824d9b320280ae01571da1e18a2fcd6b85d70c19192b086,20260908,0.9.2,126,False,36.98005541435826,AVIONICS#10,AVIONICS,repair,22.167999930523592,0.0,22.167999930523592,PERFECT
aging-PERFECT,a781d2546489e692d824d9b320280ae01571da1e18a2fcd6b85d70c19192b086,20260908,0.9.2,126,False,58.02981969205761,HYDRAULIC#24,HYDRAULIC,failure,21.029819692057607,21.029819692057607,21.029819692057607,PERFECT
aging-PERFECT,a781d2546489e692d824d9b320280ae01571da1e18a2fcd6b85d70c19192b086,20260908,0.9.2,126,False,58.77174256991391,HYDRAULIC#24,HYDRAULIC,repair,21.029819692057607,0.0,21.029819692057607,PERFECT
aging-PERFECT,a781d2546489e692d824d9b320280ae01571da1e18a2fcd6b85d70c19192b086,20260908,0.9.2,127,False,33.551274238128585,POWERPLANT#9,POWERPLANT,failure,20.551274238128585,20.551274238128585,20.551274238128585,PERFECT
aging-PERFECT,a781d2546489e692d824d9b320280ae01571da1e18a2fcd6b85d70c19192b086,20260908,0.9.2,127,False,36.34652447540571,POWERPLANT#9,POWERPLANT,repair,20.551274238128585,0.0,20.551274238128585,PERFECT
aging-PERFECT,a781d2546489e692d824d9b320280ae01571da1e18a2fcd6b85d70c19192b086,20260908,0.9.2,127,False,59.72583525745736,AVIONICS#18,AVIONICS,failure,22.725835257457362,22.725835257457362,22.725835257457362,PERFECT
aging-PERFECT,a781d2546489e692d824d9b320280ae01571da1e18a2fcd6b85d70c19192b086,20260908,0.9.2,127,False,61.67148204699423,AVIONICS#18,AVIONICS,repair,22.725835257457362,0.0,22.725835257457362,PERFECT
aging-PERFECT,a781d2546489e692d824d9b320280ae01571da1e18a2fcd6b85d70c19192b086,20260908,0.9.2,129,False,11.482154285168331,POWERPLANT#1,POWERPLANT,failure,22.48215428516833,22.48215428516833,22.48215428516833,PERFECT
aging-PERFECT,a781d2546489e692d824d9b320280ae01571da1e18a2fcd6b85d70c19192b086,20260908,0.9.2,129,False,12.646793492862988,POWERPLANT#1,POWERPLANT,repair,22.48215428516833,0.0,22.48215428516833,PERFECT
aging-PERFECT,a781d2546489e692d824d9b320280ae01571da1e18a2fcd6b85d70c19192b086,20260908,0.9.2,129,False,35.20208366716125,HYDRAULIC#16,HYDRAULIC,failure,22.202083667161247,22.202083667161247,22.202083667161247,PERFECT
aging-PERFECT,a781d2546489e692d824d9b320280ae01571da1e18a2fcd6b85d70c19192b086,20260908,0.9.2,129,False,35.365547670559685,POWERPLANT#13,POWERPLANT,failure,22.365547670559685,22.365547670559685,22.365547670559685,PERFECT
aging-PERFECT,a781d2546489e692d824d9b320280ae01571da1e18a2fcd6b85d70c19192b086,20260908,0.9.2,129,False,42.161273387653296,HYDRAULIC#16,HYDRAULIC,repair,22.202083667161247,0.0,22.202083667161247,PERFECT
aging-PERFECT,a781d2546489e692d824d9b320280ae01571da1e18a2fcd6b85d70c19192b086,20260908,0.9.2,129,False,43.93072746792607,POWERPLANT#13,POWERPLANT,repair,22.365547670559685,0.0,22.365547670559685,PERFECT
aging-PERFECT,a781d2546489e692d824d9b320280ae01571da1e18a2fcd6b85d70c19192b086,20260908,0.9.2,130,False,33.967766108767535,AVIONICS#10,AVIONICS,failure,20.967766108767535,20.967766108767535,20.967766108767535,PERFECT
aging-PERFECT,a781d2546489e692d824d9b320280ae01571da1e18a2fcd6b85d70c19192b086,20260908,0.9.2,130,False,35.576972478499144,AVIONICS#10,AVIONICS,repair,20.967766108767535,0.0,20.967766108767535,PERFECT
aging-PERFECT,a781d2546489e692d824d9b320280ae01571da1e18a2fcd6b85d70c19192b086,20260908,0.9.2,131,False,11.6147531793446,ELECTRICAL#7,ELECTRICAL,failure,22.6147531793446,22.6147531793446,22.6147531793446,PERFECT
aging-PERFECT,a781d2546489e692d824d9b320280ae01571da1e18a2fcd6b85d70c19192b086,20260908,0.9.2,131,False,13.125742326913045,ELECTRICAL#7,ELECTRICAL,repair,22.6147531793446,0.0,22.6147531793446,PERFECT
aging-PERFECT,a781d2546489e692d824d9b320280ae01571da1e18a2fcd6b85d70c19192b086,20260908,0.9.2,131,False,59.86718091940436,POWERPLANT#21,POWERPLANT,failure,22.867180919404362,22.867180919404362,22.867180919404362,PERFECT
aging-PERFECT,a781d2546489e692d824d9b320280ae01571da1e18a2fcd6b85d70c19192b086,20260908,0.9.2,131,False,63.700933884784256,POWERPLANT#21,POWERPLANT,repair,22.867180919404362,0.0,22.867180919404362,PERFECT
aging-PERFECT,a781d2546489e692d824d9b320280ae01571da1e18a2fcd6b85d70c19192b086,20260908,0.9.2,132,False,10.644443534572215,AVIONICS#2,AVIONICS,failure,21.644443534572215,21.644443534572215,21.644443534572215,PERFECT
aging-PERFECT,a781d2546489e692d824d9b320280ae01571da1e18a2fcd6b85d70c19192b086,20260908,0.9.2,132,False,11.02075585376631,AVIONICS#6,AVIONICS,failure,22.02075585376631,22.02075585376631,22.02075585376631,PERFECT
aging-PERFECT,a781d2546489e692d824d9b320280ae01571da1e18a2fcd6b85d70c19192b086,20260908,0.9.2,132,False,12.147604134743407,AVIONICS#2,AVIONICS,repair,21.644443534572215,0.0,21.644443534572215,PERFECT
aging-PERFECT,a781d2546489e692d824d9b320280ae01571da1e18a2fcd6b85d70c19192b086,20260908,0.9.2,132,False,14.801239269890864,AVIONICS#6,AVIONICS,repair,22.02075585376631,0.0,22.02075585376631,PERFECT
aging-PERFECT,a781d2546489e692d824d9b320280ae01571da1e18a2fcd6b85d70c19192b086,20260908,0.9.2,133,False,59.01769396224685,ELECTRICAL#23,ELECTRICAL,failure,22.017693962246852,22.017693962246852,22.017693962246852,PERFECT
aging-PERFECT,a781d2546489e692d824d9b320280ae01571da1e18a2fcd6b85d70c19192b086,20260908,0.9.2,133,False,60.0282911586327,ELECTRICAL#23,ELECTRICAL,repair,22.017693962246852,0.0,22.017693962246852,PERFECT
aging-PERFECT,a781d2546489e692d824d9b320280ae01571da1e18a2fcd6b85d70c19192b086,20260908,0.9.2,134,False,33.11897237853493,AVIONICS#14,AVIONICS,failure,20.118972378534927,20.118972378534927,20.118972378534927,PERFECT
aging-PERFECT,a781d2546489e692d824d9b320280ae01571da1e18a2fcd6b85d70c19192b086,20260908,0.9.2,134,False,33.58883871623672,AVIONICS#14,AVIONICS,repair,20.118972378534927,0.0,20.118972378534927,PERFECT
aging-PERFECT,a781d2546489e692d824d9b320280ae01571da1e18a2fcd6b85d70c19192b086,20260908,0.9.2,134,False,57.95227775188797,AVIONICS#18,AVIONICS,failure,20.95227775188797,20.95227775188797,20.95227775188797,PERFECT
aging-PERFECT,a781d2546489e692d824d9b320280ae01571da1e18a2fcd6b85d70c19192b086,20260908,0.9.2,134,False,58.48550008480385,AVIONICS#18,AVIONICS,repair,20.95227775188797,0.0,20.95227775188797,PERFECT
aging-PERFECT,a781d2546489e692d824d9b320280ae01571da1e18a2fcd6b85d70c19192b086,20260908,0.9.2,135,False,10.570344099250221,ELECTRICAL#7,ELECTRICAL,failure,21.57034409925022,21.57034409925022,21.57034409925022,PERFECT
aging-PERFECT,a781d2546489e692d824d9b320280ae01571da1e18a2fcd6b85d70c19192b086,20260908,0.9.2,135,False,12.031860157038226,ELECTRICAL#7,ELECTRICAL,repair,21.57034409925022,0.0,21.57034409925022,PERFECT
aging-PERFECT,a781d2546489e692d824d9b320280ae01571da1e18a2fcd6b85d70c19192b086,20260908,0.9.2,136,False,33.674623476953016,POWERPLANT#13,POWERPLANT,failure,20.674623476953016,20.674623476953016,20.674623476953016,PERFECT
aging-PERFECT,a781d2546489e692d824d9b320280ae01571da1e18a2fcd6b85d70c19192b086,20260908,0.9.2,136,False,35.46382254999203,POWERPLANT#13,POWERPLANT,repair,20.674623476953016,0.0,20.674623476953016,PERFECT
aging-PERFECT,a781d2546489e692d824d9b320280ae01571da1e18a2fcd6b85d70c19192b086,20260908,0.9.2,136,False,57.68532248686811,POWERPLANT#17,POWERPLANT,failure,20.68532248686811,20.68532248686811,20.68532248686811,PERFECT
aging-PERFECT,a781d2546489e692d824d9b320280ae01571da1e18a2fcd6b85d70c19192b086,20260908,0.9.2,136,False,59.45220997848152,POWERPLANT#17,POWERPLANT,repair,20.68532248686811,0.0,20.68532248686811,PERFECT
aging-PERFECT,a781d2546489e692d824d9b320280ae01571da1e18a2fcd6b85d70c19192b086,20260908,0.9.2,137,False,59.190505927939974,AVIONICS#22,AVIONICS,failure,22.190505927939974,22.190505927939974,22.190505927939974,PERFECT
aging-PERFECT,a781d2546489e692d824d9b320280ae01571da1e18a2fcd6b85d70c19192b086,20260908,0.9.2,137,False,60.469414995240236,AVIONICS#22,AVIONICS,repair,22.190505927939974,0.0,22.190505927939974,PERFECT
aging-PERFECT,a781d2546489e692d824d9b320280ae01571da1e18a2fcd6b85d70c19192b086,20260908,0.9.2,138,False,11.572454635219238,AVIONICS#6,AVIONICS,failure,22.572454635219238,22.572454635219238,22.572454635219238,PERFECT
aging-PERFECT,a781d2546489e692d824d9b320280ae01571da1e18a2fcd6b85d70c19192b086,20260908,0.9.2,138,False,13.519303681284017,AVIONICS#6,AVIONICS,repair,22.572454635219238,0.0,22.572454635219238,PERFECT
aging-PERFECT,a781d2546489e692d824d9b320280ae01571da1e18a2fcd6b85d70c19192b086,20260908,0.9.2,138,False,33.94116660953279,AVIONICS#10,AVIONICS,failure,20.941166609532793,20.941166609532793,20.941166609532793,PERFECT
aging-PERFECT,a781d2546489e692d824d9b320280ae01571da1e18a2fcd6b85d70c19192b086,20260908,0.9.2,138,False,34.88513399219956,AVIONICS#10,AVIONICS,repair,20.941166609532793,0.0,20.941166609532793,PERFECT
aging-PERFECT,a781d2546489e692d824d9b320280ae01571da1e18a2fcd6b85d70c19192b086,20260908,0.9.2,138,False,58.10019044010337,AVIONICS#18,AVIONICS,failure,21.10019044010337,21.10019044010337,21.10019044010337,PERFECT
aging-PERFECT,a781d2546489e692d824d9b320280ae01571da1e18a2fcd6b85d70c19192b086,20260908,0.9.2,138,False,62.9498254030358,AVIONICS#18,AVIONICS,repair,21.10019044010337,0.0,21.10019044010337,PERFECT
aging-PERFECT,a781d2546489e692d824d9b320280ae01571da1e18a2fcd6b85d70c19192b086,20260908,0.9.2,139,False,10.685511768207185,POWERPLANT#1,POWERPLANT,failure,21.685511768207185,21.685511768207185,21.685511768207185,PERFECT
aging-PERFECT,a781d2546489e692d824d9b320280ae01571da1e18a2fcd6b85d70c19192b086,20260908,0.9.2,139,False,11.848299123421251,POWERPLANT#1,POWERPLANT,repair,21.685511768207185,0.0,21.685511768207185,PERFECT
aging-PERFECT,a781d2546489e692d824d9b320280ae01571da1e18a2fcd6b85d70c19192b086,20260908,0.9.2,140,False,10.713678438859843,AVIONICS#6,AVIONICS,failure,21.713678438859844,21.713678438859844,21.713678438859844,PERFECT
aging-PERFECT,a781d2546489e692d824d9b320280ae01571da1e18a2fcd6b85d70c19192b086,20260908,0.9.2,140,False,11.69933517861923,AVIONICS#6,AVIONICS,repair,21.713678438859844,0.0,21.713678438859844,PERFECT
aging-PERFECT,a781d2546489e692d824d9b320280ae01571da1e18a2fcd6b85d70c19192b086,20260908,0.9.2,141,False,58.591742961857996,POWERPLANT#21,POWERPLANT,failure,21.591742961857996,21.591742961857996,21.591742961857996,PERFECT
aging-PERFECT,a781d2546489e692d824d9b320280ae01571da1e18a2fcd6b85d70c19192b086,20260908,0.9.2,141,False,65.0863420077068,POWERPLANT#21,POWERPLANT,repair,21.591742961857996,0.0,21.591742961857996,PERFECT
aging-PERFECT,a781d2546489e692d824d9b320280ae01571da1e18a2fcd6b85d70c19192b086,20260908,0.9.2,142,False,33.490190626857704,AVIONICS#14,AVIONICS,failure,20.490190626857704,20.490190626857704,20.490190626857704,PERFECT
aging-PERFECT,a781d2546489e692d824d9b320280ae01571da1e18a2fcd6b85d70c19192b086,20260908,0.9.2,142,False,35.90249412227215,AVIONICS#14,AVIONICS,repair,20.490190626857704,0.0,20.490190626857704,PERFECT
aging-PERFECT,a781d2546489e692d824d9b320280ae01571da1e18a2fcd6b85d70c19192b086,20260908,0.9.2,142,False,59.30455943806821,AVIONICS#18,AVIONICS,failure,22.30455943806821,22.30455943806821,22.30455943806821,PERFECT
aging-PERFECT,a781d2546489e692d824d9b320280ae01571da1e18a2fcd6b85d70c19192b086,20260908,0.9.2,142,False,59.781650944239274,ELECTRICAL#19,ELECTRICAL,failure,22.781650944239274,22.781650944239274,22.781650944239274,PERFECT
aging-PERFECT,a781d2546489e692d824d9b320280ae01571da1e18a2fcd6b85d70c19192b086,20260908,0.9.2,142,False,60.53125290486761,AVIONICS#18,AVIONICS,repair,22.30455943806821,0.0,22.30455943806821,PERFECT
aging-PERFECT,a781d2546489e692d824d9b320280ae01571da1e18a2fcd6b85d70c19192b086,20260908,0.9.2,142,False,66.60840230594438,ELECTRICAL#19,ELECTRICAL,repair,22.781650944239274,0.0,22.781650944239274,PERFECT
aging-PERFECT,a781d2546489e692d824d9b320280ae01571da1e18a2fcd6b85d70c19192b086,20260908,0.9.2,143,False,10.632963810414708,AVIONICS#2,AVIONICS,failure,21.632963810414708,21.632963810414708,21.632963810414708,PERFECT
aging-PERFECT,a781d2546489e692d824d9b320280ae01571da1e18a2fcd6b85d70c19192b086,20260908,0.9.2,143,False,11.431713652034537,AVIONICS#2,AVIONICS,repair,21.632963810414708,0.0,21.632963810414708,PERFECT
aging-PERFECT,a781d2546489e692d824d9b320280ae01571da1e18a2fcd6b85d70c19192b086,20260908,0.9.2,143,False,59.46421529137481,AVIONICS#22,AVIONICS,failure,22.464215291374813,22.464215291374813,22.464215291374813,PERFECT
aging-PERFECT,a781d2546489e692d824d9b320280ae01571da1e18a2fcd6b85d70c19192b086,20260908,0.9.2,143,False,67.75350119541218,AVIONICS#22,AVIONICS,repair,22.464215291374813,0.0,22.464215291374813,PERFECT
aging-PERFECT,a781d2546489e692d824d9b320280ae01571da1e18a2fcd6b85d70c19192b086,20260908,0.9.2,144,False,33.192346287256356,POWERPLANT#13,POWERPLANT,failure,20.192346287256356,20.192346287256356,20.192346287256356,PERFECT
aging-PERFECT,a781d2546489e692d824d9b320280ae01571da1e18a2fcd6b85d70c19192b086,20260908,0.9.2,144,False,34.32961723381569,POWERPLANT#13,POWERPLANT,repair,20.192346287256356,0.0,20.192346287256356,PERFECT
aging-PERFECT,a781d2546489e692d824d9b320280ae01571da1e18a2fcd6b85d70c19192b086,20260908,0.9.2,145,False,10.656999453310718,POWERPLANT#5,POWERPLANT,failure,21.656999453310718,21.656999453310718,21.656999453310718,PERFECT
aging-PERFECT,a781d2546489e692d824d9b320280ae01571da1e18a2fcd6b85d70c19192b086,20260908,0.9.2,145,False,17.22820993393824,POWERPLANT#5,POWERPLANT,repair,21.656999453310718,0.0,21.656999453310718,PERFECT
aging-PERFECT,a781d2546489e692d824d9b320280ae01571da1e18a2fcd6b85d70c19192b086,20260908,0.9.2,147,False,9.814391252995781,ELECTRICAL#3,ELECTRICAL,failure,20.814391252995783,20.814391252995783,20.814391252995783,PERFECT
aging-PERFECT,a781d2546489e692d824d9b320280ae01571da1e18a2fcd6b85d70c19192b086,20260908,0.9.2,147,False,12.511799251771084,ELECTRICAL#3,ELECTRICAL,repair,20.814391252995783,0.0,20.814391252995783,PERFECT
aging-PERFECT,a781d2546489e692d824d9b320280ae01571da1e18a2fcd6b85d70c19192b086,20260908,0.9.2,147,False,35.21984542339996,ELECTRICAL#11,ELECTRICAL,failure,22.21984542339996,22.21984542339996,22.21984542339996,PERFECT
aging-PERFECT,a781d2546489e692d824d9b320280ae01571da1e18a2fcd6b85d70c19192b086,20260908,0.9.2,147,False,36.676425262205015,ELECTRICAL#11,ELECTRICAL,repair,22.21984542339996,0.0,22.21984542339996,PERFECT
aging-PERFECT,a781d2546489e692d824d9b320280ae01571da1e18a2fcd6b85d70c19192b086,20260908,0.9.2,148,False,34.597045055485474,POWERPLANT#9,POWERPLANT,failure,21.597045055485474,21.597045055485474,21.597045055485474,PERFECT
aging-PERFECT,a781d2546489e692d824d9b320280ae01571da1e18a2fcd6b85d70c19192b086,20260908,0.9.2,148,False,36.23791824143,POWERPLANT#9,POWERPLANT,repair,21.597045055485474,0.0,21.597045055485474,PERFECT
aging-PERFECT,a781d2546489e692d824d9b320280ae01571da1e18a2fcd6b85d70c19192b086,20260908,0.9.2,148,False,57.19333489526011,HYDRAULIC#20,HYDRAULIC,failure,20.193334895260108,20.193334895260108,20.193334895260108,PERFECT
aging-PERFECT,a781d2546489e692d824d9b320280ae01571da1e18a2fcd6b85d70c19192b086,20260908,0.9.2,148,False,58.72476703787305,HYDRAULIC#20,HYDRAULIC,repair,20.193334895260108,0.0,20.193334895260108,PERFECT
aging-PERFECT,a781d2546489e692d824d9b320280ae01571da1e18a2fcd6b85d70c19192b086,20260908,0.9.2,149,False,33.15027859254457,ELECTRICAL#11,ELECTRICAL,failure,20.150278592544574,20.150278592544574,20.150278592544574,PERFECT
aging-PERFECT,a781d2546489e692d824d9b320280ae01571da1e18a2fcd6b85d70c19192b086,20260908,0.9.2,149,False,36.2318523714239,ELECTRICAL#11,ELECTRICAL,repair,20.150278592544574,0.0,20.150278592544574,PERFECT
aging-PERFECT,a781d2546489e692d824d9b320280ae01571da1e18a2fcd6b85d70c19192b086,20260908,0.9.2,150,False,9.438483753857675,POWERPLANT#1,POWERPLANT,failure,20.438483753857675,20.438483753857675,20.438483753857675,PERFECT
aging-PERFECT,a781d2546489e692d824d9b320280ae01571da1e18a2fcd6b85d70c19192b086,20260908,0.9.2,150,False,11.539376449145308,POWERPLANT#1,POWERPLANT,repair,20.438483753857675,0.0,20.438483753857675,PERFECT
aging-PERFECT,a781d2546489e692d824d9b320280ae01571da1e18a2fcd6b85d70c19192b086,20260908,0.9.2,150,False,33.982908506071134,AVIONICS#14,AVIONICS,failure,20.982908506071134,20.982908506071134,20.982908506071134,PERFECT
aging-PERFECT,a781d2546489e692d824d9b320280ae01571da1e18a2fcd6b85d70c19192b086,20260908,0.9.2,150,False,35.211089945064764,AVIONICS#14,AVIONICS,repair,20.982908506071134,0.0,20.982908506071134,PERFECT
aging-PERFECT,a781d2546489e692d824d9b320280ae01571da1e18a2fcd6b85d70c19192b086,20260908,0.9.2,151,False,34.12201875431691,HYDRAULIC#12,HYDRAULIC,failure,21.122018754316912,21.122018754316912,21.122018754316912,PERFECT
aging-PERFECT,a781d2546489e692d824d9b320280ae01571da1e18a2fcd6b85d70c19192b086,20260908,0.9.2,151,False,35.43770959154938,HYDRAULIC#12,HYDRAULIC,repair,21.122018754316912,0.0,21.122018754316912,PERFECT
aging-PERFECT,a781d2546489e692d824d9b320280ae01571da1e18a2fcd6b85d70c19192b086,20260908,0.9.2,152,False,35.49945097849881,POWERPLANT#9,POWERPLANT,failure,22.499450978498807,22.499450978498807,22.499450978498807,PERFECT
aging-PERFECT,a781d2546489e692d824d9b320280ae01571da1e18a2fcd6b85d70c19192b086,20260908,0.9.2,152,False,37.04450576581588,POWERPLANT#9,POWERPLANT,repair,22.499450978498807,0.0,22.499450978498807,PERFECT
aging-PERFECT,a781d2546489e692d824d9b320280ae01571da1e18a2fcd6b85d70c19192b086,20260908,0.9.2,152,False,59.77245875072502,HYDRAULIC#20,HYDRAULIC,failure,22.772458750725022,22.772458750725022,22.772458750725022,PERFECT
aging-PERFECT,a781d2546489e692d824d9b320280ae01571da1e18a2fcd6b85d70c19192b086,20260908,0.9.2,152,False,61.03275439717893,HYDRAULIC#20,HYDRAULIC,repair,22.772458750725022,0.0,22.772458750725022,PERFECT
aging-PERFECT,a781d2546489e692d824d9b320280ae01571da1e18a2fcd6b85d70c19192b086,20260908,0.9.2,153,False,11.060801213918765,AVIONICS#6,AVIONICS,failure,22.060801213918765,22.060801213918765,22.060801213918765,PERFECT
aging-PERFECT,a781d2546489e692d824d9b320280ae01571da1e18a2fcd6b85d70c19192b086,20260908,0.9.2,153,False,12.018407982550809,AVIONICS#6,AVIONICS,repair,22.060801213918765,0.0,22.060801213918765,PERFECT
aging-PERFECT,a781d2546489e692d824d9b320280ae01571da1e18a2fcd6b85d70c19192b086,20260908,0.9.2,153,False,58.450189611972995,HYDRAULIC#20,HYDRAULIC,failure,21.450189611972995,21.450189611972995,21.450189611972995,PERFECT
aging-PERFECT,a781d2546489e692d824d9b320280ae01571da1e18a2fcd6b85d70c19192b086,20260908,0.9.2,153,False,63.37063365135612,HYDRAULIC#20,HYDRAULIC,repair,21.450189611972995,0.0,21.450189611972995,PERFECT
aging-PERFECT,a781d2546489e692d824d9b320280ae01571da1e18a2fcd6b85d70c19192b086,20260908,0.9.2,154,False,57.29773314197236,AVIONICS#22,AVIONICS,failure,20.29773314197236,20.29773314197236,20.29773314197236,PERFECT
aging-PERFECT,a781d2546489e692d824d9b320280ae01571da1e18a2fcd6b85d70c19192b086,20260908,0.9.2,154,False,58.36447899196252,AVIONICS#22,AVIONICS,repair,20.29773314197236,0.0,20.29773314197236,PERFECT
aging-PERFECT,a781d2546489e692d824d9b320280ae01571da1e18a2fcd6b85d70c19192b086,20260908,0.9.2,155,False,58.03573332046188,POWERPLANT#17,POWERPLANT,failure,21.03573332046188,21.03573332046188,21.03573332046188,PERFECT
aging-PERFECT,a781d2546489e692d824d9b320280ae01571da1e18a2fcd6b85d70c19192b086,20260908,0.9.2,155,False,59.6328145006441,POWERPLANT#17,POWERPLANT,repair,21.03573332046188,0.0,21.03573332046188,PERFECT
aging-PERFECT,a781d2546489e692d824d9b320280ae01571da1e18a2fcd6b85d70c19192b086,20260908,0.9.2,156,False,59.00561012783012,POWERPLANT#21,POWERPLANT,failure,22.005610127830117,22.005610127830117,22.005610127830117,PERFECT
aging-PERFECT,a781d2546489e692d824d9b320280ae01571da1e18a2fcd6b85d70c19192b086,20260908,0.9.2,156,False,60.56182814728483,POWERPLANT#21,POWERPLANT,repair,22.005610127830117,0.0,22.005610127830117,PERFECT
aging-PERFECT,a781d2546489e692d824d9b320280ae01571da1e18a2fcd6b85d70c19192b086,20260908,0.9.2,157,False,11.68391766596233,AVIONICS#2,AVIONICS,failure,22.68391766596233,22.68391766596233,22.68391766596233,PERFECT
aging-PERFECT,a781d2546489e692d824d9b320280ae01571da1e18a2fcd6b85d70c19192b086,20260908,0.9.2,157,False,13.354057318357913,AVIONICS#2,AVIONICS,repair,22.68391766596233,0.0,22.68391766596233,PERFECT
aging-PERFECT,a781d2546489e692d824d9b320280ae01571da1e18a2fcd6b85d70c19192b086,20260908,0.9.2,158,False,33.61380319809893,AVIONICS#14,AVIONICS,failure,20.61380319809893,20.61380319809893,20.61380319809893,PERFECT
aging-PERFECT,a781d2546489e692d824d9b320280ae01571da1e18a2fcd6b85d70c19192b086,20260908,0.9.2,158,False,36.0327149849617,AVIONICS#14,AVIONICS,repair,20.61380319809893,0.0,20.61380319809893,PERFECT
aging-PERFECT,a781d2546489e692d824d9b320280ae01571da1e18a2fcd6b85d70c19192b086,20260908,0.9.2,159,False,9.98916577613379,POWERPLANT#1,POWERPLANT,failure,20.989165776133788,20.989165776133788,20.989165776133788,PERFECT
aging-PERFECT,a781d2546489e692d824d9b320280ae01571da1e18a2fcd6b85d70c19192b086,20260908,0.9.2,159,False,11.793789541165483,POWERPLANT#1,POWERPLANT,repair,20.989165776133788,0.0,20.989165776133788,PERFECT
aging-PERFECT,a781d2546489e692d824d9b320280ae01571da1e18a2fcd6b85d70c19192b086,20260908,0.9.2,160,False,33.48557995738784,AVIONICS#14,AVIONICS,failure,20.48557995738784,20.48557995738784,20.48557995738784,PERFECT
aging-PERFECT,a781d2546489e692d824d9b320280ae01571da1e18a2fcd6b85d70c19192b086,20260908,0.9.2,160,False,36.364468576323894,AVIONICS#14,AVIONICS,repair,20.48557995738784,0.0,20.48557995738784,PERFECT
aging-PERFECT,a781d2546489e692d824d9b320280ae01571da1e18a2fcd6b85d70c19192b086,20260908,0.9.2,161,False,11.015251780332878,HYDRAULIC#8,HYDRAULIC,failure,22.01525178033288,22.01525178033288,22.01525178033288,PERFECT
aging-PERFECT,a781d2546489e692d824d9b320280ae01571da1e18a2fcd6b85d70c19192b086,20260908,0.9.2,161,False,13.294306374474381,HYDRAULIC#8,HYDRAULIC,repair,22.01525178033288,0.0,22.01525178033288,PERFECT
aging-PERFECT,a781d2546489e692d824d9b320280ae01571da1e18a2fcd6b85d70c19192b086,20260908,0.9.2,161,False,34.45746577594861,POWERPLANT#13,POWERPLANT,failure,21.457465775948613,21.457465775948613,21.457465775948613,PERFECT
aging-PERFECT,a781d2546489e692d824d9b320280ae01571da1e18a2fcd6b85d70c19192b086,20260908,0.9.2,161,False,35.46773506674396,POWERPLANT#13,POWERPLANT,repair,21.457465775948613,0.0,21.457465775948613,PERFECT
aging-PERFECT,a781d2546489e692d824d9b320280ae01571da1e18a2fcd6b85d70c19192b086,20260908,0.9.2,161,False,57.3529371586539,POWERPLANT#17,POWERPLANT,failure,20.3529371586539,20.3529371586539,20.3529371586539,PERFECT
aging-PERFECT,a781d2546489e692d824d9b320280ae01571da1e18a2fcd6b85d70c19192b086,20260908,0.9.2,161,False,58.93117056191575,POWERPLANT#17,POWERPLANT,repair,20.3529371586539,0.0,20.3529371586539,PERFECT
aging-PERFECT,a781d2546489e692d824d9b320280ae01571da1e18a2fcd6b85d70c19192b086,20260908,0.9.2,162,False,9.700368946427188,POWERPLANT#1,POWERPLANT,failure,20.70036894642719,20.70036894642719,20.70036894642719,PERFECT
aging-PERFECT,a781d2546489e692d824d9b320280ae01571da1e18a2fcd6b85d70c19192b086,20260908,0.9.2,162,False,11.652001766016268,POWERPLANT#1,POWERPLANT,repair,20.70036894642719,0.0,20.70036894642719,PERFECT
aging-PERFECT,a781d2546489e692d824d9b320280ae01571da1e18a2fcd6b85d70c19192b086,20260908,0.9.2,162,False,34.25040011307895,AVIONICS#10,AVIONICS,failure,21.250400113078953,21.250400113078953,21.250400113078953,PERFECT
aging-PERFECT,a781d2546489e692d824d9b320280ae01571da1e18a2fcd6b85d70c19192b086,20260908,0.9.2,162,False,35.18194393773251,AVIONICS#10,AVIONICS,repair,21.250400113078953,0.0,21.250400113078953,PERFECT
aging-PERFECT,a781d2546489e692d824d9b320280ae01571da1e18a2fcd6b85d70c19192b086,20260908,0.9.2,162,False,57.109449255841824,ELECTRICAL#19,ELECTRICAL,failure,20.109449255841824,20.109449255841824,20.109449255841824,PERFECT
aging-PERFECT,a781d2546489e692d824d9b320280ae01571da1e18a2fcd6b85d70c19192b086,20260908,0.9.2,162,False,63.5531521804548,ELECTRICAL#19,ELECTRICAL,repair,20.109449255841824,0.0,20.109449255841824,PERFECT
aging-PERFECT,a781d2546489e692d824d9b320280ae01571da1e18a2fcd6b85d70c19192b086,20260908,0.9.2,164,False,10.739414852108524,AVIONICS#6,AVIONICS,failure,21.739414852108524,21.739414852108524,21.739414852108524,PERFECT
aging-PERFECT,a781d2546489e692d824d9b320280ae01571da1e18a2fcd6b85d70c19192b086,20260908,0.9.2,164,False,14.899345628473508,AVIONICS#6,AVIONICS,repair,21.739414852108524,0.0,21.739414852108524,PERFECT
aging-PERFECT,a781d2546489e692d824d9b320280ae01571da1e18a2fcd6b85d70c19192b086,20260908,0.9.2,164,False,33.22834060310947,POWERPLANT#9,POWERPLANT,failure,20.228340603109473,20.228340603109473,20.228340603109473,PERFECT
aging-PERFECT,a781d2546489e692d824d9b320280ae01571da1e18a2fcd6b85d70c19192b086,20260908,0.9.2,164,False,33.488856868124785,POWERPLANT#9,POWERPLANT,repair,20.228340603109473,0.0,20.228340603109473,PERFECT
aging-PERFECT,a781d2546489e692d824d9b320280ae01571da1e18a2fcd6b85d70c19192b086,20260908,0.9.2,166,False,10.958905379303989,POWERPLANT#5,POWERPLANT,failure,21.95890537930399,21.95890537930399,21.95890537930399,PERFECT
aging-PERFECT,a781d2546489e692d824d9b320280ae01571da1e18a2fcd6b85d70c19192b086,20260908,0.9.2,166,False,11.232415599154217,HYDRAULIC#4,HYDRAULIC,failure,22.232415599154216,22.232415599154216,22.232415599154216,PERFECT
aging-PERFECT,a781d2546489e692d824d9b320280ae01571da1e18a2fcd6b85d70c19192b086,20260908,0.9.2,166,False,11.99575281625084,POWERPLANT#5,POWERPLANT,repair,21.95890537930399,0.0,21.95890537930399,PERFECT
aging-PERFECT,a781d2546489e692d824d9b320280ae01571da1e18a2fcd6b85d70c19192b086,20260908,0.9.2,166,False,13.02856558807656,HYDRAULIC#4,HYDRAULIC,repair,22.232415599154216,0.0,22.232415599154216,PERFECT
aging-PERFECT,a781d2546489e692d824d9b320280ae01571da1e18a2fcd6b85d70c19192b086,20260908,0.9.2,166,False,33.74404647535513,HYDRAULIC#12,HYDRAULIC,failure,20.744046475355127,20.744046475355127,20.744046475355127,PERFECT
aging-PERFECT,a781d2546489e692d824d9b320280ae01571da1e18a2fcd6b85d70c19192b086,20260908,0.9.2,166,False,35.57763333625932,HYDRAULIC#12,HYDRAULIC,repair,20.744046475355127,0.0,20.744046475355127,PERFECT
aging-PERFECT,a781d2546489e692d824d9b320280ae01571da1e18a2fcd6b85d70c19192b086,20260908,0.9.2,167,False,9.928832934565174,ELECTRICAL#3,ELECTRICAL,failure,20.928832934565172,20.928832934565172,20.928832934565172,PERFECT
aging-PERFECT,a781d2546489e692d824d9b320280ae01571da1e18a2fcd6b85d70c19192b086,20260908,0.9.2,167,False,10.585618619603249,ELECTRICAL#3,ELECTRICAL,repair,20.928832934565172,0.0,20.928832934565172,PERFECT
aging-PERFECT,a781d2546489e692d824d9b320280ae01571da1e18a2fcd6b85d70c19192b086,20260908,0.9.2,167,False,34.2627124646329,AVIONICS#14,AVIONICS,failure,21.262712464632898,21.262712464632898,21.262712464632898,PERFECT
aging-PERFECT,a781d2546489e692d824d9b320280ae01571da1e18a2fcd6b85d70c19192b086,20260908,0.9.2,167,False,36.00907862742524,AVIONICS#14,AVIONICS,repair,21.262712464632898,0.0,21.262712464632898,PERFECT
aging-PERFECT,a781d2546489e692d824d9b320280ae01571da1e18a2fcd6b85d70c19192b086,20260908,0.9.2,168,False,9.441210094061873,ELECTRICAL#3,ELECTRICAL,failure,20.441210094061873,20.441210094061873,20.441210094061873,PERFECT
aging-PERFECT,a781d2546489e692d824d9b320280ae01571da1e18a2fcd6b85d70c19192b086,20260908,0.9.2,168,False,12.020389801850573,ELECTRICAL#3,ELECTRICAL,repair,20.441210094061873,0.0,20.441210094061873,PERFECT
aging-PERFECT,a781d2546489e692d824d9b320280ae01571da1e18a2fcd6b85d70c19192b086,20260908,0.9.2,168,False,34.869563990493816,AVIONICS#14,AVIONICS,failure,21.869563990493816,21.869563990493816,21.869563990493816,PERFECT
aging-PERFECT,a781d2546489e692d824d9b320280ae01571da1e18a2fcd6b85d70c19192b086,20260908,0.9.2,168,False,38.019882098679076,AVIONICS#14,AVIONICS,repair,21.869563990493816,0.0,21.869563990493816,PERFECT
aging-PERFECT,a781d2546489e692d824d9b320280ae01571da1e18a2fcd6b85d70c19192b086,20260908,0.9.2,168,False,57.57843599585363,HYDRAULIC#24,HYDRAULIC,failure,20.57843599585363,20.57843599585363,20.57843599585363,PERFECT
aging-PERFECT,a781d2546489e692d824d9b320280ae01571da1e18a2fcd6b85d70c19192b086,20260908,0.9.2,168,False,58.20544424645297,HYDRAULIC#24,HYDRAULIC,repair,20.57843599585363,0.0,20.57843599585363,PERFECT
aging-PERFECT,a781d2546489e692d824d9b320280ae01571da1e18a2fcd6b85d70c19192b086,20260908,0.9.2,169,False,9.498519054756873,ELECTRICAL#7,ELECTRICAL,failure,20.498519054756873,20.498519054756873,20.498519054756873,PERFECT
aging-PERFECT,a781d2546489e692d824d9b320280ae01571da1e18a2fcd6b85d70c19192b086,20260908,0.9.2,169,False,9.671960139253404,AVIONICS#2,AVIONICS,failure,20.671960139253404,20.671960139253404,20.671960139253404,PERFECT
aging-PERFECT,a781d2546489e692d824d9b320280ae01571da1e18a2fcd6b85d70c19192b086,20260908,0.9.2,169,False,10.72098526441908,AVIONICS#2,AVIONICS,repair,20.671960139253404,0.0,20.671960139253404,PERFECT
aging-PERFECT,a781d2546489e692d824d9b320280ae01571da1e18a2fcd6b85d70c19192b086,20260908,0.9.2,169,False,12.157724863457407,ELECTRICAL#7,ELECTRICAL,repair,20.498519054756873,0.0,20.498519054756873,PERFECT
aging-PERFECT,a781d2546489e692d824d9b320280ae01571da1e18a2fcd6b85d70c19192b086,20260908,0.9.2,170,False,35.407410503848645,ELECTRICAL#15,ELECTRICAL,failure,22.407410503848645,22.407410503848645,22.407410503848645,PERFECT
aging-PERFECT,a781d2546489e692d824d9b320280ae01571da1e18a2fcd6b85d70c19192b086,20260908,0.9.2,170,False,36.729714190702225,ELECTRICAL#15,ELECTRICAL,repair,22.407410503848645,0.0,22.407410503848645,PERFECT
aging-PERFECT,a781d2546489e692d824d9b320280ae01571da1e18a2fcd6b85d70c19192b086,20260908,0.9.2,171,False,33.054771002352375,HYDRAULIC#12,HYDRAULIC,failure,20.054771002352375,20.054771002352375,20.054771002352375,PERFECT
aging-PERFECT,a781d2546489e692d824d9b320280ae01571da1e18a2fcd6b85d70c19192b086,20260908,0.9.2,171,False,38.969080153276025,HYDRAULIC#12,HYDRAULIC,repair,20.054771002352375,0.0,20.054771002352375,PERFECT
aging-PERFECT,a781d2546489e692d824d9b320280ae01571da1e18a2fcd6b85d70c19192b086,20260908,0.9.2,173,False,10.956999082633933,HYDRAULIC#8,HYDRAULIC,failure,21.956999082633935,21.956999082633935,21.956999082633935,PERFECT
aging-PERFECT,a781d2546489e692d824d9b320280ae01571da1e18a2fcd6b85d70c19192b086,20260908,0.9.2,173,False,12.752809048381515,HYDRAULIC#8,HYDRAULIC,repair,21.956999082633935,0.0,21.956999082633935,PERFECT
aging-PERFECT,a781d2546489e692d824d9b320280ae01571da1e18a2fcd6b85d70c19192b086,20260908,0.9.2,173,False,57.223658482703584,HYDRAULIC#24,HYDRAULIC,failure,20.223658482703584,20.223658482703584,20.223658482703584,PERFECT
aging-PERFECT,a781d2546489e692d824d9b320280ae01571da1e18a2fcd6b85d70c19192b086,20260908,0.9.2,173,False,59.074867715694765,HYDRAULIC#24,HYDRAULIC,repair,20.223658482703584,0.0,20.223658482703584,PERFECT
aging-PERFECT,a781d2546489e692d824d9b320280ae01571da1e18a2fcd6b85d70c19192b086,20260908,0.9.2,174,False,58.583086755408814,POWERPLANT#21,POWERPLANT,failure,21.583086755408814,21.583086755408814,21.583086755408814,PERFECT
aging-PERFECT,a781d2546489e692d824d9b320280ae01571da1e18a2fcd6b85d70c19192b086,20260908,0.9.2,174,False,59.703715361352785,POWERPLANT#21,POWERPLANT,repair,21.583086755408814,0.0,21.583086755408814,PERFECT
aging-PERFECT,a781d2546489e692d824d9b320280ae01571da1e18a2fcd6b85d70c19192b086,20260908,0.9.2,175,False,35.29844511636237,AVIONICS#14,AVIONICS,failure,22.298445116362373,22.298445116362373,22.298445116362373,PERFECT
aging-PERFECT,a781d2546489e692d824d9b320280ae01571da1e18a2fcd6b85d70c19192b086,20260908,0.9.2,175,False,41.00326387481938,AVIONICS#14,AVIONICS,repair,22.298445116362373,0.0,22.298445116362373,PERFECT
aging-PERFECT,a781d2546489e692d824d9b320280ae01571da1e18a2fcd6b85d70c19192b086,20260908,0.9.2,175,False,57.623666333418505,ELECTRICAL#23,ELECTRICAL,failure,20.623666333418505,20.623666333418505,20.623666333418505,PERFECT
aging-PERFECT,a781d2546489e692d824d9b320280ae01571da1e18a2fcd6b85d70c19192b086,20260908,0.9.2,175,False,59.980656030798514,ELECTRICAL#23,ELECTRICAL,repair,20.623666333418505,0.0,20.623666333418505,PERFECT
aging-PERFECT,a781d2546489e692d824d9b320280ae01571da1e18a2fcd6b85d70c19192b086,20260908,0.9.2,176,False,10.36859551922423,ELECTRICAL#3,ELECTRICAL,failure,21.36859551922423,21.36859551922423,21.36859551922423,PERFECT
aging-PERFECT,a781d2546489e692d824d9b320280ae01571da1e18a2fcd6b85d70c19192b086,20260908,0.9.2,176,False,11.155680038101158,ELECTRICAL#3,ELECTRICAL,repair,21.36859551922423,0.0,21.36859551922423,PERFECT
aging-PERFECT,a781d2546489e692d824d9b320280ae01571da1e18a2fcd6b85d70c19192b086,20260908,0.9.2,176,False,35.12051253932747,HYDRAULIC#12,HYDRAULIC,failure,22.12051253932747,22.12051253932747,22.12051253932747,PERFECT
aging-PERFECT,a781d2546489e692d824d9b320280ae01571da1e18a2fcd6b85d70c19192b086,20260908,0.9.2,176,False,42.17839218205235,HYDRAULIC#12,HYDRAULIC,repair,22.12051253932747,0.0,22.12051253932747,PERFECT
aging-PERFECT,a781d2546489e692d824d9b320280ae01571da1e18a2fcd6b85d70c19192b086,20260908,0.9.2,176,False,57.36785471812386,POWERPLANT#17,POWERPLANT,failure,20.36785471812386,20.36785471812386,20.36785471812386,PERFECT
aging-PERFECT,a781d2546489e692d824d9b320280ae01571da1e18a2fcd6b85d70c19192b086,20260908,0.9.2,176,False,59.62637775575129,POWERPLANT#17,POWERPLANT,repair,20.36785471812386,0.0,20.36785471812386,PERFECT
aging-PERFECT,a781d2546489e692d824d9b320280ae01571da1e18a2fcd6b85d70c19192b086,20260908,0.9.2,178,False,9.50834914915635,HYDRAULIC#8,HYDRAULIC,failure,20.508349149156352,20.508349149156352,20.508349149156352,PERFECT
aging-PERFECT,a781d2546489e692d824d9b320280ae01571da1e18a2fcd6b85d70c19192b086,20260908,0.9.2,178,False,12.750296153084177,HYDRAULIC#8,HYDRAULIC,repair,20.508349149156352,0.0,20.508349149156352,PERFECT
aging-PERFECT,a781d2546489e692d824d9b320280ae01571da1e18a2fcd6b85d70c19192b086,20260908,0.9.2,178,False,59.03783764176471,HYDRAULIC#20,HYDRAULIC,failure,22.03783764176471,22.03783764176471,22.03783764176471,PERFECT
aging-PERFECT,a781d2546489e692d824d9b320280ae01571da1e18a2fcd6b85d70c19192b086,20260908,0.9.2,178,False,59.20712093145112,ELECTRICAL#23,ELECTRICAL,failure,22.207120931451122,22.207120931451122,22.207120931451122,PERFECT
aging-PERFECT,a781d2546489e692d824d9b320280ae01571da1e18a2fcd6b85d70c19192b086,20260908,0.9.2,178,False,60.86376770987654,ELECTRICAL#23,ELECTRICAL,repair,22.207120931451122,0.0,22.207120931451122,PERFECT
aging-PERFECT,a781d2546489e692d824d9b320280ae01571da1e18a2fcd6b85d70c19192b086,20260908,0.9.2,178,False,62.90914776724808,HYDRAULIC#20,HYDRAULIC,repair,22.03783764176471,0.0,22.03783764176471,PERFECT
aging-PERFECT,a781d2546489e692d824d9b320280ae01571da1e18a2fcd6b85d70c19192b086,20260908,0.9.2,179,False,9.697045394426707,POWERPLANT#1,POWERPLANT,failure,20.69704539442671,20.69704539442671,20.69704539442671,PERFECT
aging-PERFECT,a781d2546489e692d824d9b320280ae01571da1e18a2fcd6b85d70c19192b086,20260908,0.9.2,179,False,10.862988463182631,POWERPLANT#1,POWERPLANT,repair,20.69704539442671,0.0,20.69704539442671,PERFECT
aging-PERFECT,a781d2546489e692d824d9b320280ae01571da1e18a2fcd6b85d70c19192b086,20260908,0.9.2,180,False,11.051529818745447,POWERPLANT#1,POWERPLANT,failure,22.051529818745447,22.051529818745447,22.051529818745447,PERFECT
aging-PERFECT,a781d2546489e692d824d9b320280ae01571da1e18a2fcd6b85d70c19192b086,20260908,0.9.2,180,False,14.447475743261151,POWERPLANT#1,POWERPLANT,repair,22.051529818745447,0.0,22.051529818745447,PERFECT
aging-PERFECT,a781d2546489e692d824d9b320280ae01571da1e18a2fcd6b85d70c19192b086,20260908,0.9.2,180,False,34.778450339465806,AVIONICS#14,AVIONICS,failure,21.778450339465806,21.778450339465806,21.778450339465806,PERFECT
aging-PERFECT,a781d2546489e692d824d9b320280ae01571da1e18a2fcd6b85d70c19192b086,20260908,0.9.2,180,False,37.5108736664369,AVIONICS#14,AVIONICS,repair,21.778450339465806,0.0,21.778450339465806,PERFECT
aging-PERFECT,a781d2546489e692d824d9b320280ae01571da1e18a2fcd6b85d70c19192b086,20260908,0.9.2,180,False,59.90017063886003,ELECTRICAL#19,ELECTRICAL,failure,22.900170638860033,22.900170638860033,22.900170638860033,PERFECT
aging-PERFECT,a781d2546489e692d824d9b320280ae01571da1e18a2fcd6b85d70c19192b086,20260908,0.9.2,180,False,60.48679471354895,ELECTRICAL#19,ELECTRICAL,repair,22.900170638860033,0.0,22.900170638860033,PERFECT
aging-PERFECT,a781d2546489e692d824d9b320280ae01571da1e18a2fcd6b85d70c19192b086,20260908,0.9.2,181,False,34.016677508683536,ELECTRICAL#11,ELECTRICAL,failure,21.016677508683536,21.016677508683536,21.016677508683536,PERFECT
aging-PERFECT,a781d2546489e692d824d9b320280ae01571da1e18a2fcd6b85d70c19192b086,20260908,0.9.2,181,False,34.56546572327644,ELECTRICAL#11,ELECTRICAL,repair,21.016677508683536,0.0,21.016677508683536,PERFECT
aging-PERFECT,a781d2546489e692d824d9b320280ae01571da1e18a2fcd6b85d70c19192b086,20260908,0.9.2,181,False,58.990100885176126,HYDRAULIC#20,HYDRAULIC,failure,21.990100885176126,21.990100885176126,21.990100885176126,PERFECT
aging-PERFECT,a781d2546489e692d824d9b320280ae01571da1e18a2fcd6b85d70c19192b086,20260908,0.9.2,181,False,61.64695180298322,HYDRAULIC#20,HYDRAULIC,repair,21.990100885176126,0.0,21.990100885176126,PERFECT
aging-PERFECT,a781d2546489e692d824d9b320280ae01571da1e18a2fcd6b85d70c19192b086,20260908,0.9.2,182,False,10.716625997137433,AVIONICS#2,AVIONICS,failure,21.716625997137434,21.716625997137434,21.716625997137434,PERFECT
aging-PERFECT,a781d2546489e692d824d9b320280ae01571da1e18a2fcd6b85d70c19192b086,20260908,0.9.2,182,False,14.721098297300205,AVIONICS#2,AVIONICS,repair,21.716625997137434,0.0,21.716625997137434,PERFECT
aging-PERFECT,a781d2546489e692d824d9b320280ae01571da1e18a2fcd6b85d70c19192b086,20260908,0.9.2,182,False,57.09569557277866,ELECTRICAL#19,ELECTRICAL,failure,20.09569557277866,20.09569557277866,20.09569557277866,PERFECT
aging-PERFECT,a781d2546489e692d824d9b320280ae01571da1e18a2fcd6b85d70c19192b086,20260908,0.9.2,182,False,57.634202313517044,ELECTRICAL#19,ELECTRICAL,repair,20.09569557277866,0.0,20.09569557277866,PERFECT
aging-PERFECT,a781d2546489e692d824d9b320280ae01571da1e18a2fcd6b85d70c19192b086,20260908,0.9.2,183,False,11.831886366625838,HYDRAULIC#4,HYDRAULIC,failure,22.831886366625838,22.831886366625838,22.831886366625838,PERFECT
aging-PERFECT,a781d2546489e692d824d9b320280ae01571da1e18a2fcd6b85d70c19192b086,20260908,0.9.2,183,False,12.32089437492189,HYDRAULIC#4,HYDRAULIC,repair,22.831886366625838,0.0,22.831886366625838,PERFECT
aging-PERFECT,a781d2546489e692d824d9b320280ae01571da1e18a2fcd6b85d70c19192b086,20260908,0.9.2,183,False,57.3957232278474,HYDRAULIC#20,HYDRAULIC,failure,20.395723227847398,20.395723227847398,20.395723227847398,PERFECT
aging-PERFECT,a781d2546489e692d824d9b320280ae01571da1e18a2fcd6b85d70c19192b086,20260908,0.9.2,183,False,62.0163069152658,HYDRAULIC#20,HYDRAULIC,repair,20.395723227847398,0.0,20.395723227847398,PERFECT
aging-PERFECT,a781d2546489e692d824d9b320280ae01571da1e18a2fcd6b85d70c19192b086,20260908,0.9.2,184,False,9.948551986195676,HYDRAULIC#8,HYDRAULIC,failure,20.948551986195675,20.948551986195675,20.948551986195675,PERFECT
aging-PERFECT,a781d2546489e692d824d9b320280ae01571da1e18a2fcd6b85d70c19192b086,20260908,0.9.2,184,False,19.882010274154005,HYDRAULIC#8,HYDRAULIC,repair,20.948551986195675,0.0,20.948551986195675,PERFECT
aging-PERFECT,a781d2546489e692d824d9b320280ae01571da1e18a2fcd6b85d70c19192b086,20260908,0.9.2,184,False,33.24714166011725,ELECTRICAL#11,ELECTRICAL,failure,20.24714166011725,20.24714166011725,20.24714166011725,PERFECT
aging-PERFECT,a781d2546489e692d824d9b320280ae01571da1e18a2fcd6b85d70c19192b086,20260908,0.9.2,184,False,34.11915905322102,ELECTRICAL#11,ELECTRICAL,repair,20.24714166011725,0.0,20.24714166011725,PERFECT
aging-PERFECT,a781d2546489e692d824d9b320280ae01571da1e18a2fcd6b85d70c19192b086,20260908,0.9.2,185,False,9.249421976770613,HYDRAULIC#8,HYDRAULIC,failure,20.249421976770613,20.249421976770613,20.249421976770613,PERFECT
aging-PERFECT,a781d2546489e692d824d9b320280ae01571da1e18a2fcd6b85d70c19192b086,20260908,0.9.2,185,False,15.69241989432934,HYDRAULIC#8,HYDRAULIC,repair,20.249421976770613,0.0,20.249421976770613,PERFECT
aging-PERFECT,a781d2546489e692d824d9b320280ae01571da1e18a2fcd6b85d70c19192b086,20260908,0.9.2,185,False,33.62223462212005,POWERPLANT#13,POWERPLANT,failure,20.622234622120047,20.622234622120047,20.622234622120047,PERFECT
aging-PERFECT,a781d2546489e692d824d9b320280ae01571da1e18a2fcd6b85d70c19192b086,20260908,0.9.2,185,False,34.535582165579,POWERPLANT#13,POWERPLANT,repair,20.622234622120047,0.0,20.622234622120047,PERFECT
aging-PERFECT,a781d2546489e692d824d9b320280ae01571da1e18a2fcd6b85d70c19192b086,20260908,0.9.2,185,False,58.09843985148081,HYDRAULIC#24,HYDRAULIC,failure,21.098439851480812,21.098439851480812,21.098439851480812,PERFECT
aging-PERFECT,a781d2546489e692d824d9b320280ae01571da1e18a2fcd6b85d70c19192b086,20260908,0.9.2,185,False,58.09963856085958,POWERPLANT#17,POWERPLANT,failure,21.09963856085958,21.09963856085958,21.09963856085958,PERFECT
aging-PERFECT,a781d2546489e692d824d9b320280ae01571da1e18a2fcd6b85d70c19192b086,20260908,0.9.2,185,False,59.889097651782414,POWERPLANT#17,POWERPLANT,repair,21.09963856085958,0.0,21.09963856085958,PERFECT
aging-PERFECT,a781d2546489e692d824d9b320280ae01571da1e18a2fcd6b85d70c19192b086,20260908,0.9.2,185,False,60.77985097431983,HYDRAULIC#24,HYDRAULIC,repair,21.098439851480812,0.0,21.098439851480812,PERFECT
aging-PERFECT,a781d2546489e692d824d9b320280ae01571da1e18a2fcd6b85d70c19192b086,20260908,0.9.2,186,False,58.38576255965232,ELECTRICAL#23,ELECTRICAL,failure,21.38576255965232,21.38576255965232,21.38576255965232,PERFECT
aging-PERFECT,a781d2546489e692d824d9b320280ae01571da1e18a2fcd6b85d70c19192b086,20260908,0.9.2,186,False,59.25389954043771,ELECTRICAL#23,ELECTRICAL,repair,21.38576255965232,0.0,21.38576255965232,PERFECT
aging-PERFECT,a781d2546489e692d824d9b320280ae01571da1e18a2fcd6b85d70c19192b086,20260908,0.9.2,187,False,57.131107104332074,POWERPLANT#21,POWERPLANT,failure,20.131107104332074,20.131107104332074,20.131107104332074,PERFECT
aging-PERFECT,a781d2546489e692d824d9b320280ae01571da1e18a2fcd6b85d70c19192b086,20260908,0.9.2,187,False,60.69301574861988,POWERPLANT#21,POWERPLANT,repair,20.131107104332074,0.0,20.131107104332074,PERFECT
aging-PERFECT,a781d2546489e692d824d9b320280ae01571da1e18a2fcd6b85d70c19192b086,20260908,0.9.2,188,False,11.362754732728995,HYDRAULIC#8,HYDRAULIC,failure,22.362754732728995,22.362754732728995,22.362754732728995,PERFECT
aging-PERFECT,a781d2546489e692d824d9b320280ae01571da1e18a2fcd6b85d70c19192b086,20260908,0.9.2,188,False,16.394022782948063,HYDRAULIC#8,HYDRAULIC,repair,22.362754732728995,0.0,22.362754732728995,PERFECT
aging-PERFECT,a781d2546489e692d824d9b320280ae01571da1e18a2fcd6b85d70c19192b086,20260908,0.9.2,188,False,33.86607239416948,POWERPLANT#13,POWERPLANT,failure,20.86607239416948,20.86607239416948,20.86607239416948,PERFECT
aging-PERFECT,a781d2546489e692d824d9b320280ae01571da1e18a2fcd6b85d70c19192b086,20260908,0.9.2,188,False,36.50320662464009,POWERPLANT#13,POWERPLANT,repair,20.86607239416948,0.0,20.86607239416948,PERFECT
aging-PERFECT,a781d2546489e692d824d9b320280ae01571da1e18a2fcd6b85d70c19192b086,20260908,0.9.2,189,False,9.83793958223874,AVIONICS#2,AVIONICS,failure,20.83793958223874,20.83793958223874,20.83793958223874,PERFECT
aging-PERFECT,a781d2546489e692d824d9b320280ae01571da1e18a2fcd6b85d70c19192b086,20260908,0.9.2,189,False,11.246567227609724,AVIONICS#2,AVIONICS,repair,20.83793958223874,0.0,20.83793958223874,PERFECT
aging-PERFECT,a781d2546489e692d824d9b320280ae01571da1e18a2fcd6b85d70c19192b086,20260908,0.9.2,189,False,34.97742700294998,POWERPLANT#13,POWERPLANT,failure,21.97742700294998,21.97742700294998,21.97742700294998,PERFECT
aging-PERFECT,a781d2546489e692d824d9b320280ae01571da1e18a2fcd6b85d70c19192b086,20260908,0.9.2,189,False,35.51583967431545,POWERPLANT#13,POWERPLANT,repair,21.97742700294998,0.0,21.97742700294998,PERFECT
aging-PERFECT,a781d2546489e692d824d9b320280ae01571da1e18a2fcd6b85d70c19192b086,20260908,0.9.2,190,False,34.97115510815481,POWERPLANT#13,POWERPLANT,failure,21.97115510815481,21.97115510815481,21.97115510815481,PERFECT
aging-PERFECT,a781d2546489e692d824d9b320280ae01571da1e18a2fcd6b85d70c19192b086,20260908,0.9.2,190,False,38.24888919424406,POWERPLANT#13,POWERPLANT,repair,21.97115510815481,0.0,21.97115510815481,PERFECT
aging-PERFECT,a781d2546489e692d824d9b320280ae01571da1e18a2fcd6b85d70c19192b086,20260908,0.9.2,191,False,58.57195908203981,ELECTRICAL#19,ELECTRICAL,failure,21.57195908203981,21.57195908203981,21.57195908203981,PERFECT
aging-PERFECT,a781d2546489e692d824d9b320280ae01571da1e18a2fcd6b85d70c19192b086,20260908,0.9.2,191,False,59.19399218758794,ELECTRICAL#19,ELECTRICAL,repair,21.57195908203981,0.0,21.57195908203981,PERFECT
aging-PERFECT,a781d2546489e692d824d9b320280ae01571da1e18a2fcd6b85d70c19192b086,20260908,0.9.2,192,False,33.574695353203666,HYDRAULIC#16,HYDRAULIC,failure,20.574695353203666,20.574695353203666,20.574695353203666,PERFECT
aging-PERFECT,a781d2546489e692d824d9b320280ae01571da1e18a2fcd6b85d70c19192b086,20260908,0.9.2,192,False,34.23131410271615,HYDRAULIC#16,HYDRAULIC,repair,20.574695353203666,0.0,20.574695353203666,PERFECT
aging-PERFECT,a781d2546489e692d824d9b320280ae01571da1e18a2fcd6b85d70c19192b086,20260908,0.9.2,192,False,57.903298953048825,AVIONICS#22,AVIONICS,failure,20.903298953048825,20.903298953048825,20.903298953048825,PERFECT
aging-PERFECT,a781d2546489e692d824d9b320280ae01571da1e18a2fcd6b85d70c19192b086,20260908,0.9.2,192,False,62.30980420472464,AVIONICS#22,AVIONICS,repair,20.903298953048825,0.0,20.903298953048825,PERFECT
aging-PERFECT,a781d2546489e692d824d9b320280ae01571da1e18a2fcd6b85d70c19192b086,20260908,0.9.2,193,False,57.362130110247655,HYDRAULIC#20,HYDRAULIC,failure,20.362130110247655,20.362130110247655,20.362130110247655,PERFECT
aging-PERFECT,a781d2546489e692d824d9b320280ae01571da1e18a2fcd6b85d70c19192b086,20260908,0.9.2,193,False,57.45953060140243,POWERPLANT#17,POWERPLANT,failure,20.459530601402427,20.459530601402427,20.459530601402427,PERFECT
aging-PERFECT,a781d2546489e692d824d9b320280ae01571da1e18a2fcd6b85d70c19192b086,20260908,0.9.2,193,False,59.57430054409083,HYDRAULIC#20,HYDRAULIC,repair,20.362130110247655,0.0,20.362130110247655,PERFECT
aging-PERFECT,a781d2546489e692d824d9b320280ae01571da1e18a2fcd6b85d70c19192b086,20260908,0.9.2,193,False,60.518119500687895,POWERPLANT#17,POWERPLANT,repair,20.459530601402427,0.0,20.459530601402427,PERFECT
aging-PERFECT,a781d2546489e692d824d9b320280ae01571da1e18a2fcd6b85d70c19192b086,20260908,0.9.2,194,False,33.75831324606551,AVIONICS#10,AVIONICS,failure,20.758313246065512,20.758313246065512,20.758313246065512,PERFECT
aging-PERFECT,a781d2546489e692d824d9b320280ae01571da1e18a2fcd6b85d70c19192b086,20260908,0.9.2,194,False,37.474715996764544,AVIONICS#10,AVIONICS,repair,20.758313246065512,0.0,20.758313246065512,PERFECT
aging-PERFECT,a781d2546489e692d824d9b320280ae01571da1e18a2fcd6b85d70c19192b086,20260908,0.9.2,194,False,57.11859365659128,HYDRAULIC#24,HYDRAULIC,failure,20.11859365659128,20.11859365659128,20.11859365659128,PERFECT
aging-PERFECT,a781d2546489e692d824d9b320280ae01571da1e18a2fcd6b85d70c19192b086,20260908,0.9.2,194,False,58.11831383176462,HYDRAULIC#24,HYDRAULIC,repair,20.11859365659128,0.0,20.11859365659128,PERFECT
aging-PERFECT,a781d2546489e692d824d9b320280ae01571da1e18a2fcd6b85d70c19192b086,20260908,0.9.2,196,False,58.99312710487893,AVIONICS#22,AVIONICS,failure,21.99312710487893,21.99312710487893,21.99312710487893,PERFECT
aging-PERFECT,a781d2546489e692d824d9b320280ae01571da1e18a2fcd6b85d70c19192b086,20260908,0.9.2,196,False,59.58591610149858,AVIONICS#22,AVIONICS,repair,21.99312710487893,0.0,21.99312710487893,PERFECT
aging-PERFECT,a781d2546489e692d824d9b320280ae01571da1e18a2fcd6b85d70c19192b086,20260908,0.9.2,197,False,11.429374262349913,POWERPLANT#1,POWERPLANT,failure,22.429374262349913,22.429374262349913,22.429374262349913,PERFECT
aging-PERFECT,a781d2546489e692d824d9b320280ae01571da1e18a2fcd6b85d70c19192b086,20260908,0.9.2,197,False,17.00893865451749,POWERPLANT#1,POWERPLANT,repair,22.429374262349913,0.0,22.429374262349913,PERFECT
aging-PERFECT,a781d2546489e692d824d9b320280ae01571da1e18a2fcd6b85d70c19192b086,20260908,0.9.2,197,False,33.20053645884969,HYDRAULIC#12,HYDRAULIC,failure,20.20053645884969,20.20053645884969,20.20053645884969,PERFECT
aging-PERFECT,a781d2546489e692d824d9b320280ae01571da1e18a2fcd6b85d70c19192b086,20260908,0.9.2,197,False,34.70010976999667,HYDRAULIC#12,HYDRAULIC,repair,20.20053645884969,0.0,20.20053645884969,PERFECT
aging-PERFECT,a781d2546489e692d824d9b320280ae01571da1e18a2fcd6b85d70c19192b086,20260908,0.9.2,198,False,9.604492417081682,HYDRAULIC#4,HYDRAULIC,failure,20.60449241708168,20.60449241708168,20.60449241708168,PERFECT
aging-PERFECT,a781d2546489e692d824d9b320280ae01571da1e18a2fcd6b85d70c19192b086,20260908,0.9.2,198,False,10.978072473089044,HYDRAULIC#4,HYDRAULIC,repair,20.60449241708168,0.0,20.60449241708168,PERFECT
aging-PERFECT,a781d2546489e692d824d9b320280ae01571da1e18a2fcd6b85d70c19192b086,20260908,0.9.2,198,False,34.72340686600659,HYDRAULIC#12,HYDRAULIC,failure,21.72340686600659,21.72340686600659,21.72340686600659,PERFECT
aging-PERFECT,a781d2546489e692d824d9b320280ae01571da1e18a2fcd6b85d70c19192b086,20260908,0.9.2,198,False,39.79476101148059,HYDRAULIC#12,HYDRAULIC,repair,21.72340686600659,0.0,21.72340686600659,PERFECT
aging-PERFECT,a781d2546489e692d824d9b320280ae01571da1e18a2fcd6b85d70c19192b086,20260908,0.9.2,199,False,35.161523056299444,POWERPLANT#13,POWERPLANT,failure,22.161523056299444,22.161523056299444,22.161523056299444,PERFECT
aging-PERFECT,a781d2546489e692d824d9b320280ae01571da1e18a2fcd6b85d70c19192b086,20260908,0.9.2,199,False,35.74225874347519,POWERPLANT#13,POWERPLANT,repair,22.161523056299444,0.0,22.161523056299444,PERFECT
aging-PERFECT,a781d2546489e692d824d9b320280ae01571da1e18a2fcd6b85d70c19192b086,20260908,0.9.2,199,False,58.83531241003548,HYDRAULIC#24,HYDRAULIC,failure,21.835312410035478,21.835312410035478,21.835312410035478,PERFECT
aging-PERFECT,a781d2546489e692d824d9b320280ae01571da1e18a2fcd6b85d70c19192b086,20260908,0.9.2,199,False,63.024234054768336,HYDRAULIC#24,HYDRAULIC,repair,21.835312410035478,0.0,21.835312410035478,PERFECT
aging-PERFECT,a781d2546489e692d824d9b320280ae01571da1e18a2fcd6b85d70c19192b086,20260908,0.9.2,200,False,35.05522875167641,POWERPLANT#13,POWERPLANT,failure,22.05522875167641,22.05522875167641,22.05522875167641,PERFECT
aging-PERFECT,a781d2546489e692d824d9b320280ae01571da1e18a2fcd6b85d70c19192b086,20260908,0.9.2,200,False,37.918049926746924,POWERPLANT#13,POWERPLANT,repair,22.05522875167641,0.0,22.05522875167641,PERFECT
aging-PERFECT,a781d2546489e692d824d9b320280ae01571da1e18a2fcd6b85d70c19192b086,20260908,0.9.2,201,False,9.120643977066681,POWERPLANT#1,POWERPLANT,failure,20.12064397706668,20.12064397706668,20.12064397706668,PERFECT
aging-PERFECT,a781d2546489e692d824d9b320280ae01571da1e18a2fcd6b85d70c19192b086,20260908,0.9.2,201,False,19.407860582496287,POWERPLANT#1,POWERPLANT,repair,20.12064397706668,0.0,20.12064397706668,PERFECT
aging-PERFECT,a781d2546489e692d824d9b320280ae01571da1e18a2fcd6b85d70c19192b086,20260908,0.9.2,201,False,35.10465668863634,HYDRAULIC#12,HYDRAULIC,failure,22.10465668863634,22.10465668863634,22.10465668863634,PERFECT
aging-PERFECT,a781d2546489e692d824d9b320280ae01571da1e18a2fcd6b85d70c19192b086,20260908,0.9.2,201,False,35.24201489688725,AVIONICS#14,AVIONICS,failure,22.242014896887248,22.242014896887248,22.242014896887248,PERFECT
aging-PERFECT,a781d2546489e692d824d9b320280ae01571da1e18a2fcd6b85d70c19192b086,20260908,0.9.2,201,False,38.070835522790354,AVIONICS#14,AVIONICS,repair,22.242014896887248,0.0,22.242014896887248,PERFECT
aging-PERFECT,a781d2546489e692d824d9b320280ae01571da1e18a2fcd6b85d70c19192b086,20260908,0.9.2,201,False,38.10504287172352,HYDRAULIC#12,HYDRAULIC,repair,22.10465668863634,0.0,22.10465668863634,PERFECT
aging-PERFECT,a781d2546489e692d824d9b320280ae01571da1e18a2fcd6b85d70c19192b086,20260908,0.9.2,202,False,34.82282265810622,AVIONICS#10,AVIONICS,failure,21.82282265810622,21.82282265810622,21.82282265810622,PERFECT
aging-PERFECT,a781d2546489e692d824d9b320280ae01571da1e18a2fcd6b85d70c19192b086,20260908,0.9.2,202,False,36.754752397100226,AVIONICS#10,AVIONICS,repair,21.82282265810622,0.0,21.82282265810622,PERFECT
aging-PERFECT,a781d2546489e692d824d9b320280ae01571da1e18a2fcd6b85d70c19192b086,20260908,0.9.2,202,False,59.50461377287572,ELECTRICAL#23,ELECTRICAL,failure,22.50461377287572,22.50461377287572,22.50461377287572,PERFECT
aging-PERFECT,a781d2546489e692d824d9b320280ae01571da1e18a2fcd6b85d70c19192b086,20260908,0.9.2,202,False,62.320306033129725,ELECTRICAL#23,ELECTRICAL,repair,22.50461377287572,0.0,22.50461377287572,PERFECT
aging-PERFECT,a781d2546489e692d824d9b320280ae01571da1e18a2fcd6b85d70c19192b086,20260908,0.9.2,203,False,57.971339301606214,POWERPLANT#17,POWERPLANT,failure,20.971339301606214,20.971339301606214,20.971339301606214,PERFECT
aging-PERFECT,a781d2546489e692d824d9b320280ae01571da1e18a2fcd6b85d70c19192b086,20260908,0.9.2,203,False,61.036118036080325,POWERPLANT#17,POWERPLANT,repair,20.971339301606214,0.0,20.971339301606214,PERFECT
aging-PERFECT,a781d2546489e692d824d9b320280ae01571da1e18a2fcd6b85d70c19192b086,20260908,0.9.2,204,False,9.347584521765011,AVIONICS#2,AVIONICS,failure,20.34758452176501,20.34758452176501,20.34758452176501,PERFECT
aging-PERFECT,a781d2546489e692d824d9b320280ae01571da1e18a2fcd6b85d70c19192b086,20260908,0.9.2,204,False,11.014573984656177,AVIONICS#2,AVIONICS,repair,20.34758452176501,0.0,20.34758452176501,PERFECT
aging-PERFECT,a781d2546489e692d824d9b320280ae01571da1e18a2fcd6b85d70c19192b086,20260908,0.9.2,204,False,33.08222161080453,AVIONICS#14,AVIONICS,failure,20.08222161080453,20.08222161080453,20.08222161080453,PERFECT
aging-PERFECT,a781d2546489e692d824d9b320280ae01571da1e18a2fcd6b85d70c19192b086,20260908,0.9.2,204,False,34.75964637011965,AVIONICS#14,AVIONICS,repair,20.08222161080453,0.0,20.08222161080453,PERFECT
aging-PERFECT,a781d2546489e692d824d9b320280ae01571da1e18a2fcd6b85d70c19192b086,20260908,0.9.2,204,False,58.26571378068266,AVIONICS#18,AVIONICS,failure,21.26571378068266,21.26571378068266,21.26571378068266,PERFECT
aging-PERFECT,a781d2546489e692d824d9b320280ae01571da1e18a2fcd6b85d70c19192b086,20260908,0.9.2,204,False,61.574906611109135,AVIONICS#18,AVIONICS,repair,21.26571378068266,0.0,21.26571378068266,PERFECT
aging-PERFECT,a781d2546489e692d824d9b320280ae01571da1e18a2fcd6b85d70c19192b086,20260908,0.9.2,205,False,9.732124955518177,POWERPLANT#5,POWERPLANT,failure,20.732124955518177,20.732124955518177,20.732124955518177,PERFECT
aging-PERFECT,a781d2546489e692d824d9b320280ae01571da1e18a2fcd6b85d70c19192b086,20260908,0.9.2,205,False,13.032690376971654,POWERPLANT#5,POWERPLANT,repair,20.732124955518177,0.0,20.732124955518177,PERFECT
aging-PERFECT,a781d2546489e692d824d9b320280ae01571da1e18a2fcd6b85d70c19192b086,20260908,0.9.2,206,False,9.669159330905504,ELECTRICAL#3,ELECTRICAL,failure,20.669159330905504,20.669159330905504,20.669159330905504,PERFECT
aging-PERFECT,a781d2546489e692d824d9b320280ae01571da1e18a2fcd6b85d70c19192b086,20260908,0.9.2,206,False,13.517834053705702,ELECTRICAL#3,ELECTRICAL,repair,20.669159330905504,0.0,20.669159330905504,PERFECT
aging-PERFECT,a781d2546489e692d824d9b320280ae01571da1e18a2fcd6b85d70c19192b086,20260908,0.9.2,206,False,34.84475962030061,HYDRAULIC#12,HYDRAULIC,failure,21.844759620300607,21.844759620300607,21.844759620300607,PERFECT
aging-PERFECT,a781d2546489e692d824d9b320280ae01571da1e18a2fcd6b85d70c19192b086,20260908,0.9.2,206,False,38.56777540961342,HYDRAULIC#12,HYDRAULIC,repair,21.844759620300607,0.0,21.844759620300607,PERFECT
aging-PERFECT,a781d2546489e692d824d9b320280ae01571da1e18a2fcd6b85d70c19192b086,20260908,0.9.2,207,False,10.004084697232607,AVIONICS#2,AVIONICS,failure,21.004084697232607,21.004084697232607,21.004084697232607,PERFECT
aging-PERFECT,a781d2546489e692d824d9b320280ae01571da1e18a2fcd6b85d70c19192b086,20260908,0.9.2,207,False,13.408862977483993,AVIONICS#2,AVIONICS,repair,21.004084697232607,0.0,21.004084697232607,PERFECT
aging-PERFECT,a781d2546489e692d824d9b320280ae01571da1e18a2fcd6b85d70c19192b086,20260908,0.9.2,207,False,33.08192251196564,ELECTRICAL#11,ELECTRICAL,failure,20.081922511965637,20.081922511965637,20.081922511965637,PERFECT
aging-PERFECT,a781d2546489e692d824d9b320280ae01571da1e18a2fcd6b85d70c19192b086,20260908,0.9.2,207,False,34.41431789115886,ELECTRICAL#11,ELECTRICAL,repair,20.081922511965637,0.0,20.081922511965637,PERFECT
aging-PERFECT,a781d2546489e692d824d9b320280ae01571da1e18a2fcd6b85d70c19192b086,20260908,0.9.2,207,False,58.25848608814533,POWERPLANT#21,POWERPLANT,failure,21.258486088145332,21.258486088145332,21.258486088145332,PERFECT
aging-PERFECT,a781d2546489e692d824d9b320280ae01571da1e18a2fcd6b85d70c19192b086,20260908,0.9.2,207,False,60.74654138587815,POWERPLANT#21,POWERPLANT,repair,21.258486088145332,0.0,21.258486088145332,PERFECT
aging-PERFECT,a781d2546489e692d824d9b320280ae01571da1e18a2fcd6b85d70c19192b086,20260908,0.9.2,208,False,9.314770690561291,AVIONICS#6,AVIONICS,failure,20.31477069056129,20.31477069056129,20.31477069056129,PERFECT
aging-PERFECT,a781d2546489e692d824d9b320280ae01571da1e18a2fcd6b85d70c19192b086,20260908,0.9.2,208,False,12.857136540360862,AVIONICS#6,AVIONICS,repair,20.31477069056129,0.0,20.31477069056129,PERFECT
aging-PERFECT,a781d2546489e692d824d9b320280ae01571da1e18a2fcd6b85d70c19192b086,20260908,0.9.2,208,False,58.51605514374242,AVIONICS#18,AVIONICS,failure,21.51605514374242,21.51605514374242,21.51605514374242,PERFECT
aging-PERFECT,a781d2546489e692d824d9b320280ae01571da1e18a2fcd6b85d70c19192b086,20260908,0.9.2,208,False,60.49321583746181,AVIONICS#18,AVIONICS,repair,21.51605514374242,0.0,21.51605514374242,PERFECT
aging-PERFECT,a781d2546489e692d824d9b320280ae01571da1e18a2fcd6b85d70c19192b086,20260908,0.9.2,210,False,10.301123237619322,ELECTRICAL#7,ELECTRICAL,failure,21.301123237619322,21.301123237619322,21.301123237619322,PERFECT
aging-PERFECT,a781d2546489e692d824d9b320280ae01571da1e18a2fcd6b85d70c19192b086,20260908,0.9.2,210,False,13.21878327892112,ELECTRICAL#7,ELECTRICAL,repair,21.301123237619322,0.0,21.301123237619322,PERFECT
aging-PERFECT,a781d2546489e692d824d9b320280ae01571da1e18a2fcd6b85d70c19192b086,20260908,0.9.2,210,False,57.36059492094984,HYDRAULIC#24,HYDRAULIC,failure,20.360594920949843,20.360594920949843,20.360594920949843,PERFECT
aging-PERFECT,a781d2546489e692d824d9b320280ae01571da1e18a2fcd6b85d70c19192b086,20260908,0.9.2,210,False,60.82141071631834,HYDRAULIC#24,HYDRAULIC,repair,20.360594920949843,0.0,20.360594920949843,PERFECT
aging-PERFECT,a781d2546489e692d824d9b320280ae01571da1e18a2fcd6b85d70c19192b086,20260908,0.9.2,212,False,35.9844807744996,POWERPLANT#13,POWERPLANT,failure,22.984480774499602,22.984480774499602,22.984480774499602,PERFECT
aging-PERFECT,a781d2546489e692d824d9b320280ae01571da1e18a2fcd6b85d70c19192b086,20260908,0.9.2,212,False,39.13786918005017,POWERPLANT#13,POWERPLANT,repair,22.984480774499602,0.0,22.984480774499602,PERFECT
aging-PERFECT,a781d2546489e692d824d9b320280ae01571da1e18a2fcd6b85d70c19192b086,20260908,0.9.2,212,False,59.512781709490625,AVIONICS#18,AVIONICS,failure,22.512781709490625,22.512781709490625,22.512781709490625,PERFECT
aging-PERFECT,a781d2546489e692d824d9b320280ae01571da1e18a2fcd6b85d70c19192b086,20260908,0.9.2,212,False,60.457904907271995,AVIONICS#18,AVIONICS,repair,22.512781709490625,0.0,22.512781709490625,PERFECT
aging-PERFECT,a781d2546489e692d824d9b320280ae01571da1e18a2fcd6b85d70c19192b086,20260908,0.9.2,213,False,11.269851632357238,POWERPLANT#5,POWERPLANT,failure,22.269851632357238,22.269851632357238,22.269851632357238,PERFECT
aging-PERFECT,a781d2546489e692d824d9b320280ae01571da1e18a2fcd6b85d70c19192b086,20260908,0.9.2,213,False,13.71255404998755,POWERPLANT#5,POWERPLANT,repair,22.269851632357238,0.0,22.269851632357238,PERFECT
aging-PERFECT,a781d2546489e692d824d9b320280ae01571da1e18a2fcd6b85d70c19192b086,20260908,0.9.2,213,False,59.9509579892686,HYDRAULIC#20,HYDRAULIC,failure,22.950957989268602,22.950957989268602,22.950957989268602,PERFECT
aging-PERFECT,a781d2546489e692d824d9b320280ae01571da1e18a2fcd6b85d70c19192b086,20260908,0.9.2,213,False,61.20421175601157,HYDRAULIC#20,HYDRAULIC,repair,22.950957989268602,0.0,22.950957989268602,PERFECT
aging-PERFECT,a781d2546489e692d824d9b320280ae01571da1e18a2fcd6b85d70c19192b086,20260908,0.9.2,214,False,9.078939647139514,HYDRAULIC#4,HYDRAULIC,failure,20.078939647139514,20.078939647139514,20.078939647139514,PERFECT
aging-PERFECT,a781d2546489e692d824d9b320280ae01571da1e18a2fcd6b85d70c19192b086,20260908,0.9.2,214,False,17.518140854717764,HYDRAULIC#4,HYDRAULIC,repair,20.078939647139514,0.0,20.078939647139514,PERFECT
aging-PERFECT,a781d2546489e692d824d9b320280ae01571da1e18a2fcd6b85d70c19192b086,20260908,0.9.2,214,False,57.71911068087563,POWERPLANT#21,POWERPLANT,failure,20.71911068087563,20.71911068087563,20.71911068087563,PERFECT
aging-PERFECT,a781d2546489e692d824d9b320280ae01571da1e18a2fcd6b85d70c19192b086,20260908,0.9.2,214,False,59.88893875208464,POWERPLANT#21,POWERPLANT,repair,20.71911068087563,0.0,20.71911068087563,PERFECT
aging-PERFECT,a781d2546489e692d824d9b320280ae01571da1e18a2fcd6b85d70c19192b086,20260908,0.9.2,215,False,34.341978116721954,AVIONICS#14,AVIONICS,failure,21.341978116721954,21.341978116721954,21.341978116721954,PERFECT
aging-PERFECT,a781d2546489e692d824d9b320280ae01571da1e18a2fcd6b85d70c19192b086,20260908,0.9.2,215,False,36.35060456706813,AVIONICS#14,AVIONICS,repair,21.341978116721954,0.0,21.341978116721954,PERFECT
aging-PERFECT,a781d2546489e692d824d9b320280ae01571da1e18a2fcd6b85d70c19192b086,20260908,0.9.2,216,False,35.410417134084064,POWERPLANT#13,POWERPLANT,failure,22.410417134084064,22.410417134084064,22.410417134084064,PERFECT
aging-PERFECT,a781d2546489e692d824d9b320280ae01571da1e18a2fcd6b85d70c19192b086,20260908,0.9.2,216,False,37.21660535589467,POWERPLANT#13,POWERPLANT,repair,22.410417134084064,0.0,22.410417134084064,PERFECT
aging-PERFECT,a781d2546489e692d824d9b320280ae01571da1e18a2fcd6b85d70c19192b086,20260908,0.9.2,216,False,57.41671024748411,POWERPLANT#17,POWERPLANT,failure,20.41671024748411,20.41671024748411,20.41671024748411,PERFECT
aging-PERFECT,a781d2546489e692d824d9b320280ae01571da1e18a2fcd6b85d70c19192b086,20260908,0.9.2,216,False,58.67947828080963,POWERPLANT#17,POWERPLANT,repair,20.41671024748411,0.0,20.41671024748411,PERFECT
aging-PERFECT,a781d2546489e692d824d9b320280ae01571da1e18a2fcd6b85d70c19192b086,20260908,0.9.2,217,False,35.37444086032715,POWERPLANT#9,POWERPLANT,failure,22.374440860327148,22.374440860327148,22.374440860327148,PERFECT
aging-PERFECT,a781d2546489e692d824d9b320280ae01571da1e18a2fcd6b85d70c19192b086,20260908,0.9.2,217,False,44.20766868714584,POWERPLANT#9,POWERPLANT,repair,22.374440860327148,0.0,22.374440860327148,PERFECT
aging-PERFECT,a781d2546489e692d824d9b320280ae01571da1e18a2fcd6b85d70c19192b086,20260908,0.9.2,218,False,34.1658130149872,AVIONICS#14,AVIONICS,failure,21.1658130149872,21.1658130149872,21.1658130149872,PERFECT
aging-PERFECT,a781d2546489e692d824d9b320280ae01571da1e18a2fcd6b85d70c19192b086,20260908,0.9.2,218,False,36.46136605634992,AVIONICS#14,AVIONICS,repair,21.1658130149872,0.0,21.1658130149872,PERFECT
aging-PERFECT,a781d2546489e692d824d9b320280ae01571da1e18a2fcd6b85d70c19192b086,20260908,0.9.2,218,False,59.92270213699613,ELECTRICAL#23,ELECTRICAL,failure,22.92270213699613,22.92270213699613,22.92270213699613,PERFECT
aging-PERFECT,a781d2546489e692d824d9b320280ae01571da1e18a2fcd6b85d70c19192b086,20260908,0.9.2,218,False,60.450265043127,ELECTRICAL#23,ELECTRICAL,repair,22.92270213699613,0.0,22.92270213699613,PERFECT
aging-PERFECT,a781d2546489e692d824d9b320280ae01571da1e18a2fcd6b85d70c19192b086,20260908,0.9.2,219,False,10.037450967764366,AVIONICS#6,AVIONICS,failure,21.037450967764364,21.037450967764364,21.037450967764364,PERFECT
aging-PERFECT,a781d2546489e692d824d9b320280ae01571da1e18a2fcd6b85d70c19192b086,20260908,0.9.2,219,False,14.282805885970795,AVIONICS#6,AVIONICS,repair,21.037450967764364,0.0,21.037450967764364,PERFECT
aging-PERFECT,a781d2546489e692d824d9b320280ae01571da1e18a2fcd6b85d70c19192b086,20260908,0.9.2,219,False,58.080348624493475,AVIONICS#22,AVIONICS,failure,21.080348624493475,21.080348624493475,21.080348624493475,PERFECT
aging-PERFECT,a781d2546489e692d824d9b320280ae01571da1e18a2fcd6b85d70c19192b086,20260908,0.9.2,219,False,58.47639350531405,ELECTRICAL#19,ELECTRICAL,failure,21.47639350531405,21.47639350531405,21.47639350531405,PERFECT
aging-PERFECT,a781d2546489e692d824d9b320280ae01571da1e18a2fcd6b85d70c19192b086,20260908,0.9.2,219,False,58.5892921066033,AVIONICS#22,AVIONICS,repair,21.080348624493475,0.0,21.080348624493475,PERFECT
aging-PERFECT,a781d2546489e692d824d9b320280ae01571da1e18a2fcd6b85d70c19192b086,20260908,0.9.2,219,False,60.92325931064074,ELECTRICAL#19,ELECTRICAL,repair,21.47639350531405,0.0,21.47639350531405,PERFECT
aging-PERFECT,a781d2546489e692d824d9b320280ae01571da1e18a2fcd6b85d70c19192b086,20260908,0.9.2,220,False,9.989666264086779,ELECTRICAL#3,ELECTRICAL,failure,20.98966626408678,20.98966626408678,20.98966626408678,PERFECT
aging-PERFECT,a781d2546489e692d824d9b320280ae01571da1e18a2fcd6b85d70c19192b086,20260908,0.9.2,220,False,10.157900614122848,POWERPLANT#1,POWERPLANT,failure,21.15790061412285,21.15790061412285,21.15790061412285,PERFECT
aging-PERFECT,a781d2546489e692d824d9b320280ae01571da1e18a2fcd6b85d70c19192b086,20260908,0.9.2,220,False,10.47677105156718,HYDRAULIC#8,HYDRAULIC,failure,21.47677105156718,21.47677105156718,21.47677105156718,PERFECT
aging-PERFECT,a781d2546489e692d824d9b320280ae01571da1e18a2fcd6b85d70c19192b086,20260908,0.9.2,220,False,12.208878513319977,ELECTRICAL#3,ELECTRICAL,repair,20.98966626408678,0.0,20.98966626408678,PERFECT
aging-PERFECT,a781d2546489e692d824d9b320280ae01571da1e18a2fcd6b85d70c19192b086,20260908,0.9.2,220,False,12.671327964165254,HYDRAULIC#8,HYDRAULIC,repair,21.47677105156718,0.0,21.47677105156718,PERFECT
aging-PERFECT,a781d2546489e692d824d9b320280ae01571da1e18a2fcd6b85d70c19192b086,20260908,0.9.2,220,False,14.720364608408387,POWERPLANT#1,POWERPLANT,repair,21.15790061412285,0.0,21.15790061412285,PERFECT
aging-PERFECT,a781d2546489e692d824d9b320280ae01571da1e18a2fcd6b85d70c19192b086,20260908,0.9.2,220,False,58.31140700454811,AVIONICS#18,AVIONICS,failure,21.31140700454811,21.31140700454811,21.31140700454811,PERFECT
aging-PERFECT,a781d2546489e692d824d9b320280ae01571da1e18a2fcd6b85d70c19192b086,20260908,0.9.2,220,False,61.45979253195008,AVIONICS#18,AVIONICS,repair,21.31140700454811,0.0,21.31140700454811,PERFECT
aging-PERFECT,a781d2546489e692d824d9b320280ae01571da1e18a2fcd6b85d70c19192b086,20260908,0.9.2,221,False,33.61513912614549,ELECTRICAL#15,ELECTRICAL,failure,20.615139126145493,20.615139126145493,20.615139126145493,PERFECT
aging-PERFECT,a781d2546489e692d824d9b320280ae01571da1e18a2fcd6b85d70c19192b086,20260908,0.9.2,221,False,34.57200686716133,ELECTRICAL#15,ELECTRICAL,repair,20.615139126145493,0.0,20.615139126145493,PERFECT
aging-PERFECT,a781d2546489e692d824d9b320280ae01571da1e18a2fcd6b85d70c19192b086,20260908,0.9.2,221,False,57.14444770891784,AVIONICS#18,AVIONICS,failure,20.144447708917838,20.144447708917838,20.144447708917838,PERFECT
aging-PERFECT,a781d2546489e692d824d9b320280ae01571da1e18a2fcd6b85d70c19192b086,20260908,0.9.2,221,False,59.01967344514556,AVIONICS#18,AVIONICS,repair,20.144447708917838,0.0,20.144447708917838,PERFECT
aging-PERFECT,a781d2546489e692d824d9b320280ae01571da1e18a2fcd6b85d70c19192b086,20260908,0.9.2,222,False,34.03542426302322,HYDRAULIC#16,HYDRAULIC,failure,21.035424263023224,21.035424263023224,21.035424263023224,PERFECT
aging-PERFECT,a781d2546489e692d824d9b320280ae01571da1e18a2fcd6b85d70c19192b086,20260908,0.9.2,222,False,34.66342424434277,HYDRAULIC#16,HYDRAULIC,repair,21.035424263023224,0.0,21.035424263023224,PERFECT
aging-PERFECT,a781d2546489e692d824d9b320280ae01571da1e18a2fcd6b85d70c19192b086,20260908,0.9.2,222,False,58.03536567054583,ELECTRICAL#19,ELECTRICAL,failure,21.03536567054583,21.03536567054583,21.03536567054583,PERFECT
aging-PERFECT,a781d2546489e692d824d9b320280ae01571da1e18a2fcd6b85d70c19192b086,20260908,0.9.2,222,False,59.609365471021675,ELECTRICAL#19,ELECTRICAL,repair,21.03536567054583,0.0,21.03536567054583,PERFECT
aging-PERFECT,a781d2546489e692d824d9b320280ae01571da1e18a2fcd6b85d70c19192b086,20260908,0.9.2,223,False,58.725389942717484,AVIONICS#22,AVIONICS,failure,21.725389942717484,21.725389942717484,21.725389942717484,PERFECT
aging-PERFECT,a781d2546489e692d824d9b320280ae01571da1e18a2fcd6b85d70c19192b086,20260908,0.9.2,223,False,61.62744839647994,AVIONICS#22,AVIONICS,repair,21.725389942717484,0.0,21.725389942717484,PERFECT
aging-PERFECT,a781d2546489e692d824d9b320280ae01571da1e18a2fcd6b85d70c19192b086,20260908,0.9.2,224,False,58.95759953289868,HYDRAULIC#20,HYDRAULIC,failure,21.957599532898683,21.957599532898683,21.957599532898683,PERFECT
aging-PERFECT,a781d2546489e692d824d9b320280ae01571da1e18a2fcd6b85d70c19192b086,20260908,0.9.2,224,False,61.92398181579125,HYDRAULIC#20,HYDRAULIC,repair,21.957599532898683,0.0,21.957599532898683,PERFECT
aging-PERFECT,a781d2546489e692d824d9b320280ae01571da1e18a2fcd6b85d70c19192b086,20260908,0.9.2,225,False,10.565484398966712,AVIONICS#6,AVIONICS,failure,21.56548439896671,21.56548439896671,21.56548439896671,PERFECT
aging-PERFECT,a781d2546489e692d824d9b320280ae01571da1e18a2fcd6b85d70c19192b086,20260908,0.9.2,225,False,14.66561966726555,AVIONICS#6,AVIONICS,repair,21.56548439896671,0.0,21.56548439896671,PERFECT
aging-PERFECT,a781d2546489e692d824d9b320280ae01571da1e18a2fcd6b85d70c19192b086,20260908,0.9.2,225,False,33.56225397022549,ELECTRICAL#15,ELECTRICAL,failure,20.56225397022549,20.56225397022549,20.56225397022549,PERFECT
aging-PERFECT,a781d2546489e692d824d9b320280ae01571da1e18a2fcd6b85d70c19192b086,20260908,0.9.2,225,False,34.11061664383181,ELECTRICAL#15,ELECTRICAL,repair,20.56225397022549,0.0,20.56225397022549,PERFECT
aging-PERFECT,a781d2546489e692d824d9b320280ae01571da1e18a2fcd6b85d70c19192b086,20260908,0.9.2,225,False,59.96376011441575,AVIONICS#22,AVIONICS,failure,22.96376011441575,22.96376011441575,22.96376011441575,PERFECT
aging-PERFECT,a781d2546489e692d824d9b320280ae01571da1e18a2fcd6b85d70c19192b086,20260908,0.9.2,225,False,62.121867397601044,AVIONICS#22,AVIONICS,repair,22.96376011441575,0.0,22.96376011441575,PERFECT
aging-PERFECT,a781d2546489e692d824d9b320280ae01571da1e18a2fcd6b85d70c19192b086,20260908,0.9.2,226,False,9.087580929498317,POWERPLANT#5,POWERPLANT,failure,20.087580929498316,20.087580929498316,20.087580929498316,PERFECT
aging-PERFECT,a781d2546489e692d824d9b320280ae01571da1e18a2fcd6b85d70c19192b086,20260908,0.9.2,226,False,11.649815719260594,POWERPLANT#5,POWERPLANT,repair,20.087580929498316,0.0,20.087580929498316,PERFECT
aging-PERFECT,a781d2546489e692d824d9b320280ae01571da1e18a2fcd6b85d70c19192b086,20260908,0.9.2,226,False,58.08378049724885,AVIONICS#22,AVIONICS,failure,21.083780497248853,21.083780497248853,21.083780497248853,PERFECT
aging-PERFECT,a781d2546489e692d824d9b320280ae01571da1e18a2fcd6b85d70c19192b086,20260908,0.9.2,226,False,59.967965400668355,AVIONICS#22,AVIONICS,repair,21.083780497248853,0.0,21.083780497248853,PERFECT
aging-PERFECT,a781d2546489e692d824d9b320280ae01571da1e18a2fcd6b85d70c19192b086,20260908,0.9.2,227,False,35.75076716990071,AVIONICS#10,AVIONICS,failure,22.750767169900712,22.750767169900712,22.750767169900712,PERFECT
aging-PERFECT,a781d2546489e692d824d9b320280ae01571da1e18a2fcd6b85d70c19192b086,20260908,0.9.2,227,False,36.62773497203254,AVIONICS#10,AVIONICS,repair,22.750767169900712,0.0,22.750767169900712,PERFECT
aging-PERFECT,a781d2546489e692d824d9b320280ae01571da1e18a2fcd6b85d70c19192b086,20260908,0.9.2,229,False,57.72066572544767,ELECTRICAL#19,ELECTRICAL,failure,20.720665725447667,20.720665725447667,20.720665725447667,PERFECT
aging-PERFECT,a781d2546489e692d824d9b320280ae01571da1e18a2fcd6b85d70c19192b086,20260908,0.9.2,229,False,60.820053423430636,ELECTRICAL#19,ELECTRICAL,repair,20.720665725447667,0.0,20.720665725447667,PERFECT
aging-PERFECT,a781d2546489e692d824d9b320280ae01571da1e18a2fcd6b85d70c19192b086,20260908,0.9.2,230,False,58.76777256078306,ELECTRICAL#19,ELECTRICAL,failure,21.767772560783058,21.767772560783058,21.767772560783058,PERFECT
aging-PERFECT,a781d2546489e692d824d9b320280ae01571da1e18a2fcd6b85d70c19192b086,20260908,0.9.2,230,False,66.13904046252871,ELECTRICAL#19,ELECTRICAL,repair,21.767772560783058,0.0,21.767772560783058,PERFECT
aging-PERFECT,a781d2546489e692d824d9b320280ae01571da1e18a2fcd6b85d70c19192b086,20260908,0.9.2,231,False,33.055714696371865,ELECTRICAL#11,ELECTRICAL,failure,20.055714696371865,20.055714696371865,20.055714696371865,PERFECT
aging-PERFECT,a781d2546489e692d824d9b320280ae01571da1e18a2fcd6b85d70c19192b086,20260908,0.9.2,231,False,34.813483969171045,ELECTRICAL#11,ELECTRICAL,repair,20.055714696371865,0.0,20.055714696371865,PERFECT
aging-PERFECT,a781d2546489e692d824d9b320280ae01571da1e18a2fcd6b85d70c19192b086,20260908,0.9.2,231,False,58.51057786798024,HYDRAULIC#24,HYDRAULIC,failure,21.51057786798024,21.51057786798024,21.51057786798024,PERFECT
aging-PERFECT,a781d2546489e692d824d9b320280ae01571da1e18a2fcd6b85d70c19192b086,20260908,0.9.2,231,False,59.40366541972202,HYDRAULIC#24,HYDRAULIC,repair,21.51057786798024,0.0,21.51057786798024,PERFECT
aging-PERFECT,a781d2546489e692d824d9b320280ae01571da1e18a2fcd6b85d70c19192b086,20260908,0.9.2,232,False,10.797589777227232,AVIONICS#2,AVIONICS,failure,21.79758977722723,21.79758977722723,21.79758977722723,PERFECT
aging-PERFECT,a781d2546489e692d824d9b320280ae01571da1e18a2fcd6b85d70c19192b086,20260908,0.9.2,232,False,11.945562006456164,AVIONICS#2,AVIONICS,repair,21.79758977722723,0.0,21.79758977722723,PERFECT
aging-PERFECT,a781d2546489e692d824d9b320280ae01571da1e18a2fcd6b85d70c19192b086,20260908,0.9.2,232,False,35.65132665477384,AVIONICS#10,AVIONICS,failure,22.65132665477384,22.65132665477384,22.65132665477384,PERFECT
aging-PERFECT,a781d2546489e692d824d9b320280ae01571da1e18a2fcd6b85d70c19192b086,20260908,0.9.2,232,False,41.04385645878751,AVIONICS#10,AVIONICS,repair,22.65132665477384,0.0,22.65132665477384,PERFECT
aging-PERFECT,a781d2546489e692d824d9b320280ae01571da1e18a2fcd6b85d70c19192b086,20260908,0.9.2,233,False,33.94544425013667,HYDRAULIC#16,HYDRAULIC,failure,20.945444250136667,20.945444250136667,20.945444250136667,PERFECT
aging-PERFECT,a781d2546489e692d824d9b320280ae01571da1e18a2fcd6b85d70c19192b086,20260908,0.9.2,233,False,35.27531661845299,HYDRAULIC#16,HYDRAULIC,repair,20.945444250136667,0.0,20.945444250136667,PERFECT
aging-PERFECT,a781d2546489e692d824d9b320280ae01571da1e18a2fcd6b85d70c19192b086,20260908,0.9.2,233,False,59.49719527213733,ELECTRICAL#19,ELECTRICAL,failure,22.497195272137333,22.497195272137333,22.497195272137333,PERFECT
aging-PERFECT,a781d2546489e692d824d9b320280ae01571da1e18a2fcd6b85d70c19192b086,20260908,0.9.2,233,False,62.09533391149992,ELECTRICAL#19,ELECTRICAL,repair,22.497195272137333,0.0,22.497195272137333,PERFECT
aging-PERFECT,a781d2546489e692d824d9b320280ae01571da1e18a2fcd6b85d70c19192b086,20260908,0.9.2,234,False,35.966991197549525,ELECTRICAL#15,ELECTRICAL,failure,22.966991197549525,22.966991197549525,22.966991197549525,PERFECT
aging-PERFECT,a781d2546489e692d824d9b320280ae01571da1e18a2fcd6b85d70c19192b086,20260908,0.9.2,234,False,37.00507969740196,ELECTRICAL#15,ELECTRICAL,repair,22.966991197549525,0.0,22.966991197549525,PERFECT
aging-PERFECT,a781d2546489e692d824d9b320280ae01571da1e18a2fcd6b85d70c19192b086,20260908,0.9.2,234,False,57.271771892614986,ELECTRICAL#19,ELECTRICAL,failure,20.271771892614986,20.271771892614986,20.271771892614986,PERFECT
aging-PERFECT,a781d2546489e692d824d9b320280ae01571da1e18a2fcd6b85d70c19192b086,20260908,0.9.2,234,False,58.11560964763871,ELECTRICAL#19,ELECTRICAL,repair,20.271771892614986,0.0,20.271771892614986,PERFECT
aging-PERFECT,a781d2546489e692d824d9b320280ae01571da1e18a2fcd6b85d70c19192b086,20260908,0.9.2,235,False,11.101636110482751,ELECTRICAL#7,ELECTRICAL,failure,22.10163611048275,22.10163611048275,22.10163611048275,PERFECT
aging-PERFECT,a781d2546489e692d824d9b320280ae01571da1e18a2fcd6b85d70c19192b086,20260908,0.9.2,235,False,11.91910122581156,ELECTRICAL#7,ELECTRICAL,repair,22.10163611048275,0.0,22.10163611048275,PERFECT
aging-PERFECT,a781d2546489e692d824d9b320280ae01571da1e18a2fcd6b85d70c19192b086,20260908,0.9.2,235,False,58.04438039053963,ELECTRICAL#19,ELECTRICAL,failure,21.04438039053963,21.04438039053963,21.04438039053963,PERFECT
aging-PERFECT,a781d2546489e692d824d9b320280ae01571da1e18a2fcd6b85d70c19192b086,20260908,0.9.2,235,False,59.536205551793685,ELECTRICAL#19,ELECTRICAL,repair,21.04438039053963,0.0,21.04438039053963,PERFECT
aging-PERFECT,a781d2546489e692d824d9b320280ae01571da1e18a2fcd6b85d70c19192b086,20260908,0.9.2,236,False,35.335122417923124,AVIONICS#14,AVIONICS,failure,22.335122417923124,22.335122417923124,22.335122417923124,PERFECT
aging-PERFECT,a781d2546489e692d824d9b320280ae01571da1e18a2fcd6b85d70c19192b086,20260908,0.9.2,236,False,37.08204338688661,AVIONICS#14,AVIONICS,repair,22.335122417923124,0.0,22.335122417923124,PERFECT
aging-PERFECT,a781d2546489e692d824d9b320280ae01571da1e18a2fcd6b85d70c19192b086,20260908,0.9.2,237,False,9.755571660231588,AVIONICS#6,AVIONICS,failure,20.75557166023159,20.75557166023159,20.75557166023159,PERFECT
aging-PERFECT,a781d2546489e692d824d9b320280ae01571da1e18a2fcd6b85d70c19192b086,20260908,0.9.2,237,False,9.957022034842945,AVIONICS#2,AVIONICS,failure,20.957022034842943,20.957022034842943,20.957022034842943,PERFECT
aging-PERFECT,a781d2546489e692d824d9b320280ae01571da1e18a2fcd6b85d70c19192b086,20260908,0.9.2,237,False,11.11675614576987,AVIONICS#6,AVIONICS,repair,20.75557166023159,0.0,20.75557166023159,PERFECT
aging-PERFECT,a781d2546489e692d824d9b320280ae01571da1e18a2fcd6b85d70c19192b086,20260908,0.9.2,237,False,11.841465978509948,AVIONICS#2,AVIONICS,repair,20.957022034842943,0.0,20.957022034842943,PERFECT
aging-PERFECT,a781d2546489e692d824d9b320280ae01571da1e18a2fcd6b85d70c19192b086,20260908,0.9.2,237,False,34.60015257679264,POWERPLANT#13,POWERPLANT,failure,21.600152576792638,21.600152576792638,21.600152576792638,PERFECT
aging-PERFECT,a781d2546489e692d824d9b320280ae01571da1e18a2fcd6b85d70c19192b086,20260908,0.9.2,237,False,35.59230148544622,POWERPLANT#13,POWERPLANT,repair,21.600152576792638,0.0,21.600152576792638,PERFECT
aging-PERFECT,a781d2546489e692d824d9b320280ae01571da1e18a2fcd6b85d70c19192b086,20260908,0.9.2,237,False,57.29337383671048,HYDRAULIC#20,HYDRAULIC,failure,20.29337383671048,20.29337383671048,20.29337383671048,PERFECT
aging-PERFECT,a781d2546489e692d824d9b320280ae01571da1e18a2fcd6b85d70c19192b086,20260908,0.9.2,237,False,62.2961880527247,HYDRAULIC#20,HYDRAULIC,repair,20.29337383671048,0.0,20.29337383671048,PERFECT
aging-PERFECT,a781d2546489e692d824d9b320280ae01571da1e18a2fcd6b85d70c19192b086,20260908,0.9.2,238,False,10.520580149424685,ELECTRICAL#7,ELECTRICAL,failure,21.520580149424685,21.520580149424685,21.520580149424685,PERFECT
aging-PERFECT,a781d2546489e692d824d9b320280ae01571da1e18a2fcd6b85d70c19192b086,20260908,0.9.2,238,False,14.555470540698561,ELECTRICAL#7,ELECTRICAL,repair,21.520580149424685,0.0,21.520580149424685,PERFECT
aging-PERFECT,a781d2546489e692d824d9b320280ae01571da1e18a2fcd6b85d70c19192b086,20260908,0.9.2,238,False,33.214825701681214,ELECTRICAL#15,ELECTRICAL,failure,20.214825701681214,20.214825701681214,20.214825701681214,PERFECT
aging-PERFECT,a781d2546489e692d824d9b320280ae01571da1e18a2fcd6b85d70c19192b086,20260908,0.9.2,238,False,33.216650586141135,HYDRAULIC#16,HYDRAULIC,failure,20.216650586141135,20.216650586141135,20.216650586141135,PERFECT
aging-PERFECT,a781d2546489e692d824d9b320280ae01571da1e18a2fcd6b85d70c19192b086,20260908,0.9.2,238,False,33.93495551748758,ELECTRICAL#15,ELECTRICAL,repair,20.214825701681214,0.0,20.214825701681214,PERFECT
aging-PERFECT,a781d2546489e692d824d9b320280ae01571da1e18a2fcd6b85d70c19192b086,20260908,0.9.2,238,False,34.470410476791066,HYDRAULIC#16,HYDRAULIC,repair,20.216650586141135,0.0,20.216650586141135,PERFECT
aging-PERFECT,a781d2546489e692d824d9b320280ae01571da1e18a2fcd6b85d70c19192b086,20260908,0.9.2,239,False,59.613367834398886,ELECTRICAL#23,ELECTRICAL,failure,22.613367834398886,22.613367834398886,22.613367834398886,PERFECT
aging-PERFECT,a781d2546489e692d824d9b320280ae01571da1e18a2fcd6b85d70c19192b086,20260908,0.9.2,239,False,65.15775022548432,ELECTRICAL#23,ELECTRICAL,repair,22.613367834398886,0.0,22.613367834398886,PERFECT
aging-PERFECT,a781d2546489e692d824d9b320280ae01571da1e18a2fcd6b85d70c19192b086,20260908,0.9.2,240,False,10.033846284642944,HYDRAULIC#8,HYDRAULIC,failure,21.033846284642944,21.033846284642944,21.033846284642944,PERFECT
aging-PERFECT,a781d2546489e692d824d9b320280ae01571da1e18a2fcd6b85d70c19192b086,20260908,0.9.2,240,False,10.811057994749946,HYDRAULIC#8,HYDRAULIC,repair,21.033846284642944,0.0,21.033846284642944,PERFECT
aging-PERFECT,a781d2546489e692d824d9b320280ae01571da1e18a2fcd6b85d70c19192b086,20260908,0.9.2,240,False,33.52168957459455,HYDRAULIC#12,HYDRAULIC,failure,20.521689574594546,20.521689574594546,20.521689574594546,PERFECT
aging-PERFECT,a781d2546489e692d824d9b320280ae01571da1e18a2fcd6b85d70c19192b086,20260908,0.9.2,240,False,35.399184873738534,HYDRAULIC#12,HYDRAULIC,repair,20.521689574594546,0.0,20.521689574594546,PERFECT
aging-PERFECT,a781d2546489e692d824d9b320280ae01571da1e18a2fcd6b85d70c19192b086,20260908,0.9.2,240,False,58.199251271747926,ELECTRICAL#23,ELECTRICAL,failure,21.199251271747926,21.199251271747926,21.199251271747926,PERFECT
aging-PERFECT,a781d2546489e692d824d9b320280ae01571da1e18a2fcd6b85d70c19192b086,20260908,0.9.2,240,False,67.86887940324405,ELECTRICAL#23,ELECTRICAL,repair,21.199251271747926,0.0,21.199251271747926,PERFECT
aging-PERFECT,a781d2546489e692d824d9b320280ae01571da1e18a2fcd6b85d70c19192b086,20260908,0.9.2,241,False,10.329878174530137,AVIONICS#2,AVIONICS,failure,21.329878174530137,21.329878174530137,21.329878174530137,PERFECT
aging-PERFECT,a781d2546489e692d824d9b320280ae01571da1e18a2fcd6b85d70c19192b086,20260908,0.9.2,241,False,11.38127539524595,AVIONICS#2,AVIONICS,repair,21.329878174530137,0.0,21.329878174530137,PERFECT
aging-PERFECT,a781d2546489e692d824d9b320280ae01571da1e18a2fcd6b85d70c19192b086,20260908,0.9.2,241,False,34.18640062743971,HYDRAULIC#16,HYDRAULIC,failure,21.18640062743971,21.18640062743971,21.18640062743971,PERFECT
aging-PERFECT,a781d2546489e692d824d9b320280ae01571da1e18a2fcd6b85d70c19192b086,20260908,0.9.2,241,False,34.502793623716684,HYDRAULIC#12,HYDRAULIC,failure,21.502793623716684,21.502793623716684,21.502793623716684,PERFECT
aging-PERFECT,a781d2546489e692d824d9b320280ae01571da1e18a2fcd6b85d70c19192b086,20260908,0.9.2,241,False,35.3659161723089,HYDRAULIC#16,HYDRAULIC,repair,21.18640062743971,0.0,21.18640062743971,PERFECT
aging-PERFECT,a781d2546489e692d824d9b320280ae01571da1e18a2fcd6b85d70c19192b086,20260908,0.9.2,241,False,36.39868693081118,HYDRAULIC#12,HYDRAULIC,repair,21.502793623716684,0.0,21.502793623716684,PERFECT
aging-PERFECT,a781d2546489e692d824d9b320280ae01571da1e18a2fcd6b85d70c19192b086,20260908,0.9.2,241,False,57.28032372270728,ELECTRICAL#19,ELECTRICAL,failure,20.28032372270728,20.28032372270728,20.28032372270728,PERFECT
aging-PERFECT,a781d2546489e692d824d9b320280ae01571da1e18a2fcd6b85d70c19192b086,20260908,0.9.2,241,False,57.40070974122873,POWERPLANT#21,POWERPLANT,failure,20.40070974122873,20.40070974122873,20.40070974122873,PERFECT
aging-PERFECT,a781d2546489e692d824d9b320280ae01571da1e18a2fcd6b85d70c19192b086,20260908,0.9.2,241,False,58.441929861912804,POWERPLANT#21,POWERPLANT,repair,20.40070974122873,0.0,20.40070974122873,PERFECT
aging-PERFECT,a781d2546489e692d824d9b320280ae01571da1e18a2fcd6b85d70c19192b086,20260908,0.9.2,241,False,59.38524967714358,ELECTRICAL#19,ELECTRICAL,repair,20.28032372270728,0.0,20.28032372270728,PERFECT
aging-PERFECT,a781d2546489e692d824d9b320280ae01571da1e18a2fcd6b85d70c19192b086,20260908,0.9.2,242,False,11.094448054952085,AVIONICS#6,AVIONICS,failure,22.094448054952085,22.094448054952085,22.094448054952085,PERFECT
aging-PERFECT,a781d2546489e692d824d9b320280ae01571da1e18a2fcd6b85d70c19192b086,20260908,0.9.2,242,False,12.26985989082871,AVIONICS#6,AVIONICS,repair,22.094448054952085,0.0,22.094448054952085,PERFECT
aging-PERFECT,a781d2546489e692d824d9b320280ae01571da1e18a2fcd6b85d70c19192b086,20260908,0.9.2,244,False,59.4064659758645,POWERPLANT#17,POWERPLANT,failure,22.4064659758645,22.4064659758645,22.4064659758645,PERFECT
aging-PERFECT,a781d2546489e692d824d9b320280ae01571da1e18a2fcd6b85d70c19192b086,20260908,0.9.2,244,False,62.07474064463182,POWERPLANT#17,POWERPLANT,repair,22.4064659758645,0.0,22.4064659758645,PERFECT
aging-PERFECT,a781d2546489e692d824d9b320280ae01571da1e18a2fcd6b85d70c19192b086,20260908,0.9.2,245,False,11.308319071289821,ELECTRICAL#7,ELECTRICAL,failure,22.308319071289823,22.308319071289823,22.308319071289823,PERFECT
aging-PERFECT,a781d2546489e692d824d9b320280ae01571da1e18a2fcd6b85d70c19192b086,20260908,0.9.2,245,False,16.673368144920907,ELECTRICAL#7,ELECTRICAL,repair,22.308319071289823,0.0,22.308319071289823,PERFECT
aging-PERFECT,a781d2546489e692d824d9b320280ae01571da1e18a2fcd6b85d70c19192b086,20260908,0.9.2,247,False,10.14329262116076,AVIONICS#2,AVIONICS,failure,21.14329262116076,21.14329262116076,21.14329262116076,PERFECT
aging-PERFECT,a781d2546489e692d824d9b320280ae01571da1e18a2fcd6b85d70c19192b086,20260908,0.9.2,247,False,14.624674173095109,AVIONICS#2,AVIONICS,repair,21.14329262116076,0.0,21.14329262116076,PERFECT
aging-PERFECT,a781d2546489e692d824d9b320280ae01571da1e18a2fcd6b85d70c19192b086,20260908,0.9.2,247,False,58.92511346029348,HYDRAULIC#20,HYDRAULIC,failure,21.92511346029348,21.92511346029348,21.92511346029348,PERFECT
aging-PERFECT,a781d2546489e692d824d9b320280ae01571da1e18a2fcd6b85d70c19192b086,20260908,0.9.2,247,False,60.974711298613556,HYDRAULIC#20,HYDRAULIC,repair,21.92511346029348,0.0,21.92511346029348,PERFECT
aging-PERFECT,a781d2546489e692d824d9b320280ae01571da1e18a2fcd6b85d70c19192b086,20260908,0.9.2,248,False,35.106993471718646,HYDRAULIC#16,HYDRAULIC,failure,22.106993471718646,22.106993471718646,22.106993471718646,PERFECT
aging-PERFECT,a781d2546489e692d824d9b320280ae01571da1e18a2fcd6b85d70c19192b086,20260908,0.9.2,248,False,38.16602339926066,HYDRAULIC#16,HYDRAULIC,repair,22.106993471718646,0.0,22.106993471718646,PERFECT
aging-PERFECT,a781d2546489e692d824d9b320280ae01571da1e18a2fcd6b85d70c19192b086,20260908,0.9.2,248,False,58.83667510982175,ELECTRICAL#19,ELECTRICAL,failure,21.836675109821748,21.836675109821748,21.836675109821748,PERFECT
aging-PERFECT,a781d2546489e692d824d9b320280ae01571da1e18a2fcd6b85d70c19192b086,20260908,0.9.2,248,False,59.70600194099164,ELECTRICAL#19,ELECTRICAL,repair,21.836675109821748,0.0,21.836675109821748,PERFECT
aging-PERFECT,a781d2546489e692d824d9b320280ae01571da1e18a2fcd6b85d70c19192b086,20260908,0.9.2,249,False,35.58099285014789,POWERPLANT#9,POWERPLANT,failure,22.580992850147886,22.580992850147886,22.580992850147886,PERFECT
aging-PERFECT,a781d2546489e692d824d9b320280ae01571da1e18a2fcd6b85d70c19192b086,20260908,0.9.2,249,False,36.073201353169274,POWERPLANT#9,POWERPLANT,repair,22.580992850147886,0.0,22.580992850147886,PERFECT
aging-PERFECT,a781d2546489e692d824d9b320280ae01571da1e18a2fcd6b85d70c19192b086,20260908,0.9.2,249,False,58.52110240118653,ELECTRICAL#19,ELECTRICAL,failure,21.521102401186532,21.521102401186532,21.521102401186532,PERFECT
aging-PERFECT,a781d2546489e692d824d9b320280ae01571da1e18a2fcd6b85d70c19192b086,20260908,0.9.2,249,False,69.64389993830709,ELECTRICAL#19,ELECTRICAL,repair,21.521102401186532,0.0,21.521102401186532,PERFECT
aging-PERFECT,a781d2546489e692d824d9b320280ae01571da1e18a2fcd6b85d70c19192b086,20260908,0.9.2,250,False,35.56228273993615,AVIONICS#10,AVIONICS,failure,22.56228273993615,22.56228273993615,22.56228273993615,PERFECT
aging-PERFECT,a781d2546489e692d824d9b320280ae01571da1e18a2fcd6b85d70c19192b086,20260908,0.9.2,250,False,37.177412869874956,AVIONICS#10,AVIONICS,repair,22.56228273993615,0.0,22.56228273993615,PERFECT
aging-PERFECT,a781d2546489e692d824d9b320280ae01571da1e18a2fcd6b85d70c19192b086,20260908,0.9.2,251,False,57.76920828207706,ELECTRICAL#19,ELECTRICAL,failure,20.76920828207706,20.76920828207706,20.76920828207706,PERFECT
aging-PERFECT,a781d2546489e692d824d9b320280ae01571da1e18a2fcd6b85d70c19192b086,20260908,0.9.2,251,False,61.05698870369071,ELECTRICAL#19,ELECTRICAL,repair,20.76920828207706,0.0,20.76920828207706,PERFECT
aging-PERFECT,a781d2546489e692d824d9b320280ae01571da1e18a2fcd6b85d70c19192b086,20260908,0.9.2,252,False,9.144684270197208,HYDRAULIC#8,HYDRAULIC,failure,20.14468427019721,20.14468427019721,20.14468427019721,PERFECT
aging-PERFECT,a781d2546489e692d824d9b320280ae01571da1e18a2fcd6b85d70c19192b086,20260908,0.9.2,252,False,9.835337769043305,HYDRAULIC#8,HYDRAULIC,repair,20.14468427019721,0.0,20.14468427019721,PERFECT
aging-PERFECT,a781d2546489e692d824d9b320280ae01571da1e18a2fcd6b85d70c19192b086,20260908,0.9.2,252,False,35.1284453393271,AVIONICS#14,AVIONICS,failure,22.1284453393271,22.1284453393271,22.1284453393271,PERFECT
aging-PERFECT,a781d2546489e692d824d9b320280ae01571da1e18a2fcd6b85d70c19192b086,20260908,0.9.2,252,False,35.84554439097347,AVIONICS#14,AVIONICS,repair,22.1284453393271,0.0,22.1284453393271,PERFECT
aging-PERFECT,a781d2546489e692d824d9b320280ae01571da1e18a2fcd6b85d70c19192b086,20260908,0.9.2,252,False,58.591243432314535,POWERPLANT#21,POWERPLANT,failure,21.591243432314535,21.591243432314535,21.591243432314535,PERFECT
aging-PERFECT,a781d2546489e692d824d9b320280ae01571da1e18a2fcd6b85d70c19192b086,20260908,0.9.2,252,False,64.62618895393823,POWERPLANT#21,POWERPLANT,repair,21.591243432314535,0.0,21.591243432314535,PERFECT
aging-PERFECT,a781d2546489e692d824d9b320280ae01571da1e18a2fcd6b85d70c19192b086,20260908,0.9.2,253,False,9.160992240529286,ELECTRICAL#7,ELECTRICAL,failure,20.160992240529286,20.160992240529286,20.160992240529286,PERFECT
aging-PERFECT,a781d2546489e692d824d9b320280ae01571da1e18a2fcd6b85d70c19192b086,20260908,0.9.2,253,False,10.2887112490806,ELECTRICAL#7,ELECTRICAL,repair,20.160992240529286,0.0,20.160992240529286,PERFECT
aging-PERFECT,a781d2546489e692d824d9b320280ae01571da1e18a2fcd6b85d70c19192b086,20260908,0.9.2,253,False,35.4808620109652,ELECTRICAL#11,ELECTRICAL,failure,22.480862010965197,22.480862010965197,22.480862010965197,PERFECT
aging-PERFECT,a781d2546489e692d824d9b320280ae01571da1e18a2fcd6b85d70c19192b086,20260908,0.9.2,253,False,36.631013952894776,ELECTRICAL#11,ELECTRICAL,repair,22.480862010965197,0.0,22.480862010965197,PERFECT
aging-PERFECT,a781d2546489e692d824d9b320280ae01571da1e18a2fcd6b85d70c19192b086,20260908,0.9.2,254,False,34.16184312439897,HYDRAULIC#16,HYDRAULIC,failure,21.16184312439897,21.16184312439897,21.16184312439897,PERFECT
aging-PERFECT,a781d2546489e692d824d9b320280ae01571da1e18a2fcd6b85d70c19192b086,20260908,0.9.2,254,False,36.16337937934102,HYDRAULIC#16,HYDRAULIC,repair,21.16184312439897,0.0,21.16184312439897,PERFECT
aging-PERFECT,a781d2546489e692d824d9b320280ae01571da1e18a2fcd6b85d70c19192b086,20260908,0.9.2,255,False,34.96773258217698,POWERPLANT#13,POWERPLANT,failure,21.96773258217698,21.96773258217698,21.96773258217698,PERFECT
aging-PERFECT,a781d2546489e692d824d9b320280ae01571da1e18a2fcd6b85d70c19192b086,20260908,0.9.2,255,False,37.51726616243801,POWERPLANT#13,POWERPLANT,repair,21.96773258217698,0.0,21.96773258217698,PERFECT
aging-PERFECT,a781d2546489e692d824d9b320280ae01571da1e18a2fcd6b85d70c19192b086,20260908,0.9.2,256,False,58.229403637807685,HYDRAULIC#20,HYDRAULIC,failure,21.229403637807685,21.229403637807685,21.229403637807685,PERFECT
aging-PERFECT,a781d2546489e692d824d9b320280ae01571da1e18a2fcd6b85d70c19192b086,20260908,0.9.2,256,False,58.85642124871114,HYDRAULIC#20,HYDRAULIC,repair,21.229403637807685,0.0,21.229403637807685,PERFECT
aging-PERFECT,a781d2546489e692d824d9b320280ae01571da1e18a2fcd6b85d70c19192b086,20260908,0.9.2,258,False,10.50639445916468,ELECTRICAL#7,ELECTRICAL,failure,21.50639445916468,21.50639445916468,21.50639445916468,PERFECT
aging-PERFECT,a781d2546489e692d824d9b320280ae01571da1e18a2fcd6b85d70c19192b086,20260908,0.9.2,258,False,15.88367270294997,ELECTRICAL#7,ELECTRICAL,repair,21.50639445916468,0.0,21.50639445916468,PERFECT
aging-PERFECT,a781d2546489e692d824d9b320280ae01571da1e18a2fcd6b85d70c19192b086,20260908,0.9.2,258,False,58.4528719596605,ELECTRICAL#23,ELECTRICAL,failure,21.4528719596605,21.4528719596605,21.4528719596605,PERFECT
aging-PERFECT,a781d2546489e692d824d9b320280ae01571da1e18a2fcd6b85d70c19192b086,20260908,0.9.2,258,False,60.31681231267001,ELECTRICAL#23,ELECTRICAL,repair,21.4528719596605,0.0,21.4528719596605,PERFECT
aging-PERFECT,a781d2546489e692d824d9b320280ae01571da1e18a2fcd6b85d70c19192b086,20260908,0.9.2,259,False,9.312426951422642,AVIONICS#2,AVIONICS,failure,20.312426951422644,20.312426951422644,20.312426951422644,PERFECT
aging-PERFECT,a781d2546489e692d824d9b320280ae01571da1e18a2fcd6b85d70c19192b086,20260908,0.9.2,259,False,12.26794202631888,AVIONICS#2,AVIONICS,repair,20.312426951422644,0.0,20.312426951422644,PERFECT
aging-PERFECT,a781d2546489e692d824d9b320280ae01571da1e18a2fcd6b85d70c19192b086,20260908,0.9.2,259,False,34.297693457566915,HYDRAULIC#12,HYDRAULIC,failure,21.297693457566915,21.297693457566915,21.297693457566915,PERFECT
aging-PERFECT,a781d2546489e692d824d9b320280ae01571da1e18a2fcd6b85d70c19192b086,20260908,0.9.2,259,False,35.9363571224238,HYDRAULIC#12,HYDRAULIC,repair,21.297693457566915,0.0,21.297693457566915,PERFECT
aging-PERFECT,a781d2546489e692d824d9b320280ae01571da1e18a2fcd6b85d70c19192b086,20260908,0.9.2,259,False,57.78140861075216,AVIONICS#22,AVIONICS,failure,20.78140861075216,20.78140861075216,20.78140861075216,PERFECT
aging-PERFECT,a781d2546489e692d824d9b320280ae01571da1e18a2fcd6b85d70c19192b086,20260908,0.9.2,259,False,59.04567182824886,AVIONICS#22,AVIONICS,repair,20.78140861075216,0.0,20.78140861075216,PERFECT
aging-PERFECT,a781d2546489e692d824d9b320280ae01571da1e18a2fcd6b85d70c19192b086,20260908,0.9.2,260,False,58.206702138408765,POWERPLANT#21,POWERPLANT,failure,21.206702138408765,21.206702138408765,21.206702138408765,PERFECT
aging-PERFECT,a781d2546489e692d824d9b320280ae01571da1e18a2fcd6b85d70c19192b086,20260908,0.9.2,260,False,59.4440361783557,POWERPLANT#21,POWERPLANT,repair,21.206702138408765,0.0,21.206702138408765,PERFECT
aging-PERFECT,a781d2546489e692d824d9b320280ae01571da1e18a2fcd6b85d70c19192b086,20260908,0.9.2,262,False,33.19054075698509,AVIONICS#10,AVIONICS,failure,20.190540756985087,20.190540756985087,20.190540756985087,PERFECT
aging-PERFECT,a781d2546489e692d824d9b320280ae01571da1e18a2fcd6b85d70c19192b086,20260908,0.9.2,262,False,33.812700579555944,AVIONICS#10,AVIONICS,repair,20.190540756985087,0.0,20.190540756985087,PERFECT
aging-PERFECT,a781d2546489e692d824d9b320280ae01571da1e18a2fcd6b85d70c19192b086,20260908,0.9.2,264,False,10.445754837650435,HYDRAULIC#4,HYDRAULIC,failure,21.445754837650433,21.445754837650433,21.445754837650433,PERFECT
aging-PERFECT,a781d2546489e692d824d9b320280ae01571da1e18a2fcd6b85d70c19192b086,20260908,0.9.2,264,False,10.799879926794356,AVIONICS#2,AVIONICS,failure,21.799879926794354,21.799879926794354,21.799879926794354,PERFECT
aging-PERFECT,a781d2546489e692d824d9b320280ae01571da1e18a2fcd6b85d70c19192b086,20260908,0.9.2,264,False,13.433910201084725,HYDRAULIC#4,HYDRAULIC,repair,21.445754837650433,0.0,21.445754837650433,PERFECT
aging-PERFECT,a781d2546489e692d824d9b320280ae01571da1e18a2fcd6b85d70c19192b086,20260908,0.9.2,264,False,13.493569145798672,AVIONICS#2,AVIONICS,repair,21.799879926794354,0.0,21.799879926794354,PERFECT
aging-PERFECT,a781d2546489e692d824d9b320280ae01571da1e18a2fcd6b85d70c19192b086,20260908,0.9.2,265,False,11.262840831338044,AVIONICS#6,AVIONICS,failure,22.262840831338046,22.262840831338046,22.262840831338046,PERFECT
aging-PERFECT,a781d2546489e692d824d9b320280ae01571da1e18a2fcd6b85d70c19192b086,20260908,0.9.2,265,False,12.12806591227542,AVIONICS#6,AVIONICS,repair,22.262840831338046,0.0,22.262840831338046,PERFECT
aging-PERFECT,a781d2546489e692d824d9b320280ae01571da1e18a2fcd6b85d70c19192b086,20260908,0.9.2,265,False,35.8053168137329,ELECTRICAL#11,ELECTRICAL,failure,22.8053168137329,22.8053168137329,22.8053168137329,PERFECT
aging-PERFECT,a781d2546489e692d824d9b320280ae01571da1e18a2fcd6b85d70c19192b086,20260908,0.9.2,265,False,35.97783879634758,HYDRAULIC#16,HYDRAULIC,failure,22.977838796347577,22.977838796347577,22.977838796347577,PERFECT
aging-PERFECT,a781d2546489e692d824d9b320280ae01571da1e18a2fcd6b85d70c19192b086,20260908,0.9.2,265,False,37.62948426817884,HYDRAULIC#16,HYDRAULIC,repair,22.977838796347577,0.0,22.977838796347577,PERFECT
aging-PERFECT,a781d2546489e692d824d9b320280ae01571da1e18a2fcd6b85d70c19192b086,20260908,0.9.2,265,False,37.914440714141925,ELECTRICAL#11,ELECTRICAL,repair,22.8053168137329,0.0,22.8053168137329,PERFECT
aging-PERFECT,a781d2546489e692d824d9b320280ae01571da1e18a2fcd6b85d70c19192b086,20260908,0.9.2,266,False,9.566678477989678,HYDRAULIC#4,HYDRAULIC,failure,20.566678477989676,20.566678477989676,20.566678477989676,PERFECT
aging-PERFECT,a781d2546489e692d824d9b320280ae01571da1e18a2fcd6b85d70c19192b086,20260908,0.9.2,266,False,11.52695692974901,HYDRAULIC#4,HYDRAULIC,repair,20.566678477989676,0.0,20.566678477989676,PERFECT
aging-PERFECT,a781d2546489e692d824d9b320280ae01571da1e18a2fcd6b85d70c19192b086,20260908,0.9.2,266,False,33.71300808272931,AVIONICS#10,AVIONICS,failure,20.71300808272931,20.71300808272931,20.71300808272931,PERFECT
aging-PERFECT,a781d2546489e692d824d9b320280ae01571da1e18a2fcd6b85d70c19192b086,20260908,0.9.2,266,False,34.26902255225636,AVIONICS#10,AVIONICS,repair,20.71300808272931,0.0,20.71300808272931,PERFECT
aging-PERFECT,a781d2546489e692d824d9b320280ae01571da1e18a2fcd6b85d70c19192b086,20260908,0.9.2,267,False,11.718996604372517,ELECTRICAL#3,ELECTRICAL,failure,22.718996604372517,22.718996604372517,22.718996604372517,PERFECT
aging-PERFECT,a781d2546489e692d824d9b320280ae01571da1e18a2fcd6b85d70c19192b086,20260908,0.9.2,267,False,12.723445396055972,ELECTRICAL#3,ELECTRICAL,repair,22.718996604372517,0.0,22.718996604372517,PERFECT
aging-PERFECT,a781d2546489e692d824d9b320280ae01571da1e18a2fcd6b85d70c19192b086,20260908,0.9.2,267,False,59.97193610545731,ELECTRICAL#19,ELECTRICAL,failure,22.97193610545731,22.97193610545731,22.97193610545731,PERFECT
aging-PERFECT,a781d2546489e692d824d9b320280ae01571da1e18a2fcd6b85d70c19192b086,20260908,0.9.2,267,False,60.03427830902675,ELECTRICAL#19,ELECTRICAL,repair,22.97193610545731,0.0,22.97193610545731,PERFECT
aging-PERFECT,a781d2546489e692d824d9b320280ae01571da1e18a2fcd6b85d70c19192b086,20260908,0.9.2,269,False,57.41697928993962,POWERPLANT#17,POWERPLANT,failure,20.41697928993962,20.41697928993962,20.41697928993962,PERFECT
aging-PERFECT,a781d2546489e692d824d9b320280ae01571da1e18a2fcd6b85d70c19192b086,20260908,0.9.2,269,False,59.66682636239703,POWERPLANT#17,POWERPLANT,repair,20.41697928993962,0.0,20.41697928993962,PERFECT
aging-PERFECT,a781d2546489e692d824d9b320280ae01571da1e18a2fcd6b85d70c19192b086,20260908,0.9.2,270,False,33.973621566911575,POWERPLANT#9,POWERPLANT,failure,20.973621566911575,20.973621566911575,20.973621566911575,PERFECT
aging-PERFECT,a781d2546489e692d824d9b320280ae01571da1e18a2fcd6b85d70c19192b086,20260908,0.9.2,270,False,39.42321817553126,POWERPLANT#9,POWERPLANT,repair,20.973621566911575,0.0,20.973621566911575,PERFECT
aging-PERFECT,a781d2546489e692d824d9b320280ae01571da1e18a2fcd6b85d70c19192b086,20260908,0.9.2,270,False,57.94266246173449,ELECTRICAL#19,ELECTRICAL,failure,20.942662461734493,20.942662461734493,20.942662461734493,PERFECT
aging-PERFECT,a781d2546489e692d824d9b320280ae01571da1e18a2fcd6b85d70c19192b086,20260908,0.9.2,270,False,62.54720740161528,ELECTRICAL#19,ELECTRICAL,repair,20.942662461734493,0.0,20.942662461734493,PERFECT
aging-PERFECT,a781d2546489e692d824d9b320280ae01571da1e18a2fcd6b85d70c19192b086,20260908,0.9.2,271,False,34.012130437008125,HYDRAULIC#16,HYDRAULIC,failure,21.012130437008125,21.012130437008125,21.012130437008125,PERFECT
aging-PERFECT,a781d2546489e692d824d9b320280ae01571da1e18a2fcd6b85d70c19192b086,20260908,0.9.2,271,False,34.65838607077018,HYDRAULIC#16,HYDRAULIC,repair,21.012130437008125,0.0,21.012130437008125,PERFECT
aging-PERFECT,a781d2546489e692d824d9b320280ae01571da1e18a2fcd6b85d70c19192b086,20260908,0.9.2,272,False,11.566638247605587,HYDRAULIC#8,HYDRAULIC,failure,22.56663824760559,22.56663824760559,22.56663824760559,PERFECT
aging-PERFECT,a781d2546489e692d824d9b320280ae01571da1e18a2fcd6b85d70c19192b086,20260908,0.9.2,272,False,13.418308160171476,HYDRAULIC#8,HYDRAULIC,repair,22.56663824760559,0.0,22.56663824760559,PERFECT
aging-PERFECT,a781d2546489e692d824d9b320280ae01571da1e18a2fcd6b85d70c19192b086,20260908,0.9.2,272,False,35.07117921079196,HYDRAULIC#16,HYDRAULIC,failure,22.07117921079196,22.07117921079196,22.07117921079196,PERFECT
aging-PERFECT,a781d2546489e692d824d9b320280ae01571da1e18a2fcd6b85d70c19192b086,20260908,0.9.2,272,False,37.09836163965333,HYDRAULIC#16,HYDRAULIC,repair,22.07117921079196,0.0,22.07117921079196,PERFECT
aging-PERFECT,a781d2546489e692d824d9b320280ae01571da1e18a2fcd6b85d70c19192b086,20260908,0.9.2,273,False,59.83682980543085,HYDRAULIC#24,HYDRAULIC,failure,22.836829805430853,22.836829805430853,22.836829805430853,PERFECT
aging-PERFECT,a781d2546489e692d824d9b320280ae01571da1e18a2fcd6b85d70c19192b086,20260908,0.9.2,273,False,65.3458362059643,HYDRAULIC#24,HYDRAULIC,repair,22.836829805430853,0.0,22.836829805430853,PERFECT
aging-PERFECT,a781d2546489e692d824d9b320280ae01571da1e18a2fcd6b85d70c19192b086,20260908,0.9.2,274,False,11.159925364537148,POWERPLANT#1,POWERPLANT,failure,22.15992536453715,22.15992536453715,22.15992536453715,PERFECT
aging-PERFECT,a781d2546489e692d824d9b320280ae01571da1e18a2fcd6b85d70c19192b086,20260908,0.9.2,274,False,11.751594275213868,POWERPLANT#1,POWERPLANT,repair,22.15992536453715,0.0,22.15992536453715,PERFECT
aging-PERFECT,a781d2546489e692d824d9b320280ae01571da1e18a2fcd6b85d70c19192b086,20260908,0.9.2,276,False,10.826133377662462,ELECTRICAL#7,ELECTRICAL,failure,21.82613337766246,21.82613337766246,21.82613337766246,PERFECT
aging-PERFECT,a781d2546489e692d824d9b320280ae01571da1e18a2fcd6b85d70c19192b086,20260908,0.9.2,276,False,11.41933950113043,ELECTRICAL#7,ELECTRICAL,repair,21.82613337766246,0.0,21.82613337766246,PERFECT
aging-PERFECT,a781d2546489e692d824d9b320280ae01571da1e18a2fcd6b85d70c19192b086,20260908,0.9.2,276,False,58.97380500634716,ELECTRICAL#19,ELECTRICAL,failure,21.973805006347163,21.973805006347163,21.973805006347163,PERFECT
aging-PERFECT,a781d2546489e692d824d9b320280ae01571da1e18a2fcd6b85d70c19192b086,20260908,0.9.2,276,False,62.48628036330391,ELECTRICAL#19,ELECTRICAL,repair,21.973805006347163,0.0,21.973805006347163,PERFECT
aging-PERFECT,a781d2546489e692d824d9b320280ae01571da1e18a2fcd6b85d70c19192b086,20260908,0.9.2,277,False,9.843152890104825,POWERPLANT#1,POWERPLANT,failure,20.843152890104825,20.843152890104825,20.843152890104825,PERFECT
aging-PERFECT,a781d2546489e692d824d9b320280ae01571da1e18a2fcd6b85d70c19192b086,20260908,0.9.2,277,False,10.102743007020212,AVIONICS#6,AVIONICS,failure,21.102743007020212,21.102743007020212,21.102743007020212,PERFECT
aging-PERFECT,a781d2546489e692d824d9b320280ae01571da1e18a2fcd6b85d70c19192b086,20260908,0.9.2,277,False,10.376089369335869,POWERPLANT#1,POWERPLANT,repair,20.843152890104825,0.0,20.843152890104825,PERFECT
aging-PERFECT,a781d2546489e692d824d9b320280ae01571da1e18a2fcd6b85d70c19192b086,20260908,0.9.2,277,False,11.664350172031886,AVIONICS#6,AVIONICS,repair,21.102743007020212,0.0,21.102743007020212,PERFECT
aging-PERFECT,a781d2546489e692d824d9b320280ae01571da1e18a2fcd6b85d70c19192b086,20260908,0.9.2,277,False,57.88215189047191,AVIONICS#22,AVIONICS,failure,20.88215189047191,20.88215189047191,20.88215189047191,PERFECT
aging-PERFECT,a781d2546489e692d824d9b320280ae01571da1e18a2fcd6b85d70c19192b086,20260908,0.9.2,277,False,60.89498454181507,AVIONICS#22,AVIONICS,repair,20.88215189047191,0.0,20.88215189047191,PERFECT
aging-PERFECT,a781d2546489e692d824d9b320280ae01571da1e18a2fcd6b85d70c19192b086,20260908,0.9.2,278,False,10.117148972052233,ELECTRICAL#3,ELECTRICAL,failure,21.117148972052235,21.117148972052235,21.117148972052235,PERFECT
aging-PERFECT,a781d2546489e692d824d9b320280ae01571da1e18a2fcd6b85d70c19192b086,20260908,0.9.2,278,False,12.985956946142265,ELECTRICAL#3,ELECTRICAL,repair,21.117148972052235,0.0,21.117148972052235,PERFECT
aging-PERFECT,a781d2546489e692d824d9b320280ae01571da1e18a2fcd6b85d70c19192b086,20260908,0.9.2,279,False,9.371605941733081,HYDRAULIC#4,HYDRAULIC,failure,20.37160594173308,20.37160594173308,20.37160594173308,PERFECT
aging-PERFECT,a781d2546489e692d824d9b320280ae01571da1e18a2fcd6b85d70c19192b086,20260908,0.9.2,279,False,10.668854153622158,HYDRAULIC#4,HYDRAULIC,repair,20.37160594173308,0.0,20.37160594173308,PERFECT
aging-PERFECT,a781d2546489e692d824d9b320280ae01571da1e18a2fcd6b85d70c19192b086,20260908,0.9.2,279,False,58.57751449202241,POWERPLANT#21,POWERPLANT,failure,21.57751449202241,21.57751449202241,21.57751449202241,PERFECT
aging-PERFECT,a781d2546489e692d824d9b320280ae01571da1e18a2fcd6b85d70c19192b086,20260908,0.9.2,279,False,58.69504698795014,HYDRAULIC#20,HYDRAULIC,failure,21.695046987950143,21.695046987950143,21.695046987950143,PERFECT
aging-PERFECT,a781d2546489e692d824d9b320280ae01571da1e18a2fcd6b85d70c19192b086,20260908,0.9.2,279,False,60.925580847102346,POWERPLANT#21,POWERPLANT,repair,21.57751449202241,0.0,21.57751449202241,PERFECT
aging-PERFECT,a781d2546489e692d824d9b320280ae01571da1e18a2fcd6b85d70c19192b086,20260908,0.9.2,279,False,62.477041821426916,HYDRAULIC#20,HYDRAULIC,repair,21.695046987950143,0.0,21.695046987950143,PERFECT
aging-PERFECT,a781d2546489e692d824d9b320280ae01571da1e18a2fcd6b85d70c19192b086,20260908,0.9.2,281,False,58.723149347890995,POWERPLANT#21,POWERPLANT,failure,21.723149347890995,21.723149347890995,21.723149347890995,PERFECT
aging-PERFECT,a781d2546489e692d824d9b320280ae01571da1e18a2fcd6b85d70c19192b086,20260908,0.9.2,281,False,59.27480846719549,POWERPLANT#21,POWERPLANT,repair,21.723149347890995,0.0,21.723149347890995,PERFECT
aging-PERFECT,a781d2546489e692d824d9b320280ae01571da1e18a2fcd6b85d70c19192b086,20260908,0.9.2,282,False,10.673493526890113,ELECTRICAL#7,ELECTRICAL,failure,21.673493526890113,21.673493526890113,21.673493526890113,PERFECT
aging-PERFECT,a781d2546489e692d824d9b320280ae01571da1e18a2fcd6b85d70c19192b086,20260908,0.9.2,282,False,12.505663640325169,ELECTRICAL#7,ELECTRICAL,repair,21.673493526890113,0.0,21.673493526890113,PERFECT
aging-PERFECT,a781d2546489e692d824d9b320280ae01571da1e18a2fcd6b85d70c19192b086,20260908,0.9.2,282,False,33.96093335669961,POWERPLANT#13,POWERPLANT,failure,20.960933356699613,20.960933356699613,20.960933356699613,PERFECT
aging-PERFECT,a781d2546489e692d824d9b320280ae01571da1e18a2fcd6b85d70c19192b086,20260908,0.9.2,282,False,34.81957097900071,POWERPLANT#13,POWERPLANT,repair,20.960933356699613,0.0,20.960933356699613,PERFECT
aging-PERFECT,a781d2546489e692d824d9b320280ae01571da1e18a2fcd6b85d70c19192b086,20260908,0.9.2,283,False,10.206877254589756,ELECTRICAL#3,ELECTRICAL,failure,21.206877254589756,21.206877254589756,21.206877254589756,PERFECT
aging-PERFECT,a781d2546489e692d824d9b320280ae01571da1e18a2fcd6b85d70c19192b086,20260908,0.9.2,283,False,11.012237563019255,ELECTRICAL#3,ELECTRICAL,repair,21.206877254589756,0.0,21.206877254589756,PERFECT
aging-PERFECT,a781d2546489e692d824d9b320280ae01571da1e18a2fcd6b85d70c19192b086,20260908,0.9.2,284,False,11.58860150162749,ELECTRICAL#3,ELECTRICAL,failure,22.58860150162749,22.58860150162749,22.58860150162749,PERFECT
aging-PERFECT,a781d2546489e692d824d9b320280ae01571da1e18a2fcd6b85d70c19192b086,20260908,0.9.2,284,False,14.741652597008553,ELECTRICAL#3,ELECTRICAL,repair,22.58860150162749,0.0,22.58860150162749,PERFECT
aging-PERFECT,a781d2546489e692d824d9b320280ae01571da1e18a2fcd6b85d70c19192b086,20260908,0.9.2,284,False,57.95392211471981,ELECTRICAL#19,ELECTRICAL,failure,20.95392211471981,20.95392211471981,20.95392211471981,PERFECT
aging-PERFECT,a781d2546489e692d824d9b320280ae01571da1e18a2fcd6b85d70c19192b086,20260908,0.9.2,284,False,59.16993136636824,ELECTRICAL#19,ELECTRICAL,repair,20.95392211471981,0.0,20.95392211471981,PERFECT
aging-PERFECT,a781d2546489e692d824d9b320280ae01571da1e18a2fcd6b85d70c19192b086,20260908,0.9.2,285,False,10.373572453024458,ELECTRICAL#3,ELECTRICAL,failure,21.373572453024458,21.373572453024458,21.373572453024458,PERFECT
aging-PERFECT,a781d2546489e692d824d9b320280ae01571da1e18a2fcd6b85d70c19192b086,20260908,0.9.2,285,False,11.58371850916525,ELECTRICAL#3,ELECTRICAL,repair,21.373572453024458,0.0,21.373572453024458,PERFECT
aging-PERFECT,a781d2546489e692d824d9b320280ae01571da1e18a2fcd6b85d70c19192b086,20260908,0.9.2,285,False,59.591526550265385,HYDRAULIC#24,HYDRAULIC,failure,22.591526550265385,22.591526550265385,22.591526550265385,PERFECT
aging-PERFECT,a781d2546489e692d824d9b320280ae01571da1e18a2fcd6b85d70c19192b086,20260908,0.9.2,285,False,61.631699647031105,HYDRAULIC#24,HYDRAULIC,repair,22.591526550265385,0.0,22.591526550265385,PERFECT
aging-PERFECT,a781d2546489e692d824d9b320280ae01571da1e18a2fcd6b85d70c19192b086,20260908,0.9.2,286,False,11.822130260575554,POWERPLANT#5,POWERPLANT,failure,22.822130260575555,22.822130260575555,22.822130260575555,PERFECT
aging-PERFECT,a781d2546489e692d824d9b320280ae01571da1e18a2fcd6b85d70c19192b086,20260908,0.9.2,286,False,13.056178680878041,POWERPLANT#5,POWERPLANT,repair,22.822130260575555,0.0,22.822130260575555,PERFECT
aging-PERFECT,a781d2546489e692d824d9b320280ae01571da1e18a2fcd6b85d70c19192b086,20260908,0.9.2,287,False,33.26706941818069,HYDRAULIC#12,HYDRAULIC,failure,20.26706941818069,20.26706941818069,20.26706941818069,PERFECT
aging-PERFECT,a781d2546489e692d824d9b320280ae01571da1e18a2fcd6b85d70c19192b086,20260908,0.9.2,287,False,34.792168575780394,HYDRAULIC#12,HYDRAULIC,repair,20.26706941818069,0.0,20.26706941818069,PERFECT
aging-PERFECT,a781d2546489e692d824d9b320280ae01571da1e18a2fcd6b85d70c19192b086,20260908,0.9.2,288,False,9.38589840113,POWERPLANT#5,POWERPLANT,failure,20.38589840113,20.38589840113,20.38589840113,PERFECT
aging-PERFECT,a781d2546489e692d824d9b320280ae01571da1e18a2fcd6b85d70c19192b086,20260908,0.9.2,288,False,10.47975375339746,POWERPLANT#5,POWERPLANT,repair,20.38589840113,0.0,20.38589840113,PERFECT
aging-PERFECT,a781d2546489e692d824d9b320280ae01571da1e18a2fcd6b85d70c19192b086,20260908,0.9.2,288,False,35.31972074315561,POWERPLANT#13,POWERPLANT,failure,22.319720743155607,22.319720743155607,22.319720743155607,PERFECT
aging-PERFECT,a781d2546489e692d824d9b320280ae01571da1e18a2fcd6b85d70c19192b086,20260908,0.9.2,288,False,35.52698988042541,ELECTRICAL#11,ELECTRICAL,failure,22.52698988042541,22.52698988042541,22.52698988042541,PERFECT
aging-PERFECT,a781d2546489e692d824d9b320280ae01571da1e18a2fcd6b85d70c19192b086,20260908,0.9.2,288,False,38.00449898919199,ELECTRICAL#11,ELECTRICAL,repair,22.52698988042541,0.0,22.52698988042541,PERFECT
aging-PERFECT,a781d2546489e692d824d9b320280ae01571da1e18a2fcd6b85d70c19192b086,20260908,0.9.2,288,False,41.63221561108836,POWERPLANT#13,POWERPLANT,repair,22.319720743155607,0.0,22.319720743155607,PERFECT
aging-PERFECT,a781d2546489e692d824d9b320280ae01571da1e18a2fcd6b85d70c19192b086,20260908,0.9.2,289,False,9.252478786839346,AVIONICS#6,AVIONICS,failure,20.252478786839347,20.252478786839347,20.252478786839347,PERFECT
aging-PERFECT,a781d2546489e692d824d9b320280ae01571da1e18a2fcd6b85d70c19192b086,20260908,0.9.2,289,False,11.56474717159194,AVIONICS#6,AVIONICS,repair,20.252478786839347,0.0,20.252478786839347,PERFECT
aging-PERFECT,a781d2546489e692d824d9b320280ae01571da1e18a2fcd6b85d70c19192b086,20260908,0.9.2,289,False,34.25464177516569,POWERPLANT#9,POWERPLANT,failure,21.254641775165688,21.254641775165688,21.254641775165688,PERFECT
aging-PERFECT,a781d2546489e692d824d9b320280ae01571da1e18a2fcd6b85d70c19192b086,20260908,0.9.2,289,False,44.526213650452036,POWERPLANT#9,POWERPLANT,repair,21.254641775165688,0.0,21.254641775165688,PERFECT
aging-PERFECT,a781d2546489e692d824d9b320280ae01571da1e18a2fcd6b85d70c19192b086,20260908,0.9.2,289,False,59.488381568562424,HYDRAULIC#24,HYDRAULIC,failure,22.488381568562424,22.488381568562424,22.488381568562424,PERFECT
aging-PERFECT,a781d2546489e692d824d9b320280ae01571da1e18a2fcd6b85d70c19192b086,20260908,0.9.2,289,False,59.81675365019105,AVIONICS#22,AVIONICS,failure,22.816753650191053,22.816753650191053,22.816753650191053,PERFECT
aging-PERFECT,a781d2546489e692d824d9b320280ae01571da1e18a2fcd6b85d70c19192b086,20260908,0.9.2,289,False,61.77756152165218,HYDRAULIC#24,HYDRAULIC,repair,22.488381568562424,0.0,22.488381568562424,PERFECT
aging-PERFECT,a781d2546489e692d824d9b320280ae01571da1e18a2fcd6b85d70c19192b086,20260908,0.9.2,289,False,68.11242952960022,AVIONICS#22,AVIONICS,repair,22.816753650191053,0.0,22.816753650191053,PERFECT
aging-PERFECT,a781d2546489e692d824d9b320280ae01571da1e18a2fcd6b85d70c19192b086,20260908,0.9.2,290,False,10.201711929825132,HYDRAULIC#8,HYDRAULIC,failure,21.20171192982513,21.20171192982513,21.20171192982513,PERFECT
aging-PERFECT,a781d2546489e692d824d9b320280ae01571da1e18a2fcd6b85d70c19192b086,20260908,0.9.2,290,False,12.155472387853429,HYDRAULIC#8,HYDRAULIC,repair,21.20171192982513,0.0,21.20171192982513,PERFECT
aging-PERFECT,a781d2546489e692d824d9b320280ae01571da1e18a2fcd6b85d70c19192b086,20260908,0.9.2,290,False,57.256219362004344,HYDRAULIC#20,HYDRAULIC,failure,20.256219362004344,20.256219362004344,20.256219362004344,PERFECT
aging-PERFECT,a781d2546489e692d824d9b320280ae01571da1e18a2fcd6b85d70c19192b086,20260908,0.9.2,290,False,57.588432255149705,HYDRAULIC#20,HYDRAULIC,repair,20.256219362004344,0.0,20.256219362004344,PERFECT
aging-PERFECT,a781d2546489e692d824d9b320280ae01571da1e18a2fcd6b85d70c19192b086,20260908,0.9.2,291,False,33.555076497055715,ELECTRICAL#15,ELECTRICAL,failure,20.555076497055715,20.555076497055715,20.555076497055715,PERFECT
aging-PERFECT,a781d2546489e692d824d9b320280ae01571da1e18a2fcd6b85d70c19192b086,20260908,0.9.2,291,False,36.12124976971829,ELECTRICAL#15,ELECTRICAL,repair,20.555076497055715,0.0,20.555076497055715,PERFECT
aging-PERFECT,a781d2546489e692d824d9b320280ae01571da1e18a2fcd6b85d70c19192b086,20260908,0.9.2,291,False,57.7860825079304,ELECTRICAL#23,ELECTRICAL,failure,20.786082507930402,20.786082507930402,20.786082507930402,PERFECT
aging-PERFECT,a781d2546489e692d824d9b320280ae01571da1e18a2fcd6b85d70c19192b086,20260908,0.9.2,291,False,60.37908963117206,ELECTRICAL#23,ELECTRICAL,repair,20.786082507930402,0.0,20.786082507930402,PERFECT
aging-PERFECT,a781d2546489e692d824d9b320280ae01571da1e18a2fcd6b85d70c19192b086,20260908,0.9.2,292,False,11.718315704342862,POWERPLANT#1,POWERPLANT,failure,22.718315704342864,22.718315704342864,22.718315704342864,PERFECT
aging-PERFECT,a781d2546489e692d824d9b320280ae01571da1e18a2fcd6b85d70c19192b086,20260908,0.9.2,292,False,13.895679563026787,POWERPLANT#1,POWERPLANT,repair,22.718315704342864,0.0,22.718315704342864,PERFECT
aging-PERFECT,a781d2546489e692d824d9b320280ae01571da1e18a2fcd6b85d70c19192b086,20260908,0.9.2,292,False,33.084938863242286,AVIONICS#10,AVIONICS,failure,20.084938863242286,20.084938863242286,20.084938863242286,PERFECT
aging-PERFECT,a781d2546489e692d824d9b320280ae01571da1e18a2fcd6b85d70c19192b086,20260908,0.9.2,292,False,33.51456551695476,AVIONICS#10,AVIONICS,repair,20.084938863242286,0.0,20.084938863242286,PERFECT
aging-PERFECT,a781d2546489e692d824d9b320280ae01571da1e18a2fcd6b85d70c19192b086,20260908,0.9.2,292,False,58.36925543938588,HYDRAULIC#20,HYDRAULIC,failure,21.36925543938588,21.36925543938588,21.36925543938588,PERFECT
aging-PERFECT,a781d2546489e692d824d9b320280ae01571da1e18a2fcd6b85d70c19192b086,20260908,0.9.2,292,False,59.77070801522764,HYDRAULIC#20,HYDRAULIC,repair,21.36925543938588,0.0,21.36925543938588,PERFECT
aging-PERFECT,a781d2546489e692d824d9b320280ae01571da1e18a2fcd6b85d70c19192b086,20260908,0.9.2,293,False,9.025977651798353,POWERPLANT#1,POWERPLANT,failure,20.025977651798353,20.025977651798353,20.025977651798353,PERFECT
aging-PERFECT,a781d2546489e692d824d9b320280ae01571da1e18a2fcd6b85d70c19192b086,20260908,0.9.2,293,False,10.675235273250438,POWERPLANT#1,POWERPLANT,repair,20.025977651798353,0.0,20.025977651798353,PERFECT
aging-PERFECT,a781d2546489e692d824d9b320280ae01571da1e18a2fcd6b85d70c19192b086,20260908,0.9.2,293,False,34.08094958828625,HYDRAULIC#12,HYDRAULIC,failure,21.080949588286252,21.080949588286252,21.080949588286252,PERFECT
aging-PERFECT,a781d2546489e692d824d9b320280ae01571da1e18a2fcd6b85d70c19192b086,20260908,0.9.2,293,False,36.23910426648575,HYDRAULIC#12,HYDRAULIC,repair,21.080949588286252,0.0,21.080949588286252,PERFECT
aging-PERFECT,a781d2546489e692d824d9b320280ae01571da1e18a2fcd6b85d70c19192b086,20260908,0.9.2,293,False,58.47585599490937,ELECTRICAL#23,ELECTRICAL,failure,21.475855994909367,21.475855994909367,21.475855994909367,PERFECT
aging-PERFECT,a781d2546489e692d824d9b320280ae01571da1e18a2fcd6b85d70c19192b086,20260908,0.9.2,293,False,59.314619038439744,ELECTRICAL#23,ELECTRICAL,repair,21.475855994909367,0.0,21.475855994909367,PERFECT
aging-PERFECT,a781d2546489e692d824d9b320280ae01571da1e18a2fcd6b85d70c19192b086,20260908,0.9.2,294,False,9.402583695808886,ELECTRICAL#3,ELECTRICAL,failure,20.402583695808886,20.402583695808886,20.402583695808886,PERFECT
aging-PERFECT,a781d2546489e692d824d9b320280ae01571da1e18a2fcd6b85d70c19192b086,20260908,0.9.2,294,False,10.064854555527171,ELECTRICAL#3,ELECTRICAL,repair,20.402583695808886,0.0,20.402583695808886,PERFECT
aging-PERFECT,a781d2546489e692d824d9b320280ae01571da1e18a2fcd6b85d70c19192b086,20260908,0.9.2,296,False,34.65105595884223,POWERPLANT#13,POWERPLANT,failure,21.651055958842228,21.651055958842228,21.651055958842228,PERFECT
aging-PERFECT,a781d2546489e692d824d9b320280ae01571da1e18a2fcd6b85d70c19192b086,20260908,0.9.2,296,False,37.385978193194546,POWERPLANT#13,POWERPLANT,repair,21.651055958842228,0.0,21.651055958842228,PERFECT
aging-PERFECT,a781d2546489e692d824d9b320280ae01571da1e18a2fcd6b85d70c19192b086,20260908,0.9.2,297,False,10.385155096736773,POWERPLANT#5,POWERPLANT,failure,21.385155096736774,21.385155096736774,21.385155096736774,PERFECT
aging-PERFECT,a781d2546489e692d824d9b320280ae01571da1e18a2fcd6b85d70c19192b086,20260908,0.9.2,297,False,11.191014797729064,POWERPLANT#5,POWERPLANT,repair,21.385155096736774,0.0,21.385155096736774,PERFECT
aging-PERFECT,a781d2546489e692d824d9b320280ae01571da1e18a2fcd6b85d70c19192b086,20260908,0.9.2,297,False,58.153614322866815,ELECTRICAL#19,ELECTRICAL,failure,21.153614322866815,21.153614322866815,21.153614322866815,PERFECT
aging-PERFECT,a781d2546489e692d824d9b320280ae01571da1e18a2fcd6b85d70c19192b086,20260908,0.9.2,297,False,62.96569594461653,ELECTRICAL#19,ELECTRICAL,repair,21.153614322866815,0.0,21.153614322866815,PERFECT
aging-PERFECT,a781d2546489e692d824d9b320280ae01571da1e18a2fcd6b85d70c19192b086,20260908,0.9.2,298,False,9.431989114903132,HYDRAULIC#4,HYDRAULIC,failure,20.431989114903132,20.431989114903132,20.431989114903132,PERFECT
aging-PERFECT,a781d2546489e692d824d9b320280ae01571da1e18a2fcd6b85d70c19192b086,20260908,0.9.2,298,False,10.76774494886568,HYDRAULIC#4,HYDRAULIC,repair,20.431989114903132,0.0,20.431989114903132,PERFECT
aging-PERFECT,a781d2546489e692d824d9b320280ae01571da1e18a2fcd6b85d70c19192b086,20260908,0.9.2,298,False,33.64673332457017,ELECTRICAL#11,ELECTRICAL,failure,20.64673332457017,20.64673332457017,20.64673332457017,PERFECT
aging-PERFECT,a781d2546489e692d824d9b320280ae01571da1e18a2fcd6b85d70c19192b086,20260908,0.9.2,298,False,34.3011651398833,ELECTRICAL#11,ELECTRICAL,repair,20.64673332457017,0.0,20.64673332457017,PERFECT
aging-PERFECT,a781d2546489e692d824d9b320280ae01571da1e18a2fcd6b85d70c19192b086,20260908,0.9.2,299,False,34.737730147898446,POWERPLANT#9,POWERPLANT,failure,21.737730147898446,21.737730147898446,21.737730147898446,PERFECT
aging-PERFECT,a781d2546489e692d824d9b320280ae01571da1e18a2fcd6b85d70c19192b086,20260908,0.9.2,299,False,37.310807245953015,POWERPLANT#9,POWERPLANT,repair,21.737730147898446,0.0,21.737730147898446,PERFECT
aging-PERFECT,a781d2546489e692d824d9b320280ae01571da1e18a2fcd6b85d70c19192b086,20260908,0.9.2,299,False,59.65212335218858,HYDRAULIC#20,HYDRAULIC,failure,22.652123352188582,22.652123352188582,22.652123352188582,PERFECT
aging-PERFECT,a781d2546489e692d824d9b320280ae01571da1e18a2fcd6b85d70c19192b086,20260908,0.9.2,299,False,63.718955228234954,HYDRAULIC#20,HYDRAULIC,repair,22.652123352188582,0.0,22.652123352188582,PERFECT
aging-PERFECT,a781d2546489e692d824d9b320280ae01571da1e18a2fcd6b85d70c19192b086,20260908,0.9.2,300,False,34.81588686487636,POWERPLANT#9,POWERPLANT,failure,21.81588686487636,21.81588686487636,21.81588686487636,PERFECT
aging-PERFECT,a781d2546489e692d824d9b320280ae01571da1e18a2fcd6b85d70c19192b086,20260908,0.9.2,300,False,38.13835838985072,POWERPLANT#9,POWERPLANT,repair,21.81588686487636,0.0,21.81588686487636,PERFECT
aging-PERFECT,a781d2546489e692d824d9b320280ae01571da1e18a2fcd6b85d70c19192b086,20260908,0.9.2,302,False,58.0475409916184,AVIONICS#18,AVIONICS,failure,21.047540991618398,21.047540991618398,21.047540991618398,PERFECT
aging-PERFECT,a781d2546489e692d824d9b320280ae01571da1e18a2fcd6b85d70c19192b086,20260908,0.9.2,302,False,58.65066304777425,AVIONICS#18,AVIONICS,repair,21.047540991618398,0.0,21.047540991618398,PERFECT
aging-PERFECT,a781d2546489e692d824d9b320280ae01571da1e18a2fcd6b85d70c19192b086,20260908,0.9.2,303,False,33.49860705982558,POWERPLANT#13,POWERPLANT,failure,20.49860705982558,20.49860705982558,20.49860705982558,PERFECT
aging-PERFECT,a781d2546489e692d824d9b320280ae01571da1e18a2fcd6b85d70c19192b086,20260908,0.9.2,303,False,33.55239603580833,ELECTRICAL#15,ELECTRICAL,failure,20.55239603580833,20.55239603580833,20.55239603580833,PERFECT
aging-PERFECT,a781d2546489e692d824d9b320280ae01571da1e18a2fcd6b85d70c19192b086,20260908,0.9.2,303,False,35.126259708916066,POWERPLANT#13,POWERPLANT,repair,20.49860705982558,0.0,20.49860705982558,PERFECT
aging-PERFECT,a781d2546489e692d824d9b320280ae01571da1e18a2fcd6b85d70c19192b086,20260908,0.9.2,303,False,35.15132706220075,ELECTRICAL#15,ELECTRICAL,repair,20.55239603580833,0.0,20.55239603580833,PERFECT
aging-PERFECT,a781d2546489e692d824d9b320280ae01571da1e18a2fcd6b85d70c19192b086,20260908,0.9.2,304,False,35.79731731363477,AVIONICS#10,AVIONICS,failure,22.79731731363477,22.79731731363477,22.79731731363477,PERFECT
aging-PERFECT,a781d2546489e692d824d9b320280ae01571da1e18a2fcd6b85d70c19192b086,20260908,0.9.2,304,False,36.180507782235225,AVIONICS#10,AVIONICS,repair,22.79731731363477,0.0,22.79731731363477,PERFECT
aging-PERFECT,a781d2546489e692d824d9b320280ae01571da1e18a2fcd6b85d70c19192b086,20260908,0.9.2,304,False,59.11280923065408,HYDRAULIC#24,HYDRAULIC,failure,22.11280923065408,22.11280923065408,22.11280923065408,PERFECT
aging-PERFECT,a781d2546489e692d824d9b320280ae01571da1e18a2fcd6b85d70c19192b086,20260908,0.9.2,304,False,59.83405829183481,HYDRAULIC#24,HYDRAULIC,repair,22.11280923065408,0.0,22.11280923065408,PERFECT
aging-PERFECT,a781d2546489e692d824d9b320280ae01571da1e18a2fcd6b85d70c19192b086,20260908,0.9.2,305,False,34.25321170974365,POWERPLANT#9,POWERPLANT,failure,21.253211709743653,21.253211709743653,21.253211709743653,PERFECT
aging-PERFECT,a781d2546489e692d824d9b320280ae01571da1e18a2fcd6b85d70c19192b086,20260908,0.9.2,305,False,38.78641011842577,POWERPLANT#9,POWERPLANT,repair,21.253211709743653,0.0,21.253211709743653,PERFECT
aging-PERFECT,a781d2546489e692d824d9b320280ae01571da1e18a2fcd6b85d70c19192b086,20260908,0.9.2,307,False,11.072954412576475,HYDRAULIC#4,HYDRAULIC,failure,22.072954412576475,22.072954412576475,22.072954412576475,PERFECT
aging-PERFECT,a781d2546489e692d824d9b320280ae01571da1e18a2fcd6b85d70c19192b086,20260908,0.9.2,307,False,13.683907046270283,HYDRAULIC#4,HYDRAULIC,repair,22.072954412576475,0.0,22.072954412576475,PERFECT
aging-PERFECT,a781d2546489e692d824d9b320280ae01571da1e18a2fcd6b85d70c19192b086,20260908,0.9.2,307,False,35.64074377991216,HYDRAULIC#12,HYDRAULIC,failure,22.640743779912157,22.640743779912157,22.640743779912157,PERFECT
aging-PERFECT,a781d2546489e692d824d9b320280ae01571da1e18a2fcd6b85d70c19192b086,20260908,0.9.2,307,False,36.99748233440195,HYDRAULIC#12,HYDRAULIC,repair,22.640743779912157,0.0,22.640743779912157,PERFECT
aging-PERFECT,a781d2546489e692d824d9b320280ae01571da1e18a2fcd6b85d70c19192b086,20260908,0.9.2,307,False,59.66542974985373,AVIONICS#22,AVIONICS,failure,22.66542974985373,22.66542974985373,22.66542974985373,PERFECT
aging-PERFECT,a781d2546489e692d824d9b320280ae01571da1e18a2fcd6b85d70c19192b086,20260908,0.9.2,307,False,60.15113288281078,AVIONICS#22,AVIONICS,repair,22.66542974985373,0.0,22.66542974985373,PERFECT
aging-PERFECT,a781d2546489e692d824d9b320280ae01571da1e18a2fcd6b85d70c19192b086,20260908,0.9.2,308,False,11.030191828143675,ELECTRICAL#7,ELECTRICAL,failure,22.030191828143675,22.030191828143675,22.030191828143675,PERFECT
aging-PERFECT,a781d2546489e692d824d9b320280ae01571da1e18a2fcd6b85d70c19192b086,20260908,0.9.2,308,False,11.85439437683138,ELECTRICAL#7,ELECTRICAL,repair,22.030191828143675,0.0,22.030191828143675,PERFECT
aging-PERFECT,a781d2546489e692d824d9b320280ae01571da1e18a2fcd6b85d70c19192b086,20260908,0.9.2,308,False,57.01125967547469,POWERPLANT#17,POWERPLANT,failure,20.01125967547469,20.01125967547469,20.01125967547469,PERFECT
aging-PERFECT,a781d2546489e692d824d9b320280ae01571da1e18a2fcd6b85d70c19192b086,20260908,0.9.2,308,False,60.092703620286876,POWERPLANT#17,POWERPLANT,repair,20.01125967547469,0.0,20.01125967547469,PERFECT
aging-PERFECT,a781d2546489e692d824d9b320280ae01571da1e18a2fcd6b85d70c19192b086,20260908,0.9.2,311,False,10.935339997009638,POWERPLANT#5,POWERPLANT,failure,21.93533999700964,21.93533999700964,21.93533999700964,PERFECT
aging-PERFECT,a781d2546489e692d824d9b320280ae01571da1e18a2fcd6b85d70c19192b086,20260908,0.9.2,311,False,15.08525401965154,POWERPLANT#5,POWERPLANT,repair,21.93533999700964,0.0,21.93533999700964,PERFECT
aging-PERFECT,a781d2546489e692d824d9b320280ae01571da1e18a2fcd6b85d70c19192b086,20260908,0.9.2,311,False,58.86275126088122,POWERPLANT#17,POWERPLANT,failure,21.86275126088122,21.86275126088122,21.86275126088122,PERFECT
aging-PERFECT,a781d2546489e692d824d9b320280ae01571da1e18a2fcd6b85d70c19192b086,20260908,0.9.2,311,False,60.25756121689411,POWERPLANT#17,POWERPLANT,repair,21.86275126088122,0.0,21.86275126088122,PERFECT
aging-PERFECT,a781d2546489e692d824d9b320280ae01571da1e18a2fcd6b85d70c19192b086,20260908,0.9.2,312,False,33.408215764057005,ELECTRICAL#15,ELECTRICAL,failure,20.408215764057005,20.408215764057005,20.408215764057005,PERFECT
aging-PERFECT,a781d2546489e692d824d9b320280ae01571da1e18a2fcd6b85d70c19192b086,20260908,0.9.2,312,False,33.75692220256139,POWERPLANT#9,POWERPLANT,failure,20.75692220256139,20.75692220256139,20.75692220256139,PERFECT
aging-PERFECT,a781d2546489e692d824d9b320280ae01571da1e18a2fcd6b85d70c19192b086,20260908,0.9.2,312,False,33.810304774315696,HYDRAULIC#12,HYDRAULIC,failure,20.810304774315696,20.810304774315696,20.810304774315696,PERFECT
aging-PERFECT,a781d2546489e692d824d9b320280ae01571da1e18a2fcd6b85d70c19192b086,20260908,0.9.2,312,False,33.82080822410897,ELECTRICAL#15,ELECTRICAL,repair,20.408215764057005,0.0,20.408215764057005,PERFECT
aging-PERFECT,a781d2546489e692d824d9b320280ae01571da1e18a2fcd6b85d70c19192b086,20260908,0.9.2,312,False,36.50487429341101,POWERPLANT#9,POWERPLANT,repair,20.75692220256139,0.0,20.75692220256139,PERFECT
aging-PERFECT,a781d2546489e692d824d9b320280ae01571da1e18a2fcd6b85d70c19192b086,20260908,0.9.2,312,False,37.74178489185729,HYDRAULIC#12,HYDRAULIC,repair,20.810304774315696,0.0,20.810304774315696,PERFECT
aging-PERFECT,a781d2546489e692d824d9b320280ae01571da1e18a2fcd6b85d70c19192b086,20260908,0.9.2,313,False,11.457705490507353,POWERPLANT#1,POWERPLANT,failure,22.45770549050735,22.45770549050735,22.45770549050735,PERFECT
aging-PERFECT,a781d2546489e692d824d9b320280ae01571da1e18a2fcd6b85d70c19192b086,20260908,0.9.2,313,False,13.884593579718315,POWERPLANT#1,POWERPLANT,repair,22.45770549050735,0.0,22.45770549050735,PERFECT
aging-PERFECT,a781d2546489e692d824d9b320280ae01571da1e18a2fcd6b85d70c19192b086,20260908,0.9.2,313,False,57.539383963172526,AVIONICS#18,AVIONICS,failure,20.539383963172526,20.539383963172526,20.539383963172526,PERFECT
aging-PERFECT,a781d2546489e692d824d9b320280ae01571da1e18a2fcd6b85d70c19192b086,20260908,0.9.2,313,False,58.39814138859096,AVIONICS#18,AVIONICS,repair,20.539383963172526,0.0,20.539383963172526,PERFECT
aging-PERFECT,a781d2546489e692d824d9b320280ae01571da1e18a2fcd6b85d70c19192b086,20260908,0.9.2,314,False,9.357553419658384,POWERPLANT#1,POWERPLANT,failure,20.357553419658384,20.357553419658384,20.357553419658384,PERFECT
aging-PERFECT,a781d2546489e692d824d9b320280ae01571da1e18a2fcd6b85d70c19192b086,20260908,0.9.2,314,False,11.831408172167361,POWERPLANT#1,POWERPLANT,repair,20.357553419658384,0.0,20.357553419658384,PERFECT
aging-PERFECT,a781d2546489e692d824d9b320280ae01571da1e18a2fcd6b85d70c19192b086,20260908,0.9.2,314,False,57.35280307335711,HYDRAULIC#24,HYDRAULIC,failure,20.35280307335711,20.35280307335711,20.35280307335711,PERFECT
aging-PERFECT,a781d2546489e692d824d9b320280ae01571da1e18a2fcd6b85d70c19192b086,20260908,0.9.2,314,False,60.23393361009029,HYDRAULIC#24,HYDRAULIC,repair,20.35280307335711,0.0,20.35280307335711,PERFECT
aging-PERFECT,a781d2546489e692d824d9b320280ae01571da1e18a2fcd6b85d70c19192b086,20260908,0.9.2,315,False,34.78010288333295,AVIONICS#14,AVIONICS,failure,21.78010288333295,21.78010288333295,21.78010288333295,PERFECT
aging-PERFECT,a781d2546489e692d824d9b320280ae01571da1e18a2fcd6b85d70c19192b086,20260908,0.9.2,315,False,37.52803879822171,AVIONICS#14,AVIONICS,repair,21.78010288333295,0.0,21.78010288333295,PERFECT
aging-PERFECT,a781d2546489e692d824d9b320280ae01571da1e18a2fcd6b85d70c19192b086,20260908,0.9.2,316,False,34.068338547306,HYDRAULIC#16,HYDRAULIC,failure,21.068338547306,21.068338547306,21.068338547306,PERFECT
aging-PERFECT,a781d2546489e692d824d9b320280ae01571da1e18a2fcd6b85d70c19192b086,20260908,0.9.2,316,False,35.19174152720063,HYDRAULIC#16,HYDRAULIC,repair,21.068338547306,0.0,21.068338547306,PERFECT
aging-PERFECT,a781d2546489e692d824d9b320280ae01571da1e18a2fcd6b85d70c19192b086,20260908,0.9.2,316,False,58.124722793683006,HYDRAULIC#24,HYDRAULIC,failure,21.124722793683006,21.124722793683006,21.124722793683006,PERFECT
aging-PERFECT,a781d2546489e692d824d9b320280ae01571da1e18a2fcd6b85d70c19192b086,20260908,0.9.2,316,False,60.301479606413245,HYDRAULIC#24,HYDRAULIC,repair,21.124722793683006,0.0,21.124722793683006,PERFECT
aging-PERFECT,a781d2546489e692d824d9b320280ae01571da1e18a2fcd6b85d70c19192b086,20260908,0.9.2,318,False,11.33036992511858,ELECTRICAL#7,ELECTRICAL,failure,22.330369925118582,22.330369925118582,22.330369925118582,PERFECT
aging-PERFECT,a781d2546489e692d824d9b320280ae01571da1e18a2fcd6b85d70c19192b086,20260908,0.9.2,318,False,15.650019806938761,ELECTRICAL#7,ELECTRICAL,repair,22.330369925118582,0.0,22.330369925118582,PERFECT
aging-PERFECT,a781d2546489e692d824d9b320280ae01571da1e18a2fcd6b85d70c19192b086,20260908,0.9.2,318,False,58.561493666263075,ELECTRICAL#23,ELECTRICAL,failure,21.561493666263075,21.561493666263075,21.561493666263075,PERFECT
aging-PERFECT,a781d2546489e692d824d9b320280ae01571da1e18a2fcd6b85d70c19192b086,20260908,0.9.2,318,False,59.285798027932614,ELECTRICAL#23,ELECTRICAL,repair,21.561493666263075,0.0,21.561493666263075,PERFECT
aging-PERFECT,a781d2546489e692d824d9b320280ae01571da1e18a2fcd6b85d70c19192b086,20260908,0.9.2,319,False,10.921796229887086,HYDRAULIC#8,HYDRAULIC,failure,21.921796229887086,21.921796229887086,21.921796229887086,PERFECT
aging-PERFECT,a781d2546489e692d824d9b320280ae01571da1e18a2fcd6b85d70c19192b086,20260908,0.9.2,319,False,12.144204413087857,HYDRAULIC#8,HYDRAULIC,repair,21.921796229887086,0.0,21.921796229887086,PERFECT
aging-PERFECT,a781d2546489e692d824d9b320280ae01571da1e18a2fcd6b85d70c19192b086,20260908,0.9.2,319,False,59.64883615917406,HYDRAULIC#20,HYDRAULIC,failure,22.64883615917406,22.64883615917406,22.64883615917406,PERFECT
aging-PERFECT,a781d2546489e692d824d9b320280ae01571da1e18a2fcd6b85d70c19192b086,20260908,0.9.2,319,False,62.17911675570166,HYDRAULIC#20,HYDRAULIC,repair,22.64883615917406,0.0,22.64883615917406,PERFECT
aging-PERFECT,a781d2546489e692d824d9b320280ae01571da1e18a2fcd6b85d70c19192b086,20260908,0.9.2,320,False,11.468650783325579,AVIONICS#6,AVIONICS,failure,22.46865078332558,22.46865078332558,22.46865078332558,PERFECT
aging-PERFECT,a781d2546489e692d824d9b320280ae01571da1e18a2fcd6b85d70c19192b086,20260908,0.9.2,320,False,16.904134615233243,AVIONICS#6,AVIONICS,repair,22.46865078332558,0.0,22.46865078332558,PERFECT
aging-PERFECT,a781d2546489e692d824d9b320280ae01571da1e18a2fcd6b85d70c19192b086,20260908,0.9.2,320,False,33.70971700255689,HYDRAULIC#16,HYDRAULIC,failure,20.709717002556893,20.709717002556893,20.709717002556893,PERFECT
aging-PERFECT,a781d2546489e692d824d9b320280ae01571da1e18a2fcd6b85d70c19192b086,20260908,0.9.2,320,False,38.11248767796491,HYDRAULIC#16,HYDRAULIC,repair,20.709717002556893,0.0,20.709717002556893,PERFECT
aging-PERFECT,a781d2546489e692d824d9b320280ae01571da1e18a2fcd6b85d70c19192b086,20260908,0.9.2,321,False,11.33354221865954,AVIONICS#2,AVIONICS,failure,22.333542218659538,22.333542218659538,22.333542218659538,PERFECT
aging-PERFECT,a781d2546489e692d824d9b320280ae01571da1e18a2fcd6b85d70c19192b086,20260908,0.9.2,321,False,12.120458263306714,AVIONICS#2,AVIONICS,repair,22.333542218659538,0.0,22.333542218659538,PERFECT
aging-PERFECT,a781d2546489e692d824d9b320280ae01571da1e18a2fcd6b85d70c19192b086,20260908,0.9.2,322,False,10.187309518419212,HYDRAULIC#4,HYDRAULIC,failure,21.187309518419212,21.187309518419212,21.187309518419212,PERFECT
aging-PERFECT,a781d2546489e692d824d9b320280ae01571da1e18a2fcd6b85d70c19192b086,20260908,0.9.2,322,False,15.556583744619832,HYDRAULIC#4,HYDRAULIC,repair,21.187309518419212,0.0,21.187309518419212,PERFECT
aging-PERFECT,a781d2546489e692d824d9b320280ae01571da1e18a2fcd6b85d70c19192b086,20260908,0.9.2,322,False,57.874108840091495,ELECTRICAL#23,ELECTRICAL,failure,20.874108840091495,20.874108840091495,20.874108840091495,PERFECT
aging-PERFECT,a781d2546489e692d824d9b320280ae01571da1e18a2fcd6b85d70c19192b086,20260908,0.9.2,322,False,61.132803813213066,ELECTRICAL#23,ELECTRICAL,repair,20.874108840091495,0.0,20.874108840091495,PERFECT
aging-PERFECT,a781d2546489e692d824d9b320280ae01571da1e18a2fcd6b85d70c19192b086,20260908,0.9.2,323,False,9.843607221809824,AVIONICS#6,AVIONICS,failure,20.843607221809826,20.843607221809826,20.843607221809826,PERFECT
aging-PERFECT,a781d2546489e692d824d9b320280ae01571da1e18a2fcd6b85d70c19192b086,20260908,0.9.2,323,False,11.71867796604487,AVIONICS#6,AVIONICS,repair,20.843607221809826,0.0,20.843607221809826,PERFECT
aging-PERFECT,a781d2546489e692d824d9b320280ae01571da1e18a2fcd6b85d70c19192b086,20260908,0.9.2,323,False,33.138793431003094,POWERPLANT#9,POWERPLANT,failure,20.138793431003094,20.138793431003094,20.138793431003094,PERFECT
aging-PERFECT,a781d2546489e692d824d9b320280ae01571da1e18a2fcd6b85d70c19192b086,20260908,0.9.2,323,False,34.04898261118083,POWERPLANT#9,POWERPLANT,repair,20.138793431003094,0.0,20.138793431003094,PERFECT
aging-PERFECT,a781d2546489e692d824d9b320280ae01571da1e18a2fcd6b85d70c19192b086,20260908,0.9.2,323,False,59.96672092040312,AVIONICS#18,AVIONICS,failure,22.96672092040312,22.96672092040312,22.96672092040312,PERFECT
aging-PERFECT,a781d2546489e692d824d9b320280ae01571da1e18a2fcd6b85d70c19192b086,20260908,0.9.2,323,False,62.04613756204834,AVIONICS#18,AVIONICS,repair,22.96672092040312,0.0,22.96672092040312,PERFECT
aging-PERFECT,a781d2546489e692d824d9b320280ae01571da1e18a2fcd6b85d70c19192b086,20260908,0.9.2,324,False,10.705591899964448,HYDRAULIC#4,HYDRAULIC,failure,21.705591899964446,21.705591899964446,21.705591899964446,PERFECT
aging-PERFECT,a781d2546489e692d824d9b320280ae01571da1e18a2fcd6b85d70c19192b086,20260908,0.9.2,324,False,17.874979805700875,HYDRAULIC#4,HYDRAULIC,repair,21.705591899964446,0.0,21.705591899964446,PERFECT
aging-PERFECT,a781d2546489e692d824d9b320280ae01571da1e18a2fcd6b85d70c19192b086,20260908,0.9.2,324,False,57.296447156345145,POWERPLANT#17,POWERPLANT,failure,20.296447156345145,20.296447156345145,20.296447156345145,PERFECT
aging-PERFECT,a781d2546489e692d824d9b320280ae01571da1e18a2fcd6b85d70c19192b086,20260908,0.9.2,324,False,59.573283697808264,POWERPLANT#17,POWERPLANT,repair,20.296447156345145,0.0,20.296447156345145,PERFECT
aging-PERFECT,a781d2546489e692d824d9b320280ae01571da1e18a2fcd6b85d70c19192b086,20260908,0.9.2,325,False,34.02809236064777,HYDRAULIC#12,HYDRAULIC,failure,21.02809236064777,21.02809236064777,21.02809236064777,PERFECT
aging-PERFECT,a781d2546489e692d824d9b320280ae01571da1e18a2fcd6b85d70c19192b086,20260908,0.9.2,325,False,35.49741081988314,HYDRAULIC#12,HYDRAULIC,repair,21.02809236064777,0.0,21.02809236064777,PERFECT
aging-PERFECT,a781d2546489e692d824d9b320280ae01571da1e18a2fcd6b85d70c19192b086,20260908,0.9.2,326,False,57.52657704193784,ELECTRICAL#23,ELECTRICAL,failure,20.52657704193784,20.52657704193784,20.52657704193784,PERFECT
aging-PERFECT,a781d2546489e692d824d9b320280ae01571da1e18a2fcd6b85d70c19192b086,20260908,0.9.2,326,False,57.7190387521825,AVIONICS#22,AVIONICS,failure,20.7190387521825,20.7190387521825,20.7190387521825,PERFECT
aging-PERFECT,a781d2546489e692d824d9b320280ae01571da1e18a2fcd6b85d70c19192b086,20260908,0.9.2,326,False,60.84832254344645,ELECTRICAL#23,ELECTRICAL,repair,20.52657704193784,0.0,20.52657704193784,PERFECT
aging-PERFECT,a781d2546489e692d824d9b320280ae01571da1e18a2fcd6b85d70c19192b086,20260908,0.9.2,326,False,61.07193804907488,AVIONICS#22,AVIONICS,repair,20.7190387521825,0.0,20.7190387521825,PERFECT
aging-PERFECT,a781d2546489e692d824d9b320280ae01571da1e18a2fcd6b85d70c19192b086,20260908,0.9.2,327,False,35.66011715694699,AVIONICS#10,AVIONICS,failure,22.66011715694699,22.66011715694699,22.66011715694699,PERFECT
aging-PERFECT,a781d2546489e692d824d9b320280ae01571da1e18a2fcd6b85d70c19192b086,20260908,0.9.2,327,False,37.10110349236792,AVIONICS#10,AVIONICS,repair,22.66011715694699,0.0,22.66011715694699,PERFECT
aging-PERFECT,a781d2546489e692d824d9b320280ae01571da1e18a2fcd6b85d70c19192b086,20260908,0.9.2,329,False,59.69568909030866,AVIONICS#22,AVIONICS,failure,22.69568909030866,22.69568909030866,22.69568909030866,PERFECT
aging-PERFECT,a781d2546489e692d824d9b320280ae01571da1e18a2fcd6b85d70c19192b086,20260908,0.9.2,329,False,60.45270255201557,AVIONICS#22,AVIONICS,repair,22.69568909030866,0.0,22.69568909030866,PERFECT
aging-PERFECT,a781d2546489e692d824d9b320280ae01571da1e18a2fcd6b85d70c19192b086,20260908,0.9.2,330,False,9.010697573918694,POWERPLANT#1,POWERPLANT,failure,20.010697573918694,20.010697573918694,20.010697573918694,PERFECT
aging-PERFECT,a781d2546489e692d824d9b320280ae01571da1e18a2fcd6b85d70c19192b086,20260908,0.9.2,330,False,11.199629166340449,POWERPLANT#1,POWERPLANT,repair,20.010697573918694,0.0,20.010697573918694,PERFECT
aging-PERFECT,a781d2546489e692d824d9b320280ae01571da1e18a2fcd6b85d70c19192b086,20260908,0.9.2,330,False,35.33625039604042,AVIONICS#14,AVIONICS,failure,22.33625039604042,22.33625039604042,22.33625039604042,PERFECT
aging-PERFECT,a781d2546489e692d824d9b320280ae01571da1e18a2fcd6b85d70c19192b086,20260908,0.9.2,330,False,39.493698879701896,AVIONICS#14,AVIONICS,repair,22.33625039604042,0.0,22.33625039604042,PERFECT
aging-PERFECT,a781d2546489e692d824d9b320280ae01571da1e18a2fcd6b85d70c19192b086,20260908,0.9.2,330,False,58.82617009765462,AVIONICS#18,AVIONICS,failure,21.826170097654618,21.826170097654618,21.826170097654618,PERFECT
aging-PERFECT,a781d2546489e692d824d9b320280ae01571da1e18a2fcd6b85d70c19192b086,20260908,0.9.2,330,False,62.94942428125221,AVIONICS#18,AVIONICS,repair,21.826170097654618,0.0,21.826170097654618,PERFECT
aging-PERFECT,a781d2546489e692d824d9b320280ae01571da1e18a2fcd6b85d70c19192b086,20260908,0.9.2,331,False,9.89436445572073,POWERPLANT#1,POWERPLANT,failure,20.89436445572073,20.89436445572073,20.89436445572073,PERFECT
aging-PERFECT,a781d2546489e692d824d9b320280ae01571da1e18a2fcd6b85d70c19192b086,20260908,0.9.2,331,False,11.225001078804574,POWERPLANT#1,POWERPLANT,repair,20.89436445572073,0.0,20.89436445572073,PERFECT
aging-PERFECT,a781d2546489e692d824d9b320280ae01571da1e18a2fcd6b85d70c19192b086,20260908,0.9.2,331,False,34.45543194477914,POWERPLANT#13,POWERPLANT,failure,21.455431944779143,21.455431944779143,21.455431944779143,PERFECT
aging-PERFECT,a781d2546489e692d824d9b320280ae01571da1e18a2fcd6b85d70c19192b086,20260908,0.9.2,331,False,36.09933867709822,POWERPLANT#13,POWERPLANT,repair,21.455431944779143,0.0,21.455431944779143,PERFECT
aging-PERFECT,a781d2546489e692d824d9b320280ae01571da1e18a2fcd6b85d70c19192b086,20260908,0.9.2,332,False,11.310188082085682,HYDRAULIC#8,HYDRAULIC,failure,22.31018808208568,22.31018808208568,22.31018808208568,PERFECT
aging-PERFECT,a781d2546489e692d824d9b320280ae01571da1e18a2fcd6b85d70c19192b086,20260908,0.9.2,332,False,12.30376624953431,HYDRAULIC#8,HYDRAULIC,repair,22.31018808208568,0.0,22.31018808208568,PERFECT
aging-PERFECT,a781d2546489e692d824d9b320280ae01571da1e18a2fcd6b85d70c19192b086,20260908,0.9.2,332,False,34.318175981398824,HYDRAULIC#16,HYDRAULIC,failure,21.318175981398824,21.318175981398824,21.318175981398824,PERFECT
aging-PERFECT,a781d2546489e692d824d9b320280ae01571da1e18a2fcd6b85d70c19192b086,20260908,0.9.2,332,False,34.815204571453144,ELECTRICAL#15,ELECTRICAL,failure,21.815204571453144,21.815204571453144,21.815204571453144,PERFECT
aging-PERFECT,a781d2546489e692d824d9b320280ae01571da1e18a2fcd6b85d70c19192b086,20260908,0.9.2,332,False,36.2493068723566,HYDRAULIC#16,HYDRAULIC,repair,21.318175981398824,0.0,21.318175981398824,PERFECT
aging-PERFECT,a781d2546489e692d824d9b320280ae01571da1e18a2fcd6b85d70c19192b086,20260908,0.9.2,332,False,37.754670644725415,ELECTRICAL#15,ELECTRICAL,repair,21.815204571453144,0.0,21.815204571453144,PERFECT
aging-PERFECT,a781d2546489e692d824d9b320280ae01571da1e18a2fcd6b85d70c19192b086,20260908,0.9.2,332,False,57.55225710512035,AVIONICS#22,AVIONICS,failure,20.552257105120347,20.552257105120347,20.552257105120347,PERFECT
aging-PERFECT,a781d2546489e692d824d9b320280ae01571da1e18a2fcd6b85d70c19192b086,20260908,0.9.2,332,False,62.12070300151581,AVIONICS#22,AVIONICS,repair,20.552257105120347,0.0,20.552257105120347,PERFECT
aging-PERFECT,a781d2546489e692d824d9b320280ae01571da1e18a2fcd6b85d70c19192b086,20260908,0.9.2,333,False,10.052416192060205,HYDRAULIC#8,HYDRAULIC,failure,21.052416192060207,21.052416192060207,21.052416192060207,PERFECT
aging-PERFECT,a781d2546489e692d824d9b320280ae01571da1e18a2fcd6b85d70c19192b086,20260908,0.9.2,333,False,10.874793154993357,HYDRAULIC#8,HYDRAULIC,repair,21.052416192060207,0.0,21.052416192060207,PERFECT
aging-PERFECT,a781d2546489e692d824d9b320280ae01571da1e18a2fcd6b85d70c19192b086,20260908,0.9.2,333,False,33.90761021804638,ELECTRICAL#11,ELECTRICAL,failure,20.90761021804638,20.90761021804638,20.90761021804638,PERFECT
aging-PERFECT,a781d2546489e692d824d9b320280ae01571da1e18a2fcd6b85d70c19192b086,20260908,0.9.2,333,False,34.98047696534113,ELECTRICAL#11,ELECTRICAL,repair,20.90761021804638,0.0,20.90761021804638,PERFECT
aging-PERFECT,a781d2546489e692d824d9b320280ae01571da1e18a2fcd6b85d70c19192b086,20260908,0.9.2,334,False,11.507907564373868,POWERPLANT#5,POWERPLANT,failure,22.507907564373866,22.507907564373866,22.507907564373866,PERFECT
aging-PERFECT,a781d2546489e692d824d9b320280ae01571da1e18a2fcd6b85d70c19192b086,20260908,0.9.2,334,False,16.56538476081964,POWERPLANT#5,POWERPLANT,repair,22.507907564373866,0.0,22.507907564373866,PERFECT
aging-PERFECT,a781d2546489e692d824d9b320280ae01571da1e18a2fcd6b85d70c19192b086,20260908,0.9.2,334,False,33.23145979764868,AVIONICS#10,AVIONICS,failure,20.231459797648682,20.231459797648682,20.231459797648682,PERFECT
aging-PERFECT,a781d2546489e692d824d9b320280ae01571da1e18a2fcd6b85d70c19192b086,20260908,0.9.2,334,False,33.7788053299532,AVIONICS#10,AVIONICS,repair,20.231459797648682,0.0,20.231459797648682,PERFECT
aging-PERFECT,a781d2546489e692d824d9b320280ae01571da1e18a2fcd6b85d70c19192b086,20260908,0.9.2,335,False,33.13922924928938,AVIONICS#14,AVIONICS,failure,20.13922924928938,20.13922924928938,20.13922924928938,PERFECT
aging-PERFECT,a781d2546489e692d824d9b320280ae01571da1e18a2fcd6b85d70c19192b086,20260908,0.9.2,335,False,35.679411046659034,AVIONICS#14,AVIONICS,repair,20.13922924928938,0.0,20.13922924928938,PERFECT
aging-PERFECT,a781d2546489e692d824d9b320280ae01571da1e18a2fcd6b85d70c19192b086,20260908,0.9.2,336,False,10.739666356444294,AVIONICS#6,AVIONICS,failure,21.739666356444296,21.739666356444296,21.739666356444296,PERFECT
aging-PERFECT,a781d2546489e692d824d9b320280ae01571da1e18a2fcd6b85d70c19192b086,20260908,0.9.2,336,False,14.969139678172342,AVIONICS#6,AVIONICS,repair,21.739666356444296,0.0,21.739666356444296,PERFECT
aging-PERFECT,a781d2546489e692d824d9b320280ae01571da1e18a2fcd6b85d70c19192b086,20260908,0.9.2,336,False,35.149808919076555,AVIONICS#10,AVIONICS,failure,22.149808919076555,22.149808919076555,22.149808919076555,PERFECT
aging-PERFECT,a781d2546489e692d824d9b320280ae01571da1e18a2fcd6b85d70c19192b086,20260908,0.9.2,336,False,36.155556881771176,AVIONICS#10,AVIONICS,repair,22.149808919076555,0.0,22.149808919076555,PERFECT
aging-PERFECT,a781d2546489e692d824d9b320280ae01571da1e18a2fcd6b85d70c19192b086,20260908,0.9.2,337,False,10.411506377550593,HYDRAULIC#4,HYDRAULIC,failure,21.411506377550594,21.411506377550594,21.411506377550594,PERFECT
aging-PERFECT,a781d2546489e692d824d9b320280ae01571da1e18a2fcd6b85d70c19192b086,20260908,0.9.2,337,False,11.131941925337491,HYDRAULIC#4,HYDRAULIC,repair,21.411506377550594,0.0,21.411506377550594,PERFECT
aging-PERFECT,a781d2546489e692d824d9b320280ae01571da1e18a2fcd6b85d70c19192b086,20260908,0.9.2,337,False,58.367077574549874,POWERPLANT#21,POWERPLANT,failure,21.367077574549874,21.367077574549874,21.367077574549874,PERFECT
aging-PERFECT,a781d2546489e692d824d9b320280ae01571da1e18a2fcd6b85d70c19192b086,20260908,0.9.2,337,False,60.286992614978814,POWERPLANT#21,POWERPLANT,repair,21.367077574549874,0.0,21.367077574549874,PERFECT
aging-PERFECT,a781d2546489e692d824d9b320280ae01571da1e18a2fcd6b85d70c19192b086,20260908,0.9.2,338,False,10.445431737629383,ELECTRICAL#3,ELECTRICAL,failure,21.445431737629384,21.445431737629384,21.445431737629384,PERFECT
aging-PERFECT,a781d2546489e692d824d9b320280ae01571da1e18a2fcd6b85d70c19192b086,20260908,0.9.2,338,False,13.226547761046271,ELECTRICAL#3,ELECTRICAL,repair,21.445431737629384,0.0,21.445431737629384,PERFECT
aging-PERFECT,a781d2546489e692d824d9b320280ae01571da1e18a2fcd6b85d70c19192b086,20260908,0.9.2,338,False,57.950239431270205,AVIONICS#22,AVIONICS,failure,20.950239431270205,20.950239431270205,20.950239431270205,PERFECT
aging-PERFECT,a781d2546489e692d824d9b320280ae01571da1e18a2fcd6b85d70c19192b086,20260908,0.9.2,338,False,58.47058000548591,AVIONICS#22,AVIONICS,repair,20.950239431270205,0.0,20.950239431270205,PERFECT
aging-PERFECT,a781d2546489e692d824d9b320280ae01571da1e18a2fcd6b85d70c19192b086,20260908,0.9.2,339,False,33.23870089352302,POWERPLANT#13,POWERPLANT,failure,20.238700893523017,20.238700893523017,20.238700893523017,PERFECT
aging-PERFECT,a781d2546489e692d824d9b320280ae01571da1e18a2fcd6b85d70c19192b086,20260908,0.9.2,339,False,34.550505481443274,POWERPLANT#13,POWERPLANT,repair,20.238700893523017,0.0,20.238700893523017,PERFECT
aging-PERFECT,a781d2546489e692d824d9b320280ae01571da1e18a2fcd6b85d70c19192b086,20260908,0.9.2,340,False,35.340530490498956,AVIONICS#14,AVIONICS,failure,22.340530490498956,22.340530490498956,22.340530490498956,PERFECT
aging-PERFECT,a781d2546489e692d824d9b320280ae01571da1e18a2fcd6b85d70c19192b086,20260908,0.9.2,340,False,36.64333260273064,AVIONICS#14,AVIONICS,repair,22.340530490498956,0.0,22.340530490498956,PERFECT
aging-PERFECT,a781d2546489e692d824d9b320280ae01571da1e18a2fcd6b85d70c19192b086,20260908,0.9.2,341,False,9.678345065079519,ELECTRICAL#3,ELECTRICAL,failure,20.67834506507952,20.67834506507952,20.67834506507952,PERFECT
aging-PERFECT,a781d2546489e692d824d9b320280ae01571da1e18a2fcd6b85d70c19192b086,20260908,0.9.2,341,False,10.62356908304808,ELECTRICAL#3,ELECTRICAL,repair,20.67834506507952,0.0,20.67834506507952,PERFECT
aging-PERFECT,a781d2546489e692d824d9b320280ae01571da1e18a2fcd6b85d70c19192b086,20260908,0.9.2,342,False,9.61386039350406,AVIONICS#2,AVIONICS,failure,20.613860393504062,20.613860393504062,20.613860393504062,PERFECT
aging-PERFECT,a781d2546489e692d824d9b320280ae01571da1e18a2fcd6b85d70c19192b086,20260908,0.9.2,342,False,11.501441675560537,AVIONICS#2,AVIONICS,repair,20.613860393504062,0.0,20.613860393504062,PERFECT
aging-PERFECT,a781d2546489e692d824d9b320280ae01571da1e18a2fcd6b85d70c19192b086,20260908,0.9.2,342,False,33.80749651961268,POWERPLANT#9,POWERPLANT,failure,20.807496519612677,20.807496519612677,20.807496519612677,PERFECT
aging-PERFECT,a781d2546489e692d824d9b320280ae01571da1e18a2fcd6b85d70c19192b086,20260908,0.9.2,342,False,34.46440780058699,POWERPLANT#9,POWERPLANT,repair,20.807496519612677,0.0,20.807496519612677,PERFECT
aging-PERFECT,a781d2546489e692d824d9b320280ae01571da1e18a2fcd6b85d70c19192b086,20260908,0.9.2,342,False,58.02429860494506,AVIONICS#22,AVIONICS,failure,21.02429860494506,21.02429860494506,21.02429860494506,PERFECT
aging-PERFECT,a781d2546489e692d824d9b320280ae01571da1e18a2fcd6b85d70c19192b086,20260908,0.9.2,342,False,58.72506020040958,AVIONICS#22,AVIONICS,repair,21.02429860494506,0.0,21.02429860494506,PERFECT
aging-PERFECT,a781d2546489e692d824d9b320280ae01571da1e18a2fcd6b85d70c19192b086,20260908,0.9.2,343,False,33.95276793167954,AVIONICS#10,AVIONICS,failure,20.95276793167954,20.95276793167954,20.95276793167954,PERFECT
aging-PERFECT,a781d2546489e692d824d9b320280ae01571da1e18a2fcd6b85d70c19192b086,20260908,0.9.2,343,False,34.245519902452834,POWERPLANT#13,POWERPLANT,failure,21.245519902452834,21.245519902452834,21.245519902452834,PERFECT
aging-PERFECT,a781d2546489e692d824d9b320280ae01571da1e18a2fcd6b85d70c19192b086,20260908,0.9.2,343,False,35.48959658631874,AVIONICS#10,AVIONICS,repair,20.95276793167954,0.0,20.95276793167954,PERFECT
aging-PERFECT,a781d2546489e692d824d9b320280ae01571da1e18a2fcd6b85d70c19192b086,20260908,0.9.2,343,False,36.55839736539221,POWERPLANT#13,POWERPLANT,repair,21.245519902452834,0.0,21.245519902452834,PERFECT
aging-PERFECT,a781d2546489e692d824d9b320280ae01571da1e18a2fcd6b85d70c19192b086,20260908,0.9.2,344,False,10.064905232706359,HYDRAULIC#8,HYDRAULIC,failure,21.06490523270636,21.06490523270636,21.06490523270636,PERFECT
aging-PERFECT,a781d2546489e692d824d9b320280ae01571da1e18a2fcd6b85d70c19192b086,20260908,0.9.2,344,False,11.986422182845107,HYDRAULIC#8,HYDRAULIC,repair,21.06490523270636,0.0,21.06490523270636,PERFECT
aging-PERFECT,a781d2546489e692d824d9b320280ae01571da1e18a2fcd6b85d70c19192b086,20260908,0.9.2,344,False,33.88598424954081,POWERPLANT#9,POWERPLANT,failure,20.88598424954081,20.88598424954081,20.88598424954081,PERFECT
aging-PERFECT,a781d2546489e692d824d9b320280ae01571da1e18a2fcd6b85d70c19192b086,20260908,0.9.2,344,False,35.121660414975764,POWERPLANT#9,POWERPLANT,repair,20.88598424954081,0.0,20.88598424954081,PERFECT
aging-PERFECT,a781d2546489e692d824d9b320280ae01571da1e18a2fcd6b85d70c19192b086,20260908,0.9.2,345,False,59.48565009618989,AVIONICS#18,AVIONICS,failure,22.485650096189893,22.485650096189893,22.485650096189893,PERFECT
aging-PERFECT,a781d2546489e692d824d9b320280ae01571da1e18a2fcd6b85d70c19192b086,20260908,0.9.2,345,False,61.20956372793305,AVIONICS#18,AVIONICS,repair,22.485650096189893,0.0,22.485650096189893,PERFECT
aging-PERFECT,a781d2546489e692d824d9b320280ae01571da1e18a2fcd6b85d70c19192b086,20260908,0.9.2,346,False,57.81545849158377,AVIONICS#18,AVIONICS,failure,20.81545849158377,20.81545849158377,20.81545849158377,PERFECT
aging-PERFECT,a781d2546489e692d824d9b320280ae01571da1e18a2fcd6b85d70c19192b086,20260908,0.9.2,346,False,58.5568702414716,AVIONICS#18,AVIONICS,repair,20.81545849158377,0.0,20.81545849158377,PERFECT
aging-PERFECT,a781d2546489e692d824d9b320280ae01571da1e18a2fcd6b85d70c19192b086,20260908,0.9.2,347,False,11.235228744058594,POWERPLANT#1,POWERPLANT,failure,22.235228744058595,22.235228744058595,22.235228744058595,PERFECT
aging-PERFECT,a781d2546489e692d824d9b320280ae01571da1e18a2fcd6b85d70c19192b086,20260908,0.9.2,347,False,11.593955844770216,AVIONICS#6,AVIONICS,failure,22.593955844770214,22.593955844770214,22.593955844770214,PERFECT
aging-PERFECT,a781d2546489e692d824d9b320280ae01571da1e18a2fcd6b85d70c19192b086,20260908,0.9.2,347,False,12.354996834511748,AVIONICS#6,AVIONICS,repair,22.593955844770214,0.0,22.593955844770214,PERFECT
aging-PERFECT,a781d2546489e692d824d9b320280ae01571da1e18a2fcd6b85d70c19192b086,20260908,0.9.2,347,False,13.526164893065664,POWERPLANT#1,POWERPLANT,repair,22.235228744058595,0.0,22.235228744058595,PERFECT
aging-PERFECT,a781d2546489e692d824d9b320280ae01571da1e18a2fcd6b85d70c19192b086,20260908,0.9.2,347,False,33.433119267073316,HYDRAULIC#12,HYDRAULIC,failure,20.433119267073316,20.433119267073316,20.433119267073316,PERFECT
aging-PERFECT,a781d2546489e692d824d9b320280ae01571da1e18a2fcd6b85d70c19192b086,20260908,0.9.2,347,False,37.887008675885404,HYDRAULIC#12,HYDRAULIC,repair,20.433119267073316,0.0,20.433119267073316,PERFECT
aging-PERFECT,a781d2546489e692d824d9b320280ae01571da1e18a2fcd6b85d70c19192b086,20260908,0.9.2,348,False,11.761050666681015,ELECTRICAL#3,ELECTRICAL,failure,22.761050666681015,22.761050666681015,22.761050666681015,PERFECT
aging-PERFECT,a781d2546489e692d824d9b320280ae01571da1e18a2fcd6b85d70c19192b086,20260908,0.9.2,348,False,12.01596084440699,ELECTRICAL#3,ELECTRICAL,repair,22.761050666681015,0.0,22.761050666681015,PERFECT
aging-PERFECT,a781d2546489e692d824d9b320280ae01571da1e18a2fcd6b85d70c19192b086,20260908,0.9.2,350,False,9.268390652841827,ELECTRICAL#7,ELECTRICAL,failure,20.268390652841827,20.268390652841827,20.268390652841827,PERFECT
aging-PERFECT,a781d2546489e692d824d9b320280ae01571da1e18a2fcd6b85d70c19192b086,20260908,0.9.2,350,False,10.288976615678848,ELECTRICAL#7,ELECTRICAL,repair,20.268390652841827,0.0,20.268390652841827,PERFECT
aging-PERFECT,a781d2546489e692d824d9b320280ae01571da1e18a2fcd6b85d70c19192b086,20260908,0.9.2,350,False,34.990110239460236,ELECTRICAL#15,ELECTRICAL,failure,21.990110239460236,21.990110239460236,21.990110239460236,PERFECT
aging-PERFECT,a781d2546489e692d824d9b320280ae01571da1e18a2fcd6b85d70c19192b086,20260908,0.9.2,350,False,35.13768850744333,ELECTRICAL#11,ELECTRICAL,failure,22.13768850744333,22.13768850744333,22.13768850744333,PERFECT
aging-PERFECT,a781d2546489e692d824d9b320280ae01571da1e18a2fcd6b85d70c19192b086,20260908,0.9.2,350,False,36.522950306278034,ELECTRICAL#11,ELECTRICAL,repair,22.13768850744333,0.0,22.13768850744333,PERFECT
aging-PERFECT,a781d2546489e692d824d9b320280ae01571da1e18a2fcd6b85d70c19192b086,20260908,0.9.2,350,False,37.69106340987704,ELECTRICAL#15,ELECTRICAL,repair,21.990110239460236,0.0,21.990110239460236,PERFECT
aging-PERFECT,a781d2546489e692d824d9b320280ae01571da1e18a2fcd6b85d70c19192b086,20260908,0.9.2,352,False,10.520083411959638,POWERPLANT#5,POWERPLANT,failure,21.52008341195964,21.52008341195964,21.52008341195964,PERFECT
aging-PERFECT,a781d2546489e692d824d9b320280ae01571da1e18a2fcd6b85d70c19192b086,20260908,0.9.2,352,False,11.765656828331842,POWERPLANT#5,POWERPLANT,repair,21.52008341195964,0.0,21.52008341195964,PERFECT
aging-PERFECT,a781d2546489e692d824d9b320280ae01571da1e18a2fcd6b85d70c19192b086,20260908,0.9.2,352,False,34.72547102037842,AVIONICS#14,AVIONICS,failure,21.72547102037842,21.72547102037842,21.72547102037842,PERFECT
aging-PERFECT,a781d2546489e692d824d9b320280ae01571da1e18a2fcd6b85d70c19192b086,20260908,0.9.2,352,False,35.34709474728505,AVIONICS#14,AVIONICS,repair,21.72547102037842,0.0,21.72547102037842,PERFECT
aging-PERFECT,a781d2546489e692d824d9b320280ae01571da1e18a2fcd6b85d70c19192b086,20260908,0.9.2,353,False,35.79064134386153,AVIONICS#10,AVIONICS,failure,22.79064134386153,22.79064134386153,22.79064134386153,PERFECT
aging-PERFECT,a781d2546489e692d824d9b320280ae01571da1e18a2fcd6b85d70c19192b086,20260908,0.9.2,353,False,37.97150203794324,AVIONICS#10,AVIONICS,repair,22.79064134386153,0.0,22.79064134386153,PERFECT
aging-PERFECT,a781d2546489e692d824d9b320280ae01571da1e18a2fcd6b85d70c19192b086,20260908,0.9.2,353,False,58.26508076701575,POWERPLANT#17,POWERPLANT,failure,21.265080767015753,21.265080767015753,21.265080767015753,PERFECT
aging-PERFECT,a781d2546489e692d824d9b320280ae01571da1e18a2fcd6b85d70c19192b086,20260908,0.9.2,353,False,60.31071460165971,POWERPLANT#17,POWERPLANT,repair,21.265080767015753,0.0,21.265080767015753,PERFECT
aging-PERFECT,a781d2546489e692d824d9b320280ae01571da1e18a2fcd6b85d70c19192b086,20260908,0.9.2,355,False,10.63789392459237,ELECTRICAL#3,ELECTRICAL,failure,21.63789392459237,21.63789392459237,21.63789392459237,PERFECT
aging-PERFECT,a781d2546489e692d824d9b320280ae01571da1e18a2fcd6b85d70c19192b086,20260908,0.9.2,355,False,10.676117583492587,POWERPLANT#1,POWERPLANT,failure,21.676117583492584,21.676117583492584,21.676117583492584,PERFECT
aging-PERFECT,a781d2546489e692d824d9b320280ae01571da1e18a2fcd6b85d70c19192b086,20260908,0.9.2,355,False,14.69189420918335,ELECTRICAL#3,ELECTRICAL,repair,21.63789392459237,0.0,21.63789392459237,PERFECT
aging-PERFECT,a781d2546489e692d824d9b320280ae01571da1e18a2fcd6b85d70c19192b086,20260908,0.9.2,355,False,14.951144901587593,POWERPLANT#1,POWERPLANT,repair,21.676117583492584,0.0,21.676117583492584,PERFECT
aging-PERFECT,a781d2546489e692d824d9b320280ae01571da1e18a2fcd6b85d70c19192b086,20260908,0.9.2,355,False,35.67947908718643,AVIONICS#10,AVIONICS,failure,22.67947908718643,22.67947908718643,22.67947908718643,PERFECT
aging-PERFECT,a781d2546489e692d824d9b320280ae01571da1e18a2fcd6b85d70c19192b086,20260908,0.9.2,355,False,36.97085261693923,AVIONICS#10,AVIONICS,repair,22.67947908718643,0.0,22.67947908718643,PERFECT
aging-PERFECT,a781d2546489e692d824d9b320280ae01571da1e18a2fcd6b85d70c19192b086,20260908,0.9.2,355,False,59.219429057837324,ELECTRICAL#19,ELECTRICAL,failure,22.219429057837324,22.219429057837324,22.219429057837324,PERFECT
aging-PERFECT,a781d2546489e692d824d9b320280ae01571da1e18a2fcd6b85d70c19192b086,20260908,0.9.2,355,False,65.40911410353098,ELECTRICAL#19,ELECTRICAL,repair,22.219429057837324,0.0,22.219429057837324,PERFECT
aging-PERFECT,a781d2546489e692d824d9b320280ae01571da1e18a2fcd6b85d70c19192b086,20260908,0.9.2,356,False,10.10282572061676,POWERPLANT#1,POWERPLANT,failure,21.10282572061676,21.10282572061676,21.10282572061676,PERFECT
aging-PERFECT,a781d2546489e692d824d9b320280ae01571da1e18a2fcd6b85d70c19192b086,20260908,0.9.2,356,False,11.926819412458961,POWERPLANT#1,POWERPLANT,repair,21.10282572061676,0.0,21.10282572061676,PERFECT
aging-PERFECT,a781d2546489e692d824d9b320280ae01571da1e18a2fcd6b85d70c19192b086,20260908,0.9.2,357,False,11.503895778629145,AVIONICS#2,AVIONICS,failure,22.503895778629143,22.503895778629143,22.503895778629143,PERFECT
aging-PERFECT,a781d2546489e692d824d9b320280ae01571da1e18a2fcd6b85d70c19192b086,20260908,0.9.2,357,False,12.033597762645085,AVIONICS#2,AVIONICS,repair,22.503895778629143,0.0,22.503895778629143,PERFECT
aging-PERFECT,a781d2546489e692d824d9b320280ae01571da1e18a2fcd6b85d70c19192b086,20260908,0.9.2,357,False,59.18540260620108,ELECTRICAL#23,ELECTRICAL,failure,22.18540260620108,22.18540260620108,22.18540260620108,PERFECT
aging-PERFECT,a781d2546489e692d824d9b320280ae01571da1e18a2fcd6b85d70c19192b086,20260908,0.9.2,357,False,59.91350555711793,ELECTRICAL#23,ELECTRICAL,repair,22.18540260620108,0.0,22.18540260620108,PERFECT
aging-PERFECT,a781d2546489e692d824d9b320280ae01571da1e18a2fcd6b85d70c19192b086,20260908,0.9.2,358,False,10.58759382562976,ELECTRICAL#7,ELECTRICAL,failure,21.58759382562976,21.58759382562976,21.58759382562976,PERFECT
aging-PERFECT,a781d2546489e692d824d9b320280ae01571da1e18a2fcd6b85d70c19192b086,20260908,0.9.2,358,False,11.508065830101605,ELECTRICAL#7,ELECTRICAL,repair,21.58759382562976,0.0,21.58759382562976,PERFECT
aging-PERFECT,a781d2546489e692d824d9b320280ae01571da1e18a2fcd6b85d70c19192b086,20260908,0.9.2,358,False,33.74724837360717,HYDRAULIC#12,HYDRAULIC,failure,20.74724837360717,20.74724837360717,20.74724837360717,PERFECT
aging-PERFECT,a781d2546489e692d824d9b320280ae01571da1e18a2fcd6b85d70c19192b086,20260908,0.9.2,358,False,40.65220982339943,HYDRAULIC#12,HYDRAULIC,repair,20.74724837360717,0.0,20.74724837360717,PERFECT
aging-PERFECT,a781d2546489e692d824d9b320280ae01571da1e18a2fcd6b85d70c19192b086,20260908,0.9.2,359,False,57.40773221250614,POWERPLANT#21,POWERPLANT,failure,20.40773221250614,20.40773221250614,20.40773221250614,PERFECT
aging-PERFECT,a781d2546489e692d824d9b320280ae01571da1e18a2fcd6b85d70c19192b086,20260908,0.9.2,359,False,61.07727458178978,POWERPLANT#21,POWERPLANT,repair,20.40773221250614,0.0,20.40773221250614,PERFECT
aging-PERFECT,a781d2546489e692d824d9b320280ae01571da1e18a2fcd6b85d70c19192b086,20260908,0.9.2,362,False,9.213880987290747,POWERPLANT#1,POWERPLANT,failure,20.213880987290747,20.213880987290747,20.213880987290747,PERFECT
aging-PERFECT,a781d2546489e692d824d9b320280ae01571da1e18a2fcd6b85d70c19192b086,20260908,0.9.2,362,False,11.993767830567236,POWERPLANT#1,POWERPLANT,repair,20.213880987290747,0.0,20.213880987290747,PERFECT
aging-PERFECT,a781d2546489e692d824d9b320280ae01571da1e18a2fcd6b85d70c19192b086,20260908,0.9.2,363,False,35.60450156082022,POWERPLANT#9,POWERPLANT,failure,22.604501560820218,22.604501560820218,22.604501560820218,PERFECT
aging-PERFECT,a781d2546489e692d824d9b320280ae01571da1e18a2fcd6b85d70c19192b086,20260908,0.9.2,363,False,37.79292198231062,POWERPLANT#9,POWERPLANT,repair,22.604501560820218,0.0,22.604501560820218,PERFECT
aging-PERFECT,a781d2546489e692d824d9b320280ae01571da1e18a2fcd6b85d70c19192b086,20260908,0.9.2,364,False,11.904374954250697,ELECTRICAL#3,ELECTRICAL,failure,22.9043749542507,22.9043749542507,22.9043749542507,PERFECT
aging-PERFECT,a781d2546489e692d824d9b320280ae01571da1e18a2fcd6b85d70c19192b086,20260908,0.9.2,364,False,12.972936850376406,ELECTRICAL#3,ELECTRICAL,repair,22.9043749542507,0.0,22.9043749542507,PERFECT
aging-PERFECT,a781d2546489e692d824d9b320280ae01571da1e18a2fcd6b85d70c19192b086,20260908,0.9.2,364,False,58.4452549439849,POWERPLANT#21,POWERPLANT,failure,21.4452549439849,21.4452549439849,21.4452549439849,PERFECT
aging-PERFECT,a781d2546489e692d824d9b320280ae01571da1e18a2fcd6b85d70c19192b086,20260908,0.9.2,364,False,66.08392744632648,POWERPLANT#21,POWERPLANT,repair,21.4452549439849,0.0,21.4452549439849,PERFECT
aging-PERFECT,a781d2546489e692d824d9b320280ae01571da1e18a2fcd6b85d70c19192b086,20260908,0.9.2,365,False,10.614403003939854,POWERPLANT#1,POWERPLANT,failure,21.614403003939856,21.614403003939856,21.614403003939856,PERFECT
aging-PERFECT,a781d2546489e692d824d9b320280ae01571da1e18a2fcd6b85d70c19192b086,20260908,0.9.2,365,False,12.337322834303526,POWERPLANT#1,POWERPLANT,repair,21.614403003939856,0.0,21.614403003939856,PERFECT
aging-PERFECT,a781d2546489e692d824d9b320280ae01571da1e18a2fcd6b85d70c19192b086,20260908,0.9.2,365,False,33.969760481082126,HYDRAULIC#12,HYDRAULIC,failure,20.969760481082126,20.969760481082126,20.969760481082126,PERFECT
aging-PERFECT,a781d2546489e692d824d9b320280ae01571da1e18a2fcd6b85d70c19192b086,20260908,0.9.2,365,False,34.69501872672228,HYDRAULIC#12,HYDRAULIC,repair,20.969760481082126,0.0,20.969760481082126,PERFECT
aging-PERFECT,a781d2546489e692d824d9b320280ae01571da1e18a2fcd6b85d70c19192b086,20260908,0.9.2,366,False,11.193024326987395,AVIONICS#2,AVIONICS,failure,22.193024326987395,22.193024326987395,22.193024326987395,PERFECT
aging-PERFECT,a781d2546489e692d824d9b320280ae01571da1e18a2fcd6b85d70c19192b086,20260908,0.9.2,366,False,14.202018199123092,AVIONICS#2,AVIONICS,repair,22.193024326987395,0.0,22.193024326987395,PERFECT
aging-PERFECT,a781d2546489e692d824d9b320280ae01571da1e18a2fcd6b85d70c19192b086,20260908,0.9.2,366,False,33.122732456581346,ELECTRICAL#11,ELECTRICAL,failure,20.122732456581346,20.122732456581346,20.122732456581346,PERFECT
aging-PERFECT,a781d2546489e692d824d9b320280ae01571da1e18a2fcd6b85d70c19192b086,20260908,0.9.2,366,False,36.298377615073974,ELECTRICAL#11,ELECTRICAL,repair,20.122732456581346,0.0,20.122732456581346,PERFECT
aging-PERFECT,a781d2546489e692d824d9b320280ae01571da1e18a2fcd6b85d70c19192b086,20260908,0.9.2,366,False,58.513950612557835,ELECTRICAL#19,ELECTRICAL,failure,21.513950612557835,21.513950612557835,21.513950612557835,PERFECT
aging-PERFECT,a781d2546489e692d824d9b320280ae01571da1e18a2fcd6b85d70c19192b086,20260908,0.9.2,366,False,59.088472667868885,ELECTRICAL#19,ELECTRICAL,repair,21.513950612557835,0.0,21.513950612557835,PERFECT
aging-PERFECT,a781d2546489e692d824d9b320280ae01571da1e18a2fcd6b85d70c19192b086,20260908,0.9.2,367,False,33.16662175373078,POWERPLANT#9,POWERPLANT,failure,20.16662175373078,20.16662175373078,20.16662175373078,PERFECT
aging-PERFECT,a781d2546489e692d824d9b320280ae01571da1e18a2fcd6b85d70c19192b086,20260908,0.9.2,367,False,33.32271005626355,AVIONICS#10,AVIONICS,failure,20.322710056263553,20.322710056263553,20.322710056263553,PERFECT
aging-PERFECT,a781d2546489e692d824d9b320280ae01571da1e18a2fcd6b85d70c19192b086,20260908,0.9.2,367,False,36.28779993419166,POWERPLANT#9,POWERPLANT,repair,20.16662175373078,0.0,20.16662175373078,PERFECT
aging-PERFECT,a781d2546489e692d824d9b320280ae01571da1e18a2fcd6b85d70c19192b086,20260908,0.9.2,367,False,36.525176898606794,AVIONICS#10,AVIONICS,repair,20.322710056263553,0.0,20.322710056263553,PERFECT
aging-PERFECT,a781d2546489e692d824d9b320280ae01571da1e18a2fcd6b85d70c19192b086,20260908,0.9.2,368,False,9.186207804133325,AVIONICS#6,AVIONICS,failure,20.186207804133325,20.186207804133325,20.186207804133325,PERFECT
aging-PERFECT,a781d2546489e692d824d9b320280ae01571da1e18a2fcd6b85d70c19192b086,20260908,0.9.2,368,False,11.209837914399722,AVIONICS#6,AVIONICS,repair,20.186207804133325,0.0,20.186207804133325,PERFECT
aging-PERFECT,a781d2546489e692d824d9b320280ae01571da1e18a2fcd6b85d70c19192b086,20260908,0.9.2,368,False,34.44606464156473,AVIONICS#14,AVIONICS,failure,21.446064641564732,21.446064641564732,21.446064641564732,PERFECT
aging-PERFECT,a781d2546489e692d824d9b320280ae01571da1e18a2fcd6b85d70c19192b086,20260908,0.9.2,368,False,37.28507698514886,AVIONICS#14,AVIONICS,repair,21.446064641564732,0.0,21.446064641564732,PERFECT
aging-PERFECT,a781d2546489e692d824d9b320280ae01571da1e18a2fcd6b85d70c19192b086,20260908,0.9.2,369,False,9.474199301758317,ELECTRICAL#3,ELECTRICAL,failure,20.47419930175832,20.47419930175832,20.47419930175832,PERFECT
aging-PERFECT,a781d2546489e692d824d9b320280ae01571da1e18a2fcd6b85d70c19192b086,20260908,0.9.2,369,False,22.45991385944395,ELECTRICAL#3,ELECTRICAL,repair,20.47419930175832,0.0,20.47419930175832,PERFECT
aging-PERFECT,a781d2546489e692d824d9b320280ae01571da1e18a2fcd6b85d70c19192b086,20260908,0.9.2,369,False,33.05700972723866,ELECTRICAL#11,ELECTRICAL,failure,20.057009727238658,20.057009727238658,20.057009727238658,PERFECT
aging-PERFECT,a781d2546489e692d824d9b320280ae01571da1e18a2fcd6b85d70c19192b086,20260908,0.9.2,369,False,36.57435775572222,ELECTRICAL#11,ELECTRICAL,repair,20.057009727238658,0.0,20.057009727238658,PERFECT
aging-PERFECT,a781d2546489e692d824d9b320280ae01571da1e18a2fcd6b85d70c19192b086,20260908,0.9.2,370,False,35.95298320202129,AVIONICS#10,AVIONICS,failure,22.952983202021287,22.952983202021287,22.952983202021287,PERFECT
aging-PERFECT,a781d2546489e692d824d9b320280ae01571da1e18a2fcd6b85d70c19192b086,20260908,0.9.2,370,False,36.572565407356514,AVIONICS#10,AVIONICS,repair,22.952983202021287,0.0,22.952983202021287,PERFECT
aging-PERFECT,a781d2546489e692d824d9b320280ae01571da1e18a2fcd6b85d70c19192b086,20260908,0.9.2,370,False,59.0252434292682,POWERPLANT#17,POWERPLANT,failure,22.0252434292682,22.0252434292682,22.0252434292682,PERFECT
aging-PERFECT,a781d2546489e692d824d9b320280ae01571da1e18a2fcd6b85d70c19192b086,20260908,0.9.2,370,False,60.73086160557853,POWERPLANT#17,POWERPLANT,repair,22.0252434292682,0.0,22.0252434292682,PERFECT
aging-PERFECT,a781d2546489e692d824d9b320280ae01571da1e18a2fcd6b85d70c19192b086,20260908,0.9.2,371,False,9.499650135475722,ELECTRICAL#3,ELECTRICAL,failure,20.499650135475722,20.499650135475722,20.499650135475722,PERFECT
aging-PERFECT,a781d2546489e692d824d9b320280ae01571da1e18a2fcd6b85d70c19192b086,20260908,0.9.2,371,False,10.19432002229092,ELECTRICAL#3,ELECTRICAL,repair,20.499650135475722,0.0,20.499650135475722,PERFECT
aging-PERFECT,a781d2546489e692d824d9b320280ae01571da1e18a2fcd6b85d70c19192b086,20260908,0.9.2,371,False,57.40846735418057,POWERPLANT#21,POWERPLANT,failure,20.408467354180573,20.408467354180573,20.408467354180573,PERFECT
aging-PERFECT,a781d2546489e692d824d9b320280ae01571da1e18a2fcd6b85d70c19192b086,20260908,0.9.2,371,False,58.32059121252865,POWERPLANT#21,POWERPLANT,repair,20.408467354180573,0.0,20.408467354180573,PERFECT
aging-PERFECT,a781d2546489e692d824d9b320280ae01571da1e18a2fcd6b85d70c19192b086,20260908,0.9.2,372,False,58.8189723583575,AVIONICS#22,AVIONICS,failure,21.8189723583575,21.8189723583575,21.8189723583575,PERFECT
aging-PERFECT,a781d2546489e692d824d9b320280ae01571da1e18a2fcd6b85d70c19192b086,20260908,0.9.2,372,False,61.24022528245146,AVIONICS#22,AVIONICS,repair,21.8189723583575,0.0,21.8189723583575,PERFECT
aging-PERFECT,a781d2546489e692d824d9b320280ae01571da1e18a2fcd6b85d70c19192b086,20260908,0.9.2,373,False,33.14725405342926,HYDRAULIC#16,HYDRAULIC,failure,20.147254053429258,20.147254053429258,20.147254053429258,PERFECT
aging-PERFECT,a781d2546489e692d824d9b320280ae01571da1e18a2fcd6b85d70c19192b086,20260908,0.9.2,373,False,36.07784875224174,HYDRAULIC#16,HYDRAULIC,repair,20.147254053429258,0.0,20.147254053429258,PERFECT
aging-PERFECT,a781d2546489e692d824d9b320280ae01571da1e18a2fcd6b85d70c19192b086,20260908,0.9.2,375,False,10.384448935356769,HYDRAULIC#8,HYDRAULIC,failure,21.38444893535677,21.38444893535677,21.38444893535677,PERFECT
aging-PERFECT,a781d2546489e692d824d9b320280ae01571da1e18a2fcd6b85d70c19192b086,20260908,0.9.2,375,False,13.879180653420278,HYDRAULIC#8,HYDRAULIC,repair,21.38444893535677,0.0,21.38444893535677,PERFECT
aging-PERFECT,a781d2546489e692d824d9b320280ae01571da1e18a2fcd6b85d70c19192b086,20260908,0.9.2,376,False,57.193929068452036,AVIONICS#22,AVIONICS,failure,20.193929068452036,20.193929068452036,20.193929068452036,PERFECT
aging-PERFECT,a781d2546489e692d824d9b320280ae01571da1e18a2fcd6b85d70c19192b086,20260908,0.9.2,376,False,58.29705652860313,AVIONICS#22,AVIONICS,repair,20.193929068452036,0.0,20.193929068452036,PERFECT
aging-PERFECT,a781d2546489e692d824d9b320280ae01571da1e18a2fcd6b85d70c19192b086,20260908,0.9.2,377,False,10.483298043579957,ELECTRICAL#7,ELECTRICAL,failure,21.483298043579957,21.483298043579957,21.483298043579957,PERFECT
aging-PERFECT,a781d2546489e692d824d9b320280ae01571da1e18a2fcd6b85d70c19192b086,20260908,0.9.2,377,False,12.962968333450274,ELECTRICAL#7,ELECTRICAL,repair,21.483298043579957,0.0,21.483298043579957,PERFECT
aging-PERFECT,a781d2546489e692d824d9b320280ae01571da1e18a2fcd6b85d70c19192b086,20260908,0.9.2,377,False,33.61129139857671,ELECTRICAL#15,ELECTRICAL,failure,20.61129139857671,20.61129139857671,20.61129139857671,PERFECT
aging-PERFECT,a781d2546489e692d824d9b320280ae01571da1e18a2fcd6b85d70c19192b086,20260908,0.9.2,377,False,37.132882689498544,ELECTRICAL#15,ELECTRICAL,repair,20.61129139857671,0.0,20.61129139857671,PERFECT
aging-PERFECT,a781d2546489e692d824d9b320280ae01571da1e18a2fcd6b85d70c19192b086,20260908,0.9.2,379,False,9.539573325606417,ELECTRICAL#3,ELECTRICAL,failure,20.53957332560642,20.53957332560642,20.53957332560642,PERFECT
aging-PERFECT,a781d2546489e692d824d9b320280ae01571da1e18a2fcd6b85d70c19192b086,20260908,0.9.2,379,False,10.916256216139933,ELECTRICAL#3,ELECTRICAL,repair,20.53957332560642,0.0,20.53957332560642,PERFECT
aging-PERFECT,a781d2546489e692d824d9b320280ae01571da1e18a2fcd6b85d70c19192b086,20260908,0.9.2,379,False,58.3251794426887,AVIONICS#18,AVIONICS,failure,21.3251794426887,21.3251794426887,21.3251794426887,PERFECT
aging-PERFECT,a781d2546489e692d824d9b320280ae01571da1e18a2fcd6b85d70c19192b086,20260908,0.9.2,379,False,59.124043013041366,AVIONICS#18,AVIONICS,repair,21.3251794426887,0.0,21.3251794426887,PERFECT
aging-PERFECT,a781d2546489e692d824d9b320280ae01571da1e18a2fcd6b85d70c19192b086,20260908,0.9.2,380,False,33.06584929776623,HYDRAULIC#12,HYDRAULIC,failure,20.065849297766228,20.065849297766228,20.065849297766228,PERFECT
aging-PERFECT,a781d2546489e692d824d9b320280ae01571da1e18a2fcd6b85d70c19192b086,20260908,0.9.2,380,False,35.47525873218373,HYDRAULIC#12,HYDRAULIC,repair,20.065849297766228,0.0,20.065849297766228,PERFECT
aging-PERFECT,a781d2546489e692d824d9b320280ae01571da1e18a2fcd6b85d70c19192b086,20260908,0.9.2,380,False,57.25954666809344,POWERPLANT#21,POWERPLANT,failure,20.259546668093442,20.259546668093442,20.259546668093442,PERFECT
aging-PERFECT,a781d2546489e692d824d9b320280ae01571da1e18a2fcd6b85d70c19192b086,20260908,0.9.2,380,False,60.75486096763594,POWERPLANT#21,POWERPLANT,repair,20.259546668093442,0.0,20.259546668093442,PERFECT
aging-PERFECT,a781d2546489e692d824d9b320280ae01571da1e18a2fcd6b85d70c19192b086,20260908,0.9.2,381,False,34.173605001346,AVIONICS#14,AVIONICS,failure,21.173605001345997,21.173605001345997,21.173605001345997,PERFECT
aging-PERFECT,a781d2546489e692d824d9b320280ae01571da1e18a2fcd6b85d70c19192b086,20260908,0.9.2,381,False,36.986198351864594,AVIONICS#14,AVIONICS,repair,21.173605001345997,0.0,21.173605001345997,PERFECT
aging-PERFECT,a781d2546489e692d824d9b320280ae01571da1e18a2fcd6b85d70c19192b086,20260908,0.9.2,381,False,59.868048620411166,ELECTRICAL#23,ELECTRICAL,failure,22.868048620411166,22.868048620411166,22.868048620411166,PERFECT
aging-PERFECT,a781d2546489e692d824d9b320280ae01571da1e18a2fcd6b85d70c19192b086,20260908,0.9.2,381,False,62.077818220213665,ELECTRICAL#23,ELECTRICAL,repair,22.868048620411166,0.0,22.868048620411166,PERFECT
aging-PERFECT,a781d2546489e692d824d9b320280ae01571da1e18a2fcd6b85d70c19192b086,20260908,0.9.2,382,False,11.08123908800858,AVIONICS#6,AVIONICS,failure,22.08123908800858,22.08123908800858,22.08123908800858,PERFECT
aging-PERFECT,a781d2546489e692d824d9b320280ae01571da1e18a2fcd6b85d70c19192b086,20260908,0.9.2,382,False,17.076396095337746,AVIONICS#6,AVIONICS,repair,22.08123908800858,0.0,22.08123908800858,PERFECT
aging-PERFECT,a781d2546489e692d824d9b320280ae01571da1e18a2fcd6b85d70c19192b086,20260908,0.9.2,383,False,58.52151428625323,ELECTRICAL#19,ELECTRICAL,failure,21.52151428625323,21.52151428625323,21.52151428625323,PERFECT
aging-PERFECT,a781d2546489e692d824d9b320280ae01571da1e18a2fcd6b85d70c19192b086,20260908,0.9.2,383,False,59.63659121861432,ELECTRICAL#19,ELECTRICAL,repair,21.52151428625323,0.0,21.52151428625323,PERFECT
aging-PERFECT,a781d2546489e692d824d9b320280ae01571da1e18a2fcd6b85d70c19192b086,20260908,0.9.2,384,False,11.475870086430909,AVIONICS#6,AVIONICS,failure,22.47587008643091,22.47587008643091,22.47587008643091,PERFECT
aging-PERFECT,a781d2546489e692d824d9b320280ae01571da1e18a2fcd6b85d70c19192b086,20260908,0.9.2,384,False,13.796008041928566,AVIONICS#6,AVIONICS,repair,22.47587008643091,0.0,22.47587008643091,PERFECT
aging-PERFECT,a781d2546489e692d824d9b320280ae01571da1e18a2fcd6b85d70c19192b086,20260908,0.9.2,384,False,59.008445430933925,POWERPLANT#17,POWERPLANT,failure,22.008445430933925,22.008445430933925,22.008445430933925,PERFECT
aging-PERFECT,a781d2546489e692d824d9b320280ae01571da1e18a2fcd6b85d70c19192b086,20260908,0.9.2,384,False,63.69871169956457,POWERPLANT#17,POWERPLANT,repair,22.008445430933925,0.0,22.008445430933925,PERFECT
aging-PERFECT,a781d2546489e692d824d9b320280ae01571da1e18a2fcd6b85d70c19192b086,20260908,0.9.2,385,False,58.23768232355036,ELECTRICAL#23,ELECTRICAL,failure,21.23768232355036,21.23768232355036,21.23768232355036,PERFECT
aging-PERFECT,a781d2546489e692d824d9b320280ae01571da1e18a2fcd6b85d70c19192b086,20260908,0.9.2,385,False,58.80006134248307,ELECTRICAL#23,ELECTRICAL,repair,21.23768232355036,0.0,21.23768232355036,PERFECT
aging-PERFECT,a781d2546489e692d824d9b320280ae01571da1e18a2fcd6b85d70c19192b086,20260908,0.9.2,386,False,33.36854991067983,AVIONICS#10,AVIONICS,failure,20.368549910679832,20.368549910679832,20.368549910679832,PERFECT
aging-PERFECT,a781d2546489e692d824d9b320280ae01571da1e18a2fcd6b85d70c19192b086,20260908,0.9.2,386,False,33.8255260279922,AVIONICS#10,AVIONICS,repair,20.368549910679832,0.0,20.368549910679832,PERFECT
aging-PERFECT,a781d2546489e692d824d9b320280ae01571da1e18a2fcd6b85d70c19192b086,20260908,0.9.2,386,False,57.965788760372675,AVIONICS#22,AVIONICS,failure,20.965788760372675,20.965788760372675,20.965788760372675,PERFECT
aging-PERFECT,a781d2546489e692d824d9b320280ae01571da1e18a2fcd6b85d70c19192b086,20260908,0.9.2,386,False,61.36062278268286,AVIONICS#22,AVIONICS,repair,20.965788760372675,0.0,20.965788760372675,PERFECT
aging-PERFECT,a781d2546489e692d824d9b320280ae01571da1e18a2fcd6b85d70c19192b086,20260908,0.9.2,387,False,9.751833246865102,ELECTRICAL#7,ELECTRICAL,failure,20.751833246865104,20.751833246865104,20.751833246865104,PERFECT
aging-PERFECT,a781d2546489e692d824d9b320280ae01571da1e18a2fcd6b85d70c19192b086,20260908,0.9.2,387,False,10.28717924282608,ELECTRICAL#7,ELECTRICAL,repair,20.751833246865104,0.0,20.751833246865104,PERFECT
aging-PERFECT,a781d2546489e692d824d9b320280ae01571da1e18a2fcd6b85d70c19192b086,20260908,0.9.2,387,False,33.682851226789346,POWERPLANT#9,POWERPLANT,failure,20.682851226789346,20.682851226789346,20.682851226789346,PERFECT
aging-PERFECT,a781d2546489e692d824d9b320280ae01571da1e18a2fcd6b85d70c19192b086,20260908,0.9.2,387,False,36.59735124737493,POWERPLANT#9,POWERPLANT,repair,20.682851226789346,0.0,20.682851226789346,PERFECT
aging-PERFECT,a781d2546489e692d824d9b320280ae01571da1e18a2fcd6b85d70c19192b086,20260908,0.9.2,387,False,58.663792963014274,HYDRAULIC#20,HYDRAULIC,failure,21.663792963014274,21.663792963014274,21.663792963014274,PERFECT
aging-PERFECT,a781d2546489e692d824d9b320280ae01571da1e18a2fcd6b85d70c19192b086,20260908,0.9.2,387,False,59.048777308937645,POWERPLANT#21,POWERPLANT,failure,22.048777308937645,22.048777308937645,22.048777308937645,PERFECT
aging-PERFECT,a781d2546489e692d824d9b320280ae01571da1e18a2fcd6b85d70c19192b086,20260908,0.9.2,387,False,59.38478411743797,POWERPLANT#21,POWERPLANT,repair,22.048777308937645,0.0,22.048777308937645,PERFECT
aging-PERFECT,a781d2546489e692d824d9b320280ae01571da1e18a2fcd6b85d70c19192b086,20260908,0.9.2,387,False,61.886959407670545,HYDRAULIC#20,HYDRAULIC,repair,21.663792963014274,0.0,21.663792963014274,PERFECT
aging-PERFECT,a781d2546489e692d824d9b320280ae01571da1e18a2fcd6b85d70c19192b086,20260908,0.9.2,389,False,34.28623982251081,AVIONICS#10,AVIONICS,failure,21.286239822510808,21.286239822510808,21.286239822510808,PERFECT
aging-PERFECT,a781d2546489e692d824d9b320280ae01571da1e18a2fcd6b85d70c19192b086,20260908,0.9.2,389,False,35.69433221544287,AVIONICS#10,AVIONICS,repair,21.286239822510808,0.0,21.286239822510808,PERFECT
aging-PERFECT,a781d2546489e692d824d9b320280ae01571da1e18a2fcd6b85d70c19192b086,20260908,0.9.2,389,False,58.71335740499974,POWERPLANT#17,POWERPLANT,failure,21.71335740499974,21.71335740499974,21.71335740499974,PERFECT
aging-PERFECT,a781d2546489e692d824d9b320280ae01571da1e18a2fcd6b85d70c19192b086,20260908,0.9.2,389,False,63.14440653695051,POWERPLANT#17,POWERPLANT,repair,21.71335740499974,0.0,21.71335740499974,PERFECT
aging-PERFECT,a781d2546489e692d824d9b320280ae01571da1e18a2fcd6b85d70c19192b086,20260908,0.9.2,390,False,34.39897032335911,POWERPLANT#9,POWERPLANT,failure,21.39897032335911,21.39897032335911,21.39897032335911,PERFECT
aging-PERFECT,a781d2546489e692d824d9b320280ae01571da1e18a2fcd6b85d70c19192b086,20260908,0.9.2,390,False,35.475660614140885,POWERPLANT#9,POWERPLANT,repair,21.39897032335911,0.0,21.39897032335911,PERFECT
aging-PERFECT,a781d2546489e692d824d9b320280ae01571da1e18a2fcd6b85d70c19192b086,20260908,0.9.2,390,False,57.90959683441958,ELECTRICAL#19,ELECTRICAL,failure,20.90959683441958,20.90959683441958,20.90959683441958,PERFECT
aging-PERFECT,a781d2546489e692d824d9b320280ae01571da1e18a2fcd6b85d70c19192b086,20260908,0.9.2,390,False,59.603355443515575,ELECTRICAL#19,ELECTRICAL,repair,20.90959683441958,0.0,20.90959683441958,PERFECT
aging-PERFECT,a781d2546489e692d824d9b320280ae01571da1e18a2fcd6b85d70c19192b086,20260908,0.9.2,391,False,59.06425190496316,POWERPLANT#17,POWERPLANT,failure,22.064251904963157,22.064251904963157,22.064251904963157,PERFECT
aging-PERFECT,a781d2546489e692d824d9b320280ae01571da1e18a2fcd6b85d70c19192b086,20260908,0.9.2,391,False,59.51342711420264,AVIONICS#18,AVIONICS,failure,22.513427114202642,22.513427114202642,22.513427114202642,PERFECT
aging-PERFECT,a781d2546489e692d824d9b320280ae01571da1e18a2fcd6b85d70c19192b086,20260908,0.9.2,391,False,64.35951920900483,POWERPLANT#17,POWERPLANT,repair,22.064251904963157,0.0,22.064251904963157,PERFECT
aging-PERFECT,a781d2546489e692d824d9b320280ae01571da1e18a2fcd6b85d70c19192b086,20260908,0.9.2,391,False,64.63248860746042,AVIONICS#18,AVIONICS,repair,22.513427114202642,0.0,22.513427114202642,PERFECT
aging-PERFECT,a781d2546489e692d824d9b320280ae01571da1e18a2fcd6b85d70c19192b086,20260908,0.9.2,393,False,11.73988325537924,POWERPLANT#1,POWERPLANT,failure,22.73988325537924,22.73988325537924,22.73988325537924,PERFECT
aging-PERFECT,a781d2546489e692d824d9b320280ae01571da1e18a2fcd6b85d70c19192b086,20260908,0.9.2,393,False,13.792856044772385,POWERPLANT#1,POWERPLANT,repair,22.73988325537924,0.0,22.73988325537924,PERFECT
aging-PERFECT,a781d2546489e692d824d9b320280ae01571da1e18a2fcd6b85d70c19192b086,20260908,0.9.2,393,False,59.843168517232215,AVIONICS#18,AVIONICS,failure,22.843168517232215,22.843168517232215,22.843168517232215,PERFECT
aging-PERFECT,a781d2546489e692d824d9b320280ae01571da1e18a2fcd6b85d70c19192b086,20260908,0.9.2,393,False,61.73716862937654,AVIONICS#18,AVIONICS,repair,22.843168517232215,0.0,22.843168517232215,PERFECT
aging-PERFECT,a781d2546489e692d824d9b320280ae01571da1e18a2fcd6b85d70c19192b086,20260908,0.9.2,395,False,9.723241232124346,AVIONICS#6,AVIONICS,failure,20.723241232124344,20.723241232124344,20.723241232124344,PERFECT
aging-PERFECT,a781d2546489e692d824d9b320280ae01571da1e18a2fcd6b85d70c19192b086,20260908,0.9.2,395,False,11.783493880672324,AVIONICS#6,AVIONICS,repair,20.723241232124344,0.0,20.723241232124344,PERFECT
aging-PERFECT,a781d2546489e692d824d9b320280ae01571da1e18a2fcd6b85d70c19192b086,20260908,0.9.2,396,False,33.67426081547306,HYDRAULIC#16,HYDRAULIC,failure,20.674260815473062,20.674260815473062,20.674260815473062,PERFECT
aging-PERFECT,a781d2546489e692d824d9b320280ae01571da1e18a2fcd6b85d70c19192b086,20260908,0.9.2,396,False,35.1176515196204,HYDRAULIC#16,HYDRAULIC,repair,20.674260815473062,0.0,20.674260815473062,PERFECT
aging-PERFECT,a781d2546489e692d824d9b320280ae01571da1e18a2fcd6b85d70c19192b086,20260908,0.9.2,397,False,10.814670254811936,AVIONICS#6,AVIONICS,failure,21.814670254811936,21.814670254811936,21.814670254811936,PERFECT
aging-PERFECT,a781d2546489e692d824d9b320280ae01571da1e18a2fcd6b85d70c19192b086,20260908,0.9.2,397,False,12.555000640113553,AVIONICS#6,AVIONICS,repair,21.814670254811936,0.0,21.814670254811936,PERFECT
aging-PERFECT,a781d2546489e692d824d9b320280ae01571da1e18a2fcd6b85d70c19192b086,20260908,0.9.2,397,False,33.050607641609005,ELECTRICAL#15,ELECTRICAL,failure,20.050607641609005,20.050607641609005,20.050607641609005,PERFECT
aging-PERFECT,a781d2546489e692d824d9b320280ae01571da1e18a2fcd6b85d70c19192b086,20260908,0.9.2,397,False,35.25560254014395,ELECTRICAL#15,ELECTRICAL,repair,20.050607641609005,0.0,20.050607641609005,PERFECT
aging-PERFECT,a781d2546489e692d824d9b320280ae01571da1e18a2fcd6b85d70c19192b086,20260908,0.9.2,397,False,59.027821221448846,AVIONICS#22,AVIONICS,failure,22.027821221448846,22.027821221448846,22.027821221448846,PERFECT
aging-PERFECT,a781d2546489e692d824d9b320280ae01571da1e18a2fcd6b85d70c19192b086,20260908,0.9.2,397,False,61.62354047619304,AVIONICS#22,AVIONICS,repair,22.027821221448846,0.0,22.027821221448846,PERFECT
aging-PERFECT,a781d2546489e692d824d9b320280ae01571da1e18a2fcd6b85d70c19192b086,20260908,0.9.2,399,False,9.62533884900405,HYDRAULIC#4,HYDRAULIC,failure,20.625338849004052,20.625338849004052,20.625338849004052,PERFECT
aging-PERFECT,a781d2546489e692d824d9b320280ae01571da1e18a2fcd6b85d70c19192b086,20260908,0.9.2,399,False,10.323070148698697,HYDRAULIC#4,HYDRAULIC,repair,20.625338849004052,0.0,20.625338849004052,PERFECT
aging-PERFECT,a781d2546489e692d824d9b320280ae01571da1e18a2fcd6b85d70c19192b086,20260908,0.9.2,400,False,9.589220287318975,AVIONICS#6,AVIONICS,failure,20.589220287318973,20.589220287318973,20.589220287318973,PERFECT
aging-PERFECT,a781d2546489e692d824d9b320280ae01571da1e18a2fcd6b85d70c19192b086,20260908,0.9.2,400,False,10.571090160760868,AVIONICS#6,AVIONICS,repair,20.589220287318973,0.0,20.589220287318973,PERFECT
aging-PERFECT,a781d2546489e692d824d9b320280ae01571da1e18a2fcd6b85d70c19192b086,20260908,0.9.2,400,False,35.614326860496085,HYDRAULIC#16,HYDRAULIC,failure,22.614326860496085,22.614326860496085,22.614326860496085,PERFECT
aging-PERFECT,a781d2546489e692d824d9b320280ae01571da1e18a2fcd6b85d70c19192b086,20260908,0.9.2,400,False,40.14720699062249,HYDRAULIC#16,HYDRAULIC,repair,22.614326860496085,0.0,22.614326860496085,PERFECT
aging-PERFECT,a781d2546489e692d824d9b320280ae01571da1e18a2fcd6b85d70c19192b086,20260908,0.9.2,402,False,57.6656805725195,POWERPLANT#17,POWERPLANT,failure,20.6656805725195,20.6656805725195,20.6656805725195,PERFECT
aging-PERFECT,a781d2546489e692d824d9b320280ae01571da1e18a2fcd6b85d70c19192b086,20260908,0.9.2,402,False,58.63222353346466,POWERPLANT#17,POWERPLANT,repair,20.6656805725195,0.0,20.6656805725195,PERFECT
aging-PERFECT,a781d2546489e692d824d9b320280ae01571da1e18a2fcd6b85d70c19192b086,20260908,0.9.2,403,False,35.131976687950235,AVIONICS#14,AVIONICS,failure,22.131976687950235,22.131976687950235,22.131976687950235,PERFECT
aging-PERFECT,a781d2546489e692d824d9b320280ae01571da1e18a2fcd6b85d70c19192b086,20260908,0.9.2,403,False,41.523534980383815,AVIONICS#14,AVIONICS,repair,22.131976687950235,0.0,22.131976687950235,PERFECT
aging-PERFECT,a781d2546489e692d824d9b320280ae01571da1e18a2fcd6b85d70c19192b086,20260908,0.9.2,404,False,58.99898797590991,POWERPLANT#21,POWERPLANT,failure,21.998987975909913,21.998987975909913,21.998987975909913,PERFECT
aging-PERFECT,a781d2546489e692d824d9b320280ae01571da1e18a2fcd6b85d70c19192b086,20260908,0.9.2,404,False,60.03031605667626,POWERPLANT#21,POWERPLANT,repair,21.998987975909913,0.0,21.998987975909913,PERFECT
aging-PERFECT,a781d2546489e692d824d9b320280ae01571da1e18a2fcd6b85d70c19192b086,20260908,0.9.2,405,False,9.368121133705532,POWERPLANT#1,POWERPLANT,failure,20.368121133705532,20.368121133705532,20.368121133705532,PERFECT
aging-PERFECT,a781d2546489e692d824d9b320280ae01571da1e18a2fcd6b85d70c19192b086,20260908,0.9.2,405,False,11.868580535643988,POWERPLANT#1,POWERPLANT,repair,20.368121133705532,0.0,20.368121133705532,PERFECT
aging-PERFECT,a781d2546489e692d824d9b320280ae01571da1e18a2fcd6b85d70c19192b086,20260908,0.9.2,405,False,33.64501270551401,AVIONICS#10,AVIONICS,failure,20.645012705514013,20.645012705514013,20.645012705514013,PERFECT
aging-PERFECT,a781d2546489e692d824d9b320280ae01571da1e18a2fcd6b85d70c19192b086,20260908,0.9.2,405,False,34.20068690622578,AVIONICS#10,AVIONICS,repair,20.645012705514013,0.0,20.645012705514013,PERFECT
aging-PERFECT,a781d2546489e692d824d9b320280ae01571da1e18a2fcd6b85d70c19192b086,20260908,0.9.2,405,False,58.1575449278256,POWERPLANT#17,POWERPLANT,failure,21.157544927825597,21.157544927825597,21.157544927825597,PERFECT
aging-PERFECT,a781d2546489e692d824d9b320280ae01571da1e18a2fcd6b85d70c19192b086,20260908,0.9.2,405,False,60.829773798951834,POWERPLANT#17,POWERPLANT,repair,21.157544927825597,0.0,21.157544927825597,PERFECT
aging-PERFECT,a781d2546489e692d824d9b320280ae01571da1e18a2fcd6b85d70c19192b086,20260908,0.9.2,406,False,34.52220741347443,HYDRAULIC#12,HYDRAULIC,failure,21.522207413474433,21.522207413474433,21.522207413474433,PERFECT
aging-PERFECT,a781d2546489e692d824d9b320280ae01571da1e18a2fcd6b85d70c19192b086,20260908,0.9.2,406,False,35.250534106134694,HYDRAULIC#12,HYDRAULIC,repair,21.522207413474433,0.0,21.522207413474433,PERFECT
aging-PERFECT,a781d2546489e692d824d9b320280ae01571da1e18a2fcd6b85d70c19192b086,20260908,0.9.2,407,False,11.34440802534078,AVIONICS#2,AVIONICS,failure,22.34440802534078,22.34440802534078,22.34440802534078,PERFECT
aging-PERFECT,a781d2546489e692d824d9b320280ae01571da1e18a2fcd6b85d70c19192b086,20260908,0.9.2,407,False,13.834107958127174,AVIONICS#2,AVIONICS,repair,22.34440802534078,0.0,22.34440802534078,PERFECT
aging-PERFECT,a781d2546489e692d824d9b320280ae01571da1e18a2fcd6b85d70c19192b086,20260908,0.9.2,407,False,57.76675942692904,POWERPLANT#21,POWERPLANT,failure,20.766759426929042,20.766759426929042,20.766759426929042,PERFECT
aging-PERFECT,a781d2546489e692d824d9b320280ae01571da1e18a2fcd6b85d70c19192b086,20260908,0.9.2,407,False,59.71311900277794,POWERPLANT#21,POWERPLANT,repair,20.766759426929042,0.0,20.766759426929042,PERFECT
aging-PERFECT,a781d2546489e692d824d9b320280ae01571da1e18a2fcd6b85d70c19192b086,20260908,0.9.2,408,False,59.54964455828931,AVIONICS#22,AVIONICS,failure,22.54964455828931,22.54964455828931,22.54964455828931,PERFECT
aging-PERFECT,a781d2546489e692d824d9b320280ae01571da1e18a2fcd6b85d70c19192b086,20260908,0.9.2,408,False,60.779024621781396,AVIONICS#22,AVIONICS,repair,22.54964455828931,0.0,22.54964455828931,PERFECT
aging-PERFECT,a781d2546489e692d824d9b320280ae01571da1e18a2fcd6b85d70c19192b086,20260908,0.9.2,409,False,10.965763871115275,POWERPLANT#5,POWERPLANT,failure,21.965763871115275,21.965763871115275,21.965763871115275,PERFECT
aging-PERFECT,a781d2546489e692d824d9b320280ae01571da1e18a2fcd6b85d70c19192b086,20260908,0.9.2,409,False,13.025809597597357,POWERPLANT#5,POWERPLANT,repair,21.965763871115275,0.0,21.965763871115275,PERFECT
aging-PERFECT,a781d2546489e692d824d9b320280ae01571da1e18a2fcd6b85d70c19192b086,20260908,0.9.2,409,False,58.46647587649041,POWERPLANT#17,POWERPLANT,failure,21.466475876490406,21.466475876490406,21.466475876490406,PERFECT
aging-PERFECT,a781d2546489e692d824d9b320280ae01571da1e18a2fcd6b85d70c19192b086,20260908,0.9.2,409,False,60.78919164015973,POWERPLANT#17,POWERPLANT,repair,21.466475876490406,0.0,21.466475876490406,PERFECT
aging-PERFECT,a781d2546489e692d824d9b320280ae01571da1e18a2fcd6b85d70c19192b086,20260908,0.9.2,410,False,10.519716483965443,ELECTRICAL#7,ELECTRICAL,failure,21.519716483965443,21.519716483965443,21.519716483965443,PERFECT
aging-PERFECT,a781d2546489e692d824d9b320280ae01571da1e18a2fcd6b85d70c19192b086,20260908,0.9.2,410,False,15.29524443809878,ELECTRICAL#7,ELECTRICAL,repair,21.519716483965443,0.0,21.519716483965443,PERFECT
aging-PERFECT,a781d2546489e692d824d9b320280ae01571da1e18a2fcd6b85d70c19192b086,20260908,0.9.2,410,False,58.637114127051454,HYDRAULIC#20,HYDRAULIC,failure,21.637114127051454,21.637114127051454,21.637114127051454,PERFECT
aging-PERFECT,a781d2546489e692d824d9b320280ae01571da1e18a2fcd6b85d70c19192b086,20260908,0.9.2,410,False,60.64427832938902,HYDRAULIC#20,HYDRAULIC,repair,21.637114127051454,0.0,21.637114127051454,PERFECT
aging-PERFECT,a781d2546489e692d824d9b320280ae01571da1e18a2fcd6b85d70c19192b086,20260908,0.9.2,411,False,34.599758899814276,POWERPLANT#13,POWERPLANT,failure,21.599758899814276,21.599758899814276,21.599758899814276,PERFECT
aging-PERFECT,a781d2546489e692d824d9b320280ae01571da1e18a2fcd6b85d70c19192b086,20260908,0.9.2,411,False,35.23895346357379,POWERPLANT#13,POWERPLANT,repair,21.599758899814276,0.0,21.599758899814276,PERFECT
aging-PERFECT,a781d2546489e692d824d9b320280ae01571da1e18a2fcd6b85d70c19192b086,20260908,0.9.2,412,False,57.97859178291034,AVIONICS#18,AVIONICS,failure,20.978591782910343,20.978591782910343,20.978591782910343,PERFECT
aging-PERFECT,a781d2546489e692d824d9b320280ae01571da1e18a2fcd6b85d70c19192b086,20260908,0.9.2,412,False,58.98278746408277,AVIONICS#18,AVIONICS,repair,20.978591782910343,0.0,20.978591782910343,PERFECT
aging-PERFECT,a781d2546489e692d824d9b320280ae01571da1e18a2fcd6b85d70c19192b086,20260908,0.9.2,413,False,34.689551819596,AVIONICS#14,AVIONICS,failure,21.689551819595998,21.689551819595998,21.689551819595998,PERFECT
aging-PERFECT,a781d2546489e692d824d9b320280ae01571da1e18a2fcd6b85d70c19192b086,20260908,0.9.2,413,False,35.58424600975896,AVIONICS#14,AVIONICS,repair,21.689551819595998,0.0,21.689551819595998,PERFECT
aging-PERFECT,a781d2546489e692d824d9b320280ae01571da1e18a2fcd6b85d70c19192b086,20260908,0.9.2,413,False,57.5316769499684,POWERPLANT#21,POWERPLANT,failure,20.5316769499684,20.5316769499684,20.5316769499684,PERFECT
aging-PERFECT,a781d2546489e692d824d9b320280ae01571da1e18a2fcd6b85d70c19192b086,20260908,0.9.2,413,False,61.91611698620895,POWERPLANT#21,POWERPLANT,repair,20.5316769499684,0.0,20.5316769499684,PERFECT
aging-PERFECT,a781d2546489e692d824d9b320280ae01571da1e18a2fcd6b85d70c19192b086,20260908,0.9.2,414,False,33.18058128342256,POWERPLANT#13,POWERPLANT,failure,20.180581283422562,20.180581283422562,20.180581283422562,PERFECT
aging-PERFECT,a781d2546489e692d824d9b320280ae01571da1e18a2fcd6b85d70c19192b086,20260908,0.9.2,414,False,33.764671951541565,POWERPLANT#13,POWERPLANT,repair,20.180581283422562,0.0,20.180581283422562,PERFECT
aging-PERFECT,a781d2546489e692d824d9b320280ae01571da1e18a2fcd6b85d70c19192b086,20260908,0.9.2,415,False,10.392265983719067,ELECTRICAL#3,ELECTRICAL,failure,21.392265983719067,21.392265983719067,21.392265983719067,PERFECT
aging-PERFECT,a781d2546489e692d824d9b320280ae01571da1e18a2fcd6b85d70c19192b086,20260908,0.9.2,415,False,12.712953678606528,ELECTRICAL#3,ELECTRICAL,repair,21.392265983719067,0.0,21.392265983719067,PERFECT
aging-PERFECT,a781d2546489e692d824d9b320280ae01571da1e18a2fcd6b85d70c19192b086,20260908,0.9.2,415,False,35.539555441379115,HYDRAULIC#12,HYDRAULIC,failure,22.539555441379115,22.539555441379115,22.539555441379115,PERFECT
aging-PERFECT,a781d2546489e692d824d9b320280ae01571da1e18a2fcd6b85d70c19192b086,20260908,0.9.2,415,False,36.127692622447924,HYDRAULIC#12,HYDRAULIC,repair,22.539555441379115,0.0,22.539555441379115,PERFECT
aging-PERFECT,a781d2546489e692d824d9b320280ae01571da1e18a2fcd6b85d70c19192b086,20260908,0.9.2,415,False,59.43105791645623,POWERPLANT#17,POWERPLANT,failure,22.431057916456233,22.431057916456233,22.431057916456233,PERFECT
aging-PERFECT,a781d2546489e692d824d9b320280ae01571da1e18a2fcd6b85d70c19192b086,20260908,0.9.2,415,False,60.21932461759601,POWERPLANT#17,POWERPLANT,repair,22.431057916456233,0.0,22.431057916456233,PERFECT
aging-PERFECT,a781d2546489e692d824d9b320280ae01571da1e18a2fcd6b85d70c19192b086,20260908,0.9.2,416,False,58.34940651043467,HYDRAULIC#24,HYDRAULIC,failure,21.34940651043467,21.34940651043467,21.34940651043467,PERFECT
aging-PERFECT,a781d2546489e692d824d9b320280ae01571da1e18a2fcd6b85d70c19192b086,20260908,0.9.2,416,False,61.3843239026138,HYDRAULIC#24,HYDRAULIC,repair,21.34940651043467,0.0,21.34940651043467,PERFECT
aging-PERFECT,a781d2546489e692d824d9b320280ae01571da1e18a2fcd6b85d70c19192b086,20260908,0.9.2,417,False,9.191046943905175,AVIONICS#6,AVIONICS,failure,20.191046943905175,20.191046943905175,20.191046943905175,PERFECT
aging-PERFECT,a781d2546489e692d824d9b320280ae01571da1e18a2fcd6b85d70c19192b086,20260908,0.9.2,417,False,14.805265798712782,AVIONICS#6,AVIONICS,repair,20.191046943905175,0.0,20.191046943905175,PERFECT
aging-PERFECT,a781d2546489e692d824d9b320280ae01571da1e18a2fcd6b85d70c19192b086,20260908,0.9.2,417,False,35.46390830377216,POWERPLANT#9,POWERPLANT,failure,22.463908303772158,22.463908303772158,22.463908303772158,PERFECT
aging-PERFECT,a781d2546489e692d824d9b320280ae01571da1e18a2fcd6b85d70c19192b086,20260908,0.9.2,417,False,35.95372194256462,AVIONICS#14,AVIONICS,failure,22.95372194256462,22.95372194256462,22.95372194256462,PERFECT
aging-PERFECT,a781d2546489e692d824d9b320280ae01571da1e18a2fcd6b85d70c19192b086,20260908,0.9.2,417,False,36.442288525011904,POWERPLANT#9,POWERPLANT,repair,22.463908303772158,0.0,22.463908303772158,PERFECT
aging-PERFECT,a781d2546489e692d824d9b320280ae01571da1e18a2fcd6b85d70c19192b086,20260908,0.9.2,417,False,36.64165538974382,AVIONICS#14,AVIONICS,repair,22.95372194256462,0.0,22.95372194256462,PERFECT
aging-PERFECT,a781d2546489e692d824d9b320280ae01571da1e18a2fcd6b85d70c19192b086,20260908,0.9.2,417,False,58.19763783477546,AVIONICS#22,AVIONICS,failure,21.197637834775463,21.197637834775463,21.197637834775463,PERFECT
aging-PERFECT,a781d2546489e692d824d9b320280ae01571da1e18a2fcd6b85d70c19192b086,20260908,0.9.2,417,False,68.36303281296821,AVIONICS#22,AVIONICS,repair,21.197637834775463,0.0,21.197637834775463,PERFECT
aging-PERFECT,a781d2546489e692d824d9b320280ae01571da1e18a2fcd6b85d70c19192b086,20260908,0.9.2,418,False,34.79966672360268,AVIONICS#10,AVIONICS,failure,21.799666723602677,21.799666723602677,21.799666723602677,PERFECT
aging-PERFECT,a781d2546489e692d824d9b320280ae01571da1e18a2fcd6b85d70c19192b086,20260908,0.9.2,418,False,40.49360855608093,AVIONICS#10,AVIONICS,repair,21.799666723602677,0.0,21.799666723602677,PERFECT
aging-PERFECT,a781d2546489e692d824d9b320280ae01571da1e18a2fcd6b85d70c19192b086,20260908,0.9.2,418,False,57.97817112776598,POWERPLANT#17,POWERPLANT,failure,20.978171127765982,20.978171127765982,20.978171127765982,PERFECT
aging-PERFECT,a781d2546489e692d824d9b320280ae01571da1e18a2fcd6b85d70c19192b086,20260908,0.9.2,418,False,59.38092135605453,POWERPLANT#17,POWERPLANT,repair,20.978171127765982,0.0,20.978171127765982,PERFECT
aging-PERFECT,a781d2546489e692d824d9b320280ae01571da1e18a2fcd6b85d70c19192b086,20260908,0.9.2,419,False,11.436216613917928,ELECTRICAL#3,ELECTRICAL,failure,22.436216613917928,22.436216613917928,22.436216613917928,PERFECT
aging-PERFECT,a781d2546489e692d824d9b320280ae01571da1e18a2fcd6b85d70c19192b086,20260908,0.9.2,419,False,11.500475945424832,POWERPLANT#5,POWERPLANT,failure,22.50047594542483,22.50047594542483,22.50047594542483,PERFECT
aging-PERFECT,a781d2546489e692d824d9b320280ae01571da1e18a2fcd6b85d70c19192b086,20260908,0.9.2,419,False,12.822306465655451,POWERPLANT#5,POWERPLANT,repair,22.50047594542483,0.0,22.50047594542483,PERFECT
aging-PERFECT,a781d2546489e692d824d9b320280ae01571da1e18a2fcd6b85d70c19192b086,20260908,0.9.2,419,False,12.82464376911588,ELECTRICAL#3,ELECTRICAL,repair,22.436216613917928,0.0,22.436216613917928,PERFECT
aging-PERFECT,a781d2546489e692d824d9b320280ae01571da1e18a2fcd6b85d70c19192b086,20260908,0.9.2,420,False,11.20781823825648,HYDRAULIC#4,HYDRAULIC,failure,22.20781823825648,22.20781823825648,22.20781823825648,PERFECT
aging-PERFECT,a781d2546489e692d824d9b320280ae01571da1e18a2fcd6b85d70c19192b086,20260908,0.9.2,420,False,12.148221484063175,HYDRAULIC#4,HYDRAULIC,repair,22.20781823825648,0.0,22.20781823825648,PERFECT
aging-PERFECT,a781d2546489e692d824d9b320280ae01571da1e18a2fcd6b85d70c19192b086,20260908,0.9.2,420,False,59.32975536494653,HYDRAULIC#20,HYDRAULIC,failure,22.32975536494653,22.32975536494653,22.32975536494653,PERFECT
aging-PERFECT,a781d2546489e692d824d9b320280ae01571da1e18a2fcd6b85d70c19192b086,20260908,0.9.2,420,False,60.13148773176682,HYDRAULIC#20,HYDRAULIC,repair,22.32975536494653,0.0,22.32975536494653,PERFECT
aging-PERFECT,a781d2546489e692d824d9b320280ae01571da1e18a2fcd6b85d70c19192b086,20260908,0.9.2,421,False,33.817318306880495,HYDRAULIC#12,HYDRAULIC,failure,20.817318306880495,20.817318306880495,20.817318306880495,PERFECT
aging-PERFECT,a781d2546489e692d824d9b320280ae01571da1e18a2fcd6b85d70c19192b086,20260908,0.9.2,421,False,35.706128741519734,HYDRAULIC#12,HYDRAULIC,repair,20.817318306880495,0.0,20.817318306880495,PERFECT
aging-PERFECT,a781d2546489e692d824d9b320280ae01571da1e18a2fcd6b85d70c19192b086,20260908,0.9.2,421,False,57.39039271527885,AVIONICS#18,AVIONICS,failure,20.39039271527885,20.39039271527885,20.39039271527885,PERFECT
aging-PERFECT,a781d2546489e692d824d9b320280ae01571da1e18a2fcd6b85d70c19192b086,20260908,0.9.2,421,False,57.49931402440466,POWERPLANT#21,POWERPLANT,failure,20.49931402440466,20.49931402440466,20.49931402440466,PERFECT
aging-PERFECT,a781d2546489e692d824d9b320280ae01571da1e18a2fcd6b85d70c19192b086,20260908,0.9.2,421,False,58.349700468228825,POWERPLANT#21,POWERPLANT,repair,20.49931402440466,0.0,20.49931402440466,PERFECT
aging-PERFECT,a781d2546489e692d824d9b320280ae01571da1e18a2fcd6b85d70c19192b086,20260908,0.9.2,421,False,61.20872326492224,AVIONICS#18,AVIONICS,repair,20.39039271527885,0.0,20.39039271527885,PERFECT
aging-PERFECT,a781d2546489e692d824d9b320280ae01571da1e18a2fcd6b85d70c19192b086,20260908,0.9.2,422,False,11.870747469665238,POWERPLANT#5,POWERPLANT,failure,22.87074746966524,22.87074746966524,22.87074746966524,PERFECT
aging-PERFECT,a781d2546489e692d824d9b320280ae01571da1e18a2fcd6b85d70c19192b086,20260908,0.9.2,422,False,12.82271222068862,POWERPLANT#5,POWERPLANT,repair,22.87074746966524,0.0,22.87074746966524,PERFECT
aging-PERFECT,a781d2546489e692d824d9b320280ae01571da1e18a2fcd6b85d70c19192b086,20260908,0.9.2,422,False,57.68599566786958,ELECTRICAL#19,ELECTRICAL,failure,20.685995667869577,20.685995667869577,20.685995667869577,PERFECT
aging-PERFECT,a781d2546489e692d824d9b320280ae01571da1e18a2fcd6b85d70c19192b086,20260908,0.9.2,422,False,58.162357712220185,AVIONICS#18,AVIONICS,failure,21.162357712220185,21.162357712220185,21.162357712220185,PERFECT
aging-PERFECT,a781d2546489e692d824d9b320280ae01571da1e18a2fcd6b85d70c19192b086,20260908,0.9.2,422,False,58.23185711746132,ELECTRICAL#19,ELECTRICAL,repair,20.685995667869577,0.0,20.685995667869577,PERFECT
aging-PERFECT,a781d2546489e692d824d9b320280ae01571da1e18a2fcd6b85d70c19192b086,20260908,0.9.2,422,False,59.90157567401036,AVIONICS#18,AVIONICS,repair,21.162357712220185,0.0,21.162357712220185,PERFECT
aging-PERFECT,a781d2546489e692d824d9b320280ae01571da1e18a2fcd6b85d70c19192b086,20260908,0.9.2,423,False,33.3860983955277,AVIONICS#14,AVIONICS,failure,20.386098395527704,20.386098395527704,20.386098395527704,PERFECT
aging-PERFECT,a781d2546489e692d824d9b320280ae01571da1e18a2fcd6b85d70c19192b086,20260908,0.9.2,423,False,35.280189458676965,AVIONICS#14,AVIONICS,repair,20.386098395527704,0.0,20.386098395527704,PERFECT
aging-PERFECT,a781d2546489e692d824d9b320280ae01571da1e18a2fcd6b85d70c19192b086,20260908,0.9.2,424,False,10.774926899377903,POWERPLANT#5,POWERPLANT,failure,21.774926899377903,21.774926899377903,21.774926899377903,PERFECT
aging-PERFECT,a781d2546489e692d824d9b320280ae01571da1e18a2fcd6b85d70c19192b086,20260908,0.9.2,424,False,11.440620097298751,POWERPLANT#5,POWERPLANT,repair,21.774926899377903,0.0,21.774926899377903,PERFECT
aging-PERFECT,a781d2546489e692d824d9b320280ae01571da1e18a2fcd6b85d70c19192b086,20260908,0.9.2,424,False,33.20354359889508,AVIONICS#10,AVIONICS,failure,20.20354359889508,20.20354359889508,20.20354359889508,PERFECT
aging-PERFECT,a781d2546489e692d824d9b320280ae01571da1e18a2fcd6b85d70c19192b086,20260908,0.9.2,424,False,37.369937072383195,AVIONICS#10,AVIONICS,repair,20.20354359889508,0.0,20.20354359889508,PERFECT
aging-PERFECT,a781d2546489e692d824d9b320280ae01571da1e18a2fcd6b85d70c19192b086,20260908,0.9.2,425,False,57.88596161761177,AVIONICS#22,AVIONICS,failure,20.88596161761177,20.88596161761177,20.88596161761177,PERFECT
aging-PERFECT,a781d2546489e692d824d9b320280ae01571da1e18a2fcd6b85d70c19192b086,20260908,0.9.2,425,False,58.53482679154571,AVIONICS#22,AVIONICS,repair,20.88596161761177,0.0,20.88596161761177,PERFECT
aging-PERFECT,a781d2546489e692d824d9b320280ae01571da1e18a2fcd6b85d70c19192b086,20260908,0.9.2,426,False,10.27817005853605,HYDRAULIC#4,HYDRAULIC,failure,21.27817005853605,21.27817005853605,21.27817005853605,PERFECT
aging-PERFECT,a781d2546489e692d824d9b320280ae01571da1e18a2fcd6b85d70c19192b086,20260908,0.9.2,426,False,11.328016636426995,HYDRAULIC#4,HYDRAULIC,repair,21.27817005853605,0.0,21.27817005853605,PERFECT
aging-PERFECT,a781d2546489e692d824d9b320280ae01571da1e18a2fcd6b85d70c19192b086,20260908,0.9.2,426,False,57.252226707173165,POWERPLANT#17,POWERPLANT,failure,20.252226707173165,20.252226707173165,20.252226707173165,PERFECT
aging-PERFECT,a781d2546489e692d824d9b320280ae01571da1e18a2fcd6b85d70c19192b086,20260908,0.9.2,426,False,60.14513958983282,POWERPLANT#17,POWERPLANT,repair,20.252226707173165,0.0,20.252226707173165,PERFECT
aging-PERFECT,a781d2546489e692d824d9b320280ae01571da1e18a2fcd6b85d70c19192b086,20260908,0.9.2,427,False,10.295771367103537,AVIONICS#6,AVIONICS,failure,21.295771367103537,21.295771367103537,21.295771367103537,PERFECT
aging-PERFECT,a781d2546489e692d824d9b320280ae01571da1e18a2fcd6b85d70c19192b086,20260908,0.9.2,427,False,11.646934429872609,AVIONICS#6,AVIONICS,repair,21.295771367103537,0.0,21.295771367103537,PERFECT
aging-PERFECT,a781d2546489e692d824d9b320280ae01571da1e18a2fcd6b85d70c19192b086,20260908,0.9.2,427,False,58.209404856177464,ELECTRICAL#19,ELECTRICAL,failure,21.209404856177464,21.209404856177464,21.209404856177464,PERFECT
aging-PERFECT,a781d2546489e692d824d9b320280ae01571da1e18a2fcd6b85d70c19192b086,20260908,0.9.2,427,False,60.070641138363655,ELECTRICAL#19,ELECTRICAL,repair,21.209404856177464,0.0,21.209404856177464,PERFECT
aging-PERFECT,a781d2546489e692d824d9b320280ae01571da1e18a2fcd6b85d70c19192b086,20260908,0.9.2,428,False,58.80003425335091,POWERPLANT#17,POWERPLANT,failure,21.80003425335091,21.80003425335091,21.80003425335091,PERFECT
aging-PERFECT,a781d2546489e692d824d9b320280ae01571da1e18a2fcd6b85d70c19192b086,20260908,0.9.2,428,False,59.52136011683681,POWERPLANT#17,POWERPLANT,repair,21.80003425335091,0.0,21.80003425335091,PERFECT
aging-PERFECT,a781d2546489e692d824d9b320280ae01571da1e18a2fcd6b85d70c19192b086,20260908,0.9.2,429,False,11.805431187468646,AVIONICS#6,AVIONICS,failure,22.805431187468646,22.805431187468646,22.805431187468646,PERFECT
aging-PERFECT,a781d2546489e692d824d9b320280ae01571da1e18a2fcd6b85d70c19192b086,20260908,0.9.2,429,False,12.565977849832176,AVIONICS#6,AVIONICS,repair,22.805431187468646,0.0,22.805431187468646,PERFECT
aging-PERFECT,a781d2546489e692d824d9b320280ae01571da1e18a2fcd6b85d70c19192b086,20260908,0.9.2,429,False,35.7966532200502,POWERPLANT#9,POWERPLANT,failure,22.796653220050203,22.796653220050203,22.796653220050203,PERFECT
aging-PERFECT,a781d2546489e692d824d9b320280ae01571da1e18a2fcd6b85d70c19192b086,20260908,0.9.2,429,False,36.614190843500694,POWERPLANT#9,POWERPLANT,repair,22.796653220050203,0.0,22.796653220050203,PERFECT
aging-PERFECT,a781d2546489e692d824d9b320280ae01571da1e18a2fcd6b85d70c19192b086,20260908,0.9.2,430,False,33.96883884509129,HYDRAULIC#16,HYDRAULIC,failure,20.96883884509129,20.96883884509129,20.96883884509129,PERFECT
aging-PERFECT,a781d2546489e692d824d9b320280ae01571da1e18a2fcd6b85d70c19192b086,20260908,0.9.2,430,False,38.22886871655773,HYDRAULIC#16,HYDRAULIC,repair,20.96883884509129,0.0,20.96883884509129,PERFECT
aging-PERFECT,a781d2546489e692d824d9b320280ae01571da1e18a2fcd6b85d70c19192b086,20260908,0.9.2,432,False,9.037547765064245,POWERPLANT#5,POWERPLANT,failure,20.037547765064247,20.037547765064247,20.037547765064247,PERFECT
aging-PERFECT,a781d2546489e692d824d9b320280ae01571da1e18a2fcd6b85d70c19192b086,20260908,0.9.2,432,False,12.009740391361891,POWERPLANT#5,POWERPLANT,repair,20.037547765064247,0.0,20.037547765064247,PERFECT
aging-PERFECT,a781d2546489e692d824d9b320280ae01571da1e18a2fcd6b85d70c19192b086,20260908,0.9.2,433,False,9.338634715974495,POWERPLANT#1,POWERPLANT,failure,20.338634715974493,20.338634715974493,20.338634715974493,PERFECT
aging-PERFECT,a781d2546489e692d824d9b320280ae01571da1e18a2fcd6b85d70c19192b086,20260908,0.9.2,433,False,9.819777182769164,POWERPLANT#1,POWERPLANT,repair,20.338634715974493,0.0,20.338634715974493,PERFECT
aging-PERFECT,a781d2546489e692d824d9b320280ae01571da1e18a2fcd6b85d70c19192b086,20260908,0.9.2,433,False,58.46097025456596,AVIONICS#22,AVIONICS,failure,21.460970254565957,21.460970254565957,21.460970254565957,PERFECT
aging-PERFECT,a781d2546489e692d824d9b320280ae01571da1e18a2fcd6b85d70c19192b086,20260908,0.9.2,433,False,58.632571633643025,ELECTRICAL#19,ELECTRICAL,failure,21.632571633643025,21.632571633643025,21.632571633643025,PERFECT
aging-PERFECT,a781d2546489e692d824d9b320280ae01571da1e18a2fcd6b85d70c19192b086,20260908,0.9.2,433,False,62.09420858576816,ELECTRICAL#19,ELECTRICAL,repair,21.632571633643025,0.0,21.632571633643025,PERFECT
aging-PERFECT,a781d2546489e692d824d9b320280ae01571da1e18a2fcd6b85d70c19192b086,20260908,0.9.2,433,False,62.29387571015812,AVIONICS#22,AVIONICS,repair,21.460970254565957,0.0,21.460970254565957,PERFECT
aging-PERFECT,a781d2546489e692d824d9b320280ae01571da1e18a2fcd6b85d70c19192b086,20260908,0.9.2,434,False,10.383421672775297,POWERPLANT#5,POWERPLANT,failure,21.3834216727753,21.3834216727753,21.3834216727753,PERFECT
aging-PERFECT,a781d2546489e692d824d9b320280ae01571da1e18a2fcd6b85d70c19192b086,20260908,0.9.2,434,False,14.24988692378113,POWERPLANT#5,POWERPLANT,repair,21.3834216727753,0.0,21.3834216727753,PERFECT
aging-PERFECT,a781d2546489e692d824d9b320280ae01571da1e18a2fcd6b85d70c19192b086,20260908,0.9.2,435,False,33.24297936588636,HYDRAULIC#16,HYDRAULIC,failure,20.242979365886363,20.242979365886363,20.242979365886363,PERFECT
aging-PERFECT,a781d2546489e692d824d9b320280ae01571da1e18a2fcd6b85d70c19192b086,20260908,0.9.2,435,False,37.46228405147059,HYDRAULIC#16,HYDRAULIC,repair,20.242979365886363,0.0,20.242979365886363,PERFECT
aging-PERFECT,a781d2546489e692d824d9b320280ae01571da1e18a2fcd6b85d70c19192b086,20260908,0.9.2,436,False,10.44768527065633,ELECTRICAL#3,ELECTRICAL,failure,21.44768527065633,21.44768527065633,21.44768527065633,PERFECT
aging-PERFECT,a781d2546489e692d824d9b320280ae01571da1e18a2fcd6b85d70c19192b086,20260908,0.9.2,436,False,12.534954651634767,ELECTRICAL#3,ELECTRICAL,repair,21.44768527065633,0.0,21.44768527065633,PERFECT
aging-PERFECT,a781d2546489e692d824d9b320280ae01571da1e18a2fcd6b85d70c19192b086,20260908,0.9.2,436,False,34.75034254108584,POWERPLANT#9,POWERPLANT,failure,21.750342541085843,21.750342541085843,21.750342541085843,PERFECT
aging-PERFECT,a781d2546489e692d824d9b320280ae01571da1e18a2fcd6b85d70c19192b086,20260908,0.9.2,436,False,36.527537989131574,POWERPLANT#9,POWERPLANT,repair,21.750342541085843,0.0,21.750342541085843,PERFECT
aging-PERFECT,a781d2546489e692d824d9b320280ae01571da1e18a2fcd6b85d70c19192b086,20260908,0.9.2,437,False,58.71810204901201,AVIONICS#22,AVIONICS,failure,21.71810204901201,21.71810204901201,21.71810204901201,PERFECT
aging-PERFECT,a781d2546489e692d824d9b320280ae01571da1e18a2fcd6b85d70c19192b086,20260908,0.9.2,437,False,59.579823365799065,AVIONICS#22,AVIONICS,repair,21.71810204901201,0.0,21.71810204901201,PERFECT
aging-PERFECT,a781d2546489e692d824d9b320280ae01571da1e18a2fcd6b85d70c19192b086,20260908,0.9.2,438,False,33.877392681667025,HYDRAULIC#12,HYDRAULIC,failure,20.877392681667025,20.877392681667025,20.877392681667025,PERFECT
aging-PERFECT,a781d2546489e692d824d9b320280ae01571da1e18a2fcd6b85d70c19192b086,20260908,0.9.2,438,False,37.48915299782411,HYDRAULIC#12,HYDRAULIC,repair,20.877392681667025,0.0,20.877392681667025,PERFECT
aging-PERFECT,a781d2546489e692d824d9b320280ae01571da1e18a2fcd6b85d70c19192b086,20260908,0.9.2,440,False,11.279131622165835,POWERPLANT#5,POWERPLANT,failure,22.279131622165835,22.279131622165835,22.279131622165835,PERFECT
aging-PERFECT,a781d2546489e692d824d9b320280ae01571da1e18a2fcd6b85d70c19192b086,20260908,0.9.2,440,False,13.267498346215241,POWERPLANT#5,POWERPLANT,repair,22.279131622165835,0.0,22.279131622165835,PERFECT
aging-PERFECT,a781d2546489e692d824d9b320280ae01571da1e18a2fcd6b85d70c19192b086,20260908,0.9.2,440,False,35.492583681030254,ELECTRICAL#11,ELECTRICAL,failure,22.492583681030254,22.492583681030254,22.492583681030254,PERFECT
aging-PERFECT,a781d2546489e692d824d9b320280ae01571da1e18a2fcd6b85d70c19192b086,20260908,0.9.2,440,False,36.160982032795346,ELECTRICAL#11,ELECTRICAL,repair,22.492583681030254,0.0,22.492583681030254,PERFECT
aging-PERFECT,a781d2546489e692d824d9b320280ae01571da1e18a2fcd6b85d70c19192b086,20260908,0.9.2,441,False,11.226975899499852,HYDRAULIC#4,HYDRAULIC,failure,22.226975899499852,22.226975899499852,22.226975899499852,PERFECT
aging-PERFECT,a781d2546489e692d824d9b320280ae01571da1e18a2fcd6b85d70c19192b086,20260908,0.9.2,441,False,14.670939962435837,HYDRAULIC#4,HYDRAULIC,repair,22.226975899499852,0.0,22.226975899499852,PERFECT
aging-PERFECT,a781d2546489e692d824d9b320280ae01571da1e18a2fcd6b85d70c19192b086,20260908,0.9.2,441,False,34.167721781554306,ELECTRICAL#11,ELECTRICAL,failure,21.167721781554306,21.167721781554306,21.167721781554306,PERFECT
aging-PERFECT,a781d2546489e692d824d9b320280ae01571da1e18a2fcd6b85d70c19192b086,20260908,0.9.2,441,False,37.460845946805215,ELECTRICAL#11,ELECTRICAL,repair,21.167721781554306,0.0,21.167721781554306,PERFECT
aging-PERFECT,a781d2546489e692d824d9b320280ae01571da1e18a2fcd6b85d70c19192b086,20260908,0.9.2,441,False,57.82794203243366,ELECTRICAL#23,ELECTRICAL,failure,20.82794203243366,20.82794203243366,20.82794203243366,PERFECT
aging-PERFECT,a781d2546489e692d824d9b320280ae01571da1e18a2fcd6b85d70c19192b086,20260908,0.9.2,441,False,58.50234882835352,ELECTRICAL#23,ELECTRICAL,repair,20.82794203243366,0.0,20.82794203243366,PERFECT
aging-PERFECT,a781d2546489e692d824d9b320280ae01571da1e18a2fcd6b85d70c19192b086,20260908,0.9.2,442,False,10.758400517715906,POWERPLANT#5,POWERPLANT,failure,21.758400517715906,21.758400517715906,21.758400517715906,PERFECT
aging-PERFECT,a781d2546489e692d824d9b320280ae01571da1e18a2fcd6b85d70c19192b086,20260908,0.9.2,442,False,12.671079140384933,POWERPLANT#5,POWERPLANT,repair,21.758400517715906,0.0,21.758400517715906,PERFECT
aging-PERFECT,a781d2546489e692d824d9b320280ae01571da1e18a2fcd6b85d70c19192b086,20260908,0.9.2,443,False,11.431929288198026,AVIONICS#2,AVIONICS,failure,22.431929288198027,22.431929288198027,22.431929288198027,PERFECT
aging-PERFECT,a781d2546489e692d824d9b320280ae01571da1e18a2fcd6b85d70c19192b086,20260908,0.9.2,443,False,12.534219893668654,AVIONICS#2,AVIONICS,repair,22.431929288198027,0.0,22.431929288198027,PERFECT
aging-PERFECT,a781d2546489e692d824d9b320280ae01571da1e18a2fcd6b85d70c19192b086,20260908,0.9.2,443,False,58.27538945143579,ELECTRICAL#23,ELECTRICAL,failure,21.275389451435792,21.275389451435792,21.275389451435792,PERFECT
aging-PERFECT,a781d2546489e692d824d9b320280ae01571da1e18a2fcd6b85d70c19192b086,20260908,0.9.2,443,False,59.16769939381385,ELECTRICAL#23,ELECTRICAL,repair,21.275389451435792,0.0,21.275389451435792,PERFECT
aging-PERFECT,a781d2546489e692d824d9b320280ae01571da1e18a2fcd6b85d70c19192b086,20260908,0.9.2,444,False,10.5799283033728,POWERPLANT#1,POWERPLANT,failure,21.5799283033728,21.5799283033728,21.5799283033728,PERFECT
aging-PERFECT,a781d2546489e692d824d9b320280ae01571da1e18a2fcd6b85d70c19192b086,20260908,0.9.2,444,False,11.283580458463751,POWERPLANT#1,POWERPLANT,repair,21.5799283033728,0.0,21.5799283033728,PERFECT
aging-PERFECT,a781d2546489e692d824d9b320280ae01571da1e18a2fcd6b85d70c19192b086,20260908,0.9.2,444,False,35.65031676857437,ELECTRICAL#15,ELECTRICAL,failure,22.65031676857437,22.65031676857437,22.65031676857437,PERFECT
aging-PERFECT,a781d2546489e692d824d9b320280ae01571da1e18a2fcd6b85d70c19192b086,20260908,0.9.2,444,False,39.154333173989365,ELECTRICAL#15,ELECTRICAL,repair,22.65031676857437,0.0,22.65031676857437,PERFECT
aging-PERFECT,a781d2546489e692d824d9b320280ae01571da1e18a2fcd6b85d70c19192b086,20260908,0.9.2,444,False,57.96150170642165,ELECTRICAL#19,ELECTRICAL,failure,20.96150170642165,20.96150170642165,20.96150170642165,PERFECT
aging-PERFECT,a781d2546489e692d824d9b320280ae01571da1e18a2fcd6b85d70c19192b086,20260908,0.9.2,444,False,59.926173648574085,ELECTRICAL#19,ELECTRICAL,repair,20.96150170642165,0.0,20.96150170642165,PERFECT
aging-PERFECT,a781d2546489e692d824d9b320280ae01571da1e18a2fcd6b85d70c19192b086,20260908,0.9.2,445,False,10.654676773895531,AVIONICS#2,AVIONICS,failure,21.65467677389553,21.65467677389553,21.65467677389553,PERFECT
aging-PERFECT,a781d2546489e692d824d9b320280ae01571da1e18a2fcd6b85d70c19192b086,20260908,0.9.2,445,False,12.63779543737595,AVIONICS#2,AVIONICS,repair,21.65467677389553,0.0,21.65467677389553,PERFECT
aging-PERFECT,a781d2546489e692d824d9b320280ae01571da1e18a2fcd6b85d70c19192b086,20260908,0.9.2,445,False,34.3560759690656,ELECTRICAL#11,ELECTRICAL,failure,21.3560759690656,21.3560759690656,21.3560759690656,PERFECT
aging-PERFECT,a781d2546489e692d824d9b320280ae01571da1e18a2fcd6b85d70c19192b086,20260908,0.9.2,445,False,36.902571757859555,ELECTRICAL#11,ELECTRICAL,repair,21.3560759690656,0.0,21.3560759690656,PERFECT
aging-PERFECT,a781d2546489e692d824d9b320280ae01571da1e18a2fcd6b85d70c19192b086,20260908,0.9.2,445,False,57.98622623281553,POWERPLANT#17,POWERPLANT,failure,20.986226232815532,20.986226232815532,20.986226232815532,PERFECT
aging-PERFECT,a781d2546489e692d824d9b320280ae01571da1e18a2fcd6b85d70c19192b086,20260908,0.9.2,445,False,59.337165804720094,POWERPLANT#17,POWERPLANT,repair,20.986226232815532,0.0,20.986226232815532,PERFECT
aging-PERFECT,a781d2546489e692d824d9b320280ae01571da1e18a2fcd6b85d70c19192b086,20260908,0.9.2,446,False,9.44613249496342,POWERPLANT#5,POWERPLANT,failure,20.446132494963422,20.446132494963422,20.446132494963422,PERFECT
aging-PERFECT,a781d2546489e692d824d9b320280ae01571da1e18a2fcd6b85d70c19192b086,20260908,0.9.2,446,False,17.19493430408517,POWERPLANT#5,POWERPLANT,repair,20.446132494963422,0.0,20.446132494963422,PERFECT
aging-PERFECT,a781d2546489e692d824d9b320280ae01571da1e18a2fcd6b85d70c19192b086,20260908,0.9.2,447,False,34.353081949040906,HYDRAULIC#12,HYDRAULIC,failure,21.353081949040906,21.353081949040906,21.353081949040906,PERFECT
aging-PERFECT,a781d2546489e692d824d9b320280ae01571da1e18a2fcd6b85d70c19192b086,20260908,0.9.2,447,False,34.97513759205719,HYDRAULIC#12,HYDRAULIC,repair,21.353081949040906,0.0,21.353081949040906,PERFECT
aging-PERFECT,a781d2546489e692d824d9b320280ae01571da1e18a2fcd6b85d70c19192b086,20260908,0.9.2,447,False,58.45994611749687,AVIONICS#22,AVIONICS,failure,21.45994611749687,21.45994611749687,21.45994611749687,PERFECT
aging-PERFECT,a781d2546489e692d824d9b320280ae01571da1e18a2fcd6b85d70c19192b086,20260908,0.9.2,447,False,61.046744870999184,AVIONICS#22,AVIONICS,repair,21.45994611749687,0.0,21.45994611749687,PERFECT
aging-PERFECT,a781d2546489e692d824d9b320280ae01571da1e18a2fcd6b85d70c19192b086,20260908,0.9.2,448,False,10.56735562051825,HYDRAULIC#4,HYDRAULIC,failure,21.56735562051825,21.56735562051825,21.56735562051825,PERFECT
aging-PERFECT,a781d2546489e692d824d9b320280ae01571da1e18a2fcd6b85d70c19192b086,20260908,0.9.2,448,False,12.631125579992549,HYDRAULIC#4,HYDRAULIC,repair,21.56735562051825,0.0,21.56735562051825,PERFECT
aging-PERFECT,a781d2546489e692d824d9b320280ae01571da1e18a2fcd6b85d70c19192b086,20260908,0.9.2,449,False,35.35771880225467,POWERPLANT#9,POWERPLANT,failure,22.357718802254666,22.357718802254666,22.357718802254666,PERFECT
aging-PERFECT,a781d2546489e692d824d9b320280ae01571da1e18a2fcd6b85d70c19192b086,20260908,0.9.2,449,False,40.84896316683268,POWERPLANT#9,POWERPLANT,repair,22.357718802254666,0.0,22.357718802254666,PERFECT
aging-PERFECT,a781d2546489e692d824d9b320280ae01571da1e18a2fcd6b85d70c19192b086,20260908,0.9.2,449,False,59.70224706587624,HYDRAULIC#24,HYDRAULIC,failure,22.702247065876243,22.702247065876243,22.702247065876243,PERFECT
aging-PERFECT,a781d2546489e692d824d9b320280ae01571da1e18a2fcd6b85d70c19192b086,20260908,0.9.2,449,False,61.65372944857869,HYDRAULIC#24,HYDRAULIC,repair,22.702247065876243,0.0,22.702247065876243,PERFECT
aging-PERFECT,a781d2546489e692d824d9b320280ae01571da1e18a2fcd6b85d70c19192b086,20260908,0.9.2,450,False,11.005680071507484,HYDRAULIC#4,HYDRAULIC,failure,22.005680071507484,22.005680071507484,22.005680071507484,PERFECT
aging-PERFECT,a781d2546489e692d824d9b320280ae01571da1e18a2fcd6b85d70c19192b086,20260908,0.9.2,450,False,11.783064482166022,HYDRAULIC#4,HYDRAULIC,repair,22.005680071507484,0.0,22.005680071507484,PERFECT
aging-PERFECT,a781d2546489e692d824d9b320280ae01571da1e18a2fcd6b85d70c19192b086,20260908,0.9.2,450,False,33.89235964047355,POWERPLANT#13,POWERPLANT,failure,20.89235964047355,20.89235964047355,20.89235964047355,PERFECT
aging-PERFECT,a781d2546489e692d824d9b320280ae01571da1e18a2fcd6b85d70c19192b086,20260908,0.9.2,450,False,45.65280442928987,POWERPLANT#13,POWERPLANT,repair,20.89235964047355,0.0,20.89235964047355,PERFECT
aging-PERFECT,a781d2546489e692d824d9b320280ae01571da1e18a2fcd6b85d70c19192b086,20260908,0.9.2,451,False,11.426381507326873,HYDRAULIC#8,HYDRAULIC,failure,22.426381507326873,22.426381507326873,22.426381507326873,PERFECT
aging-PERFECT,a781d2546489e692d824d9b320280ae01571da1e18a2fcd6b85d70c19192b086,20260908,0.9.2,451,False,12.35306736339724,HYDRAULIC#8,HYDRAULIC,repair,22.426381507326873,0.0,22.426381507326873,PERFECT
aging-PERFECT,a781d2546489e692d824d9b320280ae01571da1e18a2fcd6b85d70c19192b086,20260908,0.9.2,451,False,57.39351659056213,HYDRAULIC#24,HYDRAULIC,failure,20.39351659056213,20.39351659056213,20.39351659056213,PERFECT
aging-PERFECT,a781d2546489e692d824d9b320280ae01571da1e18a2fcd6b85d70c19192b086,20260908,0.9.2,451,False,58.19597656584432,HYDRAULIC#24,HYDRAULIC,repair,20.39351659056213,0.0,20.39351659056213,PERFECT
aging-PERFECT,a781d2546489e692d824d9b320280ae01571da1e18a2fcd6b85d70c19192b086,20260908,0.9.2,452,False,35.64721883427028,POWERPLANT#9,POWERPLANT,failure,22.647218834270276,22.647218834270276,22.647218834270276,PERFECT
aging-PERFECT,a781d2546489e692d824d9b320280ae01571da1e18a2fcd6b85d70c19192b086,20260908,0.9.2,452,False,36.44325610001811,POWERPLANT#9,POWERPLANT,repair,22.647218834270276,0.0,22.647218834270276,PERFECT
aging-PERFECT,a781d2546489e692d824d9b320280ae01571da1e18a2fcd6b85d70c19192b086,20260908,0.9.2,452,False,57.694492422397154,ELECTRICAL#23,ELECTRICAL,failure,20.694492422397154,20.694492422397154,20.694492422397154,PERFECT
aging-PERFECT,a781d2546489e692d824d9b320280ae01571da1e18a2fcd6b85d70c19192b086,20260908,0.9.2,452,False,60.83184758895742,ELECTRICAL#23,ELECTRICAL,repair,20.694492422397154,0.0,20.694492422397154,PERFECT
aging-PERFECT,a781d2546489e692d824d9b320280ae01571da1e18a2fcd6b85d70c19192b086,20260908,0.9.2,453,False,33.54403415348704,ELECTRICAL#15,ELECTRICAL,failure,20.54403415348704,20.54403415348704,20.54403415348704,PERFECT
aging-PERFECT,a781d2546489e692d824d9b320280ae01571da1e18a2fcd6b85d70c19192b086,20260908,0.9.2,453,False,34.49739592767518,ELECTRICAL#15,ELECTRICAL,repair,20.54403415348704,0.0,20.54403415348704,PERFECT
aging-PERFECT,a781d2546489e692d824d9b320280ae01571da1e18a2fcd6b85d70c19192b086,20260908,0.9.2,453,False,57.068494422717,AVIONICS#22,AVIONICS,failure,20.068494422717002,20.068494422717002,20.068494422717002,PERFECT
aging-PERFECT,a781d2546489e692d824d9b320280ae01571da1e18a2fcd6b85d70c19192b086,20260908,0.9.2,453,False,60.87504050441501,AVIONICS#22,AVIONICS,repair,20.068494422717002,0.0,20.068494422717002,PERFECT
aging-PERFECT,a781d2546489e692d824d9b320280ae01571da1e18a2fcd6b85d70c19192b086,20260908,0.9.2,454,False,10.36365867102281,POWERPLANT#1,POWERPLANT,failure,21.36365867102281,21.36365867102281,21.36365867102281,PERFECT
aging-PERFECT,a781d2546489e692d824d9b320280ae01571da1e18a2fcd6b85d70c19192b086,20260908,0.9.2,454,False,12.383790594096874,POWERPLANT#1,POWERPLANT,repair,21.36365867102281,0.0,21.36365867102281,PERFECT
aging-PERFECT,a781d2546489e692d824d9b320280ae01571da1e18a2fcd6b85d70c19192b086,20260908,0.9.2,454,False,34.508219561934546,POWERPLANT#13,POWERPLANT,failure,21.508219561934546,21.508219561934546,21.508219561934546,PERFECT
aging-PERFECT,a781d2546489e692d824d9b320280ae01571da1e18a2fcd6b85d70c19192b086,20260908,0.9.2,454,False,35.393579460175005,POWERPLANT#13,POWERPLANT,repair,21.508219561934546,0.0,21.508219561934546,PERFECT
aging-PERFECT,a781d2546489e692d824d9b320280ae01571da1e18a2fcd6b85d70c19192b086,20260908,0.9.2,455,False,35.793744489685665,POWERPLANT#13,POWERPLANT,failure,22.793744489685665,22.793744489685665,22.793744489685665,PERFECT
aging-PERFECT,a781d2546489e692d824d9b320280ae01571da1e18a2fcd6b85d70c19192b086,20260908,0.9.2,455,False,37.71905050791709,POWERPLANT#13,POWERPLANT,repair,22.793744489685665,0.0,22.793744489685665,PERFECT
aging-PERFECT,a781d2546489e692d824d9b320280ae01571da1e18a2fcd6b85d70c19192b086,20260908,0.9.2,456,False,9.315673989626822,POWERPLANT#1,POWERPLANT,failure,20.315673989626823,20.315673989626823,20.315673989626823,PERFECT
aging-PERFECT,a781d2546489e692d824d9b320280ae01571da1e18a2fcd6b85d70c19192b086,20260908,0.9.2,456,False,13.856830747370612,POWERPLANT#1,POWERPLANT,repair,20.315673989626823,0.0,20.315673989626823,PERFECT
aging-PERFECT,a781d2546489e692d824d9b320280ae01571da1e18a2fcd6b85d70c19192b086,20260908,0.9.2,456,False,57.8820467150344,HYDRAULIC#24,HYDRAULIC,failure,20.8820467150344,20.8820467150344,20.8820467150344,PERFECT
aging-PERFECT,a781d2546489e692d824d9b320280ae01571da1e18a2fcd6b85d70c19192b086,20260908,0.9.2,456,False,60.01276622167567,HYDRAULIC#24,HYDRAULIC,repair,20.8820467150344,0.0,20.8820467150344,PERFECT
aging-PERFECT,a781d2546489e692d824d9b320280ae01571da1e18a2fcd6b85d70c19192b086,20260908,0.9.2,458,False,11.573119132125756,AVIONICS#6,AVIONICS,failure,22.573119132125754,22.573119132125754,22.573119132125754,PERFECT
aging-PERFECT,a781d2546489e692d824d9b320280ae01571da1e18a2fcd6b85d70c19192b086,20260908,0.9.2,458,False,14.21538229590769,AVIONICS#6,AVIONICS,repair,22.573119132125754,0.0,22.573119132125754,PERFECT
aging-PERFECT,a781d2546489e692d824d9b320280ae01571da1e18a2fcd6b85d70c19192b086,20260908,0.9.2,458,False,33.424536571433315,ELECTRICAL#15,ELECTRICAL,failure,20.424536571433315,20.424536571433315,20.424536571433315,PERFECT
aging-PERFECT,a781d2546489e692d824d9b320280ae01571da1e18a2fcd6b85d70c19192b086,20260908,0.9.2,458,False,35.8700557262668,ELECTRICAL#15,ELECTRICAL,repair,20.424536571433315,0.0,20.424536571433315,PERFECT
aging-PERFECT,a781d2546489e692d824d9b320280ae01571da1e18a2fcd6b85d70c19192b086,20260908,0.9.2,458,False,58.57537655456366,AVIONICS#22,AVIONICS,failure,21.57537655456366,21.57537655456366,21.57537655456366,PERFECT
aging-PERFECT,a781d2546489e692d824d9b320280ae01571da1e18a2fcd6b85d70c19192b086,20260908,0.9.2,458,False,59.90973202512369,AVIONICS#22,AVIONICS,repair,21.57537655456366,0.0,21.57537655456366,PERFECT
aging-PERFECT,a781d2546489e692d824d9b320280ae01571da1e18a2fcd6b85d70c19192b086,20260908,0.9.2,459,False,9.623446061534962,AVIONICS#6,AVIONICS,failure,20.623446061534963,20.623446061534963,20.623446061534963,PERFECT
aging-PERFECT,a781d2546489e692d824d9b320280ae01571da1e18a2fcd6b85d70c19192b086,20260908,0.9.2,459,False,10.269458393690888,AVIONICS#6,AVIONICS,repair,20.623446061534963,0.0,20.623446061534963,PERFECT
aging-PERFECT,a781d2546489e692d824d9b320280ae01571da1e18a2fcd6b85d70c19192b086,20260908,0.9.2,459,False,33.49415852805229,POWERPLANT#9,POWERPLANT,failure,20.49415852805229,20.49415852805229,20.49415852805229,PERFECT
aging-PERFECT,a781d2546489e692d824d9b320280ae01571da1e18a2fcd6b85d70c19192b086,20260908,0.9.2,459,False,35.730134076230186,POWERPLANT#9,POWERPLANT,repair,20.49415852805229,0.0,20.49415852805229,PERFECT
aging-PERFECT,a781d2546489e692d824d9b320280ae01571da1e18a2fcd6b85d70c19192b086,20260908,0.9.2,460,False,33.64024250816564,POWERPLANT#9,POWERPLANT,failure,20.64024250816564,20.64024250816564,20.64024250816564,PERFECT
aging-PERFECT,a781d2546489e692d824d9b320280ae01571da1e18a2fcd6b85d70c19192b086,20260908,0.9.2,460,False,35.12705321402802,POWERPLANT#9,POWERPLANT,repair,20.64024250816564,0.0,20.64024250816564,PERFECT
aging-PERFECT,a781d2546489e692d824d9b320280ae01571da1e18a2fcd6b85d70c19192b086,20260908,0.9.2,461,False,9.668426175217832,ELECTRICAL#3,ELECTRICAL,failure,20.66842617521783,20.66842617521783,20.66842617521783,PERFECT
aging-PERFECT,a781d2546489e692d824d9b320280ae01571da1e18a2fcd6b85d70c19192b086,20260908,0.9.2,461,False,13.152282919596791,ELECTRICAL#3,ELECTRICAL,repair,20.66842617521783,0.0,20.66842617521783,PERFECT
aging-PERFECT,a781d2546489e692d824d9b320280ae01571da1e18a2fcd6b85d70c19192b086,20260908,0.9.2,461,False,57.46767180637598,POWERPLANT#17,POWERPLANT,failure,20.467671806375982,20.467671806375982,20.467671806375982,PERFECT
aging-PERFECT,a781d2546489e692d824d9b320280ae01571da1e18a2fcd6b85d70c19192b086,20260908,0.9.2,461,False,58.525937820370785,POWERPLANT#17,POWERPLANT,repair,20.467671806375982,0.0,20.467671806375982,PERFECT
aging-PERFECT,a781d2546489e692d824d9b320280ae01571da1e18a2fcd6b85d70c19192b086,20260908,0.9.2,462,False,10.783958660000543,AVIONICS#2,AVIONICS,failure,21.783958660000543,21.783958660000543,21.783958660000543,PERFECT
aging-PERFECT,a781d2546489e692d824d9b320280ae01571da1e18a2fcd6b85d70c19192b086,20260908,0.9.2,462,False,11.45168657359975,AVIONICS#2,AVIONICS,repair,21.783958660000543,0.0,21.783958660000543,PERFECT
aging-PERFECT,a781d2546489e692d824d9b320280ae01571da1e18a2fcd6b85d70c19192b086,20260908,0.9.2,462,False,58.3043778833296,ELECTRICAL#19,ELECTRICAL,failure,21.3043778833296,21.3043778833296,21.3043778833296,PERFECT
aging-PERFECT,a781d2546489e692d824d9b320280ae01571da1e18a2fcd6b85d70c19192b086,20260908,0.9.2,462,False,59.542231654151514,ELECTRICAL#19,ELECTRICAL,repair,21.3043778833296,0.0,21.3043778833296,PERFECT
aging-PERFECT,a781d2546489e692d824d9b320280ae01571da1e18a2fcd6b85d70c19192b086,20260908,0.9.2,463,False,34.04256653782125,ELECTRICAL#15,ELECTRICAL,failure,21.04256653782125,21.04256653782125,21.04256653782125,PERFECT
aging-PERFECT,a781d2546489e692d824d9b320280ae01571da1e18a2fcd6b85d70c19192b086,20260908,0.9.2,463,False,38.02564777527889,ELECTRICAL#15,ELECTRICAL,repair,21.04256653782125,0.0,21.04256653782125,PERFECT
aging-PERFECT,a781d2546489e692d824d9b320280ae01571da1e18a2fcd6b85d70c19192b086,20260908,0.9.2,464,False,11.46978385701199,HYDRAULIC#4,HYDRAULIC,failure,22.46978385701199,22.46978385701199,22.46978385701199,PERFECT
aging-PERFECT,a781d2546489e692d824d9b320280ae01571da1e18a2fcd6b85d70c19192b086,20260908,0.9.2,464,False,13.111154005082103,HYDRAULIC#4,HYDRAULIC,repair,22.46978385701199,0.0,22.46978385701199,PERFECT
aging-PERFECT,a781d2546489e692d824d9b320280ae01571da1e18a2fcd6b85d70c19192b086,20260908,0.9.2,465,False,33.307512338554204,AVIONICS#14,AVIONICS,failure,20.307512338554204,20.307512338554204,20.307512338554204,PERFECT
aging-PERFECT,a781d2546489e692d824d9b320280ae01571da1e18a2fcd6b85d70c19192b086,20260908,0.9.2,465,False,33.50537176263841,AVIONICS#10,AVIONICS,failure,20.50537176263841,20.50537176263841,20.50537176263841,PERFECT
aging-PERFECT,a781d2546489e692d824d9b320280ae01571da1e18a2fcd6b85d70c19192b086,20260908,0.9.2,465,False,33.779245966464366,AVIONICS#14,AVIONICS,repair,20.307512338554204,0.0,20.307512338554204,PERFECT
aging-PERFECT,a781d2546489e692d824d9b320280ae01571da1e18a2fcd6b85d70c19192b086,20260908,0.9.2,465,False,34.06299875356308,AVIONICS#10,AVIONICS,repair,20.50537176263841,0.0,20.50537176263841,PERFECT
aging-PERFECT,a781d2546489e692d824d9b320280ae01571da1e18a2fcd6b85d70c19192b086,20260908,0.9.2,466,False,10.089950105049999,ELECTRICAL#3,ELECTRICAL,failure,21.08995010505,21.08995010505,21.08995010505,PERFECT
aging-PERFECT,a781d2546489e692d824d9b320280ae01571da1e18a2fcd6b85d70c19192b086,20260908,0.9.2,466,False,10.54861832260844,ELECTRICAL#7,ELECTRICAL,failure,21.54861832260844,21.54861832260844,21.54861832260844,PERFECT
aging-PERFECT,a781d2546489e692d824d9b320280ae01571da1e18a2fcd6b85d70c19192b086,20260908,0.9.2,466,False,14.20389065832011,ELECTRICAL#7,ELECTRICAL,repair,21.54861832260844,0.0,21.54861832260844,PERFECT
aging-PERFECT,a781d2546489e692d824d9b320280ae01571da1e18a2fcd6b85d70c19192b086,20260908,0.9.2,466,False,15.885992049013868,ELECTRICAL#3,ELECTRICAL,repair,21.08995010505,0.0,21.08995010505,PERFECT
aging-PERFECT,a781d2546489e692d824d9b320280ae01571da1e18a2fcd6b85d70c19192b086,20260908,0.9.2,466,False,59.33378095125762,AVIONICS#18,AVIONICS,failure,22.333780951257623,22.333780951257623,22.333780951257623,PERFECT
aging-PERFECT,a781d2546489e692d824d9b320280ae01571da1e18a2fcd6b85d70c19192b086,20260908,0.9.2,466,False,60.83836176544718,AVIONICS#18,AVIONICS,repair,22.333780951257623,0.0,22.333780951257623,PERFECT
aging-PERFECT,a781d2546489e692d824d9b320280ae01571da1e18a2fcd6b85d70c19192b086,20260908,0.9.2,467,False,9.663305914419404,ELECTRICAL#3,ELECTRICAL,failure,20.663305914419404,20.663305914419404,20.663305914419404,PERFECT
aging-PERFECT,a781d2546489e692d824d9b320280ae01571da1e18a2fcd6b85d70c19192b086,20260908,0.9.2,467,False,10.409828500784302,ELECTRICAL#3,ELECTRICAL,repair,20.663305914419404,0.0,20.663305914419404,PERFECT
aging-PERFECT,a781d2546489e692d824d9b320280ae01571da1e18a2fcd6b85d70c19192b086,20260908,0.9.2,467,False,59.008695712998446,HYDRAULIC#20,HYDRAULIC,failure,22.008695712998446,22.008695712998446,22.008695712998446,PERFECT
aging-PERFECT,a781d2546489e692d824d9b320280ae01571da1e18a2fcd6b85d70c19192b086,20260908,0.9.2,467,False,59.0487662597268,HYDRAULIC#24,HYDRAULIC,failure,22.048766259726797,22.048766259726797,22.048766259726797,PERFECT
aging-PERFECT,a781d2546489e692d824d9b320280ae01571da1e18a2fcd6b85d70c19192b086,20260908,0.9.2,467,False,60.3043314268959,HYDRAULIC#24,HYDRAULIC,repair,22.048766259726797,0.0,22.048766259726797,PERFECT
aging-PERFECT,a781d2546489e692d824d9b320280ae01571da1e18a2fcd6b85d70c19192b086,20260908,0.9.2,467,False,62.918633818298794,HYDRAULIC#20,HYDRAULIC,repair,22.008695712998446,0.0,22.008695712998446,PERFECT
aging-PERFECT,a781d2546489e692d824d9b320280ae01571da1e18a2fcd6b85d70c19192b086,20260908,0.9.2,468,False,11.50207170159319,HYDRAULIC#8,HYDRAULIC,failure,22.502071701593188,22.502071701593188,22.502071701593188,PERFECT
aging-PERFECT,a781d2546489e692d824d9b320280ae01571da1e18a2fcd6b85d70c19192b086,20260908,0.9.2,468,False,12.32224120711292,HYDRAULIC#8,HYDRAULIC,repair,22.502071701593188,0.0,22.502071701593188,PERFECT
aging-PERFECT,a781d2546489e692d824d9b320280ae01571da1e18a2fcd6b85d70c19192b086,20260908,0.9.2,468,False,57.4320364988701,HYDRAULIC#24,HYDRAULIC,failure,20.432036498870097,20.432036498870097,20.432036498870097,PERFECT
aging-PERFECT,a781d2546489e692d824d9b320280ae01571da1e18a2fcd6b85d70c19192b086,20260908,0.9.2,468,False,58.02986777666528,HYDRAULIC#24,HYDRAULIC,repair,20.432036498870097,0.0,20.432036498870097,PERFECT
aging-PERFECT,a781d2546489e692d824d9b320280ae01571da1e18a2fcd6b85d70c19192b086,20260908,0.9.2,469,False,34.80289944241204,ELECTRICAL#15,ELECTRICAL,failure,21.80289944241204,21.80289944241204,21.80289944241204,PERFECT
aging-PERFECT,a781d2546489e692d824d9b320280ae01571da1e18a2fcd6b85d70c19192b086,20260908,0.9.2,469,False,48.5213093137279,ELECTRICAL#15,ELECTRICAL,repair,21.80289944241204,0.0,21.80289944241204,PERFECT
aging-PERFECT,a781d2546489e692d824d9b320280ae01571da1e18a2fcd6b85d70c19192b086,20260908,0.9.2,471,False,10.091593462377922,AVIONICS#6,AVIONICS,failure,21.091593462377922,21.091593462377922,21.091593462377922,PERFECT
aging-PERFECT,a781d2546489e692d824d9b320280ae01571da1e18a2fcd6b85d70c19192b086,20260908,0.9.2,471,False,14.65947040795939,AVIONICS#6,AVIONICS,repair,21.091593462377922,0.0,21.091593462377922,PERFECT
aging-PERFECT,a781d2546489e692d824d9b320280ae01571da1e18a2fcd6b85d70c19192b086,20260908,0.9.2,472,False,33.30655838341005,AVIONICS#14,AVIONICS,failure,20.30655838341005,20.30655838341005,20.30655838341005,PERFECT
aging-PERFECT,a781d2546489e692d824d9b320280ae01571da1e18a2fcd6b85d70c19192b086,20260908,0.9.2,472,False,33.69311117214691,AVIONICS#14,AVIONICS,repair,20.30655838341005,0.0,20.30655838341005,PERFECT
aging-PERFECT,a781d2546489e692d824d9b320280ae01571da1e18a2fcd6b85d70c19192b086,20260908,0.9.2,474,False,34.16022170877455,ELECTRICAL#15,ELECTRICAL,failure,21.16022170877455,21.16022170877455,21.16022170877455,PERFECT
aging-PERFECT,a781d2546489e692d824d9b320280ae01571da1e18a2fcd6b85d70c19192b086,20260908,0.9.2,474,False,36.17729227512957,ELECTRICAL#15,ELECTRICAL,repair,21.16022170877455,0.0,21.16022170877455,PERFECT
aging-PERFECT,a781d2546489e692d824d9b320280ae01571da1e18a2fcd6b85d70c19192b086,20260908,0.9.2,474,False,57.9782847222485,ELECTRICAL#23,ELECTRICAL,failure,20.978284722248503,20.978284722248503,20.978284722248503,PERFECT
aging-PERFECT,a781d2546489e692d824d9b320280ae01571da1e18a2fcd6b85d70c19192b086,20260908,0.9.2,474,False,59.47552828680354,ELECTRICAL#23,ELECTRICAL,repair,20.978284722248503,0.0,20.978284722248503,PERFECT
aging-PERFECT,a781d2546489e692d824d9b320280ae01571da1e18a2fcd6b85d70c19192b086,20260908,0.9.2,475,False,33.87588579887556,ELECTRICAL#15,ELECTRICAL,failure,20.875885798875558,20.875885798875558,20.875885798875558,PERFECT
aging-PERFECT,a781d2546489e692d824d9b320280ae01571da1e18a2fcd6b85d70c19192b086,20260908,0.9.2,475,False,34.448882615851325,ELECTRICAL#15,ELECTRICAL,repair,20.875885798875558,0.0,20.875885798875558,PERFECT
aging-PERFECT,a781d2546489e692d824d9b320280ae01571da1e18a2fcd6b85d70c19192b086,20260908,0.9.2,475,False,58.55152058180873,ELECTRICAL#19,ELECTRICAL,failure,21.55152058180873,21.55152058180873,21.55152058180873,PERFECT
aging-PERFECT,a781d2546489e692d824d9b320280ae01571da1e18a2fcd6b85d70c19192b086,20260908,0.9.2,475,False,66.45916371828959,ELECTRICAL#19,ELECTRICAL,repair,21.55152058180873,0.0,21.55152058180873,PERFECT
aging-PERFECT,a781d2546489e692d824d9b320280ae01571da1e18a2fcd6b85d70c19192b086,20260908,0.9.2,476,False,9.48358372804028,ELECTRICAL#7,ELECTRICAL,failure,20.48358372804028,20.48358372804028,20.48358372804028,PERFECT
aging-PERFECT,a781d2546489e692d824d9b320280ae01571da1e18a2fcd6b85d70c19192b086,20260908,0.9.2,476,False,20.065714715300686,ELECTRICAL#7,ELECTRICAL,repair,20.48358372804028,0.0,20.48358372804028,PERFECT
aging-PERFECT,a781d2546489e692d824d9b320280ae01571da1e18a2fcd6b85d70c19192b086,20260908,0.9.2,477,False,10.926971506071856,POWERPLANT#5,POWERPLANT,failure,21.926971506071858,21.926971506071858,21.926971506071858,PERFECT
aging-PERFECT,a781d2546489e692d824d9b320280ae01571da1e18a2fcd6b85d70c19192b086,20260908,0.9.2,477,False,13.453629850110104,POWERPLANT#5,POWERPLANT,repair,21.926971506071858,0.0,21.926971506071858,PERFECT
aging-PERFECT,a781d2546489e692d824d9b320280ae01571da1e18a2fcd6b85d70c19192b086,20260908,0.9.2,477,False,59.48834547036033,POWERPLANT#21,POWERPLANT,failure,22.48834547036033,22.48834547036033,22.48834547036033,PERFECT
aging-PERFECT,a781d2546489e692d824d9b320280ae01571da1e18a2fcd6b85d70c19192b086,20260908,0.9.2,477,False,60.28096910592985,POWERPLANT#21,POWERPLANT,repair,22.48834547036033,0.0,22.48834547036033,PERFECT
aging-PERFECT,a781d2546489e692d824d9b320280ae01571da1e18a2fcd6b85d70c19192b086,20260908,0.9.2,478,False,33.354473830964665,AVIONICS#14,AVIONICS,failure,20.354473830964665,20.354473830964665,20.354473830964665,PERFECT
aging-PERFECT,a781d2546489e692d824d9b320280ae01571da1e18a2fcd6b85d70c19192b086,20260908,0.9.2,478,False,34.53119742395937,AVIONICS#14,AVIONICS,repair,20.354473830964665,0.0,20.354473830964665,PERFECT
aging-PERFECT,a781d2546489e692d824d9b320280ae01571da1e18a2fcd6b85d70c19192b086,20260908,0.9.2,478,False,59.376456917499986,POWERPLANT#21,POWERPLANT,failure,22.376456917499986,22.376456917499986,22.376456917499986,PERFECT
aging-PERFECT,a781d2546489e692d824d9b320280ae01571da1e18a2fcd6b85d70c19192b086,20260908,0.9.2,478,False,63.081683068466894,POWERPLANT#21,POWERPLANT,repair,22.376456917499986,0.0,22.376456917499986,PERFECT
aging-PERFECT,a781d2546489e692d824d9b320280ae01571da1e18a2fcd6b85d70c19192b086,20260908,0.9.2,479,False,33.778599557433125,AVIONICS#10,AVIONICS,failure,20.778599557433125,20.778599557433125,20.778599557433125,PERFECT
aging-PERFECT,a781d2546489e692d824d9b320280ae01571da1e18a2fcd6b85d70c19192b086,20260908,0.9.2,479,False,42.80381762977742,AVIONICS#10,AVIONICS,repair,20.778599557433125,0.0,20.778599557433125,PERFECT
aging-PERFECT,a781d2546489e692d824d9b320280ae01571da1e18a2fcd6b85d70c19192b086,20260908,0.9.2,479,False,58.04137628290819,HYDRAULIC#24,HYDRAULIC,failure,21.04137628290819,21.04137628290819,21.04137628290819,PERFECT
aging-PERFECT,a781d2546489e692d824d9b320280ae01571da1e18a2fcd6b85d70c19192b086,20260908,0.9.2,479,False,64.76163951251168,HYDRAULIC#24,HYDRAULIC,repair,21.04137628290819,0.0,21.04137628290819,PERFECT
aging-PERFECT,a781d2546489e692d824d9b320280ae01571da1e18a2fcd6b85d70c19192b086,20260908,0.9.2,481,False,9.56380675538839,HYDRAULIC#4,HYDRAULIC,failure,20.56380675538839,20.56380675538839,20.56380675538839,PERFECT
aging-PERFECT,a781d2546489e692d824d9b320280ae01571da1e18a2fcd6b85d70c19192b086,20260908,0.9.2,481,False,10.81810198202314,HYDRAULIC#4,HYDRAULIC,repair,20.56380675538839,0.0,20.56380675538839,PERFECT
aging-PERFECT,a781d2546489e692d824d9b320280ae01571da1e18a2fcd6b85d70c19192b086,20260908,0.9.2,481,False,33.441566327068315,POWERPLANT#13,POWERPLANT,failure,20.441566327068315,20.441566327068315,20.441566327068315,PERFECT
aging-PERFECT,a781d2546489e692d824d9b320280ae01571da1e18a2fcd6b85d70c19192b086,20260908,0.9.2,481,False,36.20656090947781,POWERPLANT#13,POWERPLANT,repair,20.441566327068315,0.0,20.441566327068315,PERFECT
aging-PERFECT,a781d2546489e692d824d9b320280ae01571da1e18a2fcd6b85d70c19192b086,20260908,0.9.2,481,False,59.70579725363488,POWERPLANT#21,POWERPLANT,failure,22.705797253634877,22.705797253634877,22.705797253634877,PERFECT
aging-PERFECT,a781d2546489e692d824d9b320280ae01571da1e18a2fcd6b85d70c19192b086,20260908,0.9.2,481,False,63.444766078386515,POWERPLANT#21,POWERPLANT,repair,22.705797253634877,0.0,22.705797253634877,PERFECT
aging-PERFECT,a781d2546489e692d824d9b320280ae01571da1e18a2fcd6b85d70c19192b086,20260908,0.9.2,482,False,11.425204312510612,POWERPLANT#1,POWERPLANT,failure,22.425204312510612,22.425204312510612,22.425204312510612,PERFECT
aging-PERFECT,a781d2546489e692d824d9b320280ae01571da1e18a2fcd6b85d70c19192b086,20260908,0.9.2,482,False,14.765974669293577,POWERPLANT#1,POWERPLANT,repair,22.425204312510612,0.0,22.425204312510612,PERFECT
aging-PERFECT,a781d2546489e692d824d9b320280ae01571da1e18a2fcd6b85d70c19192b086,20260908,0.9.2,482,False,57.63606485758101,HYDRAULIC#24,HYDRAULIC,failure,20.63606485758101,20.63606485758101,20.63606485758101,PERFECT
aging-PERFECT,a781d2546489e692d824d9b320280ae01571da1e18a2fcd6b85d70c19192b086,20260908,0.9.2,482,False,58.68520254597347,HYDRAULIC#24,HYDRAULIC,repair,20.63606485758101,0.0,20.63606485758101,PERFECT
aging-PERFECT,a781d2546489e692d824d9b320280ae01571da1e18a2fcd6b85d70c19192b086,20260908,0.9.2,484,False,10.616830336414363,POWERPLANT#1,POWERPLANT,failure,21.616830336414363,21.616830336414363,21.616830336414363,PERFECT
aging-PERFECT,a781d2546489e692d824d9b320280ae01571da1e18a2fcd6b85d70c19192b086,20260908,0.9.2,484,False,12.194249077263805,POWERPLANT#1,POWERPLANT,repair,21.616830336414363,0.0,21.616830336414363,PERFECT
aging-PERFECT,a781d2546489e692d824d9b320280ae01571da1e18a2fcd6b85d70c19192b086,20260908,0.9.2,485,False,10.629027128078182,HYDRAULIC#8,HYDRAULIC,failure,21.62902712807818,21.62902712807818,21.62902712807818,PERFECT
aging-PERFECT,a781d2546489e692d824d9b320280ae01571da1e18a2fcd6b85d70c19192b086,20260908,0.9.2,485,False,17.696693945287155,HYDRAULIC#8,HYDRAULIC,repair,21.62902712807818,0.0,21.62902712807818,PERFECT
aging-PERFECT,a781d2546489e692d824d9b320280ae01571da1e18a2fcd6b85d70c19192b086,20260908,0.9.2,486,False,34.298839556135235,AVIONICS#10,AVIONICS,failure,21.298839556135235,21.298839556135235,21.298839556135235,PERFECT
aging-PERFECT,a781d2546489e692d824d9b320280ae01571da1e18a2fcd6b85d70c19192b086,20260908,0.9.2,486,False,35.28986319773655,AVIONICS#10,AVIONICS,repair,21.298839556135235,0.0,21.298839556135235,PERFECT
aging-PERFECT,a781d2546489e692d824d9b320280ae01571da1e18a2fcd6b85d70c19192b086,20260908,0.9.2,487,False,11.604908790670228,POWERPLANT#5,POWERPLANT,failure,22.60490879067023,22.60490879067023,22.60490879067023,PERFECT
aging-PERFECT,a781d2546489e692d824d9b320280ae01571da1e18a2fcd6b85d70c19192b086,20260908,0.9.2,487,False,16.67453206459043,POWERPLANT#5,POWERPLANT,repair,22.60490879067023,0.0,22.60490879067023,PERFECT
aging-PERFECT,a781d2546489e692d824d9b320280ae01571da1e18a2fcd6b85d70c19192b086,20260908,0.9.2,487,False,34.13086855914087,HYDRAULIC#16,HYDRAULIC,failure,21.130868559140872,21.130868559140872,21.130868559140872,PERFECT
aging-PERFECT,a781d2546489e692d824d9b320280ae01571da1e18a2fcd6b85d70c19192b086,20260908,0.9.2,487,False,35.045704266018625,HYDRAULIC#16,HYDRAULIC,repair,21.130868559140872,0.0,21.130868559140872,PERFECT
aging-PERFECT,a781d2546489e692d824d9b320280ae01571da1e18a2fcd6b85d70c19192b086,20260908,0.9.2,488,False,11.708926256190896,ELECTRICAL#3,ELECTRICAL,failure,22.708926256190896,22.708926256190896,22.708926256190896,PERFECT
aging-PERFECT,a781d2546489e692d824d9b320280ae01571da1e18a2fcd6b85d70c19192b086,20260908,0.9.2,488,False,23.17404794617255,ELECTRICAL#3,ELECTRICAL,repair,22.708926256190896,0.0,22.708926256190896,PERFECT
aging-PERFECT,a781d2546489e692d824d9b320280ae01571da1e18a2fcd6b85d70c19192b086,20260908,0.9.2,488,False,35.33729578406387,ELECTRICAL#15,ELECTRICAL,failure,22.33729578406387,22.33729578406387,22.33729578406387,PERFECT
aging-PERFECT,a781d2546489e692d824d9b320280ae01571da1e18a2fcd6b85d70c19192b086,20260908,0.9.2,488,False,36.323577694958516,ELECTRICAL#15,ELECTRICAL,repair,22.33729578406387,0.0,22.33729578406387,PERFECT
aging-PERFECT,a781d2546489e692d824d9b320280ae01571da1e18a2fcd6b85d70c19192b086,20260908,0.9.2,488,False,59.737658344141124,ELECTRICAL#23,ELECTRICAL,failure,22.737658344141124,22.737658344141124,22.737658344141124,PERFECT
aging-PERFECT,a781d2546489e692d824d9b320280ae01571da1e18a2fcd6b85d70c19192b086,20260908,0.9.2,488,False,60.879529340109926,ELECTRICAL#23,ELECTRICAL,repair,22.737658344141124,0.0,22.737658344141124,PERFECT
aging-PERFECT,a781d2546489e692d824d9b320280ae01571da1e18a2fcd6b85d70c19192b086,20260908,0.9.2,489,False,35.01874052331601,POWERPLANT#13,POWERPLANT,failure,22.018740523316012,22.018740523316012,22.018740523316012,PERFECT
aging-PERFECT,a781d2546489e692d824d9b320280ae01571da1e18a2fcd6b85d70c19192b086,20260908,0.9.2,489,False,37.32743861128118,POWERPLANT#13,POWERPLANT,repair,22.018740523316012,0.0,22.018740523316012,PERFECT
aging-PERFECT,a781d2546489e692d824d9b320280ae01571da1e18a2fcd6b85d70c19192b086,20260908,0.9.2,489,False,58.52155222160208,AVIONICS#22,AVIONICS,failure,21.52155222160208,21.52155222160208,21.52155222160208,PERFECT
aging-PERFECT,a781d2546489e692d824d9b320280ae01571da1e18a2fcd6b85d70c19192b086,20260908,0.9.2,489,False,58.67794850645058,HYDRAULIC#20,HYDRAULIC,failure,21.677948506450583,21.677948506450583,21.677948506450583,PERFECT
aging-PERFECT,a781d2546489e692d824d9b320280ae01571da1e18a2fcd6b85d70c19192b086,20260908,0.9.2,489,False,59.10090828704286,AVIONICS#22,AVIONICS,repair,21.52155222160208,0.0,21.52155222160208,PERFECT
aging-PERFECT,a781d2546489e692d824d9b320280ae01571da1e18a2fcd6b85d70c19192b086,20260908,0.9.2,489,False,60.691497450723034,HYDRAULIC#20,HYDRAULIC,repair,21.677948506450583,0.0,21.677948506450583,PERFECT
aging-PERFECT,a781d2546489e692d824d9b320280ae01571da1e18a2fcd6b85d70c19192b086,20260908,0.9.2,490,False,35.76765852642481,HYDRAULIC#12,HYDRAULIC,failure,22.76765852642481,22.76765852642481,22.76765852642481,PERFECT
aging-PERFECT,a781d2546489e692d824d9b320280ae01571da1e18a2fcd6b85d70c19192b086,20260908,0.9.2,490,False,39.90609559737741,HYDRAULIC#12,HYDRAULIC,repair,22.76765852642481,0.0,22.76765852642481,PERFECT
aging-PERFECT,a781d2546489e692d824d9b320280ae01571da1e18a2fcd6b85d70c19192b086,20260908,0.9.2,490,False,59.20170638707312,ELECTRICAL#19,ELECTRICAL,failure,22.201706387073123,22.201706387073123,22.201706387073123,PERFECT
aging-PERFECT,a781d2546489e692d824d9b320280ae01571da1e18a2fcd6b85d70c19192b086,20260908,0.9.2,490,False,61.8561019032073,ELECTRICAL#19,ELECTRICAL,repair,22.201706387073123,0.0,22.201706387073123,PERFECT
aging-PERFECT,a781d2546489e692d824d9b320280ae01571da1e18a2fcd6b85d70c19192b086,20260908,0.9.2,491,False,33.51925715826539,HYDRAULIC#16,HYDRAULIC,failure,20.51925715826539,20.51925715826539,20.51925715826539,PERFECT
aging-PERFECT,a781d2546489e692d824d9b320280ae01571da1e18a2fcd6b85d70c19192b086,20260908,0.9.2,491,False,33.83318451394667,POWERPLANT#13,POWERPLANT,failure,20.83318451394667,20.83318451394667,20.83318451394667,PERFECT
aging-PERFECT,a781d2546489e692d824d9b320280ae01571da1e18a2fcd6b85d70c19192b086,20260908,0.9.2,491,False,36.444855950028284,HYDRAULIC#16,HYDRAULIC,repair,20.51925715826539,0.0,20.51925715826539,PERFECT
aging-PERFECT,a781d2546489e692d824d9b320280ae01571da1e18a2fcd6b85d70c19192b086,20260908,0.9.2,491,False,38.423880465619256,POWERPLANT#13,POWERPLANT,repair,20.83318451394667,0.0,20.83318451394667,PERFECT
aging-PERFECT,a781d2546489e692d824d9b320280ae01571da1e18a2fcd6b85d70c19192b086,20260908,0.9.2,492,False,35.98170484915121,POWERPLANT#13,POWERPLANT,failure,22.981704849151207,22.981704849151207,22.981704849151207,PERFECT
aging-PERFECT,a781d2546489e692d824d9b320280ae01571da1e18a2fcd6b85d70c19192b086,20260908,0.9.2,492,False,37.95815767271737,POWERPLANT#13,POWERPLANT,repair,22.981704849151207,0.0,22.981704849151207,PERFECT
aging-PERFECT,a781d2546489e692d824d9b320280ae01571da1e18a2fcd6b85d70c19192b086,20260908,0.9.2,492,False,59.11260731520678,POWERPLANT#21,POWERPLANT,failure,22.11260731520678,22.11260731520678,22.11260731520678,PERFECT
aging-PERFECT,a781d2546489e692d824d9b320280ae01571da1e18a2fcd6b85d70c19192b086,20260908,0.9.2,492,False,61.40058511957914,POWERPLANT#21,POWERPLANT,repair,22.11260731520678,0.0,22.11260731520678,PERFECT
aging-PERFECT,a781d2546489e692d824d9b320280ae01571da1e18a2fcd6b85d70c19192b086,20260908,0.9.2,493,False,11.013704257989861,HYDRAULIC#4,HYDRAULIC,failure,22.01370425798986,22.01370425798986,22.01370425798986,PERFECT
aging-PERFECT,a781d2546489e692d824d9b320280ae01571da1e18a2fcd6b85d70c19192b086,20260908,0.9.2,493,False,20.017432398186617,HYDRAULIC#4,HYDRAULIC,repair,22.01370425798986,0.0,22.01370425798986,PERFECT
aging-PERFECT,a781d2546489e692d824d9b320280ae01571da1e18a2fcd6b85d70c19192b086,20260908,0.9.2,493,False,35.07835108777551,ELECTRICAL#15,ELECTRICAL,failure,22.07835108777551,22.07835108777551,22.07835108777551,PERFECT
aging-PERFECT,a781d2546489e692d824d9b320280ae01571da1e18a2fcd6b85d70c19192b086,20260908,0.9.2,493,False,36.587275408919524,ELECTRICAL#15,ELECTRICAL,repair,22.07835108777551,0.0,22.07835108777551,PERFECT
aging-PERFECT,a781d2546489e692d824d9b320280ae01571da1e18a2fcd6b85d70c19192b086,20260908,0.9.2,494,False,57.33893093189837,AVIONICS#18,AVIONICS,failure,20.338930931898368,20.338930931898368,20.338930931898368,PERFECT
aging-PERFECT,a781d2546489e692d824d9b320280ae01571da1e18a2fcd6b85d70c19192b086,20260908,0.9.2,494,False,58.72530602213519,AVIONICS#18,AVIONICS,repair,20.338930931898368,0.0,20.338930931898368,PERFECT
aging-PERFECT,a781d2546489e692d824d9b320280ae01571da1e18a2fcd6b85d70c19192b086,20260908,0.9.2,495,False,10.056180316170746,ELECTRICAL#7,ELECTRICAL,failure,21.056180316170746,21.056180316170746,21.056180316170746,PERFECT
aging-PERFECT,a781d2546489e692d824d9b320280ae01571da1e18a2fcd6b85d70c19192b086,20260908,0.9.2,495,False,11.286163668656789,ELECTRICAL#7,ELECTRICAL,repair,21.056180316170746,0.0,21.056180316170746,PERFECT
aging-PERFECT,a781d2546489e692d824d9b320280ae01571da1e18a2fcd6b85d70c19192b086,20260908,0.9.2,495,False,34.08151896678164,AVIONICS#10,AVIONICS,failure,21.081518966781637,21.081518966781637,21.081518966781637,PERFECT
aging-PERFECT,a781d2546489e692d824d9b320280ae01571da1e18a2fcd6b85d70c19192b086,20260908,0.9.2,495,False,34.496774428859524,POWERPLANT#13,POWERPLANT,failure,21.496774428859524,21.496774428859524,21.496774428859524,PERFECT
aging-PERFECT,a781d2546489e692d824d9b320280ae01571da1e18a2fcd6b85d70c19192b086,20260908,0.9.2,495,False,35.26915450267651,AVIONICS#10,AVIONICS,repair,21.081518966781637,0.0,21.081518966781637,PERFECT
aging-PERFECT,a781d2546489e692d824d9b320280ae01571da1e18a2fcd6b85d70c19192b086,20260908,0.9.2,495,False,35.507539534027536,POWERPLANT#13,POWERPLANT,repair,21.496774428859524,0.0,21.496774428859524,PERFECT
aging-PERFECT,a781d2546489e692d824d9b320280ae01571da1e18a2fcd6b85d70c19192b086,20260908,0.9.2,496,False,11.155035397957603,HYDRAULIC#4,HYDRAULIC,failure,22.155035397957604,22.155035397957604,22.155035397957604,PERFECT
aging-PERFECT,a781d2546489e692d824d9b320280ae01571da1e18a2fcd6b85d70c19192b086,20260908,0.9.2,496,False,11.569045420803558,POWERPLANT#1,POWERPLANT,failure,22.569045420803562,22.569045420803562,22.569045420803562,PERFECT
aging-PERFECT,a781d2546489e692d824d9b320280ae01571da1e18a2fcd6b85d70c19192b086,20260908,0.9.2,496,False,13.248077537971234,HYDRAULIC#4,HYDRAULIC,repair,22.155035397957604,0.0,22.155035397957604,PERFECT
aging-PERFECT,a781d2546489e692d824d9b320280ae01571da1e18a2fcd6b85d70c19192b086,20260908,0.9.2,496,False,19.589423183125064,POWERPLANT#1,POWERPLANT,repair,22.569045420803562,0.0,22.569045420803562,PERFECT
aging-PERFECT,a781d2546489e692d824d9b320280ae01571da1e18a2fcd6b85d70c19192b086,20260908,0.9.2,496,False,34.92044191991231,AVIONICS#10,AVIONICS,failure,21.920441919912307,21.920441919912307,21.920441919912307,PERFECT
aging-PERFECT,a781d2546489e692d824d9b320280ae01571da1e18a2fcd6b85d70c19192b086,20260908,0.9.2,496,False,38.3616439548599,AVIONICS#10,AVIONICS,repair,21.920441919912307,0.0,21.920441919912307,PERFECT
aging-PERFECT,a781d2546489e692d824d9b320280ae01571da1e18a2fcd6b85d70c19192b086,20260908,0.9.2,496,False,59.19718584813418,POWERPLANT#17,POWERPLANT,failure,22.197185848134183,22.197185848134183,22.197185848134183,PERFECT
aging-PERFECT,a781d2546489e692d824d9b320280ae01571da1e18a2fcd6b85d70c19192b086,20260908,0.9.2,496,False,59.20724311397901,HYDRAULIC#20,HYDRAULIC,failure,22.20724311397901,22.20724311397901,22.20724311397901,PERFECT
aging-PERFECT,a781d2546489e692d824d9b320280ae01571da1e18a2fcd6b85d70c19192b086,20260908,0.9.2,496,False,68.3517276157288,POWERPLANT#17,POWERPLANT,repair,22.197185848134183,0.0,22.197185848134183,PERFECT
aging-PERFECT,a781d2546489e692d824d9b320280ae01571da1e18a2fcd6b85d70c19192b086,20260908,0.9.2,496,False,69.56234089672579,HYDRAULIC#20,HYDRAULIC,repair,22.20724311397901,0.0,22.20724311397901,PERFECT
aging-PERFECT,a781d2546489e692d824d9b320280ae01571da1e18a2fcd6b85d70c19192b086,20260908,0.9.2,497,False,10.416729328826797,POWERPLANT#5,POWERPLANT,failure,21.416729328826797,21.416729328826797,21.416729328826797,PERFECT
aging-PERFECT,a781d2546489e692d824d9b320280ae01571da1e18a2fcd6b85d70c19192b086,20260908,0.9.2,497,False,11.419782564331722,POWERPLANT#5,POWERPLANT,repair,21.416729328826797,0.0,21.416729328826797,PERFECT
aging-PERFECT,a781d2546489e692d824d9b320280ae01571da1e18a2fcd6b85d70c19192b086,20260908,0.9.2,498,False,10.011732884985598,HYDRAULIC#4,HYDRAULIC,failure,21.011732884985598,21.011732884985598,21.011732884985598,PERFECT
aging-PERFECT,a781d2546489e692d824d9b320280ae01571da1e18a2fcd6b85d70c19192b086,20260908,0.9.2,498,False,12.606277660401581,HYDRAULIC#4,HYDRAULIC,repair,21.011732884985598,0.0,21.011732884985598,PERFECT
aging-PERFECT,a781d2546489e692d824d9b320280ae01571da1e18a2fcd6b85d70c19192b086,20260908,0.9.2,500,False,58.728235242130516,ELECTRICAL#23,ELECTRICAL,failure,21.728235242130516,21.728235242130516,21.728235242130516,PERFECT
aging-PERFECT,a781d2546489e692d824d9b320280ae01571da1e18a2fcd6b85d70c19192b086,20260908,0.9.2,500,False,59.278476379474064,ELECTRICAL#23,ELECTRICAL,repair,21.728235242130516,0.0,21.728235242130516,PERFECT
aging-PERFECT,a781d2546489e692d824d9b320280ae01571da1e18a2fcd6b85d70c19192b086,20260908,0.9.2,501,False,9.613309488479105,POWERPLANT#1,POWERPLANT,failure,20.613309488479103,20.613309488479103,20.613309488479103,PERFECT
aging-PERFECT,a781d2546489e692d824d9b320280ae01571da1e18a2fcd6b85d70c19192b086,20260908,0.9.2,501,False,17.60047124392002,POWERPLANT#1,POWERPLANT,repair,20.613309488479103,0.0,20.613309488479103,PERFECT
aging-PERFECT,a781d2546489e692d824d9b320280ae01571da1e18a2fcd6b85d70c19192b086,20260908,0.9.2,502,False,35.86648280941556,HYDRAULIC#16,HYDRAULIC,failure,22.866482809415558,22.866482809415558,22.866482809415558,PERFECT
aging-PERFECT,a781d2546489e692d824d9b320280ae01571da1e18a2fcd6b85d70c19192b086,20260908,0.9.2,502,False,37.85553812385259,HYDRAULIC#16,HYDRAULIC,repair,22.866482809415558,0.0,22.866482809415558,PERFECT
aging-PERFECT,a781d2546489e692d824d9b320280ae01571da1e18a2fcd6b85d70c19192b086,20260908,0.9.2,503,False,9.929404207833844,POWERPLANT#5,POWERPLANT,failure,20.929404207833844,20.929404207833844,20.929404207833844,PERFECT
aging-PERFECT,a781d2546489e692d824d9b320280ae01571da1e18a2fcd6b85d70c19192b086,20260908,0.9.2,503,False,12.088881079870804,POWERPLANT#5,POWERPLANT,repair,20.929404207833844,0.0,20.929404207833844,PERFECT
aging-PERFECT,a781d2546489e692d824d9b320280ae01571da1e18a2fcd6b85d70c19192b086,20260908,0.9.2,503,False,57.27114373460801,ELECTRICAL#23,ELECTRICAL,failure,20.27114373460801,20.27114373460801,20.27114373460801,PERFECT
aging-PERFECT,a781d2546489e692d824d9b320280ae01571da1e18a2fcd6b85d70c19192b086,20260908,0.9.2,503,False,60.14817012797588,ELECTRICAL#23,ELECTRICAL,repair,20.27114373460801,0.0,20.27114373460801,PERFECT
aging-PERFECT,a781d2546489e692d824d9b320280ae01571da1e18a2fcd6b85d70c19192b086,20260908,0.9.2,504,False,9.794633156508738,POWERPLANT#5,POWERPLANT,failure,20.794633156508738,20.794633156508738,20.794633156508738,PERFECT
aging-PERFECT,a781d2546489e692d824d9b320280ae01571da1e18a2fcd6b85d70c19192b086,20260908,0.9.2,504,False,11.862337102784878,POWERPLANT#5,POWERPLANT,repair,20.794633156508738,0.0,20.794633156508738,PERFECT
aging-PERFECT,a781d2546489e692d824d9b320280ae01571da1e18a2fcd6b85d70c19192b086,20260908,0.9.2,504,False,33.85724393993834,POWERPLANT#9,POWERPLANT,failure,20.857243939938343,20.857243939938343,20.857243939938343,PERFECT
aging-PERFECT,a781d2546489e692d824d9b320280ae01571da1e18a2fcd6b85d70c19192b086,20260908,0.9.2,504,False,35.26834766076144,POWERPLANT#9,POWERPLANT,repair,20.857243939938343,0.0,20.857243939938343,PERFECT
aging-PERFECT,a781d2546489e692d824d9b320280ae01571da1e18a2fcd6b85d70c19192b086,20260908,0.9.2,505,False,33.62272750017637,HYDRAULIC#16,HYDRAULIC,failure,20.622727500176367,20.622727500176367,20.622727500176367,PERFECT
aging-PERFECT,a781d2546489e692d824d9b320280ae01571da1e18a2fcd6b85d70c19192b086,20260908,0.9.2,505,False,33.66830721622936,AVIONICS#14,AVIONICS,failure,20.66830721622936,20.66830721622936,20.66830721622936,PERFECT
aging-PERFECT,a781d2546489e692d824d9b320280ae01571da1e18a2fcd6b85d70c19192b086,20260908,0.9.2,505,False,37.0744882124178,HYDRAULIC#16,HYDRAULIC,repair,20.622727500176367,0.0,20.622727500176367,PERFECT
aging-PERFECT,a781d2546489e692d824d9b320280ae01571da1e18a2fcd6b85d70c19192b086,20260908,0.9.2,505,False,39.52476594022928,AVIONICS#14,AVIONICS,repair,20.66830721622936,0.0,20.66830721622936,PERFECT
aging-PERFECT,a781d2546489e692d824d9b320280ae01571da1e18a2fcd6b85d70c19192b086,20260908,0.9.2,506,False,11.597463923471846,ELECTRICAL#3,ELECTRICAL,failure,22.597463923471846,22.597463923471846,22.597463923471846,PERFECT
aging-PERFECT,a781d2546489e692d824d9b320280ae01571da1e18a2fcd6b85d70c19192b086,20260908,0.9.2,506,False,13.126748381038006,ELECTRICAL#3,ELECTRICAL,repair,22.597463923471846,0.0,22.597463923471846,PERFECT
aging-PERFECT,a781d2546489e692d824d9b320280ae01571da1e18a2fcd6b85d70c19192b086,20260908,0.9.2,506,False,33.96659201754145,AVIONICS#14,AVIONICS,failure,20.96659201754145,20.96659201754145,20.96659201754145,PERFECT
aging-PERFECT,a781d2546489e692d824d9b320280ae01571da1e18a2fcd6b85d70c19192b086,20260908,0.9.2,506,False,34.54670275059423,AVIONICS#14,AVIONICS,repair,20.96659201754145,0.0,20.96659201754145,PERFECT
aging-PERFECT,a781d2546489e692d824d9b320280ae01571da1e18a2fcd6b85d70c19192b086,20260908,0.9.2,507,False,10.539645346473,HYDRAULIC#4,HYDRAULIC,failure,21.539645346473,21.539645346473,21.539645346473,PERFECT
aging-PERFECT,a781d2546489e692d824d9b320280ae01571da1e18a2fcd6b85d70c19192b086,20260908,0.9.2,507,False,11.186611298855954,HYDRAULIC#4,HYDRAULIC,repair,21.539645346473,0.0,21.539645346473,PERFECT
aging-PERFECT,a781d2546489e692d824d9b320280ae01571da1e18a2fcd6b85d70c19192b086,20260908,0.9.2,507,False,59.74528452138235,POWERPLANT#21,POWERPLANT,failure,22.745284521382352,22.745284521382352,22.745284521382352,PERFECT
aging-PERFECT,a781d2546489e692d824d9b320280ae01571da1e18a2fcd6b85d70c19192b086,20260908,0.9.2,507,False,59.898079862472734,HYDRAULIC#24,HYDRAULIC,failure,22.898079862472734,22.898079862472734,22.898079862472734,PERFECT
aging-PERFECT,a781d2546489e692d824d9b320280ae01571da1e18a2fcd6b85d70c19192b086,20260908,0.9.2,507,False,62.99207997603902,POWERPLANT#21,POWERPLANT,repair,22.745284521382352,0.0,22.745284521382352,PERFECT
aging-PERFECT,a781d2546489e692d824d9b320280ae01571da1e18a2fcd6b85d70c19192b086,20260908,0.9.2,507,False,64.26933275013221,HYDRAULIC#24,HYDRAULIC,repair,22.898079862472734,0.0,22.898079862472734,PERFECT
aging-PERFECT,a781d2546489e692d824d9b320280ae01571da1e18a2fcd6b85d70c19192b086,20260908,0.9.2,508,False,10.973626196868635,ELECTRICAL#7,ELECTRICAL,failure,21.973626196868636,21.973626196868636,21.973626196868636,PERFECT
aging-PERFECT,a781d2546489e692d824d9b320280ae01571da1e18a2fcd6b85d70c19192b086,20260908,0.9.2,508,False,12.312908171856796,ELECTRICAL#7,ELECTRICAL,repair,21.973626196868636,0.0,21.973626196868636,PERFECT
aging-PERFECT,a781d2546489e692d824d9b320280ae01571da1e18a2fcd6b85d70c19192b086,20260908,0.9.2,508,False,35.76748212647541,POWERPLANT#13,POWERPLANT,failure,22.767482126475407,22.767482126475407,22.767482126475407,PERFECT
aging-PERFECT,a781d2546489e692d824d9b320280ae01571da1e18a2fcd6b85d70c19192b086,20260908,0.9.2,508,False,36.31456543140117,POWERPLANT#13,POWERPLANT,repair,22.767482126475407,0.0,22.767482126475407,PERFECT
aging-PERFECT,a781d2546489e692d824d9b320280ae01571da1e18a2fcd6b85d70c19192b086,20260908,0.9.2,509,False,9.467345438061086,ELECTRICAL#7,ELECTRICAL,failure,20.467345438061088,20.467345438061088,20.467345438061088,PERFECT
aging-PERFECT,a781d2546489e692d824d9b320280ae01571da1e18a2fcd6b85d70c19192b086,20260908,0.9.2,509,False,10.36171572618732,ELECTRICAL#7,ELECTRICAL,repair,20.467345438061088,0.0,20.467345438061088,PERFECT
aging-PERFECT,a781d2546489e692d824d9b320280ae01571da1e18a2fcd6b85d70c19192b086,20260908,0.9.2,509,False,35.64079545522939,ELECTRICAL#11,ELECTRICAL,failure,22.640795455229387,22.640795455229387,22.640795455229387,PERFECT
aging-PERFECT,a781d2546489e692d824d9b320280ae01571da1e18a2fcd6b85d70c19192b086,20260908,0.9.2,509,False,36.550076913032065,ELECTRICAL#11,ELECTRICAL,repair,22.640795455229387,0.0,22.640795455229387,PERFECT
aging-PERFECT,a781d2546489e692d824d9b320280ae01571da1e18a2fcd6b85d70c19192b086,20260908,0.9.2,510,False,9.588200896623798,AVIONICS#6,AVIONICS,failure,20.588200896623796,20.588200896623796,20.588200896623796,PERFECT
aging-PERFECT,a781d2546489e692d824d9b320280ae01571da1e18a2fcd6b85d70c19192b086,20260908,0.9.2,510,False,10.367005234475236,AVIONICS#6,AVIONICS,repair,20.588200896623796,0.0,20.588200896623796,PERFECT
aging-PERFECT,a781d2546489e692d824d9b320280ae01571da1e18a2fcd6b85d70c19192b086,20260908,0.9.2,510,False,33.51466783661762,AVIONICS#14,AVIONICS,failure,20.51466783661762,20.51466783661762,20.51466783661762,PERFECT
aging-PERFECT,a781d2546489e692d824d9b320280ae01571da1e18a2fcd6b85d70c19192b086,20260908,0.9.2,510,False,35.04850159823044,AVIONICS#14,AVIONICS,repair,20.51466783661762,0.0,20.51466783661762,PERFECT
aging-PERFECT,a781d2546489e692d824d9b320280ae01571da1e18a2fcd6b85d70c19192b086,20260908,0.9.2,511,False,10.702258913627825,POWERPLANT#1,POWERPLANT,failure,21.702258913627823,21.702258913627823,21.702258913627823,PERFECT
aging-PERFECT,a781d2546489e692d824d9b320280ae01571da1e18a2fcd6b85d70c19192b086,20260908,0.9.2,511,False,11.592117717798313,POWERPLANT#1,POWERPLANT,repair,21.702258913627823,0.0,21.702258913627823,PERFECT
aging-PERFECT,a781d2546489e692d824d9b320280ae01571da1e18a2fcd6b85d70c19192b086,20260908,0.9.2,511,False,58.12643283611591,AVIONICS#18,AVIONICS,failure,21.12643283611591,21.12643283611591,21.12643283611591,PERFECT
aging-PERFECT,a781d2546489e692d824d9b320280ae01571da1e18a2fcd6b85d70c19192b086,20260908,0.9.2,511,False,59.14096374894484,AVIONICS#18,AVIONICS,repair,21.12643283611591,0.0,21.12643283611591,PERFECT
aging-PERFECT,a781d2546489e692d824d9b320280ae01571da1e18a2fcd6b85d70c19192b086,20260908,0.9.2,512,False,10.401881827952108,ELECTRICAL#7,ELECTRICAL,failure,21.40188182795211,21.40188182795211,21.40188182795211,PERFECT
aging-PERFECT,a781d2546489e692d824d9b320280ae01571da1e18a2fcd6b85d70c19192b086,20260908,0.9.2,512,False,13.88823477133445,ELECTRICAL#7,ELECTRICAL,repair,21.40188182795211,0.0,21.40188182795211,PERFECT
aging-PERFECT,a781d2546489e692d824d9b320280ae01571da1e18a2fcd6b85d70c19192b086,20260908,0.9.2,512,False,34.84219991384053,AVIONICS#10,AVIONICS,failure,21.84219991384053,21.84219991384053,21.84219991384053,PERFECT
aging-PERFECT,a781d2546489e692d824d9b320280ae01571da1e18a2fcd6b85d70c19192b086,20260908,0.9.2,512,False,35.556512671123336,AVIONICS#10,AVIONICS,repair,21.84219991384053,0.0,21.84219991384053,PERFECT
aging-PERFECT,a781d2546489e692d824d9b320280ae01571da1e18a2fcd6b85d70c19192b086,20260908,0.9.2,512,False,58.04016948735217,AVIONICS#18,AVIONICS,failure,21.040169487352173,21.040169487352173,21.040169487352173,PERFECT
aging-PERFECT,a781d2546489e692d824d9b320280ae01571da1e18a2fcd6b85d70c19192b086,20260908,0.9.2,512,False,59.025212442348376,AVIONICS#18,AVIONICS,repair,21.040169487352173,0.0,21.040169487352173,PERFECT
aging-PERFECT,a781d2546489e692d824d9b320280ae01571da1e18a2fcd6b85d70c19192b086,20260908,0.9.2,513,False,35.69264571777356,POWERPLANT#13,POWERPLANT,failure,22.69264571777356,22.69264571777356,22.69264571777356,PERFECT
aging-PERFECT,a781d2546489e692d824d9b320280ae01571da1e18a2fcd6b85d70c19192b086,20260908,0.9.2,513,False,35.85117633783869,HYDRAULIC#16,HYDRAULIC,failure,22.851176337838687,22.851176337838687,22.851176337838687,PERFECT
aging-PERFECT,a781d2546489e692d824d9b320280ae01571da1e18a2fcd6b85d70c19192b086,20260908,0.9.2,513,False,39.780295113222955,POWERPLANT#13,POWERPLANT,repair,22.69264571777356,0.0,22.69264571777356,PERFECT
aging-PERFECT,a781d2546489e692d824d9b320280ae01571da1e18a2fcd6b85d70c19192b086,20260908,0.9.2,513,False,41.335273730563195,HYDRAULIC#16,HYDRAULIC,repair,22.851176337838687,0.0,22.851176337838687,PERFECT
aging-PERFECT,a781d2546489e692d824d9b320280ae01571da1e18a2fcd6b85d70c19192b086,20260908,0.9.2,513,False,58.136724930897316,ELECTRICAL#23,ELECTRICAL,failure,21.136724930897316,21.136724930897316,21.136724930897316,PERFECT
aging-PERFECT,a781d2546489e692d824d9b320280ae01571da1e18a2fcd6b85d70c19192b086,20260908,0.9.2,513,False,62.32232386663847,ELECTRICAL#23,ELECTRICAL,repair,21.136724930897316,0.0,21.136724930897316,PERFECT
aging-PERFECT,a781d2546489e692d824d9b320280ae01571da1e18a2fcd6b85d70c19192b086,20260908,0.9.2,514,False,57.198955512374354,HYDRAULIC#20,HYDRAULIC,failure,20.198955512374354,20.198955512374354,20.198955512374354,PERFECT
aging-PERFECT,a781d2546489e692d824d9b320280ae01571da1e18a2fcd6b85d70c19192b086,20260908,0.9.2,514,False,61.417911637682366,HYDRAULIC#20,HYDRAULIC,repair,20.198955512374354,0.0,20.198955512374354,PERFECT
aging-PERFECT,a781d2546489e692d824d9b320280ae01571da1e18a2fcd6b85d70c19192b086,20260908,0.9.2,516,False,10.427533656293514,POWERPLANT#1,POWERPLANT,failure,21.427533656293512,21.427533656293512,21.427533656293512,PERFECT
aging-PERFECT,a781d2546489e692d824d9b320280ae01571da1e18a2fcd6b85d70c19192b086,20260908,0.9.2,516,False,12.031094302969983,POWERPLANT#1,POWERPLANT,repair,21.427533656293512,0.0,21.427533656293512,PERFECT
aging-PERFECT,a781d2546489e692d824d9b320280ae01571da1e18a2fcd6b85d70c19192b086,20260908,0.9.2,517,False,33.89674169342314,ELECTRICAL#11,ELECTRICAL,failure,20.896741693423138,20.896741693423138,20.896741693423138,PERFECT
aging-PERFECT,a781d2546489e692d824d9b320280ae01571da1e18a2fcd6b85d70c19192b086,20260908,0.9.2,517,False,35.394834800791,ELECTRICAL#11,ELECTRICAL,repair,20.896741693423138,0.0,20.896741693423138,PERFECT
aging-PERFECT,a781d2546489e692d824d9b320280ae01571da1e18a2fcd6b85d70c19192b086,20260908,0.9.2,517,False,59.57515631440376,HYDRAULIC#20,HYDRAULIC,failure,22.575156314403763,22.575156314403763,22.575156314403763,PERFECT
aging-PERFECT,a781d2546489e692d824d9b320280ae01571da1e18a2fcd6b85d70c19192b086,20260908,0.9.2,517,False,60.64692051453269,HYDRAULIC#20,HYDRAULIC,repair,22.575156314403763,0.0,22.575156314403763,PERFECT
aging-PERFECT,a781d2546489e692d824d9b320280ae01571da1e18a2fcd6b85d70c19192b086,20260908,0.9.2,518,False,57.93712260297832,POWERPLANT#17,POWERPLANT,failure,20.93712260297832,20.93712260297832,20.93712260297832,PERFECT
aging-PERFECT,a781d2546489e692d824d9b320280ae01571da1e18a2fcd6b85d70c19192b086,20260908,0.9.2,518,False,62.98993968162741,POWERPLANT#17,POWERPLANT,repair,20.93712260297832,0.0,20.93712260297832,PERFECT
aging-PERFECT,a781d2546489e692d824d9b320280ae01571da1e18a2fcd6b85d70c19192b086,20260908,0.9.2,519,False,11.839854102859178,POWERPLANT#5,POWERPLANT,failure,22.839854102859178,22.839854102859178,22.839854102859178,PERFECT
aging-PERFECT,a781d2546489e692d824d9b320280ae01571da1e18a2fcd6b85d70c19192b086,20260908,0.9.2,519,False,14.18574759237529,POWERPLANT#5,POWERPLANT,repair,22.839854102859178,0.0,22.839854102859178,PERFECT
aging-PERFECT,a781d2546489e692d824d9b320280ae01571da1e18a2fcd6b85d70c19192b086,20260908,0.9.2,519,False,35.74185509782207,POWERPLANT#13,POWERPLANT,failure,22.741855097822068,22.741855097822068,22.741855097822068,PERFECT
aging-PERFECT,a781d2546489e692d824d9b320280ae01571da1e18a2fcd6b85d70c19192b086,20260908,0.9.2,519,False,40.23060812664908,POWERPLANT#13,POWERPLANT,repair,22.741855097822068,0.0,22.741855097822068,PERFECT
aging-PERFECT,a781d2546489e692d824d9b320280ae01571da1e18a2fcd6b85d70c19192b086,20260908,0.9.2,519,False,57.08082431918379,HYDRAULIC#24,HYDRAULIC,failure,20.08082431918379,20.08082431918379,20.08082431918379,PERFECT
aging-PERFECT,a781d2546489e692d824d9b320280ae01571da1e18a2fcd6b85d70c19192b086,20260908,0.9.2,519,False,57.58127459722308,HYDRAULIC#24,HYDRAULIC,repair,20.08082431918379,0.0,20.08082431918379,PERFECT
aging-PERFECT,a781d2546489e692d824d9b320280ae01571da1e18a2fcd6b85d70c19192b086,20260908,0.9.2,520,False,9.301880720375197,HYDRAULIC#4,HYDRAULIC,failure,20.301880720375195,20.301880720375195,20.301880720375195,PERFECT
aging-PERFECT,a781d2546489e692d824d9b320280ae01571da1e18a2fcd6b85d70c19192b086,20260908,0.9.2,520,False,9.492291891990131,ELECTRICAL#7,ELECTRICAL,failure,20.49229189199013,20.49229189199013,20.49229189199013,PERFECT
aging-PERFECT,a781d2546489e692d824d9b320280ae01571da1e18a2fcd6b85d70c19192b086,20260908,0.9.2,520,False,10.256501658628562,HYDRAULIC#4,HYDRAULIC,repair,20.301880720375195,0.0,20.301880720375195,PERFECT
aging-PERFECT,a781d2546489e692d824d9b320280ae01571da1e18a2fcd6b85d70c19192b086,20260908,0.9.2,520,False,11.04965588837478,ELECTRICAL#7,ELECTRICAL,repair,20.49229189199013,0.0,20.49229189199013,PERFECT
aging-PERFECT,a781d2546489e692d824d9b320280ae01571da1e18a2fcd6b85d70c19192b086,20260908,0.9.2,521,False,10.355743213358192,ELECTRICAL#3,ELECTRICAL,failure,21.355743213358192,21.355743213358192,21.355743213358192,PERFECT
aging-PERFECT,a781d2546489e692d824d9b320280ae01571da1e18a2fcd6b85d70c19192b086,20260908,0.9.2,521,False,16.476897966993587,ELECTRICAL#3,ELECTRICAL,repair,21.355743213358192,0.0,21.355743213358192,PERFECT
aging-PERFECT,a781d2546489e692d824d9b320280ae01571da1e18a2fcd6b85d70c19192b086,20260908,0.9.2,522,False,33.10455654768235,POWERPLANT#9,POWERPLANT,failure,20.10455654768235,20.10455654768235,20.10455654768235,PERFECT
aging-PERFECT,a781d2546489e692d824d9b320280ae01571da1e18a2fcd6b85d70c19192b086,20260908,0.9.2,522,False,35.66545543500714,POWERPLANT#9,POWERPLANT,repair,20.10455654768235,0.0,20.10455654768235,PERFECT
aging-PERFECT,a781d2546489e692d824d9b320280ae01571da1e18a2fcd6b85d70c19192b086,20260908,0.9.2,522,False,58.72113230983102,HYDRAULIC#24,HYDRAULIC,failure,21.72113230983102,21.72113230983102,21.72113230983102,PERFECT
aging-PERFECT,a781d2546489e692d824d9b320280ae01571da1e18a2fcd6b85d70c19192b086,20260908,0.9.2,522,False,60.47348259608957,HYDRAULIC#24,HYDRAULIC,repair,21.72113230983102,0.0,21.72113230983102,PERFECT
aging-PERFECT,a781d2546489e692d824d9b320280ae01571da1e18a2fcd6b85d70c19192b086,20260908,0.9.2,523,False,33.32703906621949,AVIONICS#10,AVIONICS,failure,20.32703906621949,20.32703906621949,20.32703906621949,PERFECT
aging-PERFECT,a781d2546489e692d824d9b320280ae01571da1e18a2fcd6b85d70c19192b086,20260908,0.9.2,523,False,34.899574285244924,AVIONICS#10,AVIONICS,repair,20.32703906621949,0.0,20.32703906621949,PERFECT
aging-PERFECT,a781d2546489e692d824d9b320280ae01571da1e18a2fcd6b85d70c19192b086,20260908,0.9.2,523,False,57.24606393916489,POWERPLANT#17,POWERPLANT,failure,20.24606393916489,20.24606393916489,20.24606393916489,PERFECT
aging-PERFECT,a781d2546489e692d824d9b320280ae01571da1e18a2fcd6b85d70c19192b086,20260908,0.9.2,523,False,57.51646965709698,POWERPLANT#17,POWERPLANT,repair,20.24606393916489,0.0,20.24606393916489,PERFECT
aging-PERFECT,a781d2546489e692d824d9b320280ae01571da1e18a2fcd6b85d70c19192b086,20260908,0.9.2,524,False,11.070188250706932,POWERPLANT#1,POWERPLANT,failure,22.070188250706934,22.070188250706934,22.070188250706934,PERFECT
aging-PERFECT,a781d2546489e692d824d9b320280ae01571da1e18a2fcd6b85d70c19192b086,20260908,0.9.2,524,False,15.658968568490135,POWERPLANT#1,POWERPLANT,repair,22.070188250706934,0.0,22.070188250706934,PERFECT
aging-PERFECT,a781d2546489e692d824d9b320280ae01571da1e18a2fcd6b85d70c19192b086,20260908,0.9.2,524,False,34.849612322966685,HYDRAULIC#16,HYDRAULIC,failure,21.849612322966685,21.849612322966685,21.849612322966685,PERFECT
aging-PERFECT,a781d2546489e692d824d9b320280ae01571da1e18a2fcd6b85d70c19192b086,20260908,0.9.2,524,False,39.62683053634362,HYDRAULIC#16,HYDRAULIC,repair,21.849612322966685,0.0,21.849612322966685,PERFECT
aging-PERFECT,a781d2546489e692d824d9b320280ae01571da1e18a2fcd6b85d70c19192b086,20260908,0.9.2,525,False,33.74522316207397,POWERPLANT#9,POWERPLANT,failure,20.74522316207397,20.74522316207397,20.74522316207397,PERFECT
aging-PERFECT,a781d2546489e692d824d9b320280ae01571da1e18a2fcd6b85d70c19192b086,20260908,0.9.2,525,False,39.491086237207725,POWERPLANT#9,POWERPLANT,repair,20.74522316207397,0.0,20.74522316207397,PERFECT
aging-PERFECT,a781d2546489e692d824d9b320280ae01571da1e18a2fcd6b85d70c19192b086,20260908,0.9.2,526,False,9.95390135088629,POWERPLANT#1,POWERPLANT,failure,20.95390135088629,20.95390135088629,20.95390135088629,PERFECT
aging-PERFECT,a781d2546489e692d824d9b320280ae01571da1e18a2fcd6b85d70c19192b086,20260908,0.9.2,526,False,11.315388837297938,POWERPLANT#1,POWERPLANT,repair,20.95390135088629,0.0,20.95390135088629,PERFECT
aging-PERFECT,a781d2546489e692d824d9b320280ae01571da1e18a2fcd6b85d70c19192b086,20260908,0.9.2,526,False,58.105625199389294,POWERPLANT#21,POWERPLANT,failure,21.105625199389294,21.105625199389294,21.105625199389294,PERFECT
aging-PERFECT,a781d2546489e692d824d9b320280ae01571da1e18a2fcd6b85d70c19192b086,20260908,0.9.2,526,False,60.27573877234956,POWERPLANT#21,POWERPLANT,repair,21.105625199389294,0.0,21.105625199389294,PERFECT
aging-PERFECT,a781d2546489e692d824d9b320280ae01571da1e18a2fcd6b85d70c19192b086,20260908,0.9.2,527,False,34.945062607008964,AVIONICS#14,AVIONICS,failure,21.945062607008964,21.945062607008964,21.945062607008964,PERFECT
aging-PERFECT,a781d2546489e692d824d9b320280ae01571da1e18a2fcd6b85d70c19192b086,20260908,0.9.2,527,False,35.517610511165735,AVIONICS#14,AVIONICS,repair,21.945062607008964,0.0,21.945062607008964,PERFECT
aging-PERFECT,a781d2546489e692d824d9b320280ae01571da1e18a2fcd6b85d70c19192b086,20260908,0.9.2,527,False,59.4606690568547,ELECTRICAL#19,ELECTRICAL,failure,22.460669056854698,22.460669056854698,22.460669056854698,PERFECT
aging-PERFECT,a781d2546489e692d824d9b320280ae01571da1e18a2fcd6b85d70c19192b086,20260908,0.9.2,527,False,62.533736146511906,ELECTRICAL#19,ELECTRICAL,repair,22.460669056854698,0.0,22.460669056854698,PERFECT
aging-PERFECT,a781d2546489e692d824d9b320280ae01571da1e18a2fcd6b85d70c19192b086,20260908,0.9.2,529,False,57.24451366879556,ELECTRICAL#19,ELECTRICAL,failure,20.244513668795562,20.244513668795562,20.244513668795562,PERFECT
aging-PERFECT,a781d2546489e692d824d9b320280ae01571da1e18a2fcd6b85d70c19192b086,20260908,0.9.2,529,False,64.70063285937522,ELECTRICAL#19,ELECTRICAL,repair,20.244513668795562,0.0,20.244513668795562,PERFECT
aging-PERFECT,a781d2546489e692d824d9b320280ae01571da1e18a2fcd6b85d70c19192b086,20260908,0.9.2,530,False,33.92100651755717,ELECTRICAL#15,ELECTRICAL,failure,20.921006517557167,20.921006517557167,20.921006517557167,PERFECT
aging-PERFECT,a781d2546489e692d824d9b320280ae01571da1e18a2fcd6b85d70c19192b086,20260908,0.9.2,530,False,34.645406102544634,ELECTRICAL#15,ELECTRICAL,repair,20.921006517557167,0.0,20.921006517557167,PERFECT
aging-PERFECT,a781d2546489e692d824d9b320280ae01571da1e18a2fcd6b85d70c19192b086,20260908,0.9.2,531,False,33.14060059416414,ELECTRICAL#15,ELECTRICAL,failure,20.14060059416414,20.14060059416414,20.14060059416414,PERFECT
aging-PERFECT,a781d2546489e692d824d9b320280ae01571da1e18a2fcd6b85d70c19192b086,20260908,0.9.2,531,False,34.56595497361516,ELECTRICAL#15,ELECTRICAL,repair,20.14060059416414,0.0,20.14060059416414,PERFECT
aging-PERFECT,a781d2546489e692d824d9b320280ae01571da1e18a2fcd6b85d70c19192b086,20260908,0.9.2,532,False,9.019107668130133,AVIONICS#6,AVIONICS,failure,20.019107668130133,20.019107668130133,20.019107668130133,PERFECT
aging-PERFECT,a781d2546489e692d824d9b320280ae01571da1e18a2fcd6b85d70c19192b086,20260908,0.9.2,532,False,9.591261261795848,AVIONICS#6,AVIONICS,repair,20.019107668130133,0.0,20.019107668130133,PERFECT
aging-PERFECT,a781d2546489e692d824d9b320280ae01571da1e18a2fcd6b85d70c19192b086,20260908,0.9.2,533,False,9.003355172503413,POWERPLANT#1,POWERPLANT,failure,20.00335517250341,20.00335517250341,20.00335517250341,PERFECT
aging-PERFECT,a781d2546489e692d824d9b320280ae01571da1e18a2fcd6b85d70c19192b086,20260908,0.9.2,533,False,9.010746091921089,POWERPLANT#1,POWERPLANT,repair,20.00335517250341,0.0,20.00335517250341,PERFECT
aging-PERFECT,a781d2546489e692d824d9b320280ae01571da1e18a2fcd6b85d70c19192b086,20260908,0.9.2,535,False,9.553430783811441,AVIONICS#2,AVIONICS,failure,20.553430783811443,20.553430783811443,20.553430783811443,PERFECT
aging-PERFECT,a781d2546489e692d824d9b320280ae01571da1e18a2fcd6b85d70c19192b086,20260908,0.9.2,535,False,10.753365615131107,AVIONICS#2,AVIONICS,repair,20.553430783811443,0.0,20.553430783811443,PERFECT
aging-PERFECT,a781d2546489e692d824d9b320280ae01571da1e18a2fcd6b85d70c19192b086,20260908,0.9.2,535,False,33.44161477630899,AVIONICS#14,AVIONICS,failure,20.441614776308988,20.441614776308988,20.441614776308988,PERFECT
aging-PERFECT,a781d2546489e692d824d9b320280ae01571da1e18a2fcd6b85d70c19192b086,20260908,0.9.2,535,False,33.64186627564321,HYDRAULIC#16,HYDRAULIC,failure,20.64186627564321,20.64186627564321,20.64186627564321,PERFECT
aging-PERFECT,a781d2546489e692d824d9b320280ae01571da1e18a2fcd6b85d70c19192b086,20260908,0.9.2,535,False,35.4826174115165,AVIONICS#14,AVIONICS,repair,20.441614776308988,0.0,20.441614776308988,PERFECT
aging-PERFECT,a781d2546489e692d824d9b320280ae01571da1e18a2fcd6b85d70c19192b086,20260908,0.9.2,535,False,38.551752423409035,HYDRAULIC#16,HYDRAULIC,repair,20.64186627564321,0.0,20.64186627564321,PERFECT
aging-PERFECT,a781d2546489e692d824d9b320280ae01571da1e18a2fcd6b85d70c19192b086,20260908,0.9.2,537,False,9.79801068637441,ELECTRICAL#7,ELECTRICAL,failure,20.79801068637441,20.79801068637441,20.79801068637441,PERFECT
aging-PERFECT,a781d2546489e692d824d9b320280ae01571da1e18a2fcd6b85d70c19192b086,20260908,0.9.2,537,False,10.18008978820255,AVIONICS#2,AVIONICS,failure,21.18008978820255,21.18008978820255,21.18008978820255,PERFECT
aging-PERFECT,a781d2546489e692d824d9b320280ae01571da1e18a2fcd6b85d70c19192b086,20260908,0.9.2,537,False,12.255431228111478,AVIONICS#2,AVIONICS,repair,21.18008978820255,0.0,21.18008978820255,PERFECT
aging-PERFECT,a781d2546489e692d824d9b320280ae01571da1e18a2fcd6b85d70c19192b086,20260908,0.9.2,537,False,12.336235544050425,ELECTRICAL#7,ELECTRICAL,repair,20.79801068637441,0.0,20.79801068637441,PERFECT
aging-PERFECT,a781d2546489e692d824d9b320280ae01571da1e18a2fcd6b85d70c19192b086,20260908,0.9.2,537,False,58.72682990749942,POWERPLANT#17,POWERPLANT,failure,21.726829907499422,21.726829907499422,21.726829907499422,PERFECT
aging-PERFECT,a781d2546489e692d824d9b320280ae01571da1e18a2fcd6b85d70c19192b086,20260908,0.9.2,537,False,59.86470966262796,POWERPLANT#17,POWERPLANT,repair,21.726829907499422,0.0,21.726829907499422,PERFECT
aging-PERFECT,a781d2546489e692d824d9b320280ae01571da1e18a2fcd6b85d70c19192b086,20260908,0.9.2,539,False,9.564736788647107,ELECTRICAL#3,ELECTRICAL,failure,20.564736788647107,20.564736788647107,20.564736788647107,PERFECT
aging-PERFECT,a781d2546489e692d824d9b320280ae01571da1e18a2fcd6b85d70c19192b086,20260908,0.9.2,539,False,11.802988916756778,ELECTRICAL#3,ELECTRICAL,repair,20.564736788647107,0.0,20.564736788647107,PERFECT
aging-PERFECT,a781d2546489e692d824d9b320280ae01571da1e18a2fcd6b85d70c19192b086,20260908,0.9.2,539,False,35.798030100641974,HYDRAULIC#16,HYDRAULIC,failure,22.798030100641974,22.798030100641974,22.798030100641974,PERFECT
aging-PERFECT,a781d2546489e692d824d9b320280ae01571da1e18a2fcd6b85d70c19192b086,20260908,0.9.2,539,False,36.103508930547676,HYDRAULIC#16,HYDRAULIC,repair,22.798030100641974,0.0,22.798030100641974,PERFECT
aging-PERFECT,a781d2546489e692d824d9b320280ae01571da1e18a2fcd6b85d70c19192b086,20260908,0.9.2,539,False,58.63115688535014,ELECTRICAL#23,ELECTRICAL,failure,21.631156885350137,21.631156885350137,21.631156885350137,PERFECT
aging-PERFECT,a781d2546489e692d824d9b320280ae01571da1e18a2fcd6b85d70c19192b086,20260908,0.9.2,539,False,59.77128006509684,ELECTRICAL#23,ELECTRICAL,repair,21.631156885350137,0.0,21.631156885350137,PERFECT
aging-PERFECT,a781d2546489e692d824d9b320280ae01571da1e18a2fcd6b85d70c19192b086,20260908,0.9.2,540,False,11.795428881363991,AVIONICS#2,AVIONICS,failure,22.79542888136399,22.79542888136399,22.79542888136399,PERFECT
aging-PERFECT,a781d2546489e692d824d9b320280ae01571da1e18a2fcd6b85d70c19192b086,20260908,0.9.2,540,False,17.735472555116797,AVIONICS#2,AVIONICS,repair,22.79542888136399,0.0,22.79542888136399,PERFECT
aging-PERFECT,a781d2546489e692d824d9b320280ae01571da1e18a2fcd6b85d70c19192b086,20260908,0.9.2,541,False,11.701352405741606,AVIONICS#2,AVIONICS,failure,22.701352405741606,22.701352405741606,22.701352405741606,PERFECT
aging-PERFECT,a781d2546489e692d824d9b320280ae01571da1e18a2fcd6b85d70c19192b086,20260908,0.9.2,541,False,14.174976321715487,AVIONICS#2,AVIONICS,repair,22.701352405741606,0.0,22.701352405741606,PERFECT
aging-PERFECT,a781d2546489e692d824d9b320280ae01571da1e18a2fcd6b85d70c19192b086,20260908,0.9.2,542,False,11.431904838240698,ELECTRICAL#7,ELECTRICAL,failure,22.431904838240698,22.431904838240698,22.431904838240698,PERFECT
aging-PERFECT,a781d2546489e692d824d9b320280ae01571da1e18a2fcd6b85d70c19192b086,20260908,0.9.2,542,False,12.031205397850318,ELECTRICAL#7,ELECTRICAL,repair,22.431904838240698,0.0,22.431904838240698,PERFECT
aging-PERFECT,a781d2546489e692d824d9b320280ae01571da1e18a2fcd6b85d70c19192b086,20260908,0.9.2,542,False,33.031009045929,AVIONICS#14,AVIONICS,failure,20.031009045928997,20.031009045928997,20.031009045928997,PERFECT
aging-PERFECT,a781d2546489e692d824d9b320280ae01571da1e18a2fcd6b85d70c19192b086,20260908,0.9.2,542,False,34.97381390524388,AVIONICS#14,AVIONICS,repair,20.031009045928997,0.0,20.031009045928997,PERFECT
aging-PERFECT,a781d2546489e692d824d9b320280ae01571da1e18a2fcd6b85d70c19192b086,20260908,0.9.2,543,False,10.460334460702727,POWERPLANT#1,POWERPLANT,failure,21.460334460702725,21.460334460702725,21.460334460702725,PERFECT
aging-PERFECT,a781d2546489e692d824d9b320280ae01571da1e18a2fcd6b85d70c19192b086,20260908,0.9.2,543,False,12.815714597466773,POWERPLANT#1,POWERPLANT,repair,21.460334460702725,0.0,21.460334460702725,PERFECT
aging-PERFECT,a781d2546489e692d824d9b320280ae01571da1e18a2fcd6b85d70c19192b086,20260908,0.9.2,543,False,33.062391120799916,AVIONICS#14,AVIONICS,failure,20.062391120799916,20.062391120799916,20.062391120799916,PERFECT
aging-PERFECT,a781d2546489e692d824d9b320280ae01571da1e18a2fcd6b85d70c19192b086,20260908,0.9.2,543,False,34.822969992420475,AVIONICS#14,AVIONICS,repair,20.062391120799916,0.0,20.062391120799916,PERFECT
aging-PERFECT,a781d2546489e692d824d9b320280ae01571da1e18a2fcd6b85d70c19192b086,20260908,0.9.2,544,False,9.139338186051168,HYDRAULIC#4,HYDRAULIC,failure,20.13933818605117,20.13933818605117,20.13933818605117,PERFECT
aging-PERFECT,a781d2546489e692d824d9b320280ae01571da1e18a2fcd6b85d70c19192b086,20260908,0.9.2,544,False,11.633153983950061,HYDRAULIC#4,HYDRAULIC,repair,20.13933818605117,0.0,20.13933818605117,PERFECT
aging-PERFECT,a781d2546489e692d824d9b320280ae01571da1e18a2fcd6b85d70c19192b086,20260908,0.9.2,545,False,59.53210833214091,POWERPLANT#21,POWERPLANT,failure,22.532108332140908,22.532108332140908,22.532108332140908,PERFECT
aging-PERFECT,a781d2546489e692d824d9b320280ae01571da1e18a2fcd6b85d70c19192b086,20260908,0.9.2,545,False,63.211779208778744,POWERPLANT#21,POWERPLANT,repair,22.532108332140908,0.0,22.532108332140908,PERFECT
aging-PERFECT,a781d2546489e692d824d9b320280ae01571da1e18a2fcd6b85d70c19192b086,20260908,0.9.2,546,False,9.76242860548866,AVIONICS#2,AVIONICS,failure,20.762428605488658,20.762428605488658,20.762428605488658,PERFECT
aging-PERFECT,a781d2546489e692d824d9b320280ae01571da1e18a2fcd6b85d70c19192b086,20260908,0.9.2,546,False,19.85662233831423,AVIONICS#2,AVIONICS,repair,20.762428605488658,0.0,20.762428605488658,PERFECT
aging-PERFECT,a781d2546489e692d824d9b320280ae01571da1e18a2fcd6b85d70c19192b086,20260908,0.9.2,547,False,10.483127026204604,ELECTRICAL#7,ELECTRICAL,failure,21.483127026204606,21.483127026204606,21.483127026204606,PERFECT
aging-PERFECT,a781d2546489e692d824d9b320280ae01571da1e18a2fcd6b85d70c19192b086,20260908,0.9.2,547,False,14.174960036479701,ELECTRICAL#7,ELECTRICAL,repair,21.483127026204606,0.0,21.483127026204606,PERFECT
aging-PERFECT,a781d2546489e692d824d9b320280ae01571da1e18a2fcd6b85d70c19192b086,20260908,0.9.2,548,False,58.067586455870185,POWERPLANT#17,POWERPLANT,failure,21.067586455870185,21.067586455870185,21.067586455870185,PERFECT
aging-PERFECT,a781d2546489e692d824d9b320280ae01571da1e18a2fcd6b85d70c19192b086,20260908,0.9.2,548,False,60.27727985993991,POWERPLANT#17,POWERPLANT,repair,21.067586455870185,0.0,21.067586455870185,PERFECT
aging-PERFECT,a781d2546489e692d824d9b320280ae01571da1e18a2fcd6b85d70c19192b086,20260908,0.9.2,549,False,33.76555302800808,HYDRAULIC#12,HYDRAULIC,failure,20.76555302800808,20.76555302800808,20.76555302800808,PERFECT
aging-PERFECT,a781d2546489e692d824d9b320280ae01571da1e18a2fcd6b85d70c19192b086,20260908,0.9.2,549,False,41.52628378389707,HYDRAULIC#12,HYDRAULIC,repair,20.76555302800808,0.0,20.76555302800808,PERFECT
aging-PERFECT,a781d2546489e692d824d9b320280ae01571da1e18a2fcd6b85d70c19192b086,20260908,0.9.2,551,False,9.499212849988417,ELECTRICAL#7,ELECTRICAL,failure,20.499212849988417,20.499212849988417,20.499212849988417,PERFECT
aging-PERFECT,a781d2546489e692d824d9b320280ae01571da1e18a2fcd6b85d70c19192b086,20260908,0.9.2,551,False,12.143210253051038,ELECTRICAL#7,ELECTRICAL,repair,20.499212849988417,0.0,20.499212849988417,PERFECT
aging-PERFECT,a781d2546489e692d824d9b320280ae01571da1e18a2fcd6b85d70c19192b086,20260908,0.9.2,552,False,58.24943006065966,AVIONICS#22,AVIONICS,failure,21.249430060659662,21.249430060659662,21.249430060659662,PERFECT
aging-PERFECT,a781d2546489e692d824d9b320280ae01571da1e18a2fcd6b85d70c19192b086,20260908,0.9.2,552,False,59.81465771110128,AVIONICS#22,AVIONICS,repair,21.249430060659662,0.0,21.249430060659662,PERFECT
aging-PERFECT,a781d2546489e692d824d9b320280ae01571da1e18a2fcd6b85d70c19192b086,20260908,0.9.2,554,False,11.993980683790006,HYDRAULIC#8,HYDRAULIC,failure,22.993980683790006,22.993980683790006,22.993980683790006,PERFECT
aging-PERFECT,a781d2546489e692d824d9b320280ae01571da1e18a2fcd6b85d70c19192b086,20260908,0.9.2,554,False,13.636258743823994,HYDRAULIC#8,HYDRAULIC,repair,22.993980683790006,0.0,22.993980683790006,PERFECT
aging-PERFECT,a781d2546489e692d824d9b320280ae01571da1e18a2fcd6b85d70c19192b086,20260908,0.9.2,555,False,10.511939154927521,HYDRAULIC#4,HYDRAULIC,failure,21.51193915492752,21.51193915492752,21.51193915492752,PERFECT
aging-PERFECT,a781d2546489e692d824d9b320280ae01571da1e18a2fcd6b85d70c19192b086,20260908,0.9.2,555,False,11.980427767129845,HYDRAULIC#4,HYDRAULIC,repair,21.51193915492752,0.0,21.51193915492752,PERFECT
aging-PERFECT,a781d2546489e692d824d9b320280ae01571da1e18a2fcd6b85d70c19192b086,20260908,0.9.2,555,False,34.522851609262275,ELECTRICAL#15,ELECTRICAL,failure,21.522851609262275,21.522851609262275,21.522851609262275,PERFECT
aging-PERFECT,a781d2546489e692d824d9b320280ae01571da1e18a2fcd6b85d70c19192b086,20260908,0.9.2,555,False,34.62504789824911,AVIONICS#10,AVIONICS,failure,21.625047898249107,21.625047898249107,21.625047898249107,PERFECT
aging-PERFECT,a781d2546489e692d824d9b320280ae01571da1e18a2fcd6b85d70c19192b086,20260908,0.9.2,555,False,35.49172664146986,ELECTRICAL#15,ELECTRICAL,repair,21.522851609262275,0.0,21.522851609262275,PERFECT
aging-PERFECT,a781d2546489e692d824d9b320280ae01571da1e18a2fcd6b85d70c19192b086,20260908,0.9.2,555,False,39.95227062554485,AVIONICS#10,AVIONICS,repair,21.625047898249107,0.0,21.625047898249107,PERFECT
aging-PERFECT,a781d2546489e692d824d9b320280ae01571da1e18a2fcd6b85d70c19192b086,20260908,0.9.2,556,False,33.57035823125362,HYDRAULIC#12,HYDRAULIC,failure,20.57035823125362,20.57035823125362,20.57035823125362,PERFECT
aging-PERFECT,a781d2546489e692d824d9b320280ae01571da1e18a2fcd6b85d70c19192b086,20260908,0.9.2,556,False,35.69405366405796,HYDRAULIC#12,HYDRAULIC,repair,20.57035823125362,0.0,20.57035823125362,PERFECT
aging-PERFECT,a781d2546489e692d824d9b320280ae01571da1e18a2fcd6b85d70c19192b086,20260908,0.9.2,557,False,10.66383946258627,AVIONICS#2,AVIONICS,failure,21.663839462586267,21.663839462586267,21.663839462586267,PERFECT
aging-PERFECT,a781d2546489e692d824d9b320280ae01571da1e18a2fcd6b85d70c19192b086,20260908,0.9.2,557,False,14.269280627381349,AVIONICS#2,AVIONICS,repair,21.663839462586267,0.0,21.663839462586267,PERFECT
aging-PERFECT,a781d2546489e692d824d9b320280ae01571da1e18a2fcd6b85d70c19192b086,20260908,0.9.2,558,False,10.148166430639941,AVIONICS#6,AVIONICS,failure,21.14816643063994,21.14816643063994,21.14816643063994,PERFECT
aging-PERFECT,a781d2546489e692d824d9b320280ae01571da1e18a2fcd6b85d70c19192b086,20260908,0.9.2,558,False,13.076438918031474,AVIONICS#6,AVIONICS,repair,21.14816643063994,0.0,21.14816643063994,PERFECT
aging-PERFECT,a781d2546489e692d824d9b320280ae01571da1e18a2fcd6b85d70c19192b086,20260908,0.9.2,558,False,58.552386805013526,AVIONICS#18,AVIONICS,failure,21.552386805013526,21.552386805013526,21.552386805013526,PERFECT
aging-PERFECT,a781d2546489e692d824d9b320280ae01571da1e18a2fcd6b85d70c19192b086,20260908,0.9.2,558,False,67.55066380506086,AVIONICS#18,AVIONICS,repair,21.552386805013526,0.0,21.552386805013526,PERFECT
aging-PERFECT,a781d2546489e692d824d9b320280ae01571da1e18a2fcd6b85d70c19192b086,20260908,0.9.2,559,False,9.487666347075566,POWERPLANT#5,POWERPLANT,failure,20.487666347075567,20.487666347075567,20.487666347075567,PERFECT
aging-PERFECT,a781d2546489e692d824d9b320280ae01571da1e18a2fcd6b85d70c19192b086,20260908,0.9.2,559,False,11.58658682704521,POWERPLANT#5,POWERPLANT,repair,20.487666347075567,0.0,20.487666347075567,PERFECT
aging-PERFECT,a781d2546489e692d824d9b320280ae01571da1e18a2fcd6b85d70c19192b086,20260908,0.9.2,560,False,57.48061768140816,AVIONICS#22,AVIONICS,failure,20.480617681408162,20.480617681408162,20.480617681408162,PERFECT
aging-PERFECT,a781d2546489e692d824d9b320280ae01571da1e18a2fcd6b85d70c19192b086,20260908,0.9.2,560,False,58.07771659426671,AVIONICS#22,AVIONICS,repair,20.480617681408162,0.0,20.480617681408162,PERFECT
aging-PERFECT,a781d2546489e692d824d9b320280ae01571da1e18a2fcd6b85d70c19192b086,20260908,0.9.2,562,False,33.10248743808417,AVIONICS#10,AVIONICS,failure,20.102487438084168,20.102487438084168,20.102487438084168,PERFECT
aging-PERFECT,a781d2546489e692d824d9b320280ae01571da1e18a2fcd6b85d70c19192b086,20260908,0.9.2,562,False,34.832704649811966,AVIONICS#10,AVIONICS,repair,20.102487438084168,0.0,20.102487438084168,PERFECT
aging-PERFECT,a781d2546489e692d824d9b320280ae01571da1e18a2fcd6b85d70c19192b086,20260908,0.9.2,562,False,59.17704032878039,POWERPLANT#17,POWERPLANT,failure,22.177040328780393,22.177040328780393,22.177040328780393,PERFECT
aging-PERFECT,a781d2546489e692d824d9b320280ae01571da1e18a2fcd6b85d70c19192b086,20260908,0.9.2,562,False,59.93073406634557,POWERPLANT#17,POWERPLANT,repair,22.177040328780393,0.0,22.177040328780393,PERFECT
aging-PERFECT,a781d2546489e692d824d9b320280ae01571da1e18a2fcd6b85d70c19192b086,20260908,0.9.2,563,False,34.17038229582303,ELECTRICAL#11,ELECTRICAL,failure,21.170382295823032,21.170382295823032,21.170382295823032,PERFECT
aging-PERFECT,a781d2546489e692d824d9b320280ae01571da1e18a2fcd6b85d70c19192b086,20260908,0.9.2,563,False,37.50810393568535,ELECTRICAL#11,ELECTRICAL,repair,21.170382295823032,0.0,21.170382295823032,PERFECT
aging-PERFECT,a781d2546489e692d824d9b320280ae01571da1e18a2fcd6b85d70c19192b086,20260908,0.9.2,565,False,34.423357632324425,POWERPLANT#13,POWERPLANT,failure,21.423357632324425,21.423357632324425,21.423357632324425,PERFECT
aging-PERFECT,a781d2546489e692d824d9b320280ae01571da1e18a2fcd6b85d70c19192b086,20260908,0.9.2,565,False,34.97638595848482,POWERPLANT#13,POWERPLANT,repair,21.423357632324425,0.0,21.423357632324425,PERFECT
aging-PERFECT,a781d2546489e692d824d9b320280ae01571da1e18a2fcd6b85d70c19192b086,20260908,0.9.2,565,False,59.8613478091535,HYDRAULIC#20,HYDRAULIC,failure,22.8613478091535,22.8613478091535,22.8613478091535,PERFECT
aging-PERFECT,a781d2546489e692d824d9b320280ae01571da1e18a2fcd6b85d70c19192b086,20260908,0.9.2,565,False,60.17348262289934,HYDRAULIC#20,HYDRAULIC,repair,22.8613478091535,0.0,22.8613478091535,PERFECT
aging-PERFECT,a781d2546489e692d824d9b320280ae01571da1e18a2fcd6b85d70c19192b086,20260908,0.9.2,566,False,57.52211772051691,AVIONICS#22,AVIONICS,failure,20.52211772051691,20.52211772051691,20.52211772051691,PERFECT
aging-PERFECT,a781d2546489e692d824d9b320280ae01571da1e18a2fcd6b85d70c19192b086,20260908,0.9.2,566,False,57.69885889058849,ELECTRICAL#19,ELECTRICAL,failure,20.69885889058849,20.69885889058849,20.69885889058849,PERFECT
aging-PERFECT,a781d2546489e692d824d9b320280ae01571da1e18a2fcd6b85d70c19192b086,20260908,0.9.2,566,False,60.503656536381826,AVIONICS#22,AVIONICS,repair,20.52211772051691,0.0,20.52211772051691,PERFECT
aging-PERFECT,a781d2546489e692d824d9b320280ae01571da1e18a2fcd6b85d70c19192b086,20260908,0.9.2,566,False,60.65639253080984,ELECTRICAL#19,ELECTRICAL,repair,20.69885889058849,0.0,20.69885889058849,PERFECT
aging-PERFECT,a781d2546489e692d824d9b320280ae01571da1e18a2fcd6b85d70c19192b086,20260908,0.9.2,567,False,9.080360214381567,ELECTRICAL#3,ELECTRICAL,failure,20.080360214381567,20.080360214381567,20.080360214381567,PERFECT
aging-PERFECT,a781d2546489e692d824d9b320280ae01571da1e18a2fcd6b85d70c19192b086,20260908,0.9.2,567,False,10.340776466798623,ELECTRICAL#3,ELECTRICAL,repair,20.080360214381567,0.0,20.080360214381567,PERFECT
aging-PERFECT,a781d2546489e692d824d9b320280ae01571da1e18a2fcd6b85d70c19192b086,20260908,0.9.2,567,False,58.95881491496898,ELECTRICAL#23,ELECTRICAL,failure,21.958814914968983,21.958814914968983,21.958814914968983,PERFECT
aging-PERFECT,a781d2546489e692d824d9b320280ae01571da1e18a2fcd6b85d70c19192b086,20260908,0.9.2,567,False,59.595972882620806,ELECTRICAL#23,ELECTRICAL,repair,21.958814914968983,0.0,21.958814914968983,PERFECT
aging-PERFECT,a781d2546489e692d824d9b320280ae01571da1e18a2fcd6b85d70c19192b086,20260908,0.9.2,568,False,58.62019912737083,HYDRAULIC#24,HYDRAULIC,failure,21.62019912737083,21.62019912737083,21.62019912737083,PERFECT
aging-PERFECT,a781d2546489e692d824d9b320280ae01571da1e18a2fcd6b85d70c19192b086,20260908,0.9.2,568,False,61.47901920024411,HYDRAULIC#24,HYDRAULIC,repair,21.62019912737083,0.0,21.62019912737083,PERFECT
aging-PERFECT,a781d2546489e692d824d9b320280ae01571da1e18a2fcd6b85d70c19192b086,20260908,0.9.2,570,False,34.91525569733696,HYDRAULIC#12,HYDRAULIC,failure,21.91525569733696,21.91525569733696,21.91525569733696,PERFECT
aging-PERFECT,a781d2546489e692d824d9b320280ae01571da1e18a2fcd6b85d70c19192b086,20260908,0.9.2,570,False,36.360783101663806,HYDRAULIC#12,HYDRAULIC,repair,21.91525569733696,0.0,21.91525569733696,PERFECT
aging-PERFECT,a781d2546489e692d824d9b320280ae01571da1e18a2fcd6b85d70c19192b086,20260908,0.9.2,570,False,58.04225053004565,ELECTRICAL#19,ELECTRICAL,failure,21.04225053004565,21.04225053004565,21.04225053004565,PERFECT
aging-PERFECT,a781d2546489e692d824d9b320280ae01571da1e18a2fcd6b85d70c19192b086,20260908,0.9.2,570,False,60.15090985498916,ELECTRICAL#19,ELECTRICAL,repair,21.04225053004565,0.0,21.04225053004565,PERFECT
aging-PERFECT,a781d2546489e692d824d9b320280ae01571da1e18a2fcd6b85d70c19192b086,20260908,0.9.2,571,False,10.369873797714957,AVIONICS#6,AVIONICS,failure,21.36987379771496,21.36987379771496,21.36987379771496,PERFECT
aging-PERFECT,a781d2546489e692d824d9b320280ae01571da1e18a2fcd6b85d70c19192b086,20260908,0.9.2,571,False,12.224754889193063,AVIONICS#6,AVIONICS,repair,21.36987379771496,0.0,21.36987379771496,PERFECT
aging-PERFECT,a781d2546489e692d824d9b320280ae01571da1e18a2fcd6b85d70c19192b086,20260908,0.9.2,571,False,58.62396437746555,HYDRAULIC#24,HYDRAULIC,failure,21.623964377465548,21.623964377465548,21.623964377465548,PERFECT
aging-PERFECT,a781d2546489e692d824d9b320280ae01571da1e18a2fcd6b85d70c19192b086,20260908,0.9.2,571,False,66.01776462126534,HYDRAULIC#24,HYDRAULIC,repair,21.623964377465548,0.0,21.623964377465548,PERFECT
aging-PERFECT,a781d2546489e692d824d9b320280ae01571da1e18a2fcd6b85d70c19192b086,20260908,0.9.2,572,False,33.80166815978609,HYDRAULIC#12,HYDRAULIC,failure,20.80166815978609,20.80166815978609,20.80166815978609,PERFECT
aging-PERFECT,a781d2546489e692d824d9b320280ae01571da1e18a2fcd6b85d70c19192b086,20260908,0.9.2,572,False,34.60447673042121,HYDRAULIC#12,HYDRAULIC,repair,20.80166815978609,0.0,20.80166815978609,PERFECT
aging-PERFECT,a781d2546489e692d824d9b320280ae01571da1e18a2fcd6b85d70c19192b086,20260908,0.9.2,572,False,59.68437237498667,POWERPLANT#17,POWERPLANT,failure,22.684372374986673,22.684372374986673,22.684372374986673,PERFECT
aging-PERFECT,a781d2546489e692d824d9b320280ae01571da1e18a2fcd6b85d70c19192b086,20260908,0.9.2,572,False,59.76783001665346,AVIONICS#18,AVIONICS,failure,22.767830016653463,22.767830016653463,22.767830016653463,PERFECT
aging-PERFECT,a781d2546489e692d824d9b320280ae01571da1e18a2fcd6b85d70c19192b086,20260908,0.9.2,572,False,65.7538226908114,POWERPLANT#17,POWERPLANT,repair,22.684372374986673,0.0,22.684372374986673,PERFECT
aging-PERFECT,a781d2546489e692d824d9b320280ae01571da1e18a2fcd6b85d70c19192b086,20260908,0.9.2,572,False,66.05634835090818,AVIONICS#18,AVIONICS,repair,22.767830016653463,0.0,22.767830016653463,PERFECT
aging-PERFECT,a781d2546489e692d824d9b320280ae01571da1e18a2fcd6b85d70c19192b086,20260908,0.9.2,573,False,33.63237808329749,AVIONICS#10,AVIONICS,failure,20.63237808329749,20.63237808329749,20.63237808329749,PERFECT
aging-PERFECT,a781d2546489e692d824d9b320280ae01571da1e18a2fcd6b85d70c19192b086,20260908,0.9.2,573,False,33.8073159191345,ELECTRICAL#15,ELECTRICAL,failure,20.807315919134503,20.807315919134503,20.807315919134503,PERFECT
aging-PERFECT,a781d2546489e692d824d9b320280ae01571da1e18a2fcd6b85d70c19192b086,20260908,0.9.2,573,False,34.152737756675144,AVIONICS#10,AVIONICS,repair,20.63237808329749,0.0,20.63237808329749,PERFECT
aging-PERFECT,a781d2546489e692d824d9b320280ae01571da1e18a2fcd6b85d70c19192b086,20260908,0.9.2,573,False,35.22574955726976,ELECTRICAL#15,ELECTRICAL,repair,20.807315919134503,0.0,20.807315919134503,PERFECT
aging-PERFECT,a781d2546489e692d824d9b320280ae01571da1e18a2fcd6b85d70c19192b086,20260908,0.9.2,574,False,9.338885209242015,HYDRAULIC#8,HYDRAULIC,failure,20.338885209242015,20.338885209242015,20.338885209242015,PERFECT
aging-PERFECT,a781d2546489e692d824d9b320280ae01571da1e18a2fcd6b85d70c19192b086,20260908,0.9.2,574,False,10.153579906028178,HYDRAULIC#8,HYDRAULIC,repair,20.338885209242015,0.0,20.338885209242015,PERFECT
aging-PERFECT,a781d2546489e692d824d9b320280ae01571da1e18a2fcd6b85d70c19192b086,20260908,0.9.2,574,False,34.24977202953768,POWERPLANT#13,POWERPLANT,failure,21.24977202953768,21.24977202953768,21.24977202953768,PERFECT
aging-PERFECT,a781d2546489e692d824d9b320280ae01571da1e18a2fcd6b85d70c19192b086,20260908,0.9.2,574,False,36.180059169433704,POWERPLANT#13,POWERPLANT,repair,21.24977202953768,0.0,21.24977202953768,PERFECT
aging-PERFECT,a781d2546489e692d824d9b320280ae01571da1e18a2fcd6b85d70c19192b086,20260908,0.9.2,574,False,59.11390637794091,HYDRAULIC#20,HYDRAULIC,failure,22.113906377940907,22.113906377940907,22.113906377940907,PERFECT
aging-PERFECT,a781d2546489e692d824d9b320280ae01571da1e18a2fcd6b85d70c19192b086,20260908,0.9.2,574,False,61.06978758228739,HYDRAULIC#20,HYDRAULIC,repair,22.113906377940907,0.0,22.113906377940907,PERFECT
aging-PERFECT,a781d2546489e692d824d9b320280ae01571da1e18a2fcd6b85d70c19192b086,20260908,0.9.2,575,False,10.51177543020567,POWERPLANT#5,POWERPLANT,failure,21.51177543020567,21.51177543020567,21.51177543020567,PERFECT
aging-PERFECT,a781d2546489e692d824d9b320280ae01571da1e18a2fcd6b85d70c19192b086,20260908,0.9.2,575,False,11.282801357448413,POWERPLANT#5,POWERPLANT,repair,21.51177543020567,0.0,21.51177543020567,PERFECT
aging-PERFECT,a781d2546489e692d824d9b320280ae01571da1e18a2fcd6b85d70c19192b086,20260908,0.9.2,576,False,11.731585700348003,POWERPLANT#5,POWERPLANT,failure,22.731585700348003,22.731585700348003,22.731585700348003,PERFECT
aging-PERFECT,a781d2546489e692d824d9b320280ae01571da1e18a2fcd6b85d70c19192b086,20260908,0.9.2,576,False,12.855386167699745,POWERPLANT#5,POWERPLANT,repair,22.731585700348003,0.0,22.731585700348003,PERFECT
aging-PERFECT,a781d2546489e692d824d9b320280ae01571da1e18a2fcd6b85d70c19192b086,20260908,0.9.2,578,False,10.343487431723261,HYDRAULIC#8,HYDRAULIC,failure,21.34348743172326,21.34348743172326,21.34348743172326,PERFECT
aging-PERFECT,a781d2546489e692d824d9b320280ae01571da1e18a2fcd6b85d70c19192b086,20260908,0.9.2,578,False,17.049602351951265,HYDRAULIC#8,HYDRAULIC,repair,21.34348743172326,0.0,21.34348743172326,PERFECT
aging-PERFECT,a781d2546489e692d824d9b320280ae01571da1e18a2fcd6b85d70c19192b086,20260908,0.9.2,579,False,35.53400071805593,AVIONICS#14,AVIONICS,failure,22.53400071805593,22.53400071805593,22.53400071805593,PERFECT
aging-PERFECT,a781d2546489e692d824d9b320280ae01571da1e18a2fcd6b85d70c19192b086,20260908,0.9.2,579,False,40.6337609039993,AVIONICS#14,AVIONICS,repair,22.53400071805593,0.0,22.53400071805593,PERFECT
aging-PERFECT,a781d2546489e692d824d9b320280ae01571da1e18a2fcd6b85d70c19192b086,20260908,0.9.2,580,False,10.546980019152237,HYDRAULIC#8,HYDRAULIC,failure,21.546980019152237,21.546980019152237,21.546980019152237,PERFECT
aging-PERFECT,a781d2546489e692d824d9b320280ae01571da1e18a2fcd6b85d70c19192b086,20260908,0.9.2,580,False,12.857751478139589,HYDRAULIC#8,HYDRAULIC,repair,21.546980019152237,0.0,21.546980019152237,PERFECT
aging-PERFECT,a781d2546489e692d824d9b320280ae01571da1e18a2fcd6b85d70c19192b086,20260908,0.9.2,580,False,35.17760973728125,POWERPLANT#9,POWERPLANT,failure,22.17760973728125,22.17760973728125,22.17760973728125,PERFECT
aging-PERFECT,a781d2546489e692d824d9b320280ae01571da1e18a2fcd6b85d70c19192b086,20260908,0.9.2,580,False,35.459793703202806,HYDRAULIC#12,HYDRAULIC,failure,22.459793703202806,22.459793703202806,22.459793703202806,PERFECT
aging-PERFECT,a781d2546489e692d824d9b320280ae01571da1e18a2fcd6b85d70c19192b086,20260908,0.9.2,580,False,35.76239184962901,POWERPLANT#9,POWERPLANT,repair,22.17760973728125,0.0,22.17760973728125,PERFECT
aging-PERFECT,a781d2546489e692d824d9b320280ae01571da1e18a2fcd6b85d70c19192b086,20260908,0.9.2,580,False,36.37480557866282,HYDRAULIC#12,HYDRAULIC,repair,22.459793703202806,0.0,22.459793703202806,PERFECT
aging-PERFECT,a781d2546489e692d824d9b320280ae01571da1e18a2fcd6b85d70c19192b086,20260908,0.9.2,581,False,57.11278392489165,HYDRAULIC#20,HYDRAULIC,failure,20.11278392489165,20.11278392489165,20.11278392489165,PERFECT
aging-PERFECT,a781d2546489e692d824d9b320280ae01571da1e18a2fcd6b85d70c19192b086,20260908,0.9.2,581,False,63.49700568419597,HYDRAULIC#20,HYDRAULIC,repair,20.11278392489165,0.0,20.11278392489165,PERFECT
aging-PERFECT,a781d2546489e692d824d9b320280ae01571da1e18a2fcd6b85d70c19192b086,20260908,0.9.2,583,False,34.61780634760474,POWERPLANT#9,POWERPLANT,failure,21.61780634760474,21.61780634760474,21.61780634760474,PERFECT
aging-PERFECT,a781d2546489e692d824d9b320280ae01571da1e18a2fcd6b85d70c19192b086,20260908,0.9.2,583,False,38.52839290925359,POWERPLANT#9,POWERPLANT,repair,21.61780634760474,0.0,21.61780634760474,PERFECT
aging-PERFECT,a781d2546489e692d824d9b320280ae01571da1e18a2fcd6b85d70c19192b086,20260908,0.9.2,583,False,57.669584662678986,HYDRAULIC#24,HYDRAULIC,failure,20.669584662678986,20.669584662678986,20.669584662678986,PERFECT
aging-PERFECT,a781d2546489e692d824d9b320280ae01571da1e18a2fcd6b85d70c19192b086,20260908,0.9.2,583,False,58.191296966860975,HYDRAULIC#24,HYDRAULIC,repair,20.669584662678986,0.0,20.669584662678986,PERFECT
aging-PERFECT,a781d2546489e692d824d9b320280ae01571da1e18a2fcd6b85d70c19192b086,20260908,0.9.2,585,False,11.754365219912948,ELECTRICAL#3,ELECTRICAL,failure,22.75436521991295,22.75436521991295,22.75436521991295,PERFECT
aging-PERFECT,a781d2546489e692d824d9b320280ae01571da1e18a2fcd6b85d70c19192b086,20260908,0.9.2,585,False,12.486577357208509,ELECTRICAL#3,ELECTRICAL,repair,22.75436521991295,0.0,22.75436521991295,PERFECT
aging-PERFECT,a781d2546489e692d824d9b320280ae01571da1e18a2fcd6b85d70c19192b086,20260908,0.9.2,585,False,34.391947750472056,AVIONICS#14,AVIONICS,failure,21.391947750472056,21.391947750472056,21.391947750472056,PERFECT
aging-PERFECT,a781d2546489e692d824d9b320280ae01571da1e18a2fcd6b85d70c19192b086,20260908,0.9.2,585,False,35.277494555641184,AVIONICS#14,AVIONICS,repair,21.391947750472056,0.0,21.391947750472056,PERFECT
aging-PERFECT,a781d2546489e692d824d9b320280ae01571da1e18a2fcd6b85d70c19192b086,20260908,0.9.2,586,False,33.47576343883971,ELECTRICAL#11,ELECTRICAL,failure,20.475763438839707,20.475763438839707,20.475763438839707,PERFECT
aging-PERFECT,a781d2546489e692d824d9b320280ae01571da1e18a2fcd6b85d70c19192b086,20260908,0.9.2,586,False,35.34975755079904,ELECTRICAL#11,ELECTRICAL,repair,20.475763438839707,0.0,20.475763438839707,PERFECT
aging-PERFECT,a781d2546489e692d824d9b320280ae01571da1e18a2fcd6b85d70c19192b086,20260908,0.9.2,586,False,57.28172933989487,HYDRAULIC#24,HYDRAULIC,failure,20.281729339894873,20.281729339894873,20.281729339894873,PERFECT
aging-PERFECT,a781d2546489e692d824d9b320280ae01571da1e18a2fcd6b85d70c19192b086,20260908,0.9.2,586,False,59.59142449891798,HYDRAULIC#24,HYDRAULIC,repair,20.281729339894873,0.0,20.281729339894873,PERFECT
aging-PERFECT,a781d2546489e692d824d9b320280ae01571da1e18a2fcd6b85d70c19192b086,20260908,0.9.2,587,False,11.036549824403515,ELECTRICAL#7,ELECTRICAL,failure,22.036549824403515,22.036549824403515,22.036549824403515,PERFECT
aging-PERFECT,a781d2546489e692d824d9b320280ae01571da1e18a2fcd6b85d70c19192b086,20260908,0.9.2,587,False,12.339508991413416,ELECTRICAL#7,ELECTRICAL,repair,22.036549824403515,0.0,22.036549824403515,PERFECT
aging-PERFECT,a781d2546489e692d824d9b320280ae01571da1e18a2fcd6b85d70c19192b086,20260908,0.9.2,587,False,57.13486675261191,ELECTRICAL#19,ELECTRICAL,failure,20.134866752611913,20.134866752611913,20.134866752611913,PERFECT
aging-PERFECT,a781d2546489e692d824d9b320280ae01571da1e18a2fcd6b85d70c19192b086,20260908,0.9.2,587,False,60.01093956929847,ELECTRICAL#19,ELECTRICAL,repair,20.134866752611913,0.0,20.134866752611913,PERFECT
aging-PERFECT,a781d2546489e692d824d9b320280ae01571da1e18a2fcd6b85d70c19192b086,20260908,0.9.2,588,False,33.45291705522693,HYDRAULIC#12,HYDRAULIC,failure,20.452917055226933,20.452917055226933,20.452917055226933,PERFECT
aging-PERFECT,a781d2546489e692d824d9b320280ae01571da1e18a2fcd6b85d70c19192b086,20260908,0.9.2,588,False,34.46664044688017,HYDRAULIC#12,HYDRAULIC,repair,20.452917055226933,0.0,20.452917055226933,PERFECT
aging-PERFECT,a781d2546489e692d824d9b320280ae01571da1e18a2fcd6b85d70c19192b086,20260908,0.9.2,588,False,57.13809129022859,ELECTRICAL#23,ELECTRICAL,failure,20.138091290228587,20.138091290228587,20.138091290228587,PERFECT
aging-PERFECT,a781d2546489e692d824d9b320280ae01571da1e18a2fcd6b85d70c19192b086,20260908,0.9.2,588,False,61.40530647130773,ELECTRICAL#23,ELECTRICAL,repair,20.138091290228587,0.0,20.138091290228587,PERFECT
aging-PERFECT,a781d2546489e692d824d9b320280ae01571da1e18a2fcd6b85d70c19192b086,20260908,0.9.2,589,False,34.19051940828032,HYDRAULIC#16,HYDRAULIC,failure,21.190519408280323,21.190519408280323,21.190519408280323,PERFECT
aging-PERFECT,a781d2546489e692d824d9b320280ae01571da1e18a2fcd6b85d70c19192b086,20260908,0.9.2,589,False,41.13397317642058,HYDRAULIC#16,HYDRAULIC,repair,21.190519408280323,0.0,21.190519408280323,PERFECT
aging-PERFECT,a781d2546489e692d824d9b320280ae01571da1e18a2fcd6b85d70c19192b086,20260908,0.9.2,589,False,59.00012429810663,POWERPLANT#21,POWERPLANT,failure,22.000124298106627,22.000124298106627,22.000124298106627,PERFECT
aging-PERFECT,a781d2546489e692d824d9b320280ae01571da1e18a2fcd6b85d70c19192b086,20260908,0.9.2,589,False,60.25635913919984,POWERPLANT#21,POWERPLANT,repair,22.000124298106627,0.0,22.000124298106627,PERFECT
aging-PERFECT,a781d2546489e692d824d9b320280ae01571da1e18a2fcd6b85d70c19192b086,20260908,0.9.2,590,False,35.94757235653602,ELECTRICAL#15,ELECTRICAL,failure,22.94757235653602,22.94757235653602,22.94757235653602,PERFECT
aging-PERFECT,a781d2546489e692d824d9b320280ae01571da1e18a2fcd6b85d70c19192b086,20260908,0.9.2,590,False,39.51340960744709,ELECTRICAL#15,ELECTRICAL,repair,22.94757235653602,0.0,22.94757235653602,PERFECT
aging-PERFECT,a781d2546489e692d824d9b320280ae01571da1e18a2fcd6b85d70c19192b086,20260908,0.9.2,590,False,57.040721250313815,ELECTRICAL#19,ELECTRICAL,failure,20.040721250313815,20.040721250313815,20.040721250313815,PERFECT
aging-PERFECT,a781d2546489e692d824d9b320280ae01571da1e18a2fcd6b85d70c19192b086,20260908,0.9.2,590,False,57.22637336484039,ELECTRICAL#19,ELECTRICAL,repair,20.040721250313815,0.0,20.040721250313815,PERFECT
aging-PERFECT,a781d2546489e692d824d9b320280ae01571da1e18a2fcd6b85d70c19192b086,20260908,0.9.2,591,False,11.707277015262152,POWERPLANT#1,POWERPLANT,failure,22.70727701526215,22.70727701526215,22.70727701526215,PERFECT
aging-PERFECT,a781d2546489e692d824d9b320280ae01571da1e18a2fcd6b85d70c19192b086,20260908,0.9.2,591,False,12.021618597828377,POWERPLANT#1,POWERPLANT,repair,22.70727701526215,0.0,22.70727701526215,PERFECT
aging-PERFECT,a781d2546489e692d824d9b320280ae01571da1e18a2fcd6b85d70c19192b086,20260908,0.9.2,591,False,35.63281407970858,AVIONICS#10,AVIONICS,failure,22.63281407970858,22.63281407970858,22.63281407970858,PERFECT
aging-PERFECT,a781d2546489e692d824d9b320280ae01571da1e18a2fcd6b85d70c19192b086,20260908,0.9.2,591,False,35.64229637185207,ELECTRICAL#15,ELECTRICAL,failure,22.64229637185207,22.64229637185207,22.64229637185207,PERFECT
aging-PERFECT,a781d2546489e692d824d9b320280ae01571da1e18a2fcd6b85d70c19192b086,20260908,0.9.2,591,False,36.01754431250183,ELECTRICAL#15,ELECTRICAL,repair,22.64229637185207,0.0,22.64229637185207,PERFECT
aging-PERFECT,a781d2546489e692d824d9b320280ae01571da1e18a2fcd6b85d70c19192b086,20260908,0.9.2,591,False,37.514700563459655,AVIONICS#10,AVIONICS,repair,22.63281407970858,0.0,22.63281407970858,PERFECT
aging-PERFECT,a781d2546489e692d824d9b320280ae01571da1e18a2fcd6b85d70c19192b086,20260908,0.9.2,592,False,10.02353761664915,AVIONICS#2,AVIONICS,failure,21.02353761664915,21.02353761664915,21.02353761664915,PERFECT
aging-PERFECT,a781d2546489e692d824d9b320280ae01571da1e18a2fcd6b85d70c19192b086,20260908,0.9.2,592,False,12.811785930125,AVIONICS#2,AVIONICS,repair,21.02353761664915,0.0,21.02353761664915,PERFECT
aging-PERFECT,a781d2546489e692d824d9b320280ae01571da1e18a2fcd6b85d70c19192b086,20260908,0.9.2,592,False,33.023577714069894,ELECTRICAL#11,ELECTRICAL,failure,20.023577714069894,20.023577714069894,20.023577714069894,PERFECT
aging-PERFECT,a781d2546489e692d824d9b320280ae01571da1e18a2fcd6b85d70c19192b086,20260908,0.9.2,592,False,33.389012334029815,ELECTRICAL#11,ELECTRICAL,repair,20.023577714069894,0.0,20.023577714069894,PERFECT
aging-PERFECT,a781d2546489e692d824d9b320280ae01571da1e18a2fcd6b85d70c19192b086,20260908,0.9.2,592,False,58.97414588613644,HYDRAULIC#20,HYDRAULIC,failure,21.97414588613644,21.97414588613644,21.97414588613644,PERFECT
aging-PERFECT,a781d2546489e692d824d9b320280ae01571da1e18a2fcd6b85d70c19192b086,20260908,0.9.2,592,False,59.36553104247689,POWERPLANT#21,POWERPLANT,failure,22.36553104247689,22.36553104247689,22.36553104247689,PERFECT
aging-PERFECT,a781d2546489e692d824d9b320280ae01571da1e18a2fcd6b85d70c19192b086,20260908,0.9.2,592,False,59.727403607337536,POWERPLANT#21,POWERPLANT,repair,22.36553104247689,0.0,22.36553104247689,PERFECT
aging-PERFECT,a781d2546489e692d824d9b320280ae01571da1e18a2fcd6b85d70c19192b086,20260908,0.9.2,592,False,60.85263585150807,HYDRAULIC#20,HYDRAULIC,repair,21.97414588613644,0.0,21.97414588613644,PERFECT
aging-PERFECT,a781d2546489e692d824d9b320280ae01571da1e18a2fcd6b85d70c19192b086,20260908,0.9.2,593,False,10.378807520116357,ELECTRICAL#7,ELECTRICAL,failure,21.378807520116357,21.378807520116357,21.378807520116357,PERFECT
aging-PERFECT,a781d2546489e692d824d9b320280ae01571da1e18a2fcd6b85d70c19192b086,20260908,0.9.2,593,False,11.711185004898939,ELECTRICAL#7,ELECTRICAL,repair,21.378807520116357,0.0,21.378807520116357,PERFECT
aging-PERFECT,a781d2546489e692d824d9b320280ae01571da1e18a2fcd6b85d70c19192b086,20260908,0.9.2,593,False,33.08578921642156,AVIONICS#10,AVIONICS,failure,20.08578921642156,20.08578921642156,20.08578921642156,PERFECT
aging-PERFECT,a781d2546489e692d824d9b320280ae01571da1e18a2fcd6b85d70c19192b086,20260908,0.9.2,593,False,35.176804717621884,AVIONICS#10,AVIONICS,repair,20.08578921642156,0.0,20.08578921642156,PERFECT
aging-PERFECT,a781d2546489e692d824d9b320280ae01571da1e18a2fcd6b85d70c19192b086,20260908,0.9.2,594,False,11.425695678232195,HYDRAULIC#4,HYDRAULIC,failure,22.425695678232195,22.425695678232195,22.425695678232195,PERFECT
aging-PERFECT,a781d2546489e692d824d9b320280ae01571da1e18a2fcd6b85d70c19192b086,20260908,0.9.2,594,False,13.252081288172942,HYDRAULIC#4,HYDRAULIC,repair,22.425695678232195,0.0,22.425695678232195,PERFECT
aging-PERFECT,a781d2546489e692d824d9b320280ae01571da1e18a2fcd6b85d70c19192b086,20260908,0.9.2,595,False,9.723470670115963,ELECTRICAL#3,ELECTRICAL,failure,20.723470670115965,20.723470670115965,20.723470670115965,PERFECT
aging-PERFECT,a781d2546489e692d824d9b320280ae01571da1e18a2fcd6b85d70c19192b086,20260908,0.9.2,595,False,11.058788116864042,ELECTRICAL#3,ELECTRICAL,repair,20.723470670115965,0.0,20.723470670115965,PERFECT
aging-PERFECT,a781d2546489e692d824d9b320280ae01571da1e18a2fcd6b85d70c19192b086,20260908,0.9.2,596,False,33.942803047247565,ELECTRICAL#15,ELECTRICAL,failure,20.942803047247565,20.942803047247565,20.942803047247565,PERFECT
aging-PERFECT,a781d2546489e692d824d9b320280ae01571da1e18a2fcd6b85d70c19192b086,20260908,0.9.2,596,False,39.97616905106563,ELECTRICAL#15,ELECTRICAL,repair,20.942803047247565,0.0,20.942803047247565,PERFECT
aging-PERFECT,a781d2546489e692d824d9b320280ae01571da1e18a2fcd6b85d70c19192b086,20260908,0.9.2,598,False,57.30968742374851,AVIONICS#18,AVIONICS,failure,20.309687423748507,20.309687423748507,20.309687423748507,PERFECT
aging-PERFECT,a781d2546489e692d824d9b320280ae01571da1e18a2fcd6b85d70c19192b086,20260908,0.9.2,598,False,62.182081694161326,AVIONICS#18,AVIONICS,repair,20.309687423748507,0.0,20.309687423748507,PERFECT
aging-PERFECT,a781d2546489e692d824d9b320280ae01571da1e18a2fcd6b85d70c19192b086,20260908,0.9.2,599,False,59.76548170944794,POWERPLANT#21,POWERPLANT,failure,22.76548170944794,22.76548170944794,22.76548170944794,PERFECT
aging-PERFECT,a781d2546489e692d824d9b320280ae01571da1e18a2fcd6b85d70c19192b086,20260908,0.9.2,599,False,66.04992697446637,POWERPLANT#21,POWERPLANT,repair,22.76548170944794,0.0,22.76548170944794,PERFECT
aging-PERFECT,a781d2546489e692d824d9b320280ae01571da1e18a2fcd6b85d70c19192b086,20260908,0.9.2,600,False,11.276224024005634,AVIONICS#2,AVIONICS,failure,22.276224024005636,22.276224024005636,22.276224024005636,PERFECT
aging-PERFECT,a781d2546489e692d824d9b320280ae01571da1e18a2fcd6b85d70c19192b086,20260908,0.9.2,600,False,11.650246923470796,AVIONICS#6,AVIONICS,failure,22.650246923470796,22.650246923470796,22.650246923470796,PERFECT
aging-PERFECT,a781d2546489e692d824d9b320280ae01571da1e18a2fcd6b85d70c19192b086,20260908,0.9.2,600,False,12.226891282559928,AVIONICS#2,AVIONICS,repair,22.276224024005636,0.0,22.276224024005636,PERFECT
aging-PERFECT,a781d2546489e692d824d9b320280ae01571da1e18a2fcd6b85d70c19192b086,20260908,0.9.2,600,False,14.457625703926642,AVIONICS#6,AVIONICS,repair,22.650246923470796,0.0,22.650246923470796,PERFECT
aging-PERFECT,a781d2546489e692d824d9b320280ae01571da1e18a2fcd6b85d70c19192b086,20260908,0.9.2,601,False,34.93369728115856,AVIONICS#10,AVIONICS,failure,21.933697281158558,21.933697281158558,21.933697281158558,PERFECT
aging-PERFECT,a781d2546489e692d824d9b320280ae01571da1e18a2fcd6b85d70c19192b086,20260908,0.9.2,601,False,35.67203248103194,AVIONICS#10,AVIONICS,repair,21.933697281158558,0.0,21.933697281158558,PERFECT
aging-PERFECT,a781d2546489e692d824d9b320280ae01571da1e18a2fcd6b85d70c19192b086,20260908,0.9.2,601,False,58.12801837280297,POWERPLANT#21,POWERPLANT,failure,21.12801837280297,21.12801837280297,21.12801837280297,PERFECT
aging-PERFECT,a781d2546489e692d824d9b320280ae01571da1e18a2fcd6b85d70c19192b086,20260908,0.9.2,601,False,58.1534620075183,HYDRAULIC#24,HYDRAULIC,failure,21.1534620075183,21.1534620075183,21.1534620075183,PERFECT
aging-PERFECT,a781d2546489e692d824d9b320280ae01571da1e18a2fcd6b85d70c19192b086,20260908,0.9.2,601,False,63.9249337327666,POWERPLANT#21,POWERPLANT,repair,21.12801837280297,0.0,21.12801837280297,PERFECT
aging-PERFECT,a781d2546489e692d824d9b320280ae01571da1e18a2fcd6b85d70c19192b086,20260908,0.9.2,601,False,64.6046460321213,HYDRAULIC#24,HYDRAULIC,repair,21.1534620075183,0.0,21.1534620075183,PERFECT
aging-PERFECT,a781d2546489e692d824d9b320280ae01571da1e18a2fcd6b85d70c19192b086,20260908,0.9.2,602,False,35.7031208557959,ELECTRICAL#11,ELECTRICAL,failure,22.703120855795902,22.703120855795902,22.703120855795902,PERFECT
aging-PERFECT,a781d2546489e692d824d9b320280ae01571da1e18a2fcd6b85d70c19192b086,20260908,0.9.2,602,False,35.96834465515407,HYDRAULIC#16,HYDRAULIC,failure,22.96834465515407,22.96834465515407,22.96834465515407,PERFECT
aging-PERFECT,a781d2546489e692d824d9b320280ae01571da1e18a2fcd6b85d70c19192b086,20260908,0.9.2,602,False,36.018527086569954,HYDRAULIC#16,HYDRAULIC,repair,22.96834465515407,0.0,22.96834465515407,PERFECT
aging-PERFECT,a781d2546489e692d824d9b320280ae01571da1e18a2fcd6b85d70c19192b086,20260908,0.9.2,602,False,37.00495702281073,ELECTRICAL#11,ELECTRICAL,repair,22.703120855795902,0.0,22.703120855795902,PERFECT
aging-PERFECT,a781d2546489e692d824d9b320280ae01571da1e18a2fcd6b85d70c19192b086,20260908,0.9.2,603,False,9.192990881919638,POWERPLANT#5,POWERPLANT,failure,20.192990881919638,20.192990881919638,20.192990881919638,PERFECT
aging-PERFECT,a781d2546489e692d824d9b320280ae01571da1e18a2fcd6b85d70c19192b086,20260908,0.9.2,603,False,17.79385001854893,POWERPLANT#5,POWERPLANT,repair,20.192990881919638,0.0,20.192990881919638,PERFECT
aging-PERFECT,a781d2546489e692d824d9b320280ae01571da1e18a2fcd6b85d70c19192b086,20260908,0.9.2,603,False,59.440473879365996,POWERPLANT#17,POWERPLANT,failure,22.440473879365996,22.440473879365996,22.440473879365996,PERFECT
aging-PERFECT,a781d2546489e692d824d9b320280ae01571da1e18a2fcd6b85d70c19192b086,20260908,0.9.2,603,False,59.57539089875185,AVIONICS#18,AVIONICS,failure,22.57539089875185,22.57539089875185,22.57539089875185,PERFECT
aging-PERFECT,a781d2546489e692d824d9b320280ae01571da1e18a2fcd6b85d70c19192b086,20260908,0.9.2,603,False,60.90820746513823,POWERPLANT#17,POWERPLANT,repair,22.440473879365996,0.0,22.440473879365996,PERFECT
aging-PERFECT,a781d2546489e692d824d9b320280ae01571da1e18a2fcd6b85d70c19192b086,20260908,0.9.2,603,False,61.209354448779656,AVIONICS#18,AVIONICS,repair,22.57539089875185,0.0,22.57539089875185,PERFECT
aging-PERFECT,a781d2546489e692d824d9b320280ae01571da1e18a2fcd6b85d70c19192b086,20260908,0.9.2,604,False,57.80698713156634,AVIONICS#22,AVIONICS,failure,20.806987131566338,20.806987131566338,20.806987131566338,PERFECT
aging-PERFECT,a781d2546489e692d824d9b320280ae01571da1e18a2fcd6b85d70c19192b086,20260908,0.9.2,604,False,58.92488186522107,AVIONICS#22,AVIONICS,repair,20.806987131566338,0.0,20.806987131566338,PERFECT
aging-PERFECT,a781d2546489e692d824d9b320280ae01571da1e18a2fcd6b85d70c19192b086,20260908,0.9.2,605,False,10.601302256677693,HYDRAULIC#4,HYDRAULIC,failure,21.60130225667769,21.60130225667769,21.60130225667769,PERFECT
aging-PERFECT,a781d2546489e692d824d9b320280ae01571da1e18a2fcd6b85d70c19192b086,20260908,0.9.2,605,False,14.661368495459573,HYDRAULIC#4,HYDRAULIC,repair,21.60130225667769,0.0,21.60130225667769,PERFECT
aging-PERFECT,a781d2546489e692d824d9b320280ae01571da1e18a2fcd6b85d70c19192b086,20260908,0.9.2,605,False,57.20878470061121,POWERPLANT#21,POWERPLANT,failure,20.20878470061121,20.20878470061121,20.20878470061121,PERFECT
aging-PERFECT,a781d2546489e692d824d9b320280ae01571da1e18a2fcd6b85d70c19192b086,20260908,0.9.2,605,False,57.63232549937488,POWERPLANT#21,POWERPLANT,repair,20.20878470061121,0.0,20.20878470061121,PERFECT
aging-PERFECT,a781d2546489e692d824d9b320280ae01571da1e18a2fcd6b85d70c19192b086,20260908,0.9.2,606,False,10.684494453628545,AVIONICS#6,AVIONICS,failure,21.684494453628545,21.684494453628545,21.684494453628545,PERFECT
aging-PERFECT,a781d2546489e692d824d9b320280ae01571da1e18a2fcd6b85d70c19192b086,20260908,0.9.2,606,False,14.343083354622285,AVIONICS#6,AVIONICS,repair,21.684494453628545,0.0,21.684494453628545,PERFECT
aging-PERFECT,a781d2546489e692d824d9b320280ae01571da1e18a2fcd6b85d70c19192b086,20260908,0.9.2,606,False,35.436691530090705,ELECTRICAL#15,ELECTRICAL,failure,22.436691530090705,22.436691530090705,22.436691530090705,PERFECT
aging-PERFECT,a781d2546489e692d824d9b320280ae01571da1e18a2fcd6b85d70c19192b086,20260908,0.9.2,606,False,36.553355240913746,ELECTRICAL#15,ELECTRICAL,repair,22.436691530090705,0.0,22.436691530090705,PERFECT
aging-PERFECT,a781d2546489e692d824d9b320280ae01571da1e18a2fcd6b85d70c19192b086,20260908,0.9.2,606,False,57.00399534487987,HYDRAULIC#24,HYDRAULIC,failure,20.00399534487987,20.00399534487987,20.00399534487987,PERFECT
aging-PERFECT,a781d2546489e692d824d9b320280ae01571da1e18a2fcd6b85d70c19192b086,20260908,0.9.2,606,False,64.34348028191077,HYDRAULIC#24,HYDRAULIC,repair,20.00399534487987,0.0,20.00399534487987,PERFECT
aging-PERFECT,a781d2546489e692d824d9b320280ae01571da1e18a2fcd6b85d70c19192b086,20260908,0.9.2,607,False,58.06186018979829,POWERPLANT#21,POWERPLANT,failure,21.06186018979829,21.06186018979829,21.06186018979829,PERFECT
aging-PERFECT,a781d2546489e692d824d9b320280ae01571da1e18a2fcd6b85d70c19192b086,20260908,0.9.2,607,False,63.444537939402,POWERPLANT#21,POWERPLANT,repair,21.06186018979829,0.0,21.06186018979829,PERFECT
aging-PERFECT,a781d2546489e692d824d9b320280ae01571da1e18a2fcd6b85d70c19192b086,20260908,0.9.2,609,False,57.45393128763152,POWERPLANT#17,POWERPLANT,failure,20.45393128763152,20.45393128763152,20.45393128763152,PERFECT
aging-PERFECT,a781d2546489e692d824d9b320280ae01571da1e18a2fcd6b85d70c19192b086,20260908,0.9.2,609,False,58.024496837747876,POWERPLANT#17,POWERPLANT,repair,20.45393128763152,0.0,20.45393128763152,PERFECT
aging-PERFECT,a781d2546489e692d824d9b320280ae01571da1e18a2fcd6b85d70c19192b086,20260908,0.9.2,610,False,10.361139289391454,ELECTRICAL#7,ELECTRICAL,failure,21.361139289391453,21.361139289391453,21.361139289391453,PERFECT
aging-PERFECT,a781d2546489e692d824d9b320280ae01571da1e18a2fcd6b85d70c19192b086,20260908,0.9.2,610,False,12.519283532777653,ELECTRICAL#7,ELECTRICAL,repair,21.361139289391453,0.0,21.361139289391453,PERFECT
aging-PERFECT,a781d2546489e692d824d9b320280ae01571da1e18a2fcd6b85d70c19192b086,20260908,0.9.2,610,False,58.19893279769972,ELECTRICAL#23,ELECTRICAL,failure,21.19893279769972,21.19893279769972,21.19893279769972,PERFECT
aging-PERFECT,a781d2546489e692d824d9b320280ae01571da1e18a2fcd6b85d70c19192b086,20260908,0.9.2,610,False,59.09036006965958,ELECTRICAL#23,ELECTRICAL,repair,21.19893279769972,0.0,21.19893279769972,PERFECT
aging-PERFECT,a781d2546489e692d824d9b320280ae01571da1e18a2fcd6b85d70c19192b086,20260908,0.9.2,611,False,59.359093374661626,POWERPLANT#17,POWERPLANT,failure,22.359093374661626,22.359093374661626,22.359093374661626,PERFECT
aging-PERFECT,a781d2546489e692d824d9b320280ae01571da1e18a2fcd6b85d70c19192b086,20260908,0.9.2,611,False,60.312026296787444,POWERPLANT#17,POWERPLANT,repair,22.359093374661626,0.0,22.359093374661626,PERFECT
aging-PERFECT,a781d2546489e692d824d9b320280ae01571da1e18a2fcd6b85d70c19192b086,20260908,0.9.2,612,False,11.524272086482979,ELECTRICAL#3,ELECTRICAL,failure,22.52427208648298,22.52427208648298,22.52427208648298,PERFECT
aging-PERFECT,a781d2546489e692d824d9b320280ae01571da1e18a2fcd6b85d70c19192b086,20260908,0.9.2,612,False,12.00730022855191,ELECTRICAL#3,ELECTRICAL,repair,22.52427208648298,0.0,22.52427208648298,PERFECT
aging-PERFECT,a781d2546489e692d824d9b320280ae01571da1e18a2fcd6b85d70c19192b086,20260908,0.9.2,613,False,35.452020701978896,AVIONICS#14,AVIONICS,failure,22.452020701978896,22.452020701978896,22.452020701978896,PERFECT
aging-PERFECT,a781d2546489e692d824d9b320280ae01571da1e18a2fcd6b85d70c19192b086,20260908,0.9.2,613,False,36.694143523123266,AVIONICS#14,AVIONICS,repair,22.452020701978896,0.0,22.452020701978896,PERFECT
aging-PERFECT,a781d2546489e692d824d9b320280ae01571da1e18a2fcd6b85d70c19192b086,20260908,0.9.2,613,False,59.219230486424145,AVIONICS#22,AVIONICS,failure,22.219230486424145,22.219230486424145,22.219230486424145,PERFECT
aging-PERFECT,a781d2546489e692d824d9b320280ae01571da1e18a2fcd6b85d70c19192b086,20260908,0.9.2,613,False,63.53367541470284,AVIONICS#22,AVIONICS,repair,22.219230486424145,0.0,22.219230486424145,PERFECT
aging-PERFECT,a781d2546489e692d824d9b320280ae01571da1e18a2fcd6b85d70c19192b086,20260908,0.9.2,615,False,9.946774320200479,POWERPLANT#1,POWERPLANT,failure,20.94677432020048,20.94677432020048,20.94677432020048,PERFECT
aging-PERFECT,a781d2546489e692d824d9b320280ae01571da1e18a2fcd6b85d70c19192b086,20260908,0.9.2,615,False,11.586353521262922,POWERPLANT#1,POWERPLANT,repair,20.94677432020048,0.0,20.94677432020048,PERFECT
aging-PERFECT,a781d2546489e692d824d9b320280ae01571da1e18a2fcd6b85d70c19192b086,20260908,0.9.2,615,False,58.380486922502506,POWERPLANT#21,POWERPLANT,failure,21.380486922502506,21.380486922502506,21.380486922502506,PERFECT
aging-PERFECT,a781d2546489e692d824d9b320280ae01571da1e18a2fcd6b85d70c19192b086,20260908,0.9.2,615,False,61.146293582819084,POWERPLANT#21,POWERPLANT,repair,21.380486922502506,0.0,21.380486922502506,PERFECT
aging-PERFECT,a781d2546489e692d824d9b320280ae01571da1e18a2fcd6b85d70c19192b086,20260908,0.9.2,617,False,35.486429829434,POWERPLANT#13,POWERPLANT,failure,22.486429829434,22.486429829434,22.486429829434,PERFECT
aging-PERFECT,a781d2546489e692d824d9b320280ae01571da1e18a2fcd6b85d70c19192b086,20260908,0.9.2,617,False,36.972154116987326,POWERPLANT#13,POWERPLANT,repair,22.486429829434,0.0,22.486429829434,PERFECT
aging-PERFECT,a781d2546489e692d824d9b320280ae01571da1e18a2fcd6b85d70c19192b086,20260908,0.9.2,617,False,58.94388481860819,HYDRAULIC#20,HYDRAULIC,failure,21.94388481860819,21.94388481860819,21.94388481860819,PERFECT
aging-PERFECT,a781d2546489e692d824d9b320280ae01571da1e18a2fcd6b85d70c19192b086,20260908,0.9.2,617,False,59.74954584809496,HYDRAULIC#20,HYDRAULIC,repair,21.94388481860819,0.0,21.94388481860819,PERFECT
aging-PERFECT,a781d2546489e692d824d9b320280ae01571da1e18a2fcd6b85d70c19192b086,20260908,0.9.2,618,False,9.106473707940914,POWERPLANT#1,POWERPLANT,failure,20.106473707940914,20.106473707940914,20.106473707940914,PERFECT
aging-PERFECT,a781d2546489e692d824d9b320280ae01571da1e18a2fcd6b85d70c19192b086,20260908,0.9.2,618,False,10.439442232028869,POWERPLANT#1,POWERPLANT,repair,20.106473707940914,0.0,20.106473707940914,PERFECT
aging-PERFECT,a781d2546489e692d824d9b320280ae01571da1e18a2fcd6b85d70c19192b086,20260908,0.9.2,619,False,10.409333451035042,ELECTRICAL#7,ELECTRICAL,failure,21.409333451035042,21.409333451035042,21.409333451035042,PERFECT
aging-PERFECT,a781d2546489e692d824d9b320280ae01571da1e18a2fcd6b85d70c19192b086,20260908,0.9.2,619,False,12.967071244782845,ELECTRICAL#7,ELECTRICAL,repair,21.409333451035042,0.0,21.409333451035042,PERFECT
aging-PERFECT,a781d2546489e692d824d9b320280ae01571da1e18a2fcd6b85d70c19192b086,20260908,0.9.2,619,False,57.48651947499366,AVIONICS#22,AVIONICS,failure,20.486519474993663,20.486519474993663,20.486519474993663,PERFECT
aging-PERFECT,a781d2546489e692d824d9b320280ae01571da1e18a2fcd6b85d70c19192b086,20260908,0.9.2,619,False,58.56437046516132,AVIONICS#22,AVIONICS,repair,20.486519474993663,0.0,20.486519474993663,PERFECT
aging-PERFECT,a781d2546489e692d824d9b320280ae01571da1e18a2fcd6b85d70c19192b086,20260908,0.9.2,620,False,10.329685869883564,POWERPLANT#5,POWERPLANT,failure,21.329685869883562,21.329685869883562,21.329685869883562,PERFECT
aging-PERFECT,a781d2546489e692d824d9b320280ae01571da1e18a2fcd6b85d70c19192b086,20260908,0.9.2,620,False,11.266025473223067,POWERPLANT#5,POWERPLANT,repair,21.329685869883562,0.0,21.329685869883562,PERFECT
aging-PERFECT,a781d2546489e692d824d9b320280ae01571da1e18a2fcd6b85d70c19192b086,20260908,0.9.2,620,False,35.12301736844917,POWERPLANT#9,POWERPLANT,failure,22.12301736844917,22.12301736844917,22.12301736844917,PERFECT
aging-PERFECT,a781d2546489e692d824d9b320280ae01571da1e18a2fcd6b85d70c19192b086,20260908,0.9.2,620,False,39.63695355201973,POWERPLANT#9,POWERPLANT,repair,22.12301736844917,0.0,22.12301736844917,PERFECT
aging-PERFECT,a781d2546489e692d824d9b320280ae01571da1e18a2fcd6b85d70c19192b086,20260908,0.9.2,620,False,57.253922952120895,HYDRAULIC#20,HYDRAULIC,failure,20.253922952120895,20.253922952120895,20.253922952120895,PERFECT
aging-PERFECT,a781d2546489e692d824d9b320280ae01571da1e18a2fcd6b85d70c19192b086,20260908,0.9.2,620,False,58.473890931731866,HYDRAULIC#20,HYDRAULIC,repair,20.253922952120895,0.0,20.253922952120895,PERFECT
aging-PERFECT,a781d2546489e692d824d9b320280ae01571da1e18a2fcd6b85d70c19192b086,20260908,0.9.2,621,False,11.08014628640135,ELECTRICAL#3,ELECTRICAL,failure,22.08014628640135,22.08014628640135,22.08014628640135,PERFECT
aging-PERFECT,a781d2546489e692d824d9b320280ae01571da1e18a2fcd6b85d70c19192b086,20260908,0.9.2,621,False,13.403612092156576,ELECTRICAL#3,ELECTRICAL,repair,22.08014628640135,0.0,22.08014628640135,PERFECT
aging-PERFECT,a781d2546489e692d824d9b320280ae01571da1e18a2fcd6b85d70c19192b086,20260908,0.9.2,621,False,58.32004840408368,AVIONICS#18,AVIONICS,failure,21.32004840408368,21.32004840408368,21.32004840408368,PERFECT
aging-PERFECT,a781d2546489e692d824d9b320280ae01571da1e18a2fcd6b85d70c19192b086,20260908,0.9.2,621,False,61.19351170514674,AVIONICS#18,AVIONICS,repair,21.32004840408368,0.0,21.32004840408368,PERFECT
aging-PERFECT,a781d2546489e692d824d9b320280ae01571da1e18a2fcd6b85d70c19192b086,20260908,0.9.2,622,False,33.185979440957816,HYDRAULIC#16,HYDRAULIC,failure,20.185979440957816,20.185979440957816,20.185979440957816,PERFECT
aging-PERFECT,a781d2546489e692d824d9b320280ae01571da1e18a2fcd6b85d70c19192b086,20260908,0.9.2,622,False,34.41711658952134,HYDRAULIC#16,HYDRAULIC,repair,20.185979440957816,0.0,20.185979440957816,PERFECT
aging-PERFECT,a781d2546489e692d824d9b320280ae01571da1e18a2fcd6b85d70c19192b086,20260908,0.9.2,622,False,57.42262168397067,AVIONICS#18,AVIONICS,failure,20.422621683970668,20.422621683970668,20.422621683970668,PERFECT
aging-PERFECT,a781d2546489e692d824d9b320280ae01571da1e18a2fcd6b85d70c19192b086,20260908,0.9.2,622,False,66.57775210144189,AVIONICS#18,AVIONICS,repair,20.422621683970668,0.0,20.422621683970668,PERFECT
aging-PERFECT,a781d2546489e692d824d9b320280ae01571da1e18a2fcd6b85d70c19192b086,20260908,0.9.2,623,False,11.356266985483291,ELECTRICAL#3,ELECTRICAL,failure,22.35626698548329,22.35626698548329,22.35626698548329,PERFECT
aging-PERFECT,a781d2546489e692d824d9b320280ae01571da1e18a2fcd6b85d70c19192b086,20260908,0.9.2,623,False,17.393369367372205,ELECTRICAL#3,ELECTRICAL,repair,22.35626698548329,0.0,22.35626698548329,PERFECT
aging-PERFECT,a781d2546489e692d824d9b320280ae01571da1e18a2fcd6b85d70c19192b086,20260908,0.9.2,624,False,9.885840337661463,HYDRAULIC#4,HYDRAULIC,failure,20.885840337661463,20.885840337661463,20.885840337661463,PERFECT
aging-PERFECT,a781d2546489e692d824d9b320280ae01571da1e18a2fcd6b85d70c19192b086,20260908,0.9.2,624,False,11.418948104299512,HYDRAULIC#4,HYDRAULIC,repair,20.885840337661463,0.0,20.885840337661463,PERFECT
aging-PERFECT,a781d2546489e692d824d9b320280ae01571da1e18a2fcd6b85d70c19192b086,20260908,0.9.2,625,False,9.669257292250718,HYDRAULIC#8,HYDRAULIC,failure,20.66925729225072,20.66925729225072,20.66925729225072,PERFECT
aging-PERFECT,a781d2546489e692d824d9b320280ae01571da1e18a2fcd6b85d70c19192b086,20260908,0.9.2,625,False,10.678529805039924,HYDRAULIC#8,HYDRAULIC,repair,20.66925729225072,0.0,20.66925729225072,PERFECT
aging-PERFECT,a781d2546489e692d824d9b320280ae01571da1e18a2fcd6b85d70c19192b086,20260908,0.9.2,625,False,58.371456893286314,AVIONICS#18,AVIONICS,failure,21.371456893286314,21.371456893286314,21.371456893286314,PERFECT
aging-PERFECT,a781d2546489e692d824d9b320280ae01571da1e18a2fcd6b85d70c19192b086,20260908,0.9.2,625,False,58.75104724659432,ELECTRICAL#19,ELECTRICAL,failure,21.751047246594318,21.751047246594318,21.751047246594318,PERFECT
aging-PERFECT,a781d2546489e692d824d9b320280ae01571da1e18a2fcd6b85d70c19192b086,20260908,0.9.2,625,False,62.65328726785034,AVIONICS#18,AVIONICS,repair,21.371456893286314,0.0,21.371456893286314,PERFECT
aging-PERFECT,a781d2546489e692d824d9b320280ae01571da1e18a2fcd6b85d70c19192b086,20260908,0.9.2,625,False,62.703548483825884,ELECTRICAL#19,ELECTRICAL,repair,21.751047246594318,0.0,21.751047246594318,PERFECT
aging-PERFECT,a781d2546489e692d824d9b320280ae01571da1e18a2fcd6b85d70c19192b086,20260908,0.9.2,626,False,59.06726132600194,ELECTRICAL#23,ELECTRICAL,failure,22.06726132600194,22.06726132600194,22.06726132600194,PERFECT
aging-PERFECT,a781d2546489e692d824d9b320280ae01571da1e18a2fcd6b85d70c19192b086,20260908,0.9.2,626,False,60.177814767866934,ELECTRICAL#23,ELECTRICAL,repair,22.06726132600194,0.0,22.06726132600194,PERFECT
aging-PERFECT,a781d2546489e692d824d9b320280ae01571da1e18a2fcd6b85d70c19192b086,20260908,0.9.2,627,False,34.429942992569245,POWERPLANT#13,POWERPLANT,failure,21.429942992569245,21.429942992569245,21.429942992569245,PERFECT
aging-PERFECT,a781d2546489e692d824d9b320280ae01571da1e18a2fcd6b85d70c19192b086,20260908,0.9.2,627,False,44.31797771152457,POWERPLANT#13,POWERPLANT,repair,21.429942992569245,0.0,21.429942992569245,PERFECT
aging-PERFECT,a781d2546489e692d824d9b320280ae01571da1e18a2fcd6b85d70c19192b086,20260908,0.9.2,628,False,57.33504034410717,HYDRAULIC#20,HYDRAULIC,failure,20.33504034410717,20.33504034410717,20.33504034410717,PERFECT
aging-PERFECT,a781d2546489e692d824d9b320280ae01571da1e18a2fcd6b85d70c19192b086,20260908,0.9.2,628,False,57.96823451295832,HYDRAULIC#20,HYDRAULIC,repair,20.33504034410717,0.0,20.33504034410717,PERFECT
aging-PERFECT,a781d2546489e692d824d9b320280ae01571da1e18a2fcd6b85d70c19192b086,20260908,0.9.2,629,False,10.266100577234104,AVIONICS#6,AVIONICS,failure,21.266100577234106,21.266100577234106,21.266100577234106,PERFECT
aging-PERFECT,a781d2546489e692d824d9b320280ae01571da1e18a2fcd6b85d70c19192b086,20260908,0.9.2,629,False,17.298617894022264,AVIONICS#6,AVIONICS,repair,21.266100577234106,0.0,21.266100577234106,PERFECT
aging-PERFECT,a781d2546489e692d824d9b320280ae01571da1e18a2fcd6b85d70c19192b086,20260908,0.9.2,629,False,34.70939169185056,HYDRAULIC#12,HYDRAULIC,failure,21.709391691850563,21.709391691850563,21.709391691850563,PERFECT
aging-PERFECT,a781d2546489e692d824d9b320280ae01571da1e18a2fcd6b85d70c19192b086,20260908,0.9.2,629,False,36.34695791231328,HYDRAULIC#12,HYDRAULIC,repair,21.709391691850563,0.0,21.709391691850563,PERFECT
aging-PERFECT,a781d2546489e692d824d9b320280ae01571da1e18a2fcd6b85d70c19192b086,20260908,0.9.2,631,False,10.279554496919978,ELECTRICAL#3,ELECTRICAL,failure,21.279554496919978,21.279554496919978,21.279554496919978,PERFECT
aging-PERFECT,a781d2546489e692d824d9b320280ae01571da1e18a2fcd6b85d70c19192b086,20260908,0.9.2,631,False,10.61691473958362,HYDRAULIC#8,HYDRAULIC,failure,21.61691473958362,21.61691473958362,21.61691473958362,PERFECT
aging-PERFECT,a781d2546489e692d824d9b320280ae01571da1e18a2fcd6b85d70c19192b086,20260908,0.9.2,631,False,11.218442809023047,ELECTRICAL#3,ELECTRICAL,repair,21.279554496919978,0.0,21.279554496919978,PERFECT
aging-PERFECT,a781d2546489e692d824d9b320280ae01571da1e18a2fcd6b85d70c19192b086,20260908,0.9.2,631,False,12.963507368470534,HYDRAULIC#8,HYDRAULIC,repair,21.61691473958362,0.0,21.61691473958362,PERFECT
aging-PERFECT,a781d2546489e692d824d9b320280ae01571da1e18a2fcd6b85d70c19192b086,20260908,0.9.2,631,False,33.3668037860147,AVIONICS#14,AVIONICS,failure,20.3668037860147,20.3668037860147,20.3668037860147,PERFECT
aging-PERFECT,a781d2546489e692d824d9b320280ae01571da1e18a2fcd6b85d70c19192b086,20260908,0.9.2,631,False,35.4245191198046,AVIONICS#14,AVIONICS,repair,20.3668037860147,0.0,20.3668037860147,PERFECT
aging-PERFECT,a781d2546489e692d824d9b320280ae01571da1e18a2fcd6b85d70c19192b086,20260908,0.9.2,632,False,9.764835494320947,POWERPLANT#5,POWERPLANT,failure,20.76483549432095,20.76483549432095,20.76483549432095,PERFECT
aging-PERFECT,a781d2546489e692d824d9b320280ae01571da1e18a2fcd6b85d70c19192b086,20260908,0.9.2,632,False,11.146711144044577,POWERPLANT#5,POWERPLANT,repair,20.76483549432095,0.0,20.76483549432095,PERFECT
aging-PERFECT,a781d2546489e692d824d9b320280ae01571da1e18a2fcd6b85d70c19192b086,20260908,0.9.2,632,False,35.30719701585787,HYDRAULIC#12,HYDRAULIC,failure,22.307197015857867,22.307197015857867,22.307197015857867,PERFECT
aging-PERFECT,a781d2546489e692d824d9b320280ae01571da1e18a2fcd6b85d70c19192b086,20260908,0.9.2,632,False,41.54292601240995,HYDRAULIC#12,HYDRAULIC,repair,22.307197015857867,0.0,22.307197015857867,PERFECT
aging-PERFECT,a781d2546489e692d824d9b320280ae01571da1e18a2fcd6b85d70c19192b086,20260908,0.9.2,633,False,59.809721251267774,ELECTRICAL#19,ELECTRICAL,failure,22.809721251267774,22.809721251267774,22.809721251267774,PERFECT
aging-PERFECT,a781d2546489e692d824d9b320280ae01571da1e18a2fcd6b85d70c19192b086,20260908,0.9.2,633,False,60.4219419186779,ELECTRICAL#19,ELECTRICAL,repair,22.809721251267774,0.0,22.809721251267774,PERFECT
aging-PERFECT,a781d2546489e692d824d9b320280ae01571da1e18a2fcd6b85d70c19192b086,20260908,0.9.2,634,False,57.19540695246749,POWERPLANT#21,POWERPLANT,failure,20.195406952467494,20.195406952467494,20.195406952467494,PERFECT
aging-PERFECT,a781d2546489e692d824d9b320280ae01571da1e18a2fcd6b85d70c19192b086,20260908,0.9.2,634,False,60.84823144613846,POWERPLANT#21,POWERPLANT,repair,20.195406952467494,0.0,20.195406952467494,PERFECT
aging-PERFECT,a781d2546489e692d824d9b320280ae01571da1e18a2fcd6b85d70c19192b086,20260908,0.9.2,636,False,9.466612056920091,HYDRAULIC#4,HYDRAULIC,failure,20.46661205692009,20.46661205692009,20.46661205692009,PERFECT
aging-PERFECT,a781d2546489e692d824d9b320280ae01571da1e18a2fcd6b85d70c19192b086,20260908,0.9.2,636,False,14.433297438298748,HYDRAULIC#4,HYDRAULIC,repair,20.46661205692009,0.0,20.46661205692009,PERFECT
aging-PERFECT,a781d2546489e692d824d9b320280ae01571da1e18a2fcd6b85d70c19192b086,20260908,0.9.2,637,False,11.402398332709382,HYDRAULIC#8,HYDRAULIC,failure,22.40239833270938,22.40239833270938,22.40239833270938,PERFECT
aging-PERFECT,a781d2546489e692d824d9b320280ae01571da1e18a2fcd6b85d70c19192b086,20260908,0.9.2,637,False,11.500236476354816,ELECTRICAL#7,ELECTRICAL,failure,22.500236476354814,22.500236476354814,22.500236476354814,PERFECT
aging-PERFECT,a781d2546489e692d824d9b320280ae01571da1e18a2fcd6b85d70c19192b086,20260908,0.9.2,637,False,14.52005298949804,HYDRAULIC#8,HYDRAULIC,repair,22.40239833270938,0.0,22.40239833270938,PERFECT
aging-PERFECT,a781d2546489e692d824d9b320280ae01571da1e18a2fcd6b85d70c19192b086,20260908,0.9.2,637,False,14.764201368613028,ELECTRICAL#7,ELECTRICAL,repair,22.500236476354814,0.0,22.500236476354814,PERFECT
aging-PERFECT,a781d2546489e692d824d9b320280ae01571da1e18a2fcd6b85d70c19192b086,20260908,0.9.2,637,False,35.64145596211906,HYDRAULIC#12,HYDRAULIC,failure,22.64145596211906,22.64145596211906,22.64145596211906,PERFECT
aging-PERFECT,a781d2546489e692d824d9b320280ae01571da1e18a2fcd6b85d70c19192b086,20260908,0.9.2,637,False,36.50172845996905,HYDRAULIC#12,HYDRAULIC,repair,22.64145596211906,0.0,22.64145596211906,PERFECT
aging-PERFECT,a781d2546489e692d824d9b320280ae01571da1e18a2fcd6b85d70c19192b086,20260908,0.9.2,638,False,11.266141547984187,ELECTRICAL#3,ELECTRICAL,failure,22.266141547984187,22.266141547984187,22.266141547984187,PERFECT
aging-PERFECT,a781d2546489e692d824d9b320280ae01571da1e18a2fcd6b85d70c19192b086,20260908,0.9.2,638,False,12.95845286895016,ELECTRICAL#3,ELECTRICAL,repair,22.266141547984187,0.0,22.266141547984187,PERFECT
aging-PERFECT,a781d2546489e692d824d9b320280ae01571da1e18a2fcd6b85d70c19192b086,20260908,0.9.2,638,False,35.10132152902794,POWERPLANT#9,POWERPLANT,failure,22.101321529027942,22.101321529027942,22.101321529027942,PERFECT
aging-PERFECT,a781d2546489e692d824d9b320280ae01571da1e18a2fcd6b85d70c19192b086,20260908,0.9.2,638,False,36.89870839113276,POWERPLANT#9,POWERPLANT,repair,22.101321529027942,0.0,22.101321529027942,PERFECT
aging-PERFECT,a781d2546489e692d824d9b320280ae01571da1e18a2fcd6b85d70c19192b086,20260908,0.9.2,638,False,59.28976312180388,ELECTRICAL#19,ELECTRICAL,failure,22.28976312180388,22.28976312180388,22.28976312180388,PERFECT
aging-PERFECT,a781d2546489e692d824d9b320280ae01571da1e18a2fcd6b85d70c19192b086,20260908,0.9.2,638,False,62.31516112585164,ELECTRICAL#19,ELECTRICAL,repair,22.28976312180388,0.0,22.28976312180388,PERFECT
aging-PERFECT,a781d2546489e692d824d9b320280ae01571da1e18a2fcd6b85d70c19192b086,20260908,0.9.2,640,False,59.983346112869214,HYDRAULIC#24,HYDRAULIC,failure,22.983346112869214,22.983346112869214,22.983346112869214,PERFECT
aging-PERFECT,a781d2546489e692d824d9b320280ae01571da1e18a2fcd6b85d70c19192b086,20260908,0.9.2,640,False,60.26224118322891,HYDRAULIC#24,HYDRAULIC,repair,22.983346112869214,0.0,22.983346112869214,PERFECT
aging-PERFECT,a781d2546489e692d824d9b320280ae01571da1e18a2fcd6b85d70c19192b086,20260908,0.9.2,641,False,33.325270586854565,ELECTRICAL#15,ELECTRICAL,failure,20.325270586854565,20.325270586854565,20.325270586854565,PERFECT
aging-PERFECT,a781d2546489e692d824d9b320280ae01571da1e18a2fcd6b85d70c19192b086,20260908,0.9.2,641,False,36.144920028418596,ELECTRICAL#15,ELECTRICAL,repair,20.325270586854565,0.0,20.325270586854565,PERFECT
aging-PERFECT,a781d2546489e692d824d9b320280ae01571da1e18a2fcd6b85d70c19192b086,20260908,0.9.2,641,False,59.87601546424019,AVIONICS#18,AVIONICS,failure,22.87601546424019,22.87601546424019,22.87601546424019,PERFECT
aging-PERFECT,a781d2546489e692d824d9b320280ae01571da1e18a2fcd6b85d70c19192b086,20260908,0.9.2,641,False,63.82658691223298,AVIONICS#18,AVIONICS,repair,22.87601546424019,0.0,22.87601546424019,PERFECT
aging-PERFECT,a781d2546489e692d824d9b320280ae01571da1e18a2fcd6b85d70c19192b086,20260908,0.9.2,642,False,10.450019502019844,ELECTRICAL#7,ELECTRICAL,failure,21.450019502019842,21.450019502019842,21.450019502019842,PERFECT
aging-PERFECT,a781d2546489e692d824d9b320280ae01571da1e18a2fcd6b85d70c19192b086,20260908,0.9.2,642,False,11.58836409662152,ELECTRICAL#7,ELECTRICAL,repair,21.450019502019842,0.0,21.450019502019842,PERFECT
aging-PERFECT,a781d2546489e692d824d9b320280ae01571da1e18a2fcd6b85d70c19192b086,20260908,0.9.2,642,False,33.211706577029446,ELECTRICAL#11,ELECTRICAL,failure,20.211706577029446,20.211706577029446,20.211706577029446,PERFECT
aging-PERFECT,a781d2546489e692d824d9b320280ae01571da1e18a2fcd6b85d70c19192b086,20260908,0.9.2,642,False,35.28423348011716,ELECTRICAL#11,ELECTRICAL,repair,20.211706577029446,0.0,20.211706577029446,PERFECT
aging-PERFECT,a781d2546489e692d824d9b320280ae01571da1e18a2fcd6b85d70c19192b086,20260908,0.9.2,642,False,58.77458949756223,HYDRAULIC#20,HYDRAULIC,failure,21.774589497562232,21.774589497562232,21.774589497562232,PERFECT
aging-PERFECT,a781d2546489e692d824d9b320280ae01571da1e18a2fcd6b85d70c19192b086,20260908,0.9.2,642,False,59.11267048925982,AVIONICS#18,AVIONICS,failure,22.11267048925982,22.11267048925982,22.11267048925982,PERFECT
aging-PERFECT,a781d2546489e692d824d9b320280ae01571da1e18a2fcd6b85d70c19192b086,20260908,0.9.2,642,False,65.07366664916881,HYDRAULIC#20,HYDRAULIC,repair,21.774589497562232,0.0,21.774589497562232,PERFECT
aging-PERFECT,a781d2546489e692d824d9b320280ae01571da1e18a2fcd6b85d70c19192b086,20260908,0.9.2,642,False,66.42185459915535,AVIONICS#18,AVIONICS,repair,22.11267048925982,0.0,22.11267048925982,PERFECT
aging-PERFECT,a781d2546489e692d824d9b320280ae01571da1e18a2fcd6b85d70c19192b086,20260908,0.9.2,643,False,9.300829408552229,HYDRAULIC#8,HYDRAULIC,failure,20.30082940855223,20.30082940855223,20.30082940855223,PERFECT
aging-PERFECT,a781d2546489e692d824d9b320280ae01571da1e18a2fcd6b85d70c19192b086,20260908,0.9.2,643,False,11.115640657384402,HYDRAULIC#8,HYDRAULIC,repair,20.30082940855223,0.0,20.30082940855223,PERFECT
aging-PERFECT,a781d2546489e692d824d9b320280ae01571da1e18a2fcd6b85d70c19192b086,20260908,0.9.2,643,False,34.802596689267006,ELECTRICAL#11,ELECTRICAL,failure,21.802596689267006,21.802596689267006,21.802596689267006,PERFECT
aging-PERFECT,a781d2546489e692d824d9b320280ae01571da1e18a2fcd6b85d70c19192b086,20260908,0.9.2,643,False,36.73493192430351,ELECTRICAL#11,ELECTRICAL,repair,21.802596689267006,0.0,21.802596689267006,PERFECT
aging-PERFECT,a781d2546489e692d824d9b320280ae01571da1e18a2fcd6b85d70c19192b086,20260908,0.9.2,643,False,58.25328724740236,HYDRAULIC#24,HYDRAULIC,failure,21.253287247402362,21.253287247402362,21.253287247402362,PERFECT
aging-PERFECT,a781d2546489e692d824d9b320280ae01571da1e18a2fcd6b85d70c19192b086,20260908,0.9.2,643,False,58.94369585387723,HYDRAULIC#24,HYDRAULIC,repair,21.253287247402362,0.0,21.253287247402362,PERFECT
aging-PERFECT,a781d2546489e692d824d9b320280ae01571da1e18a2fcd6b85d70c19192b086,20260908,0.9.2,644,False,34.19653499911903,AVIONICS#14,AVIONICS,failure,21.19653499911903,21.19653499911903,21.19653499911903,PERFECT
aging-PERFECT,a781d2546489e692d824d9b320280ae01571da1e18a2fcd6b85d70c19192b086,20260908,0.9.2,644,False,35.15185117889287,AVIONICS#14,AVIONICS,repair,21.19653499911903,0.0,21.19653499911903,PERFECT
aging-PERFECT,a781d2546489e692d824d9b320280ae01571da1e18a2fcd6b85d70c19192b086,20260908,0.9.2,645,False,33.617294135572244,AVIONICS#14,AVIONICS,failure,20.617294135572244,20.617294135572244,20.617294135572244,PERFECT
aging-PERFECT,a781d2546489e692d824d9b320280ae01571da1e18a2fcd6b85d70c19192b086,20260908,0.9.2,645,False,34.52044227949182,AVIONICS#14,AVIONICS,repair,20.617294135572244,0.0,20.617294135572244,PERFECT
aging-PERFECT,a781d2546489e692d824d9b320280ae01571da1e18a2fcd6b85d70c19192b086,20260908,0.9.2,645,False,59.603710569249856,ELECTRICAL#19,ELECTRICAL,failure,22.603710569249856,22.603710569249856,22.603710569249856,PERFECT
aging-PERFECT,a781d2546489e692d824d9b320280ae01571da1e18a2fcd6b85d70c19192b086,20260908,0.9.2,645,False,60.034772875800286,ELECTRICAL#19,ELECTRICAL,repair,22.603710569249856,0.0,22.603710569249856,PERFECT
aging-PERFECT,a781d2546489e692d824d9b320280ae01571da1e18a2fcd6b85d70c19192b086,20260908,0.9.2,646,False,57.27119168444543,ELECTRICAL#19,ELECTRICAL,failure,20.271191684445427,20.271191684445427,20.271191684445427,PERFECT
aging-PERFECT,a781d2546489e692d824d9b320280ae01571da1e18a2fcd6b85d70c19192b086,20260908,0.9.2,646,False,62.5679476803997,ELECTRICAL#19,ELECTRICAL,repair,20.271191684445427,0.0,20.271191684445427,PERFECT
aging-PERFECT,a781d2546489e692d824d9b320280ae01571da1e18a2fcd6b85d70c19192b086,20260908,0.9.2,647,False,11.242540674051922,AVIONICS#6,AVIONICS,failure,22.242540674051924,22.242540674051924,22.242540674051924,PERFECT
aging-PERFECT,a781d2546489e692d824d9b320280ae01571da1e18a2fcd6b85d70c19192b086,20260908,0.9.2,647,False,11.600432055791929,ELECTRICAL#3,ELECTRICAL,failure,22.600432055791927,22.600432055791927,22.600432055791927,PERFECT
aging-PERFECT,a781d2546489e692d824d9b320280ae01571da1e18a2fcd6b85d70c19192b086,20260908,0.9.2,647,False,12.111504995343715,ELECTRICAL#3,ELECTRICAL,repair,22.600432055791927,0.0,22.600432055791927,PERFECT
aging-PERFECT,a781d2546489e692d824d9b320280ae01571da1e18a2fcd6b85d70c19192b086,20260908,0.9.2,647,False,12.66059561643697,AVIONICS#6,AVIONICS,repair,22.242540674051924,0.0,22.242540674051924,PERFECT
aging-PERFECT,a781d2546489e692d824d9b320280ae01571da1e18a2fcd6b85d70c19192b086,20260908,0.9.2,647,False,57.57429156264915,AVIONICS#18,AVIONICS,failure,20.57429156264915,20.57429156264915,20.57429156264915,PERFECT
aging-PERFECT,a781d2546489e692d824d9b320280ae01571da1e18a2fcd6b85d70c19192b086,20260908,0.9.2,647,False,58.12795236404503,AVIONICS#18,AVIONICS,repair,20.57429156264915,0.0,20.57429156264915,PERFECT
aging-PERFECT,a781d2546489e692d824d9b320280ae01571da1e18a2fcd6b85d70c19192b086,20260908,0.9.2,648,False,33.668235954004516,AVIONICS#14,AVIONICS,failure,20.668235954004516,20.668235954004516,20.668235954004516,PERFECT
aging-PERFECT,a781d2546489e692d824d9b320280ae01571da1e18a2fcd6b85d70c19192b086,20260908,0.9.2,648,False,35.76624111520953,AVIONICS#14,AVIONICS,repair,20.668235954004516,0.0,20.668235954004516,PERFECT
aging-PERFECT,a781d2546489e692d824d9b320280ae01571da1e18a2fcd6b85d70c19192b086,20260908,0.9.2,649,False,10.589406618515483,ELECTRICAL#3,ELECTRICAL,failure,21.589406618515483,21.589406618515483,21.589406618515483,PERFECT
aging-PERFECT,a781d2546489e692d824d9b320280ae01571da1e18a2fcd6b85d70c19192b086,20260908,0.9.2,649,False,11.66690861803886,ELECTRICAL#3,ELECTRICAL,repair,21.589406618515483,0.0,21.589406618515483,PERFECT
aging-PERFECT,a781d2546489e692d824d9b320280ae01571da1e18a2fcd6b85d70c19192b086,20260908,0.9.2,649,False,34.22868666457959,POWERPLANT#13,POWERPLANT,failure,21.22868666457959,21.22868666457959,21.22868666457959,PERFECT
aging-PERFECT,a781d2546489e692d824d9b320280ae01571da1e18a2fcd6b85d70c19192b086,20260908,0.9.2,649,False,37.79642694917543,POWERPLANT#13,POWERPLANT,repair,21.22868666457959,0.0,21.22868666457959,PERFECT
aging-PERFECT,a781d2546489e692d824d9b320280ae01571da1e18a2fcd6b85d70c19192b086,20260908,0.9.2,651,False,33.910246522614656,AVIONICS#10,AVIONICS,failure,20.910246522614656,20.910246522614656,20.910246522614656,PERFECT
aging-PERFECT,a781d2546489e692d824d9b320280ae01571da1e18a2fcd6b85d70c19192b086,20260908,0.9.2,651,False,39.32188256733367,AVIONICS#10,AVIONICS,repair,20.910246522614656,0.0,20.910246522614656,PERFECT
aging-PERFECT,a781d2546489e692d824d9b320280ae01571da1e18a2fcd6b85d70c19192b086,20260908,0.9.2,651,False,59.86946849394087,AVIONICS#22,AVIONICS,failure,22.86946849394087,22.86946849394087,22.86946849394087,PERFECT
aging-PERFECT,a781d2546489e692d824d9b320280ae01571da1e18a2fcd6b85d70c19192b086,20260908,0.9.2,651,False,60.570213328096735,AVIONICS#22,AVIONICS,repair,22.86946849394087,0.0,22.86946849394087,PERFECT
aging-PERFECT,a781d2546489e692d824d9b320280ae01571da1e18a2fcd6b85d70c19192b086,20260908,0.9.2,652,False,59.32187808537755,POWERPLANT#17,POWERPLANT,failure,22.32187808537755,22.32187808537755,22.32187808537755,PERFECT
aging-PERFECT,a781d2546489e692d824d9b320280ae01571da1e18a2fcd6b85d70c19192b086,20260908,0.9.2,652,False,61.380172706500204,POWERPLANT#17,POWERPLANT,repair,22.32187808537755,0.0,22.32187808537755,PERFECT
aging-PERFECT,a781d2546489e692d824d9b320280ae01571da1e18a2fcd6b85d70c19192b086,20260908,0.9.2,653,False,34.90701916069305,AVIONICS#10,AVIONICS,failure,21.907019160693054,21.907019160693054,21.907019160693054,PERFECT
aging-PERFECT,a781d2546489e692d824d9b320280ae01571da1e18a2fcd6b85d70c19192b086,20260908,0.9.2,653,False,35.096110021448766,AVIONICS#14,AVIONICS,failure,22.096110021448766,22.096110021448766,22.096110021448766,PERFECT
aging-PERFECT,a781d2546489e692d824d9b320280ae01571da1e18a2fcd6b85d70c19192b086,20260908,0.9.2,653,False,35.582775412379824,AVIONICS#14,AVIONICS,repair,22.096110021448766,0.0,22.096110021448766,PERFECT
aging-PERFECT,a781d2546489e692d824d9b320280ae01571da1e18a2fcd6b85d70c19192b086,20260908,0.9.2,653,False,37.45091469171139,AVIONICS#10,AVIONICS,repair,21.907019160693054,0.0,21.907019160693054,PERFECT
aging-PERFECT,a781d2546489e692d824d9b320280ae01571da1e18a2fcd6b85d70c19192b086,20260908,0.9.2,654,False,9.388421829564757,AVIONICS#6,AVIONICS,failure,20.388421829564756,20.388421829564756,20.388421829564756,PERFECT
aging-PERFECT,a781d2546489e692d824d9b320280ae01571da1e18a2fcd6b85d70c19192b086,20260908,0.9.2,654,False,13.118852217730915,AVIONICS#6,AVIONICS,repair,20.388421829564756,0.0,20.388421829564756,PERFECT
aging-PERFECT,a781d2546489e692d824d9b320280ae01571da1e18a2fcd6b85d70c19192b086,20260908,0.9.2,654,False,59.60644209003433,HYDRAULIC#24,HYDRAULIC,failure,22.606442090034328,22.606442090034328,22.606442090034328,PERFECT
aging-PERFECT,a781d2546489e692d824d9b320280ae01571da1e18a2fcd6b85d70c19192b086,20260908,0.9.2,654,False,60.73215510716251,HYDRAULIC#24,HYDRAULIC,repair,22.606442090034328,0.0,22.606442090034328,PERFECT
aging-PERFECT,a781d2546489e692d824d9b320280ae01571da1e18a2fcd6b85d70c19192b086,20260908,0.9.2,655,False,9.149584605168876,HYDRAULIC#4,HYDRAULIC,failure,20.149584605168876,20.149584605168876,20.149584605168876,PERFECT
aging-PERFECT,a781d2546489e692d824d9b320280ae01571da1e18a2fcd6b85d70c19192b086,20260908,0.9.2,655,False,9.931109542486885,HYDRAULIC#4,HYDRAULIC,repair,20.149584605168876,0.0,20.149584605168876,PERFECT
aging-PERFECT,a781d2546489e692d824d9b320280ae01571da1e18a2fcd6b85d70c19192b086,20260908,0.9.2,655,False,34.83467349064412,ELECTRICAL#11,ELECTRICAL,failure,21.83467349064412,21.83467349064412,21.83467349064412,PERFECT
aging-PERFECT,a781d2546489e692d824d9b320280ae01571da1e18a2fcd6b85d70c19192b086,20260908,0.9.2,655,False,36.498138673723815,ELECTRICAL#11,ELECTRICAL,repair,21.83467349064412,0.0,21.83467349064412,PERFECT
aging-PERFECT,a781d2546489e692d824d9b320280ae01571da1e18a2fcd6b85d70c19192b086,20260908,0.9.2,656,False,9.848110670934934,ELECTRICAL#3,ELECTRICAL,failure,20.848110670934936,20.848110670934936,20.848110670934936,PERFECT
aging-PERFECT,a781d2546489e692d824d9b320280ae01571da1e18a2fcd6b85d70c19192b086,20260908,0.9.2,656,False,13.206357346828444,ELECTRICAL#3,ELECTRICAL,repair,20.848110670934936,0.0,20.848110670934936,PERFECT
aging-PERFECT,a781d2546489e692d824d9b320280ae01571da1e18a2fcd6b85d70c19192b086,20260908,0.9.2,656,False,33.583155922112226,AVIONICS#14,AVIONICS,failure,20.583155922112226,20.583155922112226,20.583155922112226,PERFECT
aging-PERFECT,a781d2546489e692d824d9b320280ae01571da1e18a2fcd6b85d70c19192b086,20260908,0.9.2,656,False,37.86974898313496,AVIONICS#14,AVIONICS,repair,20.583155922112226,0.0,20.583155922112226,PERFECT
aging-PERFECT,a781d2546489e692d824d9b320280ae01571da1e18a2fcd6b85d70c19192b086,20260908,0.9.2,657,False,11.86592153693719,AVIONICS#2,AVIONICS,failure,22.86592153693719,22.86592153693719,22.86592153693719,PERFECT
aging-PERFECT,a781d2546489e692d824d9b320280ae01571da1e18a2fcd6b85d70c19192b086,20260908,0.9.2,657,False,12.61839955821039,AVIONICS#2,AVIONICS,repair,22.86592153693719,0.0,22.86592153693719,PERFECT
aging-PERFECT,a781d2546489e692d824d9b320280ae01571da1e18a2fcd6b85d70c19192b086,20260908,0.9.2,657,False,34.327934860771585,POWERPLANT#13,POWERPLANT,failure,21.327934860771585,21.327934860771585,21.327934860771585,PERFECT
aging-PERFECT,a781d2546489e692d824d9b320280ae01571da1e18a2fcd6b85d70c19192b086,20260908,0.9.2,657,False,35.52037313315352,POWERPLANT#13,POWERPLANT,repair,21.327934860771585,0.0,21.327934860771585,PERFECT
aging-PERFECT,a781d2546489e692d824d9b320280ae01571da1e18a2fcd6b85d70c19192b086,20260908,0.9.2,658,False,57.209199164566,HYDRAULIC#20,HYDRAULIC,failure,20.209199164566,20.209199164566,20.209199164566,PERFECT
aging-PERFECT,a781d2546489e692d824d9b320280ae01571da1e18a2fcd6b85d70c19192b086,20260908,0.9.2,658,False,58.500667111354055,HYDRAULIC#20,HYDRAULIC,repair,20.209199164566,0.0,20.209199164566,PERFECT
aging-PERFECT,a781d2546489e692d824d9b320280ae01571da1e18a2fcd6b85d70c19192b086,20260908,0.9.2,659,False,9.108591642411723,ELECTRICAL#7,ELECTRICAL,failure,20.108591642411724,20.108591642411724,20.108591642411724,PERFECT
aging-PERFECT,a781d2546489e692d824d9b320280ae01571da1e18a2fcd6b85d70c19192b086,20260908,0.9.2,659,False,12.68995827232824,ELECTRICAL#7,ELECTRICAL,repair,20.108591642411724,0.0,20.108591642411724,PERFECT
aging-PERFECT,a781d2546489e692d824d9b320280ae01571da1e18a2fcd6b85d70c19192b086,20260908,0.9.2,659,False,33.01344385906841,ELECTRICAL#15,ELECTRICAL,failure,20.01344385906841,20.01344385906841,20.01344385906841,PERFECT
aging-PERFECT,a781d2546489e692d824d9b320280ae01571da1e18a2fcd6b85d70c19192b086,20260908,0.9.2,659,False,33.63152140274489,ELECTRICAL#15,ELECTRICAL,repair,20.01344385906841,0.0,20.01344385906841,PERFECT
aging-PERFECT,a781d2546489e692d824d9b320280ae01571da1e18a2fcd6b85d70c19192b086,20260908,0.9.2,659,False,58.74136715129782,HYDRAULIC#20,HYDRAULIC,failure,21.741367151297823,21.741367151297823,21.741367151297823,PERFECT
aging-PERFECT,a781d2546489e692d824d9b320280ae01571da1e18a2fcd6b85d70c19192b086,20260908,0.9.2,659,False,62.55819686811291,HYDRAULIC#20,HYDRAULIC,repair,21.741367151297823,0.0,21.741367151297823,PERFECT
aging-PERFECT,a781d2546489e692d824d9b320280ae01571da1e18a2fcd6b85d70c19192b086,20260908,0.9.2,660,False,10.712359393398113,AVIONICS#2,AVIONICS,failure,21.712359393398113,21.712359393398113,21.712359393398113,PERFECT
aging-PERFECT,a781d2546489e692d824d9b320280ae01571da1e18a2fcd6b85d70c19192b086,20260908,0.9.2,660,False,11.678749054404001,AVIONICS#2,AVIONICS,repair,21.712359393398113,0.0,21.712359393398113,PERFECT
aging-PERFECT,a781d2546489e692d824d9b320280ae01571da1e18a2fcd6b85d70c19192b086,20260908,0.9.2,660,False,34.72632161134768,AVIONICS#14,AVIONICS,failure,21.72632161134768,21.72632161134768,21.72632161134768,PERFECT
aging-PERFECT,a781d2546489e692d824d9b320280ae01571da1e18a2fcd6b85d70c19192b086,20260908,0.9.2,660,False,35.64618313330083,AVIONICS#14,AVIONICS,repair,21.72632161134768,0.0,21.72632161134768,PERFECT
aging-PERFECT,a781d2546489e692d824d9b320280ae01571da1e18a2fcd6b85d70c19192b086,20260908,0.9.2,661,False,9.659901677239214,AVIONICS#6,AVIONICS,failure,20.659901677239212,20.659901677239212,20.659901677239212,PERFECT
aging-PERFECT,a781d2546489e692d824d9b320280ae01571da1e18a2fcd6b85d70c19192b086,20260908,0.9.2,661,False,15.160606008020899,AVIONICS#6,AVIONICS,repair,20.659901677239212,0.0,20.659901677239212,PERFECT
aging-PERFECT,a781d2546489e692d824d9b320280ae01571da1e18a2fcd6b85d70c19192b086,20260908,0.9.2,661,False,33.33393534942667,HYDRAULIC#16,HYDRAULIC,failure,20.333935349426667,20.333935349426667,20.333935349426667,PERFECT
aging-PERFECT,a781d2546489e692d824d9b320280ae01571da1e18a2fcd6b85d70c19192b086,20260908,0.9.2,661,False,35.102728641092575,HYDRAULIC#16,HYDRAULIC,repair,20.333935349426667,0.0,20.333935349426667,PERFECT
aging-PERFECT,a781d2546489e692d824d9b320280ae01571da1e18a2fcd6b85d70c19192b086,20260908,0.9.2,661,False,58.30870085511766,AVIONICS#18,AVIONICS,failure,21.308700855117657,21.308700855117657,21.308700855117657,PERFECT
aging-PERFECT,a781d2546489e692d824d9b320280ae01571da1e18a2fcd6b85d70c19192b086,20260908,0.9.2,661,False,59.78155808232553,AVIONICS#18,AVIONICS,repair,21.308700855117657,0.0,21.308700855117657,PERFECT
aging-PERFECT,a781d2546489e692d824d9b320280ae01571da1e18a2fcd6b85d70c19192b086,20260908,0.9.2,663,False,35.09291625187406,AVIONICS#14,AVIONICS,failure,22.09291625187406,22.09291625187406,22.09291625187406,PERFECT
aging-PERFECT,a781d2546489e692d824d9b320280ae01571da1e18a2fcd6b85d70c19192b086,20260908,0.9.2,663,False,39.54256269101832,AVIONICS#14,AVIONICS,repair,22.09291625187406,0.0,22.09291625187406,PERFECT
aging-PERFECT,a781d2546489e692d824d9b320280ae01571da1e18a2fcd6b85d70c19192b086,20260908,0.9.2,663,False,58.815933046842,POWERPLANT#17,POWERPLANT,failure,21.815933046841998,21.815933046841998,21.815933046841998,PERFECT
aging-PERFECT,a781d2546489e692d824d9b320280ae01571da1e18a2fcd6b85d70c19192b086,20260908,0.9.2,663,False,60.45833453326661,POWERPLANT#17,POWERPLANT,repair,21.815933046841998,0.0,21.815933046841998,PERFECT
aging-PERFECT,a781d2546489e692d824d9b320280ae01571da1e18a2fcd6b85d70c19192b086,20260908,0.9.2,664,False,10.65757004686041,ELECTRICAL#7,ELECTRICAL,failure,21.65757004686041,21.65757004686041,21.65757004686041,PERFECT
aging-PERFECT,a781d2546489e692d824d9b320280ae01571da1e18a2fcd6b85d70c19192b086,20260908,0.9.2,664,False,11.337489251500013,ELECTRICAL#7,ELECTRICAL,repair,21.65757004686041,0.0,21.65757004686041,PERFECT
aging-PERFECT,a781d2546489e692d824d9b320280ae01571da1e18a2fcd6b85d70c19192b086,20260908,0.9.2,664,False,34.921698931294756,HYDRAULIC#16,HYDRAULIC,failure,21.921698931294756,21.921698931294756,21.921698931294756,PERFECT
aging-PERFECT,a781d2546489e692d824d9b320280ae01571da1e18a2fcd6b85d70c19192b086,20260908,0.9.2,664,False,36.16908454261959,HYDRAULIC#16,HYDRAULIC,repair,21.921698931294756,0.0,21.921698931294756,PERFECT
aging-PERFECT,a781d2546489e692d824d9b320280ae01571da1e18a2fcd6b85d70c19192b086,20260908,0.9.2,664,False,57.42726467967398,POWERPLANT#21,POWERPLANT,failure,20.427264679673982,20.427264679673982,20.427264679673982,PERFECT
aging-PERFECT,a781d2546489e692d824d9b320280ae01571da1e18a2fcd6b85d70c19192b086,20260908,0.9.2,664,False,59.61797293738289,POWERPLANT#21,POWERPLANT,repair,20.427264679673982,0.0,20.427264679673982,PERFECT
aging-PERFECT,a781d2546489e692d824d9b320280ae01571da1e18a2fcd6b85d70c19192b086,20260908,0.9.2,665,False,10.142621439401871,AVIONICS#6,AVIONICS,failure,21.14262143940187,21.14262143940187,21.14262143940187,PERFECT
aging-PERFECT,a781d2546489e692d824d9b320280ae01571da1e18a2fcd6b85d70c19192b086,20260908,0.9.2,665,False,10.837799045042606,AVIONICS#6,AVIONICS,repair,21.14262143940187,0.0,21.14262143940187,PERFECT
aging-PERFECT,a781d2546489e692d824d9b320280ae01571da1e18a2fcd6b85d70c19192b086,20260908,0.9.2,666,False,57.471215206451475,ELECTRICAL#23,ELECTRICAL,failure,20.471215206451475,20.471215206451475,20.471215206451475,PERFECT
aging-PERFECT,a781d2546489e692d824d9b320280ae01571da1e18a2fcd6b85d70c19192b086,20260908,0.9.2,666,False,57.85322561643666,AVIONICS#18,AVIONICS,failure,20.85322561643666,20.85322561643666,20.85322561643666,PERFECT
aging-PERFECT,a781d2546489e692d824d9b320280ae01571da1e18a2fcd6b85d70c19192b086,20260908,0.9.2,666,False,58.30074590813882,ELECTRICAL#23,ELECTRICAL,repair,20.471215206451475,0.0,20.471215206451475,PERFECT
aging-PERFECT,a781d2546489e692d824d9b320280ae01571da1e18a2fcd6b85d70c19192b086,20260908,0.9.2,666,False,58.3832644484826,AVIONICS#18,AVIONICS,repair,20.85322561643666,0.0,20.85322561643666,PERFECT
aging-PERFECT,a781d2546489e692d824d9b320280ae01571da1e18a2fcd6b85d70c19192b086,20260908,0.9.2,667,False,34.51906182091127,HYDRAULIC#16,HYDRAULIC,failure,21.51906182091127,21.51906182091127,21.51906182091127,PERFECT
aging-PERFECT,a781d2546489e692d824d9b320280ae01571da1e18a2fcd6b85d70c19192b086,20260908,0.9.2,667,False,35.36637776455382,HYDRAULIC#16,HYDRAULIC,repair,21.51906182091127,0.0,21.51906182091127,PERFECT
aging-PERFECT,a781d2546489e692d824d9b320280ae01571da1e18a2fcd6b85d70c19192b086,20260908,0.9.2,668,False,10.804383377400665,AVIONICS#2,AVIONICS,failure,21.804383377400665,21.804383377400665,21.804383377400665,PERFECT
aging-PERFECT,a781d2546489e692d824d9b320280ae01571da1e18a2fcd6b85d70c19192b086,20260908,0.9.2,668,False,12.151981365642008,AVIONICS#2,AVIONICS,repair,21.804383377400665,0.0,21.804383377400665,PERFECT
aging-PERFECT,a781d2546489e692d824d9b320280ae01571da1e18a2fcd6b85d70c19192b086,20260908,0.9.2,668,False,58.78966069916573,HYDRAULIC#20,HYDRAULIC,failure,21.78966069916573,21.78966069916573,21.78966069916573,PERFECT
aging-PERFECT,a781d2546489e692d824d9b320280ae01571da1e18a2fcd6b85d70c19192b086,20260908,0.9.2,668,False,60.42640130512249,HYDRAULIC#20,HYDRAULIC,repair,21.78966069916573,0.0,21.78966069916573,PERFECT
aging-PERFECT,a781d2546489e692d824d9b320280ae01571da1e18a2fcd6b85d70c19192b086,20260908,0.9.2,669,False,11.50090823685932,AVIONICS#6,AVIONICS,failure,22.50090823685932,22.50090823685932,22.50090823685932,PERFECT
aging-PERFECT,a781d2546489e692d824d9b320280ae01571da1e18a2fcd6b85d70c19192b086,20260908,0.9.2,669,False,12.111367807325697,AVIONICS#6,AVIONICS,repair,22.50090823685932,0.0,22.50090823685932,PERFECT
aging-PERFECT,a781d2546489e692d824d9b320280ae01571da1e18a2fcd6b85d70c19192b086,20260908,0.9.2,669,False,57.66642726355555,ELECTRICAL#19,ELECTRICAL,failure,20.666427263555548,20.666427263555548,20.666427263555548,PERFECT
aging-PERFECT,a781d2546489e692d824d9b320280ae01571da1e18a2fcd6b85d70c19192b086,20260908,0.9.2,669,False,61.42307681118379,ELECTRICAL#19,ELECTRICAL,repair,20.666427263555548,0.0,20.666427263555548,PERFECT
aging-PERFECT,a781d2546489e692d824d9b320280ae01571da1e18a2fcd6b85d70c19192b086,20260908,0.9.2,670,False,10.684796965832074,HYDRAULIC#8,HYDRAULIC,failure,21.684796965832074,21.684796965832074,21.684796965832074,PERFECT
aging-PERFECT,a781d2546489e692d824d9b320280ae01571da1e18a2fcd6b85d70c19192b086,20260908,0.9.2,670,False,11.847756545565659,HYDRAULIC#8,HYDRAULIC,repair,21.684796965832074,0.0,21.684796965832074,PERFECT
aging-PERFECT,a781d2546489e692d824d9b320280ae01571da1e18a2fcd6b85d70c19192b086,20260908,0.9.2,670,False,34.214530106644354,ELECTRICAL#15,ELECTRICAL,failure,21.214530106644354,21.214530106644354,21.214530106644354,PERFECT
aging-PERFECT,a781d2546489e692d824d9b320280ae01571da1e18a2fcd6b85d70c19192b086,20260908,0.9.2,670,False,37.98878797375651,ELECTRICAL#15,ELECTRICAL,repair,21.214530106644354,0.0,21.214530106644354,PERFECT
aging-PERFECT,a781d2546489e692d824d9b320280ae01571da1e18a2fcd6b85d70c19192b086,20260908,0.9.2,671,False,9.470925492247293,ELECTRICAL#7,ELECTRICAL,failure,20.470925492247293,20.470925492247293,20.470925492247293,PERFECT
aging-PERFECT,a781d2546489e692d824d9b320280ae01571da1e18a2fcd6b85d70c19192b086,20260908,0.9.2,671,False,11.30427702719411,ELECTRICAL#7,ELECTRICAL,repair,20.470925492247293,0.0,20.470925492247293,PERFECT
aging-PERFECT,a781d2546489e692d824d9b320280ae01571da1e18a2fcd6b85d70c19192b086,20260908,0.9.2,671,False,33.187599787380904,POWERPLANT#9,POWERPLANT,failure,20.187599787380904,20.187599787380904,20.187599787380904,PERFECT
aging-PERFECT,a781d2546489e692d824d9b320280ae01571da1e18a2fcd6b85d70c19192b086,20260908,0.9.2,671,False,33.79551080605843,POWERPLANT#9,POWERPLANT,repair,20.187599787380904,0.0,20.187599787380904,PERFECT
aging-PERFECT,a781d2546489e692d824d9b320280ae01571da1e18a2fcd6b85d70c19192b086,20260908,0.9.2,672,False,11.175914387283306,POWERPLANT#5,POWERPLANT,failure,22.175914387283306,22.175914387283306,22.175914387283306,PERFECT
aging-PERFECT,a781d2546489e692d824d9b320280ae01571da1e18a2fcd6b85d70c19192b086,20260908,0.9.2,672,False,11.76287803603069,POWERPLANT#5,POWERPLANT,repair,22.175914387283306,0.0,22.175914387283306,PERFECT
aging-PERFECT,a781d2546489e692d824d9b320280ae01571da1e18a2fcd6b85d70c19192b086,20260908,0.9.2,672,False,59.07834867483621,ELECTRICAL#23,ELECTRICAL,failure,22.078348674836207,22.078348674836207,22.078348674836207,PERFECT
aging-PERFECT,a781d2546489e692d824d9b320280ae01571da1e18a2fcd6b85d70c19192b086,20260908,0.9.2,672,False,62.4683635232878,ELECTRICAL#23,ELECTRICAL,repair,22.078348674836207,0.0,22.078348674836207,PERFECT
aging-PERFECT,a781d2546489e692d824d9b320280ae01571da1e18a2fcd6b85d70c19192b086,20260908,0.9.2,673,False,11.811375477976732,POWERPLANT#1,POWERPLANT,failure,22.811375477976732,22.811375477976732,22.811375477976732,PERFECT
aging-PERFECT,a781d2546489e692d824d9b320280ae01571da1e18a2fcd6b85d70c19192b086,20260908,0.9.2,673,False,12.057977331469322,POWERPLANT#1,POWERPLANT,repair,22.811375477976732,0.0,22.811375477976732,PERFECT
aging-PERFECT,a781d2546489e692d824d9b320280ae01571da1e18a2fcd6b85d70c19192b086,20260908,0.9.2,673,False,58.22929306169625,POWERPLANT#21,POWERPLANT,failure,21.229293061696247,21.229293061696247,21.229293061696247,PERFECT
aging-PERFECT,a781d2546489e692d824d9b320280ae01571da1e18a2fcd6b85d70c19192b086,20260908,0.9.2,673,False,59.10897548304223,POWERPLANT#21,POWERPLANT,repair,21.229293061696247,0.0,21.229293061696247,PERFECT
aging-PERFECT,a781d2546489e692d824d9b320280ae01571da1e18a2fcd6b85d70c19192b086,20260908,0.9.2,674,False,9.88422142880811,POWERPLANT#1,POWERPLANT,failure,20.88422142880811,20.88422142880811,20.88422142880811,PERFECT
aging-PERFECT,a781d2546489e692d824d9b320280ae01571da1e18a2fcd6b85d70c19192b086,20260908,0.9.2,674,False,15.941026723483363,POWERPLANT#1,POWERPLANT,repair,20.88422142880811,0.0,20.88422142880811,PERFECT
aging-PERFECT,a781d2546489e692d824d9b320280ae01571da1e18a2fcd6b85d70c19192b086,20260908,0.9.2,674,False,34.324499531202264,AVIONICS#14,AVIONICS,failure,21.324499531202264,21.324499531202264,21.324499531202264,PERFECT
aging-PERFECT,a781d2546489e692d824d9b320280ae01571da1e18a2fcd6b85d70c19192b086,20260908,0.9.2,674,False,38.77451433801381,AVIONICS#14,AVIONICS,repair,21.324499531202264,0.0,21.324499531202264,PERFECT
aging-PERFECT,a781d2546489e692d824d9b320280ae01571da1e18a2fcd6b85d70c19192b086,20260908,0.9.2,674,False,59.19568887395711,ELECTRICAL#23,ELECTRICAL,failure,22.19568887395711,22.19568887395711,22.19568887395711,PERFECT
aging-PERFECT,a781d2546489e692d824d9b320280ae01571da1e18a2fcd6b85d70c19192b086,20260908,0.9.2,674,False,60.21250635232464,ELECTRICAL#23,ELECTRICAL,repair,22.19568887395711,0.0,22.19568887395711,PERFECT
aging-PERFECT,a781d2546489e692d824d9b320280ae01571da1e18a2fcd6b85d70c19192b086,20260908,0.9.2,676,False,33.955818762227636,POWERPLANT#9,POWERPLANT,failure,20.955818762227636,20.955818762227636,20.955818762227636,PERFECT
aging-PERFECT,a781d2546489e692d824d9b320280ae01571da1e18a2fcd6b85d70c19192b086,20260908,0.9.2,676,False,35.66457538672683,POWERPLANT#9,POWERPLANT,repair,20.955818762227636,0.0,20.955818762227636,PERFECT
aging-PERFECT,a781d2546489e692d824d9b320280ae01571da1e18a2fcd6b85d70c19192b086,20260908,0.9.2,676,False,58.794299249240396,HYDRAULIC#24,HYDRAULIC,failure,21.794299249240396,21.794299249240396,21.794299249240396,PERFECT
aging-PERFECT,a781d2546489e692d824d9b320280ae01571da1e18a2fcd6b85d70c19192b086,20260908,0.9.2,676,False,60.50538843686036,HYDRAULIC#24,HYDRAULIC,repair,21.794299249240396,0.0,21.794299249240396,PERFECT
aging-PERFECT,a781d2546489e692d824d9b320280ae01571da1e18a2fcd6b85d70c19192b086,20260908,0.9.2,677,False,10.71685888124913,AVIONICS#2,AVIONICS,failure,21.71685888124913,21.71685888124913,21.71685888124913,PERFECT
aging-PERFECT,a781d2546489e692d824d9b320280ae01571da1e18a2fcd6b85d70c19192b086,20260908,0.9.2,677,False,13.340286551802125,AVIONICS#2,AVIONICS,repair,21.71685888124913,0.0,21.71685888124913,PERFECT
aging-PERFECT,a781d2546489e692d824d9b320280ae01571da1e18a2fcd6b85d70c19192b086,20260908,0.9.2,678,False,59.48811055542731,POWERPLANT#17,POWERPLANT,failure,22.488110555427312,22.488110555427312,22.488110555427312,PERFECT
aging-PERFECT,a781d2546489e692d824d9b320280ae01571da1e18a2fcd6b85d70c19192b086,20260908,0.9.2,678,False,60.8882612964535,POWERPLANT#17,POWERPLANT,repair,22.488110555427312,0.0,22.488110555427312,PERFECT
aging-PERFECT,a781d2546489e692d824d9b320280ae01571da1e18a2fcd6b85d70c19192b086,20260908,0.9.2,679,False,34.19657302666649,POWERPLANT#9,POWERPLANT,failure,21.196573026666492,21.196573026666492,21.196573026666492,PERFECT
aging-PERFECT,a781d2546489e692d824d9b320280ae01571da1e18a2fcd6b85d70c19192b086,20260908,0.9.2,679,False,35.61677645891099,POWERPLANT#9,POWERPLANT,repair,21.196573026666492,0.0,21.196573026666492,PERFECT
aging-PERFECT,a781d2546489e692d824d9b320280ae01571da1e18a2fcd6b85d70c19192b086,20260908,0.9.2,680,False,9.183401223263782,POWERPLANT#1,POWERPLANT,failure,20.183401223263782,20.183401223263782,20.183401223263782,PERFECT
aging-PERFECT,a781d2546489e692d824d9b320280ae01571da1e18a2fcd6b85d70c19192b086,20260908,0.9.2,680,False,10.056574853873558,POWERPLANT#1,POWERPLANT,repair,20.183401223263782,0.0,20.183401223263782,PERFECT
aging-PERFECT,a781d2546489e692d824d9b320280ae01571da1e18a2fcd6b85d70c19192b086,20260908,0.9.2,680,False,59.87762515514137,HYDRAULIC#20,HYDRAULIC,failure,22.877625155141367,22.877625155141367,22.877625155141367,PERFECT
aging-PERFECT,a781d2546489e692d824d9b320280ae01571da1e18a2fcd6b85d70c19192b086,20260908,0.9.2,680,False,64.79351941737126,HYDRAULIC#20,HYDRAULIC,repair,22.877625155141367,0.0,22.877625155141367,PERFECT
aging-PERFECT,a781d2546489e692d824d9b320280ae01571da1e18a2fcd6b85d70c19192b086,20260908,0.9.2,682,False,10.658721413706568,AVIONICS#2,AVIONICS,failure,21.658721413706566,21.658721413706566,21.658721413706566,PERFECT
aging-PERFECT,a781d2546489e692d824d9b320280ae01571da1e18a2fcd6b85d70c19192b086,20260908,0.9.2,682,False,12.092337084165543,AVIONICS#2,AVIONICS,repair,21.658721413706566,0.0,21.658721413706566,PERFECT
aging-PERFECT,a781d2546489e692d824d9b320280ae01571da1e18a2fcd6b85d70c19192b086,20260908,0.9.2,682,False,57.112984613596005,POWERPLANT#17,POWERPLANT,failure,20.112984613596005,20.112984613596005,20.112984613596005,PERFECT
aging-PERFECT,a781d2546489e692d824d9b320280ae01571da1e18a2fcd6b85d70c19192b086,20260908,0.9.2,682,False,68.12159673272897,POWERPLANT#17,POWERPLANT,repair,20.112984613596005,0.0,20.112984613596005,PERFECT
aging-PERFECT,a781d2546489e692d824d9b320280ae01571da1e18a2fcd6b85d70c19192b086,20260908,0.9.2,684,False,58.45585420755699,ELECTRICAL#19,ELECTRICAL,failure,21.45585420755699,21.45585420755699,21.45585420755699,PERFECT
aging-PERFECT,a781d2546489e692d824d9b320280ae01571da1e18a2fcd6b85d70c19192b086,20260908,0.9.2,684,False,59.848697791624595,ELECTRICAL#19,ELECTRICAL,repair,21.45585420755699,0.0,21.45585420755699,PERFECT
aging-PERFECT,a781d2546489e692d824d9b320280ae01571da1e18a2fcd6b85d70c19192b086,20260908,0.9.2,685,False,58.72766089048349,AVIONICS#22,AVIONICS,failure,21.72766089048349,21.72766089048349,21.72766089048349,PERFECT
aging-PERFECT,a781d2546489e692d824d9b320280ae01571da1e18a2fcd6b85d70c19192b086,20260908,0.9.2,685,False,63.132449062011375,AVIONICS#22,AVIONICS,repair,21.72766089048349,0.0,21.72766089048349,PERFECT
aging-PERFECT,a781d2546489e692d824d9b320280ae01571da1e18a2fcd6b85d70c19192b086,20260908,0.9.2,686,False,35.98483281663562,HYDRAULIC#12,HYDRAULIC,failure,22.984832816635617,22.984832816635617,22.984832816635617,PERFECT
aging-PERFECT,a781d2546489e692d824d9b320280ae01571da1e18a2fcd6b85d70c19192b086,20260908,0.9.2,686,False,37.65552451526291,HYDRAULIC#12,HYDRAULIC,repair,22.984832816635617,0.0,22.984832816635617,PERFECT
aging-PERFECT,a781d2546489e692d824d9b320280ae01571da1e18a2fcd6b85d70c19192b086,20260908,0.9.2,688,False,10.269943631853904,ELECTRICAL#7,ELECTRICAL,failure,21.269943631853906,21.269943631853906,21.269943631853906,PERFECT
aging-PERFECT,a781d2546489e692d824d9b320280ae01571da1e18a2fcd6b85d70c19192b086,20260908,0.9.2,688,False,16.474149625835732,ELECTRICAL#7,ELECTRICAL,repair,21.269943631853906,0.0,21.269943631853906,PERFECT
aging-PERFECT,a781d2546489e692d824d9b320280ae01571da1e18a2fcd6b85d70c19192b086,20260908,0.9.2,688,False,33.768064801666824,POWERPLANT#13,POWERPLANT,failure,20.768064801666824,20.768064801666824,20.768064801666824,PERFECT
aging-PERFECT,a781d2546489e692d824d9b320280ae01571da1e18a2fcd6b85d70c19192b086,20260908,0.9.2,688,False,37.829446181297385,POWERPLANT#13,POWERPLANT,repair,20.768064801666824,0.0,20.768064801666824,PERFECT
aging-PERFECT,a781d2546489e692d824d9b320280ae01571da1e18a2fcd6b85d70c19192b086,20260908,0.9.2,688,False,58.65677444889888,POWERPLANT#21,POWERPLANT,failure,21.65677444889888,21.65677444889888,21.65677444889888,PERFECT
aging-PERFECT,a781d2546489e692d824d9b320280ae01571da1e18a2fcd6b85d70c19192b086,20260908,0.9.2,688,False,63.546998058269494,POWERPLANT#21,POWERPLANT,repair,21.65677444889888,0.0,21.65677444889888,PERFECT
aging-PERFECT,a781d2546489e692d824d9b320280ae01571da1e18a2fcd6b85d70c19192b086,20260908,0.9.2,689,False,11.655789316938609,ELECTRICAL#3,ELECTRICAL,failure,22.65578931693861,22.65578931693861,22.65578931693861,PERFECT
aging-PERFECT,a781d2546489e692d824d9b320280ae01571da1e18a2fcd6b85d70c19192b086,20260908,0.9.2,689,False,13.812630353435598,ELECTRICAL#3,ELECTRICAL,repair,22.65578931693861,0.0,22.65578931693861,PERFECT
aging-PERFECT,a781d2546489e692d824d9b320280ae01571da1e18a2fcd6b85d70c19192b086,20260908,0.9.2,689,False,34.043713148863716,ELECTRICAL#11,ELECTRICAL,failure,21.043713148863716,21.043713148863716,21.043713148863716,PERFECT
aging-PERFECT,a781d2546489e692d824d9b320280ae01571da1e18a2fcd6b85d70c19192b086,20260908,0.9.2,689,False,35.69651858838791,ELECTRICAL#11,ELECTRICAL,repair,21.043713148863716,0.0,21.043713148863716,PERFECT
aging-PERFECT,a781d2546489e692d824d9b320280ae01571da1e18a2fcd6b85d70c19192b086,20260908,0.9.2,689,False,57.3915766424104,ELECTRICAL#23,ELECTRICAL,failure,20.3915766424104,20.3915766424104,20.3915766424104,PERFECT
aging-PERFECT,a781d2546489e692d824d9b320280ae01571da1e18a2fcd6b85d70c19192b086,20260908,0.9.2,689,False,60.57839114244209,ELECTRICAL#23,ELECTRICAL,repair,20.3915766424104,0.0,20.3915766424104,PERFECT
aging-PERFECT,a781d2546489e692d824d9b320280ae01571da1e18a2fcd6b85d70c19192b086,20260908,0.9.2,690,False,10.44404253391186,ELECTRICAL#3,ELECTRICAL,failure,21.444042533911862,21.444042533911862,21.444042533911862,PERFECT
aging-PERFECT,a781d2546489e692d824d9b320280ae01571da1e18a2fcd6b85d70c19192b086,20260908,0.9.2,690,False,12.999649212266386,ELECTRICAL#3,ELECTRICAL,repair,21.444042533911862,0.0,21.444042533911862,PERFECT
aging-PERFECT,a781d2546489e692d824d9b320280ae01571da1e18a2fcd6b85d70c19192b086,20260908,0.9.2,691,False,34.79269248685555,AVIONICS#10,AVIONICS,failure,21.79269248685555,21.79269248685555,21.79269248685555,PERFECT
aging-PERFECT,a781d2546489e692d824d9b320280ae01571da1e18a2fcd6b85d70c19192b086,20260908,0.9.2,691,False,35.50200357559713,AVIONICS#10,AVIONICS,repair,21.79269248685555,0.0,21.79269248685555,PERFECT
aging-PERFECT,a781d2546489e692d824d9b320280ae01571da1e18a2fcd6b85d70c19192b086,20260908,0.9.2,691,False,59.91632920403289,HYDRAULIC#20,HYDRAULIC,failure,22.91632920403289,22.91632920403289,22.91632920403289,PERFECT
aging-PERFECT,a781d2546489e692d824d9b320280ae01571da1e18a2fcd6b85d70c19192b086,20260908,0.9.2,691,False,61.28096576825536,HYDRAULIC#20,HYDRAULIC,repair,22.91632920403289,0.0,22.91632920403289,PERFECT
aging-PERFECT,a781d2546489e692d824d9b320280ae01571da1e18a2fcd6b85d70c19192b086,20260908,0.9.2,694,False,10.534198593082303,ELECTRICAL#7,ELECTRICAL,failure,21.5341985930823,21.5341985930823,21.5341985930823,PERFECT
aging-PERFECT,a781d2546489e692d824d9b320280ae01571da1e18a2fcd6b85d70c19192b086,20260908,0.9.2,694,False,14.617396153884169,ELECTRICAL#7,ELECTRICAL,repair,21.5341985930823,0.0,21.5341985930823,PERFECT
aging-PERFECT,a781d2546489e692d824d9b320280ae01571da1e18a2fcd6b85d70c19192b086,20260908,0.9.2,694,False,34.59540765595884,HYDRAULIC#12,HYDRAULIC,failure,21.595407655958837,21.595407655958837,21.595407655958837,PERFECT
aging-PERFECT,a781d2546489e692d824d9b320280ae01571da1e18a2fcd6b85d70c19192b086,20260908,0.9.2,694,False,36.796677436672056,HYDRAULIC#12,HYDRAULIC,repair,21.595407655958837,0.0,21.595407655958837,PERFECT
aging-PERFECT,a781d2546489e692d824d9b320280ae01571da1e18a2fcd6b85d70c19192b086,20260908,0.9.2,695,False,10.99206562137033,POWERPLANT#1,POWERPLANT,failure,21.99206562137033,21.99206562137033,21.99206562137033,PERFECT
aging-PERFECT,a781d2546489e692d824d9b320280ae01571da1e18a2fcd6b85d70c19192b086,20260908,0.9.2,695,False,11.692611111631187,POWERPLANT#1,POWERPLANT,repair,21.99206562137033,0.0,21.99206562137033,PERFECT
aging-PERFECT,a781d2546489e692d824d9b320280ae01571da1e18a2fcd6b85d70c19192b086,20260908,0.9.2,695,False,33.216263992703446,AVIONICS#14,AVIONICS,failure,20.216263992703446,20.216263992703446,20.216263992703446,PERFECT
aging-PERFECT,a781d2546489e692d824d9b320280ae01571da1e18a2fcd6b85d70c19192b086,20260908,0.9.2,695,False,37.6966985678801,AVIONICS#14,AVIONICS,repair,20.216263992703446,0.0,20.216263992703446,PERFECT
aging-PERFECT,a781d2546489e692d824d9b320280ae01571da1e18a2fcd6b85d70c19192b086,20260908,0.9.2,697,False,9.37328030735145,AVIONICS#2,AVIONICS,failure,20.37328030735145,20.37328030735145,20.37328030735145,PERFECT
aging-PERFECT,a781d2546489e692d824d9b320280ae01571da1e18a2fcd6b85d70c19192b086,20260908,0.9.2,697,False,11.064819748847116,AVIONICS#2,AVIONICS,repair,20.37328030735145,0.0,20.37328030735145,PERFECT
aging-PERFECT,a781d2546489e692d824d9b320280ae01571da1e18a2fcd6b85d70c19192b086,20260908,0.9.2,698,False,10.72437660636865,POWERPLANT#5,POWERPLANT,failure,21.72437660636865,21.72437660636865,21.72437660636865,PERFECT
aging-PERFECT,a781d2546489e692d824d9b320280ae01571da1e18a2fcd6b85d70c19192b086,20260908,0.9.2,698,False,11.637806379757194,POWERPLANT#5,POWERPLANT,repair,21.72437660636865,0.0,21.72437660636865,PERFECT
aging-PERFECT,a781d2546489e692d824d9b320280ae01571da1e18a2fcd6b85d70c19192b086,20260908,0.9.2,698,False,35.04781700762892,HYDRAULIC#12,HYDRAULIC,failure,22.04781700762892,22.04781700762892,22.04781700762892,PERFECT
aging-PERFECT,a781d2546489e692d824d9b320280ae01571da1e18a2fcd6b85d70c19192b086,20260908,0.9.2,698,False,35.621098906144766,HYDRAULIC#12,HYDRAULIC,repair,22.04781700762892,0.0,22.04781700762892,PERFECT
aging-PERFECT,a781d2546489e692d824d9b320280ae01571da1e18a2fcd6b85d70c19192b086,20260908,0.9.2,698,False,59.593411716376536,HYDRAULIC#24,HYDRAULIC,failure,22.593411716376536,22.593411716376536,22.593411716376536,PERFECT
aging-PERFECT,a781d2546489e692d824d9b320280ae01571da1e18a2fcd6b85d70c19192b086,20260908,0.9.2,698,False,67.61568223742138,HYDRAULIC#24,HYDRAULIC,repair,22.593411716376536,0.0,22.593411716376536,PERFECT
aging-PERFECT,a781d2546489e692d824d9b320280ae01571da1e18a2fcd6b85d70c19192b086,20260908,0.9.2,699,False,9.319477620304454,ELECTRICAL#3,ELECTRICAL,failure,20.319477620304454,20.319477620304454,20.319477620304454,PERFECT
aging-PERFECT,a781d2546489e692d824d9b320280ae01571da1e18a2fcd6b85d70c19192b086,20260908,0.9.2,699,False,11.73644448255402,ELECTRICAL#3,ELECTRICAL,repair,20.319477620304454,0.0,20.319477620304454,PERFECT
aging-PERFECT,a781d2546489e692d824d9b320280ae01571da1e18a2fcd6b85d70c19192b086,20260908,0.9.2,699,False,35.33894984401117,POWERPLANT#13,POWERPLANT,failure,22.338949844011168,22.338949844011168,22.338949844011168,PERFECT
aging-PERFECT,a781d2546489e692d824d9b320280ae01571da1e18a2fcd6b85d70c19192b086,20260908,0.9.2,699,False,36.85026260108186,POWERPLANT#13,POWERPLANT,repair,22.338949844011168,0.0,22.338949844011168,PERFECT
aging-PERFECT,a781d2546489e692d824d9b320280ae01571da1e18a2fcd6b85d70c19192b086,20260908,0.9.2,700,False,11.163004307137234,POWERPLANT#1,POWERPLANT,failure,22.163004307137236,22.163004307137236,22.163004307137236,PERFECT
aging-PERFECT,a781d2546489e692d824d9b320280ae01571da1e18a2fcd6b85d70c19192b086,20260908,0.9.2,700,False,13.019617193213861,POWERPLANT#1,POWERPLANT,repair,22.163004307137236,0.0,22.163004307137236,PERFECT
aging-PERFECT,a781d2546489e692d824d9b320280ae01571da1e18a2fcd6b85d70c19192b086,20260908,0.9.2,700,False,58.35722703852315,POWERPLANT#17,POWERPLANT,failure,21.35722703852315,21.35722703852315,21.35722703852315,PERFECT
aging-PERFECT,a781d2546489e692d824d9b320280ae01571da1e18a2fcd6b85d70c19192b086,20260908,0.9.2,700,False,64.8149542658925,POWERPLANT#17,POWERPLANT,repair,21.35722703852315,0.0,21.35722703852315,PERFECT
aging-PERFECT,a781d2546489e692d824d9b320280ae01571da1e18a2fcd6b85d70c19192b086,20260908,0.9.2,701,False,33.099269311091604,ELECTRICAL#11,ELECTRICAL,failure,20.099269311091604,20.099269311091604,20.099269311091604,PERFECT
aging-PERFECT,a781d2546489e692d824d9b320280ae01571da1e18a2fcd6b85d70c19192b086,20260908,0.9.2,701,False,33.64764562194653,ELECTRICAL#11,ELECTRICAL,repair,20.099269311091604,0.0,20.099269311091604,PERFECT
aging-PERFECT,a781d2546489e692d824d9b320280ae01571da1e18a2fcd6b85d70c19192b086,20260908,0.9.2,701,False,59.63553457576008,POWERPLANT#21,POWERPLANT,failure,22.635534575760083,22.635534575760083,22.635534575760083,PERFECT
aging-PERFECT,a781d2546489e692d824d9b320280ae01571da1e18a2fcd6b85d70c19192b086,20260908,0.9.2,701,False,61.030022400437765,POWERPLANT#21,POWERPLANT,repair,22.635534575760083,0.0,22.635534575760083,PERFECT
aging-PERFECT,a781d2546489e692d824d9b320280ae01571da1e18a2fcd6b85d70c19192b086,20260908,0.9.2,702,False,35.902894975582925,HYDRAULIC#12,HYDRAULIC,failure,22.902894975582925,22.902894975582925,22.902894975582925,PERFECT
aging-PERFECT,a781d2546489e692d824d9b320280ae01571da1e18a2fcd6b85d70c19192b086,20260908,0.9.2,702,False,40.35761949354877,HYDRAULIC#12,HYDRAULIC,repair,22.902894975582925,0.0,22.902894975582925,PERFECT
aging-PERFECT,a781d2546489e692d824d9b320280ae01571da1e18a2fcd6b85d70c19192b086,20260908,0.9.2,704,False,9.328712482018803,POWERPLANT#1,POWERPLANT,failure,20.3287124820188,20.3287124820188,20.3287124820188,PERFECT
aging-PERFECT,a781d2546489e692d824d9b320280ae01571da1e18a2fcd6b85d70c19192b086,20260908,0.9.2,704,False,16.40621153637634,POWERPLANT#1,POWERPLANT,repair,20.3287124820188,0.0,20.3287124820188,PERFECT
aging-PERFECT,a781d2546489e692d824d9b320280ae01571da1e18a2fcd6b85d70c19192b086,20260908,0.9.2,704,False,35.72528740173421,AVIONICS#10,AVIONICS,failure,22.725287401734207,22.725287401734207,22.725287401734207,PERFECT
aging-PERFECT,a781d2546489e692d824d9b320280ae01571da1e18a2fcd6b85d70c19192b086,20260908,0.9.2,704,False,37.01496153807476,AVIONICS#10,AVIONICS,repair,22.725287401734207,0.0,22.725287401734207,PERFECT
aging-PERFECT,a781d2546489e692d824d9b320280ae01571da1e18a2fcd6b85d70c19192b086,20260908,0.9.2,704,False,59.42169338368866,AVIONICS#22,AVIONICS,failure,22.421693383688662,22.421693383688662,22.421693383688662,PERFECT
aging-PERFECT,a781d2546489e692d824d9b320280ae01571da1e18a2fcd6b85d70c19192b086,20260908,0.9.2,704,False,62.20570546254631,AVIONICS#22,AVIONICS,repair,22.421693383688662,0.0,22.421693383688662,PERFECT
aging-PERFECT,a781d2546489e692d824d9b320280ae01571da1e18a2fcd6b85d70c19192b086,20260908,0.9.2,705,False,57.32281448264301,AVIONICS#22,AVIONICS,failure,20.32281448264301,20.32281448264301,20.32281448264301,PERFECT
aging-PERFECT,a781d2546489e692d824d9b320280ae01571da1e18a2fcd6b85d70c19192b086,20260908,0.9.2,705,False,61.44145295246718,AVIONICS#22,AVIONICS,repair,20.32281448264301,0.0,20.32281448264301,PERFECT
aging-PERFECT,a781d2546489e692d824d9b320280ae01571da1e18a2fcd6b85d70c19192b086,20260908,0.9.2,706,False,57.61220240537847,HYDRAULIC#20,HYDRAULIC,failure,20.61220240537847,20.61220240537847,20.61220240537847,PERFECT
aging-PERFECT,a781d2546489e692d824d9b320280ae01571da1e18a2fcd6b85d70c19192b086,20260908,0.9.2,706,False,58.478367571764686,HYDRAULIC#20,HYDRAULIC,repair,20.61220240537847,0.0,20.61220240537847,PERFECT
aging-PERFECT,a781d2546489e692d824d9b320280ae01571da1e18a2fcd6b85d70c19192b086,20260908,0.9.2,707,False,58.17291265985646,HYDRAULIC#20,HYDRAULIC,failure,21.172912659856458,21.172912659856458,21.172912659856458,PERFECT
aging-PERFECT,a781d2546489e692d824d9b320280ae01571da1e18a2fcd6b85d70c19192b086,20260908,0.9.2,707,False,60.79857532323843,HYDRAULIC#20,HYDRAULIC,repair,21.172912659856458,0.0,21.172912659856458,PERFECT
aging-PERFECT,a781d2546489e692d824d9b320280ae01571da1e18a2fcd6b85d70c19192b086,20260908,0.9.2,708,False,35.2028130485736,HYDRAULIC#16,HYDRAULIC,failure,22.202813048573603,22.202813048573603,22.202813048573603,PERFECT
aging-PERFECT,a781d2546489e692d824d9b320280ae01571da1e18a2fcd6b85d70c19192b086,20260908,0.9.2,708,False,35.568762875199674,POWERPLANT#9,POWERPLANT,failure,22.568762875199674,22.568762875199674,22.568762875199674,PERFECT
aging-PERFECT,a781d2546489e692d824d9b320280ae01571da1e18a2fcd6b85d70c19192b086,20260908,0.9.2,708,False,36.21809957455075,HYDRAULIC#16,HYDRAULIC,repair,22.202813048573603,0.0,22.202813048573603,PERFECT
aging-PERFECT,a781d2546489e692d824d9b320280ae01571da1e18a2fcd6b85d70c19192b086,20260908,0.9.2,708,False,41.12945059998382,POWERPLANT#9,POWERPLANT,repair,22.568762875199674,0.0,22.568762875199674,PERFECT
aging-PERFECT,a781d2546489e692d824d9b320280ae01571da1e18a2fcd6b85d70c19192b086,20260908,0.9.2,709,False,34.9751506775877,HYDRAULIC#16,HYDRAULIC,failure,21.9751506775877,21.9751506775877,21.9751506775877,PERFECT
aging-PERFECT,a781d2546489e692d824d9b320280ae01571da1e18a2fcd6b85d70c19192b086,20260908,0.9.2,709,False,44.009413503421655,HYDRAULIC#16,HYDRAULIC,repair,21.9751506775877,0.0,21.9751506775877,PERFECT
aging-PERFECT,a781d2546489e692d824d9b320280ae01571da1e18a2fcd6b85d70c19192b086,20260908,0.9.2,709,False,58.99383600669656,ELECTRICAL#23,ELECTRICAL,failure,21.99383600669656,21.99383600669656,21.99383600669656,PERFECT
aging-PERFECT,a781d2546489e692d824d9b320280ae01571da1e18a2fcd6b85d70c19192b086,20260908,0.9.2,709,False,60.648234714602374,ELECTRICAL#23,ELECTRICAL,repair,21.99383600669656,0.0,21.99383600669656,PERFECT
aging-PERFECT,a781d2546489e692d824d9b320280ae01571da1e18a2fcd6b85d70c19192b086,20260908,0.9.2,710,False,57.19000800887663,POWERPLANT#17,POWERPLANT,failure,20.19000800887663,20.19000800887663,20.19000800887663,PERFECT
aging-PERFECT,a781d2546489e692d824d9b320280ae01571da1e18a2fcd6b85d70c19192b086,20260908,0.9.2,710,False,63.26874919713996,POWERPLANT#17,POWERPLANT,repair,20.19000800887663,0.0,20.19000800887663,PERFECT
aging-PERFECT,a781d2546489e692d824d9b320280ae01571da1e18a2fcd6b85d70c19192b086,20260908,0.9.2,711,False,57.856883295381515,POWERPLANT#17,POWERPLANT,failure,20.856883295381515,20.856883295381515,20.856883295381515,PERFECT
aging-PERFECT,a781d2546489e692d824d9b320280ae01571da1e18a2fcd6b85d70c19192b086,20260908,0.9.2,711,False,61.566051724890265,POWERPLANT#17,POWERPLANT,repair,20.856883295381515,0.0,20.856883295381515,PERFECT
aging-PERFECT,a781d2546489e692d824d9b320280ae01571da1e18a2fcd6b85d70c19192b086,20260908,0.9.2,712,False,9.385992554980655,HYDRAULIC#4,HYDRAULIC,failure,20.385992554980653,20.385992554980653,20.385992554980653,PERFECT
aging-PERFECT,a781d2546489e692d824d9b320280ae01571da1e18a2fcd6b85d70c19192b086,20260908,0.9.2,712,False,9.738415946635662,POWERPLANT#1,POWERPLANT,failure,20.738415946635662,20.738415946635662,20.738415946635662,PERFECT
aging-PERFECT,a781d2546489e692d824d9b320280ae01571da1e18a2fcd6b85d70c19192b086,20260908,0.9.2,712,False,12.270262370307325,HYDRAULIC#4,HYDRAULIC,repair,20.385992554980653,0.0,20.385992554980653,PERFECT
aging-PERFECT,a781d2546489e692d824d9b320280ae01571da1e18a2fcd6b85d70c19192b086,20260908,0.9.2,712,False,14.735693846321045,POWERPLANT#1,POWERPLANT,repair,20.738415946635662,0.0,20.738415946635662,PERFECT
aging-PERFECT,a781d2546489e692d824d9b320280ae01571da1e18a2fcd6b85d70c19192b086,20260908,0.9.2,713,False,10.556367893302298,HYDRAULIC#4,HYDRAULIC,failure,21.556367893302298,21.556367893302298,21.556367893302298,PERFECT
aging-PERFECT,a781d2546489e692d824d9b320280ae01571da1e18a2fcd6b85d70c19192b086,20260908,0.9.2,713,False,11.38918513876823,HYDRAULIC#4,HYDRAULIC,repair,21.556367893302298,0.0,21.556367893302298,PERFECT
aging-PERFECT,a781d2546489e692d824d9b320280ae01571da1e18a2fcd6b85d70c19192b086,20260908,0.9.2,713,False,57.0897787885793,HYDRAULIC#20,HYDRAULIC,failure,20.089778788579302,20.089778788579302,20.089778788579302,PERFECT
aging-PERFECT,a781d2546489e692d824d9b320280ae01571da1e18a2fcd6b85d70c19192b086,20260908,0.9.2,713,False,66.92717485028746,HYDRAULIC#20,HYDRAULIC,repair,20.089778788579302,0.0,20.089778788579302,PERFECT
aging-PERFECT,a781d2546489e692d824d9b320280ae01571da1e18a2fcd6b85d70c19192b086,20260908,0.9.2,714,False,11.582594662585297,POWERPLANT#5,POWERPLANT,failure,22.582594662585297,22.582594662585297,22.582594662585297,PERFECT
aging-PERFECT,a781d2546489e692d824d9b320280ae01571da1e18a2fcd6b85d70c19192b086,20260908,0.9.2,714,False,14.698120341657887,POWERPLANT#5,POWERPLANT,repair,22.582594662585297,0.0,22.582594662585297,PERFECT
aging-PERFECT,a781d2546489e692d824d9b320280ae01571da1e18a2fcd6b85d70c19192b086,20260908,0.9.2,716,False,10.101639404511328,AVIONICS#2,AVIONICS,failure,21.101639404511328,21.101639404511328,21.101639404511328,PERFECT
aging-PERFECT,a781d2546489e692d824d9b320280ae01571da1e18a2fcd6b85d70c19192b086,20260908,0.9.2,716,False,11.54049644826386,AVIONICS#2,AVIONICS,repair,21.101639404511328,0.0,21.101639404511328,PERFECT
aging-PERFECT,a781d2546489e692d824d9b320280ae01571da1e18a2fcd6b85d70c19192b086,20260908,0.9.2,716,False,34.31422979701537,ELECTRICAL#11,ELECTRICAL,failure,21.314229797015372,21.314229797015372,21.314229797015372,PERFECT
aging-PERFECT,a781d2546489e692d824d9b320280ae01571da1e18a2fcd6b85d70c19192b086,20260908,0.9.2,716,False,38.43131829571626,ELECTRICAL#11,ELECTRICAL,repair,21.314229797015372,0.0,21.314229797015372,PERFECT
aging-PERFECT,a781d2546489e692d824d9b320280ae01571da1e18a2fcd6b85d70c19192b086,20260908,0.9.2,717,False,9.809133579284488,ELECTRICAL#7,ELECTRICAL,failure,20.809133579284488,20.809133579284488,20.809133579284488,PERFECT
aging-PERFECT,a781d2546489e692d824d9b320280ae01571da1e18a2fcd6b85d70c19192b086,20260908,0.9.2,717,False,10.076215382771721,AVIONICS#2,AVIONICS,failure,21.07621538277172,21.07621538277172,21.07621538277172,PERFECT
aging-PERFECT,a781d2546489e692d824d9b320280ae01571da1e18a2fcd6b85d70c19192b086,20260908,0.9.2,717,False,11.03743609680621,ELECTRICAL#7,ELECTRICAL,repair,20.809133579284488,0.0,20.809133579284488,PERFECT
aging-PERFECT,a781d2546489e692d824d9b320280ae01571da1e18a2fcd6b85d70c19192b086,20260908,0.9.2,717,False,12.921193124785512,AVIONICS#2,AVIONICS,repair,21.07621538277172,0.0,21.07621538277172,PERFECT
aging-PERFECT,a781d2546489e692d824d9b320280ae01571da1e18a2fcd6b85d70c19192b086,20260908,0.9.2,717,False,34.90609894782978,HYDRAULIC#12,HYDRAULIC,failure,21.906098947829783,21.906098947829783,21.906098947829783,PERFECT
aging-PERFECT,a781d2546489e692d824d9b320280ae01571da1e18a2fcd6b85d70c19192b086,20260908,0.9.2,717,False,38.45452051669686,HYDRAULIC#12,HYDRAULIC,repair,21.906098947829783,0.0,21.906098947829783,PERFECT
aging-PERFECT,a781d2546489e692d824d9b320280ae01571da1e18a2fcd6b85d70c19192b086,20260908,0.9.2,718,False,34.607073704124716,POWERPLANT#13,POWERPLANT,failure,21.607073704124716,21.607073704124716,21.607073704124716,PERFECT
aging-PERFECT,a781d2546489e692d824d9b320280ae01571da1e18a2fcd6b85d70c19192b086,20260908,0.9.2,718,False,34.934522872044575,AVIONICS#14,AVIONICS,failure,21.934522872044575,21.934522872044575,21.934522872044575,PERFECT
aging-PERFECT,a781d2546489e692d824d9b320280ae01571da1e18a2fcd6b85d70c19192b086,20260908,0.9.2,718,False,36.12130558917658,POWERPLANT#13,POWERPLANT,repair,21.607073704124716,0.0,21.607073704124716,PERFECT
aging-PERFECT,a781d2546489e692d824d9b320280ae01571da1e18a2fcd6b85d70c19192b086,20260908,0.9.2,718,False,38.2174617654456,AVIONICS#14,AVIONICS,repair,21.934522872044575,0.0,21.934522872044575,PERFECT
aging-PERFECT,a781d2546489e692d824d9b320280ae01571da1e18a2fcd6b85d70c19192b086,20260908,0.9.2,718,False,59.78304883314554,ELECTRICAL#19,ELECTRICAL,failure,22.783048833145543,22.783048833145543,22.783048833145543,PERFECT
aging-PERFECT,a781d2546489e692d824d9b320280ae01571da1e18a2fcd6b85d70c19192b086,20260908,0.9.2,718,False,61.48294443374144,ELECTRICAL#19,ELECTRICAL,repair,22.783048833145543,0.0,22.783048833145543,PERFECT
aging-PERFECT,a781d2546489e692d824d9b320280ae01571da1e18a2fcd6b85d70c19192b086,20260908,0.9.2,720,False,10.232199175054792,ELECTRICAL#3,ELECTRICAL,failure,21.23219917505479,21.23219917505479,21.23219917505479,PERFECT
aging-PERFECT,a781d2546489e692d824d9b320280ae01571da1e18a2fcd6b85d70c19192b086,20260908,0.9.2,720,False,10.837457303209588,ELECTRICAL#3,ELECTRICAL,repair,21.23219917505479,0.0,21.23219917505479,PERFECT
aging-PERFECT,a781d2546489e692d824d9b320280ae01571da1e18a2fcd6b85d70c19192b086,20260908,0.9.2,722,False,10.991971828922585,POWERPLANT#1,POWERPLANT,failure,21.991971828922587,21.991971828922587,21.991971828922587,PERFECT
aging-PERFECT,a781d2546489e692d824d9b320280ae01571da1e18a2fcd6b85d70c19192b086,20260908,0.9.2,722,False,11.753730606218545,POWERPLANT#1,POWERPLANT,repair,21.991971828922587,0.0,21.991971828922587,PERFECT
aging-PERFECT,a781d2546489e692d824d9b320280ae01571da1e18a2fcd6b85d70c19192b086,20260908,0.9.2,722,False,59.598034567490146,AVIONICS#18,AVIONICS,failure,22.598034567490146,22.598034567490146,22.598034567490146,PERFECT
aging-PERFECT,a781d2546489e692d824d9b320280ae01571da1e18a2fcd6b85d70c19192b086,20260908,0.9.2,722,False,62.27313836624332,AVIONICS#18,AVIONICS,repair,22.598034567490146,0.0,22.598034567490146,PERFECT
aging-PERFECT,a781d2546489e692d824d9b320280ae01571da1e18a2fcd6b85d70c19192b086,20260908,0.9.2,723,False,9.10424410499662,ELECTRICAL#3,ELECTRICAL,failure,20.10424410499662,20.10424410499662,20.10424410499662,PERFECT
aging-PERFECT,a781d2546489e692d824d9b320280ae01571da1e18a2fcd6b85d70c19192b086,20260908,0.9.2,723,False,9.9968162347365,ELECTRICAL#3,ELECTRICAL,repair,20.10424410499662,0.0,20.10424410499662,PERFECT
aging-PERFECT,a781d2546489e692d824d9b320280ae01571da1e18a2fcd6b85d70c19192b086,20260908,0.9.2,723,False,34.929234194090995,AVIONICS#10,AVIONICS,failure,21.929234194090995,21.929234194090995,21.929234194090995,PERFECT
aging-PERFECT,a781d2546489e692d824d9b320280ae01571da1e18a2fcd6b85d70c19192b086,20260908,0.9.2,723,False,37.752945846293244,AVIONICS#10,AVIONICS,repair,21.929234194090995,0.0,21.929234194090995,PERFECT
aging-PERFECT,a781d2546489e692d824d9b320280ae01571da1e18a2fcd6b85d70c19192b086,20260908,0.9.2,725,False,9.269504052247399,ELECTRICAL#7,ELECTRICAL,failure,20.2695040522474,20.2695040522474,20.2695040522474,PERFECT
aging-PERFECT,a781d2546489e692d824d9b320280ae01571da1e18a2fcd6b85d70c19192b086,20260908,0.9.2,725,False,9.721150414934433,ELECTRICAL#7,ELECTRICAL,repair,20.2695040522474,0.0,20.2695040522474,PERFECT
aging-PERFECT,a781d2546489e692d824d9b320280ae01571da1e18a2fcd6b85d70c19192b086,20260908,0.9.2,726,False,33.68759729654721,HYDRAULIC#16,HYDRAULIC,failure,20.68759729654721,20.68759729654721,20.68759729654721,PERFECT
aging-PERFECT,a781d2546489e692d824d9b320280ae01571da1e18a2fcd6b85d70c19192b086,20260908,0.9.2,726,False,36.21400651559133,HYDRAULIC#16,HYDRAULIC,repair,20.68759729654721,0.0,20.68759729654721,PERFECT
aging-PERFECT,a781d2546489e692d824d9b320280ae01571da1e18a2fcd6b85d70c19192b086,20260908,0.9.2,727,False,9.268906615638624,AVIONICS#2,AVIONICS,failure,20.268906615638624,20.268906615638624,20.268906615638624,PERFECT
aging-PERFECT,a781d2546489e692d824d9b320280ae01571da1e18a2fcd6b85d70c19192b086,20260908,0.9.2,727,False,12.183138183991161,AVIONICS#2,AVIONICS,repair,20.268906615638624,0.0,20.268906615638624,PERFECT
aging-PERFECT,a781d2546489e692d824d9b320280ae01571da1e18a2fcd6b85d70c19192b086,20260908,0.9.2,727,False,33.11070990045941,ELECTRICAL#15,ELECTRICAL,failure,20.110709900459412,20.110709900459412,20.110709900459412,PERFECT
aging-PERFECT,a781d2546489e692d824d9b320280ae01571da1e18a2fcd6b85d70c19192b086,20260908,0.9.2,727,False,33.507527757825905,ELECTRICAL#15,ELECTRICAL,repair,20.110709900459412,0.0,20.110709900459412,PERFECT
aging-PERFECT,a781d2546489e692d824d9b320280ae01571da1e18a2fcd6b85d70c19192b086,20260908,0.9.2,729,False,9.684927812374466,AVIONICS#6,AVIONICS,failure,20.684927812374468,20.684927812374468,20.684927812374468,PERFECT
aging-PERFECT,a781d2546489e692d824d9b320280ae01571da1e18a2fcd6b85d70c19192b086,20260908,0.9.2,729,False,10.120418168190817,HYDRAULIC#8,HYDRAULIC,failure,21.120418168190817,21.120418168190817,21.120418168190817,PERFECT
aging-PERFECT,a781d2546489e692d824d9b320280ae01571da1e18a2fcd6b85d70c19192b086,20260908,0.9.2,729,False,10.568820867927062,AVIONICS#6,AVIONICS,repair,20.684927812374468,0.0,20.684927812374468,PERFECT
aging-PERFECT,a781d2546489e692d824d9b320280ae01571da1e18a2fcd6b85d70c19192b086,20260908,0.9.2,729,False,10.844322358418465,HYDRAULIC#8,HYDRAULIC,repair,21.120418168190817,0.0,21.120418168190817,PERFECT
aging-PERFECT,a781d2546489e692d824d9b320280ae01571da1e18a2fcd6b85d70c19192b086,20260908,0.9.2,730,False,33.63333834707878,AVIONICS#14,AVIONICS,failure,20.633338347078777,20.633338347078777,20.633338347078777,PERFECT
aging-PERFECT,a781d2546489e692d824d9b320280ae01571da1e18a2fcd6b85d70c19192b086,20260908,0.9.2,730,False,34.79135820013723,AVIONICS#14,AVIONICS,repair,20.633338347078777,0.0,20.633338347078777,PERFECT
aging-PERFECT,a781d2546489e692d824d9b320280ae01571da1e18a2fcd6b85d70c19192b086,20260908,0.9.2,730,False,59.15710990397313,HYDRAULIC#24,HYDRAULIC,failure,22.15710990397313,22.15710990397313,22.15710990397313,PERFECT
aging-PERFECT,a781d2546489e692d824d9b320280ae01571da1e18a2fcd6b85d70c19192b086,20260908,0.9.2,730,False,62.76733641001185,HYDRAULIC#24,HYDRAULIC,repair,22.15710990397313,0.0,22.15710990397313,PERFECT
aging-PERFECT,a781d2546489e692d824d9b320280ae01571da1e18a2fcd6b85d70c19192b086,20260908,0.9.2,731,False,33.71019798670003,POWERPLANT#13,POWERPLANT,failure,20.71019798670003,20.71019798670003,20.71019798670003,PERFECT
aging-PERFECT,a781d2546489e692d824d9b320280ae01571da1e18a2fcd6b85d70c19192b086,20260908,0.9.2,731,False,39.28547256791762,POWERPLANT#13,POWERPLANT,repair,20.71019798670003,0.0,20.71019798670003,PERFECT
aging-PERFECT,a781d2546489e692d824d9b320280ae01571da1e18a2fcd6b85d70c19192b086,20260908,0.9.2,731,False,59.207711719234425,HYDRAULIC#24,HYDRAULIC,failure,22.207711719234425,22.207711719234425,22.207711719234425,PERFECT
aging-PERFECT,a781d2546489e692d824d9b320280ae01571da1e18a2fcd6b85d70c19192b086,20260908,0.9.2,731,False,59.78360331335828,HYDRAULIC#24,HYDRAULIC,repair,22.207711719234425,0.0,22.207711719234425,PERFECT
aging-PERFECT,a781d2546489e692d824d9b320280ae01571da1e18a2fcd6b85d70c19192b086,20260908,0.9.2,732,False,34.749072823417215,HYDRAULIC#16,HYDRAULIC,failure,21.749072823417215,21.749072823417215,21.749072823417215,PERFECT
aging-PERFECT,a781d2546489e692d824d9b320280ae01571da1e18a2fcd6b85d70c19192b086,20260908,0.9.2,732,False,38.016974790449396,HYDRAULIC#16,HYDRAULIC,repair,21.749072823417215,0.0,21.749072823417215,PERFECT
aging-PERFECT,a781d2546489e692d824d9b320280ae01571da1e18a2fcd6b85d70c19192b086,20260908,0.9.2,732,False,59.58904579796764,POWERPLANT#17,POWERPLANT,failure,22.589045797967643,22.589045797967643,22.589045797967643,PERFECT
aging-PERFECT,a781d2546489e692d824d9b320280ae01571da1e18a2fcd6b85d70c19192b086,20260908,0.9.2,732,False,60.044911801189656,POWERPLANT#17,POWERPLANT,repair,22.589045797967643,0.0,22.589045797967643,PERFECT
aging-PERFECT,a781d2546489e692d824d9b320280ae01571da1e18a2fcd6b85d70c19192b086,20260908,0.9.2,733,False,35.59369787153602,AVIONICS#10,AVIONICS,failure,22.593697871536023,22.593697871536023,22.593697871536023,PERFECT
aging-PERFECT,a781d2546489e692d824d9b320280ae01571da1e18a2fcd6b85d70c19192b086,20260908,0.9.2,733,False,36.94437143050309,AVIONICS#10,AVIONICS,repair,22.593697871536023,0.0,22.593697871536023,PERFECT
aging-PERFECT,a781d2546489e692d824d9b320280ae01571da1e18a2fcd6b85d70c19192b086,20260908,0.9.2,733,False,57.46967171806717,HYDRAULIC#24,HYDRAULIC,failure,20.46967171806717,20.46967171806717,20.46967171806717,PERFECT
aging-PERFECT,a781d2546489e692d824d9b320280ae01571da1e18a2fcd6b85d70c19192b086,20260908,0.9.2,733,False,59.11885262691901,HYDRAULIC#24,HYDRAULIC,repair,20.46967171806717,0.0,20.46967171806717,PERFECT
aging-PERFECT,a781d2546489e692d824d9b320280ae01571da1e18a2fcd6b85d70c19192b086,20260908,0.9.2,734,False,33.49415904200959,ELECTRICAL#11,ELECTRICAL,failure,20.494159042009592,20.494159042009592,20.494159042009592,PERFECT
aging-PERFECT,a781d2546489e692d824d9b320280ae01571da1e18a2fcd6b85d70c19192b086,20260908,0.9.2,734,False,37.162993956018155,ELECTRICAL#11,ELECTRICAL,repair,20.494159042009592,0.0,20.494159042009592,PERFECT
aging-PERFECT,a781d2546489e692d824d9b320280ae01571da1e18a2fcd6b85d70c19192b086,20260908,0.9.2,734,False,58.7371397719021,POWERPLANT#21,POWERPLANT,failure,21.7371397719021,21.7371397719021,21.7371397719021,PERFECT
aging-PERFECT,a781d2546489e692d824d9b320280ae01571da1e18a2fcd6b85d70c19192b086,20260908,0.9.2,734,False,61.05041529268641,POWERPLANT#21,POWERPLANT,repair,21.7371397719021,0.0,21.7371397719021,PERFECT
aging-PERFECT,a781d2546489e692d824d9b320280ae01571da1e18a2fcd6b85d70c19192b086,20260908,0.9.2,735,False,58.93334854580855,AVIONICS#18,AVIONICS,failure,21.93334854580855,21.93334854580855,21.93334854580855,PERFECT
aging-PERFECT,a781d2546489e692d824d9b320280ae01571da1e18a2fcd6b85d70c19192b086,20260908,0.9.2,735,False,59.99969401034519,AVIONICS#18,AVIONICS,repair,21.93334854580855,0.0,21.93334854580855,PERFECT
aging-PERFECT,a781d2546489e692d824d9b320280ae01571da1e18a2fcd6b85d70c19192b086,20260908,0.9.2,736,False,11.438970354806644,ELECTRICAL#7,ELECTRICAL,failure,22.438970354806642,22.438970354806642,22.438970354806642,PERFECT
aging-PERFECT,a781d2546489e692d824d9b320280ae01571da1e18a2fcd6b85d70c19192b086,20260908,0.9.2,736,False,14.835619786149605,ELECTRICAL#7,ELECTRICAL,repair,22.438970354806642,0.0,22.438970354806642,PERFECT
aging-PERFECT,a781d2546489e692d824d9b320280ae01571da1e18a2fcd6b85d70c19192b086,20260908,0.9.2,736,False,57.67632350551626,HYDRAULIC#24,HYDRAULIC,failure,20.676323505516258,20.676323505516258,20.676323505516258,PERFECT
aging-PERFECT,a781d2546489e692d824d9b320280ae01571da1e18a2fcd6b85d70c19192b086,20260908,0.9.2,736,False,60.41317483856003,HYDRAULIC#24,HYDRAULIC,repair,20.676323505516258,0.0,20.676323505516258,PERFECT
aging-PERFECT,a781d2546489e692d824d9b320280ae01571da1e18a2fcd6b85d70c19192b086,20260908,0.9.2,737,False,57.37468895523222,ELECTRICAL#19,ELECTRICAL,failure,20.374688955232223,20.374688955232223,20.374688955232223,PERFECT
aging-PERFECT,a781d2546489e692d824d9b320280ae01571da1e18a2fcd6b85d70c19192b086,20260908,0.9.2,737,False,60.6665876875442,ELECTRICAL#19,ELECTRICAL,repair,20.374688955232223,0.0,20.374688955232223,PERFECT
aging-PERFECT,a781d2546489e692d824d9b320280ae01571da1e18a2fcd6b85d70c19192b086,20260908,0.9.2,738,False,35.81554735951738,ELECTRICAL#15,ELECTRICAL,failure,22.81554735951738,22.81554735951738,22.81554735951738,PERFECT
aging-PERFECT,a781d2546489e692d824d9b320280ae01571da1e18a2fcd6b85d70c19192b086,20260908,0.9.2,738,False,37.06022116839584,ELECTRICAL#15,ELECTRICAL,repair,22.81554735951738,0.0,22.81554735951738,PERFECT
aging-PERFECT,a781d2546489e692d824d9b320280ae01571da1e18a2fcd6b85d70c19192b086,20260908,0.9.2,738,False,57.26434537648868,POWERPLANT#21,POWERPLANT,failure,20.264345376488677,20.264345376488677,20.264345376488677,PERFECT
aging-PERFECT,a781d2546489e692d824d9b320280ae01571da1e18a2fcd6b85d70c19192b086,20260908,0.9.2,738,False,58.03456642019079,POWERPLANT#21,POWERPLANT,repair,20.264345376488677,0.0,20.264345376488677,PERFECT
aging-PERFECT,a781d2546489e692d824d9b320280ae01571da1e18a2fcd6b85d70c19192b086,20260908,0.9.2,739,False,11.122595763545572,ELECTRICAL#3,ELECTRICAL,failure,22.122595763545572,22.122595763545572,22.122595763545572,PERFECT
aging-PERFECT,a781d2546489e692d824d9b320280ae01571da1e18a2fcd6b85d70c19192b086,20260908,0.9.2,739,False,14.365691404545755,ELECTRICAL#3,ELECTRICAL,repair,22.122595763545572,0.0,22.122595763545572,PERFECT
aging-PERFECT,a781d2546489e692d824d9b320280ae01571da1e18a2fcd6b85d70c19192b086,20260908,0.9.2,740,False,10.730787805591959,HYDRAULIC#4,HYDRAULIC,failure,21.73078780559196,21.73078780559196,21.73078780559196,PERFECT
aging-PERFECT,a781d2546489e692d824d9b320280ae01571da1e18a2fcd6b85d70c19192b086,20260908,0.9.2,740,False,12.357785378712286,HYDRAULIC#4,HYDRAULIC,repair,21.73078780559196,0.0,21.73078780559196,PERFECT
aging-PERFECT,a781d2546489e692d824d9b320280ae01571da1e18a2fcd6b85d70c19192b086,20260908,0.9.2,740,False,33.08070855702254,AVIONICS#14,AVIONICS,failure,20.08070855702254,20.08070855702254,20.08070855702254,PERFECT
aging-PERFECT,a781d2546489e692d824d9b320280ae01571da1e18a2fcd6b85d70c19192b086,20260908,0.9.2,740,False,33.84801275601535,AVIONICS#14,AVIONICS,repair,20.08070855702254,0.0,20.08070855702254,PERFECT
aging-PERFECT,a781d2546489e692d824d9b320280ae01571da1e18a2fcd6b85d70c19192b086,20260908,0.9.2,740,False,57.31909645484265,AVIONICS#18,AVIONICS,failure,20.31909645484265,20.31909645484265,20.31909645484265,PERFECT
aging-PERFECT,a781d2546489e692d824d9b320280ae01571da1e18a2fcd6b85d70c19192b086,20260908,0.9.2,740,False,58.68667544598012,AVIONICS#18,AVIONICS,repair,20.31909645484265,0.0,20.31909645484265,PERFECT
aging-PERFECT,a781d2546489e692d824d9b320280ae01571da1e18a2fcd6b85d70c19192b086,20260908,0.9.2,741,False,9.152495063564297,AVIONICS#2,AVIONICS,failure,20.152495063564295,20.152495063564295,20.152495063564295,PERFECT
aging-PERFECT,a781d2546489e692d824d9b320280ae01571da1e18a2fcd6b85d70c19192b086,20260908,0.9.2,741,False,13.075451094288745,AVIONICS#2,AVIONICS,repair,20.152495063564295,0.0,20.152495063564295,PERFECT
aging-PERFECT,a781d2546489e692d824d9b320280ae01571da1e18a2fcd6b85d70c19192b086,20260908,0.9.2,742,False,59.129369528111084,HYDRAULIC#20,HYDRAULIC,failure,22.129369528111084,22.129369528111084,22.129369528111084,PERFECT
aging-PERFECT,a781d2546489e692d824d9b320280ae01571da1e18a2fcd6b85d70c19192b086,20260908,0.9.2,742,False,60.35946895021444,HYDRAULIC#20,HYDRAULIC,repair,22.129369528111084,0.0,22.129369528111084,PERFECT
aging-PERFECT,a781d2546489e692d824d9b320280ae01571da1e18a2fcd6b85d70c19192b086,20260908,0.9.2,743,False,11.737079415513097,AVIONICS#2,AVIONICS,failure,22.737079415513097,22.737079415513097,22.737079415513097,PERFECT
aging-PERFECT,a781d2546489e692d824d9b320280ae01571da1e18a2fcd6b85d70c19192b086,20260908,0.9.2,743,False,12.391402049782933,AVIONICS#2,AVIONICS,repair,22.737079415513097,0.0,22.737079415513097,PERFECT
aging-PERFECT,a781d2546489e692d824d9b320280ae01571da1e18a2fcd6b85d70c19192b086,20260908,0.9.2,743,False,33.02900363797022,AVIONICS#14,AVIONICS,failure,20.02900363797022,20.02900363797022,20.02900363797022,PERFECT
aging-PERFECT,a781d2546489e692d824d9b320280ae01571da1e18a2fcd6b85d70c19192b086,20260908,0.9.2,743,False,33.27393380279924,AVIONICS#14,AVIONICS,repair,20.02900363797022,0.0,20.02900363797022,PERFECT
aging-PERFECT,a781d2546489e692d824d9b320280ae01571da1e18a2fcd6b85d70c19192b086,20260908,0.9.2,743,False,58.702704090101314,POWERPLANT#21,POWERPLANT,failure,21.702704090101314,21.702704090101314,21.702704090101314,PERFECT
aging-PERFECT,a781d2546489e692d824d9b320280ae01571da1e18a2fcd6b85d70c19192b086,20260908,0.9.2,743,False,64.22100253205397,POWERPLANT#21,POWERPLANT,repair,21.702704090101314,0.0,21.702704090101314,PERFECT
aging-PERFECT,a781d2546489e692d824d9b320280ae01571da1e18a2fcd6b85d70c19192b086,20260908,0.9.2,744,False,10.274391014011353,ELECTRICAL#3,ELECTRICAL,failure,21.274391014011353,21.274391014011353,21.274391014011353,PERFECT
aging-PERFECT,a781d2546489e692d824d9b320280ae01571da1e18a2fcd6b85d70c19192b086,20260908,0.9.2,744,False,12.067308419855316,ELECTRICAL#3,ELECTRICAL,repair,21.274391014011353,0.0,21.274391014011353,PERFECT
aging-PERFECT,a781d2546489e692d824d9b320280ae01571da1e18a2fcd6b85d70c19192b086,20260908,0.9.2,745,False,9.889651636176309,AVIONICS#2,AVIONICS,failure,20.88965163617631,20.88965163617631,20.88965163617631,PERFECT
aging-PERFECT,a781d2546489e692d824d9b320280ae01571da1e18a2fcd6b85d70c19192b086,20260908,0.9.2,745,False,13.140573394438547,AVIONICS#2,AVIONICS,repair,20.88965163617631,0.0,20.88965163617631,PERFECT
aging-PERFECT,a781d2546489e692d824d9b320280ae01571da1e18a2fcd6b85d70c19192b086,20260908,0.9.2,745,False,59.40404498871212,HYDRAULIC#24,HYDRAULIC,failure,22.404044988712123,22.404044988712123,22.404044988712123,PERFECT
aging-PERFECT,a781d2546489e692d824d9b320280ae01571da1e18a2fcd6b85d70c19192b086,20260908,0.9.2,745,False,60.7953603741454,HYDRAULIC#24,HYDRAULIC,repair,22.404044988712123,0.0,22.404044988712123,PERFECT
aging-PERFECT,a781d2546489e692d824d9b320280ae01571da1e18a2fcd6b85d70c19192b086,20260908,0.9.2,746,False,34.53699095356193,POWERPLANT#13,POWERPLANT,failure,21.536990953561933,21.536990953561933,21.536990953561933,PERFECT
aging-PERFECT,a781d2546489e692d824d9b320280ae01571da1e18a2fcd6b85d70c19192b086,20260908,0.9.2,746,False,35.469777255401745,POWERPLANT#13,POWERPLANT,repair,21.536990953561933,0.0,21.536990953561933,PERFECT
aging-PERFECT,a781d2546489e692d824d9b320280ae01571da1e18a2fcd6b85d70c19192b086,20260908,0.9.2,746,False,58.00942696539202,HYDRAULIC#24,HYDRAULIC,failure,21.009426965392016,21.009426965392016,21.009426965392016,PERFECT
aging-PERFECT,a781d2546489e692d824d9b320280ae01571da1e18a2fcd6b85d70c19192b086,20260908,0.9.2,746,False,59.158699213562734,HYDRAULIC#24,HYDRAULIC,repair,21.009426965392016,0.0,21.009426965392016,PERFECT
aging-PERFECT,a781d2546489e692d824d9b320280ae01571da1e18a2fcd6b85d70c19192b086,20260908,0.9.2,747,False,10.781418630908279,ELECTRICAL#3,ELECTRICAL,failure,21.781418630908277,21.781418630908277,21.781418630908277,PERFECT
aging-PERFECT,a781d2546489e692d824d9b320280ae01571da1e18a2fcd6b85d70c19192b086,20260908,0.9.2,747,False,11.98722945527263,ELECTRICAL#3,ELECTRICAL,repair,21.781418630908277,0.0,21.781418630908277,PERFECT
aging-PERFECT,a781d2546489e692d824d9b320280ae01571da1e18a2fcd6b85d70c19192b086,20260908,0.9.2,747,False,58.45841610332634,HYDRAULIC#24,HYDRAULIC,failure,21.458416103326343,21.458416103326343,21.458416103326343,PERFECT
aging-PERFECT,a781d2546489e692d824d9b320280ae01571da1e18a2fcd6b85d70c19192b086,20260908,0.9.2,747,False,59.26856964742047,HYDRAULIC#24,HYDRAULIC,repair,21.458416103326343,0.0,21.458416103326343,PERFECT
aging-PERFECT,a781d2546489e692d824d9b320280ae01571da1e18a2fcd6b85d70c19192b086,20260908,0.9.2,748,False,57.947348796044075,HYDRAULIC#20,HYDRAULIC,failure,20.947348796044075,20.947348796044075,20.947348796044075,PERFECT
aging-PERFECT,a781d2546489e692d824d9b320280ae01571da1e18a2fcd6b85d70c19192b086,20260908,0.9.2,748,False,58.55600725056495,HYDRAULIC#20,HYDRAULIC,repair,20.947348796044075,0.0,20.947348796044075,PERFECT
aging-PERFECT,a781d2546489e692d824d9b320280ae01571da1e18a2fcd6b85d70c19192b086,20260908,0.9.2,749,False,35.45991164879971,ELECTRICAL#11,ELECTRICAL,failure,22.45991164879971,22.45991164879971,22.45991164879971,PERFECT
aging-PERFECT,a781d2546489e692d824d9b320280ae01571da1e18a2fcd6b85d70c19192b086,20260908,0.9.2,749,False,37.868546404824784,ELECTRICAL#11,ELECTRICAL,repair,22.45991164879971,0.0,22.45991164879971,PERFECT
aging-PERFECT,a781d2546489e692d824d9b320280ae01571da1e18a2fcd6b85d70c19192b086,20260908,0.9.2,750,False,9.963490125427612,POWERPLANT#5,POWERPLANT,failure,20.96349012542761,20.96349012542761,20.96349012542761,PERFECT
aging-PERFECT,a781d2546489e692d824d9b320280ae01571da1e18a2fcd6b85d70c19192b086,20260908,0.9.2,750,False,11.95794918799144,POWERPLANT#5,POWERPLANT,repair,20.96349012542761,0.0,20.96349012542761,PERFECT
aging-PERFECT,a781d2546489e692d824d9b320280ae01571da1e18a2fcd6b85d70c19192b086,20260908,0.9.2,750,False,57.948446608542234,ELECTRICAL#23,ELECTRICAL,failure,20.948446608542234,20.948446608542234,20.948446608542234,PERFECT
aging-PERFECT,a781d2546489e692d824d9b320280ae01571da1e18a2fcd6b85d70c19192b086,20260908,0.9.2,750,False,59.08593867102685,ELECTRICAL#23,ELECTRICAL,repair,20.948446608542234,0.0,20.948446608542234,PERFECT
aging-PERFECT,a781d2546489e692d824d9b320280ae01571da1e18a2fcd6b85d70c19192b086,20260908,0.9.2,751,False,35.043367198402095,ELECTRICAL#11,ELECTRICAL,failure,22.043367198402095,22.043367198402095,22.043367198402095,PERFECT
aging-PERFECT,a781d2546489e692d824d9b320280ae01571da1e18a2fcd6b85d70c19192b086,20260908,0.9.2,751,False,35.694865137277944,ELECTRICAL#11,ELECTRICAL,repair,22.043367198402095,0.0,22.043367198402095,PERFECT
aging-PERFECT,a781d2546489e692d824d9b320280ae01571da1e18a2fcd6b85d70c19192b086,20260908,0.9.2,752,False,11.776734301412354,AVIONICS#6,AVIONICS,failure,22.776734301412354,22.776734301412354,22.776734301412354,PERFECT
aging-PERFECT,a781d2546489e692d824d9b320280ae01571da1e18a2fcd6b85d70c19192b086,20260908,0.9.2,752,False,14.992933953154253,AVIONICS#6,AVIONICS,repair,22.776734301412354,0.0,22.776734301412354,PERFECT
aging-PERFECT,a781d2546489e692d824d9b320280ae01571da1e18a2fcd6b85d70c19192b086,20260908,0.9.2,752,False,35.262269305826415,AVIONICS#14,AVIONICS,failure,22.262269305826415,22.262269305826415,22.262269305826415,PERFECT
aging-PERFECT,a781d2546489e692d824d9b320280ae01571da1e18a2fcd6b85d70c19192b086,20260908,0.9.2,752,False,38.40580921901513,AVIONICS#14,AVIONICS,repair,22.262269305826415,0.0,22.262269305826415,PERFECT
aging-PERFECT,a781d2546489e692d824d9b320280ae01571da1e18a2fcd6b85d70c19192b086,20260908,0.9.2,753,False,9.895880962487656,HYDRAULIC#4,HYDRAULIC,failure,20.895880962487656,20.895880962487656,20.895880962487656,PERFECT
aging-PERFECT,a781d2546489e692d824d9b320280ae01571da1e18a2fcd6b85d70c19192b086,20260908,0.9.2,753,False,12.739343228648819,HYDRAULIC#4,HYDRAULIC,repair,20.895880962487656,0.0,20.895880962487656,PERFECT
aging-PERFECT,a781d2546489e692d824d9b320280ae01571da1e18a2fcd6b85d70c19192b086,20260908,0.9.2,753,False,57.361581169841116,POWERPLANT#21,POWERPLANT,failure,20.361581169841116,20.361581169841116,20.361581169841116,PERFECT
aging-PERFECT,a781d2546489e692d824d9b320280ae01571da1e18a2fcd6b85d70c19192b086,20260908,0.9.2,753,False,58.99809958957502,POWERPLANT#21,POWERPLANT,repair,20.361581169841116,0.0,20.361581169841116,PERFECT
aging-PERFECT,a781d2546489e692d824d9b320280ae01571da1e18a2fcd6b85d70c19192b086,20260908,0.9.2,755,False,34.62440438146813,POWERPLANT#13,POWERPLANT,failure,21.624404381468132,21.624404381468132,21.624404381468132,PERFECT
aging-PERFECT,a781d2546489e692d824d9b320280ae01571da1e18a2fcd6b85d70c19192b086,20260908,0.9.2,755,False,36.995476761935656,POWERPLANT#13,POWERPLANT,repair,21.624404381468132,0.0,21.624404381468132,PERFECT
aging-PERFECT,a781d2546489e692d824d9b320280ae01571da1e18a2fcd6b85d70c19192b086,20260908,0.9.2,756,False,58.60451333599713,AVIONICS#22,AVIONICS,failure,21.604513335997133,21.604513335997133,21.604513335997133,PERFECT
aging-PERFECT,a781d2546489e692d824d9b320280ae01571da1e18a2fcd6b85d70c19192b086,20260908,0.9.2,756,False,61.347391452237545,AVIONICS#22,AVIONICS,repair,21.604513335997133,0.0,21.604513335997133,PERFECT
aging-PERFECT,a781d2546489e692d824d9b320280ae01571da1e18a2fcd6b85d70c19192b086,20260908,0.9.2,757,False,57.95114817298837,ELECTRICAL#19,ELECTRICAL,failure,20.95114817298837,20.95114817298837,20.95114817298837,PERFECT
aging-PERFECT,a781d2546489e692d824d9b320280ae01571da1e18a2fcd6b85d70c19192b086,20260908,0.9.2,757,False,63.0678309199088,ELECTRICAL#19,ELECTRICAL,repair,20.95114817298837,0.0,20.95114817298837,PERFECT
aging-PERFECT,a781d2546489e692d824d9b320280ae01571da1e18a2fcd6b85d70c19192b086,20260908,0.9.2,758,False,58.55797515264108,AVIONICS#18,AVIONICS,failure,21.557975152641077,21.557975152641077,21.557975152641077,PERFECT
aging-PERFECT,a781d2546489e692d824d9b320280ae01571da1e18a2fcd6b85d70c19192b086,20260908,0.9.2,758,False,59.73265125165096,AVIONICS#18,AVIONICS,repair,21.557975152641077,0.0,21.557975152641077,PERFECT
aging-PERFECT,a781d2546489e692d824d9b320280ae01571da1e18a2fcd6b85d70c19192b086,20260908,0.9.2,759,False,9.891412428199258,ELECTRICAL#3,ELECTRICAL,failure,20.89141242819926,20.89141242819926,20.89141242819926,PERFECT
aging-PERFECT,a781d2546489e692d824d9b320280ae01571da1e18a2fcd6b85d70c19192b086,20260908,0.9.2,759,False,11.538759496381699,ELECTRICAL#3,ELECTRICAL,repair,20.89141242819926,0.0,20.89141242819926,PERFECT
aging-PERFECT,a781d2546489e692d824d9b320280ae01571da1e18a2fcd6b85d70c19192b086,20260908,0.9.2,759,False,35.21496354207636,AVIONICS#14,AVIONICS,failure,22.21496354207636,22.21496354207636,22.21496354207636,PERFECT
aging-PERFECT,a781d2546489e692d824d9b320280ae01571da1e18a2fcd6b85d70c19192b086,20260908,0.9.2,759,False,36.23256876857623,AVIONICS#14,AVIONICS,repair,22.21496354207636,0.0,22.21496354207636,PERFECT
aging-PERFECT,a781d2546489e692d824d9b320280ae01571da1e18a2fcd6b85d70c19192b086,20260908,0.9.2,759,False,57.542023918131804,ELECTRICAL#23,ELECTRICAL,failure,20.542023918131804,20.542023918131804,20.542023918131804,PERFECT
aging-PERFECT,a781d2546489e692d824d9b320280ae01571da1e18a2fcd6b85d70c19192b086,20260908,0.9.2,759,False,63.96705348415386,ELECTRICAL#23,ELECTRICAL,repair,20.542023918131804,0.0,20.542023918131804,PERFECT
aging-PERFECT,a781d2546489e692d824d9b320280ae01571da1e18a2fcd6b85d70c19192b086,20260908,0.9.2,760,False,10.811759735014967,AVIONICS#2,AVIONICS,failure,21.811759735014967,21.811759735014967,21.811759735014967,PERFECT
aging-PERFECT,a781d2546489e692d824d9b320280ae01571da1e18a2fcd6b85d70c19192b086,20260908,0.9.2,760,False,14.030011344872474,AVIONICS#2,AVIONICS,repair,21.811759735014967,0.0,21.811759735014967,PERFECT
aging-PERFECT,a781d2546489e692d824d9b320280ae01571da1e18a2fcd6b85d70c19192b086,20260908,0.9.2,760,False,57.02652576845398,ELECTRICAL#23,ELECTRICAL,failure,20.02652576845398,20.02652576845398,20.02652576845398,PERFECT
aging-PERFECT,a781d2546489e692d824d9b320280ae01571da1e18a2fcd6b85d70c19192b086,20260908,0.9.2,760,False,57.61554320893892,ELECTRICAL#23,ELECTRICAL,repair,20.02652576845398,0.0,20.02652576845398,PERFECT
aging-PERFECT,a781d2546489e692d824d9b320280ae01571da1e18a2fcd6b85d70c19192b086,20260908,0.9.2,761,False,33.108973455589805,POWERPLANT#9,POWERPLANT,failure,20.108973455589805,20.108973455589805,20.108973455589805,PERFECT
aging-PERFECT,a781d2546489e692d824d9b320280ae01571da1e18a2fcd6b85d70c19192b086,20260908,0.9.2,761,False,35.09460713329438,POWERPLANT#9,POWERPLANT,repair,20.108973455589805,0.0,20.108973455589805,PERFECT
aging-PERFECT,a781d2546489e692d824d9b320280ae01571da1e18a2fcd6b85d70c19192b086,20260908,0.9.2,762,False,57.15252455275686,POWERPLANT#17,POWERPLANT,failure,20.15252455275686,20.15252455275686,20.15252455275686,PERFECT
aging-PERFECT,a781d2546489e692d824d9b320280ae01571da1e18a2fcd6b85d70c19192b086,20260908,0.9.2,762,False,58.00286227876005,POWERPLANT#17,POWERPLANT,repair,20.15252455275686,0.0,20.15252455275686,PERFECT
aging-PERFECT,a781d2546489e692d824d9b320280ae01571da1e18a2fcd6b85d70c19192b086,20260908,0.9.2,763,False,35.266306789181186,HYDRAULIC#16,HYDRAULIC,failure,22.266306789181186,22.266306789181186,22.266306789181186,PERFECT
aging-PERFECT,a781d2546489e692d824d9b320280ae01571da1e18a2fcd6b85d70c19192b086,20260908,0.9.2,763,False,38.80600207581917,HYDRAULIC#16,HYDRAULIC,repair,22.266306789181186,0.0,22.266306789181186,PERFECT
aging-PERFECT,a781d2546489e692d824d9b320280ae01571da1e18a2fcd6b85d70c19192b086,20260908,0.9.2,763,False,58.87912162752488,ELECTRICAL#19,ELECTRICAL,failure,21.87912162752488,21.87912162752488,21.87912162752488,PERFECT
aging-PERFECT,a781d2546489e692d824d9b320280ae01571da1e18a2fcd6b85d70c19192b086,20260908,0.9.2,763,False,59.98500053402706,ELECTRICAL#19,ELECTRICAL,repair,21.87912162752488,0.0,21.87912162752488,PERFECT
aging-PERFECT,a781d2546489e692d824d9b320280ae01571da1e18a2fcd6b85d70c19192b086,20260908,0.9.2,764,False,59.172947739683444,ELECTRICAL#23,ELECTRICAL,failure,22.172947739683444,22.172947739683444,22.172947739683444,PERFECT
aging-PERFECT,a781d2546489e692d824d9b320280ae01571da1e18a2fcd6b85d70c19192b086,20260908,0.9.2,764,False,61.06777606052827,ELECTRICAL#23,ELECTRICAL,repair,22.172947739683444,0.0,22.172947739683444,PERFECT
aging-PERFECT,a781d2546489e692d824d9b320280ae01571da1e18a2fcd6b85d70c19192b086,20260908,0.9.2,765,False,11.384693759277294,HYDRAULIC#4,HYDRAULIC,failure,22.384693759277294,22.384693759277294,22.384693759277294,PERFECT
aging-PERFECT,a781d2546489e692d824d9b320280ae01571da1e18a2fcd6b85d70c19192b086,20260908,0.9.2,765,False,13.069731977192891,HYDRAULIC#4,HYDRAULIC,repair,22.384693759277294,0.0,22.384693759277294,PERFECT
aging-PERFECT,a781d2546489e692d824d9b320280ae01571da1e18a2fcd6b85d70c19192b086,20260908,0.9.2,765,False,35.69707478742009,AVIONICS#14,AVIONICS,failure,22.697074787420092,22.697074787420092,22.697074787420092,PERFECT
aging-PERFECT,a781d2546489e692d824d9b320280ae01571da1e18a2fcd6b85d70c19192b086,20260908,0.9.2,765,False,36.52159881240065,AVIONICS#14,AVIONICS,repair,22.697074787420092,0.0,22.697074787420092,PERFECT
aging-PERFECT,a781d2546489e692d824d9b320280ae01571da1e18a2fcd6b85d70c19192b086,20260908,0.9.2,765,False,58.21013655900695,AVIONICS#22,AVIONICS,failure,21.210136559006948,21.210136559006948,21.210136559006948,PERFECT
aging-PERFECT,a781d2546489e692d824d9b320280ae01571da1e18a2fcd6b85d70c19192b086,20260908,0.9.2,765,False,71.594989617563,AVIONICS#22,AVIONICS,repair,21.210136559006948,0.0,21.210136559006948,PERFECT
aging-PERFECT,a781d2546489e692d824d9b320280ae01571da1e18a2fcd6b85d70c19192b086,20260908,0.9.2,766,False,9.175305755099233,AVIONICS#2,AVIONICS,failure,20.17530575509923,20.17530575509923,20.17530575509923,PERFECT
aging-PERFECT,a781d2546489e692d824d9b320280ae01571da1e18a2fcd6b85d70c19192b086,20260908,0.9.2,766,False,11.655624538805139,AVIONICS#2,AVIONICS,repair,20.17530575509923,0.0,20.17530575509923,PERFECT
aging-PERFECT,a781d2546489e692d824d9b320280ae01571da1e18a2fcd6b85d70c19192b086,20260908,0.9.2,766,False,35.035742196092805,AVIONICS#10,AVIONICS,failure,22.035742196092805,22.035742196092805,22.035742196092805,PERFECT
aging-PERFECT,a781d2546489e692d824d9b320280ae01571da1e18a2fcd6b85d70c19192b086,20260908,0.9.2,766,False,37.37057277651323,AVIONICS#10,AVIONICS,repair,22.035742196092805,0.0,22.035742196092805,PERFECT
aging-PERFECT,a781d2546489e692d824d9b320280ae01571da1e18a2fcd6b85d70c19192b086,20260908,0.9.2,767,False,34.22302695972049,HYDRAULIC#12,HYDRAULIC,failure,21.223026959720492,21.223026959720492,21.223026959720492,PERFECT
aging-PERFECT,a781d2546489e692d824d9b320280ae01571da1e18a2fcd6b85d70c19192b086,20260908,0.9.2,767,False,35.73958470007192,HYDRAULIC#12,HYDRAULIC,repair,21.223026959720492,0.0,21.223026959720492,PERFECT
aging-PERFECT,a781d2546489e692d824d9b320280ae01571da1e18a2fcd6b85d70c19192b086,20260908,0.9.2,768,False,9.590247259211381,POWERPLANT#1,POWERPLANT,failure,20.59024725921138,20.59024725921138,20.59024725921138,PERFECT
aging-PERFECT,a781d2546489e692d824d9b320280ae01571da1e18a2fcd6b85d70c19192b086,20260908,0.9.2,768,False,11.805558383818905,POWERPLANT#1,POWERPLANT,repair,20.59024725921138,0.0,20.59024725921138,PERFECT
aging-PERFECT,a781d2546489e692d824d9b320280ae01571da1e18a2fcd6b85d70c19192b086,20260908,0.9.2,769,False,11.086397227869533,HYDRAULIC#4,HYDRAULIC,failure,22.086397227869533,22.086397227869533,22.086397227869533,PERFECT
aging-PERFECT,a781d2546489e692d824d9b320280ae01571da1e18a2fcd6b85d70c19192b086,20260908,0.9.2,769,False,12.18774680510585,HYDRAULIC#4,HYDRAULIC,repair,22.086397227869533,0.0,22.086397227869533,PERFECT
aging-PERFECT,a781d2546489e692d824d9b320280ae01571da1e18a2fcd6b85d70c19192b086,20260908,0.9.2,769,False,35.474222620744946,HYDRAULIC#16,HYDRAULIC,failure,22.474222620744946,22.474222620744946,22.474222620744946,PERFECT
aging-PERFECT,a781d2546489e692d824d9b320280ae01571da1e18a2fcd6b85d70c19192b086,20260908,0.9.2,769,False,36.518164443945935,HYDRAULIC#16,HYDRAULIC,repair,22.474222620744946,0.0,22.474222620744946,PERFECT
aging-PERFECT,a781d2546489e692d824d9b320280ae01571da1e18a2fcd6b85d70c19192b086,20260908,0.9.2,769,False,58.456574147678054,AVIONICS#22,AVIONICS,failure,21.456574147678054,21.456574147678054,21.456574147678054,PERFECT
aging-PERFECT,a781d2546489e692d824d9b320280ae01571da1e18a2fcd6b85d70c19192b086,20260908,0.9.2,769,False,67.03838649449577,AVIONICS#22,AVIONICS,repair,21.456574147678054,0.0,21.456574147678054,PERFECT
aging-PERFECT,a781d2546489e692d824d9b320280ae01571da1e18a2fcd6b85d70c19192b086,20260908,0.9.2,770,False,33.84731825325408,ELECTRICAL#15,ELECTRICAL,failure,20.84731825325408,20.84731825325408,20.84731825325408,PERFECT
aging-PERFECT,a781d2546489e692d824d9b320280ae01571da1e18a2fcd6b85d70c19192b086,20260908,0.9.2,770,False,35.05994223363959,ELECTRICAL#15,ELECTRICAL,repair,20.84731825325408,0.0,20.84731825325408,PERFECT
aging-PERFECT,a781d2546489e692d824d9b320280ae01571da1e18a2fcd6b85d70c19192b086,20260908,0.9.2,770,False,57.32575292950587,AVIONICS#22,AVIONICS,failure,20.325752929505867,20.325752929505867,20.325752929505867,PERFECT
aging-PERFECT,a781d2546489e692d824d9b320280ae01571da1e18a2fcd6b85d70c19192b086,20260908,0.9.2,770,False,58.86154899299907,AVIONICS#22,AVIONICS,repair,20.325752929505867,0.0,20.325752929505867,PERFECT
aging-PERFECT,a781d2546489e692d824d9b320280ae01571da1e18a2fcd6b85d70c19192b086,20260908,0.9.2,771,False,33.20262467186727,ELECTRICAL#15,ELECTRICAL,failure,20.20262467186727,20.20262467186727,20.20262467186727,PERFECT
aging-PERFECT,a781d2546489e692d824d9b320280ae01571da1e18a2fcd6b85d70c19192b086,20260908,0.9.2,771,False,36.15406827115588,ELECTRICAL#15,ELECTRICAL,repair,20.20262467186727,0.0,20.20262467186727,PERFECT
aging-PERFECT,a781d2546489e692d824d9b320280ae01571da1e18a2fcd6b85d70c19192b086,20260908,0.9.2,772,False,58.89318869579878,HYDRAULIC#20,HYDRAULIC,failure,21.893188695798777,21.893188695798777,21.893188695798777,PERFECT
aging-PERFECT,a781d2546489e692d824d9b320280ae01571da1e18a2fcd6b85d70c19192b086,20260908,0.9.2,772,False,62.175545241633245,HYDRAULIC#20,HYDRAULIC,repair,21.893188695798777,0.0,21.893188695798777,PERFECT
aging-PERFECT,a781d2546489e692d824d9b320280ae01571da1e18a2fcd6b85d70c19192b086,20260908,0.9.2,773,False,9.602531037620867,POWERPLANT#5,POWERPLANT,failure,20.602531037620867,20.602531037620867,20.602531037620867,PERFECT
aging-PERFECT,a781d2546489e692d824d9b320280ae01571da1e18a2fcd6b85d70c19192b086,20260908,0.9.2,773,False,10.826647499240822,POWERPLANT#5,POWERPLANT,repair,20.602531037620867,0.0,20.602531037620867,PERFECT
aging-PERFECT,a781d2546489e692d824d9b320280ae01571da1e18a2fcd6b85d70c19192b086,20260908,0.9.2,774,False,11.063133170101306,HYDRAULIC#4,HYDRAULIC,failure,22.063133170101306,22.063133170101306,22.063133170101306,PERFECT
aging-PERFECT,a781d2546489e692d824d9b320280ae01571da1e18a2fcd6b85d70c19192b086,20260908,0.9.2,774,False,12.061900611324536,HYDRAULIC#4,HYDRAULIC,repair,22.063133170101306,0.0,22.063133170101306,PERFECT
aging-PERFECT,a781d2546489e692d824d9b320280ae01571da1e18a2fcd6b85d70c19192b086,20260908,0.9.2,774,False,35.77548632054436,HYDRAULIC#12,HYDRAULIC,failure,22.77548632054436,22.77548632054436,22.77548632054436,PERFECT
aging-PERFECT,a781d2546489e692d824d9b320280ae01571da1e18a2fcd6b85d70c19192b086,20260908,0.9.2,774,False,37.4223089014378,HYDRAULIC#12,HYDRAULIC,repair,22.77548632054436,0.0,22.77548632054436,PERFECT
aging-PERFECT,a781d2546489e692d824d9b320280ae01571da1e18a2fcd6b85d70c19192b086,20260908,0.9.2,774,False,59.33088474202674,ELECTRICAL#19,ELECTRICAL,failure,22.33088474202674,22.33088474202674,22.33088474202674,PERFECT
aging-PERFECT,a781d2546489e692d824d9b320280ae01571da1e18a2fcd6b85d70c19192b086,20260908,0.9.2,774,False,59.92054002710684,ELECTRICAL#19,ELECTRICAL,repair,22.33088474202674,0.0,22.33088474202674,PERFECT
aging-PERFECT,a781d2546489e692d824d9b320280ae01571da1e18a2fcd6b85d70c19192b086,20260908,0.9.2,775,False,35.86414241055476,HYDRAULIC#16,HYDRAULIC,failure,22.864142410554763,22.864142410554763,22.864142410554763,PERFECT
aging-PERFECT,a781d2546489e692d824d9b320280ae01571da1e18a2fcd6b85d70c19192b086,20260908,0.9.2,775,False,37.82517338498722,HYDRAULIC#16,HYDRAULIC,repair,22.864142410554763,0.0,22.864142410554763,PERFECT
aging-PERFECT,a781d2546489e692d824d9b320280ae01571da1e18a2fcd6b85d70c19192b086,20260908,0.9.2,775,False,58.09675580294291,POWERPLANT#17,POWERPLANT,failure,21.09675580294291,21.09675580294291,21.09675580294291,PERFECT
aging-PERFECT,a781d2546489e692d824d9b320280ae01571da1e18a2fcd6b85d70c19192b086,20260908,0.9.2,775,False,58.81486967834687,POWERPLANT#17,POWERPLANT,repair,21.09675580294291,0.0,21.09675580294291,PERFECT
aging-PERFECT,a781d2546489e692d824d9b320280ae01571da1e18a2fcd6b85d70c19192b086,20260908,0.9.2,776,False,59.20487742688368,AVIONICS#18,AVIONICS,failure,22.204877426883677,22.204877426883677,22.204877426883677,PERFECT
aging-PERFECT,a781d2546489e692d824d9b320280ae01571da1e18a2fcd6b85d70c19192b086,20260908,0.9.2,776,False,62.21924300780686,AVIONICS#18,AVIONICS,repair,22.204877426883677,0.0,22.204877426883677,PERFECT
aging-PERFECT,a781d2546489e692d824d9b320280ae01571da1e18a2fcd6b85d70c19192b086,20260908,0.9.2,777,False,34.21397197876015,HYDRAULIC#12,HYDRAULIC,failure,21.21397197876015,21.21397197876015,21.21397197876015,PERFECT
aging-PERFECT,a781d2546489e692d824d9b320280ae01571da1e18a2fcd6b85d70c19192b086,20260908,0.9.2,777,False,38.14179809534566,HYDRAULIC#12,HYDRAULIC,repair,21.21397197876015,0.0,21.21397197876015,PERFECT
aging-PERFECT,a781d2546489e692d824d9b320280ae01571da1e18a2fcd6b85d70c19192b086,20260908,0.9.2,777,False,59.92399751115709,AVIONICS#18,AVIONICS,failure,22.92399751115709,22.92399751115709,22.92399751115709,PERFECT
aging-PERFECT,a781d2546489e692d824d9b320280ae01571da1e18a2fcd6b85d70c19192b086,20260908,0.9.2,777,False,63.42856975663572,AVIONICS#18,AVIONICS,repair,22.92399751115709,0.0,22.92399751115709,PERFECT
aging-PERFECT,a781d2546489e692d824d9b320280ae01571da1e18a2fcd6b85d70c19192b086,20260908,0.9.2,778,False,9.96531287302243,AVIONICS#6,AVIONICS,failure,20.96531287302243,20.96531287302243,20.96531287302243,PERFECT
aging-PERFECT,a781d2546489e692d824d9b320280ae01571da1e18a2fcd6b85d70c19192b086,20260908,0.9.2,778,False,10.148709637866993,HYDRAULIC#4,HYDRAULIC,failure,21.148709637866993,21.148709637866993,21.148709637866993,PERFECT
aging-PERFECT,a781d2546489e692d824d9b320280ae01571da1e18a2fcd6b85d70c19192b086,20260908,0.9.2,778,False,10.477657229949441,HYDRAULIC#4,HYDRAULIC,repair,21.148709637866993,0.0,21.148709637866993,PERFECT
aging-PERFECT,a781d2546489e692d824d9b320280ae01571da1e18a2fcd6b85d70c19192b086,20260908,0.9.2,778,False,11.802221868696428,AVIONICS#6,AVIONICS,repair,20.96531287302243,0.0,20.96531287302243,PERFECT
aging-PERFECT,a781d2546489e692d824d9b320280ae01571da1e18a2fcd6b85d70c19192b086,20260908,0.9.2,778,False,58.9343168269145,AVIONICS#18,AVIONICS,failure,21.934316826914497,21.934316826914497,21.934316826914497,PERFECT
aging-PERFECT,a781d2546489e692d824d9b320280ae01571da1e18a2fcd6b85d70c19192b086,20260908,0.9.2,778,False,61.83848137586546,AVIONICS#18,AVIONICS,repair,21.934316826914497,0.0,21.934316826914497,PERFECT
aging-PERFECT,a781d2546489e692d824d9b320280ae01571da1e18a2fcd6b85d70c19192b086,20260908,0.9.2,779,False,59.746217532737646,AVIONICS#18,AVIONICS,failure,22.746217532737646,22.746217532737646,22.746217532737646,PERFECT
aging-PERFECT,a781d2546489e692d824d9b320280ae01571da1e18a2fcd6b85d70c19192b086,20260908,0.9.2,779,False,62.215859067408566,AVIONICS#18,AVIONICS,repair,22.746217532737646,0.0,22.746217532737646,PERFECT
aging-PERFECT,a781d2546489e692d824d9b320280ae01571da1e18a2fcd6b85d70c19192b086,20260908,0.9.2,780,False,9.93494620158727,AVIONICS#6,AVIONICS,failure,20.93494620158727,20.93494620158727,20.93494620158727,PERFECT
aging-PERFECT,a781d2546489e692d824d9b320280ae01571da1e18a2fcd6b85d70c19192b086,20260908,0.9.2,780,False,11.36727583797423,AVIONICS#6,AVIONICS,repair,20.93494620158727,0.0,20.93494620158727,PERFECT
aging-PERFECT,a781d2546489e692d824d9b320280ae01571da1e18a2fcd6b85d70c19192b086,20260908,0.9.2,780,False,34.63143503832544,HYDRAULIC#16,HYDRAULIC,failure,21.631435038325442,21.631435038325442,21.631435038325442,PERFECT
aging-PERFECT,a781d2546489e692d824d9b320280ae01571da1e18a2fcd6b85d70c19192b086,20260908,0.9.2,780,False,35.47937528198832,HYDRAULIC#16,HYDRAULIC,repair,21.631435038325442,0.0,21.631435038325442,PERFECT
aging-PERFECT,a781d2546489e692d824d9b320280ae01571da1e18a2fcd6b85d70c19192b086,20260908,0.9.2,781,False,9.241498914475654,AVIONICS#6,AVIONICS,failure,20.241498914475656,20.241498914475656,20.241498914475656,PERFECT
aging-PERFECT,a781d2546489e692d824d9b320280ae01571da1e18a2fcd6b85d70c19192b086,20260908,0.9.2,781,False,10.538460880156522,AVIONICS#6,AVIONICS,repair,20.241498914475656,0.0,20.241498914475656,PERFECT
aging-PERFECT,a781d2546489e692d824d9b320280ae01571da1e18a2fcd6b85d70c19192b086,20260908,0.9.2,783,False,33.39878537132235,POWERPLANT#9,POWERPLANT,failure,20.398785371322347,20.398785371322347,20.398785371322347,PERFECT
aging-PERFECT,a781d2546489e692d824d9b320280ae01571da1e18a2fcd6b85d70c19192b086,20260908,0.9.2,783,False,34.440181606786986,POWERPLANT#9,POWERPLANT,repair,20.398785371322347,0.0,20.398785371322347,PERFECT
aging-PERFECT,a781d2546489e692d824d9b320280ae01571da1e18a2fcd6b85d70c19192b086,20260908,0.9.2,784,False,34.68032875741246,POWERPLANT#9,POWERPLANT,failure,21.68032875741246,21.68032875741246,21.68032875741246,PERFECT
aging-PERFECT,a781d2546489e692d824d9b320280ae01571da1e18a2fcd6b85d70c19192b086,20260908,0.9.2,784,False,41.802007275784376,POWERPLANT#9,POWERPLANT,repair,21.68032875741246,0.0,21.68032875741246,PERFECT
aging-PERFECT,a781d2546489e692d824d9b320280ae01571da1e18a2fcd6b85d70c19192b086,20260908,0.9.2,785,False,10.119401512551034,ELECTRICAL#3,ELECTRICAL,failure,21.119401512551036,21.119401512551036,21.119401512551036,PERFECT
aging-PERFECT,a781d2546489e692d824d9b320280ae01571da1e18a2fcd6b85d70c19192b086,20260908,0.9.2,785,False,10.36150245766263,HYDRAULIC#4,HYDRAULIC,failure,21.36150245766263,21.36150245766263,21.36150245766263,PERFECT
aging-PERFECT,a781d2546489e692d824d9b320280ae01571da1e18a2fcd6b85d70c19192b086,20260908,0.9.2,785,False,10.476652262063766,POWERPLANT#5,POWERPLANT,failure,21.476652262063766,21.476652262063766,21.476652262063766,PERFECT
aging-PERFECT,a781d2546489e692d824d9b320280ae01571da1e18a2fcd6b85d70c19192b086,20260908,0.9.2,785,False,13.488403106910411,ELECTRICAL#3,ELECTRICAL,repair,21.119401512551036,0.0,21.119401512551036,PERFECT
aging-PERFECT,a781d2546489e692d824d9b320280ae01571da1e18a2fcd6b85d70c19192b086,20260908,0.9.2,785,False,13.989023859958442,POWERPLANT#5,POWERPLANT,repair,21.476652262063766,0.0,21.476652262063766,PERFECT
aging-PERFECT,a781d2546489e692d824d9b320280ae01571da1e18a2fcd6b85d70c19192b086,20260908,0.9.2,785,False,17.15012619702579,HYDRAULIC#4,HYDRAULIC,repair,21.36150245766263,0.0,21.36150245766263,PERFECT
aging-PERFECT,a781d2546489e692d824d9b320280ae01571da1e18a2fcd6b85d70c19192b086,20260908,0.9.2,787,False,10.090745561735494,HYDRAULIC#4,HYDRAULIC,failure,21.090745561735496,21.090745561735496,21.090745561735496,PERFECT
aging-PERFECT,a781d2546489e692d824d9b320280ae01571da1e18a2fcd6b85d70c19192b086,20260908,0.9.2,787,False,12.119235686514232,HYDRAULIC#4,HYDRAULIC,repair,21.090745561735496,0.0,21.090745561735496,PERFECT
aging-PERFECT,a781d2546489e692d824d9b320280ae01571da1e18a2fcd6b85d70c19192b086,20260908,0.9.2,787,False,35.67285066778579,POWERPLANT#9,POWERPLANT,failure,22.672850667785788,22.672850667785788,22.672850667785788,PERFECT
aging-PERFECT,a781d2546489e692d824d9b320280ae01571da1e18a2fcd6b85d70c19192b086,20260908,0.9.2,787,False,35.77330330479157,AVIONICS#10,AVIONICS,failure,22.77330330479157,22.77330330479157,22.77330330479157,PERFECT
aging-PERFECT,a781d2546489e692d824d9b320280ae01571da1e18a2fcd6b85d70c19192b086,20260908,0.9.2,787,False,35.87289110288934,POWERPLANT#13,POWERPLANT,failure,22.87289110288934,22.87289110288934,22.87289110288934,PERFECT
aging-PERFECT,a781d2546489e692d824d9b320280ae01571da1e18a2fcd6b85d70c19192b086,20260908,0.9.2,787,False,37.66785601996136,POWERPLANT#9,POWERPLANT,repair,22.672850667785788,0.0,22.672850667785788,PERFECT
aging-PERFECT,a781d2546489e692d824d9b320280ae01571da1e18a2fcd6b85d70c19192b086,20260908,0.9.2,787,False,38.98766857757012,AVIONICS#10,AVIONICS,repair,22.77330330479157,0.0,22.77330330479157,PERFECT
aging-PERFECT,a781d2546489e692d824d9b320280ae01571da1e18a2fcd6b85d70c19192b086,20260908,0.9.2,787,False,42.351131874134595,POWERPLANT#13,POWERPLANT,repair,22.87289110288934,0.0,22.87289110288934,PERFECT
aging-PERFECT,a781d2546489e692d824d9b320280ae01571da1e18a2fcd6b85d70c19192b086,20260908,0.9.2,788,False,10.933953368021523,HYDRAULIC#4,HYDRAULIC,failure,21.933953368021523,21.933953368021523,21.933953368021523,PERFECT
aging-PERFECT,a781d2546489e692d824d9b320280ae01571da1e18a2fcd6b85d70c19192b086,20260908,0.9.2,788,False,17.391819481622246,HYDRAULIC#4,HYDRAULIC,repair,21.933953368021523,0.0,21.933953368021523,PERFECT
aging-PERFECT,a781d2546489e692d824d9b320280ae01571da1e18a2fcd6b85d70c19192b086,20260908,0.9.2,788,False,34.010759540229486,POWERPLANT#9,POWERPLANT,failure,21.010759540229486,21.010759540229486,21.010759540229486,PERFECT
aging-PERFECT,a781d2546489e692d824d9b320280ae01571da1e18a2fcd6b85d70c19192b086,20260908,0.9.2,788,False,34.02543665123644,HYDRAULIC#16,HYDRAULIC,failure,21.02543665123644,21.02543665123644,21.02543665123644,PERFECT
aging-PERFECT,a781d2546489e692d824d9b320280ae01571da1e18a2fcd6b85d70c19192b086,20260908,0.9.2,788,False,34.61098689555982,HYDRAULIC#16,HYDRAULIC,repair,21.02543665123644,0.0,21.02543665123644,PERFECT
aging-PERFECT,a781d2546489e692d824d9b320280ae01571da1e18a2fcd6b85d70c19192b086,20260908,0.9.2,788,False,37.65472853927315,POWERPLANT#9,POWERPLANT,repair,21.010759540229486,0.0,21.010759540229486,PERFECT
aging-PERFECT,a781d2546489e692d824d9b320280ae01571da1e18a2fcd6b85d70c19192b086,20260908,0.9.2,788,False,57.782270306995876,HYDRAULIC#20,HYDRAULIC,failure,20.782270306995876,20.782270306995876,20.782270306995876,PERFECT
aging-PERFECT,a781d2546489e692d824d9b320280ae01571da1e18a2fcd6b85d70c19192b086,20260908,0.9.2,788,False,58.565269130417896,HYDRAULIC#20,HYDRAULIC,repair,20.782270306995876,0.0,20.782270306995876,PERFECT
aging-PERFECT,a781d2546489e692d824d9b320280ae01571da1e18a2fcd6b85d70c19192b086,20260908,0.9.2,789,False,57.86390599365025,AVIONICS#22,AVIONICS,failure,20.86390599365025,20.86390599365025,20.86390599365025,PERFECT
aging-PERFECT,a781d2546489e692d824d9b320280ae01571da1e18a2fcd6b85d70c19192b086,20260908,0.9.2,789,False,61.0439549914196,AVIONICS#22,AVIONICS,repair,20.86390599365025,0.0,20.86390599365025,PERFECT
aging-PERFECT,a781d2546489e692d824d9b320280ae01571da1e18a2fcd6b85d70c19192b086,20260908,0.9.2,790,False,59.1044241004363,HYDRAULIC#20,HYDRAULIC,failure,22.104424100436297,22.104424100436297,22.104424100436297,PERFECT
aging-PERFECT,a781d2546489e692d824d9b320280ae01571da1e18a2fcd6b85d70c19192b086,20260908,0.9.2,790,False,59.88795017857852,HYDRAULIC#20,HYDRAULIC,repair,22.104424100436297,0.0,22.104424100436297,PERFECT
aging-PERFECT,a781d2546489e692d824d9b320280ae01571da1e18a2fcd6b85d70c19192b086,20260908,0.9.2,791,False,57.604303216874015,ELECTRICAL#23,ELECTRICAL,failure,20.604303216874015,20.604303216874015,20.604303216874015,PERFECT
aging-PERFECT,a781d2546489e692d824d9b320280ae01571da1e18a2fcd6b85d70c19192b086,20260908,0.9.2,791,False,59.725895591823225,ELECTRICAL#23,ELECTRICAL,repair,20.604303216874015,0.0,20.604303216874015,PERFECT
aging-PERFECT,a781d2546489e692d824d9b320280ae01571da1e18a2fcd6b85d70c19192b086,20260908,0.9.2,793,False,11.921769953790202,AVIONICS#6,AVIONICS,failure,22.921769953790204,22.921769953790204,22.921769953790204,PERFECT
aging-PERFECT,a781d2546489e692d824d9b320280ae01571da1e18a2fcd6b85d70c19192b086,20260908,0.9.2,793,False,13.413329667454093,AVIONICS#6,AVIONICS,repair,22.921769953790204,0.0,22.921769953790204,PERFECT
aging-PERFECT,a781d2546489e692d824d9b320280ae01571da1e18a2fcd6b85d70c19192b086,20260908,0.9.2,793,False,34.933973116673556,ELECTRICAL#11,ELECTRICAL,failure,21.933973116673556,21.933973116673556,21.933973116673556,PERFECT
aging-PERFECT,a781d2546489e692d824d9b320280ae01571da1e18a2fcd6b85d70c19192b086,20260908,0.9.2,793,False,35.4045218071409,HYDRAULIC#12,HYDRAULIC,failure,22.404521807140902,22.404521807140902,22.404521807140902,PERFECT
aging-PERFECT,a781d2546489e692d824d9b320280ae01571da1e18a2fcd6b85d70c19192b086,20260908,0.9.2,793,False,36.47447002299877,ELECTRICAL#11,ELECTRICAL,repair,21.933973116673556,0.0,21.933973116673556,PERFECT
aging-PERFECT,a781d2546489e692d824d9b320280ae01571da1e18a2fcd6b85d70c19192b086,20260908,0.9.2,793,False,37.04774749040602,HYDRAULIC#12,HYDRAULIC,repair,22.404521807140902,0.0,22.404521807140902,PERFECT
aging-PERFECT,a781d2546489e692d824d9b320280ae01571da1e18a2fcd6b85d70c19192b086,20260908,0.9.2,794,False,34.405895600249195,HYDRAULIC#16,HYDRAULIC,failure,21.405895600249195,21.405895600249195,21.405895600249195,PERFECT
aging-PERFECT,a781d2546489e692d824d9b320280ae01571da1e18a2fcd6b85d70c19192b086,20260908,0.9.2,794,False,35.51425282932347,HYDRAULIC#16,HYDRAULIC,repair,21.405895600249195,0.0,21.405895600249195,PERFECT
aging-PERFECT,a781d2546489e692d824d9b320280ae01571da1e18a2fcd6b85d70c19192b086,20260908,0.9.2,795,False,9.164028930482917,HYDRAULIC#8,HYDRAULIC,failure,20.164028930482917,20.164028930482917,20.164028930482917,PERFECT
aging-PERFECT,a781d2546489e692d824d9b320280ae01571da1e18a2fcd6b85d70c19192b086,20260908,0.9.2,795,False,11.197849653903685,HYDRAULIC#8,HYDRAULIC,repair,20.164028930482917,0.0,20.164028930482917,PERFECT
aging-PERFECT,a781d2546489e692d824d9b320280ae01571da1e18a2fcd6b85d70c19192b086,20260908,0.9.2,795,False,35.547480021685466,ELECTRICAL#15,ELECTRICAL,failure,22.547480021685466,22.547480021685466,22.547480021685466,PERFECT
aging-PERFECT,a781d2546489e692d824d9b320280ae01571da1e18a2fcd6b85d70c19192b086,20260908,0.9.2,795,False,39.565899504077144,ELECTRICAL#15,ELECTRICAL,repair,22.547480021685466,0.0,22.547480021685466,PERFECT
aging-PERFECT,a781d2546489e692d824d9b320280ae01571da1e18a2fcd6b85d70c19192b086,20260908,0.9.2,795,False,57.51288868070157,POWERPLANT#17,POWERPLANT,failure,20.512888680701572,20.512888680701572,20.512888680701572,PERFECT
aging-PERFECT,a781d2546489e692d824d9b320280ae01571da1e18a2fcd6b85d70c19192b086,20260908,0.9.2,795,False,61.14800127040604,POWERPLANT#17,POWERPLANT,repair,20.512888680701572,0.0,20.512888680701572,PERFECT
aging-PERFECT,a781d2546489e692d824d9b320280ae01571da1e18a2fcd6b85d70c19192b086,20260908,0.9.2,796,False,33.09425590540394,ELECTRICAL#11,ELECTRICAL,failure,20.09425590540394,20.09425590540394,20.09425590540394,PERFECT
aging-PERFECT,a781d2546489e692d824d9b320280ae01571da1e18a2fcd6b85d70c19192b086,20260908,0.9.2,796,False,34.719621415568284,ELECTRICAL#11,ELECTRICAL,repair,20.09425590540394,0.0,20.09425590540394,PERFECT
aging-PERFECT,a781d2546489e692d824d9b320280ae01571da1e18a2fcd6b85d70c19192b086,20260908,0.9.2,797,False,9.934119810574616,HYDRAULIC#8,HYDRAULIC,failure,20.934119810574614,20.934119810574614,20.934119810574614,PERFECT
aging-PERFECT,a781d2546489e692d824d9b320280ae01571da1e18a2fcd6b85d70c19192b086,20260908,0.9.2,797,False,11.327521166087765,HYDRAULIC#8,HYDRAULIC,repair,20.934119810574614,0.0,20.934119810574614,PERFECT
aging-PERFECT,a781d2546489e692d824d9b320280ae01571da1e18a2fcd6b85d70c19192b086,20260908,0.9.2,797,False,58.00173583022419,POWERPLANT#21,POWERPLANT,failure,21.00173583022419,21.00173583022419,21.00173583022419,PERFECT
aging-PERFECT,a781d2546489e692d824d9b320280ae01571da1e18a2fcd6b85d70c19192b086,20260908,0.9.2,797,False,60.78771823247721,POWERPLANT#21,POWERPLANT,repair,21.00173583022419,0.0,21.00173583022419,PERFECT
aging-PERFECT,a781d2546489e692d824d9b320280ae01571da1e18a2fcd6b85d70c19192b086,20260908,0.9.2,798,False,9.262905679206735,AVIONICS#2,AVIONICS,failure,20.262905679206735,20.262905679206735,20.262905679206735,PERFECT
aging-PERFECT,a781d2546489e692d824d9b320280ae01571da1e18a2fcd6b85d70c19192b086,20260908,0.9.2,798,False,10.818263314620232,AVIONICS#2,AVIONICS,repair,20.262905679206735,0.0,20.262905679206735,PERFECT
aging-PERFECT,a781d2546489e692d824d9b320280ae01571da1e18a2fcd6b85d70c19192b086,20260908,0.9.2,799,False,34.47107599481543,HYDRAULIC#12,HYDRAULIC,failure,21.47107599481543,21.47107599481543,21.47107599481543,PERFECT
aging-PERFECT,a781d2546489e692d824d9b320280ae01571da1e18a2fcd6b85d70c19192b086,20260908,0.9.2,799,False,35.75156660209209,HYDRAULIC#12,HYDRAULIC,repair,21.47107599481543,0.0,21.47107599481543,PERFECT
aging-PERFECT,a781d2546489e692d824d9b320280ae01571da1e18a2fcd6b85d70c19192b086,20260908,0.9.2,800,False,34.68982257880133,POWERPLANT#13,POWERPLANT,failure,21.689822578801333,21.689822578801333,21.689822578801333,PERFECT
aging-PERFECT,a781d2546489e692d824d9b320280ae01571da1e18a2fcd6b85d70c19192b086,20260908,0.9.2,800,False,36.270943252201825,POWERPLANT#13,POWERPLANT,repair,21.689822578801333,0.0,21.689822578801333,PERFECT
aging-PERFECT,a781d2546489e692d824d9b320280ae01571da1e18a2fcd6b85d70c19192b086,20260908,0.9.2,800,False,58.86638843493403,POWERPLANT#17,POWERPLANT,failure,21.86638843493403,21.86638843493403,21.86638843493403,PERFECT
aging-PERFECT,a781d2546489e692d824d9b320280ae01571da1e18a2fcd6b85d70c19192b086,20260908,0.9.2,800,False,65.93323484037447,POWERPLANT#17,POWERPLANT,repair,21.86638843493403,0.0,21.86638843493403,PERFECT
aging-PERFECT,a781d2546489e692d824d9b320280ae01571da1e18a2fcd6b85d70c19192b086,20260908,0.9.2,801,False,10.568534613923676,ELECTRICAL#7,ELECTRICAL,failure,21.568534613923674,21.568534613923674,21.568534613923674,PERFECT
aging-PERFECT,a781d2546489e692d824d9b320280ae01571da1e18a2fcd6b85d70c19192b086,20260908,0.9.2,801,False,16.909206176065453,ELECTRICAL#7,ELECTRICAL,repair,21.568534613923674,0.0,21.568534613923674,PERFECT
aging-PERFECT,a781d2546489e692d824d9b320280ae01571da1e18a2fcd6b85d70c19192b086,20260908,0.9.2,801,False,33.35922208821976,ELECTRICAL#11,ELECTRICAL,failure,20.35922208821976,20.35922208821976,20.35922208821976,PERFECT
aging-PERFECT,a781d2546489e692d824d9b320280ae01571da1e18a2fcd6b85d70c19192b086,20260908,0.9.2,801,False,38.53111371473772,ELECTRICAL#11,ELECTRICAL,repair,20.35922208821976,0.0,20.35922208821976,PERFECT
aging-PERFECT,a781d2546489e692d824d9b320280ae01571da1e18a2fcd6b85d70c19192b086,20260908,0.9.2,801,False,58.15682294826548,POWERPLANT#21,POWERPLANT,failure,21.15682294826548,21.15682294826548,21.15682294826548,PERFECT
aging-PERFECT,a781d2546489e692d824d9b320280ae01571da1e18a2fcd6b85d70c19192b086,20260908,0.9.2,801,False,60.19601585921588,POWERPLANT#21,POWERPLANT,repair,21.15682294826548,0.0,21.15682294826548,PERFECT
aging-PERFECT,a781d2546489e692d824d9b320280ae01571da1e18a2fcd6b85d70c19192b086,20260908,0.9.2,802,False,9.159215505141065,AVIONICS#2,AVIONICS,failure,20.159215505141063,20.159215505141063,20.159215505141063,PERFECT
aging-PERFECT,a781d2546489e692d824d9b320280ae01571da1e18a2fcd6b85d70c19192b086,20260908,0.9.2,802,False,9.717275433286005,AVIONICS#2,AVIONICS,repair,20.159215505141063,0.0,20.159215505141063,PERFECT
aging-PERFECT,a781d2546489e692d824d9b320280ae01571da1e18a2fcd6b85d70c19192b086,20260908,0.9.2,803,False,11.207230225553158,HYDRAULIC#4,HYDRAULIC,failure,22.207230225553158,22.207230225553158,22.207230225553158,PERFECT
aging-PERFECT,a781d2546489e692d824d9b320280ae01571da1e18a2fcd6b85d70c19192b086,20260908,0.9.2,803,False,13.236478672236636,HYDRAULIC#4,HYDRAULIC,repair,22.207230225553158,0.0,22.207230225553158,PERFECT
aging-PERFECT,a781d2546489e692d824d9b320280ae01571da1e18a2fcd6b85d70c19192b086,20260908,0.9.2,803,False,58.77361083003112,AVIONICS#18,AVIONICS,failure,21.773610830031117,21.773610830031117,21.773610830031117,PERFECT
aging-PERFECT,a781d2546489e692d824d9b320280ae01571da1e18a2fcd6b85d70c19192b086,20260908,0.9.2,803,False,60.16011831014156,AVIONICS#18,AVIONICS,repair,21.773610830031117,0.0,21.773610830031117,PERFECT
aging-PERFECT,a781d2546489e692d824d9b320280ae01571da1e18a2fcd6b85d70c19192b086,20260908,0.9.2,804,False,10.966026815070007,AVIONICS#2,AVIONICS,failure,21.96602681507001,21.96602681507001,21.96602681507001,PERFECT
aging-PERFECT,a781d2546489e692d824d9b320280ae01571da1e18a2fcd6b85d70c19192b086,20260908,0.9.2,804,False,12.866793891461102,AVIONICS#2,AVIONICS,repair,21.96602681507001,0.0,21.96602681507001,PERFECT
aging-PERFECT,a781d2546489e692d824d9b320280ae01571da1e18a2fcd6b85d70c19192b086,20260908,0.9.2,804,False,35.18629243513538,ELECTRICAL#11,ELECTRICAL,failure,22.18629243513538,22.18629243513538,22.18629243513538,PERFECT
aging-PERFECT,a781d2546489e692d824d9b320280ae01571da1e18a2fcd6b85d70c19192b086,20260908,0.9.2,804,False,36.33756712753131,ELECTRICAL#11,ELECTRICAL,repair,22.18629243513538,0.0,22.18629243513538,PERFECT
aging-PERFECT,a781d2546489e692d824d9b320280ae01571da1e18a2fcd6b85d70c19192b086,20260908,0.9.2,804,False,58.63593458466349,ELECTRICAL#19,ELECTRICAL,failure,21.635934584663488,21.635934584663488,21.635934584663488,PERFECT
aging-PERFECT,a781d2546489e692d824d9b320280ae01571da1e18a2fcd6b85d70c19192b086,20260908,0.9.2,804,False,59.611501496012195,ELECTRICAL#19,ELECTRICAL,repair,21.635934584663488,0.0,21.635934584663488,PERFECT
aging-PERFECT,a781d2546489e692d824d9b320280ae01571da1e18a2fcd6b85d70c19192b086,20260908,0.9.2,805,False,33.08738203600562,HYDRAULIC#16,HYDRAULIC,failure,20.08738203600562,20.08738203600562,20.08738203600562,PERFECT
aging-PERFECT,a781d2546489e692d824d9b320280ae01571da1e18a2fcd6b85d70c19192b086,20260908,0.9.2,805,False,34.390580681852526,HYDRAULIC#16,HYDRAULIC,repair,20.08738203600562,0.0,20.08738203600562,PERFECT
aging-PERFECT,a781d2546489e692d824d9b320280ae01571da1e18a2fcd6b85d70c19192b086,20260908,0.9.2,805,False,58.59014867942107,HYDRAULIC#20,HYDRAULIC,failure,21.59014867942107,21.59014867942107,21.59014867942107,PERFECT
aging-PERFECT,a781d2546489e692d824d9b320280ae01571da1e18a2fcd6b85d70c19192b086,20260908,0.9.2,805,False,65.06885652850825,HYDRAULIC#20,HYDRAULIC,repair,21.59014867942107,0.0,21.59014867942107,PERFECT
aging-PERFECT,a781d2546489e692d824d9b320280ae01571da1e18a2fcd6b85d70c19192b086,20260908,0.9.2,807,False,58.434081282010304,AVIONICS#22,AVIONICS,failure,21.434081282010304,21.434081282010304,21.434081282010304,PERFECT
aging-PERFECT,a781d2546489e692d824d9b320280ae01571da1e18a2fcd6b85d70c19192b086,20260908,0.9.2,807,False,59.52300978895116,AVIONICS#22,AVIONICS,repair,21.434081282010304,0.0,21.434081282010304,PERFECT
aging-PERFECT,a781d2546489e692d824d9b320280ae01571da1e18a2fcd6b85d70c19192b086,20260908,0.9.2,808,False,11.994306854664623,AVIONICS#2,AVIONICS,failure,22.99430685466462,22.99430685466462,22.99430685466462,PERFECT
aging-PERFECT,a781d2546489e692d824d9b320280ae01571da1e18a2fcd6b85d70c19192b086,20260908,0.9.2,808,False,12.172688627905233,AVIONICS#2,AVIONICS,repair,22.99430685466462,0.0,22.99430685466462,PERFECT
aging-PERFECT,a781d2546489e692d824d9b320280ae01571da1e18a2fcd6b85d70c19192b086,20260908,0.9.2,808,False,35.89498332616815,HYDRAULIC#16,HYDRAULIC,failure,22.894983326168152,22.894983326168152,22.894983326168152,PERFECT
aging-PERFECT,a781d2546489e692d824d9b320280ae01571da1e18a2fcd6b85d70c19192b086,20260908,0.9.2,808,False,41.23692200018281,HYDRAULIC#16,HYDRAULIC,repair,22.894983326168152,0.0,22.894983326168152,PERFECT
aging-PERFECT,a781d2546489e692d824d9b320280ae01571da1e18a2fcd6b85d70c19192b086,20260908,0.9.2,809,False,10.919142913400291,POWERPLANT#5,POWERPLANT,failure,21.919142913400293,21.919142913400293,21.919142913400293,PERFECT
aging-PERFECT,a781d2546489e692d824d9b320280ae01571da1e18a2fcd6b85d70c19192b086,20260908,0.9.2,809,False,15.660759173513606,POWERPLANT#5,POWERPLANT,repair,21.919142913400293,0.0,21.919142913400293,PERFECT
aging-PERFECT,a781d2546489e692d824d9b320280ae01571da1e18a2fcd6b85d70c19192b086,20260908,0.9.2,809,False,57.56263252416049,HYDRAULIC#24,HYDRAULIC,failure,20.56263252416049,20.56263252416049,20.56263252416049,PERFECT
aging-PERFECT,a781d2546489e692d824d9b320280ae01571da1e18a2fcd6b85d70c19192b086,20260908,0.9.2,809,False,58.38381959209879,HYDRAULIC#24,HYDRAULIC,repair,20.56263252416049,0.0,20.56263252416049,PERFECT
aging-PERFECT,a781d2546489e692d824d9b320280ae01571da1e18a2fcd6b85d70c19192b086,20260908,0.9.2,810,False,9.567594665373454,ELECTRICAL#7,ELECTRICAL,failure,20.567594665373456,20.567594665373456,20.567594665373456,PERFECT
aging-PERFECT,a781d2546489e692d824d9b320280ae01571da1e18a2fcd6b85d70c19192b086,20260908,0.9.2,810,False,9.587714082401943,AVIONICS#2,AVIONICS,failure,20.587714082401945,20.587714082401945,20.587714082401945,PERFECT
aging-PERFECT,a781d2546489e692d824d9b320280ae01571da1e18a2fcd6b85d70c19192b086,20260908,0.9.2,810,False,10.723304478652517,AVIONICS#2,AVIONICS,repair,20.587714082401945,0.0,20.587714082401945,PERFECT
aging-PERFECT,a781d2546489e692d824d9b320280ae01571da1e18a2fcd6b85d70c19192b086,20260908,0.9.2,810,False,13.912268180706233,ELECTRICAL#7,ELECTRICAL,repair,20.567594665373456,0.0,20.567594665373456,PERFECT
aging-PERFECT,a781d2546489e692d824d9b320280ae01571da1e18a2fcd6b85d70c19192b086,20260908,0.9.2,811,False,33.598465424702724,AVIONICS#10,AVIONICS,failure,20.598465424702724,20.598465424702724,20.598465424702724,PERFECT
aging-PERFECT,a781d2546489e692d824d9b320280ae01571da1e18a2fcd6b85d70c19192b086,20260908,0.9.2,811,False,34.841182035287076,AVIONICS#10,AVIONICS,repair,20.598465424702724,0.0,20.598465424702724,PERFECT
aging-PERFECT,a781d2546489e692d824d9b320280ae01571da1e18a2fcd6b85d70c19192b086,20260908,0.9.2,812,False,59.221753119566046,POWERPLANT#17,POWERPLANT,failure,22.221753119566046,22.221753119566046,22.221753119566046,PERFECT
aging-PERFECT,a781d2546489e692d824d9b320280ae01571da1e18a2fcd6b85d70c19192b086,20260908,0.9.2,812,False,60.76553602245138,POWERPLANT#17,POWERPLANT,repair,22.221753119566046,0.0,22.221753119566046,PERFECT
aging-PERFECT,a781d2546489e692d824d9b320280ae01571da1e18a2fcd6b85d70c19192b086,20260908,0.9.2,813,False,35.58683677196047,AVIONICS#10,AVIONICS,failure,22.58683677196047,22.58683677196047,22.58683677196047,PERFECT
aging-PERFECT,a781d2546489e692d824d9b320280ae01571da1e18a2fcd6b85d70c19192b086,20260908,0.9.2,813,False,36.497062077813645,AVIONICS#10,AVIONICS,repair,22.58683677196047,0.0,22.58683677196047,PERFECT
aging-PERFECT,a781d2546489e692d824d9b320280ae01571da1e18a2fcd6b85d70c19192b086,20260908,0.9.2,814,False,33.835802766029175,ELECTRICAL#15,ELECTRICAL,failure,20.835802766029175,20.835802766029175,20.835802766029175,PERFECT
aging-PERFECT,a781d2546489e692d824d9b320280ae01571da1e18a2fcd6b85d70c19192b086,20260908,0.9.2,814,False,40.282627763872924,ELECTRICAL#15,ELECTRICAL,repair,20.835802766029175,0.0,20.835802766029175,PERFECT
aging-PERFECT,a781d2546489e692d824d9b320280ae01571da1e18a2fcd6b85d70c19192b086,20260908,0.9.2,814,False,58.79077967015617,HYDRAULIC#24,HYDRAULIC,failure,21.79077967015617,21.79077967015617,21.79077967015617,PERFECT
aging-PERFECT,a781d2546489e692d824d9b320280ae01571da1e18a2fcd6b85d70c19192b086,20260908,0.9.2,814,False,59.88632755577818,HYDRAULIC#24,HYDRAULIC,repair,21.79077967015617,0.0,21.79077967015617,PERFECT
aging-PERFECT,a781d2546489e692d824d9b320280ae01571da1e18a2fcd6b85d70c19192b086,20260908,0.9.2,815,False,58.901424716098624,ELECTRICAL#23,ELECTRICAL,failure,21.901424716098624,21.901424716098624,21.901424716098624,PERFECT
aging-PERFECT,a781d2546489e692d824d9b320280ae01571da1e18a2fcd6b85d70c19192b086,20260908,0.9.2,815,False,61.13382541149121,ELECTRICAL#23,ELECTRICAL,repair,21.901424716098624,0.0,21.901424716098624,PERFECT
aging-PERFECT,a781d2546489e692d824d9b320280ae01571da1e18a2fcd6b85d70c19192b086,20260908,0.9.2,817,False,58.69383853943743,HYDRAULIC#20,HYDRAULIC,failure,21.69383853943743,21.69383853943743,21.69383853943743,PERFECT
aging-PERFECT,a781d2546489e692d824d9b320280ae01571da1e18a2fcd6b85d70c19192b086,20260908,0.9.2,817,False,59.83385944376634,HYDRAULIC#20,HYDRAULIC,repair,21.69383853943743,0.0,21.69383853943743,PERFECT
aging-PERFECT,a781d2546489e692d824d9b320280ae01571da1e18a2fcd6b85d70c19192b086,20260908,0.9.2,818,False,9.290084079869231,AVIONICS#2,AVIONICS,failure,20.29008407986923,20.29008407986923,20.29008407986923,PERFECT
aging-PERFECT,a781d2546489e692d824d9b320280ae01571da1e18a2fcd6b85d70c19192b086,20260908,0.9.2,818,False,10.314442518939158,AVIONICS#2,AVIONICS,repair,20.29008407986923,0.0,20.29008407986923,PERFECT
aging-PERFECT,a781d2546489e692d824d9b320280ae01571da1e18a2fcd6b85d70c19192b086,20260908,0.9.2,818,False,34.73577136776866,ELECTRICAL#11,ELECTRICAL,failure,21.735771367768663,21.735771367768663,21.735771367768663,PERFECT
aging-PERFECT,a781d2546489e692d824d9b320280ae01571da1e18a2fcd6b85d70c19192b086,20260908,0.9.2,818,False,34.9970389200498,HYDRAULIC#12,HYDRAULIC,failure,21.997038920049803,21.997038920049803,21.997038920049803,PERFECT
aging-PERFECT,a781d2546489e692d824d9b320280ae01571da1e18a2fcd6b85d70c19192b086,20260908,0.9.2,818,False,36.05957006822107,ELECTRICAL#11,ELECTRICAL,repair,21.735771367768663,0.0,21.735771367768663,PERFECT
aging-PERFECT,a781d2546489e692d824d9b320280ae01571da1e18a2fcd6b85d70c19192b086,20260908,0.9.2,818,False,37.056632942934684,HYDRAULIC#12,HYDRAULIC,repair,21.997038920049803,0.0,21.997038920049803,PERFECT
aging-PERFECT,a781d2546489e692d824d9b320280ae01571da1e18a2fcd6b85d70c19192b086,20260908,0.9.2,818,False,57.47707997215121,HYDRAULIC#24,HYDRAULIC,failure,20.47707997215121,20.47707997215121,20.47707997215121,PERFECT
aging-PERFECT,a781d2546489e692d824d9b320280ae01571da1e18a2fcd6b85d70c19192b086,20260908,0.9.2,818,False,61.17686968860154,HYDRAULIC#24,HYDRAULIC,repair,20.47707997215121,0.0,20.47707997215121,PERFECT
aging-PERFECT,a781d2546489e692d824d9b320280ae01571da1e18a2fcd6b85d70c19192b086,20260908,0.9.2,819,False,35.363911440011734,ELECTRICAL#11,ELECTRICAL,failure,22.363911440011734,22.363911440011734,22.363911440011734,PERFECT
aging-PERFECT,a781d2546489e692d824d9b320280ae01571da1e18a2fcd6b85d70c19192b086,20260908,0.9.2,819,False,37.2467232776127,ELECTRICAL#11,ELECTRICAL,repair,22.363911440011734,0.0,22.363911440011734,PERFECT
aging-PERFECT,a781d2546489e692d824d9b320280ae01571da1e18a2fcd6b85d70c19192b086,20260908,0.9.2,819,False,59.00704429601117,POWERPLANT#21,POWERPLANT,failure,22.007044296011173,22.007044296011173,22.007044296011173,PERFECT
aging-PERFECT,a781d2546489e692d824d9b320280ae01571da1e18a2fcd6b85d70c19192b086,20260908,0.9.2,819,False,60.79574231674788,POWERPLANT#21,POWERPLANT,repair,22.007044296011173,0.0,22.007044296011173,PERFECT
aging-PERFECT,a781d2546489e692d824d9b320280ae01571da1e18a2fcd6b85d70c19192b086,20260908,0.9.2,820,False,9.148807651933515,AVIONICS#2,AVIONICS,failure,20.148807651933517,20.148807651933517,20.148807651933517,PERFECT
aging-PERFECT,a781d2546489e692d824d9b320280ae01571da1e18a2fcd6b85d70c19192b086,20260908,0.9.2,820,False,9.390419171175541,AVIONICS#2,AVIONICS,repair,20.148807651933517,0.0,20.148807651933517,PERFECT
aging-PERFECT,a781d2546489e692d824d9b320280ae01571da1e18a2fcd6b85d70c19192b086,20260908,0.9.2,820,False,35.985532080076084,AVIONICS#14,AVIONICS,failure,22.985532080076084,22.985532080076084,22.985532080076084,PERFECT
aging-PERFECT,a781d2546489e692d824d9b320280ae01571da1e18a2fcd6b85d70c19192b086,20260908,0.9.2,820,False,36.14113033117917,AVIONICS#14,AVIONICS,repair,22.985532080076084,0.0,22.985532080076084,PERFECT
aging-PERFECT,a781d2546489e692d824d9b320280ae01571da1e18a2fcd6b85d70c19192b086,20260908,0.9.2,821,False,11.576375707195687,POWERPLANT#1,POWERPLANT,failure,22.576375707195687,22.576375707195687,22.576375707195687,PERFECT
aging-PERFECT,a781d2546489e692d824d9b320280ae01571da1e18a2fcd6b85d70c19192b086,20260908,0.9.2,821,False,12.014312211183142,POWERPLANT#1,POWERPLANT,repair,22.576375707195687,0.0,22.576375707195687,PERFECT
aging-PERFECT,a781d2546489e692d824d9b320280ae01571da1e18a2fcd6b85d70c19192b086,20260908,0.9.2,821,False,35.49572160646519,POWERPLANT#13,POWERPLANT,failure,22.49572160646519,22.49572160646519,22.49572160646519,PERFECT
aging-PERFECT,a781d2546489e692d824d9b320280ae01571da1e18a2fcd6b85d70c19192b086,20260908,0.9.2,821,False,37.12292932031137,POWERPLANT#13,POWERPLANT,repair,22.49572160646519,0.0,22.49572160646519,PERFECT
aging-PERFECT,a781d2546489e692d824d9b320280ae01571da1e18a2fcd6b85d70c19192b086,20260908,0.9.2,822,False,9.329726495987561,ELECTRICAL#3,ELECTRICAL,failure,20.32972649598756,20.32972649598756,20.32972649598756,PERFECT
aging-PERFECT,a781d2546489e692d824d9b320280ae01571da1e18a2fcd6b85d70c19192b086,20260908,0.9.2,822,False,9.738005038099361,ELECTRICAL#3,ELECTRICAL,repair,20.32972649598756,0.0,20.32972649598756,PERFECT
aging-PERFECT,a781d2546489e692d824d9b320280ae01571da1e18a2fcd6b85d70c19192b086,20260908,0.9.2,823,False,10.350945687610002,ELECTRICAL#3,ELECTRICAL,failure,21.35094568761,21.35094568761,21.35094568761,PERFECT
aging-PERFECT,a781d2546489e692d824d9b320280ae01571da1e18a2fcd6b85d70c19192b086,20260908,0.9.2,823,False,11.284256861263671,ELECTRICAL#3,ELECTRICAL,repair,21.35094568761,0.0,21.35094568761,PERFECT
aging-PERFECT,a781d2546489e692d824d9b320280ae01571da1e18a2fcd6b85d70c19192b086,20260908,0.9.2,823,False,57.275847296921185,ELECTRICAL#23,ELECTRICAL,failure,20.275847296921185,20.275847296921185,20.275847296921185,PERFECT
aging-PERFECT,a781d2546489e692d824d9b320280ae01571da1e18a2fcd6b85d70c19192b086,20260908,0.9.2,823,False,59.946189737769664,ELECTRICAL#23,ELECTRICAL,repair,20.275847296921185,0.0,20.275847296921185,PERFECT
aging-PERFECT,a781d2546489e692d824d9b320280ae01571da1e18a2fcd6b85d70c19192b086,20260908,0.9.2,824,False,9.705378667476154,HYDRAULIC#4,HYDRAULIC,failure,20.705378667476154,20.705378667476154,20.705378667476154,PERFECT
aging-PERFECT,a781d2546489e692d824d9b320280ae01571da1e18a2fcd6b85d70c19192b086,20260908,0.9.2,824,False,11.484539401072631,HYDRAULIC#4,HYDRAULIC,repair,20.705378667476154,0.0,20.705378667476154,PERFECT
aging-PERFECT,a781d2546489e692d824d9b320280ae01571da1e18a2fcd6b85d70c19192b086,20260908,0.9.2,825,False,34.659934436870614,HYDRAULIC#16,HYDRAULIC,failure,21.659934436870614,21.659934436870614,21.659934436870614,PERFECT
aging-PERFECT,a781d2546489e692d824d9b320280ae01571da1e18a2fcd6b85d70c19192b086,20260908,0.9.2,825,False,35.675877903170175,HYDRAULIC#16,HYDRAULIC,repair,21.659934436870614,0.0,21.659934436870614,PERFECT
aging-PERFECT,a781d2546489e692d824d9b320280ae01571da1e18a2fcd6b85d70c19192b086,20260908,0.9.2,826,False,34.99574482584588,ELECTRICAL#15,ELECTRICAL,failure,21.995744825845883,21.995744825845883,21.995744825845883,PERFECT
aging-PERFECT,a781d2546489e692d824d9b320280ae01571da1e18a2fcd6b85d70c19192b086,20260908,0.9.2,826,False,36.12032999954407,ELECTRICAL#15,ELECTRICAL,repair,21.995744825845883,0.0,21.995744825845883,PERFECT
aging-PERFECT,a781d2546489e692d824d9b320280ae01571da1e18a2fcd6b85d70c19192b086,20260908,0.9.2,827,False,59.33108923668686,HYDRAULIC#24,HYDRAULIC,failure,22.331089236686857,22.331089236686857,22.331089236686857,PERFECT
aging-PERFECT,a781d2546489e692d824d9b320280ae01571da1e18a2fcd6b85d70c19192b086,20260908,0.9.2,827,False,60.51544641212295,HYDRAULIC#24,HYDRAULIC,repair,22.331089236686857,0.0,22.331089236686857,PERFECT
aging-PERFECT,a781d2546489e692d824d9b320280ae01571da1e18a2fcd6b85d70c19192b086,20260908,0.9.2,828,False,10.447538322602725,AVIONICS#6,AVIONICS,failure,21.447538322602725,21.447538322602725,21.447538322602725,PERFECT
aging-PERFECT,a781d2546489e692d824d9b320280ae01571da1e18a2fcd6b85d70c19192b086,20260908,0.9.2,828,False,11.011924050249279,AVIONICS#6,AVIONICS,repair,21.447538322602725,0.0,21.447538322602725,PERFECT
aging-PERFECT,a781d2546489e692d824d9b320280ae01571da1e18a2fcd6b85d70c19192b086,20260908,0.9.2,828,False,58.48972751269724,HYDRAULIC#24,HYDRAULIC,failure,21.489727512697243,21.489727512697243,21.489727512697243,PERFECT
aging-PERFECT,a781d2546489e692d824d9b320280ae01571da1e18a2fcd6b85d70c19192b086,20260908,0.9.2,828,False,59.017246965367164,HYDRAULIC#24,HYDRAULIC,repair,21.489727512697243,0.0,21.489727512697243,PERFECT
aging-PERFECT,a781d2546489e692d824d9b320280ae01571da1e18a2fcd6b85d70c19192b086,20260908,0.9.2,829,False,57.835977739015355,ELECTRICAL#19,ELECTRICAL,failure,20.835977739015355,20.835977739015355,20.835977739015355,PERFECT
aging-PERFECT,a781d2546489e692d824d9b320280ae01571da1e18a2fcd6b85d70c19192b086,20260908,0.9.2,829,False,58.86776241899071,ELECTRICAL#19,ELECTRICAL,repair,20.835977739015355,0.0,20.835977739015355,PERFECT
aging-PERFECT,a781d2546489e692d824d9b320280ae01571da1e18a2fcd6b85d70c19192b086,20260908,0.9.2,830,False,11.465625263075617,ELECTRICAL#3,ELECTRICAL,failure,22.465625263075616,22.465625263075616,22.465625263075616,PERFECT
aging-PERFECT,a781d2546489e692d824d9b320280ae01571da1e18a2fcd6b85d70c19192b086,20260908,0.9.2,830,False,14.11396226614785,ELECTRICAL#3,ELECTRICAL,repair,22.465625263075616,0.0,22.465625263075616,PERFECT
aging-PERFECT,a781d2546489e692d824d9b320280ae01571da1e18a2fcd6b85d70c19192b086,20260908,0.9.2,830,False,35.189160546938155,POWERPLANT#9,POWERPLANT,failure,22.189160546938155,22.189160546938155,22.189160546938155,PERFECT
aging-PERFECT,a781d2546489e692d824d9b320280ae01571da1e18a2fcd6b85d70c19192b086,20260908,0.9.2,830,False,36.0511471212049,POWERPLANT#9,POWERPLANT,repair,22.189160546938155,0.0,22.189160546938155,PERFECT
aging-PERFECT,a781d2546489e692d824d9b320280ae01571da1e18a2fcd6b85d70c19192b086,20260908,0.9.2,831,False,9.053141070644742,AVIONICS#2,AVIONICS,failure,20.05314107064474,20.05314107064474,20.05314107064474,PERFECT
aging-PERFECT,a781d2546489e692d824d9b320280ae01571da1e18a2fcd6b85d70c19192b086,20260908,0.9.2,831,False,14.76574728252966,AVIONICS#2,AVIONICS,repair,20.05314107064474,0.0,20.05314107064474,PERFECT
aging-PERFECT,a781d2546489e692d824d9b320280ae01571da1e18a2fcd6b85d70c19192b086,20260908,0.9.2,831,False,33.954212460467126,POWERPLANT#9,POWERPLANT,failure,20.954212460467126,20.954212460467126,20.954212460467126,PERFECT
aging-PERFECT,a781d2546489e692d824d9b320280ae01571da1e18a2fcd6b85d70c19192b086,20260908,0.9.2,831,False,35.14038855944231,POWERPLANT#9,POWERPLANT,repair,20.954212460467126,0.0,20.954212460467126,PERFECT
aging-PERFECT,a781d2546489e692d824d9b320280ae01571da1e18a2fcd6b85d70c19192b086,20260908,0.9.2,831,False,58.42154406527437,HYDRAULIC#20,HYDRAULIC,failure,21.421544065274368,21.421544065274368,21.421544065274368,PERFECT
aging-PERFECT,a781d2546489e692d824d9b320280ae01571da1e18a2fcd6b85d70c19192b086,20260908,0.9.2,831,False,59.065521488625826,HYDRAULIC#20,HYDRAULIC,repair,21.421544065274368,0.0,21.421544065274368,PERFECT
aging-PERFECT,a781d2546489e692d824d9b320280ae01571da1e18a2fcd6b85d70c19192b086,20260908,0.9.2,832,False,9.652855950057809,ELECTRICAL#3,ELECTRICAL,failure,20.65285595005781,20.65285595005781,20.65285595005781,PERFECT
aging-PERFECT,a781d2546489e692d824d9b320280ae01571da1e18a2fcd6b85d70c19192b086,20260908,0.9.2,832,False,10.671585006981319,ELECTRICAL#3,ELECTRICAL,repair,20.65285595005781,0.0,20.65285595005781,PERFECT
aging-PERFECT,a781d2546489e692d824d9b320280ae01571da1e18a2fcd6b85d70c19192b086,20260908,0.9.2,832,False,34.905325178672456,HYDRAULIC#12,HYDRAULIC,failure,21.905325178672456,21.905325178672456,21.905325178672456,PERFECT
aging-PERFECT,a781d2546489e692d824d9b320280ae01571da1e18a2fcd6b85d70c19192b086,20260908,0.9.2,832,False,36.196088107096735,HYDRAULIC#12,HYDRAULIC,repair,21.905325178672456,0.0,21.905325178672456,PERFECT
aging-PERFECT,a781d2546489e692d824d9b320280ae01571da1e18a2fcd6b85d70c19192b086,20260908,0.9.2,834,False,9.514917953352207,AVIONICS#2,AVIONICS,failure,20.514917953352207,20.514917953352207,20.514917953352207,PERFECT
aging-PERFECT,a781d2546489e692d824d9b320280ae01571da1e18a2fcd6b85d70c19192b086,20260908,0.9.2,834,False,11.347430036114023,AVIONICS#2,AVIONICS,repair,20.514917953352207,0.0,20.514917953352207,PERFECT
aging-PERFECT,a781d2546489e692d824d9b320280ae01571da1e18a2fcd6b85d70c19192b086,20260908,0.9.2,834,False,59.93525466988667,POWERPLANT#17,POWERPLANT,failure,22.935254669886668,22.935254669886668,22.935254669886668,PERFECT
aging-PERFECT,a781d2546489e692d824d9b320280ae01571da1e18a2fcd6b85d70c19192b086,20260908,0.9.2,834,False,60.453572487435565,POWERPLANT#17,POWERPLANT,repair,22.935254669886668,0.0,22.935254669886668,PERFECT
aging-PERFECT,a781d2546489e692d824d9b320280ae01571da1e18a2fcd6b85d70c19192b086,20260908,0.9.2,835,False,34.78848499982633,AVIONICS#14,AVIONICS,failure,21.78848499982633,21.78848499982633,21.78848499982633,PERFECT
aging-PERFECT,a781d2546489e692d824d9b320280ae01571da1e18a2fcd6b85d70c19192b086,20260908,0.9.2,835,False,36.19730187543483,AVIONICS#14,AVIONICS,repair,21.78848499982633,0.0,21.78848499982633,PERFECT
aging-PERFECT,a781d2546489e692d824d9b320280ae01571da1e18a2fcd6b85d70c19192b086,20260908,0.9.2,836,False,33.21832865335024,AVIONICS#14,AVIONICS,failure,20.21832865335024,20.21832865335024,20.21832865335024,PERFECT
aging-PERFECT,a781d2546489e692d824d9b320280ae01571da1e18a2fcd6b85d70c19192b086,20260908,0.9.2,836,False,35.03954849421872,AVIONICS#14,AVIONICS,repair,20.21832865335024,0.0,20.21832865335024,PERFECT
aging-PERFECT,a781d2546489e692d824d9b320280ae01571da1e18a2fcd6b85d70c19192b086,20260908,0.9.2,836,False,58.37650133209649,ELECTRICAL#23,ELECTRICAL,failure,21.37650133209649,21.37650133209649,21.37650133209649,PERFECT
aging-PERFECT,a781d2546489e692d824d9b320280ae01571da1e18a2fcd6b85d70c19192b086,20260908,0.9.2,836,False,59.73547716117819,ELECTRICAL#23,ELECTRICAL,repair,21.37650133209649,0.0,21.37650133209649,PERFECT
aging-PERFECT,a781d2546489e692d824d9b320280ae01571da1e18a2fcd6b85d70c19192b086,20260908,0.9.2,837,False,9.368884021608698,AVIONICS#6,AVIONICS,failure,20.3688840216087,20.3688840216087,20.3688840216087,PERFECT
aging-PERFECT,a781d2546489e692d824d9b320280ae01571da1e18a2fcd6b85d70c19192b086,20260908,0.9.2,837,False,12.25340352019993,AVIONICS#6,AVIONICS,repair,20.3688840216087,0.0,20.3688840216087,PERFECT
aging-PERFECT,a781d2546489e692d824d9b320280ae01571da1e18a2fcd6b85d70c19192b086,20260908,0.9.2,837,False,35.913233057434745,HYDRAULIC#12,HYDRAULIC,failure,22.913233057434745,22.913233057434745,22.913233057434745,PERFECT
aging-PERFECT,a781d2546489e692d824d9b320280ae01571da1e18a2fcd6b85d70c19192b086,20260908,0.9.2,837,False,36.56731598921496,HYDRAULIC#12,HYDRAULIC,repair,22.913233057434745,0.0,22.913233057434745,PERFECT
aging-PERFECT,a781d2546489e692d824d9b320280ae01571da1e18a2fcd6b85d70c19192b086,20260908,0.9.2,838,False,11.873907654638465,POWERPLANT#5,POWERPLANT,failure,22.873907654638465,22.873907654638465,22.873907654638465,PERFECT
aging-PERFECT,a781d2546489e692d824d9b320280ae01571da1e18a2fcd6b85d70c19192b086,20260908,0.9.2,838,False,12.04212545725349,POWERPLANT#5,POWERPLANT,repair,22.873907654638465,0.0,22.873907654638465,PERFECT
aging-PERFECT,a781d2546489e692d824d9b320280ae01571da1e18a2fcd6b85d70c19192b086,20260908,0.9.2,838,False,34.2504024003148,ELECTRICAL#15,ELECTRICAL,failure,21.250402400314798,21.250402400314798,21.250402400314798,PERFECT
aging-PERFECT,a781d2546489e692d824d9b320280ae01571da1e18a2fcd6b85d70c19192b086,20260908,0.9.2,838,False,40.67599891869567,ELECTRICAL#15,ELECTRICAL,repair,21.250402400314798,0.0,21.250402400314798,PERFECT
aging-PERFECT,a781d2546489e692d824d9b320280ae01571da1e18a2fcd6b85d70c19192b086,20260908,0.9.2,839,False,59.42159706468516,AVIONICS#22,AVIONICS,failure,22.42159706468516,22.42159706468516,22.42159706468516,PERFECT
aging-PERFECT,a781d2546489e692d824d9b320280ae01571da1e18a2fcd6b85d70c19192b086,20260908,0.9.2,839,False,60.329169485969544,AVIONICS#22,AVIONICS,repair,22.42159706468516,0.0,22.42159706468516,PERFECT
aging-PERFECT,a781d2546489e692d824d9b320280ae01571da1e18a2fcd6b85d70c19192b086,20260908,0.9.2,840,False,10.203942029076803,ELECTRICAL#7,ELECTRICAL,failure,21.203942029076803,21.203942029076803,21.203942029076803,PERFECT
aging-PERFECT,a781d2546489e692d824d9b320280ae01571da1e18a2fcd6b85d70c19192b086,20260908,0.9.2,840,False,19.60832937727492,ELECTRICAL#7,ELECTRICAL,repair,21.203942029076803,0.0,21.203942029076803,PERFECT
aging-PERFECT,a781d2546489e692d824d9b320280ae01571da1e18a2fcd6b85d70c19192b086,20260908,0.9.2,841,False,34.267209357703926,ELECTRICAL#15,ELECTRICAL,failure,21.267209357703926,21.267209357703926,21.267209357703926,PERFECT
aging-PERFECT,a781d2546489e692d824d9b320280ae01571da1e18a2fcd6b85d70c19192b086,20260908,0.9.2,841,False,34.32121623320615,ELECTRICAL#11,ELECTRICAL,failure,21.32121623320615,21.32121623320615,21.32121623320615,PERFECT
aging-PERFECT,a781d2546489e692d824d9b320280ae01571da1e18a2fcd6b85d70c19192b086,20260908,0.9.2,841,False,35.43380211589621,ELECTRICAL#11,ELECTRICAL,repair,21.32121623320615,0.0,21.32121623320615,PERFECT
aging-PERFECT,a781d2546489e692d824d9b320280ae01571da1e18a2fcd6b85d70c19192b086,20260908,0.9.2,841,False,38.04917901191135,ELECTRICAL#15,ELECTRICAL,repair,21.267209357703926,0.0,21.267209357703926,PERFECT
aging-PERFECT,a781d2546489e692d824d9b320280ae01571da1e18a2fcd6b85d70c19192b086,20260908,0.9.2,842,False,10.436441761935136,AVIONICS#6,AVIONICS,failure,21.436441761935136,21.436441761935136,21.436441761935136,PERFECT
aging-PERFECT,a781d2546489e692d824d9b320280ae01571da1e18a2fcd6b85d70c19192b086,20260908,0.9.2,842,False,11.663543731057992,AVIONICS#6,AVIONICS,repair,21.436441761935136,0.0,21.436441761935136,PERFECT
aging-PERFECT,a781d2546489e692d824d9b320280ae01571da1e18a2fcd6b85d70c19192b086,20260908,0.9.2,843,False,9.601458158377547,HYDRAULIC#4,HYDRAULIC,failure,20.601458158377547,20.601458158377547,20.601458158377547,PERFECT
aging-PERFECT,a781d2546489e692d824d9b320280ae01571da1e18a2fcd6b85d70c19192b086,20260908,0.9.2,843,False,13.22647871928358,HYDRAULIC#4,HYDRAULIC,repair,20.601458158377547,0.0,20.601458158377547,PERFECT
aging-PERFECT,a781d2546489e692d824d9b320280ae01571da1e18a2fcd6b85d70c19192b086,20260908,0.9.2,843,False,59.428292735423625,ELECTRICAL#23,ELECTRICAL,failure,22.428292735423625,22.428292735423625,22.428292735423625,PERFECT
aging-PERFECT,a781d2546489e692d824d9b320280ae01571da1e18a2fcd6b85d70c19192b086,20260908,0.9.2,843,False,59.4819557420142,AVIONICS#22,AVIONICS,failure,22.4819557420142,22.4819557420142,22.4819557420142,PERFECT
aging-PERFECT,a781d2546489e692d824d9b320280ae01571da1e18a2fcd6b85d70c19192b086,20260908,0.9.2,843,False,59.55561117535681,ELECTRICAL#19,ELECTRICAL,failure,22.55561117535681,22.55561117535681,22.55561117535681,PERFECT
aging-PERFECT,a781d2546489e692d824d9b320280ae01571da1e18a2fcd6b85d70c19192b086,20260908,0.9.2,843,False,60.13138642493489,ELECTRICAL#23,ELECTRICAL,repair,22.428292735423625,0.0,22.428292735423625,PERFECT
aging-PERFECT,a781d2546489e692d824d9b320280ae01571da1e18a2fcd6b85d70c19192b086,20260908,0.9.2,843,False,62.827042135315004,ELECTRICAL#19,ELECTRICAL,repair,22.55561117535681,0.0,22.55561117535681,PERFECT
aging-PERFECT,a781d2546489e692d824d9b320280ae01571da1e18a2fcd6b85d70c19192b086,20260908,0.9.2,843,False,63.202614286979646,AVIONICS#22,AVIONICS,repair,22.4819557420142,0.0,22.4819557420142,PERFECT
aging-PERFECT,a781d2546489e692d824d9b320280ae01571da1e18a2fcd6b85d70c19192b086,20260908,0.9.2,844,False,9.048490720117268,POWERPLANT#5,POWERPLANT,failure,20.048490720117268,20.048490720117268,20.048490720117268,PERFECT
aging-PERFECT,a781d2546489e692d824d9b320280ae01571da1e18a2fcd6b85d70c19192b086,20260908,0.9.2,844,False,12.86982640800651,POWERPLANT#5,POWERPLANT,repair,20.048490720117268,0.0,20.048490720117268,PERFECT
aging-PERFECT,a781d2546489e692d824d9b320280ae01571da1e18a2fcd6b85d70c19192b086,20260908,0.9.2,844,False,35.5264749445239,AVIONICS#10,AVIONICS,failure,22.526474944523898,22.526474944523898,22.526474944523898,PERFECT
aging-PERFECT,a781d2546489e692d824d9b320280ae01571da1e18a2fcd6b85d70c19192b086,20260908,0.9.2,844,False,36.909902909917015,AVIONICS#10,AVIONICS,repair,22.526474944523898,0.0,22.526474944523898,PERFECT
aging-PERFECT,a781d2546489e692d824d9b320280ae01571da1e18a2fcd6b85d70c19192b086,20260908,0.9.2,844,False,57.73768446918066,AVIONICS#18,AVIONICS,failure,20.737684469180657,20.737684469180657,20.737684469180657,PERFECT
aging-PERFECT,a781d2546489e692d824d9b320280ae01571da1e18a2fcd6b85d70c19192b086,20260908,0.9.2,844,False,58.02782706345461,ELECTRICAL#23,ELECTRICAL,failure,21.02782706345461,21.02782706345461,21.02782706345461,PERFECT
aging-PERFECT,a781d2546489e692d824d9b320280ae01571da1e18a2fcd6b85d70c19192b086,20260908,0.9.2,844,False,58.569802780878085,AVIONICS#18,AVIONICS,repair,20.737684469180657,0.0,20.737684469180657,PERFECT
aging-PERFECT,a781d2546489e692d824d9b320280ae01571da1e18a2fcd6b85d70c19192b086,20260908,0.9.2,844,False,58.671417706101515,ELECTRICAL#23,ELECTRICAL,repair,21.02782706345461,0.0,21.02782706345461,PERFECT
aging-PERFECT,a781d2546489e692d824d9b320280ae01571da1e18a2fcd6b85d70c19192b086,20260908,0.9.2,845,False,57.353066007452206,HYDRAULIC#20,HYDRAULIC,failure,20.353066007452206,20.353066007452206,20.353066007452206,PERFECT
aging-PERFECT,a781d2546489e692d824d9b320280ae01571da1e18a2fcd6b85d70c19192b086,20260908,0.9.2,845,False,59.921144898145116,HYDRAULIC#20,HYDRAULIC,repair,20.353066007452206,0.0,20.353066007452206,PERFECT
aging-PERFECT,a781d2546489e692d824d9b320280ae01571da1e18a2fcd6b85d70c19192b086,20260908,0.9.2,846,False,11.08070246793556,HYDRAULIC#8,HYDRAULIC,failure,22.08070246793556,22.08070246793556,22.08070246793556,PERFECT
aging-PERFECT,a781d2546489e692d824d9b320280ae01571da1e18a2fcd6b85d70c19192b086,20260908,0.9.2,846,False,13.081034759264616,HYDRAULIC#8,HYDRAULIC,repair,22.08070246793556,0.0,22.08070246793556,PERFECT
aging-PERFECT,a781d2546489e692d824d9b320280ae01571da1e18a2fcd6b85d70c19192b086,20260908,0.9.2,846,False,33.65192483521232,POWERPLANT#13,POWERPLANT,failure,20.65192483521232,20.65192483521232,20.65192483521232,PERFECT
aging-PERFECT,a781d2546489e692d824d9b320280ae01571da1e18a2fcd6b85d70c19192b086,20260908,0.9.2,846,False,36.331574640148055,POWERPLANT#13,POWERPLANT,repair,20.65192483521232,0.0,20.65192483521232,PERFECT
aging-PERFECT,a781d2546489e692d824d9b320280ae01571da1e18a2fcd6b85d70c19192b086,20260908,0.9.2,847,False,9.960678837276335,ELECTRICAL#7,ELECTRICAL,failure,20.960678837276333,20.960678837276333,20.960678837276333,PERFECT
aging-PERFECT,a781d2546489e692d824d9b320280ae01571da1e18a2fcd6b85d70c19192b086,20260908,0.9.2,847,False,10.94086320065369,ELECTRICAL#7,ELECTRICAL,repair,20.960678837276333,0.0,20.960678837276333,PERFECT
aging-PERFECT,a781d2546489e692d824d9b320280ae01571da1e18a2fcd6b85d70c19192b086,20260908,0.9.2,847,False,35.49568254569455,HYDRAULIC#12,HYDRAULIC,failure,22.49568254569455,22.49568254569455,22.49568254569455,PERFECT
aging-PERFECT,a781d2546489e692d824d9b320280ae01571da1e18a2fcd6b85d70c19192b086,20260908,0.9.2,847,False,35.67382819982022,AVIONICS#10,AVIONICS,failure,22.67382819982022,22.67382819982022,22.67382819982022,PERFECT
aging-PERFECT,a781d2546489e692d824d9b320280ae01571da1e18a2fcd6b85d70c19192b086,20260908,0.9.2,847,False,36.323673618244825,HYDRAULIC#12,HYDRAULIC,repair,22.49568254569455,0.0,22.49568254569455,PERFECT
aging-PERFECT,a781d2546489e692d824d9b320280ae01571da1e18a2fcd6b85d70c19192b086,20260908,0.9.2,847,False,36.783309308387125,AVIONICS#10,AVIONICS,repair,22.67382819982022,0.0,22.67382819982022,PERFECT
aging-PERFECT,a781d2546489e692d824d9b320280ae01571da1e18a2fcd6b85d70c19192b086,20260908,0.9.2,847,False,57.04091527678666,POWERPLANT#17,POWERPLANT,failure,20.040915276786663,20.040915276786663,20.040915276786663,PERFECT
aging-PERFECT,a781d2546489e692d824d9b320280ae01571da1e18a2fcd6b85d70c19192b086,20260908,0.9.2,847,False,58.073820467194345,POWERPLANT#17,POWERPLANT,repair,20.040915276786663,0.0,20.040915276786663,PERFECT
aging-PERFECT,a781d2546489e692d824d9b320280ae01571da1e18a2fcd6b85d70c19192b086,20260908,0.9.2,848,False,57.2544208157504,HYDRAULIC#24,HYDRAULIC,failure,20.2544208157504,20.2544208157504,20.2544208157504,PERFECT
aging-PERFECT,a781d2546489e692d824d9b320280ae01571da1e18a2fcd6b85d70c19192b086,20260908,0.9.2,848,False,57.420421538258566,ELECTRICAL#23,ELECTRICAL,failure,20.420421538258566,20.420421538258566,20.420421538258566,PERFECT
aging-PERFECT,a781d2546489e692d824d9b320280ae01571da1e18a2fcd6b85d70c19192b086,20260908,0.9.2,848,False,60.05865188264569,HYDRAULIC#24,HYDRAULIC,repair,20.2544208157504,0.0,20.2544208157504,PERFECT
aging-PERFECT,a781d2546489e692d824d9b320280ae01571da1e18a2fcd6b85d70c19192b086,20260908,0.9.2,848,False,63.107292289565194,ELECTRICAL#23,ELECTRICAL,repair,20.420421538258566,0.0,20.420421538258566,PERFECT
aging-PERFECT,a781d2546489e692d824d9b320280ae01571da1e18a2fcd6b85d70c19192b086,20260908,0.9.2,849,False,57.543066723733794,ELECTRICAL#23,ELECTRICAL,failure,20.543066723733794,20.543066723733794,20.543066723733794,PERFECT
aging-PERFECT,a781d2546489e692d824d9b320280ae01571da1e18a2fcd6b85d70c19192b086,20260908,0.9.2,849,False,58.07380500708878,ELECTRICAL#23,ELECTRICAL,repair,20.543066723733794,0.0,20.543066723733794,PERFECT
aging-PERFECT,a781d2546489e692d824d9b320280ae01571da1e18a2fcd6b85d70c19192b086,20260908,0.9.2,850,False,10.362336995511539,POWERPLANT#5,POWERPLANT,failure,21.36233699551154,21.36233699551154,21.36233699551154,PERFECT
aging-PERFECT,a781d2546489e692d824d9b320280ae01571da1e18a2fcd6b85d70c19192b086,20260908,0.9.2,850,False,11.99106002195666,POWERPLANT#5,POWERPLANT,repair,21.36233699551154,0.0,21.36233699551154,PERFECT
aging-PERFECT,a781d2546489e692d824d9b320280ae01571da1e18a2fcd6b85d70c19192b086,20260908,0.9.2,850,False,59.16564761279908,POWERPLANT#17,POWERPLANT,failure,22.165647612799077,22.165647612799077,22.165647612799077,PERFECT
aging-PERFECT,a781d2546489e692d824d9b320280ae01571da1e18a2fcd6b85d70c19192b086,20260908,0.9.2,850,False,62.0336310230419,POWERPLANT#17,POWERPLANT,repair,22.165647612799077,0.0,22.165647612799077,PERFECT
aging-PERFECT,a781d2546489e692d824d9b320280ae01571da1e18a2fcd6b85d70c19192b086,20260908,0.9.2,852,False,9.721054852284519,AVIONICS#6,AVIONICS,failure,20.721054852284517,20.721054852284517,20.721054852284517,PERFECT
aging-PERFECT,a781d2546489e692d824d9b320280ae01571da1e18a2fcd6b85d70c19192b086,20260908,0.9.2,852,False,10.491222313915591,AVIONICS#6,AVIONICS,repair,20.721054852284517,0.0,20.721054852284517,PERFECT
aging-PERFECT,a781d2546489e692d824d9b320280ae01571da1e18a2fcd6b85d70c19192b086,20260908,0.9.2,852,False,35.83801155338763,ELECTRICAL#11,ELECTRICAL,failure,22.83801155338763,22.83801155338763,22.83801155338763,PERFECT
aging-PERFECT,a781d2546489e692d824d9b320280ae01571da1e18a2fcd6b85d70c19192b086,20260908,0.9.2,852,False,36.785005832981305,ELECTRICAL#11,ELECTRICAL,repair,22.83801155338763,0.0,22.83801155338763,PERFECT
aging-PERFECT,a781d2546489e692d824d9b320280ae01571da1e18a2fcd6b85d70c19192b086,20260908,0.9.2,852,False,57.253150518763846,ELECTRICAL#19,ELECTRICAL,failure,20.253150518763846,20.253150518763846,20.253150518763846,PERFECT
aging-PERFECT,a781d2546489e692d824d9b320280ae01571da1e18a2fcd6b85d70c19192b086,20260908,0.9.2,852,False,59.438947257691254,ELECTRICAL#19,ELECTRICAL,repair,20.253150518763846,0.0,20.253150518763846,PERFECT
aging-PERFECT,a781d2546489e692d824d9b320280ae01571da1e18a2fcd6b85d70c19192b086,20260908,0.9.2,853,False,58.88764149229802,POWERPLANT#17,POWERPLANT,failure,21.887641492298023,21.887641492298023,21.887641492298023,PERFECT
aging-PERFECT,a781d2546489e692d824d9b320280ae01571da1e18a2fcd6b85d70c19192b086,20260908,0.9.2,853,False,65.14305431126965,POWERPLANT#17,POWERPLANT,repair,21.887641492298023,0.0,21.887641492298023,PERFECT
aging-PERFECT,a781d2546489e692d824d9b320280ae01571da1e18a2fcd6b85d70c19192b086,20260908,0.9.2,854,False,57.51187967078951,POWERPLANT#21,POWERPLANT,failure,20.51187967078951,20.51187967078951,20.51187967078951,PERFECT
aging-PERFECT,a781d2546489e692d824d9b320280ae01571da1e18a2fcd6b85d70c19192b086,20260908,0.9.2,854,False,58.438601301378405,POWERPLANT#21,POWERPLANT,repair,20.51187967078951,0.0,20.51187967078951,PERFECT
aging-PERFECT,a781d2546489e692d824d9b320280ae01571da1e18a2fcd6b85d70c19192b086,20260908,0.9.2,856,False,57.26023699258866,POWERPLANT#21,POWERPLANT,failure,20.26023699258866,20.26023699258866,20.26023699258866,PERFECT
aging-PERFECT,a781d2546489e692d824d9b320280ae01571da1e18a2fcd6b85d70c19192b086,20260908,0.9.2,856,False,61.948752094060104,POWERPLANT#21,POWERPLANT,repair,20.26023699258866,0.0,20.26023699258866,PERFECT
aging-PERFECT,a781d2546489e692d824d9b320280ae01571da1e18a2fcd6b85d70c19192b086,20260908,0.9.2,857,False,10.71245412586389,AVIONICS#2,AVIONICS,failure,21.71245412586389,21.71245412586389,21.71245412586389,PERFECT
aging-PERFECT,a781d2546489e692d824d9b320280ae01571da1e18a2fcd6b85d70c19192b086,20260908,0.9.2,857,False,11.293692173424642,AVIONICS#2,AVIONICS,repair,21.71245412586389,0.0,21.71245412586389,PERFECT
aging-PERFECT,a781d2546489e692d824d9b320280ae01571da1e18a2fcd6b85d70c19192b086,20260908,0.9.2,857,False,34.388758657035005,ELECTRICAL#11,ELECTRICAL,failure,21.388758657035005,21.388758657035005,21.388758657035005,PERFECT
aging-PERFECT,a781d2546489e692d824d9b320280ae01571da1e18a2fcd6b85d70c19192b086,20260908,0.9.2,857,False,35.38306575658802,ELECTRICAL#11,ELECTRICAL,repair,21.388758657035005,0.0,21.388758657035005,PERFECT
aging-PERFECT,a781d2546489e692d824d9b320280ae01571da1e18a2fcd6b85d70c19192b086,20260908,0.9.2,858,False,59.301032648376804,POWERPLANT#21,POWERPLANT,failure,22.301032648376804,22.301032648376804,22.301032648376804,PERFECT
aging-PERFECT,a781d2546489e692d824d9b320280ae01571da1e18a2fcd6b85d70c19192b086,20260908,0.9.2,858,False,61.57649813578731,POWERPLANT#21,POWERPLANT,repair,22.301032648376804,0.0,22.301032648376804,PERFECT
aging-PERFECT,a781d2546489e692d824d9b320280ae01571da1e18a2fcd6b85d70c19192b086,20260908,0.9.2,859,False,9.571549827516126,ELECTRICAL#7,ELECTRICAL,failure,20.571549827516126,20.571549827516126,20.571549827516126,PERFECT
aging-PERFECT,a781d2546489e692d824d9b320280ae01571da1e18a2fcd6b85d70c19192b086,20260908,0.9.2,859,False,10.497906156927094,ELECTRICAL#7,ELECTRICAL,repair,20.571549827516126,0.0,20.571549827516126,PERFECT
aging-PERFECT,a781d2546489e692d824d9b320280ae01571da1e18a2fcd6b85d70c19192b086,20260908,0.9.2,859,False,58.134716489450824,AVIONICS#18,AVIONICS,failure,21.134716489450824,21.134716489450824,21.134716489450824,PERFECT
aging-PERFECT,a781d2546489e692d824d9b320280ae01571da1e18a2fcd6b85d70c19192b086,20260908,0.9.2,859,False,60.352434531048154,AVIONICS#18,AVIONICS,repair,21.134716489450824,0.0,21.134716489450824,PERFECT
aging-PERFECT,a781d2546489e692d824d9b320280ae01571da1e18a2fcd6b85d70c19192b086,20260908,0.9.2,860,False,57.224101014029905,POWERPLANT#17,POWERPLANT,failure,20.224101014029905,20.224101014029905,20.224101014029905,PERFECT
aging-PERFECT,a781d2546489e692d824d9b320280ae01571da1e18a2fcd6b85d70c19192b086,20260908,0.9.2,860,False,61.51529160590854,POWERPLANT#17,POWERPLANT,repair,20.224101014029905,0.0,20.224101014029905,PERFECT
aging-PERFECT,a781d2546489e692d824d9b320280ae01571da1e18a2fcd6b85d70c19192b086,20260908,0.9.2,861,False,9.108945424468438,AVIONICS#6,AVIONICS,failure,20.108945424468438,20.108945424468438,20.108945424468438,PERFECT
aging-PERFECT,a781d2546489e692d824d9b320280ae01571da1e18a2fcd6b85d70c19192b086,20260908,0.9.2,861,False,9.273056294835856,AVIONICS#6,AVIONICS,repair,20.108945424468438,0.0,20.108945424468438,PERFECT
aging-PERFECT,a781d2546489e692d824d9b320280ae01571da1e18a2fcd6b85d70c19192b086,20260908,0.9.2,861,False,59.33123927640803,AVIONICS#22,AVIONICS,failure,22.331239276408027,22.331239276408027,22.331239276408027,PERFECT
aging-PERFECT,a781d2546489e692d824d9b320280ae01571da1e18a2fcd6b85d70c19192b086,20260908,0.9.2,861,False,63.37836484963561,AVIONICS#22,AVIONICS,repair,22.331239276408027,0.0,22.331239276408027,PERFECT
aging-PERFECT,a781d2546489e692d824d9b320280ae01571da1e18a2fcd6b85d70c19192b086,20260908,0.9.2,862,False,33.36138678969859,ELECTRICAL#11,ELECTRICAL,failure,20.361386789698592,20.361386789698592,20.361386789698592,PERFECT
aging-PERFECT,a781d2546489e692d824d9b320280ae01571da1e18a2fcd6b85d70c19192b086,20260908,0.9.2,862,False,39.54370682938705,ELECTRICAL#11,ELECTRICAL,repair,20.361386789698592,0.0,20.361386789698592,PERFECT
aging-PERFECT,a781d2546489e692d824d9b320280ae01571da1e18a2fcd6b85d70c19192b086,20260908,0.9.2,863,False,33.530985726060734,POWERPLANT#9,POWERPLANT,failure,20.530985726060734,20.530985726060734,20.530985726060734,PERFECT
aging-PERFECT,a781d2546489e692d824d9b320280ae01571da1e18a2fcd6b85d70c19192b086,20260908,0.9.2,863,False,34.416183688229324,POWERPLANT#9,POWERPLANT,repair,20.530985726060734,0.0,20.530985726060734,PERFECT
aging-PERFECT,a781d2546489e692d824d9b320280ae01571da1e18a2fcd6b85d70c19192b086,20260908,0.9.2,863,False,58.55993081844944,AVIONICS#18,AVIONICS,failure,21.559930818449438,21.559930818449438,21.559930818449438,PERFECT
aging-PERFECT,a781d2546489e692d824d9b320280ae01571da1e18a2fcd6b85d70c19192b086,20260908,0.9.2,863,False,61.59487633311528,AVIONICS#18,AVIONICS,repair,21.559930818449438,0.0,21.559930818449438,PERFECT
aging-PERFECT,a781d2546489e692d824d9b320280ae01571da1e18a2fcd6b85d70c19192b086,20260908,0.9.2,864,False,11.030063210485205,HYDRAULIC#4,HYDRAULIC,failure,22.030063210485203,22.030063210485203,22.030063210485203,PERFECT
aging-PERFECT,a781d2546489e692d824d9b320280ae01571da1e18a2fcd6b85d70c19192b086,20260908,0.9.2,864,False,11.781302766465611,HYDRAULIC#4,HYDRAULIC,repair,22.030063210485203,0.0,22.030063210485203,PERFECT
aging-PERFECT,a781d2546489e692d824d9b320280ae01571da1e18a2fcd6b85d70c19192b086,20260908,0.9.2,864,False,34.69940027195765,ELECTRICAL#15,ELECTRICAL,failure,21.69940027195765,21.69940027195765,21.69940027195765,PERFECT
aging-PERFECT,a781d2546489e692d824d9b320280ae01571da1e18a2fcd6b85d70c19192b086,20260908,0.9.2,864,False,35.69385373823474,ELECTRICAL#15,ELECTRICAL,repair,21.69940027195765,0.0,21.69940027195765,PERFECT
aging-PERFECT,a781d2546489e692d824d9b320280ae01571da1e18a2fcd6b85d70c19192b086,20260908,0.9.2,864,False,57.104415001887965,POWERPLANT#21,POWERPLANT,failure,20.104415001887965,20.104415001887965,20.104415001887965,PERFECT
aging-PERFECT,a781d2546489e692d824d9b320280ae01571da1e18a2fcd6b85d70c19192b086,20260908,0.9.2,864,False,59.944859107270624,POWERPLANT#21,POWERPLANT,repair,20.104415001887965,0.0,20.104415001887965,PERFECT
aging-PERFECT,a781d2546489e692d824d9b320280ae01571da1e18a2fcd6b85d70c19192b086,20260908,0.9.2,865,False,33.98050207542675,ELECTRICAL#15,ELECTRICAL,failure,20.98050207542675,20.98050207542675,20.98050207542675,PERFECT
aging-PERFECT,a781d2546489e692d824d9b320280ae01571da1e18a2fcd6b85d70c19192b086,20260908,0.9.2,865,False,37.02587944322748,ELECTRICAL#15,ELECTRICAL,repair,20.98050207542675,0.0,20.98050207542675,PERFECT
aging-PERFECT,a781d2546489e692d824d9b320280ae01571da1e18a2fcd6b85d70c19192b086,20260908,0.9.2,866,False,9.076567512141965,AVIONICS#6,AVIONICS,failure,20.076567512141963,20.076567512141963,20.076567512141963,PERFECT
aging-PERFECT,a781d2546489e692d824d9b320280ae01571da1e18a2fcd6b85d70c19192b086,20260908,0.9.2,866,False,9.263278024599877,AVIONICS#6,AVIONICS,repair,20.076567512141963,0.0,20.076567512141963,PERFECT
aging-PERFECT,a781d2546489e692d824d9b320280ae01571da1e18a2fcd6b85d70c19192b086,20260908,0.9.2,866,False,33.112774491677236,ELECTRICAL#15,ELECTRICAL,failure,20.112774491677236,20.112774491677236,20.112774491677236,PERFECT
aging-PERFECT,a781d2546489e692d824d9b320280ae01571da1e18a2fcd6b85d70c19192b086,20260908,0.9.2,866,False,37.90754570829222,ELECTRICAL#15,ELECTRICAL,repair,20.112774491677236,0.0,20.112774491677236,PERFECT
aging-PERFECT,a781d2546489e692d824d9b320280ae01571da1e18a2fcd6b85d70c19192b086,20260908,0.9.2,866,False,57.19339538285228,POWERPLANT#21,POWERPLANT,failure,20.19339538285228,20.19339538285228,20.19339538285228,PERFECT
aging-PERFECT,a781d2546489e692d824d9b320280ae01571da1e18a2fcd6b85d70c19192b086,20260908,0.9.2,866,False,59.5355694258376,POWERPLANT#21,POWERPLANT,repair,20.19339538285228,0.0,20.19339538285228,PERFECT
aging-PERFECT,a781d2546489e692d824d9b320280ae01571da1e18a2fcd6b85d70c19192b086,20260908,0.9.2,867,False,11.298088196574508,ELECTRICAL#7,ELECTRICAL,failure,22.298088196574508,22.298088196574508,22.298088196574508,PERFECT
aging-PERFECT,a781d2546489e692d824d9b320280ae01571da1e18a2fcd6b85d70c19192b086,20260908,0.9.2,867,False,12.236813731711392,ELECTRICAL#7,ELECTRICAL,repair,22.298088196574508,0.0,22.298088196574508,PERFECT
aging-PERFECT,a781d2546489e692d824d9b320280ae01571da1e18a2fcd6b85d70c19192b086,20260908,0.9.2,867,False,35.467037084348945,HYDRAULIC#16,HYDRAULIC,failure,22.467037084348945,22.467037084348945,22.467037084348945,PERFECT
aging-PERFECT,a781d2546489e692d824d9b320280ae01571da1e18a2fcd6b85d70c19192b086,20260908,0.9.2,867,False,39.703244180824605,HYDRAULIC#16,HYDRAULIC,repair,22.467037084348945,0.0,22.467037084348945,PERFECT
aging-PERFECT,a781d2546489e692d824d9b320280ae01571da1e18a2fcd6b85d70c19192b086,20260908,0.9.2,867,False,59.57452139907201,HYDRAULIC#20,HYDRAULIC,failure,22.57452139907201,22.57452139907201,22.57452139907201,PERFECT
aging-PERFECT,a781d2546489e692d824d9b320280ae01571da1e18a2fcd6b85d70c19192b086,20260908,0.9.2,867,False,61.66473608617295,HYDRAULIC#20,HYDRAULIC,repair,22.57452139907201,0.0,22.57452139907201,PERFECT
aging-PERFECT,a781d2546489e692d824d9b320280ae01571da1e18a2fcd6b85d70c19192b086,20260908,0.9.2,868,False,11.078031692104194,HYDRAULIC#8,HYDRAULIC,failure,22.078031692104194,22.078031692104194,22.078031692104194,PERFECT
aging-PERFECT,a781d2546489e692d824d9b320280ae01571da1e18a2fcd6b85d70c19192b086,20260908,0.9.2,868,False,13.266733310214912,HYDRAULIC#8,HYDRAULIC,repair,22.078031692104194,0.0,22.078031692104194,PERFECT
aging-PERFECT,a781d2546489e692d824d9b320280ae01571da1e18a2fcd6b85d70c19192b086,20260908,0.9.2,869,False,11.043621256320234,HYDRAULIC#4,HYDRAULIC,failure,22.043621256320236,22.043621256320236,22.043621256320236,PERFECT
aging-PERFECT,a781d2546489e692d824d9b320280ae01571da1e18a2fcd6b85d70c19192b086,20260908,0.9.2,869,False,11.191003443795058,POWERPLANT#5,POWERPLANT,failure,22.191003443795058,22.191003443795058,22.191003443795058,PERFECT
aging-PERFECT,a781d2546489e692d824d9b320280ae01571da1e18a2fcd6b85d70c19192b086,20260908,0.9.2,869,False,11.794685013764456,HYDRAULIC#4,HYDRAULIC,repair,22.043621256320236,0.0,22.043621256320236,PERFECT
aging-PERFECT,a781d2546489e692d824d9b320280ae01571da1e18a2fcd6b85d70c19192b086,20260908,0.9.2,869,False,11.800611371494645,POWERPLANT#5,POWERPLANT,repair,22.191003443795058,0.0,22.191003443795058,PERFECT
aging-PERFECT,a781d2546489e692d824d9b320280ae01571da1e18a2fcd6b85d70c19192b086,20260908,0.9.2,869,False,34.869250475584614,AVIONICS#14,AVIONICS,failure,21.869250475584614,21.869250475584614,21.869250475584614,PERFECT
aging-PERFECT,a781d2546489e692d824d9b320280ae01571da1e18a2fcd6b85d70c19192b086,20260908,0.9.2,869,False,36.18301291916806,AVIONICS#14,AVIONICS,repair,21.869250475584614,0.0,21.869250475584614,PERFECT
aging-PERFECT,a781d2546489e692d824d9b320280ae01571da1e18a2fcd6b85d70c19192b086,20260908,0.9.2,871,False,59.60160925271822,HYDRAULIC#24,HYDRAULIC,failure,22.60160925271822,22.60160925271822,22.60160925271822,PERFECT
aging-PERFECT,a781d2546489e692d824d9b320280ae01571da1e18a2fcd6b85d70c19192b086,20260908,0.9.2,871,False,64.24133460765734,HYDRAULIC#24,HYDRAULIC,repair,22.60160925271822,0.0,22.60160925271822,PERFECT
aging-PERFECT,a781d2546489e692d824d9b320280ae01571da1e18a2fcd6b85d70c19192b086,20260908,0.9.2,873,False,35.08226582593723,HYDRAULIC#12,HYDRAULIC,failure,22.082265825937228,22.082265825937228,22.082265825937228,PERFECT
aging-PERFECT,a781d2546489e692d824d9b320280ae01571da1e18a2fcd6b85d70c19192b086,20260908,0.9.2,873,False,39.27540317915749,HYDRAULIC#12,HYDRAULIC,repair,22.082265825937228,0.0,22.082265825937228,PERFECT
aging-PERFECT,a781d2546489e692d824d9b320280ae01571da1e18a2fcd6b85d70c19192b086,20260908,0.9.2,873,False,58.26966596565906,ELECTRICAL#23,ELECTRICAL,failure,21.26966596565906,21.26966596565906,21.26966596565906,PERFECT
aging-PERFECT,a781d2546489e692d824d9b320280ae01571da1e18a2fcd6b85d70c19192b086,20260908,0.9.2,873,False,58.367092957203525,AVIONICS#22,AVIONICS,failure,21.367092957203525,21.367092957203525,21.367092957203525,PERFECT
aging-PERFECT,a781d2546489e692d824d9b320280ae01571da1e18a2fcd6b85d70c19192b086,20260908,0.9.2,873,False,59.216620355735174,ELECTRICAL#23,ELECTRICAL,repair,21.26966596565906,0.0,21.26966596565906,PERFECT
aging-PERFECT,a781d2546489e692d824d9b320280ae01571da1e18a2fcd6b85d70c19192b086,20260908,0.9.2,873,False,59.5693029340935,AVIONICS#22,AVIONICS,repair,21.367092957203525,0.0,21.367092957203525,PERFECT
aging-PERFECT,a781d2546489e692d824d9b320280ae01571da1e18a2fcd6b85d70c19192b086,20260908,0.9.2,875,False,11.694727607068602,ELECTRICAL#7,ELECTRICAL,failure,22.6947276070686,22.6947276070686,22.6947276070686,PERFECT
aging-PERFECT,a781d2546489e692d824d9b320280ae01571da1e18a2fcd6b85d70c19192b086,20260908,0.9.2,875,False,13.411376542183852,ELECTRICAL#7,ELECTRICAL,repair,22.6947276070686,0.0,22.6947276070686,PERFECT
aging-PERFECT,a781d2546489e692d824d9b320280ae01571da1e18a2fcd6b85d70c19192b086,20260908,0.9.2,875,False,57.377298076544356,HYDRAULIC#24,HYDRAULIC,failure,20.377298076544356,20.377298076544356,20.377298076544356,PERFECT
aging-PERFECT,a781d2546489e692d824d9b320280ae01571da1e18a2fcd6b85d70c19192b086,20260908,0.9.2,875,False,62.17919513005701,HYDRAULIC#24,HYDRAULIC,repair,20.377298076544356,0.0,20.377298076544356,PERFECT
aging-PERFECT,a781d2546489e692d824d9b320280ae01571da1e18a2fcd6b85d70c19192b086,20260908,0.9.2,876,False,10.849058763146642,ELECTRICAL#3,ELECTRICAL,failure,21.849058763146644,21.849058763146644,21.849058763146644,PERFECT
aging-PERFECT,a781d2546489e692d824d9b320280ae01571da1e18a2fcd6b85d70c19192b086,20260908,0.9.2,876,False,11.592239710029395,ELECTRICAL#3,ELECTRICAL,repair,21.849058763146644,0.0,21.849058763146644,PERFECT
aging-PERFECT,a781d2546489e692d824d9b320280ae01571da1e18a2fcd6b85d70c19192b086,20260908,0.9.2,876,False,33.4785981066071,AVIONICS#14,AVIONICS,failure,20.4785981066071,20.4785981066071,20.4785981066071,PERFECT
aging-PERFECT,a781d2546489e692d824d9b320280ae01571da1e18a2fcd6b85d70c19192b086,20260908,0.9.2,876,False,34.08675755761035,AVIONICS#14,AVIONICS,repair,20.4785981066071,0.0,20.4785981066071,PERFECT
aging-PERFECT,a781d2546489e692d824d9b320280ae01571da1e18a2fcd6b85d70c19192b086,20260908,0.9.2,876,False,58.154272363505726,ELECTRICAL#19,ELECTRICAL,failure,21.154272363505726,21.154272363505726,21.154272363505726,PERFECT
aging-PERFECT,a781d2546489e692d824d9b320280ae01571da1e18a2fcd6b85d70c19192b086,20260908,0.9.2,876,False,59.80379803787486,ELECTRICAL#19,ELECTRICAL,repair,21.154272363505726,0.0,21.154272363505726,PERFECT
aging-PERFECT,a781d2546489e692d824d9b320280ae01571da1e18a2fcd6b85d70c19192b086,20260908,0.9.2,877,False,59.848726402003166,ELECTRICAL#19,ELECTRICAL,failure,22.848726402003166,22.848726402003166,22.848726402003166,PERFECT
aging-PERFECT,a781d2546489e692d824d9b320280ae01571da1e18a2fcd6b85d70c19192b086,20260908,0.9.2,877,False,60.54470608652722,ELECTRICAL#19,ELECTRICAL,repair,22.848726402003166,0.0,22.848726402003166,PERFECT
aging-PERFECT,a781d2546489e692d824d9b320280ae01571da1e18a2fcd6b85d70c19192b086,20260908,0.9.2,880,False,10.166637417040262,POWERPLANT#5,POWERPLANT,failure,21.166637417040263,21.166637417040263,21.166637417040263,PERFECT
aging-PERFECT,a781d2546489e692d824d9b320280ae01571da1e18a2fcd6b85d70c19192b086,20260908,0.9.2,880,False,11.417689782938357,POWERPLANT#5,POWERPLANT,repair,21.166637417040263,0.0,21.166637417040263,PERFECT
aging-PERFECT,a781d2546489e692d824d9b320280ae01571da1e18a2fcd6b85d70c19192b086,20260908,0.9.2,880,False,34.091306893380505,POWERPLANT#13,POWERPLANT,failure,21.091306893380505,21.091306893380505,21.091306893380505,PERFECT
aging-PERFECT,a781d2546489e692d824d9b320280ae01571da1e18a2fcd6b85d70c19192b086,20260908,0.9.2,880,False,39.62328378096729,POWERPLANT#13,POWERPLANT,repair,21.091306893380505,0.0,21.091306893380505,PERFECT
aging-PERFECT,a781d2546489e692d824d9b320280ae01571da1e18a2fcd6b85d70c19192b086,20260908,0.9.2,881,False,11.363179182577385,AVIONICS#2,AVIONICS,failure,22.363179182577383,22.363179182577383,22.363179182577383,PERFECT
aging-PERFECT,a781d2546489e692d824d9b320280ae01571da1e18a2fcd6b85d70c19192b086,20260908,0.9.2,881,False,14.575399968075386,AVIONICS#2,AVIONICS,repair,22.363179182577383,0.0,22.363179182577383,PERFECT
aging-PERFECT,a781d2546489e692d824d9b320280ae01571da1e18a2fcd6b85d70c19192b086,20260908,0.9.2,881,False,58.33070440058971,ELECTRICAL#19,ELECTRICAL,failure,21.33070440058971,21.33070440058971,21.33070440058971,PERFECT
aging-PERFECT,a781d2546489e692d824d9b320280ae01571da1e18a2fcd6b85d70c19192b086,20260908,0.9.2,881,False,60.26856796501816,ELECTRICAL#19,ELECTRICAL,repair,21.33070440058971,0.0,21.33070440058971,PERFECT
aging-PERFECT,a781d2546489e692d824d9b320280ae01571da1e18a2fcd6b85d70c19192b086,20260908,0.9.2,882,False,9.824744022480017,HYDRAULIC#8,HYDRAULIC,failure,20.82474402248002,20.82474402248002,20.82474402248002,PERFECT
aging-PERFECT,a781d2546489e692d824d9b320280ae01571da1e18a2fcd6b85d70c19192b086,20260908,0.9.2,882,False,12.199906142458559,HYDRAULIC#8,HYDRAULIC,repair,20.82474402248002,0.0,20.82474402248002,PERFECT
aging-PERFECT,a781d2546489e692d824d9b320280ae01571da1e18a2fcd6b85d70c19192b086,20260908,0.9.2,883,False,9.155949537039914,ELECTRICAL#7,ELECTRICAL,failure,20.155949537039916,20.155949537039916,20.155949537039916,PERFECT
aging-PERFECT,a781d2546489e692d824d9b320280ae01571da1e18a2fcd6b85d70c19192b086,20260908,0.9.2,883,False,10.922721279415804,ELECTRICAL#7,ELECTRICAL,repair,20.155949537039916,0.0,20.155949537039916,PERFECT
aging-PERFECT,a781d2546489e692d824d9b320280ae01571da1e18a2fcd6b85d70c19192b086,20260908,0.9.2,883,False,33.03720455426794,HYDRAULIC#12,HYDRAULIC,failure,20.037204554267937,20.037204554267937,20.037204554267937,PERFECT
aging-PERFECT,a781d2546489e692d824d9b320280ae01571da1e18a2fcd6b85d70c19192b086,20260908,0.9.2,883,False,36.187340125215556,HYDRAULIC#12,HYDRAULIC,repair,20.037204554267937,0.0,20.037204554267937,PERFECT
aging-PERFECT,a781d2546489e692d824d9b320280ae01571da1e18a2fcd6b85d70c19192b086,20260908,0.9.2,884,False,10.618330771788719,ELECTRICAL#3,ELECTRICAL,failure,21.61833077178872,21.61833077178872,21.61833077178872,PERFECT
aging-PERFECT,a781d2546489e692d824d9b320280ae01571da1e18a2fcd6b85d70c19192b086,20260908,0.9.2,884,False,12.891708938505785,ELECTRICAL#3,ELECTRICAL,repair,21.61833077178872,0.0,21.61833077178872,PERFECT
aging-PERFECT,a781d2546489e692d824d9b320280ae01571da1e18a2fcd6b85d70c19192b086,20260908,0.9.2,884,False,35.74431359406187,HYDRAULIC#16,HYDRAULIC,failure,22.74431359406187,22.74431359406187,22.74431359406187,PERFECT
aging-PERFECT,a781d2546489e692d824d9b320280ae01571da1e18a2fcd6b85d70c19192b086,20260908,0.9.2,884,False,37.761253023485175,HYDRAULIC#16,HYDRAULIC,repair,22.74431359406187,0.0,22.74431359406187,PERFECT
aging-PERFECT,a781d2546489e692d824d9b320280ae01571da1e18a2fcd6b85d70c19192b086,20260908,0.9.2,885,False,10.779504038199466,POWERPLANT#1,POWERPLANT,failure,21.779504038199466,21.779504038199466,21.779504038199466,PERFECT
aging-PERFECT,a781d2546489e692d824d9b320280ae01571da1e18a2fcd6b85d70c19192b086,20260908,0.9.2,885,False,17.753797603843346,POWERPLANT#1,POWERPLANT,repair,21.779504038199466,0.0,21.779504038199466,PERFECT
aging-PERFECT,a781d2546489e692d824d9b320280ae01571da1e18a2fcd6b85d70c19192b086,20260908,0.9.2,885,False,58.87619750959864,ELECTRICAL#23,ELECTRICAL,failure,21.87619750959864,21.87619750959864,21.87619750959864,PERFECT
aging-PERFECT,a781d2546489e692d824d9b320280ae01571da1e18a2fcd6b85d70c19192b086,20260908,0.9.2,885,False,60.32231400932151,ELECTRICAL#23,ELECTRICAL,repair,21.87619750959864,0.0,21.87619750959864,PERFECT
aging-PERFECT,a781d2546489e692d824d9b320280ae01571da1e18a2fcd6b85d70c19192b086,20260908,0.9.2,886,False,9.858841269444586,HYDRAULIC#8,HYDRAULIC,failure,20.858841269444586,20.858841269444586,20.858841269444586,PERFECT
aging-PERFECT,a781d2546489e692d824d9b320280ae01571da1e18a2fcd6b85d70c19192b086,20260908,0.9.2,886,False,10.509805422048487,HYDRAULIC#8,HYDRAULIC,repair,20.858841269444586,0.0,20.858841269444586,PERFECT
aging-PERFECT,a781d2546489e692d824d9b320280ae01571da1e18a2fcd6b85d70c19192b086,20260908,0.9.2,886,False,59.36790812026468,POWERPLANT#21,POWERPLANT,failure,22.36790812026468,22.36790812026468,22.36790812026468,PERFECT
aging-PERFECT,a781d2546489e692d824d9b320280ae01571da1e18a2fcd6b85d70c19192b086,20260908,0.9.2,886,False,61.7663018967711,POWERPLANT#21,POWERPLANT,repair,22.36790812026468,0.0,22.36790812026468,PERFECT
aging-PERFECT,a781d2546489e692d824d9b320280ae01571da1e18a2fcd6b85d70c19192b086,20260908,0.9.2,888,False,10.425740186547554,AVIONICS#2,AVIONICS,failure,21.425740186547554,21.425740186547554,21.425740186547554,PERFECT
aging-PERFECT,a781d2546489e692d824d9b320280ae01571da1e18a2fcd6b85d70c19192b086,20260908,0.9.2,888,False,11.185633213180834,AVIONICS#2,AVIONICS,repair,21.425740186547554,0.0,21.425740186547554,PERFECT
aging-PERFECT,a781d2546489e692d824d9b320280ae01571da1e18a2fcd6b85d70c19192b086,20260908,0.9.2,888,False,34.62342536757255,ELECTRICAL#11,ELECTRICAL,failure,21.62342536757255,21.62342536757255,21.62342536757255,PERFECT
aging-PERFECT,a781d2546489e692d824d9b320280ae01571da1e18a2fcd6b85d70c19192b086,20260908,0.9.2,888,False,44.84347923305957,ELECTRICAL#11,ELECTRICAL,repair,21.62342536757255,0.0,21.62342536757255,PERFECT
aging-PERFECT,a781d2546489e692d824d9b320280ae01571da1e18a2fcd6b85d70c19192b086,20260908,0.9.2,888,False,58.41452198711515,ELECTRICAL#23,ELECTRICAL,failure,21.41452198711515,21.41452198711515,21.41452198711515,PERFECT
aging-PERFECT,a781d2546489e692d824d9b320280ae01571da1e18a2fcd6b85d70c19192b086,20260908,0.9.2,888,False,58.942157731291594,ELECTRICAL#23,ELECTRICAL,repair,21.41452198711515,0.0,21.41452198711515,PERFECT
aging-PERFECT,a781d2546489e692d824d9b320280ae01571da1e18a2fcd6b85d70c19192b086,20260908,0.9.2,889,False,11.779022226312064,AVIONICS#2,AVIONICS,failure,22.779022226312065,22.779022226312065,22.779022226312065,PERFECT
aging-PERFECT,a781d2546489e692d824d9b320280ae01571da1e18a2fcd6b85d70c19192b086,20260908,0.9.2,889,False,12.345459398620969,AVIONICS#2,AVIONICS,repair,22.779022226312065,0.0,22.779022226312065,PERFECT
aging-PERFECT,a781d2546489e692d824d9b320280ae01571da1e18a2fcd6b85d70c19192b086,20260908,0.9.2,889,False,59.16882178642519,HYDRAULIC#20,HYDRAULIC,failure,22.16882178642519,22.16882178642519,22.16882178642519,PERFECT
aging-PERFECT,a781d2546489e692d824d9b320280ae01571da1e18a2fcd6b85d70c19192b086,20260908,0.9.2,889,False,59.4809475721985,ELECTRICAL#19,ELECTRICAL,failure,22.480947572198502,22.480947572198502,22.480947572198502,PERFECT
aging-PERFECT,a781d2546489e692d824d9b320280ae01571da1e18a2fcd6b85d70c19192b086,20260908,0.9.2,889,False,61.72850174956961,HYDRAULIC#20,HYDRAULIC,repair,22.16882178642519,0.0,22.16882178642519,PERFECT
aging-PERFECT,a781d2546489e692d824d9b320280ae01571da1e18a2fcd6b85d70c19192b086,20260908,0.9.2,889,False,62.44631122989164,ELECTRICAL#19,ELECTRICAL,repair,22.480947572198502,0.0,22.480947572198502,PERFECT
aging-PERFECT,a781d2546489e692d824d9b320280ae01571da1e18a2fcd6b85d70c19192b086,20260908,0.9.2,890,False,9.806992770656873,ELECTRICAL#7,ELECTRICAL,failure,20.806992770656873,20.806992770656873,20.806992770656873,PERFECT
aging-PERFECT,a781d2546489e692d824d9b320280ae01571da1e18a2fcd6b85d70c19192b086,20260908,0.9.2,890,False,10.984475192694113,ELECTRICAL#7,ELECTRICAL,repair,20.806992770656873,0.0,20.806992770656873,PERFECT
aging-PERFECT,a781d2546489e692d824d9b320280ae01571da1e18a2fcd6b85d70c19192b086,20260908,0.9.2,891,False,10.698759837190076,HYDRAULIC#4,HYDRAULIC,failure,21.698759837190075,21.698759837190075,21.698759837190075,PERFECT
aging-PERFECT,a781d2546489e692d824d9b320280ae01571da1e18a2fcd6b85d70c19192b086,20260908,0.9.2,891,False,12.379446343475141,HYDRAULIC#4,HYDRAULIC,repair,21.698759837190075,0.0,21.698759837190075,PERFECT
aging-PERFECT,a781d2546489e692d824d9b320280ae01571da1e18a2fcd6b85d70c19192b086,20260908,0.9.2,891,False,35.04832273381366,POWERPLANT#9,POWERPLANT,failure,22.048322733813663,22.048322733813663,22.048322733813663,PERFECT
aging-PERFECT,a781d2546489e692d824d9b320280ae01571da1e18a2fcd6b85d70c19192b086,20260908,0.9.2,891,False,35.99677668636918,POWERPLANT#9,POWERPLANT,repair,22.048322733813663,0.0,22.048322733813663,PERFECT
aging-PERFECT,a781d2546489e692d824d9b320280ae01571da1e18a2fcd6b85d70c19192b086,20260908,0.9.2,891,False,58.457117005659896,ELECTRICAL#19,ELECTRICAL,failure,21.457117005659896,21.457117005659896,21.457117005659896,PERFECT
aging-PERFECT,a781d2546489e692d824d9b320280ae01571da1e18a2fcd6b85d70c19192b086,20260908,0.9.2,891,False,59.90097767269372,ELECTRICAL#19,ELECTRICAL,repair,21.457117005659896,0.0,21.457117005659896,PERFECT
aging-PERFECT,a781d2546489e692d824d9b320280ae01571da1e18a2fcd6b85d70c19192b086,20260908,0.9.2,892,False,10.911309878067893,AVIONICS#6,AVIONICS,failure,21.911309878067893,21.911309878067893,21.911309878067893,PERFECT
aging-PERFECT,a781d2546489e692d824d9b320280ae01571da1e18a2fcd6b85d70c19192b086,20260908,0.9.2,892,False,11.807274637321221,AVIONICS#6,AVIONICS,repair,21.911309878067893,0.0,21.911309878067893,PERFECT
aging-PERFECT,a781d2546489e692d824d9b320280ae01571da1e18a2fcd6b85d70c19192b086,20260908,0.9.2,892,False,58.92930428735752,POWERPLANT#17,POWERPLANT,failure,21.929304287357517,21.929304287357517,21.929304287357517,PERFECT
aging-PERFECT,a781d2546489e692d824d9b320280ae01571da1e18a2fcd6b85d70c19192b086,20260908,0.9.2,892,False,59.59568690183146,POWERPLANT#17,POWERPLANT,repair,21.929304287357517,0.0,21.929304287357517,PERFECT
aging-PERFECT,a781d2546489e692d824d9b320280ae01571da1e18a2fcd6b85d70c19192b086,20260908,0.9.2,893,False,34.672296168728735,AVIONICS#10,AVIONICS,failure,21.672296168728735,21.672296168728735,21.672296168728735,PERFECT
aging-PERFECT,a781d2546489e692d824d9b320280ae01571da1e18a2fcd6b85d70c19192b086,20260908,0.9.2,893,False,35.94306854464597,AVIONICS#10,AVIONICS,repair,21.672296168728735,0.0,21.672296168728735,PERFECT
aging-PERFECT,a781d2546489e692d824d9b320280ae01571da1e18a2fcd6b85d70c19192b086,20260908,0.9.2,894,False,33.71294877246688,POWERPLANT#9,POWERPLANT,failure,20.71294877246688,20.71294877246688,20.71294877246688,PERFECT
aging-PERFECT,a781d2546489e692d824d9b320280ae01571da1e18a2fcd6b85d70c19192b086,20260908,0.9.2,894,False,34.74978025926262,POWERPLANT#9,POWERPLANT,repair,20.71294877246688,0.0,20.71294877246688,PERFECT
aging-PERFECT,a781d2546489e692d824d9b320280ae01571da1e18a2fcd6b85d70c19192b086,20260908,0.9.2,894,False,58.37247927564951,ELECTRICAL#19,ELECTRICAL,failure,21.37247927564951,21.37247927564951,21.37247927564951,PERFECT
aging-PERFECT,a781d2546489e692d824d9b320280ae01571da1e18a2fcd6b85d70c19192b086,20260908,0.9.2,894,False,60.50637217525618,ELECTRICAL#19,ELECTRICAL,repair,21.37247927564951,0.0,21.37247927564951,PERFECT
aging-PERFECT,a781d2546489e692d824d9b320280ae01571da1e18a2fcd6b85d70c19192b086,20260908,0.9.2,895,False,10.992807713421655,HYDRAULIC#8,HYDRAULIC,failure,21.992807713421655,21.992807713421655,21.992807713421655,PERFECT
aging-PERFECT,a781d2546489e692d824d9b320280ae01571da1e18a2fcd6b85d70c19192b086,20260908,0.9.2,895,False,11.350369917591856,ELECTRICAL#7,ELECTRICAL,failure,22.350369917591856,22.350369917591856,22.350369917591856,PERFECT
aging-PERFECT,a781d2546489e692d824d9b320280ae01571da1e18a2fcd6b85d70c19192b086,20260908,0.9.2,895,False,11.48227902581209,POWERPLANT#1,POWERPLANT,failure,22.48227902581209,22.48227902581209,22.48227902581209,PERFECT
aging-PERFECT,a781d2546489e692d824d9b320280ae01571da1e18a2fcd6b85d70c19192b086,20260908,0.9.2,895,False,12.632300701013085,POWERPLANT#1,POWERPLANT,repair,22.48227902581209,0.0,22.48227902581209,PERFECT
aging-PERFECT,a781d2546489e692d824d9b320280ae01571da1e18a2fcd6b85d70c19192b086,20260908,0.9.2,895,False,13.413521655620066,HYDRAULIC#8,HYDRAULIC,repair,21.992807713421655,0.0,21.992807713421655,PERFECT
aging-PERFECT,a781d2546489e692d824d9b320280ae01571da1e18a2fcd6b85d70c19192b086,20260908,0.9.2,895,False,14.427660540664645,ELECTRICAL#7,ELECTRICAL,repair,22.350369917591856,0.0,22.350369917591856,PERFECT
aging-PERFECT,a781d2546489e692d824d9b320280ae01571da1e18a2fcd6b85d70c19192b086,20260908,0.9.2,895,False,58.094586086039385,ELECTRICAL#23,ELECTRICAL,failure,21.094586086039385,21.094586086039385,21.094586086039385,PERFECT
aging-PERFECT,a781d2546489e692d824d9b320280ae01571da1e18a2fcd6b85d70c19192b086,20260908,0.9.2,895,False,62.39325736549088,ELECTRICAL#23,ELECTRICAL,repair,21.094586086039385,0.0,21.094586086039385,PERFECT
aging-PERFECT,a781d2546489e692d824d9b320280ae01571da1e18a2fcd6b85d70c19192b086,20260908,0.9.2,896,False,33.01534331209034,HYDRAULIC#16,HYDRAULIC,failure,20.015343312090337,20.015343312090337,20.015343312090337,PERFECT
aging-PERFECT,a781d2546489e692d824d9b320280ae01571da1e18a2fcd6b85d70c19192b086,20260908,0.9.2,896,False,35.353557750508834,HYDRAULIC#16,HYDRAULIC,repair,20.015343312090337,0.0,20.015343312090337,PERFECT
aging-PERFECT,a781d2546489e692d824d9b320280ae01571da1e18a2fcd6b85d70c19192b086,20260908,0.9.2,896,False,57.52116144145228,HYDRAULIC#20,HYDRAULIC,failure,20.52116144145228,20.52116144145228,20.52116144145228,PERFECT
aging-PERFECT,a781d2546489e692d824d9b320280ae01571da1e18a2fcd6b85d70c19192b086,20260908,0.9.2,896,False,62.82833726529559,HYDRAULIC#20,HYDRAULIC,repair,20.52116144145228,0.0,20.52116144145228,PERFECT
aging-PERFECT,a781d2546489e692d824d9b320280ae01571da1e18a2fcd6b85d70c19192b086,20260908,0.9.2,897,False,11.117341862129027,POWERPLANT#5,POWERPLANT,failure,22.117341862129027,22.117341862129027,22.117341862129027,PERFECT
aging-PERFECT,a781d2546489e692d824d9b320280ae01571da1e18a2fcd6b85d70c19192b086,20260908,0.9.2,897,False,14.59556149910172,POWERPLANT#5,POWERPLANT,repair,22.117341862129027,0.0,22.117341862129027,PERFECT
aging-PERFECT,a781d2546489e692d824d9b320280ae01571da1e18a2fcd6b85d70c19192b086,20260908,0.9.2,897,False,35.502500280640675,ELECTRICAL#15,ELECTRICAL,failure,22.502500280640675,22.502500280640675,22.502500280640675,PERFECT
aging-PERFECT,a781d2546489e692d824d9b320280ae01571da1e18a2fcd6b85d70c19192b086,20260908,0.9.2,897,False,35.65469008032447,POWERPLANT#9,POWERPLANT,failure,22.65469008032447,22.65469008032447,22.65469008032447,PERFECT
aging-PERFECT,a781d2546489e692d824d9b320280ae01571da1e18a2fcd6b85d70c19192b086,20260908,0.9.2,897,False,36.48023141615046,POWERPLANT#9,POWERPLANT,repair,22.65469008032447,0.0,22.65469008032447,PERFECT
aging-PERFECT,a781d2546489e692d824d9b320280ae01571da1e18a2fcd6b85d70c19192b086,20260908,0.9.2,897,False,37.48076302906026,ELECTRICAL#15,ELECTRICAL,repair,22.502500280640675,0.0,22.502500280640675,PERFECT
aging-PERFECT,a781d2546489e692d824d9b320280ae01571da1e18a2fcd6b85d70c19192b086,20260908,0.9.2,898,False,9.62203710197036,ELECTRICAL#3,ELECTRICAL,failure,20.62203710197036,20.62203710197036,20.62203710197036,PERFECT
aging-PERFECT,a781d2546489e692d824d9b320280ae01571da1e18a2fcd6b85d70c19192b086,20260908,0.9.2,898,False,12.037844584743095,ELECTRICAL#3,ELECTRICAL,repair,20.62203710197036,0.0,20.62203710197036,PERFECT
aging-PERFECT,a781d2546489e692d824d9b320280ae01571da1e18a2fcd6b85d70c19192b086,20260908,0.9.2,898,False,33.05194944232194,HYDRAULIC#16,HYDRAULIC,failure,20.05194944232194,20.05194944232194,20.05194944232194,PERFECT
aging-PERFECT,a781d2546489e692d824d9b320280ae01571da1e18a2fcd6b85d70c19192b086,20260908,0.9.2,898,False,35.32917094871644,HYDRAULIC#16,HYDRAULIC,repair,20.05194944232194,0.0,20.05194944232194,PERFECT
aging-PERFECT,a781d2546489e692d824d9b320280ae01571da1e18a2fcd6b85d70c19192b086,20260908,0.9.2,898,False,59.024621364420184,HYDRAULIC#24,HYDRAULIC,failure,22.024621364420184,22.024621364420184,22.024621364420184,PERFECT
aging-PERFECT,a781d2546489e692d824d9b320280ae01571da1e18a2fcd6b85d70c19192b086,20260908,0.9.2,898,False,61.368321189320916,HYDRAULIC#24,HYDRAULIC,repair,22.024621364420184,0.0,22.024621364420184,PERFECT
aging-PERFECT,a781d2546489e692d824d9b320280ae01571da1e18a2fcd6b85d70c19192b086,20260908,0.9.2,899,False,34.4955273636265,HYDRAULIC#16,HYDRAULIC,failure,21.4955273636265,21.4955273636265,21.4955273636265,PERFECT
aging-PERFECT,a781d2546489e692d824d9b320280ae01571da1e18a2fcd6b85d70c19192b086,20260908,0.9.2,899,False,35.725807387681385,HYDRAULIC#16,HYDRAULIC,repair,21.4955273636265,0.0,21.4955273636265,PERFECT
aging-PERFECT,a781d2546489e692d824d9b320280ae01571da1e18a2fcd6b85d70c19192b086,20260908,0.9.2,899,False,58.504094320470514,POWERPLANT#17,POWERPLANT,failure,21.504094320470514,21.504094320470514,21.504094320470514,PERFECT
aging-PERFECT,a781d2546489e692d824d9b320280ae01571da1e18a2fcd6b85d70c19192b086,20260908,0.9.2,899,False,59.478583429782084,POWERPLANT#17,POWERPLANT,repair,21.504094320470514,0.0,21.504094320470514,PERFECT
aging-PERFECT,a781d2546489e692d824d9b320280ae01571da1e18a2fcd6b85d70c19192b086,20260908,0.9.2,901,False,9.459580200669034,POWERPLANT#5,POWERPLANT,failure,20.459580200669034,20.459580200669034,20.459580200669034,PERFECT
aging-PERFECT,a781d2546489e692d824d9b320280ae01571da1e18a2fcd6b85d70c19192b086,20260908,0.9.2,901,False,9.81979428864642,HYDRAULIC#8,HYDRAULIC,failure,20.81979428864642,20.81979428864642,20.81979428864642,PERFECT
aging-PERFECT,a781d2546489e692d824d9b320280ae01571da1e18a2fcd6b85d70c19192b086,20260908,0.9.2,901,False,12.594552167936884,POWERPLANT#5,POWERPLANT,repair,20.459580200669034,0.0,20.459580200669034,PERFECT
aging-PERFECT,a781d2546489e692d824d9b320280ae01571da1e18a2fcd6b85d70c19192b086,20260908,0.9.2,901,False,14.553716502466504,HYDRAULIC#8,HYDRAULIC,repair,20.81979428864642,0.0,20.81979428864642,PERFECT
aging-PERFECT,a781d2546489e692d824d9b320280ae01571da1e18a2fcd6b85d70c19192b086,20260908,0.9.2,901,False,58.32152181658015,POWERPLANT#17,POWERPLANT,failure,21.32152181658015,21.32152181658015,21.32152181658015,PERFECT
aging-PERFECT,a781d2546489e692d824d9b320280ae01571da1e18a2fcd6b85d70c19192b086,20260908,0.9.2,901,False,58.864707642776,POWERPLANT#17,POWERPLANT,repair,21.32152181658015,0.0,21.32152181658015,PERFECT
aging-PERFECT,a781d2546489e692d824d9b320280ae01571da1e18a2fcd6b85d70c19192b086,20260908,0.9.2,902,False,57.04544699339463,POWERPLANT#21,POWERPLANT,failure,20.045446993394627,20.045446993394627,20.045446993394627,PERFECT
aging-PERFECT,a781d2546489e692d824d9b320280ae01571da1e18a2fcd6b85d70c19192b086,20260908,0.9.2,902,False,60.60239724362754,POWERPLANT#21,POWERPLANT,repair,20.045446993394627,0.0,20.045446993394627,PERFECT
aging-PERFECT,a781d2546489e692d824d9b320280ae01571da1e18a2fcd6b85d70c19192b086,20260908,0.9.2,903,False,57.946591613220974,HYDRAULIC#20,HYDRAULIC,failure,20.946591613220974,20.946591613220974,20.946591613220974,PERFECT
aging-PERFECT,a781d2546489e692d824d9b320280ae01571da1e18a2fcd6b85d70c19192b086,20260908,0.9.2,903,False,62.0458008324971,HYDRAULIC#20,HYDRAULIC,repair,20.946591613220974,0.0,20.946591613220974,PERFECT
aging-PERFECT,a781d2546489e692d824d9b320280ae01571da1e18a2fcd6b85d70c19192b086,20260908,0.9.2,905,False,10.49755487483609,POWERPLANT#5,POWERPLANT,failure,21.49755487483609,21.49755487483609,21.49755487483609,PERFECT
aging-PERFECT,a781d2546489e692d824d9b320280ae01571da1e18a2fcd6b85d70c19192b086,20260908,0.9.2,905,False,11.222773436114508,POWERPLANT#5,POWERPLANT,repair,21.49755487483609,0.0,21.49755487483609,PERFECT
aging-PERFECT,a781d2546489e692d824d9b320280ae01571da1e18a2fcd6b85d70c19192b086,20260908,0.9.2,905,False,57.670036311451696,POWERPLANT#17,POWERPLANT,failure,20.670036311451696,20.670036311451696,20.670036311451696,PERFECT
aging-PERFECT,a781d2546489e692d824d9b320280ae01571da1e18a2fcd6b85d70c19192b086,20260908,0.9.2,905,False,58.317277165832046,POWERPLANT#17,POWERPLANT,repair,20.670036311451696,0.0,20.670036311451696,PERFECT
aging-PERFECT,a781d2546489e692d824d9b320280ae01571da1e18a2fcd6b85d70c19192b086,20260908,0.9.2,906,False,10.117763344099284,ELECTRICAL#3,ELECTRICAL,failure,21.117763344099284,21.117763344099284,21.117763344099284,PERFECT
aging-PERFECT,a781d2546489e692d824d9b320280ae01571da1e18a2fcd6b85d70c19192b086,20260908,0.9.2,906,False,10.914462401554827,ELECTRICAL#3,ELECTRICAL,repair,21.117763344099284,0.0,21.117763344099284,PERFECT
aging-PERFECT,a781d2546489e692d824d9b320280ae01571da1e18a2fcd6b85d70c19192b086,20260908,0.9.2,906,False,33.1804237819584,POWERPLANT#13,POWERPLANT,failure,20.180423781958403,20.180423781958403,20.180423781958403,PERFECT
aging-PERFECT,a781d2546489e692d824d9b320280ae01571da1e18a2fcd6b85d70c19192b086,20260908,0.9.2,906,False,34.6478646833482,POWERPLANT#13,POWERPLANT,repair,20.180423781958403,0.0,20.180423781958403,PERFECT
aging-PERFECT,a781d2546489e692d824d9b320280ae01571da1e18a2fcd6b85d70c19192b086,20260908,0.9.2,906,False,59.21256748675824,AVIONICS#18,AVIONICS,failure,22.21256748675824,22.21256748675824,22.21256748675824,PERFECT
aging-PERFECT,a781d2546489e692d824d9b320280ae01571da1e18a2fcd6b85d70c19192b086,20260908,0.9.2,906,False,59.77006760211147,AVIONICS#18,AVIONICS,repair,22.21256748675824,0.0,22.21256748675824,PERFECT
aging-PERFECT,a781d2546489e692d824d9b320280ae01571da1e18a2fcd6b85d70c19192b086,20260908,0.9.2,907,False,59.72116480380163,AVIONICS#18,AVIONICS,failure,22.721164803801628,22.721164803801628,22.721164803801628,PERFECT
aging-PERFECT,a781d2546489e692d824d9b320280ae01571da1e18a2fcd6b85d70c19192b086,20260908,0.9.2,907,False,60.13030201585587,AVIONICS#18,AVIONICS,repair,22.721164803801628,0.0,22.721164803801628,PERFECT
aging-PERFECT,a781d2546489e692d824d9b320280ae01571da1e18a2fcd6b85d70c19192b086,20260908,0.9.2,908,False,34.37148662692135,POWERPLANT#13,POWERPLANT,failure,21.371486626921353,21.371486626921353,21.371486626921353,PERFECT
aging-PERFECT,a781d2546489e692d824d9b320280ae01571da1e18a2fcd6b85d70c19192b086,20260908,0.9.2,908,False,36.59781426791053,POWERPLANT#13,POWERPLANT,repair,21.371486626921353,0.0,21.371486626921353,PERFECT
aging-PERFECT,a781d2546489e692d824d9b320280ae01571da1e18a2fcd6b85d70c19192b086,20260908,0.9.2,909,False,11.003084838153718,AVIONICS#2,AVIONICS,failure,22.00308483815372,22.00308483815372,22.00308483815372,PERFECT
aging-PERFECT,a781d2546489e692d824d9b320280ae01571da1e18a2fcd6b85d70c19192b086,20260908,0.9.2,909,False,11.801609914784049,AVIONICS#2,AVIONICS,repair,22.00308483815372,0.0,22.00308483815372,PERFECT
aging-PERFECT,a781d2546489e692d824d9b320280ae01571da1e18a2fcd6b85d70c19192b086,20260908,0.9.2,909,False,33.30576152560153,POWERPLANT#9,POWERPLANT,failure,20.305761525601532,20.305761525601532,20.305761525601532,PERFECT
aging-PERFECT,a781d2546489e692d824d9b320280ae01571da1e18a2fcd6b85d70c19192b086,20260908,0.9.2,909,False,35.794667506497674,POWERPLANT#9,POWERPLANT,repair,20.305761525601532,0.0,20.305761525601532,PERFECT
aging-PERFECT,a781d2546489e692d824d9b320280ae01571da1e18a2fcd6b85d70c19192b086,20260908,0.9.2,909,False,58.22040761977699,HYDRAULIC#24,HYDRAULIC,failure,21.220407619776992,21.220407619776992,21.220407619776992,PERFECT
aging-PERFECT,a781d2546489e692d824d9b320280ae01571da1e18a2fcd6b85d70c19192b086,20260908,0.9.2,909,False,59.62383624474413,HYDRAULIC#24,HYDRAULIC,repair,21.220407619776992,0.0,21.220407619776992,PERFECT
aging-PERFECT,a781d2546489e692d824d9b320280ae01571da1e18a2fcd6b85d70c19192b086,20260908,0.9.2,910,False,33.84301410789694,POWERPLANT#13,POWERPLANT,failure,20.84301410789694,20.84301410789694,20.84301410789694,PERFECT
aging-PERFECT,a781d2546489e692d824d9b320280ae01571da1e18a2fcd6b85d70c19192b086,20260908,0.9.2,910,False,36.15392780984679,POWERPLANT#13,POWERPLANT,repair,20.84301410789694,0.0,20.84301410789694,PERFECT
aging-PERFECT,a781d2546489e692d824d9b320280ae01571da1e18a2fcd6b85d70c19192b086,20260908,0.9.2,910,False,58.266818413862836,AVIONICS#18,AVIONICS,failure,21.266818413862836,21.266818413862836,21.266818413862836,PERFECT
aging-PERFECT,a781d2546489e692d824d9b320280ae01571da1e18a2fcd6b85d70c19192b086,20260908,0.9.2,910,False,61.39173276737486,AVIONICS#18,AVIONICS,repair,21.266818413862836,0.0,21.266818413862836,PERFECT
aging-PERFECT,a781d2546489e692d824d9b320280ae01571da1e18a2fcd6b85d70c19192b086,20260908,0.9.2,911,False,35.77136301485139,POWERPLANT#9,POWERPLANT,failure,22.77136301485139,22.77136301485139,22.77136301485139,PERFECT
aging-PERFECT,a781d2546489e692d824d9b320280ae01571da1e18a2fcd6b85d70c19192b086,20260908,0.9.2,911,False,36.026358773646535,POWERPLANT#9,POWERPLANT,repair,22.77136301485139,0.0,22.77136301485139,PERFECT
aging-PERFECT,a781d2546489e692d824d9b320280ae01571da1e18a2fcd6b85d70c19192b086,20260908,0.9.2,913,False,34.967942466806306,ELECTRICAL#15,ELECTRICAL,failure,21.967942466806306,21.967942466806306,21.967942466806306,PERFECT
aging-PERFECT,a781d2546489e692d824d9b320280ae01571da1e18a2fcd6b85d70c19192b086,20260908,0.9.2,913,False,40.66949193755036,ELECTRICAL#15,ELECTRICAL,repair,21.967942466806306,0.0,21.967942466806306,PERFECT
aging-PERFECT,a781d2546489e692d824d9b320280ae01571da1e18a2fcd6b85d70c19192b086,20260908,0.9.2,913,False,57.38687375366536,HYDRAULIC#20,HYDRAULIC,failure,20.386873753665363,20.386873753665363,20.386873753665363,PERFECT
aging-PERFECT,a781d2546489e692d824d9b320280ae01571da1e18a2fcd6b85d70c19192b086,20260908,0.9.2,913,False,58.30621831449701,HYDRAULIC#20,HYDRAULIC,repair,20.386873753665363,0.0,20.386873753665363,PERFECT
aging-PERFECT,a781d2546489e692d824d9b320280ae01571da1e18a2fcd6b85d70c19192b086,20260908,0.9.2,915,False,10.316047396423077,ELECTRICAL#7,ELECTRICAL,failure,21.316047396423077,21.316047396423077,21.316047396423077,PERFECT
aging-PERFECT,a781d2546489e692d824d9b320280ae01571da1e18a2fcd6b85d70c19192b086,20260908,0.9.2,915,False,12.649717887652958,ELECTRICAL#7,ELECTRICAL,repair,21.316047396423077,0.0,21.316047396423077,PERFECT
aging-PERFECT,a781d2546489e692d824d9b320280ae01571da1e18a2fcd6b85d70c19192b086,20260908,0.9.2,915,False,33.0579662566986,HYDRAULIC#12,HYDRAULIC,failure,20.0579662566986,20.0579662566986,20.0579662566986,PERFECT
aging-PERFECT,a781d2546489e692d824d9b320280ae01571da1e18a2fcd6b85d70c19192b086,20260908,0.9.2,915,False,33.314161577768736,HYDRAULIC#12,HYDRAULIC,repair,20.0579662566986,0.0,20.0579662566986,PERFECT
aging-PERFECT,a781d2546489e692d824d9b320280ae01571da1e18a2fcd6b85d70c19192b086,20260908,0.9.2,915,False,58.86754671241346,AVIONICS#22,AVIONICS,failure,21.867546712413457,21.867546712413457,21.867546712413457,PERFECT
aging-PERFECT,a781d2546489e692d824d9b320280ae01571da1e18a2fcd6b85d70c19192b086,20260908,0.9.2,915,False,60.68127071144248,AVIONICS#22,AVIONICS,repair,21.867546712413457,0.0,21.867546712413457,PERFECT
aging-PERFECT,a781d2546489e692d824d9b320280ae01571da1e18a2fcd6b85d70c19192b086,20260908,0.9.2,916,False,11.426966659599454,POWERPLANT#5,POWERPLANT,failure,22.426966659599454,22.426966659599454,22.426966659599454,PERFECT
aging-PERFECT,a781d2546489e692d824d9b320280ae01571da1e18a2fcd6b85d70c19192b086,20260908,0.9.2,916,False,15.747715953550335,POWERPLANT#5,POWERPLANT,repair,22.426966659599454,0.0,22.426966659599454,PERFECT
aging-PERFECT,a781d2546489e692d824d9b320280ae01571da1e18a2fcd6b85d70c19192b086,20260908,0.9.2,916,False,57.58247206674474,HYDRAULIC#24,HYDRAULIC,failure,20.582472066744742,20.582472066744742,20.582472066744742,PERFECT
aging-PERFECT,a781d2546489e692d824d9b320280ae01571da1e18a2fcd6b85d70c19192b086,20260908,0.9.2,916,False,59.17501521360592,HYDRAULIC#24,HYDRAULIC,repair,20.582472066744742,0.0,20.582472066744742,PERFECT
aging-PERFECT,a781d2546489e692d824d9b320280ae01571da1e18a2fcd6b85d70c19192b086,20260908,0.9.2,917,False,35.256697208229646,HYDRAULIC#16,HYDRAULIC,failure,22.256697208229646,22.256697208229646,22.256697208229646,PERFECT
aging-PERFECT,a781d2546489e692d824d9b320280ae01571da1e18a2fcd6b85d70c19192b086,20260908,0.9.2,917,False,37.51659854362727,HYDRAULIC#16,HYDRAULIC,repair,22.256697208229646,0.0,22.256697208229646,PERFECT
aging-PERFECT,a781d2546489e692d824d9b320280ae01571da1e18a2fcd6b85d70c19192b086,20260908,0.9.2,917,False,58.412446303539994,ELECTRICAL#23,ELECTRICAL,failure,21.412446303539994,21.412446303539994,21.412446303539994,PERFECT
aging-PERFECT,a781d2546489e692d824d9b320280ae01571da1e18a2fcd6b85d70c19192b086,20260908,0.9.2,917,False,59.71586419245253,ELECTRICAL#23,ELECTRICAL,repair,21.412446303539994,0.0,21.412446303539994,PERFECT
aging-PERFECT,a781d2546489e692d824d9b320280ae01571da1e18a2fcd6b85d70c19192b086,20260908,0.9.2,918,False,9.981979851178913,POWERPLANT#5,POWERPLANT,failure,20.981979851178913,20.981979851178913,20.981979851178913,PERFECT
aging-PERFECT,a781d2546489e692d824d9b320280ae01571da1e18a2fcd6b85d70c19192b086,20260908,0.9.2,918,False,13.291378990157318,POWERPLANT#5,POWERPLANT,repair,20.981979851178913,0.0,20.981979851178913,PERFECT
aging-PERFECT,a781d2546489e692d824d9b320280ae01571da1e18a2fcd6b85d70c19192b086,20260908,0.9.2,919,False,10.62726233139924,HYDRAULIC#4,HYDRAULIC,failure,21.62726233139924,21.62726233139924,21.62726233139924,PERFECT
aging-PERFECT,a781d2546489e692d824d9b320280ae01571da1e18a2fcd6b85d70c19192b086,20260908,0.9.2,919,False,17.69518884904598,HYDRAULIC#4,HYDRAULIC,repair,21.62726233139924,0.0,21.62726233139924,PERFECT
aging-PERFECT,a781d2546489e692d824d9b320280ae01571da1e18a2fcd6b85d70c19192b086,20260908,0.9.2,919,False,35.05203384135537,AVIONICS#10,AVIONICS,failure,22.052033841355367,22.052033841355367,22.052033841355367,PERFECT
aging-PERFECT,a781d2546489e692d824d9b320280ae01571da1e18a2fcd6b85d70c19192b086,20260908,0.9.2,919,False,38.79882321890391,AVIONICS#10,AVIONICS,repair,22.052033841355367,0.0,22.052033841355367,PERFECT
aging-PERFECT,a781d2546489e692d824d9b320280ae01571da1e18a2fcd6b85d70c19192b086,20260908,0.9.2,919,False,59.377889392139586,AVIONICS#18,AVIONICS,failure,22.377889392139586,22.377889392139586,22.377889392139586,PERFECT
aging-PERFECT,a781d2546489e692d824d9b320280ae01571da1e18a2fcd6b85d70c19192b086,20260908,0.9.2,919,False,61.20190541056759,AVIONICS#18,AVIONICS,repair,22.377889392139586,0.0,22.377889392139586,PERFECT
aging-PERFECT,a781d2546489e692d824d9b320280ae01571da1e18a2fcd6b85d70c19192b086,20260908,0.9.2,920,False,9.241793573108552,POWERPLANT#5,POWERPLANT,failure,20.241793573108552,20.241793573108552,20.241793573108552,PERFECT
aging-PERFECT,a781d2546489e692d824d9b320280ae01571da1e18a2fcd6b85d70c19192b086,20260908,0.9.2,920,False,12.510348288290444,POWERPLANT#5,POWERPLANT,repair,20.241793573108552,0.0,20.241793573108552,PERFECT
aging-PERFECT,a781d2546489e692d824d9b320280ae01571da1e18a2fcd6b85d70c19192b086,20260908,0.9.2,920,False,59.333625145520365,POWERPLANT#17,POWERPLANT,failure,22.333625145520365,22.333625145520365,22.333625145520365,PERFECT
aging-PERFECT,a781d2546489e692d824d9b320280ae01571da1e18a2fcd6b85d70c19192b086,20260908,0.9.2,920,False,61.10931894839501,POWERPLANT#17,POWERPLANT,repair,22.333625145520365,0.0,22.333625145520365,PERFECT
aging-PERFECT,a781d2546489e692d824d9b320280ae01571da1e18a2fcd6b85d70c19192b086,20260908,0.9.2,922,False,11.151828987958671,HYDRAULIC#8,HYDRAULIC,failure,22.151828987958673,22.151828987958673,22.151828987958673,PERFECT
aging-PERFECT,a781d2546489e692d824d9b320280ae01571da1e18a2fcd6b85d70c19192b086,20260908,0.9.2,922,False,12.310941483491387,HYDRAULIC#8,HYDRAULIC,repair,22.151828987958673,0.0,22.151828987958673,PERFECT
aging-PERFECT,a781d2546489e692d824d9b320280ae01571da1e18a2fcd6b85d70c19192b086,20260908,0.9.2,923,False,10.140169197527205,HYDRAULIC#4,HYDRAULIC,failure,21.140169197527207,21.140169197527207,21.140169197527207,PERFECT
aging-PERFECT,a781d2546489e692d824d9b320280ae01571da1e18a2fcd6b85d70c19192b086,20260908,0.9.2,923,False,14.773426693878276,HYDRAULIC#4,HYDRAULIC,repair,21.140169197527207,0.0,21.140169197527207,PERFECT
aging-PERFECT,a781d2546489e692d824d9b320280ae01571da1e18a2fcd6b85d70c19192b086,20260908,0.9.2,924,False,10.966052693006858,POWERPLANT#5,POWERPLANT,failure,21.96605269300686,21.96605269300686,21.96605269300686,PERFECT
aging-PERFECT,a781d2546489e692d824d9b320280ae01571da1e18a2fcd6b85d70c19192b086,20260908,0.9.2,924,False,14.12105698495914,POWERPLANT#5,POWERPLANT,repair,21.96605269300686,0.0,21.96605269300686,PERFECT
aging-PERFECT,a781d2546489e692d824d9b320280ae01571da1e18a2fcd6b85d70c19192b086,20260908,0.9.2,925,False,11.802646030346136,POWERPLANT#5,POWERPLANT,failure,22.802646030346136,22.802646030346136,22.802646030346136,PERFECT
aging-PERFECT,a781d2546489e692d824d9b320280ae01571da1e18a2fcd6b85d70c19192b086,20260908,0.9.2,925,False,12.41880885305805,POWERPLANT#5,POWERPLANT,repair,22.802646030346136,0.0,22.802646030346136,PERFECT
aging-PERFECT,a781d2546489e692d824d9b320280ae01571da1e18a2fcd6b85d70c19192b086,20260908,0.9.2,925,False,34.34311139938691,ELECTRICAL#15,ELECTRICAL,failure,21.343111399386913,21.343111399386913,21.343111399386913,PERFECT
aging-PERFECT,a781d2546489e692d824d9b320280ae01571da1e18a2fcd6b85d70c19192b086,20260908,0.9.2,925,False,35.370593261335266,ELECTRICAL#15,ELECTRICAL,repair,21.343111399386913,0.0,21.343111399386913,PERFECT
aging-PERFECT,a781d2546489e692d824d9b320280ae01571da1e18a2fcd6b85d70c19192b086,20260908,0.9.2,925,False,59.23146517430563,HYDRAULIC#20,HYDRAULIC,failure,22.231465174305633,22.231465174305633,22.231465174305633,PERFECT
aging-PERFECT,a781d2546489e692d824d9b320280ae01571da1e18a2fcd6b85d70c19192b086,20260908,0.9.2,925,False,66.38754285523477,HYDRAULIC#20,HYDRAULIC,repair,22.231465174305633,0.0,22.231465174305633,PERFECT
aging-PERFECT,a781d2546489e692d824d9b320280ae01571da1e18a2fcd6b85d70c19192b086,20260908,0.9.2,926,False,11.821934431356217,POWERPLANT#1,POWERPLANT,failure,22.82193443135622,22.82193443135622,22.82193443135622,PERFECT
aging-PERFECT,a781d2546489e692d824d9b320280ae01571da1e18a2fcd6b85d70c19192b086,20260908,0.9.2,926,False,17.54221322313294,POWERPLANT#1,POWERPLANT,repair,22.82193443135622,0.0,22.82193443135622,PERFECT
aging-PERFECT,a781d2546489e692d824d9b320280ae01571da1e18a2fcd6b85d70c19192b086,20260908,0.9.2,927,False,10.278045367221006,ELECTRICAL#7,ELECTRICAL,failure,21.278045367221004,21.278045367221004,21.278045367221004,PERFECT
aging-PERFECT,a781d2546489e692d824d9b320280ae01571da1e18a2fcd6b85d70c19192b086,20260908,0.9.2,927,False,10.938274407996662,ELECTRICAL#7,ELECTRICAL,repair,21.278045367221004,0.0,21.278045367221004,PERFECT
aging-PERFECT,a781d2546489e692d824d9b320280ae01571da1e18a2fcd6b85d70c19192b086,20260908,0.9.2,928,False,59.375094035204434,POWERPLANT#17,POWERPLANT,failure,22.375094035204434,22.375094035204434,22.375094035204434,PERFECT
aging-PERFECT,a781d2546489e692d824d9b320280ae01571da1e18a2fcd6b85d70c19192b086,20260908,0.9.2,928,False,61.01130427019518,POWERPLANT#17,POWERPLANT,repair,22.375094035204434,0.0,22.375094035204434,PERFECT
aging-PERFECT,a781d2546489e692d824d9b320280ae01571da1e18a2fcd6b85d70c19192b086,20260908,0.9.2,929,False,9.264899439172757,POWERPLANT#5,POWERPLANT,failure,20.26489943917276,20.26489943917276,20.26489943917276,PERFECT
aging-PERFECT,a781d2546489e692d824d9b320280ae01571da1e18a2fcd6b85d70c19192b086,20260908,0.9.2,929,False,9.552374445119705,POWERPLANT#5,POWERPLANT,repair,20.26489943917276,0.0,20.26489943917276,PERFECT
aging-PERFECT,a781d2546489e692d824d9b320280ae01571da1e18a2fcd6b85d70c19192b086,20260908,0.9.2,929,False,59.19757480696007,ELECTRICAL#23,ELECTRICAL,failure,22.19757480696007,22.19757480696007,22.19757480696007,PERFECT
aging-PERFECT,a781d2546489e692d824d9b320280ae01571da1e18a2fcd6b85d70c19192b086,20260908,0.9.2,929,False,63.62916093572463,ELECTRICAL#23,ELECTRICAL,repair,22.19757480696007,0.0,22.19757480696007,PERFECT
aging-PERFECT,a781d2546489e692d824d9b320280ae01571da1e18a2fcd6b85d70c19192b086,20260908,0.9.2,932,False,33.01922461683474,ELECTRICAL#15,ELECTRICAL,failure,20.01922461683474,20.01922461683474,20.01922461683474,PERFECT
aging-PERFECT,a781d2546489e692d824d9b320280ae01571da1e18a2fcd6b85d70c19192b086,20260908,0.9.2,932,False,33.11057350547272,ELECTRICAL#15,ELECTRICAL,repair,20.01922461683474,0.0,20.01922461683474,PERFECT
aging-PERFECT,a781d2546489e692d824d9b320280ae01571da1e18a2fcd6b85d70c19192b086,20260908,0.9.2,932,False,59.895109999382875,POWERPLANT#17,POWERPLANT,failure,22.895109999382875,22.895109999382875,22.895109999382875,PERFECT
aging-PERFECT,a781d2546489e692d824d9b320280ae01571da1e18a2fcd6b85d70c19192b086,20260908,0.9.2,932,False,60.3610766396308,POWERPLANT#17,POWERPLANT,repair,22.895109999382875,0.0,22.895109999382875,PERFECT
aging-PERFECT,a781d2546489e692d824d9b320280ae01571da1e18a2fcd6b85d70c19192b086,20260908,0.9.2,933,False,11.717905296086789,HYDRAULIC#8,HYDRAULIC,failure,22.71790529608679,22.71790529608679,22.71790529608679,PERFECT
aging-PERFECT,a781d2546489e692d824d9b320280ae01571da1e18a2fcd6b85d70c19192b086,20260908,0.9.2,933,False,12.095099408923815,HYDRAULIC#8,HYDRAULIC,repair,22.71790529608679,0.0,22.71790529608679,PERFECT
aging-PERFECT,a781d2546489e692d824d9b320280ae01571da1e18a2fcd6b85d70c19192b086,20260908,0.9.2,933,False,34.83949082154259,HYDRAULIC#12,HYDRAULIC,failure,21.83949082154259,21.83949082154259,21.83949082154259,PERFECT
aging-PERFECT,a781d2546489e692d824d9b320280ae01571da1e18a2fcd6b85d70c19192b086,20260908,0.9.2,933,False,36.94868321924606,HYDRAULIC#12,HYDRAULIC,repair,21.83949082154259,0.0,21.83949082154259,PERFECT
aging-PERFECT,a781d2546489e692d824d9b320280ae01571da1e18a2fcd6b85d70c19192b086,20260908,0.9.2,934,False,59.293400530513445,AVIONICS#18,AVIONICS,failure,22.293400530513445,22.293400530513445,22.293400530513445,PERFECT
aging-PERFECT,a781d2546489e692d824d9b320280ae01571da1e18a2fcd6b85d70c19192b086,20260908,0.9.2,934,False,64.86160122614368,AVIONICS#18,AVIONICS,repair,22.293400530513445,0.0,22.293400530513445,PERFECT
aging-PERFECT,a781d2546489e692d824d9b320280ae01571da1e18a2fcd6b85d70c19192b086,20260908,0.9.2,935,False,58.798381878737736,POWERPLANT#17,POWERPLANT,failure,21.798381878737736,21.798381878737736,21.798381878737736,PERFECT
aging-PERFECT,a781d2546489e692d824d9b320280ae01571da1e18a2fcd6b85d70c19192b086,20260908,0.9.2,935,False,60.63054550549527,POWERPLANT#17,POWERPLANT,repair,21.798381878737736,0.0,21.798381878737736,PERFECT
aging-PERFECT,a781d2546489e692d824d9b320280ae01571da1e18a2fcd6b85d70c19192b086,20260908,0.9.2,936,False,11.94125889255982,ELECTRICAL#3,ELECTRICAL,failure,22.94125889255982,22.94125889255982,22.94125889255982,PERFECT
aging-PERFECT,a781d2546489e692d824d9b320280ae01571da1e18a2fcd6b85d70c19192b086,20260908,0.9.2,936,False,12.304955298368533,ELECTRICAL#3,ELECTRICAL,repair,22.94125889255982,0.0,22.94125889255982,PERFECT
aging-PERFECT,a781d2546489e692d824d9b320280ae01571da1e18a2fcd6b85d70c19192b086,20260908,0.9.2,936,False,33.76732447676102,ELECTRICAL#11,ELECTRICAL,failure,20.76732447676102,20.76732447676102,20.76732447676102,PERFECT
aging-PERFECT,a781d2546489e692d824d9b320280ae01571da1e18a2fcd6b85d70c19192b086,20260908,0.9.2,936,False,39.14942076028403,ELECTRICAL#11,ELECTRICAL,repair,20.76732447676102,0.0,20.76732447676102,PERFECT
aging-PERFECT,a781d2546489e692d824d9b320280ae01571da1e18a2fcd6b85d70c19192b086,20260908,0.9.2,937,False,9.230129356524273,AVIONICS#2,AVIONICS,failure,20.230129356524273,20.230129356524273,20.230129356524273,PERFECT
aging-PERFECT,a781d2546489e692d824d9b320280ae01571da1e18a2fcd6b85d70c19192b086,20260908,0.9.2,937,False,10.175743581718638,AVIONICS#2,AVIONICS,repair,20.230129356524273,0.0,20.230129356524273,PERFECT
aging-PERFECT,a781d2546489e692d824d9b320280ae01571da1e18a2fcd6b85d70c19192b086,20260908,0.9.2,937,False,34.114191131685544,ELECTRICAL#15,ELECTRICAL,failure,21.114191131685544,21.114191131685544,21.114191131685544,PERFECT
aging-PERFECT,a781d2546489e692d824d9b320280ae01571da1e18a2fcd6b85d70c19192b086,20260908,0.9.2,937,False,38.90090067572939,ELECTRICAL#15,ELECTRICAL,repair,21.114191131685544,0.0,21.114191131685544,PERFECT
aging-PERFECT,a781d2546489e692d824d9b320280ae01571da1e18a2fcd6b85d70c19192b086,20260908,0.9.2,937,False,59.88037614561003,ELECTRICAL#23,ELECTRICAL,failure,22.88037614561003,22.88037614561003,22.88037614561003,PERFECT
aging-PERFECT,a781d2546489e692d824d9b320280ae01571da1e18a2fcd6b85d70c19192b086,20260908,0.9.2,937,False,61.87949686987139,ELECTRICAL#23,ELECTRICAL,repair,22.88037614561003,0.0,22.88037614561003,PERFECT
aging-PERFECT,a781d2546489e692d824d9b320280ae01571da1e18a2fcd6b85d70c19192b086,20260908,0.9.2,938,False,33.745296480790714,POWERPLANT#9,POWERPLANT,failure,20.745296480790714,20.745296480790714,20.745296480790714,PERFECT
aging-PERFECT,a781d2546489e692d824d9b320280ae01571da1e18a2fcd6b85d70c19192b086,20260908,0.9.2,938,False,37.51826135317833,POWERPLANT#9,POWERPLANT,repair,20.745296480790714,0.0,20.745296480790714,PERFECT
aging-PERFECT,a781d2546489e692d824d9b320280ae01571da1e18a2fcd6b85d70c19192b086,20260908,0.9.2,939,False,59.66614396571064,ELECTRICAL#23,ELECTRICAL,failure,22.66614396571064,22.66614396571064,22.66614396571064,PERFECT
aging-PERFECT,a781d2546489e692d824d9b320280ae01571da1e18a2fcd6b85d70c19192b086,20260908,0.9.2,939,False,60.581121661233134,ELECTRICAL#23,ELECTRICAL,repair,22.66614396571064,0.0,22.66614396571064,PERFECT
aging-PERFECT,a781d2546489e692d824d9b320280ae01571da1e18a2fcd6b85d70c19192b086,20260908,0.9.2,941,False,10.9693513095379,ELECTRICAL#3,ELECTRICAL,failure,21.9693513095379,21.9693513095379,21.9693513095379,PERFECT
aging-PERFECT,a781d2546489e692d824d9b320280ae01571da1e18a2fcd6b85d70c19192b086,20260908,0.9.2,941,False,11.469827814261706,ELECTRICAL#3,ELECTRICAL,repair,21.9693513095379,0.0,21.9693513095379,PERFECT
aging-PERFECT,a781d2546489e692d824d9b320280ae01571da1e18a2fcd6b85d70c19192b086,20260908,0.9.2,941,False,35.91562402686462,AVIONICS#14,AVIONICS,failure,22.91562402686462,22.91562402686462,22.91562402686462,PERFECT
aging-PERFECT,a781d2546489e692d824d9b320280ae01571da1e18a2fcd6b85d70c19192b086,20260908,0.9.2,941,False,38.32413062337063,AVIONICS#14,AVIONICS,repair,22.91562402686462,0.0,22.91562402686462,PERFECT
aging-PERFECT,a781d2546489e692d824d9b320280ae01571da1e18a2fcd6b85d70c19192b086,20260908,0.9.2,942,False,57.08485995371773,AVIONICS#18,AVIONICS,failure,20.084859953717732,20.084859953717732,20.084859953717732,PERFECT
aging-PERFECT,a781d2546489e692d824d9b320280ae01571da1e18a2fcd6b85d70c19192b086,20260908,0.9.2,942,False,58.96297619306452,AVIONICS#18,AVIONICS,repair,20.084859953717732,0.0,20.084859953717732,PERFECT
aging-PERFECT,a781d2546489e692d824d9b320280ae01571da1e18a2fcd6b85d70c19192b086,20260908,0.9.2,944,False,11.02171444707634,ELECTRICAL#3,ELECTRICAL,failure,22.02171444707634,22.02171444707634,22.02171444707634,PERFECT
aging-PERFECT,a781d2546489e692d824d9b320280ae01571da1e18a2fcd6b85d70c19192b086,20260908,0.9.2,944,False,12.800030997292849,ELECTRICAL#3,ELECTRICAL,repair,22.02171444707634,0.0,22.02171444707634,PERFECT
aging-PERFECT,a781d2546489e692d824d9b320280ae01571da1e18a2fcd6b85d70c19192b086,20260908,0.9.2,945,False,33.44143390352052,HYDRAULIC#12,HYDRAULIC,failure,20.44143390352052,20.44143390352052,20.44143390352052,PERFECT
aging-PERFECT,a781d2546489e692d824d9b320280ae01571da1e18a2fcd6b85d70c19192b086,20260908,0.9.2,945,False,35.580441641599755,HYDRAULIC#12,HYDRAULIC,repair,20.44143390352052,0.0,20.44143390352052,PERFECT
aging-PERFECT,a781d2546489e692d824d9b320280ae01571da1e18a2fcd6b85d70c19192b086,20260908,0.9.2,945,False,58.505032967179446,HYDRAULIC#24,HYDRAULIC,failure,21.505032967179446,21.505032967179446,21.505032967179446,PERFECT
aging-PERFECT,a781d2546489e692d824d9b320280ae01571da1e18a2fcd6b85d70c19192b086,20260908,0.9.2,945,False,61.64507450832061,HYDRAULIC#24,HYDRAULIC,repair,21.505032967179446,0.0,21.505032967179446,PERFECT
aging-PERFECT,a781d2546489e692d824d9b320280ae01571da1e18a2fcd6b85d70c19192b086,20260908,0.9.2,946,False,11.106604176174832,AVIONICS#2,AVIONICS,failure,22.106604176174834,22.106604176174834,22.106604176174834,PERFECT
aging-PERFECT,a781d2546489e692d824d9b320280ae01571da1e18a2fcd6b85d70c19192b086,20260908,0.9.2,946,False,13.786165277026054,AVIONICS#2,AVIONICS,repair,22.106604176174834,0.0,22.106604176174834,PERFECT
aging-PERFECT,a781d2546489e692d824d9b320280ae01571da1e18a2fcd6b85d70c19192b086,20260908,0.9.2,946,False,57.87322916610337,HYDRAULIC#20,HYDRAULIC,failure,20.87322916610337,20.87322916610337,20.87322916610337,PERFECT
aging-PERFECT,a781d2546489e692d824d9b320280ae01571da1e18a2fcd6b85d70c19192b086,20260908,0.9.2,946,False,58.63138070184444,HYDRAULIC#20,HYDRAULIC,repair,20.87322916610337,0.0,20.87322916610337,PERFECT
aging-PERFECT,a781d2546489e692d824d9b320280ae01571da1e18a2fcd6b85d70c19192b086,20260908,0.9.2,947,False,11.945547658812798,HYDRAULIC#8,HYDRAULIC,failure,22.9455476588128,22.9455476588128,22.9455476588128,PERFECT
aging-PERFECT,a781d2546489e692d824d9b320280ae01571da1e18a2fcd6b85d70c19192b086,20260908,0.9.2,947,False,15.856411849222516,HYDRAULIC#8,HYDRAULIC,repair,22.9455476588128,0.0,22.9455476588128,PERFECT
aging-PERFECT,a781d2546489e692d824d9b320280ae01571da1e18a2fcd6b85d70c19192b086,20260908,0.9.2,948,False,10.349326458461293,HYDRAULIC#8,HYDRAULIC,failure,21.34932645846129,21.34932645846129,21.34932645846129,PERFECT
aging-PERFECT,a781d2546489e692d824d9b320280ae01571da1e18a2fcd6b85d70c19192b086,20260908,0.9.2,948,False,12.333836854090004,HYDRAULIC#8,HYDRAULIC,repair,21.34932645846129,0.0,21.34932645846129,PERFECT
aging-PERFECT,a781d2546489e692d824d9b320280ae01571da1e18a2fcd6b85d70c19192b086,20260908,0.9.2,948,False,57.96631771471651,POWERPLANT#17,POWERPLANT,failure,20.96631771471651,20.96631771471651,20.96631771471651,PERFECT
aging-PERFECT,a781d2546489e692d824d9b320280ae01571da1e18a2fcd6b85d70c19192b086,20260908,0.9.2,948,False,63.91751753661286,POWERPLANT#17,POWERPLANT,repair,20.96631771471651,0.0,20.96631771471651,PERFECT
aging-PERFECT,a781d2546489e692d824d9b320280ae01571da1e18a2fcd6b85d70c19192b086,20260908,0.9.2,949,False,35.72104185901924,ELECTRICAL#15,ELECTRICAL,failure,22.721041859019238,22.721041859019238,22.721041859019238,PERFECT
aging-PERFECT,a781d2546489e692d824d9b320280ae01571da1e18a2fcd6b85d70c19192b086,20260908,0.9.2,949,False,36.004191742985206,ELECTRICAL#15,ELECTRICAL,repair,22.721041859019238,0.0,22.721041859019238,PERFECT
aging-PERFECT,a781d2546489e692d824d9b320280ae01571da1e18a2fcd6b85d70c19192b086,20260908,0.9.2,950,False,57.851944717315824,ELECTRICAL#23,ELECTRICAL,failure,20.851944717315824,20.851944717315824,20.851944717315824,PERFECT
aging-PERFECT,a781d2546489e692d824d9b320280ae01571da1e18a2fcd6b85d70c19192b086,20260908,0.9.2,950,False,62.341599169704345,ELECTRICAL#23,ELECTRICAL,repair,20.851944717315824,0.0,20.851944717315824,PERFECT
aging-PERFECT,a781d2546489e692d824d9b320280ae01571da1e18a2fcd6b85d70c19192b086,20260908,0.9.2,951,False,33.513975971754775,ELECTRICAL#15,ELECTRICAL,failure,20.513975971754775,20.513975971754775,20.513975971754775,PERFECT
aging-PERFECT,a781d2546489e692d824d9b320280ae01571da1e18a2fcd6b85d70c19192b086,20260908,0.9.2,951,False,36.35646219822437,ELECTRICAL#15,ELECTRICAL,repair,20.513975971754775,0.0,20.513975971754775,PERFECT
aging-PERFECT,a781d2546489e692d824d9b320280ae01571da1e18a2fcd6b85d70c19192b086,20260908,0.9.2,951,False,57.68226793374688,AVIONICS#22,AVIONICS,failure,20.68226793374688,20.68226793374688,20.68226793374688,PERFECT
aging-PERFECT,a781d2546489e692d824d9b320280ae01571da1e18a2fcd6b85d70c19192b086,20260908,0.9.2,951,False,59.54326624154647,AVIONICS#22,AVIONICS,repair,20.68226793374688,0.0,20.68226793374688,PERFECT
aging-PERFECT,a781d2546489e692d824d9b320280ae01571da1e18a2fcd6b85d70c19192b086,20260908,0.9.2,952,False,58.175635607657156,HYDRAULIC#20,HYDRAULIC,failure,21.175635607657156,21.175635607657156,21.175635607657156,PERFECT
aging-PERFECT,a781d2546489e692d824d9b320280ae01571da1e18a2fcd6b85d70c19192b086,20260908,0.9.2,952,False,59.88587788583747,HYDRAULIC#20,HYDRAULIC,repair,21.175635607657156,0.0,21.175635607657156,PERFECT
aging-PERFECT,a781d2546489e692d824d9b320280ae01571da1e18a2fcd6b85d70c19192b086,20260908,0.9.2,953,False,9.633424398681925,HYDRAULIC#4,HYDRAULIC,failure,20.633424398681925,20.633424398681925,20.633424398681925,PERFECT
aging-PERFECT,a781d2546489e692d824d9b320280ae01571da1e18a2fcd6b85d70c19192b086,20260908,0.9.2,953,False,14.929198675755165,HYDRAULIC#4,HYDRAULIC,repair,20.633424398681925,0.0,20.633424398681925,PERFECT
aging-PERFECT,a781d2546489e692d824d9b320280ae01571da1e18a2fcd6b85d70c19192b086,20260908,0.9.2,953,False,33.34866775837754,ELECTRICAL#15,ELECTRICAL,failure,20.348667758377537,20.348667758377537,20.348667758377537,PERFECT
aging-PERFECT,a781d2546489e692d824d9b320280ae01571da1e18a2fcd6b85d70c19192b086,20260908,0.9.2,953,False,34.11156927491981,ELECTRICAL#15,ELECTRICAL,repair,20.348667758377537,0.0,20.348667758377537,PERFECT
aging-PERFECT,a781d2546489e692d824d9b320280ae01571da1e18a2fcd6b85d70c19192b086,20260908,0.9.2,954,False,11.185030520989823,ELECTRICAL#3,ELECTRICAL,failure,22.185030520989823,22.185030520989823,22.185030520989823,PERFECT
aging-PERFECT,a781d2546489e692d824d9b320280ae01571da1e18a2fcd6b85d70c19192b086,20260908,0.9.2,954,False,11.61711828477415,ELECTRICAL#7,ELECTRICAL,failure,22.61711828477415,22.61711828477415,22.61711828477415,PERFECT
aging-PERFECT,a781d2546489e692d824d9b320280ae01571da1e18a2fcd6b85d70c19192b086,20260908,0.9.2,954,False,13.41798213021425,ELECTRICAL#3,ELECTRICAL,repair,22.185030520989823,0.0,22.185030520989823,PERFECT
aging-PERFECT,a781d2546489e692d824d9b320280ae01571da1e18a2fcd6b85d70c19192b086,20260908,0.9.2,954,False,13.719434636148243,ELECTRICAL#7,ELECTRICAL,repair,22.61711828477415,0.0,22.61711828477415,PERFECT
aging-PERFECT,a781d2546489e692d824d9b320280ae01571da1e18a2fcd6b85d70c19192b086,20260908,0.9.2,954,False,34.072098628627195,ELECTRICAL#11,ELECTRICAL,failure,21.072098628627195,21.072098628627195,21.072098628627195,PERFECT
aging-PERFECT,a781d2546489e692d824d9b320280ae01571da1e18a2fcd6b85d70c19192b086,20260908,0.9.2,954,False,38.7902056275341,ELECTRICAL#11,ELECTRICAL,repair,21.072098628627195,0.0,21.072098628627195,PERFECT
aging-PERFECT,a781d2546489e692d824d9b320280ae01571da1e18a2fcd6b85d70c19192b086,20260908,0.9.2,954,False,57.10181703242094,HYDRAULIC#20,HYDRAULIC,failure,20.10181703242094,20.10181703242094,20.10181703242094,PERFECT
aging-PERFECT,a781d2546489e692d824d9b320280ae01571da1e18a2fcd6b85d70c19192b086,20260908,0.9.2,954,False,58.21129527472326,HYDRAULIC#20,HYDRAULIC,repair,20.10181703242094,0.0,20.10181703242094,PERFECT
aging-PERFECT,a781d2546489e692d824d9b320280ae01571da1e18a2fcd6b85d70c19192b086,20260908,0.9.2,958,False,9.016592333805091,ELECTRICAL#7,ELECTRICAL,failure,20.016592333805093,20.016592333805093,20.016592333805093,PERFECT
aging-PERFECT,a781d2546489e692d824d9b320280ae01571da1e18a2fcd6b85d70c19192b086,20260908,0.9.2,958,False,16.643068910915858,ELECTRICAL#7,ELECTRICAL,repair,20.016592333805093,0.0,20.016592333805093,PERFECT
aging-PERFECT,a781d2546489e692d824d9b320280ae01571da1e18a2fcd6b85d70c19192b086,20260908,0.9.2,958,False,33.808594003563286,POWERPLANT#9,POWERPLANT,failure,20.808594003563286,20.808594003563286,20.808594003563286,PERFECT
aging-PERFECT,a781d2546489e692d824d9b320280ae01571da1e18a2fcd6b85d70c19192b086,20260908,0.9.2,958,False,36.13618622443261,POWERPLANT#9,POWERPLANT,repair,20.808594003563286,0.0,20.808594003563286,PERFECT
aging-PERFECT,a781d2546489e692d824d9b320280ae01571da1e18a2fcd6b85d70c19192b086,20260908,0.9.2,958,False,59.369135675157075,AVIONICS#18,AVIONICS,failure,22.369135675157075,22.369135675157075,22.369135675157075,PERFECT
aging-PERFECT,a781d2546489e692d824d9b320280ae01571da1e18a2fcd6b85d70c19192b086,20260908,0.9.2,959,False,34.20818307976366,HYDRAULIC#12,HYDRAULIC,failure,21.208183079763657,21.208183079763657,21.208183079763657,PERFECT
aging-PERFECT,a781d2546489e692d824d9b320280ae01571da1e18a2fcd6b85d70c19192b086,20260908,0.9.2,959,False,34.83849749902127,HYDRAULIC#12,HYDRAULIC,repair,21.208183079763657,0.0,21.208183079763657,PERFECT
aging-PERFECT,a781d2546489e692d824d9b320280ae01571da1e18a2fcd6b85d70c19192b086,20260908,0.9.2,959,False,58.70333323280445,HYDRAULIC#24,HYDRAULIC,failure,21.703333232804447,21.703333232804447,21.703333232804447,PERFECT
aging-PERFECT,a781d2546489e692d824d9b320280ae01571da1e18a2fcd6b85d70c19192b086,20260908,0.9.2,959,False,58.99770793264966,ELECTRICAL#23,ELECTRICAL,failure,21.99770793264966,21.99770793264966,21.99770793264966,PERFECT
aging-PERFECT,a781d2546489e692d824d9b320280ae01571da1e18a2fcd6b85d70c19192b086,20260908,0.9.2,959,False,60.28867803759724,HYDRAULIC#24,HYDRAULIC,repair,21.703333232804447,0.0,21.703333232804447,PERFECT
aging-PERFECT,a781d2546489e692d824d9b320280ae01571da1e18a2fcd6b85d70c19192b086,20260908,0.9.2,959,False,61.028625020258204,ELECTRICAL#23,ELECTRICAL,repair,21.99770793264966,0.0,21.99770793264966,PERFECT
aging-PERFECT,a781d2546489e692d824d9b320280ae01571da1e18a2fcd6b85d70c19192b086,20260908,0.9.2,961,False,11.619013369437898,HYDRAULIC#4,HYDRAULIC,failure,22.619013369437898,22.619013369437898,22.619013369437898,PERFECT
aging-PERFECT,a781d2546489e692d824d9b320280ae01571da1e18a2fcd6b85d70c19192b086,20260908,0.9.2,961,False,13.051179681238951,HYDRAULIC#4,HYDRAULIC,repair,22.619013369437898,0.0,22.619013369437898,PERFECT
aging-PERFECT,a781d2546489e692d824d9b320280ae01571da1e18a2fcd6b85d70c19192b086,20260908,0.9.2,962,False,9.375017698628191,HYDRAULIC#8,HYDRAULIC,failure,20.37501769862819,20.37501769862819,20.37501769862819,PERFECT
aging-PERFECT,a781d2546489e692d824d9b320280ae01571da1e18a2fcd6b85d70c19192b086,20260908,0.9.2,962,False,9.858951284697815,HYDRAULIC#8,HYDRAULIC,repair,20.37501769862819,0.0,20.37501769862819,PERFECT
aging-PERFECT,a781d2546489e692d824d9b320280ae01571da1e18a2fcd6b85d70c19192b086,20260908,0.9.2,962,False,35.24093595881828,POWERPLANT#13,POWERPLANT,failure,22.240935958818277,22.240935958818277,22.240935958818277,PERFECT
aging-PERFECT,a781d2546489e692d824d9b320280ae01571da1e18a2fcd6b85d70c19192b086,20260908,0.9.2,962,False,36.21819808769016,POWERPLANT#13,POWERPLANT,repair,22.240935958818277,0.0,22.240935958818277,PERFECT
aging-PERFECT,a781d2546489e692d824d9b320280ae01571da1e18a2fcd6b85d70c19192b086,20260908,0.9.2,963,False,34.34641137603669,ELECTRICAL#15,ELECTRICAL,failure,21.34641137603669,21.34641137603669,21.34641137603669,PERFECT
aging-PERFECT,a781d2546489e692d824d9b320280ae01571da1e18a2fcd6b85d70c19192b086,20260908,0.9.2,963,False,37.794015165352484,ELECTRICAL#15,ELECTRICAL,repair,21.34641137603669,0.0,21.34641137603669,PERFECT
aging-PERFECT,a781d2546489e692d824d9b320280ae01571da1e18a2fcd6b85d70c19192b086,20260908,0.9.2,963,False,58.15248985809627,POWERPLANT#17,POWERPLANT,failure,21.152489858096267,21.152489858096267,21.152489858096267,PERFECT
aging-PERFECT,a781d2546489e692d824d9b320280ae01571da1e18a2fcd6b85d70c19192b086,20260908,0.9.2,963,False,61.40984726114777,POWERPLANT#17,POWERPLANT,repair,21.152489858096267,0.0,21.152489858096267,PERFECT
aging-PERFECT,a781d2546489e692d824d9b320280ae01571da1e18a2fcd6b85d70c19192b086,20260908,0.9.2,964,False,33.585389552300875,AVIONICS#14,AVIONICS,failure,20.585389552300875,20.585389552300875,20.585389552300875,PERFECT
aging-PERFECT,a781d2546489e692d824d9b320280ae01571da1e18a2fcd6b85d70c19192b086,20260908,0.9.2,964,False,33.70414935891425,ELECTRICAL#11,ELECTRICAL,failure,20.70414935891425,20.70414935891425,20.70414935891425,PERFECT
aging-PERFECT,a781d2546489e692d824d9b320280ae01571da1e18a2fcd6b85d70c19192b086,20260908,0.9.2,964,False,35.08009911898706,ELECTRICAL#11,ELECTRICAL,repair,20.70414935891425,0.0,20.70414935891425,PERFECT
aging-PERFECT,a781d2546489e692d824d9b320280ae01571da1e18a2fcd6b85d70c19192b086,20260908,0.9.2,964,False,37.13523955803966,AVIONICS#14,AVIONICS,repair,20.585389552300875,0.0,20.585389552300875,PERFECT
aging-PERFECT,a781d2546489e692d824d9b320280ae01571da1e18a2fcd6b85d70c19192b086,20260908,0.9.2,965,False,11.723844100330364,POWERPLANT#1,POWERPLANT,failure,22.723844100330364,22.723844100330364,22.723844100330364,PERFECT
aging-PERFECT,a781d2546489e692d824d9b320280ae01571da1e18a2fcd6b85d70c19192b086,20260908,0.9.2,965,False,12.868297168952182,POWERPLANT#1,POWERPLANT,repair,22.723844100330364,0.0,22.723844100330364,PERFECT
aging-PERFECT,a781d2546489e692d824d9b320280ae01571da1e18a2fcd6b85d70c19192b086,20260908,0.9.2,966,False,34.34020259476405,HYDRAULIC#16,HYDRAULIC,failure,21.34020259476405,21.34020259476405,21.34020259476405,PERFECT
aging-PERFECT,a781d2546489e692d824d9b320280ae01571da1e18a2fcd6b85d70c19192b086,20260908,0.9.2,966,False,36.88535657584115,HYDRAULIC#16,HYDRAULIC,repair,21.34020259476405,0.0,21.34020259476405,PERFECT
aging-PERFECT,a781d2546489e692d824d9b320280ae01571da1e18a2fcd6b85d70c19192b086,20260908,0.9.2,966,False,58.92549613333605,ELECTRICAL#19,ELECTRICAL,failure,21.925496133336047,21.925496133336047,21.925496133336047,PERFECT
aging-PERFECT,a781d2546489e692d824d9b320280ae01571da1e18a2fcd6b85d70c19192b086,20260908,0.9.2,966,False,59.49465190024084,ELECTRICAL#19,ELECTRICAL,repair,21.925496133336047,0.0,21.925496133336047,PERFECT
aging-PERFECT,a781d2546489e692d824d9b320280ae01571da1e18a2fcd6b85d70c19192b086,20260908,0.9.2,967,False,33.18733381218279,ELECTRICAL#11,ELECTRICAL,failure,20.187333812182793,20.187333812182793,20.187333812182793,PERFECT
aging-PERFECT,a781d2546489e692d824d9b320280ae01571da1e18a2fcd6b85d70c19192b086,20260908,0.9.2,967,False,35.47843111866921,ELECTRICAL#11,ELECTRICAL,repair,20.187333812182793,0.0,20.187333812182793,PERFECT
aging-PERFECT,a781d2546489e692d824d9b320280ae01571da1e18a2fcd6b85d70c19192b086,20260908,0.9.2,967,False,58.8649456055648,HYDRAULIC#20,HYDRAULIC,failure,21.8649456055648,21.8649456055648,21.8649456055648,PERFECT
aging-PERFECT,a781d2546489e692d824d9b320280ae01571da1e18a2fcd6b85d70c19192b086,20260908,0.9.2,967,False,65.01676668529748,HYDRAULIC#20,HYDRAULIC,repair,21.8649456055648,0.0,21.8649456055648,PERFECT
aging-PERFECT,a781d2546489e692d824d9b320280ae01571da1e18a2fcd6b85d70c19192b086,20260908,0.9.2,968,False,9.11642914265751,HYDRAULIC#4,HYDRAULIC,failure,20.11642914265751,20.11642914265751,20.11642914265751,PERFECT
aging-PERFECT,a781d2546489e692d824d9b320280ae01571da1e18a2fcd6b85d70c19192b086,20260908,0.9.2,968,False,10.195299348425664,HYDRAULIC#4,HYDRAULIC,repair,20.11642914265751,0.0,20.11642914265751,PERFECT
aging-PERFECT,a781d2546489e692d824d9b320280ae01571da1e18a2fcd6b85d70c19192b086,20260908,0.9.2,969,False,9.40261242208192,POWERPLANT#5,POWERPLANT,failure,20.40261242208192,20.40261242208192,20.40261242208192,PERFECT
aging-PERFECT,a781d2546489e692d824d9b320280ae01571da1e18a2fcd6b85d70c19192b086,20260908,0.9.2,969,False,17.177255217271433,POWERPLANT#5,POWERPLANT,repair,20.40261242208192,0.0,20.40261242208192,PERFECT
aging-PERFECT,a781d2546489e692d824d9b320280ae01571da1e18a2fcd6b85d70c19192b086,20260908,0.9.2,970,False,9.002546504332186,ELECTRICAL#3,ELECTRICAL,failure,20.002546504332187,20.002546504332187,20.002546504332187,PERFECT
aging-PERFECT,a781d2546489e692d824d9b320280ae01571da1e18a2fcd6b85d70c19192b086,20260908,0.9.2,970,False,9.896483319384798,ELECTRICAL#3,ELECTRICAL,repair,20.002546504332187,0.0,20.002546504332187,PERFECT
aging-PERFECT,a781d2546489e692d824d9b320280ae01571da1e18a2fcd6b85d70c19192b086,20260908,0.9.2,970,False,33.50304117544165,ELECTRICAL#11,ELECTRICAL,failure,20.503041175441652,20.503041175441652,20.503041175441652,PERFECT
aging-PERFECT,a781d2546489e692d824d9b320280ae01571da1e18a2fcd6b85d70c19192b086,20260908,0.9.2,970,False,34.16567853558382,ELECTRICAL#11,ELECTRICAL,repair,20.503041175441652,0.0,20.503041175441652,PERFECT
aging-PERFECT,a781d2546489e692d824d9b320280ae01571da1e18a2fcd6b85d70c19192b086,20260908,0.9.2,970,False,58.13440618105305,AVIONICS#18,AVIONICS,failure,21.134406181053052,21.134406181053052,21.134406181053052,PERFECT
aging-PERFECT,a781d2546489e692d824d9b320280ae01571da1e18a2fcd6b85d70c19192b086,20260908,0.9.2,970,False,58.94750578296939,AVIONICS#18,AVIONICS,repair,21.134406181053052,0.0,21.134406181053052,PERFECT
aging-PERFECT,a781d2546489e692d824d9b320280ae01571da1e18a2fcd6b85d70c19192b086,20260908,0.9.2,971,False,59.92047502035659,ELECTRICAL#23,ELECTRICAL,failure,22.92047502035659,22.92047502035659,22.92047502035659,PERFECT
aging-PERFECT,a781d2546489e692d824d9b320280ae01571da1e18a2fcd6b85d70c19192b086,20260908,0.9.2,971,False,64.54254320044751,ELECTRICAL#23,ELECTRICAL,repair,22.92047502035659,0.0,22.92047502035659,PERFECT
aging-PERFECT,a781d2546489e692d824d9b320280ae01571da1e18a2fcd6b85d70c19192b086,20260908,0.9.2,972,False,9.184000683991535,HYDRAULIC#8,HYDRAULIC,failure,20.184000683991535,20.184000683991535,20.184000683991535,PERFECT
aging-PERFECT,a781d2546489e692d824d9b320280ae01571da1e18a2fcd6b85d70c19192b086,20260908,0.9.2,972,False,12.511899710040323,HYDRAULIC#8,HYDRAULIC,repair,20.184000683991535,0.0,20.184000683991535,PERFECT
aging-PERFECT,a781d2546489e692d824d9b320280ae01571da1e18a2fcd6b85d70c19192b086,20260908,0.9.2,973,False,9.018000926663392,POWERPLANT#5,POWERPLANT,failure,20.01800092666339,20.01800092666339,20.01800092666339,PERFECT
aging-PERFECT,a781d2546489e692d824d9b320280ae01571da1e18a2fcd6b85d70c19192b086,20260908,0.9.2,973,False,9.127474031846038,POWERPLANT#5,POWERPLANT,repair,20.01800092666339,0.0,20.01800092666339,PERFECT
aging-PERFECT,a781d2546489e692d824d9b320280ae01571da1e18a2fcd6b85d70c19192b086,20260908,0.9.2,973,False,33.78479013352092,HYDRAULIC#12,HYDRAULIC,failure,20.78479013352092,20.78479013352092,20.78479013352092,PERFECT
aging-PERFECT,a781d2546489e692d824d9b320280ae01571da1e18a2fcd6b85d70c19192b086,20260908,0.9.2,973,False,35.40325625050294,HYDRAULIC#12,HYDRAULIC,repair,20.78479013352092,0.0,20.78479013352092,PERFECT
aging-PERFECT,a781d2546489e692d824d9b320280ae01571da1e18a2fcd6b85d70c19192b086,20260908,0.9.2,973,False,59.31134409380853,AVIONICS#22,AVIONICS,failure,22.31134409380853,22.31134409380853,22.31134409380853,PERFECT
aging-PERFECT,a781d2546489e692d824d9b320280ae01571da1e18a2fcd6b85d70c19192b086,20260908,0.9.2,973,False,61.678793477201644,AVIONICS#22,AVIONICS,repair,22.31134409380853,0.0,22.31134409380853,PERFECT
aging-PERFECT,a781d2546489e692d824d9b320280ae01571da1e18a2fcd6b85d70c19192b086,20260908,0.9.2,975,False,11.472722142640475,ELECTRICAL#7,ELECTRICAL,failure,22.472722142640475,22.472722142640475,22.472722142640475,PERFECT
aging-PERFECT,a781d2546489e692d824d9b320280ae01571da1e18a2fcd6b85d70c19192b086,20260908,0.9.2,975,False,12.781267225324523,ELECTRICAL#7,ELECTRICAL,repair,22.472722142640475,0.0,22.472722142640475,PERFECT
aging-PERFECT,a781d2546489e692d824d9b320280ae01571da1e18a2fcd6b85d70c19192b086,20260908,0.9.2,975,False,33.10284602570304,AVIONICS#10,AVIONICS,failure,20.102846025703037,20.102846025703037,20.102846025703037,PERFECT
aging-PERFECT,a781d2546489e692d824d9b320280ae01571da1e18a2fcd6b85d70c19192b086,20260908,0.9.2,975,False,33.49033690670057,AVIONICS#10,AVIONICS,repair,20.102846025703037,0.0,20.102846025703037,PERFECT
aging-PERFECT,a781d2546489e692d824d9b320280ae01571da1e18a2fcd6b85d70c19192b086,20260908,0.9.2,976,False,34.38153089530946,HYDRAULIC#16,HYDRAULIC,failure,21.38153089530946,21.38153089530946,21.38153089530946,PERFECT
aging-PERFECT,a781d2546489e692d824d9b320280ae01571da1e18a2fcd6b85d70c19192b086,20260908,0.9.2,976,False,37.580546049156816,HYDRAULIC#16,HYDRAULIC,repair,21.38153089530946,0.0,21.38153089530946,PERFECT
aging-PERFECT,a781d2546489e692d824d9b320280ae01571da1e18a2fcd6b85d70c19192b086,20260908,0.9.2,977,False,11.010589857242403,HYDRAULIC#8,HYDRAULIC,failure,22.0105898572424,22.0105898572424,22.0105898572424,PERFECT
aging-PERFECT,a781d2546489e692d824d9b320280ae01571da1e18a2fcd6b85d70c19192b086,20260908,0.9.2,977,False,13.634911487690115,HYDRAULIC#8,HYDRAULIC,repair,22.0105898572424,0.0,22.0105898572424,PERFECT
aging-PERFECT,a781d2546489e692d824d9b320280ae01571da1e18a2fcd6b85d70c19192b086,20260908,0.9.2,977,False,59.1791186818032,ELECTRICAL#23,ELECTRICAL,failure,22.179118681803203,22.179118681803203,22.179118681803203,PERFECT
aging-PERFECT,a781d2546489e692d824d9b320280ae01571da1e18a2fcd6b85d70c19192b086,20260908,0.9.2,977,False,59.696148457579994,ELECTRICAL#23,ELECTRICAL,repair,22.179118681803203,0.0,22.179118681803203,PERFECT
aging-PERFECT,a781d2546489e692d824d9b320280ae01571da1e18a2fcd6b85d70c19192b086,20260908,0.9.2,978,False,57.871841711527765,ELECTRICAL#19,ELECTRICAL,failure,20.871841711527765,20.871841711527765,20.871841711527765,PERFECT
aging-PERFECT,a781d2546489e692d824d9b320280ae01571da1e18a2fcd6b85d70c19192b086,20260908,0.9.2,978,False,60.07894926404782,ELECTRICAL#19,ELECTRICAL,repair,20.871841711527765,0.0,20.871841711527765,PERFECT
aging-PERFECT,a781d2546489e692d824d9b320280ae01571da1e18a2fcd6b85d70c19192b086,20260908,0.9.2,979,False,9.828708188624434,ELECTRICAL#7,ELECTRICAL,failure,20.828708188624432,20.828708188624432,20.828708188624432,PERFECT
aging-PERFECT,a781d2546489e692d824d9b320280ae01571da1e18a2fcd6b85d70c19192b086,20260908,0.9.2,979,False,10.315266314213018,POWERPLANT#1,POWERPLANT,failure,21.31526631421302,21.31526631421302,21.31526631421302,PERFECT
aging-PERFECT,a781d2546489e692d824d9b320280ae01571da1e18a2fcd6b85d70c19192b086,20260908,0.9.2,979,False,12.397124237406569,POWERPLANT#1,POWERPLANT,repair,21.31526631421302,0.0,21.31526631421302,PERFECT
aging-PERFECT,a781d2546489e692d824d9b320280ae01571da1e18a2fcd6b85d70c19192b086,20260908,0.9.2,979,False,12.457110221433172,ELECTRICAL#7,ELECTRICAL,repair,20.828708188624432,0.0,20.828708188624432,PERFECT
aging-PERFECT,a781d2546489e692d824d9b320280ae01571da1e18a2fcd6b85d70c19192b086,20260908,0.9.2,980,False,10.076830634603102,POWERPLANT#1,POWERPLANT,failure,21.076830634603102,21.076830634603102,21.076830634603102,PERFECT
aging-PERFECT,a781d2546489e692d824d9b320280ae01571da1e18a2fcd6b85d70c19192b086,20260908,0.9.2,980,False,12.146923375358542,POWERPLANT#1,POWERPLANT,repair,21.076830634603102,0.0,21.076830634603102,PERFECT
aging-PERFECT,a781d2546489e692d824d9b320280ae01571da1e18a2fcd6b85d70c19192b086,20260908,0.9.2,980,False,57.727231068053996,AVIONICS#18,AVIONICS,failure,20.727231068053996,20.727231068053996,20.727231068053996,PERFECT
aging-PERFECT,a781d2546489e692d824d9b320280ae01571da1e18a2fcd6b85d70c19192b086,20260908,0.9.2,980,False,61.8441472706482,AVIONICS#18,AVIONICS,repair,20.727231068053996,0.0,20.727231068053996,PERFECT
aging-PERFECT,a781d2546489e692d824d9b320280ae01571da1e18a2fcd6b85d70c19192b086,20260908,0.9.2,981,False,35.2529683224465,ELECTRICAL#11,ELECTRICAL,failure,22.2529683224465,22.2529683224465,22.2529683224465,PERFECT
aging-PERFECT,a781d2546489e692d824d9b320280ae01571da1e18a2fcd6b85d70c19192b086,20260908,0.9.2,981,False,37.75326961802751,ELECTRICAL#11,ELECTRICAL,repair,22.2529683224465,0.0,22.2529683224465,PERFECT
aging-PERFECT,a781d2546489e692d824d9b320280ae01571da1e18a2fcd6b85d70c19192b086,20260908,0.9.2,982,False,11.19505064060289,HYDRAULIC#4,HYDRAULIC,failure,22.19505064060289,22.19505064060289,22.19505064060289,PERFECT
aging-PERFECT,a781d2546489e692d824d9b320280ae01571da1e18a2fcd6b85d70c19192b086,20260908,0.9.2,982,False,11.288311346212001,ELECTRICAL#7,ELECTRICAL,failure,22.288311346212,22.288311346212,22.288311346212,PERFECT
aging-PERFECT,a781d2546489e692d824d9b320280ae01571da1e18a2fcd6b85d70c19192b086,20260908,0.9.2,982,False,11.93501412093265,ELECTRICAL#7,ELECTRICAL,repair,22.288311346212,0.0,22.288311346212,PERFECT
aging-PERFECT,a781d2546489e692d824d9b320280ae01571da1e18a2fcd6b85d70c19192b086,20260908,0.9.2,982,False,19.29605205159962,HYDRAULIC#4,HYDRAULIC,repair,22.19505064060289,0.0,22.19505064060289,PERFECT
aging-PERFECT,a781d2546489e692d824d9b320280ae01571da1e18a2fcd6b85d70c19192b086,20260908,0.9.2,983,False,33.957572585160555,HYDRAULIC#12,HYDRAULIC,failure,20.957572585160555,20.957572585160555,20.957572585160555,PERFECT
aging-PERFECT,a781d2546489e692d824d9b320280ae01571da1e18a2fcd6b85d70c19192b086,20260908,0.9.2,983,False,35.74659235878416,HYDRAULIC#12,HYDRAULIC,repair,20.957572585160555,0.0,20.957572585160555,PERFECT
aging-PERFECT,a781d2546489e692d824d9b320280ae01571da1e18a2fcd6b85d70c19192b086,20260908,0.9.2,983,False,58.38566049669625,POWERPLANT#17,POWERPLANT,failure,21.385660496696246,21.385660496696246,21.385660496696246,PERFECT
aging-PERFECT,a781d2546489e692d824d9b320280ae01571da1e18a2fcd6b85d70c19192b086,20260908,0.9.2,983,False,59.104428597107244,POWERPLANT#17,POWERPLANT,repair,21.385660496696246,0.0,21.385660496696246,PERFECT
aging-PERFECT,a781d2546489e692d824d9b320280ae01571da1e18a2fcd6b85d70c19192b086,20260908,0.9.2,984,False,33.92162079211847,POWERPLANT#13,POWERPLANT,failure,20.921620792118468,20.921620792118468,20.921620792118468,PERFECT
aging-PERFECT,a781d2546489e692d824d9b320280ae01571da1e18a2fcd6b85d70c19192b086,20260908,0.9.2,984,False,35.09833165177744,POWERPLANT#13,POWERPLANT,repair,20.921620792118468,0.0,20.921620792118468,PERFECT
aging-PERFECT,a781d2546489e692d824d9b320280ae01571da1e18a2fcd6b85d70c19192b086,20260908,0.9.2,984,False,59.258132482166474,AVIONICS#18,AVIONICS,failure,22.258132482166474,22.258132482166474,22.258132482166474,PERFECT
aging-PERFECT,a781d2546489e692d824d9b320280ae01571da1e18a2fcd6b85d70c19192b086,20260908,0.9.2,984,False,65.39500250765137,AVIONICS#18,AVIONICS,repair,22.258132482166474,0.0,22.258132482166474,PERFECT
aging-PERFECT,a781d2546489e692d824d9b320280ae01571da1e18a2fcd6b85d70c19192b086,20260908,0.9.2,985,False,34.29761201177786,ELECTRICAL#15,ELECTRICAL,failure,21.297612011777858,21.297612011777858,21.297612011777858,PERFECT
aging-PERFECT,a781d2546489e692d824d9b320280ae01571da1e18a2fcd6b85d70c19192b086,20260908,0.9.2,985,False,35.06582192463769,ELECTRICAL#15,ELECTRICAL,repair,21.297612011777858,0.0,21.297612011777858,PERFECT
aging-PERFECT,a781d2546489e692d824d9b320280ae01571da1e18a2fcd6b85d70c19192b086,20260908,0.9.2,986,False,33.463241528720815,POWERPLANT#9,POWERPLANT,failure,20.463241528720815,20.463241528720815,20.463241528720815,PERFECT
aging-PERFECT,a781d2546489e692d824d9b320280ae01571da1e18a2fcd6b85d70c19192b086,20260908,0.9.2,986,False,34.993813466464644,POWERPLANT#9,POWERPLANT,repair,20.463241528720815,0.0,20.463241528720815,PERFECT
aging-PERFECT,a781d2546489e692d824d9b320280ae01571da1e18a2fcd6b85d70c19192b086,20260908,0.9.2,987,False,11.011903026223873,HYDRAULIC#4,HYDRAULIC,failure,22.011903026223873,22.011903026223873,22.011903026223873,PERFECT
aging-PERFECT,a781d2546489e692d824d9b320280ae01571da1e18a2fcd6b85d70c19192b086,20260908,0.9.2,987,False,18.15827204138751,HYDRAULIC#4,HYDRAULIC,repair,22.011903026223873,0.0,22.011903026223873,PERFECT
aging-PERFECT,a781d2546489e692d824d9b320280ae01571da1e18a2fcd6b85d70c19192b086,20260908,0.9.2,987,False,59.23163710718633,AVIONICS#18,AVIONICS,failure,22.23163710718633,22.23163710718633,22.23163710718633,PERFECT
aging-PERFECT,a781d2546489e692d824d9b320280ae01571da1e18a2fcd6b85d70c19192b086,20260908,0.9.2,987,False,60.165223097837284,AVIONICS#18,AVIONICS,repair,22.23163710718633,0.0,22.23163710718633,PERFECT
aging-PERFECT,a781d2546489e692d824d9b320280ae01571da1e18a2fcd6b85d70c19192b086,20260908,0.9.2,989,False,9.953536579328697,POWERPLANT#5,POWERPLANT,failure,20.9535365793287,20.9535365793287,20.9535365793287,PERFECT
aging-PERFECT,a781d2546489e692d824d9b320280ae01571da1e18a2fcd6b85d70c19192b086,20260908,0.9.2,989,False,11.329404979991157,POWERPLANT#5,POWERPLANT,repair,20.9535365793287,0.0,20.9535365793287,PERFECT
aging-PERFECT,a781d2546489e692d824d9b320280ae01571da1e18a2fcd6b85d70c19192b086,20260908,0.9.2,990,False,59.11399072338951,POWERPLANT#21,POWERPLANT,failure,22.113990723389513,22.113990723389513,22.113990723389513,PERFECT
aging-PERFECT,a781d2546489e692d824d9b320280ae01571da1e18a2fcd6b85d70c19192b086,20260908,0.9.2,990,False,60.24107253129523,POWERPLANT#21,POWERPLANT,repair,22.113990723389513,0.0,22.113990723389513,PERFECT
aging-PERFECT,a781d2546489e692d824d9b320280ae01571da1e18a2fcd6b85d70c19192b086,20260908,0.9.2,991,False,11.905263200141555,ELECTRICAL#7,ELECTRICAL,failure,22.905263200141555,22.905263200141555,22.905263200141555,PERFECT
aging-PERFECT,a781d2546489e692d824d9b320280ae01571da1e18a2fcd6b85d70c19192b086,20260908,0.9.2,991,False,13.380148008898708,ELECTRICAL#7,ELECTRICAL,repair,22.905263200141555,0.0,22.905263200141555,PERFECT
aging-PERFECT,a781d2546489e692d824d9b320280ae01571da1e18a2fcd6b85d70c19192b086,20260908,0.9.2,991,False,35.661763938653635,HYDRAULIC#12,HYDRAULIC,failure,22.661763938653635,22.661763938653635,22.661763938653635,PERFECT
aging-PERFECT,a781d2546489e692d824d9b320280ae01571da1e18a2fcd6b85d70c19192b086,20260908,0.9.2,991,False,36.56020053567405,HYDRAULIC#12,HYDRAULIC,repair,22.661763938653635,0.0,22.661763938653635,PERFECT
aging-PERFECT,a781d2546489e692d824d9b320280ae01571da1e18a2fcd6b85d70c19192b086,20260908,0.9.2,992,False,34.26301948446018,POWERPLANT#13,POWERPLANT,failure,21.26301948446018,21.26301948446018,21.26301948446018,PERFECT
aging-PERFECT,a781d2546489e692d824d9b320280ae01571da1e18a2fcd6b85d70c19192b086,20260908,0.9.2,992,False,34.87006921884779,POWERPLANT#13,POWERPLANT,repair,21.26301948446018,0.0,21.26301948446018,PERFECT
aging-PERFECT,a781d2546489e692d824d9b320280ae01571da1e18a2fcd6b85d70c19192b086,20260908,0.9.2,992,False,59.50519542175071,ELECTRICAL#23,ELECTRICAL,failure,22.505195421750713,22.505195421750713,22.505195421750713,PERFECT
aging-PERFECT,a781d2546489e692d824d9b320280ae01571da1e18a2fcd6b85d70c19192b086,20260908,0.9.2,992,False,60.06642872561411,ELECTRICAL#23,ELECTRICAL,repair,22.505195421750713,0.0,22.505195421750713,PERFECT
aging-PERFECT,a781d2546489e692d824d9b320280ae01571da1e18a2fcd6b85d70c19192b086,20260908,0.9.2,993,False,33.36339089729458,AVIONICS#14,AVIONICS,failure,20.36339089729458,20.36339089729458,20.36339089729458,PERFECT
aging-PERFECT,a781d2546489e692d824d9b320280ae01571da1e18a2fcd6b85d70c19192b086,20260908,0.9.2,993,False,34.546189046424004,AVIONICS#14,AVIONICS,repair,20.36339089729458,0.0,20.36339089729458,PERFECT
aging-PERFECT,a781d2546489e692d824d9b320280ae01571da1e18a2fcd6b85d70c19192b086,20260908,0.9.2,994,False,10.492387338916936,HYDRAULIC#8,HYDRAULIC,failure,21.492387338916934,21.492387338916934,21.492387338916934,PERFECT
aging-PERFECT,a781d2546489e692d824d9b320280ae01571da1e18a2fcd6b85d70c19192b086,20260908,0.9.2,994,False,15.391324120290474,HYDRAULIC#8,HYDRAULIC,repair,21.492387338916934,0.0,21.492387338916934,PERFECT
aging-PERFECT,a781d2546489e692d824d9b320280ae01571da1e18a2fcd6b85d70c19192b086,20260908,0.9.2,994,False,58.624659515703705,HYDRAULIC#20,HYDRAULIC,failure,21.624659515703705,21.624659515703705,21.624659515703705,PERFECT
aging-PERFECT,a781d2546489e692d824d9b320280ae01571da1e18a2fcd6b85d70c19192b086,20260908,0.9.2,994,False,64.1535922777985,HYDRAULIC#20,HYDRAULIC,repair,21.624659515703705,0.0,21.624659515703705,PERFECT
aging-PERFECT,a781d2546489e692d824d9b320280ae01571da1e18a2fcd6b85d70c19192b086,20260908,0.9.2,995,False,10.81693192493406,AVIONICS#6,AVIONICS,failure,21.81693192493406,21.81693192493406,21.81693192493406,PERFECT
aging-PERFECT,a781d2546489e692d824d9b320280ae01571da1e18a2fcd6b85d70c19192b086,20260908,0.9.2,995,False,13.266775616868646,AVIONICS#6,AVIONICS,repair,21.81693192493406,0.0,21.81693192493406,PERFECT
aging-PERFECT,a781d2546489e692d824d9b320280ae01571da1e18a2fcd6b85d70c19192b086,20260908,0.9.2,995,False,57.42560562881286,POWERPLANT#21,POWERPLANT,failure,20.42560562881286,20.42560562881286,20.42560562881286,PERFECT
aging-PERFECT,a781d2546489e692d824d9b320280ae01571da1e18a2fcd6b85d70c19192b086,20260908,0.9.2,995,False,58.04282635498136,POWERPLANT#21,POWERPLANT,repair,20.42560562881286,0.0,20.42560562881286,PERFECT
aging-PERFECT,a781d2546489e692d824d9b320280ae01571da1e18a2fcd6b85d70c19192b086,20260908,0.9.2,996,False,33.21996024928592,POWERPLANT#9,POWERPLANT,failure,20.21996024928592,20.21996024928592,20.21996024928592,PERFECT
aging-PERFECT,a781d2546489e692d824d9b320280ae01571da1e18a2fcd6b85d70c19192b086,20260908,0.9.2,996,False,34.113252319993244,POWERPLANT#9,POWERPLANT,repair,20.21996024928592,0.0,20.21996024928592,PERFECT
aging-PERFECT,a781d2546489e692d824d9b320280ae01571da1e18a2fcd6b85d70c19192b086,20260908,0.9.2,998,False,9.955328953898153,ELECTRICAL#3,ELECTRICAL,failure,20.955328953898153,20.955328953898153,20.955328953898153,PERFECT
aging-PERFECT,a781d2546489e692d824d9b320280ae01571da1e18a2fcd6b85d70c19192b086,20260908,0.9.2,998,False,12.065132991051268,ELECTRICAL#3,ELECTRICAL,repair,20.955328953898153,0.0,20.955328953898153,PERFECT
aging-PERFECT,a781d2546489e692d824d9b320280ae01571da1e18a2fcd6b85d70c19192b086,20260908,0.9.2,998,False,59.060678628175914,HYDRAULIC#20,HYDRAULIC,failure,22.060678628175914,22.060678628175914,22.060678628175914,PERFECT
aging-PERFECT,a781d2546489e692d824d9b320280ae01571da1e18a2fcd6b85d70c19192b086,20260908,0.9.2,998,False,60.71166882002533,HYDRAULIC#20,HYDRAULIC,repair,22.060678628175914,0.0,22.060678628175914,PERFECT
aging-PERFECT,a781d2546489e692d824d9b320280ae01571da1e18a2fcd6b85d70c19192b086,20260908,0.9.2,1000,False,33.22742115938482,POWERPLANT#9,POWERPLANT,failure,20.227421159384818,20.227421159384818,20.227421159384818,PERFECT
aging-PERFECT,a781d2546489e692d824d9b320280ae01571da1e18a2fcd6b85d70c19192b086,20260908,0.9.2,1000,False,35.272078426808974,POWERPLANT#9,POWERPLANT,repair,20.227421159384818,0.0,20.227421159384818,PERFECT
aging-PERFECT,a781d2546489e692d824d9b320280ae01571da1e18a2fcd6b85d70c19192b086,20260908,0.9.2,1000,False,59.87842032798196,AVIONICS#18,AVIONICS,failure,22.878420327981956,22.878420327981956,22.878420327981956,PERFECT
aging-PERFECT,a781d2546489e692d824d9b320280ae01571da1e18a2fcd6b85d70c19192b086,20260908,0.9.2,1000,False,62.98100588038068,AVIONICS#18,AVIONICS,repair,22.878420327981956,0.0,22.878420327981956,PERFECT
